episode,timestep,reward,steps,visibility_pct,mean_centering_dist,mean_fraction,mean_action_mag,mean_action_jerk,r_stability,r_centering,r_scale,r_vel_damp,r_smooth,phase,target_speed,target_offset,init_pos,init_vel,init_ang
1,112,-288.47,112,64.3,0.4213,0.2555,0.5092,0.6638,0.5688,1.064,0.5362,0.2224,-0.7859,A,0.053,0.000-0.118,0.2,0.1,0.03
2,242,-476.37,130,66.2,0.708,0.1627,0.5038,0.6742,0.4695,0.3385,0.4212,0.1527,-0.8123,A,0.0894,0.000-0.118,0.2,0.1,0.03
3,300,-189.37,58,56.9,0.5771,0.1928,0.5066,0.6986,0.4736,0.7909,0.3971,0.2683,-0.8321,A,0.0631,0.000-0.118,0.2,0.1,0.03
4,366,-231.58,66,57.6,0.6037,0.162,0.5093,0.6856,0.5774,0.4868,0.393,0.2745,-0.8478,A,0.0681,0.000-0.118,0.2,0.1,0.03
5,455,-307.06,89,40.4,0.5357,0.2181,0.4911,0.6665,0.3617,0.6182,0.3127,0.2268,-0.7854,A,0.0668,0.000-0.118,0.201,0.1,0.03
6,548,-307.2,93,46.2,0.4923,0.2078,0.5032,0.6744,0.5743,0.7056,0.3449,0.2296,-0.8168,A,0.0822,0.000-0.118,0.201,0.1,0.03
7,599,-177.41,51,41.2,0.4775,0.2072,0.5138,0.6538,0.426,0.5939,0.3166,0.2942,-0.7642,A,0.0907,0.000-0.118,0.201,0.1,0.03
8,663,-203.28,64,53.1,0.5632,0.2303,0.4831,0.6707,0.5079,0.5001,0.451,0.2852,-0.7774,A,0.099,0.000-0.118,0.201,0.1,0.03
9,722,-129.98,59,52.5,0.4305,0.2273,0.4855,0.5896,0.4419,0.9665,0.4269,0.2792,-0.6397,A,0.0623,0.000-0.118,0.201,0.1,0.03
10,839,-432.56,117,56.4,0.5196,0.205,0.5226,0.7428,0.6306,0.7648,0.425,0.2551,-0.9618,A,0.0699,0.000-0.118,0.201,0.101,0.03
11,932,-361.03,93,29.0,0.6854,0.19,0.4969,0.6328,0.3528,0.2509,0.2003,0.1716,-0.7401,A,0.0869,0.000-0.118,0.201,0.101,0.03
12,1001,-217.56,69,40.6,0.4217,0.2,0.491,0.6405,0.4651,0.7806,0.3043,0.2379,-0.7643,A,0.0625,0.000-0.118,0.201,0.101,0.03
13,1060,-177.18,59,49.2,0.6205,0.1901,0.4735,0.6317,0.5244,0.3263,0.3796,0.3059,-0.7062,A,0.0604,0.000-0.118,0.201,0.101,0.03
14,1167,-492.05,107,21.5,0.4724,0.2243,0.5093,0.6775,0.2753,0.3389,0.1719,0.1311,-0.8154,A,0.0666,0.000-0.118,0.201,0.101,0.03
15,1267,-254.69,100,94.0,0.6294,0.2104,0.47,0.6543,0.4782,0.778,0.6907,0.2006,-0.7524,A,0.0941,0.000-0.118,0.202,0.101,0.03
16,1393,-517.55,126,23.8,0.4292,0.2173,0.5059,0.6463,0.3076,0.4484,0.1875,0.165,-0.7528,A,0.0527,0.000-0.118,0.202,0.101,0.03
17,1556,-697.65,163,30.1,0.5146,0.2387,0.5011,0.6718,0.3961,0.3766,0.2593,0.1452,-0.8067,A,0.0729,0.000-0.118,0.202,0.101,0.03
18,1622,-246.4,66,39.4,0.6253,0.2222,0.4847,0.6785,0.4061,0.2977,0.3061,0.2333,-0.7795,A,0.0634,0.000-0.118,0.202,0.101,0.03
19,1700,-241.43,78,71.8,0.6962,0.1637,0.4886,0.6768,0.5035,0.6509,0.4261,0.2563,-0.8052,A,0.0698,0.000-0.118,0.202,0.101,0.03
20,1768,-263.21,68,44.1,0.5653,0.2091,0.4972,0.7163,0.4426,0.5982,0.3351,0.2545,-0.8898,A,0.0964,0.000-0.118,0.202,0.101,0.03
21,1838,-198.74,70,51.4,0.5,0.2094,0.4845,0.6409,0.4725,0.6888,0.4027,0.2748,-0.735,A,0.0652,0.000-0.118,0.202,0.101,0.03
22,1923,-329.23,85,35.3,0.3966,0.2075,0.523,0.7051,0.4616,0.7317,0.2642,0.2438,-0.8782,A,0.096,0.000-0.118,0.202,0.101,0.03
23,2023,-278.39,100,74.0,0.5745,0.1635,0.4998,0.6679,0.6187,0.6651,0.4817,0.2733,-0.7914,A,0.0541,0.000-0.118,0.203,0.101,0.031
24,2108,-327.87,85,48.2,0.8091,0.1608,0.4882,0.6639,0.3746,0.3073,0.2791,0.1813,-0.7882,A,0.0698,0.000-0.118,0.203,0.101,0.031
25,2193,-248.69,85,43.5,0.4273,0.2239,0.4993,0.6534,0.4398,0.8632,0.3529,0.2263,-0.739,A,0.0887,0.000-0.118,0.203,0.101,0.031
26,2317,-473.17,124,35.5,0.598,0.182,0.4952,0.6627,0.4784,0.5105,0.2376,0.1454,-0.7864,A,0.0862,0.000-0.118,0.203,0.101,0.031
27,2432,-397.07,115,67.8,0.7141,0.1431,0.5006,0.6691,0.5945,0.2822,0.4241,0.1715,-0.8132,A,0.0864,0.000-0.118,0.203,0.102,0.031
28,2508,-228.11,76,61.8,0.5674,0.2182,0.5125,0.6731,0.5074,0.756,0.4551,0.2716,-0.8074,A,0.0591,0.000-0.118,0.203,0.102,0.031
29,2621,-301.74,113,70.8,0.4498,0.2597,0.5067,0.6867,0.6724,1.0056,0.6189,0.2561,-0.8466,A,0.0742,0.000-0.118,0.203,0.102,0.031
30,2733,-173.09,112,78.6,0.3961,0.2367,0.4909,0.6747,0.7499,1.4912,0.695,0.3663,-0.7882,A,0.0531,0.000-0.118,0.203,0.102,0.031
31,2783,-129.28,50,52.0,0.4179,0.2343,0.4848,0.6364,0.4345,1.0655,0.4438,0.281,-0.7243,A,0.0591,0.000-0.118,0.203,0.102,0.031
32,2881,-323.26,98,92.9,0.65,0.1316,0.522,0.6474,0.4418,0.5857,0.4846,0.1646,-0.7741,A,0.0755,0.000-0.118,0.204,0.102,0.031
33,2996,-268.48,115,64.3,0.5344,0.2343,0.4782,0.6423,0.6203,0.7696,0.5009,0.3133,-0.7189,A,0.0955,0.000-0.118,0.204,0.102,0.031
34,3078,-205.46,82,51.2,0.398,0.2287,0.4999,0.6584,0.5131,1.1491,0.4036,0.3169,-0.7764,A,0.0785,0.000-0.118,0.204,0.102,0.031
35,3149,-253.08,71,46.5,0.636,0.1813,0.4746,0.6786,0.5512,0.2695,0.3541,0.3005,-0.8005,A,0.0813,0.000-0.118,0.204,0.102,0.031
36,3294,-489.66,145,49.7,0.5655,0.1973,0.4996,0.6309,0.4687,0.5922,0.3654,0.1333,-0.7242,A,0.0969,0.000-0.118,0.204,0.102,0.031
37,3368,-268.84,74,45.9,0.6442,0.1862,0.5007,0.6658,0.4977,0.3926,0.3239,0.2756,-0.8075,A,0.0683,0.000-0.118,0.204,0.102,0.031
38,3430,-159.1,62,61.3,0.4165,0.2272,0.5145,0.6915,0.4999,1.2743,0.4575,0.3466,-0.8294,A,0.0862,0.000-0.118,0.204,0.102,0.031
39,3563,-298.86,133,66.9,0.4796,0.2172,0.476,0.6184,0.5457,1.026,0.5872,0.1478,-0.6969,A,0.0623,0.000-0.118,0.204,0.102,0.031
40,3685,-434.61,122,69.7,0.7036,0.1925,0.5112,0.7019,0.5659,0.4636,0.522,0.1598,-0.866,A,0.0795,0.000-0.118,0.205,0.102,0.031
41,3776,-222.94,91,91.2,0.7939,0.131,0.4923,0.6048,0.4424,0.5875,0.4666,0.1898,-0.6803,A,0.0905,0.000-0.118,0.205,0.102,0.031
42,3942,-680.08,166,75.3,0.675,0.1208,0.51,0.6913,0.4835,0.5276,0.4021,0.1497,-0.8552,A,0.0979,0.000-0.118,0.205,0.102,0.031
43,4042,-365.05,100,63.0,0.5715,0.2067,0.5322,0.7352,0.469,0.8462,0.4964,0.2244,-0.9387,A,0.0737,0.000-0.118,0.205,0.103,0.031
44,4132,-305.93,90,67.8,0.6797,0.1598,0.4985,0.6908,0.4937,0.6637,0.41,0.2399,-0.8656,A,0.0725,0.000-0.118,0.205,0.103,0.031
45,4217,-340.04,85,27.1,0.6969,0.1791,0.4913,0.6491,0.4408,0.2287,0.1832,0.1992,-0.7645,A,0.0615,0.000-0.118,0.205,0.103,0.031
46,4305,-405.52,88,26.1,0.4673,0.2041,0.5396,0.7161,0.433,0.4189,0.201,0.1687,-0.913,A,0.0754,0.000-0.118,0.205,0.103,0.031
47,4347,-158.09,42,35.7,0.5247,0.1963,0.5142,0.6783,0.3553,0.4761,0.2701,0.3122,-0.7904,A,0.0643,0.000-0.118,0.205,0.103,0.031
48,4423,-239.61,76,51.3,0.5213,0.2336,0.4931,0.641,0.4287,0.6696,0.3903,0.2493,-0.7536,A,0.057,0.000-0.118,0.206,0.103,0.031
49,4591,-660.01,168,52.4,0.7639,0.1324,0.4976,0.6712,0.4162,0.2107,0.2959,0.1311,-0.7911,A,0.091,0.000-0.118,0.206,0.103,0.031
50,4743,-375.39,152,82.9,0.4801,0.2071,0.5002,0.6813,0.5736,1.3015,0.6681,0.1772,-0.8222,A,0.0987,0.000-0.118,0.206,0.103,0.031
51,4819,-172.02,76,52.6,0.4608,0.2243,0.48,0.6052,0.5044,0.8699,0.3895,0.2638,-0.6567,A,0.079,0.000-0.118,0.206,0.103,0.031
52,4903,-226.48,84,73.8,0.5595,0.2268,0.5269,0.6592,0.546,0.8843,0.5604,0.3029,-0.8125,A,0.0662,0.000-0.118,0.206,0.103,0.031
53,4982,-246.75,79,51.9,0.5521,0.224,0.5011,0.6441,0.4416,0.4793,0.419,0.2782,-0.7455,A,0.0712,0.000-0.118,0.206,0.103,0.031
54,5081,-275.83,99,81.8,0.5906,0.1953,0.5268,0.6858,0.6841,0.7466,0.6335,0.2998,-0.8664,A,0.0551,0.000-0.118,0.206,0.103,0.031
55,5135,-191.73,54,51.9,0.4566,0.2272,0.534,0.7152,0.4689,0.8764,0.4095,0.2996,-0.8983,A,0.0647,0.000-0.118,0.206,0.103,0.031
56,5198,-149.08,63,73.0,0.5821,0.1975,0.4971,0.6692,0.5666,1.1117,0.5177,0.3036,-0.7858,A,0.0797,0.000-0.118,0.206,0.103,0.031
57,5275,-295.87,77,37.7,0.6339,0.182,0.499,0.6886,0.4529,0.3857,0.2734,0.2361,-0.8162,A,0.0681,0.000-0.118,0.207,0.103,0.031
58,5333,-162.28,58,62.1,0.4845,0.2108,0.491,0.6704,0.5183,0.9957,0.4959,0.3158,-0.8084,A,0.0649,0.000-0.118,0.207,0.103,0.031
59,5393,-172.58,60,53.3,0.6382,0.1884,0.5128,0.6175,0.4855,0.4469,0.3956,0.293,-0.6869,A,0.0882,0.000-0.118,0.207,0.103,0.031
60,5490,-291.64,97,52.6,0.5736,0.1952,0.4846,0.64,0.4326,0.7182,0.3568,0.1975,-0.7304,A,0.0739,0.000-0.118,0.207,0.103,0.031
61,5634,-572.7,144,30.6,0.3654,0.2209,0.5087,0.6642,0.3472,0.6285,0.236,0.1419,-0.7765,A,0.0934,0.000-0.118,0.207,0.104,0.031
62,5715,-160.43,81,63.0,0.3885,0.223,0.4536,0.6333,0.6063,1.2961,0.4943,0.3129,-0.7395,A,0.0945,0.000-0.118,0.207,0.104,0.031
63,5826,-374.53,111,59.5,0.7089,0.1718,0.4995,0.6689,0.415,0.5165,0.3909,0.1867,-0.7748,A,0.0588,0.000-0.118,0.207,0.104,0.031
64,5987,-371.37,161,68.9,0.3381,0.1749,0.4994,0.6828,0.7009,1.4707,0.3963,0.273,-0.8271,A,0.0699,0.000-0.118,0.207,0.104,0.031
65,6186,-766.01,199,52.8,0.5739,0.2331,0.4993,0.6774,0.5622,0.5233,0.412,0.1145,-0.8174,A,0.0755,0.000-0.118,0.208,0.104,0.032
66,6332,-669.27,146,32.2,0.5424,0.201,0.5277,0.6971,0.445,0.3634,0.2172,0.1418,-0.8695,A,0.0928,0.000-0.118,0.208,0.104,0.032
67,6424,-327.44,92,46.7,0.6019,0.2122,0.5056,0.6681,0.4988,0.3962,0.3958,0.2398,-0.8066,A,0.0675,0.000-0.118,0.208,0.104,0.032
68,6566,-395.03,142,78.9,0.7258,0.1691,0.5031,0.6797,0.6343,0.6417,0.51,0.2753,-0.8113,A,0.079,0.000-0.118,0.208,0.104,0.032
69,6665,-240.99,99,67.7,0.6399,0.1872,0.4994,0.6324,0.634,0.5085,0.5025,0.3783,-0.7234,A,0.086,0.000-0.118,0.208,0.104,0.032
70,6732,-178.55,67,68.7,0.5265,0.2404,0.4947,0.6824,0.5495,0.9332,0.5692,0.31,-0.8073,A,0.0908,0.000-0.118,0.208,0.104,0.032
71,6797,-207.46,65,40.0,0.5085,0.2198,0.4978,0.6366,0.3628,0.6556,0.3198,0.2303,-0.7188,A,0.0642,0.000-0.118,0.208,0.104,0.032
72,6889,-308.98,92,43.5,0.6266,0.1669,0.4748,0.6471,0.5229,0.3757,0.2878,0.2251,-0.7418,A,0.098,0.000-0.118,0.209,0.104,0.032
73,6978,-298.88,89,39.3,0.5884,0.1616,0.4768,0.6319,0.4752,0.4103,0.2531,0.2147,-0.727,A,0.0667,0.000-0.118,0.209,0.104,0.032
74,7060,-185.06,82,61.0,0.393,0.2336,0.4951,0.6564,0.5663,1.243,0.432,0.3148,-0.768,A,0.0804,0.000-0.118,0.209,0.104,0.032
75,7222,-535.97,162,58.0,0.539,0.2069,0.4914,0.6877,0.6492,0.7517,0.4419,0.1703,-0.8248,A,0.068,0.000-0.118,0.209,0.105,0.032
76,7391,-855.88,169,23.1,0.6422,0.174,0.5146,0.6737,0.2621,0.2761,0.1365,0.0975,-0.8102,A,0.0804,0.000-0.118,0.209,0.105,0.032
77,7502,-226.27,111,73.0,0.4801,0.2003,0.4904,0.669,0.6851,1.2132,0.5517,0.2842,-0.7874,A,0.0795,0.000-0.118,0.209,0.105,0.032
78,7587,-356.12,85,41.2,0.7123,0.2072,0.5059,0.7017,0.4604,0.2257,0.3027,0.2268,-0.8683,A,0.0939,0.000-0.118,0.209,0.105,0.032
79,7648,-137.38,61,54.1,0.5123,0.2183,0.478,0.5868,0.4834,0.8257,0.4371,0.3018,-0.6497,A,0.0742,0.000-0.118,0.21,0.105,0.032
80,7714,-235.17,66,50.0,0.5257,0.2138,0.5223,0.7015,0.4773,0.8105,0.368,0.2681,-0.8768,A,0.0815,0.000-0.118,0.21,0.105,0.032
81,7780,-174.4,66,43.9,0.4517,0.2038,0.4741,0.6313,0.507,0.7603,0.3288,0.2848,-0.6884,A,0.0691,0.000-0.118,0.21,0.105,0.032
82,7828,-138.04,48,54.2,0.4601,0.2055,0.4879,0.6526,0.4274,1.0057,0.3826,0.2833,-0.7446,A,0.0791,0.000-0.118,0.21,0.105,0.032
83,7935,-276.4,107,57.9,0.4214,0.2316,0.4965,0.6707,0.5417,1.0562,0.4969,0.2651,-0.7937,A,0.0961,0.000-0.118,0.21,0.105,0.032
84,8051,-135.13,116,90.5,0.4054,0.2416,0.4849,0.6697,0.7363,1.7049,0.8512,0.3224,-0.78,A,0.0799,0.000-0.118,0.21,0.105,0.032
85,8134,-260.75,83,63.9,0.5338,0.1669,0.5414,0.6984,0.5765,0.9132,0.3923,0.2541,-0.8621,A,0.0664,0.000-0.118,0.21,0.105,0.032
86,8188,-206.18,54,50.0,0.6694,0.2011,0.4951,0.6999,0.4087,0.3355,0.406,0.2838,-0.8256,A,0.0581,0.000-0.118,0.21,0.105,0.032
87,8278,-259.78,90,78.9,0.657,0.204,0.508,0.6683,0.4721,0.6786,0.6493,0.1892,-0.7957,A,0.0822,0.000-0.118,0.21,0.105,0.032
88,8362,-169.18,84,70.2,0.3634,0.2146,0.489,0.6673,0.6416,1.4732,0.5291,0.3045,-0.7847,A,0.0776,0.000-0.118,0.21,0.105,0.032
89,8512,-503.33,150,66.7,0.5986,0.1199,0.4909,0.6603,0.5329,0.5254,0.327,0.1966,-0.7866,A,0.064,0.000-0.118,0.211,0.105,0.032
90,8594,-321.96,82,42.7,0.643,0.1394,0.5006,0.6488,0.3972,0.303,0.2463,0.1714,-0.7663,A,0.0621,0.000-0.118,0.211,0.105,0.032
91,8762,-649.3,168,67.3,0.7472,0.1525,0.4995,0.6919,0.5078,0.3956,0.423,0.1283,-0.8525,A,0.0584,0.000-0.118,0.211,0.105,0.032
92,8902,-553.48,140,47.9,0.5256,0.198,0.5089,0.6848,0.5419,0.5348,0.37,0.2355,-0.845,A,0.0999,0.000-0.118,0.211,0.106,0.032
93,8951,-178.41,49,44.9,0.5242,0.2063,0.5129,0.714,0.4011,0.7206,0.342,0.2931,-0.8566,A,0.1044,0.000-0.118,0.211,0.106,0.032
94,9029,-245.92,78,30.8,0.4945,0.2084,0.4741,0.5959,0.3666,0.4681,0.2422,0.2069,-0.6499,A,0.1034,0.000-0.118,0.211,0.106,0.032
95,9104,-297.35,75,42.7,0.5844,0.2072,0.5076,0.7045,0.45,0.4595,0.3347,0.2413,-0.8759,A,0.0813,0.000-0.118,0.211,0.106,0.032
96,9180,-215.54,76,53.9,0.5165,0.2062,0.4886,0.6564,0.4685,0.9476,0.4018,0.2837,-0.778,A,0.094,0.000-0.118,0.211,0.106,0.032
97,9289,-423.82,109,40.4,0.7806,0.1688,0.5072,0.6541,0.3995,0.1973,0.2688,0.175,-0.7639,A,0.1048,0.000-0.118,0.212,0.106,0.032
98,9355,-192.29,66,33.3,0.5383,0.1896,0.4868,0.5806,0.4055,0.3915,0.246,0.2363,-0.6095,A,0.0881,0.000-0.118,0.212,0.106,0.032
99,9439,-342.65,84,36.9,0.7018,0.1919,0.5064,0.6979,0.3973,0.3026,0.2396,0.2233,-0.827,A,0.0625,0.000-0.118,0.212,0.106,0.032
100,9496,-203.34,57,54.4,0.6007,0.2009,0.5258,0.7004,0.4044,0.6685,0.4034,0.2653,-0.853,A,0.0683,0.000-0.118,0.212,0.106,0.032
101,9572,-249.28,76,32.9,0.464,0.1868,0.497,0.6301,0.4239,0.543,0.232,0.2052,-0.7101,A,0.1039,0.000-0.118,0.212,0.106,0.032
102,9697,-396.44,125,96.0,0.5639,0.1986,0.5246,0.7043,0.4863,0.7623,0.7813,0.1996,-0.8761,A,0.0607,0.000-0.118,0.212,0.106,0.032
103,9776,-183.77,79,50.6,0.4327,0.2253,0.4973,0.6262,0.4562,0.9729,0.4296,0.2933,-0.691,A,0.0955,0.000-0.118,0.212,0.106,0.032
104,9878,-369.21,102,62.7,0.7345,0.1619,0.4958,0.6813,0.4609,0.2968,0.4138,0.1817,-0.8061,A,0.0754,0.000-0.118,0.212,0.106,0.032
105,10001,-473.1,123,65.0,0.859,0.1242,0.5132,0.6749,0.5363,0.1717,0.331,0.1618,-0.8374,A,0.0792,0.000-0.118,0.213,0.106,0.033
106,10301,-72.5,300,98.0,0.4253,0.1176,0.4229,0.6144,0.9317,1.9319,0.4945,0.4271,-0.6733,A,0.0727,0.000-0.118,0.213,0.106,0.033
107,10433,-19.4,132,99.2,0.4425,0.1639,0.4726,0.5145,0.8743,1.4898,0.5915,0.3166,-0.5254,A,0.0681,0.000-0.118,0.213,0.107,0.033
108,10525,-29.48,92,88.0,0.7602,0.1528,0.7086,0.2884,0.5776,0.4456,0.553,0.2162,-0.2568,A,0.0619,0.000-0.118,0.213,0.107,0.033
109,10645,34.81,120,85.8,0.4787,0.1198,0.5622,0.3976,0.786,1.3091,0.4146,0.357,-0.3366,A,0.0997,0.000-0.118,0.213,0.107,0.033
110,10954,-362.61,309,99.4,0.5269,0.1129,0.444,0.639,0.9372,1.4683,0.463,0.361,-0.7403,A,0.0613,0.000-0.118,0.214,0.107,0.033
111,11178,-243.38,224,97.8,0.6701,0.1403,0.479,0.5296,0.8802,0.5328,0.6161,0.3241,-0.5468,A,0.0806,0.000-0.118,0.214,0.107,0.033
112,11351,-217.07,173,61.3,0.6488,0.1404,0.563,0.4233,0.8061,0.4004,0.356,0.4081,-0.3997,A,0.0632,0.000-0.118,0.214,0.107,0.033
113,11448,30.66,97,83.5,0.5018,0.2284,0.4863,0.3727,0.7675,0.8984,0.7665,0.2464,-0.2808,A,0.0806,0.000-0.118,0.214,0.107,0.033
114,11755,-660.5,307,54.1,0.6096,0.152,0.4362,0.4945,0.852,0.4414,0.3509,0.2283,-0.47,A,0.1018,0.000-0.118,0.215,0.107,0.033
115,12145,-82.42,390,89.7,0.6081,0.1498,0.4144,0.5106,0.935,1.0316,0.5808,0.4466,-0.4937,A,0.0887,0.000-0.118,0.215,0.108,0.033
116,12261,-74.22,116,89.7,0.7442,0.1655,0.522,0.4154,0.6863,0.3698,0.6324,0.2453,-0.3582,A,0.0788,0.000-0.118,0.215,0.108,0.033
117,13089,-1869.98,828,37.8,0.481,0.1439,0.4372,0.5853,0.9472,0.5888,0.2465,0.3662,-0.6258,A,0.0983,0.000-0.118,0.216,0.108,0.033
118,13152,-39.02,63,98.4,0.6432,0.1986,0.6171,0.4014,0.6708,0.7948,0.7642,0.3342,-0.385,A,0.0856,0.000-0.118,0.216,0.108,0.033
119,13791,-1157.01,639,81.8,0.8062,0.11,0.3753,0.5611,0.9649,0.2828,0.4125,0.3919,-0.5647,A,0.0918,0.000-0.118,0.217,0.109,0.033
120,14452,-1173.35,661,55.1,0.6714,0.1315,0.39,0.5412,0.9631,0.4513,0.3257,0.3905,-0.5359,A,0.1035,0.000-0.118,0.218,0.109,0.034
121,14517,-0.02,65,100.0,0.4352,0.1675,0.5298,0.4415,0.7668,1.643,0.7301,0.2846,-0.4344,A,0.1042,0.000-0.118,0.218,0.109,0.034
122,14592,29.91,75,98.7,0.5659,0.2296,0.5974,0.3675,0.7475,1.0484,0.8767,0.2591,-0.3247,A,0.0957,0.000-0.118,0.218,0.109,0.034
123,15003,-416.49,411,85.2,0.7586,0.1388,0.3774,0.4886,0.9397,0.2908,0.5314,0.3125,-0.446,A,0.0828,0.000-0.118,0.219,0.109,0.034
124,15080,-31.23,77,94.8,0.6929,0.2198,0.5413,0.434,0.7937,0.3999,0.8246,0.3214,-0.3856,A,0.0917,0.000-0.118,0.219,0.109,0.034
125,15150,-44.02,70,92.9,0.5655,0.2184,0.4992,0.5162,0.769,1.0097,0.6778,0.3586,-0.5231,A,0.0728,0.000-0.118,0.219,0.109,0.034
126,15471,-324.2,321,94.4,0.623,0.1579,0.4378,0.601,0.9445,0.9029,0.649,0.448,-0.6615,A,0.0986,0.000-0.118,0.219,0.11,0.034
127,15534,-27.13,63,98.4,0.5653,0.2441,0.5939,0.4852,0.7453,1.0292,0.8511,0.3297,-0.5021,A,0.0631,0.000-0.118,0.219,0.11,0.034
128,15879,-497.92,345,66.4,0.6226,0.1416,0.458,0.5064,0.8926,0.5521,0.3902,0.3157,-0.4939,A,0.0946,0.000-0.118,0.22,0.11,0.034
129,16466,-1670.39,587,12.1,0.412,0.112,0.4027,0.5355,0.9043,0.1931,0.0624,0.3429,-0.5238,A,0.0638,0.000-0.118,0.221,0.11,0.034
130,16580,38.71,114,96.5,0.5749,0.1876,0.4647,0.4447,0.8491,1.1508,0.6775,0.3597,-0.395,A,0.0807,0.000-0.118,0.221,0.11,0.034
131,17044,-530.63,464,61.6,0.4984,0.1201,0.4446,0.5114,0.93,0.8015,0.3514,0.3477,-0.5078,A,0.0739,0.000-0.118,0.221,0.111,0.034
132,17529,-558.61,485,98.6,0.8012,0.1112,0.4507,0.523,0.9343,0.3271,0.5128,0.3751,-0.5282,A,0.0954,0.000-0.118,0.222,0.111,0.034
133,17684,-1.04,155,94.8,0.721,0.1334,0.4751,0.3857,0.8103,0.7025,0.5399,0.3013,-0.3059,A,0.0762,0.000-0.118,0.222,0.111,0.034
134,17840,-91.05,156,91.0,0.8505,0.1407,0.4441,0.4291,0.8638,0.4171,0.5347,0.2066,-0.3512,A,0.0785,0.000-0.118,0.222,0.111,0.034
135,17913,-76.38,73,68.5,0.4912,0.1163,0.5448,0.471,0.7665,0.9379,0.3292,0.2893,-0.4522,A,0.0637,0.000-0.118,0.222,0.111,0.034
136,18084,-212.84,171,70.8,0.737,0.1613,0.4977,0.4701,0.8652,0.4002,0.474,0.3388,-0.4609,A,0.1034,0.000-0.118,0.223,0.111,0.035
137,18482,-17.89,398,100.0,0.4639,0.1607,0.4217,0.5617,0.9452,1.5404,0.6655,0.3861,-0.5798,A,0.0768,0.000-0.118,0.223,0.112,0.035
138,18820,-492.03,338,54.1,0.7056,0.1759,0.4007,0.4936,0.9453,0.2971,0.3948,0.3376,-0.4631,A,0.0972,0.000-0.118,0.224,0.112,0.035
139,19375,-84.9,555,99.8,0.5697,0.1682,0.4085,0.5257,0.9467,0.9652,0.7444,0.4061,-0.5179,A,0.0632,0.000-0.118,0.224,0.112,0.035
140,19609,168.68,234,96.6,0.3559,0.2586,0.4542,0.5468,0.9081,2.0006,0.8536,0.411,-0.5576,A,0.0714,0.000-0.118,0.225,0.112,0.035
141,19695,-30.22,86,100.0,0.382,0.1279,0.4942,0.5395,0.8133,1.8326,0.5197,0.2452,-0.5665,A,0.1118,0.000-0.118,0.225,0.112,0.035
142,19788,-11.41,93,96.8,0.4645,0.1969,0.4708,0.5051,0.8343,1.479,0.7788,0.3141,-0.5017,A,0.1046,0.000-0.118,0.225,0.112,0.035
143,20112,-468.23,324,46.3,0.6144,0.1723,0.432,0.4911,0.9463,0.4772,0.3177,0.3317,-0.4688,A,0.0651,0.000-0.118,0.225,0.113,0.035
144,20259,-5.06,147,98.0,0.6175,0.1791,0.4579,0.478,0.8637,1.14,0.715,0.2878,-0.4348,A,0.0655,0.000-0.118,0.225,0.113,0.035
145,20562,-523.6,303,46.2,0.6924,0.1721,0.4453,0.5083,0.9314,0.2838,0.325,0.3394,-0.4951,A,0.0664,0.000-0.118,0.226,0.113,0.035
146,20959,26.06,397,99.7,0.5418,0.2091,0.4461,0.5195,0.932,1.1529,0.8067,0.3794,-0.5103,A,0.1077,0.000-0.118,0.226,0.113,0.035
147,21081,-79.71,122,97.5,0.4606,0.2534,0.4767,0.6073,0.887,1.3977,0.8892,0.2971,-0.667,A,0.1042,0.000-0.118,0.226,0.113,0.035
148,21239,10.7,158,93.0,0.4896,0.1927,0.4633,0.439,0.766,1.1315,0.7696,0.3564,-0.3775,A,0.1012,0.000-0.118,0.227,0.113,0.035
149,21548,-433.28,309,81.9,0.6004,0.1368,0.458,0.5238,0.8546,0.5634,0.5176,0.3255,-0.5192,A,0.1069,0.000-0.118,0.227,0.113,0.035
150,21899,-294.35,351,69.2,0.6434,0.1751,0.4554,0.4915,0.9198,0.5507,0.5195,0.3599,-0.4629,A,0.1134,0.000-0.118,0.227,0.114,0.035
151,22125,-73.68,226,98.7,0.5509,0.1892,0.4467,0.5242,0.9079,0.9981,0.8402,0.3634,-0.5224,A,0.0804,0.000-0.118,0.228,0.114,0.036
152,22276,-23.73,151,90.7,0.7305,0.1676,0.4945,0.4328,0.8762,0.7491,0.6112,0.3269,-0.3793,A,0.064,0.000-0.118,0.228,0.114,0.036
153,22352,19.73,76,98.7,0.3849,0.2701,0.4883,0.5498,0.8399,1.8942,0.8246,0.3963,-0.5748,A,0.1076,0.000-0.118,0.228,0.114,0.036
154,22813,-1067.85,461,35.8,0.7813,0.1507,0.3944,0.5697,0.9649,0.2815,0.2205,0.4316,-0.5789,A,0.0898,0.000-0.118,0.229,0.114,0.036
155,23514,-1928.62,701,35.9,0.7525,0.1233,0.4507,0.5617,0.9235,0.2623,0.1982,0.2904,-0.5905,A,0.102,0.000-0.118,0.229,0.115,0.036
156,23758,54.08,244,95.1,0.4227,0.1924,0.4264,0.5239,0.8967,1.5108,0.8012,0.3663,-0.5088,A,0.1128,0.000-0.118,0.23,0.115,0.036
157,23954,-246.37,196,65.8,0.5947,0.1492,0.5029,0.4939,0.8996,0.6929,0.3843,0.3262,-0.5005,A,0.0867,0.000-0.118,0.23,0.115,0.036
158,24075,17.4,121,95.9,0.5728,0.1947,0.4585,0.4203,0.8477,0.7541,0.7555,0.3581,-0.3596,A,0.0744,0.000-0.118,0.23,0.115,0.036
159,24275,-178.04,200,92.5,0.7958,0.1402,0.43,0.4946,0.9032,0.2695,0.5551,0.2931,-0.4506,A,0.0946,0.000-0.118,0.23,0.115,0.036
160,24409,-63.12,134,97.0,0.7249,0.1479,0.4156,0.4837,0.8835,0.5796,0.5682,0.3717,-0.4361,A,0.0997,0.000-0.118,0.231,0.115,0.036
161,24618,-32.7,209,96.2,0.6073,0.16,0.3689,0.4855,0.9297,0.778,0.6584,0.417,-0.4401,A,0.0884,0.000-0.118,0.231,0.115,0.036
162,24734,-123.86,116,85.3,0.6768,0.1774,0.491,0.4688,0.6953,0.4467,0.5961,0.2181,-0.4228,A,0.1067,0.000-0.118,0.231,0.115,0.036
163,25035,-370.87,301,86.4,0.7581,0.1416,0.4416,0.5285,0.8923,0.4578,0.5316,0.3301,-0.5204,A,0.1105,0.000-0.118,0.231,0.116,0.036
164,25090,34.86,55,90.9,0.4949,0.2671,0.6242,0.3048,0.7053,1.0407,0.7661,0.331,-0.2118,A,0.0742,0.000-0.118,0.231,0.116,0.036
165,25466,-526.97,376,38.6,0.3287,0.1999,0.4385,0.5302,0.9357,0.9321,0.2714,0.3929,-0.5302,A,0.0844,0.000-0.118,0.232,0.116,0.036
166,25555,15.35,89,97.8,0.5033,0.2265,0.5039,0.425,0.762,1.2476,0.7141,0.3805,-0.3649,A,0.0864,0.000-0.118,0.232,0.116,0.036
167,26000,-981.43,445,67.9,0.6684,0.113,0.4213,0.5833,0.9456,0.562,0.3419,0.3714,-0.6256,A,0.0853,0.000-0.118,0.232,0.116,0.036
168,26177,-83.09,177,89.8,0.554,0.1447,0.4176,0.5054,0.8572,0.8912,0.5889,0.3877,-0.474,A,0.1076,0.000-0.118,0.233,0.116,0.037
169,26481,-212.72,304,48.7,0.3707,0.1662,0.4058,0.497,0.9201,1.1523,0.3248,0.3901,-0.4674,A,0.0947,0.000-0.118,0.233,0.117,0.037
170,26853,-594.75,372,47.3,0.6466,0.199,0.3964,0.5103,0.9481,0.2766,0.3768,0.4094,-0.489,A,0.0742,0.000-0.118,0.234,0.117,0.037
171,27650,-1846.67,797,24.6,0.6227,0.1876,0.3816,0.511,0.9482,0.1743,0.1838,0.3762,-0.4822,A,0.1003,0.000-0.118,0.235,0.117,0.037
172,28020,245.13,370,99.7,0.4311,0.2089,0.4374,0.5149,0.9203,1.7458,0.7975,0.3755,-0.5,A,0.0868,0.000-0.118,0.235,0.118,0.037
173,28116,-73.41,96,93.8,0.5646,0.2334,0.4485,0.5421,0.8228,0.7218,0.8717,0.3126,-0.5353,A,0.1075,0.000-0.118,0.235,0.118,0.037
174,28570,-441.78,454,86.3,0.6119,0.1312,0.3817,0.5138,0.9151,0.7634,0.5129,0.3701,-0.4939,A,0.1126,0.000-0.118,0.236,0.118,0.037
175,28951,-669.85,381,49.3,0.8073,0.1278,0.4354,0.5041,0.9286,0.3524,0.252,0.2978,-0.4799,A,0.086,0.000-0.118,0.236,0.118,0.037
176,29102,39.24,151,88.7,0.6452,0.1745,0.4247,0.4555,0.914,1.0145,0.6343,0.3774,-0.3913,A,0.0759,0.000-0.118,0.236,0.118,0.037
177,29376,-53.82,274,97.4,0.6136,0.2211,0.4149,0.499,0.922,0.509,0.9124,0.4239,-0.4692,A,0.1114,0.000-0.118,0.237,0.118,0.037
178,29458,7.31,82,98.8,0.5242,0.2126,0.4768,0.4754,0.8411,1.1311,0.8406,0.3637,-0.4347,A,0.0818,0.000-0.118,0.237,0.118,0.037
179,29558,0.8,100,95.0,0.5121,0.2578,0.43,0.4843,0.8386,0.9865,0.8851,0.3183,-0.4454,A,0.0884,0.000-0.118,0.237,0.118,0.037
180,29987,22.42,429,97.2,0.4919,0.1555,0.3783,0.5464,0.945,1.3534,0.688,0.4336,-0.549,A,0.073,0.000-0.118,0.237,0.119,0.037
181,30207,115.76,220,96.8,0.4199,0.2058,0.4006,0.518,0.9106,1.5732,0.8728,0.3641,-0.4747,A,0.0781,0.000-0.118,0.238,0.119,0.038
182,30575,-253.1,368,94.8,0.7777,0.1629,0.3984,0.4827,0.9449,0.2858,0.6723,0.3383,-0.4306,A,0.0961,0.000-0.118,0.238,0.119,0.038
183,30996,-593.51,421,100.0,0.5372,0.1366,0.437,0.6475,0.9601,0.9383,0.6112,0.4488,-0.746,A,0.0905,0.000-0.118,0.239,0.119,0.038
184,32592,-3496.98,1596,36.8,0.556,0.1262,0.3843,0.5518,0.9715,0.458,0.2084,0.4282,-0.5537,A,0.1049,0.000-0.118,0.241,0.12,0.038
185,32818,-51.97,226,100.0,0.5775,0.1166,0.4179,0.5297,0.9246,1.3017,0.5017,0.3769,-0.5218,A,0.0913,0.000-0.118,0.241,0.121,0.038
186,33239,-538.41,421,99.5,0.6345,0.1586,0.4439,0.6234,0.9494,0.7492,0.7255,0.4371,-0.7072,A,0.0746,0.000-0.118,0.242,0.121,0.038
187,35283,-5590.46,2044,39.8,0.7563,0.1551,0.4142,0.6143,0.9865,0.2274,0.265,0.4612,-0.6706,A,0.0804,0.000-0.118,0.244,0.122,0.039
188,36206,-934.69,923,74.8,0.6237,0.1457,0.4469,0.5091,0.9295,0.573,0.4723,0.3978,-0.4983,A,0.0748,0.000-0.118,0.245,0.123,0.039
189,36924,-1243.12,718,56.5,0.7122,0.1579,0.3857,0.5372,0.9636,0.4772,0.4014,0.3513,-0.5269,A,0.0967,0.000-0.118,0.246,0.123,0.039
190,37292,376.6,368,99.7,0.4483,0.2285,0.4386,0.4563,0.922,1.5267,0.8857,0.3947,-0.4099,A,0.0823,0.000-0.118,0.247,0.123,0.039
191,37554,100.04,262,95.8,0.478,0.1673,0.4261,0.4778,0.9035,1.2569,0.7096,0.4067,-0.4419,A,0.0946,0.000-0.118,0.247,0.123,0.039
192,37886,-550.91,332,34.6,0.6748,0.0674,0.4139,0.483,0.9295,0.425,0.1075,0.2989,-0.4353,A,0.0937,0.000-0.118,0.247,0.124,0.039
193,38196,-152.85,310,100.0,0.6828,0.1397,0.3978,0.484,0.9419,0.4525,0.624,0.3722,-0.4401,A,0.0952,0.000-0.118,0.248,0.124,0.04
194,38468,43.81,272,75.7,0.4292,0.1489,0.468,0.4551,0.9125,1.2762,0.4859,0.3987,-0.4097,A,0.0831,0.000-0.118,0.248,0.124,0.04
195,39440,-2008.14,972,17.8,0.541,0.1929,0.3776,0.5075,0.963,0.1751,0.139,0.4607,-0.4669,A,0.0821,0.000-0.118,0.249,0.125,0.04
196,40853,-3175.28,1413,20.7,0.7459,0.1166,0.3985,0.519,0.9583,0.0805,0.1154,0.4539,-0.4964,A,0.1173,0.000-0.118,0.251,0.126,0.04
197,41659,540.21,806,99.1,0.4433,0.1881,0.4398,0.5083,0.9525,1.5977,0.8151,0.4056,-0.4899,A,0.1112,0.000-0.118,0.252,0.126,0.04
198,42032,134.73,373,100.0,0.5292,0.2032,0.4239,0.5071,0.9519,1.1568,0.8581,0.4113,-0.4747,A,0.126,0.000-0.118,0.253,0.126,0.041
199,42299,-83.92,267,95.1,0.6809,0.1154,0.4639,0.5046,0.9164,0.9196,0.4788,0.4324,-0.4832,A,0.0933,0.000-0.118,0.253,0.126,0.041
200,42431,181.02,132,97.0,0.3229,0.233,0.4451,0.4815,0.9004,2.1407,0.8103,0.4341,-0.4352,A,0.108,0.000-0.118,0.253,0.127,0.041
201,42616,-5.46,185,94.6,0.4841,0.1936,0.4488,0.5136,0.8754,1.2719,0.8054,0.3007,-0.4868,A,0.0819,0.000-0.118,0.253,0.127,0.041
202,42844,139.02,228,100.0,0.4973,0.1283,0.5142,0.4348,0.9219,1.4437,0.5041,0.4018,-0.3837,A,0.1113,0.000-0.118,0.254,0.127,0.041
203,43073,-250.3,229,99.1,0.6173,0.1224,0.4677,0.5356,0.893,1.031,0.5431,0.226,-0.5549,A,0.0878,0.000-0.118,0.254,0.127,0.041
204,43308,70.48,235,98.7,0.5375,0.1396,0.4354,0.4762,0.9277,1.1376,0.6005,0.4466,-0.4254,A,0.0863,0.000-0.118,0.254,0.127,0.041
205,43965,437.49,657,99.7,0.3881,0.1636,0.3985,0.5423,0.9628,1.8159,0.7079,0.4314,-0.5274,A,0.0992,0.000-0.118,0.255,0.127,0.041
206,44258,-56.07,293,98.0,0.5157,0.1833,0.4063,0.55,0.9311,1.0202,0.7817,0.4334,-0.5426,A,0.0933,0.000-0.118,0.255,0.128,0.041
207,44522,35.69,264,99.2,0.4511,0.1108,0.4052,0.5343,0.9466,1.6123,0.4715,0.45,-0.5356,A,0.0979,0.000-0.118,0.256,0.128,0.041
208,45688,-599.46,1166,89.6,0.4986,0.1232,0.4159,0.5567,0.9574,1.1928,0.4929,0.3997,-0.5646,A,0.097,0.000-0.118,0.257,0.129,0.041
209,46155,-659.58,467,45.6,0.4603,0.1229,0.404,0.4952,0.9415,0.7079,0.2397,0.387,-0.4611,A,0.0897,0.000-0.118,0.258,0.129,0.042
210,46547,87.05,392,99.0,0.5142,0.1498,0.4242,0.4979,0.9477,1.1675,0.6568,0.4568,-0.477,A,0.1222,0.000-0.118,0.258,0.129,0.042
211,46632,111.3,85,97.6,0.364,0.2234,0.452,0.4354,0.8542,1.9375,0.8914,0.3609,-0.3603,A,0.121,0.000-0.118,0.258,0.129,0.042
212,46939,-162.89,307,96.7,0.6283,0.1804,0.3994,0.5199,0.9274,0.5862,0.725,0.4344,-0.5014,A,0.1284,0.000-0.118,0.259,0.129,0.042
213,47522,-379.05,583,73.6,0.6137,0.1446,0.449,0.4653,0.9284,0.6506,0.465,0.3752,-0.4274,A,0.0809,0.000-0.118,0.259,0.13,0.042
214,47692,122.59,170,98.8,0.396,0.1642,0.4633,0.4622,0.9107,1.79,0.7259,0.3453,-0.4205,A,0.1099,0.000-0.118,0.26,0.13,0.042
215,47912,3.88,220,96.8,0.7675,0.1544,0.4177,0.4371,0.9217,0.5751,0.6177,0.4401,-0.3779,A,0.1084,0.000-0.118,0.26,0.13,0.042
216,48119,115.5,207,99.5,0.467,0.1761,0.4633,0.4413,0.9323,1.3182,0.7772,0.4018,-0.3974,A,0.1066,0.000-0.118,0.26,0.13,0.042
217,49278,-2181.17,1159,33.5,0.6604,0.1255,0.3867,0.5248,0.9775,0.2893,0.1909,0.4796,-0.5016,A,0.0923,0.000-0.118,0.262,0.131,0.042
218,49956,-846.47,678,99.9,0.6571,0.1498,0.4183,0.5975,0.9538,0.656,0.6619,0.4104,-0.6476,A,0.0963,0.000-0.118,0.262,0.131,0.042
219,50254,-114.78,298,99.0,0.5108,0.1611,0.4299,0.5094,0.9391,0.9674,0.7041,0.3774,-0.4889,A,0.0943,0.000-0.118,0.263,0.131,0.043
220,50640,-308.18,386,99.5,0.503,0.1369,0.4236,0.5691,0.9532,1.1823,0.6141,0.3967,-0.5967,A,0.1009,0.000-0.118,0.263,0.132,0.043
221,51652,-1182.24,1012,99.5,0.521,0.1414,0.3932,0.594,0.9767,0.9677,0.6239,0.4021,-0.6305,A,0.1274,0.000-0.118,0.265,0.132,0.043
222,52337,-466.21,685,99.1,0.6431,0.125,0.4055,0.4872,0.9417,0.6819,0.5584,0.3129,-0.4454,A,0.0903,0.000-0.118,0.265,0.133,0.043
223,52674,-164.24,337,98.8,0.5381,0.148,0.4539,0.5431,0.9295,1.238,0.6549,0.363,-0.5418,A,0.1249,0.000-0.118,0.266,0.133,0.043
224,52975,-363.44,301,99.0,0.5216,0.1326,0.4766,0.5624,0.9108,1.0607,0.5842,0.3466,-0.5999,A,0.0923,0.000-0.118,0.266,0.133,0.043
225,53607,155.99,632,97.9,0.4964,0.187,0.399,0.5056,0.9537,1.3249,0.7351,0.3917,-0.4678,A,0.0838,0.000-0.118,0.267,0.134,0.043
226,53795,-215.4,188,98.4,0.6324,0.1338,0.4754,0.5146,0.9222,0.7449,0.5953,0.2322,-0.5162,A,0.1173,0.000-0.118,0.267,0.134,0.043
227,54040,-322.08,245,99.2,0.6196,0.1555,0.4676,0.5768,0.9101,0.7544,0.6678,0.3156,-0.6051,A,0.1189,0.000-0.118,0.268,0.134,0.044
228,54261,-126.59,221,87.8,0.5132,0.1355,0.4292,0.4602,0.8524,0.8977,0.5389,0.3175,-0.4089,A,0.1196,0.000-0.118,0.268,0.134,0.044
229,54684,23.85,423,87.0,0.4282,0.2487,0.4316,0.5235,0.9307,1.316,0.761,0.3922,-0.5185,A,0.1199,0.000-0.118,0.268,0.134,0.044
230,55578,-698.06,894,97.3,0.6138,0.1502,0.4042,0.5377,0.9626,0.7031,0.6604,0.3835,-0.5268,A,0.1255,0.000-0.118,0.269,0.135,0.044
231,55795,235.22,217,97.2,0.3779,0.2112,0.3958,0.4681,0.9105,1.7587,0.8939,0.3806,-0.4095,A,0.1317,0.000-0.118,0.27,0.135,0.044
232,56109,14.0,314,94.6,0.4453,0.164,0.4126,0.5167,0.9222,1.4606,0.6861,0.3984,-0.4922,A,0.1156,0.000-0.118,0.27,0.135,0.044
233,56297,-127.56,188,98.9,0.5264,0.1794,0.4947,0.5073,0.8976,0.9352,0.7345,0.3034,-0.5177,A,0.1217,0.000-0.118,0.27,0.135,0.044
234,57150,-320.2,853,93.7,0.6026,0.1812,0.391,0.5327,0.9613,0.8486,0.7352,0.4062,-0.5216,A,0.1157,0.000-0.118,0.271,0.136,0.044
235,57388,-48.06,238,97.9,0.4831,0.1985,0.4604,0.5079,0.9028,1.116,0.77,0.3103,-0.4904,A,0.1006,0.000-0.118,0.272,0.136,0.044
236,57823,-956.69,435,29.0,0.3773,0.1468,0.4044,0.5165,0.9363,0.6021,0.1633,0.3278,-0.5001,A,0.105,0.000-0.118,0.272,0.136,0.044
237,58343,-101.93,520,93.8,0.6072,0.194,0.4323,0.4894,0.9032,0.8271,0.7166,0.3669,-0.4605,A,0.1122,0.000-0.118,0.273,0.136,0.045
238,58641,-143.95,298,94.3,0.5914,0.1781,0.4019,0.5159,0.9167,0.6511,0.7636,0.3486,-0.4875,A,0.1202,0.000-0.118,0.273,0.137,0.045
239,58982,-288.17,341,94.1,0.6683,0.1518,0.4699,0.5199,0.8761,0.6734,0.6232,0.319,-0.511,A,0.1235,0.000-0.118,0.274,0.137,0.045
240,59243,-54.75,261,100.0,0.5679,0.207,0.457,0.5222,0.9297,0.9757,0.7674,0.3927,-0.5199,A,0.0924,0.000-0.118,0.274,0.137,0.045
241,59574,99.05,331,100.0,0.539,0.114,0.4446,0.4529,0.8973,1.201,0.519,0.4072,-0.3905,A,0.0917,0.000-0.118,0.274,0.137,0.045
242,59815,-109.54,241,84.2,0.5723,0.2058,0.4552,0.4969,0.8557,0.7403,0.7538,0.3611,-0.4783,A,0.1313,0.000-0.118,0.275,0.137,0.045
243,60452,-1432.87,637,60.3,0.7412,0.1399,0.3993,0.5985,0.9532,0.3241,0.3368,0.3922,-0.6464,A,0.1143,0.000-0.118,0.276,0.138,0.045
244,60676,-66.75,224,95.5,0.6704,0.1497,0.5469,0.4192,0.8591,0.6397,0.6243,0.3523,-0.375,A,0.0956,0.000-0.118,0.276,0.138,0.045
245,61429,311.6,753,99.7,0.5154,0.2106,0.4022,0.5097,0.9525,1.2205,0.8311,0.4136,-0.4787,A,0.1291,0.000-0.118,0.277,0.138,0.045
246,61789,-586.63,360,96.1,0.8417,0.1164,0.4378,0.5568,0.9421,0.1835,0.4974,0.3978,-0.5625,A,0.1375,0.000-0.118,0.277,0.139,0.045
247,62182,-58.98,393,95.4,0.5537,0.1865,0.4112,0.5274,0.9507,0.9398,0.7491,0.395,-0.5131,A,0.0896,0.000-0.118,0.278,0.139,0.046
248,62513,-214.46,331,59.5,0.309,0.0737,0.4259,0.5079,0.9466,1.4215,0.1939,0.3917,-0.4995,A,0.1064,0.000-0.118,0.278,0.139,0.046
249,62743,-312.47,230,89.1,0.7282,0.1467,0.4761,0.5152,0.8353,0.3748,0.5475,0.2695,-0.5154,A,0.1299,0.000-0.118,0.278,0.139,0.046
250,63052,-258.54,309,75.1,0.7144,0.1688,0.4825,0.4598,0.8929,0.4228,0.5131,0.4192,-0.4338,A,0.1062,0.000-0.118,0.279,0.139,0.046
251,64030,-1311.75,978,56.6,0.5379,0.2116,0.4024,0.5509,0.9644,0.754,0.464,0.4274,-0.5489,A,0.1008,0.000-0.118,0.28,0.14,0.046
252,64305,429.14,275,97.5,0.2686,0.1827,0.3948,0.4827,0.9214,2.4724,0.6906,0.4231,-0.4389,A,0.1197,0.000-0.118,0.28,0.14,0.046
253,64480,118.71,175,97.1,0.5706,0.1871,0.4633,0.3746,0.8723,0.8487,0.7599,0.3374,-0.2826,A,0.1025,0.000-0.118,0.281,0.14,0.046
254,64832,-163.06,352,98.0,0.5805,0.1953,0.4276,0.5486,0.9305,0.8822,0.7863,0.3841,-0.5552,A,0.0965,0.000-0.118,0.281,0.141,0.046
255,65271,-411.99,439,96.4,0.7388,0.1448,0.4038,0.5183,0.9531,0.4655,0.5626,0.3606,-0.4963,A,0.1203,0.000-0.118,0.282,0.141,0.046
256,65621,188.71,350,86.3,0.4605,0.1448,0.374,0.5047,0.9466,1.683,0.5646,0.4548,-0.466,A,0.122,0.000-0.118,0.282,0.141,0.046
257,66234,-102.51,613,98.0,0.4134,0.17,0.4168,0.6076,0.9644,1.8235,0.7299,0.3899,-0.6546,A,0.1285,0.000-0.118,0.283,0.141,0.047
258,66922,-529.73,688,95.8,0.6584,0.165,0.4151,0.5318,0.9516,0.536,0.6927,0.4115,-0.5288,A,0.1236,0.000-0.118,0.284,0.142,0.047
259,67569,-1055.51,647,99.1,0.8442,0.1003,0.4316,0.5784,0.9665,0.2346,0.4652,0.4059,-0.6121,A,0.1167,0.000-0.118,0.284,0.142,0.047
260,67860,-217.0,291,94.2,0.6203,0.1672,0.4681,0.4947,0.8289,0.7043,0.7061,0.2529,-0.4775,A,0.1042,0.000-0.118,0.285,0.142,0.047
261,67987,33.58,127,91.3,0.4753,0.1719,0.5739,0.4293,0.8324,1.2605,0.6354,0.3819,-0.4075,A,0.1225,0.000-0.118,0.285,0.142,0.047
262,68428,495.52,441,99.5,0.341,0.1509,0.3775,0.5133,0.9668,2.0899,0.6933,0.4191,-0.4802,A,0.1333,0.000-0.118,0.286,0.143,0.047
263,68835,-631.31,407,47.7,0.628,0.147,0.4374,0.5154,0.9343,0.412,0.2984,0.4304,-0.4945,A,0.1184,0.000-0.118,0.286,0.143,0.047
264,69164,-340.44,329,99.7,0.6213,0.118,0.4214,0.5733,0.946,0.6788,0.5201,0.4573,-0.5906,A,0.0942,0.000-0.118,0.286,0.143,0.047
265,69414,-47.46,250,99.2,0.4811,0.1175,0.4513,0.543,0.9204,1.4192,0.5007,0.4392,-0.5515,A,0.134,0.000-0.118,0.287,0.143,0.047
266,69668,-217.31,254,85.4,0.7439,0.1211,0.4588,0.5165,0.921,0.6291,0.4513,0.4251,-0.5071,A,0.1383,0.000-0.118,0.287,0.144,0.047
267,69902,-153.28,234,99.6,0.5306,0.107,0.4456,0.5509,0.9291,1.0501,0.4729,0.452,-0.5728,A,0.1108,0.000-0.118,0.287,0.144,0.047
268,70426,-1153.99,524,46.8,0.7581,0.1005,0.4325,0.5522,0.9494,0.1696,0.2116,0.4301,-0.5631,A,0.0956,0.000-0.118,0.288,0.144,0.048
269,70647,-210.38,221,93.2,0.7549,0.1146,0.4451,0.5257,0.9164,0.6174,0.4638,0.4579,-0.5362,A,0.1402,0.000-0.118,0.288,0.144,0.048
270,70822,-89.03,175,68.6,0.4203,0.2226,0.4856,0.511,0.8866,1.2905,0.528,0.3584,-0.5131,A,0.1124,0.000-0.118,0.289,0.144,0.048
271,71300,1.54,478,98.1,0.3642,0.1537,0.4249,0.6084,0.9614,1.8577,0.6264,0.4544,-0.652,A,0.1027,0.000-0.118,0.289,0.145,0.048
272,71453,14.48,153,98.7,0.5835,0.1671,0.4975,0.4681,0.8809,1.0547,0.6624,0.4434,-0.4378,A,0.1073,0.000-0.118,0.289,0.145,0.048
273,71600,-111.55,147,99.3,0.6779,0.1449,0.5027,0.5243,0.8719,0.735,0.6183,0.4302,-0.5335,A,0.1032,0.000-0.118,0.289,0.145,0.048
274,72873,-2315.16,1273,44.2,0.5955,0.1951,0.386,0.5596,0.9773,0.4363,0.3237,0.4589,-0.5648,A,0.1208,0.000-0.118,0.291,0.146,0.048
275,74334,-3298.1,1461,15.2,0.7722,0.1476,0.355,0.5237,0.9801,0.0897,0.0938,0.4643,-0.4916,A,0.1107,0.000-0.118,0.293,0.146,0.049
276,74696,-505.8,362,81.2,0.8145,0.0847,0.4048,0.5188,0.9472,0.2339,0.3014,0.4452,-0.5,A,0.1445,0.000-0.118,0.293,0.147,0.049
277,75081,-76.31,385,96.1,0.5415,0.169,0.4159,0.5519,0.952,1.2919,0.7279,0.4024,-0.5689,A,0.1374,0.000-0.118,0.294,0.147,0.049
278,75354,-136.49,273,96.0,0.6869,0.1996,0.4031,0.5228,0.9213,0.5373,0.7601,0.4116,-0.5079,A,0.1195,0.000-0.118,0.294,0.147,0.049
279,75645,20.17,291,100.0,0.5545,0.1805,0.4274,0.5096,0.9183,1.094,0.7768,0.4123,-0.4877,A,0.1035,0.000-0.118,0.295,0.147,0.049
280,75964,-46.55,319,99.4,0.4914,0.124,0.4029,0.5179,0.9411,1.12,0.5573,0.4528,-0.5051,A,0.1204,0.000-0.118,0.295,0.147,0.049
281,76487,122.49,523,99.6,0.3724,0.1537,0.4297,0.5418,0.9655,2.0554,0.6361,0.304,-0.5425,A,0.1188,0.000-0.118,0.296,0.148,0.049
282,76695,-113.41,208,100.0,0.6522,0.1311,0.4304,0.5183,0.9065,0.8835,0.5213,0.3774,-0.5028,A,0.1263,0.000-0.118,0.296,0.148,0.049
283,77080,314.96,385,99.2,0.3775,0.1776,0.386,0.5219,0.957,1.95,0.8067,0.3981,-0.5008,A,0.1461,0.000-0.118,0.296,0.148,0.049
284,77243,-104.05,163,95.7,0.4983,0.1702,0.4471,0.5717,0.9154,1.3205,0.6694,0.3375,-0.6024,A,0.1473,0.000-0.118,0.297,0.148,0.049
285,77413,105.13,170,99.4,0.4868,0.1876,0.4062,0.4863,0.9079,1.4065,0.6934,0.4503,-0.4347,A,0.1183,0.000-0.118,0.297,0.148,0.049
286,77836,368.96,423,99.8,0.4674,0.1826,0.3594,0.4336,0.9634,1.1645,0.7649,0.406,-0.3533,A,0.1469,0.000-0.118,0.297,0.149,0.049
287,78059,-96.95,223,96.4,0.6028,0.1474,0.4008,0.5003,0.9245,0.6107,0.6447,0.4294,-0.4675,A,0.1365,0.000-0.118,0.298,0.149,0.05
288,78373,-113.88,314,100.0,0.6136,0.1909,0.449,0.5241,0.9379,0.7751,0.7731,0.4145,-0.5309,A,0.142,0.000-0.118,0.298,0.149,0.05
289,78492,-13.73,119,98.3,0.4626,0.1226,0.5288,0.4986,0.8546,1.4803,0.4907,0.4321,-0.4986,A,0.1207,0.000-0.118,0.298,0.149,0.05
290,78655,26.86,163,96.9,0.3722,0.1446,0.4576,0.5558,0.9239,1.8518,0.5521,0.4374,-0.5754,A,0.132,0.000-0.118,0.298,0.149,0.05
291,78761,-48.04,106,88.7,0.4546,0.1254,0.5129,0.5062,0.8519,1.2541,0.4627,0.4352,-0.5028,A,0.1388,0.000-0.118,0.298,0.149,0.05
292,79065,-341.13,304,90.5,0.5146,0.1983,0.4281,0.6027,0.8981,1.0111,0.623,0.3435,-0.6599,A,0.1015,0.000-0.118,0.299,0.149,0.05
293,79352,14.6,287,96.2,0.5065,0.128,0.379,0.5339,0.9525,1.3813,0.5067,0.4598,-0.5131,A,0.144,0.000-0.118,0.299,0.15,0.05
294,79858,-162.09,506,98.4,0.5293,0.1873,0.4243,0.5373,0.9311,0.9582,0.7621,0.3829,-0.5321,A,0.1184,0.000-0.118,0.3,0.15,0.05
295,80487,-1444.22,629,11.8,0.3377,0.2264,0.3939,0.5376,0.9688,0.2813,0.095,0.4321,-0.5183,B,0.127,0.118-0.322,0.301,0.15,0.05
296,80829,-263.5,342,97.4,0.572,0.129,0.3955,0.5045,0.9364,0.7647,0.5821,0.3501,-0.4772,B,0.1126,0.118-0.322,0.301,0.151,0.05
297,80982,84.12,153,98.0,0.4528,0.1943,0.4968,0.4456,0.8846,1.3597,0.7248,0.3754,-0.414,B,0.1453,0.118-0.322,0.301,0.151,0.05
298,81548,-365.38,566,98.8,0.518,0.1146,0.4253,0.4986,0.9423,1.1272,0.5072,0.3305,-0.4715,B,0.1394,0.118-0.322,0.302,0.151,0.05
299,81764,-286.97,216,44.9,0.7101,0.1373,0.4555,0.4529,0.9276,0.4009,0.2375,0.3684,-0.4186,B,0.1067,0.118-0.322,0.302,0.151,0.05
300,81790,-39.54,26,65.4,0.7552,0.1872,0.6168,0.4082,0.5674,0.1299,0.5157,0.437,-0.3644,B,0.1364,0.118-0.322,0.302,0.151,0.05
301,82367,-1137.67,577,33.4,0.6808,0.147,0.3598,0.5257,0.9738,0.1411,0.207,0.4553,-0.4945,B,0.1177,0.118-0.322,0.303,0.152,0.051
302,82692,-320.73,325,99.4,0.5671,0.1373,0.4119,0.5719,0.9558,0.6844,0.5853,0.4394,-0.6004,B,0.1326,0.118-0.322,0.303,0.152,0.051
303,82717,-16.41,25,84.0,0.7389,0.1436,0.6899,0.2506,0.5305,0.1583,0.5608,0.414,-0.1737,B,0.1251,0.118-0.322,0.303,0.152,0.051
304,82876,-122.65,159,98.1,0.7451,0.1744,0.4426,0.4797,0.8916,0.1944,0.7605,0.3829,-0.4486,B,0.1045,0.118-0.322,0.303,0.152,0.051
305,82961,60.03,85,97.6,0.4116,0.2204,0.4736,0.4654,0.8684,1.6178,0.9182,0.3965,-0.4231,B,0.143,0.118-0.322,0.303,0.152,0.051
306,83120,-183.67,159,79.9,0.8957,0.0958,0.4093,0.4834,0.929,0.109,0.3717,0.464,-0.4445,B,0.1033,0.118-0.322,0.303,0.153,0.051
307,83237,-66.35,117,100.0,0.7749,0.1597,0.4534,0.4988,0.855,0.5048,0.6259,0.4293,-0.455,B,0.1455,0.118-0.322,0.304,0.153,0.051
308,83479,-274.65,242,97.1,0.7797,0.1141,0.3861,0.5412,0.9322,0.3545,0.5206,0.3779,-0.5342,B,0.1431,0.118-0.322,0.304,0.153,0.051
309,83642,-151.37,163,91.4,0.4221,0.0727,0.505,0.6144,0.9153,1.7546,0.335,0.4482,-0.7163,B,0.1164,0.118-0.322,0.304,0.153,0.051
310,83868,-88.25,226,99.1,0.4407,0.1455,0.4424,0.5953,0.9297,1.4823,0.6292,0.4246,-0.6289,B,0.109,0.118-0.322,0.304,0.153,0.051
311,84274,72.09,406,92.6,0.5744,0.1797,0.3669,0.4617,0.9507,0.8544,0.742,0.3337,-0.3981,B,0.1036,0.118-0.322,0.305,0.154,0.051
312,84447,-156.7,173,99.4,0.6703,0.2136,0.4281,0.5457,0.9288,0.3517,0.8673,0.3654,-0.5449,B,0.1237,0.118-0.322,0.305,0.154,0.051
313,84543,-0.93,96,99.0,0.5761,0.2083,0.4384,0.4501,0.8703,0.7013,0.8877,0.3737,-0.4015,B,0.1304,0.118-0.322,0.305,0.154,0.051
314,84862,-138.34,319,94.0,0.5938,0.1489,0.4085,0.5192,0.9416,0.7774,0.5999,0.4271,-0.5045,B,0.142,0.118-0.322,0.305,0.154,0.051
315,85009,-9.75,147,100.0,0.6427,0.1893,0.4975,0.4647,0.8667,0.7377,0.7902,0.4382,-0.4268,B,0.1527,0.118-0.322,0.306,0.154,0.051
316,85357,-2.17,348,97.4,0.5182,0.1459,0.4775,0.4616,0.93,1.0785,0.632,0.3271,-0.4217,B,0.1295,0.118-0.322,0.306,0.154,0.051
317,85888,-340.66,531,99.6,0.8002,0.1293,0.3994,0.4926,0.9593,0.2955,0.6077,0.4016,-0.4493,B,0.1417,0.118-0.322,0.307,0.155,0.052
318,86687,-40.97,799,100.0,0.5464,0.1585,0.396,0.5115,0.9682,1.0012,0.7345,0.4,-0.484,B,0.1195,0.118-0.322,0.307,0.156,0.052
319,87197,553.54,510,98.8,0.3527,0.1608,0.3539,0.5042,0.969,2.0416,0.714,0.3978,-0.4653,B,0.1466,0.118-0.322,0.308,0.156,0.052
320,87657,428.48,460,98.7,0.3945,0.1869,0.3751,0.512,0.962,1.8258,0.8098,0.3912,-0.4801,B,0.1279,0.118-0.322,0.309,0.156,0.052
321,88239,-733.45,582,92.8,0.5958,0.1412,0.4049,0.5947,0.9657,0.8301,0.6076,0.3897,-0.6523,B,0.1099,0.118-0.322,0.309,0.157,0.052
322,88685,441.25,446,98.7,0.3641,0.2214,0.4009,0.5373,0.9459,1.9865,0.9065,0.4319,-0.5266,B,0.1451,0.118-0.322,0.31,0.157,0.052
323,88762,-65.36,77,94.8,0.6286,0.2364,0.4966,0.5278,0.8319,0.423,0.8848,0.4064,-0.5174,B,0.1144,0.118-0.322,0.31,0.157,0.052
324,88815,-36.79,53,90.6,0.4601,0.2387,0.5261,0.5281,0.7457,1.1139,0.7583,0.3764,-0.5256,B,0.1233,0.118-0.322,0.31,0.157,0.052
325,88993,-55.8,178,99.4,0.7214,0.1588,0.4207,0.4755,0.9121,0.4087,0.6902,0.4256,-0.4195,B,0.1138,0.118-0.322,0.31,0.157,0.052
326,89279,-120.81,286,97.9,0.5626,0.1024,0.3982,0.5185,0.9357,0.857,0.4647,0.4018,-0.485,B,0.1274,0.118-0.322,0.31,0.158,0.053
327,89341,-0.86,62,96.8,0.4669,0.1852,0.553,0.4659,0.7925,1.2072,0.7476,0.4233,-0.4399,B,0.1357,0.118-0.322,0.31,0.158,0.053
328,89439,-59.66,98,83.7,0.6985,0.1641,0.532,0.4101,0.8107,0.4421,0.5541,0.3666,-0.3633,B,0.1246,0.118-0.322,0.31,0.158,0.053
329,90140,-393.83,701,99.3,0.6007,0.1855,0.3885,0.5662,0.9764,0.7911,0.7861,0.3763,-0.5758,B,0.1479,0.118-0.322,0.311,0.158,0.053
330,90333,-234.93,193,98.4,0.9335,0.067,0.3664,0.4782,0.9317,0.0373,0.3157,0.405,-0.425,B,0.1067,0.118-0.322,0.311,0.159,0.053
331,90428,67.49,95,100.0,0.4681,0.2011,0.5346,0.3827,0.8146,1.3074,0.7769,0.411,-0.3245,B,0.1352,0.118-0.322,0.312,0.159,0.053
332,90599,-20.65,171,98.2,0.5158,0.1978,0.5075,0.4851,0.9087,0.9581,0.7683,0.3943,-0.4843,B,0.1064,0.118-0.322,0.312,0.159,0.053
333,90751,-168.57,152,94.1,0.7301,0.1082,0.4508,0.5095,0.9202,0.1935,0.4739,0.4594,-0.4936,B,0.1527,0.118-0.322,0.312,0.159,0.053
334,91286,-1814.42,535,99.6,0.6739,0.0937,0.4581,0.6777,0.9593,0.6138,0.4247,0.3242,-0.9006,B,0.1107,0.118-0.322,0.313,0.159,0.053
335,91361,22.86,75,100.0,0.5012,0.218,0.4714,0.4639,0.8731,1.3807,0.7731,0.3407,-0.4358,B,0.1176,0.118-0.322,0.313,0.159,0.053
336,91609,-291.86,248,100.0,0.8152,0.0976,0.3977,0.5237,0.9361,0.2458,0.473,0.3838,-0.496,B,0.1176,0.118-0.322,0.313,0.16,0.053
337,92544,-208.04,935,100.0,0.4924,0.1277,0.3787,0.5718,0.9754,1.3153,0.5796,0.4372,-0.58,B,0.1169,0.118-0.322,0.314,0.16,0.053
338,92763,-182.5,219,96.3,0.621,0.1613,0.4392,0.5606,0.9278,0.6764,0.6338,0.4257,-0.5723,B,0.1373,0.118-0.322,0.314,0.161,0.054
339,92843,-36.34,80,98.8,0.7218,0.1651,0.5253,0.4476,0.8245,0.3897,0.7434,0.3745,-0.3934,B,0.1144,0.118-0.322,0.314,0.161,0.054
340,92922,-62.64,79,98.7,0.6523,0.1705,0.5463,0.4845,0.8407,0.4506,0.7774,0.3586,-0.5006,B,0.1063,0.118-0.322,0.314,0.161,0.054
341,92990,-84.35,68,100.0,0.6561,0.1849,0.5221,0.4983,0.8072,0.4801,0.7911,0.3674,-0.5179,B,0.1427,0.118-0.322,0.314,0.161,0.054
342,93243,-152.69,253,98.0,0.636,0.1216,0.3871,0.5068,0.9414,0.5005,0.5546,0.4038,-0.4737,B,0.1291,0.118-0.322,0.315,0.161,0.054
343,93431,-11.7,188,98.9,0.5557,0.185,0.3925,0.5018,0.9295,0.8251,0.7284,0.4464,-0.4577,B,0.1369,0.118-0.322,0.315,0.161,0.054
344,93652,-71.21,221,98.6,0.543,0.1363,0.4109,0.5083,0.9429,0.8297,0.61,0.358,-0.4813,B,0.147,0.118-0.322,0.315,0.161,0.054
345,94023,93.6,371,100.0,0.4079,0.0993,0.3801,0.5509,0.9687,1.7673,0.4468,0.435,-0.5426,B,0.105,0.118-0.322,0.316,0.162,0.054
346,94251,-95.21,228,89.9,0.5929,0.1689,0.4675,0.48,0.9229,0.8797,0.6741,0.2839,-0.4627,B,0.1532,0.118-0.322,0.316,0.162,0.054
347,94538,-2.55,287,97.6,0.384,0.139,0.4183,0.5996,0.9534,1.8046,0.6204,0.4311,-0.6343,B,0.1082,0.118-0.322,0.316,0.162,0.054
348,94757,-211.9,219,90.0,0.6196,0.1852,0.4525,0.519,0.9328,0.6257,0.7075,0.2935,-0.5283,B,0.1104,0.118-0.322,0.316,0.162,0.054
349,95266,-794.5,509,100.0,0.7687,0.1725,0.3932,0.6104,0.9762,0.208,0.7631,0.4591,-0.6655,B,0.1383,0.118-0.322,0.317,0.163,0.054
350,95547,102.46,281,98.2,0.3671,0.1705,0.4159,0.5978,0.9522,2.0197,0.7687,0.4315,-0.6334,B,0.1239,0.118-0.322,0.317,0.163,0.054
351,95614,-37.78,67,82.1,0.5863,0.1817,0.543,0.4436,0.7795,0.5026,0.6784,0.4397,-0.4037,B,0.1348,0.118-0.322,0.317,0.163,0.054
352,95925,112.57,311,100.0,0.3918,0.1842,0.3965,0.5764,0.9637,1.74,0.7841,0.4632,-0.5877,B,0.1358,0.118-0.322,0.318,0.163,0.054
353,96033,-36.0,108,99.1,0.7277,0.1729,0.4802,0.4312,0.8606,0.2193,0.7806,0.418,-0.3766,B,0.1273,0.118-0.322,0.318,0.163,0.054
354,96051,-4.65,18,88.9,0.5521,0.2294,0.7388,0.2619,0.4594,0.9679,0.7517,0.4513,-0.177,B,0.1446,0.118-0.322,0.318,0.163,0.054
355,96602,-775.93,551,97.1,0.7994,0.1032,0.3766,0.5168,0.9707,0.3389,0.4551,0.3934,-0.4902,B,0.1076,0.118-0.322,0.318,0.164,0.055
356,97032,-252.18,430,100.0,0.6073,0.1485,0.3974,0.5409,0.967,0.8926,0.6903,0.3982,-0.5367,B,0.1136,0.118-0.322,0.319,0.164,0.055
357,97259,138.82,227,99.1,0.3725,0.2058,0.4257,0.5495,0.9412,1.9419,0.8576,0.4402,-0.5605,B,0.1439,0.118-0.322,0.319,0.164,0.055
358,97333,12.22,74,95.9,0.4673,0.1898,0.4653,0.4629,0.841,1.1661,0.8181,0.324,-0.4145,B,0.1573,0.118-0.322,0.319,0.164,0.055
359,97488,-204.11,155,94.8,0.7361,0.1224,0.4538,0.4713,0.8937,0.4483,0.5071,0.1696,-0.4379,B,0.1122,0.118-0.322,0.319,0.165,0.055
360,97575,152.12,87,98.9,0.3066,0.2593,0.382,0.4534,0.8805,2.3544,0.8648,0.4433,-0.3822,B,0.1179,0.118-0.322,0.32,0.165,0.055
361,98241,46.98,666,99.5,0.5099,0.1892,0.3965,0.5429,0.9693,1.1957,0.8003,0.4145,-0.5365,B,0.1071,0.118-0.322,0.32,0.165,0.055
362,98391,-110.99,150,90.7,0.702,0.1631,0.4325,0.5127,0.8784,0.6272,0.6254,0.3693,-0.4934,B,0.1283,0.118-0.322,0.32,0.165,0.055
363,98927,370.84,536,100.0,0.4006,0.1987,0.4199,0.5481,0.9657,1.8438,0.8604,0.4321,-0.5604,B,0.1222,0.118-0.322,0.321,0.166,0.055
364,99006,-59.09,79,81.0,0.7022,0.056,0.5988,0.3531,0.7305,0.4211,0.2399,0.312,-0.2895,B,0.1284,0.118-0.322,0.321,0.166,0.055
365,99717,120.96,711,100.0,0.4563,0.1267,0.3725,0.52,0.967,1.3154,0.5642,0.4313,-0.4947,B,0.1506,0.118-0.322,0.322,0.166,0.055
366,99820,-19.04,103,98.1,0.6392,0.2129,0.4745,0.4612,0.8579,0.4843,0.8411,0.4607,-0.4189,B,0.1121,0.118-0.322,0.322,0.167,0.056
367,100387,488.97,567,99.6,0.3119,0.1955,0.4285,0.5788,0.9568,2.3594,0.8227,0.4334,-0.6166,B,0.1329,0.118-0.322,0.323,0.167,0.056
368,100462,-64.46,75,84.0,0.6594,0.2086,0.4916,0.4707,0.7337,0.2742,0.7475,0.3618,-0.4144,B,0.1229,0.118-0.322,0.323,0.167,0.056
369,101165,329.13,703,99.3,0.3895,0.1585,0.3827,0.5648,0.9757,1.8372,0.6771,0.4239,-0.5679,B,0.1383,0.118-0.322,0.324,0.168,0.056
370,101585,-308.55,420,94.8,0.4084,0.1381,0.4554,0.6009,0.9601,1.5861,0.5812,0.3693,-0.6628,B,0.151,0.118-0.322,0.324,0.168,0.056
371,102263,210.75,678,97.2,0.5081,0.172,0.4026,0.5243,0.9639,1.3824,0.7424,0.3801,-0.5042,B,0.1215,0.118-0.322,0.325,0.169,0.056
372,102277,-3.99,14,92.9,0.612,0.2151,0.8486,0.1589,0.3312,0.9209,0.8003,0.4699,-0.084,B,0.1228,0.118-0.322,0.325,0.169,0.056
373,102461,154.57,184,100.0,0.3,0.096,0.4041,0.5353,0.9443,2.3728,0.4326,0.4524,-0.5223,B,0.1427,0.118-0.322,0.325,0.169,0.056
374,102617,-84.84,156,95.5,0.6619,0.1545,0.5177,0.5103,0.8927,0.8351,0.6523,0.3432,-0.5117,B,0.1484,0.118-0.322,0.325,0.169,0.056
375,102805,-22.34,188,99.5,0.6999,0.1237,0.4857,0.409,0.9097,0.3861,0.5653,0.3962,-0.3421,B,0.1355,0.118-0.322,0.325,0.169,0.056
376,102852,6.74,47,100.0,0.5402,0.2388,0.532,0.4194,0.7897,0.8799,0.918,0.4026,-0.3675,B,0.1484,0.118-0.322,0.325,0.169,0.056
377,103001,-81.4,149,99.3,0.4686,0.1005,0.4522,0.5253,0.9086,1.2071,0.466,0.435,-0.5466,B,0.1387,0.118-0.322,0.326,0.169,0.056
378,103037,-6.54,36,94.4,0.6293,0.2479,0.5825,0.3666,0.6665,0.4881,0.8287,0.4776,-0.3045,B,0.1066,0.118-0.322,0.326,0.169,0.056
379,103323,-157.99,286,96.9,0.6038,0.1856,0.4219,0.509,0.9507,0.5749,0.8173,0.3293,-0.489,B,0.1222,0.118-0.322,0.326,0.169,0.056
380,103668,317.84,345,97.1,0.3459,0.1813,0.4255,0.4797,0.9338,2.0518,0.7203,0.3248,-0.4426,B,0.1262,0.118-0.322,0.326,0.17,0.057
381,103968,-482.3,300,99.3,0.7942,0.1139,0.4465,0.5188,0.9223,0.1326,0.5234,0.2418,-0.5069,B,0.1524,0.118-0.322,0.327,0.17,0.057
382,104274,88.73,306,100.0,0.5365,0.1099,0.3886,0.4973,0.952,1.3744,0.5096,0.4213,-0.4649,B,0.1568,0.118-0.322,0.327,0.17,0.057
383,104298,-18.23,24,95.8,0.7408,0.1751,0.6889,0.3306,0.6224,0.2015,0.7759,0.4315,-0.2728,B,0.1606,0.118-0.322,0.327,0.17,0.057
384,104322,-8.56,24,83.3,0.5972,0.2185,0.6297,0.3635,0.6138,0.6355,0.7428,0.455,-0.3051,B,0.1548,0.118-0.322,0.327,0.17,0.057
385,104388,125.33,66,95.5,0.2252,0.2611,0.4941,0.4972,0.8297,2.9357,0.8563,0.4797,-0.4692,B,0.1371,0.118-0.322,0.327,0.17,0.057
386,104820,-279.38,432,99.1,0.4737,0.1458,0.4596,0.5529,0.9492,1.3347,0.6314,0.3719,-0.5917,B,0.1324,0.118-0.322,0.328,0.171,0.057
387,105000,-26.58,180,96.1,0.5263,0.18,0.467,0.4684,0.8976,1.0661,0.7421,0.2602,-0.4474,B,0.16,0.118-0.322,0.328,0.171,0.057
388,105049,-36.08,49,100.0,0.6664,0.2283,0.5571,0.4736,0.7917,0.5346,0.9004,0.4436,-0.4525,B,0.1093,0.118-0.322,0.328,0.171,0.057
389,105067,-25.43,18,100.0,0.7659,0.18,0.6897,0.3692,0.5237,0.2554,0.782,0.467,-0.3611,B,0.1072,0.118-0.322,0.328,0.171,0.057
390,105695,-22.9,628,100.0,0.565,0.1332,0.3902,0.5489,0.9729,1.3297,0.573,0.4375,-0.5441,B,0.1181,0.118-0.322,0.329,0.171,0.057
391,105779,7.92,84,94.0,0.5373,0.2447,0.5096,0.4533,0.8158,0.8609,0.9031,0.4198,-0.4002,B,0.1613,0.118-0.322,0.329,0.171,0.057
392,105976,18.39,197,98.5,0.4437,0.1686,0.4371,0.5059,0.9258,1.3392,0.6526,0.311,-0.4802,B,0.1173,0.118-0.322,0.329,0.172,0.057
393,106429,-241.81,453,98.5,0.6215,0.1591,0.4134,0.5166,0.957,0.5557,0.7067,0.3788,-0.4986,B,0.1388,0.118-0.322,0.329,0.172,0.057
394,106734,134.99,305,98.0,0.3622,0.1755,0.4173,0.5749,0.9513,1.9235,0.7509,0.4203,-0.5891,B,0.1595,0.118-0.322,0.33,0.172,0.057
395,107052,-189.47,318,99.7,0.5529,0.1697,0.4437,0.5745,0.9498,0.8957,0.7526,0.4448,-0.599,B,0.1561,0.118-0.322,0.33,0.173,0.058
396,107430,288.37,378,99.5,0.3468,0.0963,0.4171,0.5417,0.9543,2.3068,0.4427,0.4059,-0.5387,B,0.1118,0.118-0.322,0.33,0.173,0.058
397,108054,-677.04,624,99.5,0.6046,0.1506,0.403,0.6145,0.9708,0.9409,0.6547,0.3925,-0.6536,B,0.1459,0.118-0.322,0.331,0.173,0.058
398,108196,-173.9,142,90.1,0.7024,0.1784,0.4709,0.5686,0.9155,0.4729,0.681,0.4364,-0.6052,B,0.1162,0.118-0.322,0.331,0.173,0.058
399,108230,6.62,34,94.1,0.4699,0.2443,0.6169,0.4125,0.6665,1.3751,0.8337,0.4182,-0.3972,B,0.1107,0.118-0.322,0.331,0.174,0.058
400,108264,37.02,34,88.2,0.3806,0.2354,0.6296,0.3032,0.6808,1.7177,0.804,0.2912,-0.2316,B,0.15,0.118-0.322,0.331,0.174,0.058
401,108367,-103.87,103,95.1,0.9059,0.0357,0.4096,0.4179,0.8561,0.0474,0.2064,0.3396,-0.3369,B,0.1503,0.118-0.322,0.332,0.174,0.058
402,108455,83.02,88,97.7,0.3391,0.2137,0.535,0.4618,0.8766,2.0533,0.887,0.4082,-0.4429,B,0.1246,0.118-0.322,0.332,0.174,0.058
403,108535,18.43,80,96.2,0.4551,0.2201,0.4876,0.4888,0.8458,1.3853,0.893,0.3675,-0.4538,B,0.1622,0.118-0.322,0.332,0.174,0.058
404,108572,-8.09,37,89.2,0.7998,0.1592,0.6262,0.3179,0.6919,0.1904,0.6229,0.4169,-0.2388,B,0.1553,0.118-0.322,0.332,0.174,0.058
405,109193,-586.43,621,97.3,0.6455,0.1163,0.3924,0.5485,0.9629,0.853,0.5196,0.3709,-0.5392,B,0.1351,0.118-0.322,0.332,0.174,0.058
406,109410,52.48,217,98.6,0.3939,0.1954,0.4387,0.5609,0.9371,1.6946,0.7772,0.3928,-0.5795,B,0.1427,0.118-0.322,0.333,0.175,0.058
407,110104,-292.68,694,100.0,0.5129,0.1674,0.4082,0.5966,0.9755,1.4204,0.7438,0.4024,-0.6426,B,0.1215,0.118-0.322,0.333,0.175,0.058
408,110591,-547.56,487,99.6,0.597,0.1519,0.4102,0.5985,0.9639,0.5572,0.6934,0.4335,-0.63,B,0.1574,0.118-0.322,0.334,0.175,0.058
409,110956,-562.85,365,100.0,0.7762,0.1608,0.4091,0.5822,0.9598,0.1677,0.728,0.4212,-0.6145,B,0.1425,0.118-0.322,0.334,0.176,0.059
410,111301,-13.11,345,99.4,0.4112,0.1044,0.3994,0.5515,0.9609,1.5836,0.4772,0.3662,-0.5489,B,0.1204,0.118-0.322,0.335,0.176,0.059
411,111368,19.93,67,95.5,0.4745,0.2181,0.5164,0.4804,0.8234,1.3178,0.8813,0.4398,-0.4464,B,0.1347,0.118-0.322,0.335,0.176,0.059
412,111462,-108.49,94,92.6,0.6323,0.1837,0.515,0.549,0.8777,0.5204,0.7531,0.4048,-0.6004,B,0.1223,0.118-0.322,0.335,0.176,0.059
413,111654,-72.77,192,97.9,0.4672,0.1415,0.4552,0.5563,0.9274,1.2519,0.6021,0.3809,-0.5713,B,0.1564,0.118-0.322,0.335,0.176,0.059
414,111736,211.73,82,96.3,0.2145,0.2427,0.5003,0.3859,0.8495,2.9189,0.9276,0.427,-0.3081,B,0.1151,0.118-0.322,0.335,0.176,0.059
415,111756,-37.78,20,55.0,0.7831,0.1652,0.6538,0.3869,0.3658,0.0706,0.396,0.3843,-0.3058,B,0.1111,0.118-0.322,0.335,0.176,0.059
416,111801,5.11,45,91.1,0.4611,0.2446,0.4922,0.4531,0.753,1.204,0.8047,0.4383,-0.4,B,0.1347,0.118-0.322,0.335,0.176,0.059
417,112011,-263.85,210,92.4,0.7278,0.0902,0.3971,0.5336,0.9391,0.2753,0.3949,0.3892,-0.5083,B,0.1608,0.118-0.322,0.336,0.177,0.059
418,112344,-450.21,333,99.7,0.7574,0.1363,0.4142,0.5515,0.9468,0.2234,0.6265,0.3888,-0.5549,B,0.1586,0.118-0.322,0.336,0.177,0.059
419,112427,-12.44,83,98.8,0.4417,0.2303,0.4623,0.5668,0.8816,1.3844,0.9647,0.4418,-0.6005,B,0.1667,0.118-0.322,0.336,0.177,0.059
420,112452,-3.5,25,88.0,0.646,0.2034,0.603,0.3122,0.6125,0.3482,0.7868,0.414,-0.2092,B,0.1578,0.118-0.322,0.336,0.177,0.059
421,112536,-33.06,84,97.6,0.5727,0.2457,0.501,0.4999,0.8503,0.6199,0.928,0.4632,-0.4962,B,0.1415,0.118-0.322,0.336,0.177,0.059
422,112566,-23.62,30,86.7,0.6152,0.2059,0.6246,0.4007,0.6289,0.4672,0.7702,0.4435,-0.3415,B,0.1134,0.118-0.322,0.336,0.177,0.059
423,112617,-29.21,51,98.0,0.7523,0.1989,0.5102,0.4318,0.7766,0.2314,0.8559,0.4238,-0.3523,B,0.162,0.118-0.322,0.336,0.177,0.059
424,112912,-81.45,295,99.7,0.5745,0.1977,0.449,0.5153,0.938,0.8471,0.8368,0.3204,-0.4945,B,0.1218,0.118-0.322,0.337,0.177,0.059
425,112959,33.4,47,95.7,0.3987,0.2362,0.4998,0.4382,0.7891,1.6623,0.8224,0.4418,-0.3903,B,0.1295,0.118-0.322,0.337,0.177,0.059
426,113234,-85.82,275,98.2,0.4743,0.1426,0.4274,0.5673,0.9567,1.2957,0.6025,0.4345,-0.5904,B,0.1379,0.118-0.322,0.337,0.178,0.059
427,113643,-250.8,409,100.0,0.6292,0.1527,0.3977,0.5634,0.9581,0.9311,0.6394,0.4338,-0.5649,B,0.137,0.118-0.322,0.337,0.178,0.059
428,113913,0.61,270,95.9,0.4817,0.1173,0.3962,0.5147,0.9254,1.3723,0.4483,0.3955,-0.486,B,0.1598,0.118-0.322,0.338,0.178,0.059
429,114427,-101.2,514,100.0,0.4603,0.1616,0.4361,0.5679,0.9684,1.3493,0.7148,0.3834,-0.5855,B,0.1646,0.118-0.322,0.338,0.179,0.06
430,114518,135.51,91,96.7,0.3363,0.2271,0.4372,0.4317,0.8633,2.0916,0.8507,0.3689,-0.3634,B,0.1651,0.118-0.322,0.338,0.179,0.06
431,114922,13.49,404,100.0,0.4177,0.122,0.3986,0.5675,0.9663,1.654,0.557,0.3976,-0.5759,B,0.1528,0.118-0.322,0.339,0.179,0.06
432,115049,-105.79,127,94.5,0.8699,0.1077,0.4806,0.4495,0.8776,0.0842,0.4723,0.3613,-0.3945,B,0.1221,0.118-0.322,0.339,0.179,0.06
433,115069,-22.63,20,85.0,0.5754,0.2274,0.6834,0.3733,0.4607,0.7117,0.7366,0.4416,-0.323,B,0.1166,0.118-0.322,0.339,0.179,0.06
434,115085,-1.64,16,87.5,0.5979,0.2211,0.7741,0.2069,0.3769,0.7767,0.7365,0.4704,-0.0972,B,0.1446,0.118-0.322,0.339,0.179,0.06
435,115151,-7.92,66,92.4,0.5458,0.2009,0.4728,0.4667,0.8525,0.7267,0.8362,0.4543,-0.4483,B,0.1439,0.118-0.322,0.339,0.179,0.06
436,115322,-81.68,171,97.7,0.6245,0.1381,0.4135,0.4778,0.9114,0.4227,0.6301,0.4393,-0.4469,B,0.1281,0.118-0.322,0.339,0.179,0.06
437,115374,24.0,52,94.2,0.3866,0.2455,0.4935,0.5068,0.7612,1.8983,0.8594,0.4463,-0.5121,B,0.1477,0.118-0.322,0.339,0.179,0.06
438,115696,-359.17,322,99.4,0.628,0.1668,0.4656,0.5718,0.942,0.5699,0.6949,0.3907,-0.6105,B,0.1179,0.118-0.322,0.34,0.18,0.06
439,115743,64.77,47,93.6,0.3507,0.2527,0.5009,0.4001,0.7579,1.9978,0.8693,0.3937,-0.3098,B,0.1687,0.118-0.322,0.34,0.18,0.06
440,115845,51.84,102,97.1,0.3131,0.1907,0.4753,0.5605,0.8808,2.2252,0.7348,0.4324,-0.5882,B,0.1292,0.118-0.322,0.34,0.18,0.06
441,115882,5.99,37,91.9,0.5497,0.2232,0.5646,0.363,0.7292,0.7492,0.8449,0.4683,-0.3124,B,0.1688,0.118-0.322,0.34,0.18,0.06
442,115982,-63.17,100,96.0,0.6835,0.2086,0.441,0.5004,0.8631,0.3399,0.8683,0.4654,-0.4761,B,0.1425,0.118-0.322,0.34,0.18,0.06
443,115999,-2.59,17,88.2,0.5177,0.2232,0.7788,0.2674,0.4015,1.2972,0.7263,0.4689,-0.1866,B,0.1428,0.118-0.322,0.34,0.18,0.06
444,116157,38.66,158,98.1,0.4238,0.1867,0.437,0.5301,0.9122,1.5496,0.7235,0.4618,-0.5265,B,0.1159,0.118-0.322,0.34,0.18,0.06
445,116200,-14.14,43,90.7,0.5927,0.2176,0.5154,0.4285,0.7478,0.5662,0.845,0.4476,-0.3892,B,0.1478,0.118-0.322,0.34,0.18,0.06
446,116289,38.69,89,98.9,0.5033,0.1654,0.4498,0.4145,0.8764,1.0447,0.7603,0.44,-0.3438,B,0.1423,0.118-0.322,0.34,0.18,0.06
447,116666,87.18,377,99.5,0.5618,0.1595,0.4566,0.4897,0.9427,1.1574,0.6866,0.4207,-0.4647,B,0.1348,0.118-0.322,0.341,0.181,0.06
448,116727,35.37,61,98.4,0.3589,0.2492,0.5129,0.4863,0.8236,2.0547,0.7907,0.4197,-0.4833,B,0.1327,0.118-0.322,0.341,0.181,0.06
449,117156,-24.29,429,98.6,0.4723,0.1601,0.41,0.5421,0.9599,1.4064,0.7094,0.4395,-0.5448,B,0.143,0.118-0.322,0.341,0.181,0.06
450,117591,49.65,435,99.3,0.4296,0.1799,0.407,0.5659,0.9606,1.5238,0.7032,0.4022,-0.5718,B,0.1255,0.118-0.322,0.342,0.181,0.06
451,117776,142.11,185,100.0,0.3602,0.1835,0.4791,0.5206,0.9053,2.0596,0.7431,0.4229,-0.5292,B,0.1163,0.118-0.322,0.342,0.181,0.06
452,117791,-34.48,15,73.3,0.7712,0.1628,0.7864,0.2759,0.3885,0.1087,0.5494,0.4478,-0.2723,B,0.1321,0.118-0.322,0.342,0.181,0.06
453,117844,21.09,53,94.3,0.4414,0.2334,0.5533,0.4396,0.7941,1.393,0.8945,0.4047,-0.4101,B,0.1478,0.118-0.322,0.342,0.182,0.061
454,117884,-3.57,40,100.0,0.6837,0.2167,0.6447,0.3579,0.7496,0.3329,0.9009,0.4426,-0.3063,B,0.1515,0.118-0.322,0.342,0.182,0.061
455,118063,-126.24,179,96.6,0.522,0.1325,0.4592,0.5448,0.9248,0.838,0.5692,0.4123,-0.5484,B,0.1684,0.118-0.322,0.342,0.182,0.061
456,118448,-471.98,385,97.9,0.7394,0.1491,0.4315,0.5333,0.949,0.2411,0.6677,0.3596,-0.5311,B,0.1193,0.118-0.322,0.343,0.182,0.061
457,118723,-133.9,275,96.4,0.5346,0.1561,0.4226,0.5699,0.9276,1.1185,0.6422,0.3989,-0.5866,B,0.132,0.118-0.322,0.343,0.182,0.061
458,118762,-10.42,39,94.9,0.4469,0.2545,0.5205,0.5206,0.7566,1.3795,0.8513,0.47,-0.5322,B,0.1381,0.118-0.322,0.343,0.182,0.061
459,119088,-300.46,326,100.0,0.7323,0.1114,0.4304,0.5533,0.9494,0.7004,0.4957,0.4345,-0.5546,B,0.1503,0.118-0.322,0.343,0.183,0.061
460,119404,-226.47,316,99.7,0.5343,0.1315,0.4201,0.5675,0.9565,0.9734,0.5744,0.4257,-0.5945,B,0.1175,0.118-0.322,0.344,0.183,0.061
461,119447,53.21,43,95.3,0.4001,0.2375,0.5262,0.4184,0.758,1.9337,0.876,0.4518,-0.3557,B,0.1117,0.118-0.322,0.344,0.183,0.061
462,119497,8.99,50,96.0,0.4763,0.2711,0.4877,0.4607,0.792,1.1387,0.7575,0.4556,-0.4054,B,0.1292,0.118-0.322,0.344,0.183,0.061
463,119685,-34.74,188,98.4,0.4926,0.1633,0.4524,0.5448,0.9165,1.2726,0.7222,0.3971,-0.552,B,0.1713,0.118-0.322,0.344,0.183,0.061
464,120074,-93.6,389,98.2,0.5476,0.1744,0.4192,0.5352,0.9486,1.0132,0.7749,0.3686,-0.5383,B,0.1303,0.118-0.322,0.345,0.183,0.061
465,120121,-16.4,47,89.4,0.5006,0.221,0.5472,0.4633,0.7306,1.0566,0.7964,0.4227,-0.4484,B,0.1561,0.118-0.322,0.345,0.183,0.061
466,120658,-410.57,537,98.9,0.5094,0.1273,0.4526,0.575,0.9468,1.0472,0.5512,0.3974,-0.6106,B,0.1551,0.118-0.322,0.345,0.184,0.061
467,121036,-289.74,378,100.0,0.5321,0.1223,0.4101,0.5891,0.9666,1.0348,0.5374,0.4313,-0.6178,B,0.1282,0.118-0.322,0.346,0.184,0.061
468,121324,-188.66,288,97.9,0.7407,0.1321,0.5181,0.4599,0.844,0.4585,0.6009,0.3543,-0.4335,B,0.1194,0.118-0.322,0.346,0.184,0.061
469,121950,392.98,626,99.5,0.3784,0.1583,0.385,0.5376,0.97,1.8096,0.6795,0.4201,-0.5259,B,0.1388,0.118-0.322,0.347,0.185,0.062
470,122025,-65.96,75,82.7,0.9013,0.1287,0.5573,0.3819,0.6679,0.0469,0.4924,0.2636,-0.3097,B,0.1363,0.118-0.322,0.347,0.185,0.062
471,122039,-9.22,14,78.6,0.6371,0.2028,0.8025,0.2192,0.337,0.4537,0.6558,0.49,-0.1889,B,0.1617,0.118-0.322,0.347,0.185,0.062
472,122276,-251.43,237,100.0,0.7452,0.101,0.4301,0.516,0.9499,0.237,0.4673,0.4072,-0.4936,B,0.1564,0.118-0.322,0.347,0.185,0.062
473,122668,-170.11,392,99.7,0.5766,0.158,0.4269,0.5309,0.9568,0.8674,0.6656,0.4007,-0.5335,B,0.1162,0.118-0.322,0.347,0.186,0.062
474,122725,-15.31,57,93.0,0.6434,0.1811,0.5039,0.4151,0.8041,0.3503,0.7732,0.46,-0.3586,B,0.1635,0.118-0.322,0.347,0.186,0.062
475,123004,18.24,279,97.8,0.4456,0.1031,0.4039,0.5237,0.9491,1.3703,0.4619,0.4219,-0.4959,B,0.136,0.118-0.322,0.348,0.186,0.062
476,123689,-654.62,685,99.9,0.6471,0.1581,0.4129,0.5572,0.9568,0.5443,0.7012,0.38,-0.5766,B,0.1193,0.118-0.322,0.349,0.186,0.062
477,124091,-239.76,402,99.0,0.5066,0.1943,0.4416,0.6098,0.9494,1.2155,0.8246,0.4118,-0.661,B,0.1539,0.118-0.322,0.349,0.187,0.062
478,124290,-311.43,199,76.9,0.8277,0.0887,0.4132,0.4922,0.91,0.081,0.321,0.3137,-0.4583,B,0.1218,0.118-0.322,0.349,0.187,0.062
479,124366,-60.11,76,96.1,0.5477,0.2514,0.4948,0.553,0.8278,0.7073,0.8891,0.4302,-0.5653,B,0.1609,0.118-0.322,0.349,0.187,0.062
480,124385,-7.5,19,78.9,0.5218,0.2325,0.7225,0.2732,0.4611,0.9766,0.6932,0.4238,-0.1995,B,0.1236,0.118-0.322,0.349,0.187,0.062
481,124563,32.2,178,99.4,0.3149,0.1312,0.4608,0.6037,0.9211,2.3366,0.5666,0.4195,-0.6543,B,0.1671,0.118-0.322,0.35,0.187,0.062
482,125021,-325.67,458,99.6,0.5587,0.167,0.4154,0.6009,0.9634,1.0648,0.7597,0.3827,-0.644,B,0.1417,0.118-0.322,0.35,0.188,0.063
483,125213,-207.2,192,99.5,0.668,0.1758,0.4609,0.5393,0.918,0.3736,0.8098,0.3951,-0.5664,B,0.1631,0.118-0.322,0.35,0.188,0.063
484,125424,-173.53,211,97.2,0.5329,0.0965,0.4189,0.5403,0.9347,0.7867,0.4252,0.3634,-0.5337,B,0.169,0.118-0.322,0.35,0.188,0.063
485,125505,-76.14,81,95.1,0.594,0.1915,0.4825,0.5359,0.8098,0.7285,0.7782,0.3673,-0.5562,B,0.1372,0.118-0.322,0.351,0.188,0.063
486,125614,-7.87,109,98.2,0.6687,0.2226,0.4154,0.4486,0.8919,0.4026,0.924,0.4627,-0.3836,B,0.1173,0.118-0.322,0.351,0.188,0.063
487,125697,154.07,83,97.6,0.2096,0.2272,0.4503,0.5111,0.8754,3.0386,0.9178,0.3996,-0.4986,B,0.1196,0.118-0.322,0.351,0.188,0.063
488,125721,-25.64,24,70.8,0.7849,0.0905,0.6742,0.3161,0.5501,0.1349,0.3091,0.4334,-0.2353,B,0.1477,0.118-0.322,0.351,0.188,0.063
489,125786,-84.26,65,86.2,0.9906,0.0868,0.5335,0.4503,0.7921,0.032,0.3591,0.3703,-0.4171,B,0.1319,0.118-0.322,0.351,0.188,0.063
490,125814,0.46,28,92.9,0.4154,0.2411,0.5682,0.4677,0.6392,1.8318,0.8176,0.4746,-0.4802,B,0.1519,0.118-0.322,0.351,0.188,0.063
491,125895,-33.68,81,97.5,0.4918,0.2073,0.4702,0.5361,0.8738,0.9829,0.8324,0.4628,-0.5241,B,0.1154,0.118-0.322,0.351,0.188,0.063
492,126194,99.2,299,98.0,0.4043,0.1868,0.4059,0.5686,0.9428,1.7121,0.7685,0.4397,-0.5719,B,0.1276,0.118-0.322,0.351,0.188,0.063
493,126681,-833.13,487,95.9,0.7441,0.1607,0.4191,0.6159,0.9482,0.321,0.6712,0.4017,-0.6843,B,0.1147,0.118-0.322,0.352,0.189,0.063
494,126896,-244.2,215,98.1,0.6217,0.1804,0.4519,0.5901,0.9315,0.7071,0.7182,0.4014,-0.6439,B,0.138,0.118-0.322,0.352,0.189,0.063
495,127046,-111.31,150,96.7,0.7006,0.2014,0.4646,0.5141,0.8954,0.3377,0.8655,0.4011,-0.4877,B,0.1358,0.118-0.322,0.352,0.189,0.063
496,127536,-368.83,490,98.6,0.4235,0.14,0.432,0.6268,0.9593,1.6553,0.6343,0.4048,-0.7005,B,0.1501,0.118-0.322,0.353,0.19,0.063
497,127554,-10.15,18,83.3,0.523,0.2305,0.6548,0.3362,0.4722,0.9674,0.7331,0.4604,-0.2822,B,0.1521,0.118-0.322,0.353,0.19,0.063
498,127581,-5.28,27,74.1,0.4288,0.2336,0.5616,0.4403,0.5367,1.2624,0.6376,0.4542,-0.3744,B,0.1682,0.118-0.322,0.353,0.19,0.063
499,127620,-14.22,39,100.0,0.5534,0.249,0.5827,0.4361,0.7411,0.8209,0.9485,0.4501,-0.421,B,0.1501,0.118-0.322,0.353,0.19,0.063
500,127708,-54.93,88,96.6,0.4494,0.2491,0.4752,0.6017,0.8627,1.3788,0.8431,0.4659,-0.6691,B,0.1713,0.118-0.322,0.353,0.19,0.063
501,127956,-368.29,248,99.6,0.7958,0.1124,0.3837,0.5416,0.9499,0.1303,0.5125,0.3754,-0.5168,B,0.174,0.118-0.322,0.353,0.19,0.063
502,128018,35.09,62,95.2,0.4412,0.2265,0.5155,0.4571,0.799,1.4978,0.9086,0.4043,-0.4209,B,0.1746,0.118-0.322,0.353,0.19,0.063
503,128056,-37.68,38,97.4,0.6731,0.1613,0.5727,0.4587,0.7292,0.4147,0.6929,0.4944,-0.4513,B,0.1465,0.118-0.322,0.353,0.19,0.063
504,128071,1.59,15,86.7,0.4615,0.2475,0.6635,0.2954,0.4418,1.3575,0.7409,0.4502,-0.1963,B,0.1178,0.118-0.322,0.353,0.19,0.063
505,128108,-55.83,37,75.7,0.7983,0.1017,0.5638,0.4362,0.6709,0.1385,0.3641,0.4477,-0.3908,B,0.1231,0.118-0.322,0.353,0.19,0.063
506,128179,-49.74,71,95.8,0.5134,0.1311,0.4969,0.5026,0.8511,0.8959,0.5451,0.3906,-0.5067,B,0.1688,0.118-0.322,0.354,0.19,0.063
507,128283,103.12,104,98.1,0.3002,0.2431,0.4441,0.5542,0.8958,2.3443,0.9515,0.4444,-0.5717,B,0.1505,0.118-0.322,0.354,0.19,0.063
508,128319,0.38,36,88.9,0.5149,0.2295,0.5115,0.4107,0.718,0.863,0.8422,0.453,-0.3588,B,0.1253,0.118-0.322,0.354,0.19,0.063
509,128378,-6.31,59,93.2,0.6044,0.1793,0.51,0.4,0.8055,0.4489,0.7738,0.436,-0.3324,B,0.1704,0.118-0.322,0.354,0.19,0.063
510,128539,9.14,161,98.1,0.5221,0.2217,0.5064,0.5274,0.8886,1.2559,0.8476,0.4353,-0.5424,B,0.1439,0.118-0.322,0.354,0.19,0.063
511,128555,-3.7,16,93.8,0.5138,0.2339,0.6514,0.2747,0.4877,1.1841,0.7975,0.4671,-0.215,B,0.1168,0.118-0.322,0.354,0.19,0.063
512,128584,-29.43,29,93.1,0.7748,0.1577,0.6145,0.3597,0.6082,0.237,0.6432,0.4723,-0.3051,B,0.122,0.118-0.322,0.354,0.19,0.063
513,128632,7.96,48,89.6,0.427,0.2303,0.5491,0.4637,0.7306,1.5495,0.8347,0.4085,-0.439,B,0.1643,0.118-0.322,0.354,0.191,0.064
514,128824,-87.58,192,98.4,0.6051,0.1833,0.4426,0.5321,0.9031,0.7971,0.7586,0.4215,-0.5446,B,0.1607,0.118-0.322,0.354,0.191,0.064
515,128894,-20.71,70,95.7,0.4613,0.2063,0.5097,0.5259,0.8168,1.2173,0.7117,0.4292,-0.5317,B,0.1537,0.118-0.322,0.354,0.191,0.064
516,128959,40.93,65,93.8,0.3827,0.255,0.5302,0.4506,0.786,1.7363,0.7608,0.359,-0.4249,B,0.1551,0.118-0.322,0.354,0.191,0.064
517,129054,-8.81,95,94.7,0.5668,0.2285,0.4603,0.4725,0.8721,0.6743,0.875,0.4041,-0.4146,B,0.1312,0.118-0.322,0.355,0.191,0.064
518,129402,-174.6,348,99.4,0.5667,0.1417,0.4355,0.5466,0.9364,0.9661,0.6483,0.4111,-0.5582,B,0.1536,0.118-0.322,0.355,0.191,0.064
519,129544,-191.74,142,100.0,0.8348,0.1042,0.4286,0.5392,0.9259,0.077,0.4836,0.45,-0.5241,B,0.1147,0.118-0.322,0.355,0.191,0.064
520,129565,-30.16,21,66.7,0.6893,0.155,0.6748,0.3329,0.4511,0.2927,0.4721,0.4432,-0.2658,B,0.1437,0.118-0.322,0.355,0.191,0.064
521,129666,-115.08,101,92.1,0.8578,0.1661,0.4838,0.4778,0.8057,0.1028,0.6709,0.2521,-0.4356,B,0.1666,0.118-0.322,0.355,0.191,0.064
522,129754,-56.12,88,95.5,0.6166,0.1302,0.5378,0.4563,0.8466,0.5024,0.5767,0.3913,-0.4359,B,0.1261,0.118-0.322,0.355,0.191,0.064
523,129842,197.06,88,97.7,0.174,0.2584,0.4438,0.4599,0.8678,3.1187,0.8597,0.4002,-0.4203,B,0.1335,0.118-0.322,0.355,0.192,0.064
524,129897,-52.38,55,92.7,0.5668,0.2165,0.5226,0.5095,0.7805,0.6674,0.8385,0.335,-0.5499,B,0.1646,0.118-0.322,0.355,0.192,0.064
525,129957,-53.47,60,90.0,0.6225,0.2079,0.513,0.5124,0.7991,0.5667,0.7915,0.4009,-0.533,B,0.1441,0.118-0.322,0.356,0.192,0.064
526,130034,-80.87,77,94.8,0.6453,0.1169,0.527,0.4855,0.8291,0.5097,0.5144,0.3786,-0.499,B,0.1474,0.118-0.322,0.356,0.192,0.064
527,130254,-196.12,220,95.0,0.8312,0.1742,0.3731,0.5225,0.9421,0.1029,0.7376,0.4589,-0.4842,B,0.1616,0.118-0.322,0.356,0.192,0.064
528,130536,-285.53,282,98.9,0.8385,0.1411,0.3998,0.5203,0.9299,0.1049,0.6513,0.4239,-0.499,B,0.118,0.118-0.322,0.356,0.192,0.064
529,130819,183.96,283,98.9,0.3203,0.1504,0.4429,0.5677,0.9477,2.228,0.6404,0.4634,-0.5931,B,0.1201,0.118-0.322,0.356,0.192,0.064
530,131012,-67.65,193,99.0,0.4509,0.1226,0.4127,0.5635,0.9408,1.2217,0.5425,0.462,-0.5634,B,0.1589,0.118-0.322,0.357,0.193,0.064
531,131069,-22.81,57,100.0,0.5374,0.2572,0.4751,0.5038,0.8362,0.8917,0.9317,0.4561,-0.4977,B,0.126,0.118-0.322,0.357,0.193,0.064
532,131206,-245.5,137,99.3,0.7712,0.1589,0.4891,0.5807,0.9008,0.1473,0.7145,0.4292,-0.6307,B,0.1417,0.118-0.322,0.357,0.193,0.064
533,131331,-165.86,125,93.6,0.7168,0.1486,0.4777,0.5594,0.8586,0.362,0.5992,0.4217,-0.5744,B,0.1424,0.118-0.322,0.357,0.193,0.064
534,131667,-53.65,336,99.4,0.4445,0.111,0.3927,0.5561,0.9596,1.3967,0.5031,0.4238,-0.5557,B,0.1497,0.118-0.322,0.357,0.193,0.064
535,131814,-23.32,147,93.9,0.4158,0.1207,0.4677,0.5491,0.9015,1.6647,0.4801,0.4378,-0.5736,B,0.1518,0.118-0.322,0.358,0.193,0.064
536,131835,-30.98,21,66.7,0.8025,0.0993,0.6444,0.3535,0.521,0.1124,0.3163,0.4605,-0.3092,B,0.1603,0.118-0.322,0.358,0.193,0.064
537,131916,-85.17,81,97.5,0.8676,0.0944,0.4691,0.4663,0.8438,0.0593,0.432,0.4668,-0.411,B,0.1459,0.118-0.322,0.358,0.193,0.064
538,131972,-40.15,56,100.0,0.8544,0.1032,0.5714,0.371,0.7873,0.1641,0.4778,0.4321,-0.3029,B,0.1598,0.118-0.322,0.358,0.193,0.064
539,132019,8.33,47,91.5,0.5527,0.2496,0.4934,0.4114,0.7813,0.8242,0.8648,0.4593,-0.3248,B,0.1712,0.118-0.322,0.358,0.193,0.064
540,132440,89.16,421,99.5,0.4501,0.1569,0.4048,0.5533,0.9623,1.5884,0.6447,0.4157,-0.5537,B,0.1643,0.118-0.322,0.358,0.194,0.065
541,132555,-137.08,115,99.1,0.4906,0.1987,0.5013,0.6208,0.8999,1.1813,0.8268,0.4212,-0.7311,B,0.1762,0.118-0.322,0.358,0.194,0.065
542,132858,-57.38,303,99.0,0.561,0.2325,0.4187,0.5325,0.9446,0.9169,0.8237,0.3969,-0.5296,B,0.1265,0.118-0.322,0.359,0.194,0.065
543,133066,-87.47,208,99.0,0.5794,0.1812,0.4857,0.5335,0.9307,0.8433,0.7877,0.4455,-0.5492,B,0.1688,0.118-0.322,0.359,0.194,0.065
544,133119,73.58,53,94.3,0.3452,0.2599,0.5961,0.3459,0.7298,2.0937,0.7762,0.3491,-0.2914,B,0.1768,0.118-0.322,0.359,0.194,0.065
545,133193,14.08,74,100.0,0.4332,0.2501,0.4781,0.523,0.8621,1.5212,0.952,0.4551,-0.5195,B,0.1529,0.118-0.322,0.359,0.194,0.065
546,133207,5.11,14,100.0,0.5691,0.2291,0.7539,0.2082,0.4228,1.1811,0.8396,0.4526,-0.1157,B,0.128,0.118-0.322,0.359,0.194,0.065
547,133376,74.54,169,97.6,0.4185,0.1681,0.4335,0.4845,0.912,1.6036,0.7413,0.3681,-0.4476,B,0.1248,0.118-0.322,0.359,0.194,0.065
548,133463,198.29,87,95.4,0.1848,0.2718,0.4384,0.4704,0.8718,3.0904,0.7937,0.4579,-0.4347,B,0.1518,0.118-0.322,0.359,0.195,0.065
549,133644,-132.9,181,98.3,0.7735,0.1325,0.4466,0.4656,0.9063,0.1442,0.5948,0.4457,-0.4237,B,0.1764,0.118-0.322,0.36,0.195,0.065
550,133959,-252.81,315,99.4,0.527,0.187,0.4265,0.6258,0.9499,1.1625,0.8365,0.4267,-0.7002,B,0.131,0.118-0.322,0.36,0.195,0.065
551,134033,-25.83,74,98.6,0.5969,0.2288,0.4835,0.5025,0.8537,0.775,0.943,0.4757,-0.4973,B,0.1327,0.118-0.322,0.36,0.195,0.065
552,134059,-1.45,26,92.3,0.6483,0.174,0.6483,0.3017,0.6645,0.4185,0.7341,0.4525,-0.2539,B,0.1232,0.118-0.322,0.36,0.195,0.065
553,134073,-13.89,14,85.7,0.5049,0.2327,0.8335,0.2337,0.3433,1.3401,0.7334,0.4275,-0.2087,B,0.1595,0.118-0.322,0.36,0.195,0.065
554,134173,-91.22,100,87.0,0.7419,0.1445,0.4889,0.4822,0.8971,0.2452,0.5403,0.4831,-0.4686,B,0.1596,0.118-0.322,0.36,0.195,0.065
555,134474,-91.56,301,99.7,0.3415,0.1885,0.4611,0.6735,0.9517,2.2235,0.8609,0.4141,-0.7917,B,0.1172,0.118-0.322,0.361,0.195,0.065
556,134492,-13.8,18,88.9,0.5856,0.2324,0.7695,0.272,0.4843,0.6531,0.8083,0.4819,-0.2376,B,0.1742,0.118-0.322,0.361,0.195,0.065
557,134533,33.81,41,95.1,0.4429,0.2402,0.5502,0.3985,0.745,1.4982,0.8861,0.4512,-0.3167,B,0.1185,0.118-0.322,0.361,0.195,0.065
558,134558,-0.87,25,96.0,0.5156,0.2578,0.6627,0.33,0.6304,1.0307,0.7839,0.4605,-0.2651,B,0.1222,0.118-0.322,0.361,0.195,0.065
559,134572,-1.94,14,92.9,0.6396,0.2062,0.871,0.1416,0.422,0.4493,0.8084,0.4573,-0.0894,B,0.1228,0.118-0.322,0.361,0.195,0.065
560,134759,-325.3,187,96.8,0.6424,0.1248,0.4527,0.5859,0.9271,0.4068,0.5639,0.3753,-0.6291,B,0.1601,0.118-0.322,0.361,0.196,0.065
561,134937,61.62,178,98.3,0.4329,0.2287,0.4529,0.5429,0.9185,1.6131,0.8431,0.4597,-0.5586,B,0.1603,0.118-0.322,0.361,0.196,0.065
562,134989,36.06,52,90.4,0.4372,0.2466,0.4897,0.4367,0.7985,1.508,0.7993,0.4351,-0.3922,B,0.1341,0.118-0.322,0.361,0.196,0.065
563,135010,-25.98,21,85.7,0.5894,0.2201,0.6691,0.452,0.5403,0.648,0.7488,0.4561,-0.4635,B,0.1445,0.118-0.322,0.361,0.196,0.065
564,135302,-182.91,292,99.0,0.6178,0.176,0.4253,0.5533,0.9501,0.8277,0.7426,0.4081,-0.5507,B,0.1226,0.118-0.322,0.361,0.196,0.065
565,135792,-587.36,490,99.6,0.686,0.129,0.4144,0.5912,0.9671,0.8037,0.5832,0.4422,-0.6226,B,0.1594,0.118-0.322,0.362,0.196,0.065
566,136003,-267.52,211,99.1,0.7759,0.1462,0.4084,0.5321,0.93,0.1475,0.673,0.3228,-0.5211,B,0.1481,0.118-0.322,0.362,0.197,0.066
567,136017,-1.67,14,85.7,0.5326,0.2324,0.844,0.1839,0.3724,1.1136,0.7292,0.457,-0.1634,B,0.1266,0.118-0.322,0.362,0.197,0.066
568,136036,-3.23,19,84.2,0.4157,0.2364,0.6837,0.3707,0.5074,1.818,0.6934,0.445,-0.3827,B,0.1381,0.118-0.322,0.362,0.197,0.066
569,136099,16.92,63,98.4,0.5119,0.2184,0.5493,0.4223,0.8337,1.0663,0.9008,0.4337,-0.3991,B,0.1785,0.118-0.322,0.362,0.197,0.066
570,136130,-15.12,31,83.9,0.6455,0.2157,0.631,0.3504,0.6436,0.3489,0.7602,0.438,-0.3082,B,0.1772,0.118-0.322,0.362,0.197,0.066
571,136145,-6.21,15,100.0,0.65,0.1992,0.8047,0.1698,0.3392,0.7501,0.7839,0.4479,-0.0918,B,0.121,0.118-0.322,0.362,0.197,0.066
572,136188,-25.15,43,95.3,0.5166,0.2466,0.5441,0.4543,0.7582,0.8792,0.8667,0.4116,-0.4466,B,0.1614,0.118-0.322,0.362,0.197,0.066
573,136266,-82.42,78,97.4,0.5808,0.1583,0.5116,0.5385,0.8662,0.5703,0.7181,0.4463,-0.5668,B,0.1239,0.118-0.322,0.363,0.197,0.066
574,136449,-191.61,183,97.8,0.5746,0.1603,0.4436,0.5608,0.9283,0.6985,0.7172,0.3791,-0.5728,B,0.1793,0.118-0.322,0.363,0.197,0.066
575,136471,-22.86,22,86.4,0.6508,0.1955,0.6673,0.4311,0.5556,0.5025,0.7209,0.4885,-0.3843,B,0.175,0.118-0.322,0.363,0.197,0.066
576,136646,44.1,175,96.0,0.4354,0.2542,0.4504,0.5461,0.9197,1.5571,0.8302,0.4004,-0.5583,B,0.1267,0.118-0.322,0.363,0.197,0.066
577,136663,-13.41,17,88.2,0.7066,0.1833,0.7079,0.299,0.5012,0.5928,0.6624,0.4289,-0.2377,B,0.1714,0.118-0.322,0.363,0.197,0.066
578,137007,2.4,344,99.7,0.5968,0.1931,0.4265,0.4868,0.9474,0.7879,0.7863,0.4017,-0.4615,B,0.1171,0.118-0.322,0.363,0.198,0.066
579,137186,-229.54,179,91.1,0.7241,0.1764,0.4522,0.5272,0.8923,0.2773,0.7005,0.2687,-0.5197,B,0.1361,0.118-0.322,0.364,0.198,0.066
580,137501,109.12,315,99.7,0.6208,0.1977,0.4379,0.4643,0.9339,0.9227,0.8205,0.4316,-0.4201,B,0.1436,0.118-0.322,0.364,0.198,0.066
581,137515,-3.99,14,92.9,0.6171,0.2139,0.7621,0.2756,0.4182,0.7439,0.7548,0.4603,-0.2022,B,0.1337,0.118-0.322,0.364,0.198,0.066
582,137542,23.25,27,88.9,0.3242,0.2519,0.6196,0.4158,0.6788,2.2834,0.7505,0.4884,-0.4096,B,0.1762,0.118-0.322,0.364,0.198,0.066
583,137802,-28.37,260,97.3,0.4744,0.2241,0.4347,0.5594,0.9309,1.3168,0.7832,0.3637,-0.5717,B,0.1258,0.118-0.322,0.364,0.198,0.066
584,137816,-4.96,14,100.0,0.4559,0.2413,0.7223,0.2462,0.4335,1.5928,0.8368,0.4585,-0.1701,B,0.1511,0.118-0.322,0.364,0.198,0.066
585,138152,-311.34,336,94.0,0.546,0.1526,0.4282,0.5873,0.9443,1.1592,0.6677,0.2898,-0.6293,B,0.1531,0.118-0.322,0.365,0.198,0.066
586,138219,-91.37,67,80.6,1.0193,0.0996,0.4899,0.446,0.7853,0.084,0.3494,0.3744,-0.4056,B,0.1535,0.118-0.322,0.365,0.199,0.066
587,138282,-22.27,63,96.8,0.4651,0.2137,0.5056,0.5713,0.8503,1.4293,0.9046,0.4378,-0.5859,B,0.1816,0.118-0.322,0.365,0.199,0.066
588,138383,74.28,101,98.0,0.3635,0.119,0.4897,0.4677,0.8815,1.9617,0.4971,0.412,-0.4374,B,0.1447,0.118-0.322,0.365,0.199,0.066
589,138837,38.82,454,99.8,0.4958,0.2141,0.437,0.5374,0.948,1.201,0.8046,0.4356,-0.5374,B,0.124,0.118-0.322,0.365,0.199,0.066
590,139374,514.56,537,99.3,0.347,0.1086,0.4024,0.5158,0.9667,2.2118,0.4746,0.4085,-0.4932,B,0.1571,0.118-0.322,0.366,0.199,0.066
591,139594,151.88,220,97.7,0.36,0.1554,0.4412,0.5266,0.9366,1.942,0.6654,0.4468,-0.5234,B,0.1416,0.118-0.322,0.366,0.2,0.067
592,140048,587.6,454,98.7,0.2527,0.1811,0.3972,0.5643,0.9693,2.6881,0.7087,0.4276,-0.5754,B,0.1742,0.118-0.322,0.367,0.2,0.067
593,140075,-5.05,27,96.3,0.5282,0.2549,0.6253,0.3935,0.6585,0.9269,0.837,0.4416,-0.3524,B,0.1321,0.118-0.322,0.367,0.2,0.067
594,140090,-21.59,15,73.3,0.7862,0.1104,0.7894,0.2521,0.3919,0.1508,0.3867,0.479,-0.2138,B,0.1563,0.118-0.322,0.367,0.2,0.067
595,140105,4.12,15,86.7,0.5205,0.2223,0.7887,0.2147,0.3577,1.2679,0.7034,0.4471,-0.1111,B,0.1195,0.118-0.322,0.367,0.2,0.067
596,140122,-13.4,17,70.6,0.77,0.1491,0.736,0.2789,0.3943,0.2536,0.4802,0.4153,-0.2047,B,0.1257,0.118-0.322,0.367,0.2,0.067
597,140148,-7.46,26,84.6,0.5562,0.195,0.5667,0.3521,0.6123,0.738,0.718,0.4338,-0.2779,B,0.1302,0.118-0.322,0.367,0.2,0.067
598,140164,-7.66,16,87.5,0.4954,0.2275,0.7543,0.2963,0.3823,1.3873,0.69,0.4704,-0.2696,B,0.1349,0.118-0.322,0.367,0.2,0.067
599,140544,300.94,380,99.2,0.3561,0.213,0.4266,0.5372,0.948,2.0635,0.879,0.3729,-0.5526,B,0.1823,0.118-0.322,0.367,0.2,0.067
600,140559,-20.0,15,73.3,0.8165,0.1455,0.7985,0.2862,0.4023,0.1934,0.4856,0.4456,-0.255,B,0.1327,0.118-0.322,0.367,0.2,0.067
601,140642,-36.85,83,98.8,0.6543,0.2081,0.4673,0.4818,0.8635,0.4932,0.7893,0.4736,-0.4386,B,0.1446,0.118-0.322,0.367,0.201,0.067
602,140662,-21.45,20,90.0,0.6607,0.1709,0.718,0.3211,0.4975,0.5733,0.6455,0.456,-0.2807,B,0.1758,0.118-0.322,0.367,0.201,0.067
603,140773,-121.28,111,98.2,0.7682,0.1156,0.4301,0.4984,0.9008,0.1918,0.5068,0.4582,-0.484,B,0.1348,0.118-0.322,0.368,0.201,0.067
604,141449,302.89,676,99.7,0.4176,0.1393,0.387,0.525,0.9711,1.7041,0.6033,0.3858,-0.5089,B,0.1643,0.118-0.322,0.368,0.201,0.067
605,141661,-3.2,212,92.9,0.5265,0.1647,0.4759,0.5004,0.9215,1.2172,0.6445,0.3301,-0.4861,B,0.1465,0.118-0.322,0.369,0.201,0.067
606,141958,170.35,297,98.7,0.3109,0.1877,0.4359,0.5787,0.9526,2.2738,0.7919,0.4156,-0.6136,B,0.1477,0.118-0.322,0.369,0.202,0.067
607,141981,9.3,23,82.6,0.4436,0.2336,0.6948,0.3053,0.5393,1.5217,0.708,0.4634,-0.2484,B,0.1762,0.118-0.322,0.369,0.202,0.067
608,142044,-4.22,63,96.8,0.4659,0.2602,0.5127,0.5034,0.8253,1.3322,0.811,0.434,-0.5171,B,0.1242,0.118-0.322,0.369,0.202,0.067
609,142658,-46.39,614,95.9,0.4447,0.1645,0.4196,0.5419,0.9621,1.4397,0.6985,0.3415,-0.5388,B,0.1233,0.118-0.322,0.37,0.202,0.067
610,142846,-178.73,188,97.9,0.655,0.2116,0.4508,0.5679,0.918,0.4217,0.8885,0.4183,-0.5889,B,0.1261,0.118-0.322,0.37,0.202,0.067
611,143082,49.41,236,100.0,0.4539,0.2119,0.4049,0.5514,0.9439,1.4151,0.8214,0.4747,-0.5476,B,0.1182,0.118-0.322,0.37,0.203,0.068
612,143665,-397.45,583,98.8,0.489,0.0933,0.4379,0.5831,0.9577,1.3325,0.4424,0.3928,-0.6314,B,0.119,0.118-0.322,0.371,0.203,0.068
613,143800,-217.24,135,96.3,0.6341,0.2193,0.4826,0.6209,0.8985,0.4331,0.8825,0.4221,-0.7049,B,0.1849,0.118-0.322,0.371,0.203,0.068
614,143888,101.04,88,98.9,0.3607,0.2443,0.4425,0.4975,0.887,2.0754,0.9425,0.4488,-0.4652,B,0.1774,0.118-0.322,0.371,0.203,0.068
615,144309,254.79,421,98.1,0.3722,0.1766,0.3856,0.5213,0.9584,1.8451,0.7372,0.3636,-0.4988,B,0.1264,0.118-0.322,0.371,0.204,0.068
616,144344,-24.54,35,88.6,0.656,0.1975,0.5222,0.4338,0.6952,0.3272,0.7124,0.4709,-0.3962,B,0.1551,0.118-0.322,0.371,0.204,0.068
617,144762,429.99,418,99.8,0.3136,0.2443,0.4159,0.5751,0.9564,2.4588,0.8658,0.3704,-0.6021,B,0.1452,0.118-0.322,0.372,0.204,0.068
618,144861,-58.65,99,96.0,0.7615,0.1494,0.4611,0.4448,0.8621,0.203,0.6285,0.4459,-0.3998,B,0.1578,0.118-0.322,0.372,0.204,0.068
619,145189,36.0,328,97.9,0.4978,0.1863,0.4582,0.5191,0.9324,1.2447,0.7568,0.3689,-0.5048,B,0.1544,0.118-0.322,0.372,0.204,0.068
620,145208,1.33,19,89.5,0.5062,0.2437,0.6732,0.3041,0.4997,1.0838,0.8051,0.4467,-0.2111,B,0.1786,0.118-0.322,0.372,0.204,0.068
621,145300,58.0,92,96.7,0.416,0.2122,0.4592,0.4817,0.8682,1.581,0.8807,0.4582,-0.4612,B,0.1509,0.118-0.322,0.373,0.204,0.068
622,145345,30.1,45,97.8,0.419,0.2555,0.5624,0.4363,0.7773,1.6453,0.8699,0.4776,-0.3956,B,0.1765,0.118-0.322,0.373,0.204,0.068
623,145369,-15.15,24,87.5,0.7076,0.189,0.5963,0.3818,0.5988,0.2153,0.6927,0.4829,-0.3139,B,0.1574,0.118-0.322,0.373,0.204,0.068
624,145396,7.76,27,92.6,0.4472,0.2411,0.6601,0.3943,0.6267,1.6348,0.7927,0.4774,-0.3694,B,0.1789,0.118-0.322,0.373,0.204,0.068
625,145787,187.95,391,99.0,0.4418,0.1525,0.4382,0.5265,0.9443,1.7552,0.6485,0.4035,-0.5213,B,0.1328,0.118-0.322,0.373,0.205,0.068
626,145802,2.67,15,80.0,0.5614,0.213,0.8682,0.1258,0.3022,0.9629,0.6774,0.4593,-0.0529,B,0.1814,0.118-0.322,0.373,0.205,0.068
627,145825,3.99,23,95.7,0.4957,0.2457,0.6033,0.3827,0.5977,1.1226,0.8549,0.4541,-0.3036,B,0.1482,0.118-0.322,0.373,0.205,0.068
628,145940,176.19,115,94.8,0.273,0.2158,0.4619,0.4807,0.8744,2.5323,0.8721,0.4315,-0.4594,B,0.131,0.118-0.322,0.373,0.205,0.068
629,146008,-33.73,68,97.1,0.5638,0.1681,0.5228,0.4507,0.8299,0.7382,0.6371,0.4204,-0.4111,B,0.1601,0.118-0.322,0.373,0.205,0.068
630,146075,29.61,67,97.0,0.4174,0.211,0.4788,0.4598,0.834,1.5226,0.7115,0.432,-0.419,B,0.1712,0.118-0.322,0.373,0.205,0.068
631,146092,-4.93,17,82.4,0.6255,0.2172,0.7421,0.2658,0.4042,0.5783,0.6805,0.4665,-0.1824,B,0.1805,0.118-0.322,0.373,0.205,0.068
632,146338,-249.32,246,98.4,0.7186,0.088,0.4583,0.5249,0.9099,0.5401,0.413,0.3538,-0.5204,B,0.1439,0.118-0.322,0.374,0.205,0.068
633,146367,-22.79,29,82.8,0.6396,0.2247,0.6353,0.3625,0.6213,0.385,0.7054,0.4033,-0.3232,B,0.1772,0.118-0.322,0.374,0.205,0.068
634,146387,0.05,20,85.0,0.5609,0.2228,0.694,0.2635,0.472,0.7941,0.7378,0.4504,-0.1615,B,0.1842,0.118-0.322,0.374,0.205,0.068
635,146499,-91.66,112,98.2,0.4682,0.1103,0.4849,0.5585,0.8994,1.1713,0.4738,0.4273,-0.5901,B,0.1391,0.118-0.322,0.374,0.205,0.068
636,147127,-19.85,628,99.5,0.4046,0.1364,0.4099,0.5892,0.9671,1.7472,0.6206,0.3755,-0.6206,B,0.1792,0.118-0.322,0.375,0.206,0.069
637,147318,75.07,191,95.8,0.5064,0.1827,0.4301,0.483,0.9105,1.3848,0.7256,0.2882,-0.436,B,0.1668,0.118-0.322,0.375,0.206,0.069
638,147332,-12.4,14,85.7,0.6989,0.1952,0.7293,0.2502,0.416,0.4638,0.706,0.4378,-0.2121,B,0.1602,0.118-0.322,0.375,0.206,0.069
639,147683,367.4,351,98.9,0.2442,0.1669,0.3955,0.5663,0.9625,2.7377,0.7218,0.3888,-0.5796,B,0.1683,0.118-0.322,0.375,0.206,0.069
640,147721,-29.49,38,84.2,0.7776,0.1379,0.6672,0.3462,0.641,0.1752,0.5361,0.3985,-0.2943,B,0.134,0.118-0.322,0.375,0.206,0.069
641,147739,-11.19,18,94.4,0.5227,0.2446,0.7042,0.2774,0.4645,1.1173,0.84,0.4724,-0.2661,B,0.1322,0.118-0.322,0.375,0.206,0.069
642,147753,7.5,14,92.9,0.5369,0.2057,0.8026,0.1812,0.3375,1.5422,0.7319,0.4329,-0.0988,B,0.1863,0.118-0.322,0.375,0.206,0.069
643,147768,-25.7,15,93.3,0.6872,0.1907,0.8074,0.3127,0.4376,0.4417,0.7824,0.4519,-0.3322,B,0.1846,0.118-0.322,0.375,0.206,0.069
644,147811,-3.33,43,95.3,0.4908,0.227,0.53,0.4508,0.7695,1.1704,0.8472,0.454,-0.4435,B,0.1788,0.118-0.322,0.375,0.207,0.069
645,147944,-170.85,133,98.5,0.8575,0.1048,0.4629,0.5072,0.878,0.1708,0.4793,0.345,-0.4891,B,0.1302,0.118-0.322,0.375,0.207,0.069
646,148161,41.74,217,98.2,0.4732,0.0572,0.4538,0.4739,0.9041,1.5751,0.2748,0.4157,-0.4421,B,0.1476,0.118-0.322,0.376,0.207,0.069
647,148716,264.32,555,99.5,0.2856,0.1554,0.3998,0.5915,0.9709,2.3866,0.6769,0.3848,-0.6245,B,0.1543,0.118-0.322,0.376,0.207,0.069
648,148764,-5.04,48,85.4,0.6341,0.1921,0.5435,0.3812,0.741,0.5988,0.6775,0.392,-0.3322,B,0.1728,0.118-0.322,0.376,0.207,0.069
649,148809,0.88,45,93.3,0.4802,0.2259,0.5266,0.4856,0.7865,1.1395,0.8838,0.4497,-0.4512,B,0.1374,0.118-0.322,0.376,0.207,0.069
650,149508,-48.79,699,99.1,0.4192,0.1178,0.4032,0.5787,0.973,1.6532,0.5224,0.3961,-0.5959,B,0.1298,0.118-0.322,0.377,0.208,0.069
651,149586,77.52,78,94.9,0.2998,0.2515,0.4948,0.5047,0.8552,2.3281,0.7594,0.4431,-0.5045,B,0.1809,0.118-0.322,0.377,0.208,0.069
652,149710,-52.3,124,98.4,0.7309,0.1747,0.4597,0.4652,0.8862,0.4332,0.6728,0.3515,-0.4072,B,0.171,0.118-0.322,0.377,0.208,0.069
653,150072,-113.72,362,98.3,0.5724,0.1782,0.4658,0.51,0.9338,0.8574,0.7183,0.4108,-0.518,B,0.1656,0.118-0.322,0.378,0.208,0.069
654,150132,91.9,60,96.7,0.359,0.2494,0.5372,0.4096,0.8296,2.059,0.9031,0.4758,-0.3538,B,0.1266,0.118-0.322,0.378,0.208,0.069
655,150273,317.77,141,95.7,0.1757,0.1262,0.4607,0.4319,0.9003,3.1384,0.4879,0.4223,-0.3682,B,0.1266,0.118-0.322,0.378,0.209,0.07
656,150311,-17.17,38,97.4,0.8053,0.1836,0.5411,0.3859,0.7381,0.1589,0.7861,0.4661,-0.3003,B,0.1346,0.118-0.322,0.378,0.209,0.07
657,150353,8.87,42,97.6,0.6756,0.2031,0.6736,0.352,0.7626,0.3735,0.8384,0.4706,-0.2718,B,0.1564,0.118-0.322,0.378,0.209,0.07
658,150368,-14.69,15,73.3,0.736,0.1635,0.7176,0.2322,0.3741,0.1416,0.5411,0.4823,-0.161,B,0.1665,0.118-0.322,0.378,0.209,0.07
659,150387,0.71,19,84.2,0.4544,0.2343,0.704,0.2915,0.4937,1.4703,0.7229,0.4854,-0.2182,B,0.172,0.118-0.322,0.378,0.209,0.07
660,150473,-1.0,86,98.8,0.5838,0.2461,0.4316,0.4679,0.8725,0.6764,0.9576,0.48,-0.4315,B,0.1709,0.118-0.322,0.378,0.209,0.07
661,150558,-121.6,85,91.8,0.6902,0.0878,0.5432,0.4977,0.8602,0.2346,0.3967,0.3847,-0.5017,B,0.1451,0.118-0.322,0.378,0.209,0.07
662,150572,2.88,14,92.9,0.4426,0.2463,0.7525,0.1904,0.4244,1.5948,0.8136,0.4466,-0.1202,B,0.1707,0.118-0.322,0.378,0.209,0.07
663,150606,36.61,34,94.1,0.3463,0.2663,0.6009,0.3789,0.7222,2.0266,0.7459,0.424,-0.312,B,0.1207,0.118-0.322,0.378,0.209,0.07
664,150824,-4.27,218,95.4,0.3227,0.1003,0.4715,0.5852,0.8995,2.1969,0.445,0.4433,-0.6393,B,0.1518,0.118-0.322,0.379,0.209,0.07
665,150839,-11.56,15,80.0,0.5823,0.2195,0.8776,0.1116,0.2894,0.8531,0.702,0.4835,-0.0305,B,0.1539,0.118-0.322,0.379,0.209,0.07
666,151361,167.68,522,99.6,0.3172,0.209,0.4189,0.6286,0.9676,2.2755,0.8613,0.3665,-0.6995,B,0.1655,0.118-0.322,0.379,0.209,0.07
667,151861,1.78,500,98.2,0.3844,0.1606,0.4241,0.5946,0.9665,1.7608,0.64,0.3937,-0.6235,B,0.1237,0.118-0.322,0.38,0.21,0.07
668,152258,-70.66,397,99.0,0.4794,0.161,0.4213,0.5457,0.9591,1.0566,0.7218,0.4518,-0.5454,B,0.1879,0.118-0.322,0.38,0.21,0.07
669,152297,-67.14,39,94.9,0.6135,0.2075,0.6054,0.5443,0.739,0.5232,0.8617,0.4752,-0.6573,B,0.1725,0.118-0.322,0.38,0.21,0.07
670,152548,-366.54,251,100.0,0.7082,0.1751,0.4378,0.5879,0.9462,0.2522,0.805,0.3671,-0.6328,B,0.1613,0.118-0.322,0.381,0.21,0.07
671,152598,72.03,50,94.0,0.2221,0.2636,0.5646,0.4826,0.7742,2.9128,0.7664,0.4603,-0.466,B,0.1427,0.118-0.322,0.381,0.21,0.07
672,152763,182.83,165,97.6,0.2844,0.1376,0.4653,0.5115,0.9262,2.4459,0.5536,0.4436,-0.5052,B,0.1438,0.118-0.322,0.381,0.211,0.07
673,153040,283.45,277,99.6,0.3261,0.1727,0.4383,0.5125,0.9522,2.1282,0.7003,0.4245,-0.4975,B,0.1393,0.118-0.322,0.381,0.211,0.07
674,153055,-3.62,15,80.0,0.5542,0.219,0.8052,0.2419,0.3885,0.8889,0.6781,0.4902,-0.1841,B,0.1658,0.118-0.322,0.381,0.211,0.07
675,153363,-239.0,308,99.7,0.5965,0.1505,0.4044,0.5311,0.9513,0.6918,0.6953,0.3389,-0.5244,B,0.1768,0.118-0.322,0.382,0.211,0.07
676,153411,23.71,48,97.9,0.3009,0.2718,0.5438,0.5412,0.812,2.4139,0.7712,0.4605,-0.5687,B,0.1349,0.118-0.322,0.382,0.211,0.07
677,153599,-24.2,188,100.0,0.5539,0.1714,0.4457,0.506,0.9281,0.9984,0.7737,0.3981,-0.5,B,0.1315,0.118-0.322,0.382,0.211,0.07
678,153613,3.46,14,92.9,0.4579,0.2314,0.7486,0.2388,0.43,1.6063,0.7497,0.4433,-0.205,B,0.1781,0.118-0.322,0.382,0.211,0.07
679,153987,23.81,374,100.0,0.5077,0.1901,0.4045,0.5242,0.9587,1.1217,0.8231,0.3731,-0.5047,B,0.1688,0.118-0.322,0.382,0.212,0.071
680,154002,-14.12,15,86.7,0.5832,0.2163,0.745,0.3421,0.3884,0.7433,0.7449,0.4417,-0.3033,B,0.1849,0.118-0.322,0.382,0.212,0.071
681,154019,-19.92,17,76.5,0.5816,0.2239,0.7975,0.2961,0.3964,0.6911,0.6148,0.4449,-0.2731,B,0.1859,0.118-0.322,0.382,0.212,0.071
682,154043,-1.65,24,83.3,0.5586,0.2108,0.7462,0.3109,0.5649,0.9444,0.6973,0.4679,-0.2444,B,0.1248,0.118-0.322,0.382,0.212,0.071
683,154060,-0.34,17,82.4,0.6164,0.212,0.7282,0.2157,0.4276,0.5574,0.7193,0.4619,-0.1198,B,0.1638,0.118-0.322,0.382,0.212,0.071
684,154111,30.17,51,96.1,0.4888,0.248,0.5601,0.3893,0.7948,1.2033,0.9075,0.4578,-0.3423,B,0.1332,0.118-0.322,0.382,0.212,0.071
685,154183,97.37,72,94.4,0.2413,0.2498,0.4734,0.5442,0.8439,2.8014,0.8904,0.4513,-0.5397,B,0.153,0.118-0.322,0.382,0.212,0.071
686,154534,245.14,351,99.7,0.2948,0.1907,0.4101,0.607,0.9651,2.5584,0.7693,0.3631,-0.6633,B,0.1614,0.118-0.322,0.383,0.212,0.071
687,154587,-15.01,53,94.3,0.4941,0.258,0.491,0.5142,0.8246,1.0603,0.7731,0.4334,-0.4991,B,0.1411,0.118-0.322,0.383,0.212,0.071
688,154889,150.13,302,99.0,0.3164,0.1188,0.4457,0.5667,0.9551,2.2233,0.5028,0.44,-0.5855,B,0.1639,0.118-0.322,0.383,0.212,0.071
689,155086,184.99,197,100.0,0.2369,0.1437,0.4967,0.562,0.9396,2.8319,0.5707,0.4644,-0.6148,B,0.1261,0.118-0.322,0.383,0.213,0.071
690,155118,29.4,32,93.8,0.3963,0.2526,0.542,0.4262,0.7093,1.8806,0.7775,0.4452,-0.3645,B,0.1858,0.118-0.322,0.383,0.213,0.071
691,155172,59.58,54,94.4,0.3814,0.2464,0.5746,0.3661,0.7841,1.7649,0.8135,0.4113,-0.3167,B,0.173,0.118-0.322,0.384,0.213,0.071
692,155408,-153.1,236,91.1,0.5567,0.1295,0.3982,0.5185,0.896,0.7745,0.4883,0.34,-0.4811,B,0.1366,0.118-0.322,0.384,0.213,0.071
693,155517,228.42,109,96.3,0.1588,0.1175,0.4974,0.4511,0.8851,3.2785,0.4464,0.4082,-0.4082,B,0.1808,0.118-0.322,0.384,0.213,0.071
694,155536,0.25,19,94.7,0.3923,0.245,0.6159,0.3985,0.5361,1.9301,0.8153,0.4537,-0.3163,B,0.1885,0.118-0.322,0.384,0.213,0.071
695,155563,2.04,27,100.0,0.4975,0.2517,0.6173,0.3605,0.666,1.3152,0.7803,0.4161,-0.2879,B,0.13,0.118-0.322,0.384,0.213,0.071
696,155578,-8.49,15,93.3,0.6302,0.228,0.7777,0.2891,0.42,0.5993,0.8239,0.4506,-0.2435,B,0.1703,0.118-0.322,0.384,0.213,0.071
697,155598,-3.04,20,85.0,0.524,0.2295,0.7087,0.2923,0.5161,1.0672,0.7147,0.453,-0.2089,B,0.1773,0.118-0.322,0.384,0.213,0.071
698,156036,137.95,438,99.5,0.3997,0.1798,0.4206,0.5574,0.9565,1.8025,0.8057,0.3783,-0.5706,B,0.1378,0.118-0.322,0.384,0.213,0.071
699,156483,-212.36,447,99.3,0.5871,0.1775,0.4102,0.5607,0.9632,0.8428,0.7784,0.3943,-0.5647,B,0.191,0.118-0.322,0.385,0.214,0.071
700,156693,194.44,210,99.5,0.242,0.1302,0.431,0.5828,0.944,2.8204,0.5285,0.4565,-0.6132,B,0.1854,0.118-0.322,0.385,0.214,0.071
701,156745,8.88,52,86.5,0.454,0.2355,0.5303,0.4589,0.7613,1.4293,0.7608,0.4364,-0.4451,B,0.1367,0.118-0.322,0.385,0.214,0.071
702,156797,-41.31,52,78.8,0.6087,0.2211,0.5321,0.4944,0.7361,0.6935,0.6508,0.458,-0.4979,B,0.1548,0.118-0.322,0.385,0.214,0.071
703,156819,-29.97,22,77.3,0.7669,0.1102,0.6961,0.3537,0.5794,0.114,0.3998,0.4804,-0.3398,B,0.1472,0.118-0.322,0.385,0.214,0.071
704,156838,-13.48,19,78.9,0.7076,0.1544,0.763,0.2536,0.5225,0.2784,0.5734,0.4887,-0.2004,B,0.1606,0.118-0.322,0.385,0.214,0.071
705,156963,-128.19,125,97.6,0.813,0.1534,0.4589,0.4988,0.8934,0.1028,0.6956,0.4465,-0.4673,B,0.1737,0.118-0.322,0.386,0.214,0.071
706,157010,0.31,47,97.9,0.4716,0.2713,0.5265,0.4645,0.7914,1.2893,0.7661,0.4558,-0.4393,B,0.172,0.118-0.322,0.386,0.214,0.071
707,157024,13.3,14,92.9,0.4456,0.2314,0.7213,0.2165,0.4425,1.8357,0.7636,0.4525,-0.1206,B,0.1607,0.118-0.322,0.386,0.214,0.071
708,157059,-20.57,35,88.6,0.5946,0.2188,0.6008,0.445,0.7272,0.5977,0.8141,0.4209,-0.4308,B,0.1314,0.118-0.322,0.386,0.214,0.071
709,157545,675.5,486,99.8,0.2607,0.2232,0.3835,0.5687,0.9709,2.6394,0.9001,0.3941,-0.5771,B,0.1775,0.118-0.322,0.386,0.215,0.072
710,157562,-5.14,17,82.4,0.6191,0.1919,0.6972,0.2929,0.4453,0.6159,0.6577,0.4642,-0.2198,B,0.1235,0.118-0.322,0.386,0.215,0.072
711,157582,-4.65,20,85.0,0.5309,0.223,0.7133,0.3529,0.5304,1.0279,0.7315,0.4219,-0.3266,B,0.1758,0.118-0.322,0.386,0.215,0.072
712,157655,71.98,73,94.5,0.2449,0.1439,0.5353,0.4974,0.8501,2.6823,0.5349,0.4143,-0.5068,B,0.1284,0.118-0.322,0.386,0.215,0.072
713,157805,247.17,150,98.7,0.2853,0.1961,0.4712,0.4735,0.9257,2.4368,0.7241,0.4519,-0.4282,B,0.1801,0.118-0.322,0.386,0.215,0.072
714,157966,-208.93,161,99.4,0.839,0.1389,0.4306,0.5411,0.9163,0.134,0.6283,0.3811,-0.5314,B,0.1658,0.118-0.322,0.387,0.215,0.072
715,158090,-169.01,124,99.2,0.9433,0.0666,0.4354,0.5035,0.911,0.032,0.3158,0.4156,-0.4773,B,0.1513,0.118-0.322,0.387,0.215,0.072
716,158109,-22.12,19,84.2,0.5322,0.2147,0.7051,0.3848,0.4762,1.2144,0.6916,0.4676,-0.4015,B,0.1476,0.118-0.322,0.387,0.215,0.072
717,158124,-3.71,15,100.0,0.5185,0.2466,0.7386,0.2202,0.4445,1.1935,0.8534,0.4385,-0.1084,B,0.1683,0.118-0.322,0.387,0.215,0.072
718,158138,-9.78,14,85.7,0.8673,0.1246,0.756,0.2236,0.4185,0.0897,0.5079,0.4325,-0.1629,B,0.134,0.118-0.322,0.387,0.215,0.072
719,158176,-6.61,38,84.2,0.6025,0.2226,0.5885,0.3745,0.6969,0.4946,0.7878,0.4149,-0.3162,B,0.1722,0.118-0.322,0.387,0.215,0.072
720,158209,0.91,33,81.8,0.5229,0.2538,0.737,0.2914,0.649,0.7874,0.6517,0.427,-0.2467,B,0.1787,0.118-0.322,0.387,0.215,0.072
721,158238,-7.05,29,82.8,0.6554,0.2337,0.6338,0.3322,0.6586,0.2747,0.761,0.4562,-0.2718,B,0.1421,0.118-0.322,0.387,0.215,0.072
722,158259,-7.4,21,71.4,0.7569,0.1514,0.7175,0.2553,0.5121,0.2723,0.4881,0.4146,-0.171,B,0.1404,0.118-0.322,0.387,0.215,0.072
723,158801,-65.49,542,98.5,0.4928,0.2092,0.3947,0.5687,0.96,1.2041,0.8369,0.3748,-0.5782,B,0.1349,0.118-0.322,0.388,0.216,0.072
724,158848,-40.94,47,97.9,0.6014,0.2133,0.5384,0.5135,0.8227,0.5976,0.8975,0.4877,-0.5572,B,0.139,0.118-0.322,0.388,0.216,0.072
725,158874,-2.28,26,80.8,0.4677,0.2374,0.6457,0.3528,0.5334,1.2755,0.6632,0.458,-0.2728,B,0.1384,0.118-0.322,0.388,0.216,0.072
726,159008,57.88,134,98.5,0.3948,0.2576,0.4446,0.548,0.9297,1.6539,0.9059,0.4706,-0.563,B,0.1238,0.118-0.322,0.388,0.216,0.072
727,159025,-15.44,17,70.6,0.5606,0.2145,0.7436,0.2083,0.2678,0.8888,0.5738,0.4012,-0.1079,B,0.1345,0.118-0.322,0.388,0.216,0.072
728,159266,-143.26,241,98.8,0.6154,0.1088,0.4664,0.4911,0.9235,0.6164,0.4561,0.4252,-0.4647,B,0.1747,0.118-0.322,0.388,0.216,0.072
729,159307,-31.46,41,92.7,0.554,0.209,0.6186,0.4774,0.7286,0.8446,0.8507,0.4028,-0.4934,B,0.1261,0.118-0.322,0.388,0.216,0.072
730,159321,-5.82,14,92.9,0.4761,0.2472,0.6675,0.2502,0.416,1.4364,0.7711,0.4829,-0.1518,B,0.1812,0.118-0.322,0.388,0.216,0.072
731,159378,-23.63,57,98.2,0.7989,0.1543,0.5937,0.38,0.7798,0.3008,0.6671,0.4273,-0.321,B,0.161,0.118-0.322,0.388,0.216,0.072
732,159392,-19.33,14,78.6,0.8044,0.1017,0.8706,0.2112,0.4271,0.1148,0.377,0.4875,-0.1755,B,0.1691,0.118-0.322,0.388,0.216,0.072
733,159789,232.13,397,99.2,0.3389,0.1911,0.4045,0.5747,0.9624,2.143,0.6913,0.3876,-0.5958,B,0.1559,0.118-0.322,0.389,0.216,0.072
734,159821,16.16,32,96.9,0.4371,0.2576,0.6509,0.3222,0.6612,1.5198,0.8425,0.4364,-0.244,B,0.171,0.118-0.322,0.389,0.217,0.072
735,159849,24.42,28,92.9,0.4434,0.2408,0.5792,0.3371,0.62,1.5484,0.8188,0.4428,-0.2468,B,0.1269,0.118-0.322,0.389,0.217,0.072
736,159886,16.67,37,94.6,0.4512,0.236,0.5907,0.3438,0.7105,1.2495,0.8249,0.3157,-0.2723,B,0.1385,0.118-0.322,0.389,0.217,0.072
737,160018,-1.91,132,93.9,0.5584,0.1688,0.4428,0.4481,0.8858,0.7427,0.6559,0.4314,-0.3992,B,0.1306,0.118-0.322,0.389,0.217,0.072
738,160043,12.41,25,80.0,0.4448,0.2389,0.6891,0.306,0.5994,1.3474,0.6561,0.4583,-0.2264,B,0.143,0.118-0.322,0.389,0.217,0.072
739,160058,-2.66,15,73.3,0.5145,0.2122,0.8477,0.1859,0.2946,0.9479,0.5868,0.4591,-0.1267,B,0.133,0.118-0.322,0.389,0.217,0.072
740,160167,-49.04,109,98.2,0.4753,0.1838,0.4627,0.5553,0.8879,1.1503,0.7883,0.472,-0.5776,B,0.1362,0.118-0.322,0.389,0.217,0.072
741,160412,90.58,245,97.6,0.3877,0.1475,0.4244,0.5446,0.9441,1.8313,0.631,0.4185,-0.5634,B,0.1554,0.118-0.322,0.389,0.217,0.072
742,160776,-35.04,364,98.6,0.5139,0.1637,0.4335,0.5214,0.9423,1.1945,0.7491,0.3608,-0.5092,B,0.1428,0.118-0.322,0.39,0.217,0.072
743,160791,-11.22,15,66.7,0.7447,0.1247,0.7824,0.2264,0.3524,0.1417,0.3942,0.4534,-0.1384,B,0.1656,0.118-0.322,0.39,0.217,0.072
744,161136,-231.34,345,96.8,0.5565,0.1625,0.4212,0.5533,0.9419,0.9152,0.7113,0.3763,-0.5606,B,0.1887,0.118-0.322,0.39,0.218,0.073
745,161223,44.32,87,75.9,0.4713,0.2197,0.5451,0.416,0.8103,1.3759,0.6621,0.4357,-0.365,B,0.1781,0.118-0.322,0.39,0.218,0.073
746,161547,-77.54,324,97.5,0.4981,0.1915,0.3909,0.5374,0.9371,1.0525,0.7465,0.3533,-0.5369,B,0.1297,0.118-0.322,0.391,0.218,0.073
747,161640,-0.16,93,92.5,0.4699,0.235,0.5336,0.5203,0.8453,1.2458,0.8416,0.4242,-0.5324,B,0.1445,0.118-0.322,0.391,0.218,0.073
748,161721,-32.85,81,97.5,0.7708,0.1473,0.578,0.3995,0.8161,0.2002,0.6701,0.4278,-0.3498,B,0.139,0.118-0.322,0.391,0.218,0.073
749,161761,-26.26,40,92.5,0.4848,0.261,0.5472,0.5172,0.7419,1.1906,0.8051,0.467,-0.552,B,0.1454,0.118-0.322,0.391,0.218,0.073
750,161777,-8.26,16,75.0,0.5824,0.2142,0.8367,0.1709,0.2835,0.7388,0.6345,0.4576,-0.0641,B,0.1292,0.118-0.322,0.391,0.218,0.073
751,162138,436.8,361,99.2,0.1729,0.1773,0.4401,0.6246,0.96,3.282,0.7202,0.4621,-0.7093,B,0.168,0.118-0.322,0.391,0.218,0.073
752,162158,-6.13,20,75.0,0.5232,0.2258,0.7309,0.2498,0.4032,1.0355,0.6426,0.454,-0.1679,B,0.1689,0.118-0.322,0.391,0.218,0.073
753,162212,-46.03,54,98.1,0.6125,0.2456,0.5118,0.5459,0.802,0.6539,0.9252,0.458,-0.5457,B,0.1347,0.118-0.322,0.391,0.219,0.073
754,162479,58.59,267,97.8,0.4184,0.1399,0.4674,0.5584,0.928,1.8496,0.593,0.4131,-0.5814,B,0.1858,0.118-0.322,0.392,0.219,0.073
755,162564,-130.18,85,95.3,0.6956,0.1458,0.4923,0.5745,0.8623,0.2283,0.6424,0.4568,-0.6058,B,0.1338,0.118-0.322,0.392,0.219,0.073
756,162580,-14.52,16,87.5,0.7711,0.1378,0.6953,0.2781,0.4753,0.1762,0.5724,0.483,-0.1705,B,0.1423,0.118-0.322,0.392,0.219,0.073
757,162619,0.75,39,87.2,0.5794,0.2047,0.6052,0.372,0.7323,0.6157,0.7535,0.4561,-0.3223,B,0.1348,0.118-0.322,0.392,0.219,0.073
758,162779,64.83,160,90.0,0.3831,0.1573,0.4453,0.521,0.9153,1.8583,0.5508,0.455,-0.5229,B,0.1498,0.118-0.322,0.392,0.219,0.073
759,163233,-177.12,454,99.1,0.5182,0.1559,0.4403,0.5525,0.9355,1.1439,0.6981,0.3823,-0.5713,B,0.1855,0.118-0.322,0.392,0.219,0.073
760,163442,194.77,209,98.1,0.3556,0.167,0.4599,0.4915,0.9371,1.9265,0.701,0.4326,-0.4702,B,0.179,0.118-0.322,0.393,0.22,0.073
761,163459,-27.07,17,82.4,0.6569,0.1899,0.7068,0.3518,0.4267,0.4966,0.6697,0.4494,-0.3043,B,0.147,0.118-0.322,0.393,0.22,0.073
762,163850,43.6,391,98.2,0.4951,0.1719,0.4562,0.5039,0.9394,1.214,0.7367,0.3231,-0.4854,B,0.1438,0.118-0.322,0.393,0.22,0.073
763,163872,-7.46,22,95.5,0.6018,0.2324,0.6416,0.3721,0.6078,0.7725,0.8542,0.4869,-0.3459,B,0.1534,0.118-0.322,0.393,0.22,0.073
764,164218,-230.6,346,99.4,0.6179,0.1495,0.4287,0.5545,0.9387,0.8115,0.6818,0.3828,-0.5652,B,0.1878,0.118-0.322,0.394,0.22,0.073
765,164523,128.3,305,99.3,0.407,0.1803,0.4496,0.5118,0.9521,1.5662,0.7266,0.3782,-0.5078,B,0.1578,0.118-0.322,0.394,0.22,0.073
766,164809,-2.91,286,99.3,0.4221,0.2051,0.4095,0.59,0.9545,1.4796,0.8832,0.4384,-0.6241,B,0.1453,0.118-0.322,0.394,0.221,0.074
767,164829,-16.6,20,70.0,0.4885,0.2303,0.6859,0.2937,0.3151,1.0671,0.5952,0.4151,-0.2017,B,0.1734,0.118-0.322,0.394,0.221,0.074
768,164981,42.11,152,97.4,0.5499,0.2049,0.5011,0.4614,0.8878,0.9716,0.8444,0.3879,-0.4171,B,0.1812,0.118-0.322,0.394,0.221,0.074
769,165052,89.81,71,94.4,0.2173,0.1493,0.5059,0.4795,0.8435,2.8064,0.5399,0.3912,-0.4616,B,0.1256,0.118-0.322,0.394,0.221,0.074
770,165624,-311.64,572,99.8,0.5697,0.1896,0.4243,0.5711,0.9626,0.877,0.7846,0.4327,-0.5963,B,0.1887,0.118-0.322,0.395,0.221,0.074
771,165642,-6.85,18,72.2,0.6831,0.1893,0.7448,0.2481,0.3082,0.3308,0.5676,0.4539,-0.1112,B,0.1826,0.118-0.322,0.395,0.221,0.074
772,165662,-17.7,20,80.0,0.8623,0.1252,0.7542,0.2611,0.5457,0.0733,0.4773,0.3993,-0.2097,B,0.1741,0.118-0.322,0.395,0.221,0.074
773,165678,-0.27,16,93.8,0.4203,0.2368,0.7325,0.3542,0.4773,1.9994,0.7802,0.4223,-0.3467,B,0.1704,0.118-0.322,0.395,0.221,0.074
774,165722,-5.21,44,93.2,0.5442,0.253,0.5847,0.4204,0.7006,0.8889,0.8126,0.4423,-0.3899,B,0.132,0.118-0.322,0.395,0.221,0.074
775,165767,12.82,45,95.6,0.3852,0.211,0.5674,0.481,0.7635,1.7553,0.7574,0.4204,-0.4289,B,0.1313,0.118-0.322,0.395,0.221,0.074
776,166130,558.73,363,99.4,0.2283,0.1933,0.3924,0.568,0.9649,2.9227,0.7819,0.4503,-0.5837,B,0.1288,0.118-0.322,0.396,0.222,0.074
777,166418,65.18,288,99.0,0.5061,0.1817,0.4458,0.489,0.927,1.0958,0.7972,0.4064,-0.4619,B,0.1417,0.118-0.322,0.396,0.222,0.074
778,166435,-12.76,17,88.2,0.6886,0.2064,0.6647,0.3271,0.5051,0.4627,0.7457,0.425,-0.2763,B,0.1503,0.118-0.322,0.396,0.222,0.074
779,166546,22.24,111,94.6,0.534,0.1905,0.4356,0.5009,0.8613,1.2264,0.6893,0.4717,-0.4634,B,0.1518,0.118-0.322,0.396,0.222,0.074
780,166830,-9.36,284,99.3,0.606,0.183,0.4666,0.4805,0.9222,0.8191,0.742,0.3616,-0.4491,B,0.1266,0.118-0.322,0.396,0.222,0.074
781,167051,261.65,221,98.6,0.3677,0.1775,0.4707,0.4742,0.9306,2.0244,0.7347,0.4392,-0.4488,B,0.1845,0.118-0.322,0.397,0.223,0.074
782,167435,233.33,384,98.4,0.3306,0.2181,0.4354,0.584,0.9546,2.1978,0.8862,0.381,-0.6322,B,0.1342,0.118-0.322,0.397,0.223,0.074
783,167688,376.04,253,99.2,0.2311,0.2527,0.395,0.571,0.9599,2.7785,0.9023,0.4563,-0.5936,B,0.1877,0.118-0.322,0.397,0.223,0.074
784,167704,-20.43,16,75.0,0.7515,0.1398,0.76,0.2785,0.4272,0.1667,0.4925,0.4544,-0.2044,B,0.178,0.118-0.322,0.397,0.223,0.074
785,167887,186.33,183,98.9,0.2479,0.1611,0.4021,0.5841,0.9364,2.7386,0.6464,0.4557,-0.6117,B,0.192,0.118-0.322,0.398,0.223,0.074
786,168192,105.6,305,98.0,0.3746,0.2154,0.4529,0.5959,0.9421,2.048,0.8389,0.3925,-0.6472,B,0.1657,0.118-0.322,0.398,0.223,0.074
787,168260,33.48,68,97.1,0.2847,0.2533,0.5265,0.5827,0.85,2.5387,0.9085,0.4633,-0.6756,B,0.1585,0.118-0.322,0.398,0.224,0.075
788,168275,-10.09,15,86.7,0.7377,0.1688,0.7847,0.2308,0.4425,0.2154,0.6766,0.484,-0.171,B,0.1289,0.118-0.322,0.398,0.224,0.075
789,168325,2.04,50,98.0,0.574,0.2387,0.5406,0.4121,0.7645,0.8066,0.8338,0.4628,-0.3421,B,0.1963,0.118-0.322,0.398,0.224,0.075
790,168340,-1.99,15,93.3,0.4886,0.2499,0.7502,0.2448,0.4165,1.2643,0.8075,0.4838,-0.1907,B,0.1266,0.118-0.322,0.398,0.224,0.075
791,168364,1.33,24,87.5,0.4316,0.2391,0.6487,0.3622,0.5517,1.6271,0.7816,0.4691,-0.2972,B,0.1422,0.118-0.322,0.398,0.224,0.075
792,168454,-106.33,90,96.7,0.8705,0.0982,0.4444,0.4695,0.846,0.0779,0.4364,0.3511,-0.4289,B,0.1754,0.118-0.322,0.398,0.224,0.075
793,168490,-0.78,36,94.4,0.4754,0.2671,0.5542,0.4091,0.6986,1.2337,0.7864,0.4477,-0.3773,B,0.1274,0.118-0.322,0.398,0.224,0.075
794,168505,-13.67,15,80.0,0.7864,0.1741,0.7404,0.2294,0.4156,0.1843,0.6299,0.4375,-0.1499,B,0.1712,0.118-0.322,0.398,0.224,0.075
795,168544,47.85,39,94.9,0.4063,0.2241,0.5422,0.3658,0.7012,1.8463,0.8668,0.4202,-0.2755,B,0.1986,0.118-0.322,0.398,0.224,0.075
796,168729,-149.89,185,93.0,0.6545,0.1362,0.4485,0.5029,0.9169,0.4023,0.5722,0.4374,-0.4864,B,0.1782,0.118-0.322,0.399,0.224,0.075
797,168779,27.0,50,94.0,0.4311,0.2332,0.5505,0.3933,0.757,1.4512,0.9021,0.4204,-0.3268,B,0.1457,0.118-0.322,0.399,0.224,0.075
798,168823,26.66,44,88.6,0.455,0.2326,0.5811,0.3616,0.7264,1.3405,0.7963,0.3093,-0.2926,B,0.1569,0.118-0.322,0.399,0.224,0.075
799,168841,-1.89,18,72.2,0.5212,0.2236,0.7712,0.2635,0.3476,1.0091,0.5786,0.4489,-0.1815,B,0.1341,0.118-0.322,0.399,0.224,0.075
800,168856,4.3,15,73.3,0.4712,0.2323,0.872,0.1123,0.3237,1.1264,0.6527,0.4358,-0.0396,B,0.13,0.118-0.322,0.399,0.224,0.075
801,169258,-1.98,402,99.3,0.4968,0.187,0.4696,0.5465,0.9299,1.3564,0.6997,0.4247,-0.5554,B,0.1431,0.118-0.322,0.399,0.224,0.075
802,169579,253.19,321,99.4,0.3535,0.1892,0.4556,0.5507,0.9401,2.1497,0.7849,0.4101,-0.5624,B,0.1384,0.118-0.322,0.4,0.225,0.075
803,169621,-17.26,42,85.7,0.589,0.1681,0.6338,0.3584,0.7285,0.4547,0.5454,0.2993,-0.2784,B,0.1814,0.118-0.322,0.4,0.225,0.075
804,169675,-37.47,54,98.1,0.7993,0.1709,0.5419,0.4104,0.7518,0.1303,0.7525,0.417,-0.3717,B,0.1638,0.118-0.322,0.4,0.225,0.075
805,169696,14.99,21,95.2,0.4051,0.2382,0.637,0.3466,0.5874,2.1115,0.8163,0.4608,-0.2548,B,0.1873,0.118-0.322,0.4,0.225,0.075
806,169852,161.54,156,96.8,0.33,0.1831,0.5169,0.503,0.9238,2.1782,0.7277,0.467,-0.5078,B,0.1759,0.118-0.322,0.4,0.225,0.075
807,169867,-11.59,15,100.0,0.5024,0.2343,0.7726,0.3199,0.4311,1.3937,0.8319,0.4815,-0.267,B,0.1432,0.118-0.322,0.4,0.225,0.075
808,169934,-65.48,67,97.0,0.6445,0.1125,0.496,0.4835,0.8308,0.6348,0.5105,0.3964,-0.4555,B,0.1693,0.118-0.322,0.4,0.225,0.075
809,169953,-7.4,19,94.7,0.5488,0.2363,0.6092,0.3419,0.5144,1.051,0.8403,0.4705,-0.2492,B,0.179,0.118-0.322,0.4,0.225,0.075
810,170048,125.04,95,95.8,0.1932,0.2426,0.4798,0.5866,0.8786,3.0709,0.908,0.4304,-0.6277,B,0.1757,0.118-0.322,0.4,0.225,0.075
811,170189,65.52,141,99.3,0.4299,0.2181,0.4461,0.5338,0.9258,1.5643,0.9301,0.458,-0.534,B,0.1288,0.118-0.322,0.4,0.225,0.075
812,170207,-3.6,18,88.9,0.6234,0.2109,0.7055,0.227,0.472,0.6306,0.7574,0.4642,-0.1499,B,0.1775,0.118-0.322,0.4,0.225,0.075
813,170222,-5.21,15,100.0,0.6589,0.2142,0.7383,0.2956,0.4602,0.6561,0.8516,0.4643,-0.2425,B,0.1987,0.118-0.322,0.4,0.225,0.075
814,170292,-54.13,70,87.1,0.5939,0.193,0.5428,0.4781,0.81,0.4804,0.6894,0.4051,-0.4604,B,0.1464,0.118-0.322,0.4,0.225,0.075
815,170563,75.02,271,99.6,0.416,0.1506,0.4398,0.5374,0.9501,1.5925,0.6765,0.4321,-0.5385,B,0.1795,0.118-0.322,0.401,0.225,0.075
816,170767,108.55,204,98.5,0.3453,0.1955,0.4856,0.5766,0.9276,2.2576,0.8719,0.3623,-0.6252,B,0.1315,0.118-0.322,0.401,0.226,0.075
817,170901,-78.77,134,94.8,0.4818,0.1221,0.4624,0.5549,0.9155,1.0758,0.5227,0.4597,-0.5716,B,0.1294,0.118-0.322,0.401,0.226,0.075
818,171347,364.45,446,99.1,0.3526,0.1384,0.4613,0.4988,0.9497,1.963,0.5807,0.4182,-0.48,B,0.1917,0.118-0.322,0.401,0.226,0.075
819,171369,-27.13,22,68.2,0.7523,0.199,0.694,0.3492,0.5534,0.1303,0.5804,0.4625,-0.2923,B,0.1368,0.118-0.322,0.402,0.226,0.075
820,171387,-2.77,18,94.4,0.5884,0.2207,0.7001,0.275,0.4795,0.9284,0.8147,0.4484,-0.1778,B,0.179,0.118-0.322,0.402,0.226,0.075
821,171458,185.54,71,97.2,0.1868,0.238,0.4646,0.4279,0.8604,3.1876,0.9258,0.4627,-0.383,B,0.2001,0.118-0.322,0.402,0.226,0.075
822,171472,-9.94,14,92.9,0.7259,0.1822,0.7324,0.2417,0.4347,0.4271,0.7401,0.422,-0.2048,B,0.1929,0.118-0.322,0.402,0.226,0.075
823,171804,72.21,332,99.1,0.4963,0.1409,0.4383,0.516,0.9476,1.4528,0.6076,0.367,-0.4991,B,0.1831,0.118-0.322,0.402,0.226,0.075
824,172004,44.06,200,98.0,0.4528,0.1205,0.4649,0.5189,0.9142,1.6882,0.5438,0.3704,-0.5154,B,0.1969,0.118-0.322,0.402,0.227,0.076
825,172322,-8.26,318,99.1,0.4555,0.1911,0.4163,0.5599,0.9521,1.2943,0.781,0.3839,-0.5558,B,0.1975,0.118-0.322,0.403,0.227,0.076
826,172343,10.32,21,85.7,0.4283,0.2358,0.7443,0.2231,0.4788,1.6484,0.7228,0.4449,-0.147,B,0.1665,0.118-0.322,0.403,0.227,0.076
827,172401,-22.47,58,98.3,0.498,0.266,0.5006,0.5186,0.8407,1.0387,0.8164,0.48,-0.5298,B,0.1923,0.118-0.322,0.403,0.227,0.076
828,172468,-16.23,67,91.0,0.5028,0.2473,0.5296,0.5183,0.808,1.0897,0.8279,0.4473,-0.5259,B,0.1379,0.118-0.322,0.403,0.227,0.076
829,172484,-4.13,16,75.0,0.5902,0.22,0.8379,0.1752,0.2881,0.7062,0.6244,0.4832,-0.1048,B,0.1298,0.118-0.322,0.403,0.227,0.076
830,172505,-19.92,21,90.5,0.6504,0.2126,0.639,0.3957,0.6,0.4461,0.809,0.4745,-0.3769,B,0.1965,0.118-0.322,0.403,0.227,0.076
831,172568,-66.48,63,100.0,0.7147,0.209,0.5327,0.5186,0.8363,0.2612,0.9113,0.4919,-0.5208,B,0.1438,0.118-0.322,0.403,0.227,0.076
832,172606,-2.26,38,97.4,0.4472,0.2509,0.5524,0.4719,0.7599,1.4271,0.8085,0.4353,-0.4334,B,0.1461,0.118-0.322,0.403,0.227,0.076
833,172764,36.37,158,98.7,0.5214,0.2146,0.4579,0.4806,0.9085,1.0525,0.809,0.4145,-0.4452,B,0.1528,0.118-0.322,0.403,0.227,0.076
834,173301,-18.91,537,99.8,0.4913,0.2005,0.4379,0.5537,0.9641,1.183,0.8261,0.4134,-0.5627,B,0.1297,0.118-0.322,0.404,0.228,0.076
835,173320,-14.56,19,68.4,0.5557,0.2268,0.7426,0.2654,0.3673,0.778,0.5542,0.411,-0.1878,B,0.1926,0.118-0.322,0.404,0.228,0.076
836,173357,0.41,37,91.9,0.5902,0.2446,0.5251,0.3487,0.6931,0.503,0.8187,0.3722,-0.2489,B,0.1756,0.118-0.322,0.404,0.228,0.076
837,173373,-3.58,16,75.0,0.5786,0.2105,0.8032,0.1723,0.269,0.7629,0.6436,0.43,-0.0841,B,0.1452,0.118-0.322,0.404,0.228,0.076
838,173540,-159.16,167,86.8,0.5816,0.1044,0.4917,0.5097,0.8993,0.6593,0.4201,0.4385,-0.5123,B,0.1592,0.118-0.322,0.404,0.228,0.076
839,174045,144.41,505,99.0,0.4406,0.2013,0.4408,0.542,0.9605,1.5029,0.7864,0.4062,-0.55,B,0.1844,0.118-0.322,0.404,0.228,0.076
840,174076,12.25,31,83.9,0.3626,0.2507,0.648,0.4032,0.5761,1.8939,0.7115,0.4113,-0.3873,B,0.1824,0.118-0.322,0.405,0.228,0.076
841,174093,-12.74,17,58.8,0.7298,0.133,0.7548,0.2427,0.3412,0.1911,0.3678,0.4306,-0.1442,B,0.1866,0.118-0.322,0.405,0.228,0.076
842,174109,-6.78,16,75.0,0.5881,0.2105,0.7842,0.224,0.2967,0.6344,0.6366,0.481,-0.1339,B,0.1627,0.118-0.322,0.405,0.228,0.076
843,174169,-123.05,60,83.3,0.9845,0.08,0.5535,0.5107,0.7188,0.0228,0.3131,0.3097,-0.5284,B,0.1508,0.118-0.322,0.405,0.228,0.076
844,174534,214.32,365,98.6,0.3573,0.0984,0.4585,0.52,0.9581,1.9777,0.446,0.4215,-0.5102,B,0.1396,0.118-0.322,0.405,0.229,0.076
845,174570,-34.36,36,86.1,0.6328,0.2056,0.6399,0.4514,0.7204,0.3884,0.7811,0.4692,-0.4352,B,0.1463,0.118-0.322,0.405,0.229,0.076
846,174647,4.19,77,94.8,0.4071,0.25,0.5171,0.5589,0.8502,1.5561,0.8799,0.4562,-0.5788,B,0.1944,0.118-0.322,0.405,0.229,0.076
847,174669,-14.28,22,81.8,0.7033,0.1506,0.7129,0.2939,0.5651,0.3064,0.5804,0.3716,-0.224,B,0.1978,0.118-0.322,0.405,0.229,0.076
848,174737,-9.31,68,95.6,0.4507,0.2495,0.5028,0.49,0.8139,1.2598,0.8628,0.4258,-0.4966,B,0.1903,0.118-0.322,0.405,0.229,0.076
849,175130,-25.65,393,98.7,0.4657,0.1178,0.4358,0.5599,0.9444,1.6255,0.5181,0.3693,-0.5722,B,0.1279,0.118-0.322,0.406,0.229,0.076
850,175149,-7.61,19,84.2,0.5471,0.2127,0.6074,0.336,0.3935,1.1817,0.7077,0.4762,-0.2391,B,0.2017,0.118-0.322,0.406,0.229,0.076
851,175164,-11.05,15,80.0,0.7455,0.1696,0.7539,0.1959,0.2962,0.2162,0.5978,0.4326,-0.1168,B,0.1916,0.118-0.322,0.406,0.229,0.076
852,175418,93.65,254,98.4,0.4829,0.1526,0.4946,0.5222,0.9122,1.8025,0.6367,0.3262,-0.5239,B,0.1576,0.118-0.322,0.406,0.23,0.077
853,175501,74.3,83,98.8,0.3517,0.1476,0.4748,0.4392,0.8551,1.946,0.5851,0.4003,-0.3747,B,0.1679,0.118-0.322,0.406,0.23,0.077
854,175664,-23.27,163,99.4,0.6861,0.1526,0.5205,0.4181,0.8995,0.5281,0.643,0.3631,-0.3689,B,0.1532,0.118-0.322,0.406,0.23,0.077
855,175690,-0.93,26,88.5,0.5434,0.2074,0.6439,0.3229,0.5776,0.9338,0.75,0.4319,-0.2353,B,0.1306,0.118-0.322,0.406,0.23,0.077
856,176012,-63.71,322,99.4,0.4571,0.1809,0.4488,0.5955,0.9461,1.6512,0.8318,0.3407,-0.6391,B,0.1952,0.118-0.322,0.407,0.23,0.077
857,176338,67.7,326,99.1,0.4865,0.1353,0.4877,0.4877,0.9323,1.3872,0.5854,0.3383,-0.4707,B,0.1854,0.118-0.322,0.407,0.23,0.077
858,176353,-6.61,15,100.0,0.6387,0.2245,0.7819,0.2503,0.4228,0.6558,0.8591,0.4699,-0.1848,B,0.1328,0.118-0.322,0.407,0.23,0.077
859,176367,-26.96,14,92.9,0.7032,0.1958,0.7491,0.3273,0.402,0.518,0.7306,0.4483,-0.2856,B,0.1886,0.118-0.322,0.407,0.23,0.077
860,176669,-3.35,302,98.7,0.3899,0.1146,0.4745,0.55,0.9514,1.6706,0.4987,0.4128,-0.5734,B,0.1596,0.118-0.322,0.407,0.231,0.077
861,176691,-12.93,22,77.3,0.6596,0.1743,0.6808,0.2946,0.5651,0.3749,0.618,0.4722,-0.1872,B,0.1495,0.118-0.322,0.407,0.231,0.077
862,176706,-13.18,15,66.7,0.7237,0.1358,0.7615,0.2278,0.3905,0.2209,0.4233,0.4584,-0.1804,B,0.1332,0.118-0.322,0.407,0.231,0.077
863,176727,-7.57,21,81.0,0.6332,0.2229,0.6392,0.2872,0.4443,0.3853,0.7335,0.472,-0.1795,B,0.1719,0.118-0.322,0.407,0.231,0.077
864,176980,91.89,253,98.4,0.3439,0.1241,0.4493,0.5466,0.9466,2.016,0.5196,0.4076,-0.5654,B,0.1901,0.118-0.322,0.408,0.231,0.077
865,176995,-7.13,15,100.0,0.5878,0.23,0.7469,0.2128,0.4226,1.048,0.8752,0.4603,-0.1263,B,0.1521,0.118-0.322,0.408,0.231,0.077
866,177057,12.14,62,87.1,0.4613,0.1395,0.5681,0.3964,0.7697,1.171,0.503,0.3793,-0.3198,B,0.1309,0.118-0.322,0.408,0.231,0.077
867,177071,-24.51,14,92.9,0.7635,0.1879,0.7316,0.2552,0.3917,0.2203,0.7577,0.4839,-0.2339,B,0.1385,0.118-0.322,0.408,0.231,0.077
868,177100,15.89,29,82.8,0.3884,0.2431,0.5974,0.3541,0.6478,1.6936,0.7493,0.4521,-0.3087,B,0.1375,0.118-0.322,0.408,0.231,0.077
869,177117,6.68,17,88.2,0.4305,0.2316,0.7211,0.2588,0.4474,1.8856,0.7124,0.4375,-0.2018,B,0.1323,0.118-0.322,0.408,0.231,0.077
870,177168,-38.76,51,98.0,0.5191,0.2337,0.5493,0.5307,0.7859,0.9796,0.915,0.406,-0.5628,B,0.2004,0.118-0.322,0.408,0.231,0.077
871,177551,-244.35,383,99.0,0.5985,0.1226,0.4399,0.5309,0.945,0.7685,0.5589,0.3521,-0.5272,B,0.1921,0.118-0.322,0.408,0.231,0.077
872,177589,-47.09,38,97.4,0.4669,0.2471,0.6204,0.5796,0.7414,1.3309,0.8893,0.4488,-0.695,B,0.1505,0.118-0.322,0.408,0.231,0.077
873,177609,-20.45,20,75.0,0.7405,0.162,0.7086,0.3411,0.4326,0.1254,0.5675,0.4321,-0.2663,B,0.1588,0.118-0.322,0.408,0.231,0.077
874,177643,17.51,34,91.2,0.4056,0.2474,0.6136,0.3847,0.641,1.7475,0.799,0.4446,-0.3152,B,0.1996,0.118-0.322,0.408,0.231,0.077
875,177934,-69.2,291,97.9,0.5358,0.1343,0.5099,0.492,0.9327,0.9431,0.5663,0.3887,-0.4784,B,0.1498,0.118-0.322,0.409,0.232,0.077
876,177950,-9.18,16,68.8,0.6813,0.1681,0.7547,0.2431,0.3738,0.2981,0.5219,0.4649,-0.1675,B,0.1933,0.118-0.322,0.409,0.232,0.077
877,178085,-99.37,135,97.8,0.5898,0.0983,0.4858,0.5053,0.8976,0.6954,0.4473,0.4098,-0.4763,B,0.1954,0.118-0.322,0.409,0.232,0.077
878,178102,-5.98,17,100.0,0.6212,0.2059,0.7771,0.2321,0.5194,0.5357,0.8672,0.4518,-0.19,B,0.1656,0.118-0.322,0.409,0.232,0.077
879,178311,129.33,209,98.1,0.4539,0.1313,0.4506,0.4488,0.9254,1.4122,0.5844,0.3822,-0.3933,B,0.1461,0.118-0.322,0.409,0.232,0.077
880,178325,-21.48,14,85.7,0.6676,0.1924,0.7875,0.2581,0.3647,0.4119,0.6975,0.445,-0.2058,B,0.1941,0.118-0.322,0.409,0.232,0.077
881,178339,-7.98,14,100.0,0.8017,0.1528,0.8028,0.2018,0.4334,0.1811,0.7069,0.4567,-0.1316,B,0.1736,0.118-0.322,0.409,0.232,0.077
882,178354,-0.67,15,100.0,0.6145,0.2237,0.7625,0.2348,0.3993,0.8726,0.8655,0.4503,-0.1552,B,0.175,0.118-0.322,0.409,0.232,0.077
883,178468,-14.36,114,97.4,0.5021,0.0503,0.4865,0.4746,0.8381,1.5434,0.2642,0.3779,-0.4506,B,0.1381,0.118-0.322,0.409,0.232,0.077
884,178483,-17.93,15,80.0,0.7122,0.1665,0.7309,0.3241,0.3964,0.2893,0.6093,0.4673,-0.2616,B,0.1644,0.118-0.322,0.409,0.232,0.077
885,178512,3.33,29,89.7,0.4524,0.2293,0.6465,0.3789,0.639,1.3547,0.7109,0.3167,-0.3137,B,0.1995,0.118-0.322,0.409,0.232,0.077
886,178529,-11.22,17,76.5,0.6313,0.2192,0.7944,0.2151,0.384,0.3853,0.6518,0.4246,-0.145,B,0.1499,0.118-0.322,0.409,0.232,0.077
887,178545,-16.86,16,100.0,0.5589,0.2325,0.7394,0.3166,0.4406,1.1052,0.8647,0.4559,-0.2568,B,0.1744,0.118-0.322,0.409,0.232,0.077
888,178658,-12.5,113,98.2,0.6034,0.0884,0.5005,0.4142,0.8951,0.7413,0.4075,0.3651,-0.3495,B,0.1765,0.118-0.322,0.41,0.232,0.077
889,178822,152.74,164,97.6,0.3857,0.1469,0.4523,0.4879,0.8987,2.0592,0.6529,0.3426,-0.4518,B,0.1492,0.118-0.322,0.41,0.232,0.077
890,178836,-24.89,14,78.6,0.6613,0.1932,0.7199,0.2514,0.3715,0.3137,0.6584,0.473,-0.1852,B,0.1716,0.118-0.322,0.41,0.232,0.077
891,179022,149.72,186,98.9,0.3433,0.1701,0.4061,0.5371,0.9392,2.0596,0.7522,0.4542,-0.5394,B,0.1576,0.118-0.322,0.41,0.233,0.078
892,179046,9.8,24,91.7,0.5156,0.2168,0.6805,0.2971,0.5116,1.3537,0.7917,0.4047,-0.2223,B,0.1564,0.118-0.322,0.41,0.233,0.078
893,179071,-0.97,25,92.0,0.5293,0.2449,0.65,0.2735,0.5597,1.0697,0.7159,0.3853,-0.2133,B,0.195,0.118-0.322,0.41,0.233,0.078
894,179087,-0.93,16,81.2,0.565,0.2275,0.7479,0.2157,0.3529,0.7803,0.6807,0.4464,-0.1078,B,0.2018,0.118-0.322,0.41,0.233,0.078
895,179103,-7.63,16,93.8,0.5105,0.2395,0.6831,0.2701,0.4178,1.2661,0.8173,0.4711,-0.1796,B,0.18,0.118-0.322,0.41,0.233,0.078
896,179120,-10.98,17,94.1,0.7388,0.195,0.6385,0.342,0.4559,0.3435,0.7316,0.4577,-0.268,B,0.1748,0.118-0.322,0.41,0.233,0.078
897,179347,-94.08,227,95.2,0.4342,0.1181,0.433,0.5748,0.9373,1.4678,0.4405,0.3727,-0.5862,B,0.1639,0.118-0.322,0.41,0.233,0.078
898,179380,0.1,33,100.0,0.5523,0.2487,0.6375,0.4078,0.7337,0.9224,0.8176,0.4747,-0.3786,B,0.1981,0.118-0.322,0.41,0.233,0.078
899,179411,25.63,31,90.3,0.4106,0.2492,0.6347,0.3196,0.6391,1.6482,0.7328,0.4309,-0.2282,B,0.1892,0.118-0.322,0.41,0.233,0.078
900,179515,89.04,104,99.0,0.3631,0.2075,0.447,0.5215,0.8922,1.9701,0.8612,0.4647,-0.4925,B,0.1857,0.118-0.322,0.411,0.233,0.078
901,179572,69.06,57,94.7,0.3714,0.2426,0.5256,0.405,0.8035,1.8904,0.889,0.4433,-0.3448,B,0.189,0.118-0.322,0.411,0.233,0.078
902,179687,146.94,115,98.3,0.3205,0.1616,0.5523,0.4672,0.8931,2.4041,0.637,0.4611,-0.4579,B,0.1396,0.118-0.322,0.411,0.233,0.078
903,179790,4.15,103,100.0,0.5143,0.2069,0.478,0.5043,0.8918,1.0119,0.8772,0.4616,-0.4779,B,0.1536,0.118-0.322,0.411,0.233,0.078
904,179871,42.22,81,93.8,0.3228,0.2422,0.523,0.5367,0.8395,2.1021,0.8725,0.3838,-0.5609,B,0.1607,0.118-0.322,0.411,0.233,0.078
905,179933,-17.96,62,96.8,0.4816,0.252,0.4877,0.5339,0.8283,1.0814,0.8842,0.4632,-0.5217,B,0.1408,0.118-0.322,0.411,0.233,0.078
906,179953,3.75,20,95.0,0.5876,0.2125,0.7456,0.2638,0.5691,0.789,0.8126,0.4051,-0.1882,B,0.1685,0.118-0.322,0.411,0.233,0.078
907,179969,-30.39,16,81.2,0.7131,0.1743,0.7897,0.3085,0.3905,0.2096,0.6194,0.414,-0.314,B,0.1701,0.118-0.322,0.411,0.233,0.078
908,180026,-44.69,57,98.2,0.6253,0.2517,0.4859,0.5002,0.8144,0.5156,0.9356,0.4587,-0.4846,B,0.2033,0.118-0.322,0.411,0.233,0.078
909,180261,-21.9,235,99.1,0.5119,0.2403,0.4348,0.5431,0.9352,1.0307,0.8535,0.3884,-0.5354,B,0.1599,0.118-0.322,0.411,0.234,0.078
910,180281,-25.7,20,70.0,0.642,0.1975,0.7181,0.3711,0.4756,0.5004,0.5478,0.4051,-0.3418,B,0.1688,0.118-0.322,0.411,0.234,0.078
911,180340,16.49,59,89.8,0.5426,0.2114,0.5148,0.4099,0.8142,0.8591,0.8044,0.4701,-0.3485,B,0.1524,0.118-0.322,0.411,0.234,0.078
912,180416,36.79,76,96.1,0.282,0.2611,0.5072,0.5694,0.8475,2.4499,0.8843,0.4384,-0.6224,B,0.1739,0.118-0.322,0.412,0.234,0.078
913,180432,-2.28,16,93.8,0.5528,0.2348,0.7205,0.2941,0.4349,1.124,0.7761,0.4795,-0.1925,B,0.1636,0.118-0.322,0.412,0.234,0.078
914,180610,347.39,178,97.8,0.1808,0.1894,0.3881,0.5475,0.9431,3.1406,0.7512,0.4361,-0.5329,B,0.2027,0.118-0.322,0.412,0.234,0.078
915,180819,-79.9,209,99.5,0.5162,0.1334,0.4435,0.5243,0.9236,1.04,0.5802,0.3613,-0.5108,B,0.1912,0.118-0.322,0.412,0.234,0.078
916,180841,-12.43,22,81.8,0.5091,0.2417,0.5784,0.4338,0.5607,1.112,0.6948,0.4419,-0.3926,B,0.1584,0.118-0.322,0.412,0.234,0.078
917,180856,-11.3,15,93.3,0.5692,0.2164,0.7302,0.2972,0.3868,1.0963,0.7798,0.4337,-0.2311,B,0.1969,0.118-0.322,0.412,0.234,0.078
918,180874,-10.07,18,94.4,0.5531,0.2348,0.6921,0.3132,0.4628,1.1126,0.7945,0.4515,-0.2169,B,0.1381,0.118-0.322,0.412,0.234,0.078
919,181106,103.71,232,98.3,0.4142,0.1304,0.4345,0.4895,0.9207,1.5853,0.5846,0.4004,-0.4661,B,0.1295,0.118-0.322,0.412,0.234,0.078
920,181121,-7.43,15,80.0,0.6632,0.1783,0.7988,0.2069,0.421,0.4389,0.6263,0.4651,-0.1371,B,0.1887,0.118-0.322,0.412,0.234,0.078
921,181146,-18.64,25,92.0,0.518,0.2444,0.604,0.4072,0.5855,1.0444,0.8027,0.413,-0.3792,B,0.1947,0.118-0.322,0.412,0.234,0.078
922,181201,31.91,55,92.7,0.5256,0.2383,0.5644,0.3643,0.7752,1.1001,0.8813,0.4378,-0.3025,B,0.1638,0.118-0.322,0.412,0.234,0.078
923,181286,172.91,85,97.6,0.2498,0.2221,0.4473,0.4588,0.8853,2.8052,0.9099,0.4348,-0.42,B,0.1504,0.118-0.322,0.413,0.234,0.078
924,181427,201.77,141,97.9,0.2754,0.1507,0.4318,0.4991,0.9147,2.5314,0.6765,0.4432,-0.4695,B,0.1887,0.118-0.322,0.413,0.235,0.078
925,181479,-9.0,52,100.0,0.4949,0.1948,0.5335,0.437,0.8095,1.0128,0.8401,0.4178,-0.3965,B,0.168,0.118-0.322,0.413,0.235,0.078
926,181539,0.91,60,98.3,0.5787,0.2405,0.5094,0.4509,0.8083,0.8586,0.9032,0.4427,-0.412,B,0.1688,0.118-0.322,0.413,0.235,0.078
927,181557,-27.15,18,77.8,0.615,0.229,0.7499,0.3455,0.4482,0.576,0.6201,0.4735,-0.3273,B,0.1289,0.118-0.322,0.413,0.235,0.078
928,181699,-117.47,142,99.3,0.459,0.1755,0.4855,0.6097,0.9173,1.187,0.7698,0.447,-0.6736,B,0.1792,0.118-0.322,0.413,0.235,0.078
929,181715,-5.31,16,75.0,0.5734,0.2112,0.8567,0.1651,0.2539,0.8393,0.6468,0.4336,-0.0938,B,0.1705,0.118-0.322,0.413,0.235,0.078
930,181766,-41.43,51,84.3,0.5817,0.1327,0.5731,0.4338,0.7809,0.5122,0.5149,0.3798,-0.3946,B,0.1582,0.118-0.322,0.413,0.235,0.078
931,181782,1.61,16,87.5,0.505,0.2396,0.7445,0.2268,0.3685,1.1932,0.7424,0.4824,-0.1279,B,0.1386,0.118-0.322,0.413,0.235,0.078
932,181960,-40.85,178,98.9,0.5039,0.1553,0.4375,0.5512,0.9149,1.1159,0.6954,0.401,-0.5398,B,0.1978,0.118-0.322,0.413,0.235,0.078
933,182166,49.53,206,99.0,0.5625,0.1977,0.4536,0.4955,0.9113,1.1763,0.832,0.3484,-0.4667,B,0.2042,0.118-0.322,0.414,0.235,0.078
934,182182,-14.85,16,62.5,0.7249,0.1397,0.7618,0.272,0.3667,0.1494,0.4051,0.4471,-0.1822,B,0.1343,0.118-0.322,0.414,0.235,0.078
935,182198,-14.06,16,81.2,0.7923,0.1551,0.7056,0.2823,0.4687,0.1348,0.5883,0.4592,-0.1999,B,0.1732,0.118-0.322,0.414,0.235,0.078
936,182271,68.9,73,90.4,0.2059,0.1513,0.5741,0.4951,0.8179,2.7508,0.5244,0.3861,-0.5142,B,0.1465,0.118-0.322,0.414,0.235,0.078
937,182287,-8.78,16,93.8,0.5389,0.2267,0.6642,0.309,0.4328,1.2584,0.8056,0.4621,-0.234,B,0.1688,0.118-0.322,0.414,0.235,0.078
938,182310,8.77,23,82.6,0.4234,0.2416,0.6173,0.3051,0.5104,1.581,0.7001,0.4433,-0.2048,B,0.1605,0.118-0.322,0.414,0.235,0.078
939,182520,148.06,210,99.0,0.5077,0.2065,0.486,0.4432,0.9033,1.2851,0.7798,0.3897,-0.397,B,0.1683,0.118-0.322,0.414,0.235,0.078
940,182754,-30.97,234,98.3,0.6482,0.1868,0.4637,0.4744,0.9019,0.6902,0.7209,0.3773,-0.4334,B,0.1693,0.118-0.322,0.414,0.236,0.079
941,182773,-14.36,19,68.4,0.7386,0.1374,0.7644,0.2084,0.5176,0.1914,0.4429,0.4221,-0.1475,B,0.1983,0.118-0.322,0.414,0.236,0.079
942,182874,-2.87,101,98.0,0.3075,0.274,0.4786,0.6103,0.8766,2.3001,0.8332,0.4615,-0.7069,B,0.1892,0.118-0.322,0.414,0.236,0.079
943,182892,-17.28,18,72.2,0.4734,0.2265,0.7503,0.3127,0.3449,1.0865,0.6288,0.4456,-0.2411,B,0.1444,0.118-0.322,0.414,0.236,0.079
944,183143,183.68,251,98.8,0.5247,0.225,0.4801,0.4599,0.9092,1.368,0.8699,0.3676,-0.4133,B,0.1857,0.118-0.322,0.415,0.236,0.079
945,183206,37.95,63,98.4,0.4037,0.2488,0.4743,0.4733,0.8484,1.6257,0.9449,0.4521,-0.4344,B,0.182,0.118-0.322,0.415,0.236,0.079
946,183220,-12.79,14,85.7,0.641,0.2148,0.7799,0.3041,0.4089,0.6121,0.7314,0.4645,-0.3084,B,0.1508,0.118-0.322,0.415,0.236,0.079
947,183240,-21.7,20,75.0,0.7928,0.1658,0.6162,0.3422,0.4994,0.0969,0.5763,0.4344,-0.3031,B,0.1786,0.118-0.322,0.415,0.236,0.079
948,183262,-9.44,22,72.7,0.4596,0.2224,0.6715,0.3502,0.4987,1.0613,0.6166,0.4709,-0.3246,B,0.1601,0.118-0.322,0.415,0.236,0.079
949,183283,-8.77,21,76.2,0.7504,0.1729,0.6998,0.2524,0.553,0.2279,0.5832,0.387,-0.1744,B,0.1462,0.118-0.322,0.415,0.236,0.079
950,183296,-11.27,13,100.0,0.6397,0.2076,0.8389,0.198,0.4425,0.4604,0.8917,0.4583,-0.1489,B,0.1777,0.118-0.322,0.415,0.236,0.079
951,183443,44.49,147,97.3,0.3361,0.2139,0.4587,0.5618,0.9046,2.0395,0.9014,0.2694,-0.5949,B,0.16,0.118-0.322,0.415,0.236,0.079
952,183499,-1.81,56,100.0,0.5346,0.2479,0.5305,0.5002,0.8194,1.0363,0.9181,0.4873,-0.4761,B,0.1473,0.118-0.322,0.415,0.236,0.079
953,183592,75.15,93,95.7,0.4318,0.2223,0.4925,0.4417,0.8615,1.4577,0.8751,0.4231,-0.3984,B,0.1545,0.118-0.322,0.415,0.236,0.079
954,183619,32.76,27,96.3,0.3968,0.2439,0.6848,0.3402,0.6547,1.9901,0.824,0.4246,-0.2872,B,0.1759,0.118-0.322,0.415,0.236,0.079
955,183655,11.25,36,88.9,0.4287,0.2401,0.6219,0.4173,0.7176,1.5574,0.7962,0.4731,-0.3996,B,0.1633,0.118-0.322,0.415,0.236,0.079
956,183671,-1.35,16,93.8,0.5706,0.2279,0.7477,0.226,0.4142,1.0535,0.8354,0.4561,-0.1667,B,0.129,0.118-0.322,0.415,0.236,0.079
957,183758,144.51,87,98.9,0.251,0.2744,0.4692,0.494,0.8786,2.7594,0.8114,0.471,-0.457,B,0.1543,0.118-0.322,0.415,0.236,0.079
958,183780,-17.31,22,72.7,0.8027,0.1437,0.6766,0.3131,0.5381,0.1376,0.4917,0.4331,-0.2312,B,0.1384,0.118-0.322,0.415,0.236,0.079
959,183831,-59.36,51,96.1,0.4924,0.2071,0.5738,0.533,0.8032,1.0118,0.731,0.3315,-0.5748,B,0.161,0.118-0.322,0.415,0.237,0.079
960,183952,66.69,121,98.3,0.3843,0.1778,0.4774,0.4948,0.8959,1.7366,0.6644,0.4372,-0.473,B,0.1456,0.118-0.322,0.415,0.237,0.079
961,183967,-13.33,15,93.3,0.6324,0.2143,0.704,0.3169,0.3878,0.8516,0.7596,0.4791,-0.27,B,0.1676,0.118-0.322,0.416,0.237,0.079
962,183984,-16.37,17,76.5,0.5905,0.218,0.7586,0.2978,0.356,0.6702,0.6647,0.4515,-0.257,B,0.157,0.118-0.322,0.416,0.237,0.079
963,184018,-3.81,34,100.0,0.6408,0.2076,0.6314,0.3548,0.6693,0.7372,0.8369,0.4698,-0.3049,B,0.1353,0.118-0.322,0.416,0.237,0.079
964,184035,-7.19,17,70.6,0.5362,0.2151,0.7748,0.1937,0.2896,1.029,0.5689,0.4419,-0.0741,B,0.176,0.118-0.322,0.416,0.237,0.079
965,184296,-84.07,261,99.2,0.6902,0.1604,0.4127,0.4855,0.9256,0.6141,0.6635,0.3406,-0.439,B,0.1729,0.118-0.322,0.416,0.237,0.079
966,184476,123.93,180,99.4,0.401,0.2117,0.4234,0.5266,0.9342,1.7945,0.9201,0.4192,-0.516,B,0.2054,0.118-0.322,0.416,0.237,0.079
967,184492,-13.68,16,75.0,0.6146,0.2113,0.7942,0.1991,0.3158,0.5251,0.6126,0.4318,-0.0772,B,0.1605,0.118-0.322,0.416,0.237,0.079
968,184515,2.5,23,100.0,0.5162,0.2541,0.6979,0.3171,0.6208,1.0607,0.8053,0.4242,-0.2577,B,0.1547,0.118-0.322,0.416,0.237,0.079
969,184562,59.06,47,95.7,0.2865,0.2551,0.5104,0.438,0.7859,2.447,0.7867,0.4461,-0.3902,B,0.1644,0.118-0.322,0.416,0.237,0.079
970,184611,7.51,49,95.9,0.4575,0.2543,0.5431,0.4463,0.8055,1.2088,0.8329,0.4194,-0.4174,B,0.1897,0.118-0.322,0.416,0.237,0.079
971,184627,-24.72,16,56.2,0.7752,0.1019,0.7983,0.2573,0.4022,0.088,0.2696,0.4592,-0.2019,B,0.2079,0.118-0.322,0.416,0.237,0.079
972,184695,-40.8,68,100.0,0.648,0.2201,0.5103,0.4945,0.8364,0.4638,0.9138,0.4717,-0.497,B,0.1436,0.118-0.322,0.416,0.237,0.079
973,184721,-10.41,26,80.8,0.6096,0.188,0.6442,0.3483,0.5948,0.6209,0.6517,0.4276,-0.267,B,0.143,0.118-0.322,0.416,0.237,0.079
974,184741,-5.91,20,85.0,0.6593,0.1759,0.6172,0.31,0.5276,0.4887,0.6662,0.4652,-0.2425,B,0.2081,0.118-0.322,0.416,0.237,0.079
975,184782,13.85,41,95.1,0.4677,0.2439,0.6099,0.3882,0.7379,1.2463,0.8406,0.4288,-0.3584,B,0.2068,0.118-0.322,0.416,0.237,0.079
976,184853,64.25,71,97.2,0.3804,0.2319,0.459,0.4843,0.8336,1.9072,0.8974,0.4569,-0.4581,B,0.174,0.118-0.322,0.417,0.237,0.079
977,184881,-28.9,28,71.4,0.8851,0.1218,0.59,0.3228,0.6188,0.0318,0.4118,0.3971,-0.2161,B,0.1334,0.118-0.322,0.417,0.237,0.079
978,184897,-10.12,16,87.5,0.5268,0.2384,0.7686,0.26,0.4034,1.0827,0.7369,0.4525,-0.1835,B,0.1677,0.118-0.322,0.417,0.237,0.079
979,185244,-136.8,347,98.8,0.4477,0.1181,0.4291,0.5851,0.9536,1.559,0.5099,0.3468,-0.6217,B,0.1789,0.118-0.322,0.417,0.238,0.079
980,185258,-10.08,14,78.6,0.6482,0.2154,0.7625,0.2509,0.4014,0.3912,0.6919,0.443,-0.2189,B,0.1432,0.118-0.322,0.417,0.238,0.079
981,185449,52.94,191,98.4,0.4457,0.2017,0.4478,0.499,0.9286,1.3443,0.8803,0.3416,-0.4762,B,0.1683,0.118-0.322,0.417,0.238,0.079
982,185465,-20.1,16,62.5,0.6782,0.1532,0.7926,0.2612,0.3615,0.2687,0.4338,0.4407,-0.2232,B,0.1457,0.118-0.322,0.417,0.238,0.079
983,185479,-17.66,14,78.6,0.7987,0.1603,0.8034,0.2007,0.4014,0.1125,0.5849,0.4384,-0.1662,B,0.1649,0.118-0.322,0.417,0.238,0.079
984,185549,61.42,70,98.6,0.3157,0.2013,0.496,0.5044,0.8591,2.299,0.7644,0.4197,-0.493,B,0.2056,0.118-0.322,0.417,0.238,0.079
985,185564,-0.44,15,80.0,0.6848,0.183,0.888,0.1073,0.287,0.3527,0.6137,0.4583,-0.0235,B,0.1553,0.118-0.322,0.417,0.238,0.079
986,185625,1.09,61,100.0,0.5237,0.1636,0.5457,0.4086,0.8208,0.9863,0.7485,0.4125,-0.3578,B,0.1554,0.118-0.322,0.417,0.238,0.079
987,185752,230.4,127,99.2,0.2823,0.0932,0.5764,0.3943,0.9054,2.5702,0.4175,0.4318,-0.34,B,0.187,0.118-0.322,0.417,0.238,0.079
988,185768,-16.52,16,81.2,0.6541,0.2144,0.776,0.2663,0.3971,0.5011,0.6356,0.4305,-0.199,B,0.1914,0.118-0.322,0.418,0.238,0.079
989,185834,-66.15,66,98.5,0.6447,0.2566,0.5523,0.5221,0.8467,0.375,0.9055,0.4723,-0.5509,B,0.1804,0.118-0.322,0.418,0.238,0.079
990,185858,-32.46,24,79.2,0.582,0.2331,0.6222,0.4085,0.5519,0.5833,0.7016,0.4038,-0.3553,B,0.1416,0.118-0.322,0.418,0.238,0.079
991,185883,32.0,25,96.0,0.3594,0.2404,0.6746,0.3673,0.652,2.3429,0.8423,0.4573,-0.3154,B,0.1911,0.118-0.322,0.418,0.238,0.079
992,185924,8.6,41,100.0,0.4914,0.2534,0.5732,0.4109,0.7472,1.1817,0.848,0.3971,-0.3603,B,0.1609,0.118-0.322,0.418,0.238,0.079
993,185940,-15.96,16,68.8,0.7124,0.1965,0.8166,0.2459,0.2926,0.2254,0.5525,0.4593,-0.202,B,0.1603,0.118-0.322,0.418,0.238,0.079
994,186109,-46.01,169,98.2,0.6273,0.1932,0.3947,0.4951,0.9192,0.572,0.8157,0.3821,-0.4528,B,0.1556,0.118-0.322,0.418,0.238,0.079
995,186123,-17.23,14,100.0,0.6048,0.2319,0.8188,0.2464,0.3999,0.6912,0.8842,0.4795,-0.2309,B,0.1787,0.118-0.322,0.418,0.238,0.079
996,186139,0.25,16,75.0,0.5526,0.2235,0.8446,0.157,0.2762,0.855,0.6353,0.4661,-0.0571,B,0.1812,0.118-0.322,0.418,0.238,0.079
997,186178,-8.12,39,87.2,0.406,0.2487,0.5578,0.4796,0.7148,1.5666,0.8007,0.3848,-0.4872,B,0.1436,0.118-0.322,0.418,0.238,0.079
998,186192,-1.3,14,100.0,0.5825,0.2462,0.7708,0.2113,0.4494,0.8616,0.8971,0.4216,-0.1495,B,0.1477,0.118-0.322,0.418,0.238,0.079
999,186263,3.23,71,91.5,0.5056,0.2327,0.4834,0.4502,0.8258,0.8734,0.8493,0.408,-0.4067,B,0.1499,0.118-0.322,0.418,0.239,0.08
1000,186280,-13.52,17,82.4,0.5682,0.2254,0.7601,0.3464,0.4155,0.819,0.6783,0.439,-0.3281,B,0.1869,0.118-0.322,0.418,0.239,0.08
1001,186302,-6.6,22,90.9,0.5843,0.2182,0.6155,0.2806,0.5726,0.6453,0.7987,0.4293,-0.2263,B,0.1758,0.118-0.322,0.418,0.239,0.08
1002,186453,-24.69,151,96.7,0.4545,0.2559,0.4962,0.5814,0.9132,1.391,0.8556,0.4339,-0.6142,B,0.2054,0.118-0.322,0.418,0.239,0.08
1003,186558,128.22,105,100.0,0.2984,0.2699,0.4746,0.5026,0.8754,2.3895,0.8696,0.422,-0.4891,B,0.1297,0.118-0.322,0.418,0.239,0.08
1004,186650,215.02,92,97.8,0.1832,0.1792,0.4606,0.4563,0.8864,3.1547,0.7345,0.4525,-0.4161,B,0.1551,0.118-0.322,0.418,0.239,0.08
1005,186695,43.9,45,97.8,0.4665,0.2361,0.6111,0.3493,0.7362,1.376,0.9053,0.471,-0.2919,B,0.1796,0.118-0.322,0.419,0.239,0.08
1006,186743,-43.74,48,93.8,0.7305,0.2084,0.5492,0.4587,0.7134,0.3146,0.8062,0.4557,-0.4431,B,0.1604,0.118-0.322,0.419,0.239,0.08
1007,186762,-14.56,19,89.5,0.6847,0.1746,0.7432,0.2375,0.5761,0.271,0.7141,0.3664,-0.2061,B,0.1745,0.118-0.322,0.419,0.239,0.08
1008,186776,-17.49,14,100.0,0.5801,0.2264,0.7358,0.2829,0.3859,1.0343,0.864,0.4707,-0.2303,B,0.2,0.118-0.322,0.419,0.239,0.08
1009,186861,66.47,85,98.8,0.3181,0.1923,0.5106,0.5421,0.8715,2.3728,0.8499,0.465,-0.5645,B,0.1806,0.118-0.322,0.419,0.239,0.08
1010,186891,14.55,30,83.3,0.4553,0.2526,0.598,0.3251,0.6302,1.2417,0.6805,0.4017,-0.237,B,0.2057,0.118-0.322,0.419,0.239,0.08
1011,186947,14.18,56,98.2,0.3675,0.2675,0.516,0.5237,0.8184,1.9268,0.7663,0.42,-0.5255,B,0.1785,0.118-0.322,0.419,0.239,0.08
1012,186962,-6.62,15,73.3,0.7497,0.2034,0.8328,0.1689,0.3648,0.1744,0.5876,0.4845,-0.107,B,0.1609,0.118-0.322,0.419,0.239,0.08
1013,186978,-6.89,16,68.8,0.6958,0.2118,0.7923,0.1946,0.3435,0.2972,0.5233,0.4485,-0.12,B,0.1374,0.118-0.322,0.419,0.239,0.08
1014,187008,25.21,30,86.7,0.493,0.2266,0.6719,0.2979,0.6647,1.2556,0.754,0.4344,-0.1996,B,0.1741,0.118-0.322,0.419,0.239,0.08
1015,187022,-8.52,14,92.9,0.8094,0.1134,0.742,0.217,0.4589,0.1448,0.5013,0.4368,-0.1285,B,0.1911,0.118-0.322,0.419,0.239,0.08
1016,187137,53.72,115,99.1,0.2837,0.188,0.4961,0.5863,0.9085,2.5279,0.7593,0.4524,-0.6623,B,0.196,0.118-0.322,0.419,0.239,0.08
1017,187241,-114.78,104,98.1,0.5523,0.2482,0.4969,0.5985,0.8904,0.7791,0.9314,0.4663,-0.6599,B,0.1578,0.118-0.322,0.419,0.239,0.08
1018,187319,-26.28,78,91.0,0.6063,0.1988,0.4646,0.4593,0.8408,0.5972,0.7662,0.3266,-0.4044,B,0.2081,0.118-0.322,0.419,0.239,0.08
1019,187474,-108.13,155,100.0,0.6376,0.2063,0.4371,0.5393,0.9159,0.5526,0.879,0.465,-0.5556,B,0.2065,0.118-0.322,0.419,0.24,0.08
1020,187573,1.73,99,98.0,0.3233,0.237,0.4955,0.6237,0.8734,2.2438,0.9493,0.4404,-0.7266,B,0.1542,0.118-0.322,0.42,0.24,0.08
1021,187590,7.17,17,88.2,0.4517,0.2341,0.6552,0.3025,0.4571,1.5337,0.7105,0.4371,-0.1857,B,0.1748,0.118-0.322,0.42,0.24,0.08
1022,187683,40.35,93,97.8,0.3545,0.2658,0.4931,0.5437,0.8749,1.987,0.8223,0.4698,-0.5705,B,0.1615,0.118-0.322,0.42,0.24,0.08
1023,187892,8.88,209,99.0,0.3143,0.0878,0.4524,0.5879,0.9393,2.298,0.4016,0.3236,-0.636,B,0.1628,0.118-0.322,0.42,0.24,0.08
1024,187973,-12.35,81,97.5,0.4053,0.2237,0.5081,0.5477,0.8752,1.6073,0.9011,0.4139,-0.5786,B,0.1698,0.118-0.322,0.42,0.24,0.08
1025,188074,245.51,101,98.0,0.1838,0.1955,0.4186,0.4278,0.8954,3.1521,0.7651,0.3633,-0.363,B,0.1387,0.118-0.322,0.42,0.24,0.08
1026,188088,-16.29,14,100.0,0.5463,0.2342,0.7367,0.3054,0.4369,1.1683,0.8105,0.485,-0.3057,B,0.1975,0.118-0.322,0.42,0.24,0.08
1027,188133,-35.92,45,84.4,0.8204,0.1074,0.5475,0.369,0.7675,0.1233,0.4162,0.426,-0.3037,B,0.2048,0.118-0.322,0.42,0.24,0.08
1028,188240,81.29,107,98.1,0.3913,0.1651,0.5175,0.46,0.8879,1.7407,0.6721,0.4241,-0.4356,B,0.1631,0.118-0.322,0.42,0.24,0.08
1029,188258,15.61,18,83.3,0.421,0.2402,0.6351,0.2642,0.5278,1.5779,0.7239,0.4675,-0.1822,B,0.1342,0.118-0.322,0.42,0.24,0.08
1030,188333,-77.09,75,97.3,0.6,0.1691,0.5137,0.5173,0.8487,0.6049,0.7433,0.4049,-0.5316,B,0.1858,0.118-0.322,0.42,0.24,0.08
1031,188348,-12.17,15,93.3,0.5888,0.2262,0.7516,0.3235,0.3755,0.8921,0.7961,0.479,-0.2925,B,0.1644,0.118-0.322,0.42,0.24,0.08
1032,188396,33.06,48,83.3,0.3494,0.2453,0.5588,0.4432,0.6972,1.9115,0.7567,0.4451,-0.4179,B,0.1483,0.118-0.322,0.42,0.24,0.08
1033,188410,-1.09,14,100.0,0.5626,0.2377,0.801,0.2153,0.443,0.969,0.819,0.4464,-0.1237,B,0.1624,0.118-0.322,0.42,0.24,0.08
1034,188427,6.15,17,88.2,0.4398,0.2312,0.6677,0.2642,0.4407,1.8,0.7664,0.4333,-0.1859,B,0.1725,0.118-0.322,0.42,0.24,0.08
1035,188453,-36.34,26,76.9,0.7984,0.1599,0.5718,0.3928,0.5445,0.0925,0.5734,0.4188,-0.3165,B,0.1443,0.118-0.322,0.421,0.24,0.08
1036,188624,84.84,171,98.8,0.4998,0.2324,0.4447,0.5088,0.9158,1.4085,0.898,0.4451,-0.4919,B,0.1545,0.118-0.322,0.421,0.241,0.08
1037,188712,-50.58,88,96.6,0.7353,0.1747,0.5171,0.4634,0.8187,0.4558,0.7488,0.4222,-0.4287,B,0.1928,0.118-0.322,0.421,0.241,0.08
1038,188738,-42.49,26,88.5,0.7073,0.1531,0.6099,0.4494,0.6031,0.2146,0.6212,0.438,-0.432,B,0.1332,0.118-0.322,0.421,0.241,0.08
1039,188753,-22.57,15,93.3,0.7439,0.1791,0.7688,0.2885,0.3764,0.2709,0.7067,0.4678,-0.2588,B,0.1691,0.118-0.322,0.421,0.241,0.08
1040,188767,-21.41,14,100.0,0.5338,0.2333,0.7659,0.2682,0.3932,1.2597,0.8718,0.4709,-0.2442,B,0.1347,0.118-0.322,0.421,0.241,0.08
1041,188784,-25.66,17,82.4,0.8017,0.1065,0.7041,0.3298,0.4708,0.1389,0.4208,0.4768,-0.2958,B,0.1951,0.118-0.322,0.421,0.241,0.08
1042,188800,-31.23,16,75.0,0.8309,0.1255,0.7061,0.3202,0.4223,0.0556,0.4424,0.4654,-0.2511,B,0.1497,0.118-0.322,0.421,0.241,0.08
1043,188838,42.96,38,94.7,0.3776,0.2462,0.6497,0.3737,0.7344,1.9664,0.824,0.4316,-0.3345,B,0.1958,0.118-0.322,0.421,0.241,0.08
1044,188901,-66.23,63,96.8,0.5281,0.2191,0.5474,0.545,0.8299,0.8344,0.9098,0.3894,-0.5856,B,0.1337,0.118-0.322,0.421,0.241,0.08
1045,188945,-12.97,44,81.8,0.5187,0.2225,0.5519,0.4241,0.727,0.83,0.6034,0.4041,-0.382,B,0.1631,0.118-0.322,0.421,0.241,0.08
1046,189065,101.54,120,99.2,0.5382,0.2101,0.4554,0.4081,0.8806,1.2081,0.8773,0.3871,-0.334,B,0.1472,0.118-0.322,0.421,0.241,0.08
1047,189175,6.75,110,97.3,0.4566,0.1326,0.4874,0.4826,0.8866,1.2526,0.5972,0.4251,-0.4555,B,0.1646,0.118-0.322,0.421,0.241,0.08
1048,189220,7.64,45,95.6,0.3932,0.2636,0.5455,0.4548,0.7486,1.6759,0.7428,0.419,-0.4329,B,0.1996,0.118-0.322,0.421,0.241,0.08
1049,189345,113.25,125,98.4,0.5197,0.184,0.4817,0.4183,0.8257,1.6255,0.7237,0.3568,-0.358,B,0.1529,0.118-0.322,0.421,0.241,0.08
1050,189360,-13.76,15,93.3,0.6382,0.2266,0.7421,0.2757,0.4467,0.6231,0.7914,0.4807,-0.2415,B,0.21,0.118-0.322,0.422,0.241,0.08
1051,189496,-11.77,136,98.5,0.5488,0.1276,0.4831,0.4471,0.8817,0.9637,0.5759,0.3411,-0.4084,B,0.1824,0.118-0.322,0.422,0.241,0.08
1052,189512,-12.3,16,93.8,0.56,0.2443,0.7831,0.2703,0.4274,0.8547,0.8333,0.4897,-0.2427,B,0.1401,0.118-0.322,0.422,0.241,0.08
1053,189673,147.8,161,98.8,0.3394,0.128,0.4762,0.4925,0.9378,2.0827,0.5443,0.4542,-0.4757,B,0.1983,0.118-0.322,0.422,0.241,0.08
1054,189811,103.06,138,97.8,0.2815,0.1162,0.503,0.5196,0.8956,2.4731,0.5115,0.3663,-0.5384,B,0.158,0.118-0.322,0.422,0.242,0.081
1055,189826,-6.42,15,100.0,0.548,0.2398,0.8168,0.2529,0.4619,1.1837,0.8172,0.4459,-0.1981,B,0.1753,0.118-0.322,0.422,0.242,0.081
1056,189878,68.01,52,96.2,0.2257,0.2758,0.5579,0.5203,0.8119,2.9381,0.7778,0.4601,-0.529,B,0.1732,0.118-0.322,0.422,0.242,0.081
1057,189920,49.5,42,92.9,0.348,0.253,0.5822,0.4383,0.7468,2.0629,0.8344,0.4635,-0.3889,B,0.1792,0.118-0.322,0.422,0.242,0.081
1058,189934,-7.46,14,92.9,0.5816,0.2182,0.7715,0.1959,0.3575,0.944,0.7934,0.4363,-0.1111,B,0.2062,0.118-0.322,0.422,0.242,0.081
1059,189998,-12.04,64,96.9,0.6759,0.2005,0.4687,0.4294,0.8088,0.5969,0.7478,0.4674,-0.3794,B,0.1768,0.118-0.322,0.422,0.242,0.081
1060,190188,274.25,190,98.9,0.2759,0.1561,0.4273,0.5057,0.9313,2.5322,0.6783,0.4276,-0.4772,B,0.1802,0.118-0.322,0.422,0.242,0.081
1061,190202,4.66,14,92.9,0.569,0.2212,0.7917,0.1746,0.4469,0.7808,0.8163,0.4599,-0.0949,B,0.1407,0.118-0.322,0.422,0.242,0.081
1062,190302,182.98,100,99.0,0.3722,0.2089,0.4586,0.3911,0.8647,2.1079,0.8325,0.456,-0.3074,B,0.1697,0.118-0.322,0.423,0.242,0.081
1063,190354,92.83,52,96.2,0.3429,0.253,0.5006,0.414,0.8315,2.1775,0.9094,0.488,-0.3285,B,0.1539,0.118-0.322,0.423,0.242,0.081
1064,190407,-12.92,53,96.2,0.5648,0.2037,0.4915,0.4826,0.8167,0.7414,0.8564,0.48,-0.4565,B,0.1839,0.118-0.322,0.423,0.242,0.081
1065,190447,3.91,40,90.0,0.5457,0.2426,0.5368,0.3687,0.7389,0.8201,0.8173,0.4681,-0.3073,B,0.1757,0.118-0.322,0.423,0.242,0.081
1066,190502,112.71,55,94.5,0.1906,0.2494,0.5469,0.4569,0.7904,3.0877,0.8823,0.4566,-0.437,B,0.1659,0.118-0.322,0.423,0.242,0.081
1067,190517,-17.91,15,93.3,0.7184,0.1851,0.7695,0.2622,0.4637,0.2657,0.7817,0.4078,-0.2029,B,0.1963,0.118-0.322,0.423,0.242,0.081
1068,190630,-150.41,113,97.3,0.5689,0.2526,0.49,0.6174,0.8897,0.7686,0.8962,0.4544,-0.7059,B,0.187,0.118-0.322,0.423,0.242,0.081
1069,190664,19.57,34,100.0,0.59,0.2509,0.6861,0.309,0.7399,0.6397,0.9046,0.4853,-0.2155,B,0.1587,0.118-0.322,0.423,0.242,0.081
1070,190743,19.06,79,93.7,0.3507,0.2237,0.4813,0.5357,0.8504,1.9396,0.853,0.3202,-0.5536,B,0.1378,0.118-0.322,0.423,0.242,0.081
1071,190769,-5.48,26,100.0,0.537,0.2488,0.5522,0.3945,0.6589,1.11,0.8457,0.4587,-0.3253,B,0.1487,0.118-0.322,0.423,0.242,0.081
1072,190787,-22.49,18,94.4,0.5751,0.231,0.7064,0.4258,0.5006,0.8036,0.8175,0.3995,-0.4321,B,0.169,0.118-0.322,0.423,0.242,0.081
1073,190894,-40.93,107,92.5,0.7218,0.1394,0.4791,0.4418,0.8589,0.4773,0.5751,0.3657,-0.3898,B,0.1929,0.118-0.322,0.423,0.242,0.081
1074,191058,72.7,164,95.1,0.2907,0.2176,0.4532,0.6044,0.9257,2.391,0.807,0.4052,-0.6798,B,0.1674,0.118-0.322,0.423,0.243,0.081
1075,191072,-17.62,14,100.0,0.6553,0.2271,0.705,0.2959,0.4232,0.5499,0.8738,0.4665,-0.2483,B,0.1512,0.118-0.322,0.423,0.243,0.081
1076,191184,165.75,112,98.2,0.273,0.1682,0.4413,0.4916,0.8991,2.5623,0.6976,0.4357,-0.4493,B,0.1488,0.118-0.322,0.424,0.243,0.081
1077,191206,-4.98,22,90.9,0.4769,0.2466,0.6033,0.4037,0.5528,1.3356,0.7783,0.4809,-0.3417,B,0.1903,0.118-0.322,0.424,0.243,0.081
1078,191253,45.31,47,97.9,0.3343,0.2589,0.5311,0.4648,0.7525,2.2642,0.8075,0.4215,-0.4382,B,0.1601,0.118-0.322,0.424,0.243,0.081
1079,191404,39.47,151,97.4,0.4664,0.2194,0.5382,0.4994,0.8879,1.418,0.8416,0.4109,-0.5056,B,0.1737,0.118-0.322,0.424,0.243,0.081
1080,191907,703.77,503,99.4,0.2636,0.2277,0.4016,0.5577,0.9675,2.611,0.9103,0.3803,-0.5606,B,0.2057,0.118-0.322,0.424,0.243,0.081
1081,191922,-7.71,15,93.3,0.6197,0.209,0.7493,0.226,0.4555,0.7346,0.7705,0.459,-0.1747,B,0.1602,0.118-0.322,0.424,0.243,0.081
1082,191937,0.42,15,73.3,0.5404,0.2203,0.8617,0.1368,0.2923,0.8851,0.6291,0.4602,-0.0539,B,0.1907,0.118-0.322,0.424,0.243,0.081
1083,192067,13.46,130,98.5,0.5088,0.1246,0.4661,0.4502,0.9053,1.0045,0.534,0.3794,-0.389,B,0.1715,0.118-0.322,0.425,0.243,0.081
1084,192081,-0.09,14,92.9,0.6225,0.1955,0.784,0.219,0.4349,0.7296,0.744,0.4628,-0.1528,B,0.1961,0.118-0.322,0.425,0.243,0.081
1085,192196,-82.66,115,100.0,0.4592,0.2619,0.506,0.6143,0.9076,1.2761,0.9017,0.4588,-0.7047,B,0.1351,0.118-0.322,0.425,0.243,0.081
1086,192214,11.46,18,94.4,0.5049,0.2198,0.727,0.3106,0.5178,1.7035,0.7699,0.4624,-0.2652,B,0.2049,0.118-0.322,0.425,0.244,0.081
1087,192261,59.15,47,93.6,0.2923,0.2481,0.5398,0.4521,0.8024,2.4867,0.8572,0.4578,-0.449,B,0.189,0.118-0.322,0.425,0.244,0.081
1088,192296,5.27,35,100.0,0.5299,0.2247,0.5479,0.3835,0.7445,0.9652,0.8836,0.4382,-0.3219,B,0.1352,0.118-0.322,0.425,0.244,0.081
1089,192312,-1.83,16,93.8,0.4904,0.2475,0.7339,0.2373,0.4361,1.2892,0.799,0.4064,-0.1761,B,0.1821,0.118-0.322,0.425,0.244,0.081
1090,192331,-16.86,19,78.9,0.7836,0.1358,0.6414,0.3037,0.5186,0.2024,0.4843,0.4658,-0.2047,B,0.2026,0.118-0.322,0.425,0.244,0.081
1091,192353,-24.0,22,72.7,0.79,0.1417,0.7272,0.3039,0.507,0.1698,0.4611,0.384,-0.273,B,0.1871,0.118-0.322,0.425,0.244,0.081
1092,192401,-32.15,48,100.0,0.7964,0.1508,0.5492,0.4147,0.7448,0.3411,0.6251,0.3978,-0.3635,B,0.1819,0.118-0.322,0.425,0.244,0.081
1093,192439,22.82,38,94.7,0.3967,0.249,0.6114,0.4346,0.7739,1.8569,0.8333,0.4188,-0.4068,B,0.1397,0.118-0.322,0.425,0.244,0.081
1094,192592,-82.67,153,98.7,0.7002,0.1954,0.4642,0.4761,0.9041,0.289,0.8775,0.3417,-0.4369,B,0.1384,0.118-0.322,0.425,0.244,0.081
1095,192648,-20.34,56,100.0,0.4678,0.1831,0.4751,0.4846,0.828,1.2282,0.6851,0.3085,-0.4439,B,0.1775,0.118-0.322,0.425,0.244,0.081
1096,192899,48.1,251,98.8,0.4365,0.1944,0.4185,0.5285,0.9331,1.3643,0.8163,0.3964,-0.524,B,0.2026,0.118-0.322,0.425,0.244,0.081
1097,192914,-10.02,15,100.0,0.5952,0.2337,0.7962,0.1739,0.4031,0.8277,0.8159,0.4837,-0.089,B,0.1411,0.118-0.322,0.425,0.244,0.081
1098,192936,-26.26,22,77.3,0.632,0.2081,0.7123,0.3388,0.5004,0.4518,0.6653,0.4198,-0.2847,B,0.1352,0.118-0.322,0.425,0.244,0.081
1099,193059,16.41,123,95.9,0.3808,0.2323,0.4578,0.5959,0.9161,1.7881,0.8649,0.4193,-0.6245,B,0.1729,0.118-0.322,0.426,0.244,0.081
1100,193074,-9.69,15,100.0,0.5935,0.2365,0.7753,0.2414,0.4041,0.891,0.8572,0.4533,-0.1974,B,0.204,0.118-0.322,0.426,0.244,0.081
1101,193099,-3.45,25,88.0,0.4792,0.2338,0.6503,0.3753,0.5693,1.3423,0.7331,0.4398,-0.3435,B,0.1603,0.118-0.322,0.426,0.244,0.081
1102,193155,36.56,56,94.6,0.313,0.2615,0.5352,0.5193,0.8167,2.3353,0.7779,0.4622,-0.5559,B,0.1564,0.118-0.322,0.426,0.244,0.081
1103,193171,-15.26,16,81.2,0.6829,0.2009,0.7755,0.2418,0.3692,0.3833,0.6624,0.4151,-0.2081,B,0.177,0.118-0.322,0.426,0.244,0.081
1104,193381,145.83,210,98.6,0.3008,0.2155,0.4005,0.5977,0.9446,2.3442,0.8207,0.4266,-0.6298,B,0.1925,0.118-0.322,0.426,0.244,0.081
1105,193634,302.18,253,99.6,0.2267,0.1845,0.3952,0.5997,0.9547,2.9002,0.8074,0.4262,-0.6433,B,0.2033,0.118-0.322,0.426,0.245,0.082
1106,193648,-4.18,14,85.7,0.6029,0.2046,0.795,0.1481,0.4232,0.6564,0.7342,0.4345,-0.0638,B,0.205,0.118-0.322,0.426,0.245,0.082
1107,193749,19.0,101,99.0,0.3491,0.2031,0.5227,0.567,0.891,2.077,0.853,0.3821,-0.6275,B,0.1599,0.118-0.322,0.426,0.245,0.082
1108,193763,-8.15,14,92.9,0.558,0.2256,0.8245,0.2514,0.4011,0.9396,0.7785,0.4462,-0.2304,B,0.141,0.118-0.322,0.426,0.245,0.082
1109,193813,-2.47,50,94.0,0.4674,0.2408,0.532,0.4408,0.7605,1.2046,0.7877,0.3731,-0.4188,B,0.1634,0.118-0.322,0.426,0.245,0.082
1110,193877,115.55,64,95.3,0.2866,0.2561,0.4839,0.4222,0.8276,2.5116,0.8907,0.4392,-0.3606,B,0.2129,0.118-0.322,0.427,0.245,0.082
1111,193968,-46.46,91,96.7,0.3719,0.2293,0.5126,0.6314,0.8767,1.8067,0.7951,0.4623,-0.7369,B,0.1815,0.118-0.322,0.427,0.245,0.082
1112,194345,-26.4,377,99.2,0.409,0.2329,0.4241,0.6106,0.9612,1.6103,0.8869,0.4043,-0.6628,B,0.172,0.118-0.322,0.427,0.245,0.082
1113,194386,23.23,41,100.0,0.3588,0.2601,0.5535,0.4446,0.7846,2.039,0.7802,0.3968,-0.4359,B,0.1574,0.118-0.322,0.427,0.245,0.082
1114,194803,-93.21,417,100.0,0.4375,0.1203,0.4031,0.5728,0.9684,1.5143,0.5176,0.3937,-0.5891,B,0.188,0.118-0.322,0.428,0.246,0.082
1115,194827,-0.15,24,95.8,0.5053,0.2478,0.7492,0.304,0.618,1.1351,0.8634,0.4817,-0.2707,B,0.2058,0.118-0.322,0.428,0.246,0.082
1116,194844,-6.11,17,76.5,0.4455,0.2284,0.6683,0.3041,0.3881,1.4413,0.6251,0.4735,-0.2067,B,0.1518,0.118-0.322,0.428,0.246,0.082
1117,194919,-65.99,75,62.7,0.3161,0.1715,0.5655,0.5042,0.816,1.4146,0.4209,0.3363,-0.5525,B,0.207,0.118-0.322,0.428,0.246,0.082
1118,194961,-25.58,42,90.5,0.8322,0.1621,0.638,0.3556,0.6644,0.1374,0.6468,0.443,-0.2806,B,0.2041,0.118-0.322,0.428,0.246,0.082
1119,195065,70.12,104,97.1,0.4179,0.2519,0.5158,0.4774,0.8727,1.5873,0.8487,0.4366,-0.4522,B,0.2138,0.118-0.322,0.428,0.246,0.082
1120,195154,-109.68,89,97.8,0.4208,0.2139,0.5141,0.6437,0.8911,1.459,0.8148,0.4359,-0.78,B,0.1408,0.118-0.322,0.428,0.246,0.082
1121,195389,-166.75,235,87.7,0.4054,0.1323,0.5144,0.5923,0.9253,1.6356,0.5342,0.3702,-0.6669,B,0.2041,0.118-0.322,0.428,0.246,0.082
1122,195410,14.7,21,95.2,0.4534,0.2322,0.649,0.3502,0.6147,1.6494,0.7991,0.4249,-0.2884,B,0.1337,0.118-0.322,0.428,0.246,0.082
1123,195424,-25.17,14,85.7,0.5876,0.217,0.7746,0.3215,0.3963,0.7606,0.7003,0.4491,-0.3266,B,0.1485,0.118-0.322,0.428,0.246,0.082
1124,195441,-4.79,17,94.1,0.4775,0.2427,0.6923,0.3539,0.4741,1.4324,0.7912,0.474,-0.3111,B,0.203,0.118-0.322,0.428,0.246,0.082
1125,195455,-3.46,14,92.9,0.529,0.2246,0.732,0.2932,0.4203,1.4487,0.7393,0.479,-0.2517,B,0.1603,0.118-0.322,0.428,0.246,0.082
1126,195615,-12.93,160,99.4,0.5118,0.1467,0.46,0.4802,0.9154,1.0519,0.6157,0.3408,-0.4501,B,0.2087,0.118-0.322,0.428,0.246,0.082
1127,195653,19.6,38,94.7,0.3626,0.2424,0.572,0.4321,0.7335,1.9762,0.8897,0.3823,-0.3894,B,0.1419,0.118-0.322,0.429,0.246,0.082
1128,195692,-18.36,39,97.4,0.4269,0.2511,0.5478,0.4799,0.7324,1.462,0.7796,0.3564,-0.4697,B,0.2107,0.118-0.322,0.429,0.246,0.082
1129,195795,-50.33,103,99.0,0.4832,0.1614,0.4887,0.5343,0.8878,1.1994,0.661,0.387,-0.5655,B,0.1585,0.118-0.322,0.429,0.246,0.082
1130,195901,54.24,106,98.1,0.3179,0.1735,0.4982,0.5167,0.8933,2.2848,0.7421,0.2424,-0.5144,B,0.203,0.118-0.322,0.429,0.247,0.082
1131,195916,-5.63,15,86.7,0.4591,0.2381,0.819,0.2216,0.3902,1.5753,0.7472,0.4407,-0.1705,B,0.2115,0.118-0.322,0.429,0.247,0.082
1132,195961,-33.46,45,100.0,0.7059,0.1663,0.4946,0.4311,0.784,0.3459,0.7578,0.3994,-0.3813,B,0.1822,0.118-0.322,0.429,0.247,0.082
1133,195975,-1.06,14,92.9,0.4946,0.2021,0.7379,0.1765,0.4436,1.1953,0.7832,0.4717,-0.0945,B,0.1831,0.118-0.322,0.429,0.247,0.082
1134,195992,-18.94,17,94.1,0.5913,0.2302,0.6704,0.3494,0.4898,0.8581,0.8012,0.4795,-0.3207,B,0.1973,0.118-0.322,0.429,0.247,0.082
1135,196094,173.99,102,97.1,0.3048,0.2616,0.4233,0.4867,0.8934,2.3827,0.88,0.4701,-0.4475,B,0.1599,0.118-0.322,0.429,0.247,0.082
1136,196253,90.22,159,100.0,0.3578,0.2487,0.4633,0.5745,0.9358,2.0376,0.9453,0.4373,-0.6141,B,0.1659,0.118-0.322,0.429,0.247,0.082
1137,196268,-10.36,15,93.3,0.6,0.217,0.7071,0.2485,0.4426,0.5873,0.8429,0.4676,-0.1483,B,0.1475,0.118-0.322,0.429,0.247,0.082
1138,196289,-1.45,21,90.5,0.4312,0.2436,0.6798,0.3174,0.5116,1.5399,0.769,0.4024,-0.2475,B,0.136,0.118-0.322,0.429,0.247,0.082
1139,196308,-11.13,19,78.9,0.5784,0.2238,0.6349,0.3071,0.5106,0.7612,0.6411,0.4666,-0.2565,B,0.1826,0.118-0.322,0.429,0.247,0.082
1140,196326,-17.48,18,88.9,0.7874,0.1513,0.7294,0.3099,0.5043,0.1547,0.635,0.477,-0.2896,B,0.1449,0.118-0.322,0.429,0.247,0.082
1141,196446,58.31,120,97.5,0.387,0.1849,0.4491,0.4984,0.8985,1.7591,0.7683,0.3113,-0.4657,B,0.1346,0.118-0.322,0.429,0.247,0.082
1142,196485,45.98,39,94.9,0.3937,0.2549,0.5016,0.3399,0.7348,1.7699,0.8444,0.4388,-0.2516,B,0.1454,0.118-0.322,0.429,0.247,0.082
1143,196906,-133.58,421,100.0,0.4312,0.129,0.4173,0.5708,0.9461,1.4781,0.5091,0.3964,-0.5955,B,0.1881,0.118-0.322,0.43,0.247,0.082
1144,196920,-13.29,14,85.7,0.692,0.1725,0.7685,0.2946,0.3895,0.4429,0.6399,0.4802,-0.2575,B,0.2011,0.118-0.322,0.43,0.247,0.082
1145,197089,298.14,169,97.0,0.2997,0.2743,0.3739,0.4837,0.9338,2.3524,0.8444,0.4082,-0.4262,B,0.1925,0.118-0.322,0.43,0.248,0.083
1146,197103,-19.73,14,92.9,0.614,0.2231,0.7913,0.3592,0.4516,0.5626,0.8405,0.4705,-0.3749,B,0.1375,0.118-0.322,0.43,0.248,0.083
1147,197383,329.8,280,98.2,0.3182,0.1626,0.4532,0.4846,0.938,2.4346,0.7247,0.2679,-0.4529,B,0.1968,0.118-0.322,0.43,0.248,0.083
1148,197414,-45.2,31,96.8,0.6348,0.1993,0.6786,0.4554,0.6853,0.4348,0.8269,0.4427,-0.4713,B,0.1557,0.118-0.322,0.43,0.248,0.083
1149,197428,-26.22,14,85.7,0.6763,0.2086,0.7659,0.2792,0.4244,0.3702,0.7612,0.4672,-0.2744,B,0.1372,0.118-0.322,0.43,0.248,0.083
1150,197507,2.02,79,94.9,0.3909,0.1941,0.5323,0.5085,0.8344,1.727,0.7915,0.2166,-0.5018,B,0.1359,0.118-0.322,0.431,0.248,0.083
1151,197527,-5.25,20,80.0,0.4195,0.2242,0.6694,0.3624,0.491,1.3603,0.7164,0.4323,-0.3267,B,0.1693,0.118-0.322,0.431,0.248,0.083
1152,197567,17.25,40,97.5,0.4001,0.2543,0.5656,0.4615,0.7754,1.7133,0.9019,0.4688,-0.4537,B,0.1843,0.118-0.322,0.431,0.248,0.083
1153,197588,7.55,21,95.2,0.455,0.239,0.6998,0.3348,0.5502,1.6695,0.8367,0.4563,-0.2521,B,0.1428,0.118-0.322,0.431,0.248,0.083
1154,197777,-278.07,189,92.1,0.6227,0.203,0.4232,0.6106,0.9465,0.4593,0.7856,0.401,-0.6636,B,0.1437,0.118-0.322,0.431,0.248,0.083
1155,197790,-1.62,13,84.6,0.6677,0.1962,0.8074,0.1847,0.4542,0.3513,0.7386,0.4539,-0.1085,B,0.1506,0.118-0.322,0.431,0.248,0.083
1156,197808,-13.78,18,100.0,0.5583,0.2431,0.6772,0.3627,0.5409,1.0053,0.9003,0.4579,-0.2947,B,0.1795,0.118-0.322,0.431,0.248,0.083
1157,197823,-6.88,15,86.7,0.6782,0.1929,0.7746,0.2115,0.3414,0.3153,0.725,0.4605,-0.1403,B,0.1939,0.118-0.322,0.431,0.248,0.083
1158,197895,-31.12,72,95.8,0.5713,0.2542,0.5222,0.4915,0.8325,0.7721,0.9045,0.434,-0.4965,B,0.1718,0.118-0.322,0.431,0.248,0.083
1159,197912,-9.22,17,94.1,0.4875,0.2362,0.6584,0.3804,0.4496,1.5411,0.7862,0.4443,-0.3399,B,0.1925,0.118-0.322,0.431,0.248,0.083
1160,197932,-0.15,20,95.0,0.5602,0.248,0.7016,0.2738,0.5456,0.9191,0.846,0.4695,-0.223,B,0.1955,0.118-0.322,0.431,0.248,0.083
1161,197963,-17.89,31,80.6,0.6008,0.2333,0.629,0.3551,0.6361,0.4426,0.6465,0.3456,-0.2739,B,0.1864,0.118-0.322,0.431,0.248,0.083
1162,197976,-12.53,13,92.3,0.6965,0.1762,0.8037,0.214,0.4425,0.3848,0.7432,0.4626,-0.1709,B,0.2147,0.118-0.322,0.431,0.248,0.083
1163,197990,-9.28,14,100.0,0.6225,0.2197,0.805,0.1898,0.4169,0.6144,0.8787,0.4473,-0.1199,B,0.2142,0.118-0.322,0.431,0.248,0.083
1164,198032,5.85,42,90.5,0.4884,0.2382,0.5897,0.4526,0.7604,1.3103,0.7914,0.4672,-0.4361,B,0.1512,0.118-0.322,0.431,0.248,0.083
1165,198050,12.05,18,94.4,0.453,0.2389,0.6904,0.2361,0.5278,1.6781,0.8309,0.4804,-0.1499,B,0.1934,0.118-0.322,0.431,0.248,0.083
1166,198064,-10.06,14,92.9,0.7249,0.1868,0.8268,0.267,0.4077,0.3421,0.7659,0.4171,-0.2335,B,0.1964,0.118-0.322,0.431,0.248,0.083
1167,198079,-15.1,15,86.7,0.5106,0.2276,0.7881,0.2797,0.3617,1.2351,0.722,0.4507,-0.243,B,0.1994,0.118-0.322,0.431,0.248,0.083
1168,198288,-14.35,209,99.0,0.5531,0.1565,0.4116,0.4927,0.9,0.9851,0.6935,0.3324,-0.4579,B,0.1611,0.118-0.322,0.431,0.249,0.083
1169,198604,343.33,316,99.7,0.2801,0.1552,0.4241,0.5485,0.9515,2.5428,0.6121,0.3874,-0.542,B,0.1737,0.118-0.322,0.432,0.249,0.083
1170,198733,167.34,129,100.0,0.3204,0.2109,0.5038,0.4977,0.9219,2.3626,0.8086,0.3771,-0.4915,B,0.1421,0.118-0.322,0.432,0.249,0.083
1171,198785,49.18,52,100.0,0.3053,0.2251,0.5126,0.4841,0.8357,2.4395,0.7977,0.4099,-0.4762,B,0.1435,0.118-0.322,0.432,0.249,0.083
1172,199058,205.05,273,99.6,0.4777,0.2139,0.4173,0.4606,0.9469,1.259,0.834,0.4105,-0.4034,B,0.1497,0.118-0.322,0.432,0.249,0.083
1173,199243,-24.79,185,98.9,0.3918,0.1911,0.4945,0.5947,0.9208,1.9403,0.8506,0.3615,-0.6885,B,0.1856,0.118-0.322,0.432,0.249,0.083
1174,199282,35.41,39,92.3,0.318,0.2409,0.6494,0.4234,0.7557,2.3115,0.8486,0.2978,-0.4328,B,0.1503,0.118-0.322,0.433,0.249,0.083
1175,199297,-9.71,15,93.3,0.4448,0.2451,0.779,0.2472,0.4401,1.4385,0.8281,0.4416,-0.1944,B,0.1819,0.118-0.322,0.433,0.249,0.083
1176,199379,116.05,82,95.1,0.29,0.2412,0.4616,0.4547,0.8483,2.3825,0.9201,0.4532,-0.4318,B,0.1934,0.118-0.322,0.433,0.249,0.083
1177,199394,-10.53,15,73.3,0.8007,0.1424,0.7996,0.2038,0.3419,0.0641,0.486,0.4679,-0.1315,B,0.1436,0.118-0.322,0.433,0.249,0.083
1178,199528,-139.02,134,100.0,0.4246,0.25,0.4758,0.6716,0.9275,1.45,0.9204,0.4469,-0.7959,B,0.1507,0.118-0.322,0.433,0.25,0.083
1179,199544,-32.51,16,87.5,0.6371,0.2008,0.786,0.414,0.5021,0.4089,0.7636,0.4554,-0.5259,B,0.1477,0.118-0.322,0.433,0.25,0.083
1180,199559,-22.89,15,93.3,0.8638,0.124,0.7682,0.3229,0.5101,0.1062,0.5518,0.4814,-0.301,B,0.189,0.118-0.322,0.433,0.25,0.083
1181,199822,162.47,263,98.5,0.4164,0.2185,0.4162,0.5265,0.9261,1.7483,0.8419,0.3695,-0.5195,B,0.1767,0.118-0.322,0.433,0.25,0.083
1182,199867,-54.57,45,100.0,0.7981,0.1332,0.5995,0.4258,0.6778,0.4823,0.5715,0.4102,-0.4066,B,0.2151,0.118-0.322,0.433,0.25,0.083
1183,199881,-0.56,14,100.0,0.5104,0.2295,0.7541,0.221,0.4374,1.3055,0.8634,0.4736,-0.1468,B,0.1884,0.118-0.322,0.433,0.25,0.083
1184,199901,-17.34,20,95.0,0.5573,0.2393,0.6654,0.3538,0.5306,0.9177,0.8034,0.4337,-0.3114,B,0.179,0.118-0.322,0.433,0.25,0.083
1185,199945,25.96,44,90.9,0.3753,0.2537,0.5548,0.4888,0.7284,1.9088,0.7863,0.4332,-0.4568,B,0.1377,0.118-0.322,0.433,0.25,0.083
1186,200100,129.82,155,98.7,0.3478,0.2221,0.4779,0.5227,0.9306,2.0735,0.8498,0.3728,-0.5399,B,0.1684,0.118-0.322,0.433,0.25,0.083
1187,200180,81.3,80,95.0,0.3187,0.1937,0.5737,0.4418,0.8435,2.3225,0.7819,0.2419,-0.4326,B,0.1874,0.118-0.322,0.434,0.25,0.083
1188,200198,-24.41,18,66.7,0.8958,0.123,0.6834,0.2718,0.4346,0.0924,0.3816,0.4655,-0.2258,B,0.1405,0.118-0.322,0.434,0.25,0.083
1189,200512,261.1,314,89.5,0.4237,0.1688,0.4753,0.4729,0.9299,1.8571,0.6489,0.3538,-0.4396,B,0.1374,0.118-0.322,0.434,0.25,0.083
1190,200538,-8.85,26,80.8,0.4792,0.2386,0.6119,0.3997,0.5197,1.2565,0.6812,0.453,-0.3752,B,0.2032,0.118-0.322,0.434,0.25,0.083
1191,200603,48.6,65,100.0,0.3972,0.259,0.5102,0.4912,0.8697,1.75,0.9356,0.4604,-0.4783,B,0.155,0.118-0.322,0.434,0.25,0.083
1192,200704,28.31,101,98.0,0.4465,0.1797,0.4621,0.4941,0.8942,1.4219,0.7511,0.4473,-0.479,B,0.1589,0.118-0.322,0.434,0.251,0.084
1193,200718,-13.88,14,100.0,0.519,0.2392,0.7811,0.3307,0.4239,1.1802,0.8984,0.4755,-0.3551,B,0.2012,0.118-0.322,0.434,0.251,0.084
1194,200744,4.96,26,92.3,0.4807,0.2519,0.7102,0.3574,0.6541,1.2106,0.756,0.4475,-0.3351,B,0.1397,0.118-0.322,0.434,0.251,0.084
1195,200792,-53.09,48,95.8,0.5971,0.1947,0.5494,0.5172,0.7997,0.568,0.8304,0.3988,-0.5521,B,0.152,0.118-0.322,0.434,0.251,0.084
1196,200823,-1.96,31,93.5,0.6165,0.2459,0.5455,0.3477,0.662,0.4912,0.845,0.3894,-0.2358,B,0.2129,0.118-0.322,0.434,0.251,0.084
1197,200925,67.31,102,97.1,0.3976,0.2028,0.4523,0.4968,0.889,1.7183,0.8587,0.3606,-0.46,B,0.1742,0.118-0.322,0.434,0.251,0.084
1198,201333,162.25,408,99.3,0.4418,0.2013,0.3874,0.5205,0.9642,1.3962,0.7797,0.4028,-0.4977,B,0.1444,0.118-0.322,0.435,0.251,0.084
1199,201442,55.92,109,100.0,0.3792,0.2095,0.4527,0.5303,0.9103,1.8814,0.8438,0.4386,-0.5334,B,0.2173,0.118-0.322,0.435,0.251,0.084
1200,201635,-24.56,193,95.3,0.6703,0.1714,0.3864,0.465,0.9119,0.6291,0.7292,0.298,-0.4017,B,0.1657,0.118-0.322,0.435,0.251,0.084
1201,201699,15.67,64,96.9,0.4158,0.158,0.5384,0.4683,0.8427,1.4839,0.6818,0.4396,-0.4488,B,0.1979,0.118-0.322,0.435,0.251,0.084
1202,201734,39.68,35,91.4,0.4311,0.2386,0.5827,0.3509,0.6915,1.7583,0.8201,0.4845,-0.2793,B,0.1594,0.118-0.322,0.435,0.251,0.084
1203,201748,3.3,14,100.0,0.4728,0.2373,0.7449,0.2499,0.4309,1.5471,0.8593,0.4417,-0.1675,B,0.2124,0.118-0.322,0.435,0.251,0.084
1204,201888,137.18,140,99.3,0.2939,0.1857,0.4016,0.5414,0.9276,2.3882,0.7217,0.4375,-0.5338,B,0.1573,0.118-0.322,0.435,0.252,0.084
1205,201926,44.26,38,97.4,0.3555,0.2611,0.552,0.4162,0.7906,2.0853,0.8224,0.4483,-0.3613,B,0.1649,0.118-0.322,0.435,0.252,0.084
1206,201981,-39.61,55,89.1,0.6111,0.2228,0.4864,0.4775,0.8042,0.5744,0.6808,0.3858,-0.4693,B,0.1582,0.118-0.322,0.436,0.252,0.084
1207,201996,-11.58,15,100.0,0.5479,0.2443,0.6941,0.3723,0.4863,1.0175,0.9107,0.4719,-0.3324,B,0.1468,0.118-0.322,0.436,0.252,0.084
1208,202086,105.42,90,97.8,0.2499,0.2755,0.4461,0.5693,0.895,2.7522,0.8461,0.4751,-0.5949,B,0.1957,0.118-0.322,0.436,0.252,0.084
1209,202149,-4.74,63,100.0,0.4361,0.1628,0.5416,0.4936,0.8243,1.5036,0.6524,0.4272,-0.4753,B,0.1397,0.118-0.322,0.436,0.252,0.084
1210,202163,-8.11,14,100.0,0.4859,0.2354,0.7796,0.2055,0.4083,1.4556,0.845,0.441,-0.1339,B,0.1582,0.118-0.322,0.436,0.252,0.084
1211,202181,-27.08,18,61.1,0.9271,0.108,0.7025,0.3232,0.3628,0.045,0.3144,0.437,-0.2514,B,0.1833,0.118-0.322,0.436,0.252,0.084
1212,202196,-4.02,15,93.3,0.4936,0.2467,0.7266,0.2696,0.456,1.2893,0.8225,0.4629,-0.1889,B,0.1681,0.118-0.322,0.436,0.252,0.084
1213,202211,-13.18,15,93.3,0.5504,0.2347,0.706,0.2802,0.3853,1.0882,0.7904,0.4444,-0.1873,B,0.1983,0.118-0.322,0.436,0.252,0.084
1214,202225,7.3,14,100.0,0.5234,0.2448,0.7983,0.1513,0.4255,1.1185,0.84,0.4456,-0.0583,B,0.1508,0.118-0.322,0.436,0.252,0.084
1215,202395,308.45,170,98.8,0.1567,0.2689,0.4429,0.5642,0.9404,3.2891,0.8941,0.4297,-0.6023,B,0.1797,0.118-0.322,0.436,0.252,0.084
1216,202415,-20.06,20,95.0,0.5504,0.2387,0.6671,0.4052,0.5174,1.1614,0.7981,0.4711,-0.4002,B,0.1749,0.118-0.322,0.436,0.252,0.084
1217,202429,-4.67,14,85.7,0.3973,0.2441,0.7343,0.2547,0.4173,1.6134,0.7399,0.4727,-0.1707,B,0.1755,0.118-0.322,0.436,0.252,0.084
1218,202481,51.38,52,94.2,0.406,0.2189,0.5173,0.4164,0.8155,1.7878,0.8518,0.3445,-0.3633,B,0.1772,0.118-0.322,0.436,0.252,0.084
1219,202495,-14.98,14,78.6,0.757,0.1639,0.7938,0.2151,0.4148,0.2557,0.571,0.4096,-0.1391,B,0.195,0.118-0.322,0.436,0.252,0.084
1220,202508,-19.81,13,92.3,0.7591,0.1405,0.8017,0.2338,0.4086,0.1682,0.6061,0.4521,-0.16,B,0.2066,0.118-0.322,0.436,0.252,0.084
1221,202574,-42.05,66,98.5,0.5577,0.2217,0.5568,0.5093,0.8635,0.6911,0.9328,0.4333,-0.5404,B,0.1724,0.118-0.322,0.436,0.252,0.084
1222,202622,-0.7,48,91.7,0.4372,0.2508,0.6294,0.4738,0.8004,1.3695,0.8424,0.4159,-0.4991,B,0.1861,0.118-0.322,0.436,0.252,0.084
1223,202637,-29.91,15,73.3,0.7151,0.1819,0.8056,0.3251,0.4359,0.2457,0.5874,0.4331,-0.3729,B,0.2023,0.118-0.322,0.436,0.252,0.084
1224,202759,77.75,122,99.2,0.3001,0.1661,0.4606,0.518,0.8987,2.4082,0.7293,0.2579,-0.5082,B,0.1458,0.118-0.322,0.436,0.252,0.084
1225,202772,-11.65,13,100.0,0.5882,0.2212,0.8414,0.2621,0.4387,0.8567,0.8277,0.4622,-0.2941,B,0.1768,0.118-0.322,0.436,0.252,0.084
1226,202891,1.69,119,98.3,0.5314,0.1635,0.48,0.4794,0.9035,0.9229,0.7386,0.4288,-0.4557,B,0.1604,0.118-0.322,0.437,0.252,0.084
1227,203271,237.49,380,98.9,0.4048,0.219,0.4272,0.5246,0.9481,1.691,0.8641,0.3518,-0.5086,B,0.1696,0.118-0.322,0.437,0.253,0.084
1228,203471,140.3,200,99.0,0.3145,0.1435,0.4416,0.5471,0.9427,2.3035,0.5821,0.4272,-0.5657,B,0.2037,0.118-0.322,0.437,0.253,0.084
1229,203486,-11.11,15,93.3,0.5827,0.2367,0.6995,0.3454,0.4695,0.7407,0.8223,0.4443,-0.2823,B,0.159,0.118-0.322,0.437,0.253,0.084
1230,203560,89.14,74,93.2,0.3348,0.235,0.5171,0.4672,0.7948,2.2292,0.8274,0.4387,-0.4313,B,0.1471,0.118-0.322,0.437,0.253,0.084
1231,203597,51.08,37,97.3,0.4533,0.2299,0.6749,0.3035,0.671,1.6369,0.882,0.4767,-0.2161,B,0.1848,0.118-0.322,0.437,0.253,0.084
1232,203688,45.14,91,100.0,0.4219,0.2118,0.4849,0.4995,0.9018,1.5674,0.8617,0.4438,-0.4772,B,0.1694,0.118-0.322,0.437,0.253,0.084
1233,203733,73.82,45,91.1,0.2594,0.2071,0.5885,0.3096,0.732,2.4469,0.677,0.3009,-0.2329,B,0.1564,0.118-0.322,0.437,0.253,0.084
1234,203748,-7.49,15,100.0,0.5371,0.2419,0.7859,0.3012,0.4582,1.1012,0.8549,0.446,-0.2833,B,0.2163,0.118-0.322,0.437,0.253,0.084
1235,203863,148.59,115,97.4,0.3457,0.2748,0.4623,0.4519,0.8481,2.0776,0.8129,0.4528,-0.4079,B,0.1904,0.118-0.322,0.438,0.253,0.084
1236,203877,-24.57,14,78.6,0.8226,0.1104,0.8264,0.2533,0.4099,0.0966,0.408,0.4517,-0.1808,B,0.2114,0.118-0.322,0.438,0.253,0.084
1237,203935,73.97,58,94.8,0.255,0.2537,0.4992,0.5448,0.8318,2.689,0.8964,0.4455,-0.539,B,0.1994,0.118-0.322,0.438,0.253,0.084
1238,204022,-4.65,87,98.9,0.4166,0.2663,0.5863,0.5344,0.8804,1.5378,0.8641,0.464,-0.5971,B,0.1882,0.118-0.322,0.438,0.253,0.084
1239,204036,-10.01,14,100.0,0.5708,0.2306,0.7791,0.2649,0.4238,0.8625,0.8481,0.4442,-0.1676,B,0.1446,0.118-0.322,0.438,0.253,0.084
1240,204051,-2.49,15,100.0,0.6096,0.2303,0.7511,0.2555,0.4278,0.6713,0.8671,0.4625,-0.1761,B,0.1755,0.118-0.322,0.438,0.253,0.084
1241,204274,159.08,223,97.8,0.3994,0.222,0.4329,0.5008,0.9299,1.6031,0.7671,0.4354,-0.4741,B,0.1455,0.118-0.322,0.438,0.254,0.085
1242,204289,-8.87,15,93.3,0.5054,0.2352,0.7446,0.2841,0.431,1.2516,0.7817,0.4414,-0.2111,B,0.2053,0.118-0.322,0.438,0.254,0.085
1243,204333,15.6,44,95.5,0.4601,0.238,0.5668,0.4377,0.7597,1.5457,0.8594,0.4508,-0.4193,B,0.1589,0.118-0.322,0.438,0.254,0.085
1244,204531,309.25,198,99.0,0.2148,0.2545,0.423,0.5565,0.9359,2.9587,0.8704,0.424,-0.5784,B,0.1688,0.118-0.322,0.438,0.254,0.085
1245,204681,18.51,150,98.7,0.6081,0.2155,0.4521,0.4754,0.8752,0.9882,0.6897,0.3612,-0.4191,B,0.1996,0.118-0.322,0.439,0.254,0.085
1246,204751,12.32,70,92.9,0.4078,0.2118,0.5553,0.4783,0.8235,1.6382,0.8073,0.2175,-0.4581,B,0.207,0.118-0.322,0.439,0.254,0.085
1247,204776,11.87,25,96.0,0.394,0.2414,0.5838,0.3848,0.6241,1.8364,0.8566,0.4788,-0.3461,B,0.1348,0.118-0.322,0.439,0.254,0.085
1248,204964,252.57,188,99.5,0.4224,0.221,0.4692,0.4233,0.9144,1.6807,0.8776,0.4218,-0.3692,B,0.1425,0.118-0.322,0.439,0.254,0.085
1249,205000,45.06,36,91.7,0.3401,0.2509,0.5682,0.3705,0.7049,2.1071,0.8333,0.4209,-0.286,B,0.2094,0.118-0.322,0.439,0.254,0.085
1250,205034,25.39,34,97.1,0.4074,0.2482,0.5695,0.3982,0.7308,1.8883,0.837,0.4708,-0.349,B,0.2146,0.118-0.322,0.439,0.254,0.085
1251,205104,-2.33,70,77.1,0.324,0.12,0.6235,0.47,0.8402,1.7838,0.4031,0.3513,-0.4881,B,0.207,0.118-0.322,0.439,0.254,0.085
1252,205118,-18.69,14,85.7,0.609,0.2053,0.7689,0.2135,0.3931,0.5886,0.7364,0.4409,-0.139,B,0.1368,0.118-0.322,0.439,0.254,0.085
1253,205196,12.76,78,94.9,0.3512,0.1915,0.5087,0.5214,0.8676,2.0147,0.7888,0.1697,-0.5381,B,0.15,0.118-0.322,0.439,0.254,0.085
1254,205211,-9.73,15,93.3,0.7214,0.1694,0.7238,0.2659,0.4138,0.2485,0.7132,0.4559,-0.175,B,0.2188,0.118-0.322,0.439,0.254,0.085
1255,205225,0.35,14,92.9,0.551,0.2228,0.799,0.1883,0.4052,0.9773,0.7959,0.4335,-0.1569,B,0.1731,0.118-0.322,0.439,0.254,0.085
1256,205240,-0.43,15,93.3,0.6391,0.223,0.8011,0.231,0.4394,0.5513,0.8056,0.463,-0.1482,B,0.198,0.118-0.322,0.439,0.254,0.085
1257,205278,24.89,38,97.4,0.36,0.2556,0.5205,0.4685,0.7733,2.163,0.867,0.4671,-0.4789,B,0.2057,0.118-0.322,0.439,0.254,0.085
1258,205318,51.22,40,92.5,0.2874,0.252,0.5613,0.4519,0.7883,2.4962,0.862,0.4147,-0.4383,B,0.1899,0.118-0.322,0.439,0.254,0.085
1259,205489,241.09,171,99.4,0.3034,0.2362,0.439,0.5179,0.937,2.4042,0.8903,0.4175,-0.5061,B,0.2079,0.118-0.322,0.439,0.255,0.085
1260,205507,-1.77,18,83.3,0.6044,0.2158,0.7265,0.2237,0.4506,0.5902,0.7119,0.4159,-0.1368,B,0.1573,0.118-0.322,0.439,0.255,0.085
1261,205525,-8.77,18,88.9,0.486,0.2308,0.7025,0.2827,0.48,1.3477,0.7786,0.478,-0.245,B,0.2173,0.118-0.322,0.439,0.255,0.085
1262,205541,-22.22,16,87.5,0.6157,0.2073,0.7683,0.2896,0.4555,0.5222,0.7452,0.4718,-0.2796,B,0.1525,0.118-0.322,0.439,0.255,0.085
1263,205555,-3.84,14,100.0,0.5565,0.2301,0.7795,0.2519,0.4222,0.9906,0.8637,0.4577,-0.2013,B,0.2078,0.118-0.322,0.44,0.255,0.085
1264,205584,-44.13,29,55.2,0.6906,0.1979,0.5826,0.4088,0.497,0.4016,0.3964,0.4403,-0.3689,B,0.1781,0.118-0.322,0.44,0.255,0.085
1265,205609,18.17,25,88.0,0.472,0.2282,0.6743,0.3126,0.6677,1.3118,0.6724,0.3954,-0.233,B,0.1488,0.118-0.322,0.44,0.255,0.085
1266,205624,-20.85,15,86.7,0.5619,0.2233,0.7295,0.2708,0.4214,0.7482,0.7592,0.4626,-0.2271,B,0.1964,0.118-0.322,0.44,0.255,0.085
1267,205730,117.58,106,99.1,0.4038,0.2186,0.5348,0.4373,0.9147,1.7394,0.7735,0.4384,-0.3984,B,0.158,0.118-0.322,0.44,0.255,0.085
1268,205743,-6.85,13,92.3,0.5984,0.2123,0.8303,0.2069,0.4178,0.5882,0.7996,0.4758,-0.2066,B,0.1439,0.118-0.322,0.44,0.255,0.085
1269,205793,-56.51,50,98.0,0.6583,0.1419,0.5186,0.493,0.8165,0.4104,0.6559,0.41,-0.4908,B,0.1875,0.118-0.322,0.44,0.255,0.085
1270,205833,-26.97,40,82.5,0.6129,0.2209,0.5593,0.4278,0.7482,0.4315,0.7709,0.418,-0.4039,B,0.1901,0.118-0.322,0.44,0.255,0.085
1271,205847,-7.58,14,92.9,0.6015,0.2169,0.8462,0.1826,0.4126,0.6335,0.8158,0.4498,-0.1046,B,0.1621,0.118-0.322,0.44,0.255,0.085
1272,205925,16.2,78,96.2,0.2894,0.1913,0.5456,0.5595,0.8793,2.3225,0.7033,0.4349,-0.6191,B,0.157,0.118-0.322,0.44,0.255,0.085
1273,206009,158.48,84,97.6,0.2557,0.1759,0.5265,0.4307,0.8607,2.713,0.6759,0.461,-0.3824,B,0.1769,0.118-0.322,0.44,0.255,0.085
1274,206273,-333.03,264,98.5,0.6447,0.0978,0.4307,0.5485,0.9326,0.4453,0.4407,0.3575,-0.5541,B,0.1904,0.118-0.322,0.44,0.255,0.085
1275,206301,-5.05,28,92.9,0.6255,0.2338,0.7347,0.2565,0.6134,0.4524,0.8487,0.4579,-0.2025,B,0.1386,0.118-0.322,0.44,0.255,0.085
1276,206315,-19.08,14,92.9,0.5301,0.2279,0.8458,0.2603,0.3523,1.2131,0.7926,0.4289,-0.2577,B,0.1503,0.118-0.322,0.44,0.255,0.085
1277,206519,164.29,204,99.0,0.3209,0.198,0.4242,0.56,0.9495,2.1623,0.8276,0.4585,-0.5794,B,0.1978,0.118-0.322,0.441,0.255,0.085
1278,206592,122.22,73,98.6,0.2614,0.2683,0.448,0.4793,0.8716,2.7647,0.8694,0.4847,-0.467,B,0.2092,0.118-0.322,0.441,0.255,0.085
1279,206850,-54.95,258,98.8,0.5702,0.2027,0.4545,0.4905,0.9248,0.7146,0.8377,0.3699,-0.4721,B,0.1523,0.118-0.322,0.441,0.256,0.085
1280,206943,20.38,93,95.7,0.5183,0.2078,0.4797,0.4777,0.8706,1.0632,0.8524,0.4197,-0.4421,B,0.1482,0.118-0.322,0.441,0.256,0.085
1281,206958,-9.92,15,86.7,0.7155,0.1645,0.744,0.2558,0.4622,0.2259,0.6579,0.4758,-0.2177,B,0.2128,0.118-0.322,0.441,0.256,0.085
1282,206978,0.67,20,95.0,0.5036,0.2326,0.6757,0.3522,0.6081,1.4127,0.8252,0.4456,-0.3023,B,0.1883,0.118-0.322,0.441,0.256,0.085
1283,206994,4.15,16,87.5,0.4604,0.2407,0.7491,0.2749,0.4481,1.5328,0.7342,0.4592,-0.1868,B,0.1667,0.118-0.322,0.441,0.256,0.085
1284,207007,0.54,13,100.0,0.6644,0.2195,0.8355,0.1892,0.4448,0.4913,0.8894,0.4515,-0.1178,B,0.1669,0.118-0.322,0.441,0.256,0.085
1285,207424,609.67,417,99.3,0.353,0.2302,0.3712,0.4869,0.9556,2.0807,0.8914,0.3707,-0.4373,B,0.2133,0.118-0.322,0.442,0.256,0.085
1286,207522,-73.09,98,92.9,0.7075,0.156,0.5769,0.4438,0.7758,0.7206,0.6236,0.3512,-0.4495,B,0.1773,0.118-0.322,0.442,0.256,0.085
1287,207542,-1.83,20,95.0,0.4696,0.245,0.7227,0.3321,0.5966,1.3483,0.77,0.4472,-0.2757,B,0.1601,0.118-0.322,0.442,0.256,0.085
1288,207555,-15.33,13,92.3,0.6395,0.195,0.8053,0.1776,0.3912,0.487,0.7618,0.4757,-0.0997,B,0.1438,0.118-0.322,0.442,0.256,0.085
1289,207569,-12.24,14,78.6,0.7916,0.1506,0.9443,0.0679,0.3256,0.1016,0.5409,0.4502,-0.0296,B,0.2043,0.118-0.322,0.442,0.256,0.085
1290,207612,-20.63,43,97.7,0.655,0.1646,0.5153,0.4394,0.7845,0.3568,0.7496,0.4227,-0.3892,B,0.1651,0.118-0.322,0.442,0.256,0.085
1291,207900,439.01,288,99.7,0.3419,0.1883,0.4102,0.4612,0.9504,2.0724,0.8187,0.4034,-0.4038,B,0.1487,0.118-0.322,0.442,0.257,0.086
1292,207914,-9.93,14,100.0,0.5784,0.2284,0.8206,0.2044,0.4492,0.8657,0.8988,0.4252,-0.1805,B,0.2078,0.118-0.322,0.442,0.257,0.086
1293,207930,-11.95,16,93.8,0.7823,0.1671,0.693,0.2999,0.4769,0.1688,0.7306,0.4482,-0.2115,B,0.1827,0.118-0.322,0.442,0.257,0.086
1294,207945,-3.83,15,93.3,0.6688,0.2107,0.7676,0.2495,0.4297,0.4992,0.8091,0.4452,-0.1471,B,0.1545,0.118-0.322,0.442,0.257,0.086
1295,207959,-20.52,14,64.3,0.8455,0.1098,0.8244,0.1826,0.3726,0.0825,0.3358,0.4152,-0.1162,B,0.1364,0.118-0.322,0.442,0.257,0.086
1296,207975,-19.25,16,87.5,0.5623,0.2275,0.778,0.3178,0.3796,0.8949,0.7887,0.4402,-0.2752,B,0.138,0.118-0.322,0.442,0.257,0.086
1297,207990,-5.33,15,93.3,0.5132,0.2259,0.7283,0.2828,0.4319,1.2737,0.7777,0.434,-0.1809,B,0.1974,0.118-0.322,0.442,0.257,0.086
1298,208129,194.1,139,99.3,0.3069,0.2511,0.435,0.5257,0.9303,2.3845,0.8926,0.4496,-0.504,B,0.1951,0.118-0.322,0.442,0.257,0.086
1299,208150,-23.5,21,85.7,0.8387,0.1382,0.6685,0.3649,0.5731,0.1101,0.5629,0.4208,-0.317,B,0.1956,0.118-0.322,0.442,0.257,0.086
1300,208165,-12.33,15,80.0,0.5654,0.2174,0.8603,0.1419,0.3201,0.8052,0.678,0.4645,-0.0632,B,0.1887,0.118-0.322,0.442,0.257,0.086
1301,208279,13.96,114,95.6,0.393,0.1714,0.5029,0.4941,0.8797,1.7136,0.7243,0.2492,-0.4707,B,0.2085,0.118-0.322,0.443,0.257,0.086
1302,208293,-4.83,14,85.7,0.6891,0.1632,0.8308,0.147,0.4242,0.3284,0.6489,0.4323,-0.076,B,0.2188,0.118-0.322,0.443,0.257,0.086
1303,208306,-14.52,13,84.6,0.6998,0.1781,0.8259,0.131,0.4034,0.2737,0.6808,0.4482,-0.079,B,0.172,0.118-0.322,0.443,0.257,0.086
1304,208325,-6.66,19,89.5,0.5378,0.2265,0.7087,0.2868,0.4704,1.1644,0.7073,0.4372,-0.2158,B,0.2088,0.118-0.322,0.443,0.257,0.086
1305,208343,-0.85,18,83.3,0.5062,0.2361,0.7196,0.2759,0.5577,1.0773,0.695,0.4637,-0.1967,B,0.2067,0.118-0.322,0.443,0.257,0.086
1306,208357,2.25,14,92.9,0.5062,0.2347,0.7769,0.2276,0.4075,1.4041,0.7901,0.481,-0.1606,B,0.2204,0.118-0.322,0.443,0.257,0.086
1307,208372,-9.74,15,93.3,0.5492,0.2231,0.786,0.2931,0.4001,1.0372,0.8218,0.463,-0.2534,B,0.1432,0.118-0.322,0.443,0.257,0.086
1308,208387,-7.09,15,93.3,0.5282,0.2349,0.8189,0.2209,0.4211,1.0801,0.8454,0.4571,-0.1756,B,0.2129,0.118-0.322,0.443,0.257,0.086
1309,208402,-11.95,15,86.7,0.6867,0.1713,0.8089,0.2042,0.4343,0.3548,0.6803,0.4178,-0.1313,B,0.1823,0.118-0.322,0.443,0.257,0.086
1310,208579,150.14,177,98.9,0.3851,0.2622,0.4256,0.5101,0.9238,1.8639,0.8139,0.4412,-0.4967,B,0.1889,0.118-0.322,0.443,0.257,0.086
1311,208673,143.81,94,96.8,0.2874,0.2075,0.5718,0.4528,0.9005,2.4406,0.7854,0.4551,-0.4499,B,0.176,0.118-0.322,0.443,0.257,0.086
1312,208819,178.47,146,99.3,0.3186,0.139,0.4833,0.4406,0.9134,2.2194,0.5815,0.4083,-0.4087,B,0.2044,0.118-0.322,0.443,0.257,0.086
1313,208833,-3.58,14,85.7,0.453,0.2317,0.7506,0.2432,0.3886,1.6574,0.7168,0.4798,-0.1522,B,0.1636,0.118-0.322,0.443,0.257,0.086
1314,208857,3.02,24,91.7,0.5859,0.2225,0.7329,0.3227,0.6194,0.7468,0.8218,0.4735,-0.2662,B,0.1765,0.118-0.322,0.443,0.257,0.086
1315,208896,-34.29,39,100.0,0.7236,0.1347,0.6721,0.3326,0.6358,0.5928,0.5951,0.3786,-0.3063,B,0.1615,0.118-0.322,0.443,0.257,0.086
1316,208910,-6.03,14,100.0,0.6221,0.2215,0.7935,0.1722,0.4434,0.6378,0.8756,0.4488,-0.0871,B,0.2181,0.118-0.322,0.443,0.257,0.086
1317,208945,-12.96,35,100.0,0.5533,0.24,0.624,0.4111,0.709,0.8461,0.9274,0.4408,-0.3715,B,0.1867,0.118-0.322,0.443,0.257,0.086
1318,208958,-10.81,13,92.3,0.5216,0.2218,0.814,0.2315,0.4092,1.2931,0.754,0.4572,-0.1903,B,0.1812,0.118-0.322,0.443,0.257,0.086
1319,208979,-31.32,21,76.2,0.7668,0.1487,0.6886,0.3084,0.4412,0.0957,0.5211,0.4571,-0.2615,B,0.1588,0.118-0.322,0.443,0.257,0.086
1320,209156,53.7,177,98.3,0.5478,0.1691,0.4387,0.4645,0.9162,1.1068,0.7582,0.3828,-0.4284,B,0.211,0.118-0.322,0.444,0.258,0.086
1321,209170,-22.1,14,92.9,0.6041,0.2299,0.7789,0.3163,0.4198,0.666,0.8243,0.4671,-0.3103,B,0.1749,0.118-0.322,0.444,0.258,0.086
1322,209258,84.02,88,96.6,0.3284,0.2506,0.5077,0.4965,0.8787,2.2033,0.8629,0.3772,-0.4975,B,0.2195,0.118-0.322,0.444,0.258,0.086
1323,209396,91.62,138,98.6,0.4485,0.2465,0.4999,0.4566,0.889,1.4797,0.8612,0.3592,-0.4345,B,0.1421,0.118-0.322,0.444,0.258,0.086
1324,209411,3.39,15,80.0,0.4977,0.224,0.848,0.1663,0.3195,1.2284,0.678,0.4318,-0.0902,B,0.2104,0.118-0.322,0.444,0.258,0.086
1325,209425,-7.4,14,92.9,0.65,0.2166,0.7754,0.2419,0.4247,0.4884,0.8175,0.4856,-0.1678,B,0.1457,0.118-0.322,0.444,0.258,0.086
1326,209439,2.55,14,92.9,0.6553,0.1869,0.8455,0.1294,0.419,0.5352,0.7554,0.44,-0.0621,B,0.1931,0.118-0.322,0.444,0.258,0.086
1327,209453,-22.33,14,85.7,0.6033,0.2103,0.8465,0.2077,0.3787,0.5267,0.7419,0.4864,-0.1818,B,0.1791,0.118-0.322,0.444,0.258,0.086
1328,209505,-52.76,52,67.3,0.7509,0.1413,0.6148,0.3883,0.6827,0.1498,0.4499,0.4344,-0.3404,B,0.1398,0.118-0.322,0.444,0.258,0.086
1329,209573,-42.53,68,98.5,0.5252,0.2236,0.4966,0.5235,0.8522,0.9568,0.8596,0.4245,-0.5297,B,0.2091,0.118-0.322,0.444,0.258,0.086
1330,209587,-2.43,14,92.9,0.4781,0.2421,0.7439,0.2259,0.4504,1.442,0.7993,0.4472,-0.1258,B,0.1912,0.118-0.322,0.444,0.258,0.086
1331,209878,322.03,291,99.3,0.3518,0.202,0.3856,0.4904,0.9511,1.947,0.7552,0.3719,-0.4486,B,0.2185,0.118-0.322,0.444,0.258,0.086
1332,209898,-20.42,20,95.0,0.4859,0.2513,0.6952,0.4233,0.5955,1.3341,0.8419,0.4572,-0.4652,B,0.1639,0.118-0.322,0.444,0.258,0.086
1333,209914,0.93,16,75.0,0.5459,0.1995,0.7719,0.205,0.3574,1.1506,0.5702,0.4639,-0.0938,B,0.181,0.118-0.322,0.444,0.258,0.086
1334,210060,25.52,146,100.0,0.4649,0.1764,0.493,0.5,0.8695,1.5988,0.7918,0.3924,-0.5065,B,0.2131,0.118-0.322,0.445,0.258,0.086
1335,210075,-10.65,15,86.7,0.6211,0.1994,0.8062,0.2438,0.472,0.6299,0.73,0.4475,-0.2333,B,0.1792,0.118-0.322,0.445,0.258,0.086
1336,210114,39.96,39,97.4,0.3905,0.2533,0.6049,0.3556,0.7007,1.8498,0.823,0.3737,-0.2931,B,0.2096,0.118-0.322,0.445,0.258,0.086
1337,210260,200.39,146,98.6,0.3482,0.2173,0.4277,0.4791,0.9076,2.1417,0.8962,0.4015,-0.4383,B,0.1914,0.118-0.322,0.445,0.259,0.086
1338,210306,-5.07,46,84.8,0.5235,0.2415,0.5847,0.4385,0.7654,0.9689,0.7413,0.4283,-0.4227,B,0.1393,0.118-0.322,0.445,0.259,0.086
1339,210322,-29.6,16,81.2,0.8023,0.1264,0.7582,0.3328,0.4248,0.1269,0.4896,0.4705,-0.2639,B,0.2164,0.118-0.322,0.445,0.259,0.086
1340,210336,-3.88,14,100.0,0.5435,0.2386,0.8336,0.1315,0.4167,1.1812,0.8807,0.454,-0.0497,B,0.1828,0.118-0.322,0.445,0.259,0.086
1341,210350,-12.49,14,100.0,0.5471,0.2356,0.7608,0.2649,0.4222,1.0495,0.8612,0.4279,-0.2066,B,0.2046,0.118-0.322,0.445,0.259,0.086
1342,210688,268.06,338,99.4,0.4374,0.2212,0.4155,0.4662,0.9501,1.4002,0.8347,0.3706,-0.4166,B,0.2006,0.118-0.322,0.445,0.259,0.086
1343,210702,-3.33,14,100.0,0.6351,0.2211,0.8108,0.2139,0.4289,0.6926,0.8122,0.4367,-0.1508,B,0.1815,0.118-0.322,0.445,0.259,0.086
1344,210910,270.41,208,99.0,0.2904,0.1851,0.4218,0.5229,0.9441,2.434,0.7268,0.4276,-0.5018,B,0.1599,0.118-0.322,0.445,0.259,0.086
1345,210925,5.65,15,93.3,0.4545,0.2344,0.7901,0.2029,0.4127,1.596,0.7922,0.4285,-0.1477,B,0.168,0.118-0.322,0.445,0.259,0.086
1346,210944,6.82,19,94.7,0.4356,0.2356,0.6798,0.3215,0.552,1.7695,0.7588,0.4246,-0.2612,B,0.2071,0.118-0.322,0.445,0.259,0.086
1347,211003,-8.09,59,98.3,0.5258,0.2518,0.4601,0.5039,0.834,0.9451,0.8839,0.4748,-0.4676,B,0.1684,0.118-0.322,0.446,0.259,0.086
1348,211044,-38.3,41,87.8,0.7947,0.1211,0.6005,0.3776,0.722,0.1329,0.4908,0.4411,-0.3233,B,0.2082,0.118-0.322,0.446,0.259,0.086
1349,211065,6.29,21,85.7,0.4418,0.2439,0.6835,0.3138,0.5499,1.4196,0.7269,0.4424,-0.2546,B,0.1483,0.118-0.322,0.446,0.259,0.086
1350,211079,-12.2,14,92.9,0.475,0.2381,0.7638,0.2853,0.4115,1.5115,0.765,0.4777,-0.2154,B,0.1375,0.118-0.322,0.446,0.259,0.086
1351,211092,-3.96,13,92.3,0.5496,0.221,0.8199,0.2485,0.405,1.0003,0.7913,0.4765,-0.2256,B,0.1559,0.118-0.322,0.446,0.259,0.086
1352,211116,7.44,24,83.3,0.5553,0.2124,0.7086,0.2266,0.5916,0.8782,0.6655,0.4019,-0.1603,B,0.1929,0.118-0.322,0.446,0.259,0.086
1353,211129,-15.94,13,100.0,0.6509,0.2064,0.8172,0.2079,0.4308,0.4918,0.8824,0.471,-0.1522,B,0.2211,0.118-0.322,0.446,0.259,0.086
1354,211209,-1.02,80,98.8,0.3843,0.201,0.5527,0.5289,0.8677,1.7904,0.7943,0.4264,-0.5843,B,0.1526,0.118-0.322,0.446,0.259,0.086
1355,211290,103.66,81,97.5,0.27,0.2236,0.5003,0.5043,0.8706,2.6021,0.7648,0.4618,-0.5058,B,0.1953,0.118-0.322,0.446,0.259,0.086
1356,211358,31.51,68,98.5,0.39,0.2337,0.5406,0.4956,0.8279,1.7343,0.9405,0.4169,-0.4874,B,0.1713,0.118-0.322,0.446,0.259,0.086
1357,211371,-4.45,13,92.3,0.4635,0.2321,0.8102,0.1544,0.3863,1.7206,0.7773,0.4686,-0.0837,B,0.1738,0.118-0.322,0.446,0.259,0.086
1358,211386,-11.9,15,93.3,0.7995,0.1564,0.7523,0.285,0.4551,0.2025,0.6846,0.4209,-0.2241,B,0.1463,0.118-0.322,0.446,0.259,0.086
1359,211401,-7.98,15,80.0,0.5849,0.2116,0.8694,0.1285,0.3363,0.7611,0.6759,0.4502,-0.0601,B,0.1962,0.118-0.322,0.446,0.259,0.086
1360,211419,-15.78,18,88.9,0.6075,0.195,0.7704,0.3003,0.5581,0.6657,0.7439,0.4531,-0.2656,B,0.204,0.118-0.322,0.446,0.26,0.087
1361,211468,-28.78,49,95.9,0.5486,0.2132,0.5323,0.4837,0.7914,0.8057,0.8085,0.4114,-0.4969,B,0.1792,0.118-0.322,0.446,0.26,0.087
1362,211492,-24.09,24,95.8,0.6666,0.1645,0.5759,0.3596,0.6774,0.3219,0.7324,0.4755,-0.3381,B,0.1977,0.118-0.322,0.446,0.26,0.087
1363,211552,-16.34,60,98.3,0.5098,0.2114,0.5493,0.4547,0.8221,1.0506,0.8858,0.4269,-0.4668,B,0.167,0.118-0.322,0.446,0.26,0.087
1364,211569,-21.08,17,94.1,0.7256,0.1895,0.7845,0.3464,0.4977,0.2549,0.7982,0.4634,-0.3848,B,0.2048,0.118-0.322,0.446,0.26,0.087
1365,211584,-10.8,15,100.0,0.642,0.233,0.8239,0.2311,0.4421,0.4454,0.9102,0.4594,-0.1495,B,0.1901,0.118-0.322,0.446,0.26,0.087
1366,211618,33.84,34,94.1,0.3898,0.2506,0.6179,0.3618,0.729,1.8117,0.8553,0.436,-0.3151,B,0.2198,0.118-0.322,0.446,0.26,0.087
1367,211633,-2.29,15,93.3,0.4921,0.235,0.8394,0.2387,0.4858,1.2906,0.7996,0.4146,-0.2263,B,0.1679,0.118-0.322,0.446,0.26,0.087
1368,211690,-49.28,57,89.5,0.5713,0.2119,0.5158,0.4976,0.7898,0.6933,0.8202,0.3258,-0.4882,B,0.2164,0.118-0.322,0.446,0.26,0.087
1369,211729,6.05,39,87.2,0.4206,0.2312,0.5737,0.4412,0.7404,1.6238,0.7792,0.3291,-0.4217,B,0.1635,0.118-0.322,0.446,0.26,0.087
1370,211743,3.33,14,92.9,0.4572,0.2413,0.8701,0.2057,0.4051,1.6462,0.7631,0.4225,-0.1979,B,0.214,0.118-0.322,0.446,0.26,0.087
1371,211756,-12.94,13,100.0,0.7233,0.1813,0.781,0.1756,0.4479,0.2667,0.8356,0.4594,-0.1014,B,0.1434,0.118-0.322,0.446,0.26,0.087
1372,211770,-7.18,14,100.0,0.4903,0.2374,0.8087,0.2254,0.4516,1.5462,0.7754,0.4406,-0.1894,B,0.1944,0.118-0.322,0.446,0.26,0.087
1373,211786,-12.02,16,75.0,0.5255,0.2258,0.8467,0.1524,0.303,0.9406,0.6548,0.4776,-0.0631,B,0.1637,0.118-0.322,0.446,0.26,0.087
1374,211799,-14.93,13,92.3,0.6716,0.1853,0.8321,0.2144,0.4266,0.4541,0.7626,0.4659,-0.1974,B,0.1478,0.118-0.322,0.446,0.26,0.087
1375,211876,-67.8,77,97.4,0.7302,0.1052,0.4778,0.4682,0.8627,0.2663,0.4658,0.3537,-0.4226,B,0.1531,0.118-0.322,0.447,0.26,0.087
1376,211893,-24.42,17,88.2,0.6025,0.2087,0.7569,0.3417,0.4568,0.6386,0.7487,0.451,-0.3061,B,0.1908,0.118-0.322,0.447,0.26,0.087
1377,211944,-9.15,51,96.1,0.5692,0.2314,0.5323,0.4488,0.8168,0.7241,0.9085,0.4704,-0.4259,B,0.155,0.118-0.322,0.447,0.26,0.087
1378,212194,66.55,250,99.2,0.2764,0.1189,0.4956,0.6078,0.949,2.5147,0.4807,0.4397,-0.6749,B,0.1427,0.118-0.322,0.447,0.26,0.087
1379,212209,-2.33,15,93.3,0.547,0.2291,0.7551,0.2132,0.467,0.8587,0.8288,0.4394,-0.1297,B,0.1652,0.118-0.322,0.447,0.26,0.087
1380,212223,-4.77,14,85.7,0.6559,0.1894,0.8189,0.2169,0.3887,0.5121,0.6786,0.4347,-0.1621,B,0.219,0.118-0.322,0.447,0.26,0.087
1381,212270,54.31,47,97.9,0.2477,0.2622,0.5591,0.5163,0.8154,2.8692,0.7652,0.4464,-0.5241,B,0.2141,0.118-0.322,0.447,0.26,0.087
1382,212330,35.48,60,98.3,0.3448,0.2688,0.5179,0.5378,0.856,2.1388,0.7651,0.4701,-0.5517,B,0.1478,0.118-0.322,0.447,0.26,0.087
1383,212343,-16.76,13,92.3,0.7942,0.1654,0.8477,0.242,0.4242,0.1867,0.691,0.4709,-0.2728,B,0.1966,0.118-0.322,0.447,0.26,0.087
1384,212362,3.65,19,89.5,0.4747,0.2395,0.7374,0.2453,0.4729,1.3792,0.7239,0.452,-0.1447,B,0.2044,0.118-0.322,0.447,0.26,0.087
1385,212406,39.02,44,97.7,0.3652,0.2484,0.5379,0.4527,0.7996,2.0472,0.8901,0.4697,-0.4266,B,0.215,0.118-0.322,0.447,0.26,0.087
1386,212520,9.64,114,100.0,0.5947,0.184,0.5614,0.3998,0.8482,0.6807,0.7465,0.4084,-0.3419,B,0.1591,0.118-0.322,0.447,0.26,0.087
1387,212597,101.4,77,98.7,0.3141,0.1861,0.5471,0.4264,0.858,2.3112,0.7294,0.4276,-0.4025,B,0.1721,0.118-0.322,0.447,0.26,0.087
1388,212611,-9.69,14,100.0,0.5364,0.2408,0.7639,0.2097,0.4198,1.1777,0.9203,0.4215,-0.1151,B,0.1595,0.118-0.322,0.447,0.261,0.087
1389,212951,-408.63,340,98.2,0.5411,0.1631,0.4371,0.6171,0.9576,0.9562,0.7437,0.3673,-0.6839,B,0.1878,0.118-0.322,0.448,0.261,0.087
1390,213029,111.47,78,97.4,0.2984,0.2241,0.4582,0.4779,0.8686,2.3656,0.8009,0.4571,-0.4365,B,0.1737,0.118-0.322,0.448,0.261,0.087
1391,213046,-22.96,17,47.1,0.79,0.1169,0.7771,0.2284,0.363,0.0657,0.2625,0.4552,-0.1398,B,0.1397,0.118-0.322,0.448,0.261,0.087
1392,213061,3.65,15,80.0,0.4847,0.2367,0.8418,0.1474,0.3438,1.2037,0.659,0.4611,-0.0772,B,0.1665,0.118-0.322,0.448,0.261,0.087
1393,213163,147.37,102,96.1,0.2877,0.1786,0.4833,0.4706,0.8846,2.4414,0.7045,0.4434,-0.4442,B,0.1432,0.118-0.322,0.448,0.261,0.087
1394,213254,98.94,91,98.9,0.3177,0.1641,0.4392,0.4869,0.8937,2.2964,0.6231,0.4231,-0.446,B,0.1471,0.118-0.322,0.448,0.261,0.087
1395,213361,-18.98,107,100.0,0.6,0.2015,0.5279,0.4755,0.8088,0.9115,0.8146,0.4372,-0.4616,B,0.1397,0.118-0.322,0.448,0.261,0.087
1396,213386,11.24,25,88.0,0.4116,0.2461,0.6315,0.3567,0.5917,1.8059,0.7417,0.4544,-0.3029,B,0.1545,0.118-0.322,0.448,0.261,0.087
1397,213402,-16.37,16,87.5,0.7489,0.1648,0.7989,0.2077,0.384,0.2004,0.6298,0.4828,-0.1227,B,0.1753,0.118-0.322,0.448,0.261,0.087
1398,213439,51.53,37,97.3,0.3153,0.2624,0.52,0.4426,0.7664,2.3765,0.7811,0.4312,-0.3779,B,0.1963,0.118-0.322,0.448,0.261,0.087
1399,213652,162.32,213,98.1,0.3308,0.1509,0.4566,0.5254,0.9264,2.0975,0.6398,0.4133,-0.5138,B,0.2188,0.118-0.322,0.448,0.261,0.087
1400,213694,33.34,42,92.9,0.3761,0.2532,0.5313,0.413,0.7337,1.7885,0.8594,0.4497,-0.3522,B,0.2003,0.118-0.322,0.449,0.261,0.087
1401,213723,6.91,29,89.7,0.5239,0.2179,0.5621,0.3598,0.6814,1.0375,0.7935,0.462,-0.3061,B,0.2035,0.118-0.322,0.449,0.261,0.087
1402,213786,1.36,63,96.8,0.4372,0.2364,0.4973,0.4902,0.8271,1.331,0.9416,0.44,-0.4884,B,0.194,0.118-0.322,0.449,0.261,0.087
1403,213803,-7.08,17,88.2,0.4867,0.2424,0.6996,0.3046,0.4996,1.1959,0.7484,0.4631,-0.2066,B,0.1822,0.118-0.322,0.449,0.261,0.087
1404,213866,56.02,63,95.2,0.4114,0.2557,0.4985,0.43,0.8223,1.5527,0.7904,0.445,-0.3686,B,0.1491,0.118-0.322,0.449,0.262,0.087
1405,213880,-5.4,14,85.7,0.5731,0.2194,0.7962,0.1987,0.3564,0.8293,0.7474,0.4549,-0.1371,B,0.1881,0.118-0.322,0.449,0.262,0.087
1406,214011,121.57,131,99.2,0.3974,0.2351,0.4551,0.4846,0.9107,1.7778,0.8935,0.4666,-0.4665,B,0.1484,0.118-0.322,0.449,0.262,0.087
1407,214355,-274.53,344,98.3,0.562,0.1412,0.3959,0.5515,0.9575,0.8256,0.651,0.3601,-0.5523,B,0.2229,0.118-0.322,0.449,0.262,0.087
1408,214413,6.78,58,98.3,0.6788,0.18,0.5879,0.3581,0.7588,0.75,0.7359,0.4154,-0.3032,B,0.1379,0.118-0.322,0.449,0.262,0.087
1409,214512,-59.55,99,98.0,0.5473,0.1975,0.4488,0.5357,0.8944,0.6884,0.8826,0.3719,-0.5303,B,0.2057,0.118-0.322,0.449,0.262,0.087
1410,214559,30.49,47,93.6,0.4301,0.2488,0.5074,0.4044,0.7511,1.4676,0.8549,0.4704,-0.3404,B,0.2061,0.118-0.322,0.45,0.262,0.087
1411,214734,117.1,175,97.1,0.4659,0.2475,0.4158,0.4902,0.9406,1.3894,0.8822,0.3931,-0.4521,B,0.1909,0.118-0.322,0.45,0.262,0.087
1412,214863,210.6,129,99.2,0.2583,0.2563,0.4692,0.5024,0.913,2.66,0.858,0.4625,-0.4974,B,0.2185,0.118-0.322,0.45,0.262,0.087
1413,214878,12.65,15,93.3,0.4134,0.2372,0.7922,0.2454,0.4578,1.9865,0.791,0.4688,-0.1851,B,0.184,0.118-0.322,0.45,0.262,0.087
1414,214893,-15.33,15,93.3,0.6433,0.1895,0.7846,0.2731,0.399,0.5029,0.7527,0.4331,-0.2365,B,0.1691,0.118-0.322,0.45,0.262,0.087
1415,215019,200.9,126,98.4,0.3405,0.2762,0.4026,0.4562,0.9092,2.1115,0.8258,0.4656,-0.3903,B,0.1413,0.118-0.322,0.45,0.263,0.088
1416,215033,-10.19,14,71.4,0.5925,0.215,0.955,0.0427,0.2817,0.7426,0.5518,0.4095,-0.0049,B,0.1538,0.118-0.322,0.45,0.263,0.088
1417,215047,-6.58,14,92.9,0.4463,0.2262,0.7797,0.2222,0.4092,1.7352,0.768,0.4742,-0.1261,B,0.2201,0.118-0.322,0.45,0.263,0.088
1418,215080,21.78,33,87.9,0.4933,0.2242,0.6488,0.304,0.6887,1.2256,0.7997,0.322,-0.2346,B,0.1511,0.118-0.322,0.45,0.263,0.088
1419,215120,52.02,40,95.0,0.3429,0.2583,0.7034,0.3357,0.7417,2.1412,0.8453,0.4574,-0.3152,B,0.1468,0.118-0.322,0.45,0.263,0.088
1420,215159,10.77,39,92.3,0.4024,0.2493,0.6113,0.4129,0.7305,1.5598,0.8597,0.4288,-0.3965,B,0.1455,0.118-0.322,0.45,0.263,0.088
1421,215209,-13.05,50,96.0,0.4348,0.2487,0.5169,0.5261,0.7944,1.3982,0.9137,0.4597,-0.5208,B,0.1571,0.118-0.322,0.45,0.263,0.088
1422,215226,3.89,17,88.2,0.459,0.2446,0.7252,0.2667,0.4726,1.3707,0.7538,0.4631,-0.1799,B,0.1491,0.118-0.322,0.45,0.263,0.088
1423,215241,-1.25,15,86.7,0.5856,0.2251,0.9045,0.1133,0.3492,0.7453,0.7384,0.455,-0.0588,B,0.2098,0.118-0.322,0.45,0.263,0.088
1424,215256,-15.18,15,86.7,0.5897,0.2252,0.6961,0.274,0.4323,0.8674,0.7117,0.4796,-0.1779,B,0.2244,0.118-0.322,0.45,0.263,0.088
1425,215291,3.16,35,94.3,0.4189,0.2517,0.6774,0.4047,0.6969,1.5643,0.8631,0.4735,-0.4191,B,0.1959,0.118-0.322,0.45,0.263,0.088
1426,215306,-13.41,15,93.3,0.7156,0.1979,0.8295,0.1898,0.3891,0.3014,0.7781,0.4174,-0.111,B,0.2071,0.118-0.322,0.45,0.263,0.088
1427,215374,85.12,68,100.0,0.3755,0.25,0.4845,0.482,0.8561,2.0944,0.918,0.481,-0.4553,B,0.1806,0.118-0.322,0.45,0.263,0.088
1428,215388,-11.31,14,100.0,0.6365,0.2144,0.7952,0.1952,0.4137,0.7872,0.8098,0.4717,-0.1434,B,0.2247,0.118-0.322,0.45,0.263,0.088
1429,215401,0.75,13,100.0,0.5377,0.2529,0.8289,0.1844,0.4346,0.9729,0.9343,0.4498,-0.1252,B,0.2053,0.118-0.322,0.45,0.263,0.088
1430,215416,2.87,15,86.7,0.5692,0.2375,0.8798,0.0963,0.3366,0.9314,0.7664,0.454,-0.0302,B,0.2104,0.118-0.322,0.45,0.263,0.088
1431,215434,-15.08,18,83.3,0.7303,0.1738,0.7418,0.2889,0.541,0.2891,0.6505,0.4521,-0.2276,B,0.2198,0.118-0.322,0.45,0.263,0.088
1432,215461,0.09,27,92.6,0.5243,0.2331,0.5867,0.3518,0.6538,0.951,0.8014,0.4195,-0.2733,B,0.1733,0.118-0.322,0.451,0.263,0.088
1433,215505,-32.93,44,97.7,0.6932,0.1787,0.5931,0.3991,0.7008,0.4117,0.6842,0.4226,-0.362,B,0.2193,0.118-0.322,0.451,0.263,0.088
1434,215607,54.3,102,97.1,0.5286,0.199,0.5772,0.3784,0.787,1.153,0.6651,0.3877,-0.3058,B,0.1927,0.118-0.322,0.451,0.263,0.088
1435,215640,-14.42,33,97.0,0.5363,0.2148,0.6975,0.357,0.7243,0.8721,0.8686,0.4599,-0.3571,B,0.1692,0.118-0.322,0.451,0.263,0.088
1436,215654,-11.26,14,92.9,0.6134,0.2129,0.7689,0.1894,0.4472,0.557,0.8248,0.467,-0.1075,B,0.1658,0.118-0.322,0.451,0.263,0.088
1437,215692,34.08,38,94.7,0.3006,0.2517,0.6154,0.4071,0.7317,2.3738,0.7486,0.3748,-0.3814,B,0.1435,0.118-0.322,0.451,0.263,0.088
1438,216011,110.95,319,99.4,0.4894,0.2374,0.4253,0.495,0.9378,1.1714,0.8696,0.4155,-0.4729,B,0.1753,0.118-0.322,0.451,0.263,0.088
1439,216029,-2.12,18,77.8,0.6548,0.1881,0.7365,0.2466,0.4608,0.4446,0.6444,0.4667,-0.1454,B,0.1769,0.118-0.322,0.451,0.263,0.088
1440,216045,-2.85,16,93.8,0.5328,0.2387,0.837,0.1923,0.4313,1.1227,0.8108,0.4448,-0.1456,B,0.1691,0.118-0.322,0.451,0.263,0.088
1441,216069,-9.69,24,91.7,0.6596,0.186,0.6757,0.2998,0.6205,0.3537,0.7638,0.4163,-0.2426,B,0.1943,0.118-0.322,0.451,0.263,0.088
1442,216237,-25.84,168,98.8,0.5628,0.2263,0.4502,0.5093,0.9032,0.9323,0.8378,0.4104,-0.4965,B,0.2213,0.118-0.322,0.451,0.264,0.088
1443,216251,-4.46,14,100.0,0.4563,0.2541,0.7753,0.2229,0.4486,1.6065,0.8476,0.4469,-0.1439,B,0.1966,0.118-0.322,0.451,0.264,0.088
1444,216431,59.49,180,96.1,0.415,0.2163,0.4695,0.5242,0.9005,1.6184,0.895,0.3493,-0.5301,B,0.2068,0.118-0.322,0.452,0.264,0.088
1445,216456,15.33,25,100.0,0.5123,0.241,0.661,0.3537,0.6796,1.2444,0.8876,0.4796,-0.2966,B,0.1424,0.118-0.322,0.452,0.264,0.088
1446,216508,69.95,52,98.1,0.2375,0.2343,0.5681,0.4774,0.8114,2.8771,0.7871,0.4047,-0.4771,B,0.1628,0.118-0.322,0.452,0.264,0.088
1447,216550,46.27,42,92.9,0.2844,0.2394,0.6274,0.4522,0.7884,2.5132,0.8667,0.3725,-0.4726,B,0.1776,0.118-0.322,0.452,0.264,0.088
1448,216564,-7.32,14,85.7,0.5541,0.2319,0.8704,0.0949,0.3559,0.8117,0.713,0.4693,-0.037,B,0.179,0.118-0.322,0.452,0.264,0.088
1449,216579,-23.93,15,100.0,0.6952,0.1958,0.7253,0.3589,0.449,0.3223,0.8652,0.4649,-0.3236,B,0.139,0.118-0.322,0.452,0.264,0.088
1450,216593,-18.54,14,85.7,0.7429,0.1465,0.7907,0.2596,0.4501,0.2325,0.5938,0.4831,-0.2283,B,0.1951,0.118-0.322,0.452,0.264,0.088
1451,216696,-151.79,103,94.2,0.7094,0.153,0.5468,0.4976,0.8415,0.3569,0.6557,0.3606,-0.5556,B,0.2022,0.118-0.322,0.452,0.264,0.088
1452,216723,33.43,27,92.6,0.3593,0.2386,0.6841,0.345,0.678,2.131,0.7558,0.4372,-0.2811,B,0.177,0.118-0.322,0.452,0.264,0.088
1453,216737,-6.78,14,85.7,0.4185,0.239,0.7902,0.2464,0.4131,1.6895,0.7098,0.4648,-0.2048,B,0.2214,0.118-0.322,0.452,0.264,0.088
1454,216758,0.69,21,100.0,0.5243,0.2423,0.7293,0.3034,0.6156,1.1381,0.8901,0.4879,-0.2684,B,0.2232,0.118-0.322,0.452,0.264,0.088
1455,216772,-4.85,14,100.0,0.5566,0.2219,0.7979,0.1528,0.3849,1.2761,0.8246,0.4225,-0.0815,B,0.2203,0.118-0.322,0.452,0.264,0.088
1456,216814,-11.0,42,90.5,0.5331,0.2358,0.6571,0.43,0.68,1.0785,0.8274,0.4171,-0.441,B,0.1501,0.118-0.322,0.452,0.264,0.088
1457,216855,26.55,41,90.2,0.3971,0.1955,0.57,0.3789,0.7442,1.5496,0.703,0.3385,-0.3169,B,0.2255,0.118-0.322,0.452,0.264,0.088
1458,216869,4.65,14,100.0,0.5029,0.2307,0.7507,0.1974,0.4788,1.6326,0.8352,0.4711,-0.0926,B,0.1905,0.118-0.322,0.452,0.264,0.088
1459,216904,21.34,35,97.1,0.3796,0.2521,0.5716,0.4733,0.7676,2.0864,0.8173,0.4656,-0.5131,B,0.2079,0.118-0.322,0.452,0.264,0.088
1460,216920,-4.26,16,93.8,0.5728,0.2265,0.7473,0.2984,0.4566,0.7456,0.8425,0.4532,-0.2185,B,0.219,0.118-0.322,0.452,0.264,0.088
1461,216941,4.45,21,90.5,0.4026,0.252,0.6778,0.3586,0.5995,1.7442,0.7885,0.4329,-0.3361,B,0.2003,0.118-0.322,0.452,0.264,0.088
1462,216963,-6.56,22,90.9,0.5864,0.1971,0.7036,0.3091,0.5925,0.6572,0.7492,0.4285,-0.2614,B,0.1975,0.118-0.322,0.452,0.264,0.088
1463,216992,25.96,29,93.1,0.4524,0.2351,0.6215,0.2903,0.6962,1.2708,0.7896,0.4032,-0.1977,B,0.1398,0.118-0.322,0.452,0.264,0.088
1464,217038,47.53,46,89.1,0.3268,0.2139,0.62,0.3758,0.7602,2.0085,0.6814,0.37,-0.3219,B,0.2055,0.118-0.322,0.452,0.264,0.088
1465,217195,0.43,157,97.5,0.4953,0.1718,0.4466,0.509,0.9232,1.1992,0.6752,0.3372,-0.4897,B,0.1647,0.118-0.322,0.452,0.264,0.088
1466,217311,-103.04,116,97.4,0.4841,0.2415,0.5211,0.6032,0.8973,1.1572,0.9324,0.4375,-0.698,B,0.1809,0.118-0.322,0.453,0.264,0.088
1467,217351,49.56,40,87.5,0.2402,0.2543,0.5872,0.427,0.7099,2.5929,0.8066,0.4594,-0.427,B,0.1962,0.118-0.322,0.453,0.264,0.088
1468,217377,-9.54,26,100.0,0.5613,0.2372,0.7352,0.3489,0.6331,0.8425,0.9491,0.4532,-0.353,B,0.2115,0.118-0.322,0.453,0.264,0.088
1469,217394,-0.22,17,76.5,0.5621,0.2332,0.7599,0.1993,0.4203,0.7709,0.5937,0.4678,-0.1111,B,0.1437,0.118-0.322,0.453,0.264,0.088
1470,217408,-0.03,14,92.9,0.4441,0.238,0.8534,0.183,0.4021,1.4998,0.7999,0.4495,-0.1406,B,0.1527,0.118-0.322,0.453,0.265,0.088
1471,217422,2.82,14,78.6,0.5916,0.2136,0.9297,0.0692,0.3137,0.6596,0.6776,0.4764,-0.0114,B,0.1646,0.118-0.322,0.453,0.265,0.088
1472,217454,14.34,32,93.8,0.4158,0.2573,0.5561,0.3793,0.6851,1.5507,0.791,0.4047,-0.3254,B,0.1526,0.118-0.322,0.453,0.265,0.088
1473,217469,-5.2,15,100.0,0.5729,0.234,0.8092,0.2294,0.4386,0.9771,0.8688,0.448,-0.1701,B,0.1673,0.118-0.322,0.453,0.265,0.088
1474,217507,0.84,38,97.4,0.4365,0.2461,0.6188,0.4517,0.7339,1.5014,0.8214,0.3874,-0.4614,B,0.2122,0.118-0.322,0.453,0.265,0.088
1475,217522,-8.63,15,93.3,0.6253,0.1961,0.783,0.2535,0.4523,0.6619,0.7753,0.4379,-0.2054,B,0.1919,0.118-0.322,0.453,0.265,0.088
1476,217537,0.85,15,73.3,0.6326,0.2148,0.8901,0.111,0.3248,0.4045,0.6307,0.4499,-0.0324,B,0.1822,0.118-0.322,0.453,0.265,0.088
1477,217617,-87.07,80,95.0,0.7153,0.0998,0.4899,0.4717,0.8748,0.2365,0.4351,0.3172,-0.4296,B,0.1405,0.118-0.322,0.453,0.265,0.088
1478,217777,131.4,160,99.4,0.4957,0.2016,0.4363,0.4175,0.9084,1.1156,0.7983,0.4106,-0.3383,B,0.1469,0.118-0.322,0.453,0.265,0.088
1479,217793,-16.29,16,81.2,0.5006,0.225,0.8247,0.2489,0.3523,1.2432,0.6676,0.4494,-0.2043,B,0.1496,0.118-0.322,0.453,0.265,0.088
1480,217806,-14.39,13,100.0,0.6101,0.21,0.8674,0.1493,0.4301,0.6458,0.8794,0.4503,-0.102,B,0.181,0.118-0.322,0.453,0.265,0.088
1481,217824,-5.73,18,83.3,0.4949,0.2219,0.7325,0.257,0.3914,1.3528,0.6939,0.467,-0.176,B,0.1759,0.118-0.322,0.453,0.265,0.088
1482,217879,55.52,55,90.9,0.2148,0.2113,0.5228,0.4768,0.8008,2.7511,0.6763,0.3174,-0.4755,B,0.1776,0.118-0.322,0.453,0.265,0.088
1483,218014,1.02,135,99.3,0.5535,0.1929,0.4614,0.485,0.909,0.9237,0.7912,0.4126,-0.4437,B,0.1503,0.118-0.322,0.453,0.265,0.088
1484,218027,-20.28,13,84.6,0.5144,0.2348,0.8111,0.256,0.4172,1.0602,0.7284,0.4539,-0.2602,B,0.1424,0.118-0.322,0.453,0.265,0.088
1485,218249,135.33,222,98.2,0.2672,0.1283,0.4757,0.5793,0.9431,2.5625,0.5241,0.4364,-0.6224,B,0.1527,0.118-0.322,0.454,0.265,0.088
1486,218263,-3.13,14,71.4,0.7737,0.1802,0.9051,0.1041,0.3274,0.1027,0.5738,0.4721,-0.0411,B,0.1755,0.118-0.322,0.454,0.265,0.088
1487,218276,-21.0,13,92.3,0.774,0.1423,0.8247,0.2822,0.4404,0.1489,0.6199,0.4456,-0.318,B,0.1946,0.118-0.322,0.454,0.265,0.088
1488,218299,7.24,23,91.3,0.4597,0.2445,0.6731,0.2966,0.6291,1.2916,0.7893,0.4008,-0.2429,B,0.2112,0.118-0.322,0.454,0.265,0.088
1489,218313,0.41,14,85.7,0.5958,0.2049,0.8371,0.1583,0.4488,0.7734,0.6973,0.4551,-0.0739,B,0.2198,0.118-0.322,0.454,0.265,0.088
1490,218500,-80.42,187,99.5,0.5518,0.1449,0.4291,0.5452,0.9175,1.3735,0.6326,0.2993,-0.551,B,0.1399,0.118-0.322,0.454,0.265,0.088
1491,218515,-22.62,15,80.0,0.801,0.1123,0.8484,0.233,0.4342,0.1137,0.4223,0.4185,-0.2203,B,0.1524,0.118-0.322,0.454,0.265,0.088
1492,218553,-2.18,38,100.0,0.6651,0.1895,0.6667,0.3461,0.7377,0.5303,0.7897,0.4661,-0.3055,B,0.1488,0.118-0.322,0.454,0.265,0.088
1493,218568,-14.47,15,86.7,0.6997,0.1874,0.8081,0.2004,0.4149,0.2632,0.7225,0.4833,-0.1088,B,0.1863,0.118-0.322,0.454,0.265,0.088
1494,218582,-10.49,14,85.7,0.508,0.246,0.7434,0.2507,0.4379,0.9899,0.7335,0.4293,-0.1678,B,0.1659,0.118-0.322,0.454,0.265,0.088
1495,218595,-3.03,13,92.3,0.626,0.2035,0.8475,0.1714,0.4102,0.5387,0.7831,0.4362,-0.1123,B,0.2265,0.118-0.322,0.454,0.265,0.088
1496,218637,80.65,42,97.6,0.2409,0.2502,0.5545,0.4412,0.7971,2.9347,0.8896,0.4786,-0.4248,B,0.1426,0.118-0.322,0.454,0.266,0.089
1497,218656,-13.51,19,78.9,0.6716,0.2289,0.731,0.2966,0.4775,0.3508,0.6279,0.414,-0.2379,B,0.2136,0.118-0.322,0.454,0.266,0.089
1498,218669,-5.61,13,100.0,0.5509,0.2284,0.8787,0.1489,0.4304,1.0681,0.8201,0.4404,-0.1315,B,0.188,0.118-0.322,0.454,0.266,0.089
1499,218696,-9.6,27,92.6,0.3989,0.2567,0.6035,0.4507,0.6535,1.6016,0.7839,0.4017,-0.409,B,0.1761,0.118-0.322,0.454,0.266,0.089
1500,218739,6.13,43,100.0,0.6052,0.2186,0.5463,0.3981,0.7179,0.9102,0.8836,0.4708,-0.3463,B,0.2035,0.118-0.322,0.454,0.266,0.089
1501,218838,97.57,99,99.0,0.4016,0.2379,0.4643,0.4418,0.8871,1.6391,0.8609,0.4483,-0.3941,B,0.1425,0.118-0.322,0.454,0.266,0.089
1502,218915,-23.13,77,94.8,0.501,0.2294,0.493,0.5349,0.8421,1.0504,0.8902,0.473,-0.545,B,0.2226,0.118-0.322,0.454,0.266,0.089
1503,218951,39.13,36,94.4,0.3256,0.2447,0.571,0.3952,0.693,2.2196,0.7792,0.3659,-0.3166,B,0.166,0.118-0.322,0.454,0.266,0.089
1504,218965,-11.93,14,92.9,0.7479,0.143,0.8482,0.1566,0.4254,0.2273,0.6288,0.4035,-0.1505,B,0.1734,0.118-0.322,0.454,0.266,0.089
1505,219331,106.39,366,98.9,0.3283,0.1873,0.4446,0.5966,0.9567,2.1408,0.8352,0.3687,-0.6434,B,0.1539,0.118-0.322,0.455,0.266,0.089
1506,219345,-2.14,14,78.6,0.7816,0.1483,0.9412,0.0673,0.298,0.1046,0.5241,0.4562,-0.0111,B,0.1489,0.118-0.322,0.455,0.266,0.089
1507,219359,-15.01,14,92.9,0.5444,0.2334,0.7795,0.2574,0.4489,1.1218,0.8059,0.4562,-0.2123,B,0.1879,0.118-0.322,0.455,0.266,0.089
1508,219375,-7.77,16,87.5,0.6381,0.1918,0.8072,0.1772,0.394,0.5658,0.6894,0.4481,-0.0985,B,0.2112,0.118-0.322,0.455,0.266,0.089
1509,219492,54.5,117,98.3,0.4034,0.187,0.4699,0.4939,0.8905,1.6447,0.8004,0.4418,-0.4835,B,0.1909,0.118-0.322,0.455,0.266,0.089
1510,219510,3.7,18,88.9,0.4132,0.2374,0.6951,0.32,0.5455,1.7234,0.7801,0.4274,-0.2492,B,0.1541,0.118-0.322,0.455,0.266,0.089
1511,219533,-28.3,23,100.0,0.5605,0.2397,0.7138,0.4137,0.6538,0.8913,0.9148,0.448,-0.4567,B,0.1652,0.118-0.322,0.455,0.266,0.089
1512,219605,20.91,72,91.7,0.4212,0.2599,0.5145,0.4796,0.844,1.4262,0.7707,0.4578,-0.4809,B,0.1699,0.118-0.322,0.455,0.266,0.089
1513,219619,1.57,14,85.7,0.6053,0.2098,0.9206,0.1021,0.3269,0.8295,0.7126,0.4495,-0.0402,B,0.1986,0.118-0.322,0.455,0.266,0.089
1514,219635,-11.36,16,81.2,0.5984,0.2026,0.8007,0.2273,0.475,0.5685,0.7039,0.4231,-0.1752,B,0.1648,0.118-0.322,0.455,0.266,0.089
1515,219857,81.05,222,98.6,0.4562,0.2175,0.425,0.5258,0.9289,1.4065,0.9172,0.3834,-0.5129,B,0.1977,0.118-0.322,0.455,0.267,0.089
1516,219897,-19.75,40,100.0,0.7087,0.1417,0.587,0.3712,0.7977,0.2388,0.6637,0.4076,-0.319,B,0.2266,0.118-0.322,0.455,0.267,0.089
1517,219917,5.1,20,80.0,0.551,0.22,0.7131,0.2514,0.5053,0.8117,0.6791,0.3971,-0.1439,B,0.1612,0.118-0.322,0.455,0.267,0.089
1518,219931,7.62,14,92.9,0.4872,0.242,0.8318,0.1684,0.475,1.2378,0.8051,0.469,-0.089,B,0.226,0.118-0.322,0.455,0.267,0.089
1519,219944,-8.39,13,84.6,0.7107,0.1772,0.8662,0.143,0.3947,0.2366,0.6681,0.4651,-0.105,B,0.1896,0.118-0.322,0.455,0.267,0.089
1520,219959,-17.27,15,80.0,0.8761,0.0894,0.7019,0.2447,0.5031,0.0457,0.3458,0.4603,-0.1838,B,0.1536,0.118-0.322,0.456,0.267,0.089
1521,219973,-8.37,14,71.4,0.7126,0.2058,0.9415,0.0605,0.3257,0.2106,0.5851,0.4791,-0.0322,B,0.1755,0.118-0.322,0.456,0.267,0.089
1522,220223,445.65,250,99.2,0.3037,0.2536,0.3794,0.4545,0.9523,2.2711,0.8276,0.4123,-0.3975,B,0.1642,0.118-0.322,0.456,0.267,0.089
1523,220239,-2.81,16,93.8,0.6027,0.227,0.7876,0.2731,0.4538,0.81,0.7574,0.4587,-0.2069,B,0.2005,0.118-0.322,0.456,0.267,0.089
1524,220258,22.14,19,94.7,0.4376,0.2347,0.7992,0.1851,0.5527,1.8898,0.773,0.453,-0.1077,B,0.1518,0.118-0.322,0.456,0.267,0.089
1525,220273,-10.15,15,80.0,0.7054,0.1997,0.8363,0.1861,0.3812,0.2522,0.6565,0.4781,-0.1311,B,0.1556,0.118-0.322,0.456,0.267,0.089
1526,220297,-1.57,24,87.5,0.5595,0.2267,0.6665,0.3051,0.5681,0.8438,0.7899,0.4624,-0.2421,B,0.1674,0.118-0.322,0.456,0.267,0.089
1527,220310,-10.19,13,100.0,0.5464,0.2385,0.8014,0.1976,0.4215,1.1664,0.8857,0.4653,-0.1523,B,0.1894,0.118-0.322,0.456,0.267,0.089
1528,220324,-10.89,14,100.0,0.5977,0.2177,0.8126,0.2346,0.4129,0.9289,0.8074,0.4742,-0.1765,B,0.1469,0.118-0.322,0.456,0.267,0.089
1529,220657,199.53,333,99.4,0.3299,0.1809,0.3984,0.5709,0.9646,2.1119,0.7801,0.4364,-0.608,B,0.1902,0.118-0.322,0.456,0.267,0.089
1530,220673,0.63,16,81.2,0.55,0.2218,0.8419,0.193,0.3258,1.0116,0.6716,0.4673,-0.1117,B,0.1673,0.118-0.322,0.456,0.267,0.089
1531,220688,-6.68,15,80.0,0.5492,0.2335,0.8636,0.1734,0.3791,0.6977,0.7023,0.4317,-0.1127,B,0.2134,0.118-0.322,0.456,0.267,0.089
1532,220878,54.24,190,100.0,0.3462,0.263,0.4318,0.5897,0.9375,2.0239,0.7961,0.3579,-0.6282,B,0.2141,0.118-0.322,0.457,0.267,0.089
1533,220891,-10.54,13,100.0,0.5931,0.2349,0.8482,0.2666,0.4382,0.8056,0.8567,0.464,-0.2778,B,0.1503,0.118-0.322,0.457,0.267,0.089
1534,221055,105.97,164,98.8,0.4828,0.2207,0.4536,0.4702,0.917,1.3629,0.7718,0.4212,-0.4273,B,0.1971,0.118-0.322,0.457,0.268,0.089
1535,221069,-1.29,14,100.0,0.5528,0.236,0.8237,0.2028,0.4352,0.9579,0.8559,0.4498,-0.1584,B,0.2167,0.118-0.322,0.457,0.268,0.089
1536,221083,-4.62,14,92.9,0.5142,0.236,0.8177,0.2374,0.4252,1.2877,0.7305,0.4445,-0.2071,B,0.1802,0.118-0.322,0.457,0.268,0.089
1537,221179,102.83,96,99.0,0.4502,0.2055,0.5488,0.3816,0.8866,1.4067,0.7961,0.3386,-0.313,B,0.1817,0.118-0.322,0.457,0.268,0.089
1538,221193,-1.89,14,100.0,0.6255,0.2201,0.794,0.2232,0.4395,0.5913,0.91,0.4536,-0.1373,B,0.1839,0.118-0.322,0.457,0.268,0.089
1539,221207,-2.53,14,100.0,0.5524,0.2423,0.7803,0.2541,0.4293,1.1246,0.8679,0.4404,-0.1968,B,0.1929,0.118-0.322,0.457,0.268,0.089
1540,221241,-35.37,34,91.2,0.6998,0.1974,0.5902,0.4201,0.7194,0.254,0.7753,0.4569,-0.4104,B,0.2068,0.118-0.322,0.457,0.268,0.089
1541,221256,0.24,15,93.3,0.6235,0.2205,0.7814,0.218,0.3891,0.7224,0.8076,0.4716,-0.1104,B,0.198,0.118-0.322,0.457,0.268,0.089
1542,221271,-4.48,15,86.7,0.4563,0.2315,0.7798,0.2383,0.4343,1.4962,0.7174,0.4562,-0.1543,B,0.2141,0.118-0.322,0.457,0.268,0.089
1543,221285,-4.58,14,100.0,0.617,0.2365,0.8226,0.2269,0.4321,0.6728,0.909,0.4481,-0.1595,B,0.2145,0.118-0.322,0.457,0.268,0.089
1544,221318,27.56,33,97.0,0.3806,0.2483,0.6848,0.3804,0.6955,1.9763,0.8608,0.4243,-0.3573,B,0.1908,0.118-0.322,0.457,0.268,0.089
1545,221459,13.47,141,99.3,0.3867,0.1324,0.503,0.5125,0.9216,1.6923,0.5181,0.454,-0.5333,B,0.1523,0.118-0.322,0.457,0.268,0.089
1546,221759,-171.12,300,98.3,0.431,0.1857,0.4396,0.6101,0.9522,1.4046,0.8283,0.3925,-0.6747,B,0.1444,0.118-0.322,0.458,0.268,0.089
1547,221856,-17.9,97,96.9,0.5208,0.1674,0.4781,0.4785,0.8724,1.0575,0.6237,0.3722,-0.4562,B,0.2253,0.118-0.322,0.458,0.268,0.089
1548,221876,-27.84,20,80.0,0.8296,0.1378,0.645,0.3826,0.5617,0.1466,0.512,0.4341,-0.3468,B,0.1695,0.118-0.322,0.458,0.268,0.089
1549,221942,22.4,66,100.0,0.4338,0.2403,0.5016,0.4906,0.8697,1.3541,0.8934,0.4672,-0.4578,B,0.1663,0.118-0.322,0.458,0.268,0.089
1550,221956,-2.09,14,100.0,0.644,0.2159,0.8083,0.23,0.391,0.7047,0.818,0.4561,-0.1547,B,0.1923,0.118-0.322,0.458,0.268,0.089
1551,221974,-18.99,18,83.3,0.8214,0.1344,0.7426,0.2924,0.5483,0.1491,0.5306,0.4817,-0.2681,B,0.1508,0.118-0.322,0.458,0.268,0.089
1552,221988,-26.87,14,92.9,0.724,0.1985,0.8038,0.3423,0.4182,0.2645,0.8083,0.4766,-0.4214,B,0.1746,0.118-0.322,0.458,0.268,0.089
1553,222001,-6.87,13,100.0,0.5384,0.2414,0.7819,0.2844,0.4483,1.0639,0.9066,0.4801,-0.2619,B,0.1998,0.118-0.322,0.458,0.268,0.089
1554,222033,0.56,32,100.0,0.5374,0.2399,0.62,0.3689,0.6752,1.1456,0.917,0.4318,-0.3005,B,0.165,0.118-0.322,0.458,0.268,0.089
1555,222055,6.41,22,100.0,0.5574,0.2286,0.6899,0.2931,0.6097,0.9726,0.8665,0.3638,-0.2105,B,0.193,0.118-0.322,0.458,0.268,0.089
1556,222080,-7.29,25,100.0,0.6212,0.2465,0.695,0.3503,0.6964,0.478,0.8851,0.425,-0.2941,B,0.1864,0.118-0.322,0.458,0.268,0.089
1557,222096,-17.2,16,75.0,0.72,0.1759,0.8039,0.2517,0.4365,0.3022,0.5809,0.3846,-0.2178,B,0.2226,0.118-0.322,0.458,0.268,0.089
1558,222119,9.72,23,100.0,0.4704,0.252,0.7315,0.2585,0.6278,1.3728,0.7761,0.3266,-0.1724,B,0.2073,0.118-0.322,0.458,0.268,0.089
1559,222133,-6.56,14,100.0,0.4698,0.2447,0.8477,0.2164,0.4394,1.4464,0.8858,0.4357,-0.1747,B,0.1808,0.118-0.322,0.458,0.268,0.089
1560,222147,-8.22,14,85.7,0.6425,0.2008,0.8177,0.197,0.4097,0.4275,0.7043,0.4638,-0.1426,B,0.1463,0.118-0.322,0.458,0.268,0.089
1561,222160,1.07,13,92.3,0.5629,0.2246,0.8009,0.1845,0.4258,0.834,0.7938,0.4667,-0.0999,B,0.182,0.118-0.322,0.458,0.268,0.089
1562,222175,-12.56,15,100.0,0.604,0.2126,0.7951,0.2608,0.463,0.6842,0.8746,0.3966,-0.1961,B,0.1651,0.118-0.322,0.458,0.268,0.089
1563,222495,11.98,320,99.7,0.4665,0.1956,0.3864,0.5554,0.9628,1.3092,0.8487,0.4193,-0.574,B,0.2211,0.118-0.322,0.458,0.269,0.09
1564,222691,-17.88,196,99.5,0.6512,0.1853,0.4121,0.4567,0.9228,0.5735,0.8365,0.3269,-0.4031,B,0.2204,0.118-0.322,0.459,0.269,0.09
1565,222705,-0.77,14,85.7,0.6888,0.1686,0.8881,0.0957,0.3987,0.3372,0.6669,0.4269,-0.033,B,0.1584,0.118-0.322,0.459,0.269,0.09
1566,222719,-3.5,14,85.7,0.5261,0.2319,0.8743,0.1837,0.3688,0.9882,0.7298,0.4522,-0.16,B,0.145,0.118-0.322,0.459,0.269,0.09
1567,222805,114.6,86,96.5,0.2808,0.2379,0.4615,0.5097,0.8873,2.4339,0.9315,0.4349,-0.4895,B,0.173,0.118-0.322,0.459,0.269,0.09
1568,222819,-3.75,14,92.9,0.5593,0.229,0.8379,0.146,0.4098,0.8808,0.7941,0.4411,-0.0548,B,0.1777,0.118-0.322,0.459,0.269,0.09
1569,222855,1.4,36,97.2,0.4059,0.2501,0.5684,0.4887,0.7347,1.6619,0.8022,0.3836,-0.4825,B,0.1463,0.118-0.322,0.459,0.269,0.09
1570,222869,3.31,14,85.7,0.4969,0.239,0.8841,0.1175,0.3644,1.2015,0.717,0.4629,-0.0774,B,0.171,0.118-0.322,0.459,0.269,0.09
1571,222883,-3.26,14,92.9,0.4003,0.2317,0.7627,0.2769,0.4337,1.9437,0.7759,0.4351,-0.2234,B,0.1969,0.118-0.322,0.459,0.269,0.09
1572,222912,-29.09,29,93.1,0.6863,0.1525,0.5975,0.416,0.6844,0.31,0.6568,0.4654,-0.3986,B,0.1464,0.118-0.322,0.459,0.269,0.09
1573,222929,-10.58,17,88.2,0.5705,0.2184,0.7368,0.2456,0.4235,0.9256,0.7483,0.4631,-0.1902,B,0.1462,0.118-0.322,0.459,0.269,0.09
1574,223248,-151.2,319,99.1,0.4668,0.1638,0.4211,0.5933,0.9488,1.4114,0.742,0.3721,-0.6275,B,0.1572,0.118-0.322,0.459,0.269,0.09
1575,223263,-6.2,15,80.0,0.6299,0.1956,0.893,0.1199,0.3382,0.5507,0.6448,0.4459,-0.0769,B,0.2067,0.118-0.322,0.459,0.269,0.09
1576,223331,74.52,68,98.5,0.3061,0.2577,0.517,0.4959,0.8372,2.4099,0.8135,0.4595,-0.4934,B,0.229,0.118-0.322,0.459,0.269,0.09
1577,223374,-3.72,43,100.0,0.5547,0.2354,0.5562,0.4425,0.7909,0.799,0.9364,0.471,-0.4215,B,0.2204,0.118-0.322,0.459,0.269,0.09
1578,223388,-4.35,14,100.0,0.6216,0.2083,0.7872,0.1654,0.4005,1.0825,0.8181,0.4318,-0.0997,B,0.2095,0.118-0.322,0.459,0.269,0.09
1579,223415,24.73,27,96.3,0.3749,0.2452,0.6332,0.3796,0.6913,2.078,0.8473,0.4449,-0.3394,B,0.1407,0.118-0.322,0.459,0.27,0.09
1580,223430,-6.32,15,93.3,0.5047,0.2439,0.7637,0.2221,0.4078,1.2297,0.773,0.4317,-0.1251,B,0.1421,0.118-0.322,0.459,0.27,0.09
1581,223444,-10.47,14,100.0,0.7365,0.1724,0.7784,0.2894,0.4326,0.2935,0.7861,0.4565,-0.2278,B,0.1411,0.118-0.322,0.459,0.27,0.09
1582,223458,-15.44,14,92.9,0.5773,0.2224,0.7892,0.2279,0.4369,0.674,0.8452,0.4646,-0.1754,B,0.1446,0.118-0.322,0.459,0.27,0.09
1583,223511,15.57,53,98.1,0.4611,0.2356,0.4924,0.4659,0.8302,1.2583,0.9398,0.4485,-0.4322,B,0.2222,0.118-0.322,0.459,0.27,0.09
1584,223525,-4.61,14,92.9,0.598,0.2139,0.8833,0.0893,0.3345,0.9222,0.7842,0.4856,-0.0239,B,0.1562,0.118-0.322,0.459,0.27,0.09
1585,223562,2.39,37,94.6,0.4964,0.2413,0.5587,0.4038,0.7667,1.0589,0.8362,0.4152,-0.3478,B,0.217,0.118-0.322,0.46,0.27,0.09
1586,223637,24.69,75,100.0,0.4759,0.2456,0.5208,0.4953,0.8721,1.3497,0.8508,0.4442,-0.4861,B,0.1473,0.118-0.322,0.46,0.27,0.09
1587,223650,-15.1,13,100.0,0.6613,0.2178,0.8361,0.1906,0.4346,0.4801,0.8882,0.4776,-0.1455,B,0.1437,0.118-0.322,0.46,0.27,0.09
1588,223663,-6.48,13,100.0,0.5474,0.2583,0.8667,0.1456,0.4574,0.9043,0.9316,0.4264,-0.048,B,0.1914,0.118-0.322,0.46,0.27,0.09
1589,223742,47.46,79,97.5,0.3448,0.2335,0.4899,0.5388,0.8619,2.0194,0.9214,0.4369,-0.5452,B,0.154,0.118-0.322,0.46,0.27,0.09
1590,223756,2.87,14,78.6,0.4329,0.2259,0.8791,0.1754,0.3288,1.562,0.6492,0.4728,-0.1637,B,0.1943,0.118-0.322,0.46,0.27,0.09
1591,223771,8.11,15,93.3,0.4028,0.2314,0.7669,0.2182,0.4329,1.9465,0.7906,0.4743,-0.1214,B,0.1457,0.118-0.322,0.46,0.27,0.09
1592,223786,-11.13,15,86.7,0.5331,0.2134,0.8248,0.1976,0.3452,1.2188,0.6994,0.425,-0.1455,B,0.191,0.118-0.322,0.46,0.27,0.09
1593,223966,21.09,180,98.9,0.299,0.1752,0.4474,0.6348,0.942,2.3603,0.7186,0.4485,-0.7216,B,0.1688,0.118-0.322,0.46,0.27,0.09
1594,223979,-3.81,13,100.0,0.7213,0.2042,0.8471,0.1601,0.4311,0.2392,0.8992,0.4489,-0.099,B,0.2129,0.118-0.322,0.46,0.27,0.09
1595,224062,73.31,83,98.8,0.2849,0.257,0.4627,0.5311,0.8667,2.4854,0.8001,0.4191,-0.5588,B,0.1458,0.118-0.322,0.46,0.27,0.09
1596,224079,-9.7,17,82.4,0.6103,0.2071,0.8031,0.2744,0.4147,0.5916,0.6876,0.4858,-0.2387,B,0.1884,0.118-0.322,0.46,0.27,0.09
1597,224093,-12.39,14,92.9,0.5531,0.2395,0.8123,0.193,0.4245,0.9115,0.8251,0.459,-0.1412,B,0.1633,0.118-0.322,0.46,0.27,0.09
1598,224245,-92.44,152,97.4,0.3509,0.2201,0.5088,0.6579,0.9112,2.0211,0.9258,0.335,-0.7909,B,0.2273,0.118-0.322,0.46,0.27,0.09
1599,224259,-5.1,14,85.7,0.6017,0.2149,0.8009,0.1832,0.4586,0.647,0.7699,0.4615,-0.0976,B,0.193,0.118-0.322,0.46,0.27,0.09
1600,224273,-6.77,14,92.9,0.631,0.2082,0.7845,0.232,0.4176,0.5524,0.8151,0.4793,-0.1602,B,0.1696,0.118-0.322,0.46,0.27,0.09
1601,224288,-10.29,15,93.3,0.6097,0.2363,0.847,0.1419,0.4287,0.5402,0.8279,0.4605,-0.0974,B,0.1973,0.118-0.322,0.46,0.27,0.09
1602,224302,-1.26,14,71.4,0.6361,0.2181,0.9183,0.0882,0.325,0.4308,0.5951,0.4367,-0.0425,B,0.197,0.118-0.322,0.46,0.27,0.09
1603,224316,2.32,14,85.7,0.6159,0.2092,0.8728,0.0953,0.3489,0.6648,0.7171,0.4258,-0.0305,B,0.171,0.118-0.322,0.46,0.27,0.09
1604,224408,48.66,92,98.9,0.5155,0.2393,0.5154,0.4157,0.8753,0.9377,0.8978,0.4384,-0.3595,B,0.2035,0.118-0.322,0.46,0.27,0.09
1605,224423,-17.11,15,86.7,0.6978,0.1754,0.7564,0.2501,0.4384,0.2837,0.6952,0.4817,-0.1475,B,0.23,0.118-0.322,0.46,0.27,0.09
1606,224437,-2.76,14,92.9,0.6908,0.1934,0.8439,0.1879,0.3637,0.3287,0.7271,0.4638,-0.1109,B,0.2187,0.118-0.322,0.46,0.27,0.09
1607,224450,-14.63,13,92.3,0.7032,0.1913,0.8219,0.1419,0.3982,0.5763,0.69,0.4506,-0.0688,B,0.1918,0.118-0.322,0.46,0.27,0.09
1608,224492,53.4,42,92.9,0.3339,0.2541,0.6588,0.3598,0.7142,2.0961,0.8355,0.3741,-0.3027,B,0.1554,0.118-0.322,0.461,0.27,0.09
1609,224715,261.49,223,98.7,0.213,0.0952,0.4178,0.5323,0.9396,2.8936,0.4209,0.3136,-0.5261,B,0.206,0.118-0.322,0.461,0.271,0.09
1610,224729,-9.42,14,92.9,0.6116,0.2192,0.7762,0.2721,0.4493,0.6765,0.7898,0.4419,-0.2251,B,0.1765,0.118-0.322,0.461,0.271,0.09
1611,224762,16.71,33,100.0,0.4856,0.2317,0.6887,0.295,0.7209,1.1903,0.8517,0.3467,-0.2205,B,0.2249,0.118-0.322,0.461,0.271,0.09
1612,224782,2.49,20,90.0,0.5611,0.2033,0.7021,0.2462,0.4912,1.3178,0.7155,0.4296,-0.1526,B,0.156,0.118-0.322,0.461,0.271,0.09
1613,224810,12.89,28,92.9,0.4222,0.24,0.6631,0.3327,0.6061,1.6405,0.7837,0.3517,-0.2568,B,0.2108,0.118-0.322,0.461,0.271,0.09
1614,225017,56.48,207,99.0,0.5146,0.2092,0.4518,0.466,0.906,1.0586,0.8345,0.3453,-0.4305,B,0.2127,0.118-0.322,0.461,0.271,0.09
1615,225164,-72.64,147,98.6,0.6051,0.1659,0.4506,0.5023,0.9214,0.6688,0.7492,0.3678,-0.4802,B,0.1679,0.118-0.322,0.461,0.271,0.09
1616,225203,34.09,39,84.6,0.3907,0.2575,0.5999,0.3924,0.728,1.6322,0.7195,0.375,-0.3211,B,0.2159,0.118-0.322,0.461,0.271,0.09
1617,225226,-5.66,23,100.0,0.6722,0.1907,0.7248,0.292,0.6731,0.3946,0.8655,0.4086,-0.2482,B,0.2014,0.118-0.322,0.461,0.271,0.09
1618,225320,67.82,94,100.0,0.3863,0.1872,0.5527,0.4309,0.8727,1.7164,0.7302,0.3874,-0.3916,B,0.154,0.118-0.322,0.461,0.271,0.09
1619,225333,-15.62,13,100.0,0.6034,0.236,0.8616,0.1708,0.4141,0.6793,0.8934,0.4523,-0.0882,B,0.2161,0.118-0.322,0.461,0.271,0.09
1620,225363,6.33,30,96.7,0.561,0.211,0.6639,0.3168,0.6893,0.7821,0.8248,0.398,-0.254,B,0.1556,0.118-0.322,0.462,0.271,0.09
1621,225601,491.72,238,98.7,0.2393,0.1815,0.3869,0.487,0.9537,2.8025,0.8009,0.4253,-0.4474,B,0.1576,0.118-0.322,0.462,0.271,0.09
1622,225627,12.99,26,92.3,0.3797,0.2483,0.6715,0.4164,0.6663,1.9489,0.7992,0.4641,-0.413,B,0.2163,0.118-0.322,0.462,0.271,0.09
1623,225658,-11.37,31,90.3,0.6613,0.1822,0.6305,0.3064,0.7014,0.3169,0.6983,0.3993,-0.2224,B,0.2136,0.118-0.322,0.462,0.271,0.09
1624,225718,-26.45,60,100.0,0.6125,0.2072,0.5116,0.4551,0.847,0.5348,0.8683,0.4724,-0.4249,B,0.2247,0.118-0.322,0.462,0.271,0.09
1625,225759,-42.73,41,90.2,0.4618,0.2453,0.5903,0.5677,0.7835,1.24,0.809,0.4366,-0.669,B,0.2177,0.118-0.322,0.462,0.271,0.09
1626,225776,-8.44,17,88.2,0.4966,0.2314,0.7703,0.2763,0.4619,1.3253,0.7627,0.4104,-0.2147,B,0.2175,0.118-0.322,0.462,0.271,0.09
1627,225789,-2.54,13,100.0,0.5156,0.2426,0.8468,0.2099,0.4461,1.2699,0.866,0.489,-0.1953,B,0.2308,0.118-0.322,0.462,0.271,0.09
1628,225802,-2.42,13,92.3,0.5969,0.2205,0.8094,0.1956,0.4313,0.9692,0.7732,0.4392,-0.1472,B,0.1972,0.118-0.322,0.462,0.271,0.09
1629,225815,5.05,13,100.0,0.5568,0.2251,0.861,0.1264,0.4247,0.8443,0.9046,0.447,-0.0673,B,0.1764,0.118-0.322,0.462,0.272,0.091
1630,226167,8.96,352,99.4,0.4723,0.1906,0.3925,0.5486,0.954,1.3806,0.8601,0.3778,-0.56,B,0.161,0.118-0.322,0.462,0.272,0.091
1631,226304,27.1,137,97.8,0.4329,0.2472,0.4256,0.5487,0.9218,1.3688,0.9339,0.3973,-0.5477,B,0.2077,0.118-0.322,0.463,0.272,0.091
1632,226319,-3.22,15,86.7,0.5636,0.238,0.8339,0.1678,0.3824,0.9407,0.7274,0.4608,-0.0955,B,0.2124,0.118-0.322,0.463,0.272,0.091
1633,226422,65.26,103,99.0,0.3702,0.1367,0.5078,0.4847,0.892,1.8741,0.5436,0.3984,-0.4524,B,0.217,0.118-0.322,0.463,0.272,0.091
1634,226456,7.65,34,94.1,0.4365,0.2461,0.6592,0.3861,0.7079,1.3918,0.8688,0.4481,-0.3515,B,0.1858,0.118-0.322,0.463,0.272,0.091
1635,226514,73.04,58,89.7,0.1876,0.1731,0.5844,0.4344,0.8205,2.8237,0.5822,0.361,-0.4228,B,0.1748,0.118-0.322,0.463,0.272,0.091
1636,226867,-121.79,353,98.9,0.396,0.1615,0.4064,0.6211,0.9608,1.6889,0.6998,0.4092,-0.6875,B,0.2307,0.118-0.322,0.463,0.272,0.091
1637,226881,1.08,14,100.0,0.6115,0.2217,0.8465,0.1295,0.3874,0.8456,0.8601,0.4553,-0.0462,B,0.2102,0.118-0.322,0.463,0.272,0.091
1638,226896,-11.12,15,86.7,0.7029,0.1982,0.8189,0.2167,0.4598,0.364,0.7348,0.4159,-0.1661,B,0.2092,0.118-0.322,0.463,0.272,0.091
1639,226914,-5.69,18,88.9,0.6405,0.2133,0.7282,0.2697,0.5826,0.5011,0.7939,0.4502,-0.2314,B,0.149,0.118-0.322,0.463,0.272,0.091
1640,226927,9.28,13,100.0,0.5795,0.2341,0.8866,0.0961,0.4539,0.8787,0.8572,0.4121,-0.0281,B,0.1829,0.118-0.322,0.463,0.272,0.091
1641,226941,-14.59,14,85.7,0.5484,0.2241,0.8108,0.2663,0.4097,0.8653,0.7458,0.4254,-0.223,B,0.1743,0.118-0.322,0.463,0.272,0.091
1642,226963,6.55,22,100.0,0.3962,0.2493,0.7026,0.3833,0.6456,2.0543,0.8397,0.4584,-0.3925,B,0.1842,0.118-0.322,0.463,0.272,0.091
1643,227008,31.79,45,93.3,0.3919,0.2633,0.5435,0.4418,0.7871,1.7626,0.8392,0.4655,-0.4038,B,0.1529,0.118-0.322,0.463,0.273,0.091
1644,227026,-0.43,18,88.9,0.5658,0.2347,0.6824,0.2388,0.4992,0.7795,0.7861,0.4805,-0.1217,B,0.2222,0.118-0.322,0.463,0.273,0.091
1645,227077,42.96,51,98.0,0.3788,0.2679,0.4862,0.4343,0.8093,1.8174,0.8653,0.4424,-0.3996,B,0.1443,0.118-0.322,0.463,0.273,0.091
1646,227113,-25.3,36,100.0,0.6559,0.1697,0.597,0.3807,0.718,0.5888,0.7609,0.3366,-0.3304,B,0.1618,0.118-0.322,0.463,0.273,0.091
1647,227133,-20.66,20,80.0,0.7767,0.1492,0.6811,0.283,0.4829,0.161,0.5526,0.4587,-0.2017,B,0.1639,0.118-0.322,0.463,0.273,0.091
1648,227147,0.74,14,85.7,0.6522,0.1923,0.9104,0.0923,0.3242,0.4837,0.6865,0.4872,-0.027,B,0.1412,0.118-0.322,0.463,0.273,0.091
1649,227161,3.23,14,92.9,0.5346,0.2272,0.9129,0.1071,0.3852,1.0922,0.7594,0.4639,-0.0564,B,0.1449,0.118-0.322,0.464,0.273,0.091
1650,227175,3.66,14,85.7,0.5833,0.2117,0.9323,0.077,0.3134,0.9035,0.7252,0.448,-0.0275,B,0.1877,0.118-0.322,0.464,0.273,0.091
1651,227208,51.47,33,93.9,0.2713,0.2583,0.6936,0.3397,0.7135,2.4882,0.8094,0.4184,-0.3034,B,0.2028,0.118-0.322,0.464,0.273,0.091
1652,227224,-0.4,16,93.8,0.3836,0.2378,0.7813,0.2786,0.48,1.9529,0.8092,0.4792,-0.2266,B,0.2121,0.118-0.322,0.464,0.273,0.091
1653,227238,-5.41,14,92.9,0.478,0.2467,0.7913,0.216,0.4278,1.4102,0.8059,0.4506,-0.1284,B,0.1582,0.118-0.322,0.464,0.273,0.091
1654,227650,284.99,412,99.5,0.4186,0.2116,0.3899,0.5305,0.9613,1.712,0.9159,0.391,-0.5157,B,0.1806,0.118-0.322,0.464,0.273,0.091
1655,227663,-17.31,13,100.0,0.5386,0.2378,0.7944,0.2501,0.4381,1.049,0.8731,0.4424,-0.1943,B,0.2256,0.118-0.322,0.464,0.273,0.091
1656,227677,-3.35,14,100.0,0.4378,0.2261,0.7833,0.2259,0.4217,1.7179,0.852,0.414,-0.1683,B,0.2019,0.118-0.322,0.464,0.273,0.091
1657,227692,-11.7,15,100.0,0.4952,0.2354,0.7834,0.3324,0.4334,1.4613,0.8169,0.4327,-0.3058,B,0.1687,0.118-0.322,0.464,0.273,0.091
1658,227740,12.12,48,95.8,0.5525,0.2247,0.5031,0.4092,0.7416,0.9795,0.8601,0.3646,-0.3302,B,0.1728,0.118-0.322,0.464,0.273,0.091
1659,227810,42.3,70,98.6,0.4481,0.2299,0.4765,0.4471,0.8645,1.3738,0.942,0.4137,-0.4044,B,0.1911,0.118-0.322,0.464,0.273,0.091
1660,228102,333.54,292,99.3,0.4114,0.193,0.3932,0.4733,0.9458,1.8082,0.8055,0.3787,-0.4186,B,0.165,0.118-0.322,0.465,0.273,0.091
1661,228122,-3.68,20,90.0,0.5387,0.2148,0.7172,0.2767,0.5254,0.9636,0.7646,0.4882,-0.221,B,0.1461,0.118-0.322,0.465,0.273,0.091
1662,228137,-22.41,15,80.0,0.8158,0.1459,0.8224,0.266,0.4794,0.1137,0.5503,0.4246,-0.2468,B,0.1717,0.118-0.322,0.465,0.273,0.091
1663,228223,126.25,86,94.2,0.2378,0.2652,0.499,0.5035,0.8341,2.7378,0.8456,0.4624,-0.5063,B,0.1642,0.118-0.322,0.465,0.274,0.091
1664,228431,240.3,208,98.6,0.3617,0.2074,0.4455,0.4936,0.9089,2.2093,0.8244,0.3618,-0.4812,B,0.1469,0.118-0.322,0.465,0.274,0.091
1665,228446,0.17,15,93.3,0.4612,0.2457,0.7941,0.2415,0.4737,1.5866,0.7846,0.4661,-0.173,B,0.1821,0.118-0.322,0.465,0.274,0.091
1666,228528,-45.06,82,95.1,0.5048,0.1598,0.4911,0.5003,0.853,0.8513,0.6902,0.3843,-0.5028,B,0.1747,0.118-0.322,0.465,0.274,0.091
1667,228561,15.14,33,93.9,0.3606,0.2457,0.6205,0.4241,0.6775,2.0483,0.7354,0.3855,-0.4054,B,0.2248,0.118-0.322,0.465,0.274,0.091
1668,228737,134.69,176,98.9,0.4537,0.2587,0.4809,0.4174,0.8746,1.313,0.8427,0.3748,-0.3659,B,0.2143,0.118-0.322,0.465,0.274,0.091
1669,228750,-23.78,13,92.3,0.7355,0.155,0.8987,0.1778,0.4006,0.1968,0.6581,0.4448,-0.1638,B,0.1979,0.118-0.322,0.465,0.274,0.091
1670,228798,-45.88,48,97.9,0.577,0.2168,0.536,0.5518,0.8099,0.7244,0.8988,0.4645,-0.5744,B,0.219,0.118-0.322,0.465,0.274,0.091
1671,228811,-9.02,13,92.3,0.7476,0.1922,0.8201,0.196,0.4383,0.2733,0.7416,0.4752,-0.1602,B,0.163,0.118-0.322,0.465,0.274,0.091
1672,228912,110.82,101,99.0,0.3424,0.2215,0.4396,0.5018,0.9048,2.2208,0.9353,0.419,-0.5016,B,0.1797,0.118-0.322,0.465,0.274,0.091
1673,228933,-19.24,21,81.0,0.7739,0.1499,0.6401,0.3152,0.5365,0.1537,0.5671,0.4823,-0.2414,B,0.2172,0.118-0.322,0.465,0.274,0.091
1674,228949,-16.31,16,87.5,0.5338,0.2302,0.7865,0.3038,0.4956,0.9085,0.791,0.4808,-0.3137,B,0.2313,0.118-0.322,0.465,0.274,0.091
1675,228964,-9.53,15,100.0,0.5868,0.2307,0.7267,0.3739,0.4617,0.9938,0.8174,0.4422,-0.3112,B,0.2305,0.118-0.322,0.466,0.274,0.091
1676,228994,3.21,30,86.7,0.4085,0.2519,0.666,0.4365,0.6382,1.6493,0.7206,0.4369,-0.4392,B,0.1831,0.118-0.322,0.466,0.274,0.091
1677,229027,7.84,33,90.9,0.513,0.2262,0.5437,0.379,0.7545,0.8928,0.8623,0.4226,-0.2963,B,0.228,0.118-0.322,0.466,0.274,0.091
1678,229040,7.7,13,100.0,0.4454,0.2591,0.8651,0.1788,0.4623,1.6159,0.8581,0.4575,-0.1222,B,0.1559,0.118-0.322,0.466,0.274,0.091
1679,229061,-32.15,21,61.9,0.8203,0.0992,0.6993,0.2886,0.5399,0.0854,0.2963,0.4754,-0.2261,B,0.2022,0.118-0.322,0.466,0.274,0.091
1680,229080,-7.67,19,100.0,0.5277,0.2435,0.7896,0.2535,0.5799,1.087,0.9611,0.4831,-0.2201,B,0.2257,0.118-0.322,0.466,0.274,0.091
1681,229095,-8.86,15,93.3,0.6244,0.2206,0.8161,0.1826,0.4315,0.5454,0.7874,0.4384,-0.1292,B,0.1731,0.118-0.322,0.466,0.274,0.091
1682,229159,40.2,64,96.9,0.5108,0.1134,0.6164,0.2933,0.7913,1.0689,0.4912,0.3498,-0.2108,B,0.1718,0.118-0.322,0.466,0.274,0.091
1683,229221,135.03,62,98.4,0.2619,0.2683,0.4258,0.43,0.8447,2.7258,0.8678,0.4815,-0.3434,B,0.1471,0.118-0.322,0.466,0.274,0.091
1684,229256,-6.14,35,94.3,0.4996,0.2368,0.5833,0.424,0.7444,1.0026,0.891,0.4516,-0.418,B,0.2321,0.118-0.322,0.466,0.274,0.091
1685,229429,63.13,173,98.8,0.5317,0.2062,0.4285,0.4775,0.9093,1.0832,0.8956,0.3638,-0.4288,B,0.2049,0.118-0.322,0.466,0.275,0.092
1686,229484,52.64,55,98.2,0.326,0.2502,0.4626,0.4828,0.8262,2.2446,0.8076,0.3781,-0.4467,B,0.1944,0.118-0.322,0.466,0.275,0.092
1687,229499,-5.51,15,93.3,0.6286,0.2238,0.7855,0.2212,0.4324,0.6497,0.8086,0.4518,-0.149,B,0.1788,0.118-0.322,0.466,0.275,0.092
1688,229515,-21.15,16,93.8,0.66,0.2087,0.7621,0.3259,0.5155,0.4649,0.8349,0.4827,-0.3049,B,0.1601,0.118-0.322,0.466,0.275,0.092
1689,229571,70.86,56,96.4,0.2532,0.2714,0.5061,0.5287,0.8338,2.7482,0.8136,0.4578,-0.5414,B,0.1976,0.118-0.322,0.466,0.275,0.092
1690,229601,-37.86,30,76.7,0.8319,0.146,0.6356,0.3837,0.5586,0.0626,0.526,0.3724,-0.3364,B,0.1622,0.118-0.322,0.466,0.275,0.092
1691,229827,215.02,226,99.6,0.4502,0.2393,0.4903,0.4144,0.8825,1.3797,0.8425,0.4011,-0.3512,B,0.1675,0.118-0.322,0.466,0.275,0.092
1692,229841,-2.44,14,100.0,0.4744,0.245,0.8746,0.1323,0.4388,1.5397,0.8515,0.4384,-0.073,B,0.2285,0.118-0.322,0.466,0.275,0.092
1693,229855,2.3,14,100.0,0.7262,0.1894,0.8891,0.1318,0.4275,0.2915,0.8438,0.4229,-0.0535,B,0.155,0.118-0.322,0.467,0.275,0.092
1694,229873,-2.74,18,83.3,0.5962,0.2089,0.7545,0.2816,0.5171,0.638,0.687,0.4268,-0.173,B,0.2036,0.118-0.322,0.467,0.275,0.092
1695,230172,-60.56,299,98.7,0.5738,0.1816,0.4105,0.5119,0.9366,1.0177,0.6919,0.3333,-0.5089,B,0.1549,0.118-0.322,0.467,0.275,0.092
1696,230191,2.54,19,94.7,0.5624,0.2107,0.7144,0.26,0.5181,0.9713,0.7991,0.4781,-0.1816,B,0.174,0.118-0.322,0.467,0.275,0.092
1697,230205,0.52,14,100.0,0.466,0.236,0.7835,0.295,0.4839,1.5997,0.8203,0.4658,-0.2637,B,0.1629,0.118-0.322,0.467,0.275,0.092
1698,230219,-16.72,14,85.7,0.8282,0.1005,0.8281,0.1761,0.4503,0.0941,0.4044,0.434,-0.1145,B,0.2095,0.118-0.322,0.467,0.275,0.092
1699,230383,-1.08,164,99.4,0.4574,0.2077,0.4133,0.5611,0.9321,1.373,0.8725,0.3319,-0.5597,B,0.156,0.118-0.322,0.467,0.275,0.092
1700,230491,227.78,108,98.1,0.27,0.2115,0.4324,0.4153,0.8948,2.5827,0.892,0.4016,-0.3432,B,0.1518,0.118-0.322,0.467,0.275,0.092
1701,230605,63.79,114,97.4,0.2677,0.0887,0.5031,0.5381,0.9106,2.5744,0.4128,0.346,-0.5648,B,0.1888,0.118-0.322,0.467,0.276,0.092
1702,230619,-6.33,14,85.7,0.6975,0.1782,0.9185,0.1427,0.3064,0.2885,0.6579,0.4714,-0.1087,B,0.2102,0.118-0.322,0.467,0.276,0.092
1703,230689,77.43,70,90.0,0.2469,0.1502,0.5165,0.4648,0.8493,2.4289,0.5962,0.366,-0.4356,B,0.1897,0.118-0.322,0.467,0.276,0.092
1704,230732,44.22,43,95.3,0.3364,0.2508,0.5887,0.426,0.8021,2.1481,0.7426,0.4279,-0.3992,B,0.1432,0.118-0.322,0.467,0.276,0.092
1705,230839,43.54,107,94.4,0.388,0.228,0.4773,0.5223,0.8807,1.6654,0.9067,0.4185,-0.5257,B,0.233,0.118-0.322,0.468,0.276,0.092
1706,230861,-6.1,22,95.5,0.6734,0.1886,0.6988,0.2911,0.6658,0.3243,0.7768,0.3766,-0.2321,B,0.1902,0.118-0.322,0.468,0.276,0.092
1707,230876,3.87,15,93.3,0.5086,0.2371,0.7381,0.2139,0.4407,1.2228,0.8119,0.4379,-0.1157,B,0.2315,0.118-0.322,0.468,0.276,0.092
1708,230955,-71.17,79,98.7,0.5992,0.1548,0.5299,0.5028,0.8662,0.7908,0.7068,0.3084,-0.5141,B,0.142,0.118-0.322,0.468,0.276,0.092
1709,231071,46.87,116,98.3,0.5125,0.2081,0.4772,0.4545,0.8674,1.143,0.8473,0.4161,-0.4131,B,0.1725,0.118-0.322,0.468,0.276,0.092
1710,231087,-10.66,16,100.0,0.704,0.163,0.8181,0.2109,0.5173,0.3111,0.7241,0.4244,-0.1839,B,0.1441,0.118-0.322,0.468,0.276,0.092
1711,231150,120.89,63,98.4,0.2312,0.2729,0.509,0.4401,0.8543,2.94,0.7705,0.4759,-0.4193,B,0.1445,0.118-0.322,0.468,0.276,0.092
1712,231164,-3.49,14,92.9,0.5022,0.2411,0.7892,0.1547,0.4071,1.2612,0.7728,0.4349,-0.0745,B,0.2014,0.118-0.322,0.468,0.276,0.092
1713,231259,123.54,95,100.0,0.3443,0.1421,0.5029,0.4082,0.8854,2.029,0.5687,0.4283,-0.3457,B,0.2222,0.118-0.322,0.468,0.276,0.092
1714,231273,7.2,14,85.7,0.4884,0.2278,0.8883,0.1153,0.3406,1.3356,0.7206,0.457,-0.0494,B,0.2097,0.118-0.322,0.468,0.276,0.092
1715,231292,-2.12,19,94.7,0.5289,0.2447,0.6973,0.2574,0.5405,1.1098,0.7858,0.4428,-0.1632,B,0.2212,0.118-0.322,0.468,0.276,0.092
1716,231309,-9.1,17,94.1,0.4562,0.2498,0.7693,0.2905,0.4704,1.3919,0.7702,0.4167,-0.244,B,0.146,0.118-0.322,0.468,0.276,0.092
1717,231323,-8.82,14,100.0,0.7713,0.1624,0.8109,0.2122,0.494,0.2844,0.7475,0.4275,-0.1498,B,0.1629,0.118-0.322,0.468,0.276,0.092
1718,231337,-1.07,14,92.9,0.6849,0.1987,0.8467,0.198,0.4486,0.4078,0.7874,0.3894,-0.1235,B,0.2027,0.118-0.322,0.468,0.276,0.092
1719,231412,56.07,75,98.7,0.3539,0.2211,0.4632,0.507,0.873,2.0102,0.8977,0.3559,-0.4869,B,0.2181,0.118-0.322,0.468,0.276,0.092
1720,231699,256.87,287,99.3,0.4242,0.2152,0.4112,0.4627,0.9488,1.4846,0.8628,0.362,-0.4138,B,0.1827,0.118-0.322,0.469,0.276,0.092
1721,231727,-1.14,28,100.0,0.4891,0.2572,0.6271,0.3895,0.6798,1.1868,0.8594,0.4259,-0.3726,B,0.17,0.118-0.322,0.469,0.276,0.092
1722,231754,-1.0,27,100.0,0.4017,0.2552,0.6526,0.4154,0.6893,1.8065,0.785,0.4129,-0.4082,B,0.1536,0.118-0.322,0.469,0.276,0.092
1723,231768,-18.08,14,85.7,0.6185,0.2069,0.8609,0.2038,0.432,0.5224,0.7265,0.4369,-0.1766,B,0.2318,0.118-0.322,0.469,0.276,0.092
1724,232138,30.66,370,99.2,0.5146,0.195,0.3856,0.5212,0.9578,1.1298,0.7793,0.3505,-0.4989,B,0.2317,0.118-0.322,0.469,0.277,0.092
1725,232231,92.21,93,98.9,0.4116,0.2453,0.4791,0.4528,0.8596,1.6725,0.9189,0.446,-0.4109,B,0.1929,0.118-0.322,0.469,0.277,0.092
1726,232245,-4.17,14,85.7,0.6734,0.184,0.8199,0.1843,0.4339,0.3238,0.7138,0.4575,-0.086,B,0.1498,0.118-0.322,0.469,0.277,0.092
1727,232570,192.44,325,99.4,0.514,0.2078,0.4024,0.4785,0.9524,1.2009,0.8754,0.4025,-0.4389,B,0.1776,0.118-0.322,0.47,0.277,0.092
1728,232654,-51.34,84,100.0,0.7602,0.1654,0.4659,0.4562,0.8812,0.2728,0.766,0.3572,-0.4194,B,0.1633,0.118-0.322,0.47,0.277,0.092
1729,232873,-72.85,219,99.5,0.5394,0.1918,0.4033,0.5444,0.9466,0.9957,0.7998,0.3711,-0.5402,B,0.1732,0.118-0.322,0.47,0.277,0.092
1730,232887,-9.84,14,78.6,0.6577,0.1995,0.9625,0.035,0.2894,0.5015,0.6283,0.4697,-0.0043,B,0.1926,0.118-0.322,0.47,0.277,0.092
1731,232902,-7.23,15,80.0,0.7491,0.1763,0.8829,0.1469,0.3229,0.179,0.6165,0.4399,-0.088,B,0.1761,0.118-0.322,0.47,0.277,0.092
1732,232919,-20.16,17,94.1,0.4515,0.2413,0.6916,0.3902,0.4734,1.5992,0.7789,0.453,-0.3771,B,0.1684,0.118-0.322,0.47,0.277,0.092
1733,232934,0.76,15,100.0,0.5974,0.211,0.7273,0.2232,0.5016,0.6725,0.8708,0.4875,-0.1576,B,0.1435,0.118-0.322,0.47,0.277,0.092
1734,232947,-7.68,13,92.3,0.5515,0.2254,0.8608,0.2216,0.4083,0.7995,0.8294,0.4259,-0.225,B,0.2295,0.118-0.322,0.47,0.277,0.092
1735,232964,-7.02,17,100.0,0.6565,0.2147,0.8078,0.2274,0.5343,0.5264,0.8956,0.4887,-0.1999,B,0.2048,0.118-0.322,0.47,0.277,0.092
1736,233047,45.63,83,97.6,0.4432,0.2338,0.4501,0.4568,0.8736,1.3114,0.8695,0.381,-0.397,B,0.1496,0.118-0.322,0.47,0.278,0.093
1737,233064,-5.38,17,82.4,0.4922,0.2414,0.7285,0.3169,0.5195,1.103,0.7045,0.471,-0.3035,B,0.2296,0.118-0.322,0.47,0.278,0.093
1738,233133,108.12,69,94.2,0.3171,0.2409,0.5122,0.4369,0.8321,2.2358,0.8764,0.4287,-0.3928,B,0.1866,0.118-0.322,0.47,0.278,0.093
1739,233194,47.32,61,96.7,0.3807,0.2583,0.4851,0.4774,0.8449,1.7867,0.9038,0.4792,-0.4576,B,0.2163,0.118-0.322,0.47,0.278,0.093
1740,233242,29.31,48,95.8,0.4414,0.2369,0.5661,0.4054,0.7494,1.5318,0.8004,0.4138,-0.3606,B,0.15,0.118-0.322,0.47,0.278,0.093
1741,233348,263.2,106,96.2,0.2246,0.2053,0.4673,0.3979,0.8666,2.8734,0.869,0.4216,-0.3326,B,0.2186,0.118-0.322,0.47,0.278,0.093
1742,233363,-4.42,15,60.0,0.6896,0.2106,0.9105,0.0925,0.2829,0.214,0.4808,0.3715,-0.0269,B,0.2059,0.118-0.322,0.47,0.278,0.093
1743,233386,-10.72,23,95.7,0.6187,0.2054,0.7137,0.3175,0.5762,0.566,0.8172,0.35,-0.2644,B,0.1602,0.118-0.322,0.47,0.278,0.093
1744,233406,4.09,20,100.0,0.5638,0.235,0.6772,0.2636,0.5892,0.8584,0.9056,0.4462,-0.1793,B,0.2149,0.118-0.322,0.47,0.278,0.093
1745,233427,13.79,21,90.5,0.471,0.2286,0.6779,0.2862,0.5379,1.5469,0.7696,0.436,-0.2376,B,0.1553,0.118-0.322,0.47,0.278,0.093
1746,233440,-6.5,13,92.3,0.671,0.1815,0.842,0.1577,0.4301,0.4753,0.7451,0.4547,-0.1257,B,0.2009,0.118-0.322,0.47,0.278,0.093
1747,233493,96.04,53,98.1,0.2925,0.2455,0.5461,0.4247,0.7872,2.6557,0.9195,0.4679,-0.389,B,0.1783,0.118-0.322,0.471,0.278,0.093
1748,233512,2.3,19,89.5,0.4298,0.2442,0.7032,0.3364,0.5521,1.6592,0.7647,0.4859,-0.3261,B,0.1881,0.118-0.322,0.471,0.278,0.093
1749,233645,242.45,133,98.5,0.2886,0.2623,0.3887,0.4631,0.9155,2.4245,0.8841,0.4139,-0.4043,B,0.1883,0.118-0.322,0.471,0.278,0.093
1750,233806,222.8,161,98.8,0.3502,0.2415,0.3827,0.4602,0.9262,1.9748,0.8923,0.386,-0.407,B,0.1477,0.118-0.322,0.471,0.278,0.093
1751,233819,0.79,13,92.3,0.4704,0.2358,0.8103,0.2419,0.4561,1.6514,0.7653,0.4397,-0.2221,B,0.2276,0.118-0.322,0.471,0.278,0.093
1752,233834,-14.0,15,86.7,0.5921,0.2152,0.8524,0.1632,0.332,0.7896,0.7246,0.4434,-0.0858,B,0.1911,0.118-0.322,0.471,0.278,0.093
1753,233870,54.67,36,94.4,0.2633,0.2408,0.5796,0.3587,0.6909,2.5253,0.7559,0.3002,-0.2869,B,0.1972,0.118-0.322,0.471,0.278,0.093
1754,233885,3.06,15,80.0,0.6163,0.2108,0.9005,0.1096,0.3195,0.609,0.6698,0.4775,-0.0323,B,0.1507,0.118-0.322,0.471,0.278,0.093
1755,233928,65.89,43,95.3,0.3664,0.2322,0.6337,0.3088,0.7456,1.8711,0.7334,0.3631,-0.2202,B,0.227,0.118-0.322,0.471,0.278,0.093
1756,233984,15.96,56,100.0,0.4948,0.266,0.4973,0.4894,0.8428,1.1868,0.8227,0.453,-0.4351,B,0.186,0.118-0.322,0.471,0.278,0.093
1757,234003,12.34,19,84.2,0.4289,0.2377,0.7476,0.2264,0.4656,1.5799,0.6725,0.4257,-0.1347,B,0.2148,0.118-0.322,0.471,0.278,0.093
1758,234018,-1.92,15,80.0,0.6037,0.2208,0.861,0.1517,0.3553,0.651,0.6447,0.4197,-0.094,B,0.2304,0.118-0.322,0.471,0.278,0.093
1759,234031,-2.67,13,100.0,0.5315,0.2485,0.8852,0.1279,0.4488,0.9761,0.9269,0.4086,-0.0663,B,0.2214,0.118-0.322,0.471,0.278,0.093
1760,234119,83.31,88,98.9,0.5217,0.2201,0.5292,0.4041,0.8417,1.3779,0.8583,0.3669,-0.3206,B,0.1918,0.118-0.322,0.471,0.278,0.093
1761,234182,62.34,63,96.8,0.2989,0.2171,0.5305,0.463,0.841,2.2877,0.7444,0.4261,-0.4473,B,0.1859,0.118-0.322,0.471,0.278,0.093
1762,234195,-8.9,13,84.6,0.7692,0.1389,0.9344,0.0943,0.3636,0.1233,0.5448,0.4644,-0.0721,B,0.2142,0.118-0.322,0.471,0.278,0.093
1763,234230,5.18,35,94.3,0.4763,0.2216,0.6192,0.383,0.7107,1.094,0.8336,0.359,-0.3576,B,0.1633,0.118-0.322,0.471,0.279,0.093
1764,234246,-8.58,16,81.2,0.6951,0.1783,0.8042,0.1733,0.4161,0.2608,0.6279,0.4744,-0.0986,B,0.1946,0.118-0.322,0.471,0.279,0.093
1765,234261,-9.91,15,93.3,0.4621,0.2409,0.8066,0.2131,0.3972,1.4835,0.7926,0.413,-0.1458,B,0.1523,0.118-0.322,0.471,0.279,0.093
1766,234289,8.97,28,89.3,0.6399,0.204,0.6503,0.2711,0.7027,0.3679,0.7272,0.3714,-0.1714,B,0.1998,0.118-0.322,0.471,0.279,0.093
1767,234303,-5.84,14,100.0,0.6884,0.1987,0.8229,0.2346,0.4518,0.3938,0.8434,0.4665,-0.2067,B,0.1823,0.118-0.322,0.471,0.279,0.093
1768,234337,16.3,34,97.1,0.4686,0.2503,0.5615,0.4146,0.7323,1.2662,0.869,0.4635,-0.3537,B,0.1699,0.118-0.322,0.471,0.279,0.093
1769,234351,6.9,14,100.0,0.5231,0.2359,0.8177,0.2245,0.445,1.3136,0.8609,0.4477,-0.1329,B,0.2213,0.118-0.322,0.471,0.279,0.093
1770,234364,-2.97,13,84.6,0.6831,0.1942,0.9038,0.1065,0.4051,0.3442,0.7131,0.4511,-0.0557,B,0.2283,0.118-0.322,0.472,0.279,0.093
1771,234381,15.88,17,94.1,0.4189,0.2331,0.7632,0.2975,0.5241,1.9291,0.7752,0.458,-0.2378,B,0.1583,0.118-0.322,0.472,0.279,0.093
1772,234395,-0.02,14,100.0,0.6303,0.2264,0.8379,0.1624,0.4148,0.6739,0.8497,0.4602,-0.0847,B,0.2018,0.118-0.322,0.472,0.279,0.093
1773,234450,52.4,55,94.5,0.3343,0.2434,0.5404,0.4631,0.8022,2.1388,0.8938,0.4667,-0.4513,B,0.192,0.118-0.322,0.472,0.279,0.093
1774,234463,-0.89,13,100.0,0.4947,0.2581,0.8455,0.1301,0.4705,1.2434,0.8907,0.4727,-0.0671,B,0.1709,0.118-0.322,0.472,0.279,0.093
1775,234486,-0.61,23,100.0,0.7035,0.1631,0.7322,0.2554,0.6397,0.5151,0.6816,0.369,-0.194,B,0.1946,0.118-0.322,0.472,0.279,0.093
1776,234563,48.45,77,97.4,0.3878,0.2374,0.4687,0.4951,0.8717,1.7241,0.9411,0.4562,-0.485,B,0.1514,0.118-0.322,0.472,0.279,0.093
1777,234578,-8.42,15,86.7,0.6176,0.22,0.8359,0.1517,0.3738,0.5791,0.7281,0.4642,-0.0899,B,0.1479,0.118-0.322,0.472,0.279,0.093
1778,234591,-15.68,13,100.0,0.5726,0.224,0.8772,0.1689,0.4131,0.8434,0.8875,0.4535,-0.1357,B,0.151,0.118-0.322,0.472,0.279,0.093
1779,234634,36.21,43,97.7,0.3066,0.2284,0.6244,0.4135,0.7762,2.3325,0.7395,0.3408,-0.4089,B,0.1471,0.118-0.322,0.472,0.279,0.093
1780,234692,126.74,58,93.1,0.1907,0.2325,0.5512,0.4185,0.8138,2.9548,0.871,0.3485,-0.3579,B,0.1665,0.118-0.322,0.472,0.279,0.093
1781,234924,249.63,232,99.1,0.4739,0.2239,0.5153,0.3977,0.8968,1.3903,0.7945,0.3927,-0.3363,B,0.1798,0.118-0.322,0.472,0.279,0.093
1782,234950,-1.74,26,96.2,0.5466,0.2438,0.636,0.3997,0.6279,0.9637,0.8175,0.4722,-0.3376,B,0.1838,0.118-0.322,0.472,0.279,0.093
1783,234964,8.26,14,78.6,0.4495,0.2257,0.9006,0.1153,0.301,1.5198,0.6529,0.4233,-0.0528,B,0.161,0.118-0.322,0.472,0.279,0.093
1784,235027,117.26,63,98.4,0.2732,0.2677,0.5472,0.4277,0.8434,2.6584,0.8842,0.4725,-0.387,B,0.1813,0.118-0.322,0.472,0.279,0.093
1785,235117,134.21,90,97.8,0.2658,0.21,0.4835,0.4751,0.8771,2.6665,0.886,0.3656,-0.4479,B,0.1863,0.118-0.322,0.472,0.279,0.093
1786,235143,-20.08,26,88.5,0.4376,0.2494,0.6761,0.4684,0.5568,1.4547,0.7619,0.4443,-0.5024,B,0.2276,0.118-0.322,0.472,0.279,0.093
1787,235162,3.58,19,89.5,0.5402,0.2358,0.7114,0.2817,0.4936,1.1082,0.7474,0.4727,-0.1971,B,0.168,0.118-0.322,0.472,0.279,0.093
1788,235280,133.52,118,99.2,0.2395,0.2387,0.4615,0.5928,0.915,2.8423,0.8679,0.4754,-0.6461,B,0.1495,0.118-0.322,0.473,0.279,0.093
1789,235293,-3.54,13,92.3,0.4515,0.2384,0.8297,0.1862,0.4217,1.4382,0.7752,0.4632,-0.1229,B,0.2344,0.118-0.322,0.473,0.279,0.093
1790,235307,-9.73,14,100.0,0.4615,0.249,0.8018,0.2766,0.4766,1.5678,0.8777,0.4333,-0.2671,B,0.1462,0.118-0.322,0.473,0.279,0.093
1791,235507,343.24,200,98.5,0.3318,0.2578,0.4047,0.4579,0.9383,2.1234,0.906,0.4187,-0.4005,B,0.2209,0.118-0.322,0.473,0.28,0.093
1792,235612,73.11,105,99.0,0.3215,0.1907,0.5043,0.5538,0.9177,2.2469,0.7534,0.4362,-0.5806,B,0.1611,0.118-0.322,0.473,0.28,0.093
1793,235650,-40.47,38,89.5,0.5802,0.2155,0.5878,0.4906,0.7444,0.6419,0.8168,0.4813,-0.5153,B,0.2093,0.118-0.322,0.473,0.28,0.093
1794,235762,11.91,112,97.3,0.5095,0.1767,0.4934,0.4263,0.87,0.942,0.6871,0.4132,-0.3889,B,0.2011,0.118-0.322,0.473,0.28,0.093
1795,235776,-1.4,14,64.3,0.6879,0.2104,0.9317,0.0669,0.2957,0.2783,0.4924,0.4512,-0.0126,B,0.1688,0.118-0.322,0.473,0.28,0.093
1796,235802,-4.75,26,80.8,0.5378,0.2207,0.7041,0.2845,0.5545,1.1646,0.6896,0.4665,-0.2501,B,0.1571,0.118-0.322,0.473,0.28,0.093
1797,235816,-11.17,14,92.9,0.5302,0.2335,0.808,0.2075,0.4201,1.0477,0.7934,0.4799,-0.1614,B,0.2111,0.118-0.322,0.473,0.28,0.093
1798,235829,-17.32,13,100.0,0.5626,0.2469,0.8547,0.218,0.4555,0.8253,0.946,0.4541,-0.2059,B,0.175,0.118-0.322,0.473,0.28,0.093
1799,235869,16.31,40,92.5,0.3826,0.2457,0.5976,0.3768,0.7227,1.6351,0.7389,0.3649,-0.3195,B,0.2021,0.118-0.322,0.473,0.28,0.093
1800,235882,-13.68,13,100.0,0.6917,0.2221,0.863,0.1777,0.4511,0.2933,0.9557,0.439,-0.1227,B,0.1527,0.118-0.322,0.473,0.28,0.093
1801,235898,-9.55,16,93.8,0.6159,0.2229,0.7868,0.2507,0.4609,0.5923,0.8336,0.4764,-0.216,B,0.1568,0.118-0.322,0.473,0.28,0.093
1802,235955,61.16,57,94.7,0.3049,0.2594,0.5235,0.502,0.831,2.3194,0.874,0.4356,-0.4915,B,0.1773,0.118-0.322,0.473,0.28,0.093
1803,236029,93.51,74,100.0,0.3791,0.1484,0.5018,0.3791,0.8695,1.8434,0.6587,0.3941,-0.2981,B,0.2054,0.118-0.322,0.473,0.28,0.093
1804,236044,9.08,15,93.3,0.5248,0.2215,0.7935,0.1773,0.4199,1.361,0.7432,0.4583,-0.1141,B,0.1958,0.118-0.322,0.473,0.28,0.093
1805,236057,-15.25,13,84.6,0.5546,0.2242,0.8895,0.1212,0.3585,0.8519,0.7349,0.451,-0.0621,B,0.1727,0.118-0.322,0.473,0.28,0.093
1806,236121,2.69,64,96.9,0.538,0.2272,0.4853,0.47,0.8344,0.9629,0.9068,0.4097,-0.4222,B,0.1651,0.118-0.322,0.473,0.28,0.093
1807,236135,-5.8,14,78.6,0.4637,0.2282,0.8954,0.1005,0.3143,1.363,0.6589,0.4408,-0.0518,B,0.1716,0.118-0.322,0.473,0.28,0.093
1808,236227,71.58,92,97.8,0.335,0.2047,0.4929,0.5408,0.8851,2.1738,0.8197,0.4595,-0.5457,B,0.1937,0.118-0.322,0.474,0.28,0.093
1809,236299,4.29,72,98.6,0.4394,0.2202,0.5284,0.4977,0.8422,1.5043,0.8582,0.3888,-0.505,B,0.1981,0.118-0.322,0.474,0.28,0.093
1810,236312,-3.67,13,100.0,0.5706,0.2236,0.8413,0.1365,0.4167,0.832,0.8671,0.4518,-0.0693,B,0.1805,0.118-0.322,0.474,0.28,0.093
1811,236410,104.64,98,100.0,0.314,0.1345,0.4803,0.4741,0.8866,2.2669,0.5395,0.434,-0.429,B,0.2302,0.118-0.322,0.474,0.28,0.093
1812,236439,-6.52,29,96.6,0.3151,0.2514,0.6271,0.5581,0.7031,2.4016,0.8497,0.46,-0.6369,B,0.1618,0.118-0.322,0.474,0.28,0.093
1813,236608,41.32,169,98.2,0.275,0.1542,0.463,0.6213,0.9308,2.5386,0.6874,0.3755,-0.7067,B,0.2066,0.118-0.322,0.474,0.281,0.094
1814,236622,-6.49,14,78.6,0.6634,0.1934,0.8691,0.1477,0.401,0.5216,0.6252,0.4134,-0.1281,B,0.2167,0.118-0.322,0.474,0.281,0.094
1815,236651,5.19,29,100.0,0.7025,0.186,0.6887,0.2328,0.6547,0.3433,0.8161,0.4484,-0.152,B,0.1696,0.118-0.322,0.474,0.281,0.094
1816,236665,-6.8,14,100.0,0.517,0.2524,0.8067,0.2011,0.4256,1.1932,0.8768,0.4187,-0.1229,B,0.2316,0.118-0.322,0.474,0.281,0.094
1817,236707,19.37,42,90.5,0.4471,0.2275,0.6105,0.3425,0.6471,1.362,0.7535,0.3528,-0.239,B,0.1599,0.118-0.322,0.474,0.281,0.094
1818,236842,6.66,135,97.0,0.6035,0.1973,0.404,0.4331,0.9012,0.5382,0.7834,0.395,-0.3698,B,0.1444,0.118-0.322,0.474,0.281,0.094
1819,236858,-3.61,16,93.8,0.553,0.2331,0.7917,0.243,0.4142,1.1411,0.7508,0.4532,-0.187,B,0.2298,0.118-0.322,0.474,0.281,0.094
1820,236889,16.85,31,87.1,0.4118,0.2415,0.6311,0.3461,0.6717,1.6537,0.7755,0.4553,-0.2862,B,0.201,0.118-0.322,0.474,0.281,0.094
1821,236911,3.21,22,86.4,0.5816,0.2079,0.687,0.2505,0.5722,0.8255,0.7371,0.4715,-0.1814,B,0.1694,0.118-0.322,0.474,0.281,0.094
1822,236928,-1.29,17,76.5,0.647,0.207,0.8094,0.1644,0.3978,0.4123,0.6244,0.4526,-0.0806,B,0.1863,0.118-0.322,0.474,0.281,0.094
1823,236943,6.72,15,93.3,0.4746,0.2374,0.7427,0.2019,0.4144,1.4628,0.7825,0.4404,-0.1047,B,0.1664,0.118-0.322,0.474,0.281,0.094
1824,236958,7.03,15,86.7,0.3904,0.2278,0.8034,0.232,0.4282,1.813,0.7138,0.452,-0.1926,B,0.1683,0.118-0.322,0.474,0.281,0.094
1825,236972,0.18,14,100.0,0.5178,0.2327,0.8457,0.1601,0.4441,1.2326,0.8224,0.4175,-0.0878,B,0.1571,0.118-0.322,0.474,0.281,0.094
1826,236985,-12.34,13,92.3,0.5601,0.2211,0.8653,0.1562,0.4436,0.7783,0.823,0.4105,-0.1324,B,0.2268,0.118-0.322,0.474,0.281,0.094
1827,237091,16.4,106,98.1,0.3718,0.2261,0.4371,0.5687,0.9016,1.788,0.7983,0.4409,-0.5885,B,0.1921,0.118-0.322,0.475,0.281,0.094
1828,237211,87.19,120,99.2,0.4113,0.2213,0.44,0.488,0.9184,1.7052,0.7939,0.4483,-0.4619,B,0.1742,0.118-0.322,0.475,0.281,0.094
1829,237224,-0.26,13,100.0,0.5149,0.2517,0.8336,0.1876,0.4481,1.1002,0.872,0.4234,-0.124,B,0.1549,0.118-0.322,0.475,0.281,0.094
1830,237237,-13.12,13,84.6,0.8604,0.1137,0.8242,0.2021,0.4157,0.0829,0.4594,0.4756,-0.1693,B,0.173,0.118-0.322,0.475,0.281,0.094
1831,237283,-30.78,46,97.8,0.6708,0.1734,0.556,0.4307,0.8196,0.3367,0.7882,0.4018,-0.3995,B,0.2107,0.118-0.322,0.475,0.281,0.094
1832,237300,-2.35,17,88.2,0.5331,0.2288,0.6898,0.3001,0.4875,0.9917,0.7439,0.4793,-0.2599,B,0.1724,0.118-0.322,0.475,0.281,0.094
1833,237314,-17.0,14,78.6,0.7938,0.1422,0.916,0.083,0.2994,0.0888,0.5075,0.4074,-0.0199,B,0.1905,0.118-0.322,0.475,0.281,0.094
1834,237329,-1.07,15,100.0,0.5767,0.2338,0.7188,0.2684,0.4771,1.0244,0.8455,0.4581,-0.1993,B,0.1529,0.118-0.322,0.475,0.281,0.094
1835,237346,17.28,17,82.4,0.3957,0.2345,0.7644,0.172,0.4742,1.7222,0.6845,0.4251,-0.0884,B,0.1724,0.118-0.322,0.475,0.281,0.094
1836,237423,-53.9,77,98.7,0.6035,0.1893,0.4893,0.525,0.8652,0.6227,0.8181,0.4332,-0.5252,B,0.1707,0.118-0.322,0.475,0.281,0.094
1837,237436,-24.04,13,76.9,0.7966,0.1671,0.851,0.1902,0.4446,0.1012,0.5939,0.4581,-0.1593,B,0.1896,0.118-0.322,0.475,0.281,0.094
1838,237450,-3.14,14,85.7,0.4337,0.2476,0.7867,0.1937,0.4207,1.3857,0.7419,0.446,-0.1348,B,0.1502,0.118-0.322,0.475,0.281,0.094
1839,237468,-9.28,18,88.9,0.5265,0.2251,0.7033,0.3515,0.4909,1.1283,0.7488,0.4526,-0.316,B,0.2196,0.118-0.322,0.475,0.281,0.094
1840,237483,0.74,15,100.0,0.6204,0.2192,0.7937,0.1926,0.4844,0.8843,0.823,0.4174,-0.0863,B,0.1478,0.118-0.322,0.475,0.281,0.094
1841,237530,73.63,47,89.4,0.224,0.2628,0.5489,0.4198,0.7324,2.6646,0.7804,0.4424,-0.3918,B,0.2152,0.118-0.322,0.475,0.281,0.094
1842,237565,22.76,35,94.3,0.4559,0.243,0.595,0.3496,0.6882,1.4834,0.8016,0.3758,-0.2794,B,0.1485,0.118-0.322,0.475,0.281,0.094
1843,237579,-15.71,14,71.4,1.0011,0.0851,0.7952,0.1794,0.4294,0.0164,0.2877,0.4327,-0.0932,B,0.1759,0.118-0.322,0.475,0.281,0.094
1844,237638,123.83,59,94.9,0.2307,0.2469,0.5079,0.4399,0.8278,2.8069,0.8966,0.4664,-0.3985,B,0.1933,0.118-0.322,0.475,0.281,0.094
1845,237846,126.56,208,99.0,0.4276,0.1802,0.4256,0.4723,0.9312,1.4061,0.7731,0.3908,-0.4303,B,0.2236,0.118-0.322,0.475,0.282,0.094
1846,237863,-15.25,17,94.1,0.6623,0.1745,0.7425,0.2954,0.5113,0.4717,0.74,0.4179,-0.2376,B,0.1488,0.118-0.322,0.475,0.282,0.094
1847,237884,-11.51,21,76.2,0.5898,0.2297,0.7446,0.2595,0.546,0.5603,0.6108,0.4412,-0.1854,B,0.2292,0.118-0.322,0.475,0.282,0.094
1848,237899,2.09,15,93.3,0.4641,0.2379,0.8221,0.1946,0.4442,1.5215,0.7779,0.4122,-0.1303,B,0.2148,0.118-0.322,0.475,0.282,0.094
1849,237913,-15.67,14,100.0,0.5328,0.2433,0.7832,0.3158,0.485,1.1573,0.9364,0.4574,-0.2855,B,0.1545,0.118-0.322,0.475,0.282,0.094
1850,238091,199.25,178,99.4,0.483,0.2024,0.5888,0.3208,0.8315,1.2387,0.8109,0.4202,-0.248,B,0.1821,0.118-0.322,0.476,0.282,0.094
1851,238105,-1.29,14,100.0,0.4659,0.24,0.8501,0.2016,0.4211,1.5142,0.8644,0.4372,-0.161,B,0.2062,0.118-0.322,0.476,0.282,0.094
1852,238160,-43.44,55,96.4,0.5543,0.2379,0.5378,0.5065,0.7881,0.8487,0.897,0.4282,-0.5345,B,0.2084,0.118-0.322,0.476,0.282,0.094
1853,238174,-9.62,14,92.9,0.4407,0.2352,0.8083,0.1877,0.4114,1.6486,0.7858,0.4451,-0.1334,B,0.1744,0.118-0.322,0.476,0.282,0.094
1854,238230,16.98,56,94.6,0.494,0.2391,0.5119,0.4394,0.8364,1.0951,0.8146,0.4657,-0.4066,B,0.1464,0.118-0.322,0.476,0.282,0.094
1855,238384,141.45,154,98.1,0.3336,0.2052,0.4124,0.5304,0.9243,2.104,0.8787,0.4266,-0.5194,B,0.1625,0.118-0.322,0.476,0.282,0.094
1856,238404,-32.37,20,75.0,0.6543,0.1921,0.7177,0.3177,0.4865,0.3745,0.6265,0.4541,-0.3198,B,0.1632,0.118-0.322,0.476,0.282,0.094
1857,238419,2.19,15,93.3,0.5383,0.2282,0.7769,0.243,0.4107,1.0902,0.7634,0.4642,-0.153,B,0.1826,0.118-0.322,0.476,0.282,0.094
1858,238643,231.46,224,98.7,0.4184,0.2505,0.4334,0.451,0.9283,1.5229,0.8162,0.3909,-0.3864,B,0.2204,0.118-0.322,0.476,0.282,0.094
1859,238659,-1.06,16,87.5,0.4401,0.246,0.7443,0.2799,0.5147,1.4538,0.7579,0.4452,-0.2343,B,0.1738,0.118-0.322,0.476,0.282,0.094
1860,238889,140.92,230,99.6,0.3471,0.1276,0.4446,0.5231,0.9401,2.0337,0.5623,0.3993,-0.5183,B,0.2356,0.118-0.322,0.477,0.282,0.094
1861,238902,-8.1,13,100.0,0.7596,0.1417,0.8831,0.1562,0.4327,0.2437,0.6749,0.4538,-0.1063,B,0.2153,0.118-0.322,0.477,0.282,0.094
1862,238916,1.55,14,85.7,0.6544,0.1997,0.9061,0.0728,0.3446,0.3821,0.7188,0.4351,-0.0225,B,0.1846,0.118-0.322,0.477,0.282,0.094
1863,238931,12.63,15,93.3,0.5095,0.2107,0.7561,0.2111,0.436,1.5851,0.7373,0.4597,-0.1167,B,0.2283,0.118-0.322,0.477,0.282,0.094
1864,238948,-18.72,17,100.0,0.509,0.2512,0.6905,0.3673,0.5336,1.2346,0.885,0.4348,-0.3131,B,0.205,0.118-0.322,0.477,0.282,0.094
1865,239016,54.78,68,95.6,0.4401,0.241,0.4998,0.4381,0.8281,1.5189,0.8762,0.4515,-0.3988,B,0.1893,0.118-0.322,0.477,0.283,0.094
1866,239145,129.35,129,97.7,0.4176,0.1841,0.5409,0.4142,0.8783,1.6083,0.7665,0.4226,-0.3552,B,0.2083,0.118-0.322,0.477,0.283,0.094
1867,239222,103.65,77,97.4,0.2753,0.2409,0.5387,0.4935,0.8774,2.4809,0.926,0.4418,-0.4819,B,0.1852,0.118-0.322,0.477,0.283,0.094
1868,239249,9.42,27,92.6,0.4782,0.236,0.5959,0.3444,0.6765,1.1329,0.8103,0.4412,-0.2712,B,0.2283,0.118-0.322,0.477,0.283,0.094
1869,239271,-20.29,22,72.7,0.715,0.1778,0.7268,0.2883,0.4854,0.3705,0.5401,0.4327,-0.2331,B,0.228,0.118-0.322,0.477,0.283,0.094
1870,239357,-0.01,86,100.0,0.3948,0.128,0.5045,0.4903,0.8825,1.6455,0.5332,0.3831,-0.486,B,0.1585,0.118-0.322,0.477,0.283,0.094
1871,239371,-8.77,14,85.7,0.7094,0.1605,0.8064,0.202,0.4197,0.2651,0.6403,0.4519,-0.1123,B,0.1677,0.118-0.322,0.477,0.283,0.094
1872,239385,-16.59,14,85.7,0.6036,0.2123,0.8496,0.1507,0.3911,0.5624,0.7673,0.4071,-0.0861,B,0.171,0.118-0.322,0.477,0.283,0.094
1873,239416,23.74,31,87.1,0.4334,0.2381,0.6096,0.3515,0.6726,1.508,0.7717,0.4195,-0.2816,B,0.2081,0.118-0.322,0.477,0.283,0.094
1874,239441,6.98,25,96.0,0.4715,0.2428,0.658,0.3055,0.6169,1.3087,0.8198,0.3812,-0.2289,B,0.238,0.118-0.322,0.477,0.283,0.094
1875,239498,9.67,57,100.0,0.4433,0.2458,0.5985,0.458,0.8235,1.4186,0.9504,0.4411,-0.4645,B,0.1843,0.118-0.322,0.477,0.283,0.094
1876,239512,-2.75,14,78.6,0.6605,0.1954,0.9157,0.1007,0.3269,0.3685,0.6481,0.4508,-0.0509,B,0.1526,0.118-0.322,0.477,0.283,0.094
1877,239526,-9.43,14,85.7,0.7399,0.1564,0.8389,0.17,0.4457,0.3081,0.6238,0.462,-0.1651,B,0.19,0.118-0.322,0.477,0.283,0.094
1878,239540,2.74,14,85.7,0.5887,0.2143,0.9304,0.0823,0.3022,0.8541,0.7259,0.4491,-0.0255,B,0.1654,0.118-0.322,0.477,0.283,0.094
1879,239554,2.76,14,92.9,0.5114,0.2433,0.8573,0.1619,0.3902,1.1878,0.8053,0.4458,-0.0804,B,0.1838,0.118-0.322,0.477,0.283,0.094
1880,239638,175.74,84,98.8,0.2315,0.2548,0.474,0.4576,0.8775,2.882,0.9461,0.4171,-0.4082,B,0.2144,0.118-0.322,0.477,0.283,0.094
1881,239652,0.36,14,92.9,0.5006,0.2227,0.7992,0.1833,0.3942,1.4763,0.7604,0.4659,-0.0883,B,0.1552,0.118-0.322,0.477,0.283,0.094
1882,239680,-41.98,28,50.0,0.6394,0.1862,0.7586,0.3124,0.4935,0.4594,0.3491,0.3864,-0.3194,B,0.1714,0.118-0.322,0.477,0.283,0.094
1883,239693,-18.05,13,76.9,0.671,0.2177,0.8586,0.1599,0.3651,0.4192,0.6129,0.4105,-0.0737,B,0.1737,0.118-0.322,0.477,0.283,0.094
1884,239784,21.78,91,95.6,0.3328,0.2011,0.5111,0.5871,0.8902,2.0917,0.7866,0.4541,-0.6386,B,0.1985,0.118-0.322,0.478,0.283,0.094
1885,239798,18.93,14,92.9,0.4259,0.2364,0.8206,0.1459,0.4581,1.7887,0.7721,0.4276,-0.0473,B,0.2063,0.118-0.322,0.478,0.283,0.094
1886,240012,-123.33,214,100.0,0.6033,0.1762,0.3981,0.503,0.9465,0.6254,0.8027,0.3199,-0.4737,B,0.1473,0.118-0.322,0.478,0.283,0.094
1887,240027,-6.9,15,93.3,0.6197,0.2154,0.8552,0.2094,0.3874,0.6225,0.793,0.4694,-0.1698,B,0.1493,0.118-0.322,0.478,0.283,0.094
1888,240041,8.64,14,92.9,0.4809,0.2223,0.9136,0.1083,0.3909,1.5048,0.7652,0.4641,-0.0459,B,0.2324,0.118-0.322,0.478,0.283,0.094
1889,240054,-3.62,13,92.3,0.4321,0.2437,0.8605,0.1581,0.421,1.6172,0.8122,0.4367,-0.0732,B,0.1818,0.118-0.322,0.478,0.283,0.094
1890,240071,-4.81,17,82.4,0.4945,0.2448,0.7654,0.2823,0.456,1.0601,0.7113,0.4636,-0.221,B,0.1472,0.118-0.322,0.478,0.283,0.094
1891,240086,-7.8,15,93.3,0.5729,0.2204,0.8254,0.1633,0.3491,1.0975,0.7832,0.4426,-0.0963,B,0.1739,0.118-0.322,0.478,0.283,0.094
1892,240100,-12.0,14,100.0,0.5852,0.2371,0.8038,0.2601,0.4623,0.8918,0.8546,0.4784,-0.2432,B,0.1675,0.118-0.322,0.478,0.283,0.094
1893,240117,-8.9,17,88.2,0.4165,0.2391,0.7323,0.3493,0.487,1.6374,0.7127,0.4269,-0.2956,B,0.1852,0.118-0.322,0.478,0.283,0.094
1894,240236,173.04,119,100.0,0.4252,0.2211,0.4419,0.3985,0.9119,1.628,0.9148,0.4265,-0.3125,B,0.2329,0.118-0.322,0.478,0.284,0.095
1895,240294,23.39,58,89.7,0.4253,0.2398,0.5773,0.447,0.7873,1.4155,0.8462,0.437,-0.4193,B,0.1852,0.118-0.322,0.478,0.284,0.095
1896,240310,-6.23,16,81.2,0.6395,0.1928,0.7158,0.2432,0.486,0.4277,0.6885,0.4671,-0.1714,B,0.1629,0.118-0.322,0.478,0.284,0.095
1897,240324,7.66,14,92.9,0.3678,0.2471,0.879,0.118,0.4451,2.0062,0.8013,0.4095,-0.0278,B,0.223,0.118-0.322,0.478,0.284,0.095
1898,240455,-146.84,131,96.9,0.6034,0.1797,0.501,0.5571,0.8761,0.7334,0.7192,0.3224,-0.6064,B,0.2313,0.118-0.322,0.478,0.284,0.095
1899,240516,92.84,61,96.7,0.3375,0.1883,0.5921,0.3453,0.8017,2.0589,0.6944,0.4022,-0.293,B,0.2266,0.118-0.322,0.478,0.284,0.095
1900,240548,11.16,32,90.6,0.4421,0.2434,0.6678,0.358,0.6805,1.3191,0.7573,0.3826,-0.311,B,0.1739,0.118-0.322,0.478,0.284,0.095
1901,240564,-11.52,16,81.2,0.6873,0.18,0.7961,0.1531,0.4698,0.2856,0.6593,0.4489,-0.0644,B,0.1552,0.118-0.322,0.478,0.284,0.095
1902,240595,-10.17,31,80.6,0.537,0.2431,0.6472,0.422,0.6622,0.8178,0.7015,0.4599,-0.3941,B,0.1776,0.118-0.322,0.478,0.284,0.095
1903,240610,-13.49,15,93.3,0.4919,0.241,0.7585,0.33,0.4878,1.3303,0.8093,0.4624,-0.3013,B,0.2391,0.118-0.322,0.478,0.284,0.095
1904,240649,50.64,39,92.3,0.3906,0.2487,0.6407,0.2911,0.7049,1.8012,0.8274,0.4169,-0.2134,B,0.1849,0.118-0.322,0.478,0.284,0.095
1905,240663,-9.59,14,92.9,0.4161,0.2433,0.7957,0.2701,0.4621,1.7604,0.7895,0.4751,-0.2709,B,0.1585,0.118-0.322,0.479,0.284,0.095
1906,240827,87.89,164,97.6,0.481,0.2179,0.4712,0.4735,0.8932,1.3821,0.8816,0.3112,-0.433,B,0.2353,0.118-0.322,0.479,0.284,0.095
1907,240878,5.84,51,98.0,0.4328,0.2437,0.5111,0.4901,0.7995,1.4663,0.8884,0.4212,-0.486,B,0.194,0.118-0.322,0.479,0.284,0.095
1908,240891,-20.92,13,84.6,0.7426,0.178,0.8893,0.1455,0.4365,0.1596,0.6808,0.4351,-0.1125,B,0.1702,0.118-0.322,0.479,0.284,0.095
1909,240913,-37.07,22,100.0,0.7278,0.209,0.6646,0.4446,0.6482,0.2437,0.8884,0.4407,-0.5053,B,0.1485,0.118-0.322,0.479,0.284,0.095
1910,240931,-17.26,18,83.3,0.7336,0.1721,0.7079,0.2939,0.5873,0.1898,0.6656,0.4563,-0.2438,B,0.2197,0.118-0.322,0.479,0.284,0.095
1911,241025,62.93,94,98.9,0.3917,0.279,0.4176,0.4976,0.8952,1.6617,0.7877,0.4622,-0.4596,B,0.1522,0.118-0.322,0.479,0.284,0.095
1912,241116,17.94,91,96.7,0.3397,0.2709,0.498,0.5721,0.8669,2.0069,0.8055,0.431,-0.6197,B,0.2304,0.118-0.322,0.479,0.284,0.095
1913,241284,212.26,168,99.4,0.3249,0.2232,0.3976,0.5193,0.9352,2.2375,0.918,0.4156,-0.5018,B,0.1973,0.118-0.322,0.479,0.284,0.095
1914,241298,-2.9,14,85.7,0.5374,0.228,0.8413,0.1278,0.3915,0.8563,0.7636,0.4152,-0.0614,B,0.199,0.118-0.322,0.479,0.284,0.095
1915,241312,-8.57,14,100.0,0.5,0.2478,0.8751,0.1616,0.4341,1.3487,0.8913,0.4423,-0.1275,B,0.205,0.118-0.322,0.479,0.284,0.095
1916,241421,36.76,109,93.6,0.2801,0.1708,0.4978,0.5714,0.89,2.4097,0.596,0.3846,-0.6243,B,0.2136,0.118-0.322,0.479,0.285,0.095
1917,241648,116.44,227,92.5,0.3353,0.1875,0.4115,0.5196,0.9339,1.9231,0.5727,0.3681,-0.5156,B,0.2344,0.118-0.322,0.48,0.285,0.095
1918,241664,3.3,16,87.5,0.5489,0.2205,0.7483,0.2243,0.457,0.9316,0.7631,0.4584,-0.1329,B,0.1525,0.118-0.322,0.48,0.285,0.095
1919,241678,-1.11,14,85.7,0.7666,0.1516,0.9242,0.0667,0.2952,0.1705,0.5722,0.4573,-0.0129,B,0.1974,0.118-0.322,0.48,0.285,0.095
1920,241755,59.01,77,93.5,0.2057,0.2309,0.5459,0.5784,0.8262,2.88,0.8758,0.4101,-0.6432,B,0.2306,0.118-0.322,0.48,0.285,0.095
1921,241769,-9.53,14,92.9,0.7238,0.1899,0.8257,0.1866,0.4229,0.2951,0.7733,0.4609,-0.1372,B,0.1916,0.118-0.322,0.48,0.285,0.095
1922,241846,63.59,77,98.7,0.4163,0.2446,0.5109,0.4631,0.8865,1.5577,0.9421,0.454,-0.4215,B,0.1542,0.118-0.322,0.48,0.285,0.095
1923,241860,-10.63,14,85.7,0.7419,0.1761,0.8379,0.1777,0.4086,0.1975,0.6767,0.4329,-0.1167,B,0.1703,0.118-0.322,0.48,0.285,0.095
1924,241892,-2.39,32,96.9,0.4361,0.2565,0.6127,0.4415,0.7309,1.4633,0.8306,0.4122,-0.4805,B,0.1587,0.118-0.322,0.48,0.285,0.095
1925,241906,12.08,14,100.0,0.478,0.2551,0.8586,0.1492,0.4703,1.3936,0.8092,0.4306,-0.0479,B,0.2055,0.118-0.322,0.48,0.285,0.095
1926,242084,114.74,178,98.3,0.5314,0.2295,0.4364,0.4497,0.8939,1.1463,0.8824,0.3501,-0.3924,B,0.1888,0.118-0.322,0.48,0.285,0.095
1927,242188,75.78,104,98.1,0.3421,0.221,0.4733,0.5411,0.9077,2.0898,0.9221,0.4102,-0.5479,B,0.2007,0.118-0.322,0.48,0.285,0.095
1928,242202,-6.88,14,78.6,0.4862,0.2259,0.9221,0.0668,0.2982,1.1801,0.6771,0.4495,-0.0107,B,0.1943,0.118-0.322,0.48,0.285,0.095
1929,242216,0.17,14,92.9,0.6191,0.223,0.9258,0.1044,0.3513,0.7396,0.7919,0.4587,-0.0837,B,0.2033,0.118-0.322,0.48,0.285,0.095
1930,242260,52.44,44,100.0,0.4708,0.2587,0.5676,0.303,0.7963,1.184,0.882,0.4478,-0.2081,B,0.2332,0.118-0.322,0.48,0.285,0.095
1931,242275,-7.83,15,93.3,0.557,0.2383,0.806,0.2014,0.3833,1.0464,0.7866,0.4403,-0.1113,B,0.187,0.118-0.322,0.48,0.285,0.095
1932,242289,4.39,14,92.9,0.5131,0.231,0.8427,0.1691,0.3935,1.2998,0.7661,0.487,-0.1233,B,0.24,0.118-0.322,0.48,0.285,0.095
1933,242545,-68.69,256,99.2,0.5419,0.1682,0.4325,0.4909,0.9386,0.8,0.5947,0.3577,-0.4521,B,0.1882,0.118-0.322,0.481,0.285,0.095
1934,242559,-7.06,14,92.9,0.5482,0.2258,0.7927,0.1965,0.4396,0.8927,0.8187,0.4491,-0.1205,B,0.2005,0.118-0.322,0.481,0.285,0.095
1935,242573,0.21,14,92.9,0.4193,0.2371,0.7977,0.189,0.4141,1.7249,0.7645,0.422,-0.1159,B,0.2228,0.118-0.322,0.481,0.285,0.095
1936,242600,-0.4,27,81.5,0.4813,0.2386,0.6258,0.3594,0.5507,1.1817,0.7062,0.473,-0.3053,B,0.2029,0.118-0.322,0.481,0.285,0.095
1937,242833,204.09,233,99.1,0.2501,0.1602,0.4664,0.5928,0.9429,2.7179,0.6804,0.4027,-0.6326,B,0.2355,0.118-0.322,0.481,0.286,0.095
1938,242848,-13.59,15,80.0,0.7516,0.1604,0.912,0.0872,0.2912,0.1793,0.5708,0.4798,-0.017,B,0.2212,0.118-0.322,0.481,0.286,0.095
1939,242908,48.6,60,93.3,0.3731,0.2336,0.5005,0.4403,0.7903,1.9227,0.8631,0.315,-0.4001,B,0.2203,0.118-0.322,0.481,0.286,0.095
1940,242939,15.86,31,90.3,0.3958,0.2322,0.6328,0.3468,0.6652,1.7788,0.8211,0.4112,-0.2964,B,0.19,0.118-0.322,0.481,0.286,0.095
1941,242961,7.74,22,100.0,0.5203,0.2553,0.6804,0.2794,0.6327,1.0235,0.9204,0.4867,-0.1969,B,0.1955,0.118-0.322,0.481,0.286,0.095
1942,242974,-4.96,13,100.0,0.7114,0.1935,0.931,0.1099,0.4179,0.3286,0.8153,0.4132,-0.1012,B,0.1838,0.118-0.322,0.481,0.286,0.095
1943,243038,121.89,64,96.9,0.279,0.2604,0.5126,0.4255,0.8506,2.5266,0.815,0.4311,-0.3574,B,0.2026,0.118-0.322,0.481,0.286,0.095
1944,243064,19.75,26,96.2,0.4927,0.2321,0.6394,0.3158,0.6537,1.323,0.8333,0.4237,-0.2536,B,0.1584,0.118-0.322,0.481,0.286,0.095
1945,243094,44.33,30,96.7,0.3591,0.2555,0.5976,0.3413,0.6988,2.0664,0.7898,0.4193,-0.2617,B,0.175,0.118-0.322,0.481,0.286,0.095
1946,243125,0.59,31,100.0,0.4393,0.2559,0.5545,0.4474,0.7453,1.501,0.8901,0.47,-0.4045,B,0.2165,0.118-0.322,0.481,0.286,0.095
1947,243139,-6.21,14,85.7,0.6114,0.2179,0.8773,0.1002,0.3797,0.46,0.7548,0.4788,-0.0368,B,0.1563,0.118-0.322,0.481,0.286,0.095
1948,243442,429.99,303,99.3,0.3518,0.2239,0.4264,0.4706,0.9396,1.9727,0.8855,0.4369,-0.4231,B,0.2323,0.118-0.322,0.482,0.286,0.095
1949,243456,4.0,14,92.9,0.5551,0.2266,0.8222,0.1496,0.3784,0.9535,0.7935,0.4301,-0.0518,B,0.23,0.118-0.322,0.482,0.286,0.095
1950,243581,81.69,125,96.8,0.4215,0.1699,0.4675,0.4633,0.8692,1.5263,0.7383,0.4073,-0.4165,B,0.1924,0.118-0.322,0.482,0.286,0.095
1951,243709,101.91,128,96.1,0.4188,0.2675,0.4483,0.4769,0.9203,1.4532,0.8235,0.446,-0.4408,B,0.1661,0.118-0.322,0.482,0.286,0.095
1952,243777,84.4,68,97.1,0.344,0.2522,0.4771,0.4414,0.8502,2.0688,0.9235,0.4503,-0.391,B,0.2136,0.118-0.322,0.482,0.286,0.095
1953,243791,-14.73,14,85.7,0.6444,0.1991,0.8095,0.187,0.3911,0.4615,0.7142,0.4423,-0.0892,B,0.1497,0.118-0.322,0.482,0.286,0.095
1954,243804,0.77,13,92.3,0.6435,0.1969,0.9092,0.1054,0.4107,0.4999,0.7731,0.4306,-0.0659,B,0.1696,0.118-0.322,0.482,0.286,0.096
1955,243819,-0.75,15,86.7,0.5244,0.2369,0.8068,0.1469,0.3879,1.1098,0.7384,0.4005,-0.058,B,0.2364,0.118-0.322,0.482,0.287,0.096
1956,243834,-10.09,15,93.3,0.7123,0.1846,0.8152,0.1947,0.4428,0.3071,0.7208,0.4209,-0.1192,B,0.2346,0.118-0.322,0.482,0.287,0.096
1957,243847,3.49,13,100.0,0.6562,0.2023,0.8725,0.1398,0.4168,0.8119,0.8204,0.4263,-0.1121,B,0.2187,0.118-0.322,0.482,0.287,0.096
1958,243860,10.9,13,92.3,0.4326,0.2254,0.8297,0.1639,0.4162,1.7933,0.7555,0.4239,-0.0877,B,0.2111,0.118-0.322,0.482,0.287,0.096
1959,243874,-6.92,14,92.9,0.673,0.1717,0.8031,0.1831,0.4777,0.3719,0.735,0.4529,-0.1095,B,0.154,0.118-0.322,0.482,0.287,0.096
1960,244305,203.55,431,99.5,0.4186,0.1424,0.3845,0.5178,0.9639,1.5547,0.641,0.4236,-0.4883,B,0.1496,0.118-0.322,0.483,0.287,0.096
1961,244322,-5.54,17,82.4,0.6393,0.1834,0.7797,0.2285,0.4746,0.4406,0.6686,0.4224,-0.1854,B,0.1871,0.118-0.322,0.483,0.287,0.096
1962,244336,-0.69,14,100.0,0.4891,0.2313,0.8325,0.1579,0.3991,1.382,0.8285,0.4461,-0.1075,B,0.1517,0.118-0.322,0.483,0.287,0.096
1963,244443,217.61,107,97.2,0.289,0.2588,0.4887,0.4396,0.8987,2.4938,0.8522,0.4473,-0.3779,B,0.1947,0.118-0.322,0.483,0.287,0.096
1964,244698,55.31,255,99.2,0.344,0.1775,0.4601,0.583,0.9415,2.0395,0.6286,0.4043,-0.6261,B,0.1557,0.118-0.322,0.483,0.287,0.096
1965,244735,2.21,37,94.6,0.3997,0.2608,0.6065,0.4387,0.7458,1.6241,0.8523,0.4765,-0.472,B,0.1713,0.118-0.322,0.483,0.287,0.096
1966,244752,11.54,17,94.1,0.4044,0.2397,0.7167,0.293,0.4987,1.8408,0.7949,0.468,-0.2277,B,0.2233,0.118-0.322,0.483,0.287,0.096
1967,244787,42.71,35,94.3,0.2663,0.2575,0.5596,0.4508,0.7423,2.6228,0.8654,0.4607,-0.4446,B,0.2137,0.118-0.322,0.483,0.287,0.096
1968,244866,-12.03,79,96.2,0.3405,0.2528,0.5097,0.6226,0.8772,2.0523,0.9188,0.4476,-0.7302,B,0.2274,0.118-0.322,0.483,0.287,0.096
1969,244905,52.71,39,100.0,0.2968,0.2637,0.605,0.4046,0.7816,2.5392,0.7773,0.4524,-0.3721,B,0.1508,0.118-0.322,0.483,0.287,0.096
1970,245162,338.01,257,98.8,0.3602,0.2024,0.4664,0.4379,0.9043,1.9542,0.7795,0.3929,-0.3903,B,0.2013,0.118-0.322,0.484,0.288,0.096
1971,245175,-5.21,13,100.0,0.5201,0.2314,0.8401,0.1844,0.4348,1.3635,0.8232,0.4432,-0.1013,B,0.208,0.118-0.322,0.484,0.288,0.096
1972,245192,-18.73,17,94.1,0.6306,0.2296,0.7216,0.3183,0.4688,0.6477,0.8125,0.4601,-0.2519,B,0.149,0.118-0.322,0.484,0.288,0.096
1973,245206,0.67,14,92.9,0.661,0.206,0.8734,0.1381,0.3535,0.4564,0.7736,0.4518,-0.0585,B,0.1945,0.118-0.322,0.484,0.288,0.096
1974,245264,79.83,58,93.1,0.3075,0.2478,0.5584,0.431,0.7827,2.2986,0.871,0.4504,-0.4003,B,0.2234,0.118-0.322,0.484,0.288,0.096
1975,245290,23.05,26,96.2,0.336,0.2453,0.6808,0.3892,0.6402,2.1732,0.8693,0.4633,-0.361,B,0.2375,0.118-0.322,0.484,0.288,0.096
1976,245304,-9.3,14,92.9,0.6717,0.2022,0.8897,0.173,0.4224,0.3455,0.8254,0.3933,-0.1192,B,0.2336,0.118-0.322,0.484,0.288,0.096
1977,245440,87.53,136,98.5,0.4821,0.184,0.4844,0.4745,0.8799,1.6941,0.8116,0.326,-0.4537,B,0.1846,0.118-0.322,0.484,0.288,0.096
1978,245469,16.45,29,82.8,0.3248,0.2447,0.6823,0.3682,0.6387,1.9563,0.7199,0.3905,-0.3371,B,0.1889,0.118-0.322,0.484,0.288,0.096
1979,245690,194.29,221,99.1,0.3571,0.215,0.4433,0.5258,0.9305,2.1022,0.9,0.3316,-0.5323,B,0.1576,0.118-0.322,0.484,0.288,0.096
1980,245705,-5.88,15,80.0,0.4937,0.2226,0.8597,0.1322,0.3258,1.1816,0.6752,0.4268,-0.0621,B,0.1786,0.118-0.322,0.484,0.288,0.096
1981,245719,7.0,14,85.7,0.5197,0.2171,0.8545,0.1414,0.3427,1.3226,0.6863,0.4327,-0.0742,B,0.1582,0.118-0.322,0.484,0.288,0.096
1982,245941,199.0,222,98.6,0.4113,0.1951,0.3506,0.4784,0.9529,1.5131,0.8006,0.3737,-0.4217,B,0.2035,0.118-0.322,0.484,0.288,0.096
1983,245958,-0.44,17,100.0,0.5936,0.2442,0.7711,0.2205,0.491,0.7248,0.8613,0.4609,-0.1408,B,0.1609,0.118-0.322,0.484,0.288,0.096
1984,246005,-52.71,47,97.9,0.3964,0.2277,0.5916,0.6138,0.7897,1.7271,0.7798,0.3583,-0.7393,B,0.2006,0.118-0.322,0.484,0.288,0.096
1985,246018,-1.65,13,100.0,0.5286,0.2543,0.9102,0.0876,0.4467,1.0548,0.8677,0.4178,-0.0243,B,0.2206,0.118-0.322,0.484,0.288,0.096
1986,246054,26.22,36,91.7,0.4059,0.2463,0.6068,0.3586,0.6715,1.6717,0.8227,0.4381,-0.3106,B,0.1902,0.118-0.322,0.485,0.288,0.096
1987,246068,-3.5,14,85.7,0.6475,0.184,0.8602,0.1492,0.4114,0.4507,0.7046,0.4488,-0.0809,B,0.1699,0.118-0.322,0.485,0.288,0.096
1988,246113,81.07,45,97.8,0.203,0.2627,0.565,0.4811,0.8113,3.0925,0.8484,0.4549,-0.4503,B,0.1674,0.118-0.322,0.485,0.288,0.096
1989,246127,8.21,14,100.0,0.4643,0.2376,0.7941,0.1945,0.4403,1.6275,0.8182,0.4558,-0.1228,B,0.1904,0.118-0.322,0.485,0.288,0.096
1990,246346,92.52,219,95.9,0.3827,0.1536,0.4691,0.5179,0.9138,1.9249,0.5274,0.3292,-0.5138,B,0.2205,0.118-0.322,0.485,0.289,0.096
1991,246360,-1.52,14,85.7,0.7492,0.1645,0.9248,0.0828,0.3355,0.1828,0.6305,0.421,-0.0368,B,0.1485,0.118-0.322,0.485,0.289,0.096
1992,246725,58.91,365,99.5,0.3988,0.1134,0.4087,0.541,0.9645,1.5834,0.518,0.4252,-0.5265,B,0.2056,0.118-0.322,0.485,0.289,0.096
1993,246761,7.64,36,97.2,0.4355,0.2454,0.5789,0.4342,0.7624,1.5266,0.8963,0.4518,-0.434,B,0.184,0.118-0.322,0.485,0.289,0.096
1994,246816,86.5,55,90.9,0.2033,0.2173,0.5941,0.3853,0.7613,2.7846,0.6779,0.3685,-0.3239,B,0.1853,0.118-0.322,0.485,0.289,0.096
1995,246830,-19.95,14,71.4,0.7365,0.1521,0.8405,0.1912,0.3852,0.2383,0.4881,0.474,-0.1336,B,0.16,0.118-0.322,0.485,0.289,0.096
1996,246868,16.21,38,97.4,0.3949,0.2539,0.5666,0.445,0.7621,1.7733,0.8155,0.4191,-0.4393,B,0.2189,0.118-0.322,0.485,0.289,0.096
1997,246881,-11.21,13,100.0,0.4967,0.2477,0.8908,0.164,0.4411,1.2728,0.9523,0.4429,-0.1357,B,0.2296,0.118-0.322,0.485,0.289,0.096
1998,246895,7.99,14,92.9,0.577,0.2258,0.8503,0.1416,0.4775,1.0399,0.7712,0.4104,-0.101,B,0.2232,0.118-0.322,0.485,0.289,0.096
1999,246974,35.36,79,98.7,0.4331,0.2067,0.5281,0.4681,0.8297,1.7558,0.841,0.3424,-0.4608,B,0.1741,0.118-0.322,0.486,0.289,0.096
2000,246989,-5.67,15,100.0,0.4592,0.2449,0.7487,0.29,0.4891,1.5054,0.8391,0.446,-0.2013,B,0.2426,0.118-0.322,0.486,0.289,0.096
2001,247107,116.25,118,96.6,0.4895,0.1936,0.5301,0.3489,0.854,1.1063,0.7595,0.3794,-0.2729,B,0.1555,0.118-0.322,0.486,0.289,0.096
2002,247198,84.88,91,98.9,0.3266,0.1933,0.5013,0.4792,0.8884,2.1507,0.7404,0.4078,-0.4623,B,0.2207,0.118-0.322,0.486,0.289,0.096
2003,247213,-8.98,15,100.0,0.4743,0.2542,0.8052,0.2453,0.4736,1.3954,0.8597,0.4216,-0.222,B,0.1488,0.118-0.322,0.486,0.289,0.096
2004,247228,-5.55,15,80.0,0.6061,0.2074,0.8654,0.1216,0.3625,0.5687,0.6669,0.4816,-0.0625,B,0.1473,0.118-0.322,0.486,0.289,0.096
2005,247268,34.64,40,95.0,0.4893,0.237,0.6166,0.3135,0.7604,1.0519,0.8637,0.4501,-0.2498,B,0.1887,0.118-0.322,0.486,0.289,0.096
2006,247287,-8.11,19,84.2,0.5077,0.245,0.7486,0.2965,0.4352,1.1296,0.7039,0.4105,-0.244,B,0.2377,0.118-0.322,0.486,0.289,0.096
2007,247456,21.5,169,99.4,0.5187,0.2029,0.5076,0.4489,0.9131,0.8818,0.7644,0.3508,-0.4092,B,0.1491,0.118-0.322,0.486,0.29,0.097
2008,247475,-12.72,19,78.9,0.6828,0.1723,0.7036,0.3105,0.5143,0.387,0.6151,0.4387,-0.2452,B,0.1608,0.118-0.322,0.486,0.29,0.097
2009,247502,8.51,27,92.6,0.4328,0.2437,0.6308,0.3378,0.623,1.5436,0.8722,0.4265,-0.3018,B,0.211,0.118-0.322,0.486,0.29,0.097
2010,247570,12.21,68,95.6,0.5485,0.1345,0.6278,0.3466,0.8065,0.9659,0.6006,0.3098,-0.304,B,0.2175,0.118-0.322,0.486,0.29,0.097
2011,247592,-16.21,22,86.4,0.6004,0.2058,0.6383,0.3587,0.6423,0.5604,0.7802,0.4151,-0.3303,B,0.161,0.118-0.322,0.486,0.29,0.097
2012,247646,55.25,54,96.3,0.2728,0.2543,0.5233,0.508,0.8095,2.6295,0.8718,0.4343,-0.5304,B,0.1486,0.118-0.322,0.486,0.29,0.097
2013,248196,391.24,550,99.3,0.2379,0.22,0.4055,0.6401,0.9716,2.8378,0.8119,0.4055,-0.74,B,0.1914,0.118-0.322,0.487,0.29,0.097
2014,248292,-70.75,96,97.9,0.4406,0.195,0.5127,0.5889,0.891,1.43,0.846,0.3407,-0.6682,B,0.1578,0.118-0.322,0.487,0.29,0.097
2015,248305,-3.96,13,100.0,0.736,0.1486,0.8425,0.1404,0.4392,0.2353,0.7004,0.4214,-0.0734,B,0.1708,0.118-0.322,0.487,0.29,0.097
2016,248510,317.41,205,99.0,0.3292,0.1819,0.4314,0.4575,0.9409,2.1349,0.805,0.4317,-0.3993,B,0.2324,0.118-0.322,0.487,0.29,0.097
2017,248526,-3.27,16,81.2,0.4862,0.2181,0.7919,0.2244,0.3991,1.1678,0.7004,0.3987,-0.1876,B,0.1679,0.118-0.322,0.487,0.29,0.097
2018,248540,-0.69,14,78.6,0.7114,0.1744,0.9364,0.0618,0.3112,0.2329,0.5777,0.4679,-0.0117,B,0.1627,0.118-0.322,0.487,0.29,0.097
2019,248749,358.66,209,98.6,0.3098,0.2098,0.4386,0.4677,0.9382,2.2429,0.892,0.4384,-0.4153,B,0.1645,0.118-0.322,0.487,0.291,0.097
2020,248764,5.18,15,73.3,0.5101,0.2325,0.8903,0.1098,0.3214,0.9555,0.6138,0.4779,-0.0399,B,0.1655,0.118-0.322,0.488,0.291,0.097
2021,248794,-7.08,30,83.3,0.5033,0.2351,0.6702,0.3717,0.6525,1.0191,0.6094,0.3643,-0.349,B,0.2067,0.118-0.322,0.488,0.291,0.097
2022,248809,6.29,15,80.0,0.5839,0.2149,0.8759,0.1103,0.3371,0.875,0.6454,0.4761,-0.0406,B,0.2285,0.118-0.322,0.488,0.291,0.097
2023,248833,16.09,24,95.8,0.4132,0.2614,0.6587,0.2877,0.6276,1.5773,0.8152,0.3785,-0.2101,B,0.1859,0.118-0.322,0.488,0.291,0.097
2024,248868,25.32,35,94.3,0.3859,0.2491,0.5958,0.41,0.6536,1.8985,0.7766,0.3547,-0.3466,B,0.1567,0.118-0.322,0.488,0.291,0.097
2025,248881,-3.76,13,100.0,0.6492,0.2097,0.8995,0.0915,0.4423,0.5593,0.865,0.4062,-0.0316,B,0.1664,0.118-0.322,0.488,0.291,0.097
2026,248927,-9.26,46,95.7,0.4427,0.2284,0.5585,0.517,0.8184,1.422,0.8809,0.3804,-0.5589,B,0.2339,0.118-0.322,0.488,0.291,0.097
2027,248971,50.27,44,93.2,0.2722,0.2464,0.5937,0.4415,0.7256,2.59,0.8556,0.4494,-0.4222,B,0.2006,0.118-0.322,0.488,0.291,0.097
2028,248987,-2.92,16,81.2,0.6084,0.2077,0.7945,0.2128,0.3539,0.5365,0.6347,0.4387,-0.1177,B,0.2042,0.118-0.322,0.488,0.291,0.097
2029,249062,73.68,75,96.0,0.2985,0.2432,0.4838,0.5436,0.8676,2.3957,0.9055,0.4379,-0.5681,B,0.1549,0.118-0.322,0.488,0.291,0.097
2030,249076,-2.13,14,92.9,0.5393,0.2345,0.8903,0.1032,0.3772,1.107,0.7715,0.4667,-0.0429,B,0.2218,0.118-0.322,0.488,0.291,0.097
2031,249089,-16.54,13,100.0,0.6297,0.2173,0.8456,0.1733,0.4352,0.5716,0.9134,0.4254,-0.0897,B,0.2063,0.118-0.322,0.488,0.291,0.097
2032,249104,-27.62,15,66.7,0.8413,0.1555,0.8327,0.244,0.3874,0.114,0.4616,0.4321,-0.2407,B,0.2271,0.118-0.322,0.488,0.291,0.097
2033,249119,3.11,15,73.3,0.5662,0.2196,0.8875,0.0935,0.3022,0.7416,0.6248,0.4292,-0.0213,B,0.1501,0.118-0.322,0.488,0.291,0.097
2034,249133,3.05,14,92.9,0.5561,0.2211,0.8718,0.1366,0.3614,1.1408,0.7638,0.4507,-0.0538,B,0.1948,0.118-0.322,0.488,0.291,0.097
2035,249148,-0.0,15,73.3,0.7058,0.2048,0.8848,0.0986,0.308,0.342,0.536,0.4259,-0.0231,B,0.2437,0.118-0.322,0.488,0.291,0.097
2036,249162,-16.92,14,100.0,0.4896,0.2464,0.8288,0.2706,0.4461,1.2905,0.9363,0.4414,-0.2403,B,0.2404,0.118-0.322,0.488,0.291,0.097
2037,249175,1.36,13,84.6,0.6458,0.1891,0.9195,0.1036,0.385,0.8257,0.6449,0.4237,-0.067,B,0.2413,0.118-0.322,0.488,0.291,0.097
2038,249188,-7.34,13,92.3,0.5168,0.2272,0.8459,0.2034,0.4281,1.1464,0.7468,0.4418,-0.1729,B,0.1648,0.118-0.322,0.488,0.291,0.097
2039,249203,-3.27,15,93.3,0.605,0.2225,0.8318,0.1847,0.3615,0.8365,0.8078,0.4515,-0.0955,B,0.2279,0.118-0.322,0.488,0.291,0.097
2040,249219,-10.65,16,93.8,0.6969,0.2118,0.7573,0.198,0.477,0.366,0.7792,0.4678,-0.108,B,0.2324,0.118-0.322,0.488,0.291,0.097
2041,249241,7.58,22,95.5,0.6093,0.2144,0.7668,0.2386,0.5852,0.824,0.7705,0.3771,-0.1822,B,0.2245,0.118-0.322,0.488,0.291,0.097
2042,249256,-3.7,15,86.7,0.5441,0.2453,0.7683,0.2222,0.4545,0.7942,0.7787,0.4714,-0.1649,B,0.161,0.118-0.322,0.488,0.291,0.097
2043,249602,436.77,346,99.7,0.2616,0.2011,0.4056,0.5846,0.9666,2.747,0.8203,0.4022,-0.6048,B,0.2142,0.118-0.322,0.488,0.291,0.097
2044,249634,11.22,32,93.8,0.562,0.2027,0.5935,0.3113,0.7008,0.8643,0.8099,0.3166,-0.2166,B,0.172,0.118-0.322,0.488,0.291,0.097
2045,249812,231.29,178,97.8,0.3348,0.182,0.4724,0.4468,0.9073,2.0654,0.7692,0.4118,-0.4024,B,0.1678,0.118-0.322,0.489,0.292,0.097
2046,249856,33.14,44,93.2,0.3266,0.2616,0.5999,0.4437,0.7653,2.0911,0.7747,0.4064,-0.4086,B,0.1538,0.118-0.322,0.489,0.292,0.097
2047,249871,6.6,15,93.3,0.4505,0.2471,0.7582,0.2071,0.4915,1.5809,0.7935,0.4612,-0.1026,B,0.2325,0.118-0.322,0.489,0.292,0.097
2048,249890,-4.2,19,94.7,0.434,0.2406,0.763,0.349,0.5416,1.6924,0.8063,0.4214,-0.3305,B,0.1953,0.118-0.322,0.489,0.292,0.097
2049,249971,85.6,81,98.8,0.3019,0.2612,0.4655,0.5498,0.8851,2.3905,0.8445,0.4592,-0.5457,B,0.1486,0.118-0.322,0.489,0.292,0.097
2050,250153,316.02,182,98.9,0.2597,0.2056,0.3865,0.5055,0.9439,2.6578,0.7899,0.4495,-0.4777,B,0.1724,0.118-0.322,0.489,0.292,0.097
2051,250529,455.0,376,99.7,0.4351,0.243,0.4488,0.45,0.9363,1.6342,0.9216,0.3759,-0.3988,B,0.2253,0.118-0.322,0.489,0.292,0.097
2052,250543,4.5,14,85.7,0.5552,0.2139,0.9117,0.0972,0.3279,1.0106,0.729,0.4776,-0.0369,B,0.2399,0.118-0.322,0.489,0.292,0.097
2053,250557,13.25,14,92.9,0.5056,0.2094,0.829,0.1463,0.3748,1.6717,0.7372,0.3976,-0.0584,B,0.178,0.118-0.322,0.49,0.292,0.097
2054,250575,-12.23,18,83.3,0.6662,0.1743,0.7497,0.254,0.5188,0.3267,0.6579,0.4423,-0.1911,B,0.1763,0.118-0.322,0.49,0.292,0.097
2055,250592,1.83,17,88.2,0.4894,0.2307,0.8081,0.1765,0.46,1.234,0.7284,0.3714,-0.1157,B,0.2154,0.118-0.322,0.49,0.292,0.097
2056,250618,29.43,26,92.3,0.2922,0.2489,0.664,0.3612,0.6372,2.3855,0.7317,0.3442,-0.2987,B,0.1802,0.118-0.322,0.49,0.292,0.097
2057,250650,45.62,32,90.6,0.3745,0.2407,0.5602,0.3337,0.7023,1.9675,0.8429,0.4119,-0.2524,B,0.1911,0.118-0.322,0.49,0.292,0.097
2058,250687,27.91,37,94.6,0.3692,0.2604,0.6445,0.3943,0.7279,1.8483,0.7588,0.4125,-0.3463,B,0.1503,0.118-0.322,0.49,0.292,0.097
2059,250701,-9.7,14,92.9,0.6552,0.209,0.829,0.2004,0.4397,0.5071,0.7856,0.4733,-0.1541,B,0.2275,0.118-0.322,0.49,0.292,0.097
2060,250743,95.57,42,95.2,0.2363,0.2391,0.6886,0.3284,0.7896,2.7614,0.7566,0.3694,-0.2576,B,0.2246,0.118-0.322,0.49,0.292,0.097
2061,250796,2.12,53,98.1,0.5199,0.2159,0.539,0.4343,0.8271,0.9324,0.9051,0.392,-0.4084,B,0.1915,0.118-0.322,0.49,0.292,0.097
2062,250810,-2.65,14,100.0,0.5573,0.2436,0.7677,0.1579,0.4777,0.8644,0.9241,0.4451,-0.0778,B,0.169,0.118-0.322,0.49,0.292,0.097
2063,250951,79.57,141,98.6,0.4008,0.1397,0.4566,0.473,0.9135,1.5831,0.5761,0.4474,-0.4242,B,0.2373,0.118-0.322,0.49,0.292,0.097
2064,250965,4.05,14,85.7,0.4494,0.2392,0.9007,0.1185,0.3823,1.4259,0.7322,0.4258,-0.0776,B,0.2132,0.118-0.322,0.49,0.292,0.097
2065,250995,1.98,30,93.3,0.4358,0.2381,0.6554,0.4241,0.6979,1.5372,0.8292,0.3903,-0.4026,B,0.1677,0.118-0.322,0.49,0.292,0.097
2066,251381,919.23,386,98.7,0.2226,0.211,0.3612,0.4804,0.961,2.9731,0.8406,0.3873,-0.4292,B,0.1867,0.118-0.322,0.49,0.293,0.098
2067,251395,-8.05,14,100.0,0.6536,0.2183,0.7726,0.2612,0.4152,0.4741,0.8934,0.4396,-0.2121,B,0.2109,0.118-0.322,0.49,0.293,0.098
2068,251409,-0.13,14,85.7,0.7277,0.1676,0.9451,0.0655,0.2966,0.2565,0.6131,0.4892,-0.0159,B,0.2005,0.118-0.322,0.49,0.293,0.098
2069,251516,14.35,107,98.1,0.5209,0.1656,0.5141,0.443,0.8835,0.9496,0.7262,0.4414,-0.4004,B,0.2447,0.118-0.322,0.491,0.293,0.098
2070,251553,45.72,37,97.3,0.3647,0.2447,0.5999,0.3434,0.7033,2.089,0.7973,0.3797,-0.2731,B,0.1899,0.118-0.322,0.491,0.293,0.098
2071,251567,-0.01,14,78.6,0.7221,0.1783,0.9738,0.0222,0.2886,0.2299,0.6011,0.439,-0.0011,B,0.221,0.118-0.322,0.491,0.293,0.098
2072,251590,6.59,23,87.0,0.5792,0.2088,0.7201,0.2317,0.531,0.7786,0.7485,0.4757,-0.1552,B,0.2059,0.118-0.322,0.491,0.293,0.098
2073,251678,32.03,88,98.9,0.4294,0.2219,0.482,0.4864,0.878,1.4451,0.9135,0.4321,-0.4681,B,0.2355,0.118-0.322,0.491,0.293,0.098
2074,251701,-17.1,23,78.3,0.7623,0.155,0.7318,0.2739,0.5345,0.1115,0.5438,0.3977,-0.2189,B,0.2012,0.118-0.322,0.491,0.293,0.098
2075,251715,-0.01,14,92.9,0.5441,0.2424,0.8345,0.1501,0.4308,0.8849,0.8384,0.4466,-0.0669,B,0.2148,0.118-0.322,0.491,0.293,0.098
2076,251756,61.75,41,92.7,0.3355,0.2516,0.6028,0.3635,0.6924,2.2121,0.8281,0.4354,-0.2958,B,0.223,0.118-0.322,0.491,0.293,0.098
2077,251812,76.51,56,98.2,0.3351,0.2481,0.5512,0.4373,0.8229,2.2629,0.9134,0.483,-0.3944,B,0.1885,0.118-0.322,0.491,0.293,0.098
2078,252130,177.09,318,99.4,0.2967,0.1465,0.4534,0.5852,0.9446,2.4816,0.5808,0.3817,-0.6335,B,0.1971,0.118-0.322,0.491,0.293,0.098
2079,252173,2.98,43,97.7,0.4283,0.2103,0.5626,0.467,0.7779,1.4837,0.7672,0.3907,-0.4522,B,0.1903,0.118-0.322,0.491,0.293,0.098
2080,252254,58.59,81,98.8,0.4473,0.1498,0.5727,0.3917,0.8548,1.4725,0.6102,0.4136,-0.3376,B,0.175,0.118-0.322,0.491,0.294,0.098
2081,252269,-5.1,15,100.0,0.5602,0.2329,0.7506,0.2223,0.4736,0.9652,0.8581,0.395,-0.1585,B,0.1552,0.118-0.322,0.491,0.294,0.098
2082,252282,4.26,13,92.3,0.5048,0.2309,0.8984,0.0931,0.3703,1.3823,0.7922,0.4312,-0.0441,B,0.2349,0.118-0.322,0.491,0.294,0.098
2083,252296,-3.59,14,92.9,0.6778,0.1777,0.809,0.1474,0.4242,0.3492,0.7336,0.4776,-0.081,B,0.1811,0.118-0.322,0.491,0.294,0.098
2084,252310,-12.91,14,85.7,0.8001,0.1265,0.8535,0.1669,0.4465,0.1471,0.517,0.4321,-0.1095,B,0.1754,0.118-0.322,0.491,0.294,0.098
2085,252473,263.24,163,99.4,0.2654,0.1982,0.3981,0.5026,0.9252,2.7509,0.8448,0.2994,-0.4739,B,0.2147,0.118-0.322,0.492,0.294,0.098
2086,252516,28.8,43,95.3,0.408,0.2453,0.5841,0.4324,0.7685,1.6697,0.891,0.4434,-0.3818,B,0.2004,0.118-0.322,0.492,0.294,0.098
2087,252623,127.06,107,96.3,0.2369,0.1422,0.5486,0.4898,0.8995,2.7417,0.5451,0.4356,-0.5123,B,0.2221,0.118-0.322,0.492,0.294,0.098
2088,252780,31.43,157,96.8,0.3938,0.1189,0.4404,0.5302,0.9336,1.6296,0.514,0.3836,-0.5123,B,0.1602,0.118-0.322,0.492,0.294,0.098
2089,252804,15.01,24,91.7,0.4238,0.2372,0.7418,0.2413,0.5989,1.5863,0.7088,0.345,-0.1583,B,0.1627,0.118-0.322,0.492,0.294,0.098
2090,252818,-4.68,14,92.9,0.5577,0.2127,0.8357,0.1888,0.4261,0.7894,0.7901,0.4417,-0.152,B,0.177,0.118-0.322,0.492,0.294,0.098
2091,252865,0.49,47,91.5,0.4782,0.2431,0.5716,0.4265,0.779,1.0298,0.8764,0.4742,-0.4063,B,0.2372,0.118-0.322,0.492,0.294,0.098
2092,252878,-10.61,13,100.0,0.623,0.2052,0.8575,0.1958,0.4085,0.5302,0.878,0.4217,-0.1865,B,0.1754,0.118-0.322,0.492,0.294,0.098
2093,252893,-6.12,15,86.7,0.6155,0.21,0.8327,0.2228,0.3494,0.6367,0.713,0.4187,-0.1646,B,0.1619,0.118-0.322,0.492,0.294,0.098
2094,252915,7.94,22,100.0,0.382,0.2486,0.638,0.354,0.6557,2.1141,0.8489,0.4434,-0.3174,B,0.2293,0.118-0.322,0.492,0.294,0.098
2095,252929,-15.39,14,85.7,0.5706,0.218,0.8231,0.2353,0.4051,0.6535,0.7509,0.4602,-0.1874,B,0.1831,0.118-0.322,0.492,0.294,0.098
2096,253223,375.37,294,99.0,0.3658,0.1981,0.437,0.4696,0.9401,1.8818,0.8431,0.4138,-0.4195,B,0.2441,0.118-0.322,0.492,0.294,0.098
2097,253241,-8.56,18,88.9,0.5509,0.2338,0.6943,0.2909,0.5156,0.8319,0.7788,0.4798,-0.2032,B,0.2307,0.118-0.322,0.492,0.294,0.098
2098,253285,15.68,44,86.4,0.4367,0.235,0.6399,0.3917,0.7012,1.4406,0.6907,0.3929,-0.3342,B,0.2167,0.118-0.322,0.493,0.294,0.098
2099,253317,8.4,32,90.6,0.5078,0.2403,0.628,0.3432,0.6502,1.2915,0.738,0.4468,-0.2673,B,0.1488,0.118-0.322,0.493,0.294,0.098
2100,253338,-19.76,21,71.4,0.819,0.1184,0.6872,0.2678,0.5124,0.0924,0.402,0.4279,-0.1721,B,0.2225,0.118-0.322,0.493,0.294,0.098
2101,253353,5.94,15,73.3,0.5361,0.2177,0.9096,0.097,0.2844,1.0264,0.6002,0.4682,-0.0308,B,0.1788,0.118-0.322,0.493,0.294,0.098
2102,253366,-10.97,13,92.3,0.8928,0.1087,0.8659,0.1492,0.447,0.0607,0.4758,0.4278,-0.0814,B,0.2374,0.118-0.322,0.493,0.294,0.098
2103,253380,9.05,14,92.9,0.4722,0.2396,0.808,0.1268,0.4154,1.4607,0.8154,0.4306,-0.046,B,0.1816,0.118-0.322,0.493,0.294,0.098
2104,253826,230.19,446,98.9,0.377,0.1928,0.3974,0.5602,0.9634,1.8428,0.7787,0.3925,-0.5666,B,0.2059,0.118-0.322,0.493,0.295,0.098
2105,253927,-21.52,101,98.0,0.4845,0.1856,0.4822,0.5084,0.8783,1.1256,0.6433,0.4443,-0.5006,B,0.2083,0.118-0.322,0.493,0.295,0.098
2106,253976,10.99,49,100.0,0.367,0.2543,0.5636,0.5214,0.8077,2.0115,0.8388,0.3955,-0.5429,B,0.2311,0.118-0.322,0.493,0.295,0.098
2107,254001,-5.41,25,84.0,0.4633,0.2442,0.6439,0.4187,0.6213,1.2833,0.7231,0.4327,-0.3925,B,0.1588,0.118-0.322,0.493,0.295,0.098
2108,254029,24.41,28,92.9,0.3887,0.2519,0.6916,0.3001,0.6291,1.7427,0.7382,0.359,-0.2409,B,0.246,0.118-0.322,0.493,0.295,0.098
2109,254064,41.08,35,97.1,0.3053,0.2575,0.5895,0.4221,0.7506,2.4314,0.8929,0.4053,-0.4094,B,0.1728,0.118-0.322,0.493,0.295,0.098
2110,254077,2.27,13,84.6,0.5863,0.2237,0.8937,0.1192,0.384,0.7837,0.6829,0.4171,-0.0686,B,0.2239,0.118-0.322,0.493,0.295,0.098
2111,254096,-14.48,19,68.4,0.7361,0.1936,0.8184,0.1955,0.4817,0.1235,0.5632,0.4243,-0.1445,B,0.2055,0.118-0.322,0.493,0.295,0.098
2112,254117,0.42,21,90.5,0.5774,0.2008,0.7646,0.2025,0.5828,0.7539,0.7044,0.3996,-0.1243,B,0.2455,0.118-0.322,0.493,0.295,0.098
2113,254135,-11.37,18,72.2,0.4911,0.2269,0.8264,0.2757,0.358,1.0352,0.6323,0.3841,-0.2664,B,0.1791,0.118-0.322,0.493,0.295,0.098
2114,254150,-5.98,15,93.3,0.4567,0.2401,0.7921,0.2837,0.4403,1.4255,0.7829,0.4615,-0.2525,B,0.1698,0.118-0.322,0.493,0.295,0.098
2115,254203,-41.97,53,94.3,0.5168,0.2115,0.561,0.524,0.8029,0.9287,0.8629,0.4452,-0.5462,B,0.1935,0.118-0.322,0.494,0.295,0.098
2116,254218,-5.86,15,100.0,0.6028,0.216,0.7895,0.1671,0.4432,0.8411,0.8408,0.4399,-0.0918,B,0.2209,0.118-0.322,0.494,0.295,0.098
2117,254232,-8.06,14,85.7,0.7177,0.1594,0.8672,0.1523,0.3833,0.2702,0.6371,0.4163,-0.1016,B,0.2407,0.118-0.322,0.494,0.295,0.098
2118,254246,-9.98,14,92.9,0.555,0.2329,0.9041,0.112,0.3716,1.1209,0.7867,0.4306,-0.0625,B,0.2393,0.118-0.322,0.494,0.295,0.098
2119,254261,-3.88,15,80.0,0.5534,0.2251,0.8942,0.0977,0.3382,0.8932,0.6836,0.4686,-0.0337,B,0.2331,0.118-0.322,0.494,0.295,0.098
2120,254278,-4.08,17,94.1,0.5817,0.2171,0.7854,0.2234,0.4486,0.877,0.7797,0.3978,-0.1492,B,0.2335,0.118-0.322,0.494,0.295,0.098
2121,254291,-15.71,13,100.0,0.5753,0.2396,0.859,0.1743,0.4464,0.8246,0.8857,0.4643,-0.1198,B,0.2463,0.118-0.322,0.494,0.295,0.098
2122,254352,49.93,61,98.4,0.4311,0.1793,0.5931,0.3395,0.8433,1.3665,0.6798,0.4263,-0.2916,B,0.1601,0.118-0.322,0.494,0.295,0.098
2123,254429,-15.96,77,96.1,0.5705,0.2045,0.484,0.4845,0.8676,0.8168,0.8617,0.4493,-0.4549,B,0.1918,0.118-0.322,0.494,0.295,0.098
2124,254453,4.28,24,95.8,0.562,0.2413,0.6369,0.2899,0.6519,0.7333,0.864,0.4266,-0.1956,B,0.2355,0.118-0.322,0.494,0.295,0.098
2125,254545,50.05,92,97.8,0.3486,0.2653,0.4975,0.538,0.8846,1.9942,0.8491,0.472,-0.5665,B,0.2177,0.118-0.322,0.494,0.295,0.098
2126,254681,73.32,136,97.8,0.4165,0.1838,0.4895,0.5147,0.8828,1.9874,0.8112,0.3194,-0.5195,B,0.1964,0.118-0.322,0.494,0.296,0.099
2127,254694,13.59,13,100.0,0.4808,0.2353,0.8975,0.1197,0.4251,1.6303,0.8369,0.3883,-0.045,B,0.1918,0.118-0.322,0.494,0.296,0.099
2128,254761,41.98,67,98.5,0.3529,0.2604,0.5068,0.5213,0.8754,1.9631,0.8695,0.4585,-0.5311,B,0.2056,0.118-0.322,0.494,0.296,0.099
2129,254774,-2.7,13,92.3,0.5301,0.2218,0.9248,0.1272,0.4256,1.1937,0.7477,0.4153,-0.0994,B,0.1659,0.118-0.322,0.494,0.296,0.099
2130,254944,257.76,170,98.2,0.3014,0.258,0.4062,0.506,0.9262,2.3707,0.9328,0.355,-0.4731,B,0.1769,0.118-0.322,0.494,0.296,0.099
2131,255145,350.7,201,99.5,0.3116,0.2394,0.4321,0.4575,0.932,2.3532,0.8741,0.3512,-0.4058,B,0.2149,0.118-0.322,0.495,0.296,0.099
2132,255160,-1.12,15,93.3,0.5378,0.2408,0.7833,0.21,0.411,1.1693,0.7902,0.4755,-0.141,B,0.2399,0.118-0.322,0.495,0.296,0.099
2133,255174,-1.03,14,100.0,0.5283,0.2522,0.7665,0.1652,0.4494,1.0627,0.9269,0.4567,-0.0606,B,0.1655,0.118-0.322,0.495,0.296,0.099
2134,255209,32.38,35,91.4,0.3736,0.2408,0.6031,0.4259,0.7389,1.9403,0.8392,0.4428,-0.4001,B,0.2345,0.118-0.322,0.495,0.296,0.099
2135,255223,1.12,14,92.9,0.5311,0.2335,0.8416,0.1869,0.3766,1.1609,0.7765,0.4654,-0.1093,B,0.2096,0.118-0.322,0.495,0.296,0.099
2136,255236,-8.56,13,92.3,0.5332,0.2327,0.8284,0.1569,0.4298,1.0435,0.8269,0.4444,-0.1004,B,0.2205,0.118-0.322,0.495,0.296,0.099
2137,255313,130.04,77,98.7,0.2779,0.2179,0.5006,0.4464,0.8792,2.5003,0.796,0.4416,-0.3996,B,0.1639,0.118-0.322,0.495,0.296,0.099
2138,255329,-10.64,16,93.8,0.5848,0.2181,0.8224,0.2265,0.4564,0.7303,0.8222,0.4241,-0.184,B,0.2344,0.118-0.322,0.495,0.296,0.099
2139,255343,4.86,14,85.7,0.5438,0.2241,0.9137,0.0745,0.3233,1.0695,0.7159,0.4741,-0.0289,B,0.1808,0.118-0.322,0.495,0.296,0.099
2140,255358,-16.45,15,80.0,0.7521,0.148,0.8052,0.2438,0.4057,0.2173,0.5573,0.4605,-0.2,B,0.2355,0.118-0.322,0.495,0.296,0.099
2141,255399,59.63,41,95.1,0.3008,0.2302,0.5306,0.3577,0.7442,2.3655,0.8873,0.3001,-0.291,B,0.1607,0.118-0.322,0.495,0.296,0.099
2142,255475,43.68,76,96.1,0.3709,0.2204,0.562,0.5106,0.8531,2.0018,0.8819,0.337,-0.5168,B,0.1805,0.118-0.322,0.495,0.296,0.099
2143,255490,1.8,15,100.0,0.4977,0.2358,0.7235,0.2547,0.4843,1.47,0.8454,0.4421,-0.1853,B,0.1917,0.118-0.322,0.495,0.296,0.099
2144,255704,232.66,214,97.7,0.2931,0.1612,0.4706,0.4877,0.9312,2.3655,0.6951,0.3188,-0.4498,B,0.1658,0.118-0.322,0.495,0.296,0.099
2145,255740,-2.98,36,91.7,0.5566,0.2409,0.598,0.387,0.7462,0.816,0.8472,0.4235,-0.3492,B,0.1637,0.118-0.322,0.495,0.296,0.099
2146,255756,10.23,16,81.2,0.3729,0.2375,0.8061,0.184,0.4349,1.8405,0.6726,0.4704,-0.0964,B,0.1692,0.118-0.322,0.495,0.296,0.099
2147,255848,-5.13,92,96.7,0.5607,0.1811,0.562,0.3966,0.8574,0.7104,0.7456,0.239,-0.3594,B,0.1679,0.118-0.322,0.495,0.297,0.099
2148,255980,281.64,132,98.5,0.2033,0.2344,0.4409,0.4878,0.9081,3.0229,0.9042,0.367,-0.4599,B,0.2402,0.118-0.322,0.496,0.297,0.099
2149,256033,29.83,53,100.0,0.3374,0.2498,0.5522,0.5178,0.821,2.1663,0.9514,0.4605,-0.5651,B,0.165,0.118-0.322,0.496,0.297,0.099
2150,256047,-7.13,14,92.9,0.5823,0.2309,0.8519,0.1539,0.4349,0.8194,0.7776,0.4423,-0.084,B,0.2433,0.118-0.322,0.496,0.297,0.099
2151,256060,12.1,13,100.0,0.4308,0.2625,0.8601,0.0996,0.4534,1.6056,0.8831,0.4421,-0.0241,B,0.233,0.118-0.322,0.496,0.297,0.099
2152,256094,-13.88,34,97.1,0.4979,0.2178,0.6844,0.3966,0.7243,1.1372,0.8225,0.3791,-0.4163,B,0.1977,0.118-0.322,0.496,0.297,0.099
2153,256107,-18.51,13,92.3,0.6777,0.1796,0.8554,0.1862,0.4197,0.3534,0.7465,0.4467,-0.125,B,0.2129,0.118-0.322,0.496,0.297,0.099
2154,256162,66.46,55,94.5,0.4119,0.244,0.524,0.416,0.829,1.7864,0.8159,0.4694,-0.3566,B,0.1639,0.118-0.322,0.496,0.297,0.099
2155,256204,48.77,42,97.6,0.2849,0.1813,0.6064,0.3887,0.8159,2.3983,0.6392,0.3325,-0.3609,B,0.2343,0.118-0.322,0.496,0.297,0.099
2156,256351,-101.64,147,97.3,0.6236,0.1375,0.4698,0.5129,0.883,0.9244,0.622,0.3187,-0.5011,B,0.1733,0.118-0.322,0.496,0.297,0.099
2157,256369,-15.88,18,88.9,0.6196,0.1932,0.7534,0.3109,0.512,0.5306,0.7161,0.4764,-0.2721,B,0.1577,0.118-0.322,0.496,0.297,0.099
2158,256398,-6.14,29,93.1,0.6177,0.2208,0.6363,0.3404,0.6521,0.5432,0.8491,0.4505,-0.2917,B,0.246,0.118-0.322,0.496,0.297,0.099
2159,256413,-10.91,15,93.3,0.4677,0.2462,0.7617,0.2582,0.4613,1.4012,0.7759,0.4393,-0.1808,B,0.2037,0.118-0.322,0.496,0.297,0.099
2160,256607,-1.75,194,97.9,0.4976,0.1544,0.4285,0.5076,0.9106,1.5025,0.6396,0.3189,-0.4887,B,0.2342,0.118-0.322,0.496,0.297,0.099
2161,256621,-0.2,14,85.7,0.5543,0.2328,0.841,0.1581,0.4241,0.8713,0.7437,0.4233,-0.0902,B,0.1577,0.118-0.322,0.496,0.297,0.099
2162,256639,4.6,18,88.9,0.4854,0.2371,0.8145,0.1924,0.5022,1.2185,0.7018,0.4249,-0.1191,B,0.2035,0.118-0.322,0.496,0.297,0.099
2163,256654,13.34,15,86.7,0.4226,0.2254,0.8517,0.1491,0.3867,1.8182,0.6924,0.4363,-0.0887,B,0.2078,0.118-0.322,0.496,0.297,0.099
2164,256668,-22.16,14,92.9,0.6664,0.1858,0.827,0.2388,0.4415,0.3931,0.7638,0.4694,-0.1819,B,0.1576,0.118-0.322,0.496,0.297,0.099
2165,256681,-5.35,13,100.0,0.5675,0.2336,0.812,0.1497,0.4287,0.8585,0.868,0.4094,-0.0775,B,0.2373,0.118-0.322,0.496,0.297,0.099
2166,256696,-11.02,15,80.0,0.5737,0.2232,0.797,0.2479,0.4005,0.5895,0.719,0.4461,-0.1876,B,0.2361,0.118-0.322,0.496,0.297,0.099
2167,256728,24.45,32,93.8,0.4688,0.2135,0.7018,0.2664,0.6917,1.2247,0.7445,0.3406,-0.1665,B,0.1538,0.118-0.322,0.496,0.297,0.099
2168,256752,19.74,24,91.7,0.4949,0.2295,0.6343,0.2412,0.6283,1.5135,0.7316,0.3809,-0.1556,B,0.2053,0.118-0.322,0.496,0.297,0.099
2169,256833,65.87,81,95.1,0.2068,0.1976,0.5237,0.5458,0.8886,2.9527,0.7986,0.2323,-0.6076,B,0.169,0.118-0.322,0.496,0.297,0.099
2170,256848,-6.57,15,80.0,0.6034,0.2096,0.8971,0.0869,0.3019,0.8118,0.6718,0.4685,-0.0226,B,0.1887,0.118-0.322,0.496,0.297,0.099
2171,256866,-7.61,18,94.4,0.5643,0.2441,0.712,0.2386,0.5563,0.8634,0.8217,0.4051,-0.1612,B,0.1652,0.118-0.322,0.497,0.297,0.099
2172,256881,-4.75,15,100.0,0.4958,0.2385,0.7375,0.3171,0.4746,1.3288,0.8813,0.4812,-0.2856,B,0.2335,0.118-0.322,0.497,0.297,0.099
2173,256899,-10.96,18,94.4,0.5098,0.2309,0.7419,0.3586,0.5641,1.1951,0.8408,0.4326,-0.3948,B,0.1679,0.118-0.322,0.497,0.297,0.099
2174,256914,-8.66,15,86.7,0.594,0.226,0.8357,0.1697,0.3466,0.8449,0.7335,0.4548,-0.0838,B,0.244,0.118-0.322,0.497,0.297,0.099
2175,256928,-6.8,14,85.7,0.7666,0.1471,0.8913,0.17,0.4217,0.2247,0.5929,0.432,-0.1112,B,0.2324,0.118-0.322,0.497,0.297,0.099
2176,256954,16.24,26,92.3,0.3626,0.2464,0.7036,0.3211,0.6262,1.9049,0.7227,0.3446,-0.2574,B,0.1496,0.118-0.322,0.497,0.297,0.099
2177,256967,-10.06,13,100.0,0.8403,0.1359,0.8368,0.123,0.4463,0.112,0.6447,0.4783,-0.0719,B,0.2021,0.118-0.322,0.497,0.297,0.099
2178,257289,204.09,322,99.1,0.4721,0.1873,0.4472,0.4669,0.9443,1.3624,0.8291,0.38,-0.4149,B,0.1497,0.118-0.322,0.497,0.298,0.099
2179,257303,2.77,14,100.0,0.5623,0.2446,0.8692,0.1461,0.4321,0.9875,0.8769,0.4653,-0.0899,B,0.2038,0.118-0.322,0.497,0.298,0.099
2180,257317,1.04,14,92.9,0.7062,0.1822,0.9076,0.1,0.3339,0.4017,0.7265,0.4698,-0.0299,B,0.1656,0.118-0.322,0.497,0.298,0.099
2181,257353,-1.98,36,100.0,0.6106,0.224,0.6338,0.3306,0.7074,0.6765,0.9013,0.4282,-0.2795,B,0.1596,0.118-0.322,0.497,0.298,0.099
2182,257369,0.96,16,100.0,0.6316,0.2237,0.7408,0.2419,0.4918,0.5288,0.9201,0.4393,-0.1546,B,0.1955,0.118-0.322,0.497,0.298,0.099
2183,257391,-3.63,22,90.9,0.6151,0.1992,0.7431,0.254,0.5422,0.7013,0.7397,0.4663,-0.1665,B,0.1499,0.118-0.322,0.497,0.298,0.099
2184,257494,50.19,103,97.1,0.6194,0.2017,0.5386,0.4018,0.8539,0.8633,0.8204,0.4513,-0.3391,B,0.1592,0.118-0.322,0.497,0.298,0.099
2185,257553,-7.96,59,91.5,0.2031,0.2614,0.5867,0.6515,0.8011,2.832,0.8362,0.4364,-0.8265,B,0.2345,0.118-0.322,0.497,0.298,0.099
2186,257643,25.75,90,100.0,0.4226,0.2229,0.5242,0.4961,0.877,1.7029,0.8722,0.3035,-0.5004,B,0.1517,0.118-0.322,0.497,0.298,0.099
2187,257698,38.24,55,98.2,0.3878,0.2274,0.5357,0.4502,0.8446,1.8012,0.7956,0.4361,-0.4487,B,0.1533,0.118-0.322,0.497,0.298,0.099
2188,257712,-7.23,14,92.9,0.5817,0.2278,0.8728,0.1238,0.3441,1.0233,0.781,0.4559,-0.0477,B,0.1546,0.118-0.322,0.497,0.298,0.099
2189,257725,-2.44,13,100.0,0.5725,0.2199,0.9118,0.1071,0.3939,0.9222,0.8496,0.3937,-0.047,B,0.1716,0.118-0.322,0.497,0.298,0.099
2190,257741,6.15,16,93.8,0.4865,0.2331,0.7662,0.257,0.4651,1.5065,0.7843,0.3979,-0.1822,B,0.1904,0.118-0.322,0.497,0.298,0.099
2191,257916,219.8,175,98.9,0.3683,0.2174,0.4848,0.4326,0.9158,1.8203,0.7301,0.4092,-0.3681,B,0.1585,0.118-0.322,0.498,0.298,0.099
2192,258243,161.29,327,99.7,0.4794,0.2399,0.4686,0.5061,0.9436,1.4071,0.8455,0.3967,-0.4868,B,0.1985,0.118-0.322,0.498,0.299,0.1
2193,258272,19.64,29,96.6,0.3498,0.2523,0.6541,0.4079,0.6808,2.1065,0.9088,0.4369,-0.3751,B,0.2455,0.118-0.322,0.498,0.299,0.1
2194,258296,11.35,24,87.5,0.5277,0.2084,0.6732,0.2812,0.6436,1.0229,0.6963,0.3621,-0.2057,B,0.2461,0.118-0.322,0.498,0.299,0.1
2195,258362,-27.36,66,100.0,0.4422,0.1755,0.5049,0.5152,0.8701,1.3396,0.6353,0.4029,-0.5223,B,0.2208,0.118-0.322,0.498,0.299,0.1
2196,258386,2.61,24,79.2,0.5493,0.2364,0.7425,0.2485,0.5228,0.7756,0.5778,0.3982,-0.1572,B,0.1953,0.118-0.322,0.498,0.299,0.1
2197,258504,251.34,118,99.2,0.2082,0.1953,0.4186,0.496,0.9167,3.0669,0.7924,0.4388,-0.468,B,0.212,0.118-0.322,0.498,0.299,0.1
2198,258546,34.01,42,92.9,0.4059,0.2641,0.6192,0.3748,0.7504,1.6314,0.7525,0.429,-0.3028,B,0.239,0.118-0.322,0.498,0.299,0.1
2199,258637,73.48,91,95.6,0.3077,0.1883,0.5141,0.4738,0.8557,2.2366,0.7745,0.2254,-0.4475,B,0.1941,0.118-0.322,0.498,0.299,0.1
2200,258650,-20.57,13,92.3,0.5411,0.2289,0.8457,0.2199,0.4045,0.9927,0.801,0.4644,-0.1921,B,0.1764,0.118-0.322,0.498,0.299,0.1
2201,258692,16.61,42,95.2,0.3966,0.2158,0.5931,0.4593,0.7789,1.6869,0.7582,0.3822,-0.449,B,0.2435,0.118-0.322,0.499,0.299,0.1
2202,258707,2.48,15,86.7,0.434,0.2446,0.8005,0.1974,0.4232,1.5238,0.7185,0.4069,-0.1117,B,0.1571,0.118-0.322,0.499,0.299,0.1
2203,258721,3.84,14,78.6,0.5749,0.2154,0.9353,0.059,0.3044,0.7948,0.6615,0.4381,-0.0098,B,0.155,0.118-0.322,0.499,0.299,0.1
2204,258735,0.42,14,78.6,0.65,0.2039,0.9017,0.1294,0.28,0.5404,0.6317,0.4781,-0.0441,B,0.1911,0.118-0.322,0.499,0.299,0.1
2205,258794,-3.74,59,93.2,0.2841,0.2522,0.5631,0.6272,0.8359,2.4926,0.8749,0.4307,-0.7491,B,0.1635,0.118-0.322,0.499,0.299,0.1
2206,258808,-8.47,14,85.7,0.7891,0.1624,0.8198,0.1734,0.457,0.2956,0.6294,0.4466,-0.1063,B,0.2122,0.118-0.322,0.499,0.299,0.1
2207,258821,-10.61,13,100.0,0.7794,0.1363,0.8837,0.1731,0.412,0.1797,0.6418,0.4528,-0.1474,B,0.1874,0.118-0.322,0.499,0.299,0.1
2208,258847,-6.11,26,92.3,0.5731,0.2015,0.7045,0.316,0.6146,0.7529,0.7813,0.3637,-0.2556,B,0.1584,0.118-0.322,0.499,0.299,0.1
2209,258899,5.21,52,90.4,0.4754,0.2282,0.5775,0.4316,0.7711,1.087,0.8446,0.4205,-0.4055,B,0.231,0.118-0.322,0.499,0.299,0.1
2210,259025,-12.17,126,100.0,0.6173,0.2079,0.5172,0.4724,0.8874,0.8606,0.8486,0.2893,-0.4485,B,0.1753,0.118-0.322,0.499,0.299,0.1
2211,259056,15.41,31,96.8,0.4821,0.2424,0.6126,0.4032,0.7354,1.256,0.903,0.4653,-0.3416,B,0.2321,0.118-0.322,0.499,0.299,0.1
2212,259117,33.81,61,96.7,0.4455,0.2683,0.5261,0.4557,0.8257,1.3885,0.8095,0.4823,-0.4153,B,0.2324,0.118-0.322,0.499,0.299,0.1
2213,259177,39.5,60,96.7,0.3563,0.2503,0.5625,0.4736,0.7726,2.0577,0.808,0.422,-0.4563,B,0.166,0.118-0.322,0.499,0.299,0.1
2214,259191,3.34,14,78.6,0.5873,0.2186,0.9099,0.0676,0.3051,0.7276,0.6463,0.426,-0.0187,B,0.2396,0.118-0.322,0.499,0.299,0.1
2215,259206,8.38,15,93.3,0.4405,0.2373,0.8136,0.2536,0.4786,1.6965,0.7947,0.4465,-0.2104,B,0.1826,0.118-0.322,0.499,0.299,0.1
2216,259729,504.8,523,100.0,0.3413,0.1955,0.3817,0.5348,0.9773,2.0358,0.7985,0.3918,-0.5199,B,0.1597,0.118-0.322,0.5,0.3,0.1
2217,259772,40.38,43,95.3,0.42,0.2421,0.4962,0.3821,0.7856,1.5267,0.727,0.4123,-0.2968,B,0.1569,0.118-0.322,0.5,0.3,0.1
2218,259792,-11.35,20,90.0,0.4383,0.2455,0.7418,0.409,0.5361,1.5653,0.7228,0.4351,-0.4119,B,0.2479,0.118-0.322,0.5,0.3,0.1
2219,259924,218.88,132,99.2,0.3546,0.2497,0.3846,0.4608,0.9213,2.0884,0.9656,0.425,-0.4074,B,0.1833,0.118-0.322,0.5,0.3,0.1
2220,259990,86.92,66,95.5,0.2625,0.2079,0.4766,0.4485,0.8488,2.4909,0.7057,0.3814,-0.403,B,0.1807,0.118-0.322,0.5,0.3,0.1
2221,260005,2.48,15,80.0,0.6024,0.2157,0.8489,0.1598,0.3448,0.7287,0.6427,0.4513,-0.0737,C,0.1587,0.322-0.622,0.5,0.3,0.1
2222,260042,27.79,37,94.6,0.3716,0.2324,0.5718,0.46,0.7322,2.0614,0.8741,0.4051,-0.4298,C,0.2487,0.322-0.622,0.5,0.3,0.1
2223,260144,-20.75,102,98.0,0.6565,0.183,0.4992,0.4383,0.8812,0.5591,0.7933,0.273,-0.3915,C,0.1662,0.322-0.622,0.5,0.3,0.1
2224,260159,-6.78,15,93.3,0.6734,0.1935,0.8281,0.1223,0.3726,0.5331,0.7732,0.4358,-0.0408,C,0.1547,0.322-0.622,0.5,0.3,0.1
2225,260180,12.92,21,100.0,0.5414,0.245,0.7438,0.2234,0.6359,1.0472,0.9461,0.4578,-0.1439,C,0.17,0.322-0.622,0.5,0.3,0.1
2226,260194,-27.93,14,0.0,0.0,0.0,0.9409,0.0592,0.2693,0.0,0.0,0.46,-0.0091,C,0.2345,0.322-0.622,0.5,0.3,0.1
2227,260209,-2.83,15,86.7,0.8008,0.1423,0.8817,0.108,0.2872,0.3185,0.5606,0.4259,-0.0327,C,0.2062,0.322-0.622,0.5,0.3,0.1
2228,260222,-20.4,13,100.0,0.901,0.0807,0.8858,0.1267,0.4057,0.0645,0.3906,0.4176,-0.0959,C,0.1976,0.322-0.622,0.5,0.3,0.1
2229,260235,-4.67,13,100.0,0.5201,0.2249,0.8371,0.2328,0.4268,1.2165,0.9431,0.4407,-0.2028,C,0.1839,0.322-0.622,0.5,0.3,0.1
2230,260249,-14.46,14,100.0,0.5061,0.22,0.8539,0.197,0.3919,1.2712,0.9048,0.4211,-0.2175,C,0.1617,0.322-0.622,0.501,0.301,0.1
2231,260262,-11.78,13,100.0,0.9266,0.093,0.905,0.0963,0.4397,0.0437,0.4379,0.4344,-0.0476,C,0.2246,0.322-0.622,0.501,0.301,0.1
2232,260282,-11.1,20,95.0,0.6234,0.1853,0.7555,0.2902,0.568,0.4839,0.7776,0.4407,-0.2357,C,0.2295,0.322-0.622,0.501,0.301,0.1
2233,260295,-30.31,13,100.0,0.6592,0.1868,0.8491,0.3118,0.4028,0.4315,0.8224,0.4555,-0.3744,C,0.1568,0.322-0.622,0.501,0.301,0.1
2234,260308,-17.74,13,100.0,0.5272,0.22,0.8518,0.2517,0.4258,1.0875,0.9477,0.4484,-0.2639,C,0.2307,0.322-0.622,0.501,0.301,0.1
2235,260322,-14.01,14,100.0,0.6599,0.1842,0.8164,0.1969,0.4299,0.6976,0.7792,0.4243,-0.1479,C,0.2485,0.322-0.622,0.501,0.301,0.1
2236,260336,-6.36,14,78.6,0.7895,0.1341,0.8365,0.1664,0.3398,0.0786,0.4919,0.4521,-0.0748,C,0.1886,0.322-0.622,0.501,0.301,0.1
2237,260350,-18.58,14,85.7,0.6895,0.163,0.8126,0.2454,0.3944,0.2799,0.6386,0.4613,-0.221,C,0.1829,0.322-0.622,0.501,0.301,0.1
2238,260363,-19.08,13,92.3,0.7809,0.1265,0.8907,0.1097,0.4184,0.1386,0.5427,0.425,-0.0497,C,0.178,0.322-0.622,0.501,0.301,0.1
2239,260579,70.37,216,99.5,0.4865,0.1663,0.4159,0.4999,0.9384,1.3339,0.6876,0.3993,-0.4726,C,0.2096,0.322-0.622,0.501,0.301,0.1
2240,260592,1.71,13,100.0,0.5703,0.2165,0.8536,0.1206,0.4403,0.9572,0.9221,0.4512,-0.0513,C,0.1935,0.322-0.622,0.501,0.301,0.1
2241,260606,-15.68,14,85.7,0.8286,0.1062,0.9411,0.0527,0.3014,0.1048,0.4289,0.4258,-0.0074,C,0.2402,0.322-0.622,0.501,0.301,0.1
2242,260619,-17.04,13,100.0,0.8582,0.1128,0.8432,0.1768,0.4369,0.1253,0.534,0.438,-0.1093,C,0.2131,0.322-0.622,0.501,0.301,0.1
2243,260633,-14.79,14,78.6,0.8015,0.1214,0.9692,0.0267,0.2892,0.1112,0.4389,0.4815,-0.0018,C,0.1567,0.322-0.622,0.501,0.301,0.1
2244,260647,-17.31,14,0.0,0.0,0.0,0.93,0.0773,0.2987,0.0,0.0,0.438,-0.0216,C,0.2197,0.322-0.622,0.501,0.301,0.1
2245,260663,-17.66,16,62.5,0.9184,0.0827,0.7025,0.1943,0.4611,0.02,0.2539,0.4752,-0.0962,C,0.2064,0.322-0.622,0.501,0.301,0.1
2246,260676,-10.95,13,100.0,0.7603,0.1414,0.8924,0.1589,0.3889,0.209,0.6537,0.4321,-0.1469,C,0.2143,0.322-0.622,0.501,0.301,0.1
2247,260690,-14.51,14,100.0,0.7978,0.134,0.8108,0.1782,0.3782,0.1899,0.6052,0.4745,-0.1082,C,0.1908,0.322-0.622,0.501,0.301,0.1
2248,260704,-0.48,14,100.0,0.4811,0.243,0.8832,0.1912,0.472,1.381,0.8869,0.4523,-0.1779,C,0.1757,0.322-0.622,0.502,0.301,0.1
2249,260717,-6.85,13,100.0,0.7183,0.1925,0.87,0.1711,0.4301,0.3348,0.8455,0.4584,-0.1115,C,0.1889,0.322-0.622,0.502,0.302,0.1
2250,260733,-22.7,16,93.8,0.7987,0.1388,0.8131,0.2365,0.4121,0.3306,0.5814,0.4497,-0.2142,C,0.1879,0.322-0.622,0.502,0.302,0.1
2251,260747,-17.29,14,100.0,0.7513,0.1544,0.7805,0.2552,0.4146,0.2915,0.7021,0.4624,-0.1702,C,0.1619,0.322-0.622,0.502,0.302,0.1
2252,260761,-1.7,14,78.6,0.6472,0.1873,0.9294,0.0662,0.2754,0.3913,0.6413,0.4008,-0.0139,C,0.2191,0.322-0.622,0.502,0.302,0.1
2253,260775,-24.87,14,100.0,0.5717,0.2033,0.7898,0.304,0.445,1.0642,0.8572,0.4611,-0.3123,C,0.1992,0.322-0.622,0.502,0.302,0.1
2254,261024,282.33,249,99.6,0.3709,0.2465,0.4108,0.4998,0.9471,1.9073,0.9288,0.3803,-0.4714,C,0.2252,0.322-0.622,0.502,0.302,0.1
2255,261038,-14.25,14,100.0,0.8419,0.1449,0.8589,0.2011,0.4543,0.1184,0.676,0.468,-0.1822,C,0.1525,0.322-0.622,0.502,0.302,0.1
2256,261051,-13.13,13,84.6,0.8652,0.0835,0.8795,0.1539,0.3786,0.0484,0.3389,0.4134,-0.0991,C,0.1551,0.322-0.622,0.502,0.302,0.1
2257,261064,3.52,13,100.0,0.5361,0.2264,0.8933,0.0958,0.4037,1.1627,0.9196,0.4087,-0.0312,C,0.2295,0.322-0.622,0.502,0.302,0.1
2258,261084,-29.05,20,50.0,0.9848,0.0127,0.7441,0.2396,0.5352,0.006,0.0709,0.4759,-0.1786,C,0.2284,0.322-0.622,0.502,0.302,0.1
2259,261098,0.71,14,100.0,0.5243,0.2317,0.7819,0.1716,0.4183,1.1441,0.9326,0.4363,-0.0785,C,0.1907,0.322-0.622,0.502,0.302,0.1
2260,261114,-4.01,16,93.8,0.7043,0.1825,0.8012,0.1965,0.4059,0.5329,0.7247,0.4388,-0.113,C,0.1697,0.322-0.622,0.502,0.302,0.1
2261,261128,-20.87,14,92.9,0.9012,0.0854,0.85,0.2067,0.3768,0.0748,0.3842,0.4355,-0.1708,C,0.2173,0.322-0.622,0.502,0.302,0.1
2262,261144,-5.38,16,68.8,0.746,0.199,0.8635,0.1218,0.3238,0.1543,0.5751,0.4242,-0.0634,C,0.218,0.322-0.622,0.502,0.302,0.1
2263,261159,-18.84,15,80.0,0.6768,0.1913,0.7756,0.236,0.4488,0.3599,0.6728,0.4086,-0.1784,C,0.183,0.322-0.622,0.502,0.302,0.1
2264,261175,-10.86,16,100.0,0.6835,0.1689,0.7957,0.2201,0.4755,0.7411,0.7237,0.387,-0.1285,C,0.2394,0.322-0.622,0.503,0.303,0.1
2265,261188,-24.95,13,100.0,0.696,0.1834,0.9053,0.1713,0.4063,0.3781,0.821,0.4535,-0.1915,C,0.2047,0.322-0.622,0.503,0.303,0.1
2266,261201,-2.55,13,100.0,0.6169,0.2031,0.8555,0.1274,0.4327,0.9019,0.863,0.4546,-0.0624,C,0.2221,0.322-0.622,0.503,0.303,0.1
2267,261214,1.46,13,100.0,0.5981,0.2207,0.864,0.1152,0.3976,0.7273,0.9325,0.4493,-0.0512,C,0.1861,0.322-0.622,0.503,0.303,0.1
2268,261562,269.9,348,99.1,0.3504,0.1817,0.4388,0.5289,0.9503,1.9783,0.7622,0.4118,-0.5289,C,0.2215,0.322-0.622,0.503,0.303,0.101
2269,261578,-13.56,16,100.0,0.7641,0.1432,0.7458,0.2517,0.4482,0.2888,0.6436,0.4127,-0.1778,C,0.2361,0.322-0.622,0.503,0.303,0.101
2270,261592,-8.32,14,100.0,0.5549,0.2319,0.8737,0.1576,0.4637,1.0128,0.9383,0.4605,-0.1173,C,0.1984,0.322-0.622,0.503,0.303,0.101
2271,261606,-14.21,14,100.0,0.5964,0.1895,0.8563,0.2448,0.4588,0.8191,0.8237,0.4566,-0.2415,C,0.1869,0.322-0.622,0.503,0.303,0.101
2272,261620,-20.13,14,100.0,0.8619,0.1044,0.8444,0.2076,0.4135,0.0974,0.4927,0.4382,-0.1542,C,0.1907,0.322-0.622,0.503,0.303,0.101
2273,261638,1.0,18,88.9,0.6552,0.1669,0.7623,0.1978,0.4735,0.6396,0.6165,0.4663,-0.1028,C,0.2208,0.322-0.622,0.504,0.304,0.101
2274,261683,58.15,45,93.3,0.3716,0.2325,0.5503,0.338,0.7041,1.9224,0.8745,0.3564,-0.2511,C,0.2187,0.322-0.622,0.504,0.304,0.101
2275,261700,-8.99,17,94.1,0.7679,0.144,0.7844,0.2673,0.5257,0.1761,0.6371,0.391,-0.2023,C,0.199,0.322-0.622,0.504,0.304,0.101
2276,261716,-12.87,16,68.8,0.8345,0.1162,0.8404,0.1408,0.3636,0.1336,0.3697,0.4852,-0.0643,C,0.2188,0.322-0.622,0.504,0.304,0.101
2277,261729,-7.31,13,100.0,0.6427,0.2326,0.8739,0.1478,0.4315,0.5097,0.9301,0.4485,-0.1157,C,0.2431,0.322-0.622,0.504,0.304,0.101
2278,261751,-42.1,22,0.0,0.0,0.0,0.7324,0.258,0.5251,0.0,0.0,0.4578,-0.2065,C,0.1959,0.322-0.622,0.504,0.304,0.101
2279,261764,-28.89,13,76.9,0.9656,0.0564,0.8536,0.1905,0.4015,0.0166,0.214,0.4627,-0.1268,C,0.2098,0.322-0.622,0.504,0.304,0.101
2280,261778,-10.34,14,100.0,0.6092,0.2228,0.8415,0.2009,0.4237,0.7456,0.8613,0.4622,-0.1593,C,0.1928,0.322-0.622,0.504,0.304,0.101
2281,261792,-9.76,14,100.0,0.7698,0.1581,0.8385,0.2037,0.4419,0.2211,0.7367,0.4328,-0.1598,C,0.2102,0.322-0.622,0.504,0.304,0.101
2282,261819,-42.64,27,74.1,0.7808,0.1195,0.6894,0.3627,0.5756,0.1527,0.4173,0.4487,-0.3233,C,0.247,0.322-0.622,0.504,0.304,0.101
2283,261833,-20.08,14,85.7,0.915,0.0945,0.8376,0.2338,0.4014,0.05,0.3818,0.4712,-0.1974,C,0.218,0.322-0.622,0.504,0.304,0.101
2284,261848,-7.02,15,93.3,0.6394,0.2104,0.7737,0.25,0.5013,0.4693,0.8428,0.4508,-0.2096,C,0.2455,0.322-0.622,0.504,0.304,0.101
2285,261861,-6.63,13,100.0,0.6208,0.2013,0.8328,0.1953,0.4691,0.7658,0.86,0.4448,-0.1391,C,0.183,0.322-0.622,0.504,0.304,0.101
2286,261874,-0.41,13,100.0,0.6175,0.2063,0.9111,0.1195,0.4008,0.6348,0.8867,0.4586,-0.0956,C,0.1531,0.322-0.622,0.504,0.304,0.101
2287,261889,-9.47,15,100.0,0.7562,0.1674,0.8419,0.2037,0.4615,0.2927,0.7592,0.4612,-0.1687,C,0.1908,0.322-0.622,0.504,0.304,0.101
2288,261903,-3.44,14,78.6,0.7878,0.1268,0.9334,0.0713,0.3119,0.2877,0.4553,0.491,-0.0132,C,0.2141,0.322-0.622,0.504,0.304,0.101
2289,261924,-33.23,21,71.4,0.8842,0.0742,0.6813,0.3049,0.5014,0.0323,0.262,0.47,-0.2896,C,0.2182,0.322-0.622,0.504,0.304,0.101
2290,262081,258.25,157,99.4,0.2861,0.1876,0.4076,0.5079,0.9291,2.6095,0.7956,0.4116,-0.4842,C,0.2154,0.322-0.622,0.504,0.304,0.101
2291,262095,-3.92,14,100.0,0.5714,0.2222,0.8478,0.1339,0.4164,0.9602,0.9045,0.405,-0.0616,C,0.1632,0.322-0.622,0.504,0.304,0.101
2292,262179,135.97,84,95.2,0.3275,0.1506,0.5827,0.361,0.8589,2.0388,0.5872,0.4166,-0.2727,C,0.1614,0.322-0.622,0.505,0.305,0.101
2293,262193,-9.65,14,100.0,0.7091,0.1989,0.7985,0.1944,0.4277,0.3515,0.8642,0.4627,-0.1207,C,0.2484,0.322-0.622,0.505,0.305,0.101
2294,262207,-11.06,14,92.9,0.7314,0.1653,0.8642,0.1211,0.3458,0.3155,0.6914,0.4333,-0.0385,C,0.2165,0.322-0.622,0.505,0.305,0.101
2295,262220,-3.18,13,100.0,0.642,0.2345,0.8689,0.1147,0.4534,0.5015,0.9505,0.438,-0.0494,C,0.2452,0.322-0.622,0.505,0.305,0.101
2296,262234,-20.6,14,85.7,0.7799,0.1184,0.8073,0.1791,0.3741,0.1214,0.4746,0.4221,-0.1109,C,0.239,0.322-0.622,0.505,0.305,0.101
2297,262248,-3.79,14,85.7,0.7885,0.1423,0.9332,0.0726,0.3174,0.1717,0.5469,0.4478,-0.0264,C,0.1583,0.322-0.622,0.505,0.305,0.101
2298,262269,-15.65,21,76.2,0.7056,0.2025,0.719,0.2454,0.5454,0.2437,0.6353,0.3798,-0.1552,C,0.2186,0.322-0.622,0.505,0.305,0.101
2299,262285,-4.95,16,93.8,0.8927,0.1152,0.817,0.171,0.345,0.534,0.5103,0.4704,-0.0686,C,0.1603,0.322-0.622,0.505,0.305,0.101
2300,262299,-2.37,14,92.9,0.7259,0.1659,0.8987,0.1015,0.3353,0.4814,0.6797,0.4158,-0.0534,C,0.2382,0.322-0.622,0.505,0.305,0.101
2301,262313,-6.73,14,100.0,0.8759,0.1178,0.8423,0.1577,0.3855,0.1031,0.5534,0.407,-0.0968,C,0.1863,0.322-0.622,0.505,0.305,0.101
2302,262326,-14.95,13,100.0,0.6761,0.1664,0.88,0.1625,0.421,0.8852,0.7184,0.4478,-0.1437,C,0.1971,0.322-0.622,0.505,0.305,0.101
2303,262340,7.41,14,100.0,0.4955,0.2287,0.8228,0.1609,0.4237,1.3746,0.8893,0.4219,-0.0837,C,0.249,0.322-0.622,0.505,0.305,0.101
2304,262353,-9.61,13,84.6,0.8206,0.1028,0.902,0.1152,0.3484,0.0669,0.4141,0.4367,-0.0531,C,0.2045,0.322-0.622,0.505,0.305,0.101
2305,262367,-9.54,14,100.0,0.5718,0.1994,0.8308,0.2453,0.4365,1.0377,0.8321,0.454,-0.2054,C,0.2152,0.322-0.622,0.505,0.305,0.101
2306,262380,2.95,13,100.0,0.662,0.2028,0.8899,0.0889,0.4313,0.4393,0.9073,0.4386,-0.0209,C,0.2494,0.322-0.622,0.505,0.305,0.101
2307,262398,-17.45,18,94.4,0.76,0.1839,0.7134,0.3381,0.5295,0.2323,0.7766,0.4409,-0.2814,C,0.1843,0.322-0.622,0.505,0.305,0.101
2308,262412,-8.81,14,85.7,0.5734,0.2134,0.9193,0.0635,0.3004,0.9082,0.7575,0.4192,-0.0145,C,0.25,0.322-0.622,0.505,0.305,0.101
2309,262425,-5.76,13,100.0,0.5204,0.2377,0.8416,0.152,0.395,1.2555,0.9429,0.4387,-0.0886,C,0.2133,0.322-0.622,0.505,0.305,0.101
2310,262598,103.54,173,97.1,0.4748,0.1817,0.4568,0.4438,0.9134,1.1635,0.7928,0.4069,-0.3956,C,0.2441,0.322-0.622,0.506,0.306,0.101
2311,262613,-24.64,15,80.0,0.8518,0.0967,0.8105,0.2535,0.3796,0.0711,0.3666,0.4107,-0.2109,C,0.2237,0.322-0.622,0.506,0.306,0.101
2312,262670,-80.25,57,89.5,0.783,0.1425,0.5893,0.4727,0.797,0.1287,0.6,0.4101,-0.4957,C,0.1644,0.322-0.622,0.506,0.306,0.101
2313,262683,-13.25,13,100.0,0.7811,0.1587,0.921,0.1122,0.3753,0.1992,0.7214,0.4248,-0.0923,C,0.1571,0.322-0.622,0.506,0.306,0.101
2314,262697,8.9,14,100.0,0.4673,0.227,0.7897,0.1771,0.4416,1.5761,0.8636,0.4457,-0.0838,C,0.1663,0.322-0.622,0.506,0.306,0.101
2315,262711,-10.59,14,100.0,0.8687,0.1103,0.8234,0.1374,0.4085,0.0866,0.5163,0.4175,-0.059,C,0.1741,0.322-0.622,0.506,0.306,0.101
2316,262724,-11.58,13,100.0,0.62,0.2304,0.8732,0.1492,0.438,0.61,0.9466,0.4687,-0.0937,C,0.2466,0.322-0.622,0.506,0.306,0.101
2317,262739,-12.86,15,86.7,0.9083,0.0953,0.7869,0.1793,0.4501,0.0469,0.3863,0.4341,-0.1095,C,0.2361,0.322-0.622,0.506,0.306,0.101
2318,262752,-8.38,13,100.0,0.7596,0.1502,0.8968,0.1595,0.415,0.2431,0.7108,0.4082,-0.1304,C,0.2298,0.322-0.622,0.506,0.306,0.101
2319,262766,-11.43,14,100.0,0.6063,0.2056,0.8025,0.187,0.3583,0.9525,0.8754,0.4535,-0.1173,C,0.2445,0.322-0.622,0.506,0.306,0.101
2320,262780,-2.53,14,85.7,0.7717,0.1396,0.9081,0.0896,0.3121,0.1709,0.5368,0.4309,-0.021,C,0.1986,0.322-0.622,0.506,0.306,0.101
2321,262794,-7.03,14,92.9,0.6923,0.186,0.8865,0.1044,0.3917,0.2915,0.7671,0.3926,-0.0395,C,0.2176,0.322-0.622,0.506,0.306,0.101
2322,262807,-6.73,13,92.3,0.6459,0.1907,0.9584,0.0797,0.3316,0.6144,0.7621,0.4628,-0.0796,C,0.1541,0.322-0.622,0.506,0.306,0.101
2323,262822,-37.16,15,0.0,0.0,0.0,0.8115,0.2512,0.4917,0.0,0.0,0.3834,-0.2417,C,0.1963,0.322-0.622,0.506,0.306,0.101
2324,262917,147.73,95,96.8,0.3901,0.2642,0.5315,0.3988,0.8895,1.8318,0.7953,0.4715,-0.3408,C,0.2007,0.322-0.622,0.506,0.306,0.101
2325,262931,-22.94,14,50.0,0.9257,0.018,0.841,0.1368,0.3569,0.0122,0.0773,0.4472,-0.0649,C,0.1916,0.322-0.622,0.506,0.306,0.101
2326,262945,-13.47,14,100.0,0.6494,0.2015,0.8113,0.2368,0.463,0.7465,0.8342,0.4713,-0.2047,C,0.1738,0.322-0.622,0.506,0.306,0.101
2327,262958,-11.84,13,92.3,0.9578,0.064,0.8512,0.185,0.4561,0.0253,0.2815,0.4605,-0.1231,C,0.1543,0.322-0.622,0.506,0.306,0.101
2328,262972,-7.68,14,100.0,0.5254,0.2378,0.8258,0.197,0.4101,1.1972,0.9177,0.4368,-0.1264,C,0.2196,0.322-0.622,0.506,0.306,0.101
2329,262987,-0.53,15,86.7,0.7615,0.1385,0.9079,0.0828,0.3103,0.2871,0.5364,0.4678,-0.0153,C,0.2466,0.322-0.622,0.506,0.306,0.101
2330,263001,-17.16,14,0.0,0.0,0.0,0.9273,0.0687,0.2884,0.0,0.0,0.4234,-0.0149,C,0.1683,0.322-0.622,0.506,0.306,0.101
2331,263016,-8.57,15,100.0,0.7287,0.1867,0.8225,0.18,0.4695,0.419,0.7868,0.4141,-0.1031,C,0.1518,0.322-0.622,0.506,0.306,0.101
2332,263030,1.16,14,100.0,0.589,0.2167,0.8458,0.1442,0.4169,1.0718,0.8718,0.4347,-0.08,C,0.193,0.322-0.622,0.506,0.306,0.101
2333,263043,1.64,13,100.0,0.4729,0.2362,0.865,0.1649,0.4384,1.4342,0.9604,0.4555,-0.1177,C,0.2267,0.322-0.622,0.507,0.307,0.101
2334,263057,-21.99,14,78.6,0.8292,0.123,0.9314,0.1105,0.332,0.1965,0.4402,0.4918,-0.0828,C,0.192,0.322-0.622,0.507,0.307,0.101
2335,263071,-6.66,14,100.0,0.62,0.2096,0.837,0.1409,0.4602,0.6852,0.9062,0.4209,-0.0562,C,0.1726,0.322-0.622,0.507,0.307,0.101
2336,263085,-14.9,14,100.0,0.5875,0.2134,0.8298,0.2103,0.3815,0.9969,0.8943,0.4333,-0.1798,C,0.2445,0.322-0.622,0.507,0.307,0.101
2337,263101,-15.39,16,81.2,0.8025,0.1493,0.8292,0.2315,0.4912,0.0902,0.5705,0.4013,-0.2298,C,0.1962,0.322-0.622,0.507,0.307,0.101
2338,263114,-6.97,13,100.0,0.8211,0.1085,0.9252,0.0891,0.375,0.123,0.5139,0.4305,-0.0489,C,0.2432,0.322-0.622,0.507,0.307,0.101
2339,263127,-11.23,13,84.6,0.9654,0.0582,0.8725,0.1444,0.4413,0.0278,0.2419,0.4414,-0.0881,C,0.2371,0.322-0.622,0.507,0.307,0.101
2340,263141,-14.55,14,100.0,0.6815,0.1913,0.8664,0.1778,0.357,0.7504,0.8286,0.4182,-0.1226,C,0.1977,0.322-0.622,0.507,0.307,0.101
2341,263157,1.76,16,93.8,0.5211,0.2349,0.7903,0.1753,0.4558,1.0172,0.842,0.4505,-0.1178,C,0.1791,0.322-0.622,0.507,0.307,0.101
2342,263188,-32.65,31,90.3,0.7884,0.1761,0.6183,0.4116,0.7342,0.1067,0.7407,0.4707,-0.4068,C,0.2352,0.322-0.622,0.507,0.307,0.101
2343,263201,3.44,13,100.0,0.5329,0.2196,0.8347,0.141,0.4471,1.1447,0.9342,0.4235,-0.0662,C,0.1627,0.322-0.622,0.507,0.307,0.101
2344,263215,-17.92,14,78.6,0.8029,0.1294,0.9124,0.1068,0.285,0.0851,0.4661,0.4375,-0.0325,C,0.2164,0.322-0.622,0.507,0.307,0.101
2345,263229,-8.03,14,71.4,0.8221,0.1145,0.8969,0.1142,0.313,0.1098,0.3833,0.4465,-0.0416,C,0.2233,0.322-0.622,0.507,0.307,0.101
2346,263244,-0.85,15,86.7,0.691,0.1668,0.9023,0.118,0.2982,0.576,0.6379,0.4256,-0.0308,C,0.1769,0.322-0.622,0.507,0.307,0.101
2347,263258,-7.34,14,100.0,0.5848,0.2112,0.8427,0.1978,0.3831,1.0185,0.8923,0.4164,-0.1455,C,0.162,0.322-0.622,0.507,0.307,0.101
2348,263272,-11.75,14,100.0,0.5045,0.219,0.8035,0.2166,0.4516,1.2639,0.9236,0.4558,-0.1292,C,0.1856,0.322-0.622,0.507,0.307,0.101
2349,263301,-26.23,29,86.2,0.7858,0.095,0.6205,0.3538,0.6551,0.1397,0.3931,0.4209,-0.2797,C,0.2175,0.322-0.622,0.507,0.307,0.101
2350,263319,-7.04,18,94.4,0.8104,0.1322,0.8676,0.1837,0.4991,0.2086,0.5654,0.4452,-0.1502,C,0.2063,0.322-0.622,0.507,0.307,0.101
2351,263333,-19.94,14,100.0,0.7958,0.1579,0.882,0.1597,0.3494,0.4256,0.6916,0.476,-0.1255,C,0.2059,0.322-0.622,0.507,0.307,0.101
2352,263348,-1.25,15,86.7,0.6523,0.1806,0.884,0.1047,0.3209,0.7138,0.6819,0.4206,-0.0398,C,0.2442,0.322-0.622,0.507,0.307,0.101
2353,263362,1.19,14,85.7,0.5931,0.2165,0.9278,0.1036,0.3152,0.8697,0.7717,0.4566,-0.042,C,0.166,0.322-0.622,0.507,0.307,0.101
2354,263376,-2.55,14,92.9,0.7019,0.1745,0.873,0.1311,0.3162,0.6333,0.7284,0.4273,-0.0603,C,0.1587,0.322-0.622,0.507,0.307,0.101
2355,263390,-4.2,14,92.9,0.5308,0.2361,0.8257,0.202,0.4168,0.9488,0.8577,0.4558,-0.1926,C,0.2442,0.322-0.622,0.507,0.307,0.101
2356,263405,-1.88,15,100.0,0.5266,0.2272,0.8045,0.1711,0.4831,1.1379,0.9223,0.4335,-0.0903,C,0.2482,0.322-0.622,0.507,0.307,0.101
2357,263419,-18.84,14,57.1,1.0148,0.0764,0.9279,0.0663,0.2998,0.0048,0.2026,0.4401,-0.0185,C,0.2381,0.322-0.622,0.507,0.307,0.101
2358,263480,-16.14,61,93.4,0.637,0.1844,0.5016,0.4213,0.827,0.6217,0.7559,0.4537,-0.3727,C,0.1781,0.322-0.622,0.507,0.307,0.101
2359,263494,-11.15,14,100.0,0.64,0.2082,0.8188,0.2614,0.4385,0.6717,0.8704,0.4718,-0.2028,C,0.152,0.322-0.622,0.507,0.307,0.101
2360,263508,-13.66,14,100.0,0.5666,0.2214,0.8094,0.2221,0.4091,1.0664,0.8967,0.4541,-0.1748,C,0.1917,0.322-0.622,0.508,0.308,0.101
2361,263522,-1.85,14,100.0,0.6293,0.2071,0.9063,0.0952,0.3738,0.8725,0.8907,0.4335,-0.0498,C,0.1527,0.322-0.622,0.508,0.308,0.101
2362,263536,-1.53,14,100.0,0.7714,0.1545,0.8631,0.1499,0.363,0.3572,0.6904,0.4775,-0.0708,C,0.1933,0.322-0.622,0.508,0.308,0.101
2363,263550,-10.27,14,100.0,0.7229,0.1634,0.8115,0.188,0.4245,0.5318,0.7235,0.4482,-0.1117,C,0.2178,0.322-0.622,0.508,0.308,0.101
2364,263564,-13.69,14,100.0,0.6159,0.2195,0.8482,0.1873,0.3709,0.8404,0.8919,0.441,-0.1633,C,0.1783,0.322-0.622,0.508,0.308,0.101
2365,263578,-14.9,14,100.0,0.7313,0.174,0.8399,0.1908,0.4441,0.3507,0.7708,0.4537,-0.1138,C,0.1805,0.322-0.622,0.508,0.308,0.101
2366,263591,2.51,13,100.0,0.5316,0.2265,0.8593,0.1493,0.4895,1.0633,0.941,0.4037,-0.0717,C,0.1722,0.322-0.622,0.508,0.308,0.101
2367,263605,-5.67,14,100.0,0.6994,0.2045,0.8994,0.1045,0.4219,0.3219,0.8857,0.4429,-0.043,C,0.1561,0.322-0.622,0.508,0.308,0.101
2368,263619,-29.91,14,35.7,1.2143,0.0129,0.8564,0.159,0.4462,0.0002,0.0509,0.4532,-0.1047,C,0.2412,0.322-0.622,0.508,0.308,0.101
2369,263634,-10.22,15,86.7,0.7456,0.1454,0.8754,0.127,0.31,0.3736,0.5686,0.4762,-0.0425,C,0.1965,0.322-0.622,0.508,0.308,0.101
2370,263648,-16.2,14,92.9,0.6075,0.2191,0.7994,0.3075,0.4164,0.6845,0.8332,0.4703,-0.3041,C,0.1738,0.322-0.622,0.508,0.308,0.101
2371,263775,-54.32,127,98.4,0.5455,0.2038,0.4818,0.5226,0.888,1.1685,0.7703,0.2452,-0.52,C,0.204,0.322-0.622,0.508,0.308,0.101
2372,263789,-17.74,14,100.0,0.9044,0.0898,0.7949,0.2334,0.4163,0.075,0.4233,0.4404,-0.1533,C,0.2145,0.322-0.622,0.508,0.308,0.101
2373,263805,-13.38,16,68.8,0.8952,0.1137,0.8613,0.1503,0.337,0.0282,0.3735,0.421,-0.0962,C,0.1904,0.322-0.622,0.508,0.308,0.101
2374,263819,-12.72,14,100.0,0.732,0.1564,0.7777,0.2278,0.4319,0.8252,0.6828,0.4711,-0.1667,C,0.2158,0.322-0.622,0.508,0.308,0.101
2375,263833,1.82,14,100.0,0.6196,0.2188,0.8577,0.1516,0.3799,1.0022,0.8514,0.4718,-0.0921,C,0.2406,0.322-0.622,0.508,0.308,0.101
2376,263847,-6.76,14,100.0,0.5395,0.2292,0.8379,0.2118,0.4031,1.1024,0.9171,0.445,-0.1966,C,0.1732,0.322-0.622,0.508,0.308,0.101
2377,263861,-7.51,14,100.0,0.6412,0.1968,0.7966,0.1909,0.3837,0.8372,0.8484,0.4307,-0.1241,C,0.1696,0.322-0.622,0.508,0.308,0.101
2378,263875,-4.36,14,78.6,0.8371,0.1064,0.9281,0.0762,0.2909,0.0547,0.3953,0.4402,-0.0192,C,0.1745,0.322-0.622,0.508,0.308,0.101
2379,263888,-7.63,13,100.0,0.7031,0.1789,0.9082,0.1162,0.3974,0.3135,0.7964,0.4149,-0.0679,C,0.164,0.322-0.622,0.508,0.308,0.101
2380,263902,-11.53,14,92.9,0.6196,0.2114,0.8566,0.1656,0.3618,0.671,0.7988,0.4442,-0.1083,C,0.1657,0.322-0.622,0.508,0.308,0.101
2381,263916,2.66,14,85.7,0.6005,0.2129,0.9226,0.0839,0.3204,0.8679,0.7637,0.4343,-0.0164,C,0.165,0.322-0.622,0.508,0.308,0.101
2382,263930,-14.96,14,100.0,0.7899,0.1567,0.8596,0.2475,0.4473,0.1944,0.7367,0.4434,-0.2524,C,0.2036,0.322-0.622,0.508,0.308,0.101
2383,263943,-9.82,13,100.0,0.568,0.2068,0.8578,0.1589,0.4433,1.0261,0.8608,0.446,-0.1011,C,0.1677,0.322-0.622,0.508,0.308,0.101
2384,263957,-13.17,14,100.0,0.7169,0.1736,0.7931,0.1867,0.3645,0.6559,0.7663,0.4428,-0.0992,C,0.236,0.322-0.622,0.508,0.308,0.101
2385,264015,6.17,58,96.6,0.5322,0.1609,0.5408,0.4436,0.804,1.0336,0.7139,0.4434,-0.3925,C,0.2006,0.322-0.622,0.509,0.309,0.101
2386,264030,-14.19,15,80.0,0.8493,0.1017,0.8561,0.1896,0.409,0.0437,0.3802,0.4719,-0.1623,C,0.2369,0.322-0.622,0.509,0.309,0.101
2387,264044,-7.2,14,100.0,0.6033,0.2109,0.8202,0.1936,0.3775,0.9358,0.881,0.464,-0.1409,C,0.1667,0.322-0.622,0.509,0.309,0.101
2388,264058,-1.87,14,100.0,0.9087,0.1071,0.9211,0.0904,0.3178,0.3681,0.5112,0.4575,-0.0331,C,0.2406,0.322-0.622,0.509,0.309,0.101
2389,264074,-21.44,16,0.0,0.0,0.0,0.8157,0.1687,0.3436,0.0,0.0,0.4794,-0.0642,C,0.2396,0.322-0.622,0.509,0.309,0.101
2390,264088,-2.57,14,85.7,0.6658,0.1867,0.9047,0.106,0.2879,0.516,0.6993,0.4099,-0.0507,C,0.1802,0.322-0.622,0.509,0.309,0.101
2391,264103,-2.78,15,86.7,0.6268,0.202,0.8744,0.1507,0.3228,0.7975,0.7608,0.4224,-0.0871,C,0.2206,0.322-0.622,0.509,0.309,0.101
2392,264116,-20.66,13,100.0,0.8064,0.1318,0.9251,0.0997,0.3864,0.1801,0.6091,0.4432,-0.0697,C,0.1673,0.322-0.622,0.509,0.309,0.101
2393,264337,-18.94,221,94.1,0.6592,0.1539,0.4487,0.4268,0.9085,0.5286,0.668,0.2685,-0.3548,C,0.2139,0.322-0.622,0.509,0.309,0.102
2394,264358,2.41,21,95.2,0.5238,0.2287,0.7531,0.2075,0.4811,1.297,0.8328,0.4107,-0.1429,C,0.186,0.322-0.622,0.509,0.309,0.102
2395,264391,-26.76,33,84.8,0.9374,0.0633,0.6202,0.3167,0.6464,0.0201,0.2682,0.4197,-0.2461,C,0.2478,0.322-0.622,0.509,0.309,0.102
2396,264405,-12.65,14,100.0,0.6469,0.1943,0.8155,0.2483,0.3896,0.5696,0.8603,0.4295,-0.2042,C,0.2286,0.322-0.622,0.509,0.309,0.102
2397,264418,-11.23,13,100.0,0.8537,0.1377,0.8512,0.1518,0.4391,0.1074,0.6435,0.4545,-0.0753,C,0.1939,0.322-0.622,0.509,0.309,0.102
2398,264431,-16.94,13,92.3,0.9796,0.0644,0.8084,0.2528,0.4553,0.0275,0.2893,0.4368,-0.1965,C,0.1797,0.322-0.622,0.509,0.309,0.102
2399,264444,0.41,13,100.0,0.6208,0.207,0.8449,0.1287,0.4477,0.6363,0.8948,0.4356,-0.0436,C,0.237,0.322-0.622,0.51,0.31,0.102
2400,264457,-18.47,13,100.0,0.8433,0.104,0.9137,0.1713,0.4097,0.1015,0.4901,0.4173,-0.17,C,0.1557,0.322-0.622,0.51,0.31,0.102
2401,264471,-0.83,14,92.9,0.7979,0.1397,0.9336,0.0558,0.3123,0.1707,0.5845,0.4031,-0.0084,C,0.165,0.322-0.622,0.51,0.31,0.102
2402,264484,-3.02,13,100.0,0.5109,0.248,0.8603,0.1478,0.4345,1.2031,0.9226,0.437,-0.064,C,0.2439,0.322-0.622,0.51,0.31,0.102
2403,264498,-16.08,14,92.9,0.7061,0.167,0.9027,0.122,0.3083,0.5416,0.6788,0.4657,-0.0873,C,0.2244,0.322-0.622,0.51,0.31,0.102
2404,264512,-6.17,14,100.0,0.5214,0.2439,0.7881,0.233,0.486,1.1515,0.9119,0.4387,-0.1676,C,0.1748,0.322-0.622,0.51,0.31,0.102
2405,264526,-10.69,14,92.9,0.6553,0.1925,0.861,0.1027,0.3343,0.7229,0.7898,0.4542,-0.0382,C,0.182,0.322-0.622,0.51,0.31,0.102
2406,264539,-10.84,13,100.0,0.6899,0.179,0.8375,0.1713,0.4413,0.3559,0.8076,0.4623,-0.0927,C,0.1658,0.322-0.622,0.51,0.31,0.102
2407,264553,-10.06,14,100.0,0.763,0.1611,0.8727,0.1385,0.4028,0.217,0.7574,0.3706,-0.0776,C,0.1973,0.322-0.622,0.51,0.31,0.102
2408,264569,-21.92,16,87.5,0.9374,0.0807,0.7992,0.2872,0.4317,0.0386,0.3302,0.4591,-0.2545,C,0.2212,0.322-0.622,0.51,0.31,0.102
2409,264583,-18.28,14,0.0,0.0,0.0,0.9149,0.0793,0.2794,0.0,0.0,0.4004,-0.026,C,0.1671,0.322-0.622,0.51,0.31,0.102
2410,264597,-2.38,14,78.6,0.716,0.1767,0.9057,0.1061,0.3204,0.1818,0.612,0.4418,-0.033,C,0.2287,0.322-0.622,0.51,0.31,0.102
2411,264671,75.97,74,97.3,0.3019,0.2471,0.5031,0.5487,0.8649,2.458,0.9308,0.4251,-0.5631,C,0.2349,0.322-0.622,0.51,0.31,0.102
2412,264765,167.17,94,97.9,0.3718,0.1769,0.569,0.3413,0.8773,1.8989,0.7241,0.4202,-0.2581,C,0.1615,0.322-0.622,0.51,0.31,0.102
2413,264784,-27.62,19,68.4,0.8284,0.1103,0.8016,0.2591,0.4573,0.1059,0.3519,0.4852,-0.2467,C,0.2196,0.322-0.622,0.51,0.31,0.102
2414,264798,-14.06,14,100.0,0.698,0.1716,0.7906,0.235,0.4469,0.7874,0.7162,0.4027,-0.1408,C,0.231,0.322-0.622,0.51,0.31,0.102
2415,264812,-15.27,14,78.6,0.7836,0.133,0.926,0.0837,0.2982,0.0994,0.4834,0.4673,-0.0216,C,0.248,0.322-0.622,0.51,0.31,0.102
2416,264829,-3.46,17,82.4,0.6345,0.1969,0.7604,0.1847,0.5201,0.3855,0.6959,0.4417,-0.0901,C,0.1924,0.322-0.622,0.51,0.31,0.102
2417,264843,-30.31,14,0.0,0.0,0.0,0.9318,0.0789,0.2867,0.0,0.0,0.4484,-0.0175,C,0.2074,0.322-0.622,0.51,0.31,0.102
2418,264856,-20.42,13,100.0,0.8503,0.1214,0.8756,0.2164,0.453,0.0811,0.5674,0.4227,-0.2155,C,0.2052,0.322-0.622,0.51,0.31,0.102
2419,264869,-4.16,13,100.0,0.7623,0.1792,0.8566,0.154,0.4377,0.239,0.7997,0.4534,-0.0856,C,0.1847,0.322-0.622,0.51,0.31,0.102
2420,264884,-13.72,15,100.0,0.6985,0.2055,0.8057,0.2827,0.4882,0.3825,0.8614,0.4441,-0.2725,C,0.2074,0.322-0.622,0.51,0.31,0.102
2421,264897,-2.61,13,100.0,0.7322,0.1527,0.8852,0.1174,0.4095,0.2645,0.7187,0.43,-0.0678,C,0.2213,0.322-0.622,0.51,0.31,0.102
2422,264912,-1.52,15,100.0,0.7118,0.2073,0.7351,0.2314,0.5223,0.3212,0.9005,0.4764,-0.1399,C,0.2321,0.322-0.622,0.511,0.311,0.102
2423,264926,-9.11,14,92.9,0.6585,0.1848,0.8582,0.1567,0.3811,0.6639,0.7355,0.403,-0.1088,C,0.2175,0.322-0.622,0.511,0.311,0.102
2424,264940,-2.38,14,85.7,0.8253,0.1172,0.9315,0.0701,0.3132,0.1477,0.4595,0.4574,-0.0132,C,0.1684,0.322-0.622,0.511,0.311,0.102
2425,264972,24.53,32,90.6,0.3653,0.2413,0.7016,0.3134,0.6229,1.8708,0.7513,0.2944,-0.2657,C,0.1608,0.322-0.622,0.511,0.311,0.102
2426,264990,-19.02,18,55.6,0.9664,0.1054,0.7348,0.2077,0.425,0.0138,0.2789,0.3775,-0.1208,C,0.2119,0.322-0.622,0.511,0.311,0.102
2427,265003,-20.46,13,100.0,0.9058,0.0689,0.8601,0.1506,0.41,0.0501,0.3379,0.4266,-0.0798,C,0.2007,0.322-0.622,0.511,0.311,0.102
2428,265016,-6.15,13,100.0,0.6525,0.2003,0.867,0.1773,0.3912,0.6201,0.8836,0.4322,-0.1246,C,0.2242,0.322-0.622,0.511,0.311,0.102
2429,265029,-3.41,13,100.0,0.5645,0.2041,0.8037,0.1797,0.4462,0.9638,0.899,0.4509,-0.1261,C,0.2432,0.322-0.622,0.511,0.311,0.102
2430,265042,-27.23,13,0.0,0.0,0.0,0.8487,0.1773,0.4,0.0,0.0,0.4288,-0.133,C,0.2398,0.322-0.622,0.511,0.311,0.102
2431,265055,-4.42,13,100.0,0.8298,0.1537,0.8391,0.1686,0.4536,0.1208,0.7208,0.4249,-0.1041,C,0.2269,0.322-0.622,0.511,0.311,0.102
2432,265088,-11.03,33,93.9,0.6656,0.1787,0.638,0.3143,0.6693,0.4483,0.7222,0.4184,-0.2418,C,0.246,0.322-0.622,0.511,0.311,0.102
2433,265101,-30.92,13,100.0,0.7878,0.1449,0.8739,0.2538,0.4294,0.1573,0.6783,0.4625,-0.266,C,0.1657,0.322-0.622,0.511,0.311,0.102
2434,265143,31.89,42,95.2,0.4271,0.2156,0.6712,0.3284,0.7046,1.6393,0.7452,0.3115,-0.2755,C,0.1567,0.322-0.622,0.511,0.311,0.102
2435,265157,-12.08,14,92.9,0.6965,0.1705,0.7892,0.1436,0.3975,0.3084,0.7146,0.4466,-0.06,C,0.2191,0.322-0.622,0.511,0.311,0.102
2436,265175,-2.35,18,83.3,0.4783,0.245,0.7735,0.2363,0.4198,1.1418,0.735,0.3756,-0.1479,C,0.1595,0.322-0.622,0.511,0.311,0.102
2437,265188,-7.13,13,100.0,0.7124,0.178,0.8834,0.1016,0.3819,0.5302,0.7861,0.4357,-0.0318,C,0.2225,0.322-0.622,0.511,0.311,0.102
2438,265316,51.94,128,99.2,0.4366,0.2312,0.4485,0.5303,0.9098,1.524,0.9066,0.3013,-0.499,C,0.2034,0.322-0.622,0.511,0.311,0.102
2439,265329,-6.86,13,100.0,0.6315,0.2146,0.8229,0.2011,0.4418,0.6398,0.9008,0.4335,-0.1268,C,0.1657,0.322-0.622,0.511,0.311,0.102
2440,265346,-5.71,17,94.1,0.7039,0.1815,0.7715,0.2117,0.4061,0.6401,0.7126,0.4148,-0.1414,C,0.1593,0.322-0.622,0.511,0.311,0.102
2441,265359,-10.1,13,92.3,0.9649,0.0693,0.8969,0.1036,0.4449,0.0235,0.3088,0.4336,-0.0768,C,0.2383,0.322-0.622,0.511,0.311,0.102
2442,265373,-22.84,14,64.3,0.8464,0.1042,0.9312,0.1013,0.3069,0.0462,0.3208,0.4673,-0.0497,C,0.1992,0.322-0.622,0.512,0.312,0.102
2443,265387,-5.19,14,100.0,0.5638,0.2183,0.7716,0.2154,0.4441,0.9617,0.9095,0.4443,-0.1462,C,0.2341,0.322-0.622,0.512,0.312,0.102
2444,265401,-3.81,14,78.6,0.7992,0.1374,0.8809,0.1044,0.3215,0.0784,0.4956,0.4509,-0.0332,C,0.1998,0.322-0.622,0.512,0.312,0.102
2445,265450,2.21,49,95.9,0.5552,0.2445,0.5251,0.4109,0.7574,0.7828,0.8353,0.4039,-0.3396,C,0.2262,0.322-0.622,0.512,0.312,0.102
2446,265465,-11.44,15,80.0,0.5765,0.2206,0.8109,0.2559,0.3903,0.6574,0.7133,0.4427,-0.2059,C,0.2304,0.322-0.622,0.512,0.312,0.102
2447,265484,-12.35,19,84.2,0.6662,0.1904,0.7671,0.2692,0.446,0.3674,0.6792,0.4808,-0.2209,C,0.1889,0.322-0.622,0.512,0.312,0.102
2448,265571,34.62,87,95.4,0.4431,0.2452,0.4873,0.4528,0.8276,1.4717,0.8363,0.3207,-0.4257,C,0.212,0.322-0.622,0.512,0.312,0.102
2449,265586,-24.33,15,86.7,0.723,0.1544,0.7786,0.3192,0.4461,0.2551,0.6224,0.4703,-0.2649,C,0.2358,0.322-0.622,0.512,0.312,0.102
2450,265602,3.03,16,87.5,0.5518,0.2276,0.7956,0.1957,0.4486,0.9754,0.7215,0.4408,-0.1217,C,0.1839,0.322-0.622,0.512,0.312,0.102
2451,265616,-5.24,14,100.0,0.5335,0.2101,0.8114,0.1779,0.4405,1.1225,0.8929,0.4059,-0.0851,C,0.1691,0.322-0.622,0.512,0.312,0.102
2452,265630,-11.07,14,92.9,0.7204,0.1705,0.8984,0.0857,0.3277,0.6108,0.6918,0.4563,-0.0182,C,0.219,0.322-0.622,0.512,0.312,0.102
2453,265645,-12.29,15,80.0,0.704,0.1982,0.7944,0.2108,0.4761,0.2417,0.6845,0.4075,-0.1411,C,0.1908,0.322-0.622,0.512,0.312,0.102
2454,265659,-23.73,14,50.0,1.108,0.0377,0.9177,0.093,0.3048,0.0014,0.1072,0.4188,-0.0245,C,0.1952,0.322-0.622,0.512,0.312,0.102
2455,265674,-22.04,15,73.3,1.0792,0.032,0.7717,0.2084,0.4701,0.0037,0.1423,0.4137,-0.0958,C,0.2113,0.322-0.622,0.512,0.312,0.102
2456,265687,-2.31,13,100.0,0.8444,0.1185,0.867,0.1295,0.4309,0.1205,0.5551,0.4337,-0.0548,C,0.2483,0.322-0.622,0.512,0.312,0.102
2457,265702,-12.04,15,100.0,0.5979,0.2116,0.8151,0.2901,0.4205,0.8403,0.8906,0.4603,-0.2771,C,0.2353,0.322-0.622,0.512,0.312,0.102
2458,265716,-4.91,14,100.0,0.5939,0.1823,0.8124,0.2123,0.454,0.9734,0.7706,0.4726,-0.1386,C,0.2152,0.322-0.622,0.512,0.312,0.102
2459,265732,-25.67,16,81.2,0.8055,0.1197,0.7537,0.3124,0.4715,0.1374,0.4638,0.4071,-0.2342,C,0.1679,0.322-0.622,0.512,0.312,0.102
2460,265747,-2.35,15,86.7,0.7027,0.1633,0.866,0.1036,0.3182,0.5496,0.6227,0.4266,-0.0438,C,0.1541,0.322-0.622,0.512,0.312,0.102
2461,265762,-2.05,15,86.7,0.7116,0.1802,0.8839,0.1129,0.3005,0.4657,0.6811,0.4051,-0.0398,C,0.219,0.322-0.622,0.512,0.312,0.102
2462,265780,-27.9,18,66.7,0.9669,0.0869,0.7945,0.2296,0.5211,0.0123,0.2715,0.4152,-0.1626,C,0.1981,0.322-0.622,0.512,0.312,0.102
2463,265794,-16.4,14,64.3,0.7509,0.1331,0.8622,0.1264,0.4074,0.1768,0.3949,0.4401,-0.0653,C,0.2096,0.322-0.622,0.512,0.312,0.102
2464,265809,-0.91,15,93.3,0.6368,0.2098,0.8232,0.1773,0.366,0.8504,0.8141,0.4846,-0.1082,C,0.1826,0.322-0.622,0.512,0.312,0.102
2465,266104,238.64,295,99.0,0.3936,0.1958,0.3958,0.5067,0.9419,1.757,0.7792,0.3741,-0.4758,C,0.1811,0.322-0.622,0.513,0.313,0.102
2466,266117,-26.34,13,84.6,0.9078,0.0719,0.8693,0.1606,0.4023,0.0394,0.29,0.4186,-0.0994,C,0.1657,0.322-0.622,0.513,0.313,0.102
2467,266132,-24.68,15,100.0,0.8886,0.1081,0.7067,0.3364,0.431,0.1084,0.5083,0.4527,-0.2776,C,0.1762,0.322-0.622,0.513,0.313,0.102
2468,266145,-20.01,13,84.6,0.7945,0.1313,0.8457,0.1589,0.4144,0.1076,0.5198,0.4247,-0.1101,C,0.2431,0.322-0.622,0.513,0.313,0.102
2469,266160,-15.28,15,93.3,0.7628,0.1523,0.8428,0.1692,0.3234,0.6036,0.6379,0.4132,-0.071,C,0.1902,0.322-0.622,0.513,0.313,0.102
2470,266174,-3.7,14,92.9,0.772,0.1488,0.8638,0.1435,0.3465,0.2849,0.6205,0.4232,-0.0541,C,0.2267,0.322-0.622,0.513,0.313,0.102
2471,266187,-13.66,13,100.0,0.8567,0.1421,0.8372,0.193,0.4312,0.1102,0.6629,0.4729,-0.122,C,0.1815,0.322-0.622,0.513,0.313,0.102
2472,266201,-11.88,14,100.0,0.6307,0.2102,0.885,0.1723,0.427,0.7698,0.8974,0.4269,-0.146,C,0.2371,0.322-0.622,0.513,0.313,0.102
2473,266215,-13.81,14,50.0,0.9531,0.0691,0.8938,0.1268,0.3654,0.0088,0.1702,0.4495,-0.0774,C,0.1693,0.322-0.622,0.513,0.313,0.102
2474,266230,0.22,15,80.0,0.5847,0.207,0.8609,0.1354,0.3029,0.7789,0.7059,0.4496,-0.038,C,0.2186,0.322-0.622,0.513,0.313,0.102
2475,266244,-2.96,14,78.6,0.7976,0.1255,0.9524,0.0494,0.2989,0.1058,0.4491,0.4646,-0.0099,C,0.2113,0.322-0.622,0.513,0.313,0.102
2476,266259,-1.15,15,80.0,0.6716,0.1741,0.8979,0.0994,0.2811,0.4343,0.6063,0.4637,-0.0263,C,0.1627,0.322-0.622,0.513,0.313,0.102
2477,266323,-24.46,64,96.9,0.5548,0.2342,0.4797,0.4576,0.7885,0.8782,0.81,0.2863,-0.4063,C,0.2211,0.322-0.622,0.514,0.314,0.102
2478,266337,-2.28,14,100.0,0.7558,0.1594,0.8542,0.1633,0.4426,0.2015,0.7475,0.4046,-0.0835,C,0.1746,0.322-0.622,0.514,0.314,0.102
2479,266351,-11.72,14,85.7,0.7658,0.1529,0.8442,0.1458,0.411,0.164,0.6175,0.4548,-0.0719,C,0.1542,0.322-0.622,0.514,0.314,0.102
2480,266365,-13.26,14,100.0,0.7582,0.1578,0.8381,0.1901,0.4246,0.5936,0.6886,0.4511,-0.1229,C,0.2329,0.322-0.622,0.514,0.314,0.102
2481,266379,-10.72,14,92.9,0.8504,0.1264,0.9293,0.0569,0.3232,0.308,0.5303,0.475,-0.0091,C,0.1682,0.322-0.622,0.514,0.314,0.102
2482,266542,132.06,163,98.8,0.4001,0.1865,0.5006,0.47,0.9069,1.6748,0.79,0.4423,-0.4374,C,0.223,0.322-0.622,0.514,0.314,0.102
2483,266556,-23.37,14,92.9,0.9817,0.0571,0.8891,0.2011,0.4373,0.0229,0.2608,0.4643,-0.2286,C,0.1577,0.322-0.622,0.514,0.314,0.102
2484,266570,6.67,14,100.0,0.4802,0.2344,0.863,0.1458,0.4192,1.4868,0.8665,0.4522,-0.0757,C,0.1804,0.322-0.622,0.514,0.314,0.102
2485,266585,-11.53,15,93.3,0.8116,0.1466,0.8213,0.1647,0.4405,0.1014,0.6329,0.4856,-0.0785,C,0.1879,0.322-0.622,0.514,0.314,0.102
2486,266598,-23.14,13,92.3,0.853,0.0828,0.9268,0.0859,0.3452,0.0658,0.376,0.4087,-0.0436,C,0.2063,0.322-0.622,0.514,0.314,0.102
2487,266611,-8.4,13,100.0,0.8283,0.126,0.8686,0.1768,0.4235,0.1459,0.5894,0.4333,-0.154,C,0.1662,0.322-0.622,0.514,0.314,0.102
2488,266625,-18.03,14,100.0,0.6219,0.2086,0.7952,0.238,0.4288,0.8381,0.8625,0.4471,-0.1987,C,0.1607,0.322-0.622,0.514,0.314,0.102
2489,266639,-3.08,14,92.9,0.6494,0.2003,0.8717,0.1578,0.3581,0.6467,0.791,0.4117,-0.1077,C,0.2124,0.322-0.622,0.514,0.314,0.102
2490,266653,0.31,14,100.0,0.7512,0.1646,0.8736,0.1074,0.3674,0.6525,0.7167,0.4671,-0.0387,C,0.2342,0.322-0.622,0.514,0.314,0.102
2491,266666,-13.87,13,100.0,0.7152,0.1688,0.8805,0.1349,0.4064,0.33,0.7616,0.473,-0.0648,C,0.1998,0.322-0.622,0.514,0.314,0.102
2492,266681,-13.14,15,86.7,0.7395,0.1516,0.871,0.1289,0.3191,0.3291,0.5883,0.4801,-0.0601,C,0.2022,0.322-0.622,0.514,0.314,0.102
2493,266695,-8.65,14,100.0,0.6545,0.2131,0.7409,0.2671,0.4311,0.5806,0.9044,0.4249,-0.1652,C,0.1729,0.322-0.622,0.514,0.314,0.102
2494,266709,-11.67,14,100.0,0.6057,0.2215,0.7964,0.1799,0.4377,0.691,0.9266,0.4673,-0.0955,C,0.2156,0.322-0.622,0.514,0.314,0.102
2495,266722,-5.8,13,92.3,0.6393,0.1929,0.9259,0.109,0.3667,0.4898,0.7567,0.4412,-0.0743,C,0.1541,0.322-0.622,0.514,0.314,0.102
2496,266735,0.56,13,100.0,0.6562,0.2054,0.8532,0.1602,0.4351,0.4973,0.8805,0.3991,-0.0969,C,0.1824,0.322-0.622,0.514,0.314,0.102
2497,266749,-11.11,14,85.7,0.6406,0.1928,0.9165,0.0818,0.3144,0.5443,0.709,0.4723,-0.0138,C,0.1663,0.322-0.622,0.514,0.314,0.102
2498,266763,-7.19,14,92.9,0.5818,0.2093,0.8922,0.1773,0.3516,1.0098,0.7576,0.4011,-0.1788,C,0.2131,0.322-0.622,0.514,0.314,0.102
2499,266777,-15.67,14,100.0,0.6333,0.1844,0.8725,0.2029,0.4145,0.9724,0.7908,0.4526,-0.167,C,0.2029,0.322-0.622,0.515,0.315,0.102
2500,266790,-18.34,13,100.0,0.5615,0.2107,0.7978,0.2005,0.4528,1.0964,0.8905,0.4005,-0.1463,C,0.2236,0.322-0.622,0.515,0.315,0.102
2501,266804,-24.29,14,64.3,0.9795,0.0481,0.86,0.1708,0.3967,0.0119,0.1581,0.4456,-0.1335,C,0.2467,0.322-0.622,0.515,0.315,0.102
2502,266817,-18.08,13,100.0,0.8184,0.1137,0.8811,0.1363,0.4302,0.1329,0.5384,0.4288,-0.0843,C,0.2033,0.322-0.622,0.515,0.315,0.102
2503,266830,-4.72,13,100.0,0.878,0.1052,0.9074,0.104,0.3895,0.0672,0.4998,0.451,-0.0512,C,0.1965,0.322-0.622,0.515,0.315,0.102
2504,266844,-24.61,14,92.9,0.6771,0.1614,0.794,0.2397,0.3506,0.3859,0.6788,0.4069,-0.1974,C,0.2391,0.322-0.622,0.515,0.315,0.102
2505,266857,-7.12,13,92.3,0.6989,0.2013,0.816,0.1611,0.448,0.3109,0.8138,0.4596,-0.0807,C,0.2112,0.322-0.622,0.515,0.315,0.102
2506,266870,-2.67,13,100.0,0.8047,0.1227,0.8678,0.1177,0.4319,0.1231,0.5719,0.4223,-0.0477,C,0.2367,0.322-0.622,0.515,0.315,0.102
2507,266884,-19.29,14,78.6,0.9091,0.0817,0.871,0.1562,0.3787,0.0293,0.3065,0.3482,-0.0983,C,0.2282,0.322-0.622,0.515,0.315,0.102
2508,266898,-25.45,14,71.4,0.9633,0.0717,0.8563,0.1447,0.3846,0.0129,0.2484,0.4366,-0.0601,C,0.2322,0.322-0.622,0.515,0.315,0.102
2509,266912,-30.44,14,0.0,0.0,0.0,0.7919,0.2032,0.4573,0.0,0.0,0.461,-0.1619,C,0.1632,0.322-0.622,0.515,0.315,0.102
2510,266976,38.02,64,96.9,0.3384,0.2466,0.5033,0.4943,0.8113,2.0658,0.7957,0.3981,-0.4735,C,0.1549,0.322-0.622,0.515,0.315,0.102
2511,266991,-17.55,15,80.0,0.7519,0.1796,0.8535,0.1808,0.3938,0.1544,0.6199,0.4765,-0.1396,C,0.2388,0.322-0.622,0.515,0.315,0.102
2512,267004,-17.61,13,100.0,0.7729,0.1493,0.863,0.1691,0.4417,0.1822,0.6959,0.4254,-0.109,C,0.1859,0.322-0.622,0.515,0.315,0.102
2513,267018,-12.95,14,100.0,0.7792,0.1617,0.8083,0.192,0.4311,0.2541,0.7313,0.4632,-0.1233,C,0.1676,0.322-0.622,0.515,0.315,0.103
2514,267031,-19.26,13,100.0,0.5841,0.226,0.8138,0.2408,0.4371,0.8766,0.9044,0.4731,-0.1989,C,0.1816,0.322-0.622,0.515,0.315,0.103
2515,267160,3.2,129,98.4,0.5067,0.2363,0.4732,0.5155,0.8917,1.1908,0.8885,0.4501,-0.5264,C,0.2133,0.322-0.622,0.515,0.315,0.103
2516,267194,-10.7,34,94.1,0.4813,0.2037,0.6507,0.3604,0.7355,1.1275,0.7758,0.2905,-0.3218,C,0.2136,0.322-0.622,0.515,0.315,0.103
2517,267208,-12.45,14,92.9,0.7057,0.17,0.8936,0.1081,0.3318,0.7217,0.6968,0.4254,-0.0329,C,0.2162,0.322-0.622,0.515,0.315,0.103
2518,267222,-7.01,14,100.0,0.5917,0.2135,0.881,0.1639,0.4038,1.0419,0.8752,0.4208,-0.0991,C,0.1923,0.322-0.622,0.515,0.315,0.103
2519,267236,-16.35,14,100.0,0.8694,0.1366,0.7694,0.2872,0.4405,0.0936,0.647,0.464,-0.2377,C,0.2443,0.322-0.622,0.515,0.315,0.103
2520,267262,-25.92,26,92.3,0.6109,0.1522,0.6637,0.4176,0.5703,0.742,0.6299,0.4602,-0.385,C,0.2304,0.322-0.622,0.516,0.316,0.103
2521,267276,-1.56,14,85.7,0.6533,0.1901,0.9139,0.1071,0.3077,0.7604,0.7138,0.475,-0.0581,C,0.1645,0.322-0.622,0.516,0.316,0.103
2522,267290,-23.09,14,85.7,0.6846,0.1741,0.8645,0.2076,0.4225,0.2747,0.6769,0.4261,-0.1886,C,0.1938,0.322-0.622,0.516,0.316,0.103
2523,267304,-20.84,14,100.0,0.7544,0.1669,0.7366,0.2816,0.4073,0.3237,0.7559,0.4479,-0.2253,C,0.1554,0.322-0.622,0.516,0.316,0.103
2524,267318,-3.54,14,100.0,0.5908,0.2198,0.8037,0.1815,0.3814,0.8496,0.9192,0.4779,-0.1147,C,0.223,0.322-0.622,0.516,0.316,0.103
2525,267331,-20.82,13,76.9,0.7145,0.1903,0.9334,0.0944,0.372,0.1895,0.6475,0.3922,-0.0605,C,0.1623,0.322-0.622,0.516,0.316,0.103
2526,267344,-3.0,13,100.0,0.5684,0.2027,0.8778,0.1439,0.4292,1.0517,0.878,0.4297,-0.0817,C,0.241,0.322-0.622,0.516,0.316,0.103
2527,267358,-23.82,14,92.9,0.8774,0.1139,0.8261,0.282,0.4348,0.0737,0.4977,0.4659,-0.2962,C,0.2382,0.322-0.622,0.516,0.316,0.103
2528,267372,-19.91,14,64.3,0.8683,0.0556,0.8492,0.157,0.3986,0.0386,0.1793,0.4653,-0.0658,C,0.2403,0.322-0.622,0.516,0.316,0.103
2529,267385,-19.96,13,92.3,0.722,0.1558,0.8647,0.1468,0.4149,0.2262,0.6619,0.4247,-0.0757,C,0.1613,0.322-0.622,0.516,0.316,0.103
2530,267399,-6.55,14,92.9,0.652,0.2016,0.9038,0.068,0.3408,0.7802,0.7894,0.4686,-0.0146,C,0.1957,0.322-0.622,0.516,0.316,0.103
2531,267413,-9.36,14,100.0,0.6764,0.1892,0.8032,0.1905,0.3806,0.6899,0.812,0.4229,-0.1246,C,0.1755,0.322-0.622,0.516,0.316,0.103
2532,267426,-0.92,13,100.0,0.5011,0.2438,0.8378,0.1435,0.4179,1.2922,0.899,0.4182,-0.092,C,0.1957,0.322-0.622,0.516,0.316,0.103
2533,267484,2.35,58,94.8,0.5887,0.2163,0.5544,0.4217,0.8071,0.814,0.8677,0.4595,-0.3938,C,0.1654,0.322-0.622,0.516,0.316,0.103
2534,267497,-5.75,13,100.0,0.5744,0.236,0.8262,0.2326,0.4354,0.7728,0.9523,0.4096,-0.165,C,0.2037,0.322-0.622,0.516,0.316,0.103
2535,267510,-24.4,13,0.0,0.0,0.0,0.8385,0.1253,0.3583,0.0,0.0,0.4101,-0.0748,C,0.2116,0.322-0.622,0.516,0.316,0.103
2536,267523,-9.45,13,92.3,0.8102,0.1112,0.812,0.1972,0.4414,0.1021,0.477,0.3904,-0.1246,C,0.1854,0.322-0.622,0.516,0.316,0.103
2537,267536,-1.9,13,100.0,0.5036,0.2397,0.8156,0.2105,0.4431,1.2852,0.9569,0.4384,-0.1717,C,0.1973,0.322-0.622,0.516,0.316,0.103
2538,267564,-11.85,28,85.7,0.6248,0.1947,0.6152,0.3504,0.6098,0.4929,0.681,0.4777,-0.2837,C,0.2046,0.322-0.622,0.516,0.316,0.103
2539,267578,-7.59,14,57.1,0.9291,0.0737,0.9554,0.0444,0.2866,0.0136,0.2096,0.4409,-0.0053,C,0.2303,0.322-0.622,0.516,0.316,0.103
2540,267592,-2.31,14,100.0,0.7211,0.1706,0.8342,0.1554,0.4206,0.4042,0.7357,0.4903,-0.1015,C,0.1581,0.322-0.622,0.516,0.316,0.103
2541,267607,-4.25,15,80.0,0.7885,0.1261,0.8946,0.0785,0.3034,0.1389,0.4612,0.3752,-0.0191,C,0.2389,0.322-0.622,0.516,0.316,0.103
2542,267623,-17.65,16,100.0,0.5704,0.2388,0.7088,0.3441,0.5109,0.8695,0.9254,0.4455,-0.2956,C,0.2118,0.322-0.622,0.516,0.316,0.103
2543,267638,-7.78,15,93.3,0.6171,0.2305,0.8066,0.1892,0.4119,0.7395,0.825,0.403,-0.1095,C,0.2122,0.322-0.622,0.516,0.316,0.103
2544,267651,-4.7,13,100.0,0.5178,0.2474,0.8745,0.1377,0.4409,1.124,0.9449,0.4325,-0.0656,C,0.225,0.322-0.622,0.516,0.316,0.103
2545,267664,-2.46,13,100.0,0.6964,0.1753,0.8322,0.1354,0.4181,0.3735,0.7658,0.3931,-0.073,C,0.1949,0.322-0.622,0.516,0.316,0.103
2546,267678,-12.56,14,92.9,0.7156,0.1822,0.9095,0.0929,0.3285,0.7134,0.7174,0.4188,-0.0407,C,0.2134,0.322-0.622,0.516,0.316,0.103
2547,267691,-25.14,13,84.6,1.0368,0.041,0.7886,0.2249,0.4408,0.0065,0.1904,0.4743,-0.1787,C,0.2373,0.322-0.622,0.516,0.316,0.103
2548,267704,0.55,13,100.0,0.5828,0.2224,0.897,0.1038,0.4168,1.0305,0.8688,0.4294,-0.0465,C,0.1848,0.322-0.622,0.516,0.317,0.103
2549,267719,-22.74,15,86.7,0.8044,0.1225,0.8676,0.1711,0.3617,0.1224,0.4806,0.4469,-0.0925,C,0.1607,0.322-0.622,0.517,0.317,0.103
2550,267733,-16.88,14,0.0,0.0,0.0,0.9297,0.075,0.3048,0.0,0.0,0.4236,-0.0127,C,0.2459,0.322-0.622,0.517,0.317,0.103
2551,267748,-3.3,15,93.3,0.5335,0.2374,0.7892,0.1972,0.4469,1.1928,0.8225,0.4429,-0.1061,C,0.1876,0.322-0.622,0.517,0.317,0.103
2552,267867,-127.56,119,100.0,0.6675,0.2184,0.4474,0.5542,0.9104,0.3604,0.8498,0.406,-0.5756,C,0.181,0.322-0.622,0.517,0.317,0.103
2553,268013,141.37,146,96.6,0.3473,0.1946,0.4236,0.509,0.9081,2.0427,0.7795,0.314,-0.4758,C,0.188,0.322-0.622,0.517,0.317,0.103
2554,268027,-12.17,14,100.0,0.5421,0.2268,0.8247,0.2192,0.4048,1.1533,0.8691,0.4479,-0.1894,C,0.1895,0.322-0.622,0.517,0.317,0.103
2555,268041,-15.75,14,100.0,0.8255,0.1176,0.8298,0.1617,0.411,0.1914,0.5467,0.4645,-0.0811,C,0.2133,0.322-0.622,0.517,0.317,0.103
2556,268055,-15.88,14,85.7,0.8328,0.1076,0.9388,0.0713,0.2889,0.0813,0.4332,0.4376,-0.015,C,0.1664,0.322-0.622,0.517,0.317,0.103
2557,268146,-76.67,91,98.9,0.6648,0.1504,0.508,0.5099,0.8695,0.5039,0.6966,0.3362,-0.5064,C,0.1973,0.322-0.622,0.517,0.317,0.103
2558,268203,15.95,57,98.2,0.5037,0.2172,0.588,0.4061,0.8015,1.0921,0.777,0.3875,-0.3617,C,0.1665,0.322-0.622,0.518,0.318,0.103
2559,268217,-7.96,14,78.6,0.7463,0.1543,0.8638,0.1673,0.3943,0.1719,0.5673,0.4153,-0.0943,C,0.24,0.322-0.622,0.518,0.318,0.103
2560,268231,-16.13,14,100.0,0.7245,0.1795,0.8265,0.2144,0.4199,0.5153,0.7587,0.4512,-0.1632,C,0.1981,0.322-0.622,0.518,0.318,0.103
2561,268273,35.28,42,92.9,0.3791,0.236,0.5865,0.4046,0.702,1.8563,0.859,0.3526,-0.3463,C,0.2319,0.322-0.622,0.518,0.318,0.103
2562,268287,-17.43,14,50.0,0.9932,0.0587,0.8954,0.1832,0.3399,0.0054,0.1481,0.4623,-0.1393,C,0.2489,0.322-0.622,0.518,0.318,0.103
2563,268301,-9.18,14,100.0,0.7222,0.1829,0.8312,0.1987,0.3991,0.3951,0.8144,0.4603,-0.1365,C,0.2257,0.322-0.622,0.518,0.318,0.103
2564,268314,-15.74,13,100.0,0.7769,0.1463,0.8787,0.1374,0.4287,0.1976,0.6772,0.4388,-0.078,C,0.1652,0.322-0.622,0.518,0.318,0.103
2565,268327,-0.73,13,100.0,0.5238,0.2402,0.8906,0.1376,0.4067,1.1907,0.9577,0.4257,-0.0723,C,0.1998,0.322-0.622,0.518,0.318,0.103
2566,268340,-3.93,13,100.0,0.7456,0.1651,0.8908,0.1366,0.428,0.2464,0.772,0.4348,-0.0743,C,0.2382,0.322-0.622,0.518,0.318,0.103
2567,268357,-9.75,17,76.5,0.7917,0.12,0.809,0.1973,0.4674,0.1577,0.4393,0.4262,-0.1289,C,0.2299,0.322-0.622,0.518,0.318,0.103
2568,268370,-11.52,13,100.0,0.5773,0.2172,0.8599,0.1367,0.4142,0.7921,0.8891,0.4676,-0.045,C,0.1812,0.322-0.622,0.518,0.318,0.103
2569,268384,-21.33,14,78.6,0.9078,0.0544,0.823,0.1819,0.4065,0.0437,0.2133,0.4342,-0.1232,C,0.237,0.322-0.622,0.518,0.318,0.103
2570,268549,231.77,165,98.8,0.312,0.2293,0.4709,0.514,0.9153,2.3616,0.9408,0.3897,-0.489,C,0.2164,0.322-0.622,0.518,0.318,0.103
2571,268563,-13.61,14,92.9,0.9067,0.1059,0.7914,0.2391,0.4489,0.0548,0.4638,0.437,-0.1705,C,0.2108,0.322-0.622,0.518,0.318,0.103
2572,268576,-7.12,13,100.0,0.6381,0.2146,0.8333,0.1783,0.4537,0.5351,0.9309,0.4077,-0.1373,C,0.2108,0.322-0.622,0.518,0.318,0.103
2573,268590,-10.78,14,92.9,0.5558,0.2058,0.8678,0.1652,0.3588,0.8371,0.8148,0.3991,-0.1045,C,0.2451,0.322-0.622,0.518,0.318,0.103
2574,268604,-2.03,14,92.9,0.7654,0.1542,0.9031,0.109,0.3079,0.3884,0.6359,0.4711,-0.0423,C,0.2422,0.322-0.622,0.518,0.318,0.103
2575,268617,-14.53,13,100.0,1.0013,0.0243,0.9101,0.0724,0.449,0.0164,0.1715,0.4357,-0.013,C,0.1772,0.322-0.622,0.518,0.318,0.103
2576,268630,-0.56,13,100.0,0.6062,0.21,0.9091,0.1001,0.3516,0.9797,0.8871,0.4625,-0.051,C,0.2386,0.322-0.622,0.518,0.318,0.103
2577,268643,0.11,13,100.0,0.5448,0.2405,0.9255,0.1221,0.4349,1.011,0.9602,0.4496,-0.1334,C,0.1653,0.322-0.622,0.519,0.319,0.103
2578,268657,-16.21,14,85.7,0.8259,0.1166,0.9288,0.0828,0.3158,0.1617,0.4598,0.4621,-0.0303,C,0.2327,0.322-0.622,0.519,0.319,0.103
2579,268671,-4.18,14,78.6,0.8274,0.136,0.9131,0.0894,0.3241,0.0669,0.4939,0.4051,-0.0296,C,0.1584,0.322-0.622,0.519,0.319,0.103
2580,268685,-8.9,14,100.0,0.4805,0.2202,0.8056,0.222,0.405,1.4551,0.8956,0.4727,-0.1479,C,0.2107,0.322-0.622,0.519,0.319,0.103
2581,268698,-5.0,13,100.0,0.8121,0.1275,0.8481,0.1264,0.4222,0.1425,0.5917,0.3944,-0.0742,C,0.2387,0.322-0.622,0.519,0.319,0.103
2582,268712,-9.37,14,92.9,0.853,0.1347,0.8227,0.1641,0.4168,0.0952,0.5801,0.426,-0.0973,C,0.2466,0.322-0.622,0.519,0.319,0.103
2583,268727,-9.63,15,100.0,0.5333,0.2133,0.7762,0.2664,0.4343,1.1411,0.9024,0.4512,-0.2225,C,0.2207,0.322-0.622,0.519,0.319,0.103
2584,268740,-11.32,13,76.9,0.7968,0.1356,0.9191,0.1005,0.3343,0.0937,0.4913,0.3815,-0.072,C,0.1627,0.322-0.622,0.519,0.319,0.103
2585,268754,-19.33,14,92.9,0.8887,0.0935,0.8057,0.1983,0.4087,0.059,0.4093,0.417,-0.1495,C,0.1926,0.322-0.622,0.519,0.319,0.103
2586,268767,-18.85,13,92.3,0.5449,0.2135,0.8905,0.1956,0.3774,0.9876,0.797,0.4694,-0.1616,C,0.2453,0.322-0.622,0.519,0.319,0.103
2587,268780,-12.83,13,92.3,0.8837,0.0725,0.856,0.1881,0.3875,0.0464,0.3304,0.4512,-0.1136,C,0.1545,0.322-0.622,0.519,0.319,0.103
2588,268794,-9.62,14,92.9,0.6928,0.1953,0.8396,0.1497,0.3745,0.4201,0.7797,0.4094,-0.0933,C,0.1547,0.322-0.622,0.519,0.319,0.103
2589,268808,-6.79,14,71.4,0.8785,0.0958,0.9466,0.0673,0.283,0.0284,0.3249,0.4124,-0.0321,C,0.2394,0.322-0.622,0.519,0.319,0.103
2590,268821,-8.29,13,100.0,0.6073,0.1751,0.87,0.1316,0.4369,0.9544,0.7523,0.446,-0.06,C,0.1585,0.322-0.622,0.519,0.319,0.103
2591,268835,-10.68,14,85.7,0.7434,0.1695,0.9321,0.07,0.3223,0.322,0.6342,0.4625,-0.0186,C,0.1624,0.322-0.622,0.519,0.319,0.103
2592,268850,-10.14,15,86.7,0.705,0.1745,0.8542,0.1815,0.4459,0.3026,0.6951,0.4422,-0.1389,C,0.2414,0.322-0.622,0.519,0.319,0.103
2593,268864,0.69,14,85.7,0.6903,0.1791,0.9223,0.0889,0.3117,0.4468,0.6671,0.4578,-0.025,C,0.2379,0.322-0.622,0.519,0.319,0.103
2594,268877,-25.56,13,100.0,0.814,0.1336,0.8713,0.2293,0.4528,0.123,0.6249,0.4706,-0.2281,C,0.2142,0.322-0.622,0.519,0.319,0.103
2595,268890,-10.13,13,100.0,0.914,0.0968,0.8643,0.1911,0.4354,0.1098,0.4722,0.4295,-0.1663,C,0.1813,0.322-0.622,0.519,0.319,0.103
2596,268904,-11.78,14,100.0,0.6342,0.1955,0.8525,0.1679,0.3829,0.89,0.8661,0.4401,-0.1242,C,0.2062,0.322-0.622,0.519,0.319,0.103
2597,268922,-15.1,18,94.4,0.7286,0.167,0.8174,0.2476,0.4905,0.2898,0.7274,0.353,-0.1806,C,0.2414,0.322-0.622,0.519,0.319,0.103
2598,268935,-21.25,13,100.0,0.8408,0.1044,0.8674,0.1502,0.4135,0.0998,0.4932,0.3944,-0.0933,C,0.2157,0.322-0.622,0.519,0.319,0.103
2599,268951,-7.93,16,93.8,0.4707,0.2316,0.7768,0.2648,0.4513,1.37,0.8205,0.444,-0.2025,C,0.1677,0.322-0.622,0.519,0.319,0.103
2600,268969,-7.66,18,88.9,0.7784,0.1439,0.7495,0.2213,0.4728,0.1026,0.6009,0.4688,-0.1362,C,0.1797,0.322-0.622,0.519,0.319,0.103
2601,268984,-10.57,15,60.0,0.967,0.0803,0.8873,0.096,0.3224,0.0093,0.2278,0.3764,-0.0383,C,0.2315,0.322-0.622,0.519,0.319,0.103
2602,268997,-12.31,13,100.0,0.8489,0.137,0.8809,0.1414,0.4451,0.098,0.6414,0.4611,-0.0981,C,0.1699,0.322-0.622,0.519,0.319,0.103
2603,269012,-11.63,15,73.3,0.7638,0.1448,0.9091,0.0851,0.3026,0.1192,0.4812,0.4229,-0.0186,C,0.1687,0.322-0.622,0.519,0.319,0.103
2604,269029,-13.09,17,76.5,0.8139,0.1316,0.7535,0.2623,0.3327,0.0625,0.471,0.4697,-0.144,C,0.2235,0.322-0.622,0.519,0.319,0.103
2605,269046,-35.0,17,0.0,0.0,0.0,0.7972,0.2425,0.4001,0.0,0.0,0.4053,-0.1979,C,0.1774,0.322-0.622,0.519,0.319,0.103
2606,269265,-28.74,219,100.0,0.5437,0.1801,0.4338,0.5278,0.9339,1.119,0.7729,0.411,-0.5311,C,0.2388,0.322-0.622,0.52,0.32,0.103
2607,269279,-1.96,14,85.7,0.7783,0.1435,0.9278,0.0565,0.3233,0.1679,0.5509,0.4202,-0.0113,C,0.2374,0.322-0.622,0.52,0.32,0.103
2608,269319,17.63,40,92.5,0.4686,0.2432,0.5902,0.3906,0.7372,1.4099,0.834,0.4041,-0.3552,C,0.1858,0.322-0.622,0.52,0.32,0.103
2609,269334,-11.72,15,93.3,0.8275,0.1283,0.7828,0.2267,0.5036,0.0979,0.5586,0.4275,-0.1538,C,0.1597,0.322-0.622,0.52,0.32,0.103
2610,269347,-9.99,13,100.0,0.7594,0.1521,0.8398,0.1725,0.3957,0.1823,0.6906,0.4173,-0.1104,C,0.1579,0.322-0.622,0.52,0.32,0.103
2611,269360,-3.44,13,100.0,0.8061,0.1617,0.8805,0.1404,0.4251,0.1551,0.7462,0.4284,-0.0842,C,0.1696,0.322-0.622,0.52,0.32,0.103
2612,269376,-17.68,16,75.0,0.7709,0.1469,0.8412,0.2233,0.4305,0.1101,0.5151,0.4151,-0.1772,C,0.1658,0.322-0.622,0.52,0.32,0.103
2613,269393,-18.3,17,94.1,0.9363,0.074,0.7393,0.2888,0.477,0.0379,0.3247,0.4371,-0.2159,C,0.2188,0.322-0.622,0.52,0.32,0.103
2614,269406,-24.14,13,92.3,0.8272,0.1003,0.8821,0.1758,0.4027,0.0901,0.4287,0.4068,-0.1608,C,0.2131,0.322-0.622,0.52,0.32,0.103
2615,269420,-18.79,14,100.0,0.6238,0.2023,0.8006,0.2577,0.416,0.8981,0.8581,0.4573,-0.2129,C,0.161,0.322-0.622,0.52,0.32,0.103
2616,269433,-18.49,13,92.3,0.8267,0.1405,0.8306,0.2015,0.4155,0.119,0.6144,0.4248,-0.1483,C,0.1908,0.322-0.622,0.52,0.32,0.103
2617,269447,-9.16,14,100.0,0.7101,0.1692,0.8297,0.1963,0.4409,0.3256,0.7437,0.4407,-0.1204,C,0.2023,0.322-0.622,0.52,0.32,0.103
2618,269683,-24.76,236,99.6,0.4854,0.2132,0.4391,0.5394,0.9457,1.1945,0.7636,0.429,-0.5487,C,0.1731,0.322-0.622,0.521,0.321,0.103
2619,269702,-12.86,19,84.2,0.6546,0.1894,0.744,0.2157,0.4853,0.427,0.7091,0.4499,-0.1208,C,0.2408,0.322-0.622,0.521,0.321,0.103
2620,269716,-11.45,14,100.0,0.7446,0.1687,0.786,0.1973,0.4871,0.1917,0.7924,0.4157,-0.1105,C,0.2072,0.322-0.622,0.521,0.321,0.103
2621,269734,-14.32,18,94.4,0.5761,0.2124,0.7861,0.2586,0.4483,1.0288,0.8274,0.4007,-0.2145,C,0.1834,0.322-0.622,0.521,0.321,0.103
2622,269766,-10.42,32,93.8,0.58,0.1873,0.6658,0.3451,0.6273,0.8011,0.7054,0.3319,-0.2865,C,0.2356,0.322-0.622,0.521,0.321,0.103
2623,269780,-16.76,14,0.0,0.0,0.0,0.9191,0.0769,0.2697,0.0,0.0,0.4645,-0.0159,C,0.2165,0.322-0.622,0.521,0.321,0.103
2624,269793,-16.59,13,100.0,0.7927,0.1668,0.8897,0.1906,0.4502,0.1816,0.7552,0.4321,-0.1975,C,0.1866,0.322-0.622,0.521,0.321,0.103
2625,269808,-17.88,15,80.0,0.7821,0.1285,0.8605,0.1563,0.2962,0.1099,0.4755,0.3351,-0.0613,C,0.2144,0.322-0.622,0.521,0.321,0.104
2626,269823,-2.81,15,93.3,0.6421,0.1989,0.7963,0.1793,0.3836,0.8235,0.8005,0.4278,-0.0939,C,0.1813,0.322-0.622,0.521,0.321,0.104
2627,269841,-4.44,18,83.3,0.6716,0.1822,0.8261,0.1819,0.4087,0.6001,0.6294,0.4758,-0.1143,C,0.1817,0.322-0.622,0.521,0.321,0.104
2628,269877,-6.37,36,94.4,0.6734,0.2284,0.635,0.3135,0.6842,0.4973,0.8481,0.2971,-0.2336,C,0.1839,0.322-0.622,0.521,0.321,0.104
2629,269891,-1.42,14,85.7,0.7436,0.1506,0.9482,0.0521,0.2851,0.2245,0.5711,0.4628,-0.0106,C,0.2159,0.322-0.622,0.521,0.321,0.104
2630,269905,-8.59,14,100.0,0.6757,0.1994,0.7488,0.2351,0.424,0.4476,0.8738,0.4647,-0.1342,C,0.2488,0.322-0.622,0.521,0.321,0.104
2631,269918,-20.79,13,84.6,0.9589,0.0413,0.837,0.1495,0.4321,0.0222,0.1941,0.4749,-0.0843,C,0.1775,0.322-0.622,0.521,0.321,0.104
2632,269936,5.77,18,100.0,0.5864,0.2239,0.7249,0.2165,0.5245,0.9594,0.869,0.4488,-0.1401,C,0.2099,0.322-0.622,0.521,0.321,0.104
2633,269954,-16.78,18,55.6,1.028,0.0741,0.7326,0.1902,0.43,0.0042,0.1936,0.4192,-0.1108,C,0.1921,0.322-0.622,0.521,0.321,0.104
2634,269968,-15.17,14,92.9,0.8403,0.1191,0.8966,0.1648,0.4142,0.088,0.5207,0.4328,-0.1251,C,0.1961,0.322-0.622,0.521,0.321,0.104
2635,269984,-9.34,16,93.8,0.6543,0.2025,0.7376,0.2185,0.405,0.6274,0.8143,0.426,-0.1256,C,0.2143,0.322-0.622,0.521,0.321,0.104
2636,269998,-12.07,14,100.0,0.6466,0.1964,0.8198,0.1911,0.4071,0.5768,0.8583,0.3967,-0.1024,C,0.2159,0.322-0.622,0.521,0.321,0.104
2637,270052,-26.34,54,88.9,0.4786,0.1823,0.5866,0.4734,0.7957,1.0374,0.6057,0.4022,-0.4826,C,0.1867,0.322-0.622,0.522,0.322,0.104
2638,270066,-3.34,14,92.9,0.7804,0.1304,0.9149,0.1122,0.3105,0.371,0.5531,0.4846,-0.0592,C,0.2436,0.322-0.622,0.522,0.322,0.104
2639,270080,-10.7,14,100.0,0.5745,0.2109,0.7775,0.2095,0.4814,0.9549,0.886,0.4698,-0.1265,C,0.1892,0.322-0.622,0.522,0.322,0.104
2640,270094,-14.36,14,92.9,0.5969,0.2091,0.8668,0.2069,0.4034,0.5828,0.8128,0.44,-0.1778,C,0.2496,0.322-0.622,0.522,0.322,0.104
2641,270107,-13.42,13,92.3,0.7021,0.2026,0.8589,0.2012,0.4267,0.3077,0.8219,0.4251,-0.1591,C,0.243,0.322-0.622,0.522,0.322,0.104
2642,270122,-11.15,15,86.7,0.7162,0.164,0.8927,0.086,0.3227,0.3256,0.6206,0.4209,-0.0194,C,0.1807,0.322-0.622,0.522,0.322,0.104
2643,270135,-11.79,13,100.0,0.5187,0.2297,0.8454,0.2174,0.434,1.205,0.9321,0.4473,-0.1684,C,0.1589,0.322-0.622,0.522,0.322,0.104
2644,270152,-17.01,17,70.6,0.8867,0.1003,0.8503,0.1755,0.3641,0.0271,0.3357,0.4076,-0.1015,C,0.1927,0.322-0.622,0.522,0.322,0.104
2645,270166,-12.73,14,64.3,0.9667,0.0598,0.8497,0.1514,0.3843,0.0117,0.1875,0.4225,-0.097,C,0.2107,0.322-0.622,0.522,0.322,0.104
2646,270181,1.93,15,86.7,0.6286,0.1975,0.8748,0.0998,0.3108,0.7612,0.7473,0.4111,-0.021,C,0.2304,0.322-0.622,0.522,0.322,0.104
2647,270232,6.13,51,94.1,0.5359,0.2169,0.4853,0.4172,0.7824,0.8798,0.8842,0.4389,-0.354,C,0.2253,0.322-0.622,0.522,0.322,0.104
2648,270246,-17.27,14,92.9,0.7706,0.1541,0.8454,0.1851,0.4023,0.2154,0.6706,0.4776,-0.151,C,0.1654,0.322-0.622,0.522,0.322,0.104
2649,270259,-22.51,13,76.9,0.8177,0.1236,0.9048,0.1197,0.3696,0.0631,0.4441,0.4548,-0.0796,C,0.2311,0.322-0.622,0.522,0.322,0.104
2650,270273,-13.04,14,100.0,0.6795,0.1588,0.7657,0.2095,0.456,0.6711,0.6975,0.4609,-0.1132,C,0.16,0.322-0.622,0.522,0.322,0.104
2651,270288,-19.82,15,0.0,0.0,0.0,0.8797,0.1336,0.2698,0.0,0.0,0.433,-0.0431,C,0.1875,0.322-0.622,0.522,0.322,0.104
2652,270304,-0.55,16,87.5,0.7163,0.1652,0.8448,0.1219,0.3131,0.6476,0.652,0.4239,-0.0322,C,0.1862,0.322-0.622,0.522,0.322,0.104
2653,270391,33.49,87,96.6,0.438,0.167,0.4508,0.455,0.8529,1.5633,0.6579,0.3353,-0.4121,C,0.1885,0.322-0.622,0.522,0.322,0.104
2654,270404,-10.97,13,92.3,0.8909,0.0698,0.8459,0.1629,0.3923,0.0462,0.3083,0.3683,-0.102,C,0.2307,0.322-0.622,0.522,0.322,0.104
2655,270419,-33.08,15,0.0,0.0,0.0,0.9047,0.1091,0.2745,0.0,0.0,0.4796,-0.0608,C,0.2214,0.322-0.622,0.522,0.322,0.104
2656,270434,-4.29,15,100.0,0.7642,0.1549,0.8234,0.1856,0.3649,0.6539,0.6986,0.4731,-0.1098,C,0.1732,0.322-0.622,0.522,0.322,0.104
2657,270461,-26.59,27,70.4,0.8527,0.1273,0.7172,0.3094,0.5861,0.0407,0.422,0.3423,-0.2577,C,0.1612,0.322-0.622,0.522,0.322,0.104
2658,270997,766.86,536,99.8,0.2864,0.1642,0.3787,0.5397,0.9707,2.631,0.7282,0.3989,-0.5279,C,0.2482,0.322-0.622,0.524,0.324,0.104
2659,271054,23.39,57,94.7,0.4693,0.2283,0.5357,0.4207,0.8173,1.1995,0.8884,0.4078,-0.3874,C,0.2463,0.322-0.622,0.524,0.324,0.104
2660,271068,-0.0,14,100.0,0.7767,0.1582,0.8902,0.1149,0.3355,0.5612,0.6849,0.4935,-0.0401,C,0.1644,0.322-0.622,0.524,0.324,0.104
2661,271082,-0.81,14,92.9,0.7009,0.1698,0.9315,0.0646,0.2976,0.7128,0.7087,0.356,-0.0153,C,0.2491,0.322-0.622,0.524,0.324,0.104
2662,271096,1.8,14,85.7,0.5912,0.2194,0.8905,0.11,0.3395,0.8705,0.7646,0.4222,-0.0381,C,0.2258,0.322-0.622,0.524,0.324,0.104
2663,271110,-17.12,14,0.0,0.0,0.0,0.917,0.0851,0.2834,0.0,0.0,0.4477,-0.0185,C,0.244,0.322-0.622,0.524,0.324,0.104
2664,271125,-11.36,15,100.0,0.7038,0.1838,0.8273,0.2228,0.4322,0.5339,0.8003,0.4198,-0.2012,C,0.2091,0.322-0.622,0.524,0.324,0.104
2665,271138,-20.87,13,92.3,0.745,0.1429,0.915,0.1046,0.3726,0.1837,0.6107,0.462,-0.0576,C,0.2116,0.322-0.622,0.524,0.324,0.104
2666,271209,-55.81,71,95.8,0.7695,0.1326,0.4708,0.439,0.8254,0.1287,0.5911,0.3099,-0.3697,C,0.2483,0.322-0.622,0.524,0.324,0.104
2667,271222,-10.19,13,100.0,0.6484,0.2172,0.8754,0.1685,0.445,0.5892,0.9073,0.3882,-0.1262,C,0.2031,0.322-0.622,0.524,0.324,0.104
2668,271236,-14.28,14,92.9,0.6199,0.2012,0.8617,0.1897,0.3783,0.6022,0.7989,0.4739,-0.1554,C,0.2403,0.322-0.622,0.524,0.324,0.104
2669,271250,-6.48,14,71.4,0.8948,0.0868,0.9216,0.0695,0.3304,0.0322,0.3085,0.4414,-0.0246,C,0.2362,0.322-0.622,0.524,0.324,0.104
2670,271264,-7.45,14,57.1,0.9152,0.0756,0.9547,0.0399,0.2906,0.0162,0.2171,0.4484,-0.0038,C,0.2457,0.322-0.622,0.524,0.324,0.104
2671,271312,-17.56,48,100.0,0.5697,0.239,0.5476,0.4289,0.7943,0.7795,0.8373,0.4523,-0.388,C,0.2425,0.322-0.622,0.524,0.324,0.104
2672,271326,-10.33,14,85.7,0.5437,0.2246,0.8768,0.1376,0.3339,1.0146,0.7785,0.4404,-0.0629,C,0.18,0.322-0.622,0.524,0.324,0.104
2673,271340,-2.9,14,85.7,0.8825,0.0896,0.9519,0.0386,0.2948,0.0656,0.3789,0.4323,-0.0043,C,0.1856,0.322-0.622,0.524,0.324,0.104
2674,271355,-10.3,15,93.3,0.7424,0.1336,0.8732,0.1979,0.3993,0.3852,0.5533,0.467,-0.1779,C,0.2313,0.322-0.622,0.524,0.324,0.104
2675,271370,-2.93,15,73.3,0.7841,0.146,0.9172,0.0805,0.2904,0.1152,0.4784,0.4721,-0.0156,C,0.2205,0.322-0.622,0.524,0.324,0.104
2676,271384,-0.75,14,100.0,0.8549,0.1229,0.9355,0.0542,0.3046,0.3908,0.5721,0.3911,-0.0074,C,0.1754,0.322-0.622,0.524,0.324,0.104
2677,271397,-27.51,13,76.9,0.9439,0.055,0.8865,0.1506,0.4022,0.0174,0.2188,0.4244,-0.1314,C,0.2453,0.322-0.622,0.524,0.324,0.104
2678,271410,-4.27,13,100.0,0.6864,0.1896,0.8778,0.1502,0.4291,0.3568,0.8603,0.4583,-0.0936,C,0.1605,0.322-0.622,0.524,0.324,0.104
2679,271639,63.6,229,97.8,0.3759,0.15,0.4431,0.5555,0.9317,2.11,0.6886,0.4056,-0.5838,C,0.2481,0.322-0.622,0.525,0.325,0.104
2680,271652,-5.57,13,100.0,0.8352,0.1161,0.9024,0.116,0.3977,0.1246,0.5444,0.4384,-0.0557,C,0.1805,0.322-0.622,0.525,0.325,0.104
2681,271667,-12.12,15,80.0,0.798,0.1174,0.8309,0.2002,0.3732,0.0841,0.4383,0.4513,-0.1283,C,0.1585,0.322-0.622,0.525,0.325,0.104
2682,271683,-6.82,16,93.8,0.5753,0.2187,0.7512,0.2331,0.4386,0.8791,0.8633,0.4665,-0.1458,C,0.2424,0.322-0.622,0.525,0.325,0.104
2683,271696,-21.59,13,92.3,0.8664,0.0796,0.9282,0.0851,0.3795,0.057,0.3596,0.474,-0.0505,C,0.1883,0.322-0.622,0.525,0.325,0.104
2684,271710,-16.73,14,71.4,0.8099,0.137,0.9557,0.0501,0.2988,0.0592,0.4555,0.4266,-0.0075,C,0.1868,0.322-0.622,0.525,0.325,0.104
2685,271724,-0.95,14,78.6,0.7122,0.1871,0.9038,0.0884,0.3099,0.2735,0.6239,0.3617,-0.0168,C,0.2206,0.322-0.622,0.525,0.325,0.104
2686,271739,-2.02,15,93.3,0.5952,0.2238,0.8732,0.1416,0.4215,0.5844,0.8337,0.384,-0.075,C,0.2184,0.322-0.622,0.525,0.325,0.104
2687,271753,-1.12,14,100.0,0.7652,0.1694,0.8403,0.1336,0.4,0.2307,0.77,0.4268,-0.0624,C,0.1765,0.322-0.622,0.525,0.325,0.104
2688,271852,47.02,99,96.0,0.4591,0.1393,0.5319,0.4521,0.8844,1.8295,0.6241,0.2213,-0.4312,C,0.176,0.322-0.622,0.525,0.325,0.104
2689,272051,109.43,199,100.0,0.4511,0.1411,0.4908,0.4877,0.9284,1.7422,0.6373,0.4059,-0.4794,C,0.1954,0.322-0.622,0.526,0.326,0.104
2690,272065,1.3,14,92.9,0.6695,0.2027,0.886,0.109,0.3537,0.6415,0.7832,0.4601,-0.0382,C,0.2213,0.322-0.622,0.526,0.326,0.104
2691,272080,1.33,15,100.0,0.6078,0.2286,0.8523,0.1465,0.4592,0.787,0.8439,0.4336,-0.0621,C,0.2002,0.322-0.622,0.526,0.326,0.104
2692,272094,-8.48,14,100.0,0.7078,0.1891,0.8105,0.2107,0.4147,0.4497,0.8273,0.4569,-0.1582,C,0.1924,0.322-0.622,0.526,0.326,0.104
2693,272107,-10.16,13,100.0,0.6275,0.1704,0.8513,0.1566,0.4725,0.7345,0.7371,0.4389,-0.0647,C,0.2077,0.322-0.622,0.526,0.326,0.104
2694,272121,-30.13,14,0.0,0.0,0.0,0.9439,0.0626,0.2667,0.0,0.0,0.427,-0.0121,C,0.1762,0.322-0.622,0.526,0.326,0.104
2695,272135,-6.14,14,100.0,0.7329,0.1775,0.8823,0.131,0.4231,0.3551,0.7563,0.4666,-0.0784,C,0.1809,0.322-0.622,0.526,0.326,0.104
2696,272148,-4.96,13,100.0,0.793,0.1626,0.8653,0.1355,0.3999,0.1842,0.7383,0.4281,-0.0829,C,0.1837,0.322-0.622,0.526,0.326,0.104
2697,272163,-10.0,15,93.3,0.674,0.1993,0.8309,0.163,0.3504,0.741,0.7894,0.4379,-0.0797,C,0.1544,0.322-0.622,0.526,0.326,0.104
2698,272178,-13.16,15,73.3,0.9008,0.0562,0.8245,0.162,0.4018,0.0409,0.2036,0.4448,-0.0852,C,0.2298,0.322-0.622,0.526,0.326,0.104
2699,272192,-4.61,14,100.0,0.6022,0.2103,0.8292,0.1382,0.4042,0.6935,0.9135,0.4296,-0.0773,C,0.1646,0.322-0.622,0.526,0.326,0.104
2700,272205,-8.57,13,100.0,0.5286,0.2234,0.8396,0.2402,0.4267,1.0897,0.9548,0.456,-0.2047,C,0.2238,0.322-0.622,0.526,0.326,0.104
2701,272219,-12.07,14,64.3,0.8888,0.085,0.8702,0.098,0.3384,0.0243,0.2707,0.426,-0.0333,C,0.2271,0.322-0.622,0.526,0.326,0.104
2702,272234,-30.4,15,0.0,0.0,0.0,0.8821,0.1185,0.3021,0.0,0.0,0.4747,-0.035,C,0.1634,0.322-0.622,0.526,0.326,0.104
2703,272247,-7.35,13,100.0,0.4746,0.2319,0.9177,0.0964,0.4143,1.5451,0.849,0.3769,-0.0478,C,0.1773,0.322-0.622,0.526,0.326,0.104
2704,272267,-27.55,20,65.0,1.0508,0.0453,0.7201,0.3057,0.5046,0.0046,0.1545,0.4083,-0.2573,C,0.1749,0.322-0.622,0.526,0.326,0.104
2705,272280,-23.07,13,92.3,0.7073,0.1601,0.8847,0.1655,0.3916,0.2634,0.6862,0.4226,-0.1622,C,0.1717,0.322-0.622,0.526,0.326,0.104
2706,272295,-26.5,15,20.0,0.9363,0.0101,0.8938,0.1237,0.3248,0.0042,0.0271,0.4314,-0.0684,C,0.2219,0.322-0.622,0.526,0.326,0.104
2707,272310,-7.69,15,66.7,0.8657,0.0989,0.9186,0.0807,0.2884,0.0489,0.3204,0.4528,-0.0284,C,0.2354,0.322-0.622,0.526,0.326,0.104
2708,272323,-5.52,13,100.0,0.4984,0.2411,0.8955,0.092,0.4135,1.2851,0.9456,0.4331,-0.0381,C,0.1561,0.322-0.622,0.526,0.326,0.104
2709,272338,-17.33,15,73.3,0.8219,0.0976,0.8151,0.1854,0.3734,0.1147,0.343,0.3852,-0.0986,C,0.2048,0.322-0.622,0.526,0.326,0.104
2710,272351,-21.51,13,100.0,0.773,0.1789,0.7873,0.2883,0.4445,0.185,0.8261,0.4717,-0.275,C,0.1956,0.322-0.622,0.526,0.326,0.104
2711,272369,-25.73,18,38.9,1.1668,0.0211,0.7556,0.2371,0.4381,0.0005,0.0632,0.4416,-0.1596,C,0.1853,0.322-0.622,0.527,0.327,0.104
2712,272791,48.99,422,99.8,0.3874,0.1506,0.4272,0.5867,0.9658,1.9225,0.6537,0.3878,-0.6225,C,0.1843,0.322-0.622,0.527,0.327,0.105
2713,272805,-21.45,14,78.6,0.8568,0.0714,0.8481,0.16,0.3906,0.0582,0.2648,0.371,-0.1376,C,0.1609,0.322-0.622,0.527,0.327,0.105
2714,272897,91.4,92,96.7,0.3183,0.1754,0.5529,0.481,0.8789,2.2689,0.6787,0.3467,-0.461,C,0.2008,0.322-0.622,0.528,0.328,0.105
2715,272911,-10.37,14,100.0,0.784,0.1575,0.8337,0.1475,0.3871,0.2209,0.7299,0.4107,-0.0741,C,0.2029,0.322-0.622,0.528,0.328,0.105
2716,272926,-8.94,15,86.7,0.8766,0.0952,0.7839,0.2361,0.4114,0.0638,0.3897,0.4838,-0.1476,C,0.1886,0.322-0.622,0.528,0.328,0.105
2717,272940,-17.4,14,100.0,0.6577,0.1984,0.7963,0.2601,0.3787,0.7592,0.8443,0.4113,-0.256,C,0.1605,0.322-0.622,0.528,0.328,0.105
2718,272962,19.07,22,95.5,0.4504,0.246,0.7066,0.251,0.6012,1.5066,0.8735,0.3872,-0.1635,C,0.2433,0.322-0.622,0.528,0.328,0.105
2719,272976,0.91,14,100.0,0.5031,0.2373,0.7965,0.2399,0.4782,1.2739,0.9196,0.4545,-0.1612,C,0.1692,0.322-0.622,0.528,0.328,0.105
2720,272991,4.48,15,100.0,0.5463,0.2299,0.8101,0.191,0.4897,1.0577,0.9283,0.4251,-0.0992,C,0.2409,0.322-0.622,0.528,0.328,0.105
2721,273004,1.09,13,100.0,0.6942,0.2128,0.8978,0.1058,0.4284,0.3291,0.927,0.3905,-0.044,C,0.1972,0.322-0.622,0.528,0.328,0.105
2722,273017,-18.89,13,23.1,0.9919,0.0169,0.9037,0.0943,0.3646,0.0027,0.0353,0.4071,-0.0356,C,0.2428,0.322-0.622,0.528,0.328,0.105
2723,273032,-7.35,15,100.0,0.849,0.1203,0.803,0.1736,0.4419,0.1221,0.5707,0.4194,-0.0875,C,0.2016,0.322-0.622,0.528,0.328,0.105
2724,273167,80.62,135,97.8,0.4498,0.246,0.4907,0.4744,0.8977,1.4288,0.9338,0.3848,-0.4588,C,0.205,0.322-0.622,0.528,0.328,0.105
2725,273180,4.8,13,100.0,0.5261,0.2276,0.8862,0.1046,0.4181,1.2257,0.9577,0.3922,-0.0427,C,0.1674,0.322-0.622,0.528,0.328,0.105
2726,273196,-8.94,16,87.5,0.6708,0.1832,0.7577,0.2441,0.4424,0.349,0.7093,0.3679,-0.1411,C,0.1957,0.322-0.622,0.528,0.328,0.105
2727,273210,-21.46,14,92.9,0.8439,0.1043,0.8402,0.2121,0.4022,0.0992,0.4579,0.4485,-0.1794,C,0.2277,0.322-0.622,0.528,0.328,0.105
2728,273229,-1.18,19,84.2,0.5978,0.2073,0.7377,0.2162,0.4371,0.7837,0.7412,0.4066,-0.1369,C,0.1998,0.322-0.622,0.528,0.328,0.105
2729,273243,-21.21,14,100.0,0.6843,0.2154,0.8186,0.3012,0.4331,0.4683,0.8751,0.4678,-0.2954,C,0.1876,0.322-0.622,0.528,0.328,0.105
2730,273464,2.95,221,97.3,0.4422,0.104,0.4738,0.5503,0.922,1.7929,0.481,0.3773,-0.5647,C,0.1662,0.322-0.622,0.529,0.329,0.105
2731,273480,-6.9,16,100.0,0.6432,0.1804,0.7114,0.2296,0.4479,0.794,0.7797,0.4184,-0.1492,C,0.231,0.322-0.622,0.529,0.329,0.105
2732,273494,-0.2,14,92.9,0.7476,0.1562,0.8487,0.1028,0.3658,0.2336,0.6524,0.4,-0.0284,C,0.1943,0.322-0.622,0.529,0.329,0.105
2733,273508,-18.46,14,100.0,0.6592,0.2,0.7984,0.2757,0.4732,0.4454,0.8801,0.4725,-0.2131,C,0.1581,0.322-0.622,0.529,0.329,0.105
2734,274113,1011.4,605,99.3,0.2597,0.1997,0.3814,0.5296,0.9686,2.7529,0.8356,0.3797,-0.5204,C,0.1706,0.322-0.622,0.53,0.33,0.105
2735,274126,-28.56,13,69.2,0.8251,0.1012,0.9188,0.1592,0.393,0.0697,0.3369,0.4245,-0.1398,C,0.1939,0.322-0.622,0.53,0.33,0.105
2736,274141,-14.4,15,93.3,0.9404,0.0684,0.7759,0.212,0.4305,0.0374,0.3046,0.4585,-0.1049,C,0.2053,0.322-0.622,0.53,0.33,0.105
2737,274155,-1.28,14,100.0,0.7246,0.1836,0.8671,0.1044,0.4098,0.4247,0.8106,0.4682,-0.0469,C,0.1739,0.322-0.622,0.53,0.33,0.105
2738,274168,-16.85,13,100.0,0.842,0.1481,0.831,0.1756,0.4455,0.1216,0.6849,0.4337,-0.1011,C,0.1607,0.322-0.622,0.53,0.33,0.105
2739,274181,-6.69,13,84.6,0.9779,0.0499,0.8844,0.1103,0.4119,0.0179,0.2175,0.4102,-0.0526,C,0.2273,0.322-0.622,0.53,0.33,0.105
2740,274195,-13.67,14,100.0,0.7655,0.1614,0.9064,0.1113,0.3485,0.6594,0.7061,0.4668,-0.0791,C,0.2046,0.322-0.622,0.53,0.33,0.105
2741,274211,-20.16,16,100.0,0.7994,0.1545,0.7979,0.3161,0.4852,0.1691,0.7218,0.4131,-0.3181,C,0.2376,0.322-0.622,0.53,0.33,0.105
2742,274226,-9.92,15,86.7,0.6761,0.1859,0.8834,0.1077,0.3088,0.7218,0.6934,0.4832,-0.0283,C,0.1862,0.322-0.622,0.53,0.33,0.105
2743,274241,-1.2,15,80.0,0.6288,0.2,0.851,0.1417,0.2963,0.5792,0.6959,0.4603,-0.0548,C,0.2335,0.322-0.622,0.531,0.331,0.105
2744,274254,-20.37,13,100.0,0.7936,0.1206,0.8902,0.1302,0.3858,0.1413,0.5671,0.4473,-0.0865,C,0.2179,0.322-0.622,0.531,0.331,0.105
2745,274267,0.97,13,100.0,0.4704,0.2232,0.8751,0.1487,0.4273,1.3699,0.9619,0.4211,-0.0988,C,0.1577,0.322-0.622,0.531,0.331,0.105
2746,274280,6.85,13,100.0,0.4888,0.242,0.864,0.1532,0.4103,1.4956,0.8835,0.4173,-0.097,C,0.2306,0.322-0.622,0.531,0.331,0.105
2747,274338,0.69,58,94.8,0.4709,0.2387,0.5569,0.464,0.7685,1.2752,0.8385,0.454,-0.4556,C,0.1651,0.322-0.622,0.531,0.331,0.105
2748,274351,-11.41,13,100.0,0.4654,0.2429,0.8348,0.216,0.4527,1.3922,0.9711,0.4708,-0.1934,C,0.2477,0.322-0.622,0.531,0.331,0.105
2749,274364,-8.28,13,100.0,0.6385,0.1452,0.86,0.2037,0.4321,0.8398,0.6515,0.4358,-0.1589,C,0.1867,0.322-0.622,0.531,0.331,0.105
2750,274378,-31.45,14,0.0,0.0,0.0,0.9315,0.0899,0.286,0.0,0.0,0.4267,-0.0413,C,0.2393,0.322-0.622,0.531,0.331,0.105
2751,274392,-18.53,14,85.7,0.7597,0.1396,0.8071,0.2335,0.4297,0.1919,0.5668,0.4562,-0.2073,C,0.1571,0.322-0.622,0.531,0.331,0.105
2752,274407,-6.91,15,86.7,0.7455,0.176,0.8219,0.1988,0.4133,0.1946,0.6927,0.4082,-0.1237,C,0.2156,0.322-0.622,0.531,0.331,0.105
2753,274423,-12.92,16,93.8,0.5684,0.2027,0.801,0.1902,0.4468,0.9328,0.802,0.4338,-0.1259,C,0.2451,0.322-0.622,0.531,0.331,0.105
2754,274439,-12.22,16,87.5,0.5488,0.2277,0.8021,0.2015,0.4274,0.93,0.7947,0.475,-0.1645,C,0.1555,0.322-0.622,0.531,0.331,0.105
2755,274452,-20.7,13,100.0,0.5423,0.2293,0.8592,0.2403,0.3961,1.2121,0.8979,0.4355,-0.2062,C,0.2151,0.322-0.622,0.531,0.331,0.105
2756,274495,7.45,43,97.7,0.4532,0.2473,0.5673,0.447,0.7527,1.2965,0.8948,0.4092,-0.4118,C,0.2354,0.322-0.622,0.531,0.331,0.105
2757,274511,-22.94,16,50.0,0.9916,0.0569,0.8346,0.1668,0.3392,0.0059,0.1467,0.4408,-0.0808,C,0.2442,0.322-0.622,0.531,0.331,0.105
2758,274525,-19.65,14,100.0,0.8546,0.1296,0.7923,0.2432,0.4296,0.1781,0.6109,0.4733,-0.216,C,0.2432,0.322-0.622,0.531,0.331,0.105
2759,274539,-12.06,14,78.6,0.8135,0.1073,0.8469,0.1654,0.4017,0.118,0.4005,0.3991,-0.0938,C,0.2392,0.322-0.622,0.531,0.331,0.105
2760,274552,-10.14,13,100.0,0.5268,0.2266,0.8868,0.1358,0.4012,1.2543,0.846,0.4314,-0.0695,C,0.1748,0.322-0.622,0.531,0.331,0.105
2761,274568,-10.26,16,87.5,0.9126,0.1249,0.8082,0.2021,0.4386,0.0602,0.5064,0.4512,-0.117,C,0.2427,0.322-0.622,0.531,0.331,0.105
2762,274582,-15.65,14,100.0,0.6193,0.1989,0.8833,0.139,0.4072,0.9316,0.8427,0.4391,-0.0798,C,0.1881,0.322-0.622,0.531,0.331,0.105
2763,274631,-9.76,49,93.9,0.6466,0.1759,0.4971,0.4038,0.8239,0.3707,0.7575,0.4222,-0.3563,C,0.2339,0.322-0.622,0.531,0.331,0.105
2764,274646,-14.53,15,86.7,0.6784,0.1911,0.8591,0.137,0.2966,0.6116,0.7213,0.4664,-0.0514,C,0.2328,0.322-0.622,0.531,0.331,0.105
2765,274833,30.78,187,99.5,0.5007,0.2312,0.4455,0.5097,0.9216,1.1249,0.8579,0.3891,-0.4832,C,0.1745,0.322-0.622,0.532,0.332,0.105
2766,274847,-7.34,14,85.7,0.5568,0.2197,0.896,0.1037,0.3282,0.9819,0.7667,0.4864,-0.0419,C,0.1603,0.322-0.622,0.532,0.332,0.105
2767,274861,-6.89,14,85.7,0.8277,0.1057,0.9058,0.0802,0.4001,0.1042,0.428,0.4172,-0.0385,C,0.1909,0.322-0.622,0.532,0.332,0.105
2768,274875,-0.45,14,100.0,0.8749,0.124,0.9056,0.0768,0.3464,0.5826,0.5712,0.4537,-0.0176,C,0.2244,0.322-0.622,0.532,0.332,0.105
2769,274888,-8.71,13,100.0,0.7021,0.1877,0.8539,0.1288,0.4459,0.3135,0.86,0.456,-0.0501,C,0.2131,0.322-0.622,0.532,0.332,0.105
2770,274902,-17.76,14,92.9,0.9177,0.1059,0.9073,0.1172,0.3441,0.0992,0.4579,0.4673,-0.0672,C,0.2222,0.322-0.622,0.532,0.332,0.105
2771,274916,-15.0,14,100.0,0.6306,0.1961,0.8562,0.1538,0.3793,0.8918,0.8345,0.4551,-0.0653,C,0.2236,0.322-0.622,0.532,0.332,0.105
2772,274930,-12.19,14,85.7,0.625,0.2037,0.9009,0.1087,0.3172,0.8006,0.7527,0.4205,-0.0478,C,0.1754,0.322-0.622,0.532,0.332,0.105
2773,274943,-8.35,13,100.0,0.581,0.2303,0.8993,0.1108,0.4293,0.7811,0.964,0.3836,-0.0494,C,0.23,0.322-0.622,0.532,0.332,0.105
2774,274956,-13.35,13,84.6,0.8281,0.0996,0.9128,0.1291,0.3844,0.0717,0.3945,0.4216,-0.1172,C,0.1557,0.322-0.622,0.532,0.332,0.105
2775,274969,-3.69,13,100.0,0.6154,0.1966,0.8876,0.1318,0.4158,0.9188,0.8228,0.4187,-0.0701,C,0.2213,0.322-0.622,0.532,0.332,0.105
2776,274983,-12.71,14,78.6,0.8794,0.0938,0.9147,0.0828,0.3238,0.0488,0.3623,0.4262,-0.0212,C,0.195,0.322-0.622,0.532,0.332,0.105
2777,275077,24.9,94,97.9,0.5053,0.214,0.4689,0.4597,0.881,0.9982,0.8736,0.443,-0.4139,C,0.1861,0.322-0.622,0.532,0.332,0.105
2778,275090,-3.55,13,92.3,0.6836,0.1743,0.9039,0.1098,0.3742,0.3196,0.7184,0.4538,-0.0396,C,0.2068,0.322-0.622,0.532,0.332,0.105
2779,275105,-25.33,15,66.7,0.9335,0.0547,0.7786,0.2395,0.4134,0.016,0.183,0.4914,-0.1832,C,0.1698,0.322-0.622,0.532,0.332,0.105
2780,275118,-10.74,13,100.0,0.7553,0.1704,0.8641,0.1337,0.3982,0.2289,0.7909,0.3929,-0.0481,C,0.2358,0.322-0.622,0.532,0.332,0.105
2781,275132,-8.76,14,100.0,0.6462,0.1985,0.8588,0.1514,0.4264,0.6629,0.8282,0.3996,-0.0919,C,0.2358,0.322-0.622,0.532,0.332,0.105
2782,275145,-25.85,13,100.0,0.6931,0.1821,0.8679,0.2237,0.4525,0.4713,0.7809,0.4321,-0.2015,C,0.1661,0.322-0.622,0.532,0.332,0.105
2783,275160,-14.56,15,86.7,0.7297,0.1626,0.8742,0.1372,0.3277,0.5227,0.6136,0.4354,-0.0489,C,0.1739,0.322-0.622,0.532,0.332,0.105
2784,275176,-3.31,16,93.8,0.5721,0.2115,0.8219,0.207,0.4016,1.005,0.831,0.4139,-0.1313,C,0.2008,0.322-0.622,0.533,0.333,0.105
2785,275193,-16.1,17,100.0,0.5725,0.2113,0.8108,0.2392,0.5019,0.9851,0.8276,0.3758,-0.1926,C,0.2452,0.322-0.622,0.533,0.333,0.105
2786,275208,-20.53,15,86.7,0.807,0.1316,0.7893,0.2892,0.4341,0.1145,0.5398,0.4181,-0.2199,C,0.2266,0.322-0.622,0.533,0.333,0.105
2787,275222,-9.58,14,100.0,0.7831,0.1516,0.7976,0.2154,0.3992,0.2296,0.703,0.4758,-0.1576,C,0.2301,0.322-0.622,0.533,0.333,0.105
2788,275238,-11.27,16,68.8,0.8567,0.1152,0.8221,0.1787,0.361,0.0341,0.3708,0.4021,-0.0892,C,0.2023,0.322-0.622,0.533,0.333,0.105
2789,275254,-26.15,16,75.0,0.9451,0.0769,0.8617,0.1506,0.4156,0.0159,0.2894,0.4353,-0.1147,C,0.2085,0.322-0.622,0.533,0.333,0.105
2790,275268,-11.28,14,92.9,0.7427,0.1528,0.9387,0.0681,0.3011,0.5285,0.6384,0.469,-0.0228,C,0.2463,0.322-0.622,0.533,0.333,0.105
2791,275283,-3.39,15,93.3,0.8057,0.1424,0.8371,0.1502,0.3306,0.262,0.5976,0.4405,-0.0551,C,0.1876,0.322-0.622,0.533,0.333,0.105
2792,275297,-4.48,14,78.6,0.8661,0.0854,0.9429,0.0672,0.3121,0.0457,0.3323,0.4662,-0.0223,C,0.2217,0.322-0.622,0.533,0.333,0.105
2793,275310,-7.62,13,100.0,0.6224,0.2056,0.872,0.1115,0.4255,0.6378,0.8829,0.4197,-0.0425,C,0.2473,0.322-0.622,0.533,0.333,0.105
2794,275323,-4.88,13,100.0,0.8685,0.1208,0.9004,0.1058,0.417,0.0851,0.5659,0.4326,-0.0462,C,0.1628,0.322-0.622,0.533,0.333,0.105
2795,275337,-2.8,14,100.0,0.6808,0.193,0.8184,0.1715,0.4323,0.4907,0.8331,0.4715,-0.1037,C,0.1813,0.322-0.622,0.533,0.333,0.105
2796,275353,-13.16,16,75.0,0.6742,0.185,0.8492,0.1561,0.3393,0.2898,0.6,0.4222,-0.0891,C,0.1721,0.322-0.622,0.533,0.333,0.105
2797,275366,-13.59,13,100.0,0.9984,0.0541,0.8575,0.1676,0.4605,0.0211,0.2682,0.3918,-0.1,C,0.1791,0.322-0.622,0.533,0.333,0.105
2798,275381,-2.41,15,86.7,0.6317,0.1863,0.8406,0.1415,0.4067,0.6284,0.691,0.4827,-0.0808,C,0.2207,0.322-0.622,0.533,0.333,0.105
2799,275394,-24.11,13,76.9,0.9231,0.0627,0.9388,0.0834,0.3461,0.0212,0.2472,0.4716,-0.0505,C,0.1563,0.322-0.622,0.533,0.333,0.105
2800,275407,-4.08,13,92.3,0.8807,0.1083,0.888,0.0891,0.4422,0.0535,0.4687,0.4163,-0.0298,C,0.1645,0.322-0.622,0.533,0.333,0.106
2801,275421,-12.54,14,78.6,0.7299,0.1655,0.9026,0.0999,0.3183,0.1672,0.5699,0.4648,-0.0289,C,0.2211,0.322-0.622,0.533,0.333,0.106
2802,275435,-1.91,14,92.9,0.6474,0.2052,0.8672,0.1351,0.3635,0.5843,0.7713,0.4194,-0.0772,C,0.2492,0.322-0.622,0.533,0.333,0.106
2803,275449,-13.11,14,100.0,0.9257,0.086,0.7889,0.2114,0.4161,0.0543,0.4085,0.4295,-0.145,C,0.1578,0.322-0.622,0.533,0.333,0.106
2804,275463,-11.18,14,100.0,0.7718,0.1689,0.8362,0.1661,0.4195,0.385,0.73,0.4754,-0.0943,C,0.2092,0.322-0.622,0.533,0.333,0.106
2805,275478,-28.46,15,73.3,0.8888,0.0573,0.8357,0.2286,0.4308,0.0417,0.2063,0.4725,-0.1774,C,0.1904,0.322-0.622,0.533,0.333,0.106
2806,275491,-11.78,13,100.0,0.6532,0.2266,0.8831,0.1454,0.4455,0.4244,0.9574,0.4363,-0.0741,C,0.1708,0.322-0.622,0.533,0.333,0.106
2807,275504,-2.65,13,100.0,0.657,0.1822,0.8693,0.1135,0.42,0.7357,0.7984,0.4481,-0.0521,C,0.1659,0.322-0.622,0.533,0.333,0.106
2808,275518,-17.53,14,78.6,0.8049,0.1261,0.9382,0.0785,0.2989,0.087,0.4544,0.4653,-0.0236,C,0.2272,0.322-0.622,0.533,0.333,0.106
2809,275730,153.78,212,99.5,0.4287,0.1658,0.4425,0.4708,0.9213,1.5713,0.7219,0.4007,-0.4208,C,0.1572,0.322-0.622,0.534,0.334,0.106
2810,275743,-16.51,13,100.0,0.7011,0.192,0.8753,0.1531,0.4483,0.3079,0.8745,0.4238,-0.1028,C,0.2473,0.322-0.622,0.534,0.334,0.106
2811,275757,-1.42,14,100.0,0.5069,0.2423,0.8205,0.2111,0.4868,1.2633,0.9467,0.4339,-0.1697,C,0.1823,0.322-0.622,0.534,0.334,0.106
2812,275771,-15.86,14,100.0,0.8511,0.1221,0.9002,0.1126,0.3315,0.3439,0.5588,0.4406,-0.0447,C,0.1744,0.322-0.622,0.534,0.334,0.106
2813,275784,-13.49,13,100.0,0.9871,0.0697,0.8457,0.1676,0.4335,0.0229,0.3294,0.45,-0.0918,C,0.1922,0.322-0.622,0.534,0.334,0.106
2814,275831,25.52,47,95.7,0.4394,0.2375,0.5685,0.4383,0.7603,1.5583,0.8552,0.4706,-0.4079,C,0.2195,0.322-0.622,0.534,0.334,0.106
2815,275846,1.86,15,80.0,0.5981,0.2044,0.9109,0.0854,0.2909,0.6429,0.6973,0.4567,-0.0156,C,0.1633,0.322-0.622,0.534,0.334,0.106
2816,275859,-8.03,13,100.0,0.7156,0.2008,0.917,0.0781,0.4221,0.299,0.8962,0.4348,-0.0282,C,0.2196,0.322-0.622,0.534,0.334,0.106
2817,276122,307.64,263,99.2,0.4288,0.2481,0.4395,0.4476,0.9442,1.5911,0.8873,0.385,-0.3917,C,0.1792,0.322-0.622,0.535,0.335,0.106
2818,276135,10.25,13,100.0,0.4611,0.2294,0.9122,0.0813,0.4113,1.5199,0.9155,0.3785,-0.0167,C,0.1908,0.322-0.622,0.535,0.335,0.106
2819,276148,-4.46,13,100.0,0.5847,0.2076,0.8518,0.1603,0.4048,1.0264,0.8815,0.4351,-0.1049,C,0.2282,0.322-0.622,0.535,0.335,0.106
2820,276162,-15.83,14,85.7,1.0067,0.0251,0.7877,0.154,0.4317,0.015,0.149,0.418,-0.0692,C,0.232,0.322-0.622,0.535,0.335,0.106
2821,276176,-21.63,14,100.0,0.6669,0.1868,0.7418,0.3282,0.411,0.6872,0.8061,0.4068,-0.2925,C,0.2152,0.322-0.622,0.535,0.335,0.106
2822,276189,-10.07,13,100.0,0.6181,0.215,0.8449,0.1752,0.4358,0.594,0.9138,0.4057,-0.1169,C,0.1749,0.322-0.622,0.535,0.335,0.106
2823,276207,-4.98,18,100.0,0.5615,0.2247,0.7137,0.3341,0.5359,1.0206,0.8932,0.4437,-0.2814,C,0.2449,0.322-0.622,0.535,0.335,0.106
2824,276221,-17.05,14,100.0,0.5703,0.2106,0.8237,0.2765,0.3829,0.9512,0.8769,0.4208,-0.2473,C,0.2043,0.322-0.622,0.535,0.335,0.106
2825,276234,-22.65,13,76.9,0.8889,0.0908,0.9168,0.1159,0.4094,0.0324,0.3278,0.4223,-0.1195,C,0.1608,0.322-0.622,0.535,0.335,0.106
2826,276247,-9.69,13,100.0,0.7992,0.1509,0.8769,0.1724,0.411,0.1775,0.6838,0.4492,-0.1183,C,0.2397,0.322-0.622,0.535,0.335,0.106
2827,276261,-13.29,14,100.0,0.6102,0.1987,0.8092,0.1862,0.3654,0.9709,0.8509,0.4559,-0.1291,C,0.2173,0.322-0.622,0.535,0.335,0.106
2828,276274,-19.64,13,92.3,0.7955,0.1102,0.8423,0.1522,0.3771,0.1053,0.4771,0.407,-0.0888,C,0.208,0.322-0.622,0.535,0.335,0.106
2829,276287,-0.79,13,100.0,0.8648,0.1228,0.8996,0.0853,0.4178,0.095,0.5818,0.428,-0.037,C,0.2269,0.322-0.622,0.535,0.335,0.106
2830,276300,-4.65,13,100.0,0.658,0.1895,0.8926,0.1538,0.4016,0.6057,0.8022,0.4288,-0.1042,C,0.1659,0.322-0.622,0.535,0.335,0.106
2831,276314,-19.77,14,71.4,0.8318,0.1138,0.9548,0.0431,0.2678,0.0497,0.381,0.341,-0.0059,C,0.2202,0.322-0.622,0.535,0.335,0.106
2832,276327,-5.38,13,100.0,0.611,0.2456,0.8861,0.112,0.455,0.6318,0.9528,0.4323,-0.0533,C,0.2001,0.322-0.622,0.535,0.335,0.106
2833,276340,0.83,13,100.0,0.5898,0.2266,0.8929,0.1146,0.4071,0.7801,0.9457,0.4295,-0.0852,C,0.2336,0.322-0.622,0.535,0.335,0.106
2834,276355,-13.2,15,100.0,0.7372,0.1729,0.8011,0.1897,0.3668,0.6971,0.7496,0.4753,-0.0897,C,0.2179,0.322-0.622,0.535,0.335,0.106
2835,276369,-0.85,14,92.9,0.797,0.1324,0.9266,0.076,0.3206,0.4736,0.5564,0.4574,-0.0126,C,0.2342,0.322-0.622,0.535,0.335,0.106
2836,276401,1.26,32,96.9,0.5175,0.2067,0.678,0.2768,0.6224,1.1847,0.7556,0.2943,-0.2096,C,0.2039,0.322-0.622,0.535,0.335,0.106
2837,276415,-11.67,14,100.0,0.7364,0.1645,0.8479,0.1546,0.3888,0.6447,0.727,0.4061,-0.088,C,0.1641,0.322-0.622,0.535,0.335,0.106
2838,276429,-4.08,14,100.0,0.7004,0.1837,0.8563,0.1493,0.408,0.4049,0.8197,0.4254,-0.0805,C,0.2183,0.322-0.622,0.535,0.335,0.106
2839,276443,-10.79,14,85.7,0.7528,0.1479,0.9093,0.1041,0.3896,0.2049,0.6,0.4214,-0.0558,C,0.2245,0.322-0.622,0.535,0.335,0.106
2840,276457,-3.77,14,92.9,0.5204,0.234,0.8686,0.1822,0.4043,1.1006,0.8179,0.4747,-0.1646,C,0.1577,0.322-0.622,0.535,0.335,0.106
2841,276475,-21.82,18,83.3,0.7722,0.1279,0.7537,0.3033,0.499,0.1936,0.508,0.4856,-0.2636,C,0.1611,0.322-0.622,0.535,0.335,0.106
2842,276571,92.33,96,100.0,0.4462,0.224,0.4881,0.418,0.8559,1.555,0.9128,0.3247,-0.3476,C,0.1964,0.322-0.622,0.536,0.336,0.106
2843,276587,-18.63,16,87.5,0.7616,0.1597,0.8212,0.2111,0.3194,0.3883,0.6166,0.4796,-0.1282,C,0.1937,0.322-0.622,0.536,0.336,0.106
2844,276604,-10.71,17,76.5,0.7425,0.1465,0.8005,0.1996,0.4659,0.1873,0.5291,0.4008,-0.1245,C,0.2008,0.322-0.622,0.536,0.336,0.106
2845,276619,-1.1,15,86.7,0.7823,0.1397,0.9151,0.0775,0.3094,0.2659,0.5376,0.4723,-0.0148,C,0.177,0.322-0.622,0.536,0.336,0.106
2846,276633,-17.72,14,100.0,0.6553,0.1915,0.8268,0.1871,0.4478,0.7003,0.7969,0.4572,-0.0984,C,0.1603,0.322-0.622,0.536,0.336,0.106
2847,276647,-8.84,14,92.9,0.6355,0.2076,0.8434,0.1508,0.3786,0.5704,0.8026,0.4206,-0.0703,C,0.1792,0.322-0.622,0.536,0.336,0.106
2848,276890,179.96,243,98.4,0.3758,0.1937,0.3988,0.5418,0.9489,1.9696,0.8392,0.3988,-0.5477,C,0.2462,0.322-0.622,0.536,0.336,0.106
2849,276904,-16.3,14,100.0,0.8184,0.1325,0.8739,0.2006,0.4545,0.1157,0.6134,0.4278,-0.1795,C,0.1759,0.322-0.622,0.536,0.336,0.106
2850,276929,-13.42,25,88.0,0.7114,0.1631,0.6758,0.3318,0.6783,0.2105,0.667,0.4134,-0.2827,C,0.1978,0.322-0.622,0.536,0.336,0.106
2851,276947,-23.32,18,83.3,0.8497,0.0834,0.7389,0.242,0.512,0.0645,0.3239,0.4373,-0.2068,C,0.1825,0.322-0.622,0.536,0.336,0.106
2852,276960,-11.7,13,100.0,0.5941,0.1774,0.8266,0.1808,0.4473,0.989,0.7394,0.4217,-0.0846,C,0.2363,0.322-0.622,0.536,0.336,0.106
2853,276974,-20.21,14,64.3,0.915,0.0901,0.9483,0.0591,0.2837,0.0179,0.2747,0.4051,-0.008,C,0.1985,0.322-0.622,0.536,0.336,0.106
2854,276989,-23.6,15,0.0,0.0,0.0,0.886,0.1383,0.3139,0.0,0.0,0.4312,-0.0882,C,0.1576,0.322-0.622,0.536,0.336,0.106
2855,277003,-18.35,14,100.0,0.7453,0.1621,0.7593,0.289,0.4334,0.4282,0.7096,0.4496,-0.2596,C,0.2037,0.322-0.622,0.536,0.336,0.106
2856,277029,-56.2,26,76.9,0.7969,0.1245,0.6934,0.4149,0.5169,0.0912,0.4481,0.3663,-0.4192,C,0.2349,0.322-0.622,0.536,0.336,0.106
2857,277043,-23.56,14,50.0,1.0698,0.048,0.8819,0.1267,0.3114,0.0024,0.1259,0.4381,-0.0387,C,0.1689,0.322-0.622,0.537,0.337,0.106
2858,277060,-36.52,17,52.9,0.9873,0.0494,0.807,0.2824,0.4545,0.0102,0.135,0.3857,-0.2813,C,0.1854,0.322-0.622,0.537,0.337,0.106
2859,277075,-4.96,15,100.0,0.7765,0.1555,0.7926,0.2027,0.378,0.6539,0.684,0.4728,-0.1166,C,0.228,0.322-0.622,0.537,0.337,0.106
2860,277096,-20.84,21,85.7,0.6643,0.2189,0.6384,0.3624,0.5487,0.4447,0.7765,0.4352,-0.2895,C,0.2057,0.322-0.622,0.537,0.337,0.106
2861,277109,-1.06,13,100.0,0.6315,0.1735,0.8699,0.1019,0.4216,0.9142,0.7601,0.4404,-0.0393,C,0.2394,0.322-0.622,0.537,0.337,0.106
2862,277124,-11.8,15,100.0,0.7831,0.1432,0.8402,0.1432,0.3397,0.4996,0.6398,0.4424,-0.0522,C,0.2024,0.322-0.622,0.537,0.337,0.106
2863,277137,-3.77,13,100.0,0.5407,0.2303,0.8784,0.1193,0.4237,1.1121,0.8526,0.431,-0.0501,C,0.1578,0.322-0.622,0.537,0.337,0.106
2864,277151,-18.74,14,100.0,0.682,0.1641,0.7932,0.2337,0.4234,0.6446,0.719,0.4488,-0.1507,C,0.2281,0.322-0.622,0.537,0.337,0.106
2865,277250,33.06,99,98.0,0.43,0.2179,0.4927,0.4938,0.8836,1.454,0.8574,0.3404,-0.4732,C,0.2186,0.322-0.622,0.537,0.337,0.106
2866,277265,-18.94,15,93.3,0.7193,0.1559,0.8514,0.2074,0.4172,0.2766,0.671,0.4043,-0.1845,C,0.1654,0.322-0.622,0.537,0.337,0.106
2867,277278,-7.89,13,100.0,0.649,0.2231,0.9039,0.0717,0.4188,0.5056,0.9006,0.405,-0.0165,C,0.2462,0.322-0.622,0.537,0.337,0.106
2868,277292,-10.45,14,100.0,0.5939,0.2053,0.8185,0.1556,0.4341,0.9569,0.8704,0.4267,-0.1164,C,0.2096,0.322-0.622,0.537,0.337,0.106
2869,277461,-92.72,169,96.4,0.4538,0.1682,0.4731,0.586,0.9233,1.329,0.7305,0.4003,-0.6384,C,0.1978,0.322-0.622,0.537,0.337,0.106
2870,277475,-22.92,14,50.0,0.8804,0.0356,0.8859,0.1351,0.3725,0.0227,0.1031,0.4335,-0.0958,C,0.1672,0.322-0.622,0.537,0.337,0.106
2871,277489,0.79,14,85.7,0.6792,0.1946,0.9086,0.0765,0.3256,0.4731,0.7113,0.4483,-0.0154,C,0.1952,0.322-0.622,0.537,0.337,0.106
2872,277503,1.39,14,85.7,0.5869,0.2043,0.8553,0.1299,0.3104,0.8952,0.7504,0.4814,-0.0455,C,0.1763,0.322-0.622,0.537,0.337,0.106
2873,277517,-5.75,14,100.0,0.674,0.1856,0.8378,0.1887,0.3775,0.7836,0.8131,0.4361,-0.1288,C,0.1928,0.322-0.622,0.538,0.338,0.106
2874,277530,-14.99,13,100.0,0.7279,0.1757,0.8845,0.1312,0.4233,0.2807,0.812,0.4108,-0.076,C,0.2113,0.322-0.622,0.538,0.338,0.106
2875,277545,-13.97,15,100.0,0.8711,0.1156,0.7801,0.2087,0.3976,0.1557,0.5344,0.487,-0.096,C,0.2334,0.322-0.622,0.538,0.338,0.106
2876,277559,-21.16,14,100.0,0.6503,0.1923,0.872,0.2557,0.4003,0.7725,0.8412,0.4419,-0.2914,C,0.1577,0.322-0.622,0.538,0.338,0.106
2877,277578,-5.58,19,94.7,0.5272,0.2302,0.6753,0.2903,0.5387,1.1432,0.8467,0.4406,-0.2088,C,0.2177,0.322-0.622,0.538,0.338,0.106
2878,277591,1.04,13,100.0,0.7397,0.1708,0.8551,0.1182,0.4475,0.246,0.788,0.3876,-0.0339,C,0.1734,0.322-0.622,0.538,0.338,0.106
2879,277605,2.94,14,92.9,0.5256,0.2291,0.8375,0.1638,0.4046,1.0867,0.8625,0.4324,-0.0917,C,0.218,0.322-0.622,0.538,0.338,0.106
2880,277619,-13.04,14,85.7,0.7272,0.1562,0.876,0.1305,0.3256,0.2264,0.5924,0.4217,-0.0417,C,0.2067,0.322-0.622,0.538,0.338,0.106
2881,277637,-19.66,18,72.2,0.8093,0.1608,0.7703,0.2202,0.4813,0.0982,0.5319,0.4274,-0.1697,C,0.2359,0.322-0.622,0.538,0.338,0.106
2882,277650,-34.93,13,0.0,0.0,0.0,0.9107,0.0823,0.3594,0.0,0.0,0.3637,-0.0493,C,0.2354,0.322-0.622,0.538,0.338,0.106
2883,277663,-21.13,13,0.0,0.0,0.0,0.8754,0.1141,0.3554,0.0,0.0,0.426,-0.0638,C,0.161,0.322-0.622,0.538,0.338,0.106
2884,277677,-17.25,14,100.0,0.7913,0.1328,0.7365,0.2136,0.4154,0.162,0.6321,0.4207,-0.1585,C,0.2173,0.322-0.622,0.538,0.338,0.106
2885,277692,0.09,15,86.7,0.735,0.1587,0.9118,0.0681,0.3063,0.3961,0.6105,0.4513,-0.0087,C,0.1784,0.322-0.622,0.538,0.338,0.106
2886,277712,-15.06,20,95.0,0.6083,0.2244,0.6338,0.2932,0.5917,0.6367,0.8792,0.4807,-0.2203,C,0.2455,0.322-0.622,0.538,0.338,0.106
2887,277726,-1.68,14,100.0,0.6408,0.1986,0.8228,0.1574,0.4307,0.478,0.8833,0.437,-0.0952,C,0.2124,0.322-0.622,0.538,0.338,0.106
2888,277741,4.74,15,100.0,0.4965,0.2376,0.821,0.1679,0.4445,1.3022,0.9412,0.4401,-0.1023,C,0.2183,0.322-0.622,0.538,0.338,0.106
2889,277761,-14.53,20,100.0,0.688,0.1729,0.7135,0.2981,0.5328,0.5718,0.714,0.4243,-0.2429,C,0.1969,0.322-0.622,0.538,0.338,0.106
2890,277776,-18.33,15,80.0,0.7782,0.1245,0.8989,0.1956,0.4243,0.1076,0.4638,0.4094,-0.1967,C,0.2443,0.322-0.622,0.538,0.338,0.106
2891,277790,-13.83,14,100.0,0.7289,0.1687,0.7875,0.2177,0.4079,0.2893,0.7823,0.4213,-0.1385,C,0.1956,0.322-0.622,0.538,0.338,0.106
2892,277804,-2.2,14,78.6,0.7246,0.1679,0.9553,0.0515,0.2907,0.1792,0.5796,0.4025,-0.0078,C,0.2142,0.322-0.622,0.538,0.338,0.106
2893,277819,-0.0,15,93.3,0.67,0.2139,0.7862,0.1587,0.4105,0.6013,0.8067,0.4666,-0.0766,C,0.1857,0.322-0.622,0.538,0.338,0.106
2894,277835,0.05,16,100.0,0.6683,0.187,0.7332,0.2022,0.4574,0.8128,0.7868,0.4819,-0.1119,C,0.1832,0.322-0.622,0.538,0.338,0.106
2895,277850,-1.4,15,93.3,0.6689,0.1911,0.825,0.1624,0.3413,0.7542,0.779,0.4452,-0.0735,C,0.2452,0.322-0.622,0.538,0.338,0.106
2896,277865,-4.01,15,93.3,0.519,0.2373,0.7757,0.2184,0.4299,1.1519,0.828,0.4475,-0.1453,C,0.1619,0.322-0.622,0.538,0.338,0.106
2897,277878,-17.36,13,100.0,0.8703,0.1013,0.8399,0.1388,0.4318,0.093,0.4774,0.4509,-0.0691,C,0.2355,0.322-0.622,0.538,0.338,0.106
2898,277893,-13.78,15,93.3,0.7244,0.1754,0.817,0.1903,0.3658,0.3791,0.7042,0.456,-0.0948,C,0.245,0.322-0.622,0.538,0.338,0.106
2899,277907,-8.17,14,92.9,0.9691,0.0727,0.8558,0.1696,0.3986,0.0366,0.3397,0.4601,-0.102,C,0.2327,0.322-0.622,0.538,0.338,0.106
2900,277920,-3.66,13,100.0,0.5152,0.2246,0.8544,0.1244,0.4566,1.1904,0.9112,0.4289,-0.0417,C,0.2131,0.322-0.622,0.538,0.338,0.106
2901,277935,-10.65,15,86.7,0.6085,0.2142,0.8749,0.1487,0.3188,0.7744,0.7485,0.3997,-0.0745,C,0.2025,0.322-0.622,0.538,0.338,0.106
2902,277951,-16.5,16,50.0,0.8744,0.0955,0.8506,0.138,0.368,0.0241,0.2322,0.4384,-0.0769,C,0.1636,0.322-0.622,0.538,0.338,0.106
2903,277966,-18.91,15,93.3,0.7733,0.1673,0.81,0.2478,0.4821,0.2594,0.7217,0.3918,-0.2399,C,0.2481,0.322-0.622,0.538,0.338,0.106
2904,277981,-9.37,15,93.3,0.738,0.1818,0.7823,0.1419,0.381,0.3275,0.7549,0.4244,-0.0467,C,0.2254,0.322-0.622,0.539,0.339,0.106
2905,277997,-17.16,16,56.2,0.9821,0.0396,0.7911,0.1742,0.4648,0.0098,0.122,0.4006,-0.0891,C,0.1731,0.322-0.622,0.539,0.339,0.106
2906,278011,-15.14,14,100.0,0.6303,0.2323,0.8138,0.2333,0.4704,0.6012,0.895,0.4353,-0.1514,C,0.1659,0.322-0.622,0.539,0.339,0.106
2907,278043,3.39,32,93.8,0.5817,0.2074,0.7001,0.2837,0.65,0.6969,0.7926,0.4245,-0.2173,C,0.2406,0.322-0.622,0.539,0.339,0.106
2908,278057,-15.84,14,100.0,0.8101,0.1357,0.7968,0.2522,0.4098,0.1882,0.6336,0.4302,-0.2141,C,0.1866,0.322-0.622,0.539,0.339,0.106
2909,278072,-20.29,15,100.0,0.7027,0.1542,0.7432,0.352,0.4442,0.6113,0.6761,0.4457,-0.2953,C,0.2181,0.322-0.622,0.539,0.339,0.106
2910,278085,-3.37,13,100.0,0.4664,0.2449,0.9028,0.1132,0.4199,1.4815,0.9334,0.4189,-0.0813,C,0.2075,0.322-0.622,0.539,0.339,0.106
2911,278099,-13.83,14,85.7,0.7981,0.1198,0.9357,0.0596,0.3092,0.1823,0.4738,0.4671,-0.0101,C,0.2322,0.322-0.622,0.539,0.339,0.106
2912,278112,-14.55,13,100.0,0.582,0.229,0.895,0.1357,0.4259,0.8109,0.9456,0.4488,-0.0984,C,0.1571,0.322-0.622,0.539,0.339,0.106
2913,278127,-8.1,15,93.3,0.4877,0.2305,0.822,0.2015,0.4082,1.3483,0.8032,0.376,-0.1636,C,0.249,0.322-0.622,0.539,0.339,0.106
2914,278141,-2.87,14,100.0,0.4921,0.225,0.8762,0.1076,0.4267,1.2829,0.9569,0.3682,-0.023,C,0.2449,0.322-0.622,0.539,0.339,0.106
2915,278159,-18.75,18,94.4,0.7904,0.1638,0.806,0.2686,0.4907,0.3374,0.6646,0.4363,-0.2372,C,0.1608,0.322-0.622,0.539,0.339,0.106
2916,278173,-14.01,14,85.7,0.7929,0.1211,0.9167,0.0795,0.3147,0.1568,0.4765,0.4768,-0.0135,C,0.1774,0.322-0.622,0.539,0.339,0.106
2917,278187,-13.31,14,100.0,0.7229,0.2055,0.8258,0.2246,0.46,0.2984,0.8844,0.4495,-0.1831,C,0.2137,0.322-0.622,0.539,0.339,0.106
2918,278200,-3.49,13,100.0,0.6874,0.1854,0.9055,0.0972,0.3962,0.4553,0.8079,0.4526,-0.0547,C,0.1637,0.322-0.622,0.539,0.339,0.106
2919,278216,-21.06,16,56.2,0.8149,0.0681,0.8516,0.1967,0.4304,0.05,0.1816,0.4288,-0.1532,C,0.2033,0.322-0.622,0.539,0.339,0.107
2920,278230,-13.74,14,100.0,0.6907,0.1746,0.8186,0.2162,0.3886,0.7665,0.7512,0.4762,-0.152,C,0.1636,0.322-0.622,0.539,0.339,0.107
2921,278245,-4.02,15,73.3,0.7235,0.1839,0.8781,0.1314,0.3355,0.165,0.5984,0.4453,-0.0618,C,0.2468,0.322-0.622,0.539,0.339,0.107
2922,278431,60.99,186,97.8,0.3734,0.1497,0.4475,0.5574,0.9314,1.9797,0.6854,0.3287,-0.5714,C,0.1861,0.322-0.622,0.539,0.339,0.107
2923,278446,-7.04,15,100.0,0.5125,0.2223,0.7967,0.2189,0.3901,1.3821,0.8617,0.4352,-0.1428,C,0.2035,0.322-0.622,0.54,0.34,0.107
2924,278460,-7.15,14,64.3,0.9057,0.0888,0.945,0.0726,0.2979,0.0241,0.2805,0.4497,-0.0205,C,0.2116,0.322-0.622,0.54,0.34,0.107
2925,278473,-17.31,13,100.0,0.7164,0.1597,0.8686,0.1329,0.4,0.6301,0.7073,0.4598,-0.0626,C,0.2177,0.322-0.622,0.54,0.34,0.107
2926,278486,-11.87,13,84.6,0.8412,0.0945,0.9374,0.1061,0.354,0.0639,0.3831,0.4523,-0.0842,C,0.2044,0.322-0.622,0.54,0.34,0.107
2927,278499,-8.63,13,100.0,0.8464,0.1376,0.8474,0.1759,0.4196,0.1015,0.6399,0.4123,-0.099,C,0.2308,0.322-0.622,0.54,0.34,0.107
2928,278513,-11.71,14,92.9,0.651,0.2112,0.8414,0.1622,0.3677,0.5493,0.7998,0.4451,-0.1115,C,0.1851,0.322-0.622,0.54,0.34,0.107
2929,278526,-6.94,13,100.0,0.4658,0.2374,0.8601,0.1637,0.4402,1.4048,0.9749,0.4525,-0.0931,C,0.2058,0.322-0.622,0.54,0.34,0.107
2930,278540,-32.03,14,50.0,1.1617,0.0229,0.8921,0.1577,0.3604,0.0006,0.0849,0.4232,-0.1657,C,0.192,0.322-0.622,0.54,0.34,0.107
2931,278555,-11.64,15,86.7,0.7791,0.1516,0.848,0.2118,0.3221,0.1247,0.6024,0.4313,-0.1672,C,0.1851,0.322-0.622,0.54,0.34,0.107
2932,278575,-0.01,20,90.0,0.5271,0.2166,0.8373,0.179,0.4978,1.1174,0.7384,0.3517,-0.108,C,0.1982,0.322-0.622,0.54,0.34,0.107
2933,278589,-16.61,14,100.0,0.6074,0.2078,0.8537,0.1887,0.3787,0.796,0.8884,0.4215,-0.1796,C,0.203,0.322-0.622,0.54,0.34,0.107
2934,278604,3.03,15,80.0,0.6351,0.1991,0.9027,0.0785,0.297,0.5659,0.669,0.4732,-0.0134,C,0.1755,0.322-0.622,0.54,0.34,0.107
2935,278617,-16.78,13,84.6,0.6269,0.2024,0.9007,0.1243,0.403,0.447,0.7473,0.4029,-0.0783,C,0.185,0.322-0.622,0.54,0.34,0.107
2936,278631,-19.28,14,78.6,1.0449,0.0143,0.8098,0.2376,0.4222,0.0076,0.1143,0.4559,-0.1945,C,0.1864,0.322-0.622,0.54,0.34,0.107
2937,278645,-15.3,14,85.7,0.6945,0.165,0.9056,0.1486,0.3517,0.3396,0.6511,0.4365,-0.1041,C,0.2188,0.322-0.622,0.54,0.34,0.107
2938,278659,-7.41,14,100.0,0.5754,0.225,0.7838,0.2343,0.405,1.016,0.9406,0.4233,-0.1722,C,0.1951,0.322-0.622,0.54,0.34,0.107
2939,278674,-7.42,15,100.0,0.5567,0.2182,0.8329,0.1456,0.5132,1.0147,0.9114,0.3853,-0.073,C,0.1824,0.322-0.622,0.54,0.34,0.107
2940,278688,-13.32,14,85.7,0.7259,0.1656,0.9497,0.0544,0.3015,0.4101,0.6181,0.449,-0.008,C,0.2418,0.322-0.622,0.54,0.34,0.107
2941,278703,-3.83,15,80.0,0.7131,0.1728,0.8611,0.1424,0.3207,0.2693,0.5951,0.4532,-0.0688,C,0.1809,0.322-0.622,0.54,0.34,0.107
2942,278718,-1.19,15,86.7,0.5843,0.2059,0.8404,0.1702,0.3185,0.8848,0.7563,0.4137,-0.0899,C,0.2092,0.322-0.622,0.54,0.34,0.107
2943,278732,-10.98,14,100.0,0.7113,0.2063,0.8264,0.1869,0.4326,0.3248,0.8988,0.4122,-0.1183,C,0.1961,0.322-0.622,0.54,0.34,0.107
2944,278746,-16.38,14,85.7,0.8149,0.1133,0.9065,0.0862,0.3109,0.1225,0.4536,0.4491,-0.0268,C,0.1992,0.322-0.622,0.54,0.34,0.107
2945,278759,-11.66,13,100.0,0.5212,0.2156,0.8789,0.1331,0.4322,1.1866,0.9195,0.4274,-0.0669,C,0.2391,0.322-0.622,0.54,0.34,0.107
2946,278773,-13.86,14,78.6,0.8328,0.1004,0.886,0.1563,0.3589,0.0676,0.3734,0.4045,-0.1052,C,0.2206,0.322-0.622,0.54,0.34,0.107
2947,278786,-1.41,13,100.0,0.7401,0.191,0.8538,0.1281,0.421,0.255,0.8493,0.4302,-0.0495,C,0.1791,0.322-0.622,0.54,0.34,0.107
2948,278800,-13.12,14,92.9,0.6976,0.1813,0.8728,0.1615,0.371,0.3223,0.7528,0.468,-0.1084,C,0.1943,0.322-0.622,0.54,0.34,0.107
2949,278814,-19.56,14,100.0,0.6518,0.1975,0.7558,0.3466,0.4396,0.7369,0.8366,0.4501,-0.3516,C,0.224,0.322-0.622,0.54,0.34,0.107
2950,278829,-12.53,15,66.7,0.9366,0.0875,0.8219,0.1946,0.4199,0.0258,0.2777,0.4496,-0.1025,C,0.2388,0.322-0.622,0.54,0.34,0.107
2951,278843,-6.68,14,92.9,0.4864,0.2377,0.8326,0.2415,0.4092,1.2793,0.8282,0.4368,-0.2183,C,0.1843,0.322-0.622,0.54,0.34,0.107
2952,278857,-17.92,14,0.0,0.0,0.0,0.8993,0.1042,0.3214,0.0,0.0,0.4356,-0.0322,C,0.2165,0.322-0.622,0.54,0.34,0.107
2953,278871,-4.5,14,100.0,0.5325,0.231,0.826,0.2459,0.4399,1.1364,0.8659,0.4846,-0.2331,C,0.205,0.322-0.622,0.54,0.34,0.107
2954,278884,-7.28,13,92.3,0.7079,0.1943,0.8873,0.1199,0.4311,0.2828,0.7879,0.4595,-0.0625,C,0.1959,0.322-0.622,0.54,0.34,0.107
2955,278898,-15.74,14,92.9,0.7601,0.1614,0.892,0.144,0.4063,0.2246,0.6987,0.4592,-0.112,C,0.2353,0.322-0.622,0.54,0.34,0.107
2956,278918,-0.06,20,90.0,0.6302,0.2102,0.6911,0.2473,0.4234,0.7677,0.7752,0.4448,-0.1455,C,0.1756,0.322-0.622,0.541,0.341,0.107
2957,278931,-25.71,13,84.6,0.9444,0.0603,0.9311,0.1205,0.3635,0.0192,0.264,0.465,-0.1103,C,0.19,0.322-0.622,0.541,0.341,0.107
2958,278944,-4.39,13,100.0,0.6522,0.2035,0.8357,0.1813,0.4512,0.4443,0.89,0.4345,-0.1129,C,0.2189,0.322-0.622,0.541,0.341,0.107
2959,278957,-1.6,13,100.0,0.6102,0.1996,0.8404,0.1644,0.421,0.79,0.8318,0.4708,-0.0962,C,0.235,0.322-0.622,0.541,0.341,0.107
2960,278974,-12.21,17,64.7,0.8648,0.1434,0.7432,0.1884,0.472,0.0305,0.4376,0.4,-0.1134,C,0.2028,0.322-0.622,0.541,0.341,0.107
2961,278987,-4.74,13,100.0,0.6913,0.1798,0.896,0.1566,0.4021,0.3766,0.8065,0.4286,-0.0898,C,0.2267,0.322-0.622,0.541,0.341,0.107
2962,279002,-11.74,15,80.0,0.6312,0.2018,0.8826,0.1346,0.301,0.6518,0.6499,0.4172,-0.0447,C,0.2445,0.322-0.622,0.541,0.341,0.107
2963,279018,-3.81,16,100.0,0.5795,0.2303,0.7242,0.2786,0.4862,0.9707,0.8897,0.46,-0.2361,C,0.1901,0.322-0.622,0.541,0.341,0.107
2964,279035,-15.99,17,58.8,1.1012,0.0391,0.8294,0.1804,0.3782,0.0023,0.1304,0.4632,-0.1329,C,0.2105,0.322-0.622,0.541,0.341,0.107
2965,279049,-8.85,14,85.7,0.8324,0.1294,0.8363,0.1888,0.3958,0.0798,0.518,0.4742,-0.1416,C,0.1832,0.322-0.622,0.541,0.341,0.107
2966,279064,-11.26,15,73.3,0.6713,0.1934,0.8591,0.1904,0.3757,0.2689,0.6349,0.4772,-0.1572,C,0.1676,0.322-0.622,0.541,0.341,0.107
2967,279078,-15.63,14,100.0,0.7721,0.1578,0.7686,0.2808,0.4188,0.2399,0.7425,0.4856,-0.2383,C,0.1726,0.322-0.622,0.541,0.341,0.107
2968,279093,-6.25,15,80.0,0.7134,0.1706,0.863,0.1729,0.3539,0.2091,0.5911,0.4601,-0.1037,C,0.1853,0.322-0.622,0.541,0.341,0.107
2969,279142,5.23,49,87.8,0.4206,0.1604,0.6046,0.3749,0.7634,1.6857,0.559,0.2113,-0.3322,C,0.1678,0.322-0.622,0.541,0.341,0.107
2970,279156,-17.74,14,92.9,1.061,0.0182,0.8526,0.2362,0.4283,0.0073,0.1443,0.4079,-0.206,C,0.1979,0.322-0.622,0.541,0.341,0.107
2971,279206,20.12,50,94.0,0.4492,0.1421,0.566,0.3846,0.8047,1.5294,0.5595,0.3243,-0.3334,C,0.1826,0.322-0.622,0.541,0.341,0.107
2972,279266,-55.55,60,100.0,0.8587,0.1282,0.552,0.4173,0.8248,0.1407,0.5554,0.3269,-0.3811,C,0.1859,0.322-0.622,0.541,0.341,0.107
2973,279281,-17.54,15,80.0,0.9852,0.0569,0.8231,0.2077,0.419,0.0197,0.2267,0.4592,-0.1562,C,0.1775,0.322-0.622,0.541,0.341,0.107
2974,279296,-2.19,15,93.3,0.5853,0.2233,0.7581,0.2222,0.3944,0.9837,0.8467,0.4484,-0.1392,C,0.1999,0.322-0.622,0.541,0.341,0.107
2975,279309,-10.01,13,100.0,0.5,0.2124,0.8635,0.1794,0.4306,1.2458,0.9318,0.3895,-0.1022,C,0.1996,0.322-0.622,0.541,0.341,0.107
2976,279323,-27.33,14,100.0,1.0149,0.0527,0.7868,0.2864,0.4273,0.0274,0.2716,0.4508,-0.2724,C,0.2466,0.322-0.622,0.541,0.341,0.107
2977,279338,-1.52,15,86.7,0.7858,0.1539,0.8748,0.1168,0.3068,0.3501,0.5845,0.4743,-0.0322,C,0.2437,0.322-0.622,0.541,0.341,0.107
2978,279352,-9.63,14,100.0,0.6523,0.2025,0.8313,0.2116,0.4035,0.5556,0.8853,0.4369,-0.186,C,0.1949,0.322-0.622,0.541,0.341,0.107
2979,279365,-6.46,13,100.0,0.4402,0.2357,0.8949,0.1021,0.4027,1.6866,0.9084,0.4075,-0.0652,C,0.2195,0.322-0.622,0.541,0.341,0.107
2980,279381,-16.23,16,87.5,0.8057,0.1544,0.7876,0.231,0.4227,0.0954,0.637,0.468,-0.1542,C,0.1695,0.322-0.622,0.542,0.342,0.107
2981,279397,-4.4,16,87.5,0.8067,0.1277,0.8373,0.158,0.3315,0.3328,0.5082,0.4358,-0.0635,C,0.1731,0.322-0.622,0.542,0.342,0.107
2982,279411,-11.81,14,50.0,0.8207,0.0605,0.8633,0.1053,0.3574,0.0398,0.148,0.3927,-0.0448,C,0.2466,0.322-0.622,0.542,0.342,0.107
2983,279428,-8.45,17,76.5,0.7955,0.1692,0.8155,0.1641,0.369,0.097,0.5768,0.359,-0.0768,C,0.2247,0.322-0.622,0.542,0.342,0.107
2984,279442,-5.61,14,78.6,0.8171,0.1182,0.9143,0.1044,0.3137,0.0597,0.4327,0.453,-0.05,C,0.2161,0.322-0.622,0.542,0.342,0.107
2985,279457,-11.15,15,100.0,0.7212,0.1795,0.8276,0.2568,0.4075,0.3732,0.7912,0.4097,-0.2268,C,0.1796,0.322-0.622,0.542,0.342,0.107
2986,279471,-8.84,14,100.0,0.6333,0.1747,0.7625,0.1947,0.4194,0.8831,0.7566,0.4654,-0.1267,C,0.207,0.322-0.622,0.542,0.342,0.107
2987,279485,-3.55,14,92.9,0.5234,0.2292,0.8202,0.2494,0.4332,1.2053,0.7899,0.4783,-0.2422,C,0.1614,0.322-0.622,0.542,0.342,0.107
2988,279502,-8.98,17,94.1,0.5715,0.2077,0.7705,0.2063,0.45,0.8745,0.8017,0.4107,-0.1177,C,0.1735,0.322-0.622,0.542,0.342,0.107
2989,279515,-6.78,13,100.0,0.7204,0.1876,0.9127,0.1594,0.4335,0.3709,0.8223,0.4118,-0.1516,C,0.2394,0.322-0.622,0.542,0.342,0.107
2990,279528,-3.05,13,100.0,0.8148,0.1428,0.8992,0.0989,0.4027,0.3226,0.6478,0.4457,-0.0448,C,0.2403,0.322-0.622,0.542,0.342,0.107
2991,279543,-9.64,15,93.3,0.7005,0.1909,0.8131,0.224,0.4464,0.2983,0.7912,0.4441,-0.1819,C,0.1784,0.322-0.622,0.542,0.342,0.107
2992,279557,-14.91,14,85.7,0.769,0.1456,0.9299,0.0777,0.2952,0.2891,0.5498,0.4373,-0.0173,C,0.2131,0.322-0.622,0.542,0.342,0.107
2993,279570,-10.8,13,100.0,0.5871,0.1874,0.8922,0.1216,0.4369,0.9497,0.7937,0.4035,-0.0723,C,0.2347,0.322-0.622,0.542,0.342,0.107
2994,279584,-15.09,14,100.0,0.7652,0.1395,0.8238,0.201,0.3934,0.3017,0.6307,0.4887,-0.1367,C,0.1946,0.322-0.622,0.542,0.342,0.107
2995,279597,-12.5,13,100.0,0.6723,0.1421,0.8414,0.1386,0.4414,0.7388,0.6392,0.4179,-0.0828,C,0.195,0.322-0.622,0.542,0.342,0.107
2996,279611,-13.41,14,100.0,0.7883,0.1461,0.8047,0.2166,0.4288,0.1997,0.6908,0.4107,-0.1321,C,0.194,0.322-0.622,0.542,0.342,0.107
2997,279867,142.87,256,99.2,0.4779,0.2104,0.4514,0.5029,0.9306,1.471,0.8497,0.4257,-0.4887,C,0.2312,0.322-0.622,0.543,0.343,0.107
2998,279880,-2.38,13,100.0,0.7763,0.1719,0.8702,0.134,0.4202,0.1716,0.79,0.3789,-0.0661,C,0.2033,0.322-0.622,0.543,0.343,0.107
2999,279896,-20.45,16,100.0,0.7284,0.1794,0.8114,0.3215,0.4427,0.5206,0.7628,0.4422,-0.3091,C,0.1959,0.322-0.622,0.543,0.343,0.107
3000,279911,-9.18,15,80.0,0.7634,0.1382,0.8976,0.1507,0.3456,0.1612,0.4906,0.4795,-0.1256,C,0.2317,0.322-0.622,0.543,0.343,0.107
3001,279925,-5.78,14,100.0,0.6829,0.1894,0.8349,0.1721,0.3976,0.5241,0.8225,0.4431,-0.1124,C,0.2186,0.322-0.622,0.543,0.343,0.107
3002,279939,-10.33,14,92.9,0.8157,0.1298,0.799,0.2114,0.4337,0.1022,0.5606,0.4414,-0.1037,C,0.1994,0.322-0.622,0.543,0.343,0.107
3003,279954,-11.8,15,80.0,0.6827,0.1825,0.8919,0.1195,0.3132,0.3782,0.6151,0.4799,-0.0348,C,0.2487,0.322-0.622,0.543,0.343,0.107
3004,279968,-15.41,14,92.9,0.6974,0.1661,0.8613,0.1413,0.414,0.292,0.699,0.4458,-0.0581,C,0.2217,0.322-0.622,0.543,0.343,0.107
3005,279985,-22.16,17,58.8,0.9587,0.0693,0.765,0.2236,0.4451,0.0169,0.1948,0.4529,-0.1394,C,0.1736,0.322-0.622,0.543,0.343,0.107
3006,279999,-2.64,14,100.0,0.5521,0.2261,0.8277,0.1869,0.4159,1.1118,0.9036,0.4466,-0.1279,C,0.2132,0.322-0.622,0.543,0.343,0.107
3007,280013,-1.9,14,85.7,0.8168,0.1313,0.9479,0.0525,0.2922,0.1015,0.5129,0.4305,-0.0078,C,0.2115,0.322-0.622,0.543,0.343,0.107
3008,280027,-6.56,14,100.0,0.9058,0.0984,0.8277,0.162,0.4627,0.0597,0.4733,0.4472,-0.0792,C,0.2108,0.322-0.622,0.543,0.343,0.107
3009,280041,-13.54,14,85.7,0.7361,0.1593,0.9157,0.0818,0.3068,0.2873,0.5946,0.4152,-0.0167,C,0.2179,0.322-0.622,0.543,0.343,0.107
3010,280054,-11.64,13,84.6,0.6027,0.2063,0.8829,0.1077,0.383,0.6706,0.7009,0.4621,-0.0399,C,0.2398,0.322-0.622,0.543,0.343,0.107
3011,280069,-2.54,15,100.0,0.7389,0.172,0.8054,0.2184,0.4508,0.3168,0.7697,0.3883,-0.1008,C,0.1896,0.322-0.622,0.543,0.343,0.107
3012,280083,-17.03,14,100.0,0.5898,0.2082,0.8105,0.2327,0.4203,0.9617,0.9004,0.4553,-0.2054,C,0.1708,0.322-0.622,0.543,0.343,0.107
3013,280096,-10.43,13,100.0,0.838,0.1281,0.9083,0.0789,0.4114,0.0884,0.5996,0.3936,-0.0243,C,0.1985,0.322-0.622,0.543,0.343,0.107
3014,280109,-7.49,13,100.0,0.742,0.1695,0.8805,0.143,0.4282,0.4479,0.7467,0.4092,-0.0854,C,0.1853,0.322-0.622,0.543,0.343,0.107
3015,280123,-6.62,14,92.9,0.5975,0.225,0.8749,0.1369,0.386,0.8832,0.8119,0.4717,-0.0808,C,0.1684,0.322-0.622,0.543,0.343,0.107
3016,280273,-0.02,150,98.7,0.4136,0.1456,0.5042,0.5533,0.92,1.9139,0.6736,0.39,-0.5951,C,0.1881,0.322-0.622,0.543,0.343,0.107
3017,280349,7.41,76,86.8,0.3593,0.2087,0.5178,0.4573,0.7813,1.6628,0.6886,0.2347,-0.4182,C,0.172,0.322-0.622,0.544,0.344,0.107
3018,280364,-20.09,15,80.0,0.7732,0.1497,0.8637,0.177,0.3796,0.1123,0.5657,0.4083,-0.1022,C,0.2074,0.322-0.622,0.544,0.344,0.107
3019,280378,-0.82,14,85.7,0.6417,0.1898,0.9242,0.0743,0.2861,0.58,0.7112,0.3852,-0.0195,C,0.2447,0.322-0.622,0.544,0.344,0.107
3020,280392,-3.84,14,85.7,0.6888,0.1831,0.9254,0.0872,0.347,0.2561,0.7031,0.4771,-0.0411,C,0.2088,0.322-0.622,0.544,0.344,0.107
3021,280406,-18.88,14,71.4,0.9598,0.0437,0.8162,0.2227,0.3763,0.0173,0.1643,0.4749,-0.2067,C,0.1783,0.322-0.622,0.544,0.344,0.107
3022,280425,-11.09,19,89.5,0.7822,0.1373,0.7345,0.2405,0.4625,0.21,0.5646,0.4057,-0.1458,C,0.1875,0.322-0.622,0.544,0.344,0.107
3023,280439,-16.16,14,85.7,0.5951,0.1997,0.8757,0.1388,0.3531,0.6228,0.7322,0.4322,-0.068,C,0.2472,0.322-0.622,0.544,0.344,0.107
3024,280453,-15.75,14,85.7,0.7906,0.1283,0.944,0.0547,0.2936,0.1629,0.5025,0.41,-0.0092,C,0.1971,0.322-0.622,0.544,0.344,0.107
3025,280472,-6.77,19,94.7,0.6462,0.2132,0.7671,0.2465,0.4999,0.643,0.838,0.4072,-0.1973,C,0.2105,0.322-0.622,0.544,0.344,0.107
3026,280486,-3.07,14,92.9,0.6767,0.1982,0.8712,0.1266,0.4178,0.2821,0.8095,0.4764,-0.0652,C,0.2328,0.322-0.622,0.544,0.344,0.107
3027,280499,-22.32,13,100.0,0.8415,0.0995,0.8816,0.1364,0.4075,0.092,0.4721,0.4664,-0.0991,C,0.1823,0.322-0.622,0.544,0.344,0.107
3028,280555,16.41,56,94.6,0.5842,0.2282,0.5428,0.3917,0.8001,0.6361,0.8903,0.4429,-0.3202,C,0.1843,0.322-0.622,0.544,0.344,0.107
3029,280570,-20.98,15,86.7,0.7353,0.1583,0.8142,0.2366,0.4362,0.2475,0.6389,0.4667,-0.1947,C,0.1627,0.322-0.622,0.544,0.344,0.107
3030,280584,-4.46,14,78.6,0.8012,0.1268,0.9221,0.0974,0.2875,0.0877,0.4565,0.4724,-0.0346,C,0.2105,0.322-0.622,0.544,0.344,0.107
3031,280598,-3.78,14,85.7,0.8609,0.0913,0.9374,0.0658,0.3116,0.0687,0.383,0.4248,-0.0188,C,0.2224,0.322-0.622,0.544,0.344,0.107
3032,280612,-6.79,14,71.4,0.8997,0.0869,0.9249,0.0873,0.2796,0.0228,0.2984,0.4685,-0.041,C,0.2029,0.322-0.622,0.544,0.344,0.107
3033,280625,-11.88,13,100.0,0.7834,0.1717,0.8376,0.1775,0.4723,0.1685,0.7964,0.4606,-0.114,C,0.1973,0.322-0.622,0.544,0.344,0.107
3034,280638,-19.01,13,53.8,1.1082,0.0455,0.9441,0.1118,0.3417,0.0014,0.1277,0.4477,-0.1164,C,0.2154,0.322-0.622,0.544,0.344,0.107
3035,280968,29.24,330,99.7,0.4297,0.1541,0.4319,0.5447,0.9506,1.4807,0.7111,0.3985,-0.5498,C,0.1994,0.322-0.622,0.545,0.345,0.107
3036,280983,-0.6,15,93.3,0.7227,0.171,0.8744,0.1366,0.3336,0.6854,0.6973,0.471,-0.0591,C,0.1632,0.322-0.622,0.545,0.345,0.107
3037,280997,-9.4,14,100.0,0.7618,0.1581,0.862,0.1699,0.3877,0.3603,0.7058,0.4309,-0.1129,C,0.2334,0.322-0.622,0.545,0.345,0.107
3038,281013,-26.25,16,87.5,0.7999,0.1138,0.8206,0.2352,0.3897,0.13,0.4713,0.4149,-0.1795,C,0.2037,0.322-0.622,0.545,0.345,0.108
3039,281031,1.4,18,94.4,0.5929,0.2218,0.6933,0.2474,0.514,0.8591,0.827,0.4621,-0.1668,C,0.2062,0.322-0.622,0.545,0.345,0.108
3040,281044,-12.71,13,84.6,0.9381,0.0494,0.8659,0.1585,0.3944,0.0218,0.2223,0.4587,-0.1026,C,0.2177,0.322-0.622,0.545,0.345,0.108
3041,281057,-7.81,13,84.6,0.8012,0.1146,0.8738,0.1352,0.3952,0.0905,0.4528,0.4034,-0.0512,C,0.1678,0.322-0.622,0.545,0.345,0.108
3042,281074,-14.63,17,82.4,0.8976,0.0905,0.7242,0.1912,0.4054,0.0422,0.3596,0.4112,-0.1058,C,0.2073,0.322-0.622,0.545,0.345,0.108
3043,281087,-2.49,13,100.0,0.9673,0.0682,0.9137,0.1019,0.4538,0.047,0.3337,0.4324,-0.0361,C,0.2291,0.322-0.622,0.545,0.345,0.108
3044,281103,-20.99,16,62.5,0.9249,0.1028,0.8606,0.1416,0.3217,0.016,0.3002,0.3733,-0.0552,C,0.2077,0.322-0.622,0.545,0.345,0.108
3045,281118,0.7,15,100.0,0.6023,0.216,0.8684,0.1488,0.3737,1.0209,0.8566,0.3693,-0.07,C,0.2194,0.322-0.622,0.545,0.345,0.108
3046,281133,-8.95,15,53.3,0.7745,0.0917,0.8698,0.1505,0.3233,0.0767,0.2358,0.4088,-0.0491,C,0.1683,0.322-0.622,0.545,0.345,0.108
3047,281147,-14.79,14,100.0,0.8616,0.1313,0.8573,0.1751,0.4003,0.1373,0.603,0.4506,-0.1163,C,0.1766,0.322-0.622,0.545,0.345,0.108
3048,281161,-11.95,14,85.7,0.6854,0.1798,0.9136,0.1007,0.3182,0.3005,0.684,0.329,-0.0283,C,0.2396,0.322-0.622,0.545,0.345,0.108
3049,281175,-16.58,14,0.0,0.0,0.0,0.9385,0.0658,0.2859,0.0,0.0,0.4547,-0.0131,C,0.1746,0.322-0.622,0.545,0.345,0.108
3050,281188,-10.49,13,100.0,0.7402,0.1894,0.8734,0.1514,0.4351,0.3025,0.8328,0.4444,-0.0871,C,0.1969,0.322-0.622,0.545,0.345,0.108
3051,281203,-8.63,15,93.3,0.6599,0.1993,0.8544,0.1444,0.3396,0.8135,0.7965,0.4641,-0.0534,C,0.2466,0.322-0.622,0.545,0.345,0.108
3052,281216,-13.07,13,100.0,0.6583,0.2032,0.8587,0.1702,0.4411,0.4224,0.9149,0.4506,-0.0945,C,0.2188,0.322-0.622,0.545,0.345,0.108
3053,281230,-21.53,14,50.0,0.9747,0.0706,0.9082,0.1084,0.3013,0.0082,0.1734,0.4506,-0.0335,C,0.234,0.322-0.622,0.545,0.345,0.108
3054,281250,-13.44,20,90.0,0.7486,0.1929,0.707,0.3095,0.5264,0.2259,0.762,0.477,-0.2431,C,0.2451,0.322-0.622,0.546,0.346,0.108
3055,281264,-22.25,14,100.0,0.6263,0.1561,0.8323,0.2515,0.4197,0.9094,0.6912,0.4302,-0.2424,C,0.176,0.322-0.622,0.546,0.346,0.108
3056,281277,-10.55,13,100.0,0.8073,0.1375,0.8558,0.2111,0.4346,0.1531,0.6409,0.458,-0.1902,C,0.2377,0.322-0.622,0.546,0.346,0.108
3057,281414,9.65,137,98.5,0.4923,0.2097,0.4545,0.5168,0.922,1.2292,0.7909,0.3935,-0.5007,C,0.1856,0.322-0.622,0.546,0.346,0.108
3058,281430,-20.09,16,81.2,0.8545,0.0986,0.7834,0.2106,0.4263,0.076,0.3731,0.4602,-0.1412,C,0.1761,0.322-0.622,0.546,0.346,0.108
3059,281443,-14.24,13,100.0,0.5656,0.2107,0.8728,0.1559,0.41,0.9297,0.9141,0.4464,-0.0935,C,0.2354,0.322-0.622,0.546,0.346,0.108
3060,281457,-14.23,14,85.7,0.7836,0.1401,0.9511,0.0442,0.3044,0.2853,0.5211,0.4913,-0.0049,C,0.1796,0.322-0.622,0.546,0.346,0.108
3061,281472,-21.36,15,93.3,0.87,0.1025,0.8197,0.2474,0.4119,0.0948,0.4498,0.4238,-0.1984,C,0.2242,0.322-0.622,0.546,0.346,0.108
3062,281486,-18.02,14,57.1,0.8869,0.0459,0.8725,0.1769,0.4026,0.0222,0.1368,0.4566,-0.1204,C,0.2294,0.322-0.622,0.546,0.346,0.108
3063,281499,-5.11,13,100.0,0.4711,0.241,0.8558,0.1433,0.415,1.4427,0.9406,0.4431,-0.0697,C,0.1649,0.322-0.622,0.546,0.346,0.108
3064,281512,0.98,13,100.0,0.5507,0.2196,0.8976,0.1319,0.4334,1.014,0.8887,0.4461,-0.0829,C,0.1701,0.322-0.622,0.546,0.346,0.108
3065,281528,-7.77,16,87.5,0.5928,0.1875,0.779,0.2171,0.4448,0.7802,0.6946,0.4623,-0.1327,C,0.1771,0.322-0.622,0.546,0.346,0.108
3066,281541,-10.61,13,100.0,0.7378,0.1576,0.8774,0.1116,0.4036,0.2665,0.7168,0.449,-0.0355,C,0.1626,0.322-0.622,0.546,0.346,0.108
3067,281555,-9.39,14,78.6,0.8309,0.1072,0.8161,0.1808,0.426,0.0569,0.3946,0.4263,-0.1172,C,0.1861,0.322-0.622,0.546,0.346,0.108
3068,281568,-0.47,13,100.0,0.6521,0.1934,0.8453,0.1239,0.4426,0.6454,0.8273,0.4064,-0.0636,C,0.2035,0.322-0.622,0.546,0.346,0.108
3069,281581,-6.57,13,84.6,0.9726,0.0619,0.8302,0.1367,0.4212,0.0145,0.2579,0.4518,-0.0718,C,0.164,0.322-0.622,0.546,0.346,0.108
3070,281595,-17.92,14,92.9,0.9576,0.0525,0.8387,0.1798,0.4062,0.0371,0.2499,0.4147,-0.1155,C,0.2357,0.322-0.622,0.546,0.346,0.108
3071,281609,-3.54,14,100.0,0.756,0.172,0.7926,0.183,0.4048,0.2578,0.7673,0.4278,-0.1064,C,0.1828,0.322-0.622,0.546,0.346,0.108
3072,281622,-5.1,13,100.0,0.504,0.2275,0.8909,0.0967,0.4599,1.2211,0.941,0.4252,-0.0248,C,0.2372,0.322-0.622,0.546,0.346,0.108
3073,281636,-15.1,14,92.9,0.7935,0.1283,0.9521,0.0438,0.2896,0.2869,0.5458,0.3833,-0.0047,C,0.2368,0.322-0.622,0.546,0.346,0.108
3074,281652,-14.84,16,93.8,0.8821,0.1254,0.7571,0.2173,0.4775,0.064,0.5514,0.4664,-0.1501,C,0.2021,0.322-0.622,0.546,0.346,0.108
3075,281665,-9.51,13,100.0,0.6986,0.1759,0.8768,0.1978,0.3961,0.3616,0.7929,0.3699,-0.1558,C,0.2353,0.322-0.622,0.546,0.346,0.108
3076,281681,-9.14,16,81.2,0.5812,0.2234,0.8266,0.1509,0.343,0.646,0.7137,0.3683,-0.0535,C,0.1818,0.322-0.622,0.546,0.346,0.108
3077,281694,-13.22,13,100.0,0.77,0.1609,0.8928,0.1569,0.3861,0.2369,0.7236,0.4436,-0.1265,C,0.1994,0.322-0.622,0.546,0.346,0.108
3078,281707,-6.44,13,100.0,0.7246,0.1688,0.8712,0.1393,0.3959,0.3554,0.7662,0.4548,-0.0689,C,0.2228,0.322-0.622,0.547,0.347,0.108
3079,281724,-8.45,17,94.1,0.7695,0.1385,0.7639,0.1924,0.4464,0.2328,0.6018,0.3485,-0.1031,C,0.2207,0.322-0.622,0.547,0.347,0.108
3080,281739,-16.73,15,46.7,0.895,0.0251,0.8536,0.1702,0.4603,0.0164,0.081,0.4113,-0.0712,C,0.1894,0.322-0.622,0.547,0.347,0.108
3081,281754,-29.28,15,0.0,0.0,0.0,0.8118,0.1682,0.4675,0.0,0.0,0.4196,-0.1009,C,0.1737,0.322-0.622,0.547,0.347,0.108
3082,281768,4.12,14,100.0,0.5741,0.228,0.8523,0.1482,0.431,1.0546,0.8634,0.4301,-0.0757,C,0.1895,0.322-0.622,0.547,0.347,0.108
3083,281781,-6.1,13,100.0,0.7096,0.1849,0.87,0.1712,0.438,0.2881,0.8527,0.4256,-0.1217,C,0.2135,0.322-0.622,0.547,0.347,0.108
3084,281796,-12.94,15,93.3,0.557,0.2296,0.8104,0.2344,0.3975,1.0128,0.8317,0.4542,-0.1886,C,0.1585,0.322-0.622,0.547,0.347,0.108
3085,282474,906.94,678,99.7,0.3296,0.1882,0.3783,0.531,0.9708,2.357,0.8191,0.4079,-0.5202,C,0.2221,0.322-0.622,0.548,0.348,0.108
3086,282487,-4.14,13,100.0,0.8678,0.1046,0.8803,0.1084,0.4294,0.0771,0.4833,0.418,-0.0482,C,0.1725,0.322-0.622,0.548,0.348,0.108
3087,282500,3.06,13,100.0,0.8034,0.1538,0.8932,0.079,0.4389,0.1441,0.722,0.4205,-0.0155,C,0.161,0.322-0.622,0.548,0.348,0.108
3088,282518,-23.72,18,88.9,0.8427,0.1022,0.7594,0.2971,0.488,0.0545,0.425,0.4427,-0.2187,C,0.2143,0.322-0.622,0.548,0.348,0.108
3089,282532,-3.39,14,92.9,0.495,0.2313,0.8571,0.1704,0.3836,1.2683,0.8123,0.4516,-0.0982,C,0.2133,0.322-0.622,0.548,0.348,0.108
3090,282547,1.62,15,86.7,0.6764,0.1831,0.9201,0.0722,0.3004,0.6588,0.7073,0.4483,-0.0141,C,0.1609,0.322-0.622,0.548,0.348,0.108
3091,282912,142.39,365,99.5,0.4236,0.1688,0.413,0.5428,0.9546,1.5425,0.7765,0.4328,-0.531,C,0.197,0.322-0.622,0.549,0.349,0.108
3092,282926,-5.27,14,64.3,0.8262,0.1496,0.9238,0.0879,0.2838,0.046,0.4523,0.4029,-0.0193,C,0.1765,0.322-0.622,0.549,0.349,0.108
3093,282940,-8.54,14,100.0,0.5838,0.2241,0.8363,0.1826,0.4034,1.0157,0.9076,0.4748,-0.1226,C,0.1703,0.322-0.622,0.549,0.349,0.108
3094,282954,-2.35,14,100.0,0.6625,0.2099,0.7947,0.2004,0.4236,0.5716,0.8807,0.4654,-0.098,C,0.2331,0.322-0.622,0.549,0.349,0.108
3095,283011,50.04,57,93.0,0.4103,0.2142,0.5123,0.4,0.7745,1.7077,0.8505,0.3585,-0.3384,C,0.1604,0.322-0.622,0.549,0.349,0.108
3096,283024,-9.78,13,100.0,0.8756,0.1301,0.8955,0.0975,0.4169,0.2411,0.6001,0.4492,-0.035,C,0.1655,0.322-0.622,0.549,0.349,0.108
3097,283039,-14.51,15,86.7,0.5958,0.211,0.7927,0.2838,0.4431,0.6651,0.7475,0.3864,-0.2888,C,0.243,0.322-0.622,0.549,0.349,0.108
3098,283053,-1.85,14,100.0,0.6155,0.1938,0.8303,0.1528,0.4213,0.9383,0.8107,0.4544,-0.0714,C,0.2198,0.322-0.622,0.549,0.349,0.108
3099,283066,6.91,13,100.0,0.4402,0.2423,0.8636,0.1514,0.4369,1.5251,0.9798,0.4143,-0.068,C,0.2021,0.322-0.622,0.549,0.349,0.108
3100,283080,-12.44,14,100.0,0.6889,0.1961,0.834,0.1853,0.4159,0.4371,0.8677,0.4653,-0.1387,C,0.2187,0.322-0.622,0.549,0.349,0.108
3101,283093,-16.77,13,100.0,0.7343,0.1789,0.8405,0.2369,0.4459,0.2931,0.8008,0.4537,-0.1989,C,0.1769,0.322-0.622,0.549,0.349,0.108
3102,283107,-19.68,14,92.9,0.7047,0.1855,0.8504,0.2477,0.4,0.318,0.7813,0.4731,-0.235,C,0.2071,0.322-0.622,0.55,0.35,0.108
3103,283121,-3.43,14,92.9,0.7312,0.1702,0.8413,0.1481,0.3771,0.2892,0.6882,0.4626,-0.0794,C,0.2347,0.322-0.622,0.55,0.35,0.108
3104,283134,-17.4,13,100.0,0.4658,0.2308,0.8847,0.1825,0.4332,1.3836,0.9777,0.409,-0.1512,C,0.2258,0.322-0.622,0.55,0.35,0.108
3105,283149,-13.62,15,86.7,0.7163,0.1708,0.8719,0.138,0.3097,0.6303,0.6546,0.4505,-0.0379,C,0.1612,0.322-0.622,0.55,0.35,0.108
3106,283162,-14.08,13,84.6,0.7651,0.1317,0.8735,0.061,0.3891,0.1363,0.5205,0.3953,-0.0127,C,0.2475,0.322-0.622,0.55,0.35,0.108
3107,283177,-12.88,15,86.7,0.741,0.1503,0.8634,0.1399,0.3332,0.385,0.5514,0.469,-0.0572,C,0.2036,0.322-0.622,0.55,0.35,0.108
3108,283191,0.4,14,85.7,0.6278,0.1864,0.9362,0.0732,0.2889,0.734,0.6996,0.418,-0.0137,C,0.2048,0.322-0.622,0.55,0.35,0.108
3109,283205,-40.81,14,7.1,1.2613,0.0039,0.8636,0.2431,0.4635,0.0,0.0087,0.4638,-0.2667,C,0.2402,0.322-0.622,0.55,0.35,0.108
3110,283220,-13.6,15,73.3,0.8152,0.1482,0.9099,0.08,0.2906,0.0814,0.5024,0.3736,-0.0193,C,0.2079,0.322-0.622,0.55,0.35,0.108
3111,283238,-22.08,18,66.7,0.9278,0.0597,0.7573,0.2686,0.4814,0.0245,0.1961,0.3854,-0.1861,C,0.2383,0.322-0.622,0.55,0.35,0.108
3112,283253,-12.19,15,100.0,0.5568,0.223,0.756,0.3021,0.4609,1.0941,0.8767,0.474,-0.2261,C,0.1858,0.322-0.622,0.55,0.35,0.108
3113,283268,-19.12,15,100.0,0.6555,0.1929,0.8145,0.2219,0.4193,0.6778,0.8223,0.4706,-0.1881,C,0.1941,0.322-0.622,0.55,0.35,0.108
3114,283309,33.09,41,97.6,0.4432,0.2291,0.6214,0.3637,0.7904,1.4559,0.9073,0.3408,-0.2987,C,0.2237,0.322-0.622,0.55,0.35,0.108
3115,283326,-23.68,17,100.0,0.7749,0.1328,0.8008,0.2752,0.4889,0.2317,0.6206,0.4057,-0.2874,C,0.1776,0.322-0.622,0.55,0.35,0.108
3116,283339,-15.86,13,100.0,0.681,0.2127,0.8678,0.1512,0.4367,0.4113,0.9054,0.4204,-0.112,C,0.2156,0.322-0.622,0.55,0.35,0.108
3117,283353,-15.35,14,85.7,0.7108,0.1556,0.9486,0.0592,0.2821,0.4518,0.5938,0.4407,-0.0115,C,0.1894,0.322-0.622,0.55,0.35,0.108
3118,283369,-19.4,16,43.8,0.9254,0.0183,0.8073,0.192,0.4294,0.0112,0.0682,0.4847,-0.1064,C,0.2007,0.322-0.622,0.55,0.35,0.108
3119,283382,-14.5,13,100.0,0.5924,0.1907,0.8504,0.1758,0.4355,0.971,0.7917,0.3921,-0.0938,C,0.1696,0.322-0.622,0.55,0.35,0.108
3120,283396,-9.57,14,100.0,0.7565,0.1566,0.8513,0.1282,0.3699,0.2779,0.6888,0.4394,-0.062,C,0.2255,0.322-0.622,0.55,0.35,0.108
3121,283430,13.93,34,97.1,0.4472,0.2408,0.6859,0.3486,0.6738,1.5272,0.8159,0.4118,-0.3162,C,0.2189,0.322-0.622,0.55,0.35,0.108
3122,283516,25.7,86,98.8,0.572,0.1782,0.494,0.4192,0.8507,1.0184,0.7234,0.4189,-0.3547,C,0.202,0.322-0.622,0.55,0.35,0.108
3123,283531,-12.27,15,93.3,0.7737,0.1408,0.8217,0.212,0.4114,0.1487,0.5954,0.4434,-0.1562,C,0.1847,0.322-0.622,0.55,0.35,0.108
3124,283546,-9.8,15,80.0,0.7386,0.1663,0.8301,0.1503,0.4262,0.1588,0.6097,0.3972,-0.0814,C,0.211,0.322-0.622,0.55,0.35,0.108
3125,283559,-14.17,13,100.0,0.7857,0.1493,0.8659,0.2067,0.4302,0.215,0.6911,0.4453,-0.1987,C,0.2262,0.322-0.622,0.55,0.35,0.108
3126,283576,-8.9,17,100.0,0.5701,0.2216,0.7138,0.3319,0.5132,0.9985,0.9072,0.4376,-0.2922,C,0.2112,0.322-0.622,0.551,0.351,0.108
3127,283589,-4.05,13,100.0,0.6415,0.156,0.8691,0.1317,0.4274,0.7448,0.689,0.4125,-0.0657,C,0.199,0.322-0.622,0.551,0.351,0.108
3128,283604,-23.73,15,46.7,0.9474,0.011,0.8061,0.1979,0.4252,0.0087,0.0644,0.4696,-0.1167,C,0.1763,0.322-0.622,0.551,0.351,0.108
3129,283619,-19.2,15,0.0,0.0,0.0,0.8471,0.1302,0.2975,0.0,0.0,0.47,-0.0389,C,0.1749,0.322-0.622,0.551,0.351,0.108
3130,283633,-0.72,14,85.7,0.7204,0.1546,0.9209,0.0742,0.3244,0.3643,0.5749,0.474,-0.0133,C,0.1693,0.322-0.622,0.551,0.351,0.108
3131,283648,-11.51,15,66.7,0.8405,0.1097,0.8807,0.0927,0.3811,0.0568,0.3475,0.4188,-0.0351,C,0.1913,0.322-0.622,0.551,0.351,0.108
3132,283661,-15.57,13,100.0,0.878,0.133,0.8647,0.1802,0.4427,0.1207,0.6239,0.3834,-0.131,C,0.2363,0.322-0.622,0.551,0.351,0.108
3133,283676,-5.55,15,93.3,0.5908,0.2224,0.7236,0.2418,0.4251,0.7725,0.8603,0.4475,-0.1681,C,0.1753,0.322-0.622,0.551,0.351,0.108
3134,283690,-18.08,14,71.4,0.9221,0.0836,0.9182,0.0873,0.3061,0.0181,0.2855,0.428,-0.0188,C,0.2048,0.322-0.622,0.551,0.351,0.108
3135,283703,-15.32,13,100.0,0.6655,0.2202,0.8691,0.1716,0.4321,0.4055,0.9352,0.4317,-0.1348,C,0.2206,0.322-0.622,0.551,0.351,0.108
3136,283716,0.28,13,100.0,0.8146,0.1229,0.8959,0.1032,0.4457,0.1085,0.5719,0.4079,-0.0307,C,0.1991,0.322-0.622,0.551,0.351,0.108
3137,283729,-3.9,13,100.0,0.7271,0.1738,0.8423,0.1555,0.4087,0.2453,0.8118,0.4427,-0.0964,C,0.2189,0.322-0.622,0.551,0.351,0.108
3138,283849,156.81,120,99.2,0.3017,0.1903,0.5379,0.4701,0.8729,2.5457,0.8405,0.3816,-0.4752,C,0.1646,0.322-0.622,0.551,0.351,0.109
3139,284377,724.21,528,99.2,0.3034,0.1848,0.3649,0.5146,0.9695,2.3501,0.8418,0.3866,-0.484,C,0.1764,0.322-0.622,0.552,0.352,0.109
3140,284391,-11.01,14,100.0,0.7418,0.1698,0.8405,0.1497,0.3506,0.4152,0.7487,0.4395,-0.064,C,0.1762,0.322-0.622,0.552,0.352,0.109
3141,284405,-1.42,14,78.6,0.6873,0.1919,0.888,0.0904,0.3275,0.2576,0.6345,0.4021,-0.0299,C,0.2406,0.322-0.622,0.552,0.352,0.109
3142,284421,-11.88,16,100.0,0.635,0.2194,0.7256,0.2725,0.4594,0.6277,0.9034,0.4532,-0.1937,C,0.2049,0.322-0.622,0.552,0.352,0.109
3143,284435,-25.45,14,0.0,0.0,0.0,0.8063,0.1557,0.3315,0.0,0.0,0.4462,-0.0809,C,0.2133,0.322-0.622,0.552,0.352,0.109
3144,284448,2.0,13,100.0,0.5323,0.2302,0.8401,0.1828,0.4468,1.0709,0.9747,0.46,-0.1047,C,0.1588,0.322-0.622,0.552,0.352,0.109
3145,284461,-4.84,13,100.0,0.8133,0.1578,0.8555,0.1866,0.4487,0.1258,0.7385,0.4105,-0.1183,C,0.2256,0.322-0.622,0.552,0.352,0.109
3146,284477,-12.08,16,87.5,0.7022,0.1742,0.7863,0.1936,0.3969,0.3261,0.6788,0.3721,-0.1251,C,0.2202,0.322-0.622,0.552,0.352,0.109
3147,284664,86.27,187,99.5,0.487,0.1906,0.4638,0.4823,0.9204,1.2937,0.7792,0.3848,-0.4461,C,0.1748,0.322-0.622,0.553,0.353,0.109
3148,284685,-38.88,21,0.0,0.0,0.0,0.6897,0.2099,0.6097,0.0,0.0,0.3439,-0.1298,C,0.2404,0.322-0.622,0.553,0.353,0.109
3149,284699,-11.16,14,100.0,0.8528,0.1449,0.8661,0.1389,0.4124,0.2555,0.6458,0.4625,-0.0678,C,0.1857,0.322-0.622,0.553,0.353,0.109
3150,284713,0.42,14,100.0,0.7269,0.174,0.8496,0.1583,0.4288,0.2655,0.807,0.4222,-0.0689,C,0.1735,0.322-0.622,0.553,0.353,0.109
3151,284727,-13.78,14,100.0,0.6518,0.1991,0.7845,0.2151,0.3955,0.8351,0.8653,0.4681,-0.1266,C,0.234,0.322-0.622,0.553,0.353,0.109
3152,284824,14.53,97,100.0,0.5157,0.2232,0.4665,0.4688,0.9082,0.9576,0.8802,0.4346,-0.4281,C,0.1934,0.322-0.622,0.553,0.353,0.109
3153,284838,-13.53,14,92.9,0.6775,0.2048,0.8184,0.1684,0.3816,0.4499,0.7899,0.4145,-0.0863,C,0.2413,0.322-0.622,0.553,0.353,0.109
3154,284852,-11.06,14,78.6,0.8522,0.104,0.8826,0.1134,0.3824,0.0882,0.3924,0.4911,-0.0707,C,0.2026,0.322-0.622,0.553,0.353,0.109
3155,284866,1.94,14,78.6,0.5276,0.2192,0.9172,0.1018,0.2836,1.0223,0.6935,0.4134,-0.0357,C,0.226,0.322-0.622,0.553,0.353,0.109
3156,284920,-49.82,54,98.1,0.536,0.2061,0.54,0.531,0.8262,0.8534,0.8318,0.4236,-0.5502,C,0.1785,0.322-0.622,0.553,0.353,0.109
3157,284935,-12.45,15,100.0,0.7019,0.1844,0.8569,0.1792,0.4091,0.4416,0.8095,0.3845,-0.1265,C,0.1993,0.322-0.622,0.553,0.353,0.109
3158,284949,-21.36,14,92.9,0.8882,0.0904,0.8391,0.2487,0.424,0.0627,0.3913,0.4495,-0.2365,C,0.1944,0.322-0.622,0.553,0.353,0.109
3159,284963,-3.85,14,92.9,0.6919,0.1832,0.8593,0.1743,0.3659,0.4502,0.7353,0.4387,-0.1108,C,0.1881,0.322-0.622,0.553,0.353,0.109
3160,284979,-14.18,16,81.2,0.8087,0.1248,0.8348,0.218,0.3899,0.0719,0.4792,0.4888,-0.2022,C,0.2477,0.322-0.622,0.554,0.354,0.109
3161,284992,-21.65,13,100.0,0.9482,0.0529,0.8925,0.1255,0.3991,0.0349,0.2732,0.3988,-0.0532,C,0.1802,0.322-0.622,0.554,0.354,0.109
3162,285006,-34.13,14,0.0,0.0,0.0,0.8438,0.2098,0.4213,0.0,0.0,0.4488,-0.1758,C,0.2475,0.322-0.622,0.554,0.354,0.109
3163,285020,-25.28,14,42.9,1.2148,0.0169,0.8225,0.194,0.4176,0.0003,0.0654,0.4533,-0.1512,C,0.1693,0.322-0.622,0.554,0.354,0.109
3164,285247,-86.89,227,99.1,0.4301,0.2041,0.4532,0.5944,0.9427,1.4409,0.8441,0.4524,-0.6667,C,0.2182,0.322-0.622,0.554,0.354,0.109
3165,285262,-19.15,15,0.0,0.0,0.0,0.9016,0.0882,0.304,0.0,0.0,0.4632,-0.0332,C,0.2207,0.322-0.622,0.554,0.354,0.109
3166,285276,-13.5,14,100.0,0.7714,0.1659,0.8052,0.2672,0.4101,0.2296,0.7727,0.4462,-0.2475,C,0.2271,0.322-0.622,0.554,0.354,0.109
3167,285290,-18.48,14,100.0,0.9557,0.0607,0.8139,0.1923,0.404,0.042,0.3056,0.4095,-0.1097,C,0.1939,0.322-0.622,0.554,0.354,0.109
3168,285305,-9.86,15,100.0,0.7285,0.1738,0.8296,0.2076,0.4341,0.5917,0.7505,0.4529,-0.131,C,0.2264,0.322-0.622,0.554,0.354,0.109
3169,285319,-6.35,14,100.0,0.5085,0.2404,0.7948,0.1782,0.4093,1.2375,0.9231,0.4518,-0.1016,C,0.2356,0.322-0.622,0.554,0.354,0.109
3170,285335,-15.02,16,81.2,0.6447,0.1896,0.7795,0.1882,0.4592,0.357,0.6838,0.4339,-0.1045,C,0.2107,0.322-0.622,0.554,0.354,0.109
3171,285348,-1.32,13,100.0,0.9705,0.0637,0.9333,0.0578,0.4084,0.0275,0.3066,0.4286,-0.0173,C,0.2087,0.322-0.622,0.554,0.354,0.109
3172,285362,-5.43,14,100.0,0.5711,0.214,0.8322,0.1488,0.4141,1.0256,0.9095,0.465,-0.0696,C,0.1944,0.322-0.622,0.554,0.354,0.109
3173,285375,-16.7,13,84.6,0.9257,0.0762,0.9162,0.1121,0.3858,0.0266,0.3195,0.4148,-0.0799,C,0.2303,0.322-0.622,0.554,0.354,0.109
3174,285396,2.88,21,95.2,0.5228,0.2309,0.6329,0.3133,0.5711,1.2068,0.8685,0.3428,-0.2308,C,0.1802,0.322-0.622,0.554,0.354,0.109
3175,285409,-6.91,13,92.3,0.8201,0.1058,0.8762,0.1064,0.384,0.0882,0.4629,0.442,-0.0482,C,0.2299,0.322-0.622,0.554,0.354,0.109
3176,285422,-0.21,13,100.0,0.7342,0.1641,0.8678,0.1124,0.4437,0.3442,0.7323,0.4074,-0.0398,C,0.2252,0.322-0.622,0.554,0.354,0.109
3177,285446,-16.25,24,91.7,0.7219,0.194,0.7306,0.2649,0.5409,0.2585,0.7768,0.3782,-0.1929,C,0.1756,0.322-0.622,0.555,0.355,0.109
3178,285459,-12.12,13,100.0,0.9738,0.0772,0.9004,0.1023,0.4135,0.0355,0.3818,0.461,-0.052,C,0.1645,0.322-0.622,0.555,0.355,0.109
3179,285473,-14.88,14,78.6,0.9713,0.0618,0.8439,0.1961,0.4298,0.0148,0.2407,0.4057,-0.1451,C,0.2032,0.322-0.622,0.555,0.355,0.109
3180,285486,-7.87,13,100.0,0.8731,0.106,0.8863,0.1323,0.4171,0.0698,0.5047,0.4118,-0.0709,C,0.2235,0.322-0.622,0.555,0.355,0.109
3181,285500,-10.15,14,100.0,0.6292,0.2045,0.8086,0.167,0.3925,0.9287,0.8769,0.4429,-0.0985,C,0.1664,0.322-0.622,0.555,0.355,0.109
3182,285513,-33.35,13,0.0,0.0,0.0,0.8479,0.1672,0.4367,0.0,0.0,0.4037,-0.1195,C,0.17,0.322-0.622,0.555,0.355,0.109
3183,285527,-9.74,14,92.9,0.606,0.2246,0.8479,0.1255,0.3657,0.8773,0.8347,0.4398,-0.0746,C,0.1631,0.322-0.622,0.555,0.355,0.109
3184,285542,-3.4,15,86.7,0.8228,0.1375,0.9042,0.1002,0.3073,0.2805,0.5352,0.4028,-0.0304,C,0.2337,0.322-0.622,0.555,0.355,0.109
3185,285557,-29.13,15,100.0,0.6334,0.1895,0.7902,0.2785,0.4425,0.7208,0.7905,0.4101,-0.2496,C,0.2276,0.322-0.622,0.555,0.355,0.109
3186,285799,27.67,242,99.6,0.4948,0.1892,0.4008,0.5329,0.9454,1.3208,0.7968,0.3558,-0.5225,C,0.1988,0.322-0.622,0.555,0.355,0.109
3187,285813,-16.06,14,64.3,0.9681,0.0353,0.8606,0.1303,0.4064,0.0145,0.1308,0.4719,-0.0413,C,0.165,0.322-0.622,0.555,0.355,0.109
3188,285868,68.84,55,94.5,0.3756,0.21,0.5287,0.3847,0.7821,2.0202,0.856,0.3058,-0.3041,C,0.2185,0.322-0.622,0.555,0.355,0.109
3189,285883,-25.42,15,0.0,0.0,0.0,0.8614,0.1457,0.3518,0.0,0.0,0.4555,-0.0687,C,0.1978,0.322-0.622,0.555,0.355,0.109
3190,285896,-2.36,13,100.0,0.4653,0.2313,0.8696,0.0931,0.414,1.3977,0.9754,0.4345,-0.0232,C,0.2129,0.322-0.622,0.555,0.355,0.109
3191,285909,-6.7,13,76.9,0.7385,0.1777,0.8894,0.1145,0.3849,0.1545,0.6232,0.3872,-0.0484,C,0.1943,0.322-0.622,0.556,0.356,0.109
3192,285928,-13.86,19,73.7,0.8611,0.0974,0.7871,0.2025,0.5194,0.0368,0.336,0.3672,-0.1205,C,0.2398,0.322-0.622,0.556,0.356,0.109
3193,285942,-16.88,14,78.6,0.8352,0.1147,0.9347,0.0862,0.2928,0.0645,0.4211,0.4556,-0.0231,C,0.1965,0.322-0.622,0.556,0.356,0.109
3194,285956,-10.2,14,100.0,0.6587,0.2273,0.7934,0.1807,0.4328,0.4816,0.8963,0.4428,-0.0824,C,0.2327,0.322-0.622,0.556,0.356,0.109
3195,285969,-0.2,13,92.3,0.5803,0.2327,0.8575,0.1709,0.4289,0.7264,0.8562,0.4059,-0.1003,C,0.2426,0.322-0.622,0.556,0.356,0.109
3196,285982,-13.34,13,100.0,0.9532,0.094,0.8367,0.2192,0.4505,0.037,0.4376,0.4433,-0.1794,C,0.1916,0.322-0.622,0.556,0.356,0.109
3197,285997,-20.27,15,80.0,0.9375,0.0554,0.7929,0.2059,0.4052,0.0276,0.2177,0.4499,-0.1406,C,0.1963,0.322-0.622,0.556,0.356,0.109
3198,286010,-10.75,13,100.0,0.6424,0.2292,0.8443,0.1783,0.4499,0.5098,0.9363,0.4692,-0.1068,C,0.1947,0.322-0.622,0.556,0.356,0.109
3199,286025,-5.54,15,73.3,0.6848,0.1824,0.8289,0.196,0.4044,0.2383,0.6006,0.4372,-0.0969,C,0.2229,0.322-0.622,0.556,0.356,0.109
3200,286042,-13.58,17,70.6,0.8636,0.1266,0.8054,0.2006,0.382,0.0411,0.4204,0.4403,-0.1263,C,0.2077,0.322-0.622,0.556,0.356,0.109
3201,286057,-18.88,15,0.0,0.0,0.0,0.894,0.0871,0.265,0.0,0.0,0.381,-0.0207,C,0.187,0.322-0.622,0.556,0.356,0.109
3202,286072,-19.32,15,0.0,0.0,0.0,0.8774,0.089,0.3232,0.0,0.0,0.4769,-0.036,C,0.1865,0.322-0.622,0.556,0.356,0.109
3203,286086,-15.61,14,100.0,0.8057,0.1564,0.8215,0.2003,0.4141,0.1596,0.7358,0.4385,-0.1527,C,0.1799,0.322-0.622,0.556,0.356,0.109
3204,286101,-6.77,15,100.0,0.6598,0.1993,0.8397,0.2004,0.4773,0.4709,0.8426,0.4392,-0.1495,C,0.2314,0.322-0.622,0.556,0.356,0.109
3205,286115,-5.65,14,100.0,0.6588,0.1897,0.8862,0.1545,0.3671,0.8259,0.7951,0.4641,-0.1051,C,0.2127,0.322-0.622,0.556,0.356,0.109
3206,286159,27.14,44,90.9,0.3883,0.2174,0.6179,0.4162,0.7279,1.8563,0.6815,0.3435,-0.376,C,0.1999,0.322-0.622,0.556,0.356,0.109
3207,286172,-29.5,13,76.9,0.9864,0.0487,0.8973,0.1504,0.3615,0.011,0.1989,0.4444,-0.1196,C,0.2008,0.322-0.622,0.556,0.356,0.109
3208,286190,-5.62,18,88.9,0.713,0.196,0.7424,0.2352,0.4917,0.2698,0.7741,0.3884,-0.1451,C,0.2293,0.322-0.622,0.556,0.356,0.109
3209,286205,-7.23,15,80.0,0.5994,0.1975,0.8234,0.152,0.3561,0.6412,0.665,0.4688,-0.0707,C,0.1859,0.322-0.622,0.556,0.356,0.109
3210,286218,-18.89,13,92.3,0.9072,0.0693,0.9035,0.0821,0.3831,0.0468,0.316,0.4378,-0.0257,C,0.2262,0.322-0.622,0.556,0.356,0.109
3211,286232,-14.82,14,78.6,0.9339,0.0608,0.8514,0.1936,0.4209,0.0193,0.2401,0.3964,-0.1658,C,0.2162,0.322-0.622,0.556,0.356,0.109
3212,286247,-12.0,15,80.0,0.7652,0.1265,0.7921,0.1735,0.3899,0.149,0.4791,0.4743,-0.0777,C,0.2292,0.322-0.622,0.556,0.356,0.109
3213,286260,-15.62,13,100.0,0.7778,0.1343,0.8753,0.1081,0.4104,0.1695,0.633,0.4305,-0.0449,C,0.1916,0.322-0.622,0.556,0.356,0.109
3214,286273,-2.25,13,100.0,0.7382,0.168,0.8297,0.1365,0.4285,0.2909,0.7662,0.4504,-0.0676,C,0.2148,0.322-0.622,0.556,0.356,0.109
3215,286291,-4.59,18,100.0,0.6894,0.1867,0.7532,0.2498,0.4848,0.8246,0.7522,0.3901,-0.1558,C,0.2201,0.322-0.622,0.556,0.356,0.109
3216,286305,-23.09,14,100.0,0.7455,0.1682,0.7973,0.2893,0.4382,0.2897,0.7793,0.4457,-0.2994,C,0.1904,0.322-0.622,0.556,0.356,0.109
3217,286329,-1.77,24,95.8,0.5408,0.2365,0.6605,0.2885,0.626,1.0701,0.7874,0.3752,-0.2122,C,0.2119,0.322-0.622,0.556,0.356,0.109
3218,286343,-11.91,14,100.0,0.6038,0.2015,0.9014,0.1507,0.3734,0.9626,0.8787,0.4279,-0.116,C,0.1888,0.322-0.622,0.556,0.356,0.109
3219,286358,-22.6,15,73.3,0.891,0.0666,0.7626,0.249,0.4219,0.035,0.2318,0.4357,-0.1932,C,0.1759,0.322-0.622,0.556,0.356,0.109
3220,286372,-13.08,14,100.0,0.7166,0.1957,0.8409,0.236,0.4147,0.3113,0.8712,0.4146,-0.2046,C,0.1912,0.322-0.622,0.557,0.357,0.109
3221,286387,-2.88,15,100.0,0.6719,0.1932,0.7809,0.21,0.3738,0.6893,0.8293,0.4282,-0.1276,C,0.2417,0.322-0.622,0.557,0.357,0.109
3222,286400,-12.07,13,100.0,0.7687,0.1298,0.833,0.1137,0.4069,0.1721,0.6018,0.3923,-0.0604,C,0.18,0.322-0.622,0.557,0.357,0.109
3223,286414,-16.55,14,92.9,0.7024,0.1839,0.8485,0.1882,0.3847,0.3281,0.7738,0.3579,-0.1481,C,0.2461,0.322-0.622,0.557,0.357,0.109
3224,286428,-18.47,14,100.0,0.7814,0.1344,0.8119,0.2376,0.4247,0.2016,0.6206,0.4248,-0.2011,C,0.224,0.322-0.622,0.557,0.357,0.109
3225,286443,-18.08,15,66.7,0.9223,0.0783,0.8221,0.2037,0.4301,0.0245,0.2462,0.4767,-0.1511,C,0.1928,0.322-0.622,0.557,0.357,0.109
3226,286471,-5.13,28,92.9,0.8327,0.1376,0.7243,0.238,0.6724,0.0875,0.6044,0.406,-0.1505,C,0.2172,0.322-0.622,0.557,0.357,0.109
3227,286485,-8.15,14,100.0,0.4966,0.2342,0.8385,0.214,0.4144,1.3738,0.8921,0.4759,-0.1765,C,0.1896,0.322-0.622,0.557,0.357,0.109
3228,286499,-17.59,14,0.0,0.0,0.0,0.8976,0.084,0.3147,0.0,0.0,0.4233,-0.0197,C,0.2285,0.322-0.622,0.557,0.357,0.109
3229,286513,-6.21,14,100.0,0.6719,0.2043,0.7855,0.2076,0.4341,0.4865,0.8985,0.4785,-0.1764,C,0.2295,0.322-0.622,0.557,0.357,0.109
3230,286528,0.87,15,80.0,0.6247,0.2077,0.8997,0.0984,0.2957,0.6785,0.6924,0.472,-0.0252,C,0.1846,0.322-0.622,0.557,0.357,0.109
3231,286544,-19.74,16,56.2,0.9173,0.0817,0.8209,0.2099,0.4192,0.0163,0.2265,0.4316,-0.1693,C,0.2046,0.322-0.622,0.557,0.357,0.109
3232,286558,-7.91,14,100.0,0.6219,0.1938,0.813,0.2135,0.3775,0.9289,0.8398,0.4446,-0.1436,C,0.2095,0.322-0.622,0.557,0.357,0.109
3233,286572,-18.26,14,100.0,0.6598,0.1905,0.8233,0.2426,0.3916,0.7751,0.807,0.4303,-0.221,C,0.2274,0.322-0.622,0.557,0.357,0.109
3234,286586,-4.98,14,100.0,0.6633,0.1939,0.8332,0.1579,0.4024,0.5933,0.845,0.3926,-0.076,C,0.2206,0.322-0.622,0.557,0.357,0.109
3235,286599,-29.83,13,92.3,0.7751,0.1312,0.8543,0.2172,0.4027,0.14,0.5679,0.4029,-0.1954,C,0.2135,0.322-0.622,0.557,0.357,0.109
3236,286613,-6.76,14,100.0,0.663,0.2067,0.8177,0.1675,0.4378,0.5861,0.8775,0.4412,-0.101,C,0.1792,0.322-0.622,0.557,0.357,0.11
3237,286627,0.45,14,92.9,0.741,0.1593,0.935,0.0588,0.2931,0.6292,0.6644,0.4722,-0.0099,C,0.2401,0.322-0.622,0.557,0.357,0.11
3238,286641,-19.03,14,85.7,0.9322,0.078,0.8518,0.212,0.4535,0.0365,0.3132,0.4208,-0.1984,C,0.1891,0.322-0.622,0.557,0.357,0.11
3239,286656,-29.97,15,0.0,0.0,0.0,0.8956,0.1136,0.2841,0.0,0.0,0.4459,-0.0435,C,0.2155,0.322-0.622,0.557,0.357,0.11
3240,286671,-3.68,15,100.0,0.5734,0.2235,0.7772,0.2315,0.4641,0.9812,0.9039,0.471,-0.1831,C,0.2028,0.322-0.622,0.557,0.357,0.11
3241,286684,-18.3,13,92.3,0.8356,0.098,0.9164,0.0874,0.3815,0.0767,0.4348,0.4289,-0.0433,C,0.1767,0.322-0.622,0.557,0.357,0.11
3242,286999,218.23,315,98.4,0.2538,0.1906,0.451,0.5991,0.9459,2.6922,0.7057,0.4076,-0.6704,C,0.198,0.322-0.622,0.558,0.358,0.11
3243,287013,-11.17,14,92.9,0.565,0.2106,0.8756,0.1781,0.3289,1.1296,0.8015,0.4692,-0.1368,C,0.2235,0.322-0.622,0.558,0.358,0.11
3244,287028,-6.6,15,93.3,0.7445,0.1739,0.8304,0.1847,0.3934,0.2436,0.7489,0.4541,-0.1021,C,0.2314,0.322-0.622,0.558,0.358,0.11
3245,287102,-56.27,74,98.6,0.8244,0.1202,0.4925,0.4414,0.8244,0.2812,0.5255,0.3121,-0.3815,C,0.1738,0.322-0.622,0.558,0.358,0.11
3246,287115,-10.83,13,76.9,0.8333,0.1304,0.9146,0.1323,0.3724,0.066,0.4717,0.4126,-0.094,C,0.2312,0.322-0.622,0.558,0.358,0.11
3247,287130,-20.44,15,73.3,0.8498,0.0909,0.8692,0.1605,0.4211,0.0652,0.3163,0.39,-0.125,C,0.2166,0.322-0.622,0.558,0.358,0.11
3248,287145,-12.72,15,100.0,0.7458,0.1594,0.7673,0.2617,0.3822,0.2753,0.7128,0.3984,-0.1863,C,0.1862,0.322-0.622,0.558,0.358,0.11
3249,287231,7.25,86,94.2,0.4684,0.2222,0.5622,0.4622,0.8543,1.1899,0.8281,0.3389,-0.4335,C,0.2184,0.322-0.622,0.558,0.358,0.11
3250,287245,-28.74,14,0.0,0.0,0.0,0.9194,0.0901,0.293,0.0,0.0,0.4731,-0.0325,C,0.183,0.322-0.622,0.558,0.358,0.11
3251,287258,-21.46,13,92.3,0.8859,0.0709,0.8658,0.1331,0.4186,0.0449,0.3254,0.4058,-0.0757,C,0.1924,0.322-0.622,0.558,0.358,0.11
3252,287272,-10.79,14,85.7,0.6423,0.1863,0.9095,0.0809,0.3174,0.5988,0.7021,0.3797,-0.023,C,0.2396,0.322-0.622,0.558,0.358,0.11
3253,287286,-9.63,14,100.0,0.678,0.2013,0.7931,0.1635,0.4307,0.4164,0.8755,0.4354,-0.0698,C,0.2367,0.322-0.622,0.558,0.358,0.11
3254,287299,-15.85,13,46.2,1.0436,0.0669,0.9013,0.0961,0.3375,0.0028,0.147,0.4559,-0.053,C,0.2003,0.322-0.622,0.558,0.358,0.11
3255,287316,-17.72,17,94.1,0.8586,0.1367,0.7606,0.2038,0.4323,0.1557,0.5742,0.4868,-0.1225,C,0.1886,0.322-0.622,0.559,0.359,0.11
3256,287331,-13.98,15,100.0,0.67,0.1564,0.813,0.1559,0.497,0.8246,0.6616,0.4049,-0.0809,C,0.2423,0.322-0.622,0.559,0.359,0.11
3257,287344,0.12,13,100.0,0.9166,0.1025,0.8918,0.0833,0.421,0.0528,0.4818,0.4556,-0.021,C,0.1937,0.322-0.622,0.559,0.359,0.11
3258,287740,386.71,396,100.0,0.3675,0.1912,0.3947,0.5283,0.9634,2.0857,0.8383,0.3698,-0.511,C,0.1616,0.322-0.622,0.559,0.359,0.11
3259,287753,-6.83,13,100.0,0.7529,0.1803,0.8679,0.1612,0.4363,0.3493,0.7781,0.4029,-0.0948,C,0.1667,0.322-0.622,0.559,0.359,0.11
3260,287767,-11.25,14,100.0,0.8027,0.1608,0.8317,0.2389,0.4063,0.1988,0.7301,0.4406,-0.195,C,0.2023,0.322-0.622,0.559,0.359,0.11
3261,287780,6.1,13,100.0,0.4915,0.2446,0.8774,0.1416,0.4551,1.2455,0.9647,0.4296,-0.0516,C,0.1908,0.322-0.622,0.56,0.36,0.11
3262,287793,9.87,13,100.0,0.4456,0.2363,0.8354,0.1907,0.4351,1.6732,0.8898,0.456,-0.0867,C,0.2467,0.322-0.622,0.56,0.36,0.11
3263,287808,-21.42,15,80.0,0.9295,0.0435,0.781,0.2278,0.419,0.0229,0.1832,0.4286,-0.1384,C,0.1717,0.322-0.622,0.56,0.36,0.11
3264,287822,-11.03,14,100.0,0.6709,0.1769,0.8472,0.1287,0.4187,0.6781,0.7744,0.4492,-0.0627,C,0.2451,0.322-0.622,0.56,0.36,0.11
3265,287836,-11.19,14,85.7,0.8724,0.0875,0.8349,0.178,0.4038,0.0393,0.3661,0.4437,-0.1096,C,0.2452,0.322-0.622,0.56,0.36,0.11
3266,287849,3.26,13,100.0,0.6438,0.2133,0.9111,0.0877,0.4361,0.5512,0.9191,0.4011,-0.0244,C,0.2257,0.322-0.622,0.56,0.36,0.11
3267,287863,-12.86,14,92.9,0.9322,0.0765,0.7978,0.197,0.4378,0.033,0.3387,0.44,-0.1254,C,0.1706,0.322-0.622,0.56,0.36,0.11
3268,287877,-22.37,14,57.1,0.9246,0.0197,0.8165,0.1751,0.4176,0.0145,0.0909,0.4256,-0.0946,C,0.1783,0.322-0.622,0.56,0.36,0.11
3269,287890,-9.4,13,100.0,0.7782,0.1765,0.8858,0.1309,0.4582,0.1917,0.7979,0.3856,-0.0565,C,0.1765,0.322-0.622,0.56,0.36,0.11
3270,287999,83.92,109,97.2,0.3985,0.2095,0.4574,0.5179,0.8893,1.9725,0.8877,0.4532,-0.5063,C,0.232,0.322-0.622,0.56,0.36,0.11
3271,288013,-8.72,14,85.7,0.8032,0.1312,0.862,0.1279,0.4037,0.0848,0.5235,0.4043,-0.0774,C,0.2314,0.322-0.622,0.56,0.36,0.11
3272,288042,-13.09,29,75.9,0.6378,0.2037,0.6374,0.2902,0.5755,0.3621,0.6289,0.4056,-0.2036,C,0.227,0.322-0.622,0.56,0.36,0.11
3273,288057,-4.47,15,86.7,0.7131,0.1641,0.8527,0.1656,0.336,0.3651,0.6085,0.402,-0.0704,C,0.1626,0.322-0.622,0.56,0.36,0.11
3274,288070,-26.1,13,84.6,0.727,0.1532,0.9014,0.1326,0.3652,0.1841,0.5979,0.4461,-0.1285,C,0.2237,0.322-0.622,0.56,0.36,0.11
3275,288084,5.87,14,100.0,0.5712,0.2197,0.8893,0.1073,0.4313,0.9664,0.8754,0.397,-0.0405,C,0.2157,0.322-0.622,0.56,0.36,0.11
3276,288098,-18.85,14,85.7,0.9676,0.0325,0.8122,0.1917,0.4239,0.0189,0.167,0.46,-0.1197,C,0.1906,0.322-0.622,0.56,0.36,0.11
3277,288402,236.75,304,99.3,0.428,0.1802,0.4086,0.4753,0.95,1.4851,0.7726,0.4157,-0.4313,C,0.2254,0.322-0.622,0.561,0.361,0.11
3278,288417,-12.37,15,86.7,0.8921,0.0777,0.8187,0.1703,0.4571,0.0573,0.3187,0.4382,-0.1137,C,0.2115,0.322-0.622,0.561,0.361,0.11
3279,288432,-16.77,15,93.3,0.7816,0.1387,0.7801,0.1837,0.443,0.1734,0.595,0.4362,-0.0807,C,0.2411,0.322-0.622,0.561,0.361,0.11
3280,288446,-9.53,14,92.9,0.6873,0.1807,0.918,0.0724,0.3018,0.7014,0.7486,0.3983,-0.0255,C,0.2459,0.322-0.622,0.561,0.361,0.11
3281,288460,-1.44,14,92.9,0.7248,0.1922,0.8182,0.1526,0.3963,0.3318,0.7615,0.409,-0.0846,C,0.2367,0.322-0.622,0.561,0.361,0.11
3282,288638,20.94,178,97.8,0.4544,0.1901,0.4956,0.5077,0.9071,1.3264,0.7392,0.3894,-0.5041,C,0.2258,0.322-0.622,0.561,0.361,0.11
3283,288652,-8.79,14,100.0,0.7204,0.1676,0.8142,0.2373,0.3866,0.4717,0.752,0.452,-0.1767,C,0.2373,0.322-0.622,0.561,0.361,0.11
3284,288666,0.69,14,85.7,0.6697,0.1894,0.9317,0.0676,0.3153,0.5917,0.6899,0.3939,-0.0121,C,0.1688,0.322-0.622,0.561,0.361,0.11
3285,288681,-12.36,15,100.0,0.8882,0.1082,0.7314,0.229,0.4155,0.107,0.5093,0.4272,-0.1429,C,0.1627,0.322-0.622,0.561,0.361,0.11
3286,288696,-14.22,15,46.7,1.0534,0.0526,0.8442,0.1425,0.3204,0.0027,0.1246,0.4817,-0.0711,C,0.2072,0.322-0.622,0.561,0.361,0.11
3287,288710,0.13,14,85.7,0.6126,0.2021,0.8948,0.1044,0.2877,0.8317,0.7582,0.4753,-0.0376,C,0.2224,0.322-0.622,0.562,0.362,0.11
3288,288724,-12.71,14,100.0,0.6587,0.179,0.7934,0.2616,0.4233,0.793,0.7647,0.4494,-0.2019,C,0.165,0.322-0.622,0.562,0.362,0.11
3289,288737,-14.62,13,100.0,0.7103,0.1816,0.8399,0.1752,0.448,0.3199,0.8289,0.4524,-0.0884,C,0.1764,0.322-0.622,0.562,0.362,0.11
3290,288751,-3.34,14,92.9,0.7246,0.1738,0.8551,0.1496,0.4079,0.2866,0.719,0.4628,-0.0649,C,0.1743,0.322-0.622,0.562,0.362,0.11
3291,288765,-21.58,14,50.0,0.9787,0.0671,0.9647,0.0323,0.2934,0.0076,0.167,0.4068,-0.0035,C,0.2181,0.322-0.622,0.562,0.362,0.11
3292,288779,-12.64,14,92.9,0.9955,0.0451,0.7864,0.2092,0.4364,0.0223,0.2206,0.4279,-0.1282,C,0.2429,0.322-0.622,0.562,0.362,0.11
3293,288792,-23.67,13,84.6,0.9409,0.0458,0.9086,0.1163,0.3898,0.0261,0.2037,0.3565,-0.073,C,0.2165,0.322-0.622,0.562,0.362,0.11
3294,288806,-19.27,14,71.4,0.7717,0.1471,0.9351,0.0747,0.2819,0.0947,0.4852,0.3739,-0.0228,C,0.2428,0.322-0.622,0.562,0.362,0.11
3295,288820,-13.37,14,100.0,0.6355,0.1833,0.8047,0.2217,0.3959,0.939,0.7919,0.4434,-0.1364,C,0.1869,0.322-0.622,0.562,0.362,0.11
3296,288836,-28.31,16,75.0,0.8795,0.0761,0.8127,0.2938,0.4813,0.0365,0.2679,0.4378,-0.3186,C,0.2019,0.322-0.622,0.562,0.362,0.11
3297,288850,-2.87,14,100.0,0.5896,0.2068,0.7827,0.1693,0.414,0.9802,0.8747,0.4509,-0.1037,C,0.1919,0.322-0.622,0.562,0.362,0.11
3298,288863,-12.28,13,100.0,0.7393,0.1694,0.8459,0.1124,0.4355,0.3165,0.7638,0.4117,-0.039,C,0.2187,0.322-0.622,0.562,0.362,0.11
3299,288877,-14.79,14,85.7,0.6997,0.1631,0.9328,0.0631,0.2749,0.4105,0.6374,0.3951,-0.0116,C,0.2162,0.322-0.622,0.562,0.362,0.11
3300,288891,-5.59,14,78.6,0.9207,0.0748,0.9012,0.1037,0.3333,0.02,0.289,0.4646,-0.0365,C,0.2484,0.322-0.622,0.562,0.362,0.11
3301,288907,-3.42,16,100.0,0.8663,0.1245,0.7921,0.1777,0.3686,0.5028,0.5721,0.4408,-0.077,C,0.1614,0.322-0.622,0.562,0.362,0.11
3302,288921,-2.01,14,78.6,0.6307,0.199,0.9086,0.1137,0.306,0.4772,0.6618,0.4279,-0.0493,C,0.2151,0.322-0.622,0.562,0.362,0.11
3303,288935,-0.65,14,100.0,0.7007,0.1837,0.8524,0.1485,0.3592,0.7866,0.7978,0.4298,-0.0776,C,0.2348,0.322-0.622,0.562,0.362,0.11
3304,288959,-6.56,24,70.8,0.7215,0.1964,0.6928,0.2507,0.561,0.2021,0.5558,0.4028,-0.1557,C,0.2002,0.322-0.622,0.562,0.362,0.11
3305,288979,-11.71,20,75.0,0.7084,0.166,0.6826,0.233,0.4856,0.2065,0.5701,0.4662,-0.1601,C,0.2079,0.322-0.622,0.562,0.362,0.11
3306,288994,-6.54,15,80.0,0.7665,0.1405,0.9037,0.1106,0.3111,0.1534,0.4939,0.4142,-0.0638,C,0.1942,0.322-0.622,0.562,0.362,0.11
3307,289007,-28.57,13,0.0,0.0,0.0,0.8629,0.1336,0.4386,0.0,0.0,0.4112,-0.0742,C,0.1904,0.322-0.622,0.562,0.362,0.11
3308,289021,-22.87,14,85.7,0.8902,0.092,0.8339,0.2065,0.4051,0.0473,0.3767,0.458,-0.1758,C,0.1826,0.322-0.622,0.562,0.362,0.11
3309,289035,-2.33,14,100.0,0.8255,0.1272,0.9032,0.1121,0.3193,0.4535,0.5816,0.4148,-0.0411,C,0.1783,0.322-0.622,0.562,0.362,0.11
3310,289048,-17.44,13,100.0,0.6852,0.1591,0.865,0.1396,0.4394,0.6233,0.6756,0.4203,-0.067,C,0.2181,0.322-0.622,0.562,0.362,0.11
3311,289062,-2.53,14,100.0,0.5264,0.2245,0.8092,0.1223,0.4078,1.1824,0.9416,0.4013,-0.0519,C,0.1706,0.322-0.622,0.562,0.362,0.11
3312,289076,-19.61,14,100.0,0.6705,0.1634,0.7833,0.2788,0.4616,0.6679,0.7096,0.4346,-0.2497,C,0.1912,0.322-0.622,0.562,0.362,0.11
3313,289090,-18.31,14,100.0,0.6714,0.1968,0.8195,0.2272,0.4355,0.5746,0.835,0.3921,-0.2048,C,0.1871,0.322-0.622,0.562,0.362,0.11
3314,289394,81.88,304,99.3,0.4389,0.1455,0.4288,0.4977,0.9408,1.3531,0.6505,0.3863,-0.4601,C,0.1865,0.322-0.622,0.563,0.363,0.11
3315,289407,-7.15,13,100.0,0.6291,0.2098,0.9008,0.1336,0.4032,0.563,0.879,0.4276,-0.0849,C,0.2498,0.322-0.622,0.563,0.363,0.111
3316,289422,-20.77,15,33.3,0.9173,0.015,0.84,0.1521,0.4095,0.0086,0.0492,0.4725,-0.0762,C,0.1925,0.322-0.622,0.563,0.363,0.111
3317,289436,-8.09,14,64.3,0.8861,0.0828,0.9454,0.0624,0.2972,0.0286,0.2674,0.3613,-0.0117,C,0.2094,0.322-0.622,0.563,0.363,0.111
3318,289449,-25.89,13,76.9,0.8152,0.1229,0.9143,0.1175,0.3354,0.0737,0.4457,0.4612,-0.0863,C,0.2116,0.322-0.622,0.563,0.363,0.111
3319,289463,-11.06,14,100.0,0.6966,0.1841,0.8589,0.1523,0.3629,0.7718,0.8109,0.4507,-0.0896,C,0.2321,0.322-0.622,0.563,0.363,0.111
3320,289477,0.87,14,85.7,0.6701,0.1826,0.9219,0.0758,0.3101,0.5184,0.687,0.4278,-0.0193,C,0.2288,0.322-0.622,0.563,0.363,0.111
3321,289490,-18.39,13,100.0,0.6112,0.2001,0.8993,0.1277,0.3883,0.9454,0.8463,0.4381,-0.0872,C,0.2054,0.322-0.622,0.563,0.363,0.111
3322,289504,1.0,14,100.0,0.5888,0.2239,0.8084,0.2027,0.4494,0.7708,0.9431,0.4374,-0.1057,C,0.2312,0.322-0.622,0.563,0.363,0.111
3323,289518,-21.51,14,50.0,0.9469,0.0333,0.8423,0.1266,0.3537,0.01,0.0989,0.4003,-0.0568,C,0.2359,0.322-0.622,0.563,0.363,0.111
3324,289540,-0.16,22,90.9,0.4855,0.2311,0.6582,0.3072,0.5217,1.3122,0.8185,0.3837,-0.2452,C,0.2111,0.322-0.622,0.563,0.363,0.111
3325,289554,-6.14,14,92.9,0.7503,0.1556,0.8621,0.1683,0.3982,0.1776,0.6601,0.3714,-0.0932,C,0.2354,0.322-0.622,0.563,0.363,0.111
3326,289569,-13.21,15,100.0,0.7227,0.1799,0.7774,0.2244,0.4095,0.3872,0.8113,0.3948,-0.1358,C,0.2492,0.322-0.622,0.563,0.363,0.111
3327,289583,-18.17,14,0.0,0.0,0.0,0.928,0.0781,0.2849,0.0,0.0,0.378,-0.0192,C,0.1816,0.322-0.622,0.563,0.363,0.111
3328,289597,-2.49,14,92.9,0.8088,0.1191,0.9402,0.0729,0.3068,0.2144,0.5069,0.3835,-0.0147,C,0.168,0.322-0.622,0.563,0.363,0.111
3329,289612,-20.2,15,86.7,0.89,0.0743,0.8277,0.1937,0.4758,0.0407,0.3124,0.3726,-0.1205,C,0.1864,0.322-0.622,0.563,0.363,0.111
3330,289626,3.31,14,100.0,0.6349,0.1989,0.8169,0.1248,0.4448,0.7535,0.8399,0.4509,-0.0404,C,0.2155,0.322-0.622,0.563,0.363,0.111
3331,289660,-2.89,34,94.1,0.6292,0.1699,0.5788,0.3427,0.6932,0.5062,0.6781,0.3434,-0.221,C,0.227,0.322-0.622,0.564,0.364,0.111
3332,289674,-14.47,14,92.9,0.8518,0.1025,0.9095,0.1026,0.3209,0.1221,0.4529,0.4553,-0.0266,C,0.1961,0.322-0.622,0.564,0.364,0.111
3333,289687,-22.43,13,84.6,0.7299,0.1526,0.8968,0.1447,0.3698,0.2066,0.5996,0.4216,-0.0894,C,0.1764,0.322-0.622,0.564,0.364,0.111
3334,289701,-11.98,14,78.6,0.8274,0.1127,0.9178,0.0875,0.3575,0.1335,0.415,0.4207,-0.0429,C,0.2184,0.322-0.622,0.564,0.364,0.111
3335,289715,-10.63,14,92.9,0.618,0.1964,0.8495,0.1625,0.4386,0.5551,0.7784,0.4631,-0.1439,C,0.225,0.322-0.622,0.564,0.364,0.111
3336,289774,-2.84,59,72.9,0.3431,0.164,0.6294,0.4068,0.8163,1.4673,0.4167,0.3388,-0.3939,C,0.1776,0.322-0.622,0.564,0.364,0.111
3337,289788,-0.32,14,92.9,0.5707,0.2375,0.8139,0.1468,0.4042,0.7899,0.83,0.4084,-0.0791,C,0.2426,0.322-0.622,0.564,0.364,0.111
3338,289802,-0.51,14,92.9,0.7011,0.1683,0.9101,0.0931,0.2903,0.7269,0.7088,0.4544,-0.0258,C,0.1871,0.322-0.622,0.564,0.364,0.111
3339,289815,-13.21,13,100.0,0.6725,0.1861,0.8401,0.1513,0.433,0.3878,0.8014,0.4545,-0.0861,C,0.2342,0.322-0.622,0.564,0.364,0.111
3340,289837,-27.42,22,72.7,0.7588,0.1248,0.7783,0.2271,0.5353,0.2544,0.4244,0.4303,-0.2075,C,0.1962,0.322-0.622,0.564,0.364,0.111
3341,289851,-19.0,14,78.6,0.7249,0.1589,0.9146,0.1231,0.2944,0.1987,0.5566,0.3878,-0.0638,C,0.1701,0.322-0.622,0.564,0.364,0.111
3342,289864,-16.91,13,100.0,0.5952,0.1886,0.8497,0.2149,0.451,0.9691,0.7947,0.4591,-0.198,C,0.1719,0.322-0.622,0.564,0.364,0.111
3343,289878,-3.73,14,92.9,0.6998,0.1673,0.8567,0.1462,0.3868,0.3094,0.7143,0.4347,-0.0765,C,0.2006,0.322-0.622,0.564,0.364,0.111
3344,289894,-12.76,16,93.8,0.635,0.2118,0.8112,0.1849,0.3751,0.7756,0.8453,0.4139,-0.117,C,0.243,0.322-0.622,0.564,0.364,0.111
3345,289908,-0.18,14,92.9,0.6887,0.1952,0.8616,0.1227,0.3181,0.4128,0.7564,0.4731,-0.0564,C,0.2472,0.322-0.622,0.564,0.364,0.111
3346,289922,-7.77,14,57.1,0.8362,0.114,0.9437,0.0687,0.3132,0.0458,0.3071,0.468,-0.0143,C,0.2491,0.322-0.622,0.564,0.364,0.111
3347,289936,-15.98,14,92.9,0.8343,0.1107,0.8478,0.2126,0.4095,0.1093,0.4875,0.4653,-0.1629,C,0.1882,0.322-0.622,0.564,0.364,0.111
3348,289950,-4.75,14,92.9,0.6941,0.1888,0.8437,0.183,0.4202,0.2645,0.7799,0.4908,-0.1094,C,0.2182,0.322-0.622,0.564,0.364,0.111
3349,289964,-11.26,14,85.7,0.9827,0.0367,0.8514,0.1341,0.427,0.0215,0.1798,0.4635,-0.0844,C,0.1786,0.322-0.622,0.564,0.364,0.111
3350,289977,-18.37,13,100.0,0.8689,0.1013,0.8339,0.1525,0.4188,0.077,0.4689,0.402,-0.0801,C,0.2002,0.322-0.622,0.564,0.364,0.111
3351,289991,-17.06,14,85.7,0.9174,0.075,0.8267,0.1892,0.4367,0.041,0.3051,0.4678,-0.126,C,0.19,0.322-0.622,0.564,0.364,0.111
3352,290005,-10.71,14,100.0,0.5614,0.2094,0.8896,0.1073,0.4273,1.0451,0.8865,0.4158,-0.0607,C,0.2017,0.322-0.622,0.564,0.364,0.111
3353,290021,-13.82,16,81.2,0.8323,0.0992,0.77,0.2164,0.4434,0.0611,0.3909,0.4245,-0.1363,C,0.2334,0.322-0.622,0.564,0.364,0.111
3354,290034,-21.26,13,92.3,0.8675,0.1108,0.8473,0.2542,0.4272,0.0582,0.4757,0.454,-0.2696,C,0.1763,0.322-0.622,0.564,0.364,0.111
3355,290049,-21.63,15,53.3,0.8611,0.0421,0.8236,0.1968,0.4143,0.0287,0.121,0.446,-0.1307,C,0.1666,0.322-0.622,0.564,0.364,0.111
3356,290063,-7.74,14,85.7,0.9039,0.0889,0.8218,0.1659,0.4247,0.0378,0.3603,0.437,-0.0993,C,0.1861,0.322-0.622,0.564,0.364,0.111
3357,290079,-18.26,16,81.2,0.9571,0.0726,0.7831,0.2,0.4782,0.0152,0.2844,0.4292,-0.1483,C,0.2398,0.322-0.622,0.564,0.364,0.111
3358,290092,-1.71,13,100.0,0.7167,0.1599,0.915,0.1182,0.3803,0.3128,0.724,0.4446,-0.0679,C,0.225,0.322-0.622,0.564,0.364,0.111
3359,290107,-16.33,15,46.7,0.8924,0.0317,0.855,0.1146,0.3811,0.0162,0.0907,0.4412,-0.0465,C,0.2316,0.322-0.622,0.565,0.365,0.111
3360,290120,-8.51,13,100.0,0.6215,0.2134,0.8741,0.1277,0.4236,0.7755,0.9013,0.4652,-0.0831,C,0.2075,0.322-0.622,0.565,0.365,0.111
3361,290134,-18.97,14,92.9,0.7734,0.1381,0.8657,0.1747,0.3624,0.208,0.5769,0.4437,-0.127,C,0.1757,0.322-0.622,0.565,0.365,0.111
3362,290147,-17.02,13,100.0,0.6666,0.1838,0.8436,0.1866,0.413,0.4297,0.8246,0.4628,-0.1165,C,0.1887,0.322-0.622,0.565,0.365,0.111
3363,290160,-6.96,13,100.0,0.8229,0.1336,0.8453,0.1617,0.4231,0.1738,0.6182,0.4291,-0.1009,C,0.1702,0.322-0.622,0.565,0.365,0.111
3364,290175,-15.86,15,93.3,0.8785,0.1206,0.7983,0.2024,0.4209,0.102,0.5283,0.4487,-0.1378,C,0.2059,0.322-0.622,0.565,0.365,0.111
3365,290190,-19.21,15,100.0,0.6384,0.182,0.7564,0.3117,0.447,0.8521,0.7929,0.4354,-0.2801,C,0.1639,0.322-0.622,0.565,0.365,0.111
3366,290205,-14.47,15,86.7,0.693,0.1904,0.7861,0.2186,0.3832,0.2709,0.7199,0.4219,-0.1167,C,0.1968,0.322-0.622,0.565,0.365,0.111
3367,290218,-5.6,13,100.0,0.9159,0.0897,0.8826,0.1438,0.4413,0.0717,0.4271,0.4401,-0.0895,C,0.1664,0.322-0.622,0.565,0.365,0.111
3368,290231,-7.57,13,100.0,0.8138,0.1073,0.857,0.1568,0.3983,0.1141,0.5094,0.4684,-0.0951,C,0.2402,0.322-0.622,0.565,0.365,0.111
3369,290245,1.31,14,100.0,0.5661,0.2247,0.8308,0.1593,0.4137,1.0229,0.9256,0.3924,-0.0925,C,0.2421,0.322-0.622,0.565,0.365,0.111
3370,290258,-7.82,13,92.3,0.9525,0.068,0.9007,0.108,0.4075,0.0254,0.3146,0.4118,-0.0595,C,0.2481,0.322-0.622,0.565,0.365,0.111
3371,290271,-15.6,13,100.0,0.8904,0.0962,0.9206,0.1652,0.3911,0.0618,0.4674,0.4248,-0.1745,C,0.1745,0.322-0.622,0.565,0.365,0.111
3372,290285,8.42,14,92.9,0.4269,0.2378,0.8183,0.1708,0.4309,1.6211,0.8379,0.3846,-0.0877,C,0.2145,0.322-0.622,0.565,0.365,0.111
3373,290307,-11.84,22,100.0,0.6176,0.2057,0.7002,0.341,0.5948,0.857,0.7753,0.3645,-0.3188,C,0.187,0.322-0.622,0.565,0.365,0.111
3374,290325,-24.27,18,77.8,0.9385,0.0739,0.6959,0.3207,0.4126,0.0213,0.2869,0.4397,-0.212,C,0.2118,0.322-0.622,0.565,0.365,0.111
3375,290395,37.11,70,100.0,0.4826,0.1962,0.5307,0.374,0.8755,1.1489,0.8533,0.2113,-0.3026,C,0.2261,0.322-0.622,0.565,0.365,0.111
3376,290409,-9.09,14,92.9,0.7023,0.1861,0.9003,0.1273,0.4064,0.2817,0.7709,0.4473,-0.0867,C,0.1873,0.322-0.622,0.565,0.365,0.111
3377,290423,-0.75,14,92.9,0.712,0.1792,0.8953,0.0998,0.3282,0.7016,0.7211,0.4274,-0.0419,C,0.2099,0.322-0.622,0.565,0.365,0.111
3378,290437,-1.05,14,92.9,0.5961,0.2121,0.8714,0.115,0.3554,0.782,0.827,0.388,-0.0522,C,0.2164,0.322-0.622,0.565,0.365,0.111
3379,290450,-8.57,13,100.0,0.4709,0.2488,0.8715,0.1404,0.4354,1.3766,0.9328,0.4082,-0.0735,C,0.2455,0.322-0.622,0.565,0.365,0.111
3380,290465,-9.72,15,100.0,0.673,0.1769,0.7668,0.2261,0.4518,0.6913,0.7562,0.4477,-0.154,C,0.2336,0.322-0.622,0.565,0.365,0.111
3381,290485,-13.77,20,85.0,0.531,0.2316,0.7371,0.3041,0.4263,1.0135,0.7686,0.4568,-0.2662,C,0.2035,0.322-0.622,0.565,0.365,0.111
3382,290504,-18.42,19,78.9,0.8496,0.1146,0.813,0.2009,0.4401,0.0592,0.4263,0.3857,-0.1264,C,0.2382,0.322-0.622,0.565,0.365,0.111
3383,290518,-27.79,14,100.0,0.8958,0.1121,0.7755,0.31,0.4395,0.1255,0.5321,0.4446,-0.3034,C,0.1828,0.322-0.622,0.565,0.365,0.111
3384,290532,-16.45,14,0.0,0.0,0.0,0.9194,0.0742,0.2871,0.0,0.0,0.47,-0.0137,C,0.1921,0.322-0.622,0.565,0.365,0.111
3385,290546,-26.29,14,0.0,0.0,0.0,0.8864,0.1185,0.3751,0.0,0.0,0.477,-0.0543,C,0.1926,0.322-0.622,0.565,0.365,0.111
3386,290560,-11.74,14,100.0,0.4951,0.2238,0.798,0.2106,0.4114,1.3365,0.9333,0.4606,-0.1367,C,0.2016,0.322-0.622,0.565,0.365,0.111
3387,290573,4.37,13,100.0,0.5092,0.2059,0.8932,0.0998,0.4229,1.2157,0.9,0.4162,-0.026,C,0.2455,0.322-0.622,0.566,0.366,0.111
3388,290590,-16.52,17,100.0,0.8273,0.1569,0.7702,0.2772,0.5416,0.1467,0.7202,0.4778,-0.2405,C,0.2282,0.322-0.622,0.566,0.366,0.111
3389,290604,-25.49,14,50.0,1.0133,0.0113,0.7938,0.193,0.4127,0.0046,0.0693,0.4253,-0.1125,C,0.2486,0.322-0.622,0.566,0.366,0.111
3390,290634,10.25,30,93.3,0.4987,0.2365,0.6481,0.3206,0.6393,1.1145,0.8274,0.4005,-0.2302,C,0.2122,0.322-0.622,0.566,0.366,0.111
3391,290647,-14.07,13,100.0,0.915,0.0971,0.8711,0.1375,0.4272,0.049,0.4566,0.4506,-0.0998,C,0.17,0.322-0.622,0.566,0.366,0.111
3392,290661,-10.16,14,100.0,0.6059,0.2088,0.8035,0.1979,0.3707,0.8559,0.8909,0.4053,-0.1074,C,0.2158,0.322-0.622,0.566,0.366,0.111
3393,290676,-7.54,15,100.0,0.6027,0.2108,0.7981,0.2616,0.4202,0.9882,0.8682,0.4239,-0.2061,C,0.1689,0.322-0.622,0.566,0.366,0.111
3394,290692,-5.55,16,87.5,0.7163,0.1876,0.8422,0.137,0.3866,0.5383,0.6828,0.4306,-0.0736,C,0.1834,0.322-0.622,0.566,0.366,0.111
3395,290705,-21.8,13,92.3,0.8242,0.1027,0.9089,0.1153,0.3933,0.0905,0.4475,0.4443,-0.08,C,0.1795,0.322-0.622,0.566,0.366,0.111
3396,290720,-27.8,15,26.7,0.893,0.02,0.8464,0.1744,0.3469,0.0091,0.0427,0.4246,-0.0986,C,0.167,0.322-0.622,0.566,0.366,0.111
3397,290734,-15.38,14,100.0,0.8311,0.1182,0.8351,0.1921,0.4325,0.1204,0.5587,0.4184,-0.1071,C,0.1814,0.322-0.622,0.566,0.366,0.111
3398,290747,-2.2,13,100.0,0.5283,0.2239,0.861,0.2074,0.4406,1.1386,0.9426,0.4444,-0.1432,C,0.1671,0.322-0.622,0.566,0.366,0.111
3399,290762,-21.52,15,100.0,0.6501,0.192,0.8243,0.2766,0.3756,0.7014,0.8426,0.4091,-0.2604,C,0.2015,0.322-0.622,0.566,0.366,0.111
3400,290777,-21.5,15,100.0,0.645,0.1943,0.7896,0.3302,0.4189,0.6669,0.8318,0.4202,-0.3475,C,0.1934,0.322-0.622,0.566,0.366,0.111
3401,290790,-20.35,13,100.0,0.861,0.1211,0.8828,0.1549,0.4515,0.0867,0.5714,0.4521,-0.1361,C,0.1709,0.322-0.622,0.566,0.366,0.111
3402,290804,-7.32,14,100.0,0.5263,0.1992,0.8736,0.2108,0.4398,1.1486,0.8869,0.4134,-0.1828,C,0.188,0.322-0.622,0.566,0.366,0.111
3403,290818,-14.83,14,85.7,0.8272,0.1208,0.9557,0.0391,0.2964,0.1924,0.4718,0.4186,-0.004,C,0.2387,0.322-0.622,0.566,0.366,0.111
3404,290831,-35.28,13,0.0,0.0,0.0,0.8347,0.1647,0.3716,0.0,0.0,0.4772,-0.0848,C,0.2205,0.322-0.622,0.566,0.366,0.111
3405,290845,-30.07,14,0.0,0.0,0.0,0.8884,0.095,0.3182,0.0,0.0,0.433,-0.0306,C,0.1651,0.322-0.622,0.566,0.366,0.111
3406,290860,-16.04,15,100.0,0.6528,0.1818,0.8086,0.2568,0.4256,0.7925,0.7773,0.4292,-0.2056,C,0.2106,0.322-0.622,0.566,0.366,0.111
3407,290876,-12.34,16,100.0,0.5653,0.2249,0.7813,0.2486,0.4907,0.9941,0.9411,0.3912,-0.1791,C,0.2082,0.322-0.622,0.566,0.366,0.111
3408,290892,-11.97,16,75.0,0.7413,0.1646,0.861,0.1768,0.3321,0.1611,0.5508,0.4719,-0.1194,C,0.1714,0.322-0.622,0.566,0.366,0.111
3409,290906,-9.06,14,100.0,0.5978,0.2038,0.7815,0.2481,0.4066,0.9719,0.8577,0.4047,-0.1801,C,0.1769,0.322-0.622,0.566,0.366,0.111
3410,290923,-6.49,17,100.0,0.7349,0.161,0.7848,0.2195,0.4403,0.72,0.6949,0.4381,-0.1594,C,0.1943,0.322-0.622,0.566,0.366,0.111
3411,290938,-20.97,15,73.3,1.0214,0.0429,0.7657,0.2266,0.384,0.0084,0.1682,0.4048,-0.1205,C,0.2492,0.322-0.622,0.566,0.366,0.111
3412,290953,-11.86,15,100.0,0.6686,0.184,0.7619,0.2411,0.4833,0.7762,0.7846,0.4475,-0.204,C,0.1908,0.322-0.622,0.566,0.366,0.111
3413,290967,1.2,14,100.0,0.4918,0.2253,0.8368,0.1894,0.409,1.504,0.8646,0.4737,-0.1368,C,0.2216,0.322-0.622,0.566,0.366,0.111
3414,291065,138.96,98,98.0,0.2771,0.1015,0.5688,0.4042,0.8667,2.494,0.4113,0.3965,-0.3548,C,0.1888,0.322-0.622,0.567,0.367,0.111
3415,291078,-14.61,13,100.0,0.7052,0.1855,0.8886,0.1491,0.4325,0.3899,0.8106,0.3531,-0.0763,C,0.2091,0.322-0.622,0.567,0.367,0.111
3416,291093,-22.43,15,100.0,0.6662,0.1921,0.7418,0.2738,0.4415,0.6091,0.8157,0.4646,-0.227,C,0.1912,0.322-0.622,0.567,0.367,0.111
3417,291109,-4.25,16,93.8,0.6114,0.2158,0.811,0.2235,0.4249,0.8478,0.8542,0.4668,-0.1795,C,0.1684,0.322-0.622,0.567,0.367,0.111
3418,291122,-10.13,13,100.0,0.7208,0.1364,0.8386,0.1307,0.4521,0.5101,0.619,0.4548,-0.0577,C,0.1747,0.322-0.622,0.567,0.367,0.111
3419,291136,-13.44,14,100.0,0.6535,0.2177,0.7537,0.2481,0.4346,0.5668,0.9029,0.441,-0.1618,C,0.2089,0.322-0.622,0.567,0.367,0.111
3420,291150,-6.77,14,100.0,0.6985,0.2014,0.792,0.1676,0.4062,0.3783,0.8894,0.411,-0.1042,C,0.1877,0.322-0.622,0.567,0.367,0.111
3421,291164,-9.35,14,92.9,0.8806,0.1082,0.8321,0.1685,0.4435,0.0558,0.4706,0.4211,-0.0751,C,0.2282,0.322-0.622,0.567,0.367,0.111
3422,291199,16.06,35,88.6,0.414,0.2029,0.7112,0.3108,0.6738,1.4783,0.6665,0.2311,-0.2419,C,0.2297,0.322-0.622,0.567,0.367,0.111
3423,291216,-6.29,17,100.0,0.6774,0.1679,0.678,0.2915,0.4935,0.7705,0.7157,0.4404,-0.1852,C,0.2337,0.322-0.622,0.567,0.367,0.111
3424,291232,-3.51,16,87.5,0.6937,0.1908,0.8198,0.1666,0.3531,0.6482,0.7142,0.4333,-0.0737,C,0.181,0.322-0.622,0.567,0.367,0.111
3425,291252,-13.84,20,95.0,0.6763,0.2047,0.7012,0.3544,0.5368,0.5447,0.8167,0.417,-0.2892,C,0.1854,0.322-0.622,0.567,0.367,0.111
3426,291267,-12.45,15,100.0,0.7498,0.1585,0.8264,0.2337,0.4177,0.4865,0.7013,0.4797,-0.2163,C,0.2429,0.322-0.622,0.567,0.367,0.111
3427,291281,-12.62,14,64.3,0.8609,0.0592,0.8435,0.1508,0.4208,0.0344,0.1862,0.3911,-0.0788,C,0.1734,0.322-0.622,0.567,0.367,0.111
3428,291295,-13.33,14,78.6,0.9184,0.0616,0.8629,0.1837,0.4246,0.0305,0.2341,0.445,-0.1499,C,0.1752,0.322-0.622,0.567,0.367,0.111
3429,291310,0.04,15,100.0,0.6175,0.2136,0.822,0.1791,0.42,0.9204,0.8976,0.4722,-0.115,C,0.2089,0.322-0.622,0.567,0.367,0.111
3430,291327,-14.33,17,94.1,0.7276,0.1933,0.7113,0.3136,0.4544,0.2967,0.7875,0.4566,-0.2634,C,0.2175,0.322-0.622,0.567,0.367,0.111
3431,291340,-18.4,13,84.6,0.6253,0.1993,0.8984,0.1225,0.3619,0.4538,0.7383,0.4089,-0.09,C,0.2476,0.322-0.622,0.567,0.367,0.111
3432,291353,-7.5,13,100.0,0.866,0.0899,0.8879,0.1279,0.3791,0.0832,0.4332,0.4461,-0.0606,C,0.2323,0.322-0.622,0.567,0.367,0.111
3433,291367,-18.19,14,78.6,0.8405,0.1068,0.9474,0.0594,0.2859,0.0837,0.3966,0.3872,-0.0105,C,0.2147,0.322-0.622,0.567,0.367,0.111
3434,291380,-6.59,13,100.0,0.6415,0.2239,0.8863,0.1012,0.4302,0.4635,0.9613,0.3222,-0.0399,C,0.2248,0.322-0.622,0.567,0.367,0.111
3435,291395,-12.0,15,73.3,0.8113,0.1578,0.8852,0.1049,0.3001,0.0886,0.524,0.4572,-0.038,C,0.168,0.322-0.622,0.567,0.367,0.111
3436,291409,-6.27,14,85.7,0.7212,0.1752,0.8964,0.1014,0.3646,0.2917,0.6705,0.3553,-0.0401,C,0.1686,0.322-0.622,0.567,0.367,0.111
3437,291423,-8.34,14,100.0,0.5816,0.2128,0.7866,0.2245,0.4141,0.9625,0.9015,0.4015,-0.1901,C,0.2093,0.322-0.622,0.567,0.367,0.111
3438,291436,-6.65,13,100.0,0.5127,0.2085,0.8924,0.1522,0.4142,1.2036,0.9155,0.4199,-0.093,C,0.1799,0.322-0.622,0.567,0.367,0.111
3439,291475,30.22,39,89.7,0.3305,0.2317,0.6189,0.3841,0.654,2.0546,0.7858,0.3939,-0.3311,C,0.239,0.322-0.622,0.567,0.367,0.111
3440,291489,-1.01,14,92.9,0.7575,0.1575,0.8819,0.088,0.3398,0.182,0.6554,0.4206,-0.0197,C,0.2039,0.322-0.622,0.567,0.367,0.111
3441,291502,-8.29,13,100.0,0.7506,0.1831,0.8972,0.1034,0.4204,0.2449,0.7907,0.4578,-0.0547,C,0.18,0.322-0.622,0.568,0.367,0.111
3442,291516,-3.9,14,100.0,0.6143,0.2121,0.8604,0.1623,0.4158,0.846,0.8977,0.4519,-0.1075,C,0.1641,0.322-0.622,0.568,0.368,0.111
3443,291530,-14.6,14,100.0,0.7493,0.1572,0.8109,0.1936,0.403,0.2777,0.7014,0.4563,-0.1348,C,0.2157,0.322-0.622,0.568,0.368,0.111
3444,291545,-24.55,15,0.0,0.0,0.0,0.82,0.1316,0.3875,0.0,0.0,0.4488,-0.0638,C,0.2243,0.322-0.622,0.568,0.368,0.111
3445,291558,-6.12,13,100.0,0.5767,0.2237,0.845,0.1242,0.4507,0.8813,0.934,0.4151,-0.0692,C,0.1841,0.322-0.622,0.568,0.368,0.111
3446,291572,-4.33,14,100.0,0.5935,0.2213,0.8587,0.2021,0.4365,0.8185,0.9293,0.4039,-0.1743,C,0.1752,0.322-0.622,0.568,0.368,0.111
3447,291586,-18.62,14,100.0,0.7446,0.1689,0.7781,0.2448,0.4139,0.318,0.7528,0.436,-0.1704,C,0.2494,0.322-0.622,0.568,0.368,0.111
3448,291600,-0.9,14,85.7,0.6411,0.2048,0.9003,0.1066,0.3201,0.7581,0.7392,0.4243,-0.0495,C,0.2447,0.322-0.622,0.568,0.368,0.111
3449,291614,-4.59,14,85.7,0.7826,0.1423,0.9197,0.0911,0.3055,0.1991,0.5465,0.4339,-0.0518,C,0.2153,0.322-0.622,0.568,0.368,0.111
3450,291631,-19.51,17,82.4,0.7122,0.1611,0.828,0.2336,0.4739,0.203,0.5984,0.4521,-0.2056,C,0.23,0.322-0.622,0.568,0.368,0.111
3451,291647,-16.48,16,81.2,0.7438,0.1588,0.7863,0.1657,0.3727,0.1593,0.575,0.3953,-0.068,C,0.2323,0.322-0.622,0.568,0.368,0.111
3452,291667,-7.45,20,95.0,0.7575,0.1787,0.7,0.2678,0.5465,0.2216,0.7588,0.417,-0.1903,C,0.2117,0.322-0.622,0.568,0.368,0.111
3453,291681,-2.22,14,92.9,0.8684,0.1073,0.9286,0.0778,0.315,0.1464,0.4687,0.431,-0.0177,C,0.2174,0.322-0.622,0.568,0.368,0.111
3454,291695,-11.86,14,92.9,0.6993,0.1878,0.837,0.2506,0.3789,0.4221,0.7587,0.4269,-0.219,C,0.2224,0.322-0.622,0.568,0.368,0.111
3455,291724,2.38,29,100.0,0.5178,0.2279,0.7084,0.3021,0.6992,1.0817,0.8078,0.2642,-0.2443,C,0.1918,0.322-0.622,0.568,0.368,0.111
3456,291739,-12.93,15,80.0,0.5598,0.2137,0.8862,0.1292,0.3145,0.8561,0.7136,0.3952,-0.0658,C,0.173,0.322-0.622,0.568,0.368,0.111
3457,291752,-27.5,13,92.3,0.9348,0.0699,0.8998,0.1454,0.4189,0.045,0.3191,0.4137,-0.1311,C,0.1991,0.322-0.622,0.568,0.368,0.111
3458,291766,-25.49,14,50.0,1.2203,0.017,0.9312,0.0948,0.3077,0.0003,0.0765,0.402,-0.044,C,0.184,0.322-0.622,0.568,0.368,0.111
3459,291779,-17.91,13,92.3,0.7418,0.1472,0.8617,0.1245,0.4159,0.2134,0.6419,0.3966,-0.0585,C,0.2271,0.322-0.622,0.568,0.368,0.111
3460,291795,2.02,16,100.0,0.5575,0.2152,0.7469,0.2154,0.4833,1.0453,0.9086,0.4576,-0.1245,C,0.2473,0.322-0.622,0.568,0.368,0.111
3461,291809,-16.56,14,100.0,0.8382,0.1356,0.8245,0.1953,0.4052,0.1517,0.6304,0.4368,-0.1527,C,0.2036,0.322-0.622,0.568,0.368,0.111
3462,291822,-19.15,13,100.0,0.7362,0.1707,0.8249,0.1795,0.4242,0.3322,0.7668,0.3997,-0.1003,C,0.2069,0.322-0.622,0.568,0.368,0.111
3463,291836,-1.44,14,100.0,0.5376,0.2158,0.8327,0.1904,0.4378,1.0958,0.9088,0.4424,-0.1035,C,0.2341,0.322-0.622,0.568,0.368,0.111
3464,291849,-5.84,13,92.3,0.7949,0.1172,0.9341,0.0878,0.3697,0.1211,0.5108,0.4301,-0.0518,C,0.2135,0.322-0.622,0.568,0.368,0.111
3465,291863,-12.73,14,92.9,0.8377,0.1269,0.8192,0.2402,0.4416,0.0941,0.5564,0.4338,-0.1604,C,0.169,0.322-0.622,0.568,0.368,0.111
3466,291877,-12.66,14,85.7,0.6343,0.2026,0.9043,0.0921,0.3059,0.7724,0.7459,0.3873,-0.0237,C,0.2469,0.322-0.622,0.568,0.368,0.111
3467,291891,-30.52,14,50.0,1.0155,0.0809,0.876,0.1401,0.3616,0.0044,0.1877,0.4024,-0.0954,C,0.2125,0.322-0.622,0.568,0.368,0.111
3468,291907,-10.13,16,100.0,0.6378,0.2018,0.73,0.1958,0.4526,0.8948,0.8522,0.4036,-0.0892,C,0.2082,0.322-0.622,0.568,0.368,0.111
3469,291920,-11.16,13,100.0,0.826,0.1469,0.893,0.1126,0.3739,0.228,0.6698,0.4786,-0.0556,C,0.2123,0.322-0.622,0.568,0.368,0.111
3470,291933,-7.64,13,100.0,0.8464,0.1143,0.8825,0.1529,0.4032,0.1251,0.5374,0.4522,-0.1069,C,0.2475,0.322-0.622,0.568,0.368,0.111
3471,291947,-13.48,14,100.0,0.8709,0.1029,0.8268,0.2543,0.4314,0.092,0.4847,0.4537,-0.2101,C,0.1869,0.322-0.622,0.568,0.368,0.111
3472,291960,-3.23,13,100.0,0.5805,0.191,0.8534,0.1691,0.4399,0.98,0.8009,0.4251,-0.1108,C,0.1694,0.322-0.622,0.568,0.368,0.111
3473,291973,-4.78,13,100.0,0.8203,0.1424,0.8544,0.173,0.4126,0.1372,0.677,0.411,-0.0956,C,0.1904,0.322-0.622,0.569,0.369,0.111
3474,291988,-26.58,15,100.0,0.7383,0.1424,0.7633,0.2978,0.4243,0.6004,0.6496,0.4153,-0.2792,C,0.1887,0.322-0.622,0.569,0.369,0.111
3475,292002,-12.07,14,100.0,0.6173,0.2219,0.7933,0.2197,0.4518,0.6402,0.9104,0.4366,-0.1271,C,0.2195,0.322-0.622,0.569,0.369,0.111
3476,292016,-10.76,14,92.9,0.7354,0.166,0.8975,0.1031,0.3324,0.4715,0.6797,0.4213,-0.0352,C,0.212,0.322-0.622,0.569,0.369,0.111
3477,292029,-11.49,13,100.0,0.5714,0.2191,0.8589,0.1471,0.4054,0.8651,0.9415,0.4326,-0.0791,C,0.2093,0.322-0.622,0.569,0.369,0.111
3478,292042,-20.46,13,38.5,1.1361,0.01,0.8777,0.1864,0.4075,0.0016,0.0521,0.4462,-0.1666,C,0.1783,0.322-0.622,0.569,0.369,0.111
3479,292057,-8.82,15,93.3,0.6847,0.1785,0.8337,0.1451,0.379,0.6157,0.7219,0.4758,-0.0608,C,0.2037,0.322-0.622,0.569,0.369,0.111
3480,292071,-11.27,14,100.0,0.6184,0.2221,0.803,0.1964,0.4674,0.6359,0.9254,0.4422,-0.103,C,0.2171,0.322-0.622,0.569,0.369,0.111
3481,292085,-12.95,14,71.4,0.8821,0.1111,0.9306,0.0718,0.309,0.0286,0.378,0.4207,-0.0244,C,0.2113,0.322-0.622,0.569,0.369,0.111
3482,292098,-17.52,13,100.0,0.6033,0.2124,0.9295,0.1102,0.3737,0.8141,0.8912,0.3618,-0.0753,C,0.197,0.322-0.622,0.569,0.369,0.111
3483,292111,-8.11,13,100.0,0.5898,0.2228,0.8362,0.2344,0.4458,0.7315,0.9515,0.4505,-0.2288,C,0.1777,0.322-0.622,0.569,0.369,0.111
3484,292124,-34.32,13,0.0,0.0,0.0,0.776,0.263,0.4529,0.0,0.0,0.4522,-0.2425,C,0.179,0.322-0.622,0.569,0.369,0.111
3485,292138,-3.39,14,100.0,0.8538,0.141,0.8304,0.1361,0.4073,0.1298,0.6563,0.4029,-0.0572,C,0.2281,0.322-0.622,0.569,0.369,0.111
3486,292152,-7.2,14,85.7,0.5864,0.2141,0.8664,0.1454,0.3958,0.7181,0.749,0.4749,-0.092,C,0.1646,0.322-0.622,0.569,0.369,0.111
3487,292166,-18.97,14,0.0,0.0,0.0,0.9073,0.1054,0.2913,0.0,0.0,0.4333,-0.0425,C,0.1904,0.322-0.622,0.569,0.369,0.111
3488,292180,-9.73,14,100.0,0.5967,0.2296,0.8517,0.159,0.4257,0.7852,0.908,0.4062,-0.0915,C,0.1767,0.322-0.622,0.569,0.369,0.111
3489,292193,-20.04,13,61.5,1.1014,0.032,0.8866,0.1813,0.3809,0.0019,0.1212,0.3646,-0.1405,C,0.2006,0.322-0.622,0.569,0.369,0.111
3490,292206,-4.63,13,100.0,0.7108,0.1763,0.8339,0.1886,0.4247,0.2826,0.8166,0.4481,-0.1384,C,0.1881,0.322-0.622,0.569,0.369,0.112
3491,292220,-27.93,14,0.0,0.0,0.0,0.9096,0.0822,0.2934,0.0,0.0,0.4795,-0.0171,C,0.2273,0.322-0.622,0.569,0.369,0.112
3492,292239,-13.75,19,78.9,0.6697,0.1909,0.7221,0.318,0.3281,0.6627,0.6265,0.4459,-0.223,C,0.1726,0.322-0.622,0.569,0.369,0.112
3493,292252,-21.61,13,84.6,0.8076,0.1113,0.9082,0.1208,0.3783,0.1012,0.4412,0.4675,-0.0681,C,0.2444,0.322-0.622,0.569,0.369,0.112
3494,292265,-3.17,13,100.0,0.6589,0.1937,0.8787,0.1325,0.3994,0.5078,0.8435,0.4643,-0.0708,C,0.2076,0.322-0.622,0.569,0.369,0.112
3495,292279,-8.96,14,92.9,0.623,0.2071,0.8979,0.131,0.3506,0.7489,0.7905,0.3974,-0.0743,C,0.1918,0.322-0.622,0.569,0.369,0.112
3496,292536,457.39,257,98.4,0.3785,0.2299,0.3359,0.4085,0.954,1.854,0.8833,0.3779,-0.3216,C,0.2418,0.322-0.622,0.57,0.37,0.112
3497,292550,-11.88,14,100.0,0.5294,0.2365,0.7639,0.2078,0.4473,1.1047,0.8895,0.4529,-0.13,C,0.1709,0.322-0.622,0.57,0.37,0.112
3498,292563,-0.53,13,100.0,0.526,0.2157,0.9006,0.0937,0.3622,1.1863,0.9234,0.4015,-0.0553,C,0.2149,0.322-0.622,0.57,0.37,0.112
3499,292577,-19.49,14,85.7,0.8309,0.1147,0.9063,0.1137,0.294,0.0907,0.4582,0.4347,-0.0562,C,0.1875,0.322-0.622,0.57,0.37,0.112
3500,292591,-13.77,14,100.0,0.5915,0.2063,0.8154,0.2778,0.4034,0.983,0.8697,0.4147,-0.2886,C,0.1994,0.322-0.622,0.57,0.37,0.112
3501,292604,-8.15,13,100.0,0.6481,0.1945,0.869,0.1371,0.4347,0.4562,0.8707,0.4052,-0.0604,C,0.2162,0.322-0.622,0.57,0.37,0.112
3502,292624,-26.97,20,65.0,0.8839,0.1276,0.7569,0.2739,0.5213,0.0365,0.3937,0.4139,-0.2797,C,0.2266,0.322-0.622,0.57,0.37,0.112
3503,292638,-4.87,14,92.9,0.8267,0.1319,0.8542,0.1371,0.3556,0.0944,0.5744,0.4067,-0.0808,C,0.228,0.322-0.622,0.57,0.37,0.112
3504,292652,-15.41,14,100.0,0.6224,0.1959,0.7894,0.245,0.4281,0.7765,0.8136,0.4478,-0.1778,C,0.2471,0.322-0.622,0.57,0.37,0.112
3505,292666,-8.22,14,85.7,0.6109,0.2122,0.9255,0.0702,0.3211,0.8104,0.7698,0.4468,-0.01,C,0.2283,0.322-0.622,0.57,0.37,0.112
3506,292686,8.27,20,95.0,0.4498,0.2468,0.7574,0.2289,0.5206,1.4497,0.853,0.4138,-0.147,C,0.2496,0.322-0.622,0.57,0.37,0.112
3507,292699,-14.05,13,100.0,0.5412,0.2076,0.771,0.2355,0.4571,1.0613,0.8923,0.4471,-0.1667,C,0.1932,0.322-0.622,0.57,0.37,0.112
3508,292712,-12.8,13,100.0,0.9247,0.0571,0.8686,0.1823,0.4113,0.0374,0.2971,0.4365,-0.1531,C,0.1648,0.322-0.622,0.57,0.37,0.112
3509,292726,-19.77,14,64.3,0.8803,0.078,0.8638,0.1862,0.3803,0.0317,0.2463,0.4551,-0.1429,C,0.1992,0.322-0.622,0.57,0.37,0.112
3510,292742,-8.32,16,100.0,0.6338,0.2147,0.7898,0.2938,0.4453,0.8219,0.8466,0.4043,-0.2357,C,0.1674,0.322-0.622,0.57,0.37,0.112
3511,292756,-2.94,14,92.9,0.5666,0.2345,0.7718,0.2298,0.4405,0.8234,0.8543,0.4451,-0.1351,C,0.1919,0.322-0.622,0.57,0.37,0.112
3512,292770,-17.45,14,85.7,0.6768,0.1739,0.8963,0.1407,0.305,0.4024,0.6593,0.3512,-0.0685,C,0.2231,0.322-0.622,0.57,0.37,0.112
3513,292784,-18.23,14,100.0,0.722,0.1659,0.7808,0.1986,0.4207,0.3411,0.716,0.4682,-0.1157,C,0.2252,0.322-0.622,0.57,0.37,0.112
3514,292797,-2.14,13,100.0,0.687,0.1949,0.8672,0.138,0.4224,0.422,0.8099,0.4222,-0.0748,C,0.1807,0.322-0.622,0.57,0.37,0.112
3515,292811,-17.03,14,85.7,0.7562,0.1441,0.9343,0.0773,0.2917,0.2713,0.556,0.4384,-0.0295,C,0.1702,0.322-0.622,0.57,0.37,0.112
3516,292824,-15.1,13,92.3,0.6206,0.1958,0.8372,0.1839,0.3848,0.5832,0.7654,0.4582,-0.127,C,0.1784,0.322-0.622,0.57,0.37,0.112
3517,292838,-19.9,14,57.1,0.8488,0.1082,0.9503,0.0558,0.3068,0.0391,0.295,0.4485,-0.0117,C,0.1669,0.322-0.622,0.57,0.37,0.112
3518,292852,-0.87,14,100.0,0.5711,0.2161,0.7705,0.2015,0.4211,1.04,0.9137,0.4516,-0.1244,C,0.22,0.322-0.622,0.57,0.37,0.112
3519,292865,-17.43,13,100.0,0.9815,0.091,0.9122,0.1561,0.4128,0.0591,0.4489,0.4323,-0.142,C,0.2387,0.322-0.622,0.57,0.37,0.112
3520,292879,-11.26,14,100.0,0.6075,0.2088,0.7809,0.2381,0.4116,0.9313,0.8637,0.4678,-0.1795,C,0.2037,0.322-0.622,0.57,0.37,0.112
3521,292906,-18.79,27,96.3,0.7763,0.1696,0.6592,0.324,0.6887,0.1497,0.7297,0.3496,-0.2431,C,0.1785,0.322-0.622,0.571,0.371,0.112
3522,292919,-5.99,13,92.3,0.6448,0.1928,0.8489,0.1727,0.4282,0.4001,0.7874,0.405,-0.1007,C,0.2391,0.322-0.622,0.571,0.371,0.112
3523,292933,-28.17,14,0.0,0.0,0.0,0.9242,0.0647,0.2927,0.0,0.0,0.4027,-0.0213,C,0.1878,0.322-0.622,0.571,0.371,0.112
3524,293000,98.9,67,98.5,0.3071,0.2337,0.5331,0.4629,0.8443,2.5212,0.8079,0.4122,-0.4452,C,0.2202,0.322-0.622,0.571,0.371,0.112
3525,293014,-11.86,14,100.0,0.5887,0.2356,0.798,0.1975,0.3953,0.8467,0.9344,0.4538,-0.118,C,0.2415,0.322-0.622,0.571,0.371,0.112
3526,293029,-7.95,15,86.7,0.7527,0.1674,0.864,0.1581,0.3738,0.1768,0.6466,0.3742,-0.1029,C,0.169,0.322-0.622,0.571,0.371,0.112
3527,293043,1.64,14,100.0,0.668,0.1955,0.8306,0.1517,0.379,0.7155,0.835,0.4581,-0.0728,C,0.1967,0.322-0.622,0.571,0.371,0.112
3528,293057,-15.57,14,92.9,0.7163,0.1596,0.8515,0.1292,0.4257,0.2457,0.6731,0.3917,-0.0554,C,0.1816,0.322-0.622,0.571,0.371,0.112
3529,293071,-4.29,14,85.7,0.6259,0.2109,0.884,0.1292,0.3985,0.4453,0.7411,0.3904,-0.0609,C,0.2099,0.322-0.622,0.571,0.371,0.112
3530,293084,-4.44,13,92.3,0.9449,0.0632,0.8716,0.1156,0.4186,0.0312,0.2798,0.3896,-0.0295,C,0.2268,0.322-0.622,0.571,0.371,0.112
3531,293157,-32.05,73,98.6,0.669,0.1702,0.4873,0.4241,0.8501,0.4878,0.7656,0.434,-0.3842,C,0.2111,0.322-0.622,0.571,0.371,0.112
3532,293170,-23.2,13,76.9,0.8173,0.1385,0.8625,0.1772,0.4032,0.0797,0.5035,0.3819,-0.1554,C,0.1967,0.322-0.622,0.571,0.371,0.112
3533,293186,-15.8,16,62.5,0.9879,0.081,0.8822,0.1023,0.3935,0.0077,0.24,0.3926,-0.0664,C,0.1638,0.322-0.622,0.571,0.371,0.112
3534,293199,-10.28,13,69.2,1.0421,0.0532,0.8508,0.1388,0.3991,0.0048,0.1838,0.4301,-0.0676,C,0.2241,0.322-0.622,0.571,0.371,0.112
3535,293214,-1.63,15,100.0,0.6962,0.1717,0.8013,0.1913,0.4075,0.75,0.7339,0.4502,-0.0785,C,0.1921,0.322-0.622,0.571,0.371,0.112
3536,293228,-27.3,14,0.0,0.0,0.0,0.893,0.0594,0.31,0.0,0.0,0.3951,-0.0101,C,0.1941,0.322-0.622,0.571,0.371,0.112
3537,293241,-13.14,13,100.0,0.6311,0.2082,0.8476,0.1557,0.4288,0.5689,0.8953,0.4065,-0.0833,C,0.2037,0.322-0.622,0.571,0.371,0.112
3538,293255,0.41,14,100.0,0.6177,0.2266,0.8861,0.1345,0.4185,0.6867,0.9,0.4085,-0.0513,C,0.2308,0.322-0.622,0.571,0.371,0.112
3539,293269,-10.81,14,92.9,0.5188,0.2157,0.8317,0.237,0.3723,1.0327,0.8039,0.4392,-0.163,C,0.1875,0.322-0.622,0.571,0.371,0.112
3540,293286,-19.88,17,88.2,0.9079,0.0623,0.7295,0.2408,0.4632,0.0496,0.2747,0.4031,-0.207,C,0.2143,0.322-0.622,0.571,0.371,0.112
3541,293344,16.18,58,81.0,0.3802,0.1843,0.5266,0.3956,0.7846,1.603,0.5584,0.2519,-0.3293,C,0.1833,0.322-0.622,0.571,0.371,0.112
3542,293358,-0.52,14,92.9,0.4971,0.225,0.886,0.1321,0.3913,1.337,0.8014,0.4134,-0.0581,C,0.2414,0.322-0.622,0.571,0.371,0.112
3543,293372,-8.89,14,100.0,0.7244,0.1502,0.7565,0.222,0.4573,0.4713,0.6679,0.4911,-0.1529,C,0.2156,0.322-0.622,0.572,0.372,0.112
3544,293386,-12.06,14,100.0,0.7636,0.1343,0.8024,0.2441,0.4017,0.3247,0.6158,0.4607,-0.2027,C,0.1813,0.322-0.622,0.572,0.372,0.112
3545,293400,-6.43,14,100.0,0.6782,0.1825,0.803,0.1971,0.4181,0.8178,0.7953,0.468,-0.1362,C,0.2391,0.322-0.622,0.572,0.372,0.112
3546,293414,-1.23,14,100.0,0.5543,0.2231,0.8893,0.1473,0.4104,1.2174,0.86,0.4017,-0.1154,C,0.1767,0.322-0.622,0.572,0.372,0.112
3547,293428,-16.41,14,78.6,0.9472,0.036,0.8418,0.1691,0.431,0.0198,0.1609,0.4697,-0.1038,C,0.2412,0.322-0.622,0.572,0.372,0.112
3548,293543,74.27,115,99.1,0.4508,0.192,0.4413,0.4556,0.9066,1.3188,0.7793,0.4096,-0.3995,C,0.2206,0.322-0.622,0.572,0.372,0.112
3549,293557,-10.24,14,100.0,0.5462,0.2279,0.8532,0.1499,0.4035,1.1175,0.9199,0.4036,-0.0899,C,0.1783,0.322-0.622,0.572,0.372,0.112
3550,293573,-21.59,16,81.2,0.9731,0.0336,0.7709,0.2427,0.4444,0.0196,0.1614,0.4134,-0.1455,C,0.2179,0.322-0.622,0.572,0.372,0.112
3551,293587,-7.99,14,100.0,0.762,0.1705,0.7902,0.2165,0.4137,0.2676,0.759,0.4421,-0.1705,C,0.2461,0.322-0.622,0.572,0.372,0.112
3552,293601,-5.38,14,92.9,0.7499,0.1698,0.9047,0.1538,0.3461,0.2647,0.709,0.4903,-0.124,C,0.1706,0.322-0.622,0.572,0.372,0.112
3553,293615,-5.61,14,71.4,0.8444,0.1198,0.9,0.0905,0.325,0.0415,0.4052,0.4193,-0.0254,C,0.1724,0.322-0.622,0.572,0.372,0.112
3554,293724,108.97,109,98.2,0.3701,0.1712,0.4505,0.4868,0.9151,2.114,0.7694,0.3387,-0.4527,C,0.1641,0.322-0.622,0.572,0.372,0.112
3555,293738,-12.26,14,100.0,0.6516,0.2079,0.8191,0.2121,0.414,0.601,0.8682,0.3851,-0.1477,C,0.1801,0.322-0.622,0.572,0.372,0.112
3556,293752,-3.1,14,78.6,0.8012,0.1298,0.9592,0.037,0.2931,0.096,0.4657,0.392,-0.0029,C,0.1973,0.322-0.622,0.572,0.372,0.112
3557,293767,-7.41,15,100.0,0.8092,0.1512,0.7492,0.1877,0.4212,0.2628,0.6904,0.4577,-0.1019,C,0.2305,0.322-0.622,0.572,0.372,0.112
3558,293782,-2.61,15,100.0,0.7622,0.1747,0.7724,0.1824,0.4424,0.3352,0.7702,0.4566,-0.0897,C,0.2121,0.322-0.622,0.572,0.372,0.112
3559,293797,-15.17,15,80.0,1.0217,0.0243,0.7929,0.1916,0.4848,0.0101,0.1375,0.4511,-0.1261,C,0.1801,0.322-0.622,0.572,0.372,0.112
3560,293814,-35.9,17,0.0,0.0,0.0,0.8267,0.2242,0.3899,0.0,0.0,0.467,-0.18,C,0.2354,0.322-0.622,0.572,0.372,0.112
3561,293828,-1.05,14,100.0,0.7406,0.1696,0.8273,0.1688,0.3632,0.6711,0.7294,0.4474,-0.0693,C,0.1788,0.322-0.622,0.572,0.372,0.112
3562,293842,-7.9,14,92.9,0.6103,0.2057,0.8525,0.1514,0.3593,0.6559,0.8059,0.3891,-0.0851,C,0.2255,0.322-0.622,0.573,0.373,0.112
3563,293856,-0.76,14,100.0,0.8159,0.1196,0.8509,0.1335,0.4446,0.1209,0.561,0.4392,-0.058,C,0.1702,0.322-0.622,0.573,0.373,0.112
3564,293876,-15.78,20,90.0,0.5627,0.2193,0.7282,0.2988,0.4433,1.0546,0.7737,0.4677,-0.2355,C,0.1732,0.322-0.622,0.573,0.373,0.112
3565,294100,124.22,224,99.6,0.5049,0.1692,0.4431,0.4494,0.9243,1.1884,0.7431,0.4173,-0.3945,C,0.2153,0.322-0.622,0.573,0.373,0.112
3566,294114,-18.09,14,57.1,0.887,0.0331,0.8642,0.1671,0.373,0.0228,0.1133,0.4725,-0.1106,C,0.2494,0.322-0.622,0.573,0.373,0.112
3567,294128,-23.06,14,0.0,0.0,0.0,0.8444,0.1395,0.3179,0.0,0.0,0.3849,-0.0898,C,0.194,0.322-0.622,0.573,0.373,0.112
3568,294143,-23.93,15,80.0,0.7928,0.1214,0.8422,0.1897,0.4369,0.1016,0.4545,0.3905,-0.1223,C,0.196,0.322-0.622,0.573,0.373,0.112
3569,294157,-22.2,14,100.0,0.8765,0.1151,0.8398,0.2221,0.4317,0.1096,0.5406,0.4646,-0.1692,C,0.2475,0.322-0.622,0.573,0.373,0.112
3570,294172,-22.04,15,73.3,0.9973,0.0899,0.7955,0.2366,0.4877,0.0091,0.309,0.374,-0.1608,C,0.1843,0.322-0.622,0.573,0.373,0.112
3571,294185,-5.47,13,100.0,0.862,0.1304,0.8812,0.1172,0.4048,0.1208,0.6047,0.4125,-0.0415,C,0.2498,0.322-0.622,0.573,0.373,0.112
3572,294199,8.37,14,100.0,0.4422,0.2416,0.8506,0.1516,0.4323,1.5622,0.9401,0.3542,-0.0597,C,0.2173,0.322-0.622,0.573,0.373,0.112
3573,294212,-8.19,13,92.3,0.8152,0.1052,0.8825,0.1454,0.3949,0.0926,0.456,0.4511,-0.1279,C,0.1917,0.322-0.622,0.573,0.373,0.112
3574,294225,-5.85,13,100.0,0.9098,0.1204,0.8874,0.1138,0.4321,0.1247,0.5682,0.4122,-0.0525,C,0.2242,0.322-0.622,0.573,0.373,0.112
3575,294240,-18.86,15,100.0,0.6619,0.2029,0.8105,0.2606,0.3886,0.4619,0.8596,0.4671,-0.2214,C,0.2079,0.322-0.622,0.573,0.373,0.112
3576,294255,-10.18,15,66.7,1.0643,0.0437,0.8628,0.1286,0.3443,0.0038,0.1599,0.4729,-0.0562,C,0.1707,0.322-0.622,0.573,0.373,0.112
3577,294273,-7.51,18,88.9,0.7307,0.1821,0.7534,0.2226,0.4118,0.5631,0.6851,0.4326,-0.1395,C,0.1863,0.322-0.622,0.573,0.373,0.112
3578,294287,-17.42,14,0.0,0.0,0.0,0.9373,0.0482,0.2854,0.0,0.0,0.3947,-0.0046,C,0.2226,0.322-0.622,0.573,0.373,0.112
3579,294302,-17.62,15,86.7,0.8002,0.1369,0.7702,0.1931,0.4653,0.0877,0.5531,0.401,-0.0912,C,0.1632,0.322-0.622,0.574,0.373,0.112
3580,294317,-14.28,15,80.0,0.846,0.1099,0.8807,0.1137,0.3288,0.0544,0.4148,0.4382,-0.0441,C,0.1998,0.322-0.622,0.574,0.374,0.112
3581,294331,-10.27,14,92.9,0.5971,0.2122,0.866,0.1958,0.3989,0.6437,0.8366,0.4087,-0.1779,C,0.2284,0.322-0.622,0.574,0.374,0.112
3582,294344,-10.03,13,100.0,0.6682,0.1883,0.8882,0.1014,0.4229,0.4318,0.8508,0.3877,-0.0314,C,0.1678,0.322-0.622,0.574,0.374,0.112
3583,294357,-4.58,13,100.0,0.7615,0.1799,0.8845,0.127,0.4461,0.233,0.8146,0.4021,-0.0693,C,0.1997,0.322-0.622,0.574,0.374,0.112
3584,294371,-22.94,14,85.7,0.8907,0.0906,0.8189,0.2312,0.4137,0.0535,0.3611,0.4003,-0.1878,C,0.1709,0.322-0.622,0.574,0.374,0.112
3585,294391,-0.37,20,95.0,0.7158,0.1965,0.7512,0.2056,0.5554,0.2886,0.8213,0.3071,-0.0986,C,0.2432,0.322-0.622,0.574,0.374,0.112
3586,294407,-6.56,16,87.5,0.5968,0.2277,0.8286,0.1675,0.374,0.8709,0.7829,0.4401,-0.1057,C,0.1853,0.322-0.622,0.574,0.374,0.112
3587,294421,3.3,14,85.7,0.5785,0.2079,0.8945,0.0759,0.3074,0.9549,0.7512,0.4225,-0.0153,C,0.2007,0.322-0.622,0.574,0.374,0.112
3588,294439,-8.71,18,100.0,0.5918,0.2179,0.7924,0.2238,0.5165,0.882,0.9217,0.4657,-0.2013,C,0.2464,0.322-0.622,0.574,0.374,0.112
3589,294455,-14.34,16,68.8,0.8975,0.0772,0.793,0.1896,0.4361,0.0401,0.2521,0.4568,-0.1033,C,0.2421,0.322-0.622,0.574,0.374,0.112
3590,294469,-1.7,14,92.9,0.8031,0.1401,0.8975,0.1156,0.3222,0.3298,0.5749,0.4898,-0.041,C,0.1793,0.322-0.622,0.574,0.374,0.112
3591,294483,-17.13,14,0.0,0.0,0.0,0.9394,0.0632,0.2788,0.0,0.0,0.4174,-0.0122,C,0.2459,0.322-0.622,0.574,0.374,0.112
3592,294504,-19.69,21,81.0,0.5935,0.2094,0.6914,0.2714,0.486,0.5879,0.7006,0.4504,-0.1974,C,0.1908,0.322-0.622,0.574,0.374,0.112
3593,294519,-29.18,15,0.0,0.0,0.0,0.9029,0.0941,0.2766,0.0,0.0,0.4773,-0.0226,C,0.1722,0.322-0.622,0.574,0.374,0.112
3594,294533,-3.33,14,78.6,0.7503,0.1516,0.9352,0.0804,0.3105,0.1403,0.5389,0.4795,-0.0294,C,0.2049,0.322-0.622,0.574,0.374,0.112
3595,294549,-13.79,16,75.0,0.9168,0.0829,0.8083,0.1837,0.3728,0.0203,0.2998,0.3993,-0.1166,C,0.2454,0.322-0.622,0.574,0.374,0.112
3596,294562,-21.09,13,92.3,0.8096,0.1047,0.9287,0.087,0.3456,0.0963,0.4614,0.4543,-0.0461,C,0.165,0.322-0.622,0.574,0.374,0.112
3597,294577,-35.25,15,100.0,0.8877,0.1082,0.7569,0.3531,0.4405,0.1201,0.5116,0.4454,-0.3446,C,0.1888,0.322-0.622,0.574,0.374,0.112
3598,294591,1.83,14,100.0,0.5248,0.2291,0.8426,0.1619,0.422,1.2035,0.9338,0.4675,-0.0828,C,0.2479,0.322-0.622,0.574,0.374,0.112
3599,294605,-4.11,14,100.0,0.6293,0.2304,0.7995,0.2117,0.4742,0.5221,0.9595,0.4463,-0.1504,C,0.2162,0.322-0.622,0.574,0.374,0.112
3600,294619,-6.03,14,100.0,0.6414,0.1769,0.7711,0.2054,0.447,0.9221,0.7663,0.4457,-0.1427,C,0.1818,0.322-0.622,0.574,0.374,0.112
3601,294643,-29.71,24,79.2,0.7535,0.138,0.6864,0.3523,0.4977,0.1608,0.4999,0.3685,-0.2764,C,0.2439,0.322-0.622,0.574,0.374,0.112
3602,294661,-21.98,18,88.9,0.8494,0.0931,0.7857,0.2644,0.4634,0.1044,0.4038,0.449,-0.247,C,0.2476,0.322-0.622,0.574,0.374,0.112
3603,294688,-47.74,27,59.3,0.8712,0.099,0.6384,0.3699,0.5485,0.0547,0.2821,0.465,-0.3161,C,0.1815,0.322-0.622,0.574,0.374,0.112
3604,294702,-1.72,14,92.9,0.7151,0.1772,0.8487,0.1468,0.3658,0.5139,0.7176,0.4489,-0.0668,C,0.2433,0.322-0.622,0.574,0.374,0.112
3605,294715,-10.3,13,100.0,0.5304,0.2185,0.8525,0.1725,0.4537,1.1566,0.8981,0.4011,-0.1209,C,0.2279,0.322-0.622,0.574,0.374,0.112
3606,294729,-19.12,14,100.0,0.6117,0.1969,0.8502,0.1841,0.3856,0.7936,0.8467,0.4613,-0.1679,C,0.1802,0.322-0.622,0.574,0.374,0.112
3607,294743,-10.57,14,78.6,0.979,0.038,0.8005,0.177,0.4394,0.0176,0.1664,0.442,-0.089,C,0.2214,0.322-0.622,0.574,0.374,0.112
3608,294757,-9.78,14,100.0,0.5859,0.2189,0.8162,0.227,0.429,0.9428,0.9198,0.4149,-0.1319,C,0.2084,0.322-0.622,0.574,0.374,0.112
3609,294987,55.56,230,99.6,0.5434,0.1828,0.4331,0.4712,0.93,0.8833,0.8102,0.4065,-0.4205,C,0.2182,0.322-0.622,0.575,0.375,0.112
3610,295348,55.68,361,99.7,0.3941,0.148,0.3961,0.5783,0.9695,1.7613,0.6432,0.3808,-0.5919,C,0.222,0.322-0.622,0.576,0.376,0.113
3611,295361,-8.99,13,100.0,0.7093,0.1804,0.8843,0.1545,0.4384,0.4856,0.7877,0.4102,-0.1177,C,0.2348,0.322-0.622,0.576,0.376,0.113
3612,295375,-4.82,14,100.0,0.5433,0.2333,0.7871,0.2289,0.4228,1.0327,0.9666,0.4058,-0.1574,C,0.1941,0.322-0.622,0.576,0.376,0.113
3613,295389,-8.99,14,100.0,0.9245,0.0587,0.7957,0.1844,0.4505,0.0375,0.2956,0.4549,-0.1422,C,0.1671,0.322-0.622,0.576,0.376,0.113
3614,295404,-13.05,15,93.3,0.6195,0.2227,0.769,0.2401,0.4267,0.7815,0.8469,0.4677,-0.1658,C,0.1972,0.322-0.622,0.576,0.376,0.113
3615,295417,-16.94,13,100.0,0.48,0.2456,0.8215,0.2197,0.4381,1.3349,0.9724,0.4654,-0.168,C,0.1907,0.322-0.622,0.576,0.376,0.113
3616,295431,-14.95,14,100.0,0.5711,0.2059,0.8294,0.2149,0.406,1.0055,0.893,0.3981,-0.1643,C,0.2068,0.322-0.622,0.576,0.376,0.113
3617,295445,-5.49,14,100.0,0.583,0.2301,0.8779,0.1531,0.4091,0.9128,0.9059,0.4394,-0.1004,C,0.2327,0.322-0.622,0.576,0.376,0.113
3618,295460,-12.94,15,80.0,0.9452,0.0837,0.8257,0.1795,0.5153,0.027,0.3129,0.382,-0.1713,C,0.1997,0.322-0.622,0.576,0.376,0.113
3619,295488,8.08,28,96.4,0.5456,0.2138,0.6796,0.2869,0.6519,0.8337,0.8185,0.303,-0.1864,C,0.1946,0.322-0.622,0.576,0.376,0.113
3620,295528,50.54,40,95.0,0.3093,0.2489,0.6413,0.3513,0.6736,2.4168,0.8748,0.4666,-0.3083,C,0.1638,0.322-0.622,0.576,0.376,0.113
3621,295548,-2.67,20,95.0,0.7152,0.1921,0.7111,0.2685,0.5383,0.5241,0.7647,0.4268,-0.1796,C,0.1679,0.322-0.622,0.576,0.376,0.113
3622,295561,-6.01,13,100.0,0.4434,0.2247,0.826,0.2115,0.4032,1.769,0.8846,0.4048,-0.1417,C,0.2436,0.322-0.622,0.576,0.376,0.113
3623,295576,-13.91,15,93.3,0.8251,0.1341,0.8673,0.1429,0.3426,0.5901,0.5695,0.435,-0.0517,C,0.2203,0.322-0.622,0.576,0.376,0.113
3624,295590,-2.73,14,85.7,0.7087,0.1692,0.9205,0.0998,0.313,0.3255,0.6274,0.4141,-0.0482,C,0.2136,0.322-0.622,0.576,0.376,0.113
3625,295603,-14.02,13,100.0,0.7219,0.1674,0.8393,0.122,0.4176,0.2738,0.7745,0.3973,-0.066,C,0.1868,0.322-0.622,0.576,0.376,0.113
3626,295616,-12.46,13,100.0,0.8164,0.1479,0.8311,0.2325,0.42,0.1308,0.6908,0.4234,-0.1718,C,0.1658,0.322-0.622,0.576,0.376,0.113
3627,295629,-2.1,13,100.0,0.8096,0.1205,0.8369,0.118,0.4496,0.1314,0.5625,0.3885,-0.0533,C,0.2369,0.322-0.622,0.576,0.376,0.113
3628,295643,-17.59,14,100.0,0.7965,0.1556,0.8189,0.208,0.4045,0.2117,0.7134,0.4506,-0.1405,C,0.2121,0.322-0.622,0.576,0.376,0.113
3629,295659,-13.11,16,62.5,0.955,0.0883,0.8313,0.168,0.3915,0.0109,0.2581,0.3875,-0.1122,C,0.1839,0.322-0.622,0.576,0.376,0.113
3630,295672,-16.93,13,100.0,0.8139,0.1241,0.8917,0.126,0.3992,0.1666,0.5792,0.4189,-0.0449,C,0.1963,0.322-0.622,0.576,0.376,0.113
3631,295893,149.33,221,99.1,0.3732,0.1783,0.4426,0.5249,0.9321,1.8312,0.7849,0.4456,-0.52,C,0.189,0.322-0.622,0.577,0.377,0.113
3632,295907,-12.69,14,78.6,0.7712,0.1296,0.8744,0.1952,0.3986,0.1361,0.4817,0.4697,-0.179,C,0.2052,0.322-0.622,0.577,0.377,0.113
3633,295921,-8.37,14,100.0,0.5093,0.2324,0.7778,0.1894,0.4445,1.286,0.8899,0.4555,-0.121,C,0.1925,0.322-0.622,0.577,0.377,0.113
3634,295934,3.88,13,100.0,0.5418,0.236,0.8707,0.1154,0.4227,0.9782,0.9663,0.4085,-0.0451,C,0.2489,0.322-0.622,0.577,0.377,0.113
3635,295947,-12.7,13,84.6,0.8121,0.1174,0.9072,0.1469,0.3699,0.0915,0.4667,0.4312,-0.1179,C,0.1704,0.322-0.622,0.577,0.377,0.113
3636,295962,-14.54,15,100.0,0.6392,0.2072,0.8091,0.2274,0.441,0.8556,0.8843,0.4353,-0.1761,C,0.1652,0.322-0.622,0.577,0.377,0.113
3637,295976,-3.21,14,85.7,0.6517,0.19,0.8738,0.1235,0.3792,0.4486,0.7244,0.4505,-0.0634,C,0.1711,0.322-0.622,0.577,0.377,0.113
3638,295990,-5.88,14,78.6,0.8986,0.0851,0.9414,0.0531,0.3068,0.0383,0.3359,0.3781,-0.0128,C,0.2038,0.322-0.622,0.577,0.377,0.113
3639,296004,-19.94,14,100.0,0.8784,0.1023,0.8292,0.2075,0.4198,0.0856,0.4812,0.4407,-0.1373,C,0.2042,0.322-0.622,0.577,0.377,0.113
3640,296019,-10.1,15,86.7,0.6173,0.21,0.8615,0.1789,0.4125,0.5036,0.7515,0.4605,-0.1442,C,0.2473,0.322-0.622,0.577,0.377,0.113
3641,296089,50.06,70,98.6,0.4409,0.2201,0.5107,0.4675,0.8574,1.6274,0.8789,0.4526,-0.4404,C,0.174,0.322-0.622,0.577,0.377,0.113
3642,296104,-16.53,15,100.0,0.7012,0.1922,0.8023,0.293,0.4382,0.4904,0.8302,0.4773,-0.3245,C,0.2144,0.322-0.622,0.577,0.377,0.113
3643,296117,-23.61,13,100.0,0.772,0.1382,0.8665,0.1758,0.3858,0.1732,0.6449,0.3884,-0.1366,C,0.1951,0.322-0.622,0.577,0.377,0.113
3644,296131,-12.16,14,92.9,0.7065,0.1709,0.9177,0.0659,0.3103,0.7217,0.7019,0.429,-0.0085,C,0.1654,0.322-0.622,0.577,0.377,0.113
3645,296146,-10.76,15,86.7,0.8392,0.1042,0.8121,0.1669,0.4154,0.0969,0.4254,0.4645,-0.076,C,0.191,0.322-0.622,0.577,0.377,0.113
3646,296165,-18.67,19,94.7,0.6908,0.1526,0.7142,0.2758,0.4997,0.3514,0.6325,0.4315,-0.1877,C,0.1842,0.322-0.622,0.577,0.377,0.113
3647,296242,95.44,77,97.4,0.3617,0.2094,0.497,0.4296,0.8831,2.0144,0.8643,0.2909,-0.3764,C,0.2329,0.322-0.622,0.578,0.378,0.113
3648,296256,-18.95,14,92.9,0.8325,0.1111,0.9038,0.122,0.3273,0.1217,0.4784,0.389,-0.0657,C,0.2417,0.322-0.622,0.578,0.378,0.113
3649,296269,-12.73,13,100.0,0.6702,0.1966,0.8409,0.1384,0.4358,0.3867,0.8849,0.4639,-0.0633,C,0.1648,0.322-0.622,0.578,0.378,0.113
3650,296286,0.3,17,100.0,0.567,0.2095,0.7487,0.2588,0.5385,0.9992,0.8321,0.3933,-0.1608,C,0.1655,0.322-0.622,0.578,0.378,0.113
3651,296299,-4.7,13,100.0,0.8274,0.1063,0.862,0.1326,0.3977,0.1058,0.4972,0.3461,-0.0792,C,0.2452,0.322-0.622,0.578,0.378,0.113
3652,296313,-16.59,14,78.6,0.8916,0.089,0.9198,0.0705,0.3051,0.0305,0.3403,0.4341,-0.0151,C,0.1803,0.322-0.622,0.578,0.378,0.113
3653,296329,-11.01,16,81.2,0.7539,0.1512,0.8595,0.2043,0.3512,0.1907,0.5322,0.425,-0.153,C,0.2045,0.322-0.622,0.578,0.378,0.113
3654,296420,13.48,91,98.9,0.5285,0.2088,0.4595,0.4834,0.8807,1.1095,0.8431,0.4467,-0.4465,C,0.1789,0.322-0.622,0.578,0.378,0.113
3655,296434,-3.5,14,100.0,0.5906,0.2142,0.8175,0.1585,0.3989,0.979,0.8701,0.4612,-0.1044,C,0.1666,0.322-0.622,0.578,0.378,0.113
3656,296447,-13.09,13,100.0,0.6672,0.1736,0.8379,0.1336,0.3847,0.4226,0.7947,0.4431,-0.0529,C,0.1683,0.322-0.622,0.578,0.378,0.113
3657,296461,-14.28,14,92.9,0.5313,0.2284,0.8497,0.2302,0.3879,1.177,0.7992,0.382,-0.2227,C,0.2412,0.322-0.622,0.578,0.378,0.113
3658,296476,-3.77,15,93.3,0.5971,0.2065,0.8325,0.203,0.366,0.8555,0.8296,0.4167,-0.1462,C,0.208,0.322-0.622,0.578,0.378,0.113
3659,296489,-27.53,13,100.0,0.743,0.1642,0.8871,0.1995,0.4126,0.3115,0.7402,0.4195,-0.2252,C,0.1687,0.322-0.622,0.578,0.378,0.113
3660,296504,-13.86,15,100.0,0.7893,0.1491,0.8074,0.1934,0.4418,0.2014,0.6941,0.4299,-0.1211,C,0.1744,0.322-0.622,0.578,0.378,0.113
3661,296627,111.01,123,97.6,0.4331,0.1429,0.4694,0.4749,0.8988,1.8438,0.653,0.4604,-0.4293,C,0.1981,0.322-0.622,0.578,0.378,0.113
3662,296641,-14.76,14,57.1,0.8465,0.048,0.8384,0.1998,0.3728,0.0339,0.1407,0.4702,-0.1329,C,0.203,0.322-0.622,0.579,0.379,0.113
3663,296655,-6.44,14,100.0,0.5995,0.1939,0.8062,0.2216,0.4264,1.0124,0.8279,0.4013,-0.1771,C,0.1855,0.322-0.622,0.579,0.379,0.113
3664,296669,-16.95,14,0.0,0.0,0.0,0.936,0.0613,0.2783,0.0,0.0,0.4176,-0.0102,C,0.2056,0.322-0.622,0.579,0.379,0.113
3665,296683,-6.4,14,100.0,0.6659,0.1962,0.8272,0.1978,0.3707,0.6129,0.8422,0.433,-0.1577,C,0.2107,0.322-0.622,0.579,0.379,0.113
3666,296697,-17.61,14,0.0,0.0,0.0,0.9399,0.0551,0.2845,0.0,0.0,0.3689,-0.0073,C,0.2128,0.322-0.622,0.579,0.379,0.113
3667,296719,-6.55,22,81.8,0.6832,0.2036,0.7614,0.2088,0.6038,0.3134,0.6831,0.3501,-0.1223,C,0.178,0.322-0.622,0.579,0.379,0.113
3668,296761,-12.65,42,92.9,0.5877,0.2091,0.6476,0.4068,0.6894,0.833,0.8177,0.447,-0.4012,C,0.2391,0.322-0.622,0.579,0.379,0.113
3669,296775,-13.81,14,100.0,0.6666,0.1992,0.7508,0.294,0.4085,0.5313,0.8905,0.4394,-0.2212,C,0.1783,0.322-0.622,0.579,0.379,0.113
3670,296789,-12.99,14,100.0,0.6496,0.1938,0.7941,0.1453,0.4073,0.6319,0.8404,0.4578,-0.0651,C,0.1962,0.322-0.622,0.579,0.379,0.113
3671,296802,-9.34,13,100.0,0.9112,0.1105,0.8649,0.1834,0.4119,0.0603,0.5167,0.4647,-0.1456,C,0.2466,0.322-0.622,0.579,0.379,0.113
3672,296816,-13.02,14,78.6,0.7313,0.1495,0.8257,0.1401,0.3643,0.2561,0.5474,0.4287,-0.0715,C,0.1651,0.322-0.622,0.579,0.379,0.113
3673,296831,-7.1,15,100.0,0.7674,0.173,0.7537,0.1857,0.4709,0.2232,0.7791,0.4365,-0.0991,C,0.2408,0.322-0.622,0.579,0.379,0.113
3674,296845,-7.78,14,100.0,0.7063,0.1784,0.81,0.195,0.3972,0.4273,0.7766,0.4515,-0.1095,C,0.1954,0.322-0.622,0.579,0.379,0.113
3675,297069,92.8,224,99.6,0.5879,0.1909,0.5121,0.4092,0.9116,0.8281,0.753,0.3924,-0.356,C,0.2195,0.322-0.622,0.579,0.379,0.113
3676,297084,-26.22,15,40.0,0.9403,0.0207,0.8202,0.2203,0.4307,0.008,0.0651,0.441,-0.1772,C,0.2426,0.322-0.622,0.579,0.379,0.113
3677,297277,70.29,193,99.5,0.5385,0.1538,0.4547,0.4857,0.92,1.412,0.6822,0.3161,-0.4511,C,0.2055,0.322-0.622,0.58,0.38,0.113
3678,297291,-1.97,14,100.0,0.8123,0.1385,0.8383,0.1348,0.4393,0.1721,0.643,0.4321,-0.06,C,0.1904,0.322-0.622,0.58,0.38,0.113
3679,297306,-9.01,15,86.7,0.569,0.2112,0.8302,0.1606,0.3255,1.0228,0.7273,0.4594,-0.0731,C,0.2341,0.322-0.622,0.58,0.38,0.113
3680,297320,-1.5,14,100.0,0.6664,0.1868,0.8022,0.163,0.4016,0.465,0.8436,0.3825,-0.0746,C,0.2137,0.322-0.622,0.58,0.38,0.113
3681,297335,-6.88,15,93.3,0.8018,0.1522,0.8034,0.159,0.4442,0.1423,0.6699,0.3644,-0.1029,C,0.2361,0.322-0.622,0.58,0.38,0.113
3682,297349,-17.04,14,78.6,0.8678,0.0669,0.8758,0.146,0.4054,0.0444,0.252,0.4044,-0.0774,C,0.1901,0.322-0.622,0.58,0.38,0.113
3683,297364,-9.32,15,73.3,0.8418,0.132,0.8683,0.122,0.3183,0.0497,0.4517,0.3947,-0.0439,C,0.2487,0.322-0.622,0.58,0.38,0.113
3684,297378,2.23,14,92.9,0.6189,0.2154,0.8651,0.1334,0.3626,0.8677,0.7878,0.4386,-0.0673,C,0.1636,0.322-0.622,0.58,0.38,0.113
3685,297392,-19.48,14,100.0,0.6756,0.2051,0.8227,0.216,0.3783,0.4882,0.845,0.3989,-0.1332,C,0.227,0.322-0.622,0.58,0.38,0.113
3686,297406,-1.77,14,100.0,0.5186,0.2358,0.7992,0.1804,0.4211,1.2322,0.9453,0.4672,-0.0943,C,0.2104,0.322-0.622,0.58,0.38,0.113
3687,297420,-10.5,14,42.9,1.0701,0.0544,0.9272,0.0646,0.2642,0.0018,0.1149,0.3821,-0.0102,C,0.2196,0.322-0.622,0.58,0.38,0.113
3688,297433,-10.93,13,100.0,0.693,0.1741,0.8357,0.1135,0.42,0.5361,0.7781,0.479,-0.0446,C,0.2414,0.322-0.622,0.58,0.38,0.113
3689,297447,-21.43,14,85.7,0.8608,0.0757,0.8348,0.2094,0.417,0.0618,0.3089,0.3458,-0.1557,C,0.1952,0.322-0.622,0.58,0.38,0.113
3690,297461,-6.2,14,100.0,0.6743,0.2093,0.8494,0.1261,0.4139,0.4137,0.9216,0.3606,-0.0437,C,0.2156,0.322-0.622,0.58,0.38,0.113
3691,297479,-8.46,18,83.3,0.5616,0.2176,0.7569,0.3109,0.4657,0.7958,0.7215,0.4071,-0.2703,C,0.2401,0.322-0.622,0.58,0.38,0.113
3692,297493,-9.3,14,78.6,0.6943,0.1949,0.8512,0.1927,0.3613,0.2489,0.6486,0.4343,-0.1086,C,0.2147,0.322-0.622,0.58,0.38,0.113
3693,297507,-13.94,14,78.6,0.8382,0.0957,0.8428,0.175,0.4327,0.0992,0.3565,0.3777,-0.0913,C,0.1885,0.322-0.622,0.58,0.38,0.113
3694,297521,-27.22,14,57.1,0.951,0.0586,0.8544,0.1503,0.38,0.0122,0.1705,0.4729,-0.0931,C,0.2292,0.322-0.622,0.58,0.38,0.113
3695,297536,-11.34,15,93.3,0.6188,0.2163,0.8224,0.1586,0.3553,0.7784,0.8329,0.3587,-0.0759,C,0.2093,0.322-0.622,0.58,0.38,0.113
3696,297550,-3.12,14,78.6,0.7257,0.1625,0.9248,0.0766,0.2823,0.1857,0.5792,0.3914,-0.0206,C,0.1714,0.322-0.622,0.58,0.38,0.113
3697,297563,-15.31,13,92.3,0.9523,0.0632,0.8854,0.1459,0.3959,0.0227,0.2898,0.4318,-0.0754,C,0.2325,0.322-0.622,0.58,0.38,0.113
3698,297577,-18.04,14,100.0,0.6257,0.2041,0.7967,0.23,0.3785,0.9387,0.8842,0.3989,-0.1839,C,0.2466,0.322-0.622,0.581,0.381,0.113
3699,297617,16.86,40,95.0,0.421,0.2347,0.6792,0.3651,0.695,1.5798,0.7656,0.3379,-0.327,C,0.1693,0.322-0.622,0.581,0.381,0.113
3700,297652,22.67,35,88.6,0.3822,0.2312,0.605,0.3893,0.6761,1.8378,0.8237,0.4101,-0.3607,C,0.2198,0.322-0.622,0.581,0.381,0.113
3701,297665,-18.13,13,100.0,0.6598,0.1958,0.8743,0.1342,0.4094,0.5577,0.8482,0.4032,-0.0791,C,0.2385,0.322-0.622,0.581,0.381,0.113
3702,297680,-29.29,15,53.3,1.1735,0.0327,0.7779,0.2765,0.3841,0.0006,0.1058,0.3951,-0.2483,C,0.1712,0.322-0.622,0.581,0.381,0.113
3703,297724,32.46,44,88.6,0.3633,0.2088,0.6973,0.3258,0.6887,1.8969,0.6669,0.2734,-0.3064,C,0.1886,0.322-0.622,0.581,0.381,0.113
3704,297738,-21.8,14,64.3,0.9092,0.0445,0.8383,0.162,0.3821,0.0209,0.1504,0.4114,-0.097,C,0.2097,0.322-0.622,0.581,0.381,0.113
3705,297756,-19.01,18,94.4,0.8987,0.1155,0.7839,0.2548,0.4403,0.5052,0.5081,0.4199,-0.1949,C,0.2061,0.322-0.622,0.581,0.381,0.113
3706,297770,-11.78,14,100.0,0.5749,0.2164,0.7953,0.2047,0.4371,0.8962,0.8979,0.3911,-0.137,C,0.1759,0.322-0.622,0.581,0.381,0.113
3707,297821,17.87,51,100.0,0.4782,0.2328,0.5078,0.4285,0.8309,1.2138,0.8028,0.3671,-0.3652,C,0.1784,0.322-0.622,0.581,0.381,0.114
3708,297837,-11.48,16,81.2,0.7835,0.1336,0.8738,0.1454,0.4036,0.111,0.4879,0.4099,-0.1056,C,0.2495,0.322-0.622,0.581,0.381,0.114
3709,297855,-29.03,18,77.8,0.7267,0.1599,0.8153,0.2386,0.4433,0.1661,0.5566,0.3889,-0.2165,C,0.1915,0.322-0.622,0.581,0.381,0.114
3710,297869,-14.74,14,100.0,0.7209,0.1553,0.7985,0.2282,0.3789,0.2941,0.7084,0.4663,-0.1944,C,0.2158,0.322-0.622,0.581,0.381,0.114
3711,297883,-3.09,14,92.9,0.5743,0.2336,0.8175,0.1693,0.408,0.7711,0.8441,0.4049,-0.0908,C,0.236,0.322-0.622,0.581,0.381,0.114
3712,297897,-16.82,14,50.0,0.9096,0.0303,0.763,0.2157,0.4067,0.014,0.0948,0.4246,-0.134,C,0.1686,0.322-0.622,0.581,0.381,0.114
3713,297911,-1.09,14,85.7,0.6397,0.2,0.8787,0.1202,0.3397,0.6379,0.7217,0.4421,-0.0584,C,0.2241,0.322-0.622,0.581,0.381,0.114
3714,297924,-40.49,13,0.0,0.0,0.0,0.8909,0.164,0.3649,0.0,0.0,0.4763,-0.1348,C,0.2205,0.322-0.622,0.581,0.381,0.114
3715,297937,-12.97,13,100.0,0.7764,0.122,0.8718,0.1679,0.3612,0.1813,0.5599,0.447,-0.1413,C,0.199,0.322-0.622,0.581,0.381,0.114
3716,297950,-8.6,13,100.0,0.5332,0.2188,0.8591,0.2149,0.4092,1.1451,0.9486,0.3944,-0.1959,C,0.2357,0.322-0.622,0.581,0.381,0.114
3717,297964,-22.24,14,50.0,0.8459,0.0474,0.8642,0.1471,0.3697,0.0302,0.1224,0.449,-0.0669,C,0.2108,0.322-0.622,0.581,0.381,0.114
3718,297977,-16.22,13,100.0,0.7127,0.1751,0.8896,0.1203,0.3794,0.3805,0.7624,0.4544,-0.0452,C,0.1778,0.322-0.622,0.581,0.381,0.114
3719,297991,-19.28,14,100.0,0.9399,0.0838,0.8447,0.211,0.406,0.0799,0.4067,0.46,-0.185,C,0.215,0.322-0.622,0.581,0.381,0.114
3720,298078,47.81,87,100.0,0.558,0.1805,0.508,0.4126,0.8381,1.1928,0.8116,0.4126,-0.3632,C,0.2343,0.322-0.622,0.582,0.382,0.114
3721,298180,216.76,102,98.0,0.1956,0.1701,0.458,0.4231,0.913,3.0716,0.7366,0.2047,-0.3477,C,0.2061,0.322-0.622,0.582,0.382,0.114
3722,298193,-3.87,13,100.0,0.7628,0.178,0.7969,0.2126,0.4542,0.1876,0.8237,0.4665,-0.1375,C,0.1885,0.322-0.622,0.582,0.382,0.114
3723,298208,-3.73,15,100.0,0.6121,0.2281,0.718,0.2673,0.5062,0.6551,0.9297,0.4252,-0.1957,C,0.1678,0.322-0.622,0.582,0.382,0.114
3724,298222,-14.17,14,85.7,0.8488,0.1047,0.9551,0.0416,0.2834,0.1222,0.425,0.4889,-0.0054,C,0.1997,0.322-0.622,0.582,0.382,0.114
3725,298236,-18.25,14,100.0,0.7622,0.1825,0.8148,0.2371,0.4398,0.2318,0.8236,0.4446,-0.1736,C,0.173,0.322-0.622,0.582,0.382,0.114
3726,298250,-15.43,14,92.9,0.774,0.1453,0.8868,0.1118,0.3423,0.215,0.5968,0.4301,-0.0545,C,0.1967,0.322-0.622,0.582,0.382,0.114
3727,298264,-9.67,14,100.0,0.606,0.231,0.7839,0.203,0.4477,0.6485,0.9443,0.444,-0.078,C,0.166,0.322-0.622,0.582,0.382,0.114
3728,298405,37.16,141,95.7,0.4799,0.1302,0.4804,0.4367,0.84,1.2332,0.5427,0.3659,-0.3851,C,0.2332,0.322-0.622,0.582,0.382,0.114
3729,298419,-5.19,14,100.0,0.7951,0.1484,0.8007,0.158,0.3975,0.2274,0.685,0.4792,-0.1052,C,0.1665,0.322-0.622,0.582,0.382,0.114
3730,298435,-4.05,16,87.5,0.7247,0.1748,0.8132,0.1838,0.3373,0.6441,0.6577,0.4726,-0.0948,C,0.2022,0.322-0.622,0.582,0.382,0.114
3731,298448,-13.16,13,100.0,0.6046,0.1617,0.8489,0.1578,0.4459,0.97,0.7002,0.4443,-0.0999,C,0.1694,0.322-0.622,0.582,0.382,0.114
3732,298462,-13.36,14,78.6,0.7363,0.1497,0.942,0.0539,0.2941,0.2094,0.5253,0.4606,-0.0125,C,0.1827,0.322-0.622,0.582,0.382,0.114
3733,298476,-4.72,14,78.6,0.7771,0.1494,0.924,0.0732,0.3025,0.1201,0.5374,0.4785,-0.0376,C,0.1844,0.322-0.622,0.582,0.382,0.114
3734,298490,-0.15,14,85.7,0.7259,0.1622,0.9319,0.0569,0.3066,0.4449,0.6118,0.4806,-0.0122,C,0.2318,0.322-0.622,0.582,0.382,0.114
3735,298505,-13.22,15,100.0,0.506,0.2444,0.7582,0.2629,0.4766,1.2416,0.9285,0.4126,-0.1583,C,0.2086,0.322-0.622,0.583,0.383,0.114
3736,298519,-31.7,14,0.0,0.0,0.0,0.8892,0.0984,0.3056,0.0,0.0,0.345,-0.0385,C,0.1823,0.322-0.622,0.583,0.383,0.114
3737,298532,-15.47,13,92.3,0.7597,0.1322,0.8555,0.1325,0.4114,0.1492,0.5642,0.4695,-0.0608,C,0.1929,0.322-0.622,0.583,0.383,0.114
3738,298546,-9.77,14,92.9,0.6914,0.2027,0.8446,0.1564,0.3926,0.4496,0.783,0.3952,-0.0868,C,0.248,0.322-0.622,0.583,0.383,0.114
3739,298560,-11.6,14,92.9,0.5875,0.2104,0.8475,0.1325,0.398,0.6779,0.8166,0.4503,-0.0476,C,0.1758,0.322-0.622,0.583,0.383,0.114
3740,298574,-21.03,14,100.0,0.6232,0.1719,0.7711,0.2617,0.4217,0.941,0.7479,0.4603,-0.2047,C,0.2353,0.322-0.622,0.583,0.383,0.114
3741,298588,-0.75,14,100.0,0.6744,0.1867,0.819,0.1411,0.3881,0.5462,0.8116,0.4429,-0.0729,C,0.2348,0.322-0.622,0.583,0.383,0.114
3742,298602,-9.96,14,57.1,1.021,0.0491,0.9321,0.0896,0.3075,0.0046,0.1502,0.4185,-0.036,C,0.2054,0.322-0.622,0.583,0.383,0.114
3743,298665,57.31,63,98.4,0.4318,0.2155,0.5433,0.361,0.8227,1.4851,0.9077,0.3162,-0.2862,C,0.1929,0.322-0.622,0.583,0.383,0.114
3744,298680,-12.02,15,93.3,0.662,0.2039,0.8422,0.1937,0.3665,0.7934,0.7881,0.4818,-0.1383,C,0.1803,0.322-0.622,0.583,0.383,0.114
3745,298694,-6.55,14,100.0,0.5435,0.234,0.8213,0.1863,0.4424,1.0784,0.8804,0.4105,-0.0975,C,0.2393,0.322-0.622,0.583,0.383,0.114
3746,298728,-10.64,34,88.2,0.7161,0.1667,0.6235,0.3142,0.6477,0.2271,0.6696,0.4359,-0.242,C,0.2397,0.322-0.622,0.583,0.383,0.114
3747,298742,-7.5,14,92.9,0.6576,0.184,0.8201,0.2163,0.4158,0.4952,0.7676,0.4422,-0.152,C,0.1846,0.322-0.622,0.583,0.383,0.114
3748,298757,-2.41,15,80.0,0.6714,0.1811,0.8818,0.1246,0.3176,0.3352,0.6283,0.4209,-0.0373,C,0.2215,0.322-0.622,0.583,0.383,0.114
3749,298771,-9.78,14,100.0,0.6037,0.2335,0.8446,0.1986,0.4434,0.697,0.942,0.4516,-0.154,C,0.2346,0.322-0.622,0.583,0.383,0.114
3750,298785,-9.65,14,100.0,0.6199,0.198,0.7564,0.1749,0.4182,0.747,0.875,0.46,-0.0897,C,0.234,0.322-0.622,0.583,0.383,0.114
3751,298798,-18.69,13,92.3,0.8972,0.0677,0.8613,0.1426,0.421,0.045,0.2994,0.4251,-0.0701,C,0.2092,0.322-0.622,0.583,0.383,0.114
3752,298812,-26.66,14,0.0,0.0,0.0,0.7668,0.1958,0.4385,0.0,0.0,0.4362,-0.1103,C,0.2008,0.322-0.622,0.583,0.383,0.114
3753,298826,-18.86,14,64.3,0.892,0.0867,0.9119,0.0905,0.3055,0.0256,0.2757,0.4752,-0.0241,C,0.1963,0.322-0.622,0.583,0.383,0.114
3754,298841,0.17,15,86.7,0.605,0.2094,0.8351,0.1464,0.3334,0.8762,0.7679,0.442,-0.0593,C,0.2334,0.322-0.622,0.583,0.383,0.114
3755,298855,-10.83,14,92.9,0.6684,0.2166,0.8376,0.1987,0.415,0.3992,0.8594,0.4311,-0.1315,C,0.2462,0.322-0.622,0.583,0.383,0.114
3756,298868,-8.23,13,84.6,0.6141,0.2008,0.9198,0.1376,0.362,0.5233,0.7315,0.4531,-0.129,C,0.1914,0.322-0.622,0.583,0.383,0.114
3757,298883,-35.59,15,0.0,0.0,0.0,0.8239,0.2205,0.4738,0.0,0.0,0.4139,-0.2232,C,0.1709,0.322-0.622,0.583,0.383,0.114
3758,298898,-11.5,15,86.7,0.5673,0.2053,0.8455,0.1774,0.3137,1.0729,0.7298,0.367,-0.0824,C,0.2371,0.322-0.622,0.583,0.383,0.114
3759,298911,-10.03,13,100.0,0.5996,0.2334,0.8172,0.1465,0.4365,0.6157,0.9807,0.3727,-0.0566,C,0.1765,0.322-0.622,0.583,0.383,0.114
3760,298927,-12.77,16,100.0,0.6961,0.2073,0.7502,0.3086,0.4646,0.3444,0.8803,0.4316,-0.2863,C,0.1725,0.322-0.622,0.583,0.383,0.114
3761,298941,-6.05,14,100.0,0.5969,0.2246,0.825,0.1415,0.4355,0.875,0.925,0.4684,-0.0678,C,0.2488,0.322-0.622,0.583,0.383,0.114
3762,298955,-19.37,14,92.9,0.672,0.1677,0.8036,0.2293,0.3487,0.3387,0.7184,0.3197,-0.1911,C,0.221,0.322-0.622,0.583,0.383,0.114
3763,298969,-3.28,14,85.7,0.8556,0.0993,0.9417,0.0636,0.3075,0.0703,0.4072,0.4618,-0.0158,C,0.2498,0.322-0.622,0.584,0.384,0.114
3764,298983,0.7,14,85.7,0.682,0.1819,0.9336,0.0648,0.2885,0.56,0.6917,0.4263,-0.0108,C,0.1928,0.322-0.622,0.584,0.384,0.114
3765,298997,-0.38,14,85.7,0.6593,0.1848,0.9295,0.0614,0.2903,0.4464,0.6991,0.3238,-0.009,C,0.1997,0.322-0.622,0.584,0.384,0.114
3766,299012,-4.94,15,100.0,0.8107,0.1428,0.7433,0.1663,0.399,0.1759,0.6794,0.4179,-0.0695,C,0.21,0.322-0.622,0.584,0.384,0.114
3767,299027,-17.09,15,93.3,0.8113,0.1117,0.8108,0.2165,0.3877,0.1285,0.4925,0.3946,-0.1667,C,0.1948,0.322-0.622,0.584,0.384,0.114
3768,299040,-12.43,13,100.0,0.5516,0.2183,0.8111,0.1582,0.4229,1.0359,0.9442,0.389,-0.0734,C,0.1802,0.322-0.622,0.584,0.384,0.114
3769,299054,-13.65,14,92.9,0.7766,0.1502,0.9127,0.0883,0.3151,0.512,0.6214,0.4738,-0.0399,C,0.1782,0.322-0.622,0.584,0.384,0.114
3770,299068,0.56,14,85.7,0.5334,0.2188,0.9118,0.1,0.334,1.1331,0.7387,0.3997,-0.0776,C,0.2069,0.322-0.622,0.584,0.384,0.114
3771,299082,-12.58,14,92.9,0.6862,0.2045,0.813,0.1889,0.4203,0.3673,0.8159,0.475,-0.1301,C,0.2475,0.322-0.622,0.584,0.384,0.114
3772,299378,-1.07,296,99.3,0.3295,0.1529,0.4236,0.6124,0.9527,2.1524,0.5936,0.3685,-0.6735,C,0.1943,0.322-0.622,0.584,0.384,0.114
3773,299391,1.19,13,92.3,0.6114,0.2096,0.9051,0.0959,0.4034,0.5294,0.8227,0.4491,-0.0605,C,0.2226,0.322-0.622,0.584,0.384,0.114
3774,299406,-32.02,15,0.0,0.0,0.0,0.903,0.0962,0.2807,0.0,0.0,0.3778,-0.0272,C,0.2477,0.322-0.622,0.584,0.384,0.114
3775,299422,-21.36,16,93.8,0.6121,0.1962,0.8174,0.2796,0.4153,0.6774,0.7833,0.4339,-0.2902,C,0.2086,0.322-0.622,0.584,0.384,0.114
3776,299436,-20.1,14,92.9,0.7427,0.1684,0.835,0.2411,0.4096,0.2112,0.6869,0.3794,-0.2014,C,0.2225,0.322-0.622,0.584,0.384,0.114
3777,299450,-10.31,14,100.0,0.745,0.1537,0.8288,0.1306,0.3727,0.3987,0.6889,0.4765,-0.0865,C,0.2269,0.322-0.622,0.585,0.385,0.114
3778,299639,-194.58,189,99.5,0.4617,0.1819,0.4595,0.6407,0.9382,1.3311,0.7209,0.4044,-0.7468,C,0.2114,0.322-0.622,0.585,0.385,0.114
3779,299706,113.34,67,95.5,0.3404,0.2308,0.5882,0.3689,0.8166,2.1338,0.9059,0.3594,-0.3033,C,0.2373,0.322-0.622,0.585,0.385,0.114
3780,299720,-17.23,14,85.7,0.7754,0.1393,0.942,0.066,0.2856,0.2162,0.5252,0.3521,-0.0154,C,0.2268,0.322-0.622,0.585,0.385,0.114
3781,299734,-4.0,14,78.6,0.7799,0.1377,0.9324,0.078,0.2823,0.1189,0.4935,0.4362,-0.0276,C,0.2176,0.322-0.622,0.585,0.385,0.114
3782,299748,-1.89,14,100.0,0.5732,0.2105,0.7979,0.2086,0.4402,1.0405,0.8735,0.4288,-0.1483,C,0.1979,0.322-0.622,0.585,0.385,0.114
3783,299762,-1.88,14,100.0,0.5523,0.2255,0.8163,0.175,0.3787,1.0673,0.9064,0.4036,-0.0904,C,0.1696,0.322-0.622,0.585,0.385,0.114
3784,299775,-14.72,13,100.0,0.7419,0.1602,0.8944,0.1224,0.4182,0.2453,0.7285,0.3833,-0.0951,C,0.2115,0.322-0.622,0.585,0.385,0.114
3785,299789,0.81,14,100.0,0.5571,0.2221,0.8367,0.1188,0.3894,0.9275,0.9459,0.4137,-0.0578,C,0.2202,0.322-0.622,0.585,0.385,0.114
3786,299803,-12.74,14,85.7,0.808,0.1371,0.8656,0.1354,0.3961,0.0878,0.554,0.452,-0.066,C,0.2117,0.322-0.622,0.585,0.385,0.114
3787,299860,110.97,57,98.2,0.2935,0.2363,0.56,0.3831,0.8455,2.41,0.932,0.3529,-0.314,C,0.2058,0.322-0.622,0.585,0.385,0.114
3788,299874,-12.97,14,100.0,0.5711,0.2271,0.8579,0.1747,0.4225,0.9961,0.8939,0.4361,-0.1276,C,0.2479,0.322-0.622,0.585,0.385,0.114
3789,299888,-18.63,14,100.0,0.734,0.1551,0.8377,0.2376,0.3899,0.3161,0.7158,0.442,-0.2006,C,0.2214,0.322-0.622,0.585,0.385,0.114
3790,299903,-4.85,15,86.7,0.7721,0.1399,0.8684,0.1182,0.3196,0.2319,0.5493,0.3833,-0.0486,C,0.1998,0.322-0.622,0.586,0.386,0.114
3791,299922,-7.61,19,89.5,0.6343,0.1959,0.7386,0.2367,0.4733,0.5367,0.7636,0.4124,-0.1504,C,0.1922,0.322-0.622,0.586,0.386,0.114
3792,299936,-11.95,14,100.0,0.5016,0.229,0.8256,0.2155,0.4191,1.2603,0.9316,0.4242,-0.1493,C,0.2355,0.322-0.622,0.586,0.386,0.114
3793,299949,-5.33,13,100.0,0.7783,0.1747,0.8433,0.148,0.4399,0.2101,0.7895,0.4547,-0.1001,C,0.198,0.322-0.622,0.586,0.386,0.114
3794,299964,-9.66,15,86.7,0.7229,0.1718,0.9136,0.0821,0.3029,0.653,0.6515,0.4066,-0.0237,C,0.1873,0.322-0.622,0.586,0.386,0.114
3795,300030,-1.41,66,95.5,0.4923,0.2118,0.5343,0.4726,0.8129,1.2932,0.7921,0.3332,-0.4588,C,0.2213,0.322-0.622,0.586,0.386,0.114
3796,300046,0.78,16,81.2,0.5625,0.2097,0.8182,0.1708,0.3615,0.8825,0.717,0.4514,-0.08,C,0.1672,0.322-0.622,0.586,0.386,0.114
3797,300059,-12.13,13,100.0,0.6489,0.2107,0.8315,0.1835,0.423,0.6684,0.884,0.4499,-0.1227,C,0.2263,0.322-0.622,0.586,0.386,0.114
3798,300073,-14.01,14,92.9,0.7937,0.1348,0.9092,0.0785,0.3133,0.2898,0.5491,0.4689,-0.0269,C,0.2394,0.322-0.622,0.586,0.386,0.114
3799,300205,144.69,132,98.5,0.5056,0.1732,0.5696,0.3889,0.8836,1.6657,0.7023,0.3082,-0.332,C,0.201,0.322-0.622,0.586,0.386,0.114
3800,300219,-10.26,14,100.0,0.5824,0.2447,0.8013,0.212,0.4434,0.7928,0.9432,0.4331,-0.1491,C,0.17,0.322-0.622,0.586,0.386,0.114
3801,300234,-23.15,15,60.0,0.8305,0.0614,0.8326,0.1954,0.3842,0.0447,0.1802,0.4413,-0.1103,C,0.1902,0.322-0.622,0.586,0.386,0.114
3802,300248,-9.25,14,100.0,0.6713,0.208,0.8041,0.2276,0.4402,0.5366,0.8594,0.4712,-0.1186,C,0.2171,0.322-0.622,0.586,0.386,0.114
3803,300265,-31.53,17,70.6,0.9327,0.0519,0.8033,0.2526,0.5009,0.0181,0.195,0.4485,-0.2363,C,0.2403,0.322-0.622,0.586,0.386,0.114
3804,300286,-30.4,21,81.0,0.9378,0.0897,0.6376,0.3038,0.3673,0.0419,0.3557,0.3504,-0.236,C,0.2082,0.322-0.622,0.586,0.386,0.114
3805,300301,-6.01,15,93.3,0.7133,0.1824,0.8231,0.1767,0.347,0.6399,0.7289,0.3904,-0.0844,C,0.2072,0.322-0.622,0.586,0.386,0.114
3806,300499,185.69,198,99.0,0.3408,0.1772,0.4467,0.5212,0.927,2.1607,0.7926,0.4452,-0.5252,C,0.2395,0.322-0.622,0.587,0.387,0.114
3807,300529,1.28,30,93.3,0.6318,0.1873,0.6424,0.3146,0.6493,0.6237,0.7654,0.4239,-0.238,C,0.2469,0.322-0.622,0.587,0.387,0.114
3808,300544,-15.36,15,93.3,0.5565,0.2188,0.7458,0.2938,0.3513,1.0945,0.8547,0.4743,-0.2259,C,0.2152,0.322-0.622,0.587,0.387,0.114
3809,300558,-9.48,14,92.9,0.7862,0.1605,0.8104,0.2028,0.4285,0.167,0.6966,0.3934,-0.1533,C,0.1723,0.322-0.622,0.587,0.387,0.114
3810,300573,-19.73,15,93.3,0.8096,0.1388,0.8535,0.1796,0.3078,0.2867,0.5855,0.4733,-0.1111,C,0.1737,0.322-0.622,0.587,0.387,0.114
3811,300657,50.28,84,96.4,0.4798,0.2359,0.5361,0.3766,0.7839,1.2405,0.8316,0.3417,-0.3175,C,0.2167,0.322-0.622,0.587,0.387,0.115
3812,300671,-15.45,14,78.6,0.7236,0.1546,0.9242,0.0808,0.2781,0.2175,0.5439,0.4309,-0.0129,C,0.2437,0.322-0.622,0.587,0.387,0.115
3813,300685,-4.06,14,85.7,0.8162,0.111,0.9417,0.064,0.2856,0.1035,0.4451,0.3772,-0.0161,C,0.2205,0.322-0.622,0.587,0.387,0.115
3814,300699,-8.38,14,100.0,0.5936,0.2065,0.7952,0.138,0.4334,0.7623,0.8888,0.4128,-0.0585,C,0.2355,0.322-0.622,0.587,0.387,0.115
3815,300714,-33.28,15,0.0,0.0,0.0,0.9121,0.1003,0.2775,0.0,0.0,0.3421,-0.0328,C,0.2028,0.322-0.622,0.587,0.387,0.115
3816,300727,-35.1,13,100.0,0.6524,0.1711,0.8305,0.3236,0.4536,0.8845,0.7411,0.4821,-0.3559,C,0.1912,0.322-0.622,0.587,0.387,0.115
3817,300740,-8.77,13,100.0,0.5728,0.1828,0.8676,0.1978,0.4595,1.0359,0.7794,0.4176,-0.195,C,0.1796,0.322-0.622,0.587,0.387,0.115
3818,300755,-14.38,15,86.7,0.6122,0.2092,0.8642,0.1375,0.329,0.8362,0.7699,0.411,-0.0815,C,0.2401,0.322-0.622,0.587,0.387,0.115
3819,300769,-4.84,14,100.0,0.7334,0.1704,0.8436,0.1562,0.3597,0.7323,0.7317,0.4126,-0.1051,C,0.2041,0.322-0.622,0.587,0.387,0.115
3820,300783,-6.82,14,100.0,0.5564,0.2214,0.7981,0.161,0.3791,0.9571,0.9346,0.4279,-0.0883,C,0.1758,0.322-0.622,0.587,0.387,0.115
3821,300807,-20.33,24,95.8,0.622,0.1902,0.6758,0.3201,0.5421,0.8923,0.7561,0.447,-0.2712,C,0.2146,0.322-0.622,0.587,0.387,0.115
3822,300821,-15.7,14,85.7,0.7957,0.1296,0.9012,0.1017,0.3036,0.1517,0.5038,0.4676,-0.0304,C,0.19,0.322-0.622,0.587,0.387,0.115
3823,300834,-10.99,13,92.3,0.4933,0.2358,0.8475,0.17,0.3837,1.1795,0.8546,0.456,-0.1165,C,0.2363,0.322-0.622,0.587,0.387,0.115
3824,300848,-11.22,14,85.7,0.6592,0.1849,0.8975,0.0995,0.3314,0.4561,0.6785,0.3899,-0.0279,C,0.2381,0.322-0.622,0.588,0.388,0.115
3825,300863,-19.23,15,100.0,1.0383,0.0434,0.7797,0.2821,0.4016,0.0233,0.2326,0.433,-0.2268,C,0.1662,0.322-0.622,0.588,0.388,0.115
3826,300877,-6.12,14,71.4,0.9671,0.0633,0.9359,0.0828,0.2799,0.0124,0.2337,0.4698,-0.0242,C,0.1929,0.322-0.622,0.588,0.388,0.115
3827,300892,-1.38,15,100.0,0.584,0.2161,0.857,0.201,0.4143,1.0694,0.8603,0.381,-0.1536,C,0.2124,0.322-0.622,0.588,0.388,0.115
3828,300907,-16.42,15,100.0,0.6079,0.2127,0.791,0.2343,0.4084,0.7507,0.9,0.365,-0.161,C,0.2023,0.322-0.622,0.588,0.388,0.115
3829,300922,-8.03,15,86.7,0.6677,0.1822,0.8669,0.1079,0.3207,0.7197,0.7037,0.4725,-0.035,C,0.2446,0.322-0.622,0.588,0.388,0.115
3830,300936,-9.45,14,64.3,0.8233,0.0809,0.8484,0.1435,0.3958,0.0477,0.2509,0.4327,-0.0868,C,0.2305,0.322-0.622,0.588,0.388,0.115
3831,300950,-1.4,14,78.6,0.7288,0.163,0.9043,0.0969,0.3119,0.1981,0.5692,0.4815,-0.0228,C,0.1928,0.322-0.622,0.588,0.388,0.115
3832,300964,-12.83,14,100.0,0.7542,0.1843,0.8377,0.1767,0.413,0.2248,0.8411,0.4427,-0.1026,C,0.2076,0.322-0.622,0.588,0.388,0.115
3833,300977,0.13,13,100.0,0.5762,0.2095,0.8489,0.1515,0.3925,0.997,0.9101,0.4272,-0.0763,C,0.1876,0.322-0.622,0.588,0.388,0.115
3834,300991,-32.44,14,0.0,0.0,0.0,0.922,0.1054,0.2897,0.0,0.0,0.4241,-0.0317,C,0.2234,0.322-0.622,0.588,0.388,0.115
3835,301009,-7.92,18,88.9,0.5905,0.2092,0.8169,0.2198,0.4891,0.6589,0.7942,0.3393,-0.1779,C,0.2336,0.322-0.622,0.588,0.388,0.115
3836,301022,-15.32,13,100.0,0.6513,0.2088,0.8341,0.1655,0.4494,0.4653,0.919,0.4231,-0.1081,C,0.19,0.322-0.622,0.588,0.388,0.115
3837,301036,-18.68,14,85.7,0.8022,0.1286,0.9131,0.0991,0.2903,0.2196,0.4906,0.4332,-0.0471,C,0.2373,0.322-0.622,0.588,0.388,0.115
3838,301050,-15.04,14,100.0,0.6456,0.2011,0.8712,0.14,0.3836,0.8103,0.823,0.3982,-0.0619,C,0.2331,0.322-0.622,0.588,0.388,0.115
3839,301066,-9.7,16,93.8,0.6644,0.1917,0.7895,0.2028,0.4077,0.7194,0.7679,0.4576,-0.1345,C,0.1659,0.322-0.622,0.588,0.388,0.115
3840,301101,22.96,35,88.6,0.4864,0.2202,0.6349,0.3186,0.6306,1.4309,0.8021,0.4341,-0.2623,C,0.2146,0.322-0.622,0.588,0.388,0.115
3841,301115,-2.3,14,85.7,0.7777,0.1401,0.9286,0.0807,0.3072,0.174,0.5313,0.4282,-0.0155,C,0.1785,0.322-0.622,0.588,0.388,0.115
3842,301130,-0.85,15,86.7,0.6787,0.1755,0.8931,0.1131,0.2903,0.5644,0.6739,0.4001,-0.0337,C,0.2067,0.322-0.622,0.588,0.388,0.115
3843,301144,-28.57,14,71.4,0.8209,0.1295,0.873,0.1679,0.3388,0.0755,0.4391,0.4253,-0.1395,C,0.201,0.322-0.622,0.588,0.388,0.115
3844,301158,-16.17,14,78.6,0.7862,0.1408,0.9328,0.0664,0.2772,0.1223,0.5066,0.3827,-0.0125,C,0.2064,0.322-0.622,0.588,0.388,0.115
3845,301172,-17.16,14,0.0,0.0,0.0,0.9041,0.0864,0.2915,0.0,0.0,0.4554,-0.021,C,0.2393,0.322-0.622,0.588,0.388,0.115
3846,301189,-10.62,17,82.4,0.8529,0.127,0.7939,0.1691,0.3913,0.5043,0.4804,0.4453,-0.1041,C,0.2114,0.322-0.622,0.588,0.388,0.115
3847,301203,1.7,14,92.9,0.5107,0.234,0.8245,0.1329,0.3876,1.0993,0.8609,0.4312,-0.0557,C,0.2476,0.322-0.622,0.588,0.388,0.115
3848,301217,1.3,14,85.7,0.6543,0.1936,0.9276,0.0655,0.298,0.683,0.7234,0.4775,-0.0129,C,0.2438,0.322-0.622,0.588,0.388,0.115
3849,301231,-5.85,14,100.0,0.7652,0.1752,0.8364,0.1588,0.4279,0.2163,0.7976,0.4438,-0.072,C,0.1751,0.322-0.622,0.588,0.388,0.115
3850,301245,-15.0,14,100.0,0.7103,0.1834,0.8087,0.2923,0.4548,0.3115,0.8416,0.3768,-0.2739,C,0.1948,0.322-0.622,0.588,0.388,0.115
3851,301260,-25.5,15,46.7,0.9164,0.0152,0.8377,0.2073,0.3975,0.0123,0.0689,0.3755,-0.1463,C,0.2438,0.322-0.622,0.588,0.388,0.115
3852,301275,-17.1,15,93.3,0.8191,0.1498,0.7786,0.2723,0.4883,0.1231,0.6604,0.4696,-0.2145,C,0.2321,0.322-0.622,0.588,0.388,0.115
3853,301290,-6.48,15,86.7,0.6348,0.2062,0.8293,0.1356,0.3455,0.7386,0.7523,0.4193,-0.0368,C,0.192,0.322-0.622,0.588,0.388,0.115
3854,301304,1.23,14,85.7,0.6468,0.1928,0.8626,0.1078,0.3876,0.5629,0.7011,0.3687,-0.0499,C,0.201,0.322-0.622,0.588,0.388,0.115
3855,301318,-7.11,14,92.9,0.6577,0.2121,0.843,0.1706,0.4252,0.4385,0.8368,0.4548,-0.1292,C,0.1858,0.322-0.622,0.589,0.389,0.115
3856,301331,-3.06,13,100.0,0.805,0.1553,0.8387,0.1435,0.4347,0.1213,0.7306,0.4228,-0.0977,C,0.1988,0.322-0.622,0.589,0.389,0.115
3857,301345,-18.54,14,92.9,0.6043,0.1968,0.8323,0.2112,0.3419,0.7067,0.8139,0.4094,-0.1735,C,0.2411,0.322-0.622,0.589,0.389,0.115
3858,301544,140.65,199,98.5,0.4261,0.2023,0.4306,0.4835,0.9221,1.5602,0.8201,0.3983,-0.4394,C,0.186,0.322-0.622,0.589,0.389,0.115
3859,301559,-18.27,15,80.0,0.7755,0.1453,0.8793,0.1271,0.4339,0.1006,0.5331,0.4095,-0.0658,C,0.2224,0.322-0.622,0.589,0.389,0.115
3860,301713,142.95,154,99.4,0.4247,0.1708,0.4735,0.4191,0.9084,1.5862,0.6738,0.3708,-0.3662,C,0.1789,0.322-0.622,0.589,0.389,0.115
3861,301728,-14.71,15,80.0,0.9349,0.0424,0.8297,0.1635,0.4382,0.0264,0.1878,0.4143,-0.0735,C,0.2107,0.322-0.622,0.589,0.389,0.115
3862,301743,-14.0,15,100.0,0.7457,0.1669,0.8094,0.2641,0.396,0.5564,0.73,0.4543,-0.2339,C,0.1803,0.322-0.622,0.589,0.389,0.115
3863,301768,-29.85,25,80.0,0.7889,0.1541,0.6956,0.3257,0.5678,0.0959,0.5598,0.3319,-0.2704,C,0.1983,0.322-0.622,0.589,0.389,0.115
3864,301783,-8.24,15,100.0,0.639,0.2145,0.7892,0.2093,0.451,0.6449,0.8906,0.3982,-0.1268,C,0.242,0.322-0.622,0.59,0.39,0.115
3865,301796,-1.42,13,100.0,0.8275,0.1476,0.8882,0.123,0.4145,0.1155,0.6905,0.4121,-0.057,C,0.2323,0.322-0.622,0.59,0.39,0.115
3866,301809,-18.57,13,30.8,0.9667,0.0166,0.8466,0.1643,0.4146,0.0047,0.0468,0.4335,-0.1013,C,0.1851,0.322-0.622,0.59,0.39,0.115
3867,301823,-2.21,14,100.0,0.5455,0.2314,0.8238,0.2197,0.4549,1.0544,0.9391,0.4287,-0.1486,C,0.1737,0.322-0.622,0.59,0.39,0.115
3868,301836,-0.17,13,100.0,0.5927,0.2,0.8829,0.124,0.4386,0.9013,0.8525,0.4351,-0.0831,C,0.174,0.322-0.622,0.59,0.39,0.115
3869,301851,-26.2,15,0.0,0.0,0.0,0.9149,0.0995,0.2909,0.0,0.0,0.4751,-0.0326,C,0.2043,0.322-0.622,0.59,0.39,0.115
3870,301865,-19.31,14,85.7,0.7896,0.1157,0.816,0.1781,0.3983,0.0995,0.462,0.3951,-0.0992,C,0.1921,0.322-0.622,0.59,0.39,0.115
3871,301878,-6.48,13,100.0,0.9272,0.1085,0.8795,0.1404,0.4418,0.07,0.5173,0.365,-0.0762,C,0.1865,0.322-0.622,0.59,0.39,0.115
3872,301893,-19.5,15,80.0,0.9764,0.0451,0.7652,0.2677,0.4591,0.0155,0.1908,0.4527,-0.2188,C,0.2167,0.322-0.622,0.59,0.39,0.115
3873,301907,-7.4,14,92.9,0.4788,0.2178,0.8436,0.1536,0.3368,1.3354,0.815,0.4318,-0.0866,C,0.2394,0.322-0.622,0.59,0.39,0.115
3874,301921,-20.34,14,0.0,0.0,0.0,0.8884,0.1074,0.3521,0.0,0.0,0.4787,-0.0484,C,0.2143,0.322-0.622,0.59,0.39,0.115
3875,301937,-20.85,16,87.5,0.9512,0.0334,0.7462,0.2646,0.4509,0.0251,0.176,0.4049,-0.1669,C,0.1736,0.322-0.622,0.59,0.39,0.115
3876,301951,-3.72,14,100.0,0.5527,0.2289,0.8329,0.2218,0.4016,1.0854,0.9161,0.453,-0.1921,C,0.1823,0.322-0.622,0.59,0.39,0.115
3877,301991,17.93,40,92.5,0.5201,0.2134,0.5562,0.3616,0.744,0.8417,0.8323,0.3648,-0.2788,C,0.2479,0.322-0.622,0.59,0.39,0.115
3878,302006,-14.73,15,86.7,0.984,0.0588,0.7718,0.1899,0.4483,0.0168,0.2632,0.4783,-0.1212,C,0.2117,0.322-0.622,0.59,0.39,0.115
3879,302033,-21.39,27,88.9,0.6712,0.1758,0.6734,0.3363,0.5652,0.6462,0.6704,0.4696,-0.2803,C,0.1908,0.322-0.622,0.59,0.39,0.115
3880,302049,-55.82,16,0.0,0.0,0.0,0.76,0.3448,0.4881,0.0,0.0,0.4205,-0.344,C,0.2272,0.322-0.622,0.59,0.39,0.115
3881,302063,-3.12,14,100.0,0.4609,0.2449,0.8198,0.2717,0.4505,1.5537,0.8994,0.4793,-0.2455,C,0.2356,0.322-0.622,0.59,0.39,0.115
3882,302078,-7.34,15,100.0,0.6042,0.226,0.7394,0.3209,0.4891,0.8102,0.8788,0.4569,-0.2975,C,0.1822,0.322-0.622,0.59,0.39,0.115
3883,302141,88.44,63,95.2,0.3447,0.2282,0.5458,0.4049,0.8141,2.1281,0.908,0.4122,-0.3745,C,0.1759,0.322-0.622,0.59,0.39,0.115
3884,302155,-15.92,14,100.0,0.7802,0.1544,0.9005,0.113,0.3544,0.6623,0.6825,0.4233,-0.0779,C,0.1772,0.322-0.622,0.59,0.39,0.115
3885,302175,-17.56,20,85.0,0.8478,0.1263,0.6783,0.3023,0.5505,0.1246,0.5089,0.4105,-0.2246,C,0.2366,0.322-0.622,0.59,0.39,0.115
3886,302189,-14.41,14,85.7,0.5888,0.2052,0.9204,0.1021,0.2901,0.8906,0.7424,0.4583,-0.0646,C,0.2118,0.322-0.622,0.59,0.39,0.115
3887,302327,55.2,138,97.1,0.3794,0.1676,0.502,0.5013,0.8812,1.7791,0.6753,0.4367,-0.5081,C,0.2333,0.322-0.622,0.591,0.391,0.115
3888,302341,-10.19,14,50.0,1.0643,0.0435,0.9244,0.0956,0.3177,0.0025,0.1187,0.44,-0.028,C,0.2284,0.322-0.622,0.591,0.391,0.115
3889,302356,-24.92,15,26.7,0.924,0.0125,0.8282,0.1933,0.3882,0.0065,0.0377,0.4784,-0.1267,C,0.2137,0.322-0.622,0.591,0.391,0.115
3890,302371,-9.06,15,86.7,0.7627,0.1493,0.8865,0.1482,0.3465,0.2179,0.5667,0.4163,-0.1015,C,0.1996,0.322-0.622,0.591,0.391,0.115
3891,302385,-13.77,14,100.0,0.8921,0.1124,0.8265,0.149,0.4316,0.0563,0.5246,0.3888,-0.047,C,0.1715,0.322-0.622,0.591,0.391,0.115
3892,302770,573.01,385,99.5,0.364,0.2385,0.3655,0.4816,0.9608,2.1269,0.8813,0.3577,-0.4348,C,0.2187,0.322-0.622,0.592,0.392,0.115
3893,302784,-12.77,14,92.9,0.618,0.203,0.8054,0.1697,0.403,0.5148,0.8106,0.4495,-0.0776,C,0.2136,0.322-0.622,0.592,0.392,0.115
3894,302798,-5.5,14,92.9,0.4835,0.2366,0.809,0.2725,0.4068,1.3887,0.7993,0.4001,-0.2101,C,0.2161,0.322-0.622,0.592,0.392,0.115
3895,302813,-8.83,15,93.3,0.8175,0.1222,0.7736,0.2175,0.4259,0.1416,0.5283,0.3942,-0.1275,C,0.2054,0.322-0.622,0.592,0.392,0.115
3896,302828,-17.19,15,100.0,0.8694,0.1331,0.8515,0.1957,0.3735,0.4047,0.5895,0.4137,-0.1531,C,0.2201,0.322-0.622,0.592,0.392,0.115
3897,302841,-11.36,13,100.0,0.8699,0.1209,0.8684,0.1459,0.4411,0.0791,0.5677,0.3945,-0.079,C,0.1663,0.322-0.622,0.592,0.392,0.115
3898,302855,-4.46,14,100.0,0.7688,0.1683,0.7741,0.263,0.4448,0.3468,0.7529,0.4234,-0.1832,C,0.1713,0.322-0.622,0.592,0.392,0.115
3899,302888,-5.29,33,97.0,0.586,0.2284,0.6085,0.3288,0.6845,0.6864,0.8151,0.417,-0.2478,C,0.1923,0.322-0.622,0.592,0.392,0.115
3900,302904,-22.63,16,68.8,0.8676,0.1045,0.8537,0.1611,0.3764,0.0318,0.3412,0.4314,-0.0934,C,0.2323,0.322-0.622,0.592,0.392,0.115
3901,302924,-15.5,20,85.0,0.7673,0.1645,0.7276,0.2744,0.5916,0.1171,0.6553,0.4623,-0.2285,C,0.2102,0.322-0.622,0.592,0.392,0.115
3902,302938,-5.47,14,100.0,0.6741,0.1719,0.8114,0.1885,0.4547,0.3688,0.7718,0.3504,-0.1137,C,0.2417,0.322-0.622,0.592,0.392,0.115
3903,302953,-20.66,15,93.3,0.7952,0.1311,0.8684,0.1745,0.3283,0.2036,0.5505,0.4586,-0.1214,C,0.2086,0.322-0.622,0.592,0.392,0.115
3904,302966,-17.33,13,100.0,0.8031,0.1421,0.8176,0.2227,0.4381,0.2482,0.6495,0.4661,-0.1612,C,0.2452,0.322-0.622,0.592,0.392,0.115
3905,302980,-11.42,14,100.0,0.5827,0.2169,0.7905,0.2926,0.4437,0.8658,0.896,0.4445,-0.2748,C,0.2293,0.322-0.622,0.592,0.392,0.115
3906,302993,-15.56,13,69.2,0.9843,0.0546,0.8972,0.1622,0.3671,0.0101,0.1893,0.3262,-0.1145,C,0.2309,0.322-0.622,0.592,0.392,0.115
3907,303007,-10.54,14,92.9,0.7176,0.1786,0.8591,0.1319,0.3608,0.3474,0.7201,0.4661,-0.0774,C,0.2197,0.322-0.622,0.592,0.392,0.115
3908,303020,-15.61,13,84.6,0.7927,0.13,0.8801,0.1332,0.4055,0.1258,0.5177,0.442,-0.0725,C,0.2042,0.322-0.622,0.592,0.392,0.115
3909,303036,-25.83,16,56.2,0.8952,0.032,0.7926,0.206,0.445,0.0205,0.1086,0.4702,-0.1518,C,0.2436,0.322-0.622,0.592,0.392,0.115
3910,303050,-23.77,14,78.6,0.6902,0.1717,0.8644,0.183,0.3816,0.2507,0.6231,0.4322,-0.1135,C,0.1767,0.322-0.622,0.592,0.392,0.115
3911,303063,-4.23,13,100.0,0.6176,0.2123,0.8795,0.1617,0.3854,0.7597,0.8661,0.3826,-0.1205,C,0.2496,0.322-0.622,0.592,0.392,0.115
3912,303079,-29.29,16,43.8,0.9652,0.0668,0.8071,0.2456,0.4294,0.0066,0.1408,0.3505,-0.2009,C,0.1938,0.322-0.622,0.592,0.392,0.115
3913,303093,-25.5,14,35.7,0.9174,0.0168,0.8634,0.1466,0.3809,0.0096,0.0543,0.4223,-0.0836,C,0.2212,0.322-0.622,0.592,0.392,0.115
3914,303106,-9.41,13,92.3,0.5743,0.2133,0.8684,0.1485,0.4148,0.7638,0.8107,0.4321,-0.1068,C,0.223,0.322-0.622,0.592,0.392,0.115
3915,303119,8.39,13,100.0,0.4868,0.2358,0.8729,0.1174,0.4043,1.5074,0.9001,0.4434,-0.0461,C,0.2468,0.322-0.622,0.592,0.392,0.115
3916,303344,-85.69,225,98.7,0.5344,0.1063,0.4406,0.5218,0.9306,1.0716,0.487,0.3733,-0.5143,C,0.1776,0.322-0.622,0.593,0.393,0.115
3917,303357,-34.32,13,23.1,1.3511,0.0052,0.8612,0.1911,0.3781,0.0,0.0288,0.3837,-0.2145,C,0.1658,0.322-0.622,0.593,0.393,0.115
3918,303372,-34.23,15,0.0,0.0,0.0,0.9125,0.1105,0.2569,0.0,0.0,0.3379,-0.0338,C,0.2191,0.322-0.622,0.593,0.393,0.115
3919,303386,-4.03,14,85.7,0.555,0.2261,0.8452,0.187,0.4001,0.8041,0.7591,0.3831,-0.1325,C,0.1987,0.322-0.622,0.593,0.393,0.115
3920,303400,-13.8,14,57.1,0.9199,0.0297,0.8528,0.154,0.4027,0.0178,0.1063,0.4079,-0.0995,C,0.207,0.322-0.622,0.593,0.393,0.115
3921,303415,-17.56,15,100.0,0.6423,0.2018,0.7564,0.3224,0.4534,0.635,0.837,0.4106,-0.2599,C,0.1835,0.322-0.622,0.593,0.393,0.116
3922,303428,-20.14,13,92.3,0.9144,0.0662,0.8486,0.1557,0.4169,0.0409,0.2962,0.4161,-0.0948,C,0.2048,0.322-0.622,0.593,0.393,0.116
3923,303441,-13.26,13,100.0,0.7579,0.1281,0.8875,0.1773,0.3935,0.2084,0.5866,0.4295,-0.1787,C,0.2332,0.322-0.622,0.593,0.393,0.116
3924,303457,-17.84,16,87.5,0.6532,0.2104,0.7615,0.265,0.3971,0.7205,0.7428,0.4882,-0.1988,C,0.2012,0.322-0.622,0.593,0.393,0.116
3925,303472,-11.53,15,60.0,0.8063,0.12,0.9027,0.0944,0.3085,0.0787,0.3355,0.4307,-0.0386,C,0.1675,0.322-0.622,0.593,0.393,0.116
3926,303533,-34.66,61,88.5,0.5873,0.1739,0.4927,0.4242,0.7564,0.5595,0.5923,0.3743,-0.3807,C,0.2113,0.322-0.622,0.593,0.393,0.116
3927,303556,-24.12,23,91.3,0.7133,0.1502,0.6512,0.3424,0.6211,0.2994,0.6383,0.4454,-0.2952,C,0.2174,0.322-0.622,0.593,0.393,0.116
3928,303570,-16.76,14,100.0,0.7285,0.1763,0.7486,0.2831,0.4241,0.4138,0.7875,0.4657,-0.2263,C,0.2471,0.322-0.622,0.593,0.393,0.116
3929,303584,-5.86,14,92.9,0.5942,0.2059,0.8626,0.1936,0.391,0.8404,0.79,0.3816,-0.1463,C,0.1844,0.322-0.622,0.593,0.393,0.116
3930,303598,-6.95,14,85.7,0.669,0.1849,0.8597,0.1454,0.3334,0.4086,0.6934,0.3869,-0.1108,C,0.2,0.322-0.622,0.593,0.393,0.116
3931,303612,-23.45,14,64.3,0.9931,0.0381,0.7642,0.2002,0.4055,0.0113,0.1406,0.4747,-0.1073,C,0.2329,0.322-0.622,0.593,0.393,0.116
3932,303626,-22.71,14,35.7,1.1585,0.0281,0.9014,0.0639,0.3298,0.0005,0.0655,0.4044,-0.0115,C,0.1968,0.322-0.622,0.593,0.393,0.116
3933,303644,-22.5,18,77.8,0.7266,0.153,0.7417,0.2456,0.4889,0.1623,0.5439,0.3735,-0.1456,C,0.2162,0.322-0.622,0.594,0.394,0.116
3934,303664,-39.29,20,0.0,0.0,0.0,0.7143,0.2178,0.4971,0.0,0.0,0.3274,-0.1385,C,0.2433,0.322-0.622,0.594,0.394,0.116
3935,303679,-10.61,15,73.3,0.817,0.0975,0.8244,0.1657,0.4237,0.0888,0.334,0.4517,-0.0825,C,0.2451,0.322-0.622,0.594,0.394,0.116
3936,303692,-20.9,13,84.6,0.7071,0.1649,0.8586,0.1505,0.3858,0.2396,0.6416,0.3775,-0.0703,C,0.2251,0.322-0.622,0.594,0.394,0.116
3937,303705,-3.23,13,100.0,0.5838,0.2139,0.812,0.1433,0.4174,1.0039,0.8733,0.4255,-0.0661,C,0.1669,0.322-0.622,0.594,0.394,0.116
3938,303718,-0.03,13,100.0,0.6915,0.1783,0.8813,0.1259,0.4428,0.4105,0.8,0.3742,-0.0424,C,0.2081,0.322-0.622,0.594,0.394,0.116
3939,303732,-25.95,14,100.0,0.6879,0.1749,0.8268,0.248,0.3667,0.6287,0.7777,0.4761,-0.2528,C,0.23,0.322-0.622,0.594,0.394,0.116
3940,303746,-10.74,14,100.0,0.709,0.1793,0.8296,0.1553,0.4862,0.4901,0.7443,0.4092,-0.0626,C,0.2097,0.322-0.622,0.594,0.394,0.116
3941,303949,112.58,203,99.0,0.4534,0.2257,0.4371,0.5049,0.9286,1.4435,0.8604,0.4325,-0.479,C,0.2342,0.322-0.622,0.594,0.394,0.116
3942,303962,-18.38,13,100.0,0.6258,0.1844,0.8226,0.1986,0.4237,0.9503,0.8068,0.4144,-0.1484,C,0.2007,0.322-0.622,0.594,0.394,0.116
3943,304217,279.23,255,99.2,0.3873,0.2266,0.4206,0.491,0.9376,1.8562,0.8461,0.4007,-0.4506,C,0.2412,0.322-0.622,0.595,0.395,0.116
3944,304230,-5.28,13,100.0,0.4924,0.2281,0.8319,0.1638,0.3978,1.5042,0.8812,0.4306,-0.0772,C,0.1824,0.322-0.622,0.595,0.395,0.116
3945,304243,-5.39,13,92.3,0.8592,0.113,0.8545,0.1444,0.4382,0.0675,0.4863,0.3894,-0.0724,C,0.171,0.322-0.622,0.595,0.395,0.116
3946,304257,-12.84,14,92.9,0.7369,0.1581,0.8674,0.169,0.4271,0.2397,0.6905,0.4681,-0.1307,C,0.2312,0.322-0.622,0.595,0.395,0.116
3947,304271,-23.15,14,92.9,0.855,0.1113,0.8408,0.2195,0.3646,0.1116,0.4838,0.3973,-0.2232,C,0.2493,0.322-0.622,0.595,0.395,0.116
3948,304284,-12.7,13,100.0,0.9621,0.0762,0.8427,0.1342,0.4153,0.0341,0.3751,0.4648,-0.0598,C,0.1972,0.322-0.622,0.595,0.395,0.116
3949,304299,-12.59,15,100.0,0.7646,0.1549,0.7926,0.1753,0.363,0.5556,0.6936,0.4116,-0.0819,C,0.2125,0.322-0.622,0.595,0.395,0.116
3950,304314,-0.91,15,86.7,0.7182,0.1744,0.8476,0.1506,0.3472,0.33,0.6437,0.4714,-0.0602,C,0.1741,0.322-0.622,0.595,0.395,0.116
3951,304437,108.26,123,95.1,0.3908,0.2217,0.4602,0.4657,0.88,1.5988,0.8536,0.3486,-0.3966,C,0.1682,0.322-0.622,0.595,0.395,0.116
3952,304450,-11.23,13,100.0,0.5285,0.2341,0.8089,0.1749,0.4149,1.083,0.9399,0.4639,-0.0838,C,0.2141,0.322-0.622,0.595,0.395,0.116
3953,304469,-16.37,19,73.7,0.7373,0.2083,0.7961,0.2165,0.5278,0.1321,0.6515,0.3568,-0.1457,C,0.2384,0.322-0.622,0.595,0.395,0.116
3954,304483,-30.19,14,0.0,0.0,0.0,0.9308,0.0599,0.2946,0.0,0.0,0.3789,-0.0082,C,0.1778,0.322-0.622,0.595,0.395,0.116
3955,304496,-21.03,13,100.0,0.7783,0.1371,0.8314,0.2087,0.3847,0.1759,0.6461,0.4066,-0.134,C,0.2034,0.322-0.622,0.595,0.395,0.116
3956,304774,176.71,278,99.3,0.3965,0.1996,0.4167,0.5304,0.9492,1.6884,0.8373,0.4189,-0.5145,C,0.2423,0.322-0.622,0.596,0.396,0.116
3957,304884,-131.74,110,100.0,0.7577,0.1672,0.5763,0.4769,0.8572,0.2772,0.7229,0.3124,-0.5206,C,0.2308,0.322-0.622,0.596,0.396,0.116
3958,304897,-14.65,13,100.0,0.6499,0.2043,0.8693,0.151,0.4227,0.5214,0.8705,0.4524,-0.0719,C,0.2476,0.322-0.622,0.596,0.396,0.116
3959,304912,-19.93,15,66.7,0.7836,0.1477,0.8258,0.1903,0.3859,0.1994,0.4458,0.479,-0.1524,C,0.1924,0.322-0.622,0.596,0.396,0.116
3960,304926,7.2,14,78.6,0.4756,0.2204,0.8653,0.1367,0.3124,1.3733,0.6582,0.4749,-0.0556,C,0.2179,0.322-0.622,0.596,0.396,0.116
3961,304939,-22.3,13,84.6,0.818,0.1255,0.8643,0.1808,0.3908,0.0828,0.5024,0.4288,-0.1176,C,0.228,0.322-0.622,0.596,0.396,0.116
3962,304952,-1.41,13,100.0,0.6074,0.203,0.8364,0.1786,0.4356,0.8476,0.8562,0.463,-0.1006,C,0.169,0.322-0.622,0.596,0.396,0.116
3963,304966,-20.33,14,100.0,0.7558,0.147,0.8033,0.2048,0.3856,0.2604,0.6649,0.4487,-0.1462,C,0.225,0.322-0.622,0.596,0.396,0.116
3964,304981,-4.61,15,100.0,0.6244,0.215,0.8028,0.1262,0.4376,0.8409,0.8835,0.4062,-0.06,C,0.2136,0.322-0.622,0.596,0.396,0.116
3965,304996,-15.19,15,100.0,0.6521,0.2003,0.7877,0.2177,0.3771,0.746,0.8613,0.3596,-0.1357,C,0.2365,0.322-0.622,0.596,0.396,0.116
3966,305009,-8.72,13,100.0,0.8112,0.16,0.852,0.1144,0.4241,0.2451,0.7077,0.4749,-0.0514,C,0.2356,0.322-0.622,0.596,0.396,0.116
3967,305022,-7.71,13,92.3,0.711,0.1626,0.9085,0.135,0.3713,0.2868,0.6801,0.449,-0.1164,C,0.2405,0.322-0.622,0.596,0.396,0.116
3968,305035,-12.58,13,61.5,1.0195,0.0673,0.925,0.0707,0.3232,0.0052,0.1962,0.4039,-0.0261,C,0.2028,0.322-0.622,0.596,0.396,0.116
3969,305049,-30.64,14,0.0,0.0,0.0,0.9286,0.078,0.295,0.0,0.0,0.4079,-0.0166,C,0.2027,0.322-0.622,0.597,0.397,0.116
3970,305131,61.1,82,100.0,0.5499,0.2359,0.4604,0.3909,0.874,1.0804,0.864,0.3949,-0.314,C,0.1978,0.322-0.622,0.597,0.397,0.116
3971,305145,4.43,14,100.0,0.5816,0.2227,0.7563,0.1372,0.4555,0.9828,0.8824,0.4655,-0.0477,C,0.2223,0.322-0.622,0.597,0.397,0.116
3972,305182,3.16,37,89.2,0.5091,0.2281,0.6293,0.353,0.6851,1.0494,0.7366,0.2702,-0.2965,C,0.1799,0.322-0.622,0.597,0.397,0.116
3973,305195,-47.11,13,0.0,0.0,0.0,0.8357,0.2587,0.3924,0.0,0.0,0.3731,-0.2698,C,0.1678,0.322-0.622,0.597,0.397,0.116
3974,305208,-4.67,13,100.0,0.9997,0.0303,0.8824,0.1175,0.4444,0.0169,0.1914,0.4081,-0.0618,C,0.1781,0.322-0.622,0.597,0.397,0.116
3975,305222,-24.43,14,50.0,1.0508,0.0439,0.9047,0.1032,0.315,0.0029,0.1206,0.414,-0.0251,C,0.2214,0.322-0.622,0.597,0.397,0.116
3976,305236,-11.88,14,100.0,0.6446,0.203,0.8336,0.2366,0.4089,0.6952,0.8513,0.4038,-0.1981,C,0.1955,0.322-0.622,0.597,0.397,0.116
3977,305297,50.82,61,95.1,0.4102,0.2391,0.5833,0.4175,0.82,1.6205,0.9124,0.3947,-0.3724,C,0.1926,0.322-0.622,0.597,0.397,0.116
3978,305311,-23.74,14,85.7,0.7761,0.1444,0.8268,0.2188,0.4166,0.1689,0.5852,0.4702,-0.2393,C,0.2154,0.322-0.622,0.597,0.397,0.116
3979,305326,-5.27,15,86.7,0.7285,0.1544,0.7745,0.1656,0.4418,0.2263,0.6254,0.3918,-0.0916,C,0.2187,0.322-0.622,0.597,0.397,0.116
3980,305340,-13.28,14,100.0,0.6283,0.2032,0.8214,0.1941,0.4224,0.6682,0.8886,0.4516,-0.0976,C,0.2396,0.322-0.622,0.597,0.397,0.116
3981,305370,-2.27,30,83.3,0.5912,0.1883,0.6582,0.3191,0.5491,0.8141,0.6602,0.431,-0.2441,C,0.2036,0.322-0.622,0.597,0.397,0.116
3982,305383,-21.41,13,84.6,0.7282,0.1499,0.9167,0.1051,0.3706,0.1821,0.5875,0.4392,-0.0721,C,0.2477,0.322-0.622,0.597,0.397,0.116
3983,305398,-12.78,15,86.7,0.6888,0.1896,0.8188,0.1402,0.3187,0.3858,0.7154,0.4526,-0.046,C,0.246,0.322-0.622,0.597,0.397,0.116
3984,305414,-6.07,16,68.8,0.8364,0.146,0.8247,0.1426,0.3206,0.0475,0.4735,0.4227,-0.0493,C,0.17,0.322-0.622,0.597,0.397,0.116
3985,305428,-15.82,14,100.0,0.6969,0.1864,0.8477,0.1892,0.4403,0.3344,0.8455,0.4351,-0.1121,C,0.1715,0.322-0.622,0.597,0.397,0.116
3986,305441,-6.44,13,100.0,0.8475,0.1324,0.8584,0.1846,0.4356,0.1633,0.6317,0.4053,-0.1261,C,0.1941,0.322-0.622,0.597,0.397,0.116
3987,305455,-5.13,14,100.0,0.7582,0.1439,0.8413,0.1687,0.3615,0.3792,0.6442,0.41,-0.084,C,0.2313,0.322-0.622,0.597,0.397,0.116
3988,305468,-4.17,13,100.0,0.8819,0.1073,0.9049,0.0821,0.3732,0.0787,0.5097,0.4488,-0.0312,C,0.2288,0.322-0.622,0.597,0.397,0.116
3989,305482,-18.78,14,100.0,0.5933,0.1994,0.8019,0.2569,0.4138,1.0025,0.8536,0.4443,-0.2001,C,0.2158,0.322-0.622,0.597,0.397,0.116
3990,305497,-23.6,15,100.0,0.936,0.1034,0.7834,0.3064,0.4614,0.0404,0.488,0.3877,-0.2521,C,0.211,0.322-0.622,0.597,0.397,0.116
3991,305511,-16.3,14,100.0,0.7393,0.1557,0.8063,0.248,0.4151,0.5247,0.6852,0.4677,-0.1718,C,0.1692,0.322-0.622,0.598,0.398,0.116
3992,305525,-0.9,14,92.9,0.716,0.171,0.925,0.0743,0.3087,0.6796,0.7026,0.3318,-0.0132,C,0.2097,0.322-0.622,0.598,0.398,0.116
3993,305540,-2.94,15,100.0,0.5792,0.2104,0.7542,0.2317,0.4256,1.0089,0.8974,0.447,-0.1447,C,0.2002,0.322-0.622,0.598,0.398,0.116
3994,305556,-11.4,16,100.0,0.7871,0.1423,0.7776,0.2561,0.4189,0.2554,0.6411,0.4102,-0.1929,C,0.1957,0.322-0.622,0.598,0.398,0.116
3995,305571,9.03,15,93.3,0.4467,0.2274,0.7691,0.218,0.4096,1.6882,0.8033,0.4606,-0.126,C,0.2387,0.322-0.622,0.598,0.398,0.116
3996,305585,-3.45,14,100.0,0.6506,0.2174,0.8343,0.1255,0.432,0.5069,0.8958,0.4328,-0.0365,C,0.2163,0.322-0.622,0.598,0.398,0.116
3997,305599,-9.85,14,92.9,0.6264,0.188,0.8502,0.1091,0.314,0.8591,0.7645,0.3724,-0.0379,C,0.2064,0.322-0.622,0.598,0.398,0.116
3998,305612,-11.85,13,100.0,0.7675,0.1336,0.843,0.1386,0.415,0.1727,0.6274,0.349,-0.0782,C,0.2283,0.322-0.622,0.598,0.398,0.116
3999,305628,-10.9,16,87.5,0.7607,0.1297,0.7993,0.2145,0.4711,0.1304,0.5241,0.3504,-0.1536,C,0.216,0.322-0.622,0.598,0.398,0.116
4000,305641,-5.55,13,92.3,0.8493,0.1181,0.8915,0.1327,0.4248,0.1056,0.5134,0.3832,-0.0833,C,0.1961,0.322-0.622,0.598,0.398,0.116
4001,305655,-16.05,14,100.0,0.8431,0.1182,0.8487,0.1766,0.3843,0.1201,0.5615,0.4479,-0.1452,C,0.2497,0.322-0.622,0.598,0.398,0.116
4002,305669,-15.62,14,100.0,0.8958,0.0959,0.7829,0.2298,0.4307,0.0877,0.4512,0.4247,-0.1809,C,0.2262,0.322-0.622,0.598,0.398,0.116
4003,305684,-1.7,15,86.7,0.7254,0.1703,0.8793,0.1122,0.2895,0.3548,0.6598,0.4147,-0.032,C,0.2051,0.322-0.622,0.598,0.398,0.116
4004,305697,-13.26,13,100.0,0.5585,0.221,0.8808,0.1512,0.4067,1.0358,0.91,0.4233,-0.0729,C,0.2117,0.322-0.622,0.598,0.398,0.116
4005,305710,-11.74,13,100.0,0.8862,0.1085,0.8441,0.177,0.4063,0.1716,0.5193,0.43,-0.134,C,0.1665,0.322-0.622,0.598,0.398,0.116
4006,305724,-15.18,14,100.0,0.6971,0.1685,0.7961,0.1826,0.4036,0.8076,0.7437,0.4734,-0.137,C,0.2263,0.322-0.622,0.598,0.398,0.116
4007,305737,-24.12,13,92.3,0.8389,0.1175,0.8587,0.1645,0.4116,0.1356,0.5134,0.4271,-0.1121,C,0.1702,0.322-0.622,0.598,0.398,0.116
4008,305793,12.55,56,98.2,0.5854,0.2143,0.5073,0.386,0.8022,0.7749,0.8773,0.3859,-0.3174,C,0.1942,0.322-0.622,0.598,0.398,0.116
4009,305808,-7.54,15,100.0,0.8361,0.1322,0.7262,0.2335,0.4257,0.1294,0.6152,0.4052,-0.1271,C,0.246,0.322-0.622,0.598,0.398,0.116
4010,305822,-9.52,14,100.0,0.5473,0.2305,0.806,0.1939,0.4017,1.0629,0.9083,0.3612,-0.1027,C,0.1886,0.322-0.622,0.598,0.398,0.116
4011,305835,-4.65,13,100.0,0.7402,0.1463,0.8532,0.1343,0.4266,0.218,0.6795,0.4091,-0.0921,C,0.1962,0.322-0.622,0.598,0.398,0.116
4012,305902,10.32,67,95.5,0.5425,0.1824,0.5237,0.4048,0.8343,0.7718,0.7654,0.3346,-0.346,C,0.2438,0.322-0.622,0.598,0.398,0.116
4013,305916,-17.25,14,85.7,0.9138,0.0894,0.8297,0.2376,0.3938,0.0361,0.3638,0.4187,-0.168,C,0.2106,0.322-0.622,0.598,0.398,0.116
4014,305930,-13.3,14,100.0,0.6527,0.1845,0.8103,0.1905,0.3493,0.7972,0.8068,0.4279,-0.1108,C,0.229,0.322-0.622,0.598,0.398,0.116
4015,305943,-21.95,13,100.0,0.7598,0.1363,0.8753,0.1588,0.3946,0.2077,0.6247,0.4063,-0.1286,C,0.206,0.322-0.622,0.598,0.398,0.116
4016,306289,-197.99,346,99.7,0.4004,0.2119,0.4474,0.6383,0.96,1.6178,0.7813,0.3957,-0.7367,C,0.2444,0.322-0.622,0.599,0.399,0.117
4017,306302,-8.63,13,100.0,0.539,0.2047,0.8368,0.2112,0.4646,1.1433,0.8719,0.3979,-0.221,C,0.1717,0.322-0.622,0.599,0.399,0.117
4018,306316,-14.1,14,92.9,0.8107,0.123,0.9292,0.0684,0.3157,0.2546,0.5247,0.4686,-0.0136,C,0.2128,0.322-0.622,0.599,0.399,0.117
4019,306329,-27.64,13,84.6,0.8962,0.067,0.8834,0.213,0.4162,0.0389,0.2711,0.4308,-0.1869,C,0.2465,0.322-0.622,0.599,0.399,0.117
4020,306344,-13.68,15,100.0,0.7957,0.1723,0.7752,0.2669,0.4831,0.1811,0.7806,0.4221,-0.2131,C,0.2235,0.322-0.622,0.599,0.399,0.117
4021,306357,-4.96,13,100.0,0.6743,0.1786,0.8088,0.1631,0.4187,0.592,0.799,0.3862,-0.0925,C,0.174,0.322-0.622,0.599,0.399,0.117
4022,306423,9.38,66,100.0,0.5432,0.2165,0.4869,0.4066,0.8611,0.7819,0.9066,0.2705,-0.3228,C,0.182,0.322-0.622,0.599,0.399,0.117
4023,306440,-13.58,17,88.2,0.7591,0.1433,0.8106,0.1959,0.3935,0.396,0.5562,0.4246,-0.1158,C,0.2252,0.322-0.622,0.6,0.4,0.117
4024,306454,-17.05,14,100.0,0.7698,0.1573,0.85,0.2014,0.4299,0.2856,0.7136,0.3727,-0.0934,C,0.2387,0.322-0.622,0.6,0.4,0.117
4025,306477,-1.85,23,95.7,0.6799,0.1911,0.6304,0.2575,0.5874,0.5892,0.8101,0.4333,-0.1672,C,0.1904,0.322-0.622,0.6,0.4,0.117
4026,306492,-13.4,15,100.0,0.6389,0.179,0.7656,0.2528,0.4187,0.9193,0.7873,0.4647,-0.1819,C,0.215,0.322-0.622,0.6,0.4,0.117
4027,306512,-17.79,20,85.0,0.772,0.1169,0.7539,0.2553,0.5457,0.1347,0.4648,0.3924,-0.1725,C,0.1865,0.322-0.622,0.6,0.4,0.117
4028,306526,-33.53,14,0.0,0.0,0.0,0.9093,0.0999,0.287,0.0,0.0,0.3697,-0.04,C,0.2008,0.322-0.622,0.6,0.4,0.117
4029,306546,-2.51,20,95.0,0.5791,0.2146,0.6249,0.2938,0.5209,0.9854,0.822,0.4624,-0.1996,C,0.2468,0.322-0.622,0.6,0.4,0.117
4030,306560,-13.13,14,100.0,0.8253,0.1251,0.8304,0.1944,0.4229,0.1095,0.5872,0.4637,-0.1401,C,0.1977,0.322-0.622,0.6,0.4,0.117
4031,306598,-21.78,38,100.0,0.5599,0.2352,0.5629,0.4316,0.7405,0.7789,0.7978,0.3569,-0.4233,C,0.2418,0.322-0.622,0.6,0.4,0.117
4032,306622,-11.3,24,100.0,0.5954,0.2365,0.6413,0.4052,0.6459,0.7374,0.8856,0.4696,-0.4027,C,0.1716,0.322-0.622,0.6,0.4,0.117
4033,306636,2.32,14,100.0,0.6488,0.2113,0.839,0.1468,0.4274,0.5053,0.8962,0.4378,-0.0683,C,0.1987,0.322-0.622,0.6,0.4,0.117
4034,306651,-11.31,15,80.0,0.6864,0.1657,0.8872,0.1249,0.3333,0.3439,0.5757,0.4753,-0.0581,C,0.222,0.322-0.622,0.6,0.4,0.117
4035,306665,-13.67,14,85.7,0.7945,0.1158,0.802,0.1909,0.4087,0.1206,0.4655,0.3733,-0.1042,C,0.2429,0.322-0.622,0.6,0.4,0.117
4036,306679,-9.41,14,85.7,0.8104,0.1286,0.9264,0.1087,0.3136,0.2777,0.4971,0.3714,-0.0949,C,0.2085,0.322-0.622,0.6,0.4,0.117
4037,306692,-15.86,13,100.0,0.7181,0.1686,0.892,0.1169,0.3806,0.3378,0.7597,0.4234,-0.0594,C,0.2162,0.322-0.622,0.6,0.4,0.117
4038,306782,35.68,90,97.8,0.4507,0.1834,0.4578,0.4628,0.8846,1.4485,0.8226,0.4003,-0.4405,C,0.1915,0.322-0.622,0.6,0.4,0.117
4039,306796,-17.98,14,85.7,0.7763,0.1388,0.8291,0.1444,0.3871,0.1326,0.5612,0.4532,-0.0628,C,0.242,0.322-0.622,0.6,0.4,0.117
4040,306865,106.86,69,97.1,0.4131,0.2345,0.5526,0.3706,0.8468,1.6567,0.9077,0.3825,-0.2765,C,0.2331,0.322-0.622,0.6,0.4,0.117
4041,306878,-9.49,13,100.0,0.7449,0.1746,0.8653,0.1801,0.4087,0.219,0.8068,0.3124,-0.1245,C,0.1996,0.322-0.622,0.6,0.4,0.117
4042,307321,777.42,443,100.0,0.3144,0.2026,0.3679,0.4881,0.9621,2.3512,0.8787,0.3907,-0.44,C,0.2474,0.322-0.622,0.601,0.401,0.117
4043,307334,-27.21,13,0.0,0.0,0.0,0.8283,0.186,0.3791,0.0,0.0,0.427,-0.1177,C,0.2457,0.322-0.622,0.601,0.401,0.117
4044,307348,-6.02,14,92.9,0.8115,0.1539,0.8563,0.1559,0.4102,0.1343,0.653,0.4598,-0.0888,C,0.22,0.322-0.622,0.601,0.401,0.117
4045,307361,0.02,13,100.0,0.8752,0.1216,0.8768,0.0974,0.4273,0.0637,0.5672,0.4358,-0.0317,C,0.2356,0.322-0.622,0.601,0.401,0.117
4046,307378,-16.09,17,94.1,0.7992,0.1305,0.7853,0.2703,0.4378,0.2868,0.543,0.3768,-0.1926,C,0.2356,0.322-0.622,0.602,0.402,0.117
4047,307787,-0.45,409,99.5,0.3637,0.1557,0.4323,0.584,0.9537,2.0549,0.7019,0.3406,-0.6244,C,0.2065,0.322-0.622,0.602,0.402,0.117
4048,307801,-9.67,14,100.0,0.6197,0.1928,0.8259,0.1425,0.3722,0.8378,0.852,0.4685,-0.0843,C,0.2286,0.322-0.622,0.602,0.402,0.117
4049,307815,-9.58,14,100.0,0.6867,0.1708,0.8386,0.2161,0.4015,0.605,0.7311,0.3799,-0.1766,C,0.1729,0.322-0.622,0.602,0.402,0.117
4050,307830,-3.45,15,93.3,0.7271,0.1714,0.867,0.1653,0.3255,0.6969,0.6963,0.4715,-0.0893,C,0.2046,0.322-0.622,0.602,0.402,0.117
4051,307844,-10.26,14,100.0,0.8359,0.1304,0.7923,0.2175,0.42,0.1505,0.6096,0.4173,-0.125,C,0.2493,0.322-0.622,0.603,0.403,0.117
4052,308050,54.72,206,100.0,0.4861,0.1738,0.3731,0.4984,0.9523,1.1684,0.6834,0.378,-0.4439,C,0.1948,0.322-0.622,0.603,0.403,0.117
4053,308066,-17.61,16,81.2,0.7737,0.1378,0.8315,0.1776,0.3337,0.1469,0.4923,0.4378,-0.0969,C,0.1803,0.322-0.622,0.603,0.403,0.117
4054,308081,-19.75,15,0.0,0.0,0.0,0.907,0.1127,0.2727,0.0,0.0,0.374,-0.0318,C,0.2281,0.322-0.622,0.603,0.403,0.117
4055,308096,-18.83,15,86.7,0.8347,0.0983,0.7881,0.2692,0.4353,0.0901,0.404,0.4112,-0.2058,C,0.2065,0.322-0.622,0.603,0.403,0.117
4056,308112,-1.12,16,87.5,0.6952,0.1594,0.8139,0.1505,0.3881,0.4622,0.5937,0.4694,-0.0585,C,0.1706,0.322-0.622,0.603,0.403,0.117
4057,308125,-15.37,13,100.0,0.5872,0.211,0.8533,0.1697,0.4139,0.9692,0.8971,0.4655,-0.1006,C,0.1761,0.322-0.622,0.603,0.403,0.117
4058,308138,-3.0,13,100.0,0.6465,0.1971,0.8627,0.153,0.4064,0.6565,0.8547,0.4223,-0.1019,C,0.2241,0.322-0.622,0.603,0.403,0.117
4059,308154,-12.56,16,100.0,0.5732,0.2296,0.7613,0.2606,0.4298,1.1344,0.8684,0.4542,-0.1865,C,0.2365,0.322-0.622,0.603,0.403,0.117
4060,308168,-0.68,14,100.0,0.7087,0.1733,0.8588,0.1166,0.3503,0.6947,0.7781,0.3869,-0.0312,C,0.2259,0.322-0.622,0.603,0.403,0.117
4061,308184,-4.97,16,87.5,0.7465,0.1616,0.8448,0.1695,0.3447,0.5871,0.6285,0.45,-0.1021,C,0.1765,0.322-0.622,0.603,0.403,0.117
4062,308199,-13.8,15,100.0,0.6534,0.2001,0.807,0.2074,0.4382,0.5536,0.8439,0.4148,-0.1132,C,0.2348,0.322-0.622,0.603,0.403,0.117
4063,308213,-17.71,14,78.6,0.7531,0.1421,0.9531,0.0543,0.2928,0.136,0.5082,0.3329,-0.0152,C,0.1754,0.322-0.622,0.603,0.403,0.117
4064,308226,-14.29,13,100.0,0.776,0.1683,0.8612,0.1528,0.3966,0.1856,0.7752,0.4287,-0.1184,C,0.2302,0.322-0.622,0.603,0.403,0.117
4065,308564,-221.23,338,100.0,0.4018,0.1655,0.4275,0.6393,0.9655,1.5896,0.7162,0.3813,-0.7289,C,0.226,0.322-0.622,0.604,0.404,0.117
4066,308615,19.43,51,96.1,0.3938,0.2425,0.5254,0.4881,0.8324,1.7244,0.9201,0.4428,-0.4809,C,0.1851,0.322-0.622,0.604,0.404,0.117
4067,308629,-24.47,14,50.0,0.9234,0.0215,0.8113,0.1665,0.4129,0.0122,0.0819,0.3858,-0.1032,C,0.1779,0.322-0.622,0.604,0.404,0.117
4068,308644,-1.48,15,86.7,0.6953,0.1858,0.8709,0.1321,0.3341,0.436,0.7038,0.3896,-0.0461,C,0.1753,0.322-0.622,0.604,0.404,0.117
4069,308659,-18.15,15,100.0,0.7707,0.1265,0.7669,0.2103,0.4383,0.2369,0.5759,0.4411,-0.1352,C,0.2026,0.322-0.622,0.604,0.404,0.117
4070,309056,-36.47,397,96.0,0.4535,0.1239,0.4166,0.5376,0.9575,1.3585,0.5598,0.3904,-0.539,C,0.2376,0.322-0.622,0.605,0.405,0.118
4071,309206,82.9,150,96.0,0.3685,0.1147,0.5531,0.4685,0.9128,1.8202,0.4892,0.4029,-0.453,C,0.2189,0.322-0.622,0.605,0.405,0.118
4072,309220,-2.26,14,92.9,0.7569,0.1427,0.9157,0.1035,0.3312,0.3075,0.5902,0.4013,-0.0336,C,0.2246,0.322-0.622,0.605,0.405,0.118
4073,309233,-12.42,13,100.0,0.7407,0.1793,0.8928,0.1489,0.4302,0.4453,0.7705,0.3901,-0.091,C,0.2164,0.322-0.622,0.605,0.405,0.118
4074,309247,-9.37,14,85.7,0.8699,0.0785,0.8392,0.1766,0.4248,0.052,0.3179,0.4279,-0.106,C,0.1754,0.322-0.622,0.606,0.406,0.118
4075,309261,-27.1,14,92.9,0.7531,0.1641,0.8565,0.2518,0.3929,0.2496,0.7015,0.4079,-0.2863,C,0.205,0.322-0.622,0.606,0.406,0.118
4076,309274,-11.89,13,100.0,0.6297,0.181,0.8018,0.191,0.4712,0.7781,0.7686,0.4051,-0.1024,C,0.2147,0.322-0.622,0.606,0.406,0.118
4077,309289,-21.41,15,53.3,0.8798,0.0767,0.8681,0.1618,0.3577,0.0345,0.1935,0.3596,-0.1033,C,0.1917,0.322-0.622,0.606,0.406,0.118
4078,309303,-10.4,14,100.0,0.7156,0.2005,0.8202,0.1728,0.4318,0.3211,0.8817,0.3949,-0.082,C,0.2313,0.322-0.622,0.606,0.406,0.118
4079,309317,-12.42,14,100.0,0.6459,0.2051,0.8153,0.2193,0.4193,0.5994,0.8445,0.3806,-0.177,C,0.173,0.322-0.622,0.606,0.406,0.118
4080,309331,-1.82,14,78.6,0.7443,0.1583,0.9451,0.0578,0.304,0.1467,0.5469,0.4646,-0.0121,C,0.2382,0.322-0.622,0.606,0.406,0.118
4081,309345,0.14,14,92.9,0.6894,0.1861,0.8879,0.1009,0.3249,0.7583,0.7545,0.3423,-0.0256,C,0.1956,0.322-0.622,0.606,0.406,0.118
4082,309358,-21.8,13,100.0,0.9258,0.0545,0.8515,0.1575,0.4323,0.0348,0.2866,0.4216,-0.1163,C,0.2435,0.322-0.622,0.606,0.406,0.118
4083,309371,-12.44,13,84.6,0.9434,0.0495,0.8618,0.1801,0.4036,0.0221,0.2219,0.4294,-0.1149,C,0.1772,0.322-0.622,0.606,0.406,0.118
4084,309385,-14.78,14,92.9,0.7199,0.1803,0.8909,0.1371,0.3215,0.5224,0.7139,0.4852,-0.0535,C,0.1954,0.322-0.622,0.606,0.406,0.118
4085,309399,-19.89,14,100.0,0.7655,0.1431,0.8281,0.1716,0.4067,0.2342,0.6413,0.428,-0.0846,C,0.1718,0.322-0.622,0.606,0.406,0.118
4086,309412,-3.8,13,100.0,0.6978,0.1855,0.9095,0.098,0.4047,0.4382,0.8089,0.4065,-0.0567,C,0.1722,0.322-0.622,0.606,0.406,0.118
4087,309426,-11.94,14,85.7,0.9227,0.0558,0.8562,0.1785,0.4081,0.0302,0.2485,0.442,-0.1186,C,0.2251,0.322-0.622,0.606,0.406,0.118
4088,309557,-147.51,131,95.4,0.5856,0.1881,0.4867,0.5596,0.8846,0.7886,0.7198,0.2427,-0.5876,C,0.2455,0.322-0.622,0.606,0.406,0.118
4089,309570,-12.12,13,100.0,0.7282,0.1407,0.8332,0.2035,0.4099,0.7718,0.6336,0.4607,-0.181,C,0.1962,0.322-0.622,0.606,0.406,0.118
4090,309585,-16.09,15,93.3,0.7812,0.1531,0.8814,0.1574,0.3495,0.3337,0.6355,0.3827,-0.0871,C,0.2282,0.322-0.622,0.606,0.406,0.118
4091,309599,-1.51,14,85.7,0.7751,0.1388,0.9475,0.0593,0.2855,0.219,0.5376,0.4428,-0.0095,C,0.2416,0.322-0.622,0.606,0.406,0.118
4092,309625,-8.24,26,96.2,0.6451,0.1737,0.7007,0.2899,0.6068,0.481,0.7082,0.3443,-0.2101,C,0.2306,0.322-0.622,0.606,0.406,0.118
4093,309639,-8.22,14,100.0,0.5445,0.2307,0.8472,0.1763,0.4155,1.1062,0.9496,0.4211,-0.1314,C,0.1971,0.322-0.622,0.606,0.406,0.118
4094,309744,-8.87,105,99.0,0.5476,0.1876,0.4435,0.4874,0.9119,0.8372,0.8556,0.3358,-0.4326,C,0.2328,0.322-0.622,0.607,0.407,0.118
4095,309759,-26.38,15,93.3,0.7568,0.17,0.8266,0.2742,0.3918,0.3429,0.6974,0.4059,-0.2751,C,0.2269,0.322-0.622,0.607,0.407,0.118
4096,309773,-14.15,14,100.0,0.6876,0.1889,0.8009,0.1823,0.4346,0.3813,0.827,0.4523,-0.119,C,0.1763,0.322-0.622,0.607,0.407,0.118
4097,309787,-16.26,14,100.0,0.7259,0.1628,0.7816,0.216,0.4003,0.7857,0.7047,0.4326,-0.1501,C,0.1787,0.322-0.622,0.607,0.407,0.118
4098,309819,-25.06,32,93.8,0.8774,0.0913,0.65,0.3284,0.7552,0.0575,0.3982,0.3083,-0.264,C,0.2062,0.322-0.622,0.607,0.407,0.118
4099,309833,-13.12,14,92.9,0.9667,0.0638,0.8503,0.1966,0.3912,0.0239,0.2848,0.3642,-0.155,C,0.2292,0.322-0.622,0.607,0.407,0.118
4100,309875,-12.05,42,92.9,0.6005,0.1856,0.6048,0.362,0.7121,0.6121,0.7905,0.4275,-0.3005,C,0.2306,0.322-0.622,0.607,0.407,0.118
4101,309889,-9.79,14,78.6,0.8566,0.0961,0.879,0.1457,0.4193,0.0657,0.3523,0.4804,-0.1102,C,0.2494,0.322-0.622,0.607,0.407,0.118
4102,309910,-15.18,21,100.0,0.8136,0.0887,0.7143,0.2806,0.59,0.1277,0.4305,0.4134,-0.1823,C,0.2052,0.322-0.622,0.607,0.407,0.118
4103,310004,-29.42,94,98.9,0.6293,0.1333,0.5276,0.466,0.8715,0.9555,0.6104,0.436,-0.4526,C,0.2043,0.322-0.622,0.607,0.407,0.118
4104,310017,-30.76,13,0.0,0.0,0.0,0.8915,0.1345,0.3997,0.0,0.0,0.3842,-0.0832,C,0.1735,0.322-0.622,0.607,0.407,0.118
4105,310411,26.37,394,99.0,0.5234,0.1807,0.4083,0.5154,0.9597,0.9974,0.7912,0.4212,-0.4916,C,0.2401,0.322-0.622,0.608,0.408,0.118
4106,310425,-19.22,14,92.9,0.6645,0.1978,0.8321,0.183,0.3973,0.4125,0.7902,0.4053,-0.1119,C,0.1838,0.322-0.622,0.608,0.408,0.118
4107,310439,-12.59,14,92.9,0.6416,0.1904,0.8794,0.1307,0.3136,0.8579,0.7724,0.3594,-0.0463,C,0.2202,0.322-0.622,0.608,0.408,0.118
4108,310453,-20.09,14,100.0,0.6972,0.1803,0.8188,0.1963,0.4252,0.5107,0.774,0.4409,-0.1367,C,0.2151,0.322-0.622,0.608,0.408,0.118
4109,310467,-6.22,14,100.0,0.5565,0.231,0.777,0.1684,0.4298,1.0376,0.94,0.3767,-0.0744,C,0.1925,0.322-0.622,0.608,0.408,0.118
4110,310482,-24.19,15,0.0,0.0,0.0,0.8639,0.1595,0.2711,0.0,0.0,0.3616,-0.0875,C,0.2142,0.322-0.622,0.608,0.408,0.118
4111,310495,-14.26,13,100.0,0.7493,0.1773,0.8662,0.1538,0.422,0.3013,0.7835,0.4086,-0.0995,C,0.1795,0.322-0.622,0.608,0.408,0.118
4112,310508,-13.9,13,76.9,0.9491,0.0781,0.8779,0.1761,0.4026,0.018,0.2836,0.4279,-0.131,C,0.212,0.322-0.622,0.608,0.408,0.118
4113,310735,212.35,227,99.1,0.5018,0.1956,0.4634,0.4271,0.9105,1.4036,0.7639,0.3774,-0.3686,C,0.1855,0.322-0.622,0.609,0.409,0.118
4114,310749,-13.47,14,85.7,0.8457,0.0895,0.8521,0.2043,0.3906,0.0858,0.365,0.4505,-0.1634,C,0.2216,0.322-0.622,0.609,0.409,0.118
4115,310762,-25.84,13,0.0,0.0,0.0,0.8915,0.1066,0.4555,0.0,0.0,0.3797,-0.0495,C,0.2418,0.322-0.622,0.609,0.409,0.118
4116,310783,-26.79,21,66.7,0.9033,0.0851,0.725,0.2686,0.572,0.0586,0.2812,0.4755,-0.2327,C,0.1793,0.322-0.622,0.609,0.409,0.118
4117,310809,6.61,26,96.2,0.5008,0.2463,0.6227,0.3103,0.6572,1.0537,0.8962,0.3773,-0.2442,C,0.2268,0.322-0.622,0.609,0.409,0.118
4118,310824,-21.53,15,100.0,0.6692,0.1684,0.7863,0.2783,0.4113,0.8371,0.722,0.4284,-0.2382,C,0.1859,0.322-0.622,0.609,0.409,0.118
4119,310839,-18.97,15,86.7,0.8376,0.1333,0.8018,0.2344,0.3935,0.0854,0.537,0.3815,-0.1575,C,0.1696,0.322-0.622,0.609,0.409,0.118
4120,310853,-12.68,14,92.9,0.7051,0.1876,0.8768,0.12,0.3223,0.4443,0.7429,0.4604,-0.04,C,0.186,0.322-0.622,0.609,0.409,0.118
4121,310868,-18.63,15,0.0,0.0,0.0,0.8896,0.1124,0.306,0.0,0.0,0.4809,-0.0323,C,0.228,0.322-0.622,0.609,0.409,0.118
4122,310882,-10.94,14,50.0,0.9561,0.0645,0.9224,0.1033,0.3063,0.0091,0.1642,0.4423,-0.0323,C,0.1755,0.322-0.622,0.609,0.409,0.118
4123,310897,-8.49,15,100.0,0.6161,0.1997,0.7631,0.2682,0.4406,0.9324,0.8151,0.4195,-0.2067,C,0.2368,0.322-0.622,0.609,0.409,0.118
4124,310913,-0.95,16,93.8,0.4901,0.2286,0.746,0.2446,0.4479,1.3046,0.8308,0.397,-0.2043,C,0.2369,0.322-0.622,0.609,0.409,0.118
4125,310928,-5.35,15,100.0,0.5289,0.2358,0.8281,0.1499,0.4197,1.0868,0.9277,0.424,-0.0699,C,0.182,0.322-0.622,0.609,0.409,0.118
4126,310957,16.32,29,93.1,0.4886,0.238,0.6377,0.3799,0.6737,1.3296,0.8473,0.4177,-0.3297,C,0.2392,0.322-0.622,0.609,0.409,0.118
4127,310972,-11.38,15,100.0,0.62,0.2105,0.7559,0.2101,0.4257,0.7833,0.8712,0.3968,-0.1168,C,0.2377,0.322-0.622,0.609,0.409,0.118
4128,310988,-9.47,16,81.2,0.6496,0.1768,0.836,0.2346,0.3654,0.4978,0.6231,0.4715,-0.1787,C,0.197,0.322-0.622,0.609,0.409,0.118
4129,311002,-19.53,14,0.0,0.0,0.0,0.8904,0.1238,0.2985,0.0,0.0,0.4786,-0.061,C,0.2362,0.322-0.622,0.609,0.409,0.118
4130,311132,137.1,130,97.7,0.2264,0.1462,0.4768,0.5034,0.9096,2.9642,0.6383,0.2236,-0.5016,C,0.2223,0.322-0.622,0.61,0.41,0.118
4131,311146,-3.34,14,92.9,0.5245,0.2348,0.8153,0.2211,0.3711,1.1508,0.8584,0.4168,-0.1569,C,0.1894,0.322-0.622,0.61,0.41,0.118
4132,311160,-30.47,14,0.0,0.0,0.0,0.9212,0.0779,0.2861,0.0,0.0,0.4749,-0.0245,C,0.1705,0.322-0.622,0.61,0.41,0.118
4133,311182,-24.83,22,81.8,0.7661,0.1297,0.7227,0.326,0.4802,0.2108,0.4764,0.4529,-0.2832,C,0.1878,0.322-0.622,0.61,0.41,0.118
4134,311196,-6.88,14,64.3,0.782,0.1318,0.9617,0.0463,0.2912,0.1659,0.3872,0.4394,-0.0089,C,0.2112,0.322-0.622,0.61,0.41,0.118
4135,311209,-15.28,13,100.0,0.8161,0.1494,0.8673,0.1519,0.4262,0.1132,0.7006,0.4217,-0.1153,C,0.2105,0.322-0.622,0.61,0.41,0.118
4136,311251,11.13,42,90.5,0.545,0.217,0.6134,0.3325,0.7583,0.7383,0.7782,0.2922,-0.2643,C,0.1712,0.322-0.622,0.61,0.41,0.118
4137,311266,2.0,15,100.0,0.4838,0.2301,0.7593,0.2281,0.4335,1.3905,0.9308,0.4391,-0.1426,C,0.209,0.322-0.622,0.61,0.41,0.118
4138,311280,2.3,14,100.0,0.6418,0.2315,0.824,0.162,0.4407,0.5572,0.9206,0.4418,-0.0771,C,0.2455,0.322-0.622,0.61,0.41,0.118
4139,311295,-18.16,15,53.3,0.797,0.0768,0.8614,0.1482,0.3719,0.056,0.1949,0.3705,-0.1003,C,0.1732,0.322-0.622,0.61,0.41,0.118
4140,311310,-5.21,15,93.3,0.7082,0.1908,0.8223,0.2506,0.4473,0.3451,0.7643,0.4679,-0.1901,C,0.219,0.322-0.622,0.61,0.41,0.118
4141,311326,-6.66,16,81.2,0.8239,0.1148,0.7832,0.173,0.3497,0.1075,0.432,0.4351,-0.0771,C,0.2164,0.322-0.622,0.61,0.41,0.118
4142,311341,-5.2,15,73.3,0.7435,0.1721,0.8835,0.1231,0.3135,0.1402,0.5663,0.451,-0.0459,C,0.1995,0.322-0.622,0.61,0.41,0.118
4143,311354,-12.6,13,100.0,0.8056,0.1469,0.8853,0.1425,0.4064,0.1339,0.6878,0.4217,-0.1035,C,0.1847,0.322-0.622,0.61,0.41,0.118
4144,311367,-17.79,13,76.9,0.9785,0.0838,0.8903,0.1829,0.4067,0.012,0.3019,0.3736,-0.1793,C,0.1879,0.322-0.622,0.61,0.41,0.118
4145,311412,-29.25,45,88.9,0.6419,0.2349,0.5566,0.4334,0.7506,0.3531,0.7929,0.433,-0.4087,C,0.2003,0.322-0.622,0.61,0.41,0.118
4146,311425,-19.61,13,92.3,0.7485,0.1345,0.9221,0.0922,0.3588,0.1786,0.5623,0.446,-0.0508,C,0.2243,0.322-0.622,0.61,0.41,0.118
4147,311439,-17.41,14,85.7,0.8139,0.1174,0.9377,0.0738,0.2903,0.1221,0.4632,0.4846,-0.0298,C,0.1686,0.322-0.622,0.61,0.41,0.118
4148,311453,-25.97,14,92.9,0.9037,0.0597,0.8011,0.2075,0.4283,0.0395,0.275,0.358,-0.126,C,0.1939,0.322-0.622,0.61,0.41,0.118
4149,311466,-5.14,13,76.9,0.8045,0.1251,0.9122,0.083,0.3764,0.087,0.4507,0.3984,-0.0487,C,0.2135,0.322-0.622,0.61,0.41,0.118
4150,311486,-11.31,20,85.0,0.6053,0.2092,0.6879,0.3117,0.5367,0.6637,0.7453,0.4931,-0.2393,C,0.2109,0.322-0.622,0.61,0.41,0.118
4151,311501,-6.45,15,73.3,0.7186,0.191,0.8929,0.109,0.3227,0.2114,0.6007,0.4534,-0.0585,C,0.234,0.322-0.622,0.61,0.41,0.118
4152,311515,-19.1,14,71.4,1.0419,0.0404,0.8458,0.1665,0.4014,0.0066,0.1615,0.3439,-0.0848,C,0.1769,0.322-0.622,0.61,0.41,0.118
4153,311530,-14.37,15,86.7,0.6693,0.1827,0.8375,0.1678,0.3252,0.4537,0.6845,0.4438,-0.0807,C,0.2417,0.322-0.622,0.61,0.41,0.118
4154,311544,-2.7,14,92.9,0.7625,0.145,0.8732,0.1293,0.3316,0.2823,0.6059,0.4424,-0.0535,C,0.2449,0.322-0.622,0.61,0.41,0.118
4155,311558,-13.03,14,100.0,0.5923,0.2375,0.847,0.2427,0.4248,0.6926,0.8807,0.3839,-0.2421,C,0.2121,0.322-0.622,0.61,0.41,0.118
4156,311908,239.29,350,100.0,0.3497,0.1432,0.3928,0.5495,0.9618,2.1266,0.5755,0.4034,-0.5431,C,0.1833,0.322-0.622,0.611,0.411,0.119
4157,311921,-0.37,13,100.0,0.6525,0.2064,0.8519,0.1195,0.4478,0.552,0.8698,0.3994,-0.0585,C,0.2267,0.322-0.622,0.611,0.411,0.119
4158,311934,-1.9,13,92.3,0.6351,0.2052,0.8774,0.1758,0.4177,0.4786,0.8357,0.3843,-0.108,C,0.2404,0.322-0.622,0.611,0.411,0.119
4159,311948,-17.13,14,85.7,0.681,0.1646,0.8844,0.1454,0.2984,0.4059,0.636,0.4587,-0.0691,C,0.1855,0.322-0.622,0.611,0.411,0.119
4160,311961,-19.23,13,100.0,0.8132,0.1142,0.8565,0.1589,0.3791,0.1235,0.5391,0.4254,-0.0989,C,0.2073,0.322-0.622,0.611,0.411,0.119
4161,311974,-16.06,13,84.6,0.8928,0.0882,0.8704,0.2107,0.3847,0.0392,0.3538,0.4431,-0.1876,C,0.2042,0.322-0.622,0.611,0.411,0.119
4162,311988,-0.27,14,100.0,0.5918,0.2038,0.8076,0.1536,0.4302,0.796,0.8892,0.4054,-0.0911,C,0.2049,0.322-0.622,0.611,0.411,0.119
4163,312003,-12.36,15,100.0,0.5707,0.2161,0.7773,0.2442,0.439,1.0186,0.9175,0.3663,-0.1837,C,0.2351,0.322-0.622,0.611,0.411,0.119
4164,312017,-8.15,14,92.9,0.8232,0.1303,0.8308,0.1534,0.4411,0.1198,0.5705,0.4258,-0.099,C,0.2418,0.322-0.622,0.611,0.411,0.119
4165,312099,7.86,82,100.0,0.4268,0.1707,0.5544,0.4793,0.8606,1.6269,0.7784,0.2911,-0.4859,C,0.1775,0.322-0.622,0.612,0.412,0.119
4166,312113,-9.24,14,100.0,0.6044,0.2061,0.8057,0.2264,0.4187,0.9232,0.8653,0.3721,-0.1889,C,0.2438,0.322-0.622,0.612,0.412,0.119
4167,312127,-17.12,14,50.0,0.9327,0.0109,0.8164,0.1995,0.4097,0.011,0.0687,0.425,-0.1197,C,0.2333,0.322-0.622,0.612,0.412,0.119
4168,312142,-22.9,15,40.0,0.8652,0.0457,0.794,0.2202,0.4026,0.0211,0.096,0.3954,-0.137,C,0.2454,0.322-0.622,0.612,0.412,0.119
4169,312156,-2.04,14,100.0,0.7732,0.1499,0.8656,0.1477,0.3236,0.4668,0.6789,0.4266,-0.05,C,0.2299,0.322-0.622,0.612,0.412,0.119
4170,312170,-16.46,14,100.0,0.7014,0.1722,0.8138,0.2282,0.4227,0.3599,0.7682,0.4578,-0.1877,C,0.2355,0.322-0.622,0.612,0.412,0.119
4171,312185,-11.36,15,80.0,0.6484,0.1784,0.9044,0.0812,0.2865,0.5942,0.6188,0.4386,-0.0166,C,0.1778,0.322-0.622,0.612,0.412,0.119
4172,312199,-7.41,14,100.0,0.5453,0.2236,0.8383,0.1703,0.4702,1.0696,0.9187,0.4208,-0.105,C,0.1739,0.322-0.622,0.612,0.412,0.119
4173,312214,-20.96,15,86.7,0.7853,0.1321,0.8306,0.2041,0.3462,0.1378,0.525,0.4611,-0.1375,C,0.1843,0.322-0.622,0.612,0.412,0.119
4174,312307,29.99,93,95.7,0.4394,0.1804,0.4877,0.4997,0.8871,1.5444,0.6662,0.4024,-0.4757,C,0.1853,0.322-0.622,0.612,0.412,0.119
4175,312321,-10.4,14,92.9,0.8817,0.0964,0.8293,0.1623,0.4006,0.0517,0.4275,0.4219,-0.0858,C,0.1814,0.322-0.622,0.612,0.412,0.119
4176,312336,-11.57,15,93.3,0.6774,0.1873,0.846,0.1735,0.3336,0.6936,0.7747,0.4688,-0.1022,C,0.2028,0.322-0.622,0.612,0.412,0.119
4177,312473,174.62,137,94.9,0.3488,0.233,0.4261,0.4522,0.8504,2.0618,0.8906,0.3454,-0.3936,C,0.2299,0.322-0.622,0.612,0.412,0.119
4178,312520,-0.1,47,85.1,0.4768,0.2034,0.6244,0.3347,0.7618,0.9371,0.6368,0.2169,-0.2494,C,0.2435,0.322-0.622,0.613,0.413,0.119
4179,312534,-16.13,14,92.9,0.661,0.1888,0.9051,0.1054,0.2955,0.6197,0.7714,0.3366,-0.0266,C,0.1885,0.322-0.622,0.613,0.413,0.119
4180,312548,-1.21,14,100.0,0.8885,0.1115,0.9325,0.0654,0.3094,0.3385,0.5255,0.3909,-0.0101,C,0.1777,0.322-0.622,0.613,0.413,0.119
4181,312567,-43.55,19,26.3,1.0457,0.0465,0.7789,0.3088,0.4979,0.0015,0.0645,0.3952,-0.3034,C,0.1826,0.322-0.622,0.613,0.413,0.119
4182,312581,-14.13,14,100.0,0.882,0.1047,0.7828,0.2145,0.4237,0.0875,0.4896,0.4025,-0.1533,C,0.1773,0.322-0.622,0.613,0.413,0.119
4183,312595,-14.92,14,92.9,0.8939,0.1029,0.7883,0.2127,0.4103,0.053,0.4486,0.4278,-0.1184,C,0.2358,0.322-0.622,0.613,0.413,0.119
4184,312608,-4.84,13,84.6,0.8427,0.1117,0.8547,0.1256,0.4225,0.0739,0.4404,0.4003,-0.0623,C,0.1732,0.322-0.622,0.613,0.413,0.119
4185,312622,-26.48,14,28.6,1.238,0.0161,0.9221,0.0957,0.28,0.0001,0.0429,0.47,-0.0269,C,0.2345,0.322-0.622,0.613,0.413,0.119
4186,312635,-9.75,13,100.0,0.6806,0.2055,0.8696,0.1368,0.4156,0.4882,0.8822,0.3729,-0.0677,C,0.1813,0.322-0.622,0.613,0.413,0.119
4187,312652,-15.86,17,94.1,0.7567,0.1475,0.72,0.2791,0.3969,0.365,0.6154,0.4132,-0.2094,C,0.1792,0.322-0.622,0.613,0.413,0.119
4188,312669,-16.16,17,100.0,0.7398,0.1854,0.7754,0.2757,0.4825,0.5403,0.8017,0.4127,-0.2271,C,0.2057,0.322-0.622,0.613,0.413,0.119
4189,312684,-2.76,15,100.0,0.6862,0.1944,0.7921,0.1711,0.427,0.5328,0.839,0.4301,-0.0857,C,0.2091,0.322-0.622,0.613,0.413,0.119
4190,312697,-24.15,13,76.9,0.9704,0.0592,0.9443,0.0781,0.3787,0.0148,0.227,0.3767,-0.0525,C,0.2434,0.322-0.622,0.613,0.413,0.119
4191,312711,-11.6,14,100.0,0.5951,0.2379,0.8181,0.2131,0.4404,0.7858,0.9483,0.4141,-0.1631,C,0.2287,0.322-0.622,0.613,0.413,0.119
4192,312725,-20.64,14,0.0,0.0,0.0,0.9127,0.1038,0.3043,0.0,0.0,0.3173,-0.0453,C,0.221,0.322-0.622,0.613,0.413,0.119
4193,312739,-18.5,14,0.0,0.0,0.0,0.9211,0.1102,0.2974,0.0,0.0,0.4273,-0.036,C,0.2257,0.322-0.622,0.613,0.413,0.119
4194,312753,-14.39,14,92.9,0.9116,0.0841,0.8201,0.201,0.4205,0.0378,0.3805,0.4103,-0.1421,C,0.2389,0.322-0.622,0.613,0.413,0.119
4195,312769,-15.51,16,87.5,0.9502,0.0684,0.7701,0.2082,0.4416,0.026,0.3032,0.4226,-0.1259,C,0.2174,0.322-0.622,0.613,0.413,0.119
4196,312783,-20.27,14,92.9,0.8602,0.1037,0.8217,0.2288,0.4263,0.0789,0.4489,0.4468,-0.1978,C,0.2143,0.322-0.622,0.613,0.413,0.119
4197,312797,2.59,14,100.0,0.6107,0.2223,0.811,0.1598,0.4196,0.868,0.9178,0.4355,-0.0691,C,0.2373,0.322-0.622,0.613,0.413,0.119
4198,312810,-17.62,13,100.0,0.6708,0.1916,0.8537,0.1609,0.4159,0.4376,0.8604,0.4428,-0.0982,C,0.2465,0.322-0.622,0.613,0.413,0.119
4199,312825,-12.79,15,100.0,0.5268,0.2253,0.7258,0.2712,0.4428,1.156,0.9426,0.4133,-0.1833,C,0.2055,0.322-0.622,0.613,0.413,0.119
4200,313056,4.19,231,100.0,0.4865,0.1318,0.4219,0.5209,0.9433,1.3206,0.6158,0.3964,-0.5172,C,0.2299,0.322-0.622,0.614,0.414,0.119
4201,313082,-2.18,26,88.5,0.4888,0.2337,0.6807,0.3302,0.538,1.2987,0.78,0.3382,-0.2948,C,0.2122,0.322-0.622,0.614,0.414,0.119
4202,313096,-14.32,14,92.9,0.7352,0.158,0.958,0.045,0.2852,0.547,0.6537,0.439,-0.0037,C,0.1943,0.322-0.622,0.614,0.414,0.119
4203,313111,-13.69,15,100.0,0.7731,0.1529,0.7864,0.2267,0.4073,0.3699,0.6821,0.3631,-0.172,C,0.1971,0.322-0.622,0.614,0.414,0.119
4204,313125,-29.18,14,0.0,0.0,0.0,0.8806,0.1644,0.3631,0.0,0.0,0.3685,-0.1408,C,0.1695,0.322-0.622,0.614,0.414,0.119
4205,313138,-12.97,13,100.0,0.6553,0.1816,0.8671,0.1227,0.3797,0.4816,0.81,0.4138,-0.0502,C,0.1894,0.322-0.622,0.614,0.414,0.119
4206,313152,-8.52,14,92.9,0.4076,0.2346,0.8534,0.2009,0.3831,1.6344,0.8575,0.4266,-0.1761,C,0.2283,0.322-0.622,0.614,0.414,0.119
4207,313166,-5.26,14,100.0,0.6776,0.1701,0.8672,0.1464,0.3975,0.609,0.7451,0.4422,-0.0902,C,0.2463,0.322-0.622,0.614,0.414,0.119
4208,313179,-10.06,13,100.0,0.6924,0.193,0.8797,0.1364,0.3946,0.4331,0.8454,0.3582,-0.0634,C,0.225,0.322-0.622,0.614,0.414,0.119
4209,313193,-4.09,14,100.0,0.6162,0.2279,0.7899,0.2336,0.4326,0.6975,0.9026,0.4389,-0.1586,C,0.2086,0.322-0.622,0.614,0.414,0.119
4210,313208,-15.23,15,93.3,0.6368,0.2083,0.7978,0.2384,0.3744,0.7492,0.7955,0.4775,-0.1411,C,0.2452,0.322-0.622,0.614,0.414,0.119
4211,313223,-34.08,15,0.0,0.0,0.0,0.8205,0.1765,0.4133,0.0,0.0,0.4162,-0.1016,C,0.2273,0.322-0.622,0.614,0.414,0.119
4212,313237,-22.2,14,100.0,0.8264,0.1333,0.8182,0.2067,0.416,0.1856,0.617,0.4619,-0.1749,C,0.223,0.322-0.622,0.614,0.414,0.119
4213,313251,-21.06,14,78.6,0.6441,0.1937,0.8559,0.1692,0.3883,0.3638,0.6692,0.389,-0.0953,C,0.247,0.322-0.622,0.614,0.414,0.119
4214,313265,-4.77,14,100.0,0.6249,0.162,0.7901,0.2541,0.4902,0.9438,0.6942,0.4436,-0.1515,C,0.1844,0.322-0.622,0.614,0.414,0.119
4215,313279,-10.49,14,100.0,0.6122,0.222,0.8098,0.1927,0.4055,0.7873,0.8775,0.447,-0.1375,C,0.2427,0.322-0.622,0.614,0.414,0.119
4216,313294,2.56,15,93.3,0.6013,0.2183,0.8194,0.1576,0.3654,0.8975,0.8258,0.4689,-0.0775,C,0.1957,0.322-0.622,0.614,0.414,0.119
4217,313308,-31.77,14,100.0,0.6522,0.1996,0.8158,0.2942,0.4275,0.5595,0.8689,0.4208,-0.303,C,0.1742,0.322-0.622,0.614,0.414,0.119
4218,313323,-10.71,15,100.0,0.7037,0.1727,0.8095,0.1431,0.3921,0.6198,0.7692,0.3763,-0.0554,C,0.1769,0.322-0.622,0.614,0.414,0.119
4219,313337,-8.98,14,100.0,0.5683,0.2001,0.8436,0.1596,0.3934,1.0556,0.8801,0.4022,-0.1098,C,0.2313,0.322-0.622,0.614,0.414,0.119
4220,313350,-11.73,13,100.0,0.6468,0.2072,0.8524,0.1177,0.4354,0.4697,0.919,0.4164,-0.0538,C,0.2183,0.322-0.622,0.614,0.414,0.119
4221,313366,3.66,16,93.8,0.568,0.2123,0.7519,0.24,0.4711,0.7475,0.8357,0.4163,-0.1296,C,0.2394,0.322-0.622,0.614,0.414,0.119
4222,313379,0.62,13,100.0,0.763,0.1758,0.8635,0.1271,0.4257,0.2175,0.811,0.3377,-0.0471,C,0.2401,0.322-0.622,0.614,0.414,0.119
4223,313394,-10.6,15,80.0,0.6797,0.1865,0.8874,0.1197,0.2991,0.4461,0.6297,0.4791,-0.0322,C,0.1939,0.322-0.622,0.614,0.414,0.119
4224,313415,4.06,21,95.2,0.4605,0.2435,0.7486,0.2541,0.5939,1.4322,0.788,0.317,-0.1697,C,0.1944,0.322-0.622,0.614,0.414,0.119
4225,313431,-10.91,16,68.8,0.8386,0.0874,0.7927,0.1672,0.4577,0.08,0.285,0.4511,-0.0903,C,0.2127,0.322-0.622,0.614,0.414,0.119
4226,313444,-23.85,13,100.0,0.8764,0.1078,0.9007,0.1468,0.4109,0.1237,0.5147,0.3967,-0.1048,C,0.1946,0.322-0.622,0.615,0.415,0.119
4227,313458,-14.3,14,100.0,0.7282,0.1644,0.82,0.1906,0.3963,0.3515,0.729,0.4357,-0.1272,C,0.2248,0.322-0.622,0.615,0.415,0.119
4228,313471,-11.96,13,100.0,0.7151,0.2008,0.8377,0.1784,0.4589,0.3243,0.885,0.443,-0.1113,C,0.1699,0.322-0.622,0.615,0.415,0.119
4229,313485,-18.31,14,92.9,0.7845,0.1471,0.8852,0.1378,0.3226,0.258,0.6167,0.3623,-0.0692,C,0.2214,0.322-0.622,0.615,0.415,0.119
4230,313500,-7.88,15,100.0,0.6589,0.1896,0.7862,0.2287,0.4368,0.7716,0.7849,0.4474,-0.1996,C,0.1927,0.322-0.622,0.615,0.415,0.119
4231,313514,-14.88,14,100.0,1.0253,0.057,0.7957,0.2282,0.411,0.0366,0.292,0.3419,-0.1766,C,0.2097,0.322-0.622,0.615,0.415,0.119
4232,313528,-17.43,14,100.0,0.7568,0.1511,0.8335,0.2475,0.4337,0.2788,0.7084,0.4591,-0.227,C,0.2179,0.322-0.622,0.615,0.415,0.119
4233,313542,-2.95,14,92.9,0.6713,0.1877,0.8673,0.1247,0.3506,0.5214,0.7547,0.3957,-0.0847,C,0.2308,0.322-0.622,0.615,0.415,0.119
4234,313558,-7.69,16,87.5,0.7613,0.1413,0.7885,0.2207,0.39,0.2362,0.5542,0.4603,-0.134,C,0.2145,0.322-0.622,0.615,0.415,0.119
4235,313573,-0.52,15,93.3,0.6971,0.1852,0.8597,0.1221,0.3339,0.6056,0.7572,0.4044,-0.0449,C,0.2475,0.322-0.622,0.615,0.415,0.119
4236,313586,-24.47,13,100.0,0.8841,0.0836,0.8766,0.1644,0.3912,0.0689,0.4002,0.4206,-0.1373,C,0.2106,0.322-0.622,0.615,0.415,0.119
4237,313658,54.95,72,100.0,0.4264,0.27,0.495,0.4342,0.864,1.4782,0.8531,0.4257,-0.3889,C,0.1717,0.322-0.622,0.615,0.415,0.119
4238,313671,-8.67,13,100.0,0.4918,0.2198,0.8094,0.2022,0.404,1.4192,0.8972,0.416,-0.1525,C,0.2056,0.322-0.622,0.615,0.415,0.119
4239,313685,-14.43,14,92.9,0.817,0.1245,0.9194,0.0758,0.3206,0.2738,0.5254,0.3849,-0.0161,C,0.2266,0.322-0.622,0.615,0.415,0.119
4240,313699,-4.06,14,100.0,0.4667,0.2374,0.8038,0.2144,0.436,1.4742,0.9294,0.4651,-0.1616,C,0.2428,0.322-0.622,0.615,0.415,0.119
4241,313777,-22.43,78,100.0,0.7649,0.1438,0.5534,0.3919,0.8431,0.2618,0.5912,0.4134,-0.3091,C,0.1931,0.322-0.622,0.615,0.415,0.119
4242,313791,-10.87,14,100.0,0.5721,0.1964,0.8241,0.1562,0.4364,0.9754,0.8371,0.3891,-0.0641,C,0.2494,0.322-0.622,0.615,0.415,0.119
4243,313805,1.31,14,100.0,0.5473,0.2236,0.8508,0.125,0.4044,1.1672,0.8615,0.4336,-0.057,C,0.1783,0.322-0.622,0.615,0.415,0.119
4244,313820,-3.09,15,86.7,0.7149,0.1686,0.8641,0.1317,0.2941,0.6541,0.6537,0.4383,-0.0487,C,0.2085,0.322-0.622,0.615,0.415,0.119
4245,313840,-21.1,20,90.0,0.9432,0.0909,0.7047,0.3078,0.5624,0.0323,0.3804,0.4597,-0.2383,C,0.2414,0.322-0.622,0.615,0.415,0.119
4246,313855,-28.0,15,40.0,1.0787,0.0402,0.8743,0.1414,0.3163,0.0017,0.0901,0.3961,-0.0749,C,0.2295,0.322-0.622,0.615,0.415,0.119
4247,314126,469.05,271,98.9,0.3798,0.2072,0.3818,0.4163,0.9494,1.8978,0.8624,0.3832,-0.3391,C,0.2339,0.322-0.622,0.616,0.416,0.119
4248,314196,90.35,70,97.1,0.4026,0.1931,0.4922,0.3611,0.8378,1.7685,0.839,0.2994,-0.2884,C,0.2468,0.322-0.622,0.616,0.416,0.119
4249,314210,-23.16,14,85.7,0.796,0.1259,0.9174,0.14,0.3144,0.0954,0.4983,0.3688,-0.1203,C,0.1803,0.322-0.622,0.616,0.416,0.119
4250,314223,-25.51,13,100.0,0.7291,0.1573,0.8438,0.1987,0.4183,0.2453,0.7113,0.4649,-0.1735,C,0.227,0.322-0.622,0.616,0.416,0.119
4251,314237,-2.65,14,100.0,0.6251,0.2199,0.8279,0.2085,0.4789,0.6905,0.9112,0.3456,-0.1417,C,0.2057,0.322-0.622,0.616,0.416,0.119
4252,314252,-30.31,15,46.7,0.9894,0.0558,0.8426,0.1849,0.356,0.0053,0.133,0.3671,-0.1061,C,0.2373,0.322-0.622,0.616,0.416,0.119
4253,314284,-16.43,32,96.9,0.7337,0.1895,0.6426,0.3232,0.7021,0.4645,0.7219,0.2948,-0.281,C,0.1952,0.322-0.622,0.616,0.416,0.119
4254,314299,0.7,15,93.3,0.5989,0.215,0.8036,0.1526,0.3774,0.9415,0.8239,0.3729,-0.0577,C,0.2424,0.322-0.622,0.616,0.416,0.119
4255,314313,-0.62,14,92.9,0.7667,0.155,0.9337,0.0672,0.3055,0.6491,0.6336,0.4332,-0.0129,C,0.199,0.322-0.622,0.616,0.416,0.119
4256,314327,-2.14,14,100.0,0.6214,0.2141,0.8649,0.1643,0.4128,0.7605,0.8794,0.4328,-0.1177,C,0.2014,0.322-0.622,0.616,0.416,0.119
4257,314342,-9.04,15,80.0,0.9058,0.0838,0.8735,0.1523,0.3234,0.0331,0.3366,0.4872,-0.0886,C,0.1982,0.322-0.622,0.616,0.416,0.119
4258,314355,-12.4,13,100.0,0.4503,0.2451,0.8617,0.2168,0.419,1.6296,0.9248,0.421,-0.2144,C,0.2459,0.322-0.622,0.616,0.416,0.119
4259,314524,-56.85,169,97.0,0.4778,0.146,0.4869,0.5371,0.8965,1.274,0.652,0.4093,-0.5698,C,0.2353,0.322-0.622,0.617,0.417,0.119
4260,314539,-15.99,15,100.0,0.6422,0.1896,0.7641,0.2193,0.4897,0.7485,0.7855,0.4062,-0.1073,C,0.2026,0.322-0.622,0.617,0.417,0.119
4261,314552,-10.65,13,100.0,0.4921,0.2417,0.8506,0.252,0.4317,1.2887,0.9551,0.4258,-0.244,C,0.1897,0.322-0.622,0.617,0.417,0.119
4262,314565,-3.35,13,100.0,0.8122,0.1341,0.8956,0.1156,0.4277,0.1322,0.6273,0.3369,-0.0659,C,0.2142,0.322-0.622,0.617,0.417,0.119
4263,314579,-9.99,14,100.0,0.72,0.1733,0.8144,0.2174,0.4273,0.4363,0.759,0.4426,-0.1739,C,0.1745,0.322-0.622,0.617,0.417,0.119
4264,314593,-16.33,14,100.0,0.6133,0.1867,0.7397,0.2461,0.4341,0.9389,0.8049,0.473,-0.164,C,0.2054,0.322-0.622,0.617,0.417,0.119
4265,314731,47.9,138,100.0,0.5592,0.2196,0.5056,0.4794,0.8907,1.2957,0.7926,0.3409,-0.4469,C,0.181,0.322-0.622,0.617,0.417,0.12
4266,314745,-15.46,14,100.0,0.5969,0.1679,0.7936,0.2116,0.4401,0.9818,0.7217,0.3628,-0.1282,C,0.2118,0.322-0.622,0.617,0.417,0.12
4267,314759,-18.52,14,64.3,0.8891,0.0865,0.9122,0.0923,0.3173,0.0277,0.277,0.4864,-0.0189,C,0.1776,0.322-0.622,0.617,0.417,0.12
4268,314775,-6.34,16,100.0,0.8174,0.1427,0.7143,0.2409,0.4603,0.1759,0.6647,0.4318,-0.1438,C,0.2069,0.322-0.622,0.617,0.417,0.12
4269,314790,-3.96,15,100.0,0.8717,0.1233,0.8425,0.1479,0.3481,0.4142,0.5697,0.4098,-0.067,C,0.2211,0.322-0.622,0.617,0.417,0.12
4270,314812,3.32,22,95.5,0.5921,0.2071,0.7056,0.2888,0.5728,0.8818,0.7813,0.4457,-0.2265,C,0.229,0.322-0.622,0.617,0.417,0.12
4271,314827,-19.24,15,93.3,0.8847,0.073,0.8048,0.2524,0.4502,0.0608,0.3237,0.3803,-0.2111,C,0.223,0.322-0.622,0.617,0.417,0.12
4272,314840,-35.4,13,100.0,0.6525,0.2022,0.8742,0.2668,0.4226,0.5772,0.8649,0.3943,-0.3496,C,0.2464,0.322-0.622,0.618,0.418,0.12
4273,314857,-20.23,17,76.5,0.7686,0.1426,0.8005,0.2062,0.3365,0.1863,0.4735,0.4432,-0.1353,C,0.1945,0.322-0.622,0.618,0.418,0.12
4274,314871,-9.79,14,100.0,0.8048,0.1536,0.7583,0.2018,0.4247,0.287,0.6984,0.3892,-0.1081,C,0.2062,0.322-0.622,0.618,0.418,0.12
4275,314885,-17.12,14,71.4,0.92,0.0375,0.8382,0.228,0.4146,0.0248,0.1513,0.4759,-0.1873,C,0.2038,0.322-0.622,0.618,0.418,0.12
4276,314955,17.63,70,92.9,0.4914,0.2329,0.5412,0.4171,0.8154,1.1358,0.7743,0.3695,-0.3631,C,0.1756,0.322-0.622,0.618,0.418,0.12
4277,314968,-6.61,13,100.0,0.8972,0.0994,0.8881,0.1162,0.4193,0.049,0.4597,0.3909,-0.0526,C,0.2238,0.322-0.622,0.618,0.418,0.12
4278,315210,45.86,242,98.3,0.4855,0.1479,0.435,0.4905,0.9392,1.2114,0.6386,0.3679,-0.4618,C,0.1823,0.322-0.622,0.618,0.418,0.12
4279,315228,12.6,18,94.4,0.492,0.2206,0.7656,0.2155,0.4687,1.5372,0.8062,0.4512,-0.1434,C,0.2371,0.322-0.622,0.618,0.418,0.12
4280,315242,-2.67,14,78.6,0.7068,0.1687,0.9591,0.0588,0.2737,0.2955,0.5908,0.3589,-0.0153,C,0.2098,0.322-0.622,0.618,0.418,0.12
4281,315258,-13.79,16,75.0,0.9395,0.0407,0.7998,0.1852,0.466,0.0245,0.1663,0.3824,-0.1212,C,0.2144,0.322-0.622,0.618,0.418,0.12
4282,315273,-20.89,15,100.0,0.5938,0.2286,0.7314,0.3422,0.4791,0.7479,0.9367,0.4833,-0.2964,C,0.2233,0.322-0.622,0.618,0.418,0.12
4283,315363,111.96,90,98.9,0.263,0.2341,0.4786,0.5314,0.8876,2.7171,0.8392,0.4545,-0.544,C,0.2405,0.322-0.622,0.619,0.419,0.12
4284,315378,-14.35,15,73.3,0.7467,0.1316,0.8735,0.1433,0.3593,0.2754,0.439,0.4677,-0.0892,C,0.2393,0.322-0.622,0.619,0.419,0.12
4285,315392,-14.72,14,50.0,1.1371,0.0294,0.9172,0.1206,0.2936,0.0011,0.0946,0.3284,-0.0679,C,0.2083,0.322-0.622,0.619,0.419,0.12
4286,315418,-9.53,26,96.2,0.4806,0.2476,0.6959,0.3577,0.6654,1.2038,0.7398,0.3093,-0.335,C,0.1899,0.322-0.622,0.619,0.419,0.12
4287,315432,-32.83,14,78.6,0.9007,0.0861,0.8558,0.2339,0.3812,0.0326,0.3175,0.4697,-0.2312,C,0.224,0.322-0.622,0.619,0.419,0.12
4288,315446,-15.1,14,100.0,0.5963,0.2086,0.8119,0.2584,0.3982,0.8509,0.877,0.3993,-0.2097,C,0.2196,0.322-0.622,0.619,0.419,0.12
4289,315460,-5.12,14,100.0,0.7672,0.1597,0.8344,0.1748,0.3877,0.2071,0.7461,0.3305,-0.1072,C,0.2153,0.322-0.622,0.619,0.419,0.12
4290,315474,-0.74,14,100.0,0.796,0.1414,0.8964,0.0989,0.3353,0.5671,0.6318,0.4093,-0.0295,C,0.2161,0.322-0.622,0.619,0.419,0.12
4291,315487,-8.79,13,100.0,0.7452,0.1588,0.809,0.1625,0.4579,0.2829,0.7083,0.4707,-0.0761,C,0.246,0.322-0.622,0.619,0.419,0.12
4292,315500,-8.86,13,100.0,0.99,0.0436,0.8186,0.204,0.4289,0.024,0.2326,0.3982,-0.1207,C,0.1818,0.322-0.622,0.619,0.419,0.12
4293,315514,-19.14,14,100.0,0.7367,0.1691,0.8029,0.2764,0.4191,0.3828,0.7624,0.4308,-0.2583,C,0.1743,0.322-0.622,0.619,0.419,0.12
4294,315534,-25.25,20,55.0,0.8418,0.0796,0.748,0.2388,0.5349,0.0345,0.2099,0.405,-0.1923,C,0.2124,0.322-0.622,0.619,0.419,0.12
4295,315548,1.44,14,92.9,0.6425,0.186,0.9055,0.0939,0.3124,0.7799,0.7573,0.421,-0.0234,C,0.2189,0.322-0.622,0.619,0.419,0.12
4296,315562,-19.0,14,71.4,1.0792,0.0354,0.817,0.1455,0.416,0.0054,0.1461,0.3517,-0.0702,C,0.2087,0.322-0.622,0.619,0.419,0.12
4297,315581,-12.12,19,94.7,0.5778,0.2186,0.7117,0.3064,0.5008,1.0094,0.8188,0.4858,-0.258,C,0.17,0.322-0.622,0.619,0.419,0.12
4298,315614,14.48,33,97.0,0.4156,0.2517,0.5821,0.3721,0.6931,1.7271,0.875,0.4105,-0.2973,C,0.2379,0.322-0.622,0.619,0.419,0.12
4299,315628,-26.97,14,14.3,1.3672,0.0034,0.8366,0.2064,0.3778,0.0,0.0173,0.4655,-0.1789,C,0.218,0.322-0.622,0.619,0.419,0.12
4300,315642,-7.16,14,100.0,0.5578,0.2164,0.8376,0.1566,0.3815,0.951,0.925,0.4699,-0.0842,C,0.2099,0.322-0.622,0.619,0.419,0.12
4301,315656,-14.58,14,100.0,0.5732,0.2141,0.8134,0.2683,0.3907,1.0117,0.9078,0.3777,-0.2481,C,0.1986,0.322-0.622,0.619,0.419,0.12
4302,315669,-16.73,13,100.0,0.6412,0.1931,0.8458,0.1912,0.4685,0.7001,0.8076,0.443,-0.1305,C,0.2414,0.322-0.622,0.619,0.419,0.12
4303,315684,-11.61,15,93.3,0.6847,0.1922,0.8131,0.1527,0.3452,0.7292,0.7447,0.4334,-0.0706,C,0.2425,0.322-0.622,0.619,0.419,0.12
4304,315697,-13.7,13,100.0,0.4337,0.2435,0.8207,0.2087,0.4349,1.6208,0.9486,0.4137,-0.1707,C,0.2488,0.322-0.622,0.619,0.419,0.12
4305,315715,-15.3,18,72.2,0.7689,0.1439,0.7716,0.2488,0.4101,0.0944,0.4763,0.4025,-0.1616,C,0.193,0.322-0.622,0.619,0.419,0.12
4306,315729,-19.13,14,100.0,0.7878,0.1457,0.8403,0.188,0.3738,0.2539,0.6702,0.4432,-0.1465,C,0.2261,0.322-0.622,0.619,0.419,0.12
4307,315742,-44.17,13,0.0,0.0,0.0,0.8707,0.1866,0.3621,0.0,0.0,0.3577,-0.1845,C,0.2116,0.322-0.622,0.619,0.419,0.12
4308,315756,-20.96,14,92.9,0.9327,0.0557,0.8547,0.2022,0.4204,0.0416,0.2594,0.4846,-0.1431,C,0.189,0.322-0.622,0.619,0.419,0.12
4309,315770,-19.69,14,100.0,0.7964,0.1463,0.8068,0.171,0.3906,0.2788,0.665,0.4243,-0.0896,C,0.1972,0.322-0.622,0.62,0.42,0.12
4310,315785,-17.05,15,100.0,0.7514,0.1583,0.7659,0.2396,0.4013,0.5817,0.7011,0.3329,-0.1522,C,0.2089,0.322-0.622,0.62,0.42,0.12
4311,315798,-15.58,13,100.0,0.682,0.1984,0.8028,0.1373,0.4476,0.3569,0.8935,0.4443,-0.0726,C,0.2256,0.322-0.622,0.62,0.42,0.12
4312,315814,-15.17,16,81.2,0.9207,0.0834,0.7729,0.2413,0.4942,0.0307,0.3146,0.4227,-0.1603,C,0.2206,0.322-0.622,0.62,0.42,0.12
4313,315828,-17.1,14,71.4,0.9438,0.0437,0.8368,0.1519,0.4014,0.017,0.165,0.4732,-0.0751,C,0.2251,0.322-0.622,0.62,0.42,0.12
4314,315843,-25.21,15,40.0,0.9617,0.012,0.7996,0.2293,0.4067,0.0065,0.056,0.4508,-0.1667,C,0.2469,0.322-0.622,0.62,0.42,0.12
4315,315857,-2.95,14,92.9,0.7327,0.185,0.8874,0.1436,0.3488,0.4045,0.7478,0.4204,-0.0866,C,0.2207,0.322-0.622,0.62,0.42,0.12
4316,315871,-1.1,14,92.9,0.6421,0.196,0.8471,0.1712,0.3426,0.6441,0.7809,0.4717,-0.0996,C,0.2101,0.322-0.622,0.62,0.42,0.12
4317,315885,-1.91,14,100.0,0.5451,0.2214,0.8661,0.1434,0.392,1.1921,0.8939,0.3401,-0.0961,C,0.2271,0.322-0.622,0.62,0.42,0.12
4318,315914,-12.21,29,100.0,0.7466,0.2043,0.6028,0.3476,0.6935,0.2708,0.883,0.4515,-0.3225,C,0.2247,0.322-0.622,0.62,0.42,0.12
4319,315930,-3.01,16,87.5,0.7155,0.1529,0.8262,0.1692,0.3292,0.494,0.5718,0.4745,-0.0762,C,0.2136,0.322-0.622,0.62,0.42,0.12
4320,315944,-19.92,14,0.0,0.0,0.0,0.916,0.1045,0.2709,0.0,0.0,0.3147,-0.0307,C,0.2231,0.322-0.622,0.62,0.42,0.12
4321,315958,-5.82,14,100.0,0.7869,0.1508,0.8108,0.1578,0.4142,0.2672,0.6794,0.3996,-0.0734,C,0.2372,0.322-0.622,0.62,0.42,0.12
4322,315973,-7.38,15,60.0,0.8674,0.1234,0.8751,0.1199,0.3338,0.0271,0.3492,0.4491,-0.044,C,0.2444,0.322-0.622,0.62,0.42,0.12
4323,316049,16.05,76,97.4,0.5093,0.2186,0.47,0.4744,0.8633,1.1222,0.9135,0.4,-0.4387,C,0.2309,0.322-0.622,0.62,0.42,0.12
4324,316063,-28.87,14,0.0,0.0,0.0,0.9095,0.1138,0.3019,0.0,0.0,0.4744,-0.0386,C,0.1772,0.322-0.622,0.62,0.42,0.12
4325,316304,126.39,241,98.3,0.329,0.167,0.4197,0.5328,0.9405,2.2006,0.7257,0.3123,-0.5389,C,0.2171,0.322-0.622,0.621,0.421,0.12
4326,316327,-5.24,23,91.3,0.5326,0.2128,0.7557,0.3041,0.5576,0.9991,0.7765,0.3483,-0.272,C,0.2108,0.322-0.622,0.621,0.421,0.12
4327,316342,-6.37,15,93.3,0.6886,0.2017,0.7506,0.2191,0.471,0.3551,0.8185,0.461,-0.1393,C,0.1776,0.322-0.622,0.621,0.421,0.12
4328,316356,-8.01,14,100.0,0.5748,0.2176,0.8257,0.1704,0.4062,1.052,0.8744,0.4553,-0.1165,C,0.2413,0.322-0.622,0.621,0.421,0.12
4329,316369,-24.17,13,100.0,0.8073,0.1296,0.873,0.1933,0.4282,0.1411,0.6063,0.412,-0.1472,C,0.1962,0.322-0.622,0.621,0.421,0.12
4330,316454,-11.21,85,97.6,0.5442,0.1934,0.4821,0.4749,0.8915,0.8546,0.8131,0.3715,-0.4665,C,0.2078,0.322-0.622,0.621,0.421,0.12
4331,316515,16.98,61,91.8,0.4619,0.2015,0.5969,0.4008,0.8296,1.1028,0.7701,0.2816,-0.3637,C,0.2153,0.322-0.622,0.621,0.421,0.12
4332,316530,-16.13,15,100.0,0.7898,0.1582,0.7358,0.27,0.4582,0.1878,0.7365,0.422,-0.1944,C,0.1765,0.322-0.622,0.621,0.421,0.12
4333,316545,-10.71,15,66.7,0.9083,0.0781,0.8568,0.1507,0.3201,0.0208,0.2597,0.4088,-0.0696,C,0.2015,0.322-0.622,0.621,0.421,0.12
4334,316558,-9.28,13,100.0,0.755,0.1817,0.8826,0.1036,0.4221,0.246,0.8208,0.3671,-0.0376,C,0.2035,0.322-0.622,0.621,0.421,0.12
4335,316580,2.93,22,90.9,0.5752,0.2267,0.6981,0.261,0.5102,0.886,0.7681,0.3368,-0.1693,C,0.1905,0.322-0.622,0.621,0.421,0.12
4336,316598,-9.03,18,94.4,0.5968,0.2237,0.7617,0.2996,0.5153,0.7836,0.7764,0.3252,-0.2656,C,0.1965,0.322-0.622,0.621,0.421,0.12
4337,316613,-15.56,15,100.0,0.6686,0.1988,0.8151,0.2164,0.3956,0.7885,0.8432,0.456,-0.1309,C,0.2293,0.322-0.622,0.621,0.421,0.12
4338,316693,-73.15,80,92.5,0.8436,0.0962,0.5274,0.4192,0.822,0.0676,0.4168,0.314,-0.3677,C,0.195,0.322-0.622,0.621,0.421,0.12
4339,316707,2.22,14,100.0,0.5929,0.2247,0.869,0.1435,0.4014,0.8674,0.8951,0.3942,-0.0836,C,0.203,0.322-0.622,0.622,0.422,0.12
4340,316721,-21.87,14,85.7,0.7914,0.129,0.8883,0.2127,0.4331,0.1384,0.5247,0.4108,-0.2139,C,0.1935,0.322-0.622,0.622,0.422,0.12
4341,316735,-13.16,14,100.0,0.7317,0.1655,0.7814,0.1714,0.3887,0.7146,0.7129,0.4344,-0.0774,C,0.1834,0.322-0.622,0.622,0.422,0.12
4342,316749,-5.05,14,100.0,0.8318,0.1383,0.7967,0.1776,0.4277,0.1582,0.6445,0.4619,-0.0938,C,0.2202,0.322-0.622,0.622,0.422,0.12
4343,316763,-1.25,14,100.0,0.8239,0.1346,0.9048,0.1126,0.3259,0.5653,0.6108,0.4523,-0.0362,C,0.244,0.322-0.622,0.622,0.422,0.12
4344,316777,-4.36,14,85.7,0.7584,0.1476,0.9297,0.103,0.3018,0.2149,0.5602,0.4351,-0.0548,C,0.1977,0.322-0.622,0.622,0.422,0.12
4345,316791,-9.82,14,100.0,0.7428,0.1473,0.8006,0.2082,0.3979,0.4255,0.6624,0.3786,-0.126,C,0.1929,0.322-0.622,0.622,0.422,0.12
4346,316807,-18.05,16,87.5,0.7855,0.1139,0.7994,0.2049,0.4356,0.1161,0.4699,0.4153,-0.1107,C,0.1761,0.322-0.622,0.622,0.422,0.12
4347,316821,-12.7,14,92.9,0.7159,0.1655,0.9271,0.0577,0.3126,0.7046,0.6801,0.4237,-0.0082,C,0.2481,0.322-0.622,0.622,0.422,0.12
4348,316834,-14.38,13,100.0,0.7568,0.1399,0.8428,0.1239,0.3901,0.1916,0.6444,0.4669,-0.0511,C,0.209,0.322-0.622,0.622,0.422,0.12
4349,316961,162.93,127,96.9,0.2594,0.1632,0.4506,0.4826,0.9035,2.6681,0.7096,0.2741,-0.4562,C,0.1808,0.322-0.622,0.622,0.422,0.12
4350,316975,-6.76,14,92.9,0.5286,0.2305,0.8242,0.1821,0.3985,1.1994,0.8201,0.4847,-0.1308,C,0.2165,0.322-0.622,0.622,0.422,0.12
4351,316988,-20.64,13,100.0,0.9986,0.0511,0.8595,0.1186,0.4053,0.0297,0.2684,0.4357,-0.0698,C,0.2059,0.322-0.622,0.622,0.422,0.12
4352,317004,-9.7,16,87.5,0.8121,0.1294,0.8454,0.1689,0.3557,0.5338,0.5148,0.4861,-0.0801,C,0.2365,0.322-0.622,0.622,0.422,0.12
4353,317018,-12.02,14,78.6,0.7328,0.1562,0.8629,0.179,0.3542,0.1963,0.5724,0.4048,-0.1269,C,0.2429,0.322-0.622,0.622,0.422,0.12
4354,317033,-4.12,15,100.0,0.5946,0.212,0.7055,0.2396,0.4216,0.9016,0.8915,0.3888,-0.148,C,0.2321,0.322-0.622,0.622,0.422,0.12
4355,317046,-26.31,13,100.0,0.932,0.0989,0.8579,0.2206,0.4002,0.045,0.4604,0.4214,-0.2225,C,0.2281,0.322-0.622,0.622,0.422,0.12
4356,317063,-5.2,17,100.0,0.5003,0.2406,0.7547,0.3334,0.549,1.3038,0.8509,0.4298,-0.3138,C,0.2045,0.322-0.622,0.622,0.422,0.12
4357,317099,40.32,36,91.7,0.3625,0.2455,0.6106,0.3453,0.6304,1.9726,0.8651,0.4316,-0.2812,C,0.2301,0.322-0.622,0.622,0.422,0.12
4358,317113,-11.66,14,100.0,0.54,0.2235,0.8272,0.1999,0.3911,1.1733,0.9296,0.46,-0.1267,C,0.1967,0.322-0.622,0.622,0.422,0.12
4359,317128,-11.06,15,100.0,0.8632,0.129,0.7985,0.2187,0.4356,0.1733,0.6055,0.4835,-0.148,C,0.2478,0.322-0.622,0.622,0.422,0.12
4360,317141,-15.26,13,100.0,0.7949,0.1557,0.8973,0.1399,0.4295,0.1355,0.7282,0.3321,-0.1148,C,0.2045,0.322-0.622,0.622,0.422,0.12
4361,317154,-14.54,13,92.3,0.6663,0.1799,0.8497,0.2212,0.4039,0.3433,0.7519,0.3665,-0.2179,C,0.1737,0.322-0.622,0.622,0.422,0.12
4362,317167,-5.34,13,100.0,0.5379,0.2273,0.8092,0.2223,0.4411,1.0369,0.9519,0.457,-0.1881,C,0.2015,0.322-0.622,0.622,0.422,0.12
4363,317181,-15.66,14,92.9,0.7869,0.1324,0.9142,0.0895,0.3085,0.3703,0.5592,0.4325,-0.0331,C,0.2246,0.322-0.622,0.623,0.423,0.12
4364,317194,-18.68,13,100.0,0.8058,0.1415,0.8535,0.1565,0.4088,0.2207,0.6516,0.4291,-0.0908,C,0.1765,0.322-0.622,0.623,0.423,0.12
4365,317209,-13.55,15,100.0,0.6982,0.1928,0.8199,0.2683,0.4651,0.4215,0.8164,0.4204,-0.2536,C,0.1713,0.322-0.622,0.623,0.423,0.12
4366,317302,-53.71,93,81.7,0.5849,0.1411,0.5139,0.4489,0.8583,0.6484,0.5386,0.3206,-0.4202,C,0.2405,0.322-0.622,0.623,0.423,0.12
4367,317318,-8.05,16,93.8,0.5977,0.2269,0.7319,0.2539,0.3906,0.7335,0.8312,0.4457,-0.1507,C,0.2274,0.322-0.622,0.623,0.423,0.12
4368,317332,-22.7,14,100.0,0.6703,0.2035,0.8216,0.29,0.4197,0.4783,0.8846,0.4325,-0.2864,C,0.1803,0.322-0.622,0.623,0.423,0.12
4369,317346,-25.26,14,35.7,1.083,0.0176,0.8786,0.125,0.3235,0.0013,0.0551,0.3276,-0.0827,C,0.1802,0.322-0.622,0.623,0.423,0.12
4370,317359,-23.54,13,84.6,0.8578,0.1089,0.8674,0.1445,0.399,0.0522,0.4346,0.368,-0.0921,C,0.2039,0.322-0.622,0.623,0.423,0.12
4371,317373,-2.66,14,92.9,0.6649,0.2061,0.8447,0.1289,0.3965,0.4226,0.8076,0.3224,-0.0421,C,0.2007,0.322-0.622,0.623,0.423,0.12
4372,317386,-10.46,13,100.0,0.9653,0.0722,0.8589,0.1765,0.4273,0.033,0.3481,0.4624,-0.1188,C,0.2084,0.322-0.622,0.623,0.423,0.12
4373,317400,-26.65,14,0.0,0.0,0.0,0.8987,0.0965,0.3004,0.0,0.0,0.4574,-0.0242,C,0.2256,0.322-0.622,0.623,0.423,0.12
4374,317418,-16.51,18,100.0,0.5819,0.2271,0.6981,0.3311,0.5126,0.7855,0.9241,0.4241,-0.2847,C,0.2258,0.322-0.622,0.623,0.423,0.121
4375,317431,-11.83,13,92.3,0.975,0.0352,0.8691,0.1527,0.435,0.0201,0.1904,0.3923,-0.1331,C,0.225,0.322-0.622,0.623,0.423,0.121
4376,317445,-25.87,14,57.1,1.0571,0.0258,0.8121,0.1997,0.3926,0.0043,0.1003,0.3789,-0.1414,C,0.1766,0.322-0.622,0.623,0.423,0.121
4377,317520,-18.65,75,100.0,0.6191,0.2,0.479,0.4556,0.8824,0.5108,0.8248,0.4539,-0.4187,C,0.2027,0.322-0.622,0.623,0.423,0.121
4378,317538,-4.76,18,77.8,0.5893,0.2125,0.8025,0.1953,0.405,0.6326,0.6779,0.3995,-0.125,C,0.1926,0.322-0.622,0.623,0.423,0.121
4379,317586,-99.54,48,0.0,0.0,0.0,0.5582,0.3249,0.72,0.0,0.0,0.2792,-0.2451,C,0.1951,0.322-0.622,0.623,0.423,0.121
4380,317599,-18.95,13,100.0,0.8166,0.1363,0.8262,0.1486,0.4222,0.1738,0.6339,0.4262,-0.0636,C,0.171,0.322-0.622,0.623,0.423,0.121
4381,318170,971.02,571,99.8,0.245,0.2162,0.375,0.5514,0.977,2.7286,0.9284,0.4024,-0.5429,C,0.1909,0.322-0.622,0.625,0.425,0.121
4382,318185,-18.54,15,100.0,0.6735,0.1907,0.7945,0.2432,0.4018,0.642,0.8225,0.4538,-0.1826,C,0.2058,0.322-0.622,0.625,0.425,0.121
4383,318201,-22.99,16,43.8,0.9714,0.0636,0.8464,0.1503,0.3717,0.0061,0.1382,0.3705,-0.0913,C,0.2297,0.322-0.622,0.625,0.425,0.121
4384,318290,-69.08,89,92.1,0.7591,0.132,0.5602,0.3893,0.8395,0.166,0.5725,0.2283,-0.3381,C,0.2374,0.322-0.622,0.625,0.425,0.121
4385,318333,-34.37,43,81.4,0.8935,0.0669,0.6646,0.2853,0.7108,0.0768,0.2779,0.3532,-0.2306,C,0.2354,0.322-0.622,0.625,0.425,0.121
4386,318348,-0.53,15,100.0,0.6327,0.2129,0.8088,0.1984,0.4135,0.7757,0.8683,0.4736,-0.1111,C,0.2449,0.322-0.622,0.625,0.425,0.121
4387,318363,-2.15,15,100.0,0.5286,0.2414,0.7808,0.1737,0.4876,1.1017,0.9419,0.4266,-0.0922,C,0.1997,0.322-0.622,0.625,0.425,0.121
4388,318377,-13.52,14,92.9,0.7897,0.1435,0.8108,0.1806,0.4246,0.1564,0.6315,0.3889,-0.109,C,0.2277,0.322-0.622,0.625,0.425,0.121
4389,318392,-21.14,15,53.3,0.9579,0.0135,0.8161,0.2391,0.4278,0.0093,0.0767,0.4126,-0.1403,C,0.2008,0.322-0.622,0.625,0.425,0.121
4390,318406,-17.04,14,100.0,0.7363,0.1586,0.8189,0.2473,0.4223,0.3139,0.7448,0.3917,-0.2353,C,0.2207,0.322-0.622,0.625,0.425,0.121
4391,318420,-6.88,14,71.4,0.9892,0.0646,0.8649,0.1169,0.3824,0.0111,0.2228,0.4366,-0.0445,C,0.2159,0.322-0.622,0.625,0.425,0.121
4392,318435,-3.96,15,93.3,0.8484,0.1225,0.7844,0.1866,0.455,0.1075,0.5433,0.4542,-0.1047,C,0.2229,0.322-0.622,0.625,0.425,0.121
4393,318449,-1.34,14,100.0,0.5694,0.2279,0.808,0.196,0.4116,0.936,0.908,0.4298,-0.1408,C,0.2225,0.322-0.622,0.625,0.425,0.121
4394,318463,-15.24,14,92.9,0.9225,0.0821,0.8018,0.2173,0.4344,0.0397,0.3762,0.4755,-0.1995,C,0.1716,0.322-0.622,0.625,0.425,0.121
4395,318476,-5.92,13,100.0,0.6844,0.185,0.8612,0.1495,0.4268,0.3688,0.7985,0.4426,-0.0757,C,0.2232,0.322-0.622,0.625,0.425,0.121
4396,318489,-2.57,13,100.0,0.8163,0.1534,0.8395,0.1401,0.4305,0.1283,0.7178,0.3695,-0.0635,C,0.1956,0.322-0.622,0.625,0.425,0.121
4397,318516,8.51,27,88.9,0.4512,0.2149,0.7028,0.2996,0.5197,1.4762,0.8086,0.4541,-0.2404,C,0.2266,0.322-0.622,0.625,0.425,0.121
4398,318529,-15.81,13,100.0,0.5767,0.1914,0.8085,0.172,0.4388,1.0541,0.8099,0.3732,-0.1071,C,0.2266,0.322-0.622,0.625,0.425,0.121
4399,318656,65.71,127,99.2,0.3942,0.218,0.5208,0.5111,0.8953,1.7302,0.9192,0.4403,-0.5222,C,0.2477,0.322-0.622,0.626,0.426,0.121
4400,318670,-14.86,14,78.6,0.7367,0.1673,0.8836,0.1214,0.3264,0.1844,0.5889,0.4205,-0.0577,C,0.1862,0.322-0.622,0.626,0.426,0.121
4401,318683,-33.34,13,0.0,0.0,0.0,0.8583,0.1696,0.411,0.0,0.0,0.3587,-0.109,C,0.2243,0.322-0.622,0.626,0.426,0.121
4402,318697,-13.12,14,78.6,0.8223,0.0968,0.8802,0.1209,0.401,0.0956,0.3613,0.4481,-0.0625,C,0.1785,0.322-0.622,0.626,0.426,0.121
4403,318713,-21.99,16,100.0,0.7563,0.1841,0.7198,0.3234,0.4947,0.2893,0.8114,0.4187,-0.2738,C,0.1982,0.322-0.622,0.626,0.426,0.121
4404,318727,-16.04,14,85.7,0.8027,0.1227,0.918,0.0859,0.311,0.1236,0.482,0.4507,-0.0253,C,0.2144,0.322-0.622,0.626,0.426,0.121
4405,318742,-14.24,15,93.3,0.8266,0.15,0.7933,0.1981,0.4216,0.1454,0.6349,0.4526,-0.1209,C,0.177,0.322-0.622,0.626,0.426,0.121
4406,318756,-6.52,14,92.9,0.5771,0.2223,0.8656,0.1425,0.3631,0.972,0.8541,0.4007,-0.0673,C,0.2459,0.322-0.622,0.626,0.426,0.121
4407,318770,-3.06,14,92.9,0.6943,0.1913,0.8466,0.1474,0.424,0.3874,0.7906,0.4401,-0.0852,C,0.1996,0.322-0.622,0.626,0.426,0.121
4408,318783,-21.1,13,100.0,0.7501,0.1555,0.8399,0.1719,0.4108,0.2263,0.7235,0.389,-0.1051,C,0.1876,0.322-0.622,0.626,0.426,0.121
4409,318798,-18.87,15,93.3,0.7627,0.1482,0.8165,0.2321,0.4163,0.2195,0.6482,0.4396,-0.1513,C,0.2331,0.322-0.622,0.626,0.426,0.121
4410,318812,-1.51,14,78.6,0.6407,0.2019,0.8965,0.0854,0.3045,0.3925,0.6773,0.3166,-0.0225,C,0.2329,0.322-0.622,0.626,0.426,0.121
4411,318827,-9.64,15,73.3,0.8841,0.0941,0.8895,0.1166,0.3435,0.0489,0.3392,0.4443,-0.0497,C,0.2395,0.322-0.622,0.626,0.426,0.121
4412,318840,-15.16,13,100.0,0.7761,0.1481,0.8312,0.1566,0.4431,0.1734,0.6929,0.4667,-0.0861,C,0.2482,0.322-0.622,0.626,0.426,0.121
4413,318854,-4.01,14,100.0,0.4913,0.2339,0.8543,0.1555,0.4018,1.4094,0.8977,0.3749,-0.0755,C,0.2118,0.322-0.622,0.626,0.426,0.121
4414,318867,-14.01,13,100.0,0.6383,0.1897,0.8358,0.1705,0.4436,0.6448,0.7903,0.4594,-0.1089,C,0.1721,0.322-0.622,0.626,0.426,0.121
4415,318882,3.4,15,93.3,0.4713,0.2382,0.8301,0.1492,0.4297,1.3685,0.8323,0.3799,-0.0619,C,0.2178,0.322-0.622,0.626,0.426,0.121
4416,318895,-14.41,13,100.0,0.5472,0.2293,0.8409,0.1634,0.4423,1.0655,0.9395,0.4048,-0.1015,C,0.1808,0.322-0.622,0.626,0.426,0.121
4417,318910,-14.17,15,86.7,0.7679,0.1539,0.9042,0.0997,0.2893,0.4781,0.5924,0.4802,-0.0209,C,0.2461,0.322-0.622,0.626,0.426,0.121
4418,319013,24.4,103,94.2,0.5543,0.1921,0.4765,0.3931,0.834,0.8552,0.7839,0.3076,-0.316,C,0.1785,0.322-0.622,0.626,0.426,0.121
4419,319029,-7.14,16,87.5,0.6802,0.18,0.7815,0.2003,0.4113,0.3506,0.7008,0.48,-0.1255,C,0.2478,0.322-0.622,0.626,0.426,0.121
4420,319042,-23.61,13,100.0,0.8128,0.1247,0.8977,0.1596,0.3984,0.1398,0.5842,0.4396,-0.1754,C,0.1974,0.322-0.622,0.627,0.427,0.121
4421,319055,-6.53,13,100.0,0.5402,0.2174,0.8315,0.2301,0.4329,1.102,0.888,0.4532,-0.1985,C,0.1997,0.322-0.622,0.627,0.427,0.121
4422,319070,-18.01,15,100.0,0.7285,0.1916,0.7854,0.241,0.4036,0.3435,0.8426,0.476,-0.1903,C,0.2245,0.322-0.622,0.627,0.427,0.121
4423,319085,3.91,15,93.3,0.5955,0.2129,0.7996,0.151,0.3618,1.0096,0.8172,0.4495,-0.0664,C,0.2009,0.322-0.622,0.627,0.427,0.121
4424,319103,-40.51,18,0.0,0.0,0.0,0.8029,0.2537,0.399,0.0,0.0,0.4782,-0.2108,C,0.2016,0.322-0.622,0.627,0.427,0.121
4425,319118,-18.01,15,66.7,0.8709,0.0767,0.8327,0.2032,0.3932,0.038,0.24,0.4423,-0.1266,C,0.2341,0.322-0.622,0.627,0.427,0.121
4426,319256,61.16,138,99.3,0.4562,0.1466,0.5041,0.4808,0.9012,1.5361,0.6456,0.4359,-0.4631,C,0.1769,0.322-0.622,0.627,0.427,0.121
4427,319270,-15.55,14,78.6,0.7843,0.1278,0.8291,0.2207,0.3772,0.1091,0.4692,0.3548,-0.1467,C,0.237,0.322-0.622,0.627,0.427,0.121
4428,319285,-11.9,15,93.3,0.6827,0.1853,0.8187,0.1854,0.3523,0.77,0.7525,0.4318,-0.0901,C,0.1983,0.322-0.622,0.627,0.427,0.121
4429,319298,-24.37,13,76.9,0.8511,0.109,0.8922,0.1152,0.389,0.0567,0.3926,0.3667,-0.0591,C,0.2113,0.322-0.622,0.627,0.427,0.121
4430,319313,-15.79,15,86.7,0.8141,0.1135,0.887,0.1133,0.305,0.1618,0.4578,0.4167,-0.0309,C,0.1864,0.322-0.622,0.627,0.427,0.121
4431,319326,-16.93,13,92.3,0.8394,0.1001,0.8615,0.1227,0.4309,0.0869,0.4315,0.4129,-0.0623,C,0.1946,0.322-0.622,0.627,0.427,0.121
4432,319339,-6.14,13,92.3,0.7051,0.1755,0.9023,0.1267,0.3902,0.2956,0.7412,0.4458,-0.0871,C,0.2163,0.322-0.622,0.627,0.427,0.121
4433,319353,-7.34,14,100.0,0.5292,0.2242,0.8293,0.1926,0.3999,1.2302,0.8827,0.3827,-0.1317,C,0.2312,0.322-0.622,0.627,0.427,0.121
4434,319367,-15.91,14,100.0,0.5307,0.2236,0.8381,0.2176,0.4512,1.113,0.9211,0.4573,-0.1939,C,0.1969,0.322-0.622,0.627,0.427,0.121
4435,319383,-5.09,16,100.0,0.7942,0.1425,0.7599,0.1908,0.467,0.469,0.634,0.4086,-0.105,C,0.2182,0.322-0.622,0.627,0.427,0.121
4436,319404,-14.57,21,90.5,0.7613,0.1837,0.661,0.3023,0.5414,0.2461,0.7368,0.4162,-0.2245,C,0.2023,0.322-0.622,0.627,0.427,0.121
4437,319483,42.68,79,97.5,0.5319,0.2234,0.4683,0.4108,0.8424,1.0979,0.8519,0.4312,-0.3652,C,0.2064,0.322-0.622,0.627,0.427,0.121
4438,319496,-7.41,13,100.0,0.5788,0.2204,0.8369,0.1519,0.4317,0.8259,0.9601,0.4053,-0.0856,C,0.218,0.322-0.622,0.627,0.427,0.121
4439,319509,-0.77,13,100.0,0.819,0.1212,0.8354,0.0897,0.4194,0.1258,0.5689,0.3592,-0.0232,C,0.227,0.322-0.622,0.628,0.428,0.121
4440,319524,-31.86,15,0.0,0.0,0.0,0.7998,0.1667,0.3651,0.0,0.0,0.4128,-0.0773,C,0.1871,0.322-0.622,0.628,0.428,0.121
4441,319538,-5.13,14,85.7,0.7602,0.1577,0.8824,0.1174,0.3234,0.1504,0.6074,0.47,-0.0645,C,0.2078,0.322-0.622,0.628,0.428,0.121
4442,319553,-5.41,15,93.3,0.4487,0.2375,0.8301,0.168,0.4564,1.4492,0.8689,0.3885,-0.0933,C,0.2491,0.322-0.622,0.628,0.428,0.121
4443,319568,-14.42,15,100.0,0.7514,0.168,0.7779,0.2353,0.4368,0.2923,0.7732,0.357,-0.1461,C,0.1865,0.322-0.622,0.628,0.428,0.121
4444,319582,0.13,14,92.9,0.7789,0.1511,0.9377,0.071,0.3054,0.4993,0.6178,0.4491,-0.0134,C,0.2206,0.322-0.622,0.628,0.428,0.121
4445,319597,-10.26,15,93.3,0.7741,0.1629,0.8761,0.1848,0.3617,0.5632,0.6583,0.4587,-0.1753,C,0.2294,0.322-0.622,0.628,0.428,0.121
4446,319659,-29.82,62,95.2,0.5463,0.0999,0.5368,0.4042,0.813,0.7765,0.4415,0.2741,-0.364,C,0.1723,0.322-0.622,0.628,0.428,0.121
4447,319673,1.55,14,92.9,0.581,0.2205,0.8156,0.1643,0.3717,0.9456,0.8312,0.4899,-0.0844,C,0.234,0.322-0.622,0.628,0.428,0.121
4448,319687,-11.42,14,100.0,0.5632,0.2239,0.8238,0.2267,0.3825,1.037,0.9168,0.3758,-0.1941,C,0.2485,0.322-0.622,0.628,0.428,0.121
4449,319702,-3.93,15,73.3,0.7044,0.1876,0.9022,0.1214,0.295,0.2546,0.5928,0.381,-0.0525,C,0.2469,0.322-0.622,0.628,0.428,0.121
4450,319716,-8.42,14,100.0,0.6663,0.201,0.8402,0.2189,0.42,0.542,0.8572,0.4542,-0.1777,C,0.1906,0.322-0.622,0.628,0.428,0.121
4451,319731,-11.83,15,86.7,0.8707,0.1049,0.8369,0.2017,0.4574,0.0532,0.4343,0.47,-0.1815,C,0.2473,0.322-0.622,0.628,0.428,0.121
4452,319744,-10.99,13,100.0,0.7846,0.1454,0.8995,0.1592,0.4047,0.3656,0.6591,0.3945,-0.1235,C,0.1813,0.322-0.622,0.628,0.428,0.121
4453,319759,-12.45,15,86.7,0.6572,0.1934,0.8585,0.1169,0.317,0.7405,0.731,0.4607,-0.0397,C,0.2441,0.322-0.622,0.628,0.428,0.121
4454,319784,-28.12,25,88.0,0.6322,0.1883,0.6247,0.3927,0.5929,0.4104,0.7063,0.3882,-0.3496,C,0.2202,0.322-0.622,0.628,0.428,0.121
4455,319797,-2.91,13,100.0,0.7869,0.1608,0.8271,0.1462,0.4071,0.1469,0.7545,0.3626,-0.0822,C,0.2302,0.322-0.622,0.628,0.428,0.121
4456,319812,-8.07,15,93.3,0.7761,0.1639,0.7987,0.1725,0.4162,0.2252,0.7112,0.4418,-0.0825,C,0.235,0.322-0.622,0.628,0.428,0.121
4457,319956,47.97,144,98.6,0.4791,0.222,0.539,0.4764,0.8859,1.3631,0.8361,0.4116,-0.4759,C,0.2282,0.322-0.622,0.628,0.428,0.121
4458,320101,-66.9,145,99.3,0.5987,0.1811,0.4932,0.4908,0.8917,0.6528,0.803,0.3074,-0.4675,C,0.1795,0.322-0.622,0.629,0.429,0.121
4459,320116,-28.2,15,0.0,0.0,0.0,0.8875,0.1294,0.2924,0.0,0.0,0.4802,-0.0733,C,0.1842,0.322-0.622,0.629,0.429,0.121
4460,320131,-13.57,15,66.7,0.8648,0.1012,0.8671,0.1474,0.3733,0.0744,0.3253,0.3946,-0.0998,C,0.2395,0.322-0.622,0.629,0.429,0.121
4461,320146,0.07,15,86.7,0.6502,0.2093,0.8247,0.161,0.3634,0.6887,0.7388,0.416,-0.0674,C,0.2229,0.322-0.622,0.629,0.429,0.121
4462,320546,299.24,400,99.8,0.4227,0.1587,0.4364,0.4971,0.9504,1.8466,0.7052,0.2986,-0.4701,C,0.2301,0.322-0.622,0.63,0.43,0.122
4463,320560,-14.81,14,100.0,0.6972,0.1687,0.8236,0.1657,0.4096,0.6106,0.7422,0.4499,-0.104,C,0.1982,0.322-0.622,0.63,0.43,0.122
4464,320574,-13.1,14,100.0,0.8208,0.1583,0.8345,0.1515,0.4395,0.2966,0.6842,0.4469,-0.0754,C,0.2411,0.322-0.622,0.63,0.43,0.122
4465,320587,-9.52,13,100.0,0.8521,0.1342,0.8428,0.1956,0.4306,0.1192,0.6244,0.4795,-0.1242,C,0.2106,0.322-0.622,0.63,0.43,0.122
4466,320603,2.08,16,87.5,0.4878,0.2291,0.748,0.1902,0.4272,1.3042,0.7764,0.4725,-0.0958,C,0.1936,0.322-0.622,0.63,0.43,0.122
4467,320616,-12.58,13,100.0,0.7766,0.1532,0.8793,0.101,0.4293,0.1928,0.7114,0.4297,-0.0454,C,0.2037,0.322-0.622,0.63,0.43,0.122
4468,320650,-39.67,34,85.3,0.9854,0.0807,0.5806,0.3347,0.6566,0.012,0.3192,0.3389,-0.2767,C,0.1954,0.322-0.622,0.63,0.43,0.122
4469,320663,-13.46,13,100.0,0.5748,0.2133,0.8663,0.1272,0.3899,0.818,0.9321,0.4499,-0.0724,C,0.1767,0.322-0.622,0.63,0.43,0.122
4470,320676,-10.47,13,100.0,0.8005,0.1607,0.7927,0.2078,0.4599,0.142,0.7528,0.411,-0.1674,C,0.2208,0.322-0.622,0.63,0.43,0.122
4471,320690,0.43,14,100.0,0.5164,0.2395,0.8069,0.205,0.4224,1.2388,0.9183,0.4389,-0.1417,C,0.2127,0.322-0.622,0.63,0.43,0.122
4472,320705,-17.24,15,80.0,0.7566,0.1461,0.8716,0.1455,0.2859,0.196,0.5316,0.4215,-0.0687,C,0.2105,0.322-0.622,0.63,0.43,0.122
4473,320719,-3.89,14,100.0,0.8533,0.1272,0.7783,0.1897,0.4407,0.1143,0.595,0.4089,-0.0991,C,0.2328,0.322-0.622,0.63,0.43,0.122
4474,320733,0.81,14,85.7,0.6331,0.1944,0.9211,0.0711,0.298,0.753,0.7211,0.3667,-0.012,C,0.2391,0.322-0.622,0.63,0.43,0.122
4475,320746,-19.75,13,100.0,0.9266,0.0905,0.8566,0.1732,0.4302,0.0742,0.4368,0.3886,-0.1022,C,0.2293,0.322-0.622,0.63,0.43,0.122
4476,320760,-3.24,14,100.0,0.5698,0.2178,0.8533,0.1808,0.3749,1.0708,0.9089,0.4016,-0.0847,C,0.2445,0.322-0.622,0.63,0.43,0.122
4477,320773,-5.9,13,100.0,0.6357,0.192,0.835,0.1835,0.4376,0.657,0.8087,0.4653,-0.1329,C,0.178,0.322-0.622,0.63,0.43,0.122
4478,320805,9.4,32,87.5,0.4825,0.1956,0.6439,0.3066,0.5864,1.3879,0.7155,0.3222,-0.2252,C,0.186,0.322-0.622,0.63,0.43,0.122
4479,320827,-1.69,22,90.9,0.6324,0.2083,0.7189,0.2555,0.4572,0.6972,0.7927,0.4464,-0.1939,C,0.1835,0.322-0.622,0.63,0.43,0.122
4480,320840,-24.79,13,100.0,0.5962,0.2023,0.8348,0.2603,0.4257,0.8557,0.8976,0.4576,-0.2436,C,0.2115,0.322-0.622,0.63,0.43,0.122
4481,321150,325.67,310,99.4,0.4317,0.2325,0.4361,0.4725,0.9423,1.6066,0.8824,0.3811,-0.4198,C,0.2045,0.322-0.622,0.631,0.431,0.122
4482,321165,-3.45,15,93.3,0.7966,0.1523,0.7789,0.1743,0.4205,0.1879,0.6672,0.4489,-0.0896,C,0.1722,0.322-0.622,0.631,0.431,0.122
4483,321178,-25.24,13,100.0,0.8599,0.1089,0.8611,0.2288,0.3696,0.0724,0.5144,0.4124,-0.2511,C,0.1901,0.322-0.622,0.631,0.431,0.122
4484,321194,-10.47,16,93.8,0.7284,0.1469,0.7839,0.183,0.4577,0.2683,0.6446,0.395,-0.1135,C,0.1895,0.322-0.622,0.631,0.431,0.122
4485,321209,-1.31,15,86.7,0.7125,0.1762,0.8995,0.1139,0.3054,0.5882,0.6771,0.3612,-0.0344,C,0.234,0.322-0.622,0.631,0.431,0.122
4486,321223,-6.95,14,100.0,0.7059,0.1978,0.8139,0.2288,0.4316,0.4456,0.8348,0.4254,-0.1938,C,0.1827,0.322-0.622,0.631,0.431,0.122
4487,321238,-14.57,15,93.3,0.9276,0.0848,0.7985,0.2059,0.455,0.0394,0.3812,0.4286,-0.1378,C,0.2051,0.322-0.622,0.631,0.431,0.122
4488,321252,-13.93,14,78.6,1.034,0.0359,0.8321,0.1503,0.4393,0.0068,0.1687,0.4503,-0.0944,C,0.204,0.322-0.622,0.631,0.431,0.122
4489,321266,-12.96,14,71.4,0.9069,0.0596,0.8521,0.1125,0.4124,0.0271,0.2057,0.4713,-0.0374,C,0.1974,0.322-0.622,0.631,0.431,0.122
4490,321280,-1.79,14,92.9,0.7955,0.1484,0.9396,0.0703,0.3101,0.5608,0.6097,0.3957,-0.0176,C,0.2398,0.322-0.622,0.631,0.431,0.122
4491,321293,-17.91,13,100.0,0.5981,0.2064,0.837,0.2101,0.4454,0.8746,0.8787,0.4516,-0.1595,C,0.1874,0.322-0.622,0.631,0.431,0.122
4492,321307,-12.93,14,92.9,0.5879,0.1998,0.8731,0.142,0.3599,0.7034,0.7946,0.4821,-0.101,C,0.2341,0.322-0.622,0.631,0.431,0.122
4493,321320,-27.97,13,100.0,0.7515,0.163,0.8463,0.2291,0.4326,0.2582,0.7512,0.4426,-0.216,C,0.2232,0.322-0.622,0.631,0.431,0.122
4494,321334,-11.79,14,78.6,0.8634,0.0863,0.8581,0.1504,0.4006,0.0429,0.3291,0.4101,-0.0933,C,0.2447,0.322-0.622,0.631,0.431,0.122
4495,321433,138.04,99,99.0,0.3929,0.2444,0.6025,0.3844,0.8968,1.8417,0.8189,0.4515,-0.356,C,0.2204,0.322-0.622,0.632,0.432,0.122
4496,321472,52.21,39,92.3,0.3718,0.2301,0.6204,0.358,0.6815,2.09,0.837,0.4227,-0.2979,C,0.2015,0.322-0.622,0.632,0.432,0.122
4497,321489,-30.14,17,47.1,1.002,0.0371,0.7603,0.2936,0.5559,0.0046,0.0984,0.356,-0.2564,C,0.2348,0.322-0.622,0.632,0.432,0.122
4498,321515,-3.12,26,92.3,0.5392,0.2333,0.6303,0.3273,0.5529,0.9884,0.835,0.4584,-0.2383,C,0.2421,0.322-0.622,0.632,0.432,0.122
4499,321529,0.3,14,92.9,0.8086,0.1452,0.934,0.0772,0.3207,0.5941,0.588,0.493,-0.0127,C,0.2388,0.322-0.622,0.632,0.432,0.122
4500,321542,-13.58,13,100.0,0.5917,0.2042,0.856,0.2057,0.4288,0.7917,0.8802,0.3607,-0.1625,C,0.2292,0.322-0.622,0.632,0.432,0.122
4501,321558,-27.63,16,0.0,0.0,0.0,0.8407,0.1532,0.3705,0.0,0.0,0.4036,-0.0868,C,0.2404,0.322-0.622,0.632,0.432,0.122
4502,321655,54.68,97,99.0,0.5711,0.1942,0.5087,0.4319,0.8611,1.1064,0.8138,0.4488,-0.3756,C,0.1755,0.322-0.622,0.632,0.432,0.122
4503,321668,2.8,13,100.0,0.5716,0.237,0.8659,0.1538,0.4288,0.8327,0.9325,0.4032,-0.0624,C,0.1955,0.322-0.622,0.632,0.432,0.122
4504,321681,-8.96,13,100.0,0.5061,0.2228,0.8434,0.2043,0.4343,1.1585,0.966,0.3509,-0.1577,C,0.2317,0.322-0.622,0.632,0.432,0.122
4505,321697,-5.53,16,81.2,0.6968,0.1729,0.7986,0.1749,0.4703,0.2547,0.6344,0.3698,-0.0807,C,0.2395,0.322-0.622,0.632,0.432,0.122
4506,321712,-10.79,15,86.7,0.7974,0.1449,0.8885,0.0897,0.3259,0.2915,0.549,0.4433,-0.0199,C,0.2171,0.322-0.622,0.632,0.432,0.122
4507,321726,-2.4,14,92.9,0.7119,0.1847,0.8792,0.152,0.341,0.6638,0.7204,0.451,-0.0849,C,0.2376,0.322-0.622,0.632,0.432,0.122
4508,321741,-3.16,15,80.0,0.6428,0.1905,0.9086,0.108,0.29,0.5193,0.6574,0.4725,-0.071,C,0.177,0.322-0.622,0.632,0.432,0.122
4509,321943,207.88,202,98.5,0.3569,0.1943,0.3794,0.4999,0.9497,1.9918,0.8499,0.3544,-0.4649,C,0.2455,0.322-0.622,0.633,0.433,0.122
4510,321958,-2.04,15,100.0,0.5068,0.2417,0.7457,0.2897,0.4792,1.3501,0.8676,0.414,-0.2226,C,0.2347,0.322-0.622,0.633,0.433,0.122
4511,321972,-4.56,14,100.0,0.5359,0.229,0.785,0.1683,0.4041,1.1553,0.9113,0.4234,-0.0825,C,0.1844,0.322-0.622,0.633,0.433,0.122
4512,321987,-4.33,15,100.0,0.8529,0.1252,0.83,0.177,0.3305,0.5262,0.5747,0.4104,-0.0797,C,0.2398,0.322-0.622,0.633,0.433,0.122
4513,322002,0.96,15,86.7,0.5241,0.2317,0.8346,0.1798,0.3979,1.113,0.739,0.3849,-0.1053,C,0.2192,0.322-0.622,0.633,0.433,0.122
4514,322016,-11.02,14,78.6,0.6991,0.1643,0.8479,0.2195,0.4183,0.2873,0.5907,0.3429,-0.1919,C,0.1736,0.322-0.622,0.633,0.433,0.122
4515,322030,-6.37,14,92.9,0.7604,0.1538,0.8345,0.1863,0.3604,0.1851,0.6348,0.3984,-0.101,C,0.2192,0.322-0.622,0.633,0.433,0.122
4516,322045,-6.17,15,73.3,0.8726,0.093,0.8957,0.0889,0.2961,0.0403,0.3347,0.4624,-0.0321,C,0.2031,0.322-0.622,0.633,0.433,0.122
4517,322059,-5.82,14,85.7,0.7399,0.1654,0.8942,0.123,0.3312,0.2484,0.6283,0.4093,-0.0867,C,0.2436,0.322-0.622,0.633,0.433,0.122
4518,322073,-13.31,14,92.9,0.8462,0.1395,0.7901,0.2036,0.443,0.0896,0.6063,0.4692,-0.1281,C,0.2227,0.322-0.622,0.633,0.433,0.122
4519,322287,3.22,214,99.5,0.3911,0.1906,0.4266,0.5879,0.9373,1.7064,0.8375,0.4011,-0.6271,C,0.1844,0.322-0.622,0.633,0.433,0.122
4520,322301,-15.59,14,78.6,0.8014,0.1357,0.9401,0.0562,0.2801,0.1103,0.4858,0.4816,-0.0075,C,0.2297,0.322-0.622,0.633,0.433,0.122
4521,322315,-2.98,14,92.9,0.7304,0.1611,0.8805,0.1231,0.3229,0.6289,0.6656,0.3819,-0.045,C,0.1828,0.322-0.622,0.634,0.434,0.122
4522,322328,-17.22,13,100.0,0.9585,0.0703,0.8422,0.1889,0.4178,0.0344,0.3347,0.394,-0.1244,C,0.1794,0.322-0.622,0.634,0.434,0.122
4523,322342,-16.05,14,100.0,0.8015,0.1499,0.773,0.2218,0.4189,0.349,0.672,0.422,-0.1278,C,0.1847,0.322-0.622,0.634,0.434,0.122
4524,322357,2.46,15,86.7,0.5951,0.206,0.8725,0.11,0.3209,0.8698,0.7511,0.3691,-0.0229,C,0.2482,0.322-0.622,0.634,0.434,0.122
4525,322483,23.11,126,96.8,0.5156,0.2061,0.5128,0.4404,0.8628,0.9856,0.8032,0.3894,-0.406,C,0.1987,0.322-0.622,0.634,0.434,0.122
4526,322498,-1.92,15,93.3,0.5902,0.2242,0.8124,0.1649,0.4502,0.7565,0.813,0.3999,-0.0622,C,0.2468,0.322-0.622,0.634,0.434,0.122
4527,322512,-14.8,14,92.9,0.8059,0.1264,0.9454,0.0457,0.2965,0.4236,0.54,0.4116,-0.0059,C,0.2115,0.322-0.622,0.634,0.434,0.122
4528,322585,19.38,73,98.6,0.4128,0.2415,0.4791,0.4931,0.8214,1.6355,0.7846,0.412,-0.4651,C,0.2327,0.322-0.622,0.634,0.434,0.122
4529,322599,1.1,14,92.9,0.6181,0.1991,0.8805,0.1085,0.3184,0.8818,0.8124,0.4617,-0.0489,C,0.2126,0.322-0.622,0.634,0.434,0.122
4530,322613,-19.51,14,100.0,0.7547,0.1537,0.8223,0.1888,0.3773,0.6044,0.6753,0.4617,-0.1245,C,0.2467,0.322-0.622,0.634,0.434,0.122
4531,322627,-12.61,14,100.0,0.6498,0.1968,0.8823,0.1603,0.3724,0.8373,0.861,0.4448,-0.1454,C,0.2056,0.322-0.622,0.634,0.434,0.122
4532,322641,-20.29,14,100.0,0.7111,0.1678,0.8041,0.2017,0.4014,0.3645,0.7427,0.4574,-0.0984,C,0.2338,0.322-0.622,0.634,0.434,0.122
4533,322656,-20.22,15,100.0,0.7666,0.1589,0.7997,0.2646,0.3794,0.6734,0.6954,0.4568,-0.1767,C,0.2328,0.322-0.622,0.634,0.434,0.122
4534,322670,-2.08,14,92.9,0.7066,0.17,0.8891,0.105,0.3305,0.7166,0.7028,0.3626,-0.0422,C,0.2433,0.322-0.622,0.634,0.434,0.122
4535,322684,-20.24,14,92.9,0.85,0.1194,0.8122,0.2826,0.4138,0.0959,0.5251,0.4159,-0.3067,C,0.1754,0.322-0.622,0.634,0.434,0.122
4536,322698,-2.97,14,100.0,0.6097,0.2178,0.8164,0.1583,0.4059,0.8843,0.9134,0.3585,-0.0972,C,0.1751,0.322-0.622,0.634,0.434,0.122
4537,322711,-15.84,13,92.3,0.7065,0.1634,0.8582,0.1639,0.402,0.2605,0.7063,0.4133,-0.0876,C,0.2274,0.322-0.622,0.634,0.434,0.122
4538,322792,101.12,81,100.0,0.3575,0.1816,0.4975,0.4009,0.8336,2.0034,0.7213,0.4275,-0.3348,C,0.1768,0.322-0.622,0.635,0.435,0.122
4539,322806,-6.7,14,100.0,0.5302,0.2189,0.82,0.1955,0.3935,1.1395,0.9419,0.4232,-0.1249,C,0.2213,0.322-0.622,0.635,0.435,0.122
4540,322848,-13.94,42,90.5,0.5318,0.2302,0.6107,0.3977,0.7264,0.9563,0.8416,0.3717,-0.378,C,0.2333,0.322-0.622,0.635,0.435,0.122
4541,322861,-5.63,13,92.3,0.7965,0.1165,0.9071,0.1244,0.3619,0.1287,0.5046,0.4185,-0.0563,C,0.2154,0.322-0.622,0.635,0.435,0.122
4542,322874,-8.12,13,100.0,0.876,0.0935,0.851,0.1527,0.4503,0.0698,0.4357,0.3643,-0.0935,C,0.2427,0.322-0.622,0.635,0.435,0.122
4543,322939,45.44,65,90.8,0.3813,0.2519,0.5483,0.4446,0.781,1.7898,0.8427,0.4648,-0.4352,C,0.1943,0.322-0.622,0.635,0.435,0.122
4544,323279,155.3,340,99.7,0.5169,0.2301,0.4394,0.4858,0.9479,1.099,0.8748,0.3858,-0.4448,C,0.2235,0.322-0.622,0.636,0.436,0.123
4545,323293,-7.47,14,92.9,0.7768,0.1377,0.8521,0.1879,0.3638,0.1884,0.6086,0.4509,-0.1482,C,0.224,0.322-0.622,0.636,0.436,0.123
4546,323307,-13.16,14,92.9,0.7667,0.1642,0.8523,0.1844,0.4014,0.1755,0.7018,0.404,-0.1191,C,0.2494,0.322-0.622,0.636,0.436,0.123
4547,323323,-1.91,16,100.0,0.6576,0.2059,0.7803,0.2005,0.4539,0.6152,0.8754,0.3768,-0.1567,C,0.197,0.322-0.622,0.636,0.436,0.123
4548,323337,-9.92,14,100.0,0.7004,0.198,0.7942,0.2413,0.4349,0.4466,0.8422,0.4441,-0.204,C,0.1884,0.322-0.622,0.636,0.436,0.123
4549,323362,8.86,25,84.0,0.4892,0.2344,0.6813,0.3193,0.5689,1.1361,0.741,0.4066,-0.2405,C,0.208,0.322-0.622,0.636,0.436,0.123
4550,323377,-12.12,15,93.3,0.8196,0.1519,0.7915,0.2597,0.4373,0.1336,0.6609,0.3758,-0.1626,C,0.2265,0.322-0.622,0.636,0.436,0.123
4551,323395,-37.52,18,77.8,0.9494,0.0496,0.6931,0.3749,0.4704,0.0203,0.1974,0.4456,-0.3274,C,0.2355,0.322-0.622,0.636,0.436,0.123
4552,323411,-9.51,16,81.2,0.7738,0.134,0.8468,0.1659,0.3208,0.1667,0.494,0.4438,-0.1021,C,0.1782,0.322-0.622,0.636,0.436,0.123
4553,323424,-20.24,13,100.0,0.6817,0.1736,0.8261,0.1942,0.39,0.3773,0.7754,0.4524,-0.1219,C,0.1779,0.322-0.622,0.636,0.436,0.123
4554,323438,-20.04,14,85.7,0.8547,0.0929,0.839,0.2043,0.4223,0.0601,0.3725,0.4548,-0.1582,C,0.1806,0.322-0.622,0.636,0.436,0.123
4555,323452,-12.07,14,100.0,0.6132,0.1948,0.7902,0.2254,0.4016,0.9301,0.8362,0.3995,-0.1595,C,0.2482,0.322-0.622,0.636,0.436,0.123
4556,323465,-24.48,13,100.0,0.8622,0.0987,0.8657,0.1857,0.398,0.0565,0.4749,0.3938,-0.131,C,0.1814,0.322-0.622,0.636,0.436,0.123
4557,323481,4.53,16,100.0,0.6195,0.2148,0.7902,0.173,0.5084,0.7635,0.8933,0.3363,-0.0795,C,0.2139,0.322-0.622,0.636,0.436,0.123
4558,323497,-0.35,16,100.0,0.5862,0.2186,0.7513,0.236,0.5361,0.9225,0.9053,0.4226,-0.1582,C,0.2105,0.322-0.622,0.636,0.436,0.123
4559,323510,-12.22,13,61.5,1.1027,0.037,0.9268,0.0845,0.3408,0.0018,0.1304,0.4381,-0.0401,C,0.1909,0.322-0.622,0.636,0.436,0.123
4560,323525,-15.16,15,73.3,0.8647,0.1104,0.8879,0.135,0.3156,0.0364,0.3835,0.4715,-0.0546,C,0.221,0.322-0.622,0.636,0.436,0.123
4561,323545,-21.6,20,85.0,0.6366,0.1855,0.7513,0.2702,0.5035,0.4117,0.6456,0.3858,-0.2236,C,0.2009,0.322-0.622,0.636,0.436,0.123
4562,323558,-18.46,13,92.3,0.9304,0.079,0.8296,0.2381,0.4143,0.031,0.3453,0.4003,-0.1972,C,0.1984,0.322-0.622,0.636,0.436,0.123
4563,323572,-8.01,14,92.9,0.4759,0.2238,0.8186,0.1733,0.3568,1.3421,0.8258,0.3934,-0.1101,C,0.1784,0.322-0.622,0.636,0.436,0.123
4564,323585,-10.18,13,100.0,0.8633,0.1276,0.8666,0.1245,0.4461,0.0781,0.5974,0.4477,-0.0575,C,0.2275,0.322-0.622,0.636,0.436,0.123
4565,323598,-8.14,13,69.2,1.0349,0.0277,0.8561,0.108,0.4052,0.0081,0.1261,0.3909,-0.0376,C,0.2106,0.322-0.622,0.636,0.436,0.123
4566,323613,-19.14,15,86.7,0.7004,0.1576,0.8087,0.2319,0.3814,0.2726,0.6326,0.417,-0.1876,C,0.1885,0.322-0.622,0.636,0.436,0.123
4567,323628,-4.94,15,100.0,0.5708,0.2072,0.8014,0.1896,0.3766,1.0501,0.8876,0.409,-0.1227,C,0.2343,0.322-0.622,0.636,0.436,0.123
4568,323642,-4.51,14,78.6,0.7573,0.1468,0.9502,0.0566,0.276,0.146,0.5326,0.3486,-0.0106,C,0.1851,0.322-0.622,0.636,0.436,0.123
4569,323656,-0.85,14,92.9,0.6809,0.1877,0.8339,0.1563,0.3406,0.7559,0.7532,0.47,-0.0652,C,0.2255,0.322-0.622,0.636,0.436,0.123
4570,323669,-10.74,13,100.0,0.5406,0.2197,0.8438,0.1721,0.3773,1.0312,0.9366,0.3595,-0.0954,C,0.2054,0.322-0.622,0.636,0.436,0.123
4571,323683,-4.1,14,92.9,0.5592,0.2151,0.8545,0.212,0.3734,1.0047,0.827,0.4305,-0.1393,C,0.2007,0.322-0.622,0.636,0.436,0.123
4572,323906,-1.65,223,99.6,0.4734,0.2103,0.4733,0.5413,0.9238,1.3019,0.8481,0.4327,-0.5626,C,0.1896,0.322-0.622,0.637,0.437,0.123
4573,324006,82.94,100,98.0,0.3812,0.2143,0.4952,0.4991,0.8699,2.0649,0.8839,0.4275,-0.4979,C,0.2022,0.322-0.622,0.637,0.437,0.123
4574,324019,-5.06,13,100.0,0.8533,0.1297,0.9014,0.1142,0.3861,0.2487,0.601,0.4119,-0.0579,C,0.2278,0.322-0.622,0.637,0.437,0.123
4575,324032,-3.25,13,92.3,0.6843,0.1821,0.8632,0.159,0.3993,0.3511,0.7533,0.3681,-0.1104,C,0.1863,0.322-0.622,0.637,0.437,0.123
4576,324053,-22.13,21,100.0,0.6855,0.1732,0.6702,0.3301,0.5395,0.7975,0.7347,0.429,-0.2649,C,0.1943,0.322-0.622,0.637,0.437,0.123
4577,324067,-1.58,14,85.7,0.7394,0.1559,0.9175,0.0899,0.3318,0.2631,0.5745,0.4344,-0.0263,C,0.2052,0.322-0.622,0.637,0.437,0.123
4578,324080,-20.83,13,100.0,0.8079,0.1413,0.8555,0.1545,0.398,0.3291,0.6415,0.4657,-0.0745,C,0.1737,0.322-0.622,0.637,0.437,0.123
4579,324106,-13.61,26,84.6,0.5048,0.2057,0.7291,0.3187,0.5046,1.2118,0.7233,0.392,-0.3202,C,0.2419,0.322-0.622,0.637,0.437,0.123
4580,324120,-11.62,14,100.0,0.6942,0.2109,0.8284,0.1992,0.4553,0.3863,0.9018,0.4218,-0.1363,C,0.217,0.322-0.622,0.637,0.437,0.123
4581,324134,-1.84,14,92.9,0.4305,0.226,0.8611,0.152,0.3926,1.6222,0.7946,0.3727,-0.1034,C,0.2064,0.322-0.622,0.637,0.437,0.123
4582,324411,638.17,277,99.3,0.2863,0.2644,0.3361,0.4307,0.9471,2.4337,0.8967,0.3849,-0.3468,C,0.2054,0.322-0.622,0.638,0.438,0.123
4583,324428,-12.83,17,64.7,0.955,0.1025,0.7993,0.1802,0.4452,0.013,0.3142,0.3738,-0.1209,C,0.1976,0.322-0.622,0.638,0.438,0.123
4584,324443,-18.28,15,100.0,0.7132,0.1519,0.8635,0.2287,0.3992,0.849,0.6746,0.4037,-0.1892,C,0.2341,0.322-0.622,0.638,0.438,0.123
4585,324458,-5.56,15,80.0,0.8695,0.0946,0.8828,0.1214,0.3079,0.0485,0.3673,0.4753,-0.0497,C,0.2417,0.322-0.622,0.638,0.438,0.123
4586,324594,-26.88,136,99.3,0.5736,0.2432,0.4392,0.5103,0.9095,0.7595,0.9483,0.3714,-0.4955,C,0.1839,0.322-0.622,0.638,0.438,0.123
4587,324625,-3.27,31,90.3,0.4863,0.2461,0.6645,0.394,0.7035,1.272,0.8172,0.3655,-0.3802,C,0.2162,0.322-0.622,0.638,0.438,0.123
4588,324638,-2.93,13,100.0,0.5905,0.1886,0.8472,0.1556,0.4114,0.8091,0.83,0.4003,-0.0954,C,0.1743,0.322-0.622,0.639,0.439,0.123
4589,324736,70.6,98,99.0,0.3431,0.2742,0.4616,0.5442,0.9006,2.1157,0.815,0.4722,-0.5615,C,0.2247,0.322-0.622,0.639,0.439,0.123
4590,324749,0.34,13,100.0,0.6289,0.214,0.8564,0.1418,0.4066,0.5851,0.9231,0.3647,-0.0737,C,0.1882,0.322-0.622,0.639,0.439,0.123
4591,324763,-4.33,14,100.0,0.6524,0.183,0.8465,0.1679,0.3921,0.7869,0.7748,0.4501,-0.0983,C,0.1743,0.322-0.622,0.639,0.439,0.123
4592,324776,-3.72,13,100.0,0.6616,0.1933,0.8854,0.1376,0.4223,0.5508,0.8426,0.4198,-0.1034,C,0.1907,0.322-0.622,0.639,0.439,0.123
4593,324828,24.92,52,90.4,0.5799,0.2124,0.6322,0.2724,0.7377,0.6484,0.6921,0.3029,-0.1816,C,0.2376,0.322-0.622,0.639,0.439,0.123
4594,324869,0.37,41,97.6,0.5531,0.2188,0.6248,0.3622,0.72,0.8945,0.8149,0.343,-0.3031,C,0.195,0.322-0.622,0.639,0.439,0.123
4595,324883,-21.36,14,100.0,0.9535,0.0891,0.8513,0.2249,0.4114,0.0817,0.4342,0.4277,-0.2127,C,0.1902,0.322-0.622,0.639,0.439,0.123
4596,324897,-23.38,14,85.7,0.7851,0.1205,0.805,0.225,0.4007,0.1057,0.4811,0.3978,-0.1577,C,0.2067,0.322-0.622,0.639,0.439,0.123
4597,324942,61.83,45,97.8,0.3215,0.2357,0.6199,0.3501,0.7006,2.4373,0.8051,0.4209,-0.3063,C,0.2174,0.322-0.622,0.639,0.439,0.123
4598,324956,-6.47,14,78.6,0.8437,0.1045,0.9271,0.0949,0.2922,0.066,0.3907,0.4824,-0.0561,C,0.1875,0.322-0.622,0.639,0.439,0.123
4599,324970,-2.81,14,100.0,0.7591,0.1578,0.8174,0.1625,0.4087,0.2492,0.7421,0.4347,-0.0793,C,0.1833,0.322-0.622,0.639,0.439,0.123
4600,324987,-12.58,17,100.0,0.6941,0.1887,0.7403,0.3141,0.447,0.8056,0.7952,0.4297,-0.2625,C,0.191,0.322-0.622,0.639,0.439,0.123
4601,325006,-19.06,19,100.0,0.7934,0.1581,0.6443,0.3541,0.5336,0.2924,0.7084,0.4339,-0.282,C,0.2464,0.322-0.622,0.639,0.439,0.123
4602,325019,-16.76,13,100.0,0.6832,0.1828,0.8615,0.1901,0.3937,0.3999,0.8321,0.2997,-0.1458,C,0.2413,0.322-0.622,0.639,0.439,0.123
4603,325033,-14.37,14,85.7,0.78,0.1363,0.939,0.0694,0.2939,0.1696,0.5338,0.482,-0.0135,C,0.2151,0.322-0.622,0.639,0.439,0.123
4604,325047,-18.47,14,78.6,0.9517,0.032,0.8743,0.1776,0.4082,0.023,0.1547,0.3983,-0.1502,C,0.2411,0.322-0.622,0.639,0.439,0.123
4605,325061,-1.61,14,85.7,0.7002,0.1746,0.8896,0.1091,0.334,0.395,0.64,0.4567,-0.0473,C,0.229,0.322-0.622,0.639,0.439,0.123
4606,325074,-4.63,13,100.0,0.6294,0.2332,0.8615,0.1218,0.4373,0.5887,0.9266,0.3904,-0.0616,C,0.2081,0.322-0.622,0.639,0.439,0.123
4607,325091,-25.76,17,70.6,0.9063,0.087,0.8379,0.1778,0.4029,0.0212,0.2921,0.4134,-0.1626,C,0.2105,0.322-0.622,0.639,0.439,0.123
4608,325305,157.29,214,100.0,0.368,0.1642,0.5192,0.4735,0.9123,1.923,0.6277,0.3789,-0.4576,C,0.2427,0.322-0.622,0.64,0.44,0.123
4609,325322,-13.24,17,52.9,0.9649,0.0711,0.8045,0.1724,0.3285,0.0095,0.1853,0.478,-0.0854,C,0.193,0.322-0.622,0.64,0.44,0.123
4610,325336,-25.93,14,0.0,0.0,0.0,0.9144,0.1079,0.3416,0.0,0.0,0.4666,-0.0906,C,0.2274,0.322-0.622,0.64,0.44,0.123
4611,325350,-5.3,14,100.0,0.7168,0.1691,0.9081,0.128,0.338,0.6917,0.771,0.4246,-0.0925,C,0.2228,0.322-0.622,0.64,0.44,0.123
4612,325363,-12.52,13,100.0,0.9141,0.0886,0.8921,0.1084,0.3967,0.0455,0.4219,0.4168,-0.0517,C,0.2167,0.322-0.622,0.64,0.44,0.123
4613,325378,-20.6,15,86.7,0.6908,0.1643,0.805,0.2442,0.379,0.3418,0.6605,0.4143,-0.2088,C,0.2189,0.322-0.622,0.64,0.44,0.123
4614,325392,-13.97,14,100.0,0.8385,0.1296,0.8648,0.1973,0.3943,0.132,0.6019,0.4155,-0.1746,C,0.2338,0.322-0.622,0.64,0.44,0.123
4615,325406,-7.66,14,100.0,0.5984,0.2043,0.782,0.1646,0.3888,0.9946,0.8751,0.4544,-0.0814,C,0.2255,0.322-0.622,0.64,0.44,0.123
4616,325420,-5.93,14,100.0,0.547,0.2353,0.8324,0.1792,0.4196,1.0813,0.9522,0.3531,-0.1215,C,0.2237,0.322-0.622,0.64,0.44,0.123
4617,325434,-5.69,14,100.0,0.8323,0.1311,0.8792,0.1657,0.3415,0.4383,0.5912,0.4758,-0.1062,C,0.244,0.322-0.622,0.64,0.44,0.123
4618,325448,-2.65,14,85.7,0.7372,0.1456,0.8496,0.1477,0.4226,0.2398,0.5891,0.4239,-0.0725,C,0.2148,0.322-0.622,0.64,0.44,0.123
4619,325837,327.0,389,100.0,0.4302,0.1942,0.3767,0.4843,0.9589,1.5804,0.8033,0.3717,-0.4443,C,0.2337,0.322-0.622,0.641,0.441,0.124
4620,325850,-14.92,13,100.0,0.8314,0.1388,0.8041,0.2564,0.4571,0.1071,0.6489,0.4488,-0.249,C,0.2247,0.322-0.622,0.641,0.441,0.124
4621,325863,-8.89,13,92.3,0.812,0.141,0.8779,0.1779,0.4281,0.1081,0.6092,0.4312,-0.1178,C,0.2424,0.322-0.622,0.641,0.441,0.124
4622,325876,-0.83,13,100.0,0.5482,0.2296,0.8448,0.167,0.4376,0.9527,0.9559,0.4722,-0.0873,C,0.2451,0.322-0.622,0.641,0.441,0.124
4623,325894,-15.18,18,94.4,0.6083,0.2043,0.7489,0.2718,0.4622,0.8709,0.8017,0.3377,-0.2008,C,0.227,0.322-0.622,0.641,0.441,0.124
4624,325908,-8.04,14,100.0,0.5928,0.2116,0.7626,0.1924,0.4621,0.7763,0.8964,0.3942,-0.0827,C,0.2321,0.322-0.622,0.641,0.441,0.124
4625,325922,-8.78,14,85.7,0.7138,0.1631,0.823,0.175,0.4006,0.2186,0.6287,0.4585,-0.1084,C,0.2265,0.322-0.622,0.641,0.441,0.124
4626,325935,1.52,13,100.0,0.7001,0.2083,0.8584,0.096,0.4234,0.2938,0.9127,0.3868,-0.0431,C,0.2224,0.322-0.622,0.641,0.441,0.124
4627,325949,-13.98,14,85.7,0.7225,0.1764,0.9151,0.0684,0.3024,0.3648,0.6573,0.3988,-0.0169,C,0.2402,0.322-0.622,0.641,0.441,0.124
4628,325962,-17.25,13,100.0,0.601,0.2218,0.8491,0.2129,0.4559,0.8007,0.8844,0.446,-0.1866,C,0.1886,0.322-0.622,0.641,0.441,0.124
4629,325979,-15.86,17,88.2,0.7791,0.1396,0.8241,0.1538,0.3593,0.424,0.5334,0.4618,-0.0699,C,0.2086,0.322-0.622,0.641,0.441,0.124
4630,325993,-6.68,14,100.0,0.7745,0.152,0.8555,0.1499,0.3558,0.6866,0.6775,0.4789,-0.1293,C,0.2011,0.322-0.622,0.641,0.441,0.124
4631,326006,-21.51,13,100.0,0.6784,0.1856,0.858,0.1549,0.3905,0.3946,0.8414,0.4052,-0.121,C,0.1845,0.322-0.622,0.641,0.441,0.124
4632,326021,-11.23,15,93.3,0.7636,0.153,0.857,0.1027,0.322,0.6428,0.6385,0.4152,-0.0266,C,0.219,0.322-0.622,0.641,0.441,0.124
4633,326036,-0.32,15,100.0,0.7037,0.1796,0.7793,0.201,0.3931,0.6816,0.7722,0.4606,-0.0978,C,0.238,0.322-0.622,0.641,0.441,0.124
4634,326050,-2.05,14,78.6,0.7159,0.1646,0.9386,0.0532,0.2826,0.1974,0.5841,0.4109,-0.0097,C,0.2345,0.322-0.622,0.642,0.442,0.124
4635,326207,19.61,157,100.0,0.35,0.2626,0.5554,0.5821,0.9146,2.1021,0.8534,0.4489,-0.6952,C,0.2398,0.322-0.622,0.642,0.442,0.124
4636,326223,-7.33,16,100.0,0.6592,0.2245,0.7606,0.2798,0.5163,0.547,0.8747,0.4791,-0.2117,C,0.2447,0.322-0.622,0.642,0.442,0.124
4637,326237,-13.99,14,85.7,0.819,0.1221,0.9242,0.072,0.3116,0.1528,0.4699,0.4818,-0.0164,C,0.193,0.322-0.622,0.642,0.442,0.124
4638,326306,-48.96,69,97.1,0.7758,0.1159,0.5354,0.4021,0.8377,0.1394,0.5119,0.4854,-0.3542,C,0.1887,0.322-0.622,0.642,0.442,0.124
4639,326477,-65.45,171,99.4,0.5944,0.1919,0.4444,0.5472,0.9307,0.906,0.7866,0.4717,-0.5549,C,0.2029,0.322-0.622,0.642,0.442,0.124
4640,326490,-4.01,13,92.3,0.6633,0.1882,0.8646,0.1404,0.3967,0.3957,0.7721,0.418,-0.0795,C,0.2405,0.322-0.622,0.642,0.442,0.124
4641,326503,-3.36,13,100.0,0.6562,0.1879,0.8656,0.1548,0.3748,0.539,0.8173,0.3825,-0.0921,C,0.1915,0.322-0.622,0.643,0.443,0.124
4642,326518,-8.67,15,100.0,0.674,0.1882,0.7968,0.236,0.4442,0.5301,0.8294,0.3626,-0.1436,C,0.2062,0.322-0.622,0.643,0.443,0.124
4643,326532,0.12,14,100.0,0.5405,0.2304,0.8742,0.1746,0.4331,1.1107,0.9341,0.4519,-0.1122,C,0.1798,0.322-0.622,0.643,0.443,0.124
4644,326546,-28.41,14,100.0,0.9514,0.092,0.7953,0.2239,0.4204,0.0314,0.4251,0.4302,-0.212,C,0.2445,0.322-0.622,0.643,0.443,0.124
4645,326559,-12.64,13,100.0,0.8832,0.0937,0.8655,0.209,0.4094,0.0869,0.4479,0.3982,-0.1644,C,0.2474,0.322-0.622,0.643,0.443,0.124
4646,326573,-32.03,14,0.0,0.0,0.0,0.8667,0.1341,0.3344,0.0,0.0,0.4196,-0.0627,C,0.2308,0.322-0.622,0.643,0.443,0.124
4647,326587,-4.88,14,100.0,0.8047,0.1468,0.8049,0.1812,0.4305,0.1535,0.6841,0.3982,-0.1038,C,0.2444,0.322-0.622,0.643,0.443,0.124
4648,326600,-14.33,13,100.0,0.7192,0.1766,0.8422,0.1266,0.435,0.4251,0.759,0.3911,-0.0463,C,0.23,0.322-0.622,0.643,0.443,0.124
4649,326614,-12.84,14,92.9,0.7468,0.1653,0.925,0.0846,0.3038,0.4943,0.6731,0.4258,-0.0142,C,0.2241,0.322-0.622,0.643,0.443,0.124
4650,326627,-11.29,13,100.0,0.4621,0.2425,0.8016,0.2484,0.4392,1.4061,0.973,0.4406,-0.1864,C,0.2119,0.322-0.622,0.643,0.443,0.124
4651,326693,-69.14,66,100.0,0.7648,0.1073,0.5418,0.4766,0.8634,0.1866,0.5037,0.4309,-0.4562,C,0.2048,0.322-0.622,0.643,0.443,0.124
4652,326707,-16.82,14,57.1,0.8842,0.141,0.8477,0.1941,0.3912,0.0252,0.3788,0.3177,-0.1331,C,0.2015,0.322-0.622,0.643,0.443,0.124
4653,326721,-16.56,14,85.7,0.7072,0.1813,0.9026,0.0991,0.3124,0.3837,0.6799,0.3524,-0.026,C,0.1808,0.322-0.622,0.643,0.443,0.124
4654,326737,-8.8,16,100.0,0.5649,0.2316,0.7438,0.288,0.4876,1.0045,0.9247,0.4054,-0.2398,C,0.2422,0.322-0.622,0.643,0.443,0.124
4655,326751,-10.62,14,57.1,0.8993,0.0656,0.876,0.1082,0.3409,0.0326,0.1828,0.3735,-0.0543,C,0.2075,0.322-0.622,0.643,0.443,0.124
4656,326765,-9.27,14,50.0,0.9541,0.0709,0.932,0.0726,0.3154,0.0097,0.1757,0.4347,-0.0118,C,0.2092,0.322-0.622,0.643,0.443,0.124
4657,326779,-29.27,14,64.3,1.0527,0.0583,0.8238,0.2362,0.4243,0.009,0.1887,0.4018,-0.1763,C,0.1772,0.322-0.622,0.643,0.443,0.124
4658,326793,-12.38,14,100.0,0.7149,0.1673,0.7847,0.192,0.3976,0.6645,0.7315,0.4054,-0.1079,C,0.1997,0.322-0.622,0.643,0.443,0.124
4659,326806,-11.55,13,100.0,0.9054,0.0886,0.8611,0.146,0.4424,0.0432,0.4298,0.3959,-0.0764,C,0.1893,0.322-0.622,0.643,0.443,0.124
4660,326820,-15.19,14,85.7,0.8413,0.1096,0.9172,0.0822,0.3145,0.106,0.4375,0.4617,-0.0164,C,0.187,0.322-0.622,0.643,0.443,0.124
4661,326833,-10.43,13,92.3,0.5533,0.2131,0.8582,0.1643,0.3695,0.985,0.7802,0.4419,-0.0996,C,0.205,0.322-0.622,0.643,0.443,0.124
4662,326847,-22.63,14,57.1,1.0249,0.0457,0.7825,0.2601,0.4124,0.0046,0.1401,0.4713,-0.2003,C,0.219,0.322-0.622,0.643,0.443,0.124
4663,326861,-14.9,14,100.0,0.663,0.1786,0.7822,0.1878,0.4161,0.9098,0.7757,0.4515,-0.1142,C,0.2092,0.322-0.622,0.643,0.443,0.124
4664,326876,-2.43,15,100.0,0.5976,0.2099,0.7904,0.2486,0.4207,1.04,0.8548,0.4718,-0.1835,C,0.1981,0.322-0.622,0.643,0.443,0.124
4665,326890,-7.0,14,92.9,0.8753,0.1132,0.8865,0.1377,0.3327,0.1204,0.4886,0.4647,-0.0989,C,0.248,0.322-0.622,0.643,0.443,0.124
4666,327039,48.47,149,95.3,0.4009,0.1658,0.4568,0.5023,0.9205,1.5596,0.6669,0.3902,-0.4909,C,0.2095,0.322-0.622,0.644,0.444,0.124
4667,327056,-38.65,17,0.0,0.0,0.0,0.7887,0.2219,0.3468,0.0,0.0,0.3799,-0.139,C,0.2246,0.322-0.622,0.644,0.444,0.124
4668,327070,-19.57,14,92.9,0.6751,0.1712,0.8625,0.1496,0.3815,0.3436,0.7161,0.4274,-0.106,C,0.221,0.322-0.622,0.644,0.444,0.124
4669,327084,-14.89,14,85.7,0.6425,0.209,0.8353,0.1548,0.3548,0.4644,0.7484,0.3731,-0.0867,C,0.2411,0.322-0.622,0.644,0.444,0.124
4670,327144,-72.86,60,96.7,0.7006,0.1304,0.5527,0.4771,0.7871,0.4392,0.5216,0.4103,-0.4983,C,0.2042,0.322-0.622,0.644,0.444,0.124
4671,327161,-32.81,17,0.0,0.0,0.0,0.8145,0.1864,0.3481,0.0,0.0,0.39,-0.1223,C,0.2057,0.322-0.622,0.644,0.444,0.124
4672,327175,-2.11,14,85.7,0.7773,0.1423,0.9303,0.0668,0.3058,0.1546,0.5408,0.4432,-0.0153,C,0.1959,0.322-0.622,0.644,0.444,0.124
4673,327188,-9.74,13,100.0,0.5383,0.2408,0.8145,0.1675,0.4401,1.0059,0.9489,0.4016,-0.1301,C,0.1747,0.322-0.622,0.644,0.444,0.124
4674,327205,-15.35,17,76.5,0.9401,0.1102,0.7143,0.2532,0.5083,0.038,0.4002,0.3713,-0.1812,C,0.2374,0.322-0.622,0.644,0.444,0.124
4675,327219,-16.07,14,78.6,0.8105,0.1214,0.9325,0.0739,0.3196,0.0766,0.4381,0.4215,-0.0181,C,0.2404,0.322-0.622,0.644,0.444,0.124
4676,327233,-10.74,14,100.0,0.8191,0.1506,0.8477,0.1208,0.4449,0.1477,0.6984,0.4381,-0.0684,C,0.2142,0.322-0.622,0.644,0.444,0.124
4677,327247,-17.01,14,100.0,0.8494,0.1223,0.7971,0.2181,0.4288,0.1343,0.571,0.4007,-0.1419,C,0.1819,0.322-0.622,0.644,0.444,0.124
4678,327261,-7.22,14,85.7,0.8451,0.104,0.9328,0.0729,0.3036,0.0801,0.4231,0.3749,-0.0246,C,0.245,0.322-0.622,0.644,0.444,0.124
4679,327275,-2.18,14,100.0,0.6615,0.1933,0.8154,0.1788,0.3906,0.8546,0.8399,0.4207,-0.0994,C,0.1968,0.322-0.622,0.644,0.444,0.124
4680,327299,-16.63,24,87.5,0.796,0.1662,0.6349,0.3157,0.5255,0.1753,0.6697,0.4308,-0.2492,C,0.1976,0.322-0.622,0.644,0.444,0.124
4681,327313,-8.28,14,100.0,0.7135,0.1798,0.8443,0.1795,0.3814,0.4177,0.7622,0.4488,-0.1217,C,0.1917,0.322-0.622,0.644,0.444,0.124
4682,327355,-5.34,42,90.5,0.5195,0.2256,0.5573,0.4176,0.7119,0.837,0.8474,0.4214,-0.3646,C,0.2097,0.322-0.622,0.644,0.444,0.124
4683,327369,-24.17,14,85.7,0.8506,0.0969,0.8447,0.1678,0.395,0.0568,0.4015,0.4746,-0.0976,C,0.1925,0.322-0.622,0.644,0.444,0.124
4684,327387,-12.38,18,94.4,0.7011,0.1784,0.7327,0.2529,0.4524,0.5236,0.6941,0.3563,-0.1967,C,0.2195,0.322-0.622,0.644,0.444,0.124
4685,327553,11.17,166,100.0,0.5767,0.1978,0.4451,0.4939,0.9304,0.8223,0.8533,0.4511,-0.4608,C,0.1959,0.322-0.622,0.645,0.445,0.124
4686,327566,-0.16,13,100.0,0.6481,0.2181,0.8819,0.1208,0.4308,0.4717,0.9306,0.4068,-0.0724,C,0.2255,0.322-0.622,0.645,0.445,0.124
4687,327580,-12.44,14,100.0,0.768,0.1556,0.8715,0.1361,0.3466,0.647,0.6905,0.4356,-0.0476,C,0.176,0.322-0.622,0.645,0.445,0.124
4688,327593,-5.61,13,100.0,0.4694,0.236,0.8419,0.1344,0.4332,1.3436,0.983,0.2907,-0.0856,C,0.1779,0.322-0.622,0.645,0.445,0.124
4689,327606,-4.04,13,92.3,0.7772,0.125,0.8507,0.1324,0.4121,0.1275,0.5381,0.4501,-0.0464,C,0.2013,0.322-0.622,0.645,0.445,0.124
4690,327621,-30.57,15,0.0,0.0,0.0,0.9085,0.0956,0.2711,0.0,0.0,0.4636,-0.0266,C,0.2043,0.322-0.622,0.645,0.445,0.124
4691,327635,-12.05,14,100.0,0.7419,0.1768,0.8254,0.2647,0.4089,0.3298,0.7819,0.4282,-0.238,C,0.2401,0.322-0.622,0.645,0.445,0.124
4692,327653,-18.09,18,83.3,0.6989,0.1606,0.7721,0.2511,0.4583,0.2811,0.6196,0.4231,-0.2127,C,0.1823,0.322-0.622,0.645,0.445,0.124
4693,327667,-8.6,14,100.0,0.6837,0.1762,0.865,0.1775,0.3346,0.8493,0.7907,0.4146,-0.1404,C,0.2132,0.322-0.622,0.645,0.445,0.124
4694,327683,-6.42,16,81.2,0.7053,0.1641,0.8144,0.2153,0.447,0.268,0.6158,0.4167,-0.1565,C,0.1992,0.322-0.622,0.645,0.445,0.124
4695,327697,-14.51,14,92.9,0.8741,0.1059,0.8436,0.1673,0.4054,0.0617,0.4681,0.4166,-0.0897,C,0.2309,0.322-0.622,0.645,0.445,0.124
4696,327713,-23.01,16,93.8,0.717,0.1897,0.7286,0.318,0.4469,0.3196,0.7663,0.3821,-0.288,C,0.2089,0.322-0.622,0.645,0.445,0.124
4697,327727,-16.57,14,0.0,0.0,0.0,0.9331,0.0576,0.276,0.0,0.0,0.4526,-0.0109,C,0.2358,0.322-0.622,0.645,0.445,0.124
4698,327827,81.6,100,95.0,0.3329,0.2089,0.4691,0.4926,0.8895,2.098,0.85,0.2332,-0.4576,C,0.1896,0.322-0.622,0.645,0.445,0.124
4699,327843,-31.38,16,0.0,0.0,0.0,0.8236,0.1192,0.3825,0.0,0.0,0.3852,-0.0406,C,0.2004,0.322-0.622,0.645,0.445,0.124
4700,327859,-34.41,16,0.0,0.0,0.0,0.81,0.206,0.4579,0.0,0.0,0.4589,-0.1536,C,0.2207,0.322-0.622,0.645,0.445,0.124
4701,327874,-18.97,15,86.7,0.543,0.2215,0.8248,0.2529,0.3594,1.0979,0.7581,0.4551,-0.2271,C,0.2044,0.322-0.622,0.645,0.445,0.124
4702,327888,1.11,14,100.0,0.5487,0.2229,0.7862,0.1792,0.4184,1.1091,0.9453,0.4249,-0.0809,C,0.2172,0.322-0.622,0.645,0.445,0.124
4703,328267,300.05,379,100.0,0.4223,0.2288,0.4083,0.5144,0.9539,1.7314,0.8193,0.3726,-0.4915,C,0.1975,0.322-0.622,0.646,0.446,0.124
4704,328290,-10.86,23,78.3,0.7986,0.1796,0.736,0.2169,0.5234,0.103,0.6149,0.3461,-0.1585,C,0.2294,0.322-0.622,0.646,0.446,0.124
4705,328304,-20.07,14,0.0,0.0,0.0,0.8712,0.1273,0.3039,0.0,0.0,0.4555,-0.0646,C,0.215,0.322-0.622,0.646,0.446,0.124
4706,328358,39.18,54,94.4,0.3697,0.2395,0.4779,0.4853,0.8211,1.9198,0.8959,0.4189,-0.4537,C,0.2381,0.322-0.622,0.646,0.446,0.124
4707,328372,-23.18,14,28.6,0.9562,0.0154,0.868,0.1116,0.3571,0.0047,0.0424,0.3875,-0.0428,C,0.2137,0.322-0.622,0.647,0.447,0.124
4708,328386,-2.81,14,92.9,0.7433,0.1741,0.8238,0.1257,0.3785,0.2648,0.7355,0.4113,-0.0579,C,0.1826,0.322-0.622,0.647,0.447,0.124
4709,328401,-2.02,15,80.0,0.6833,0.1736,0.8388,0.147,0.378,0.3084,0.6323,0.38,-0.0722,C,0.1961,0.322-0.622,0.647,0.447,0.124
4710,328414,-18.78,13,100.0,0.6011,0.2224,0.8645,0.1892,0.3812,0.7154,0.9362,0.411,-0.1755,C,0.2364,0.322-0.622,0.647,0.447,0.124
4711,328428,-23.19,14,57.1,0.8813,0.0986,0.9118,0.0984,0.3041,0.0255,0.2723,0.3942,-0.0307,C,0.1817,0.322-0.622,0.647,0.447,0.124
4712,328442,-7.85,14,100.0,0.8372,0.1178,0.8275,0.1702,0.3927,0.1358,0.5603,0.4304,-0.1,C,0.2396,0.322-0.622,0.647,0.447,0.124
4713,328456,1.8,14,100.0,0.6353,0.2012,0.8788,0.1253,0.3618,0.8761,0.8564,0.4718,-0.0615,C,0.1863,0.322-0.622,0.647,0.447,0.124
4714,328470,-32.0,14,71.4,0.9785,0.0548,0.8318,0.2141,0.3622,0.0104,0.1982,0.3652,-0.1605,C,0.2237,0.322-0.622,0.647,0.447,0.124
4715,328484,-5.28,14,100.0,0.7893,0.1303,0.8158,0.2139,0.4087,0.1599,0.6044,0.4158,-0.1122,C,0.2163,0.322-0.622,0.647,0.447,0.124
4716,328500,-13.11,16,75.0,0.9715,0.0802,0.7949,0.1802,0.4202,0.012,0.2986,0.4384,-0.0983,C,0.2479,0.322-0.622,0.647,0.447,0.124
4717,328634,281.02,134,99.3,0.2807,0.1835,0.4895,0.4289,0.9017,2.5871,0.7876,0.4369,-0.3587,C,0.1868,0.322-0.622,0.647,0.447,0.125
4718,328648,-8.26,14,57.1,0.8731,0.0978,0.9584,0.0468,0.2893,0.0275,0.2706,0.4513,-0.0098,C,0.2076,0.322-0.622,0.647,0.447,0.125
4719,328661,-20.66,13,100.0,0.9294,0.1079,0.8177,0.2455,0.4337,0.0577,0.509,0.425,-0.21,C,0.2022,0.322-0.622,0.647,0.447,0.125
4720,328708,52.43,47,93.6,0.4533,0.2288,0.6362,0.298,0.752,1.4027,0.7801,0.3159,-0.2241,C,0.2468,0.322-0.622,0.647,0.447,0.125
4721,328723,-13.06,15,100.0,0.6734,0.1858,0.8382,0.1764,0.3576,0.8271,0.8326,0.3697,-0.1041,C,0.2252,0.322-0.622,0.647,0.447,0.125
4722,328794,-8.36,71,98.6,0.6203,0.2095,0.5287,0.432,0.8484,0.5849,0.8133,0.4257,-0.3864,C,0.1918,0.322-0.622,0.647,0.447,0.125
4723,328808,-11.91,14,78.6,0.4871,0.2268,0.9114,0.1058,0.3014,1.1466,0.7114,0.2939,-0.054,C,0.2349,0.322-0.622,0.647,0.447,0.125
4724,328837,-11.24,29,79.3,0.5153,0.2372,0.591,0.3159,0.5368,0.955,0.7056,0.3961,-0.2264,C,0.2044,0.322-0.622,0.648,0.448,0.125
4725,328850,-0.75,13,100.0,0.5387,0.2323,0.844,0.1597,0.4307,1.1658,0.9381,0.3942,-0.0916,C,0.2039,0.322-0.622,0.648,0.448,0.125
4726,328863,-3.08,13,100.0,0.6336,0.2316,0.8441,0.1827,0.4248,0.5717,0.9468,0.3441,-0.1251,C,0.2017,0.322-0.622,0.648,0.448,0.125
4727,328877,-12.86,14,100.0,0.6756,0.1957,0.8315,0.1821,0.4215,0.5102,0.8727,0.3911,-0.1376,C,0.2111,0.322-0.622,0.648,0.448,0.125
4728,329063,209.8,186,98.9,0.4136,0.2352,0.3987,0.4592,0.9299,1.6187,0.9079,0.3751,-0.4018,C,0.2243,0.322-0.622,0.648,0.448,0.125
4729,329077,-17.55,14,64.3,0.8721,0.0628,0.8629,0.1023,0.3732,0.0446,0.195,0.4113,-0.0396,C,0.2286,0.322-0.622,0.648,0.448,0.125
4730,329119,-11.31,42,95.2,0.7132,0.1887,0.6299,0.3704,0.7446,0.3024,0.7899,0.4394,-0.3316,C,0.2328,0.322-0.622,0.648,0.448,0.125
4731,329132,-8.25,13,92.3,0.5306,0.2297,0.9224,0.1104,0.3631,0.8956,0.8546,0.4602,-0.0872,C,0.2009,0.322-0.622,0.648,0.448,0.125
4732,329145,-16.25,13,100.0,0.555,0.2136,0.8574,0.1817,0.3812,1.0096,0.9161,0.4452,-0.1239,C,0.22,0.322-0.622,0.648,0.448,0.125
4733,329159,-7.1,14,100.0,0.696,0.1839,0.8445,0.1931,0.4112,0.4082,0.8125,0.4319,-0.1704,C,0.2176,0.322-0.622,0.648,0.448,0.125
4734,329174,-17.32,15,86.7,0.7102,0.1767,0.8457,0.159,0.3289,0.5459,0.6728,0.3584,-0.0799,C,0.2367,0.322-0.622,0.648,0.448,0.125
4735,329189,-12.71,15,93.3,0.8942,0.1019,0.8169,0.2379,0.415,0.0723,0.4424,0.4551,-0.1979,C,0.2436,0.322-0.622,0.648,0.448,0.125
4736,329203,-16.3,14,100.0,0.6324,0.2043,0.7854,0.216,0.4157,0.6653,0.8557,0.4483,-0.1334,C,0.2118,0.322-0.622,0.648,0.448,0.125
4737,329217,-7.63,14,78.6,0.8985,0.0703,0.8394,0.1074,0.4225,0.0313,0.2696,0.373,-0.0433,C,0.2157,0.322-0.622,0.648,0.448,0.125
4738,329234,-18.5,17,94.1,0.7863,0.147,0.7802,0.2188,0.4066,0.3824,0.6041,0.4528,-0.1284,C,0.2006,0.322-0.622,0.648,0.448,0.125
4739,329247,-34.5,13,0.0,0.0,0.0,0.8756,0.1667,0.4126,0.0,0.0,0.4068,-0.1564,C,0.2009,0.322-0.622,0.648,0.448,0.125
4740,329262,-13.84,15,100.0,0.6277,0.2,0.7784,0.2526,0.4288,0.9178,0.8465,0.4754,-0.1585,C,0.2425,0.322-0.622,0.648,0.448,0.125
4741,329276,-0.37,14,85.7,0.6874,0.1707,0.9285,0.0902,0.3064,0.38,0.6487,0.4762,-0.0226,C,0.2278,0.322-0.622,0.648,0.448,0.125
4742,329290,-15.55,14,92.9,0.9422,0.0418,0.8555,0.1608,0.4248,0.031,0.2126,0.4056,-0.0952,C,0.1964,0.322-0.622,0.648,0.448,0.125
4743,329305,-9.32,15,66.7,0.9037,0.0915,0.8687,0.147,0.3078,0.0199,0.2863,0.4641,-0.0716,C,0.1976,0.322-0.622,0.649,0.449,0.125
4744,329319,-14.8,14,64.3,0.8865,0.0437,0.8143,0.1901,0.4162,0.024,0.1508,0.4462,-0.1278,C,0.249,0.322-0.622,0.649,0.449,0.125
4745,329333,-4.65,14,85.7,0.7359,0.1633,0.9418,0.0855,0.2871,0.5464,0.6209,0.4276,-0.0687,C,0.1987,0.322-0.622,0.649,0.449,0.125
4746,329347,-16.45,14,100.0,0.6372,0.2031,0.8461,0.1829,0.4414,0.5968,0.8608,0.3611,-0.1321,C,0.226,0.322-0.622,0.649,0.449,0.125
4747,329362,-10.84,15,100.0,0.7292,0.1585,0.7823,0.1782,0.3794,0.5168,0.7057,0.4611,-0.0789,C,0.209,0.322-0.622,0.649,0.449,0.125
4748,329376,-20.67,14,0.0,0.0,0.0,0.8702,0.1431,0.2944,0.0,0.0,0.4575,-0.0598,C,0.1991,0.322-0.622,0.649,0.449,0.125
4749,329446,78.41,70,97.1,0.3377,0.246,0.5665,0.469,0.839,2.2182,0.8024,0.4297,-0.4592,C,0.2086,0.322-0.622,0.649,0.449,0.125
4750,329459,-17.63,13,100.0,0.8411,0.1313,0.8601,0.1687,0.4256,0.1953,0.613,0.4585,-0.1033,C,0.1939,0.322-0.622,0.649,0.449,0.125
4751,329473,-32.84,14,0.0,0.0,0.0,0.8948,0.1247,0.3213,0.0,0.0,0.3734,-0.0506,C,0.1841,0.322-0.622,0.649,0.449,0.125
4752,329582,-35.85,109,98.2,0.5734,0.1902,0.4653,0.4897,0.8878,0.651,0.8548,0.4163,-0.4554,C,0.236,0.322-0.622,0.649,0.449,0.125
4753,329595,-11.87,13,100.0,0.5788,0.2102,0.8177,0.1307,0.4415,0.8651,0.8643,0.4375,-0.0598,C,0.2044,0.322-0.622,0.649,0.449,0.125
4754,329611,-15.92,16,62.5,0.9555,0.0914,0.8591,0.1699,0.3594,0.0107,0.2668,0.3621,-0.1195,C,0.2077,0.322-0.622,0.649,0.449,0.125
4755,329624,-15.94,13,100.0,0.6445,0.1955,0.8165,0.191,0.4501,0.5606,0.8555,0.4459,-0.1415,C,0.1753,0.322-0.622,0.649,0.449,0.125
4756,329662,-40.93,38,84.2,1.0034,0.0356,0.5553,0.3536,0.693,0.0096,0.1765,0.4202,-0.2795,C,0.1829,0.322-0.622,0.649,0.449,0.125
4757,329699,26.49,37,94.6,0.4354,0.2302,0.6825,0.2883,0.7226,1.4524,0.7523,0.3128,-0.2266,C,0.244,0.322-0.622,0.649,0.449,0.125
4758,329713,-17.19,14,100.0,1.0035,0.0628,0.7786,0.2072,0.4379,0.0394,0.3111,0.4727,-0.1254,C,0.189,0.322-0.622,0.649,0.449,0.125
4759,329727,-6.05,14,100.0,0.5075,0.2303,0.7823,0.2762,0.4263,1.2423,0.939,0.3784,-0.2304,C,0.2265,0.322-0.622,0.649,0.449,0.125
4760,329742,-3.04,15,73.3,0.6669,0.1847,0.8849,0.1023,0.2922,0.2791,0.5987,0.3585,-0.027,C,0.226,0.322-0.622,0.649,0.449,0.125
4761,329956,-56.81,214,100.0,0.4999,0.2171,0.4643,0.5401,0.9161,1.1097,0.8457,0.3803,-0.5583,C,0.2471,0.322-0.622,0.65,0.45,0.125
4762,329969,-11.85,13,76.9,0.9036,0.0931,0.8848,0.1616,0.3609,0.0371,0.3379,0.3827,-0.1098,C,0.2313,0.322-0.622,0.65,0.45,0.125
4763,329982,-16.57,13,76.9,0.945,0.0552,0.8511,0.1758,0.3895,0.0197,0.2126,0.4468,-0.1361,C,0.2156,0.322-0.622,0.65,0.45,0.125
4764,329995,-6.03,13,100.0,0.7794,0.1763,0.8546,0.1691,0.4367,0.1946,0.8005,0.3846,-0.0901,C,0.2387,0.322-0.622,0.65,0.45,0.125
4765,330008,-9.26,13,100.0,0.7758,0.1614,0.8214,0.2117,0.4324,0.1826,0.756,0.3854,-0.1517,C,0.1766,0.322-0.622,0.65,0.45,0.125
4766,330021,-5.5,13,100.0,0.5748,0.2175,0.8759,0.1455,0.3982,0.8944,0.922,0.4506,-0.1191,C,0.2458,0.322-0.622,0.65,0.45,0.125
4767,330034,-8.54,13,100.0,0.9847,0.0309,0.8348,0.1718,0.4275,0.019,0.1949,0.3625,-0.102,C,0.241,0.322-0.622,0.65,0.45,0.125
4768,330048,-15.58,14,100.0,0.6405,0.1791,0.7984,0.2022,0.4317,0.8556,0.7591,0.4872,-0.1627,C,0.2482,0.322-0.622,0.65,0.45,0.125
4769,330061,-19.25,13,100.0,0.8364,0.1223,0.8936,0.1129,0.4153,0.11,0.5739,0.3505,-0.091,C,0.2329,0.322-0.622,0.65,0.45,0.125
4770,330075,-33.64,14,0.0,0.0,0.0,0.9233,0.0766,0.2634,0.0,0.0,0.3763,-0.0423,C,0.1985,0.322-0.622,0.65,0.45,0.125
4771,330093,-23.62,18,72.2,0.9125,0.0876,0.7477,0.2749,0.414,0.0363,0.294,0.4046,-0.1942,C,0.1882,0.322-0.622,0.65,0.45,0.125
4772,330107,-13.2,14,92.9,0.5138,0.2226,0.8179,0.2398,0.3545,1.2413,0.8557,0.4798,-0.2302,C,0.2256,0.322-0.622,0.65,0.45,0.125
4773,330121,-19.84,14,0.0,0.0,0.0,0.8788,0.1019,0.4853,0.0,0.0,0.3846,-0.0467,C,0.1926,0.322-0.622,0.65,0.45,0.125
4774,330144,-9.59,23,91.3,0.7105,0.1641,0.7018,0.2403,0.5687,0.3799,0.6629,0.4721,-0.1582,C,0.1912,0.322-0.622,0.65,0.45,0.125
4775,330158,-18.25,14,64.3,1.15,0.0209,0.8334,0.1702,0.4088,0.002,0.1044,0.3483,-0.1292,C,0.2182,0.322-0.622,0.65,0.45,0.125
4776,330172,-12.0,14,100.0,0.5991,0.1849,0.8008,0.2097,0.4297,0.9649,0.7989,0.369,-0.1261,C,0.2202,0.322-0.622,0.65,0.45,0.125
4777,330186,-12.12,14,100.0,0.6104,0.2097,0.7854,0.2,0.4292,0.8715,0.9016,0.4405,-0.1349,C,0.2265,0.322-0.622,0.65,0.45,0.125
4778,330199,-15.21,13,100.0,0.9112,0.0677,0.877,0.1128,0.4109,0.0476,0.334,0.4349,-0.0548,C,0.2008,0.322-0.622,0.65,0.45,0.125
4779,330212,-5.38,13,100.0,1.01,0.0554,0.8677,0.1318,0.4329,0.0121,0.2746,0.4014,-0.0678,C,0.2288,0.322-0.622,0.65,0.45,0.125
4780,330226,-5.02,14,92.9,0.5418,0.2282,0.7831,0.24,0.4215,0.9011,0.8362,0.4122,-0.1687,C,0.1941,0.322-0.622,0.65,0.45,0.125
4781,330239,-11.92,13,76.9,0.9408,0.0694,0.8119,0.1779,0.4229,0.0227,0.2507,0.4324,-0.1396,C,0.1776,0.322-0.622,0.651,0.451,0.125
4782,330254,-20.65,15,93.3,0.8844,0.0991,0.8338,0.1724,0.3851,0.1008,0.4407,0.3941,-0.1288,C,0.2204,0.322-0.622,0.651,0.451,0.125
4783,330273,-13.52,19,94.7,0.5986,0.2153,0.7769,0.2422,0.4941,0.9551,0.7627,0.3507,-0.1508,C,0.2028,0.322-0.622,0.651,0.451,0.125
4784,330287,-17.76,14,100.0,1.0081,0.0559,0.8013,0.1728,0.4053,0.0398,0.2897,0.4317,-0.1152,C,0.2457,0.322-0.622,0.651,0.451,0.125
4785,330301,-0.45,14,85.7,0.6947,0.1838,0.874,0.1058,0.3125,0.4403,0.6898,0.4575,-0.0331,C,0.216,0.322-0.622,0.651,0.451,0.125
4786,330316,-17.48,15,80.0,0.7818,0.1475,0.7762,0.2587,0.3928,0.1074,0.5507,0.3722,-0.1868,C,0.2298,0.322-0.622,0.651,0.451,0.125
4787,330450,100.71,134,99.3,0.5045,0.2215,0.4332,0.4459,0.9164,1.2102,0.9248,0.3858,-0.3888,C,0.1873,0.322-0.622,0.651,0.451,0.125
4788,330464,-26.88,14,28.6,1.1201,0.0403,0.8961,0.1005,0.3148,0.0007,0.0627,0.3543,-0.027,C,0.2135,0.322-0.622,0.651,0.451,0.125
4789,330480,-12.85,16,68.8,0.9856,0.0786,0.834,0.1579,0.3353,0.0173,0.2676,0.3839,-0.0781,C,0.2329,0.322-0.622,0.651,0.451,0.125
4790,330501,-38.06,21,0.0,0.0,0.0,0.7805,0.1925,0.4932,0.0,0.0,0.4469,-0.1365,C,0.2242,0.322-0.622,0.651,0.451,0.125
4791,330518,-26.89,17,47.1,0.9355,0.0389,0.7984,0.2191,0.4582,0.0131,0.1027,0.3307,-0.1489,C,0.2321,0.322-0.622,0.651,0.451,0.125
4792,330531,-20.32,13,100.0,0.6481,0.1838,0.8412,0.2018,0.4669,0.8083,0.7764,0.3699,-0.1524,C,0.2038,0.322-0.622,0.651,0.451,0.125
4793,330545,-20.38,14,100.0,0.911,0.0827,0.8054,0.2042,0.4042,0.0642,0.3898,0.4504,-0.1552,C,0.1989,0.322-0.622,0.651,0.451,0.125
4794,330560,-20.14,15,100.0,0.6025,0.2083,0.7951,0.2707,0.4482,0.7926,0.8902,0.4071,-0.2472,C,0.2339,0.322-0.622,0.651,0.451,0.125
4795,330575,-16.81,15,86.7,0.6821,0.1949,0.8595,0.1815,0.3399,0.5555,0.7152,0.3891,-0.1127,C,0.2453,0.322-0.622,0.651,0.451,0.125
4796,330588,-11.13,13,100.0,0.8589,0.129,0.9029,0.123,0.4062,0.1046,0.6024,0.4635,-0.0595,C,0.2388,0.322-0.622,0.651,0.451,0.125
4797,330601,-17.67,13,84.6,0.8802,0.0809,0.8799,0.215,0.3643,0.0485,0.3211,0.4287,-0.2332,C,0.2296,0.322-0.622,0.651,0.451,0.125
4798,330618,-5.15,17,94.1,0.9874,0.0717,0.7991,0.1862,0.5184,0.0179,0.3168,0.4309,-0.0988,C,0.2177,0.322-0.622,0.651,0.451,0.125
4799,330633,-5.67,15,86.7,0.5978,0.2084,0.8458,0.0909,0.3243,0.7826,0.7594,0.314,-0.0235,C,0.2006,0.322-0.622,0.651,0.451,0.125
4800,330759,13.23,126,97.6,0.7292,0.153,0.4995,0.3543,0.8117,0.3797,0.6727,0.311,-0.2629,C,0.2016,0.322-0.622,0.652,0.452,0.125
4801,330774,-31.22,15,100.0,0.6886,0.1816,0.7696,0.3628,0.4377,0.695,0.761,0.4309,-0.3605,C,0.2124,0.322-0.622,0.652,0.452,0.125
4802,330788,-0.23,14,85.7,0.6888,0.1737,0.9194,0.0853,0.2977,0.5719,0.6603,0.4615,-0.0282,C,0.2095,0.322-0.622,0.652,0.452,0.125
4803,330801,-29.33,13,0.0,0.0,0.0,0.8682,0.1412,0.4533,0.0,0.0,0.3795,-0.069,C,0.2051,0.322-0.622,0.652,0.452,0.125
4804,330833,-0.38,32,96.9,0.7433,0.1438,0.7287,0.243,0.6434,0.2021,0.644,0.4593,-0.1709,C,0.184,0.322-0.622,0.652,0.452,0.125
4805,330858,2.4,25,100.0,0.5482,0.2322,0.6391,0.2951,0.6377,1.0084,0.8953,0.2878,-0.2007,C,0.1825,0.322-0.622,0.652,0.452,0.125
4806,330871,-0.83,13,100.0,0.694,0.1869,0.8509,0.1097,0.3845,0.4191,0.8456,0.3872,-0.0485,C,0.2272,0.322-0.622,0.652,0.452,0.125
4807,330959,58.35,88,96.6,0.4009,0.2258,0.4358,0.4526,0.8573,1.5955,0.9086,0.3839,-0.4072,C,0.2162,0.322-0.622,0.652,0.452,0.125
4808,330974,-12.96,15,93.3,0.6885,0.1805,0.8339,0.1243,0.3146,0.6571,0.7551,0.2982,-0.0482,C,0.2037,0.322-0.622,0.652,0.452,0.125
4809,330988,-12.42,14,64.3,0.8583,0.0819,0.8727,0.1404,0.3925,0.0581,0.2502,0.3824,-0.0847,C,0.1825,0.322-0.622,0.652,0.452,0.125
4810,331003,-31.16,15,0.0,0.0,0.0,0.7793,0.1602,0.3407,0.0,0.0,0.2985,-0.0982,C,0.1992,0.322-0.622,0.652,0.452,0.125
4811,331018,-23.93,15,100.0,0.7141,0.1727,0.823,0.2558,0.4022,0.4623,0.7722,0.3729,-0.2292,C,0.2406,0.322-0.622,0.652,0.452,0.125
4812,331032,-26.03,14,92.9,0.7963,0.1158,0.8472,0.2203,0.4382,0.1012,0.5045,0.3611,-0.1977,C,0.1998,0.322-0.622,0.652,0.452,0.125
4813,331049,-6.26,17,94.1,0.634,0.2009,0.782,0.2307,0.4876,0.6165,0.7855,0.3785,-0.1617,C,0.2452,0.322-0.622,0.652,0.452,0.125
4814,331063,-4.03,14,100.0,0.6202,0.2138,0.8168,0.2166,0.4421,0.6924,0.8807,0.4633,-0.1449,C,0.2285,0.322-0.622,0.652,0.452,0.125
4815,331077,-12.42,14,100.0,0.633,0.1854,0.7892,0.2462,0.4046,0.913,0.7939,0.3701,-0.1711,C,0.1957,0.322-0.622,0.652,0.452,0.125
4816,331091,-10.73,14,85.7,0.9377,0.0726,0.8248,0.1657,0.4396,0.0232,0.3054,0.4272,-0.0707,C,0.2338,0.322-0.622,0.652,0.452,0.125
4817,331110,-24.13,19,73.7,0.8392,0.1694,0.6942,0.3152,0.5457,0.1091,0.5228,0.3521,-0.2486,C,0.2071,0.322-0.622,0.652,0.452,0.125
4818,331124,-22.08,14,71.4,1.0974,0.006,0.8462,0.22,0.4247,0.0041,0.0904,0.3144,-0.2074,C,0.2185,0.322-0.622,0.652,0.452,0.125
4819,331138,-32.33,14,0.0,0.0,0.0,0.9272,0.0784,0.2813,0.0,0.0,0.3708,-0.0246,C,0.191,0.322-0.622,0.652,0.452,0.125
4820,331151,-12.19,13,100.0,0.8784,0.1237,0.8807,0.1404,0.4308,0.0761,0.5838,0.4332,-0.0834,C,0.1836,0.322-0.622,0.652,0.452,0.125
4821,331166,-10.07,15,93.3,0.6152,0.2025,0.7936,0.1823,0.3734,0.8322,0.7943,0.3893,-0.101,C,0.179,0.322-0.622,0.652,0.452,0.125
4822,331657,699.09,491,99.6,0.3502,0.2427,0.369,0.4993,0.962,2.1098,0.8959,0.3659,-0.4628,C,0.2149,0.322-0.622,0.654,0.454,0.126
4823,331671,-6.72,14,85.7,0.6096,0.2076,0.807,0.2505,0.4233,0.5865,0.768,0.3948,-0.1938,C,0.1972,0.322-0.622,0.654,0.454,0.126
4824,331685,-8.41,14,92.9,0.6741,0.2208,0.8514,0.2119,0.4281,0.4066,0.8378,0.3943,-0.1563,C,0.2154,0.322-0.622,0.654,0.454,0.126
4825,331698,-8.01,13,100.0,0.83,0.1267,0.8472,0.1652,0.4204,0.1019,0.5865,0.4221,-0.1038,C,0.2076,0.322-0.622,0.654,0.454,0.126
4826,331712,-26.94,14,28.6,1.003,0.0078,0.8455,0.175,0.3463,0.0028,0.0373,0.4244,-0.1023,C,0.2315,0.322-0.622,0.654,0.454,0.126
4827,331726,-1.77,14,85.7,0.6555,0.1912,0.8999,0.1,0.3309,0.6268,0.7117,0.3628,-0.0441,C,0.1956,0.322-0.622,0.654,0.454,0.126
4828,331740,-3.54,14,92.9,0.8327,0.1083,0.8837,0.101,0.3284,0.1718,0.4755,0.3872,-0.0293,C,0.2045,0.322-0.622,0.654,0.454,0.126
4829,331827,36.07,87,98.9,0.4881,0.1572,0.4695,0.4073,0.8583,1.169,0.7103,0.3418,-0.3407,C,0.1893,0.322-0.622,0.654,0.454,0.126
4830,331842,-34.3,15,86.7,0.9504,0.0463,0.8301,0.2401,0.4037,0.026,0.217,0.3352,-0.1866,C,0.2488,0.322-0.622,0.654,0.454,0.126
4831,331855,-21.03,13,0.0,0.0,0.0,0.9006,0.1098,0.3982,0.0,0.0,0.3448,-0.0759,C,0.2249,0.322-0.622,0.654,0.454,0.126
4832,331869,-10.38,14,85.7,0.8633,0.0868,0.8237,0.2024,0.4048,0.0627,0.3534,0.4493,-0.1139,C,0.2479,0.322-0.622,0.654,0.454,0.126
4833,332075,277.36,206,98.5,0.3624,0.2002,0.4631,0.4312,0.9175,1.9512,0.6989,0.3526,-0.3659,C,0.2145,0.322-0.622,0.654,0.454,0.126
4834,332107,-9.41,32,84.4,0.5235,0.1978,0.6547,0.3464,0.6139,1.06,0.6709,0.4257,-0.3152,C,0.221,0.322-0.622,0.655,0.455,0.126
4835,332122,-7.02,15,100.0,0.558,0.2235,0.7861,0.2168,0.4351,1.0598,0.9176,0.4339,-0.1481,C,0.2488,0.322-0.622,0.655,0.455,0.126
4836,332135,-9.44,13,100.0,0.6648,0.1685,0.8897,0.1057,0.4514,0.6602,0.7477,0.3277,-0.0345,C,0.1771,0.322-0.622,0.655,0.455,0.126
4837,332149,-20.79,14,100.0,0.6197,0.186,0.787,0.2726,0.4202,0.9469,0.7985,0.4777,-0.2283,C,0.1926,0.322-0.622,0.655,0.455,0.126
4838,332163,-8.79,14,92.9,0.5252,0.2278,0.819,0.2,0.428,0.9734,0.8415,0.4233,-0.1423,C,0.1798,0.322-0.622,0.655,0.455,0.126
4839,332178,-17.96,15,60.0,1.0188,0.0739,0.8417,0.1413,0.3592,0.0049,0.2061,0.3579,-0.0638,C,0.2441,0.322-0.622,0.655,0.455,0.126
4840,332192,-7.82,14,92.9,0.6883,0.1695,0.7731,0.2291,0.4154,0.4732,0.7183,0.3443,-0.1787,C,0.242,0.322-0.622,0.655,0.455,0.126
4841,332207,-11.42,15,73.3,0.9145,0.0873,0.8413,0.1324,0.3742,0.0417,0.3016,0.4074,-0.0624,C,0.2224,0.322-0.622,0.655,0.455,0.126
4842,332223,-25.97,16,0.0,0.0,0.0,0.8326,0.1807,0.3902,0.0,0.0,0.4522,-0.0998,C,0.1832,0.322-0.622,0.655,0.455,0.126
4843,332285,74.99,62,96.8,0.4334,0.2198,0.4504,0.3759,0.8184,1.6813,0.7944,0.4063,-0.2954,C,0.2058,0.322-0.622,0.655,0.455,0.126
4844,332300,-12.73,15,100.0,0.5909,0.2191,0.8236,0.1969,0.4294,1.099,0.8579,0.4253,-0.1302,C,0.2249,0.322-0.622,0.655,0.455,0.126
4845,332315,-10.54,15,93.3,0.6277,0.1989,0.7825,0.2583,0.4315,0.6043,0.8025,0.3846,-0.195,C,0.1962,0.322-0.622,0.655,0.455,0.126
4846,332329,-16.16,14,57.1,0.9419,0.0182,0.8774,0.1448,0.3946,0.0116,0.0887,0.4518,-0.1057,C,0.2445,0.322-0.622,0.655,0.455,0.126
4847,332342,-15.97,13,100.0,0.5069,0.2293,0.8259,0.2168,0.4275,1.1867,0.9735,0.467,-0.1663,C,0.243,0.322-0.622,0.655,0.455,0.126
4848,332359,-30.1,17,82.4,0.9753,0.0371,0.7643,0.3364,0.4988,0.0206,0.1729,0.4453,-0.3246,C,0.2466,0.322-0.622,0.655,0.455,0.126
4849,332376,-15.13,17,94.1,0.7486,0.1558,0.7355,0.2719,0.3331,0.6416,0.6606,0.4159,-0.1699,C,0.1931,0.322-0.622,0.655,0.455,0.126
4850,332391,-14.11,15,100.0,0.5815,0.2189,0.8144,0.1944,0.3995,1.0356,0.8498,0.4278,-0.1257,C,0.2181,0.322-0.622,0.655,0.455,0.126
4851,332410,-11.61,19,100.0,0.6658,0.1874,0.7032,0.2989,0.5038,0.6849,0.806,0.3394,-0.2288,C,0.2266,0.322-0.622,0.655,0.455,0.126
4852,332423,-2.2,13,100.0,0.4342,0.2356,0.8906,0.117,0.4182,1.7274,0.9426,0.3522,-0.0625,C,0.2186,0.322-0.622,0.655,0.455,0.126
4853,332488,63.15,65,92.3,0.38,0.1798,0.5665,0.3949,0.812,1.7552,0.6587,0.3843,-0.3445,C,0.2032,0.322-0.622,0.655,0.455,0.126
4854,332942,488.77,454,99.8,0.3751,0.2428,0.3934,0.5173,0.9588,2.0,0.8393,0.3793,-0.4935,C,0.2473,0.322-0.622,0.656,0.456,0.126
4855,332956,-6.76,14,100.0,0.637,0.2172,0.8511,0.1595,0.4254,0.626,0.9139,0.415,-0.0732,C,0.2229,0.322-0.622,0.656,0.456,0.126
4856,332973,-22.79,17,76.5,0.86,0.1322,0.8256,0.2262,0.4673,0.0418,0.4782,0.2678,-0.1732,C,0.1836,0.322-0.622,0.656,0.456,0.126
4857,332987,-11.25,14,85.7,0.8888,0.1006,0.8417,0.1598,0.4196,0.0424,0.4072,0.3964,-0.0894,C,0.1765,0.322-0.622,0.656,0.456,0.126
4858,333004,-33.27,17,0.0,0.0,0.0,0.8226,0.1873,0.5292,0.0,0.0,0.3765,-0.1605,C,0.223,0.322-0.622,0.656,0.456,0.126
4859,333020,-5.17,16,75.0,0.6214,0.2245,0.7852,0.2286,0.5119,0.4672,0.6278,0.3564,-0.1386,C,0.1949,0.322-0.622,0.656,0.456,0.126
4860,333034,-13.76,14,100.0,0.6497,0.201,0.7756,0.1952,0.4059,0.5643,0.8764,0.3638,-0.1371,C,0.235,0.322-0.622,0.656,0.456,0.126
4861,333048,-9.37,14,92.9,0.8078,0.1466,0.8484,0.1313,0.4057,0.1302,0.6207,0.3992,-0.0559,C,0.2344,0.322-0.622,0.657,0.457,0.126
4862,333063,-16.52,15,73.3,0.7798,0.1502,0.8969,0.1092,0.2862,0.1122,0.4954,0.4074,-0.0504,C,0.1991,0.322-0.622,0.657,0.457,0.126
4863,333076,-0.6,13,92.3,0.6766,0.1785,0.9371,0.0568,0.3126,0.4457,0.7334,0.3236,-0.02,C,0.2142,0.322-0.622,0.657,0.457,0.126
4864,333092,-31.66,16,31.2,1.0614,0.0371,0.8191,0.2193,0.4422,0.0015,0.0673,0.3756,-0.1758,C,0.2247,0.322-0.622,0.657,0.457,0.126
4865,333107,-12.74,15,73.3,0.8934,0.063,0.7717,0.2121,0.4131,0.0307,0.2251,0.4248,-0.1274,C,0.2275,0.322-0.622,0.657,0.457,0.126
4866,333121,-13.74,14,85.7,0.7561,0.1505,0.86,0.1803,0.4292,0.145,0.6015,0.3346,-0.1169,C,0.2011,0.322-0.622,0.657,0.457,0.126
4867,333139,-15.66,18,100.0,0.6048,0.2239,0.7189,0.2864,0.4495,0.6968,0.88,0.4698,-0.235,C,0.2101,0.322-0.622,0.657,0.457,0.126
4868,333156,-11.9,17,82.4,0.8284,0.1068,0.8261,0.1603,0.5131,0.0827,0.4099,0.4248,-0.091,C,0.1845,0.322-0.622,0.657,0.457,0.126
4869,333170,-9.64,14,100.0,0.6402,0.2107,0.8378,0.198,0.4185,0.6667,0.9064,0.4055,-0.1337,C,0.2278,0.322-0.622,0.657,0.457,0.126
4870,333184,-8.7,14,50.0,0.9688,0.0693,0.9495,0.0493,0.2938,0.0079,0.1705,0.4489,-0.0072,C,0.2401,0.322-0.622,0.657,0.457,0.126
4871,333198,-22.39,14,78.6,0.9093,0.0524,0.8871,0.1847,0.4022,0.0343,0.2096,0.3525,-0.1796,C,0.2243,0.322-0.622,0.657,0.457,0.126
4872,333212,-12.64,14,78.6,0.8975,0.0736,0.8289,0.1549,0.4118,0.0531,0.2758,0.404,-0.085,C,0.185,0.322-0.622,0.657,0.457,0.126
4873,333225,-13.06,13,100.0,0.5498,0.2273,0.833,0.1649,0.4171,0.9236,0.9251,0.3827,-0.1142,C,0.2312,0.322-0.622,0.657,0.457,0.126
4874,333238,-0.36,13,100.0,0.7417,0.1892,0.848,0.1465,0.4398,0.2375,0.8613,0.3871,-0.0468,C,0.2156,0.322-0.622,0.657,0.457,0.126
4875,333354,93.22,116,99.1,0.4633,0.2523,0.4178,0.4593,0.8944,1.3036,0.9468,0.4406,-0.3972,C,0.187,0.322-0.622,0.657,0.457,0.126
4876,333368,-14.98,14,100.0,0.7423,0.1812,0.8399,0.141,0.4052,0.3513,0.7996,0.3884,-0.0958,C,0.224,0.322-0.622,0.657,0.457,0.126
4877,333383,-6.17,15,73.3,0.7955,0.1279,0.9079,0.0816,0.2924,0.2506,0.4262,0.3935,-0.016,C,0.2306,0.322-0.622,0.657,0.457,0.126
4878,333397,-13.13,14,100.0,0.7948,0.1534,0.8105,0.2272,0.4331,0.2295,0.7078,0.4416,-0.169,C,0.1799,0.322-0.622,0.657,0.457,0.126
4879,333411,-19.22,14,100.0,0.812,0.1549,0.8425,0.2229,0.4203,0.1562,0.72,0.4325,-0.1904,C,0.2092,0.322-0.622,0.657,0.457,0.126
4880,333424,-6.1,13,100.0,0.6998,0.1766,0.8217,0.2001,0.4158,0.3153,0.8159,0.4091,-0.1343,C,0.1848,0.322-0.622,0.657,0.457,0.126
4881,333437,-5.04,13,92.3,0.7222,0.1586,0.9077,0.1093,0.3761,0.2468,0.675,0.4543,-0.0481,C,0.2278,0.322-0.622,0.657,0.457,0.126
4882,333458,0.03,21,90.5,0.5107,0.2243,0.7565,0.2654,0.5174,1.2124,0.7982,0.357,-0.2072,C,0.2117,0.322-0.622,0.657,0.457,0.126
4883,333471,4.29,13,100.0,0.5129,0.209,0.8408,0.1103,0.4302,1.1815,0.9232,0.4073,-0.0332,C,0.1971,0.322-0.622,0.657,0.457,0.126
4884,333484,-4.57,13,100.0,0.9221,0.1073,0.8939,0.1302,0.4367,0.0632,0.5059,0.3805,-0.0724,C,0.204,0.322-0.622,0.657,0.457,0.126
4885,333502,-5.77,18,94.4,0.5479,0.236,0.7654,0.2581,0.5199,1.0561,0.83,0.3576,-0.2222,C,0.237,0.322-0.622,0.657,0.457,0.126
4886,333518,-16.82,16,87.5,0.7361,0.1537,0.8205,0.1879,0.3521,0.2592,0.5883,0.4724,-0.0969,C,0.2394,0.322-0.622,0.658,0.458,0.126
4887,333535,-15.49,17,88.2,0.7104,0.1658,0.7527,0.2736,0.5091,0.2147,0.6597,0.4693,-0.2017,C,0.2125,0.322-0.622,0.658,0.458,0.126
4888,333548,-8.9,13,100.0,0.6526,0.1878,0.8897,0.1656,0.3881,0.558,0.8303,0.4373,-0.1553,C,0.1879,0.322-0.622,0.658,0.458,0.126
4889,333561,5.2,13,100.0,0.6146,0.2417,0.871,0.1077,0.4664,0.629,0.957,0.407,-0.0276,C,0.2158,0.322-0.622,0.658,0.458,0.126
4890,333574,-8.3,13,100.0,0.8539,0.0907,0.8456,0.1801,0.4421,0.0777,0.424,0.4303,-0.1041,C,0.1855,0.322-0.622,0.658,0.458,0.126
4891,333587,-2.8,13,100.0,0.6565,0.199,0.8793,0.1263,0.4418,0.7752,0.8215,0.4358,-0.0525,C,0.1815,0.322-0.622,0.658,0.458,0.126
4892,333603,2.93,16,93.8,0.5813,0.2109,0.8738,0.1433,0.4587,0.8998,0.8092,0.3952,-0.0907,C,0.1858,0.322-0.622,0.658,0.458,0.126
4893,333619,-30.73,16,93.8,0.9833,0.0479,0.7355,0.3206,0.4836,0.0274,0.2315,0.4425,-0.2675,C,0.221,0.322-0.622,0.658,0.458,0.126
4894,333633,-4.39,14,92.9,0.7374,0.1535,0.8991,0.117,0.3279,0.3663,0.6374,0.3477,-0.0587,C,0.1875,0.322-0.622,0.658,0.458,0.126
4895,333647,-14.15,14,100.0,0.9181,0.1023,0.8258,0.1906,0.4312,0.1036,0.4904,0.4295,-0.1415,C,0.2004,0.322-0.622,0.658,0.458,0.126
4896,333662,-17.2,15,100.0,0.5957,0.234,0.7686,0.2695,0.4527,0.7201,0.9305,0.4603,-0.2191,C,0.1925,0.322-0.622,0.658,0.458,0.126
4897,333676,-17.28,14,100.0,0.601,0.2167,0.8387,0.2452,0.404,0.9413,0.9065,0.4467,-0.2158,C,0.1875,0.322-0.622,0.658,0.458,0.126
4898,333890,148.25,214,94.4,0.382,0.206,0.4383,0.521,0.9251,1.8034,0.7822,0.3919,-0.5058,C,0.2125,0.322-0.622,0.658,0.458,0.126
4899,333934,-16.97,44,100.0,0.727,0.175,0.5536,0.4057,0.7832,0.2283,0.7923,0.4084,-0.334,C,0.2224,0.322-0.622,0.658,0.458,0.126
4900,333947,-24.1,13,0.0,0.0,0.0,0.9024,0.131,0.3857,0.0,0.0,0.3071,-0.104,C,0.2039,0.322-0.622,0.658,0.458,0.126
4901,333961,-23.11,14,57.1,0.9981,0.0524,0.8787,0.1158,0.3702,0.0061,0.1575,0.4529,-0.0508,C,0.2066,0.322-0.622,0.658,0.458,0.126
4902,333975,-19.24,14,100.0,0.6999,0.1749,0.8292,0.2565,0.4141,0.454,0.7706,0.4786,-0.2879,C,0.2367,0.322-0.622,0.659,0.459,0.126
4903,333992,1.85,17,100.0,0.515,0.2235,0.7981,0.2195,0.4652,1.2974,0.8893,0.3822,-0.1545,C,0.2174,0.322-0.622,0.659,0.459,0.126
4904,334006,-12.94,14,85.7,0.8909,0.0881,0.8105,0.2221,0.4133,0.0459,0.3587,0.4556,-0.1638,C,0.2016,0.322-0.622,0.659,0.459,0.126
4905,334267,45.18,261,98.9,0.5257,0.1615,0.4324,0.4969,0.923,1.3231,0.7277,0.391,-0.476,C,0.1828,0.322-0.622,0.659,0.459,0.127
4906,334281,-34.82,14,35.7,1.1268,0.0123,0.8545,0.1984,0.3731,0.0009,0.0503,0.4341,-0.17,C,0.1811,0.322-0.622,0.659,0.459,0.127
4907,334295,6.26,14,92.9,0.4889,0.2326,0.8372,0.1582,0.4037,1.3678,0.8019,0.4291,-0.0817,C,0.1827,0.322-0.622,0.659,0.459,0.127
4908,334313,-44.59,18,55.6,0.9504,0.0576,0.6612,0.4111,0.5256,0.0136,0.164,0.4462,-0.3677,C,0.2481,0.322-0.622,0.659,0.459,0.127
4909,334327,-12.02,14,100.0,0.6941,0.1876,0.8675,0.115,0.3575,0.7636,0.8036,0.4453,-0.0725,C,0.2266,0.322-0.622,0.659,0.459,0.127
4910,334342,-36.78,15,86.7,0.8548,0.0847,0.8145,0.3048,0.4479,0.0616,0.3679,0.4809,-0.2804,C,0.1872,0.322-0.622,0.659,0.459,0.127
4911,334355,-3.98,13,100.0,0.5874,0.218,0.8544,0.1877,0.4065,0.8577,0.9212,0.404,-0.123,C,0.2422,0.322-0.622,0.659,0.459,0.127
4912,334370,-19.5,15,60.0,1.0151,0.0353,0.8448,0.2006,0.4148,0.0078,0.1226,0.4042,-0.1401,C,0.2141,0.322-0.622,0.659,0.459,0.127
4913,334384,-14.05,14,28.6,1.1683,0.0293,0.9571,0.0616,0.289,0.0003,0.053,0.3825,-0.0218,C,0.2251,0.322-0.622,0.659,0.459,0.127
4914,334397,-17.72,13,100.0,0.6777,0.1601,0.8349,0.1638,0.4482,0.7638,0.703,0.3809,-0.0806,C,0.2424,0.322-0.622,0.659,0.459,0.127
4915,334413,-14.65,16,75.0,0.9285,0.0786,0.7756,0.1999,0.4213,0.0273,0.2782,0.4345,-0.0977,C,0.1771,0.322-0.622,0.659,0.459,0.127
4916,334426,-8.05,13,100.0,0.7536,0.1625,0.8716,0.1339,0.4224,0.1974,0.752,0.3858,-0.0551,C,0.1844,0.322-0.622,0.659,0.459,0.127
4917,334440,-21.19,14,100.0,0.8195,0.1386,0.7754,0.2444,0.4127,0.1344,0.6549,0.3362,-0.1887,C,0.2093,0.322-0.622,0.66,0.46,0.127
4918,334455,-4.22,15,86.7,0.7726,0.1306,0.8812,0.1264,0.3201,0.3923,0.5046,0.4242,-0.0514,C,0.1839,0.322-0.622,0.66,0.46,0.127
4919,334469,-17.18,14,92.9,0.7796,0.1323,0.8017,0.1889,0.465,0.1274,0.5737,0.3937,-0.1013,C,0.2442,0.322-0.622,0.66,0.46,0.127
4920,334483,-6.61,14,92.9,0.6455,0.2125,0.7886,0.1631,0.4113,0.5648,0.8338,0.4684,-0.0812,C,0.1912,0.322-0.622,0.66,0.46,0.127
4921,334497,-18.28,14,92.9,0.6044,0.2063,0.8322,0.2426,0.4283,0.605,0.8066,0.403,-0.2113,C,0.1972,0.322-0.622,0.66,0.46,0.127
4922,334511,-35.6,14,0.0,0.0,0.0,0.8405,0.1555,0.3835,0.0,0.0,0.375,-0.0922,C,0.2009,0.322-0.622,0.66,0.46,0.127
4923,334525,-10.63,14,85.7,0.7893,0.1202,0.8408,0.2048,0.3933,0.1762,0.4929,0.4521,-0.1393,C,0.2455,0.322-0.622,0.66,0.46,0.127
4924,334539,-13.01,14,100.0,0.715,0.1848,0.8463,0.1347,0.4256,0.3143,0.8377,0.3873,-0.0656,C,0.2324,0.322-0.622,0.66,0.46,0.127
4925,334558,-14.99,19,100.0,1.0947,0.0321,0.8491,0.2275,0.6077,0.0055,0.1927,0.376,-0.2154,C,0.2289,0.322-0.622,0.66,0.46,0.127
4926,334573,-15.76,15,93.3,0.7076,0.18,0.8179,0.2376,0.3283,0.5542,0.749,0.4612,-0.1365,C,0.2379,0.322-0.622,0.66,0.46,0.127
4927,334586,-13.24,13,100.0,0.5729,0.2333,0.8139,0.2028,0.4543,0.8451,0.9451,0.434,-0.1111,C,0.2208,0.322-0.622,0.66,0.46,0.127
4928,334603,-22.12,17,52.9,0.8904,0.0847,0.7803,0.2274,0.4222,0.0196,0.2213,0.4813,-0.1501,C,0.2356,0.322-0.622,0.66,0.46,0.127
4929,334617,-4.84,14,100.0,0.5909,0.2146,0.7833,0.2197,0.4333,0.8711,0.9122,0.4582,-0.1286,C,0.2432,0.322-0.622,0.66,0.46,0.127
4930,334632,0.25,15,100.0,0.6692,0.1919,0.8066,0.1972,0.4161,0.8529,0.8109,0.4519,-0.1021,C,0.2079,0.322-0.622,0.66,0.46,0.127
4931,334645,-13.5,13,100.0,0.8419,0.141,0.8372,0.1847,0.4615,0.1173,0.6578,0.4279,-0.1257,C,0.2072,0.322-0.622,0.66,0.46,0.127
4932,334659,-13.48,14,100.0,0.7645,0.159,0.8031,0.1753,0.4226,0.2465,0.7044,0.3869,-0.0978,C,0.2304,0.322-0.622,0.66,0.46,0.127
4933,334672,-13.41,13,92.3,0.7473,0.1512,0.8699,0.1076,0.4051,0.1983,0.6457,0.444,-0.0453,C,0.2178,0.322-0.622,0.66,0.46,0.127
4934,334704,-59.6,32,15.6,1.0912,0.0393,0.6225,0.2975,0.6634,0.0005,0.0341,0.3565,-0.2132,C,0.1844,0.322-0.622,0.66,0.46,0.127
4935,334718,-7.23,14,78.6,0.8097,0.1239,0.887,0.1447,0.3371,0.064,0.4537,0.4918,-0.0897,C,0.2122,0.322-0.622,0.66,0.46,0.127
4936,334732,1.47,14,100.0,0.5219,0.2314,0.8035,0.1556,0.4305,1.2838,0.8842,0.3949,-0.0893,C,0.2155,0.322-0.622,0.66,0.46,0.127
4937,334745,-2.95,13,100.0,0.6081,0.2087,0.8832,0.1161,0.3794,0.9707,0.9013,0.4285,-0.1009,C,0.2065,0.322-0.622,0.66,0.46,0.127
4938,334759,-9.27,14,100.0,0.7887,0.1444,0.8126,0.2423,0.3898,0.233,0.6383,0.4443,-0.1683,C,0.2262,0.322-0.622,0.66,0.46,0.127
4939,334904,42.04,145,97.9,0.4764,0.1609,0.4605,0.4894,0.9054,1.5151,0.7227,0.3003,-0.4489,C,0.1853,0.322-0.622,0.661,0.461,0.127
4940,334917,-7.95,13,100.0,0.8573,0.1234,0.8643,0.1611,0.4272,0.0805,0.5761,0.3788,-0.0936,C,0.2191,0.322-0.622,0.661,0.461,0.127
4941,334930,-17.7,13,53.8,1.1175,0.0144,0.8711,0.1416,0.3885,0.0023,0.0786,0.3534,-0.0813,C,0.1954,0.322-0.622,0.661,0.461,0.127
4942,334945,-16.37,15,100.0,0.6485,0.1805,0.7679,0.2723,0.434,0.8932,0.7472,0.4833,-0.1927,C,0.2335,0.322-0.622,0.661,0.461,0.127
4943,334959,-1.61,14,92.9,0.6389,0.2142,0.8696,0.142,0.3732,0.6289,0.774,0.3391,-0.0998,C,0.183,0.322-0.622,0.661,0.461,0.127
4944,334973,-5.04,14,92.9,0.7666,0.159,0.9315,0.1065,0.3159,0.3086,0.6374,0.4711,-0.0911,C,0.2408,0.322-0.622,0.661,0.461,0.127
4945,334996,-29.52,23,82.6,0.9647,0.0328,0.6217,0.3212,0.5335,0.0172,0.1635,0.4464,-0.2592,C,0.2144,0.322-0.622,0.661,0.461,0.127
4946,335010,-13.99,14,92.9,0.5752,0.2172,0.8637,0.167,0.3772,0.8855,0.844,0.4523,-0.0857,C,0.1857,0.322-0.622,0.661,0.461,0.127
4947,335423,139.5,413,99.0,0.231,0.13,0.397,0.6165,0.9611,2.8569,0.5821,0.35,-0.6702,C,0.2105,0.322-0.622,0.662,0.462,0.127
4948,335438,-18.77,15,100.0,0.7108,0.1865,0.8226,0.1946,0.4328,0.6258,0.8111,0.3849,-0.152,C,0.2369,0.322-0.622,0.662,0.462,0.127
4949,335452,-2.93,14,100.0,0.6918,0.1975,0.8766,0.127,0.4203,0.4622,0.8735,0.4089,-0.0589,C,0.2345,0.322-0.622,0.662,0.462,0.127
4950,335465,-14.08,13,100.0,0.5621,0.1994,0.8488,0.1959,0.4351,0.9894,0.8586,0.4491,-0.1381,C,0.2269,0.322-0.622,0.662,0.462,0.127
4951,335479,-8.54,14,85.7,0.9037,0.0998,0.8409,0.1348,0.4556,0.0497,0.4017,0.3915,-0.0654,C,0.2348,0.322-0.622,0.662,0.462,0.127
4952,335492,-1.21,13,100.0,0.6221,0.2362,0.8747,0.1589,0.4298,0.6021,0.9494,0.4085,-0.1093,C,0.2361,0.322-0.622,0.662,0.462,0.127
4953,335506,-34.51,14,0.0,0.0,0.0,0.898,0.1319,0.2976,0.0,0.0,0.3915,-0.0619,C,0.2357,0.322-0.622,0.662,0.462,0.127
4954,335520,-12.35,14,85.7,0.8733,0.0716,0.798,0.215,0.4473,0.0537,0.2881,0.4185,-0.1237,C,0.2103,0.322-0.622,0.662,0.462,0.127
4955,335534,-13.25,14,100.0,0.7569,0.15,0.8655,0.1488,0.4419,0.5276,0.6641,0.3921,-0.0652,C,0.2123,0.322-0.622,0.662,0.462,0.127
4956,335547,-1.01,13,100.0,0.7255,0.1819,0.8657,0.1624,0.473,0.2669,0.829,0.453,-0.0979,C,0.2026,0.322-0.622,0.662,0.462,0.127
4957,335561,-12.03,14,100.0,0.7214,0.1784,0.8973,0.101,0.3395,0.7366,0.7739,0.3961,-0.0289,C,0.2435,0.322-0.622,0.662,0.462,0.127
4958,335575,-9.31,14,57.1,0.9622,0.0686,0.9452,0.055,0.2878,0.0101,0.1958,0.3399,-0.0095,C,0.248,0.322-0.622,0.662,0.462,0.127
4959,335588,-20.18,13,100.0,0.7559,0.1488,0.8063,0.197,0.4224,0.1874,0.6864,0.4079,-0.1362,C,0.2233,0.322-0.622,0.662,0.462,0.127
4960,335602,-7.88,14,100.0,0.6665,0.1864,0.8832,0.1354,0.3869,0.4779,0.8358,0.3249,-0.0649,C,0.2156,0.322-0.622,0.662,0.462,0.127
4961,335619,-15.16,17,100.0,0.8341,0.1535,0.6888,0.2684,0.5132,0.116,0.7173,0.4745,-0.1582,C,0.2012,0.322-0.622,0.662,0.462,0.127
4962,335632,-11.18,13,100.0,0.8155,0.1183,0.8695,0.1889,0.4354,0.1414,0.5615,0.4364,-0.1838,C,0.2197,0.322-0.622,0.662,0.462,0.127
4963,335645,3.01,13,100.0,0.5285,0.2294,0.8727,0.1228,0.4203,1.0564,0.9738,0.351,-0.0587,C,0.2135,0.322-0.622,0.662,0.462,0.127
4964,335658,-3.52,13,100.0,0.5657,0.1876,0.8427,0.1424,0.4526,1.0636,0.7854,0.4422,-0.0902,C,0.2373,0.322-0.622,0.662,0.462,0.127
4965,335672,-6.99,14,100.0,0.7548,0.1876,0.838,0.2003,0.4504,0.2015,0.8583,0.454,-0.159,C,0.1896,0.322-0.622,0.662,0.462,0.127
4966,335686,-9.64,14,100.0,0.6612,0.1929,0.8575,0.1864,0.318,0.8844,0.8376,0.4175,-0.1443,C,0.2068,0.322-0.622,0.662,0.462,0.127
4967,335968,89.62,282,98.9,0.457,0.2444,0.4084,0.5265,0.9385,1.2757,0.9538,0.3713,-0.5119,C,0.2316,0.322-0.622,0.663,0.463,0.127
4968,335982,11.63,14,92.9,0.4466,0.2346,0.8797,0.1098,0.4252,1.5783,0.791,0.4501,-0.0394,C,0.2092,0.322-0.622,0.663,0.463,0.127
4969,335997,-14.21,15,86.7,0.6108,0.2221,0.8273,0.1658,0.3559,0.6965,0.7782,0.4278,-0.1049,C,0.1858,0.322-0.622,0.663,0.463,0.127
4970,336011,-18.61,14,92.9,0.843,0.1011,0.8918,0.1253,0.3936,0.0877,0.4458,0.4359,-0.076,C,0.2355,0.322-0.622,0.663,0.463,0.127
4971,336024,0.85,13,100.0,0.6656,0.1924,0.8576,0.1487,0.4234,0.4732,0.8527,0.3413,-0.0605,C,0.2296,0.322-0.622,0.663,0.463,0.127
4972,336038,-7.29,14,100.0,0.8577,0.1138,0.7579,0.1787,0.4391,0.1144,0.5326,0.4,-0.0885,C,0.2186,0.322-0.622,0.663,0.463,0.127
4973,336051,3.62,13,100.0,0.5653,0.2408,0.8209,0.1407,0.4138,0.8449,0.957,0.4098,-0.0536,C,0.2235,0.322-0.622,0.663,0.463,0.127
4974,336065,-34.58,14,0.0,0.0,0.0,0.9086,0.1145,0.2964,0.0,0.0,0.3939,-0.0608,C,0.1927,0.322-0.622,0.663,0.463,0.127
4975,336079,-21.77,14,78.6,0.8484,0.123,0.8711,0.1763,0.4491,0.0638,0.4573,0.3504,-0.1587,C,0.183,0.322-0.622,0.663,0.463,0.127
4976,336093,-13.76,14,100.0,0.5847,0.2143,0.8373,0.1858,0.428,0.9294,0.9126,0.4746,-0.1535,C,0.2105,0.322-0.622,0.663,0.463,0.127
4977,336107,-10.77,14,100.0,0.7268,0.1785,0.7822,0.2414,0.4287,0.3586,0.7767,0.4266,-0.193,C,0.1901,0.322-0.622,0.663,0.463,0.127
4978,336122,-1.52,15,100.0,0.5867,0.2057,0.8182,0.1831,0.4292,1.0014,0.8643,0.4107,-0.1177,C,0.2376,0.322-0.622,0.663,0.463,0.127
4979,336418,229.35,296,97.6,0.3629,0.1611,0.4056,0.5184,0.9467,1.9746,0.6599,0.3555,-0.4979,C,0.2276,0.322-0.622,0.664,0.464,0.127
4980,336458,11.02,40,95.0,0.5682,0.1902,0.5408,0.3711,0.7289,1.0157,0.7143,0.4043,-0.3114,C,0.1862,0.322-0.622,0.664,0.464,0.127
4981,336610,80.17,152,98.7,0.4494,0.1983,0.4221,0.4679,0.8951,1.3424,0.7972,0.3825,-0.4125,C,0.2248,0.322-0.622,0.664,0.464,0.127
4982,336626,-29.02,16,50.0,0.8743,0.1028,0.7511,0.2893,0.4594,0.0228,0.2443,0.3343,-0.2166,C,0.199,0.322-0.622,0.664,0.464,0.127
4983,336639,-11.88,13,100.0,0.7937,0.1348,0.8576,0.1569,0.4173,0.1808,0.6186,0.4138,-0.1398,C,0.2047,0.322-0.622,0.664,0.464,0.127
4984,336818,50.16,179,100.0,0.457,0.2203,0.4694,0.522,0.939,1.2816,0.8651,0.4182,-0.5069,C,0.2102,0.322-0.622,0.665,0.465,0.127
4985,337152,371.14,334,99.7,0.3225,0.1309,0.3863,0.5038,0.9553,2.2474,0.5289,0.392,-0.4639,C,0.2206,0.322-0.622,0.665,0.465,0.128
4986,337166,-12.01,14,85.7,1.0017,0.0247,0.8408,0.1836,0.4162,0.0154,0.1483,0.3712,-0.1303,C,0.2198,0.322-0.622,0.665,0.465,0.128
4987,337180,-12.49,14,92.9,0.7291,0.1703,0.8648,0.1458,0.3518,0.4399,0.6866,0.4057,-0.0656,C,0.2343,0.322-0.622,0.665,0.465,0.128
4988,337195,-6.78,15,86.7,0.7205,0.1735,0.8433,0.1713,0.3416,0.2436,0.6681,0.4579,-0.1247,C,0.2156,0.322-0.622,0.665,0.465,0.128
4989,337210,-3.82,15,93.3,0.5545,0.2266,0.8177,0.2038,0.4124,1.0367,0.833,0.4525,-0.1393,C,0.2257,0.322-0.622,0.665,0.465,0.128
4990,337225,-10.76,15,100.0,0.7124,0.1637,0.7796,0.2653,0.3981,0.6752,0.7092,0.4803,-0.2091,C,0.1952,0.322-0.622,0.665,0.465,0.128
4991,337239,-1.63,14,92.9,0.6827,0.2017,0.867,0.1537,0.3896,0.4184,0.8071,0.403,-0.087,C,0.2357,0.322-0.622,0.666,0.466,0.128
4992,337253,1.32,14,100.0,0.6996,0.1977,0.8225,0.1532,0.437,0.4386,0.8533,0.4513,-0.0791,C,0.2049,0.322-0.622,0.666,0.466,0.128
4993,337267,-10.98,14,57.1,0.8929,0.1292,0.8736,0.15,0.3324,0.0409,0.3477,0.3144,-0.0772,C,0.2315,0.322-0.622,0.666,0.466,0.128
4994,337281,-12.84,14,100.0,0.7005,0.1791,0.7643,0.2599,0.4437,0.3423,0.8161,0.438,-0.1669,C,0.215,0.322-0.622,0.666,0.466,0.128
4995,337424,42.59,143,97.9,0.5375,0.2249,0.5011,0.3941,0.8685,0.8477,0.8297,0.2305,-0.3321,C,0.219,0.322-0.622,0.666,0.466,0.128
4996,337847,299.0,423,99.8,0.4623,0.2248,0.3754,0.4866,0.9648,1.3972,0.7794,0.3826,-0.4384,C,0.2451,0.322-0.622,0.667,0.467,0.128
4997,337861,-14.39,14,85.7,0.6038,0.2163,0.9052,0.1263,0.3154,0.7538,0.7621,0.4335,-0.0754,C,0.2365,0.322-0.622,0.667,0.467,0.128
4998,337907,-29.14,46,89.1,0.7348,0.1794,0.651,0.3298,0.6648,0.1743,0.7024,0.2527,-0.2638,C,0.2237,0.322-0.622,0.667,0.467,0.128
4999,337920,-7.43,13,100.0,0.7823,0.1517,0.8524,0.135,0.417,0.3296,0.6815,0.3468,-0.098,C,0.2281,0.322-0.622,0.667,0.467,0.128
5000,337934,-13.79,14,85.7,0.7884,0.1262,0.9183,0.0711,0.2971,0.1455,0.4966,0.4664,-0.0139,C,0.2233,0.322-0.622,0.667,0.467,0.128
5001,337948,-5.17,14,100.0,0.6483,0.1929,0.8377,0.2008,0.4219,0.7583,0.8112,0.4476,-0.1662,C,0.2479,0.322-0.622,0.667,0.467,0.128
5002,337962,-11.51,14,100.0,0.508,0.2109,0.832,0.2236,0.3583,1.2843,0.8951,0.348,-0.2031,C,0.2057,0.322-0.622,0.667,0.467,0.128
5003,337976,-11.76,14,100.0,0.6344,0.2056,0.8349,0.1905,0.3615,0.6072,0.8908,0.3819,-0.14,C,0.2309,0.322-0.622,0.667,0.467,0.128
5004,337990,-16.39,14,71.4,0.9197,0.0908,0.8498,0.152,0.3422,0.0192,0.3042,0.3894,-0.0787,C,0.2344,0.322-0.622,0.667,0.467,0.128
5005,338004,-1.89,14,92.9,0.7254,0.1617,0.9337,0.0568,0.29,0.5211,0.6847,0.2716,-0.0091,C,0.2371,0.322-0.622,0.667,0.467,0.128
5006,338018,-16.57,14,100.0,0.6057,0.2051,0.8551,0.196,0.4274,0.6565,0.91,0.4536,-0.1805,C,0.1944,0.322-0.622,0.667,0.467,0.128
5007,338044,-6.02,26,84.6,0.5478,0.2193,0.6847,0.3122,0.5188,0.9861,0.7269,0.3733,-0.2295,C,0.1818,0.322-0.622,0.667,0.467,0.128
5008,338058,-13.99,14,85.7,0.8538,0.102,0.7925,0.267,0.4116,0.0638,0.4106,0.4459,-0.206,C,0.2141,0.322-0.622,0.667,0.467,0.128
5009,338073,-2.31,15,80.0,0.6907,0.1869,0.8427,0.1767,0.3919,0.2148,0.6826,0.4678,-0.0843,C,0.2431,0.322-0.622,0.667,0.467,0.128
5010,338088,-11.05,15,73.3,0.8105,0.1424,0.8642,0.1532,0.3108,0.0667,0.4882,0.3611,-0.1006,C,0.2434,0.322-0.622,0.667,0.467,0.128
5011,338106,-13.54,18,83.3,0.8576,0.0948,0.7319,0.241,0.5499,0.056,0.3669,0.3943,-0.144,C,0.1851,0.322-0.622,0.667,0.467,0.128
5012,338120,-5.5,14,100.0,0.701,0.2104,0.8419,0.1688,0.444,0.4233,0.8659,0.3454,-0.0914,C,0.1781,0.322-0.622,0.667,0.467,0.128
5013,338134,-14.65,14,92.9,0.7514,0.1587,0.9413,0.0548,0.2932,0.6631,0.6618,0.3527,-0.0102,C,0.2184,0.322-0.622,0.667,0.467,0.128
5014,338148,-6.65,14,92.9,0.7248,0.1974,0.8172,0.202,0.411,0.2716,0.8011,0.4301,-0.1566,C,0.1895,0.322-0.622,0.667,0.467,0.128
5015,338161,-21.58,13,84.6,0.8991,0.0645,0.8532,0.1481,0.4016,0.0377,0.2626,0.445,-0.0811,C,0.1882,0.322-0.622,0.667,0.467,0.128
5016,338175,-22.64,14,57.1,0.8488,0.1062,0.9182,0.0725,0.308,0.0419,0.2901,0.4126,-0.0181,C,0.2176,0.322-0.622,0.668,0.468,0.128
5017,338189,-12.78,14,57.1,0.8629,0.1072,0.9238,0.1098,0.2897,0.0342,0.2933,0.3955,-0.0674,C,0.197,0.322-0.622,0.668,0.468,0.128
5018,338203,-12.94,14,100.0,0.6485,0.2143,0.8036,0.1788,0.4622,0.4754,0.9021,0.3646,-0.096,C,0.2021,0.322-0.622,0.668,0.468,0.128
5019,338216,-0.58,13,100.0,0.819,0.1321,0.8562,0.1194,0.4564,0.1668,0.6162,0.4341,-0.0373,C,0.1956,0.322-0.622,0.668,0.468,0.128
5020,338231,-11.92,15,93.3,0.5352,0.2228,0.8262,0.1914,0.379,1.2053,0.8105,0.4217,-0.139,C,0.2208,0.322-0.622,0.668,0.468,0.128
5021,338245,-22.79,14,0.0,0.0,0.0,0.8664,0.1767,0.316,0.0,0.0,0.4037,-0.0943,C,0.237,0.322-0.622,0.668,0.468,0.128
5022,338299,2.14,54,96.3,0.5656,0.2138,0.5706,0.4016,0.7744,0.7623,0.7947,0.4226,-0.3508,C,0.1875,0.322-0.622,0.668,0.468,0.128
5023,338314,-13.31,15,100.0,0.7904,0.157,0.7606,0.1884,0.4716,0.1651,0.7323,0.344,-0.0965,C,0.2194,0.322-0.622,0.668,0.468,0.128
5024,338327,-21.4,13,38.5,1.0938,0.0205,0.8833,0.1576,0.448,0.0012,0.0625,0.3761,-0.128,C,0.2023,0.322-0.622,0.668,0.468,0.128
5025,338340,-4.42,13,100.0,0.6752,0.2124,0.8411,0.225,0.4238,0.3745,0.9303,0.4399,-0.1573,C,0.241,0.322-0.622,0.668,0.468,0.128
5026,338358,-8.95,18,88.9,0.7846,0.1611,0.73,0.2309,0.4973,0.1544,0.6258,0.2825,-0.1444,C,0.2076,0.322-0.622,0.668,0.468,0.128
5027,338371,-1.57,13,100.0,0.7187,0.1527,0.8731,0.1238,0.4556,0.3957,0.6686,0.4331,-0.054,C,0.2134,0.322-0.622,0.668,0.468,0.128
5028,338615,-27.08,244,99.6,0.444,0.2573,0.4378,0.5766,0.9318,1.4192,0.851,0.4034,-0.6114,C,0.1845,0.322-0.622,0.668,0.468,0.128
5029,338629,-26.56,14,0.0,0.0,0.0,0.8741,0.1268,0.3586,0.0,0.0,0.4226,-0.0778,C,0.237,0.322-0.622,0.668,0.468,0.128
5030,338643,-5.98,14,71.4,0.7389,0.1836,0.8971,0.1146,0.3648,0.1377,0.5746,0.4854,-0.063,C,0.1814,0.322-0.622,0.669,0.469,0.128
5031,338658,-13.6,15,100.0,0.7483,0.1501,0.8333,0.2615,0.4399,0.2757,0.6867,0.4482,-0.2329,C,0.2316,0.322-0.622,0.669,0.469,0.128
5032,338672,-22.37,14,0.0,0.0,0.0,0.8749,0.1405,0.3036,0.0,0.0,0.3749,-0.0693,C,0.2488,0.322-0.622,0.669,0.469,0.128
5033,338688,-32.12,16,68.8,1.1155,0.0504,0.7499,0.2787,0.4535,0.0022,0.1773,0.2958,-0.2585,C,0.2147,0.322-0.622,0.669,0.469,0.128
5034,338701,-6.41,13,100.0,0.6336,0.1973,0.8512,0.229,0.4474,0.5613,0.8642,0.4341,-0.2239,C,0.2255,0.322-0.622,0.669,0.469,0.128
5035,338764,61.63,63,98.4,0.3807,0.1995,0.545,0.4468,0.8456,1.9816,0.8509,0.3605,-0.4127,C,0.2003,0.322-0.622,0.669,0.469,0.128
5036,338779,-6.11,15,73.3,0.6948,0.2022,0.8649,0.1291,0.3497,0.2458,0.6135,0.4333,-0.0525,C,0.2356,0.322-0.622,0.669,0.469,0.128
5037,338794,-20.39,15,73.3,0.8466,0.1087,0.8254,0.1661,0.4373,0.0477,0.3731,0.4335,-0.0814,C,0.2433,0.322-0.622,0.669,0.469,0.128
5038,338820,-12.14,26,92.3,0.7941,0.1621,0.631,0.3119,0.6095,0.1171,0.6869,0.3872,-0.2162,C,0.2235,0.322-0.622,0.669,0.469,0.128
5039,338834,-10.56,14,85.7,0.644,0.1907,0.941,0.0692,0.3044,0.6501,0.6935,0.4883,-0.0176,C,0.2093,0.322-0.622,0.669,0.469,0.128
5040,338847,-25.76,13,100.0,0.8384,0.1122,0.8607,0.2111,0.4772,0.0858,0.5197,0.413,-0.225,C,0.1899,0.322-0.622,0.669,0.469,0.128
5041,339118,-193.6,271,99.3,0.5175,0.165,0.4267,0.5964,0.9523,1.1098,0.7716,0.4081,-0.6419,C,0.1952,0.322-0.622,0.67,0.47,0.128
5042,339133,-12.3,15,86.7,0.6744,0.1759,0.8583,0.156,0.3571,0.5005,0.6428,0.4785,-0.0947,C,0.2449,0.322-0.622,0.67,0.47,0.128
5043,339147,-7.44,14,64.3,0.9069,0.0847,0.9258,0.0651,0.3233,0.0237,0.2712,0.4142,-0.0124,C,0.1826,0.322-0.622,0.67,0.47,0.128
5044,339164,-10.56,17,100.0,0.649,0.1747,0.7643,0.1753,0.5089,0.7577,0.7379,0.3808,-0.0736,C,0.1814,0.322-0.622,0.67,0.47,0.128
5045,339178,-8.89,14,100.0,0.839,0.1305,0.8191,0.1921,0.388,0.112,0.6061,0.4462,-0.1095,C,0.2183,0.322-0.622,0.67,0.47,0.128
5046,339191,-13.31,13,84.6,0.896,0.0849,0.8489,0.1633,0.3714,0.0346,0.342,0.368,-0.1193,C,0.1809,0.322-0.622,0.67,0.47,0.128
5047,339206,-8.51,15,93.3,0.7495,0.1638,0.8511,0.1732,0.4112,0.2764,0.712,0.4362,-0.0862,C,0.225,0.322-0.622,0.67,0.47,0.128
5048,339221,-20.54,15,100.0,0.6909,0.1697,0.7794,0.3014,0.4407,0.8431,0.7326,0.4543,-0.2659,C,0.2097,0.322-0.622,0.67,0.47,0.128
5049,339239,-15.06,18,77.8,0.8139,0.132,0.7873,0.2231,0.3821,0.0915,0.4592,0.3037,-0.1487,C,0.1868,0.322-0.622,0.67,0.47,0.128
5050,339253,-14.07,14,100.0,0.7388,0.1696,0.8258,0.1666,0.4253,0.2392,0.7917,0.3845,-0.0935,C,0.2154,0.322-0.622,0.67,0.47,0.128
5051,339267,-11.1,14,92.9,0.6544,0.2012,0.8596,0.1278,0.3484,0.8372,0.7801,0.442,-0.0609,C,0.187,0.322-0.622,0.67,0.47,0.128
5052,339280,-25.58,13,69.2,0.9676,0.0813,0.8842,0.1254,0.3693,0.0121,0.2647,0.3955,-0.0936,C,0.2052,0.322-0.622,0.67,0.47,0.128
5053,339314,9.53,34,94.1,0.4272,0.2222,0.5969,0.4494,0.6871,1.7619,0.807,0.4461,-0.4407,C,0.2174,0.322-0.622,0.67,0.47,0.128
5054,339329,-6.61,15,80.0,0.5048,0.213,0.8402,0.1358,0.2896,1.2821,0.6684,0.4503,-0.0464,C,0.2294,0.322-0.622,0.67,0.47,0.128
5055,339342,-24.53,13,100.0,0.7951,0.1506,0.892,0.1689,0.4089,0.3343,0.6686,0.4428,-0.1774,C,0.1832,0.322-0.622,0.67,0.47,0.128
5056,339355,-18.33,13,0.0,0.0,0.0,0.895,0.0883,0.3812,0.0,0.0,0.3832,-0.0307,C,0.1908,0.322-0.622,0.67,0.47,0.128
5057,339368,-5.07,13,84.6,0.6777,0.1792,0.8835,0.1308,0.3938,0.2854,0.6794,0.4638,-0.052,C,0.2108,0.322-0.622,0.67,0.47,0.128
5058,339381,-2.37,13,100.0,0.5673,0.216,0.8962,0.1517,0.4477,1.0289,0.9054,0.4399,-0.1325,C,0.2281,0.322-0.622,0.67,0.47,0.128
5059,339395,-26.28,14,100.0,0.8612,0.1225,0.7727,0.2779,0.4113,0.1048,0.5719,0.471,-0.2524,C,0.2252,0.322-0.622,0.67,0.47,0.128
5060,339412,-0.34,17,88.2,0.6966,0.1729,0.7407,0.1782,0.4169,0.4627,0.6554,0.4692,-0.0797,C,0.1929,0.322-0.622,0.67,0.47,0.128
5061,339439,-4.22,27,92.6,0.5983,0.2052,0.7577,0.2779,0.5573,0.8217,0.7702,0.3597,-0.2549,C,0.2225,0.322-0.622,0.67,0.47,0.128
5062,339455,-21.35,16,87.5,0.7991,0.1138,0.7656,0.2531,0.4846,0.1001,0.4673,0.4583,-0.2105,C,0.2294,0.322-0.622,0.67,0.47,0.128
5063,339469,-10.76,14,85.7,0.7072,0.1726,0.9028,0.0864,0.3565,0.2029,0.6767,0.3544,-0.0314,C,0.2071,0.322-0.622,0.67,0.47,0.128
5064,339486,-8.77,17,88.2,0.8334,0.1213,0.7452,0.189,0.4419,0.0704,0.4995,0.3423,-0.1143,C,0.2096,0.322-0.622,0.67,0.47,0.128
5065,339500,-2.0,14,100.0,0.6523,0.193,0.8725,0.1398,0.344,0.9017,0.8446,0.3829,-0.0969,C,0.2063,0.322-0.622,0.67,0.47,0.128
5066,339528,-1.81,28,96.4,0.5884,0.224,0.6838,0.3298,0.6188,0.7877,0.8316,0.3201,-0.2574,C,0.1997,0.322-0.622,0.67,0.47,0.128
5067,339545,-11.8,17,82.4,0.6233,0.1861,0.8157,0.2198,0.3959,0.5946,0.6664,0.4061,-0.1985,C,0.2168,0.322-0.622,0.67,0.47,0.128
5068,339558,-17.63,13,100.0,0.6622,0.1852,0.9029,0.1044,0.4418,0.6511,0.7766,0.3761,-0.0719,C,0.1857,0.322-0.622,0.67,0.47,0.128
5069,339581,-43.01,23,47.8,0.9911,0.0107,0.7262,0.3106,0.6485,0.0054,0.0656,0.3984,-0.2652,C,0.2335,0.322-0.622,0.671,0.471,0.128
5070,339594,-17.78,13,38.5,0.9842,0.0205,0.8657,0.1671,0.4168,0.0051,0.0625,0.4066,-0.1024,C,0.2213,0.322-0.622,0.671,0.471,0.128
5071,339607,-8.98,13,100.0,0.9436,0.0717,0.8731,0.1401,0.4443,0.0454,0.3418,0.4052,-0.0898,C,0.1965,0.322-0.622,0.671,0.471,0.128
5072,339621,-12.08,14,92.9,0.762,0.166,0.8731,0.1542,0.3734,0.2425,0.704,0.4034,-0.1147,C,0.2385,0.322-0.622,0.671,0.471,0.128
5073,339639,-16.19,18,88.9,0.8837,0.0994,0.7505,0.188,0.5473,0.0538,0.4113,0.3282,-0.0814,C,0.2065,0.322-0.622,0.671,0.471,0.128
5074,339653,-1.25,14,100.0,0.6396,0.2101,0.8065,0.18,0.4402,0.6825,0.8576,0.367,-0.0731,C,0.2053,0.322-0.622,0.671,0.471,0.128
5075,339667,-31.97,14,100.0,0.9241,0.0887,0.8089,0.29,0.4314,0.0772,0.4242,0.4638,-0.3158,C,0.2257,0.322-0.622,0.671,0.471,0.128
5076,339681,-3.1,14,100.0,0.5833,0.2339,0.8241,0.1791,0.4233,0.8098,0.938,0.3724,-0.1486,C,0.1833,0.322-0.622,0.671,0.471,0.128
5077,339695,-4.07,14,92.9,0.6893,0.1896,0.8602,0.171,0.3103,0.6833,0.7556,0.3533,-0.0851,C,0.1948,0.322-0.622,0.671,0.471,0.128
5078,339709,-19.14,14,85.7,0.7098,0.1604,0.8589,0.1856,0.3911,0.2309,0.6233,0.4463,-0.097,C,0.2007,0.322-0.622,0.671,0.471,0.128
5079,339723,-29.49,14,57.1,1.0643,0.0289,0.844,0.2179,0.4094,0.0032,0.1065,0.42,-0.1848,C,0.2422,0.322-0.622,0.671,0.471,0.128
5080,339740,-25.66,17,100.0,0.9476,0.1152,0.8169,0.3256,0.4632,0.1131,0.5538,0.3919,-0.3564,C,0.2125,0.322-0.622,0.671,0.471,0.128
5081,339755,-33.36,15,66.7,1.1438,0.0231,0.7796,0.3494,0.4499,0.0019,0.1136,0.3578,-0.3266,C,0.1993,0.322-0.622,0.671,0.471,0.128
5082,339769,-26.63,14,50.0,0.8492,0.0469,0.8523,0.2165,0.3888,0.0307,0.1236,0.3902,-0.1978,C,0.247,0.322-0.622,0.671,0.471,0.128
5083,339784,-12.64,15,100.0,0.5962,0.198,0.741,0.3091,0.4515,0.9889,0.8242,0.4548,-0.2271,C,0.2169,0.322-0.622,0.671,0.471,0.128
5084,339798,-9.86,14,50.0,1.0882,0.0459,0.913,0.0745,0.3001,0.0016,0.1197,0.3812,-0.016,C,0.229,0.322-0.622,0.671,0.471,0.128
5085,339843,-14.53,45,100.0,0.5918,0.2148,0.5711,0.4373,0.825,0.6652,0.8192,0.4465,-0.3988,C,0.2303,0.322-0.622,0.671,0.471,0.129
5086,339867,11.36,24,91.7,0.4393,0.247,0.6658,0.3247,0.5699,1.476,0.8515,0.3589,-0.2494,C,0.181,0.322-0.622,0.671,0.471,0.129
5087,339881,-21.82,14,35.7,1.0196,0.0172,0.9054,0.1146,0.3591,0.0033,0.0547,0.3615,-0.0435,C,0.2438,0.322-0.622,0.671,0.471,0.129
5088,339896,-7.27,15,86.7,0.5667,0.2109,0.8361,0.2346,0.3378,0.9234,0.747,0.4108,-0.1645,C,0.1793,0.322-0.622,0.671,0.471,0.129
5089,339910,-30.76,14,14.3,1.3336,0.0029,0.8408,0.1685,0.417,0.0,0.0172,0.3974,-0.0905,C,0.2266,0.322-0.622,0.671,0.471,0.129
5090,339925,-10.11,15,100.0,0.6958,0.1869,0.7763,0.1629,0.3993,0.6887,0.7821,0.4269,-0.087,C,0.2091,0.322-0.622,0.671,0.471,0.129
5091,339960,-11.05,35,88.6,0.6014,0.1707,0.6538,0.3412,0.7052,0.5036,0.6933,0.3131,-0.2939,C,0.2193,0.322-0.622,0.671,0.471,0.129
5092,340012,59.59,52,98.1,0.3178,0.2401,0.5606,0.4475,0.8016,2.3539,0.9297,0.3512,-0.4141,C,0.1817,0.322-0.622,0.671,0.471,0.129
5093,340230,-69.3,218,97.7,0.5787,0.2082,0.3958,0.4841,0.9161,0.5768,0.8626,0.276,-0.4413,C,0.204,0.322-0.622,0.672,0.472,0.129
5094,340244,-6.07,14,100.0,0.7296,0.18,0.7709,0.2359,0.4165,0.2785,0.8164,0.3919,-0.1613,C,0.1955,0.322-0.622,0.672,0.472,0.129
5095,340258,-18.36,14,100.0,0.8626,0.1167,0.8362,0.2392,0.4259,0.1172,0.5466,0.426,-0.2083,C,0.1877,0.322-0.622,0.672,0.472,0.129
5096,340272,-3.84,14,78.6,0.7388,0.1612,0.9239,0.0701,0.3055,0.1428,0.5759,0.2881,-0.0138,C,0.2397,0.322-0.622,0.672,0.472,0.129
5097,340286,-19.0,14,100.0,0.751,0.1535,0.8113,0.1769,0.4086,0.2426,0.6975,0.4173,-0.1317,C,0.2038,0.322-0.622,0.672,0.472,0.129
5098,340301,-16.99,15,80.0,0.6746,0.1737,0.906,0.0949,0.2685,0.4273,0.6111,0.4172,-0.0367,C,0.2142,0.322-0.622,0.672,0.472,0.129
5099,340315,-9.56,14,85.7,0.8296,0.1078,0.9513,0.0883,0.3144,0.0754,0.432,0.3054,-0.0856,C,0.1799,0.322-0.622,0.672,0.472,0.129
5100,340357,4.34,42,92.9,0.3971,0.2102,0.5615,0.413,0.7521,1.5628,0.6963,0.2786,-0.3795,C,0.1889,0.322-0.622,0.672,0.472,0.129
5101,340375,-21.18,18,72.2,0.8432,0.1142,0.7634,0.2003,0.3986,0.043,0.3902,0.3809,-0.1182,C,0.2057,0.322-0.622,0.672,0.472,0.129
5102,340389,-7.69,14,100.0,0.556,0.2188,0.7717,0.2076,0.3744,1.1437,0.9111,0.4037,-0.1107,C,0.1842,0.322-0.622,0.672,0.472,0.129
5103,340404,-15.36,15,100.0,0.9519,0.1016,0.783,0.3008,0.4903,0.0708,0.4997,0.3861,-0.2225,C,0.2098,0.322-0.622,0.672,0.472,0.129
5104,340418,-6.14,14,85.7,0.7225,0.1514,0.83,0.1501,0.3706,0.1903,0.5867,0.4708,-0.0579,C,0.1999,0.322-0.622,0.672,0.472,0.129
5105,340432,-10.49,14,100.0,0.604,0.2141,0.8218,0.1757,0.397,0.986,0.907,0.4711,-0.1227,C,0.1879,0.322-0.622,0.672,0.472,0.129
5106,341044,813.9,612,99.3,0.331,0.2278,0.3898,0.5221,0.9702,2.2222,0.9069,0.3584,-0.5044,C,0.2358,0.322-0.622,0.674,0.474,0.129
5107,341058,-9.81,14,100.0,0.6791,0.1945,0.855,0.128,0.3877,0.472,0.8708,0.4067,-0.0693,C,0.1896,0.322-0.622,0.674,0.474,0.129
5108,341119,74.31,61,98.4,0.4954,0.1953,0.5437,0.3322,0.824,1.3486,0.8504,0.3751,-0.2404,C,0.1963,0.322-0.622,0.674,0.474,0.129
5109,341132,-20.03,13,100.0,0.8236,0.1212,0.847,0.1704,0.431,0.1365,0.5648,0.3882,-0.0856,C,0.1911,0.322-0.622,0.674,0.474,0.129
5110,341146,-20.77,14,85.7,0.966,0.0467,0.7761,0.2596,0.4657,0.0202,0.2095,0.4128,-0.2231,C,0.2332,0.322-0.622,0.674,0.474,0.129
5111,341160,-3.86,14,100.0,0.5989,0.2144,0.8315,0.2071,0.4544,0.823,0.8622,0.4188,-0.1519,C,0.1992,0.322-0.622,0.674,0.474,0.129
5112,341174,-11.23,14,100.0,0.5885,0.2125,0.8689,0.1775,0.3847,1.014,0.8823,0.4462,-0.1647,C,0.1897,0.322-0.622,0.674,0.474,0.129
5113,341188,-1.72,14,92.9,0.6598,0.1856,0.8538,0.1736,0.4331,0.4809,0.769,0.4324,-0.1032,C,0.1956,0.322-0.622,0.674,0.474,0.129
5114,341203,-2.25,15,80.0,0.6813,0.1772,0.8526,0.1297,0.3242,0.3456,0.5886,0.4324,-0.0423,C,0.1978,0.322-0.622,0.674,0.474,0.129
5115,341217,4.28,14,100.0,0.4371,0.2263,0.8679,0.138,0.4562,1.7977,0.8615,0.3358,-0.0497,C,0.2174,0.322-0.622,0.674,0.474,0.129
5116,341231,-13.92,14,100.0,0.5778,0.2267,0.843,0.2148,0.4224,0.911,0.9391,0.314,-0.1658,C,0.2228,0.322-0.622,0.674,0.474,0.129
5117,341245,-0.7,14,92.9,0.7467,0.1523,0.8848,0.1126,0.3143,0.569,0.6245,0.4354,-0.0287,C,0.2154,0.322-0.622,0.674,0.474,0.129
5118,341276,9.86,31,90.3,0.5077,0.2243,0.599,0.3522,0.6661,1.1887,0.8074,0.4496,-0.2887,C,0.1878,0.322-0.622,0.674,0.474,0.129
5119,341289,-10.5,13,100.0,0.5358,0.24,0.8529,0.2031,0.4148,1.0909,0.9338,0.4552,-0.1529,C,0.2197,0.322-0.622,0.674,0.474,0.129
5120,341364,15.17,75,96.0,0.5479,0.2301,0.5143,0.4399,0.8473,0.8224,0.9021,0.4406,-0.4005,C,0.2328,0.322-0.622,0.674,0.474,0.129
5121,341378,-1.82,14,85.7,0.7291,0.1689,0.8866,0.0928,0.3403,0.2421,0.6268,0.4,-0.0363,C,0.2444,0.322-0.622,0.674,0.474,0.129
5122,341392,-15.83,14,100.0,0.9402,0.085,0.7601,0.2316,0.4324,0.0712,0.4081,0.4475,-0.1572,C,0.211,0.322-0.622,0.674,0.474,0.129
5123,341759,435.71,367,99.7,0.3301,0.2375,0.3971,0.542,0.9595,2.2821,0.8419,0.3818,-0.5278,C,0.2482,0.322-0.622,0.675,0.475,0.129
5124,341772,-2.3,13,100.0,0.8009,0.1513,0.9118,0.1012,0.4309,0.1439,0.7142,0.3395,-0.0468,C,0.2196,0.322-0.622,0.675,0.475,0.129
5125,341786,-25.03,14,57.1,0.8772,0.0448,0.8623,0.1761,0.35,0.0254,0.1368,0.4523,-0.1055,C,0.2279,0.322-0.622,0.675,0.475,0.129
5126,341847,-37.02,61,73.8,0.4881,0.1648,0.5997,0.3981,0.734,1.039,0.5091,0.1812,-0.3617,C,0.212,0.322-0.622,0.675,0.475,0.129
5127,341860,-28.19,13,0.0,0.0,0.0,0.8209,0.1951,0.3459,0.0,0.0,0.2906,-0.1442,C,0.1872,0.322-0.622,0.675,0.475,0.129
5128,341874,-15.52,14,92.9,0.6887,0.1825,0.9214,0.0898,0.2897,0.7715,0.7483,0.4301,-0.0533,C,0.2136,0.322-0.622,0.675,0.475,0.129
5129,341895,-22.15,21,95.2,0.7321,0.1389,0.7474,0.2885,0.5865,0.2481,0.615,0.2989,-0.244,C,0.2308,0.322-0.622,0.675,0.475,0.129
5130,341908,-21.91,13,76.9,0.704,0.1757,0.9025,0.1316,0.4186,0.274,0.6225,0.3376,-0.1045,C,0.1891,0.322-0.622,0.676,0.476,0.129
5131,341921,-4.45,13,100.0,0.5741,0.2013,0.8907,0.1271,0.4571,0.8893,0.8669,0.3062,-0.0666,C,0.2099,0.322-0.622,0.676,0.476,0.129
5132,341934,-10.94,13,69.2,1.0369,0.0413,0.9029,0.1179,0.4503,0.0093,0.1541,0.3262,-0.0801,C,0.2098,0.322-0.622,0.676,0.476,0.129
5133,341949,-3.16,15,100.0,0.7268,0.188,0.7781,0.1829,0.4406,0.4144,0.7987,0.4243,-0.1024,C,0.1841,0.322-0.622,0.676,0.476,0.129
5134,341962,-4.0,13,100.0,0.704,0.2058,0.8678,0.1515,0.4579,0.3264,0.9069,0.3462,-0.0862,C,0.1957,0.322-0.622,0.676,0.476,0.129
5135,341976,-30.21,14,0.0,0.0,0.0,0.9119,0.0939,0.2974,0.0,0.0,0.4726,-0.0278,C,0.2405,0.322-0.622,0.676,0.476,0.129
5136,341990,-14.94,14,100.0,0.5731,0.2102,0.8298,0.224,0.4226,0.9417,0.9029,0.4016,-0.184,C,0.1974,0.322-0.622,0.676,0.476,0.129
5137,342004,-13.92,14,100.0,0.5845,0.2167,0.8659,0.1602,0.4035,0.9538,0.9217,0.4021,-0.1125,C,0.1892,0.322-0.622,0.676,0.476,0.129
5138,342018,-12.37,14,57.1,0.9748,0.0576,0.9353,0.1013,0.3026,0.0082,0.1718,0.3521,-0.0541,C,0.2365,0.322-0.622,0.676,0.476,0.129
5139,342033,-19.93,15,86.7,0.8494,0.1176,0.7755,0.2436,0.4284,0.0909,0.4767,0.3949,-0.2063,C,0.1867,0.322-0.622,0.676,0.476,0.129
5140,342048,-52.0,15,20.0,1.3754,0.0029,0.8579,0.3054,0.4069,0.0,0.024,0.365,-0.3548,C,0.2281,0.322-0.622,0.676,0.476,0.129
5141,342061,-11.51,13,100.0,0.7588,0.1799,0.8435,0.2065,0.4381,0.2399,0.8156,0.3711,-0.1567,C,0.203,0.322-0.622,0.676,0.476,0.129
5142,342075,-18.1,14,100.0,0.6274,0.1837,0.8014,0.2313,0.4343,0.8291,0.8015,0.3821,-0.1922,C,0.2024,0.322-0.622,0.676,0.476,0.129
5143,342090,-9.3,15,100.0,0.7036,0.197,0.8738,0.1329,0.4657,0.3766,0.8793,0.3207,-0.1007,C,0.2028,0.322-0.622,0.676,0.476,0.129
5144,342121,-33.09,31,87.1,0.7259,0.1729,0.6641,0.3533,0.5163,0.3106,0.6247,0.2855,-0.2981,C,0.2395,0.322-0.622,0.676,0.476,0.129
5145,342135,-17.56,14,78.6,0.8302,0.1132,0.9628,0.0381,0.3002,0.1332,0.417,0.4073,-0.0054,C,0.2162,0.322-0.622,0.676,0.476,0.129
5146,342150,-14.16,15,86.7,0.7237,0.1701,0.8153,0.1951,0.4445,0.1987,0.6281,0.298,-0.1024,C,0.1915,0.322-0.622,0.676,0.476,0.129
5147,342176,-35.83,26,65.4,0.9039,0.1055,0.6773,0.3232,0.4844,0.0507,0.3271,0.4427,-0.2684,C,0.2161,0.322-0.622,0.676,0.476,0.129
5148,342190,-4.61,14,100.0,0.6459,0.2024,0.8292,0.1906,0.3919,0.6263,0.8663,0.4031,-0.1397,C,0.2198,0.322-0.622,0.676,0.476,0.129
5149,342204,-14.15,14,92.9,0.6394,0.2037,0.8572,0.2359,0.4045,0.4903,0.818,0.3369,-0.2311,C,0.1826,0.322-0.622,0.676,0.476,0.129
5150,342220,-8.44,16,87.5,0.7985,0.1493,0.7976,0.1703,0.437,0.0844,0.6122,0.4036,-0.0818,C,0.2069,0.322-0.622,0.676,0.476,0.129
5151,342235,-14.51,15,100.0,0.8017,0.167,0.8307,0.2504,0.4912,0.2523,0.7297,0.4213,-0.2395,C,0.215,0.322-0.622,0.676,0.476,0.129
5152,342252,-11.66,17,88.2,0.7952,0.1115,0.7729,0.2214,0.4448,0.1192,0.4676,0.4525,-0.135,C,0.2015,0.322-0.622,0.676,0.476,0.129
5153,342265,-0.33,13,92.3,0.683,0.1939,0.8303,0.1592,0.4053,0.4422,0.7911,0.3837,-0.0864,C,0.2272,0.322-0.622,0.676,0.476,0.129
5154,342278,3.8,13,100.0,0.5762,0.2221,0.8239,0.2049,0.4152,1.0763,0.8729,0.3929,-0.1231,C,0.1927,0.322-0.622,0.676,0.476,0.129
5155,342302,-15.6,24,75.0,0.5117,0.216,0.7199,0.3105,0.4469,0.913,0.6534,0.4162,-0.2799,C,0.2372,0.322-0.622,0.676,0.476,0.129
5156,342316,-12.84,14,100.0,0.8813,0.1104,0.7845,0.2189,0.4113,0.07,0.517,0.4185,-0.1647,C,0.2482,0.322-0.622,0.676,0.476,0.129
5157,342331,-6.98,15,86.7,0.5854,0.2176,0.8229,0.2154,0.3485,0.8728,0.7919,0.3876,-0.1381,C,0.2269,0.322-0.622,0.676,0.476,0.129
5158,342345,-17.98,14,0.0,0.0,0.0,0.9216,0.0775,0.2905,0.0,0.0,0.4048,-0.0231,C,0.2294,0.322-0.622,0.676,0.476,0.129
5159,342360,-2.89,15,93.3,0.6697,0.2109,0.7885,0.2179,0.4193,0.5525,0.794,0.416,-0.1416,C,0.1823,0.322-0.622,0.676,0.476,0.129
5160,342714,629.28,354,99.2,0.3359,0.2209,0.3428,0.4662,0.9557,2.2323,0.8781,0.3645,-0.4046,C,0.2444,0.322-0.622,0.677,0.477,0.13
5161,342729,-11.54,15,100.0,0.838,0.1314,0.7891,0.1987,0.4708,0.1745,0.6099,0.4011,-0.1296,C,0.2105,0.322-0.622,0.677,0.477,0.13
5162,342743,-14.71,14,100.0,0.6691,0.1811,0.8558,0.1379,0.369,0.8698,0.8023,0.4315,-0.0848,C,0.2383,0.322-0.622,0.677,0.477,0.13
5163,342757,-16.19,14,100.0,0.5857,0.2208,0.8783,0.1878,0.4394,0.8747,0.8838,0.3851,-0.1892,C,0.2241,0.322-0.622,0.677,0.477,0.13
5164,342770,-1.47,13,100.0,0.7331,0.1825,0.8394,0.1852,0.4319,0.3589,0.819,0.389,-0.1177,C,0.2427,0.322-0.622,0.677,0.477,0.13
5165,342785,-4.92,15,93.3,0.6831,0.2035,0.7263,0.2355,0.4297,0.4158,0.8234,0.3543,-0.1287,C,0.1836,0.322-0.622,0.677,0.477,0.13
5166,342804,-24.87,19,78.9,0.6778,0.148,0.785,0.2388,0.3572,0.6232,0.5162,0.4244,-0.1964,C,0.2129,0.322-0.622,0.677,0.477,0.13
5167,342819,-10.1,15,100.0,0.8865,0.1315,0.7603,0.1736,0.4275,0.0766,0.6234,0.3527,-0.0766,C,0.2449,0.322-0.622,0.677,0.477,0.13
5168,342833,-28.24,14,21.4,1.2228,0.0179,0.9434,0.0676,0.2893,0.0001,0.0331,0.2895,-0.0182,C,0.2016,0.322-0.622,0.677,0.477,0.13
5169,342848,-30.89,15,93.3,0.7149,0.1493,0.8175,0.2907,0.4135,0.279,0.6181,0.4831,-0.266,C,0.2231,0.322-0.622,0.678,0.478,0.13
5170,342862,-21.17,14,100.0,0.6617,0.1855,0.8404,0.2062,0.3953,0.638,0.7955,0.3984,-0.1848,C,0.2078,0.322-0.622,0.678,0.478,0.13
5171,342878,-5.54,16,87.5,0.6753,0.189,0.8046,0.1986,0.401,0.4725,0.7088,0.4325,-0.1223,C,0.2429,0.322-0.622,0.678,0.478,0.13
5172,342892,-20.66,14,85.7,0.6921,0.175,0.8787,0.1731,0.3921,0.2396,0.6593,0.4275,-0.1105,C,0.2128,0.322-0.622,0.678,0.478,0.13
5173,342906,-12.84,14,78.6,0.8432,0.1025,0.8596,0.1669,0.3685,0.0518,0.3854,0.4574,-0.101,C,0.1966,0.322-0.622,0.678,0.478,0.13
5174,342976,-42.66,70,95.7,0.5203,0.2269,0.5717,0.5114,0.8029,0.9006,0.8699,0.4123,-0.5376,C,0.2298,0.322-0.622,0.678,0.478,0.13
5175,342990,-2.0,14,92.9,0.7982,0.1447,0.93,0.0887,0.3085,0.3068,0.5941,0.4139,-0.0292,C,0.2037,0.322-0.622,0.678,0.478,0.13
5176,343004,-20.48,14,92.9,0.7975,0.1128,0.798,0.2024,0.4302,0.1064,0.489,0.4119,-0.1363,C,0.2235,0.322-0.622,0.678,0.478,0.13
5177,343042,-22.09,38,81.6,0.566,0.2089,0.7111,0.3235,0.5482,0.8246,0.6393,0.3281,-0.2859,C,0.2466,0.322-0.622,0.678,0.478,0.13
5178,343057,-22.78,15,26.7,0.9353,0.0151,0.8616,0.1764,0.366,0.0059,0.0395,0.3487,-0.094,C,0.2491,0.322-0.622,0.678,0.478,0.13
5179,343071,2.83,14,100.0,0.4975,0.2234,0.8564,0.1248,0.3846,1.2781,0.8527,0.3393,-0.0623,C,0.2175,0.322-0.622,0.678,0.478,0.13
5180,343085,-29.54,14,57.1,1.0378,0.0416,0.8136,0.2094,0.3967,0.0051,0.1313,0.3667,-0.1779,C,0.224,0.322-0.622,0.678,0.478,0.13
5181,343099,-20.32,14,50.0,0.9762,0.0649,0.9442,0.054,0.2927,0.0072,0.1633,0.4627,-0.0094,C,0.2042,0.322-0.622,0.678,0.478,0.13
5182,343113,-4.58,14,92.9,0.7249,0.1784,0.9127,0.1234,0.3163,0.683,0.7009,0.3401,-0.0778,C,0.218,0.322-0.622,0.678,0.478,0.13
5183,343130,-10.83,17,100.0,0.7197,0.1958,0.7893,0.2155,0.4776,0.2918,0.8653,0.3804,-0.1539,C,0.2366,0.322-0.622,0.678,0.478,0.13
5184,343144,-19.06,14,100.0,0.7318,0.1837,0.8399,0.2782,0.431,0.267,0.8279,0.4759,-0.2896,C,0.1854,0.322-0.622,0.678,0.478,0.13
5185,343158,-14.81,14,92.9,0.6687,0.1928,0.8517,0.1953,0.3758,0.5178,0.78,0.4086,-0.1307,C,0.2048,0.322-0.622,0.678,0.478,0.13
5186,343176,-19.25,18,94.4,0.67,0.1776,0.7081,0.3271,0.4742,0.4522,0.7238,0.4367,-0.2233,C,0.1925,0.322-0.622,0.678,0.478,0.13
5187,343190,-7.44,14,100.0,0.653,0.1883,0.818,0.2029,0.4495,0.4467,0.8518,0.3192,-0.1595,C,0.2043,0.322-0.622,0.678,0.478,0.13
5188,343204,-36.4,14,0.0,0.0,0.0,0.9048,0.1313,0.3041,0.0,0.0,0.3974,-0.1018,C,0.2497,0.322-0.622,0.678,0.478,0.13
5189,343217,0.42,13,100.0,0.5084,0.2321,0.8599,0.1526,0.3867,1.3075,0.9305,0.3836,-0.1125,C,0.2063,0.322-0.622,0.678,0.478,0.13
5190,343231,-0.91,14,85.7,0.7365,0.1532,0.9152,0.0786,0.3107,0.3024,0.5767,0.4523,-0.0159,C,0.2131,0.322-0.622,0.678,0.478,0.13
5191,343245,-38.85,14,0.0,0.0,0.0,0.8295,0.1901,0.3796,0.0,0.0,0.313,-0.1316,C,0.1932,0.322-0.622,0.678,0.478,0.13
5192,343261,-3.11,16,75.0,0.7301,0.1846,0.7873,0.1648,0.4245,0.3015,0.583,0.4253,-0.0749,C,0.1937,0.322-0.622,0.678,0.478,0.13
5193,343274,-18.62,13,100.0,0.8556,0.127,0.8423,0.2005,0.4488,0.0714,0.5941,0.4437,-0.1187,C,0.1954,0.322-0.622,0.678,0.478,0.13
5194,343287,10.76,13,100.0,0.4472,0.226,0.889,0.1126,0.3813,1.865,0.8671,0.4083,-0.0412,C,0.182,0.322-0.622,0.678,0.478,0.13
5195,343300,-6.12,13,100.0,0.7611,0.1605,0.8914,0.1594,0.4677,0.1883,0.7509,0.3107,-0.1337,C,0.2037,0.322-0.622,0.678,0.478,0.13
5196,343313,2.1,13,100.0,0.5624,0.2269,0.8253,0.1579,0.4281,0.8246,0.9647,0.4131,-0.0814,C,0.2022,0.322-0.622,0.679,0.479,0.13
5197,343327,-10.08,14,100.0,0.8346,0.1153,0.8505,0.1945,0.4198,0.1331,0.5419,0.428,-0.122,C,0.2285,0.322-0.622,0.679,0.479,0.13
5198,343340,-6.51,13,92.3,0.8676,0.0853,0.8836,0.117,0.4207,0.0635,0.3667,0.4323,-0.063,C,0.2489,0.322-0.622,0.679,0.479,0.13
5199,343355,-18.54,15,100.0,0.7534,0.174,0.7899,0.2339,0.4321,0.2644,0.7982,0.3882,-0.1653,C,0.2224,0.322-0.622,0.679,0.479,0.13
5200,343369,-5.98,14,100.0,0.7034,0.1749,0.8399,0.1386,0.3749,0.4139,0.7889,0.3805,-0.0617,C,0.184,0.322-0.622,0.679,0.479,0.13
5201,343382,-13.75,13,100.0,0.5925,0.2084,0.8518,0.1237,0.4059,0.864,0.905,0.3799,-0.0432,C,0.2297,0.322-0.622,0.679,0.479,0.13
5202,343397,-30.82,15,0.0,0.0,0.0,0.8725,0.1016,0.3018,0.0,0.0,0.3709,-0.0275,C,0.222,0.322-0.622,0.679,0.479,0.13
5203,343411,-16.75,14,100.0,0.7654,0.1395,0.8131,0.2357,0.3815,0.2754,0.6355,0.4298,-0.2395,C,0.2281,0.322-0.622,0.679,0.479,0.13
5204,343425,-18.05,14,100.0,0.801,0.1506,0.8066,0.1893,0.4331,0.3021,0.6665,0.3913,-0.0978,C,0.1798,0.322-0.622,0.679,0.479,0.13
5205,343987,993.21,562,99.1,0.3339,0.2215,0.3596,0.4786,0.9619,2.3565,0.8211,0.369,-0.4251,C,0.1953,0.322-0.622,0.68,0.48,0.13
5206,344000,-7.73,13,100.0,0.904,0.1073,0.884,0.1234,0.4339,0.0527,0.4993,0.4553,-0.0808,C,0.2374,0.322-0.622,0.68,0.48,0.13
5207,344016,-19.63,16,100.0,0.7738,0.1467,0.8217,0.2288,0.4189,0.2813,0.6707,0.3747,-0.1748,C,0.2205,0.322-0.622,0.68,0.48,0.13
5208,344543,701.88,527,99.8,0.3561,0.2415,0.382,0.4952,0.9571,1.9942,0.9318,0.3396,-0.4483,C,0.2342,0.322-0.622,0.681,0.481,0.13
5209,344623,21.07,80,96.2,0.4371,0.2471,0.4428,0.5063,0.8762,1.3836,0.8675,0.4555,-0.4896,C,0.191,0.322-0.622,0.681,0.481,0.13
5210,344637,-13.05,14,85.7,0.6859,0.1816,0.9161,0.0995,0.3083,0.5711,0.6742,0.393,-0.0472,C,0.2303,0.322-0.622,0.681,0.481,0.13
5211,344651,-5.34,14,92.9,0.735,0.159,0.8817,0.143,0.3292,0.318,0.6625,0.3823,-0.0888,C,0.248,0.322-0.622,0.681,0.481,0.13
5212,344666,-3.0,15,86.7,0.7606,0.1388,0.8853,0.1191,0.3079,0.2899,0.537,0.4812,-0.0492,C,0.2062,0.322-0.622,0.681,0.481,0.13
5213,344681,-9.3,15,80.0,0.7017,0.1714,0.8758,0.1566,0.2876,0.2956,0.5957,0.2985,-0.1026,C,0.2135,0.322-0.622,0.681,0.481,0.13
5214,344695,-7.21,14,100.0,0.5789,0.2091,0.8366,0.1923,0.3965,1.0033,0.8987,0.3574,-0.1684,C,0.2035,0.322-0.622,0.681,0.481,0.13
5215,344709,-9.95,14,100.0,0.6721,0.1994,0.84,0.1552,0.4363,0.4621,0.8709,0.4187,-0.0595,C,0.1994,0.322-0.622,0.682,0.482,0.13
5216,344723,-8.04,14,100.0,0.5213,0.2448,0.8178,0.197,0.4393,1.1466,0.9162,0.4117,-0.1296,C,0.2267,0.322-0.622,0.682,0.482,0.13
5217,345150,302.12,427,99.8,0.3937,0.1544,0.4126,0.4974,0.9661,1.7172,0.6791,0.3535,-0.4745,C,0.2076,0.322-0.622,0.682,0.482,0.13
5218,345163,-0.82,13,100.0,0.5679,0.2058,0.8559,0.1514,0.3516,0.9962,0.8823,0.4267,-0.0645,C,0.199,0.322-0.622,0.682,0.482,0.13
5219,345178,-12.32,15,93.3,0.7524,0.1735,0.8043,0.1758,0.4094,0.2496,0.7074,0.442,-0.0887,C,0.225,0.322-0.622,0.683,0.483,0.13
5220,345192,-17.88,14,0.0,0.0,0.0,0.9245,0.0789,0.2816,0.0,0.0,0.3758,-0.0156,C,0.2053,0.322-0.622,0.683,0.483,0.13
5221,345208,-21.76,16,87.5,0.8953,0.0799,0.8039,0.2018,0.4965,0.0377,0.3366,0.3363,-0.1408,C,0.2139,0.322-0.622,0.683,0.483,0.13
5222,345221,-13.37,13,100.0,0.7823,0.1702,0.8342,0.2491,0.4179,0.1719,0.7851,0.3762,-0.2339,C,0.2026,0.322-0.622,0.683,0.483,0.13
5223,345234,6.82,13,100.0,0.547,0.236,0.8715,0.1091,0.4187,1.0463,0.9198,0.4516,-0.0418,C,0.1975,0.322-0.622,0.683,0.483,0.13
5224,345249,-9.75,15,100.0,0.9125,0.1098,0.7496,0.2297,0.4788,0.0467,0.5112,0.4398,-0.1361,C,0.2409,0.322-0.622,0.683,0.483,0.13
5225,345262,-7.92,13,100.0,0.8208,0.1243,0.8543,0.1801,0.409,0.1274,0.5882,0.3079,-0.1303,C,0.2176,0.322-0.622,0.683,0.483,0.13
5226,345276,-12.0,14,100.0,0.8863,0.1272,0.8052,0.2387,0.4653,0.0835,0.6063,0.3635,-0.1775,C,0.2287,0.322-0.622,0.683,0.483,0.13
5227,345290,-3.96,14,100.0,0.5907,0.2297,0.8154,0.2422,0.4698,0.8526,0.8951,0.3789,-0.2097,C,0.2123,0.322-0.622,0.683,0.483,0.13
5228,345304,-12.5,14,100.0,0.8583,0.1161,0.7654,0.2226,0.4706,0.089,0.5444,0.3562,-0.1537,C,0.1835,0.322-0.622,0.683,0.483,0.13
5229,345321,-15.15,17,88.2,0.8524,0.1292,0.7681,0.1969,0.4441,0.061,0.5391,0.4155,-0.079,C,0.2247,0.322-0.622,0.683,0.483,0.13
5230,345335,-12.56,14,92.9,0.7094,0.1728,0.9068,0.0836,0.3084,0.5606,0.6947,0.4744,-0.0295,C,0.223,0.322-0.622,0.683,0.483,0.13
5231,345350,-1.89,15,100.0,0.8099,0.1547,0.7614,0.1836,0.4473,0.1731,0.7199,0.4539,-0.1009,C,0.2347,0.322-0.622,0.683,0.483,0.13
5232,345364,-6.04,14,100.0,0.7113,0.1766,0.8822,0.1391,0.3382,0.7595,0.7811,0.3326,-0.0924,C,0.1947,0.322-0.622,0.683,0.483,0.13
5233,345397,21.55,33,93.9,0.4701,0.2137,0.6268,0.3104,0.6614,1.4522,0.8378,0.3525,-0.2221,C,0.2392,0.322-0.622,0.683,0.483,0.13
5234,345411,-5.12,14,100.0,0.7395,0.1612,0.7847,0.1669,0.3767,0.3151,0.7252,0.45,-0.085,C,0.214,0.322-0.622,0.683,0.483,0.131
5235,345426,-1.6,15,93.3,0.7032,0.1655,0.7992,0.1992,0.4829,0.368,0.7169,0.3529,-0.1284,C,0.2016,0.322-0.622,0.683,0.483,0.131
5236,345622,63.0,196,98.0,0.5297,0.2214,0.4294,0.439,0.8994,0.9619,0.7795,0.3081,-0.3775,C,0.2293,0.322-0.622,0.683,0.483,0.131
5237,345638,4.87,16,100.0,0.4966,0.2336,0.7746,0.1806,0.5157,1.3076,0.9097,0.4017,-0.0962,C,0.2498,0.322-0.622,0.684,0.484,0.131
5238,345652,-11.31,14,92.9,0.673,0.1775,0.8753,0.1347,0.3258,0.5103,0.7418,0.3534,-0.0544,C,0.2164,0.322-0.622,0.684,0.484,0.131
5239,345666,-19.35,14,85.7,0.8712,0.1073,0.8858,0.1576,0.4148,0.0868,0.4329,0.4102,-0.0897,C,0.1915,0.322-0.622,0.684,0.484,0.131
5240,345680,-6.7,14,100.0,0.6495,0.201,0.8175,0.2221,0.4308,0.6627,0.8167,0.4063,-0.157,C,0.1938,0.322-0.622,0.684,0.484,0.131
5241,345695,-6.76,15,100.0,0.8408,0.1542,0.7923,0.207,0.4419,0.1367,0.7212,0.3687,-0.1502,C,0.219,0.322-0.622,0.684,0.484,0.131
5242,345870,298.17,175,99.4,0.3243,0.2639,0.3639,0.4735,0.9311,2.2308,0.917,0.4325,-0.4131,C,0.1924,0.322-0.622,0.684,0.484,0.131
5243,345884,-4.04,14,100.0,0.6786,0.2046,0.8066,0.1776,0.415,0.4128,0.9083,0.4296,-0.1086,C,0.2235,0.322-0.622,0.684,0.484,0.131
5244,345906,-36.15,22,90.9,0.7453,0.1735,0.7867,0.314,0.5063,0.5648,0.6423,0.3808,-0.3158,C,0.2063,0.322-0.622,0.684,0.484,0.131
5245,345919,-19.43,13,38.5,1.0579,0.0486,0.8393,0.1718,0.3738,0.0019,0.0956,0.2979,-0.1163,C,0.1884,0.322-0.622,0.684,0.484,0.131
5246,345933,-12.7,14,100.0,0.8828,0.1289,0.7489,0.2609,0.475,0.0808,0.6066,0.3732,-0.1822,C,0.2116,0.322-0.622,0.684,0.484,0.131
5247,345952,1.56,19,78.9,0.4492,0.2266,0.7728,0.2276,0.4297,1.2439,0.7171,0.313,-0.1641,C,0.2226,0.322-0.622,0.684,0.484,0.131
5248,345966,-5.64,14,92.9,0.5122,0.2275,0.7661,0.206,0.401,1.1391,0.8198,0.3452,-0.1519,C,0.2344,0.322-0.622,0.684,0.484,0.131
5249,345980,-19.93,14,92.9,0.7088,0.1793,0.8689,0.1568,0.3572,0.4776,0.7293,0.4008,-0.13,C,0.1859,0.322-0.622,0.684,0.484,0.131
5250,345993,-35.54,13,23.1,1.0261,0.0055,0.8204,0.2008,0.4114,0.0017,0.029,0.3752,-0.1633,C,0.2231,0.322-0.622,0.684,0.484,0.131
5251,346039,-2.84,46,100.0,0.4877,0.2081,0.549,0.4503,0.8034,1.1117,0.8651,0.3778,-0.4225,C,0.2189,0.322-0.622,0.684,0.484,0.131
5252,346052,-8.56,13,100.0,0.695,0.1892,0.8984,0.1732,0.4307,0.3989,0.8423,0.3741,-0.1675,C,0.2452,0.322-0.622,0.684,0.484,0.131
5253,346065,-9.94,13,92.3,0.9453,0.0459,0.8497,0.15,0.3999,0.0253,0.2256,0.4085,-0.1226,C,0.2143,0.322-0.622,0.684,0.484,0.131
5254,346078,-7.4,13,100.0,0.8362,0.1303,0.8339,0.1629,0.4129,0.2134,0.6047,0.4311,-0.0718,C,0.2239,0.322-0.622,0.684,0.484,0.131
5255,346091,-5.1,13,100.0,0.78,0.1453,0.8111,0.1888,0.4244,0.1542,0.6815,0.3525,-0.0948,C,0.2168,0.322-0.622,0.684,0.484,0.131
5256,346105,-15.15,14,85.7,0.6812,0.1874,0.9241,0.0726,0.294,0.5635,0.6998,0.4214,-0.03,C,0.2325,0.322-0.622,0.685,0.485,0.131
5257,346119,-12.17,14,100.0,0.7384,0.157,0.8531,0.2175,0.3571,0.6788,0.7095,0.3667,-0.1901,C,0.2367,0.322-0.622,0.685,0.485,0.131
5258,346133,-10.43,14,100.0,0.7364,0.1772,0.7893,0.235,0.3807,0.2645,0.801,0.4037,-0.2036,C,0.1967,0.322-0.622,0.685,0.485,0.131
5259,346147,0.01,14,92.9,0.5105,0.2273,0.874,0.1405,0.3458,1.2541,0.8291,0.3858,-0.0965,C,0.2371,0.322-0.622,0.685,0.485,0.131
5260,346163,-13.78,16,93.8,0.8886,0.11,0.8477,0.1866,0.3309,0.3154,0.4896,0.4525,-0.1375,C,0.2248,0.322-0.622,0.685,0.485,0.131
5261,346470,338.97,307,99.0,0.3293,0.1652,0.3674,0.5105,0.9569,2.1536,0.6645,0.3719,-0.4759,C,0.2455,0.322-0.622,0.685,0.485,0.131
5262,346485,-13.71,15,73.3,0.7272,0.1764,0.8734,0.0848,0.331,0.1572,0.5762,0.3495,-0.034,C,0.2455,0.322-0.622,0.685,0.485,0.131
5263,346499,-24.64,14,35.7,1.0221,0.0232,0.8369,0.1608,0.4066,0.0028,0.0606,0.3405,-0.0935,C,0.2056,0.322-0.622,0.685,0.485,0.131
5264,346512,-3.13,13,100.0,0.9672,0.0761,0.8443,0.1479,0.451,0.0739,0.3825,0.437,-0.0578,C,0.1902,0.322-0.622,0.685,0.485,0.131
5265,346582,97.15,70,97.1,0.3389,0.2437,0.5463,0.4391,0.8034,2.2518,0.8466,0.4213,-0.4068,C,0.2496,0.322-0.622,0.686,0.486,0.131
5266,346596,0.56,14,100.0,0.6815,0.1941,0.8297,0.1636,0.3622,0.7271,0.8427,0.4361,-0.0715,C,0.1899,0.322-0.622,0.686,0.486,0.131
5267,346614,-8.72,18,94.4,0.7171,0.1787,0.731,0.2258,0.492,0.3998,0.7238,0.3445,-0.1304,C,0.2164,0.322-0.622,0.686,0.486,0.131
5268,346628,-30.94,14,0.0,0.0,0.0,0.9333,0.0702,0.2555,0.0,0.0,0.4672,-0.0172,C,0.195,0.322-0.622,0.686,0.486,0.131
5269,346642,-20.49,14,92.9,0.6459,0.2023,0.8051,0.2769,0.3797,0.553,0.8296,0.4472,-0.2426,C,0.2033,0.322-0.622,0.686,0.486,0.131
5270,346656,-35.07,14,35.7,1.117,0.0033,0.8469,0.2392,0.414,0.001,0.0432,0.4041,-0.226,C,0.2391,0.322-0.622,0.686,0.486,0.131
5271,346672,-12.12,16,93.8,0.6431,0.2058,0.7798,0.2691,0.3956,0.7663,0.8266,0.4476,-0.2368,C,0.2353,0.322-0.622,0.686,0.486,0.131
5272,346686,-5.19,14,78.6,0.8057,0.1194,0.925,0.079,0.2926,0.0937,0.4329,0.457,-0.0375,C,0.2192,0.322-0.622,0.686,0.486,0.131
5273,346700,-14.89,14,85.7,0.8715,0.0985,0.841,0.1959,0.4012,0.0437,0.3937,0.4745,-0.1588,C,0.2434,0.322-0.622,0.686,0.486,0.131
5274,346724,-14.22,24,95.8,0.7753,0.1601,0.705,0.2572,0.6608,0.1395,0.7226,0.3196,-0.1704,C,0.2274,0.322-0.622,0.686,0.486,0.131
5275,346737,14.45,13,100.0,0.3785,0.2436,0.8784,0.1257,0.4194,2.0812,0.9018,0.3139,-0.0362,C,0.2444,0.322-0.622,0.686,0.486,0.131
5276,346753,-13.51,16,93.8,0.8809,0.1286,0.7871,0.2223,0.4284,0.1167,0.558,0.4354,-0.1627,C,0.2181,0.322-0.622,0.686,0.486,0.131
5277,346767,-16.9,14,100.0,0.5703,0.2099,0.8392,0.2299,0.4061,1.0165,0.8887,0.3857,-0.1865,C,0.1853,0.322-0.622,0.686,0.486,0.131
5278,346851,42.35,84,92.9,0.4575,0.0981,0.5844,0.3894,0.8412,1.3548,0.4318,0.4166,-0.3424,C,0.2188,0.322-0.622,0.686,0.486,0.131
5279,347045,85.55,194,99.0,0.5504,0.196,0.4449,0.4598,0.9065,1.1367,0.8176,0.3845,-0.4101,C,0.236,0.322-0.622,0.687,0.487,0.131
5280,347058,-6.07,13,100.0,0.8484,0.1409,0.8679,0.175,0.4568,0.0993,0.6582,0.3061,-0.1058,C,0.2127,0.322-0.622,0.687,0.487,0.131
5281,347072,-10.98,14,100.0,0.6169,0.1618,0.7831,0.2604,0.4518,0.8606,0.7091,0.4712,-0.196,C,0.1882,0.322-0.622,0.687,0.487,0.131
5282,347109,-14.21,37,100.0,0.6543,0.1911,0.5588,0.3741,0.76,0.5094,0.767,0.376,-0.3095,C,0.1885,0.322-0.622,0.687,0.487,0.131
5283,347122,-6.49,13,100.0,0.657,0.1859,0.8374,0.204,0.44,0.7235,0.8077,0.4233,-0.1442,C,0.1943,0.322-0.622,0.687,0.487,0.131
5284,347136,-11.89,14,100.0,0.6415,0.2138,0.8076,0.2058,0.3937,0.8354,0.8515,0.3404,-0.1378,C,0.2067,0.322-0.622,0.687,0.487,0.131
5285,347150,-4.4,14,100.0,0.7246,0.144,0.8349,0.1564,0.4005,0.4589,0.6549,0.3995,-0.0818,C,0.1911,0.322-0.622,0.687,0.487,0.131
5286,347164,-12.93,14,85.7,0.8898,0.0927,0.8367,0.1933,0.4264,0.0488,0.3706,0.3802,-0.1129,C,0.2298,0.322-0.622,0.687,0.487,0.131
5287,347216,54.29,52,90.4,0.4068,0.2463,0.5464,0.4032,0.7392,1.7089,0.8193,0.4319,-0.3471,C,0.1952,0.322-0.622,0.687,0.487,0.131
5288,347299,80.56,83,96.4,0.4118,0.1538,0.4713,0.4401,0.8777,1.8377,0.6944,0.4283,-0.3844,C,0.2438,0.322-0.622,0.687,0.487,0.131
5289,347313,-18.74,14,92.9,0.9475,0.0645,0.7648,0.2247,0.3909,0.0259,0.2896,0.3694,-0.1178,C,0.2125,0.322-0.622,0.687,0.487,0.131
5290,347327,-23.48,14,35.7,1.0224,0.0088,0.8397,0.1428,0.4074,0.0029,0.0475,0.4362,-0.0712,C,0.2417,0.322-0.622,0.687,0.487,0.131
5291,347340,-15.99,13,100.0,0.6693,0.2,0.8693,0.1857,0.4409,0.4148,0.8973,0.3619,-0.1113,C,0.1813,0.322-0.622,0.687,0.487,0.131
5292,347354,-3.54,14,92.9,0.5581,0.2128,0.8451,0.1882,0.358,1.0045,0.8225,0.4383,-0.1134,C,0.2076,0.322-0.622,0.687,0.487,0.131
5293,347367,-8.87,13,100.0,0.7248,0.1789,0.9064,0.1464,0.4103,0.3106,0.8098,0.3686,-0.1258,C,0.1945,0.322-0.622,0.687,0.487,0.131
5294,347381,-22.97,14,78.6,0.9223,0.0872,0.8308,0.2253,0.3794,0.0282,0.3212,0.335,-0.1595,C,0.1925,0.322-0.622,0.687,0.487,0.131
5295,347395,-2.56,14,92.9,0.6255,0.215,0.8597,0.1538,0.3744,0.814,0.8225,0.4317,-0.1032,C,0.2248,0.322-0.622,0.687,0.487,0.131
5296,347410,-6.79,15,100.0,0.5734,0.225,0.7814,0.223,0.4446,1.0608,0.8893,0.437,-0.1441,C,0.2183,0.322-0.622,0.687,0.487,0.131
5297,347425,-8.21,15,66.7,0.955,0.0596,0.8754,0.1067,0.3134,0.0115,0.2049,0.3773,-0.0316,C,0.1819,0.322-0.622,0.687,0.487,0.131
5298,347519,-9.28,94,100.0,0.5577,0.1505,0.5355,0.4647,0.8602,1.0108,0.6992,0.4102,-0.4179,C,0.2226,0.322-0.622,0.688,0.488,0.131
5299,347533,-27.62,14,0.0,0.0,0.0,0.8377,0.1636,0.4247,0.0,0.0,0.3243,-0.1184,C,0.2198,0.322-0.622,0.688,0.488,0.131
5300,348040,511.77,507,99.6,0.3982,0.1723,0.3797,0.4839,0.9715,1.7758,0.7463,0.3569,-0.4438,C,0.1881,0.322-0.622,0.689,0.489,0.131
5301,348054,-14.14,14,92.9,0.8247,0.1142,0.9398,0.0657,0.3071,0.1556,0.4934,0.3948,-0.026,C,0.2467,0.322-0.622,0.689,0.489,0.131
5302,348067,-13.14,13,100.0,0.5183,0.2312,0.8222,0.2064,0.4193,1.1505,0.9317,0.3764,-0.1358,C,0.1924,0.322-0.622,0.689,0.489,0.131
5303,348081,-8.17,14,100.0,0.7149,0.1896,0.7854,0.1543,0.4293,0.3979,0.8373,0.4217,-0.0666,C,0.2234,0.322-0.622,0.689,0.489,0.131
5304,348101,-9.06,20,70.0,0.6719,0.191,0.7701,0.2411,0.5291,0.355,0.5554,0.356,-0.1981,C,0.2183,0.322-0.622,0.689,0.489,0.131
5305,348115,-7.16,14,100.0,0.5555,0.2118,0.8145,0.1952,0.4165,1.0809,0.8923,0.4322,-0.1115,C,0.2442,0.322-0.622,0.689,0.489,0.131
5306,348129,-17.7,14,78.6,0.778,0.1394,0.9311,0.0708,0.3007,0.1119,0.5006,0.3587,-0.0245,C,0.2339,0.322-0.622,0.689,0.489,0.131
5307,348339,67.28,210,99.0,0.45,0.2509,0.5497,0.4905,0.9101,1.4096,0.8271,0.3695,-0.4966,C,0.1861,0.322-0.622,0.689,0.489,0.132
5308,348354,-13.32,15,100.0,0.617,0.234,0.7572,0.2812,0.4913,0.7003,0.881,0.4425,-0.2299,C,0.2332,0.322-0.622,0.689,0.489,0.132
5309,348374,-32.04,20,70.0,1.0403,0.0381,0.7056,0.2815,0.4642,0.0116,0.1515,0.4097,-0.1852,C,0.2433,0.322-0.622,0.689,0.489,0.132
5310,348389,-24.63,15,80.0,0.9736,0.0723,0.81,0.2644,0.4543,0.0198,0.2753,0.4033,-0.2084,C,0.2119,0.322-0.622,0.689,0.489,0.132
5311,348473,97.47,84,97.6,0.4598,0.1563,0.4585,0.4081,0.8668,1.6977,0.7174,0.451,-0.3317,C,0.2417,0.322-0.622,0.69,0.49,0.132
5312,348487,-13.56,14,100.0,0.8604,0.1385,0.7771,0.2159,0.4224,0.1027,0.6493,0.4534,-0.1469,C,0.2434,0.322-0.622,0.69,0.49,0.132
5313,348501,-3.41,14,100.0,0.6088,0.2091,0.8473,0.1766,0.4406,0.7872,0.891,0.3774,-0.1031,C,0.2367,0.322-0.622,0.69,0.49,0.132
5314,348515,-26.67,14,71.4,0.8383,0.0721,0.8568,0.2211,0.3892,0.0458,0.2449,0.3719,-0.1987,C,0.2346,0.322-0.622,0.69,0.49,0.132
5315,348744,188.01,229,99.6,0.4773,0.2129,0.4824,0.4414,0.9156,1.3244,0.8746,0.3666,-0.38,C,0.2203,0.322-0.622,0.69,0.49,0.132
5316,348758,-26.9,14,78.6,0.9719,0.0708,0.8555,0.1844,0.4607,0.0171,0.2618,0.3421,-0.1386,C,0.2313,0.322-0.622,0.69,0.49,0.132
5317,348823,95.59,65,98.5,0.3137,0.2542,0.5812,0.4197,0.8246,2.4423,0.767,0.4326,-0.3847,C,0.1922,0.322-0.622,0.69,0.49,0.132
5318,349397,716.47,574,99.7,0.3441,0.198,0.3627,0.5109,0.9782,2.0933,0.8914,0.3554,-0.4789,C,0.1865,0.322-0.622,0.692,0.492,0.132
5319,349782,256.14,385,99.5,0.4018,0.2245,0.4345,0.5338,0.9514,1.741,0.8993,0.3959,-0.5288,C,0.2027,0.322-0.622,0.692,0.492,0.132
5320,349795,-14.5,13,100.0,0.6518,0.1891,0.832,0.1416,0.3885,0.4949,0.8328,0.413,-0.0907,C,0.1921,0.322-0.622,0.692,0.492,0.132
5321,349809,-9.98,14,78.6,0.6953,0.1909,0.9111,0.0775,0.3213,0.2823,0.6437,0.4828,-0.0215,C,0.2252,0.322-0.622,0.692,0.492,0.132
5322,349827,-20.31,18,61.1,0.8081,0.1006,0.8003,0.2439,0.4129,0.0905,0.2944,0.3662,-0.1795,C,0.2477,0.322-0.622,0.692,0.492,0.132
5323,349840,-17.69,13,100.0,0.7677,0.1636,0.904,0.1345,0.4303,0.2426,0.7437,0.4511,-0.0839,C,0.2334,0.322-0.622,0.693,0.493,0.132
5324,349855,-12.81,15,86.7,0.6964,0.174,0.8738,0.1146,0.3152,0.3408,0.6583,0.3847,-0.0335,C,0.2476,0.322-0.622,0.693,0.493,0.132
5325,349868,-13.57,13,100.0,0.6944,0.1925,0.9026,0.1209,0.4199,0.3392,0.8712,0.3844,-0.0789,C,0.1945,0.322-0.622,0.693,0.493,0.132
5326,350347,441.94,479,99.8,0.3609,0.2005,0.4784,0.5114,0.9341,2.0015,0.8763,0.3759,-0.4966,C,0.1947,0.322-0.622,0.694,0.494,0.132
5327,350361,-17.96,14,100.0,0.7416,0.1731,0.8255,0.1958,0.4154,0.2943,0.7825,0.4216,-0.1378,C,0.2297,0.322-0.622,0.694,0.494,0.132
5328,350375,-17.45,14,85.7,0.6854,0.1735,0.8999,0.1225,0.3108,0.342,0.6395,0.3771,-0.0554,C,0.2208,0.322-0.622,0.694,0.494,0.132
5329,350413,-28.99,38,97.4,0.7987,0.1317,0.6907,0.372,0.7545,0.1247,0.5937,0.4837,-0.3229,C,0.1917,0.322-0.622,0.694,0.494,0.132
5330,350427,-20.1,14,85.7,0.7647,0.1418,0.9132,0.117,0.3113,0.1887,0.5359,0.3949,-0.0795,C,0.2199,0.322-0.622,0.694,0.494,0.132
5331,350441,-4.67,14,85.7,0.7346,0.1659,0.8968,0.12,0.3503,0.198,0.6262,0.4451,-0.0836,C,0.1838,0.322-0.622,0.694,0.494,0.132
5332,350455,-13.14,14,100.0,0.485,0.2386,0.7419,0.2831,0.4452,1.33,0.9435,0.3729,-0.2174,C,0.2339,0.322-0.622,0.694,0.494,0.132
5333,350469,3.18,14,100.0,0.5424,0.2165,0.8325,0.128,0.3778,1.2459,0.9087,0.3928,-0.0436,C,0.2185,0.322-0.622,0.694,0.494,0.132
5334,350483,-16.04,14,100.0,0.7608,0.1555,0.7983,0.2781,0.3916,0.5861,0.6802,0.4083,-0.2097,C,0.2383,0.322-0.622,0.694,0.494,0.132
5335,350534,43.61,51,100.0,0.442,0.2571,0.4787,0.318,0.7654,1.4038,0.8329,0.2704,-0.2211,C,0.1908,0.322-0.622,0.694,0.494,0.132
5336,350549,-14.29,15,100.0,0.8147,0.1355,0.865,0.1845,0.4055,0.1772,0.6396,0.42,-0.1587,C,0.2139,0.322-0.622,0.694,0.494,0.132
5337,350636,59.68,87,98.9,0.5488,0.1286,0.5127,0.3723,0.8604,1.3101,0.5954,0.3207,-0.2918,C,0.2445,0.322-0.622,0.694,0.494,0.132
5338,350857,395.18,221,99.1,0.3047,0.1984,0.3821,0.4567,0.9417,2.321,0.826,0.3764,-0.3988,C,0.2205,0.322-0.622,0.695,0.495,0.132
5339,350870,-11.64,13,100.0,0.6829,0.1796,0.8572,0.1949,0.3448,0.607,0.7928,0.4373,-0.1523,C,0.2374,0.322-0.622,0.695,0.495,0.132
5340,350883,-2.43,13,100.0,0.6384,0.1804,0.8681,0.1395,0.4487,0.9114,0.7729,0.3245,-0.073,C,0.2287,0.322-0.622,0.695,0.495,0.132
5341,350898,-21.13,15,93.3,0.8566,0.1258,0.7658,0.251,0.4054,0.0971,0.5548,0.4258,-0.1781,C,0.2364,0.322-0.622,0.695,0.495,0.132
5342,350913,-9.47,15,66.7,0.8727,0.0952,0.9172,0.1029,0.2979,0.0352,0.311,0.3737,-0.0409,C,0.2264,0.322-0.622,0.695,0.495,0.132
5343,350926,-26.11,13,92.3,0.7487,0.1385,0.8854,0.1676,0.3514,0.1754,0.5942,0.4284,-0.1511,C,0.2357,0.322-0.622,0.695,0.495,0.132
5344,350940,-12.63,14,100.0,0.6894,0.1987,0.7973,0.2192,0.4262,0.5605,0.8372,0.4477,-0.1446,C,0.2266,0.322-0.622,0.695,0.495,0.132
5345,350954,-5.56,14,92.9,0.5286,0.2066,0.895,0.1848,0.3098,1.3178,0.794,0.4079,-0.1831,C,0.2328,0.322-0.622,0.695,0.495,0.132
5346,350970,-8.69,16,75.0,0.948,0.0759,0.8418,0.124,0.3604,0.0193,0.2842,0.3947,-0.042,C,0.2461,0.322-0.622,0.695,0.495,0.132
5347,350984,-24.99,14,85.7,0.7643,0.1295,0.7798,0.2148,0.3522,0.1238,0.5098,0.4226,-0.0985,C,0.1826,0.322-0.622,0.695,0.495,0.132
5348,351234,-360.45,250,98.0,0.7877,0.0855,0.4005,0.5306,0.9311,0.2446,0.4144,0.3484,-0.5146,C,0.2317,0.322-0.622,0.695,0.495,0.133
5349,351248,-3.08,14,100.0,0.7605,0.1542,0.8483,0.1477,0.3525,0.3147,0.687,0.4448,-0.0639,C,0.1911,0.322-0.622,0.696,0.496,0.133
5350,351261,-20.76,13,100.0,0.5229,0.2448,0.8152,0.2865,0.4209,1.0862,0.9377,0.3538,-0.2848,C,0.221,0.322-0.622,0.696,0.496,0.133
5351,351287,1.29,26,100.0,0.6063,0.1991,0.7503,0.267,0.6091,0.6695,0.7628,0.3378,-0.1973,C,0.2424,0.322-0.622,0.696,0.496,0.133
5352,351301,-15.07,14,100.0,0.7456,0.1749,0.8225,0.2456,0.4245,0.2649,0.8053,0.4033,-0.1634,C,0.1857,0.322-0.622,0.696,0.496,0.133
5353,351315,-20.14,14,92.9,0.8117,0.1277,0.8103,0.2662,0.3828,0.1362,0.5606,0.3879,-0.265,C,0.2415,0.322-0.622,0.696,0.496,0.133
5354,351329,-5.23,14,92.9,0.602,0.2222,0.8313,0.2195,0.4055,0.7427,0.831,0.4639,-0.1467,C,0.2389,0.322-0.622,0.696,0.496,0.133
5355,351354,-43.1,25,48.0,1.0541,0.0585,0.6643,0.3463,0.61,0.0026,0.1403,0.4058,-0.2893,C,0.2195,0.322-0.622,0.696,0.496,0.133
5356,351368,1.96,14,100.0,0.4811,0.2268,0.7626,0.2378,0.4258,1.4678,0.8744,0.2781,-0.148,C,0.248,0.322-0.622,0.696,0.496,0.133
5357,351382,-18.81,14,71.4,0.8799,0.0521,0.8466,0.1511,0.3996,0.0432,0.1875,0.3542,-0.0697,C,0.2348,0.322-0.622,0.696,0.496,0.133
5358,351397,-8.07,15,93.3,0.6965,0.1654,0.8106,0.1924,0.4348,0.3649,0.7151,0.4385,-0.1288,C,0.2373,0.322-0.622,0.696,0.496,0.133
5359,351411,-10.26,14,100.0,0.6388,0.1954,0.7947,0.186,0.4344,0.5438,0.842,0.4758,-0.0808,C,0.2343,0.322-0.622,0.696,0.496,0.133
5360,351424,-4.89,13,100.0,0.576,0.1795,0.8754,0.1534,0.4527,1.0147,0.7733,0.4364,-0.0895,C,0.2494,0.322-0.622,0.696,0.496,0.133
5361,351438,-12.38,14,100.0,0.7527,0.1717,0.773,0.2066,0.4275,0.2984,0.7701,0.4345,-0.1108,C,0.2027,0.322-0.622,0.696,0.496,0.133
5362,351452,-6.04,14,100.0,0.693,0.2081,0.8765,0.1235,0.4449,0.4091,0.8801,0.4251,-0.04,C,0.2279,0.322-0.622,0.696,0.496,0.133
5363,351465,0.88,13,100.0,0.5161,0.2268,0.8391,0.1683,0.4392,1.2045,0.9429,0.4597,-0.0711,C,0.1878,0.322-0.622,0.696,0.496,0.133
5364,351479,-15.2,14,92.9,0.6225,0.2145,0.7611,0.2125,0.3782,0.6343,0.8243,0.3378,-0.1408,C,0.227,0.322-0.622,0.696,0.496,0.133
5365,351494,-6.39,15,93.3,0.773,0.1638,0.8163,0.14,0.3983,0.2491,0.7034,0.337,-0.0715,C,0.2314,0.322-0.622,0.696,0.496,0.133
5366,351508,1.88,14,92.9,0.5086,0.2262,0.8713,0.1273,0.3338,1.2654,0.8386,0.4086,-0.0879,C,0.2323,0.322-0.622,0.696,0.496,0.133
5367,351525,-15.21,17,82.4,0.768,0.1579,0.7143,0.2919,0.4607,0.1454,0.6056,0.4259,-0.2103,C,0.2337,0.322-0.622,0.696,0.496,0.133
5368,351539,-10.52,14,100.0,0.6107,0.2106,0.817,0.207,0.4046,0.7615,0.8824,0.4627,-0.158,C,0.2093,0.322-0.622,0.696,0.496,0.133
5369,351553,-22.03,14,64.3,0.8484,0.1441,0.8766,0.1369,0.3536,0.0396,0.4376,0.3861,-0.0879,C,0.1995,0.322-0.622,0.696,0.496,0.133
5370,351568,-11.01,15,80.0,0.8624,0.1036,0.86,0.1163,0.3234,0.056,0.3957,0.4603,-0.0298,C,0.1895,0.322-0.622,0.696,0.496,0.133
5371,351582,-31.41,14,57.1,1.2034,0.0186,0.8252,0.2468,0.4274,0.0004,0.0891,0.3437,-0.2324,C,0.2492,0.322-0.622,0.696,0.496,0.133
5372,351596,-7.0,14,100.0,0.6093,0.2162,0.8101,0.1825,0.3914,1.0482,0.8576,0.3851,-0.1068,C,0.2306,0.322-0.622,0.696,0.496,0.133
5373,351610,-11.54,14,92.9,0.8158,0.1382,0.7981,0.2182,0.4423,0.1308,0.6083,0.4884,-0.1673,C,0.2252,0.322-0.622,0.696,0.496,0.133
5374,351624,-13.02,14,71.4,0.8506,0.0938,0.8183,0.1735,0.4005,0.0702,0.3142,0.3861,-0.1074,C,0.2154,0.322-0.622,0.696,0.496,0.133
5375,351639,-8.28,15,86.7,0.8182,0.1199,0.8154,0.1822,0.3162,0.1152,0.4819,0.3973,-0.0927,C,0.199,0.322-0.622,0.696,0.496,0.133
5376,351655,-12.12,16,87.5,0.6991,0.1687,0.7836,0.2715,0.5131,0.3169,0.6858,0.4329,-0.2228,C,0.2053,0.322-0.622,0.696,0.496,0.133
5377,351669,-1.38,14,100.0,0.6444,0.2107,0.8174,0.1954,0.4772,0.6303,0.8664,0.3827,-0.0923,C,0.242,0.322-0.622,0.696,0.496,0.133
5378,351683,-13.94,14,78.6,0.5901,0.2073,0.8942,0.1092,0.2888,0.5872,0.6939,0.3989,-0.0549,C,0.1829,0.322-0.622,0.696,0.496,0.133
5379,351697,-2.46,14,100.0,0.6634,0.1994,0.8508,0.1746,0.3816,0.7623,0.8531,0.402,-0.0999,C,0.2077,0.322-0.622,0.696,0.496,0.133
5380,351711,-14.75,14,100.0,0.5924,0.2183,0.8444,0.2192,0.4528,0.9505,0.8648,0.2838,-0.1838,C,0.2424,0.322-0.622,0.697,0.497,0.133
5381,351754,12.71,43,93.0,0.4709,0.2211,0.546,0.409,0.6961,1.5253,0.7176,0.2494,-0.3629,C,0.2338,0.322-0.622,0.697,0.497,0.133
5382,351769,-16.79,15,86.7,0.7423,0.168,0.808,0.2297,0.3866,0.2524,0.6653,0.3846,-0.151,C,0.2168,0.322-0.622,0.697,0.497,0.133
5383,351783,-26.66,14,92.9,0.8712,0.0698,0.8317,0.2551,0.421,0.0584,0.3107,0.3371,-0.2405,C,0.198,0.322-0.622,0.697,0.497,0.133
5384,351797,-0.43,14,100.0,0.6037,0.2211,0.8414,0.1591,0.426,0.9558,0.9064,0.347,-0.1029,C,0.247,0.322-0.622,0.697,0.497,0.133
5385,351811,3.23,14,78.6,0.6288,0.1989,0.9328,0.06,0.2997,0.5904,0.6525,0.4724,-0.009,C,0.2112,0.322-0.622,0.697,0.497,0.133
5386,351825,-10.5,14,100.0,0.8048,0.148,0.7677,0.2244,0.4688,0.3755,0.6523,0.4737,-0.1174,C,0.2313,0.322-0.622,0.697,0.497,0.133
5387,351840,-19.06,15,80.0,0.8838,0.09,0.8649,0.1495,0.3281,0.0357,0.3507,0.4546,-0.0873,C,0.2144,0.322-0.622,0.697,0.497,0.133
5388,352001,194.16,161,99.4,0.4342,0.2347,0.4346,0.4585,0.9214,1.6561,0.9195,0.4343,-0.4107,C,0.2083,0.322-0.622,0.697,0.497,0.133
5389,352014,0.02,13,100.0,0.44,0.2184,0.8214,0.2319,0.3919,1.8551,0.8541,0.4548,-0.2242,C,0.2132,0.322-0.622,0.697,0.497,0.133
5390,352028,-9.8,14,92.9,0.7492,0.1575,0.8039,0.1971,0.3824,0.1855,0.6679,0.4612,-0.1228,C,0.1874,0.322-0.622,0.697,0.497,0.133
5391,352489,296.68,461,99.8,0.3001,0.1144,0.4074,0.5837,0.974,2.4604,0.5056,0.3908,-0.6057,C,0.2488,0.322-0.622,0.698,0.498,0.133
5392,352505,-20.94,16,68.8,0.7358,0.1439,0.7914,0.287,0.4599,0.2644,0.4622,0.3879,-0.2403,C,0.2068,0.322-0.622,0.698,0.498,0.133
5393,352519,1.83,14,92.9,0.5791,0.2175,0.8889,0.1063,0.3413,1.0044,0.8413,0.4482,-0.063,C,0.2172,0.322-0.622,0.698,0.498,0.133
5394,352533,-7.34,14,71.4,0.7338,0.1436,0.8715,0.148,0.3775,0.2818,0.4811,0.3962,-0.0891,C,0.2083,0.322-0.622,0.698,0.498,0.133
5395,352548,-3.62,15,100.0,0.8106,0.1475,0.8401,0.1737,0.3419,0.5558,0.6497,0.4665,-0.0913,C,0.2072,0.322-0.622,0.698,0.498,0.133
5396,352562,-17.14,14,92.9,0.8715,0.0752,0.8077,0.2457,0.4177,0.067,0.3331,0.4096,-0.2026,C,0.2225,0.322-0.622,0.698,0.498,0.133
5397,352576,-12.81,14,100.0,0.6724,0.1805,0.7678,0.2544,0.42,0.5139,0.8027,0.3832,-0.2165,C,0.238,0.322-0.622,0.698,0.498,0.133
5398,352590,-19.85,14,35.7,1.0566,0.0254,0.8867,0.1285,0.3439,0.0021,0.0624,0.3095,-0.0627,C,0.2272,0.322-0.622,0.698,0.498,0.133
5399,352605,-6.17,15,86.7,0.7222,0.1602,0.8486,0.1509,0.3119,0.3741,0.606,0.4177,-0.0942,C,0.1836,0.322-0.622,0.698,0.498,0.133
5400,352618,-29.27,13,76.9,1.0209,0.0499,0.9009,0.1493,0.3945,0.008,0.1999,0.3492,-0.1091,C,0.2166,0.322-0.622,0.698,0.498,0.133
5401,352636,-14.16,18,88.9,0.5715,0.2162,0.7226,0.2978,0.4327,0.8428,0.7836,0.393,-0.2256,C,0.2173,0.322-0.622,0.698,0.498,0.133
5402,352650,-13.78,14,100.0,0.7619,0.1754,0.8438,0.2013,0.4188,0.3153,0.7606,0.4672,-0.1378,C,0.2122,0.322-0.622,0.699,0.499,0.133
5403,352663,-6.95,13,100.0,0.8639,0.1315,0.837,0.1548,0.4106,0.0766,0.621,0.3874,-0.0992,C,0.1858,0.322-0.622,0.699,0.499,0.133
5404,352776,189.56,113,96.5,0.2484,0.2294,0.448,0.5003,0.8938,2.7181,0.8897,0.4056,-0.4759,C,0.1923,0.322-0.622,0.699,0.499,0.133
5405,352790,-23.2,14,85.7,0.888,0.0908,0.8771,0.1763,0.3308,0.0414,0.3832,0.375,-0.1191,C,0.247,0.322-0.622,0.699,0.499,0.133
5406,352866,-5.91,76,100.0,0.4911,0.1704,0.4604,0.4767,0.8523,1.0927,0.7661,0.4424,-0.4594,C,0.2021,0.322-0.622,0.699,0.499,0.133
5407,352879,-9.28,13,100.0,0.6204,0.2058,0.8891,0.1739,0.3686,0.7013,0.8766,0.3629,-0.1486,C,0.1844,0.322-0.622,0.699,0.499,0.133
5408,352896,-18.01,17,88.2,0.5779,0.229,0.7612,0.2666,0.4293,0.8392,0.773,0.3994,-0.2111,C,0.226,0.322-0.622,0.699,0.499,0.133
5409,352910,-1.27,14,100.0,0.5566,0.2121,0.8575,0.1549,0.3512,1.1616,0.876,0.346,-0.1101,C,0.2271,0.322-0.622,0.699,0.499,0.133
5410,352942,-4.33,32,100.0,0.5218,0.2127,0.745,0.3005,0.6393,1.0591,0.7478,0.203,-0.2434,C,0.2277,0.322-0.622,0.699,0.499,0.133
5411,352957,-13.02,15,93.3,0.7753,0.1401,0.7757,0.2336,0.4057,0.1524,0.5871,0.4004,-0.1647,C,0.2288,0.322-0.622,0.699,0.499,0.133
5412,352972,10.02,15,100.0,0.4352,0.2342,0.7428,0.2121,0.4931,1.7543,0.8658,0.4115,-0.1323,C,0.2237,0.322-0.622,0.699,0.499,0.133
5413,352986,-21.25,14,92.9,0.8428,0.1121,0.8907,0.1328,0.3419,0.1607,0.4832,0.4497,-0.0983,C,0.2413,0.322-0.622,0.699,0.499,0.133
5414,352999,-3.93,13,100.0,0.5593,0.2253,0.8738,0.1,0.4105,0.9197,0.9414,0.382,-0.0322,C,0.2139,0.322-0.622,0.699,0.499,0.133
5415,353035,7.29,36,97.2,0.4355,0.2489,0.6617,0.3667,0.6546,1.5685,0.8889,0.4202,-0.3519,C,0.2314,0.322-0.622,0.699,0.499,0.133
5416,353049,-2.47,14,92.9,0.8407,0.1082,0.9081,0.0664,0.3041,0.1587,0.4729,0.3791,-0.0114,C,0.2029,0.322-0.622,0.699,0.499,0.133
5417,353064,-5.76,15,86.7,0.6861,0.1709,0.8683,0.1581,0.3307,0.414,0.6468,0.3895,-0.0937,C,0.2333,0.322-0.622,0.699,0.499,0.133
5418,353079,-18.54,15,100.0,0.5789,0.2208,0.7297,0.2994,0.461,1.0044,0.8569,0.4314,-0.2258,C,0.2191,0.322-0.622,0.699,0.499,0.133
5419,353093,-13.97,14,100.0,0.6415,0.1962,0.8589,0.153,0.3515,0.8943,0.8583,0.4127,-0.1207,C,0.2165,0.322-0.622,0.699,0.499,0.133
5420,353108,-0.27,15,93.3,0.5885,0.2298,0.8326,0.1899,0.4157,0.7266,0.842,0.4312,-0.13,C,0.1981,0.322-0.622,0.7,0.5,0.133
5421,353124,-14.91,16,93.8,0.6356,0.2238,0.7619,0.2608,0.4585,0.55,0.8568,0.3779,-0.2141,C,0.2408,0.322-0.622,0.7,0.5,0.133
5422,353152,9.48,28,89.3,0.4235,0.2421,0.6977,0.2904,0.5318,1.5729,0.8243,0.4282,-0.2209,C,0.2275,0.322-0.622,0.7,0.5,0.133
5423,353165,-28.84,13,0.0,0.0,0.0,0.8199,0.1672,0.4034,0.0,0.0,0.4103,-0.0916,C,0.2375,0.322-0.622,0.7,0.5,0.133
5424,353182,-11.01,17,100.0,0.6195,0.1951,0.6768,0.2569,0.4716,0.9433,0.8039,0.4562,-0.1798,C,0.249,0.322-0.622,0.7,0.5,0.133
5425,353195,-23.26,13,100.0,0.9478,0.0732,0.8308,0.2671,0.4533,0.0263,0.3436,0.4334,-0.2649,C,0.2482,0.322-0.622,0.7,0.5,0.133
5426,353213,-11.34,18,100.0,0.6882,0.2086,0.6788,0.2813,0.5272,0.4355,0.9017,0.3696,-0.1768,C,0.2224,0.322-0.622,0.7,0.5,0.133
5427,353228,-7.14,15,100.0,0.5861,0.2183,0.7818,0.2701,0.4372,1.0047,0.8495,0.4277,-0.2308,C,0.2229,0.322-0.622,0.7,0.5,0.133
5428,353244,-10.87,16,100.0,0.4942,0.2321,0.7705,0.2398,0.4567,1.4048,0.8847,0.3929,-0.198,C,0.2391,0.322-0.622,0.7,0.5,0.133
5429,353258,-10.71,14,100.0,0.6715,0.2001,0.7855,0.2577,0.4402,0.4896,0.8597,0.4509,-0.2192,C,0.1897,0.322-0.622,0.7,0.5,0.133
5430,353272,-17.0,14,85.7,0.875,0.0889,0.9501,0.0496,0.2972,0.0668,0.3749,0.4184,-0.0119,C,0.2365,0.322-0.622,0.7,0.5,0.133
5431,353286,-14.14,14,85.7,0.8712,0.1062,0.8273,0.215,0.4292,0.0518,0.4269,0.3969,-0.1297,C,0.2468,0.322-0.622,0.7,0.5,0.133
5432,353299,1.13,13,100.0,0.5859,0.2421,0.8541,0.1509,0.4253,0.6777,0.9486,0.2925,-0.0614,C,0.2321,0.322-0.622,0.7,0.5,0.133
5433,353312,-8.74,13,100.0,0.9163,0.0926,0.854,0.1562,0.4374,0.0469,0.4328,0.3227,-0.0879,C,0.1927,0.322-0.622,0.7,0.5,0.133
5434,353327,-1.39,15,93.3,0.4974,0.2365,0.8151,0.1993,0.3964,1.3153,0.8488,0.3759,-0.15,C,0.2062,0.322-0.622,0.7,0.5,0.133
5435,353480,101.58,153,99.3,0.4272,0.245,0.4832,0.495,0.9012,1.6581,0.8578,0.3509,-0.473,C,0.2191,0.322-0.622,0.7,0.5,0.133
5436,353495,-23.07,15,53.3,0.9635,0.0714,0.8773,0.1114,0.3107,0.0089,0.1874,0.4522,-0.0396,C,0.249,0.322-0.622,0.7,0.5,0.133
5437,353509,-9.97,14,100.0,0.6234,0.2138,0.8486,0.1138,0.3993,0.8035,0.8762,0.4394,-0.0429,C,0.2286,0.322-0.622,0.7,0.5,0.133
5438,353523,-20.56,14,71.4,0.866,0.1005,0.9286,0.093,0.2989,0.0544,0.3471,0.4386,-0.0335,C,0.2119,0.322-0.622,0.7,0.5,0.133
5439,353538,-5.72,15,86.7,0.7473,0.1667,0.8708,0.1639,0.3121,0.3249,0.6411,0.4243,-0.0817,C,0.2079,0.322-0.622,0.7,0.5,0.133
5440,353552,-7.17,14,92.9,0.7027,0.1919,0.7998,0.2199,0.4045,0.3509,0.766,0.3828,-0.1445,C,0.2226,0.322-0.622,0.7,0.5,0.133
5441,353568,-18.54,16,68.8,0.9847,0.0622,0.8397,0.1644,0.4589,0.0174,0.2061,0.4137,-0.0753,C,0.2224,0.322-0.622,0.7,0.5,0.133
5442,353584,-33.74,16,75.0,0.9196,0.0908,0.8923,0.2062,0.3429,0.0326,0.3382,0.3398,-0.203,C,0.198,0.322-0.622,0.701,0.501,0.133
5443,353684,113.18,100,99.0,0.4919,0.2046,0.507,0.3796,0.8923,1.2285,0.8828,0.4496,-0.2896,C,0.1919,0.322-0.622,0.701,0.501,0.133
5444,353698,-15.31,14,42.9,0.9563,0.0057,0.8909,0.1118,0.408,0.0072,0.054,0.4481,-0.0547,C,0.2426,0.322-0.622,0.701,0.501,0.133
5445,353711,-19.47,13,100.0,0.6239,0.1994,0.8723,0.1491,0.4059,0.6734,0.8361,0.4104,-0.1085,C,0.2139,0.322-0.622,0.701,0.501,0.133
5446,353724,-12.76,13,84.6,0.8019,0.1249,0.8191,0.2218,0.3901,0.1169,0.501,0.3726,-0.1817,C,0.1866,0.322-0.622,0.701,0.501,0.133
5447,353895,254.49,171,97.7,0.233,0.1944,0.461,0.5241,0.9281,2.8832,0.8251,0.266,-0.5181,C,0.2113,0.322-0.622,0.701,0.501,0.134
5448,353909,-9.97,14,92.9,0.8443,0.1329,0.8303,0.1849,0.3877,0.0989,0.576,0.4107,-0.0999,C,0.2256,0.322-0.622,0.701,0.501,0.134
5449,354153,121.51,244,98.8,0.3987,0.2188,0.457,0.5314,0.9378,1.8171,0.8231,0.3372,-0.5457,C,0.2024,0.322-0.622,0.702,0.502,0.134
5450,354167,-14.68,14,78.6,0.9294,0.087,0.8669,0.1744,0.3757,0.0197,0.326,0.3964,-0.1344,C,0.2019,0.322-0.622,0.702,0.502,0.134
5451,354181,-22.86,14,85.7,0.7986,0.1143,0.8584,0.2476,0.4063,0.096,0.4591,0.2768,-0.2526,C,0.2239,0.322-0.622,0.702,0.502,0.134
5452,354195,-11.9,14,92.9,0.6546,0.1895,0.8965,0.0986,0.3182,0.8025,0.7504,0.3335,-0.0259,C,0.1995,0.322-0.622,0.702,0.502,0.134
5453,354208,-7.67,13,100.0,0.5144,0.214,0.8831,0.138,0.4431,1.2024,0.9132,0.4208,-0.0734,C,0.1982,0.322-0.622,0.702,0.502,0.134
5454,354223,-18.58,15,60.0,0.8838,0.089,0.9055,0.1099,0.2983,0.0265,0.263,0.4779,-0.0596,C,0.1855,0.322-0.622,0.702,0.502,0.134
5455,354238,-21.42,15,40.0,0.8797,0.0288,0.85,0.1818,0.3641,0.0162,0.0739,0.3654,-0.1379,C,0.1959,0.322-0.622,0.702,0.502,0.134
5456,354252,-14.09,14,100.0,0.7084,0.1998,0.758,0.2357,0.4159,0.3727,0.8686,0.3935,-0.1477,C,0.2311,0.322-0.622,0.702,0.502,0.134
5457,354300,-39.49,48,91.7,0.5821,0.165,0.613,0.4097,0.7646,0.7292,0.5849,0.2073,-0.3709,C,0.2284,0.322-0.622,0.702,0.502,0.134
5458,354314,-9.26,14,100.0,0.5521,0.2196,0.8129,0.1758,0.427,1.0786,0.9182,0.3601,-0.1098,C,0.2287,0.322-0.622,0.702,0.502,0.134
5459,354327,-14.15,13,100.0,0.6658,0.1728,0.8587,0.1555,0.4034,0.3911,0.786,0.3603,-0.1059,C,0.2063,0.322-0.622,0.702,0.502,0.134
5460,354347,-24.09,20,90.0,0.7517,0.1436,0.7047,0.3541,0.5156,0.1863,0.6082,0.3232,-0.3038,C,0.1847,0.322-0.622,0.702,0.502,0.134
5461,354585,118.39,238,98.7,0.4312,0.1985,0.4406,0.4965,0.9271,1.5479,0.8476,0.3001,-0.4698,C,0.2041,0.322-0.622,0.703,0.503,0.134
5462,354602,-17.98,17,100.0,0.6779,0.2063,0.7513,0.2272,0.4572,0.4872,0.8553,0.3893,-0.1453,C,0.2462,0.322-0.622,0.703,0.503,0.134
5463,354617,-14.32,15,86.7,0.717,0.1613,0.8753,0.1123,0.3183,0.3774,0.6315,0.3919,-0.0317,C,0.239,0.322-0.622,0.703,0.503,0.134
5464,354632,-3.34,15,86.7,0.5712,0.2124,0.8596,0.1818,0.3456,1.0233,0.7439,0.3951,-0.1571,C,0.2466,0.322-0.622,0.703,0.503,0.134
5465,354651,-11.11,19,94.7,0.8854,0.0994,0.7512,0.2384,0.5565,0.0559,0.4428,0.3034,-0.1474,C,0.2422,0.322-0.622,0.703,0.503,0.134
5466,354665,-15.92,14,92.9,0.9181,0.0981,0.7846,0.1846,0.433,0.0581,0.4328,0.3738,-0.1155,C,0.2076,0.322-0.622,0.703,0.503,0.134
5467,354692,-0.93,27,88.9,0.4117,0.2375,0.653,0.4143,0.624,1.6857,0.7791,0.3818,-0.4043,C,0.224,0.322-0.622,0.703,0.503,0.134
5468,354706,-17.31,14,92.9,0.9579,0.0653,0.7798,0.2476,0.4459,0.0308,0.2885,0.4715,-0.1727,C,0.1976,0.322-0.622,0.703,0.503,0.134
5469,354720,-2.37,14,78.6,0.6988,0.1818,0.9126,0.0802,0.2847,0.3041,0.6183,0.3316,-0.0198,C,0.204,0.322-0.622,0.703,0.503,0.134
5470,354734,-29.09,14,64.3,0.9209,0.1048,0.8145,0.2193,0.415,0.0187,0.3145,0.3646,-0.1643,C,0.2387,0.322-0.622,0.703,0.503,0.134
5471,354750,-7.75,16,93.8,0.8699,0.1235,0.8184,0.1881,0.4866,0.0764,0.543,0.4514,-0.1165,C,0.2001,0.322-0.622,0.703,0.503,0.134
5472,354778,-46.73,28,46.4,1.0955,0.0702,0.6839,0.2899,0.6264,0.0035,0.1671,0.3723,-0.2242,C,0.203,0.322-0.622,0.703,0.503,0.134
5473,354792,-29.8,14,92.9,0.8503,0.1021,0.8788,0.2277,0.3478,0.0692,0.4507,0.3533,-0.2418,C,0.1855,0.322-0.622,0.703,0.503,0.134
5474,354806,-8.57,14,100.0,0.6815,0.2178,0.8514,0.1366,0.4427,0.3768,0.9254,0.3768,-0.0504,C,0.2408,0.322-0.622,0.703,0.503,0.134
5475,355079,237.48,273,99.3,0.48,0.1355,0.4588,0.4026,0.9308,1.3252,0.5851,0.3234,-0.3203,C,0.1848,0.322-0.622,0.704,0.504,0.134
5476,355093,-29.35,14,0.0,0.0,0.0,0.8578,0.1811,0.4535,0.0,0.0,0.4336,-0.1378,C,0.1947,0.322-0.622,0.704,0.504,0.134
5477,355108,-29.19,15,100.0,0.6875,0.1954,0.7452,0.3475,0.4351,0.5008,0.8342,0.3228,-0.3401,C,0.1981,0.322-0.622,0.704,0.504,0.134
5478,355122,-2.07,14,85.7,0.6228,0.1966,0.8999,0.0818,0.3066,0.7048,0.7331,0.3286,-0.0228,C,0.2138,0.322-0.622,0.704,0.504,0.134
5479,355136,-7.01,14,100.0,0.7182,0.1767,0.7657,0.2201,0.387,0.3222,0.7696,0.4728,-0.1548,C,0.2444,0.322-0.622,0.704,0.504,0.134
5480,355182,-35.8,46,93.5,0.5739,0.1647,0.6249,0.4129,0.7618,0.669,0.6294,0.2854,-0.3874,C,0.2239,0.322-0.622,0.704,0.504,0.134
5481,355198,-12.17,16,93.8,0.5995,0.2108,0.7751,0.286,0.4388,0.7,0.8247,0.3469,-0.2142,C,0.2318,0.322-0.622,0.704,0.504,0.134
5482,355212,0.85,14,100.0,0.6281,0.2015,0.8397,0.1416,0.3917,0.8916,0.8706,0.4588,-0.0755,C,0.1919,0.322-0.622,0.704,0.504,0.134
5483,355226,-24.15,14,42.9,0.9308,0.0446,0.8647,0.172,0.3632,0.0126,0.1007,0.3507,-0.113,C,0.1932,0.322-0.622,0.704,0.504,0.134
5484,355240,-15.42,14,100.0,0.7063,0.2005,0.8454,0.1845,0.4314,0.3098,0.8936,0.397,-0.1099,C,0.2073,0.322-0.622,0.704,0.504,0.134
5485,355255,-16.34,15,86.7,0.8456,0.1016,0.8766,0.114,0.3086,0.0934,0.4206,0.3216,-0.0358,C,0.2327,0.322-0.622,0.704,0.504,0.134
5486,355269,-8.99,14,92.9,0.6659,0.1913,0.8739,0.1959,0.3241,0.7886,0.7625,0.3877,-0.179,C,0.2479,0.322-0.622,0.704,0.504,0.134
5487,355284,-20.59,15,100.0,0.7465,0.1888,0.8012,0.2193,0.427,0.2477,0.8506,0.4018,-0.1513,C,0.1903,0.322-0.622,0.704,0.504,0.134
5488,355298,-19.17,14,100.0,0.8281,0.1406,0.8233,0.2261,0.4464,0.1785,0.6549,0.402,-0.1782,C,0.2247,0.322-0.622,0.704,0.504,0.134
5489,355311,-19.89,13,100.0,0.8189,0.1429,0.8694,0.2026,0.396,0.1505,0.6624,0.436,-0.1931,C,0.2171,0.322-0.622,0.704,0.504,0.134
5490,355344,-8.76,33,93.9,0.6168,0.2051,0.7902,0.2646,0.5675,0.9497,0.7018,0.3796,-0.2195,C,0.2156,0.322-0.622,0.704,0.504,0.134
5491,355358,-1.68,14,78.6,0.6231,0.1881,0.9212,0.0833,0.2793,0.5434,0.6489,0.4338,-0.0311,C,0.2407,0.322-0.622,0.704,0.504,0.134
5492,355372,-18.73,14,0.0,0.0,0.0,0.9195,0.1022,0.2807,0.0,0.0,0.4588,-0.0431,C,0.2011,0.322-0.622,0.704,0.504,0.134
5493,355386,-29.28,14,92.9,0.9078,0.0591,0.8499,0.1843,0.4129,0.0368,0.2832,0.3366,-0.1584,C,0.1956,0.322-0.622,0.704,0.504,0.134
5494,355401,-22.69,15,100.0,0.7074,0.1735,0.816,0.2615,0.3408,0.7187,0.7742,0.4639,-0.2256,C,0.1938,0.322-0.622,0.704,0.504,0.134
5495,355418,-4.08,17,100.0,0.6581,0.2017,0.7441,0.2896,0.4461,0.9483,0.7723,0.4304,-0.2099,C,0.213,0.322-0.622,0.704,0.504,0.134
5496,355432,-18.41,14,0.0,0.0,0.0,0.9204,0.0985,0.2764,0.0,0.0,0.4379,-0.0338,C,0.216,0.322-0.622,0.704,0.504,0.134
5497,355446,-3.88,14,92.9,0.7795,0.1501,0.8578,0.1434,0.3565,0.3643,0.6135,0.3909,-0.0618,C,0.2009,0.322-0.622,0.705,0.505,0.134
5498,355463,-16.43,17,100.0,0.6152,0.2006,0.6982,0.2467,0.4521,0.9446,0.8299,0.3406,-0.1536,C,0.2477,0.322-0.622,0.705,0.505,0.134
5499,355477,-16.41,14,64.3,1.1003,0.0475,0.855,0.1906,0.4192,0.0026,0.1583,0.3954,-0.1481,C,0.2388,0.322-0.622,0.705,0.505,0.134
5500,355491,-15.59,14,92.9,0.6953,0.1723,0.8875,0.1399,0.3028,0.6283,0.721,0.4323,-0.0696,C,0.2135,0.322-0.622,0.705,0.505,0.134
5501,355505,-29.45,14,92.9,0.7424,0.1747,0.823,0.3182,0.3908,0.2067,0.7347,0.456,-0.3595,C,0.2498,0.322-0.622,0.705,0.505,0.134
5502,355523,-25.54,18,94.4,0.7314,0.1645,0.721,0.305,0.3852,0.7104,0.683,0.2942,-0.257,C,0.1954,0.322-0.622,0.705,0.505,0.134
5503,355845,354.91,322,99.1,0.3651,0.2574,0.413,0.5315,0.943,2.092,0.8861,0.3986,-0.5147,C,0.1865,0.322-0.622,0.705,0.505,0.134
5504,355859,-9.96,14,85.7,0.6852,0.1709,0.9482,0.0526,0.2889,0.5577,0.6497,0.4515,-0.0087,C,0.2272,0.322-0.622,0.705,0.505,0.134
5505,355873,-18.91,14,57.1,1.0011,0.043,0.881,0.1545,0.3552,0.0065,0.1324,0.2663,-0.0941,C,0.2392,0.322-0.622,0.705,0.505,0.134
5506,355889,-11.19,16,100.0,0.7842,0.1609,0.7058,0.2851,0.4982,0.2286,0.7396,0.3901,-0.2212,C,0.205,0.322-0.622,0.705,0.505,0.134
5507,356355,302.3,466,99.6,0.4021,0.1329,0.4179,0.5139,0.9611,1.8293,0.5337,0.3738,-0.4809,C,0.2418,0.322-0.622,0.706,0.506,0.134
5508,356368,-1.69,13,100.0,0.4571,0.2388,0.88,0.1543,0.4033,1.4487,0.9778,0.2845,-0.0948,C,0.1878,0.322-0.622,0.706,0.506,0.134
5509,356656,248.08,288,99.3,0.334,0.2165,0.4558,0.5404,0.9314,2.1554,0.8715,0.3816,-0.5523,C,0.2328,0.322-0.622,0.707,0.507,0.135
5510,356672,-22.23,16,100.0,0.6486,0.1843,0.7031,0.3128,0.4218,0.8383,0.7701,0.4732,-0.2639,C,0.2077,0.322-0.622,0.707,0.507,0.135
5511,356889,306.63,217,100.0,0.3278,0.2156,0.4568,0.4682,0.9395,2.1341,0.7923,0.3858,-0.4239,C,0.2407,0.322-0.622,0.708,0.508,0.135
5512,356904,-19.92,15,100.0,0.8187,0.1617,0.7348,0.2923,0.4794,0.2157,0.7149,0.3502,-0.2428,C,0.2224,0.322-0.622,0.708,0.508,0.135
5513,357425,425.89,521,99.8,0.3782,0.1493,0.4457,0.4824,0.9594,1.8153,0.5831,0.3542,-0.4431,C,0.2479,0.322-0.622,0.709,0.509,0.135
5514,357450,-23.14,25,76.0,0.8477,0.0555,0.7055,0.2873,0.6411,0.0514,0.2089,0.3265,-0.2228,C,0.2475,0.322-0.622,0.709,0.509,0.135
5515,357463,-14.98,13,100.0,0.5227,0.2085,0.8521,0.1685,0.4395,1.1246,0.9176,0.3571,-0.1212,C,0.198,0.322-0.622,0.709,0.509,0.135
5516,357477,-9.34,14,100.0,0.5718,0.2256,0.8591,0.1486,0.4168,1.0374,0.9337,0.3229,-0.0846,C,0.2398,0.322-0.622,0.709,0.509,0.135
5517,357499,-14.97,22,100.0,0.7189,0.1902,0.6848,0.3368,0.5806,0.4424,0.8166,0.3878,-0.2902,C,0.202,0.322-0.622,0.709,0.509,0.135
5518,357513,-13.97,14,57.1,1.1305,0.0431,0.8595,0.1296,0.4173,0.0015,0.1317,0.316,-0.0631,C,0.2093,0.322-0.622,0.709,0.509,0.135
5519,357528,-11.84,15,93.3,0.7327,0.1747,0.8415,0.1207,0.3364,0.6119,0.7064,0.4531,-0.0436,C,0.1884,0.322-0.622,0.709,0.509,0.135
5520,357542,-13.67,14,100.0,0.7479,0.1771,0.7882,0.1988,0.4406,0.3172,0.7932,0.4015,-0.1223,C,0.2382,0.322-0.622,0.709,0.509,0.135
5521,357556,-6.98,14,100.0,0.5309,0.2273,0.7841,0.2595,0.4021,1.1466,0.9221,0.4651,-0.2615,C,0.2057,0.322-0.622,0.709,0.509,0.135
5522,357571,-26.67,15,0.0,0.0,0.0,0.8847,0.1209,0.3226,0.0,0.0,0.3345,-0.056,C,0.2447,0.322-0.622,0.709,0.509,0.135
5523,357585,-20.13,14,100.0,0.6524,0.1807,0.8135,0.2518,0.4041,0.8903,0.7756,0.3997,-0.2271,C,0.2305,0.322-0.622,0.709,0.509,0.135
5524,357601,-22.81,16,75.0,0.7227,0.1614,0.8347,0.2451,0.3893,0.432,0.5393,0.4174,-0.2171,C,0.2,0.322-0.622,0.709,0.509,0.135
5525,357615,-9.87,14,100.0,0.6273,0.2084,0.8208,0.2321,0.4187,0.5226,0.9085,0.4416,-0.1936,C,0.1895,0.322-0.622,0.709,0.509,0.135
5526,357630,-17.7,15,86.7,0.7279,0.1569,0.8576,0.1391,0.3099,0.4239,0.6125,0.4422,-0.0644,C,0.1904,0.322-0.622,0.709,0.509,0.135
5527,357644,-9.3,14,100.0,0.795,0.1491,0.8709,0.1939,0.3349,0.4957,0.6767,0.4345,-0.159,C,0.241,0.322-0.622,0.709,0.509,0.135
5528,357678,-30.56,34,88.2,0.578,0.2233,0.5552,0.4066,0.5082,0.7809,0.8189,0.3955,-0.3805,C,0.2101,0.322-0.622,0.709,0.509,0.135
5529,357692,-16.3,14,100.0,0.5868,0.2161,0.8398,0.2056,0.4042,0.934,0.9014,0.3595,-0.1689,C,0.19,0.322-0.622,0.709,0.509,0.135
5530,357708,-16.9,16,100.0,0.625,0.2107,0.7716,0.2634,0.4909,0.7506,0.8373,0.3739,-0.1988,C,0.1882,0.322-0.622,0.709,0.509,0.135
5531,357722,-17.62,14,100.0,0.728,0.1685,0.87,0.185,0.3716,0.4389,0.7468,0.4597,-0.1507,C,0.2122,0.322-0.622,0.709,0.509,0.135
5532,357737,-0.1,15,100.0,0.6434,0.208,0.7821,0.1757,0.4118,0.7134,0.8691,0.4375,-0.0772,C,0.2003,0.322-0.622,0.709,0.509,0.135
5533,358136,675.97,399,99.2,0.323,0.2094,0.374,0.4971,0.9644,2.448,0.8999,0.3583,-0.4648,C,0.2153,0.322-0.622,0.71,0.51,0.135
5534,358152,-30.89,16,0.0,0.0,0.0,0.8101,0.1686,0.3424,0.0,0.0,0.4702,-0.0817,C,0.2344,0.322-0.622,0.71,0.51,0.135
5535,358169,-24.06,17,70.6,0.9333,0.0411,0.781,0.2478,0.454,0.0239,0.158,0.4136,-0.1746,C,0.2179,0.322-0.622,0.71,0.51,0.135
5536,358183,-13.8,14,57.1,0.8483,0.0508,0.876,0.1148,0.3731,0.0323,0.1459,0.3679,-0.0429,C,0.2,0.322-0.622,0.71,0.51,0.135
5537,358197,-39.51,14,0.0,0.0,0.0,0.832,0.2051,0.3943,0.0,0.0,0.4358,-0.1427,C,0.1981,0.322-0.622,0.71,0.51,0.135
5538,358211,-7.13,14,100.0,0.6583,0.211,0.8445,0.134,0.4159,0.6189,0.9005,0.4022,-0.0547,C,0.2143,0.322-0.622,0.71,0.51,0.135
5539,358226,-12.0,15,80.0,0.8439,0.1082,0.8613,0.1811,0.3351,0.0594,0.4078,0.3612,-0.1206,C,0.2001,0.322-0.622,0.71,0.51,0.135
5540,358241,-9.37,15,73.3,0.8714,0.0899,0.8511,0.1677,0.3201,0.0357,0.3234,0.4835,-0.0876,C,0.197,0.322-0.622,0.711,0.511,0.135
5541,358255,-13.38,14,28.6,0.9666,0.0159,0.8525,0.1255,0.362,0.0042,0.0427,0.4876,-0.0388,C,0.1955,0.322-0.622,0.711,0.511,0.135
5542,358270,-5.78,15,100.0,0.63,0.2042,0.7605,0.241,0.4358,0.9183,0.8666,0.3833,-0.136,C,0.2049,0.322-0.622,0.711,0.511,0.135
5543,358481,115.19,211,99.1,0.3818,0.1924,0.455,0.5409,0.9293,1.9103,0.8668,0.4112,-0.5443,C,0.25,0.322-0.622,0.711,0.511,0.135
5544,358496,1.7,15,100.0,0.5785,0.2245,0.7923,0.226,0.4567,1.0629,0.8632,0.4542,-0.1668,C,0.1901,0.322-0.622,0.711,0.511,0.135
5545,358511,-10.86,15,100.0,0.5371,0.2239,0.8198,0.2518,0.4109,1.1722,0.907,0.401,-0.2366,C,0.1856,0.322-0.622,0.711,0.511,0.135
5546,358525,-16.17,14,100.0,1.0061,0.0677,0.8229,0.2042,0.4228,0.0218,0.3213,0.4209,-0.139,C,0.2253,0.322-0.622,0.711,0.511,0.135
5547,358539,-28.72,14,0.0,0.0,0.0,0.9096,0.0852,0.2921,0.0,0.0,0.4583,-0.0248,C,0.2193,0.322-0.622,0.711,0.511,0.135
5548,358554,-3.09,15,93.3,0.5399,0.2292,0.7823,0.2401,0.3929,1.1238,0.8266,0.4291,-0.1855,C,0.2008,0.322-0.622,0.711,0.511,0.135
5549,358569,-1.62,15,93.3,0.6871,0.1953,0.8052,0.1645,0.3703,0.6153,0.7774,0.3745,-0.0783,C,0.2346,0.322-0.622,0.711,0.511,0.135
5550,358582,-22.12,13,100.0,0.6035,0.1794,0.853,0.1882,0.4154,1.0223,0.7911,0.4281,-0.1524,C,0.2443,0.322-0.622,0.711,0.511,0.135
5551,358596,-8.51,14,100.0,0.5941,0.2264,0.7986,0.2159,0.4084,1.0502,0.8456,0.4054,-0.1328,C,0.2148,0.322-0.622,0.711,0.511,0.135
5552,358858,223.8,262,99.2,0.3653,0.1785,0.4473,0.5211,0.9302,2.055,0.7821,0.4121,-0.5137,C,0.2332,0.322-0.622,0.712,0.512,0.135
5553,358871,-8.92,13,100.0,0.7037,0.1748,0.8797,0.1411,0.3922,0.3092,0.7899,0.3758,-0.0669,C,0.1967,0.322-0.622,0.712,0.512,0.135
5554,358885,-10.34,14,92.9,0.847,0.1141,0.8248,0.1932,0.4064,0.0697,0.4961,0.3182,-0.0946,C,0.2073,0.322-0.622,0.712,0.512,0.135
5555,358900,-26.89,15,100.0,0.8391,0.1421,0.834,0.2631,0.3648,0.3478,0.6267,0.3803,-0.2491,C,0.2124,0.322-0.622,0.712,0.512,0.135
5556,358916,-4.27,16,100.0,0.6848,0.2024,0.7418,0.2664,0.472,0.5011,0.8308,0.4151,-0.2011,C,0.2075,0.322-0.622,0.712,0.512,0.135
5557,358929,0.49,13,100.0,0.5171,0.2387,0.8697,0.1715,0.417,1.1389,0.9418,0.3343,-0.1121,C,0.2495,0.322-0.622,0.712,0.512,0.135
5558,358943,-17.3,14,100.0,0.6685,0.1689,0.8107,0.2254,0.4239,0.778,0.7362,0.4497,-0.1477,C,0.2162,0.322-0.622,0.712,0.512,0.135
5559,358958,-18.47,15,100.0,0.6728,0.1885,0.7637,0.2155,0.3992,0.7263,0.81,0.4119,-0.1301,C,0.2277,0.322-0.622,0.712,0.512,0.135
5560,358972,-9.24,14,100.0,0.6431,0.2182,0.8212,0.1802,0.4177,0.5246,0.87,0.4163,-0.1133,C,0.1908,0.322-0.622,0.712,0.512,0.135
5561,359027,24.77,55,92.7,0.4154,0.2446,0.5322,0.4618,0.8314,1.4847,0.8769,0.3763,-0.4052,C,0.221,0.322-0.622,0.712,0.512,0.135
5562,359041,-21.3,14,100.0,0.8651,0.1257,0.8394,0.2128,0.3632,0.4012,0.5773,0.4692,-0.178,C,0.2179,0.322-0.622,0.712,0.512,0.135
5563,359054,-12.94,13,100.0,0.833,0.1258,0.7886,0.1424,0.4635,0.1437,0.5912,0.4611,-0.0516,C,0.1919,0.322-0.622,0.712,0.512,0.135
5564,359067,-20.38,13,0.0,0.0,0.0,0.84,0.1247,0.4143,0.0,0.0,0.2941,-0.0581,C,0.2272,0.322-0.622,0.712,0.512,0.135
5565,359081,-10.84,14,100.0,0.6981,0.1848,0.8403,0.1476,0.3859,0.788,0.7971,0.3364,-0.0653,C,0.2162,0.322-0.622,0.712,0.512,0.135
5566,359106,-32.54,25,76.0,0.796,0.1225,0.7104,0.315,0.5225,0.0881,0.4394,0.3195,-0.2492,C,0.1936,0.322-0.622,0.712,0.512,0.135
5567,359128,-30.13,22,90.9,1.0024,0.0695,0.6356,0.3448,0.5405,0.017,0.3019,0.4743,-0.2871,C,0.2435,0.322-0.622,0.712,0.512,0.135
5568,359152,-13.84,24,95.8,0.6147,0.1972,0.717,0.3219,0.5071,0.9827,0.7663,0.3706,-0.2851,C,0.2079,0.322-0.622,0.712,0.512,0.135
5569,359165,-21.59,13,92.3,1.0176,0.0492,0.7763,0.2163,0.4505,0.0084,0.236,0.4207,-0.1257,C,0.1904,0.322-0.622,0.712,0.512,0.135
5570,359179,-28.49,14,85.7,0.7346,0.1663,0.8753,0.2298,0.3694,0.1646,0.6532,0.4207,-0.2525,C,0.2092,0.322-0.622,0.713,0.513,0.135
5571,359193,-9.58,14,92.9,0.7469,0.1739,0.7864,0.2339,0.3905,0.2314,0.7291,0.3778,-0.177,C,0.1906,0.322-0.622,0.713,0.513,0.135
5572,359208,-10.57,15,86.7,0.7337,0.1465,0.9038,0.154,0.3145,0.385,0.5758,0.2297,-0.1171,C,0.2114,0.322-0.622,0.713,0.513,0.135
5573,359223,-9.09,15,60.0,0.8431,0.1144,0.8806,0.1105,0.3417,0.0551,0.3227,0.4889,-0.0416,C,0.2441,0.322-0.622,0.713,0.513,0.135
5574,359238,-4.09,15,93.3,0.5888,0.2193,0.7905,0.2373,0.3825,0.9869,0.8382,0.3997,-0.1608,C,0.249,0.322-0.622,0.713,0.513,0.135
5575,359252,-1.35,14,100.0,0.5855,0.2213,0.8319,0.161,0.4029,0.9243,0.9132,0.3232,-0.0948,C,0.1917,0.322-0.622,0.713,0.513,0.135
5576,359267,-6.64,15,86.7,0.6197,0.2115,0.8207,0.2254,0.3485,0.7667,0.7715,0.444,-0.1644,C,0.2474,0.322-0.622,0.713,0.513,0.135
5577,359281,-18.53,14,85.7,1.0037,0.046,0.8419,0.2335,0.4016,0.0149,0.2063,0.4126,-0.2385,C,0.2331,0.322-0.622,0.713,0.513,0.135
5578,359295,-24.16,14,100.0,0.9044,0.0969,0.7752,0.2781,0.3971,0.0884,0.4617,0.4615,-0.2716,C,0.1862,0.322-0.622,0.713,0.513,0.135
5579,359309,-23.62,14,0.0,0.0,0.0,0.9226,0.107,0.2998,0.0,0.0,0.3285,-0.0592,C,0.2066,0.322-0.622,0.713,0.513,0.135
5580,359325,-32.64,16,93.8,0.826,0.1182,0.7724,0.3433,0.4436,0.0974,0.5172,0.3138,-0.3672,C,0.1991,0.322-0.622,0.713,0.513,0.135
5581,359339,-15.86,14,92.9,0.7551,0.1627,0.8854,0.1147,0.3281,0.5002,0.6573,0.3526,-0.0436,C,0.2199,0.322-0.622,0.713,0.513,0.135
5582,359363,-42.21,24,37.5,0.9408,0.0312,0.679,0.3042,0.6569,0.0089,0.0742,0.376,-0.231,C,0.2035,0.322-0.622,0.713,0.513,0.135
5583,359378,-11.77,15,86.7,0.8501,0.1013,0.7475,0.2453,0.4865,0.061,0.4162,0.3758,-0.1521,C,0.2067,0.322-0.622,0.713,0.513,0.135
5584,359392,-15.68,14,100.0,1.0414,0.0408,0.7463,0.2521,0.4388,0.0117,0.2219,0.4849,-0.1626,C,0.24,0.322-0.622,0.713,0.513,0.135
5585,359406,-12.02,14,100.0,0.7714,0.18,0.7541,0.2613,0.4726,0.2011,0.8084,0.4095,-0.1793,C,0.2298,0.322-0.622,0.713,0.513,0.136
5586,359453,-1.94,47,97.9,0.4362,0.2084,0.5615,0.4917,0.7738,1.6297,0.7235,0.3734,-0.4858,C,0.2133,0.322-0.622,0.713,0.513,0.136
5587,359468,-15.45,15,86.7,0.8297,0.1078,0.7843,0.2078,0.4216,0.0999,0.4394,0.4583,-0.1175,C,0.2435,0.322-0.622,0.713,0.513,0.136
5588,359482,-10.51,14,50.0,1.0815,0.0393,0.9149,0.0726,0.3026,0.0018,0.1111,0.3911,-0.0186,C,0.2093,0.322-0.622,0.713,0.513,0.136
5589,359495,-9.31,13,100.0,0.6948,0.1859,0.8347,0.1939,0.3955,0.3715,0.8461,0.3184,-0.1514,C,0.2332,0.322-0.622,0.713,0.513,0.136
5590,359509,-9.5,14,92.9,0.8362,0.1158,0.8705,0.1851,0.3427,0.1374,0.4979,0.4649,-0.1332,C,0.2161,0.322-0.622,0.713,0.513,0.136
5591,359523,-8.15,14,85.7,0.965,0.0671,0.8384,0.1562,0.3464,0.0193,0.2926,0.3803,-0.0759,C,0.1923,0.322-0.622,0.713,0.513,0.136
5592,359538,-10.49,15,100.0,0.5696,0.2073,0.8057,0.2371,0.4111,1.0363,0.8926,0.3802,-0.1887,C,0.2349,0.322-0.622,0.713,0.513,0.136
5593,359551,-20.66,13,92.3,0.8878,0.0816,0.9009,0.1394,0.4184,0.0573,0.3533,0.436,-0.1127,C,0.1937,0.322-0.622,0.713,0.513,0.136
5594,359565,-19.02,14,78.6,0.7643,0.1531,0.8523,0.1512,0.3228,0.1106,0.546,0.3812,-0.0586,C,0.2315,0.322-0.622,0.713,0.513,0.136
5595,359580,-13.97,15,100.0,0.7503,0.1658,0.8244,0.2344,0.4222,0.3821,0.7531,0.2664,-0.1829,C,0.2211,0.322-0.622,0.713,0.513,0.136
5596,359594,-4.17,14,92.9,0.7531,0.1511,0.8332,0.1383,0.3539,0.3048,0.6203,0.3855,-0.0681,C,0.231,0.322-0.622,0.713,0.513,0.136
5597,359608,-1.6,14,85.7,0.7012,0.1717,0.893,0.1049,0.3396,0.3136,0.6561,0.4425,-0.0351,C,0.2235,0.322-0.622,0.713,0.513,0.136
5598,359622,-5.99,14,100.0,0.7606,0.1403,0.7703,0.1989,0.3991,0.3212,0.6403,0.4868,-0.1169,C,0.1995,0.322-0.622,0.713,0.513,0.136
5599,359637,-6.1,15,93.3,0.514,0.2282,0.7689,0.2387,0.4031,1.143,0.8741,0.4238,-0.1811,C,0.2082,0.322-0.622,0.714,0.514,0.136
5600,359651,-3.41,14,85.7,0.7216,0.1674,0.9049,0.1269,0.32,0.2517,0.6099,0.3661,-0.0425,C,0.2306,0.322-0.622,0.714,0.514,0.136
5601,359665,-5.34,14,92.9,0.8865,0.1046,0.8218,0.1629,0.4241,0.0617,0.4598,0.4472,-0.0705,C,0.2311,0.322-0.622,0.714,0.514,0.136
5602,359678,-37.18,13,0.0,0.0,0.0,0.8642,0.1476,0.4082,0.0,0.0,0.3401,-0.084,C,0.2347,0.322-0.622,0.714,0.514,0.136
5603,359692,-18.25,14,85.7,0.8231,0.1239,0.9154,0.0837,0.2963,0.0886,0.4894,0.3699,-0.0253,C,0.2161,0.322-0.622,0.714,0.514,0.136
5604,359706,-31.61,14,0.0,0.0,0.0,0.8159,0.1806,0.4032,0.0,0.0,0.4046,-0.1357,C,0.225,0.322-0.622,0.714,0.514,0.136
5605,359719,-2.59,13,100.0,0.7668,0.1752,0.8715,0.1637,0.4447,0.1909,0.8109,0.3485,-0.0784,C,0.1998,0.322-0.622,0.714,0.514,0.136
5606,359733,-25.74,14,100.0,0.8859,0.109,0.784,0.3163,0.4538,0.1059,0.5196,0.3947,-0.306,C,0.21,0.322-0.622,0.714,0.514,0.136
5607,359750,-21.33,17,70.6,0.8673,0.1135,0.7646,0.2281,0.3982,0.0347,0.3777,0.3605,-0.1436,C,0.2078,0.322-0.622,0.714,0.514,0.136
5608,359765,-17.44,15,86.7,0.8458,0.0956,0.888,0.1267,0.3049,0.1196,0.4039,0.3198,-0.0737,C,0.1929,0.322-0.622,0.714,0.514,0.136
5609,359779,-9.89,14,71.4,0.966,0.0552,0.9354,0.0968,0.3043,0.0108,0.2082,0.4041,-0.0661,C,0.1883,0.322-0.622,0.714,0.514,0.136
5610,359793,-6.16,14,100.0,0.8603,0.1278,0.9015,0.149,0.3402,0.5269,0.5879,0.4906,-0.1122,C,0.2071,0.322-0.622,0.714,0.514,0.136
5611,359810,-23.12,17,100.0,0.8063,0.1463,0.7728,0.2966,0.4471,0.5127,0.6541,0.4624,-0.3008,C,0.2164,0.322-0.622,0.714,0.514,0.136
5612,359824,-9.36,14,100.0,0.6935,0.2155,0.8192,0.1844,0.4625,0.43,0.8616,0.3438,-0.1126,C,0.1935,0.322-0.622,0.714,0.514,0.136
5613,359838,-18.73,14,64.3,0.8728,0.0804,0.8031,0.1704,0.389,0.0605,0.252,0.3719,-0.0932,C,0.2164,0.322-0.622,0.714,0.514,0.136
5614,359852,-14.63,14,100.0,0.8489,0.127,0.8031,0.2011,0.4274,0.1646,0.5936,0.44,-0.1129,C,0.2003,0.322-0.622,0.714,0.514,0.136
5615,359867,-17.21,15,66.7,0.8749,0.0995,0.8854,0.1164,0.2977,0.0278,0.313,0.474,-0.043,C,0.196,0.322-0.622,0.714,0.514,0.136
5616,359886,-6.09,19,84.2,0.6679,0.2111,0.7446,0.1991,0.4449,0.284,0.7699,0.3567,-0.1363,C,0.2136,0.322-0.622,0.714,0.514,0.136
5617,359902,-18.61,16,75.0,0.8347,0.0785,0.7649,0.2488,0.4267,0.0587,0.2802,0.3899,-0.1882,C,0.2093,0.322-0.622,0.714,0.514,0.136
5618,359915,-17.83,13,100.0,0.9352,0.1003,0.8349,0.2058,0.4502,0.0547,0.4763,0.3768,-0.1388,C,0.234,0.322-0.622,0.714,0.514,0.136
5619,359929,-15.55,14,85.7,0.7449,0.1454,0.9166,0.0757,0.3049,0.2192,0.5577,0.4526,-0.0238,C,0.2165,0.322-0.622,0.714,0.514,0.136
5620,359942,-24.43,13,92.3,0.8224,0.102,0.9056,0.1596,0.3934,0.0928,0.4393,0.3511,-0.1526,C,0.2421,0.322-0.622,0.714,0.514,0.136
5621,360047,71.22,105,99.0,0.4114,0.2487,0.4888,0.4955,0.8877,1.8165,0.846,0.428,-0.4917,C,0.1876,0.322-0.622,0.714,0.514,0.136
5622,360061,-6.9,14,100.0,0.6399,0.1932,0.8537,0.1127,0.3537,0.7121,0.8386,0.377,-0.0491,C,0.1862,0.322-0.622,0.714,0.514,0.136
5623,360267,99.1,206,98.5,0.409,0.2028,0.4545,0.5285,0.9337,1.6728,0.72,0.4521,-0.5255,C,0.1955,0.322-0.622,0.715,0.515,0.136
5624,360281,-17.91,14,85.7,0.754,0.1468,0.8804,0.1447,0.3135,0.2388,0.5621,0.4676,-0.0909,C,0.2288,0.322-0.622,0.715,0.515,0.136
5625,360295,-4.62,14,85.7,0.7231,0.1513,0.8073,0.1597,0.4041,0.2744,0.6111,0.3104,-0.0757,C,0.2248,0.322-0.622,0.715,0.515,0.136
5626,360529,-56.12,234,98.3,0.5646,0.2175,0.4445,0.501,0.9138,0.8544,0.8594,0.2949,-0.4934,C,0.1948,0.322-0.622,0.715,0.515,0.136
5627,360696,97.4,167,99.4,0.5017,0.1948,0.4811,0.4829,0.9228,1.4269,0.8442,0.421,-0.4558,C,0.2296,0.322-0.622,0.716,0.516,0.136
5628,360713,-6.17,17,94.1,0.6014,0.2249,0.6981,0.3251,0.455,0.8369,0.8209,0.4171,-0.2343,C,0.2122,0.322-0.622,0.716,0.516,0.136
5629,360729,-13.52,16,81.2,0.977,0.0899,0.7774,0.2012,0.393,0.0247,0.3533,0.4439,-0.0943,C,0.2206,0.322-0.622,0.716,0.516,0.136
5630,360743,-10.63,14,100.0,0.7373,0.1689,0.8281,0.2093,0.4065,0.3208,0.7716,0.4298,-0.1586,C,0.2174,0.322-0.622,0.716,0.516,0.136
5631,360805,18.32,62,98.4,0.4457,0.2216,0.5233,0.5013,0.7975,1.6583,0.894,0.4375,-0.5191,C,0.2048,0.322-0.622,0.716,0.516,0.136
5632,360819,-7.59,14,92.9,0.8097,0.1167,0.8044,0.1606,0.3969,0.1698,0.518,0.3557,-0.0965,C,0.2423,0.322-0.622,0.716,0.516,0.136
5633,360838,-15.14,19,78.9,1.0093,0.0777,0.7468,0.2408,0.5513,0.0076,0.2877,0.3244,-0.1568,C,0.2042,0.322-0.622,0.716,0.516,0.136
5634,360852,-33.25,14,7.1,1.3413,0.0029,0.8944,0.1438,0.2967,0.0,0.0086,0.3271,-0.0732,C,0.2296,0.322-0.622,0.716,0.516,0.136
5635,360867,-28.04,15,93.3,0.8728,0.126,0.829,0.2632,0.3978,0.0963,0.5348,0.329,-0.2307,C,0.2289,0.322-0.622,0.716,0.516,0.136
5636,360883,-13.17,16,93.8,0.8027,0.1486,0.7722,0.2105,0.4377,0.2388,0.6208,0.4816,-0.1353,C,0.1964,0.322-0.622,0.716,0.516,0.136
5637,360897,-4.94,14,100.0,0.7144,0.1911,0.8205,0.166,0.4349,0.4296,0.821,0.4302,-0.1044,C,0.214,0.322-0.622,0.716,0.516,0.136
5638,360912,-18.24,15,100.0,1.0952,0.0363,0.7996,0.2617,0.4727,0.0087,0.2086,0.4589,-0.2277,C,0.2271,0.322-0.622,0.716,0.516,0.136
5639,360925,-3.69,13,100.0,0.5168,0.2203,0.8176,0.1815,0.4092,1.1055,0.9587,0.4491,-0.1123,C,0.1908,0.322-0.622,0.716,0.516,0.136
5640,360940,-36.06,15,20.0,1.2618,0.0114,0.8304,0.2383,0.3477,0.0001,0.0278,0.3544,-0.1629,C,0.2311,0.322-0.622,0.716,0.516,0.136
5641,360953,-8.22,13,100.0,0.6531,0.2166,0.8873,0.1038,0.4182,0.5136,0.9225,0.4384,-0.0437,C,0.2298,0.322-0.622,0.716,0.516,0.136
5642,361019,17.91,66,100.0,0.4772,0.2152,0.5282,0.4964,0.8682,1.5268,0.8733,0.4063,-0.489,C,0.2087,0.322-0.622,0.716,0.516,0.136
5643,361034,-8.44,15,100.0,0.6321,0.1937,0.799,0.2556,0.4183,0.9478,0.827,0.3739,-0.1674,C,0.2132,0.322-0.622,0.716,0.516,0.136
5644,361047,2.31,13,100.0,0.7062,0.1986,0.8921,0.0774,0.4616,0.3436,0.8777,0.3399,-0.0176,C,0.2035,0.322-0.622,0.717,0.517,0.136
5645,361081,-5.9,34,94.1,0.5006,0.2384,0.6509,0.3691,0.6549,1.0064,0.8889,0.4131,-0.3251,C,0.2031,0.322-0.622,0.717,0.517,0.136
5646,361097,-4.35,16,100.0,0.582,0.2182,0.709,0.2712,0.4644,0.9029,0.8934,0.456,-0.174,C,0.2303,0.322-0.622,0.717,0.517,0.136
5647,361111,-7.49,14,71.4,0.8439,0.0764,0.8717,0.1233,0.4025,0.049,0.2589,0.4712,-0.0806,C,0.2055,0.322-0.622,0.717,0.517,0.136
5648,361386,108.83,275,99.6,0.4373,0.1734,0.4379,0.5279,0.9507,1.5098,0.8015,0.4236,-0.5235,C,0.233,0.322-0.622,0.717,0.517,0.136
5649,361400,-15.06,14,100.0,0.6745,0.1604,0.8032,0.2049,0.4364,0.7337,0.7046,0.354,-0.1185,C,0.2198,0.322-0.622,0.717,0.517,0.136
5650,361415,-25.08,15,66.7,0.8841,0.1299,0.8591,0.2281,0.3984,0.0278,0.4132,0.3914,-0.1926,C,0.2483,0.322-0.622,0.717,0.517,0.136
5651,361429,-33.95,14,0.0,0.0,0.0,0.9168,0.0981,0.2783,0.0,0.0,0.3594,-0.0357,C,0.1996,0.322-0.622,0.717,0.517,0.136
5652,361444,-18.48,15,0.0,0.0,0.0,0.8502,0.1235,0.2716,0.0,0.0,0.4752,-0.034,C,0.1929,0.322-0.622,0.717,0.517,0.136
5653,361826,579.28,382,99.5,0.3126,0.1725,0.4143,0.5056,0.9616,2.4476,0.7591,0.3754,-0.4768,C,0.2271,0.322-0.622,0.718,0.518,0.136
5654,361840,-17.62,14,100.0,0.8721,0.1162,0.7868,0.1963,0.402,0.0794,0.5466,0.4084,-0.121,C,0.1963,0.322-0.622,0.718,0.518,0.136
5655,361854,-9.68,14,100.0,0.69,0.1735,0.8132,0.2118,0.4242,0.5846,0.7547,0.3927,-0.1581,C,0.1935,0.322-0.622,0.718,0.518,0.136
5656,361868,-23.68,14,85.7,0.8328,0.1021,0.8166,0.233,0.404,0.0694,0.4125,0.4423,-0.1726,C,0.1936,0.322-0.622,0.718,0.518,0.136
5657,361881,-2.98,13,100.0,0.7236,0.1647,0.8406,0.163,0.4606,0.2473,0.7597,0.4754,-0.1182,C,0.1899,0.322-0.622,0.718,0.518,0.136
5658,362167,-20.2,286,99.3,0.4331,0.2411,0.4871,0.5637,0.9223,1.4482,0.8783,0.3967,-0.5992,C,0.2125,0.322-0.622,0.719,0.519,0.136
5659,362180,-4.26,13,100.0,0.49,0.2266,0.8354,0.1563,0.4192,1.3158,0.9711,0.3609,-0.1135,C,0.1996,0.322-0.622,0.719,0.519,0.136
5660,362195,-3.29,15,93.3,0.6543,0.2017,0.8019,0.2013,0.363,0.5502,0.8163,0.3532,-0.106,C,0.1951,0.322-0.622,0.719,0.519,0.136
5661,362209,-14.86,14,100.0,0.6447,0.2081,0.8273,0.1816,0.3806,0.6691,0.8837,0.4538,-0.1035,C,0.2291,0.322-0.622,0.719,0.519,0.137
5662,362223,-10.55,14,92.9,0.7691,0.1566,0.7895,0.1754,0.3854,0.2078,0.679,0.3702,-0.091,C,0.2264,0.322-0.622,0.719,0.519,0.137
5663,362237,-6.0,14,78.6,0.8347,0.1141,0.9317,0.0675,0.3058,0.1118,0.4146,0.374,-0.012,C,0.2009,0.322-0.622,0.719,0.519,0.137
5664,362251,-25.96,14,85.7,0.7607,0.1286,0.8904,0.2374,0.3977,0.1557,0.5163,0.372,-0.2668,C,0.1993,0.322-0.622,0.719,0.519,0.137
5665,362267,-13.72,16,81.2,0.9012,0.0822,0.8445,0.1672,0.3614,0.0336,0.3357,0.304,-0.1009,C,0.1944,0.322-0.622,0.719,0.519,0.137
5666,362330,-43.24,63,77.8,0.642,0.1182,0.5926,0.4095,0.8316,0.5234,0.4305,0.371,-0.3848,C,0.2172,0.322-0.622,0.719,0.519,0.137
5667,362390,28.5,60,93.3,0.3779,0.2279,0.5607,0.4704,0.8151,1.8348,0.867,0.3376,-0.4667,C,0.219,0.322-0.622,0.719,0.519,0.137
5668,362405,-7.27,15,100.0,0.8033,0.1212,0.7511,0.2286,0.376,0.2412,0.5622,0.4606,-0.1248,C,0.1974,0.322-0.622,0.719,0.519,0.137
5669,362419,-6.4,14,100.0,0.697,0.196,0.8269,0.1865,0.4089,0.4688,0.8501,0.3628,-0.1262,C,0.2404,0.322-0.622,0.719,0.519,0.137
5670,362434,-16.4,15,93.3,0.9616,0.0769,0.8365,0.2,0.4266,0.0191,0.3382,0.4354,-0.1768,C,0.1953,0.322-0.622,0.719,0.519,0.137
5671,362448,-13.55,14,71.4,0.8754,0.0676,0.8531,0.1194,0.4071,0.0494,0.2301,0.3798,-0.0646,C,0.2419,0.322-0.622,0.72,0.52,0.137
5672,362463,-25.42,15,0.0,0.0,0.0,0.8244,0.2025,0.2725,0.0,0.0,0.3876,-0.1088,C,0.2264,0.322-0.622,0.72,0.52,0.137
5673,362477,-13.06,14,100.0,0.7728,0.1634,0.8257,0.2025,0.4154,0.2711,0.7487,0.4244,-0.1588,C,0.2112,0.322-0.622,0.72,0.52,0.137
5674,362490,-24.81,13,100.0,0.9701,0.0341,0.866,0.1551,0.408,0.0228,0.2071,0.2859,-0.1048,C,0.2434,0.322-0.622,0.72,0.52,0.137
5675,362950,280.35,460,99.6,0.4,0.1676,0.4229,0.4986,0.9622,1.7002,0.6177,0.3534,-0.4803,C,0.2436,0.322-0.622,0.721,0.521,0.137
5676,363038,14.07,88,97.7,0.5896,0.1735,0.5286,0.394,0.8179,1.0293,0.7606,0.3476,-0.3661,C,0.2136,0.322-0.622,0.721,0.521,0.137
5677,363052,-13.53,14,100.0,0.5963,0.2252,0.8427,0.2151,0.4222,0.8791,0.8234,0.441,-0.1661,C,0.1949,0.322-0.622,0.721,0.521,0.137
5678,363073,-11.67,21,85.7,0.6999,0.1434,0.7683,0.2658,0.4507,0.6353,0.5508,0.4463,-0.2205,C,0.1976,0.322-0.622,0.721,0.521,0.137
5679,363087,-4.09,14,92.9,0.8604,0.1013,0.8875,0.1236,0.3083,0.098,0.4484,0.4634,-0.0487,C,0.2131,0.322-0.622,0.721,0.521,0.137
5680,363428,171.65,341,99.4,0.4638,0.1354,0.4178,0.4815,0.9595,1.368,0.6268,0.3826,-0.4407,C,0.208,0.322-0.622,0.722,0.522,0.137
5681,363442,-11.59,14,100.0,0.6115,0.2192,0.8304,0.1753,0.4046,0.8643,0.8873,0.4423,-0.0964,C,0.213,0.322-0.622,0.722,0.522,0.137
5682,363457,-6.16,15,80.0,0.8351,0.1041,0.8293,0.1334,0.362,0.0538,0.3946,0.4669,-0.0546,C,0.2045,0.322-0.622,0.722,0.522,0.137
5683,363471,-8.24,14,100.0,0.601,0.2229,0.826,0.2122,0.4197,0.8758,0.9152,0.3165,-0.1422,C,0.2327,0.322-0.622,0.722,0.522,0.137
5684,363485,-15.87,14,100.0,0.774,0.1484,0.8569,0.2114,0.4216,0.2113,0.6836,0.3789,-0.2088,C,0.2365,0.322-0.622,0.722,0.522,0.137
5685,363500,-27.51,15,53.3,0.9901,0.0892,0.8453,0.2392,0.4108,0.0064,0.2217,0.3696,-0.2221,C,0.1944,0.322-0.622,0.722,0.522,0.137
5686,363695,120.77,195,99.5,0.3676,0.2171,0.4987,0.5295,0.9095,1.9821,0.7542,0.4433,-0.5475,C,0.2484,0.322-0.622,0.722,0.522,0.137
5687,363709,-28.11,14,100.0,0.6329,0.1653,0.7996,0.2851,0.4275,0.9196,0.7059,0.4482,-0.2738,C,0.2469,0.322-0.622,0.722,0.522,0.137
5688,363723,2.58,14,100.0,0.6192,0.2247,0.7973,0.1808,0.4451,0.6415,0.8968,0.3519,-0.0796,C,0.1931,0.322-0.622,0.722,0.522,0.137
5689,363738,-16.81,15,100.0,0.5724,0.2306,0.7804,0.3324,0.5052,0.9329,0.9186,0.4387,-0.3661,C,0.2459,0.322-0.622,0.722,0.522,0.137
5690,363755,-19.34,17,88.2,0.7853,0.1571,0.7298,0.2267,0.4553,0.1333,0.6375,0.3987,-0.1444,C,0.198,0.322-0.622,0.722,0.522,0.137
5691,363771,-26.88,16,56.2,1.0661,0.0131,0.7044,0.2406,0.4809,0.004,0.0805,0.3206,-0.1408,C,0.2369,0.322-0.622,0.722,0.522,0.137
5692,364243,186.87,472,99.6,0.49,0.1659,0.4074,0.4693,0.9568,1.2834,0.7519,0.2891,-0.4199,C,0.2273,0.322-0.622,0.723,0.523,0.137
5693,364450,196.95,207,98.6,0.3567,0.1899,0.4071,0.4975,0.9201,2.016,0.8338,0.3531,-0.4582,C,0.2336,0.322-0.622,0.724,0.524,0.137
5694,364512,-39.48,62,100.0,0.5644,0.2584,0.5208,0.4837,0.7805,0.6837,0.8968,0.4063,-0.4868,C,0.2097,0.322-0.622,0.724,0.524,0.137
5695,364526,-12.45,14,85.7,0.7638,0.1446,0.866,0.1193,0.4006,0.1632,0.5839,0.4436,-0.0891,C,0.2,0.322-0.622,0.724,0.524,0.137
5696,364709,57.53,183,98.9,0.4898,0.1896,0.4496,0.4906,0.9375,1.2086,0.8531,0.4095,-0.4669,C,0.2085,0.322-0.622,0.724,0.524,0.137
5697,364723,-3.36,14,100.0,0.9484,0.0732,0.8432,0.1214,0.4243,0.0376,0.3434,0.3244,-0.0485,C,0.2259,0.322-0.622,0.724,0.524,0.137
5698,364738,-18.5,15,86.7,0.7741,0.1523,0.8128,0.2303,0.3981,0.1912,0.623,0.359,-0.1526,C,0.1905,0.322-0.622,0.724,0.524,0.137
5699,364752,-5.52,14,100.0,0.505,0.2106,0.8702,0.1632,0.3609,1.2659,0.9128,0.3254,-0.1095,C,0.2441,0.322-0.622,0.724,0.524,0.137
5700,364765,-19.26,13,84.6,0.601,0.2064,0.886,0.2,0.3603,0.659,0.7059,0.3827,-0.1803,C,0.1901,0.322-0.622,0.724,0.524,0.137
5701,364786,-33.56,21,76.2,0.7759,0.1738,0.7354,0.3564,0.451,0.1229,0.5883,0.3936,-0.3415,C,0.2325,0.322-0.622,0.725,0.525,0.137
5702,364801,-12.3,15,100.0,0.6184,0.2192,0.801,0.2927,0.4124,0.76,0.8768,0.3212,-0.28,C,0.1926,0.322-0.622,0.725,0.525,0.137
5703,364815,-6.27,14,100.0,0.6349,0.2095,0.8377,0.213,0.4026,0.6203,0.8733,0.2911,-0.1662,C,0.2209,0.322-0.622,0.725,0.525,0.137
5704,364829,-6.17,14,78.6,0.7971,0.1261,0.8936,0.1167,0.2927,0.0833,0.4563,0.4034,-0.0438,C,0.2153,0.322-0.622,0.725,0.525,0.137
5705,364842,-9.4,13,100.0,0.5129,0.2279,0.8278,0.2122,0.3972,1.2424,0.8848,0.4491,-0.1955,C,0.2414,0.322-0.622,0.725,0.525,0.137
5706,364859,-10.09,17,94.1,0.704,0.2003,0.731,0.318,0.4755,0.3326,0.8245,0.3924,-0.2457,C,0.1951,0.322-0.622,0.725,0.525,0.137
5707,364873,-2.11,14,100.0,0.5895,0.2004,0.8062,0.1831,0.4356,0.9783,0.8233,0.3694,-0.107,C,0.2302,0.322-0.622,0.725,0.525,0.137
5708,364886,-8.73,13,100.0,0.9959,0.0295,0.8842,0.1501,0.4162,0.0201,0.1904,0.4142,-0.1198,C,0.2309,0.322-0.622,0.725,0.525,0.137
5709,364903,8.94,17,94.1,0.4573,0.2353,0.6759,0.2801,0.4837,1.5257,0.8186,0.4451,-0.1868,C,0.2018,0.322-0.622,0.725,0.525,0.137
5710,364920,-9.13,17,88.2,0.5998,0.1979,0.7188,0.2111,0.3954,0.8001,0.7488,0.4555,-0.1138,C,0.2473,0.322-0.622,0.725,0.525,0.137
5711,364935,-20.5,15,93.3,0.8929,0.0775,0.7889,0.2336,0.4113,0.0639,0.3624,0.4415,-0.1477,C,0.2465,0.322-0.622,0.725,0.525,0.137
5712,364948,-5.61,13,100.0,0.6828,0.1626,0.8258,0.2079,0.4538,0.5663,0.6944,0.4373,-0.1249,C,0.1959,0.322-0.622,0.725,0.525,0.137
5713,364962,-4.04,14,100.0,0.6957,0.1945,0.7721,0.2085,0.4515,0.3448,0.8719,0.4519,-0.1355,C,0.1917,0.322-0.622,0.725,0.525,0.137
5714,364976,-12.27,14,100.0,0.7845,0.1636,0.7936,0.2626,0.4554,0.3529,0.7158,0.3589,-0.2076,C,0.2451,0.322-0.622,0.725,0.525,0.137
5715,364991,-32.85,15,0.0,0.0,0.0,0.8711,0.1165,0.279,0.0,0.0,0.3949,-0.0349,C,0.2218,0.322-0.622,0.725,0.525,0.137
5716,365006,-10.53,15,100.0,0.7345,0.1809,0.7715,0.2193,0.4414,0.3598,0.8072,0.4238,-0.1404,C,0.2134,0.322-0.622,0.725,0.525,0.138
5717,365043,-43.93,37,94.6,0.5295,0.1933,0.6751,0.4569,0.7179,0.9758,0.7276,0.24,-0.4792,C,0.2081,0.322-0.622,0.725,0.525,0.138
5718,365057,-10.65,14,100.0,0.7482,0.1622,0.8515,0.1844,0.385,0.2844,0.7174,0.341,-0.1758,C,0.2429,0.322-0.622,0.725,0.525,0.138
5719,365071,-32.25,14,0.0,0.0,0.0,0.8333,0.1432,0.4165,0.0,0.0,0.3393,-0.0823,C,0.2128,0.322-0.622,0.725,0.525,0.138
5720,365086,-17.48,15,93.3,0.8178,0.1203,0.8242,0.2189,0.4223,0.1238,0.5289,0.3976,-0.1617,C,0.2137,0.322-0.622,0.725,0.525,0.138
5721,365101,-27.39,15,46.7,0.9027,0.0862,0.8469,0.1934,0.3517,0.0161,0.1955,0.2698,-0.1563,C,0.2082,0.322-0.622,0.725,0.525,0.138
5722,365115,-14.79,14,85.7,0.7592,0.1472,0.9371,0.055,0.2959,0.2466,0.5527,0.3954,-0.0068,C,0.2431,0.322-0.622,0.725,0.525,0.138
5723,365130,-9.16,15,93.3,0.7855,0.1398,0.7872,0.2351,0.4064,0.1697,0.6183,0.4132,-0.1721,C,0.2216,0.322-0.622,0.725,0.525,0.138
5724,365144,-18.07,14,100.0,0.5919,0.1812,0.7819,0.228,0.4208,0.9834,0.7819,0.4656,-0.1774,C,0.2273,0.322-0.622,0.725,0.525,0.138
5725,365158,-17.64,14,100.0,0.6795,0.1834,0.7981,0.2487,0.4099,0.593,0.7939,0.4567,-0.2696,C,0.2474,0.322-0.622,0.725,0.525,0.138
5726,365171,5.95,13,92.3,0.4439,0.2226,0.812,0.173,0.362,1.6967,0.8125,0.3438,-0.1001,C,0.2297,0.322-0.622,0.725,0.525,0.138
5727,365275,-18.67,104,98.1,0.5435,0.1782,0.5018,0.5117,0.8938,1.0769,0.7689,0.4571,-0.5063,C,0.2203,0.322-0.622,0.726,0.526,0.138
5728,365289,-14.13,14,85.7,0.8744,0.1058,0.7637,0.2266,0.423,0.049,0.4272,0.3971,-0.1402,C,0.2448,0.322-0.622,0.726,0.526,0.138
5729,365438,-72.52,149,99.3,0.3861,0.1615,0.5213,0.6238,0.926,1.8844,0.6295,0.4014,-0.7119,C,0.249,0.322-0.622,0.726,0.526,0.138
5730,365454,-13.73,16,100.0,0.6756,0.172,0.7425,0.3208,0.4135,0.4743,0.788,0.3943,-0.2657,C,0.2215,0.322-0.622,0.726,0.526,0.138
5731,365468,-14.09,14,100.0,0.7845,0.1605,0.8337,0.1977,0.4092,0.2561,0.7194,0.325,-0.1117,C,0.2477,0.322-0.622,0.726,0.526,0.138
5732,365482,-8.29,14,78.6,0.8392,0.1286,0.8649,0.1429,0.3441,0.0551,0.4738,0.318,-0.0748,C,0.2097,0.322-0.622,0.726,0.526,0.138
5733,365497,-9.5,15,73.3,0.7046,0.1681,0.8145,0.2212,0.4074,0.3137,0.5621,0.4608,-0.1767,C,0.1933,0.322-0.622,0.726,0.526,0.138
5734,365511,-18.27,14,100.0,0.7445,0.1625,0.8051,0.2137,0.48,0.4708,0.6969,0.4183,-0.1322,C,0.2183,0.322-0.622,0.726,0.526,0.138
5735,365525,-16.57,14,85.7,0.8634,0.0978,0.8209,0.2243,0.3965,0.046,0.4038,0.2791,-0.1407,C,0.2272,0.322-0.622,0.726,0.526,0.138
5736,365540,-11.97,15,93.3,0.589,0.2229,0.8307,0.1963,0.3726,1.0076,0.8106,0.4661,-0.1515,C,0.1959,0.322-0.622,0.726,0.526,0.138
5737,365555,-1.47,15,80.0,0.6778,0.1745,0.8396,0.1238,0.3166,0.4431,0.6207,0.4419,-0.0368,C,0.1948,0.322-0.622,0.726,0.526,0.138
5738,365569,-5.75,14,100.0,0.4953,0.2277,0.7683,0.21,0.4198,1.3761,0.8658,0.4694,-0.1424,C,0.2292,0.322-0.622,0.726,0.526,0.138
5739,365584,-14.66,15,80.0,0.8708,0.1099,0.7725,0.2789,0.4314,0.06,0.4107,0.3655,-0.1823,C,0.2032,0.322-0.622,0.726,0.526,0.138
5740,365598,-20.74,14,100.0,0.8435,0.1326,0.7833,0.2682,0.4506,0.127,0.6201,0.3997,-0.2044,C,0.198,0.322-0.622,0.726,0.526,0.138
5741,365612,-6.71,14,85.7,0.9024,0.0896,0.8309,0.1678,0.3904,0.0404,0.3641,0.4523,-0.0976,C,0.2455,0.322-0.622,0.726,0.526,0.138
5742,365626,-11.2,14,92.9,0.6913,0.172,0.8628,0.1545,0.3802,0.3652,0.731,0.4235,-0.11,C,0.2359,0.322-0.622,0.726,0.526,0.138
5743,365642,-13.26,16,93.8,0.7424,0.1513,0.7828,0.2314,0.4496,0.2337,0.6543,0.3882,-0.1723,C,0.1971,0.322-0.622,0.726,0.526,0.138
5744,366015,-12.36,373,99.2,0.3712,0.1064,0.4101,0.5966,0.9658,1.9338,0.4921,0.3987,-0.6329,C,0.1893,0.322-0.622,0.727,0.527,0.138
5745,366028,-15.59,13,61.5,0.9327,0.109,0.8435,0.1838,0.3608,0.0165,0.3233,0.2946,-0.1241,C,0.2266,0.322-0.622,0.727,0.527,0.138
5746,366041,6.93,13,100.0,0.4689,0.2394,0.861,0.1187,0.4163,1.4214,0.9725,0.3712,-0.0388,C,0.2102,0.322-0.622,0.727,0.527,0.138
5747,366054,-10.39,13,76.9,0.8743,0.1079,0.8575,0.1872,0.4203,0.0541,0.3883,0.3925,-0.1311,C,0.2347,0.322-0.622,0.727,0.527,0.138
5748,366068,-12.08,14,100.0,0.7579,0.1614,0.8048,0.256,0.426,0.1966,0.7217,0.416,-0.1819,C,0.2317,0.322-0.622,0.727,0.527,0.138
5749,366082,-15.02,14,100.0,0.6122,0.2053,0.8138,0.2225,0.4111,0.882,0.9111,0.4082,-0.1788,C,0.2068,0.322-0.622,0.727,0.527,0.138
5750,366118,16.01,36,97.2,0.4061,0.2508,0.6474,0.4093,0.7252,1.7396,0.8736,0.3779,-0.3826,C,0.2043,0.322-0.622,0.727,0.527,0.138
5751,366132,-15.8,14,85.7,0.7239,0.1691,0.9329,0.0763,0.2867,0.5087,0.6415,0.3418,-0.0186,C,0.2153,0.322-0.622,0.727,0.527,0.138
5752,366217,-31.83,85,98.8,0.5582,0.158,0.5024,0.4711,0.8643,0.8532,0.655,0.4047,-0.4468,C,0.1903,0.322-0.622,0.728,0.528,0.138
5753,366231,-18.98,14,85.7,0.8485,0.101,0.8683,0.1321,0.3144,0.0618,0.4138,0.401,-0.0501,C,0.2124,0.322-0.622,0.728,0.528,0.138
5754,366258,-10.64,27,96.3,0.6136,0.2005,0.5919,0.3649,0.5982,0.9493,0.7642,0.419,-0.2863,C,0.1911,0.322-0.622,0.728,0.528,0.138
5755,366278,-10.2,20,95.0,0.4929,0.2353,0.6492,0.3501,0.5725,1.2662,0.8636,0.4513,-0.257,C,0.1979,0.322-0.622,0.728,0.528,0.138
5756,366307,-7.61,29,93.1,0.6778,0.2124,0.5908,0.3712,0.6629,0.3895,0.8055,0.4645,-0.311,C,0.2112,0.322-0.622,0.728,0.528,0.138
5757,366320,-21.28,13,0.0,0.0,0.0,0.8608,0.1541,0.3968,0.0,0.0,0.3567,-0.082,C,0.2294,0.322-0.622,0.728,0.528,0.138
5758,366355,16.48,35,94.3,0.5822,0.2143,0.5786,0.318,0.7038,0.8218,0.8291,0.3915,-0.2277,C,0.224,0.322-0.622,0.728,0.528,0.138
5759,366370,-5.97,15,93.3,0.6373,0.1956,0.8264,0.1531,0.4231,0.5203,0.7961,0.4215,-0.0671,C,0.2173,0.322-0.622,0.728,0.528,0.138
5760,366383,-13.7,13,100.0,0.657,0.1843,0.847,0.1703,0.3707,0.6191,0.8168,0.3541,-0.1336,C,0.216,0.322-0.622,0.728,0.528,0.138
5761,366400,-19.57,17,76.5,0.8875,0.1131,0.7362,0.2502,0.5177,0.0301,0.4069,0.3707,-0.1733,C,0.1936,0.322-0.622,0.728,0.528,0.138
5762,366414,-7.58,14,100.0,0.6714,0.2076,0.7528,0.2561,0.4249,0.4352,0.8934,0.4225,-0.182,C,0.227,0.322-0.622,0.728,0.528,0.138
5763,366428,-2.53,14,85.7,0.5753,0.2134,0.8353,0.1963,0.3835,0.6579,0.7646,0.2963,-0.1118,C,0.226,0.322-0.622,0.728,0.528,0.138
5764,366510,20.29,82,96.3,0.4822,0.1292,0.5685,0.4036,0.8755,1.303,0.4971,0.3981,-0.3878,C,0.2166,0.322-0.622,0.728,0.528,0.138
5765,366526,-17.14,16,62.5,0.9076,0.0683,0.7958,0.205,0.4625,0.0299,0.2043,0.4021,-0.1194,C,0.229,0.322-0.622,0.728,0.528,0.138
5766,366540,-5.72,14,100.0,0.7882,0.1473,0.8525,0.1651,0.3425,0.3789,0.6557,0.3964,-0.0808,C,0.2071,0.322-0.622,0.728,0.528,0.138
5767,366553,-12.0,13,100.0,0.7146,0.1814,0.7777,0.1755,0.4063,0.2659,0.8024,0.3678,-0.0822,C,0.239,0.322-0.622,0.728,0.528,0.138
5768,366567,-14.5,14,78.6,0.8232,0.104,0.8141,0.199,0.3795,0.0639,0.3916,0.4024,-0.1254,C,0.1921,0.322-0.622,0.728,0.528,0.138
5769,366582,-26.45,15,73.3,1.005,0.0106,0.7908,0.25,0.4701,0.0094,0.1004,0.4089,-0.2152,C,0.1932,0.322-0.622,0.728,0.528,0.138
5770,366595,-15.29,13,100.0,0.8773,0.1252,0.8161,0.1962,0.4433,0.0618,0.591,0.453,-0.1547,C,0.2078,0.322-0.622,0.728,0.528,0.138
5771,366609,-19.84,14,92.9,1.0553,0.0297,0.8066,0.2374,0.4316,0.0083,0.1727,0.3955,-0.1938,C,0.2297,0.322-0.622,0.728,0.528,0.138
5772,366795,63.44,186,98.4,0.4395,0.2434,0.485,0.4881,0.9116,1.3787,0.8212,0.3648,-0.4742,C,0.2438,0.322-0.622,0.729,0.529,0.138
5773,366808,-21.22,13,100.0,0.9217,0.0636,0.8577,0.1761,0.3965,0.0439,0.3139,0.3661,-0.1222,C,0.2466,0.322-0.622,0.729,0.529,0.138
5774,366822,-9.14,14,100.0,0.8063,0.1174,0.83,0.1929,0.4102,0.1399,0.5554,0.3895,-0.1181,C,0.2346,0.322-0.622,0.729,0.529,0.138
5775,367163,239.63,341,99.7,0.3985,0.2286,0.4424,0.5045,0.9268,1.7233,0.8462,0.3588,-0.4891,C,0.2318,0.322-0.622,0.73,0.53,0.138
5776,367201,-68.69,38,100.0,0.5875,0.2258,0.6181,0.5594,0.756,0.7489,0.8501,0.3012,-0.6187,C,0.1939,0.322-0.622,0.73,0.53,0.138
5777,367222,-11.73,21,71.4,0.9093,0.1165,0.7453,0.1982,0.5034,0.0205,0.3913,0.3464,-0.1099,C,0.2107,0.322-0.622,0.73,0.53,0.138
5778,367272,-29.51,50,90.0,0.4968,0.2242,0.6156,0.4666,0.6895,1.1639,0.7754,0.37,-0.5018,C,0.2494,0.322-0.622,0.73,0.53,0.138
5779,367287,-16.93,15,53.3,0.8601,0.0973,0.7993,0.1977,0.3488,0.0468,0.2469,0.3559,-0.1444,C,0.2221,0.322-0.622,0.73,0.53,0.138
5780,367301,-11.48,14,100.0,0.7829,0.1544,0.8276,0.1439,0.4187,0.5532,0.6679,0.3315,-0.0553,C,0.1961,0.322-0.622,0.73,0.53,0.138
5781,367315,-11.74,14,92.9,0.7398,0.1591,0.8999,0.1092,0.31,0.4611,0.664,0.4853,-0.0278,C,0.1983,0.322-0.622,0.73,0.53,0.138
5782,367332,-23.31,17,94.1,0.6657,0.2059,0.7178,0.3201,0.4975,0.4318,0.843,0.3549,-0.2762,C,0.2121,0.322-0.622,0.73,0.53,0.138
5783,367346,-22.29,14,100.0,0.7791,0.1532,0.8295,0.2369,0.3851,0.3136,0.692,0.3875,-0.1809,C,0.2022,0.322-0.622,0.73,0.53,0.138
5784,367376,-44.42,30,40.0,1.1182,0.017,0.7112,0.2619,0.6441,0.0015,0.0614,0.2779,-0.1728,C,0.2224,0.322-0.622,0.73,0.53,0.138
5785,367411,16.82,35,97.1,0.4338,0.2176,0.6559,0.3339,0.6421,1.6613,0.7623,0.3662,-0.2847,C,0.2222,0.322-0.622,0.73,0.53,0.138
5786,367426,-6.64,15,93.3,0.5353,0.2266,0.7448,0.2483,0.4281,1.0747,0.8496,0.4277,-0.193,C,0.2414,0.322-0.622,0.73,0.53,0.138
5787,367444,0.13,18,88.9,0.5806,0.2067,0.7224,0.2202,0.464,0.6793,0.7597,0.3354,-0.1314,C,0.2247,0.322-0.622,0.73,0.53,0.138
5788,367458,-24.27,14,100.0,0.8155,0.1329,0.7978,0.2577,0.4134,0.1376,0.6222,0.4333,-0.2352,C,0.2346,0.322-0.622,0.73,0.53,0.138
5789,367471,-20.69,13,46.2,1.1279,0.0264,0.8683,0.1812,0.3808,0.0017,0.0828,0.3649,-0.1126,C,0.2342,0.322-0.622,0.73,0.53,0.138
5790,367485,0.99,14,100.0,0.6065,0.1856,0.8326,0.1383,0.4556,0.8177,0.8042,0.3924,-0.064,C,0.1922,0.322-0.622,0.73,0.53,0.138
5791,367523,32.24,38,92.1,0.3867,0.2227,0.639,0.3581,0.6539,1.8719,0.8405,0.4375,-0.324,C,0.202,0.322-0.622,0.73,0.53,0.138
5792,367537,-19.55,14,71.4,0.9296,0.0865,0.9405,0.0635,0.2917,0.0183,0.2967,0.322,-0.0104,C,0.2249,0.322-0.622,0.73,0.53,0.138
5793,367551,-8.21,14,100.0,0.6378,0.187,0.8391,0.1801,0.3968,0.778,0.828,0.3701,-0.1012,C,0.2301,0.322-0.622,0.73,0.53,0.138
5794,367565,-9.6,14,100.0,0.8101,0.1539,0.8176,0.2283,0.3997,0.2593,0.6944,0.4016,-0.1556,C,0.1989,0.322-0.622,0.73,0.53,0.138
5795,367580,-7.55,15,66.7,0.7598,0.1773,0.9081,0.1169,0.2607,0.1039,0.5309,0.2733,-0.0323,C,0.2161,0.322-0.622,0.731,0.531,0.138
5796,367670,146.96,90,95.6,0.1714,0.2031,0.5004,0.4788,0.8655,3.1197,0.8363,0.2726,-0.4677,C,0.2478,0.322-0.622,0.731,0.531,0.138
5797,367685,5.5,15,100.0,0.523,0.2267,0.7981,0.2349,0.4637,1.2477,0.9022,0.4094,-0.1311,C,0.2236,0.322-0.622,0.731,0.531,0.138
5798,367786,56.9,101,100.0,0.5436,0.1682,0.514,0.3759,0.8848,0.9454,0.7071,0.3504,-0.2945,C,0.2359,0.322-0.622,0.731,0.531,0.138
5799,367855,55.62,69,97.1,0.4591,0.2113,0.513,0.409,0.8233,1.4118,0.8017,0.4505,-0.3487,C,0.2276,0.322-0.622,0.731,0.531,0.139
5800,367869,-7.64,14,100.0,0.8261,0.1249,0.8433,0.1694,0.3355,0.2075,0.5752,0.4172,-0.1133,C,0.2091,0.322-0.622,0.731,0.531,0.139
5801,367882,-20.96,13,100.0,0.6666,0.1588,0.8735,0.1754,0.4173,0.8353,0.6849,0.4549,-0.1447,C,0.244,0.322-0.622,0.731,0.531,0.139
5802,367903,-23.65,21,81.0,0.6231,0.2103,0.6474,0.3598,0.5055,0.4443,0.6883,0.3294,-0.3349,C,0.2256,0.322-0.622,0.731,0.531,0.139
5803,367917,-16.56,14,100.0,0.7652,0.1604,0.8281,0.2311,0.4176,0.4124,0.6927,0.3587,-0.2405,C,0.191,0.322-0.622,0.731,0.531,0.139
5804,367932,-24.11,15,46.7,0.9983,0.0586,0.8607,0.1889,0.3795,0.007,0.135,0.3401,-0.1689,C,0.2381,0.322-0.622,0.731,0.531,0.139
5805,367947,-15.22,15,53.3,1.0028,0.0613,0.8673,0.1247,0.299,0.0058,0.159,0.3482,-0.0532,C,0.239,0.322-0.622,0.731,0.531,0.139
5806,368039,24.45,92,96.7,0.4744,0.1689,0.5177,0.4636,0.8718,1.1902,0.7193,0.421,-0.4269,C,0.2031,0.322-0.622,0.732,0.532,0.139
5807,368053,-16.77,14,100.0,0.9463,0.0901,0.7838,0.2108,0.4056,0.0345,0.4237,0.4008,-0.1055,C,0.2135,0.322-0.622,0.732,0.532,0.139
5808,368068,-12.7,15,93.3,0.8555,0.1161,0.7635,0.2282,0.4964,0.0789,0.5099,0.3617,-0.1458,C,0.2307,0.322-0.622,0.732,0.532,0.139
5809,368274,216.42,206,97.1,0.2627,0.1706,0.4293,0.5397,0.9277,2.5434,0.6376,0.3649,-0.5407,C,0.2315,0.322-0.622,0.732,0.532,0.139
5810,368288,-3.47,14,100.0,0.7079,0.1985,0.803,0.1866,0.4297,0.4118,0.8612,0.3717,-0.092,C,0.2152,0.322-0.622,0.732,0.532,0.139
5811,368302,-25.59,14,100.0,0.6903,0.1556,0.7749,0.2734,0.3968,0.8939,0.6885,0.3888,-0.1848,C,0.2217,0.322-0.622,0.732,0.532,0.139
5812,368316,-11.21,14,100.0,0.7524,0.1748,0.8116,0.2507,0.364,0.3432,0.7679,0.4529,-0.1999,C,0.2267,0.322-0.622,0.732,0.532,0.139
5813,368329,-5.38,13,100.0,0.5054,0.232,0.8692,0.2241,0.3694,1.446,0.8942,0.4305,-0.2389,C,0.207,0.322-0.622,0.732,0.532,0.139
5814,368652,43.24,323,99.7,0.4217,0.1503,0.4261,0.5642,0.9596,1.6466,0.7016,0.402,-0.5861,C,0.236,0.322-0.622,0.733,0.533,0.139
5815,368666,-18.67,14,78.6,0.8135,0.1052,0.8179,0.1938,0.3901,0.1095,0.3889,0.4228,-0.1349,C,0.2298,0.322-0.622,0.733,0.533,0.139
5816,368681,-9.32,15,93.3,0.5994,0.2247,0.7283,0.2175,0.4408,0.624,0.8658,0.4006,-0.127,C,0.19,0.322-0.622,0.733,0.533,0.139
5817,368717,-19.17,36,94.4,0.6468,0.2006,0.6392,0.3629,0.6463,0.4606,0.8033,0.4367,-0.2923,C,0.2454,0.322-0.622,0.733,0.533,0.139
5818,368732,-11.4,15,100.0,0.6196,0.1988,0.7862,0.206,0.4596,0.9016,0.8182,0.377,-0.1246,C,0.1915,0.322-0.622,0.733,0.533,0.139
5819,368850,-90.63,118,98.3,0.685,0.1823,0.4908,0.4966,0.8931,0.3952,0.815,0.38,-0.4831,C,0.2058,0.322-0.622,0.733,0.533,0.139
5820,368867,-34.61,17,52.9,0.884,0.0405,0.7306,0.2901,0.4571,0.025,0.1174,0.3694,-0.2429,C,0.2103,0.322-0.622,0.733,0.533,0.139
5821,368881,-5.58,14,78.6,0.8759,0.085,0.9077,0.1146,0.305,0.0405,0.3321,0.443,-0.0318,C,0.2363,0.322-0.622,0.733,0.533,0.139
5822,368895,-6.7,14,64.3,0.8944,0.1165,0.9467,0.0588,0.2764,0.0219,0.3503,0.3544,-0.0092,C,0.2146,0.322-0.622,0.733,0.533,0.139
5823,368909,-0.35,14,100.0,0.487,0.2347,0.7934,0.1967,0.4326,1.5798,0.8856,0.4292,-0.1071,C,0.2451,0.322-0.622,0.733,0.533,0.139
5824,368922,-7.66,13,100.0,0.5389,0.2271,0.8317,0.2505,0.4014,1.1913,0.9205,0.3857,-0.2134,C,0.2492,0.322-0.622,0.733,0.533,0.139
5825,369003,11.34,81,98.8,0.3802,0.2085,0.5664,0.5104,0.8309,1.9276,0.8839,0.3437,-0.5324,C,0.2201,0.322-0.622,0.734,0.534,0.139
5826,369019,-15.38,16,100.0,0.6901,0.1941,0.7613,0.2678,0.4095,0.5193,0.8378,0.3926,-0.1683,C,0.1923,0.322-0.622,0.734,0.534,0.139
5827,369033,-4.54,14,100.0,0.6152,0.1893,0.8154,0.1875,0.4354,0.8906,0.8112,0.3966,-0.1174,C,0.1978,0.322-0.622,0.734,0.534,0.139
5828,369048,-31.25,15,60.0,0.8815,0.0401,0.8244,0.2685,0.4422,0.0267,0.1312,0.3759,-0.2479,C,0.2097,0.322-0.622,0.734,0.534,0.139
5829,369062,-19.13,14,100.0,0.6594,0.1833,0.8408,0.1812,0.412,0.7244,0.7992,0.4032,-0.1417,C,0.2004,0.322-0.622,0.734,0.534,0.139
5830,369076,-22.87,14,100.0,0.7514,0.156,0.7776,0.2647,0.4166,0.3124,0.6883,0.354,-0.198,C,0.24,0.322-0.622,0.734,0.534,0.139
5831,369095,-11.56,19,89.5,0.5828,0.2143,0.7083,0.3511,0.5133,0.7381,0.782,0.4392,-0.3025,C,0.2473,0.322-0.622,0.734,0.534,0.139
5832,369109,-6.15,14,100.0,0.578,0.2196,0.7884,0.198,0.3936,0.8367,0.95,0.3868,-0.1207,C,0.2449,0.322-0.622,0.734,0.534,0.139
5833,369132,-6.95,23,82.6,0.5395,0.2046,0.6904,0.3063,0.5029,0.9517,0.7041,0.4762,-0.2498,C,0.2134,0.322-0.622,0.734,0.534,0.139
5834,369146,-10.02,14,92.9,0.868,0.1106,0.8432,0.1804,0.3749,0.0734,0.4895,0.4286,-0.1255,C,0.2267,0.322-0.622,0.734,0.534,0.139
5835,369161,0.01,15,86.7,0.425,0.2386,0.788,0.1545,0.405,1.6717,0.7732,0.296,-0.0721,C,0.2179,0.322-0.622,0.734,0.534,0.139
5836,369176,-4.37,15,100.0,0.6064,0.2088,0.7305,0.2502,0.4729,0.8374,0.8109,0.4604,-0.1526,C,0.1951,0.322-0.622,0.734,0.534,0.139
5837,369190,-28.88,14,0.0,0.0,0.0,0.9078,0.1097,0.2981,0.0,0.0,0.4652,-0.0327,C,0.1958,0.322-0.622,0.734,0.534,0.139
5838,369204,-7.37,14,85.7,0.8796,0.0668,0.8182,0.162,0.4209,0.0626,0.2771,0.4322,-0.0688,C,0.219,0.322-0.622,0.734,0.534,0.139
5839,369298,75.05,94,97.9,0.3675,0.2541,0.4847,0.5243,0.8636,1.9852,0.9135,0.4718,-0.5372,C,0.2415,0.322-0.622,0.734,0.534,0.139
5840,369316,12.73,18,83.3,0.5138,0.2314,0.843,0.1496,0.5424,1.0142,0.7647,0.411,-0.0693,C,0.2494,0.322-0.622,0.734,0.534,0.139
5841,369331,-17.76,15,86.7,0.7583,0.1518,0.8498,0.1767,0.3475,0.2371,0.5719,0.3587,-0.1068,C,0.2396,0.322-0.622,0.734,0.534,0.139
5842,369345,0.61,14,85.7,0.6575,0.179,0.8881,0.0958,0.2895,0.5829,0.6759,0.4466,-0.0253,C,0.2269,0.322-0.622,0.734,0.534,0.139
5843,369394,-23.56,49,89.8,0.5165,0.1745,0.5607,0.4166,0.7091,1.0446,0.6569,0.244,-0.3476,C,0.2256,0.322-0.622,0.734,0.534,0.139
5844,369407,-2.55,13,100.0,0.5515,0.2034,0.8918,0.1199,0.4544,1.0594,0.892,0.358,-0.0795,C,0.242,0.322-0.622,0.734,0.534,0.139
5845,369421,-18.67,14,85.7,0.8744,0.0857,0.9291,0.0821,0.3237,0.0478,0.3648,0.3929,-0.0269,C,0.2202,0.322-0.622,0.734,0.534,0.139
5846,369436,-11.63,15,100.0,0.8454,0.1408,0.795,0.2033,0.5233,0.1907,0.6391,0.4199,-0.1175,C,0.2113,0.322-0.622,0.734,0.534,0.139
5847,369450,-16.54,14,100.0,0.6459,0.2061,0.8291,0.2139,0.3632,0.903,0.8507,0.3778,-0.1236,C,0.1917,0.322-0.622,0.735,0.535,0.139
5848,369464,-9.43,14,64.3,0.9705,0.0685,0.9277,0.0733,0.2888,0.0107,0.2195,0.2916,-0.0192,C,0.194,0.322-0.622,0.735,0.535,0.139
5849,369482,-20.63,18,88.9,0.5328,0.2251,0.7529,0.2992,0.428,1.1963,0.7712,0.4184,-0.2635,C,0.2277,0.322-0.622,0.735,0.535,0.139
5850,369501,-13.38,19,89.5,0.6805,0.2115,0.7654,0.2705,0.4789,0.4241,0.7887,0.4224,-0.1883,C,0.1912,0.322-0.622,0.735,0.535,0.139
5851,369610,-40.41,109,97.2,0.6331,0.1152,0.4781,0.4089,0.8849,0.6727,0.5226,0.2836,-0.351,C,0.2295,0.322-0.622,0.735,0.535,0.139
5852,369872,216.95,262,99.2,0.4583,0.2435,0.4499,0.4626,0.929,1.4691,0.7877,0.3774,-0.4118,C,0.2446,0.322-0.622,0.735,0.535,0.139
5853,369887,-16.6,15,93.3,0.9203,0.0865,0.8128,0.1776,0.446,0.053,0.3798,0.2973,-0.1213,C,0.2373,0.322-0.622,0.735,0.535,0.139
5854,369901,-17.97,14,100.0,0.9426,0.0826,0.784,0.2107,0.4199,0.0751,0.4021,0.3274,-0.1362,C,0.2179,0.322-0.622,0.735,0.535,0.139
5855,369919,-10.14,18,100.0,0.6048,0.1993,0.6935,0.2966,0.5094,0.8845,0.805,0.4277,-0.1958,C,0.1986,0.322-0.622,0.736,0.536,0.139
5856,369933,-13.66,14,100.0,1.0357,0.0434,0.8007,0.1912,0.431,0.0201,0.2305,0.4304,-0.1089,C,0.2407,0.322-0.622,0.736,0.536,0.139
5857,369947,-6.23,14,100.0,0.5708,0.2094,0.8051,0.2171,0.3758,1.0423,0.9088,0.3609,-0.1303,C,0.2465,0.322-0.622,0.736,0.536,0.139
5858,369961,-27.25,14,100.0,0.6827,0.1958,0.8251,0.2796,0.4461,0.4655,0.8447,0.4546,-0.2879,C,0.2194,0.322-0.622,0.736,0.536,0.139
5859,369975,-9.31,14,100.0,0.6405,0.1377,0.7801,0.1995,0.4354,0.9215,0.628,0.3933,-0.1113,C,0.1971,0.322-0.622,0.736,0.536,0.139
5860,369988,-6.02,13,92.3,0.7644,0.1366,0.8686,0.1283,0.4044,0.1563,0.5842,0.4154,-0.0824,C,0.2394,0.322-0.622,0.736,0.536,0.139
5861,370018,-10.62,30,100.0,0.7144,0.2052,0.6055,0.3729,0.734,0.3323,0.8503,0.4332,-0.3015,C,0.2335,0.322-0.622,0.736,0.536,0.139
5862,370033,-13.81,15,86.7,0.7188,0.1683,0.8353,0.1449,0.3362,0.3219,0.6508,0.3491,-0.0563,C,0.2172,0.322-0.622,0.736,0.536,0.139
5863,370047,-9.03,14,64.3,1.039,0.0429,0.9037,0.0832,0.2919,0.004,0.1513,0.3493,-0.0241,C,0.2359,0.322-0.622,0.736,0.536,0.139
5864,370062,-29.29,15,73.3,0.8892,0.1005,0.843,0.1976,0.3801,0.027,0.3483,0.4204,-0.1566,C,0.2217,0.322-0.622,0.736,0.536,0.139
5865,370076,-11.27,14,85.7,0.6695,0.1744,0.9221,0.0757,0.313,0.5111,0.6594,0.4681,-0.0208,C,0.2037,0.322-0.622,0.736,0.536,0.139
5866,370091,-5.94,15,80.0,0.724,0.1617,0.888,0.1152,0.3304,0.1842,0.5749,0.3774,-0.0521,C,0.2128,0.322-0.622,0.736,0.536,0.139
5867,370105,2.08,14,92.9,0.5044,0.226,0.8505,0.1235,0.3464,1.2776,0.8321,0.3975,-0.0607,C,0.1926,0.322-0.622,0.736,0.536,0.139
5868,370119,-7.08,14,100.0,0.6509,0.2038,0.8229,0.1668,0.4185,0.6718,0.8749,0.3591,-0.0949,C,0.2385,0.322-0.622,0.736,0.536,0.139
5869,370133,-3.38,14,85.7,0.7487,0.1676,0.9373,0.0778,0.3133,0.3666,0.622,0.3392,-0.0317,C,0.2429,0.322-0.622,0.736,0.536,0.139
5870,370150,-1.84,17,88.2,0.6066,0.2209,0.7941,0.2238,0.4559,0.6329,0.768,0.401,-0.1536,C,0.2226,0.322-0.622,0.736,0.536,0.139
5871,370166,-17.0,16,87.5,0.6249,0.195,0.76,0.2885,0.3752,0.6434,0.7286,0.4184,-0.2174,C,0.2376,0.322-0.622,0.736,0.536,0.139
5872,370180,-27.53,14,100.0,0.6676,0.1691,0.7857,0.2879,0.4469,0.5879,0.7252,0.435,-0.2661,C,0.1991,0.322-0.622,0.736,0.536,0.139
5873,370194,-13.61,14,85.7,0.6798,0.1769,0.9132,0.0781,0.2839,0.5721,0.678,0.4732,-0.0157,C,0.2289,0.322-0.622,0.736,0.536,0.139
5874,370208,-18.5,14,0.0,0.0,0.0,0.954,0.0526,0.2618,0.0,0.0,0.3197,-0.0109,C,0.2491,0.322-0.622,0.736,0.536,0.139
5875,370222,-21.16,14,78.6,1.0237,0.0214,0.8039,0.2182,0.4363,0.0099,0.1285,0.4209,-0.1734,C,0.2465,0.322-0.622,0.736,0.536,0.139
5876,370235,-14.55,13,100.0,0.7981,0.1617,0.8537,0.1657,0.4361,0.2613,0.7157,0.2954,-0.0947,C,0.2229,0.322-0.622,0.736,0.536,0.139
5877,370254,-20.67,19,78.9,0.9571,0.0859,0.6806,0.2813,0.5198,0.015,0.3275,0.3981,-0.193,C,0.2186,0.322-0.622,0.736,0.536,0.139
5878,370271,-6.23,17,94.1,0.4995,0.2408,0.7126,0.3098,0.4669,1.1909,0.8564,0.4673,-0.2421,C,0.2484,0.322-0.622,0.736,0.536,0.139
5879,370284,-14.3,13,100.0,0.9657,0.0787,0.8155,0.2388,0.4296,0.0522,0.3767,0.4249,-0.195,C,0.216,0.322-0.622,0.736,0.536,0.139
5880,370298,-4.85,14,100.0,0.709,0.1845,0.8552,0.1903,0.4006,0.6706,0.7951,0.4733,-0.1468,C,0.1973,0.322-0.622,0.736,0.536,0.139
5881,370313,-9.77,15,100.0,0.5513,0.2299,0.767,0.2756,0.4278,1.1243,0.9013,0.3845,-0.2283,C,0.1976,0.322-0.622,0.736,0.536,0.139
5882,370327,-0.78,14,85.7,0.7481,0.1493,0.9367,0.061,0.2886,0.2615,0.576,0.4596,-0.0122,C,0.245,0.322-0.622,0.736,0.536,0.139
5883,370343,-7.07,16,87.5,0.6145,0.2162,0.7875,0.2253,0.4567,0.5354,0.7908,0.2992,-0.1305,C,0.2477,0.322-0.622,0.736,0.536,0.139
5884,370356,-3.99,13,100.0,0.686,0.1767,0.8629,0.1366,0.4055,0.3484,0.8035,0.2833,-0.0826,C,0.2455,0.322-0.622,0.736,0.536,0.139
5885,370514,-40.61,158,98.7,0.4637,0.1623,0.4775,0.5225,0.9202,1.2753,0.6132,0.3077,-0.5255,C,0.2072,0.322-0.622,0.737,0.537,0.139
5886,370531,8.08,17,88.2,0.4175,0.2385,0.7943,0.2001,0.4456,1.5477,0.7946,0.441,-0.1136,C,0.2296,0.322-0.622,0.737,0.537,0.139
5887,370545,-13.29,14,57.1,0.94,0.067,0.9259,0.1078,0.3045,0.012,0.1945,0.3613,-0.0687,C,0.2104,0.322-0.622,0.737,0.537,0.139
5888,370558,-17.43,13,84.6,0.7882,0.1246,0.8755,0.1122,0.418,0.1323,0.4936,0.4031,-0.0669,C,0.2358,0.322-0.622,0.737,0.537,0.139
5889,370579,-23.37,21,95.2,0.5928,0.2075,0.6253,0.3865,0.5461,0.8113,0.8328,0.3869,-0.3294,C,0.1954,0.322-0.622,0.737,0.537,0.139
5890,370593,-12.67,14,78.6,0.7543,0.1545,0.8639,0.1986,0.3666,0.1176,0.567,0.4175,-0.1855,C,0.2061,0.322-0.622,0.737,0.537,0.139
5891,370611,-11.29,18,100.0,0.594,0.2215,0.6622,0.2954,0.528,0.8378,0.8705,0.4339,-0.1971,C,0.2352,0.322-0.622,0.737,0.537,0.14
5892,370625,-11.32,14,100.0,0.6176,0.2116,0.8318,0.1504,0.3735,0.8309,0.8956,0.4725,-0.081,C,0.2022,0.322-0.622,0.737,0.537,0.14
5893,370671,-8.87,46,93.5,0.5353,0.2177,0.5737,0.4039,0.7053,0.8204,0.8268,0.3773,-0.3558,C,0.213,0.322-0.622,0.737,0.537,0.14
5894,370685,-17.95,14,0.0,0.0,0.0,0.9402,0.0659,0.2508,0.0,0.0,0.4272,-0.0221,C,0.2251,0.322-0.622,0.737,0.537,0.14
5895,370700,-21.43,15,0.0,0.0,0.0,0.873,0.138,0.2865,0.0,0.0,0.3484,-0.0489,C,0.2044,0.322-0.622,0.737,0.537,0.14
5896,370820,114.07,120,97.5,0.5581,0.1496,0.4951,0.4034,0.829,1.5986,0.6578,0.3713,-0.3338,C,0.1909,0.322-0.622,0.737,0.537,0.14
5897,370834,-14.77,14,100.0,0.7205,0.1818,0.8435,0.1806,0.3859,0.6773,0.787,0.4336,-0.1267,C,0.2273,0.322-0.622,0.737,0.537,0.14
5898,371086,105.94,252,98.8,0.5121,0.2228,0.4716,0.4799,0.922,1.1643,0.8938,0.382,-0.4413,C,0.2141,0.322-0.622,0.738,0.538,0.14
5899,371104,-8.15,18,100.0,0.5543,0.21,0.6874,0.276,0.5268,1.1346,0.8641,0.4456,-0.2294,C,0.2246,0.322-0.622,0.738,0.538,0.14
5900,371239,114.96,135,97.0,0.3479,0.1449,0.5246,0.4818,0.9121,2.1675,0.5888,0.3994,-0.4826,C,0.2404,0.322-0.622,0.738,0.538,0.14
5901,371387,61.12,148,97.3,0.4834,0.1846,0.4952,0.4484,0.8935,1.0963,0.7686,0.3724,-0.3969,C,0.2165,0.322-0.622,0.739,0.539,0.14
5902,371402,-4.14,15,86.7,0.8474,0.1037,0.8781,0.1234,0.3121,0.099,0.4273,0.3803,-0.0302,C,0.194,0.322-0.622,0.739,0.539,0.14
5903,371415,-22.33,13,100.0,0.6447,0.2058,0.8805,0.1872,0.4182,0.5484,0.9,0.3726,-0.1795,C,0.2088,0.322-0.622,0.739,0.539,0.14
5904,371430,-24.05,15,53.3,1.0663,0.0458,0.7974,0.2586,0.429,0.0027,0.1308,0.4695,-0.2227,C,0.2157,0.322-0.622,0.739,0.539,0.14
5905,371471,-23.77,41,100.0,0.6603,0.1618,0.6356,0.3882,0.7432,0.594,0.752,0.2805,-0.3357,C,0.2238,0.322-0.622,0.739,0.539,0.14
5906,371756,285.73,285,99.3,0.3718,0.2657,0.4122,0.5236,0.9409,2.0025,0.8794,0.3661,-0.5085,C,0.2467,0.322-0.622,0.739,0.539,0.14
5907,371770,-18.42,14,78.6,0.854,0.0832,0.8247,0.2032,0.4231,0.0818,0.3103,0.4064,-0.126,C,0.2224,0.322-0.622,0.74,0.54,0.14
5908,371784,-5.87,14,100.0,0.5248,0.2432,0.7849,0.2238,0.4418,1.1962,0.9269,0.4566,-0.1278,C,0.227,0.322-0.622,0.74,0.54,0.14
5909,371798,-4.65,14,100.0,0.4836,0.2407,0.8361,0.2126,0.4431,1.3673,0.9456,0.4211,-0.1805,C,0.2378,0.322-0.622,0.74,0.54,0.14
5910,372083,134.58,285,99.6,0.3935,0.2067,0.4365,0.5267,0.9262,1.7226,0.8529,0.3572,-0.5273,C,0.2004,0.322-0.622,0.74,0.54,0.14
5911,372097,-5.87,14,78.6,0.8622,0.101,0.9412,0.0694,0.2877,0.0421,0.3789,0.3466,-0.0183,C,0.1946,0.322-0.622,0.74,0.54,0.14
5912,372111,-12.95,14,100.0,0.6344,0.2223,0.8543,0.2238,0.4111,0.721,0.8755,0.3643,-0.1913,C,0.2088,0.322-0.622,0.74,0.54,0.14
5913,372128,-11.58,17,100.0,1.0134,0.0695,0.7501,0.2481,0.53,0.0199,0.3307,0.3989,-0.1815,C,0.2234,0.322-0.622,0.74,0.54,0.14
5914,372141,-5.4,13,100.0,1.0045,0.0535,0.8262,0.157,0.443,0.0117,0.2727,0.3871,-0.0668,C,0.2186,0.322-0.622,0.74,0.54,0.14
5915,372156,-1.49,15,93.3,0.4849,0.2326,0.781,0.2009,0.4344,1.2833,0.7809,0.4773,-0.1109,C,0.2441,0.322-0.622,0.74,0.54,0.14
5916,372452,-192.6,296,99.7,0.5517,0.1858,0.4049,0.586,0.9576,0.8875,0.7814,0.3816,-0.6019,C,0.2463,0.322-0.622,0.741,0.541,0.14
5917,372470,-9.36,18,100.0,0.6723,0.1888,0.7178,0.2897,0.5519,0.4812,0.7855,0.3656,-0.2314,C,0.237,0.322-0.622,0.741,0.541,0.14
5918,372486,-20.88,16,100.0,0.8889,0.1152,0.7727,0.3001,0.4814,0.1068,0.5424,0.4693,-0.2487,C,0.2491,0.322-0.622,0.741,0.541,0.14
5919,372500,-0.21,14,100.0,0.6276,0.2227,0.8445,0.1602,0.4433,0.6008,0.9178,0.4238,-0.0998,C,0.2284,0.322-0.622,0.741,0.541,0.14
5920,372515,-13.79,15,100.0,0.7251,0.1725,0.7925,0.1912,0.4116,0.4679,0.7374,0.4799,-0.1174,C,0.1937,0.322-0.622,0.741,0.541,0.14
5921,372533,-28.59,18,72.2,1.0801,0.0296,0.698,0.3127,0.4944,0.0039,0.1361,0.3205,-0.2568,C,0.2498,0.322-0.622,0.741,0.541,0.14
5922,372546,-12.46,13,100.0,0.7357,0.1599,0.8369,0.1243,0.4338,0.3566,0.7097,0.4458,-0.0558,C,0.2473,0.322-0.622,0.741,0.541,0.14
5923,372560,-15.22,14,100.0,0.7888,0.1602,0.8914,0.1067,0.3643,0.3534,0.7038,0.2909,-0.0664,C,0.219,0.322-0.622,0.741,0.541,0.14
5924,372574,-3.06,14,92.9,0.8351,0.129,0.9282,0.0919,0.3241,0.3709,0.5433,0.4078,-0.0372,C,0.2393,0.322-0.622,0.741,0.541,0.14
5925,372589,1.52,15,100.0,0.5966,0.2211,0.7854,0.1944,0.4157,0.9762,0.873,0.4511,-0.108,C,0.2461,0.322-0.622,0.741,0.541,0.14
5926,372603,-16.28,14,100.0,0.567,0.2185,0.8165,0.2136,0.4003,0.9188,0.9014,0.3784,-0.147,C,0.2061,0.322-0.622,0.741,0.541,0.14
5927,372616,-29.64,13,0.0,0.0,0.0,0.8471,0.243,0.4001,0.0,0.0,0.2647,-0.1861,C,0.2386,0.322-0.622,0.741,0.541,0.14
5928,372635,-20.43,19,84.2,0.7279,0.2029,0.7071,0.2717,0.4812,0.239,0.7206,0.2351,-0.2117,C,0.2288,0.322-0.622,0.741,0.541,0.14
5929,372650,-14.95,15,73.3,0.612,0.2108,0.7739,0.2162,0.4114,0.4486,0.6454,0.3758,-0.1346,C,0.2093,0.322-0.622,0.741,0.541,0.14
5930,372663,-11.95,13,69.2,0.947,0.0903,0.9082,0.1139,0.3376,0.0146,0.2969,0.4584,-0.075,C,0.2287,0.322-0.622,0.741,0.541,0.14
5931,372676,-5.13,13,100.0,0.8443,0.1091,0.8797,0.1268,0.4328,0.0986,0.51,0.3703,-0.0644,C,0.2179,0.322-0.622,0.741,0.541,0.14
5932,372907,155.41,231,99.6,0.4102,0.1648,0.4738,0.5041,0.9369,1.7628,0.7123,0.4182,-0.4931,C,0.23,0.322-0.622,0.742,0.542,0.14
5933,372921,-17.73,14,100.0,1.0559,0.0296,0.7945,0.2369,0.4507,0.0176,0.1899,0.2972,-0.182,C,0.1926,0.322-0.622,0.742,0.542,0.14
5934,372935,-14.12,14,100.0,0.6145,0.2001,0.8153,0.1964,0.4159,0.7593,0.8784,0.415,-0.1259,C,0.1995,0.322-0.622,0.742,0.542,0.14
5935,372950,-6.59,15,86.7,0.7177,0.1584,0.7573,0.242,0.4621,0.2208,0.6325,0.3464,-0.1344,C,0.2467,0.322-0.622,0.742,0.542,0.14
5936,372964,-14.52,14,85.7,0.8685,0.084,0.8205,0.1739,0.4314,0.051,0.3436,0.3135,-0.0832,C,0.2006,0.322-0.622,0.742,0.542,0.14
5937,373250,109.21,286,99.0,0.4584,0.1914,0.433,0.5409,0.9543,1.5469,0.8638,0.3933,-0.5356,C,0.2423,0.322-0.622,0.743,0.543,0.14
5938,373263,-20.09,13,0.0,0.0,0.0,0.8685,0.1001,0.3845,0.0,0.0,0.3273,-0.0386,C,0.1991,0.322-0.622,0.743,0.543,0.14
5939,373277,-32.59,14,0.0,0.0,0.0,0.9172,0.1038,0.3053,0.0,0.0,0.3341,-0.042,C,0.1953,0.322-0.622,0.743,0.543,0.14
5940,373290,-39.52,13,0.0,0.0,0.0,0.8442,0.1756,0.388,0.0,0.0,0.3925,-0.0986,C,0.243,0.322-0.622,0.743,0.543,0.14
5941,373304,-14.34,14,64.3,0.8876,0.1126,0.9061,0.0876,0.308,0.0246,0.346,0.3578,-0.0305,C,0.2492,0.322-0.622,0.743,0.543,0.14
5942,373321,-25.73,17,64.7,0.9294,0.1016,0.8537,0.2076,0.3175,0.0226,0.3118,0.3313,-0.1833,C,0.2389,0.322-0.622,0.743,0.543,0.14
5943,373335,-27.43,14,0.0,0.0,0.0,0.9091,0.1504,0.3036,0.0,0.0,0.4638,-0.1362,C,0.2329,0.322-0.622,0.743,0.543,0.14
5944,373349,-12.39,14,92.9,0.8245,0.1251,0.9114,0.1286,0.3904,0.1318,0.5499,0.3174,-0.097,C,0.2173,0.322-0.622,0.743,0.543,0.14
5945,373364,-5.57,15,80.0,0.8554,0.0951,0.8887,0.1042,0.332,0.048,0.3667,0.3866,-0.0341,C,0.2422,0.322-0.622,0.743,0.543,0.14
5946,373377,-30.45,13,61.5,1.0839,0.0546,0.8331,0.1628,0.3177,0.0023,0.1657,0.2939,-0.0737,C,0.2097,0.322-0.622,0.743,0.543,0.14
5947,373391,1.69,14,100.0,0.5615,0.2344,0.7995,0.168,0.4168,0.9723,0.9128,0.3811,-0.0773,C,0.1906,0.322-0.622,0.743,0.543,0.14
5948,373405,-10.9,14,100.0,0.7745,0.1722,0.8311,0.2399,0.4316,0.2532,0.7732,0.254,-0.1762,C,0.2459,0.322-0.622,0.743,0.543,0.141
5949,373420,-9.51,15,93.3,0.5688,0.2204,0.8346,0.2458,0.4287,0.8158,0.8538,0.3225,-0.1967,C,0.2333,0.322-0.622,0.743,0.543,0.141
5950,373433,-4.86,13,100.0,0.6747,0.2168,0.8329,0.1883,0.4308,0.3887,0.9263,0.4337,-0.1232,C,0.2015,0.322-0.622,0.743,0.543,0.141
5951,373460,-0.71,27,100.0,0.6668,0.1697,0.7394,0.2486,0.691,0.5776,0.7427,0.471,-0.1842,C,0.2314,0.322-0.622,0.743,0.543,0.141
5952,373477,3.7,17,94.1,0.517,0.2325,0.649,0.2535,0.4543,1.1472,0.8359,0.3705,-0.1362,C,0.191,0.322-0.622,0.743,0.543,0.141
5953,373490,-9.19,13,100.0,0.8214,0.1319,0.8659,0.1814,0.4226,0.1445,0.6146,0.4273,-0.171,C,0.2091,0.322-0.622,0.743,0.543,0.141
5954,373506,-18.83,16,75.0,0.6243,0.1863,0.8459,0.1757,0.2997,0.5676,0.6011,0.3725,-0.0766,C,0.2175,0.322-0.622,0.743,0.543,0.141
5955,373521,-21.37,15,0.0,0.0,0.0,0.867,0.1292,0.3029,0.0,0.0,0.4606,-0.0693,C,0.2347,0.322-0.622,0.743,0.543,0.141
5956,373535,-13.41,14,92.9,0.8112,0.12,0.7921,0.2384,0.4271,0.192,0.5342,0.3089,-0.1693,C,0.219,0.322-0.622,0.743,0.543,0.141
5957,373549,-7.68,14,100.0,0.5601,0.2112,0.8399,0.1316,0.3876,1.133,0.8992,0.3584,-0.0482,C,0.241,0.322-0.622,0.743,0.543,0.141
5958,373600,52.39,51,96.1,0.3266,0.2471,0.5599,0.4392,0.7576,2.1837,0.7877,0.4304,-0.4043,C,0.205,0.322-0.622,0.743,0.543,0.141
5959,373614,-18.09,14,92.9,0.7334,0.1787,0.8007,0.2435,0.4379,0.2418,0.7633,0.464,-0.1956,C,0.2296,0.322-0.622,0.743,0.543,0.141
5960,373628,-9.69,14,71.4,0.82,0.1002,0.8792,0.0987,0.4014,0.092,0.3445,0.3759,-0.068,C,0.2409,0.322-0.622,0.743,0.543,0.141
5961,373642,-11.78,14,92.9,0.6711,0.2024,0.767,0.2142,0.4158,0.4262,0.8075,0.2959,-0.1281,C,0.2025,0.322-0.622,0.744,0.544,0.141
5962,373657,-5.47,15,93.3,0.5929,0.2117,0.8166,0.2029,0.3979,0.7476,0.8033,0.3886,-0.1201,C,0.2374,0.322-0.622,0.744,0.544,0.141
5963,373671,-16.55,14,92.9,0.918,0.0611,0.8245,0.1126,0.4089,0.0386,0.2812,0.3221,-0.038,C,0.2258,0.322-0.622,0.744,0.544,0.141
5964,373686,-17.5,15,93.3,0.7024,0.1743,0.8092,0.2107,0.4045,0.2976,0.7221,0.4577,-0.1424,C,0.2159,0.322-0.622,0.744,0.544,0.141
5965,373701,-2.26,15,86.7,0.6756,0.1851,0.8253,0.1749,0.3637,0.3967,0.6905,0.4811,-0.0861,C,0.2096,0.322-0.622,0.744,0.544,0.141
5966,373715,-16.39,14,42.9,0.8644,0.0431,0.8627,0.1482,0.3678,0.0199,0.0994,0.4298,-0.1085,C,0.2243,0.322-0.622,0.744,0.544,0.141
5967,373729,-5.4,14,85.7,0.695,0.166,0.9107,0.1018,0.2795,0.3891,0.6319,0.308,-0.0573,C,0.2328,0.322-0.622,0.744,0.544,0.141
5968,373742,-16.22,13,100.0,0.7303,0.1705,0.8734,0.1447,0.4373,0.3049,0.7761,0.3833,-0.0594,C,0.2008,0.322-0.622,0.744,0.544,0.141
5969,373757,-12.32,15,86.7,0.6315,0.1952,0.8266,0.1527,0.337,0.5692,0.7254,0.4355,-0.0721,C,0.2315,0.322-0.622,0.744,0.544,0.141
5970,373771,-18.77,14,78.6,0.625,0.2048,0.8321,0.209,0.4141,0.4944,0.6917,0.3294,-0.1363,C,0.2028,0.322-0.622,0.744,0.544,0.141
5971,373785,-8.73,14,100.0,0.5233,0.2243,0.8659,0.1596,0.4132,1.321,0.8815,0.3513,-0.0993,C,0.221,0.322-0.622,0.744,0.544,0.141
5972,373804,14.75,19,89.5,0.3776,0.2442,0.7192,0.2642,0.4882,1.8319,0.8001,0.4346,-0.1874,C,0.2367,0.322-0.622,0.744,0.544,0.141
5973,373817,-26.53,13,100.0,0.8791,0.0752,0.8883,0.1623,0.3793,0.0576,0.3733,0.36,-0.1155,C,0.2161,0.322-0.622,0.744,0.544,0.141
5974,373830,-3.05,13,100.0,0.5369,0.2417,0.8451,0.1806,0.4433,0.9434,0.9689,0.3716,-0.142,C,0.2363,0.322-0.622,0.744,0.544,0.141
5975,373844,-25.05,14,50.0,1.193,0.022,0.916,0.1131,0.289,0.0004,0.0832,0.3857,-0.05,C,0.245,0.322-0.622,0.744,0.544,0.141
5976,373858,-1.27,14,100.0,0.667,0.193,0.8021,0.1499,0.3812,0.8285,0.84,0.3896,-0.048,C,0.1934,0.322-0.622,0.744,0.544,0.141
5977,373901,-2.53,43,90.7,0.524,0.2282,0.5903,0.3755,0.7093,1.1016,0.7675,0.3124,-0.3169,C,0.1997,0.322-0.622,0.744,0.544,0.141
5978,373914,-11.11,13,100.0,0.6761,0.1348,0.8613,0.1916,0.4383,0.7633,0.6081,0.4569,-0.1839,C,0.224,0.322-0.622,0.744,0.544,0.141
5979,373939,-42.71,25,32.0,0.9903,0.049,0.56,0.3163,0.6451,0.0044,0.0843,0.435,-0.2338,C,0.2204,0.322-0.622,0.744,0.544,0.141
5980,373957,-22.42,18,88.9,0.6734,0.1667,0.7526,0.2932,0.4024,0.679,0.649,0.4148,-0.2334,C,0.1956,0.322-0.622,0.744,0.544,0.141
5981,374066,78.88,109,98.2,0.3566,0.2144,0.5028,0.5349,0.899,2.0619,0.8803,0.4331,-0.552,C,0.2136,0.322-0.622,0.744,0.544,0.141
5982,374080,-2.81,14,92.9,0.5023,0.2354,0.8656,0.1643,0.4257,1.1935,0.8043,0.4286,-0.0968,C,0.2103,0.322-0.622,0.744,0.544,0.141
5983,374094,-15.72,14,100.0,0.5848,0.2235,0.8205,0.2068,0.3961,0.9503,0.9151,0.3822,-0.1839,C,0.2211,0.322-0.622,0.744,0.544,0.141
5984,374110,-11.09,16,87.5,0.7774,0.1274,0.7988,0.2453,0.416,0.1282,0.5086,0.423,-0.1364,C,0.2142,0.322-0.622,0.745,0.545,0.141
5985,374124,-5.71,14,100.0,0.7763,0.1521,0.8138,0.1658,0.4076,0.1934,0.6886,0.4061,-0.0671,C,0.2379,0.322-0.622,0.745,0.545,0.141
5986,374138,-16.53,14,92.9,0.6756,0.1898,0.8671,0.1531,0.3381,0.7377,0.7687,0.393,-0.089,C,0.2134,0.322-0.622,0.745,0.545,0.141
5987,374152,-16.72,14,0.0,0.0,0.0,0.9008,0.0799,0.2845,0.0,0.0,0.468,-0.0153,C,0.2088,0.322-0.622,0.745,0.545,0.141
5988,374165,-20.54,13,100.0,0.8932,0.1117,0.8845,0.1369,0.4308,0.1325,0.5403,0.3935,-0.0832,C,0.244,0.322-0.622,0.745,0.545,0.141
5989,374178,1.59,13,100.0,0.5516,0.2326,0.8642,0.1529,0.3956,1.1369,0.9172,0.393,-0.0751,C,0.2279,0.322-0.622,0.745,0.545,0.141
5990,374193,-17.5,15,93.3,0.9472,0.0914,0.8237,0.265,0.4381,0.0477,0.4106,0.4407,-0.197,C,0.1909,0.322-0.622,0.745,0.545,0.141
5991,374207,-13.72,14,100.0,0.767,0.1567,0.9076,0.1201,0.3459,0.5303,0.7113,0.428,-0.0665,C,0.2172,0.322-0.622,0.745,0.545,0.141
5992,374221,-4.92,14,100.0,0.5788,0.2217,0.827,0.1904,0.3927,1.047,0.903,0.3461,-0.1334,C,0.2011,0.322-0.622,0.745,0.545,0.141
5993,374236,-4.91,15,93.3,0.545,0.2323,0.864,0.1718,0.3792,1.0345,0.8362,0.3001,-0.1093,C,0.2105,0.322-0.622,0.745,0.545,0.141
5994,374251,-7.63,15,100.0,0.5244,0.2218,0.7902,0.1931,0.471,1.1631,0.9172,0.2568,-0.1244,C,0.2105,0.322-0.622,0.745,0.545,0.141
5995,374268,-8.41,17,100.0,0.7551,0.1581,0.7037,0.298,0.4584,0.3093,0.7004,0.4571,-0.1868,C,0.2308,0.322-0.622,0.745,0.545,0.141
5996,374299,7.74,31,87.1,0.5527,0.2231,0.6074,0.3034,0.516,1.013,0.7559,0.3783,-0.1938,C,0.192,0.322-0.622,0.745,0.545,0.141
5997,374526,37.16,227,98.7,0.3952,0.2261,0.4703,0.5709,0.9204,1.8027,0.8511,0.3249,-0.6007,C,0.2027,0.322-0.622,0.745,0.545,0.141
5998,374539,-17.94,13,100.0,0.6648,0.1833,0.8815,0.1725,0.396,0.8939,0.7381,0.4573,-0.1361,C,0.2305,0.322-0.622,0.745,0.545,0.141
5999,374552,-9.56,13,92.3,0.9878,0.0222,0.8873,0.1406,0.4445,0.0151,0.1538,0.3369,-0.0935,C,0.2176,0.322-0.622,0.745,0.545,0.141
6000,374565,2.2,13,100.0,0.5745,0.2209,0.8831,0.1155,0.4376,0.8347,0.932,0.3418,-0.0626,C,0.1994,0.322-0.622,0.745,0.545,0.141
6001,374579,-12.89,14,92.9,0.8254,0.13,0.813,0.1737,0.4259,0.1256,0.575,0.3764,-0.0902,C,0.241,0.322-0.622,0.746,0.546,0.141
6002,374983,19.58,404,99.5,0.46,0.207,0.4299,0.5339,0.9347,1.2642,0.8041,0.3573,-0.5215,C,0.2035,0.322-0.622,0.746,0.546,0.141
6003,374997,-15.05,14,64.3,0.968,0.0443,0.8496,0.1886,0.3938,0.0122,0.1506,0.467,-0.1477,C,0.2413,0.322-0.622,0.746,0.546,0.141
6004,375010,-21.83,13,100.0,0.7491,0.1631,0.9196,0.1106,0.3939,0.2864,0.746,0.3978,-0.0906,C,0.2353,0.322-0.622,0.746,0.546,0.141
6005,375026,-31.32,16,18.8,1.2935,0.0075,0.8568,0.143,0.3179,0.0,0.0243,0.2996,-0.0668,C,0.1966,0.322-0.622,0.746,0.546,0.141
6006,375041,-23.6,15,86.7,0.7263,0.152,0.7424,0.2818,0.4291,0.2046,0.6126,0.3125,-0.1887,C,0.2121,0.322-0.622,0.747,0.547,0.141
6007,375055,-13.86,14,85.7,0.6999,0.1611,0.9196,0.0726,0.2882,0.43,0.619,0.3643,-0.012,C,0.2333,0.322-0.622,0.747,0.547,0.141
6008,375068,-14.99,13,100.0,0.7107,0.1736,0.8627,0.1527,0.4098,0.3203,0.8042,0.3955,-0.1004,C,0.2301,0.322-0.622,0.747,0.547,0.141
6009,375143,59.44,75,100.0,0.4709,0.221,0.4955,0.4431,0.8898,1.3892,0.8937,0.4244,-0.3838,C,0.2412,0.322-0.622,0.747,0.547,0.141
6010,375157,-28.72,14,42.9,0.8734,0.0326,0.915,0.148,0.3555,0.0192,0.0844,0.3932,-0.1578,C,0.2185,0.322-0.622,0.747,0.547,0.141
6011,375170,-2.45,13,100.0,0.4891,0.2207,0.84,0.1224,0.4222,1.2903,0.9508,0.4604,-0.0493,C,0.2067,0.322-0.622,0.747,0.547,0.141
6012,375191,1.62,21,100.0,0.7406,0.1901,0.7089,0.2486,0.6459,0.3064,0.8243,0.3926,-0.1567,C,0.2014,0.322-0.622,0.747,0.547,0.141
6013,375206,-7.72,15,80.0,0.6343,0.1908,0.8773,0.1162,0.3022,0.6878,0.6547,0.4799,-0.0332,C,0.2322,0.322-0.622,0.747,0.547,0.141
6014,375219,-21.38,13,100.0,0.6376,0.2003,0.9017,0.1599,0.3876,0.6875,0.8634,0.4082,-0.1426,C,0.2462,0.322-0.622,0.747,0.547,0.141
6015,375233,-13.16,14,100.0,0.6215,0.1738,0.8212,0.1803,0.4252,0.9143,0.7704,0.389,-0.1067,C,0.2051,0.322-0.622,0.747,0.547,0.141
6016,375247,-6.6,14,92.9,0.7219,0.1811,0.8636,0.1613,0.3322,0.5568,0.7158,0.376,-0.1113,C,0.2164,0.322-0.622,0.747,0.547,0.141
6017,375263,-15.52,16,100.0,0.6475,0.2109,0.736,0.3467,0.4414,0.6336,0.8452,0.3685,-0.3064,C,0.2078,0.322-0.622,0.747,0.547,0.141
6018,375357,-29.41,94,96.8,0.5576,0.0917,0.4686,0.4303,0.8801,0.7164,0.4267,0.3281,-0.3811,C,0.2022,0.322-0.622,0.747,0.547,0.141
6019,375374,-45.37,17,0.0,0.0,0.0,0.7647,0.2724,0.4615,0.0,0.0,0.3553,-0.2084,C,0.1946,0.322-0.622,0.747,0.547,0.141
6020,375387,1.78,13,100.0,0.4551,0.2445,0.8249,0.1489,0.4287,1.4822,0.9681,0.3234,-0.0682,C,0.2497,0.322-0.622,0.747,0.547,0.141
6021,375401,-12.38,14,100.0,0.8204,0.1417,0.7325,0.2649,0.455,0.1257,0.6692,0.428,-0.2019,C,0.2024,0.322-0.622,0.747,0.547,0.141
6022,375415,-9.87,14,92.9,0.7281,0.1493,0.8413,0.2008,0.4366,0.3058,0.6571,0.2826,-0.172,C,0.2071,0.322-0.622,0.747,0.547,0.141
6023,375429,-13.02,14,100.0,0.8766,0.1237,0.8894,0.1867,0.3852,0.2227,0.5862,0.3845,-0.181,C,0.248,0.322-0.622,0.747,0.547,0.141
6024,375443,-7.12,14,85.7,0.6034,0.2261,0.8161,0.1978,0.4149,0.6011,0.7701,0.3766,-0.105,C,0.2331,0.322-0.622,0.747,0.547,0.141
6025,375457,-0.76,14,100.0,0.5717,0.1981,0.7858,0.2041,0.4791,1.0257,0.7952,0.4363,-0.1233,C,0.2375,0.322-0.622,0.747,0.547,0.141
6026,375470,0.65,13,100.0,0.4622,0.2281,0.8389,0.1771,0.413,1.4564,0.9485,0.3508,-0.1189,C,0.2246,0.322-0.622,0.747,0.547,0.141
6027,375483,1.45,13,100.0,0.4227,0.2458,0.8271,0.1915,0.4364,1.593,0.9854,0.2886,-0.126,C,0.2481,0.322-0.622,0.747,0.547,0.141
6028,375498,-17.75,15,66.7,0.9338,0.1017,0.8896,0.111,0.3533,0.0143,0.3148,0.312,-0.063,C,0.2096,0.322-0.622,0.747,0.547,0.141
6029,375512,-0.09,14,85.7,0.5876,0.2157,0.9309,0.0798,0.2925,0.8718,0.7803,0.3404,-0.0186,C,0.2105,0.322-0.622,0.748,0.548,0.141
6030,375526,-10.68,14,100.0,0.5279,0.2344,0.7619,0.1979,0.4216,1.0857,0.97,0.3579,-0.1024,C,0.2388,0.322-0.622,0.748,0.548,0.141
6031,375540,-7.71,14,92.9,0.5632,0.2218,0.882,0.1257,0.3453,0.9882,0.8364,0.3411,-0.0613,C,0.1936,0.322-0.622,0.748,0.548,0.141
6032,375555,-5.19,15,80.0,0.8957,0.073,0.9108,0.0956,0.2892,0.0317,0.2997,0.3995,-0.0214,C,0.2306,0.322-0.622,0.748,0.548,0.141
6033,375569,-17.99,14,92.9,0.8243,0.1004,0.7849,0.2444,0.4264,0.0969,0.434,0.3327,-0.1803,C,0.2049,0.322-0.622,0.748,0.548,0.141
6034,375582,-18.51,13,92.3,0.6249,0.1987,0.8795,0.1379,0.3921,0.4619,0.8175,0.3039,-0.1074,C,0.2356,0.322-0.622,0.748,0.548,0.141
6035,375642,29.83,60,91.7,0.4131,0.174,0.5978,0.359,0.6672,1.707,0.5996,0.3041,-0.2974,C,0.2192,0.322-0.622,0.748,0.548,0.141
6036,375657,-9.27,15,100.0,0.7864,0.1531,0.7994,0.1976,0.4629,0.2488,0.6964,0.3591,-0.1265,C,0.1924,0.322-0.622,0.748,0.548,0.141
6037,375671,-23.54,14,57.1,0.8264,0.113,0.9604,0.0404,0.2968,0.0595,0.3051,0.3089,-0.004,C,0.212,0.322-0.622,0.748,0.548,0.141
6038,375687,-8.5,16,81.2,0.6444,0.2076,0.8138,0.2155,0.3725,0.5313,0.6841,0.4521,-0.1448,C,0.2373,0.322-0.622,0.748,0.548,0.141
6039,375710,-17.86,23,100.0,0.6461,0.1754,0.6823,0.2909,0.5577,0.7713,0.722,0.3817,-0.2107,C,0.2148,0.322-0.622,0.748,0.548,0.141
6040,375727,-17.25,17,76.5,0.8812,0.0928,0.7623,0.1851,0.384,0.0371,0.3472,0.4219,-0.0959,C,0.2167,0.322-0.622,0.748,0.548,0.141
6041,375741,-14.64,14,100.0,0.5703,0.2214,0.7925,0.2074,0.4267,1.0768,0.906,0.2545,-0.1127,C,0.2445,0.322-0.622,0.748,0.548,0.141
6042,375755,-16.37,14,92.9,0.8741,0.0916,0.9266,0.0803,0.2962,0.0932,0.4149,0.3443,-0.0208,C,0.1923,0.322-0.622,0.748,0.548,0.141
6043,375769,-2.77,14,92.9,0.5661,0.2093,0.8346,0.1705,0.3352,1.0627,0.8279,0.3259,-0.1038,C,0.2382,0.322-0.622,0.748,0.548,0.141
6044,375840,23.11,71,100.0,0.4791,0.2137,0.5519,0.4461,0.8315,1.335,0.7961,0.3937,-0.3962,C,0.2163,0.322-0.622,0.748,0.548,0.141
6045,375853,-20.47,13,100.0,0.8951,0.1002,0.7973,0.203,0.4574,0.083,0.4757,0.4206,-0.1205,C,0.2446,0.322-0.622,0.748,0.548,0.141
6046,375866,-7.1,13,100.0,0.5153,0.2232,0.8932,0.1593,0.4217,1.1889,0.9212,0.3652,-0.1281,C,0.2125,0.322-0.622,0.748,0.548,0.141
6047,375881,-18.71,15,86.7,0.7787,0.1197,0.8261,0.2064,0.4192,0.1678,0.4939,0.2679,-0.1463,C,0.2319,0.322-0.622,0.748,0.548,0.141
6048,375897,-14.58,16,56.2,1.1936,0.0234,0.8312,0.1556,0.3402,0.0008,0.0962,0.3493,-0.0751,C,0.2308,0.322-0.622,0.748,0.548,0.141
6049,375911,-20.14,14,100.0,0.8208,0.1327,0.7563,0.2309,0.4388,0.1616,0.6186,0.4125,-0.1441,C,0.2378,0.322-0.622,0.748,0.548,0.141
6050,375925,-6.97,14,100.0,0.6953,0.1674,0.8332,0.1756,0.4113,0.398,0.7186,0.3618,-0.1002,C,0.2489,0.322-0.622,0.748,0.548,0.141
6051,375938,-2.19,13,100.0,0.7313,0.1602,0.8609,0.1049,0.4252,0.2818,0.7197,0.3659,-0.0328,C,0.1928,0.322-0.622,0.748,0.548,0.141
6052,376004,36.01,66,95.5,0.4637,0.2423,0.5064,0.4498,0.8194,1.3419,0.8766,0.402,-0.4077,C,0.1944,0.322-0.622,0.749,0.549,0.141
6053,376018,-15.41,14,100.0,0.6802,0.1962,0.8307,0.2135,0.4267,0.6408,0.8689,0.4753,-0.1797,C,0.2486,0.322-0.622,0.749,0.549,0.141
6054,376037,-31.96,19,78.9,0.8264,0.0902,0.6906,0.3464,0.5019,0.0803,0.3314,0.3183,-0.2964,C,0.2168,0.322-0.622,0.749,0.549,0.141
6055,376052,-2.74,15,100.0,0.6197,0.2068,0.7788,0.2053,0.4107,0.8181,0.898,0.4184,-0.1285,C,0.2047,0.322-0.622,0.749,0.549,0.141
6056,376066,-15.67,14,100.0,0.5893,0.2065,0.8251,0.2671,0.4234,0.9293,0.8691,0.4493,-0.2864,C,0.225,0.322-0.622,0.749,0.549,0.141
6057,376129,50.78,63,100.0,0.4747,0.2124,0.5891,0.389,0.8353,1.5043,0.8876,0.401,-0.367,C,0.1945,0.322-0.622,0.749,0.549,0.141
6058,376142,-21.22,13,100.0,0.6472,0.1963,0.867,0.1681,0.3995,0.6421,0.8221,0.3699,-0.0964,C,0.2199,0.322-0.622,0.749,0.549,0.141
6059,376159,-19.76,17,82.4,0.8727,0.1011,0.8345,0.2057,0.3861,0.0479,0.396,0.4081,-0.1564,C,0.199,0.322-0.622,0.749,0.549,0.141
6060,376174,-0.82,15,100.0,0.5548,0.2267,0.8184,0.172,0.4297,1.0838,0.888,0.3397,-0.0771,C,0.1968,0.322-0.622,0.749,0.549,0.141
6061,376188,-1.63,14,92.9,0.7482,0.1494,0.8749,0.1111,0.3098,0.363,0.6258,0.4228,-0.0301,C,0.1968,0.322-0.622,0.749,0.549,0.141
6062,376211,-42.33,23,43.5,0.855,0.1222,0.7266,0.3171,0.4768,0.036,0.2508,0.3443,-0.2701,C,0.2422,0.322-0.622,0.749,0.549,0.142
6063,376229,-7.11,18,94.4,0.6202,0.2348,0.7007,0.269,0.4948,0.611,0.8847,0.3392,-0.2028,C,0.1998,0.322-0.622,0.749,0.549,0.142
6064,376447,195.27,218,98.6,0.4917,0.2013,0.4215,0.4366,0.9207,1.2981,0.8174,0.385,-0.3666,C,0.2376,0.322-0.622,0.75,0.55,0.142
6065,376470,-16.51,23,95.7,0.7866,0.1718,0.6708,0.3026,0.5651,0.1511,0.7574,0.4091,-0.226,C,0.2011,0.322-0.622,0.75,0.55,0.142
6066,376484,-11.85,14,85.7,0.9629,0.0522,0.7863,0.1901,0.3914,0.0222,0.2235,0.36,-0.1204,C,0.2086,0.322-0.622,0.75,0.55,0.142
6067,376502,-20.87,18,94.4,0.7979,0.1456,0.7671,0.2906,0.5093,0.1426,0.6334,0.3757,-0.2961,C,0.2192,0.322-0.622,0.75,0.55,0.142
6068,376516,0.35,14,85.7,0.6214,0.1956,0.895,0.131,0.2976,0.7015,0.7217,0.4507,-0.052,C,0.2183,0.322-0.622,0.75,0.55,0.142
6069,376531,-1.44,15,93.3,0.6015,0.2333,0.8128,0.198,0.3987,0.7393,0.8545,0.3465,-0.109,C,0.2052,0.322-0.622,0.75,0.55,0.142
6070,376545,-10.53,14,100.0,0.6987,0.1729,0.7575,0.2897,0.4406,0.5332,0.7359,0.3969,-0.2021,C,0.2103,0.322-0.622,0.75,0.55,0.142
6071,376560,-23.33,15,53.3,0.8525,0.0443,0.8104,0.2657,0.4052,0.0322,0.1271,0.4336,-0.23,C,0.2286,0.322-0.622,0.75,0.55,0.142
6072,376575,-2.58,15,80.0,0.7171,0.1688,0.8837,0.1173,0.3116,0.2754,0.5829,0.4213,-0.0403,C,0.2176,0.322-0.622,0.75,0.55,0.142
6073,376589,-15.24,14,100.0,0.6352,0.177,0.865,0.1844,0.4305,0.7263,0.7577,0.4047,-0.1461,C,0.2141,0.322-0.622,0.75,0.55,0.142
6074,376796,-74.97,207,99.0,0.5136,0.1728,0.4412,0.5444,0.9109,1.1682,0.7751,0.3415,-0.5525,C,0.2454,0.322-0.622,0.75,0.55,0.142
6075,376810,-10.47,14,100.0,0.6021,0.2045,0.8217,0.1649,0.3899,0.7948,0.9021,0.2977,-0.0775,C,0.2269,0.322-0.622,0.75,0.55,0.142
6076,376823,-7.82,13,92.3,0.4577,0.2248,0.8534,0.127,0.3681,1.5118,0.8185,0.4113,-0.0585,C,0.2066,0.322-0.622,0.75,0.55,0.142
6077,376839,-18.97,16,87.5,0.6951,0.1816,0.7948,0.2078,0.3414,0.6997,0.6878,0.4122,-0.1432,C,0.2298,0.322-0.622,0.75,0.55,0.142
6078,376852,-20.16,13,84.6,0.8587,0.0902,0.8874,0.128,0.3905,0.0703,0.3539,0.3385,-0.0841,C,0.2387,0.322-0.622,0.75,0.55,0.142
6079,376983,-58.19,131,99.2,0.6152,0.1879,0.4488,0.508,0.9032,0.6644,0.8216,0.3561,-0.4816,C,0.2136,0.322-0.622,0.751,0.551,0.142
6080,377102,97.45,119,98.3,0.5488,0.1842,0.4714,0.464,0.8634,1.6672,0.737,0.4152,-0.4149,C,0.2075,0.322-0.622,0.751,0.551,0.142
6081,377117,-7.64,15,100.0,0.6431,0.185,0.8046,0.1682,0.3945,0.8454,0.7819,0.4281,-0.0687,C,0.1947,0.322-0.622,0.751,0.551,0.142
6082,377299,66.86,182,98.4,0.5259,0.185,0.4474,0.5014,0.9017,1.4295,0.7902,0.3685,-0.4801,C,0.2461,0.322-0.622,0.751,0.551,0.142
6083,377314,0.39,15,100.0,0.4756,0.2314,0.8504,0.1524,0.419,1.5215,0.8697,0.3116,-0.0781,C,0.1944,0.322-0.622,0.751,0.551,0.142
6084,377328,-5.97,14,100.0,0.7049,0.184,0.7914,0.2088,0.3893,0.5983,0.8175,0.3742,-0.1299,C,0.223,0.322-0.622,0.751,0.551,0.142
6085,377342,-15.33,14,100.0,0.5538,0.189,0.7931,0.1915,0.437,1.0465,0.8368,0.3729,-0.1261,C,0.1966,0.322-0.622,0.751,0.551,0.142
6086,377356,-15.09,14,78.6,0.9552,0.0527,0.9247,0.0746,0.3167,0.014,0.2264,0.3213,-0.0317,C,0.1935,0.322-0.622,0.751,0.551,0.142
6087,377370,-19.72,14,0.0,0.0,0.0,0.895,0.1191,0.2952,0.0,0.0,0.4715,-0.0602,C,0.2485,0.322-0.622,0.752,0.552,0.142
6088,377384,-14.26,14,100.0,0.6584,0.1945,0.8396,0.1848,0.324,0.8702,0.8236,0.4325,-0.1265,C,0.2307,0.322-0.622,0.752,0.552,0.142
6089,377398,-19.78,14,92.9,0.9465,0.0793,0.8057,0.2691,0.3891,0.038,0.3471,0.417,-0.2433,C,0.2151,0.322-0.622,0.752,0.552,0.142
6090,377412,-8.17,14,100.0,0.5525,0.2229,0.8187,0.2033,0.4473,1.0957,0.8983,0.4412,-0.1251,C,0.2162,0.322-0.622,0.752,0.552,0.142
6091,377426,-10.96,14,100.0,0.7196,0.171,0.8435,0.2281,0.3748,0.762,0.7562,0.4467,-0.1759,C,0.2121,0.322-0.622,0.752,0.552,0.142
6092,377520,44.06,94,85.1,0.3162,0.1688,0.5316,0.4623,0.8433,1.9181,0.5099,0.3823,-0.4407,C,0.1995,0.322-0.622,0.752,0.552,0.142
6093,377534,-6.25,14,100.0,0.5265,0.2148,0.829,0.2311,0.4109,1.2055,0.9404,0.3699,-0.1448,C,0.2422,0.322-0.622,0.752,0.552,0.142
6094,377548,-14.77,14,78.6,0.9316,0.0471,0.8266,0.17,0.3885,0.0265,0.19,0.3778,-0.1086,C,0.2335,0.322-0.622,0.752,0.552,0.142
6095,377564,-5.35,16,93.8,0.5762,0.2011,0.7705,0.247,0.4739,0.7151,0.8046,0.3941,-0.1571,C,0.2378,0.322-0.622,0.752,0.552,0.142
6096,377579,-39.96,15,60.0,0.9075,0.0588,0.8328,0.2998,0.3558,0.0198,0.1733,0.4122,-0.327,C,0.2024,0.322-0.622,0.752,0.552,0.142
6097,377593,-23.44,14,0.0,0.0,0.0,0.8814,0.1466,0.2732,0.0,0.0,0.2995,-0.0768,C,0.2315,0.322-0.622,0.752,0.552,0.142
6098,377606,-22.14,13,100.0,0.8267,0.1353,0.8424,0.247,0.4612,0.0904,0.6337,0.3567,-0.2281,C,0.216,0.322-0.622,0.752,0.552,0.142
6099,377619,-0.12,13,100.0,0.6248,0.1969,0.8589,0.1097,0.4058,0.5451,0.8636,0.3181,-0.0431,C,0.2333,0.322-0.622,0.752,0.552,0.142
6100,377633,-5.36,14,100.0,0.5938,0.2058,0.8562,0.1244,0.383,0.997,0.8662,0.3672,-0.057,C,0.1921,0.322-0.622,0.752,0.552,0.142
6101,377649,-15.52,16,100.0,0.6268,0.2117,0.737,0.3458,0.4751,0.8255,0.8991,0.4136,-0.319,C,0.2419,0.322-0.622,0.752,0.552,0.142
6102,377663,-5.71,14,85.7,0.7719,0.147,0.8769,0.1291,0.3543,0.1283,0.575,0.4409,-0.0861,C,0.2353,0.322-0.622,0.752,0.552,0.142
6103,377676,-27.84,13,69.2,0.9747,0.0495,0.8642,0.1995,0.4103,0.0156,0.1807,0.4052,-0.1462,C,0.2229,0.322-0.622,0.752,0.552,0.142
6104,377690,-19.94,14,100.0,0.7102,0.1348,0.8627,0.206,0.3988,0.6911,0.6206,0.4684,-0.1726,C,0.2377,0.322-0.622,0.752,0.552,0.142
6105,377703,-9.02,13,100.0,0.5677,0.2187,0.8651,0.1043,0.4265,0.878,0.95,0.36,-0.0282,C,0.2302,0.322-0.622,0.752,0.552,0.142
6106,377717,-18.95,14,100.0,0.8992,0.0738,0.825,0.2015,0.4031,0.0613,0.3532,0.3553,-0.1337,C,0.2469,0.322-0.622,0.752,0.552,0.142
6107,377730,-16.0,13,84.6,0.7803,0.1578,0.8771,0.1478,0.3785,0.1245,0.6178,0.3403,-0.093,C,0.2343,0.322-0.622,0.752,0.552,0.142
6108,377744,-15.64,14,92.9,0.7168,0.1647,0.9119,0.1053,0.3101,0.713,0.6783,0.3767,-0.0358,C,0.2206,0.322-0.622,0.752,0.552,0.142
6109,377759,-21.42,15,0.0,0.0,0.0,0.9065,0.1006,0.2671,0.0,0.0,0.2535,-0.0275,C,0.2414,0.322-0.622,0.752,0.552,0.142
6110,377773,-20.08,14,85.7,0.8553,0.0826,0.7934,0.2675,0.3929,0.0746,0.3321,0.3194,-0.2141,C,0.2408,0.322-0.622,0.752,0.552,0.142
6111,377786,-12.26,13,100.0,0.6999,0.1952,0.8581,0.1767,0.4168,0.3134,0.8822,0.3715,-0.0776,C,0.2177,0.322-0.622,0.752,0.552,0.142
6112,377839,11.2,53,98.1,0.5737,0.2133,0.5673,0.4226,0.8201,0.8625,0.8926,0.4338,-0.3688,C,0.2264,0.322-0.622,0.753,0.553,0.142
6113,377853,-16.95,14,71.4,0.8125,0.1263,0.9163,0.0773,0.2719,0.0592,0.4205,0.4071,-0.0158,C,0.2399,0.322-0.622,0.753,0.553,0.142
6114,377872,-8.39,19,89.5,0.8391,0.1258,0.7042,0.2806,0.5383,0.0865,0.5334,0.4467,-0.1863,C,0.2178,0.322-0.622,0.753,0.553,0.142
6115,377886,-12.94,14,100.0,0.7779,0.1698,0.8432,0.1646,0.3949,0.2338,0.7671,0.4561,-0.0937,C,0.2405,0.322-0.622,0.753,0.553,0.142
6116,377903,-30.79,17,41.2,1.1327,0.0236,0.8278,0.2273,0.3615,0.001,0.0706,0.3391,-0.199,C,0.2372,0.322-0.622,0.753,0.553,0.142
6117,377917,-5.28,14,85.7,0.8387,0.1023,0.9508,0.0481,0.3014,0.0716,0.4162,0.2385,-0.0069,C,0.1955,0.322-0.622,0.753,0.553,0.142
6118,377932,-19.82,15,0.0,0.0,0.0,0.8963,0.1124,0.2949,0.0,0.0,0.3713,-0.0338,C,0.1977,0.322-0.622,0.753,0.553,0.142
6119,377945,-9.59,13,100.0,0.7667,0.1662,0.8263,0.2131,0.4367,0.2686,0.762,0.4396,-0.1569,C,0.2339,0.322-0.622,0.753,0.553,0.142
6120,377971,10.11,26,96.2,0.3613,0.2445,0.7736,0.3044,0.5987,2.0357,0.7741,0.2348,-0.3219,C,0.2436,0.322-0.622,0.753,0.553,0.142
6121,377984,-34.22,13,0.0,0.0,0.0,0.8575,0.144,0.3976,0.0,0.0,0.3368,-0.0679,C,0.2483,0.322-0.622,0.753,0.553,0.142
6122,377998,-30.05,14,0.0,0.0,0.0,0.8991,0.1049,0.2639,0.0,0.0,0.4621,-0.0313,C,0.2062,0.322-0.622,0.753,0.553,0.142
6123,378012,-5.77,14,92.9,0.6072,0.1915,0.8201,0.171,0.3459,0.6743,0.7795,0.462,-0.0987,C,0.2206,0.322-0.622,0.753,0.553,0.142
6124,378026,-25.57,14,57.1,0.9086,0.0261,0.8805,0.1769,0.3884,0.0186,0.1011,0.407,-0.1374,C,0.2244,0.322-0.622,0.753,0.553,0.142
6125,378040,-15.5,14,42.9,1.0315,0.0496,0.9168,0.0888,0.3126,0.0029,0.1113,0.4063,-0.0457,C,0.2281,0.322-0.622,0.753,0.553,0.142
6126,378053,-22.49,13,100.0,0.8683,0.0785,0.8362,0.2058,0.4239,0.0604,0.3765,0.304,-0.1684,C,0.2117,0.322-0.622,0.753,0.553,0.142
6127,378067,-8.28,14,100.0,0.496,0.2243,0.8203,0.2841,0.4113,1.4768,0.8841,0.3515,-0.2727,C,0.2206,0.322-0.622,0.753,0.553,0.142
6128,378080,-7.49,13,84.6,0.8026,0.1187,0.8562,0.1418,0.4049,0.1102,0.4694,0.437,-0.1072,C,0.1933,0.322-0.622,0.753,0.553,0.142
6129,378093,0.87,13,100.0,0.5149,0.2366,0.874,0.1329,0.4201,1.2117,0.9449,0.329,-0.0675,C,0.2232,0.322-0.622,0.753,0.553,0.142
6130,378108,-17.59,15,86.7,0.6677,0.2046,0.8182,0.2001,0.3572,0.5057,0.7417,0.3757,-0.1352,C,0.1929,0.322-0.622,0.753,0.553,0.142
6131,378121,-22.84,13,100.0,0.8892,0.1155,0.8576,0.1777,0.4262,0.2561,0.5477,0.3477,-0.1268,C,0.2154,0.322-0.622,0.753,0.553,0.142
6132,378135,-13.23,14,78.6,0.8666,0.1379,0.8094,0.1957,0.462,0.0495,0.5089,0.301,-0.126,C,0.1937,0.322-0.622,0.753,0.553,0.142
6133,378149,-17.48,14,100.0,0.5788,0.2212,0.8381,0.2166,0.4112,0.9543,0.9061,0.3434,-0.172,C,0.246,0.322-0.622,0.753,0.553,0.142
6134,378165,-9.55,16,81.2,0.6941,0.1619,0.8454,0.1748,0.3315,0.3333,0.5836,0.4321,-0.1125,C,0.2198,0.322-0.622,0.753,0.553,0.142
6135,378186,-17.64,21,90.5,0.7081,0.1935,0.6927,0.3501,0.542,0.2584,0.7855,0.4481,-0.3333,C,0.241,0.322-0.622,0.753,0.553,0.142
6136,378491,-137.0,305,99.3,0.4645,0.1471,0.4344,0.5515,0.9413,1.382,0.68,0.3617,-0.5701,C,0.2265,0.322-0.622,0.754,0.554,0.142
6137,378504,-19.19,13,100.0,0.8258,0.1212,0.8898,0.1535,0.4235,0.1168,0.5648,0.422,-0.1163,C,0.2053,0.322-0.622,0.754,0.554,0.142
6138,378518,-20.49,14,85.7,0.9766,0.0428,0.867,0.1852,0.432,0.0187,0.1944,0.4256,-0.1508,C,0.246,0.322-0.622,0.754,0.554,0.142
6139,378532,-23.93,14,100.0,0.7269,0.1752,0.8218,0.2222,0.4205,0.4888,0.7367,0.3323,-0.1783,C,0.2329,0.322-0.622,0.754,0.554,0.142
6140,378805,363.01,273,99.6,0.2408,0.1583,0.4296,0.5336,0.9234,2.8084,0.684,0.3351,-0.5275,C,0.2303,0.322-0.622,0.755,0.555,0.142
6141,378819,-1.48,14,78.6,0.7434,0.1604,0.9274,0.0653,0.2633,0.1955,0.577,0.4735,-0.0161,C,0.2172,0.322-0.622,0.755,0.555,0.142
6142,378915,9.97,96,97.9,0.5093,0.2003,0.4813,0.4867,0.8807,1.1178,0.8881,0.3998,-0.4584,C,0.2159,0.322-0.622,0.755,0.555,0.142
6143,378929,-11.1,14,100.0,0.8037,0.1472,0.8872,0.1291,0.4148,0.1933,0.6888,0.3849,-0.0935,C,0.2263,0.322-0.622,0.755,0.555,0.142
6144,378943,-9.6,14,100.0,0.5004,0.228,0.7713,0.2184,0.4209,1.2373,0.9654,0.2943,-0.1227,C,0.2469,0.322-0.622,0.755,0.555,0.142
6145,378957,-7.49,14,92.9,0.632,0.2119,0.8415,0.1331,0.3766,0.6774,0.7983,0.3732,-0.0603,C,0.2261,0.322-0.622,0.755,0.555,0.142
6146,378970,-12.05,13,100.0,0.7785,0.1511,0.9016,0.1616,0.4117,0.2257,0.6992,0.483,-0.1548,C,0.2179,0.322-0.622,0.755,0.555,0.142
6147,378984,-14.22,14,100.0,0.9022,0.1154,0.8123,0.209,0.4736,0.0554,0.5368,0.3766,-0.108,C,0.2242,0.322-0.622,0.755,0.555,0.142
6148,378998,-25.25,14,100.0,0.5876,0.221,0.7888,0.3768,0.4125,0.9618,0.9332,0.3625,-0.4214,C,0.25,0.322-0.622,0.755,0.555,0.142
6149,379012,-14.7,14,100.0,0.8795,0.0934,0.8161,0.1456,0.4112,0.0724,0.4362,0.4105,-0.0917,C,0.2339,0.322-0.622,0.755,0.555,0.143
6150,379026,-7.24,14,71.4,0.7725,0.1339,0.9257,0.0903,0.3351,0.2472,0.4319,0.3873,-0.0326,C,0.2211,0.322-0.622,0.755,0.555,0.143
6151,379040,-19.82,14,85.7,0.8003,0.1332,0.8285,0.2586,0.4204,0.1063,0.5389,0.4359,-0.263,C,0.2026,0.322-0.622,0.755,0.555,0.143
6152,379055,-29.1,15,0.0,0.0,0.0,0.8296,0.1841,0.3058,0.0,0.0,0.2442,-0.1331,C,0.245,0.322-0.622,0.755,0.555,0.143
6153,379072,-8.26,17,76.5,0.8381,0.1216,0.814,0.1591,0.3296,0.0755,0.4259,0.4775,-0.0797,C,0.2165,0.322-0.622,0.755,0.555,0.143
6154,379086,-4.82,14,78.6,0.7499,0.1418,0.8121,0.1593,0.3856,0.2215,0.5275,0.3423,-0.0633,C,0.1929,0.322-0.622,0.755,0.555,0.143
6155,379186,34.05,100,99.0,0.6047,0.205,0.5661,0.4073,0.8752,0.845,0.8329,0.394,-0.3656,C,0.2085,0.322-0.622,0.755,0.555,0.143
6156,379217,6.26,31,90.3,0.5392,0.2022,0.6516,0.2829,0.5461,1.0691,0.7476,0.3878,-0.1928,C,0.2379,0.322-0.622,0.755,0.555,0.143
6157,379231,-9.22,14,64.3,1.0224,0.0624,0.9092,0.0985,0.2837,0.0069,0.1974,0.3277,-0.0303,C,0.2338,0.322-0.622,0.755,0.555,0.143
6158,379267,18.08,36,91.7,0.3444,0.2196,0.6407,0.3474,0.69,1.8531,0.6957,0.2004,-0.2693,C,0.2128,0.322-0.622,0.756,0.556,0.143
6159,379281,-1.19,14,100.0,0.5759,0.2264,0.7922,0.2023,0.4258,0.9128,0.9159,0.4138,-0.1199,C,0.2233,0.322-0.622,0.756,0.556,0.143
6160,379295,-12.8,14,85.7,0.5896,0.2108,0.8811,0.1451,0.317,0.7815,0.7295,0.3302,-0.0954,C,0.1977,0.322-0.622,0.756,0.556,0.143
6161,379463,105.43,168,98.2,0.4305,0.2164,0.4912,0.4541,0.9099,1.4287,0.9292,0.3456,-0.43,C,0.2223,0.322-0.622,0.756,0.556,0.143
6162,379476,-26.66,13,69.2,0.8819,0.0496,0.817,0.2327,0.423,0.0279,0.1788,0.3448,-0.1774,C,0.2357,0.322-0.622,0.756,0.556,0.143
6163,379519,38.35,43,97.7,0.346,0.246,0.5742,0.3869,0.6709,2.2772,0.8451,0.361,-0.3327,C,0.2205,0.322-0.622,0.756,0.556,0.143
6164,379543,-42.63,24,33.3,0.877,0.0293,0.7795,0.2623,0.5479,0.0144,0.0631,0.3345,-0.2378,C,0.238,0.322-0.622,0.756,0.556,0.143
6165,379560,-9.51,17,100.0,0.65,0.185,0.7746,0.2158,0.4947,0.7825,0.7684,0.3683,-0.1529,C,0.2058,0.322-0.622,0.756,0.556,0.143
6166,379574,-15.56,14,100.0,0.8678,0.1309,0.761,0.2481,0.4579,0.0698,0.6127,0.4106,-0.1808,C,0.2123,0.322-0.622,0.756,0.556,0.143
6167,379589,-11.72,15,86.7,0.9784,0.0376,0.8245,0.1912,0.4547,0.0194,0.1819,0.3759,-0.1299,C,0.2424,0.322-0.622,0.756,0.556,0.143
6168,379604,-29.13,15,0.0,0.0,0.0,0.8269,0.1569,0.3949,0.0,0.0,0.4229,-0.0947,C,0.2115,0.322-0.622,0.756,0.556,0.143
6169,379617,-8.11,13,100.0,0.5318,0.223,0.8376,0.1427,0.4216,0.9842,0.9692,0.2876,-0.0447,C,0.2236,0.322-0.622,0.756,0.556,0.143
6170,379631,-10.47,14,100.0,0.5157,0.2374,0.8169,0.2197,0.4126,1.2045,0.8823,0.379,-0.1669,C,0.2095,0.322-0.622,0.756,0.556,0.143
6171,379648,-5.49,17,76.5,0.7503,0.1756,0.8128,0.1567,0.4114,0.1331,0.6036,0.3949,-0.0886,C,0.2001,0.322-0.622,0.756,0.556,0.143
6172,379662,-5.56,14,92.9,0.4284,0.2309,0.8475,0.2631,0.3987,1.6233,0.8373,0.3998,-0.2671,C,0.2178,0.322-0.622,0.756,0.556,0.143
6173,379677,-4.84,15,80.0,0.867,0.097,0.9124,0.0863,0.2922,0.0492,0.3753,0.3953,-0.0218,C,0.2324,0.322-0.622,0.756,0.556,0.143
6174,379691,-9.34,14,64.3,0.8102,0.1546,0.8803,0.1233,0.3457,0.0524,0.4665,0.3222,-0.0574,C,0.2024,0.322-0.622,0.756,0.556,0.143
6175,379705,-7.83,14,92.9,0.8358,0.1104,0.7798,0.1824,0.4399,0.1106,0.4858,0.3109,-0.0957,C,0.1971,0.322-0.622,0.757,0.557,0.143
6176,379720,0.6,15,80.0,0.5975,0.2012,0.8758,0.1095,0.2919,0.8184,0.6689,0.4002,-0.0456,C,0.2337,0.322-0.622,0.757,0.557,0.143
6177,379742,-19.55,22,86.4,0.6093,0.206,0.6256,0.3797,0.4249,0.8583,0.7144,0.4326,-0.2936,C,0.2256,0.322-0.622,0.757,0.557,0.143
6178,379755,-31.08,13,0.0,0.0,0.0,0.8325,0.1565,0.3319,0.0,0.0,0.3377,-0.0756,C,0.2046,0.322-0.622,0.757,0.557,0.143
6179,379769,-16.74,14,78.6,0.7339,0.1523,0.9195,0.0933,0.2971,0.2293,0.5375,0.3866,-0.038,C,0.2207,0.322-0.622,0.757,0.557,0.143
6180,379785,-18.98,16,100.0,0.797,0.1467,0.7455,0.2749,0.4748,0.1544,0.6926,0.3789,-0.1702,C,0.1999,0.322-0.622,0.757,0.557,0.143
6181,379798,-7.14,13,100.0,0.573,0.2177,0.8624,0.1832,0.3866,1.0685,0.9265,0.4358,-0.1414,C,0.2195,0.322-0.622,0.757,0.557,0.143
6182,379812,-12.95,14,85.7,0.648,0.1978,0.8566,0.167,0.349,0.4398,0.7171,0.4473,-0.1242,C,0.2366,0.322-0.622,0.757,0.557,0.143
6183,379825,-20.78,13,100.0,0.7855,0.1506,0.8579,0.1967,0.4204,0.2234,0.692,0.4476,-0.1428,C,0.2003,0.322-0.622,0.757,0.557,0.143
6184,379854,18.28,29,96.6,0.4506,0.2509,0.6273,0.2979,0.5971,1.4525,0.8669,0.4708,-0.2328,C,0.2414,0.322-0.622,0.757,0.557,0.143
6185,379979,206.43,125,97.6,0.3021,0.1959,0.488,0.4412,0.8954,2.3058,0.7736,0.4231,-0.3881,C,0.1968,0.322-0.622,0.757,0.557,0.143
6186,380038,-14.92,59,88.1,0.4773,0.1214,0.4957,0.4201,0.7775,1.1706,0.4366,0.236,-0.359,C,0.2431,0.322-0.622,0.757,0.557,0.143
6187,380185,144.92,147,97.3,0.3932,0.1208,0.5099,0.4132,0.9088,2.0389,0.5471,0.2725,-0.3507,C,0.2496,0.322-0.622,0.758,0.558,0.143
6188,380199,-18.85,14,64.3,0.9246,0.0238,0.8299,0.151,0.4124,0.0186,0.1097,0.3668,-0.0773,C,0.229,0.322-0.622,0.758,0.558,0.143
6189,380213,-25.77,14,100.0,0.7316,0.1857,0.8131,0.248,0.4175,0.2515,0.8226,0.3508,-0.2055,C,0.2274,0.322-0.622,0.758,0.558,0.143
6190,380227,-23.91,14,71.4,0.7892,0.1566,0.9271,0.132,0.2751,0.081,0.5153,0.3242,-0.0989,C,0.2192,0.322-0.622,0.758,0.558,0.143
6191,380241,-18.51,14,64.3,0.8867,0.043,0.8127,0.2412,0.4138,0.031,0.1493,0.4607,-0.1763,C,0.2192,0.322-0.622,0.758,0.558,0.143
6192,380255,-13.72,14,71.4,0.8912,0.1088,0.8869,0.1366,0.3851,0.0491,0.3665,0.4878,-0.1043,C,0.2335,0.322-0.622,0.758,0.558,0.143
6193,380268,-18.92,13,100.0,0.945,0.0645,0.8628,0.1476,0.4321,0.0341,0.3052,0.4278,-0.0868,C,0.2054,0.322-0.622,0.758,0.558,0.143
6194,380283,-12.89,15,80.0,0.7231,0.1858,0.853,0.1918,0.3577,0.2675,0.6389,0.4437,-0.1479,C,0.2454,0.322-0.622,0.758,0.558,0.143
6195,380300,-18.28,17,64.7,0.8319,0.0578,0.7661,0.2606,0.4922,0.0473,0.1826,0.3927,-0.1681,C,0.2088,0.322-0.622,0.758,0.558,0.143
6196,380315,-12.54,15,100.0,0.8597,0.1193,0.758,0.2069,0.4337,0.141,0.5598,0.3206,-0.1187,C,0.2327,0.322-0.622,0.758,0.558,0.143
6197,380476,155.06,161,96.9,0.2648,0.1361,0.4918,0.5122,0.9092,2.519,0.5625,0.3888,-0.5136,C,0.2056,0.322-0.622,0.758,0.558,0.143
6198,380490,-1.4,14,85.7,0.7948,0.1279,0.9254,0.0649,0.3025,0.1185,0.5009,0.4783,-0.0087,C,0.2118,0.322-0.622,0.758,0.558,0.143
6199,380503,-28.15,13,61.5,1.0395,0.0361,0.8361,0.1675,0.3941,0.0049,0.1302,0.4428,-0.1265,C,0.2461,0.322-0.622,0.758,0.558,0.143
6200,380517,-12.69,14,100.0,0.7741,0.1539,0.829,0.2266,0.4064,0.3151,0.6851,0.3266,-0.1544,C,0.2077,0.322-0.622,0.758,0.558,0.143
6201,380534,-16.23,17,88.2,0.8404,0.1518,0.7506,0.254,0.4105,0.1257,0.6085,0.415,-0.195,C,0.2073,0.322-0.622,0.758,0.558,0.143
6202,380547,-21.57,13,92.3,0.8752,0.0806,0.9054,0.0861,0.4031,0.0583,0.3632,0.4462,-0.0421,C,0.2185,0.322-0.622,0.758,0.558,0.143
6203,380560,-7.01,13,100.0,0.8016,0.1366,0.9012,0.1023,0.3495,0.1743,0.6228,0.4447,-0.0556,C,0.2315,0.322-0.622,0.758,0.558,0.143
6204,380573,-27.91,13,0.0,0.0,0.0,0.8732,0.177,0.4309,0.0,0.0,0.3594,-0.1639,C,0.2434,0.322-0.622,0.758,0.558,0.143
6205,380587,-19.42,14,71.4,0.9203,0.0854,0.8811,0.1534,0.3583,0.0263,0.3046,0.3391,-0.0936,C,0.2395,0.322-0.622,0.758,0.558,0.143
6206,380602,-5.28,15,93.3,0.5148,0.2335,0.7724,0.2057,0.4109,1.1389,0.8705,0.3061,-0.1246,C,0.2326,0.322-0.622,0.758,0.558,0.143
6207,380616,-16.5,14,35.7,1.2133,0.0201,0.8942,0.099,0.3143,0.0002,0.0574,0.2512,-0.0482,C,0.2457,0.322-0.622,0.758,0.558,0.143
6208,380630,-7.88,14,85.7,0.8301,0.1039,0.8857,0.129,0.3344,0.0802,0.4211,0.3165,-0.054,C,0.2082,0.322-0.622,0.758,0.558,0.143
6209,380644,-12.65,14,100.0,0.5988,0.1859,0.8475,0.1385,0.4111,0.9278,0.7979,0.3971,-0.0553,C,0.2182,0.322-0.622,0.759,0.559,0.143
6210,380658,-28.62,14,0.0,0.0,0.0,0.933,0.0667,0.3249,0.0,0.0,0.4768,-0.0241,C,0.1962,0.322-0.622,0.759,0.559,0.143
6211,380672,-11.31,14,100.0,0.9049,0.1,0.818,0.1608,0.4276,0.0637,0.4655,0.3497,-0.1123,C,0.2454,0.322-0.622,0.759,0.559,0.143
6212,380686,-10.41,14,100.0,0.5266,0.2287,0.8632,0.2024,0.4183,1.1466,0.9291,0.3507,-0.1548,C,0.2329,0.322-0.622,0.759,0.559,0.143
6213,380926,258.46,240,98.8,0.2813,0.1532,0.454,0.5308,0.9366,2.5208,0.6867,0.3658,-0.531,C,0.2336,0.322-0.622,0.759,0.559,0.143
6214,380939,-19.48,13,100.0,0.9292,0.1114,0.877,0.1869,0.4213,0.1288,0.536,0.3765,-0.1547,C,0.2455,0.322-0.622,0.759,0.559,0.143
6215,380954,-9.07,15,93.3,0.5365,0.2193,0.7626,0.2321,0.3853,1.1351,0.8481,0.3788,-0.1434,C,0.1997,0.322-0.622,0.759,0.559,0.143
6216,380977,-7.83,23,91.3,0.6371,0.1878,0.6966,0.2859,0.5629,0.5752,0.7305,0.3748,-0.2105,C,0.2354,0.322-0.622,0.759,0.559,0.143
6217,380991,-22.07,14,100.0,0.6984,0.1773,0.8318,0.1863,0.3966,0.3883,0.796,0.2818,-0.1304,C,0.1997,0.322-0.622,0.759,0.559,0.143
6218,381005,-13.35,14,100.0,0.584,0.2191,0.8801,0.1813,0.4017,0.9982,0.9264,0.2967,-0.1392,C,0.2437,0.322-0.622,0.759,0.559,0.143
6219,381019,-21.98,14,85.7,0.955,0.06,0.8703,0.1367,0.3827,0.0196,0.2632,0.2898,-0.0757,C,0.2277,0.322-0.622,0.759,0.559,0.143
6220,381035,-16.53,16,62.5,0.9727,0.0801,0.8422,0.1365,0.3337,0.0086,0.2368,0.3512,-0.0723,C,0.2031,0.322-0.622,0.759,0.559,0.143
6221,381052,-25.47,17,88.2,1.0442,0.0361,0.7169,0.3028,0.5485,0.0089,0.185,0.4506,-0.268,C,0.2087,0.322-0.622,0.759,0.559,0.143
6222,381065,-21.76,13,0.0,0.0,0.0,0.9193,0.0943,0.3931,0.0,0.0,0.2486,-0.0416,C,0.2276,0.322-0.622,0.759,0.559,0.143
6223,381078,-14.6,13,69.2,1.0764,0.038,0.8624,0.1369,0.3745,0.0033,0.1485,0.353,-0.065,C,0.2474,0.322-0.622,0.759,0.559,0.143
6224,381093,-17.63,15,80.0,0.7663,0.1423,0.8796,0.1448,0.3217,0.1427,0.5082,0.4699,-0.0675,C,0.2115,0.322-0.622,0.759,0.559,0.143
6225,381110,-6.29,17,70.6,0.6008,0.1912,0.7957,0.2343,0.4274,0.7896,0.5468,0.429,-0.1807,C,0.2237,0.322-0.622,0.76,0.56,0.143
6226,381124,-13.75,14,100.0,0.5413,0.2155,0.8163,0.2205,0.3945,1.1267,0.9307,0.2622,-0.1791,C,0.2237,0.322-0.622,0.76,0.56,0.143
6227,381137,-14.4,13,100.0,0.86,0.1396,0.88,0.149,0.4509,0.093,0.653,0.3818,-0.1135,C,0.2258,0.322-0.622,0.76,0.56,0.143
6228,381233,48.45,96,99.0,0.4201,0.231,0.4691,0.5111,0.8933,1.619,0.8719,0.4441,-0.4931,C,0.1935,0.322-0.622,0.76,0.56,0.143
6229,381246,-6.53,13,69.2,0.7885,0.1616,0.8845,0.1199,0.3401,0.083,0.5191,0.4315,-0.0468,C,0.2434,0.322-0.622,0.76,0.56,0.143
6230,381261,-36.25,15,0.0,0.0,0.0,0.8429,0.194,0.2841,0.0,0.0,0.4114,-0.1126,C,0.2358,0.322-0.622,0.76,0.56,0.143
6231,381277,-14.7,16,100.0,0.5939,0.2047,0.7555,0.2855,0.4216,0.9305,0.8726,0.4484,-0.247,C,0.2206,0.322-0.622,0.76,0.56,0.143
6232,381290,-16.31,13,100.0,0.5966,0.2168,0.8683,0.1358,0.391,0.9354,0.8727,0.3603,-0.0662,C,0.2013,0.322-0.622,0.76,0.56,0.143
6233,381304,-15.47,14,92.9,0.7177,0.1669,0.8071,0.2072,0.3782,0.3056,0.7185,0.4052,-0.1461,C,0.2097,0.322-0.622,0.76,0.56,0.143
6234,381317,-24.7,13,100.0,0.764,0.1547,0.8586,0.2075,0.4068,0.3178,0.7002,0.439,-0.1677,C,0.1936,0.322-0.622,0.76,0.56,0.143
6235,381330,-11.38,13,100.0,0.9386,0.0539,0.8633,0.1668,0.4175,0.032,0.2796,0.2836,-0.1418,C,0.248,0.322-0.622,0.76,0.56,0.143
6236,381345,-9.24,15,93.3,0.7174,0.1553,0.7695,0.2171,0.4285,0.2378,0.6612,0.4247,-0.1423,C,0.2407,0.322-0.622,0.76,0.56,0.143
6237,381359,0.03,14,92.9,0.5791,0.2232,0.824,0.1851,0.435,0.7252,0.8492,0.3674,-0.108,C,0.2152,0.322-0.622,0.76,0.56,0.143
6238,381373,-12.33,14,100.0,0.6776,0.1982,0.8265,0.1606,0.4347,0.5857,0.8514,0.435,-0.0832,C,0.2046,0.322-0.622,0.76,0.56,0.143
6239,381389,-16.31,16,100.0,0.617,0.2006,0.7634,0.1875,0.4188,0.9807,0.8536,0.3995,-0.1164,C,0.2237,0.322-0.622,0.76,0.56,0.143
6240,381406,-7.95,17,82.4,0.4868,0.2354,0.7979,0.3059,0.467,1.0809,0.7477,0.408,-0.2719,C,0.2396,0.322-0.622,0.76,0.56,0.143
6241,381420,-17.11,14,100.0,1.0286,0.0513,0.7829,0.2136,0.4425,0.0144,0.2593,0.4608,-0.1248,C,0.219,0.322-0.622,0.76,0.56,0.143
6242,381434,-21.75,14,64.3,0.9659,0.0608,0.9297,0.0736,0.3082,0.0109,0.2035,0.3986,-0.0184,C,0.2459,0.322-0.622,0.76,0.56,0.143
6243,381457,-12.8,23,82.6,0.5367,0.2274,0.6718,0.3741,0.4641,1.1089,0.719,0.4355,-0.3532,C,0.2056,0.322-0.622,0.76,0.56,0.143
6244,381506,89.95,49,89.8,0.2254,0.252,0.5037,0.3706,0.7207,2.7338,0.7495,0.3996,-0.3034,C,0.2313,0.322-0.622,0.76,0.56,0.143
6245,381520,-1.83,14,100.0,0.6009,0.2237,0.7929,0.1801,0.4008,0.6701,0.9521,0.3958,-0.0809,C,0.2429,0.322-0.622,0.76,0.56,0.143
6246,381535,-17.22,15,40.0,1.2235,0.0186,0.877,0.158,0.3074,0.0002,0.0626,0.3851,-0.0901,C,0.232,0.322-0.622,0.76,0.56,0.143
6247,381549,-0.49,14,85.7,0.6674,0.1919,0.9085,0.1094,0.3116,0.455,0.691,0.3807,-0.0367,C,0.2068,0.322-0.622,0.76,0.56,0.143
6248,381563,-22.68,14,42.9,1.0059,0.0506,0.9233,0.1376,0.3629,0.004,0.1137,0.422,-0.1337,C,0.2115,0.322-0.622,0.76,0.56,0.143
6249,381578,-16.06,15,86.7,0.9421,0.0694,0.776,0.1743,0.4356,0.0242,0.3025,0.427,-0.0963,C,0.2391,0.322-0.622,0.761,0.561,0.143
6250,381592,-9.88,14,100.0,0.8335,0.1341,0.8122,0.1859,0.3696,0.267,0.6122,0.3968,-0.0916,C,0.2403,0.322-0.622,0.761,0.561,0.143
6251,381668,25.54,76,98.7,0.4875,0.2445,0.5519,0.4483,0.8538,1.121,0.8821,0.3447,-0.4006,C,0.2405,0.322-0.622,0.761,0.561,0.143
6252,381683,-23.68,15,100.0,0.7252,0.1842,0.7995,0.3212,0.427,0.3951,0.8219,0.4399,-0.3323,C,0.2141,0.322-0.622,0.761,0.561,0.143
6253,381697,-10.03,14,100.0,0.5548,0.224,0.8287,0.178,0.4139,1.0224,0.9252,0.3655,-0.077,C,0.2191,0.322-0.622,0.761,0.561,0.143
6254,381710,-7.58,13,100.0,0.7,0.1748,0.8874,0.1454,0.3888,0.3464,0.7816,0.3733,-0.1272,C,0.2414,0.322-0.622,0.761,0.561,0.143
6255,381724,-6.56,14,100.0,0.5538,0.2114,0.7782,0.2753,0.4364,1.1083,0.9016,0.4159,-0.177,C,0.2098,0.322-0.622,0.761,0.561,0.143
6256,381737,-7.53,13,100.0,0.7447,0.1572,0.8732,0.1667,0.3878,0.2977,0.6957,0.4601,-0.1459,C,0.2339,0.322-0.622,0.761,0.561,0.143
6257,381786,-25.16,49,95.9,0.634,0.2156,0.5173,0.4539,0.7285,0.5023,0.8338,0.4231,-0.407,C,0.2217,0.322-0.622,0.761,0.561,0.143
6258,381803,-22.33,17,82.4,0.7946,0.1367,0.799,0.2145,0.3663,0.1464,0.4843,0.4424,-0.1305,C,0.2363,0.322-0.622,0.761,0.561,0.144
6259,381816,-14.04,13,100.0,0.7579,0.176,0.8474,0.1489,0.4086,0.1911,0.782,0.392,-0.0809,C,0.2418,0.322-0.622,0.761,0.561,0.144
6260,381832,-16.43,16,81.2,0.8392,0.0935,0.8099,0.2348,0.4153,0.0641,0.3697,0.4404,-0.1614,C,0.2467,0.322-0.622,0.761,0.561,0.144
6261,381846,-16.98,14,85.7,0.6817,0.1821,0.8865,0.1196,0.3346,0.3311,0.6644,0.343,-0.0525,C,0.2153,0.322-0.622,0.761,0.561,0.144
6262,382012,-45.7,166,98.8,0.493,0.1948,0.448,0.582,0.9374,1.3642,0.8768,0.3921,-0.61,C,0.2081,0.322-0.622,0.761,0.561,0.144
6263,382026,-3.09,14,100.0,0.5778,0.2241,0.7939,0.249,0.4424,0.8938,0.8887,0.4348,-0.1894,C,0.2291,0.322-0.622,0.761,0.561,0.144
6264,382041,-12.08,15,93.3,0.6981,0.1643,0.811,0.2306,0.3814,0.3912,0.6438,0.3681,-0.148,C,0.2148,0.322-0.622,0.762,0.562,0.144
6265,382055,-16.26,14,78.6,0.699,0.1766,0.9043,0.1128,0.2961,0.2286,0.6194,0.311,-0.0372,C,0.2399,0.322-0.622,0.762,0.562,0.144
6266,382068,-18.73,13,100.0,0.9452,0.0992,0.8073,0.2231,0.4433,0.0501,0.4691,0.4258,-0.1644,C,0.2128,0.322-0.622,0.762,0.562,0.144
6267,382082,-23.15,14,92.9,0.7955,0.1234,0.8747,0.2035,0.4006,0.1322,0.5403,0.2841,-0.1997,C,0.195,0.322-0.622,0.762,0.562,0.144
6268,382097,-33.66,15,93.3,0.8509,0.088,0.7537,0.2991,0.4295,0.068,0.3884,0.3078,-0.2458,C,0.2447,0.322-0.622,0.762,0.562,0.144
6269,382111,-21.62,14,64.3,0.9186,0.0757,0.8989,0.0991,0.3115,0.0181,0.2441,0.4904,-0.0299,C,0.2078,0.322-0.622,0.762,0.562,0.144
6270,382124,-22.73,13,100.0,0.5703,0.2098,0.8517,0.2398,0.4071,0.976,0.9144,0.3236,-0.2198,C,0.1947,0.322-0.622,0.762,0.562,0.144
6271,382137,-11.87,13,100.0,0.6919,0.1804,0.8457,0.2222,0.4218,0.4889,0.8027,0.4596,-0.1726,C,0.2428,0.322-0.622,0.762,0.562,0.144
6272,382151,-30.86,14,0.0,0.0,0.0,0.9097,0.1008,0.291,0.0,0.0,0.4441,-0.0366,C,0.2206,0.322-0.622,0.762,0.562,0.144
6273,382166,-15.05,15,100.0,0.735,0.1856,0.7609,0.214,0.4213,0.3124,0.7946,0.4657,-0.1139,C,0.2424,0.322-0.622,0.762,0.562,0.144
6274,382180,-13.91,14,100.0,0.6918,0.194,0.8051,0.2201,0.4306,0.4247,0.87,0.4449,-0.1506,C,0.2038,0.322-0.622,0.762,0.562,0.144
6275,382194,-14.45,14,100.0,0.8248,0.1495,0.8057,0.1835,0.4289,0.1096,0.6975,0.3249,-0.1166,C,0.2075,0.322-0.622,0.762,0.562,0.144
6276,382207,-12.67,13,84.6,0.7253,0.1526,0.83,0.2153,0.3671,0.1963,0.6034,0.2155,-0.1573,C,0.2488,0.322-0.622,0.762,0.562,0.144
6277,382221,-15.5,14,100.0,0.5015,0.2372,0.8346,0.2229,0.4336,1.2239,0.9389,0.419,-0.2038,C,0.1982,0.322-0.622,0.762,0.562,0.144
6278,382234,-22.41,13,100.0,1.0354,0.0448,0.8251,0.2443,0.4368,0.0228,0.2378,0.3621,-0.2222,C,0.2435,0.322-0.622,0.762,0.562,0.144
6279,382250,-20.31,16,56.2,0.8645,0.1105,0.7945,0.2198,0.3407,0.0281,0.2939,0.4158,-0.1577,C,0.2129,0.322-0.622,0.762,0.562,0.144
6280,382265,-23.56,15,66.7,0.9856,0.1138,0.7494,0.2668,0.459,0.0104,0.3572,0.2782,-0.2303,C,0.2304,0.322-0.622,0.762,0.562,0.144
6281,382280,-17.7,15,100.0,0.6934,0.1671,0.7955,0.2166,0.3946,0.6446,0.735,0.3275,-0.1388,C,0.2364,0.322-0.622,0.762,0.562,0.144
6282,382295,-4.94,15,100.0,0.534,0.2145,0.7679,0.2597,0.4305,1.121,0.8945,0.4373,-0.2,C,0.2397,0.322-0.622,0.762,0.562,0.144
6283,382310,-6.53,15,93.3,0.5711,0.2378,0.8691,0.175,0.4208,0.706,0.8474,0.3096,-0.1126,C,0.1998,0.322-0.622,0.762,0.562,0.144
6284,382324,-38.4,14,0.0,0.0,0.0,0.851,0.1767,0.3979,0.0,0.0,0.2955,-0.1314,C,0.2166,0.322-0.622,0.762,0.562,0.144
6285,382636,-81.86,312,97.8,0.4529,0.1389,0.4271,0.525,0.9397,1.3313,0.6238,0.3549,-0.5082,C,0.2425,0.322-0.622,0.763,0.563,0.144
6286,382650,-4.78,14,100.0,0.8626,0.1167,0.7761,0.1811,0.4169,0.0949,0.543,0.4253,-0.065,C,0.2187,0.322-0.622,0.763,0.563,0.144
6287,382663,-37.71,13,0.0,0.0,0.0,0.8255,0.1711,0.3125,0.0,0.0,0.2347,-0.1078,C,0.202,0.322-0.622,0.763,0.563,0.144
6288,382677,-14.48,14,100.0,0.9279,0.0581,0.7902,0.2054,0.4042,0.0431,0.2885,0.4481,-0.1025,C,0.2067,0.322-0.622,0.763,0.563,0.144
6289,382691,-0.47,14,92.9,0.6026,0.2254,0.9073,0.1156,0.3488,0.91,0.8366,0.4825,-0.0875,C,0.2091,0.322-0.622,0.763,0.563,0.144
6290,382968,-135.53,277,99.3,0.4737,0.1758,0.424,0.5863,0.9608,1.1734,0.7316,0.4034,-0.6183,C,0.2228,0.322-0.622,0.763,0.563,0.144
6291,382981,-7.64,13,100.0,0.5982,0.2103,0.8587,0.1914,0.4167,0.7612,0.8735,0.4036,-0.1396,C,0.2383,0.322-0.622,0.764,0.564,0.144
6292,383196,38.77,215,98.1,0.5963,0.1694,0.5356,0.4332,0.8976,0.8341,0.6707,0.413,-0.39,C,0.2497,0.322-0.622,0.764,0.564,0.144
6293,383210,-10.02,14,100.0,0.585,0.223,0.8292,0.1256,0.4262,0.8859,0.8939,0.368,-0.0536,C,0.2449,0.322-0.622,0.764,0.564,0.144
6294,383242,-25.21,32,75.0,0.9016,0.0597,0.5979,0.3,0.6132,0.0313,0.2181,0.4249,-0.2027,C,0.2452,0.322-0.622,0.764,0.564,0.144
6295,383256,-15.45,14,100.0,0.6941,0.1922,0.7834,0.2301,0.416,0.554,0.832,0.407,-0.1845,C,0.2308,0.322-0.622,0.764,0.564,0.144
6296,383269,-17.89,13,92.3,0.6111,0.2013,0.8545,0.2133,0.4053,0.5945,0.8105,0.2822,-0.207,C,0.2378,0.322-0.622,0.764,0.564,0.144
6297,383283,-3.3,14,100.0,0.6724,0.195,0.8706,0.1315,0.3611,0.5336,0.8569,0.356,-0.0885,C,0.1986,0.322-0.622,0.764,0.564,0.144
6298,383296,-49.36,13,0.0,0.0,0.0,0.8839,0.211,0.407,0.0,0.0,0.2968,-0.2236,C,0.2248,0.322-0.622,0.764,0.564,0.144
6299,383311,-7.97,15,80.0,0.7672,0.1375,0.79,0.1907,0.4001,0.1133,0.5076,0.3102,-0.0838,C,0.1946,0.322-0.622,0.764,0.564,0.144
6300,383333,6.69,22,95.5,0.5502,0.2111,0.674,0.3102,0.5418,1.2588,0.8094,0.4586,-0.2381,C,0.2328,0.322-0.622,0.764,0.564,0.144
6301,383347,-18.25,14,100.0,0.7129,0.1851,0.8199,0.2085,0.4341,0.4411,0.7904,0.3798,-0.1733,C,0.2458,0.322-0.622,0.764,0.564,0.144
6302,383361,-4.4,14,92.9,0.8048,0.1224,0.9522,0.0502,0.299,0.2932,0.5144,0.3388,-0.0053,C,0.2006,0.322-0.622,0.764,0.564,0.144
6303,383375,-22.76,14,78.6,0.7566,0.157,0.8449,0.14,0.3653,0.1168,0.5621,0.3431,-0.0714,C,0.2158,0.322-0.622,0.764,0.564,0.144
6304,383391,-3.34,16,100.0,0.5582,0.2044,0.7677,0.2313,0.4688,1.0662,0.8547,0.3298,-0.1599,C,0.2351,0.322-0.622,0.764,0.564,0.144
6305,383676,190.83,285,99.6,0.3757,0.1955,0.4259,0.5194,0.9323,1.8005,0.8039,0.3684,-0.4981,C,0.2076,0.322-0.622,0.765,0.565,0.144
6306,383690,-16.14,14,100.0,0.6048,0.2118,0.7899,0.2386,0.4195,0.8168,0.8926,0.3998,-0.1408,C,0.2449,0.322-0.622,0.765,0.565,0.144
6307,383703,-3.01,13,100.0,0.8919,0.1155,0.9093,0.0992,0.4472,0.0563,0.5379,0.2477,-0.032,C,0.2436,0.322-0.622,0.765,0.565,0.144
6308,383724,-12.38,21,90.5,0.6018,0.2109,0.6559,0.3407,0.474,0.7495,0.81,0.3971,-0.2846,C,0.2413,0.322-0.622,0.765,0.565,0.144
6309,383738,-3.5,14,100.0,0.7685,0.1837,0.8425,0.1715,0.4542,0.2078,0.8309,0.3478,-0.1007,C,0.1991,0.322-0.622,0.765,0.565,0.144
6310,383753,-6.6,15,100.0,0.934,0.1018,0.8007,0.1696,0.4914,0.0406,0.4705,0.3603,-0.0723,C,0.1994,0.322-0.622,0.765,0.565,0.144
6311,383769,-18.72,16,62.5,0.9565,0.1021,0.8442,0.2027,0.4201,0.0222,0.3095,0.4415,-0.1725,C,0.2219,0.322-0.622,0.765,0.565,0.144
6312,383782,-18.17,13,100.0,0.5998,0.1898,0.8823,0.1217,0.4298,0.8073,0.8123,0.3598,-0.0682,C,0.2408,0.322-0.622,0.765,0.565,0.144
6313,383796,-12.76,14,92.9,0.6694,0.1824,0.9072,0.0828,0.3012,0.696,0.7442,0.4169,-0.0154,C,0.202,0.322-0.622,0.765,0.565,0.144
6314,383809,-22.71,13,100.0,0.7148,0.1741,0.875,0.1684,0.4433,0.3987,0.7806,0.4643,-0.159,C,0.2439,0.322-0.622,0.765,0.565,0.144
6315,383825,-0.84,16,100.0,0.5165,0.233,0.8499,0.1783,0.4412,1.3092,0.875,0.3861,-0.1158,C,0.2185,0.322-0.622,0.765,0.565,0.144
6316,383839,-12.85,14,35.7,1.1816,0.0234,0.9231,0.0738,0.2987,0.0003,0.0607,0.3633,-0.0173,C,0.2311,0.322-0.622,0.765,0.565,0.144
6317,383853,-3.41,14,92.9,0.7888,0.1376,0.9022,0.0925,0.3356,0.358,0.5723,0.308,-0.0266,C,0.2222,0.322-0.622,0.765,0.565,0.144
6318,383886,-23.31,33,97.0,0.7187,0.1511,0.663,0.3562,0.7679,0.2265,0.684,0.3256,-0.3014,C,0.2204,0.322-0.622,0.765,0.565,0.144
6319,383899,1.02,13,100.0,0.5947,0.2233,0.8434,0.1761,0.4203,0.814,0.9231,0.4398,-0.1035,C,0.2471,0.322-0.622,0.765,0.565,0.144
6320,383912,-12.5,13,100.0,0.8494,0.1346,0.8523,0.1353,0.4463,0.2268,0.624,0.3124,-0.0549,C,0.2182,0.322-0.622,0.766,0.566,0.144
6321,383926,-21.0,14,14.3,1.0854,0.0044,0.8282,0.126,0.3416,0.0005,0.0176,0.3181,-0.0474,C,0.2125,0.322-0.622,0.766,0.566,0.144
6322,383940,-19.28,14,71.4,0.7987,0.1362,0.8663,0.1501,0.345,0.0765,0.4579,0.3904,-0.0927,C,0.2358,0.322-0.622,0.766,0.566,0.144
6323,383955,-15.5,15,93.3,0.8041,0.1131,0.7557,0.2448,0.4621,0.115,0.499,0.2525,-0.1845,C,0.2095,0.322-0.622,0.766,0.566,0.144
6324,383970,-20.89,15,80.0,0.7809,0.1401,0.8257,0.2467,0.4122,0.2981,0.5111,0.3647,-0.2203,C,0.1991,0.322-0.622,0.766,0.566,0.144
6325,383984,-20.1,14,100.0,0.7482,0.165,0.8229,0.1937,0.3859,0.6573,0.7331,0.3765,-0.122,C,0.2061,0.322-0.622,0.766,0.566,0.144
6326,383998,-9.21,14,100.0,0.6222,0.2132,0.8409,0.1495,0.4465,0.6828,0.8935,0.4062,-0.0568,C,0.2039,0.322-0.622,0.766,0.566,0.144
6327,384011,-20.34,13,0.0,0.0,0.0,0.8869,0.1329,0.3977,0.0,0.0,0.326,-0.0616,C,0.2283,0.322-0.622,0.766,0.566,0.144
6328,384025,-17.52,14,85.7,0.7676,0.1397,0.8853,0.1167,0.3112,0.1785,0.5253,0.3738,-0.046,C,0.2101,0.322-0.622,0.766,0.566,0.144
6329,384040,-14.1,15,100.0,0.6814,0.1903,0.8362,0.2175,0.3806,0.7679,0.7798,0.4056,-0.1637,C,0.2042,0.322-0.622,0.766,0.566,0.144
6330,384057,-8.23,17,88.2,0.692,0.1661,0.764,0.227,0.4288,0.2964,0.6409,0.365,-0.1265,C,0.2168,0.322-0.622,0.766,0.566,0.144
6331,384072,-24.02,15,100.0,0.6952,0.1453,0.7716,0.295,0.4822,0.7701,0.6425,0.3959,-0.2704,C,0.2023,0.322-0.622,0.766,0.566,0.144
6332,384086,-21.18,14,100.0,0.8505,0.1406,0.745,0.3135,0.4471,0.0829,0.6597,0.4574,-0.2732,C,0.2266,0.322-0.622,0.766,0.566,0.144
6333,384100,-15.76,14,100.0,0.6272,0.2026,0.8033,0.203,0.4093,0.9,0.8837,0.4336,-0.1389,C,0.2476,0.322-0.622,0.766,0.566,0.144
6334,384116,-8.88,16,100.0,0.5679,0.2166,0.7427,0.263,0.4618,1.0622,0.8947,0.3937,-0.2072,C,0.2174,0.322-0.622,0.766,0.566,0.144
6335,384130,-17.98,14,42.9,0.9551,0.0241,0.8727,0.1232,0.3819,0.0073,0.0732,0.3227,-0.0601,C,0.2081,0.322-0.622,0.766,0.566,0.144
6336,384145,-17.85,15,100.0,0.6192,0.1796,0.7337,0.2672,0.4141,0.9437,0.7928,0.2766,-0.1631,C,0.2131,0.322-0.622,0.766,0.566,0.144
6337,384166,-16.93,21,100.0,0.6442,0.1979,0.6974,0.2863,0.5566,0.7185,0.8349,0.3918,-0.2333,C,0.2428,0.322-0.622,0.766,0.566,0.144
6338,384239,55.52,73,97.3,0.3815,0.2334,0.5391,0.4862,0.8191,1.8696,0.9175,0.4257,-0.4521,C,0.2084,0.322-0.622,0.766,0.566,0.144
6339,384253,-13.38,14,100.0,0.804,0.1516,0.8608,0.1603,0.3941,0.2651,0.6956,0.3759,-0.1228,C,0.2204,0.322-0.622,0.766,0.566,0.144
6340,384266,-28.94,13,53.8,1.0721,0.0372,0.8296,0.18,0.38,0.0024,0.1161,0.3358,-0.0979,C,0.2255,0.322-0.622,0.766,0.566,0.144
6341,384811,-146.25,545,100.0,0.5182,0.1966,0.4043,0.5607,0.9604,1.0593,0.811,0.3624,-0.5675,C,0.1974,0.322-0.622,0.767,0.567,0.145
6342,384929,41.32,118,100.0,0.504,0.1928,0.4614,0.511,0.9026,1.5413,0.7876,0.4486,-0.5072,C,0.2444,0.322-0.622,0.768,0.568,0.145
6343,384944,-17.72,15,26.7,1.1237,0.0222,0.8639,0.1507,0.3087,0.0005,0.0442,0.3426,-0.0578,C,0.2068,0.322-0.622,0.768,0.568,0.145
6344,384957,-22.17,13,100.0,0.8235,0.1025,0.8599,0.1689,0.3968,0.0993,0.4792,0.2754,-0.1094,C,0.222,0.322-0.622,0.768,0.568,0.145
6345,384972,-21.97,15,66.7,0.9568,0.0363,0.8013,0.1531,0.3952,0.013,0.1397,0.2899,-0.0579,C,0.2126,0.322-0.622,0.768,0.568,0.145
6346,384987,5.16,15,100.0,0.46,0.2275,0.7626,0.2287,0.4568,1.5351,0.8618,0.3253,-0.1589,C,0.1952,0.322-0.622,0.768,0.568,0.145
6347,385001,-16.17,14,57.1,0.9122,0.0546,0.8702,0.1245,0.3604,0.0267,0.155,0.3797,-0.0632,C,0.2219,0.322-0.622,0.768,0.568,0.145
6348,385014,-17.41,13,100.0,0.8744,0.1275,0.8474,0.1851,0.4432,0.0699,0.5958,0.3362,-0.1136,C,0.2286,0.322-0.622,0.768,0.568,0.145
6349,385031,-23.61,17,58.8,1.0611,0.0481,0.7848,0.2306,0.4768,0.0038,0.1462,0.3123,-0.1777,C,0.2357,0.322-0.622,0.768,0.568,0.145
6350,385046,-17.92,15,53.3,0.8929,0.0878,0.8873,0.1267,0.3412,0.0182,0.2242,0.3436,-0.0925,C,0.2066,0.322-0.622,0.768,0.568,0.145
6351,385061,-14.98,15,100.0,0.585,0.213,0.8029,0.2763,0.4128,0.9915,0.8814,0.4109,-0.2266,C,0.2391,0.322-0.622,0.768,0.568,0.145
6352,385089,13.74,28,92.9,0.3063,0.2435,0.6806,0.354,0.5802,2.3198,0.8045,0.362,-0.3426,C,0.1968,0.322-0.622,0.768,0.568,0.145
6353,385103,-14.85,14,100.0,0.7698,0.1639,0.7868,0.2546,0.4024,0.3882,0.7143,0.4656,-0.2303,C,0.2278,0.322-0.622,0.768,0.568,0.145
6354,385118,-26.87,15,93.3,0.7617,0.1447,0.8157,0.2926,0.4848,0.1969,0.6384,0.408,-0.2862,C,0.2357,0.322-0.622,0.768,0.568,0.145
6355,385132,-12.43,14,100.0,0.5978,0.2024,0.8219,0.1903,0.3955,0.9973,0.8759,0.3624,-0.1223,C,0.1953,0.322-0.622,0.768,0.568,0.145
6356,385147,-19.7,15,100.0,0.643,0.1884,0.7844,0.2651,0.4275,0.7349,0.802,0.4193,-0.2268,C,0.229,0.322-0.622,0.768,0.568,0.145
6357,385161,-12.46,14,92.9,0.9789,0.0615,0.7924,0.2172,0.4436,0.0239,0.2774,0.3737,-0.1446,C,0.2032,0.322-0.622,0.768,0.568,0.145
6358,385175,-25.41,14,57.1,1.024,0.0507,0.8545,0.1747,0.3133,0.0043,0.1513,0.4321,-0.1025,C,0.2484,0.322-0.622,0.768,0.568,0.145
6359,385188,-6.77,13,100.0,0.5031,0.2323,0.8151,0.1682,0.4112,1.4572,0.8968,0.4285,-0.1078,C,0.233,0.322-0.622,0.768,0.568,0.145
6360,385404,85.73,216,100.0,0.4073,0.1984,0.4841,0.5326,0.9114,1.8361,0.8411,0.3232,-0.5411,C,0.2199,0.322-0.622,0.769,0.569,0.145
6361,385417,-11.41,13,100.0,0.465,0.2411,0.8799,0.1657,0.4112,1.53,0.9429,0.2681,-0.1335,C,0.2221,0.322-0.622,0.769,0.569,0.145
6362,385430,-13.5,13,100.0,0.5394,0.238,0.8369,0.2729,0.4279,1.0421,0.9491,0.4085,-0.2915,C,0.2252,0.322-0.622,0.769,0.569,0.145
6363,385445,-20.45,15,53.3,0.9687,0.0051,0.7573,0.2174,0.4668,0.008,0.0665,0.3546,-0.1253,C,0.2306,0.322-0.622,0.769,0.569,0.145
6364,385459,-24.73,14,92.9,0.9127,0.0586,0.7637,0.2779,0.3905,0.0365,0.2884,0.427,-0.2008,C,0.2303,0.322-0.622,0.769,0.569,0.145
6365,385736,-127.8,277,98.6,0.6045,0.1546,0.4795,0.5164,0.9316,0.7635,0.6648,0.3487,-0.5062,C,0.2313,0.322-0.622,0.769,0.569,0.145
6366,385749,-13.25,13,100.0,0.6565,0.223,0.7614,0.1762,0.421,0.4132,0.95,0.436,-0.1142,C,0.2446,0.322-0.622,0.769,0.569,0.145
6367,385763,-6.17,14,100.0,0.5507,0.2367,0.8213,0.2601,0.4074,1.142,0.9079,0.3846,-0.2165,C,0.2366,0.322-0.622,0.769,0.569,0.145
6368,385790,11.51,27,96.3,0.5409,0.2205,0.7925,0.229,0.5984,0.9793,0.8,0.3572,-0.177,C,0.2327,0.322-0.622,0.77,0.57,0.145
6369,385805,-16.29,15,100.0,0.5579,0.2211,0.7902,0.2552,0.4002,1.1418,0.9163,0.3615,-0.1613,C,0.2093,0.322-0.622,0.77,0.57,0.145
6370,385819,-9.17,14,100.0,0.6108,0.2392,0.7872,0.2077,0.445,0.6708,0.9417,0.4276,-0.1172,C,0.2281,0.322-0.622,0.77,0.57,0.145
6371,385832,-32.9,13,0.0,0.0,0.0,0.889,0.0873,0.3887,0.0,0.0,0.3394,-0.0272,C,0.2198,0.322-0.622,0.77,0.57,0.145
6372,385846,-20.26,14,71.4,0.8538,0.1434,0.9224,0.0869,0.255,0.057,0.4831,0.3105,-0.0346,C,0.2449,0.322-0.622,0.77,0.57,0.145
6373,385860,-25.48,14,57.1,1.1216,0.0314,0.8747,0.2253,0.3304,0.0019,0.1108,0.3537,-0.2452,C,0.1985,0.322-0.622,0.77,0.57,0.145
6374,386146,-154.47,286,98.6,0.4508,0.1629,0.4174,0.6088,0.9503,1.4187,0.6201,0.4119,-0.6528,C,0.2338,0.322-0.622,0.77,0.57,0.145
6375,386160,-31.21,14,0.0,0.0,0.0,0.9593,0.0431,0.2864,0.0,0.0,0.3738,-0.0064,C,0.1979,0.322-0.622,0.77,0.57,0.145
6376,386174,-14.52,14,100.0,0.8316,0.1221,0.8048,0.2676,0.4388,0.1132,0.5686,0.4314,-0.208,C,0.2029,0.322-0.622,0.77,0.57,0.145
6377,386187,-23.92,13,61.5,1.1584,0.033,0.8845,0.1412,0.3838,0.0009,0.1211,0.3584,-0.0845,C,0.2305,0.322-0.622,0.77,0.57,0.145
6378,386201,-19.54,14,57.1,0.8961,0.0481,0.8348,0.1537,0.4231,0.028,0.1409,0.3238,-0.1071,C,0.2217,0.322-0.622,0.77,0.57,0.145
6379,386230,-10.08,29,93.1,0.6401,0.1871,0.5461,0.4176,0.6525,0.4508,0.7673,0.457,-0.3221,C,0.2197,0.322-0.622,0.77,0.57,0.145
6380,386272,47.91,42,95.2,0.3488,0.2401,0.6553,0.3792,0.7648,2.2284,0.8866,0.3759,-0.3638,C,0.2262,0.322-0.622,0.771,0.571,0.145
6381,386286,-30.49,14,0.0,0.0,0.0,0.917,0.0796,0.3031,0.0,0.0,0.4479,-0.0272,C,0.24,0.322-0.622,0.771,0.571,0.145
6382,386309,-20.25,23,91.3,0.7092,0.1846,0.6638,0.3765,0.4831,0.5238,0.7155,0.4275,-0.3292,C,0.242,0.322-0.622,0.771,0.571,0.145
6383,386323,-0.93,14,100.0,0.5391,0.237,0.8107,0.16,0.4087,0.9899,0.9584,0.4291,-0.0718,C,0.2062,0.322-0.622,0.771,0.571,0.145
6384,386337,-2.05,14,100.0,0.6073,0.2353,0.8123,0.2044,0.4398,0.7357,0.945,0.4361,-0.1298,C,0.2473,0.322-0.622,0.771,0.571,0.145
6385,386351,-13.9,14,100.0,0.6918,0.2008,0.8284,0.1879,0.4142,0.5739,0.8223,0.4439,-0.1371,C,0.24,0.322-0.622,0.771,0.571,0.145
6386,386365,-28.68,14,7.1,1.002,0.0049,0.8337,0.195,0.4152,0.0007,0.0089,0.4489,-0.1334,C,0.2194,0.322-0.622,0.771,0.571,0.145
6387,386379,-11.2,14,100.0,0.7286,0.181,0.8711,0.1134,0.3704,0.6785,0.757,0.4893,-0.0596,C,0.2004,0.322-0.622,0.771,0.571,0.145
6388,386394,-7.86,15,86.7,0.7665,0.1479,0.8402,0.1684,0.3304,0.2089,0.5668,0.3102,-0.0769,C,0.241,0.322-0.622,0.771,0.571,0.145
6389,386410,-6.33,16,87.5,0.6767,0.1904,0.8193,0.217,0.3493,0.5225,0.7236,0.4164,-0.1339,C,0.2266,0.322-0.622,0.771,0.571,0.145
6390,386425,-13.96,15,86.7,0.6978,0.1659,0.8366,0.2185,0.403,0.3179,0.6623,0.4733,-0.1624,C,0.2205,0.322-0.622,0.771,0.571,0.145
6391,386439,-19.99,14,100.0,0.7604,0.1334,0.7999,0.2104,0.3961,0.2501,0.5962,0.307,-0.098,C,0.2461,0.322-0.622,0.771,0.571,0.145
6392,386452,-2.22,13,100.0,0.6628,0.1762,0.8424,0.154,0.3966,0.4143,0.8084,0.3487,-0.0891,C,0.2127,0.322-0.622,0.771,0.571,0.145
6393,386468,-20.19,16,100.0,0.7465,0.1735,0.7703,0.2878,0.4218,0.3201,0.7854,0.4536,-0.222,C,0.202,0.322-0.622,0.771,0.571,0.145
6394,386483,-11.35,15,93.3,0.6021,0.2098,0.8393,0.2294,0.3858,0.7113,0.8195,0.3714,-0.2019,C,0.2397,0.322-0.622,0.771,0.571,0.145
6395,386580,124.59,97,94.8,0.3314,0.2234,0.5202,0.4184,0.8173,2.1453,0.8477,0.3081,-0.3692,C,0.2367,0.322-0.622,0.771,0.571,0.145
6396,386623,41.83,43,88.4,0.2803,0.256,0.5732,0.4233,0.721,2.3432,0.7828,0.3397,-0.4148,C,0.2269,0.322-0.622,0.771,0.571,0.145
6397,386668,16.66,45,97.8,0.4537,0.2351,0.5198,0.4218,0.764,1.5038,0.8315,0.4197,-0.3651,C,0.2158,0.322-0.622,0.771,0.571,0.145
6398,386681,-11.92,13,100.0,0.9101,0.0904,0.8019,0.2446,0.4667,0.0423,0.4163,0.3803,-0.1879,C,0.233,0.322-0.622,0.771,0.571,0.145
6399,386695,-18.35,14,100.0,0.7527,0.1569,0.8111,0.2353,0.3999,0.2442,0.7392,0.3634,-0.1709,C,0.2455,0.322-0.622,0.771,0.571,0.145
6400,386709,-5.4,14,100.0,0.6328,0.2115,0.8158,0.219,0.397,0.6989,0.9192,0.4169,-0.1599,C,0.23,0.322-0.622,0.772,0.572,0.145
6401,386722,-6.4,13,100.0,0.9333,0.0521,0.8332,0.1312,0.4259,0.0363,0.2612,0.3002,-0.0625,C,0.2337,0.322-0.622,0.772,0.572,0.145
6402,386747,-4.52,25,96.0,0.5781,0.238,0.6339,0.3459,0.5757,0.7577,0.8417,0.3878,-0.2896,C,0.21,0.322-0.622,0.772,0.572,0.145
6403,386761,-26.93,14,100.0,0.6767,0.1673,0.8514,0.293,0.4236,0.5647,0.7115,0.3746,-0.3055,C,0.2283,0.322-0.622,0.772,0.572,0.145
6404,386853,105.64,92,97.8,0.3406,0.1871,0.4846,0.4617,0.863,2.1459,0.7426,0.4281,-0.4257,C,0.2361,0.322-0.622,0.772,0.572,0.145
6405,386866,-10.84,13,100.0,0.816,0.148,0.8457,0.1776,0.4424,0.2954,0.6665,0.381,-0.1188,C,0.2037,0.322-0.622,0.772,0.572,0.145
6406,386898,-53.4,32,93.8,0.8435,0.1012,0.6296,0.4308,0.7269,0.068,0.4391,0.2683,-0.4288,C,0.2498,0.322-0.622,0.772,0.572,0.145
6407,386912,-6.42,14,100.0,0.7745,0.136,0.8424,0.1792,0.4162,0.7214,0.62,0.4431,-0.1141,C,0.1956,0.322-0.622,0.772,0.572,0.145
6408,386928,-19.66,16,62.5,0.8612,0.1004,0.8272,0.1889,0.3739,0.0393,0.304,0.3692,-0.1484,C,0.2023,0.322-0.622,0.772,0.572,0.145
6409,386942,-5.84,14,100.0,0.7288,0.1704,0.7585,0.2146,0.4176,0.3472,0.7508,0.4232,-0.1227,C,0.1996,0.322-0.622,0.772,0.572,0.145
6410,386957,-2.36,15,93.3,0.687,0.1944,0.8503,0.1593,0.3494,0.7247,0.7555,0.42,-0.0878,C,0.2485,0.322-0.622,0.772,0.572,0.145
6411,386971,-17.7,14,85.7,0.8928,0.0797,0.802,0.1708,0.4079,0.0473,0.3199,0.3435,-0.0681,C,0.2354,0.322-0.622,0.772,0.572,0.145
6412,386986,-19.12,15,73.3,0.8284,0.1066,0.8189,0.226,0.3654,0.0538,0.37,0.4498,-0.1613,C,0.2017,0.322-0.622,0.772,0.572,0.145
6413,387001,-14.66,15,86.7,0.7612,0.1661,0.837,0.1628,0.3294,0.3261,0.619,0.3776,-0.0607,C,0.212,0.322-0.622,0.772,0.572,0.145
6414,387016,-16.26,15,100.0,0.8407,0.1507,0.7923,0.2162,0.427,0.1405,0.6931,0.3037,-0.1311,C,0.2324,0.322-0.622,0.772,0.572,0.145
6415,387030,-10.56,14,100.0,0.585,0.1975,0.821,0.1913,0.417,1.0171,0.8759,0.4,-0.1169,C,0.2334,0.322-0.622,0.772,0.572,0.145
6416,387045,-16.41,15,100.0,0.7468,0.1716,0.7664,0.259,0.4776,0.289,0.761,0.388,-0.1585,C,0.2367,0.322-0.622,0.772,0.572,0.145
6417,387058,-13.63,13,69.2,0.958,0.0994,0.8992,0.114,0.4135,0.0123,0.326,0.234,-0.0761,C,0.197,0.322-0.622,0.772,0.572,0.145
6418,387072,-14.82,14,100.0,0.7562,0.1424,0.7959,0.2587,0.4486,0.6923,0.6292,0.3725,-0.1835,C,0.1989,0.322-0.622,0.772,0.572,0.145
6419,387086,-23.85,14,35.7,1.002,0.0039,0.8748,0.1191,0.3973,0.0037,0.0436,0.336,-0.0646,C,0.215,0.322-0.622,0.772,0.572,0.145
6420,387356,83.48,270,99.3,0.4953,0.2321,0.4475,0.5067,0.9356,1.254,0.9367,0.3561,-0.5014,C,0.2039,0.322-0.622,0.773,0.573,0.145
6421,387370,-15.57,14,92.9,0.5429,0.2188,0.8288,0.2084,0.3894,0.9224,0.7955,0.3089,-0.1845,C,0.2354,0.322-0.622,0.773,0.573,0.145
6422,387383,-14.9,13,100.0,0.6797,0.2046,0.853,0.1322,0.428,0.3716,0.8998,0.3286,-0.0608,C,0.2193,0.322-0.622,0.773,0.573,0.145
6423,387397,-27.13,14,42.9,1.0185,0.0495,0.9209,0.137,0.2826,0.0035,0.1124,0.4312,-0.0907,C,0.2049,0.322-0.622,0.773,0.573,0.145
6424,387429,33.76,32,90.6,0.3875,0.2336,0.6551,0.2927,0.6963,1.7744,0.7347,0.3491,-0.2146,C,0.2154,0.322-0.622,0.773,0.573,0.146
6425,387444,-17.39,15,93.3,0.5985,0.2006,0.8341,0.199,0.3277,0.9542,0.8271,0.2844,-0.1326,C,0.2003,0.322-0.622,0.773,0.573,0.146
6426,387644,196.26,200,99.5,0.3386,0.2147,0.5055,0.492,0.928,2.0559,0.8876,0.4127,-0.5031,C,0.2113,0.322-0.622,0.774,0.574,0.146
6427,387657,-15.58,13,100.0,0.8149,0.1485,0.7831,0.2738,0.4326,0.2513,0.6806,0.4717,-0.262,C,0.2259,0.322-0.622,0.774,0.574,0.146
6428,387683,0.37,26,80.8,0.5674,0.2316,0.6618,0.3131,0.5069,0.8394,0.7033,0.4471,-0.2316,C,0.228,0.322-0.622,0.774,0.574,0.146
6429,387696,-17.06,13,100.0,0.9554,0.0999,0.8905,0.1604,0.4093,0.0731,0.4878,0.3428,-0.1123,C,0.1958,0.322-0.622,0.774,0.574,0.146
6430,387710,-30.9,14,0.0,0.0,0.0,0.9279,0.0989,0.2532,0.0,0.0,0.4558,-0.0451,C,0.2206,0.322-0.622,0.774,0.574,0.146
6431,387729,-23.12,19,84.2,0.953,0.1061,0.8425,0.1978,0.4236,0.2779,0.417,0.3736,-0.1845,C,0.2281,0.322-0.622,0.774,0.574,0.146
6432,387776,11.29,47,91.5,0.3361,0.1741,0.6411,0.3441,0.6335,2.1094,0.5966,0.2246,-0.294,C,0.2363,0.322-0.622,0.774,0.574,0.146
6433,387790,-2.6,14,92.9,0.8411,0.1222,0.8508,0.1275,0.4394,0.0917,0.5335,0.3762,-0.0493,C,0.2466,0.322-0.622,0.774,0.574,0.146
6434,387803,-23.3,13,30.8,1.0158,0.0105,0.8353,0.1618,0.3728,0.0025,0.0421,0.3006,-0.138,C,0.2193,0.322-0.622,0.774,0.574,0.146
6435,387821,7.71,18,88.9,0.4897,0.2327,0.7127,0.2795,0.4497,1.4261,0.7776,0.4327,-0.1688,C,0.2139,0.322-0.622,0.774,0.574,0.146
6436,387835,-9.26,14,100.0,0.5136,0.2254,0.7867,0.2017,0.4355,1.1615,0.96,0.3562,-0.1514,C,0.2112,0.322-0.622,0.774,0.574,0.146
6437,387848,-12.69,13,100.0,0.5733,0.2301,0.8398,0.2146,0.4002,0.7689,0.9281,0.449,-0.1795,C,0.2149,0.322-0.622,0.774,0.574,0.146
6438,387863,-33.06,15,0.0,0.0,0.0,0.8967,0.1276,0.2794,0.0,0.0,0.3781,-0.0429,C,0.2346,0.322-0.622,0.774,0.574,0.146
6439,387879,3.2,16,93.8,0.6193,0.2211,0.772,0.1712,0.4297,0.8789,0.8113,0.4567,-0.103,C,0.2231,0.322-0.622,0.774,0.574,0.146
6440,387894,1.04,15,80.0,0.6012,0.1946,0.8949,0.1049,0.2864,0.8132,0.6779,0.444,-0.0282,C,0.2117,0.322-0.622,0.774,0.574,0.146
6441,387907,-24.87,13,100.0,0.6786,0.1692,0.855,0.2405,0.3966,0.3902,0.7614,0.4749,-0.2337,C,0.1985,0.322-0.622,0.774,0.574,0.146
6442,387920,-4.28,13,100.0,0.5606,0.2062,0.8902,0.1473,0.4177,1.0918,0.8631,0.3756,-0.1136,C,0.21,0.322-0.622,0.774,0.574,0.146
6443,387934,-16.29,14,92.9,0.7362,0.1741,0.8994,0.1204,0.3314,0.5349,0.6818,0.377,-0.0575,C,0.237,0.322-0.622,0.774,0.574,0.146
6444,387950,-18.06,16,93.8,0.9733,0.0627,0.7736,0.2206,0.5037,0.0203,0.2955,0.3344,-0.1565,C,0.2071,0.322-0.622,0.774,0.574,0.146
6445,387963,-5.98,13,100.0,0.8012,0.1629,0.8695,0.1324,0.4548,0.1255,0.7623,0.283,-0.0739,C,0.2016,0.322-0.622,0.774,0.574,0.146
6446,387977,-8.13,14,92.9,0.7229,0.1505,0.7755,0.2081,0.4516,0.1965,0.6311,0.3707,-0.1268,C,0.2051,0.322-0.622,0.774,0.574,0.146
6447,388230,-42.81,253,99.6,0.5048,0.1558,0.4271,0.5265,0.9185,1.123,0.7123,0.3828,-0.5189,C,0.2442,0.322-0.622,0.775,0.575,0.146
6448,388244,-21.75,14,92.9,0.711,0.1572,0.9101,0.1635,0.3624,0.3018,0.681,0.458,-0.1966,C,0.223,0.322-0.622,0.775,0.575,0.146
6449,388257,-36.51,13,0.0,0.0,0.0,0.8294,0.1609,0.4213,0.0,0.0,0.2675,-0.1124,C,0.222,0.322-0.622,0.775,0.575,0.146
6450,388270,-23.37,13,0.0,0.0,0.0,0.8358,0.1704,0.3909,0.0,0.0,0.4002,-0.1009,C,0.2305,0.322-0.622,0.775,0.575,0.146
6451,388284,-21.0,14,85.7,0.6,0.2096,0.8516,0.212,0.3421,0.7494,0.7137,0.3065,-0.1839,C,0.2043,0.322-0.622,0.775,0.575,0.146
6452,388380,38.34,96,99.0,0.5454,0.189,0.4675,0.402,0.8823,0.855,0.8409,0.3748,-0.3419,C,0.1967,0.322-0.622,0.775,0.575,0.146
6453,388393,-29.52,13,53.8,1.052,0.0695,0.8313,0.163,0.3659,0.0034,0.1784,0.3331,-0.1116,C,0.2456,0.322-0.622,0.775,0.575,0.146
6454,388408,-3.58,15,100.0,0.714,0.1566,0.7923,0.1979,0.3993,0.3904,0.7161,0.417,-0.1023,C,0.2224,0.322-0.622,0.775,0.575,0.146
6455,388422,-13.44,14,100.0,0.9223,0.0805,0.8006,0.1568,0.4287,0.0618,0.387,0.4652,-0.0782,C,0.2007,0.322-0.622,0.775,0.575,0.146
6456,388437,-18.19,15,40.0,1.0922,0.0386,0.8789,0.1289,0.3218,0.0014,0.0875,0.2665,-0.0647,C,0.2107,0.322-0.622,0.775,0.575,0.146
6457,388450,-9.42,13,100.0,0.4917,0.2335,0.8908,0.111,0.4076,1.2737,0.9566,0.4067,-0.0541,C,0.2136,0.322-0.622,0.775,0.575,0.146
6458,388463,-4.68,13,100.0,0.5638,0.2216,0.8425,0.1679,0.4125,1.0205,0.9307,0.4277,-0.1322,C,0.2452,0.322-0.622,0.775,0.575,0.146
6459,388651,59.74,188,98.9,0.4126,0.2224,0.5309,0.5254,0.8693,1.8531,0.8729,0.255,-0.5366,C,0.2372,0.322-0.622,0.776,0.576,0.146
6460,388665,-11.49,14,50.0,0.9473,0.0689,0.9258,0.0783,0.2981,0.0098,0.1733,0.373,-0.0245,C,0.1995,0.322-0.622,0.776,0.576,0.146
6461,388679,-16.37,14,92.9,0.7773,0.131,0.8633,0.2162,0.3773,0.1696,0.5768,0.3759,-0.2031,C,0.2465,0.322-0.622,0.776,0.576,0.146
6462,388693,-6.99,14,100.0,0.6746,0.1822,0.8873,0.1392,0.4347,0.5173,0.8157,0.3145,-0.1286,C,0.2388,0.322-0.622,0.776,0.576,0.146
6463,388707,-11.24,14,100.0,0.8145,0.1401,0.9141,0.156,0.3321,0.6305,0.629,0.3922,-0.1713,C,0.2002,0.322-0.622,0.776,0.576,0.146
6464,388721,-7.22,14,64.3,0.781,0.1316,0.9136,0.0843,0.3239,0.137,0.3865,0.4832,-0.0232,C,0.2312,0.322-0.622,0.776,0.576,0.146
6465,388735,-18.71,14,78.6,1.0041,0.015,0.797,0.2655,0.4249,0.0104,0.1156,0.3509,-0.1985,C,0.2121,0.322-0.622,0.776,0.576,0.146
6466,388757,-6.59,22,90.9,0.743,0.1652,0.7339,0.1647,0.5379,0.3113,0.6683,0.2965,-0.075,C,0.2204,0.322-0.622,0.776,0.576,0.146
6467,388771,-25.34,14,21.4,1.0675,0.0046,0.8642,0.1172,0.3623,0.0009,0.0265,0.2791,-0.052,C,0.2294,0.322-0.622,0.776,0.576,0.146
6468,388784,-33.48,13,92.3,0.889,0.08,0.8947,0.2499,0.4282,0.0624,0.3474,0.3157,-0.3049,C,0.2174,0.322-0.622,0.776,0.576,0.146
6469,388797,-14.99,13,69.2,0.9511,0.1005,0.8678,0.1884,0.3594,0.0154,0.3287,0.4258,-0.1724,C,0.2014,0.322-0.622,0.776,0.576,0.146
6470,388811,-5.18,14,100.0,0.7164,0.1708,0.8233,0.1879,0.4432,0.3906,0.7494,0.3666,-0.1047,C,0.2262,0.322-0.622,0.776,0.576,0.146
6471,388826,-11.86,15,100.0,0.8602,0.1236,0.8362,0.1534,0.4285,0.1017,0.5873,0.2819,-0.077,C,0.2177,0.322-0.622,0.776,0.576,0.146
6472,388840,-2.4,14,92.9,0.6679,0.1806,0.9129,0.11,0.2997,0.6693,0.7268,0.3571,-0.0474,C,0.2263,0.322-0.622,0.776,0.576,0.146
6473,388856,-15.68,16,93.8,0.7403,0.1709,0.7882,0.2606,0.4025,0.5459,0.7132,0.3233,-0.2307,C,0.2156,0.322-0.622,0.776,0.576,0.146
6474,388870,-16.68,14,100.0,0.8056,0.1622,0.7986,0.2046,0.4242,0.1467,0.751,0.3672,-0.1402,C,0.2356,0.322-0.622,0.776,0.576,0.146
6475,388883,5.87,13,100.0,0.5192,0.2267,0.88,0.1288,0.4259,1.2441,0.9056,0.3167,-0.0434,C,0.2053,0.322-0.622,0.776,0.576,0.146
6476,389197,-123.01,314,99.0,0.4442,0.1706,0.4204,0.5902,0.9529,1.4884,0.7815,0.3933,-0.6352,C,0.2335,0.322-0.622,0.777,0.577,0.146
6477,389210,-15.9,13,92.3,0.6105,0.1997,0.8316,0.2218,0.4002,0.6428,0.7994,0.3467,-0.1669,C,0.2472,0.322-0.622,0.777,0.577,0.146
6478,389224,-17.38,14,100.0,0.6856,0.1764,0.811,0.1648,0.3953,0.4902,0.7807,0.4586,-0.0807,C,0.2011,0.322-0.622,0.777,0.577,0.146
6479,389243,-8.42,19,78.9,0.6777,0.2033,0.7835,0.2284,0.5249,0.2343,0.7056,0.3628,-0.1496,C,0.2053,0.322-0.622,0.777,0.577,0.146
6480,389257,-2.78,14,85.7,0.6218,0.1939,0.8774,0.123,0.3821,0.59,0.729,0.4333,-0.0719,C,0.2285,0.322-0.622,0.777,0.577,0.146
6481,389271,-32.56,14,0.0,0.0,0.0,0.8053,0.1943,0.4353,0.0,0.0,0.31,-0.1163,C,0.1989,0.322-0.622,0.777,0.577,0.146
6482,389285,-15.66,14,85.7,0.6576,0.1784,0.8653,0.2224,0.372,0.3574,0.6899,0.4127,-0.2417,C,0.2069,0.322-0.622,0.777,0.577,0.146
6483,389299,-6.55,14,100.0,0.6947,0.2101,0.8436,0.1952,0.4169,0.4818,0.8481,0.3692,-0.1553,C,0.1974,0.322-0.622,0.777,0.577,0.146
6484,389312,-15.4,13,100.0,0.6808,0.1701,0.8103,0.2603,0.4391,0.6769,0.7231,0.3698,-0.2482,C,0.2475,0.322-0.622,0.777,0.577,0.146
6485,389326,-17.42,14,100.0,0.6109,0.2129,0.8785,0.1739,0.3716,0.9401,0.9136,0.3689,-0.1487,C,0.2303,0.322-0.622,0.777,0.577,0.146
6486,389340,-20.85,14,0.0,0.0,0.0,0.9037,0.1302,0.2822,0.0,0.0,0.4031,-0.0629,C,0.2149,0.322-0.622,0.777,0.577,0.146
6487,389559,92.06,219,99.1,0.373,0.1638,0.4031,0.5644,0.9563,2.0374,0.7592,0.3851,-0.5778,C,0.2171,0.322-0.622,0.778,0.578,0.146
6488,389573,-11.32,14,100.0,0.7794,0.1482,0.7847,0.1794,0.4212,0.1932,0.6921,0.372,-0.0974,C,0.2352,0.322-0.622,0.778,0.578,0.146
6489,389588,-4.98,15,86.7,0.6864,0.1867,0.8313,0.1824,0.337,0.5812,0.7076,0.3989,-0.1124,C,0.2438,0.322-0.622,0.778,0.578,0.146
6490,389602,-29.07,14,0.0,0.0,0.0,0.8796,0.1884,0.3308,0.0,0.0,0.3446,-0.1727,C,0.2472,0.322-0.622,0.778,0.578,0.146
6491,389731,-31.8,129,97.7,0.4469,0.1724,0.4576,0.5306,0.9119,1.3739,0.7668,0.295,-0.5289,C,0.2426,0.322-0.622,0.778,0.578,0.146
6492,389745,-7.43,14,100.0,0.609,0.2072,0.8314,0.1987,0.4119,0.9945,0.8478,0.3614,-0.1321,C,0.2151,0.322-0.622,0.778,0.578,0.146
6493,390002,32.59,257,98.4,0.3894,0.1363,0.4337,0.5407,0.9343,1.9853,0.6112,0.3113,-0.5399,C,0.2111,0.322-0.622,0.779,0.579,0.146
6494,390016,-17.21,14,100.0,0.9087,0.1046,0.84,0.1574,0.412,0.0939,0.496,0.289,-0.0962,C,0.1998,0.322-0.622,0.779,0.579,0.146
6495,390030,-8.52,14,100.0,0.6328,0.1955,0.793,0.2673,0.4134,0.9396,0.8435,0.4702,-0.1926,C,0.2058,0.322-0.622,0.779,0.579,0.146
6496,390044,-1.8,14,100.0,0.5523,0.2199,0.8308,0.1919,0.379,1.2799,0.8473,0.4087,-0.1662,C,0.1974,0.322-0.622,0.779,0.579,0.146
6497,390059,-6.12,15,86.7,0.7377,0.1532,0.8307,0.1741,0.3394,0.2401,0.5918,0.4261,-0.1018,C,0.2319,0.322-0.622,0.779,0.579,0.146
6498,390075,-22.16,16,81.2,0.8868,0.0772,0.7895,0.192,0.4067,0.0354,0.3181,0.4128,-0.0981,C,0.2452,0.322-0.622,0.779,0.579,0.146
6499,390089,-16.12,14,92.9,0.8681,0.1069,0.8297,0.18,0.3657,0.079,0.4726,0.4043,-0.1099,C,0.2188,0.322-0.622,0.779,0.579,0.146
6500,390106,-10.21,17,88.2,0.8412,0.1027,0.8224,0.1569,0.4124,0.1073,0.427,0.3887,-0.0888,C,0.2029,0.322-0.622,0.779,0.579,0.146
6501,390124,-18.45,18,100.0,0.7043,0.1971,0.7224,0.3338,0.5197,0.5141,0.8315,0.3719,-0.3343,C,0.2068,0.322-0.622,0.779,0.579,0.146
6502,390304,58.06,180,97.8,0.5665,0.1857,0.4353,0.4355,0.8807,0.9778,0.8035,0.2622,-0.3697,C,0.2054,0.322-0.622,0.779,0.579,0.147
6503,390317,-7.36,13,100.0,0.5492,0.2412,0.8669,0.1116,0.4264,0.9314,0.9176,0.2791,-0.0293,C,0.2142,0.322-0.622,0.779,0.579,0.147
6504,390332,-14.3,15,100.0,0.5817,0.2126,0.7802,0.2576,0.4334,1.0306,0.8857,0.3932,-0.1749,C,0.2079,0.322-0.622,0.779,0.579,0.147
6505,390346,-6.14,14,100.0,0.5695,0.2114,0.8463,0.1486,0.3703,0.9771,0.915,0.3133,-0.0578,C,0.2008,0.322-0.622,0.779,0.579,0.147
6506,390369,-47.79,23,0.0,0.0,0.0,0.7767,0.2692,0.5039,0.0,0.0,0.4151,-0.2503,C,0.2353,0.322-0.622,0.779,0.579,0.147
6507,390383,-5.16,14,100.0,0.5046,0.2213,0.8074,0.2376,0.397,1.2517,0.9152,0.4377,-0.2042,C,0.2022,0.322-0.622,0.779,0.579,0.147
6508,390427,-18.15,44,93.2,0.6932,0.1918,0.5601,0.391,0.707,0.2607,0.8029,0.396,-0.3241,C,0.2351,0.322-0.622,0.779,0.579,0.147
6509,390441,-32.34,14,0.0,0.0,0.0,0.9369,0.072,0.292,0.0,0.0,0.3361,-0.0193,C,0.2219,0.322-0.622,0.78,0.58,0.147
6510,390454,-14.57,13,100.0,1.0626,0.0435,0.8473,0.1384,0.4448,0.0105,0.2311,0.4254,-0.0712,C,0.2008,0.322-0.622,0.78,0.58,0.147
6511,390467,-5.36,13,100.0,0.6096,0.2071,0.8021,0.2083,0.4428,0.8155,0.8841,0.4246,-0.1267,C,0.2212,0.322-0.622,0.78,0.58,0.147
6512,390576,22.39,109,98.2,0.5135,0.2178,0.5814,0.4296,0.8584,1.189,0.7889,0.3274,-0.414,C,0.2006,0.322-0.622,0.78,0.58,0.147
6513,390622,7.11,46,89.1,0.4753,0.2081,0.6296,0.3271,0.7841,1.0608,0.6487,0.2867,-0.2712,C,0.2329,0.322-0.622,0.78,0.58,0.147
6514,390635,-26.11,13,23.1,1.3091,0.0052,0.8448,0.1743,0.4249,0.0,0.0288,0.4181,-0.0916,C,0.1981,0.322-0.622,0.78,0.58,0.147
6515,390648,-13.39,13,100.0,0.8265,0.1333,0.8489,0.1973,0.4212,0.2387,0.6178,0.3187,-0.1973,C,0.2181,0.322-0.622,0.78,0.58,0.147
6516,390666,-25.18,18,66.7,0.9501,0.0911,0.8232,0.1862,0.3856,0.0133,0.2853,0.3508,-0.1351,C,0.1979,0.322-0.622,0.78,0.58,0.147
6517,390680,-16.41,14,100.0,0.6021,0.2001,0.7833,0.2604,0.4681,0.9526,0.7879,0.3568,-0.196,C,0.2416,0.322-0.622,0.78,0.58,0.147
6518,390694,-5.25,14,100.0,0.6007,0.2073,0.8093,0.1571,0.3969,0.9651,0.8766,0.4281,-0.0871,C,0.2183,0.322-0.622,0.78,0.58,0.147
6519,390707,-17.78,13,100.0,0.7029,0.185,0.8417,0.1848,0.4374,0.3879,0.8177,0.3846,-0.1525,C,0.2244,0.322-0.622,0.78,0.58,0.147
6520,390721,-11.78,14,92.9,0.7807,0.1537,0.8774,0.1124,0.354,0.2871,0.6193,0.3709,-0.0331,C,0.2141,0.322-0.622,0.78,0.58,0.147
6521,390735,-20.71,14,0.0,0.0,0.0,0.9327,0.0745,0.3246,0.0,0.0,0.4618,-0.0362,C,0.197,0.322-0.622,0.78,0.58,0.147
6522,390802,66.32,67,97.0,0.2983,0.2522,0.5478,0.5091,0.8109,2.5,0.9124,0.4578,-0.527,C,0.2263,0.322-0.622,0.78,0.58,0.147
6523,390818,-12.53,16,87.5,0.6952,0.1812,0.8407,0.1362,0.3186,0.6933,0.7052,0.3163,-0.0632,C,0.2043,0.322-0.622,0.78,0.58,0.147
6524,390834,0.1,16,93.8,0.5139,0.231,0.7477,0.1965,0.4333,1.3371,0.8124,0.4289,-0.0955,C,0.2382,0.322-0.622,0.78,0.58,0.147
6525,390857,2.88,23,91.3,0.6174,0.1911,0.6948,0.2493,0.5685,0.6753,0.7225,0.3588,-0.1724,C,0.2161,0.322-0.622,0.78,0.58,0.147
6526,390873,-4.19,16,100.0,0.7586,0.1786,0.8096,0.2049,0.4394,0.3482,0.7863,0.3654,-0.102,C,0.2372,0.322-0.622,0.78,0.58,0.147
6527,390887,-16.06,14,100.0,0.791,0.1508,0.8444,0.1878,0.4312,0.1832,0.7021,0.3931,-0.1201,C,0.2229,0.322-0.622,0.78,0.58,0.147
6528,390902,-8.38,15,100.0,0.6725,0.2073,0.7423,0.2075,0.4419,0.6271,0.8207,0.434,-0.1142,C,0.2034,0.322-0.622,0.78,0.58,0.147
6529,390916,-2.35,14,85.7,0.7603,0.1428,0.9275,0.0891,0.3127,0.1638,0.5467,0.4675,-0.0291,C,0.2352,0.322-0.622,0.781,0.581,0.147
6530,390931,-17.8,15,86.7,0.9605,0.066,0.8612,0.1735,0.394,0.0171,0.2913,0.4088,-0.1427,C,0.2052,0.322-0.622,0.781,0.581,0.147
6531,390944,-6.51,13,92.3,0.7373,0.1475,0.8626,0.1311,0.3762,0.2194,0.6131,0.3865,-0.051,C,0.2086,0.322-0.622,0.781,0.581,0.147
6532,390957,-22.5,13,30.8,1.2346,0.0081,0.9063,0.1309,0.404,0.0002,0.0404,0.329,-0.0891,C,0.2273,0.322-0.622,0.781,0.581,0.147
6533,391014,-23.28,57,71.9,0.5453,0.1815,0.5998,0.3543,0.7692,0.5519,0.4913,0.2472,-0.2804,C,0.223,0.322-0.622,0.781,0.581,0.147
6534,391029,-21.82,15,93.3,0.7811,0.1196,0.8228,0.1823,0.3679,0.1676,0.5109,0.4271,-0.122,C,0.2486,0.322-0.622,0.781,0.581,0.147
6535,391047,9.14,18,94.4,0.5182,0.2393,0.7338,0.2215,0.5378,1.1586,0.8577,0.323,-0.1333,C,0.2056,0.322-0.622,0.781,0.581,0.147
6536,391061,-22.43,14,78.6,0.8556,0.0927,0.9204,0.1052,0.2964,0.0426,0.3499,0.4228,-0.0785,C,0.233,0.322-0.622,0.781,0.581,0.147
6537,391090,-27.06,29,100.0,0.8834,0.122,0.6299,0.3752,0.6549,0.0706,0.5662,0.3773,-0.3192,C,0.2249,0.322-0.622,0.781,0.581,0.147
6538,391105,-5.92,15,100.0,0.7809,0.1745,0.804,0.2199,0.4365,0.2476,0.7651,0.365,-0.1318,C,0.2294,0.322-0.622,0.781,0.581,0.147
6539,391124,-10.8,19,89.5,0.4882,0.2212,0.7334,0.3279,0.4578,1.3092,0.8067,0.3838,-0.2925,C,0.2001,0.322-0.622,0.781,0.581,0.147
6540,391139,-5.37,15,100.0,0.521,0.2282,0.7566,0.2751,0.4327,1.2456,0.9104,0.4504,-0.1777,C,0.2035,0.322-0.622,0.781,0.581,0.147
6541,391152,-24.61,13,100.0,0.8275,0.1276,0.8531,0.202,0.4315,0.117,0.5955,0.2949,-0.1614,C,0.2272,0.322-0.622,0.781,0.581,0.147
6542,391166,-16.55,14,100.0,0.6847,0.1845,0.8213,0.2187,0.4404,0.8149,0.7751,0.3769,-0.1574,C,0.2277,0.322-0.622,0.781,0.581,0.147
6543,391195,-8.61,29,100.0,0.5992,0.2289,0.7799,0.2828,0.5707,0.65,0.9164,0.3753,-0.2654,C,0.2427,0.322-0.622,0.781,0.581,0.147
6544,391210,-18.91,15,53.3,0.866,0.1053,0.8818,0.1283,0.3686,0.0356,0.2704,0.407,-0.0737,C,0.2493,0.322-0.622,0.781,0.581,0.147
6545,391225,-27.89,15,93.3,0.9612,0.0588,0.7613,0.257,0.4281,0.0344,0.2769,0.4425,-0.1599,C,0.2245,0.322-0.622,0.781,0.581,0.147
6546,391241,-13.98,16,100.0,0.5902,0.2207,0.7826,0.2913,0.4225,0.8789,0.8771,0.3414,-0.2176,C,0.2429,0.322-0.622,0.781,0.581,0.147
6547,391255,-11.47,14,92.9,0.7946,0.1323,0.8462,0.1535,0.3865,0.1545,0.5726,0.4344,-0.0852,C,0.2058,0.322-0.622,0.781,0.581,0.147
6548,391269,3.4,14,100.0,0.6144,0.2192,0.8533,0.1237,0.4094,0.8427,0.9055,0.4368,-0.0579,C,0.2345,0.322-0.622,0.781,0.581,0.147
6549,391282,-28.95,13,69.2,1.0296,0.0643,0.8552,0.1331,0.3426,0.0051,0.2132,0.3354,-0.1007,C,0.2209,0.322-0.622,0.781,0.581,0.147
6550,391295,0.3,13,100.0,0.6886,0.2121,0.851,0.1617,0.4434,0.3169,0.9376,0.3655,-0.0676,C,0.2104,0.322-0.622,0.781,0.581,0.147
6551,391310,-6.01,15,100.0,0.5439,0.2235,0.825,0.2199,0.4137,1.1825,0.8904,0.4356,-0.1512,C,0.2326,0.322-0.622,0.781,0.581,0.147
6552,391324,0.08,14,85.7,0.6956,0.1711,0.9425,0.0669,0.2921,0.553,0.6596,0.4601,-0.0144,C,0.1984,0.322-0.622,0.781,0.581,0.147
6553,391338,-10.4,14,100.0,0.5702,0.2267,0.8675,0.1291,0.3847,1.1143,0.8936,0.4132,-0.0637,C,0.2381,0.322-0.622,0.781,0.581,0.147
6554,391353,-37.3,15,66.7,1.1361,0.028,0.8569,0.2346,0.4008,0.0038,0.1244,0.4258,-0.2658,C,0.2453,0.322-0.622,0.781,0.581,0.147
6555,391367,-2.03,14,100.0,0.5719,0.2238,0.794,0.211,0.4334,1.0416,0.93,0.4586,-0.13,C,0.22,0.322-0.622,0.781,0.581,0.147
6556,391381,-15.47,14,100.0,0.6271,0.1885,0.8128,0.1743,0.4397,0.9484,0.8019,0.3658,-0.1001,C,0.2234,0.322-0.622,0.782,0.582,0.147
6557,391394,-5.39,13,100.0,0.6149,0.2136,0.8409,0.2037,0.4052,0.6372,0.8975,0.3896,-0.1527,C,0.2024,0.322-0.622,0.782,0.582,0.147
6558,391408,-5.93,14,100.0,0.4916,0.2224,0.8208,0.1665,0.3751,1.3158,0.9256,0.4126,-0.0906,C,0.2438,0.322-0.622,0.782,0.582,0.147
6559,391422,-8.19,14,92.9,0.7632,0.1383,0.9059,0.123,0.3436,0.2088,0.5918,0.2452,-0.0907,C,0.2008,0.322-0.622,0.782,0.582,0.147
6560,391437,-0.95,15,80.0,0.6594,0.1966,0.8673,0.1361,0.3383,0.4491,0.6515,0.4584,-0.079,C,0.2467,0.322-0.622,0.782,0.582,0.147
6561,391451,-9.63,14,92.9,0.9741,0.0719,0.8192,0.1735,0.391,0.0319,0.3277,0.4065,-0.0825,C,0.2028,0.322-0.622,0.782,0.582,0.147
6562,391465,-24.86,14,0.0,0.0,0.0,0.8966,0.1252,0.2927,0.0,0.0,0.2366,-0.0876,C,0.2457,0.322-0.622,0.782,0.582,0.147
6563,391479,-9.63,14,78.6,0.719,0.1618,0.8289,0.1754,0.3741,0.3046,0.5876,0.3732,-0.1112,C,0.2387,0.322-0.622,0.782,0.582,0.147
6564,391494,-3.6,15,93.3,0.4909,0.2296,0.7621,0.1954,0.4188,1.2382,0.8728,0.2722,-0.1005,C,0.2425,0.322-0.622,0.782,0.582,0.147
6565,391508,-2.64,14,92.9,0.7423,0.1617,0.9016,0.1212,0.2978,0.3083,0.6584,0.4758,-0.0581,C,0.2346,0.322-0.622,0.782,0.582,0.147
6566,391522,-22.15,14,100.0,0.6362,0.1841,0.7791,0.2774,0.4861,0.6499,0.7613,0.4565,-0.2101,C,0.2167,0.322-0.622,0.782,0.582,0.147
6567,391536,-19.3,14,85.7,0.7798,0.1327,0.8373,0.229,0.3892,0.1449,0.538,0.406,-0.1689,C,0.2424,0.322-0.622,0.782,0.582,0.147
6568,391552,-0.83,16,87.5,0.4724,0.2328,0.775,0.2619,0.4432,1.3767,0.763,0.3663,-0.1896,C,0.2263,0.322-0.622,0.782,0.582,0.147
6569,391567,-12.97,15,100.0,0.557,0.2128,0.7872,0.2514,0.4279,1.0769,0.9148,0.4333,-0.1708,C,0.2116,0.322-0.622,0.782,0.582,0.147
6570,391581,-8.67,14,100.0,0.5652,0.2185,0.7679,0.2749,0.4352,0.884,0.95,0.2966,-0.2151,C,0.2347,0.322-0.622,0.782,0.582,0.147
6571,391595,-29.66,14,0.0,0.0,0.0,0.929,0.0795,0.2765,0.0,0.0,0.348,-0.0177,C,0.1989,0.322-0.622,0.782,0.582,0.147
6572,391609,-25.51,14,0.0,0.0,0.0,0.888,0.1213,0.328,0.0,0.0,0.2875,-0.0748,C,0.2234,0.322-0.622,0.782,0.582,0.147
6573,391623,-14.79,14,100.0,0.6417,0.1709,0.8023,0.2531,0.4244,0.8997,0.7313,0.3254,-0.1968,C,0.2272,0.322-0.622,0.782,0.582,0.147
6574,391637,-10.74,14,78.6,0.811,0.1074,0.8707,0.133,0.3959,0.1017,0.3957,0.3607,-0.0674,C,0.2,0.322-0.622,0.782,0.582,0.147
6575,391652,-1.01,15,93.3,0.5163,0.2377,0.7515,0.2479,0.4208,1.1572,0.813,0.3489,-0.1591,C,0.2243,0.322-0.622,0.782,0.582,0.147
6576,391667,-25.33,15,86.7,0.9757,0.0264,0.8159,0.2445,0.4719,0.0174,0.1558,0.4052,-0.1972,C,0.2343,0.322-0.622,0.782,0.582,0.147
6577,391680,-8.48,13,100.0,0.8205,0.1366,0.8267,0.2083,0.4257,0.3871,0.6136,0.3649,-0.1306,C,0.2281,0.322-0.622,0.782,0.582,0.147
6578,391695,-9.63,15,93.3,0.8239,0.1007,0.8142,0.2086,0.4424,0.0969,0.454,0.4139,-0.1264,C,0.222,0.322-0.622,0.782,0.582,0.147
6579,391710,-16.7,15,100.0,0.7708,0.1635,0.7448,0.2621,0.4239,0.4274,0.706,0.4135,-0.1727,C,0.2084,0.322-0.622,0.782,0.582,0.147
6580,391724,-6.88,14,78.6,0.8307,0.1176,0.958,0.0444,0.3071,0.2047,0.432,0.2678,-0.0068,C,0.2233,0.322-0.622,0.782,0.582,0.147
6581,391753,-32.48,29,93.1,0.5507,0.2102,0.6157,0.4406,0.6036,1.0537,0.8239,0.4484,-0.4451,C,0.221,0.322-0.622,0.782,0.582,0.147
6582,391767,-15.25,14,100.0,0.6142,0.2084,0.8451,0.2395,0.4407,0.8442,0.8601,0.3979,-0.2426,C,0.2405,0.322-0.622,0.782,0.582,0.147
6583,391782,-15.07,15,80.0,0.8458,0.1077,0.9146,0.0914,0.3044,0.0772,0.404,0.4565,-0.0373,C,0.2307,0.322-0.622,0.782,0.582,0.147
6584,391799,-7.14,17,76.5,0.5782,0.203,0.7868,0.2361,0.3336,0.7274,0.6608,0.4022,-0.1584,C,0.2005,0.322-0.622,0.782,0.582,0.147
6585,391813,-10.34,14,85.7,0.6744,0.178,0.905,0.1733,0.3128,0.3957,0.6814,0.3803,-0.1665,C,0.2334,0.322-0.622,0.782,0.582,0.147
6586,391828,-19.2,15,0.0,0.0,0.0,0.8934,0.1136,0.3075,0.0,0.0,0.4546,-0.0354,C,0.2304,0.322-0.622,0.782,0.582,0.147
6587,391842,-0.49,14,100.0,0.4804,0.2332,0.8278,0.1721,0.4083,1.3648,0.9466,0.3166,-0.0942,C,0.2279,0.322-0.622,0.783,0.583,0.147
6588,391856,-11.02,14,100.0,0.5573,0.2296,0.8154,0.2305,0.417,1.0135,0.9324,0.3699,-0.22,C,0.2252,0.322-0.622,0.783,0.583,0.147
6589,391869,-39.94,13,0.0,0.0,0.0,0.905,0.1421,0.3768,0.0,0.0,0.3569,-0.1374,C,0.2317,0.322-0.622,0.783,0.583,0.147
6590,391883,-6.0,14,100.0,0.5983,0.2061,0.8271,0.1137,0.3936,0.8629,0.8953,0.3673,-0.0421,C,0.238,0.322-0.622,0.783,0.583,0.147
6591,391897,-19.01,14,100.0,0.7995,0.1636,0.8112,0.2509,0.4293,0.2276,0.7352,0.3951,-0.1878,C,0.2077,0.322-0.622,0.783,0.583,0.147
6592,391913,-17.96,16,56.2,0.9201,0.0346,0.8465,0.1767,0.5092,0.0169,0.115,0.2981,-0.1374,C,0.2145,0.322-0.622,0.783,0.583,0.147
6593,391930,-13.53,17,70.6,0.6987,0.1816,0.8222,0.2025,0.3242,0.2034,0.5655,0.2895,-0.14,C,0.2161,0.322-0.622,0.783,0.583,0.147
6594,391945,-10.74,15,100.0,0.7046,0.194,0.7662,0.2445,0.466,0.5794,0.7896,0.4078,-0.1757,C,0.2432,0.322-0.622,0.783,0.583,0.147
6595,392050,-55.78,105,97.1,0.5363,0.1967,0.519,0.5502,0.9054,1.1034,0.783,0.3436,-0.587,C,0.2463,0.322-0.622,0.783,0.583,0.147
6596,392064,-31.52,14,0.0,0.0,0.0,0.825,0.1727,0.4109,0.0,0.0,0.3089,-0.0878,C,0.2209,0.322-0.622,0.783,0.583,0.147
6597,392109,62.25,45,93.3,0.2961,0.2095,0.6492,0.3104,0.6938,2.3573,0.7142,0.286,-0.241,C,0.2238,0.322-0.622,0.783,0.583,0.147
6598,392123,-6.03,14,85.7,0.6804,0.1721,0.8946,0.1054,0.3203,0.3294,0.6547,0.282,-0.0423,C,0.2497,0.322-0.622,0.783,0.583,0.147
6599,392170,25.94,47,87.2,0.3639,0.2124,0.589,0.3461,0.7603,1.6078,0.7007,0.2056,-0.2687,C,0.2407,0.322-0.622,0.783,0.583,0.147
6600,392184,-38.28,14,0.0,0.0,0.0,0.8676,0.1687,0.3228,0.0,0.0,0.2852,-0.1292,C,0.2495,0.322-0.622,0.783,0.583,0.147
6601,392199,-25.26,15,100.0,0.8774,0.1309,0.7996,0.2627,0.5169,0.1676,0.6043,0.3006,-0.1971,C,0.2328,0.322-0.622,0.783,0.583,0.147
6602,392212,0.5,13,100.0,0.633,0.2271,0.8331,0.1422,0.4613,0.5866,0.9175,0.4042,-0.0728,C,0.2282,0.322-0.622,0.783,0.583,0.147
6603,392225,-20.03,13,61.5,0.9952,0.0265,0.8289,0.2021,0.3892,0.0092,0.1117,0.2256,-0.1377,C,0.2194,0.322-0.622,0.783,0.583,0.147
6604,392239,-7.02,14,100.0,0.6181,0.1965,0.811,0.2416,0.4402,0.8368,0.7762,0.4182,-0.1899,C,0.2145,0.322-0.622,0.783,0.583,0.147
6605,392254,-13.1,15,86.7,0.7901,0.1303,0.8065,0.1784,0.399,0.0895,0.522,0.3925,-0.0922,C,0.2442,0.322-0.622,0.783,0.583,0.147
6606,392268,-17.93,14,0.0,0.0,0.0,0.9228,0.077,0.3092,0.0,0.0,0.3884,-0.0196,C,0.2393,0.322-0.622,0.783,0.583,0.147
6607,392336,-35.2,68,83.8,0.5514,0.1081,0.6195,0.3758,0.8124,0.6495,0.4213,0.276,-0.3323,C,0.2363,0.322-0.622,0.784,0.584,0.147
6608,392355,-56.58,19,0.0,0.0,0.0,0.7052,0.3789,0.563,0.0,0.0,0.4152,-0.3718,C,0.2,0.322-0.622,0.784,0.584,0.147
6609,392369,-7.44,14,92.9,0.7837,0.1242,0.8166,0.2026,0.4864,0.1407,0.5409,0.3598,-0.1342,C,0.2452,0.322-0.622,0.784,0.584,0.147
6610,392384,-1.31,15,100.0,0.6684,0.2135,0.7598,0.1729,0.4832,0.4556,0.9099,0.4178,-0.0986,C,0.1979,0.322-0.622,0.784,0.584,0.147
6611,392419,11.04,35,94.3,0.4313,0.202,0.711,0.2949,0.6734,1.3944,0.6941,0.2227,-0.2228,C,0.2114,0.322-0.622,0.784,0.584,0.147
6612,392432,-25.05,13,100.0,0.9349,0.0569,0.8267,0.2055,0.4172,0.0351,0.2936,0.3895,-0.1586,C,0.2422,0.322-0.622,0.784,0.584,0.147
6613,392445,-2.51,13,100.0,0.5276,0.2079,0.904,0.0991,0.4369,1.1551,0.8848,0.2573,-0.0493,C,0.2215,0.322-0.622,0.784,0.584,0.147
6614,392527,-38.55,82,100.0,0.6814,0.1703,0.4708,0.4621,0.8725,0.3151,0.7811,0.4382,-0.428,C,0.2328,0.322-0.622,0.784,0.584,0.147
6615,392540,-10.91,13,100.0,0.843,0.1262,0.8521,0.1621,0.3598,0.1212,0.5844,0.3761,-0.1163,C,0.2128,0.322-0.622,0.784,0.584,0.147
6616,392554,-32.32,14,0.0,0.0,0.0,0.896,0.1372,0.2998,0.0,0.0,0.4094,-0.07,C,0.243,0.322-0.622,0.784,0.584,0.147
6617,392572,-11.41,18,72.2,0.9063,0.1199,0.7895,0.1444,0.5378,0.0339,0.4139,0.4011,-0.0764,C,0.2044,0.322-0.622,0.784,0.584,0.147
6618,392589,-4.27,17,100.0,0.6512,0.2028,0.7671,0.2357,0.4733,0.733,0.8514,0.3845,-0.1601,C,0.2031,0.322-0.622,0.784,0.584,0.147
6619,392652,-0.98,63,92.1,0.4063,0.1699,0.5385,0.476,0.8442,1.5714,0.6273,0.3622,-0.4521,C,0.2316,0.322-0.622,0.784,0.584,0.147
6620,392666,-19.13,14,92.9,0.7363,0.1548,0.9283,0.0997,0.3183,0.4366,0.6332,0.2826,-0.0622,C,0.2237,0.322-0.622,0.784,0.584,0.147
6621,392683,-11.61,17,94.1,0.7293,0.1861,0.73,0.2651,0.4134,0.4775,0.7463,0.4065,-0.1944,C,0.2128,0.322-0.622,0.784,0.584,0.147
6622,392915,0.22,232,97.8,0.4707,0.2077,0.4664,0.5247,0.9058,1.3677,0.8167,0.3314,-0.529,C,0.2345,0.322-0.622,0.785,0.585,0.147
6623,392929,-10.58,14,100.0,0.7407,0.1906,0.8127,0.1912,0.4648,0.2919,0.8375,0.4395,-0.1245,C,0.2352,0.322-0.622,0.785,0.585,0.147
6624,392974,-25.65,45,97.8,0.6939,0.1767,0.5347,0.4494,0.7766,0.2795,0.8033,0.4105,-0.4049,C,0.2434,0.322-0.622,0.785,0.585,0.147
6625,392987,-13.23,13,100.0,0.6644,0.1784,0.8314,0.2486,0.4303,0.4314,0.782,0.4262,-0.183,C,0.203,0.322-0.622,0.785,0.585,0.147
6626,393000,4.69,13,100.0,0.6329,0.2272,0.8919,0.1216,0.4246,0.5449,0.9385,0.4379,-0.0388,C,0.2239,0.322-0.622,0.785,0.585,0.147
6627,393013,-6.42,13,92.3,0.6897,0.1737,0.8264,0.2009,0.4172,0.3222,0.7279,0.3879,-0.1345,C,0.2279,0.322-0.622,0.785,0.585,0.148
6628,393027,-10.47,14,92.9,0.6459,0.1928,0.8901,0.0868,0.3034,0.8446,0.776,0.4023,-0.0181,C,0.2057,0.322-0.622,0.785,0.585,0.148
6629,393094,10.05,67,91.0,0.5378,0.0675,0.6498,0.3252,0.7615,1.1043,0.3238,0.3308,-0.2722,C,0.2167,0.322-0.622,0.785,0.585,0.148
6630,393108,-19.16,14,100.0,0.6986,0.1943,0.816,0.2583,0.4324,0.5598,0.8303,0.3936,-0.1901,C,0.1991,0.322-0.622,0.785,0.585,0.148
6631,393124,-6.14,16,100.0,0.5685,0.2188,0.7791,0.2333,0.4684,0.8286,0.8953,0.3385,-0.1672,C,0.2438,0.322-0.622,0.785,0.585,0.148
6632,393144,-14.66,20,90.0,0.744,0.1395,0.7073,0.2614,0.5129,0.2414,0.5593,0.3539,-0.1998,C,0.2374,0.322-0.622,0.785,0.585,0.148
6633,393157,-0.96,13,100.0,0.793,0.162,0.9098,0.0978,0.4152,0.1343,0.7616,0.2423,-0.0205,C,0.2168,0.322-0.622,0.785,0.585,0.148
6634,393399,63.98,242,99.2,0.471,0.1831,0.4527,0.515,0.9319,1.4088,0.8315,0.3887,-0.5008,C,0.2091,0.322-0.622,0.786,0.586,0.148
6635,393615,40.76,216,98.6,0.5167,0.1411,0.4882,0.4817,0.9149,1.3772,0.6559,0.3825,-0.4595,C,0.2373,0.322-0.622,0.786,0.586,0.148
6636,393630,-9.62,15,100.0,0.6911,0.1961,0.8034,0.2613,0.4579,0.6533,0.8438,0.4563,-0.2204,C,0.2473,0.322-0.622,0.786,0.586,0.148
6637,393643,-12.45,13,100.0,0.4615,0.2406,0.8418,0.1574,0.3932,1.4653,0.9607,0.26,-0.0991,C,0.2473,0.322-0.622,0.786,0.586,0.148
6638,393656,-7.09,13,100.0,0.7879,0.1569,0.8534,0.1815,0.4449,0.2329,0.7138,0.4154,-0.111,C,0.2431,0.322-0.622,0.786,0.586,0.148
6639,393671,10.79,15,93.3,0.5068,0.2227,0.8265,0.1715,0.4493,1.3434,0.7869,0.3888,-0.0859,C,0.2351,0.322-0.622,0.786,0.586,0.148
6640,393687,-28.01,16,62.5,0.9419,0.0883,0.8518,0.2082,0.3182,0.0133,0.2605,0.3269,-0.1579,C,0.2061,0.322-0.622,0.786,0.586,0.148
6641,393703,-15.87,16,25.0,1.2656,0.0112,0.8382,0.1196,0.3435,0.0001,0.0346,0.4612,-0.035,C,0.2488,0.322-0.622,0.786,0.586,0.148
6642,393946,-171.21,243,99.2,0.5431,0.1668,0.46,0.5481,0.9224,1.0313,0.7662,0.3065,-0.5684,C,0.2371,0.322-0.622,0.787,0.587,0.148
6643,393961,-5.79,15,93.3,0.6282,0.2077,0.8439,0.1798,0.3664,0.7913,0.8334,0.4705,-0.1041,C,0.2171,0.322-0.622,0.787,0.587,0.148
6644,393975,-3.78,14,85.7,0.776,0.1326,0.9195,0.0792,0.2908,0.1786,0.5093,0.3784,-0.0193,C,0.2407,0.322-0.622,0.787,0.587,0.148
6645,393988,-25.27,13,84.6,0.8881,0.0841,0.8567,0.1545,0.35,0.0372,0.3412,0.3844,-0.1177,C,0.2394,0.322-0.622,0.787,0.587,0.148
6646,394131,-6.89,143,99.3,0.4799,0.2302,0.5094,0.5226,0.904,1.2626,0.9321,0.3955,-0.5565,C,0.1999,0.322-0.622,0.787,0.587,0.148
6647,394144,-0.18,13,100.0,0.7258,0.1982,0.8769,0.1226,0.4502,0.2403,0.8955,0.2892,-0.0391,C,0.2409,0.322-0.622,0.787,0.587,0.148
6648,394158,-16.94,14,100.0,0.8561,0.1211,0.8779,0.1379,0.3737,0.1221,0.5558,0.4504,-0.0804,C,0.2194,0.322-0.622,0.787,0.587,0.148
6649,394173,-39.65,15,60.0,1.2148,0.0204,0.866,0.2416,0.3934,0.0004,0.0968,0.2651,-0.3017,C,0.1993,0.322-0.622,0.788,0.588,0.148
6650,394193,-2.03,20,85.0,0.6531,0.1929,0.7987,0.1995,0.4996,0.3314,0.7265,0.3831,-0.134,C,0.2091,0.322-0.622,0.788,0.588,0.148
6651,394209,-10.08,16,93.8,0.9237,0.0975,0.7876,0.2031,0.4471,0.0859,0.4316,0.3913,-0.1374,C,0.2135,0.322-0.622,0.788,0.588,0.148
6652,394222,-34.79,13,69.2,1.0149,0.0503,0.8759,0.1925,0.3642,0.0062,0.184,0.4469,-0.1732,C,0.226,0.322-0.622,0.788,0.588,0.148
6653,394236,-11.6,14,92.9,0.6017,0.2175,0.8746,0.1655,0.3651,1.024,0.7846,0.4797,-0.123,C,0.2088,0.322-0.622,0.788,0.588,0.148
6654,394250,-16.79,14,100.0,0.7276,0.1815,0.8414,0.2463,0.4263,0.3479,0.8211,0.3491,-0.1958,C,0.2008,0.322-0.622,0.788,0.588,0.148
6655,394313,9.51,63,100.0,0.4354,0.1864,0.5526,0.4597,0.785,1.509,0.7102,0.4001,-0.4065,C,0.2207,0.322-0.622,0.788,0.588,0.148
6656,394327,-18.6,14,85.7,0.8161,0.1254,0.9353,0.0723,0.2948,0.1191,0.4873,0.3511,-0.0253,C,0.2074,0.322-0.622,0.788,0.588,0.148
6657,394345,-23.5,18,100.0,0.6842,0.1831,0.6852,0.304,0.4904,0.4617,0.7542,0.334,-0.2493,C,0.2036,0.322-0.622,0.788,0.588,0.148
6658,394552,153.12,207,99.0,0.3817,0.1511,0.4788,0.4831,0.907,2.0289,0.6945,0.3673,-0.4501,C,0.2465,0.322-0.622,0.788,0.588,0.148
6659,394566,-0.04,14,100.0,0.6059,0.2045,0.8407,0.1535,0.3462,0.9874,0.8801,0.4231,-0.0853,C,0.218,0.322-0.622,0.788,0.588,0.148
6660,394581,-13.31,15,100.0,0.6939,0.1923,0.7424,0.3303,0.4355,0.4342,0.8449,0.3916,-0.2856,C,0.2016,0.322-0.622,0.788,0.588,0.148
6661,394595,-2.3,14,85.7,0.713,0.1571,0.9274,0.0738,0.3093,0.3492,0.5901,0.3793,-0.0143,C,0.1983,0.322-0.622,0.788,0.588,0.148
6662,394608,-15.61,13,100.0,0.5347,0.2351,0.8505,0.2206,0.4202,1.0476,0.9307,0.4162,-0.2349,C,0.2069,0.322-0.622,0.788,0.588,0.148
6663,394652,24.21,44,95.5,0.4309,0.2197,0.582,0.4301,0.7585,1.7182,0.8499,0.3108,-0.3971,C,0.2485,0.322-0.622,0.789,0.589,0.148
6664,394666,-22.82,14,85.7,0.8009,0.1428,0.8701,0.1864,0.3263,0.0807,0.5686,0.4532,-0.1527,C,0.2427,0.322-0.622,0.789,0.589,0.148
6665,394680,-1.71,14,100.0,0.8235,0.1366,0.8854,0.0935,0.3135,0.3259,0.6169,0.353,-0.0219,C,0.2415,0.322-0.622,0.789,0.589,0.148
6666,394694,-10.48,14,100.0,0.6904,0.1978,0.8219,0.2254,0.3956,0.5288,0.834,0.484,-0.1436,C,0.2445,0.322-0.622,0.789,0.589,0.148
6667,394710,-20.41,16,81.2,0.8579,0.114,0.7882,0.2744,0.4368,0.0515,0.4311,0.3884,-0.2183,C,0.2342,0.322-0.622,0.789,0.589,0.148
6668,394724,-13.93,14,100.0,0.7116,0.1704,0.8021,0.2283,0.4127,0.3414,0.7812,0.3353,-0.1533,C,0.236,0.322-0.622,0.789,0.589,0.148
6669,394737,-0.4,13,100.0,0.5382,0.2136,0.8883,0.105,0.4067,1.1371,0.9301,0.328,-0.0432,C,0.231,0.322-0.622,0.789,0.589,0.148
6670,394752,-17.82,15,100.0,0.8355,0.1429,0.821,0.1885,0.3924,0.6323,0.6258,0.4374,-0.116,C,0.2101,0.322-0.622,0.789,0.589,0.148
6671,394769,-27.09,17,94.1,0.7586,0.1262,0.8207,0.2811,0.5049,0.1715,0.5546,0.316,-0.2777,C,0.2448,0.322-0.622,0.789,0.589,0.148
6672,394812,27.26,43,93.0,0.3784,0.2514,0.4968,0.4073,0.771,1.7661,0.7743,0.3082,-0.366,C,0.2427,0.322-0.622,0.789,0.589,0.148
6673,394826,-12.73,14,92.9,0.9096,0.0587,0.8293,0.1972,0.4045,0.0365,0.2836,0.3644,-0.1589,C,0.2063,0.322-0.622,0.789,0.589,0.148
6674,394840,-11.88,14,100.0,0.6601,0.1901,0.8447,0.2047,0.4187,0.4831,0.83,0.3573,-0.1953,C,0.2031,0.322-0.622,0.789,0.589,0.148
6675,394853,-8.49,13,92.3,0.7741,0.1462,0.8829,0.1293,0.3519,0.1361,0.6219,0.4711,-0.0795,C,0.2134,0.322-0.622,0.789,0.589,0.148
6676,394905,-27.35,52,90.4,0.6816,0.164,0.6027,0.3573,0.7145,0.3052,0.6779,0.347,-0.3024,C,0.2046,0.322-0.622,0.789,0.589,0.148
6677,394919,-18.32,14,100.0,0.937,0.0809,0.8202,0.2157,0.4271,0.0593,0.3825,0.3367,-0.1579,C,0.2469,0.322-0.622,0.789,0.589,0.148
6678,394933,-27.26,14,100.0,0.9701,0.0518,0.7678,0.2466,0.4742,0.0291,0.2678,0.3577,-0.1748,C,0.2054,0.322-0.622,0.789,0.589,0.148
6679,394947,-22.51,14,92.9,0.8983,0.0666,0.8163,0.2237,0.3845,0.0485,0.298,0.2698,-0.151,C,0.2387,0.322-0.622,0.789,0.589,0.148
6680,394961,-2.49,14,85.7,0.8142,0.1195,0.9389,0.0612,0.2918,0.1087,0.4719,0.4144,-0.007,C,0.2338,0.322-0.622,0.789,0.589,0.148
6681,394974,-29.26,13,61.5,1.1705,0.0215,0.8389,0.1371,0.3669,0.0007,0.1016,0.4006,-0.0788,C,0.2496,0.322-0.622,0.789,0.589,0.148
6682,394988,-21.9,14,64.3,0.8276,0.0728,0.8764,0.1808,0.3987,0.0633,0.2243,0.3179,-0.136,C,0.1994,0.322-0.622,0.789,0.589,0.148
6683,395001,-3.25,13,92.3,0.4221,0.2355,0.8801,0.1635,0.4083,1.8116,0.808,0.314,-0.1047,C,0.2017,0.322-0.622,0.789,0.589,0.148
6684,395017,-0.6,16,93.8,0.4497,0.233,0.7866,0.2595,0.4499,1.5077,0.8423,0.4113,-0.178,C,0.2184,0.322-0.622,0.789,0.589,0.148
6685,395031,-10.92,14,92.9,0.8912,0.0908,0.8165,0.2091,0.4141,0.0564,0.3916,0.3828,-0.1569,C,0.2441,0.322-0.622,0.789,0.589,0.148
6686,395047,-6.56,16,93.8,0.7962,0.1662,0.7209,0.2035,0.4589,0.1892,0.6959,0.4147,-0.1023,C,0.2284,0.322-0.622,0.789,0.589,0.148
6687,395062,-9.9,15,60.0,0.8902,0.1118,0.8986,0.1137,0.2934,0.0215,0.3143,0.4477,-0.0669,C,0.2047,0.322-0.622,0.789,0.589,0.148
6688,395076,-18.16,14,0.0,0.0,0.0,0.9465,0.0572,0.2864,0.0,0.0,0.4207,-0.018,C,0.2342,0.322-0.622,0.789,0.589,0.148
6689,395092,-12.14,16,81.2,0.9209,0.0566,0.785,0.172,0.4521,0.0357,0.2275,0.3917,-0.0747,C,0.2267,0.322-0.622,0.789,0.589,0.148
6690,395107,-8.83,15,100.0,0.6821,0.1778,0.7833,0.2032,0.4051,0.7767,0.7775,0.3658,-0.1169,C,0.2234,0.322-0.622,0.79,0.59,0.148
6691,395121,-2.49,14,92.9,0.5125,0.2292,0.8312,0.1454,0.3811,0.9971,0.8483,0.4502,-0.0635,C,0.2112,0.322-0.622,0.79,0.59,0.148
6692,395135,-26.12,14,0.0,0.0,0.0,0.8392,0.1206,0.3602,0.0,0.0,0.3871,-0.0534,C,0.2135,0.322-0.622,0.79,0.59,0.148
6693,395149,-4.53,14,100.0,0.7994,0.1574,0.8551,0.1267,0.417,0.1602,0.7312,0.3698,-0.079,C,0.2324,0.322-0.622,0.79,0.59,0.148
6694,395162,-8.14,13,100.0,0.7165,0.1439,0.872,0.1695,0.4041,0.4196,0.6446,0.3603,-0.1243,C,0.2463,0.322-0.622,0.79,0.59,0.148
6695,395175,-32.47,13,0.0,0.0,0.0,0.8541,0.2287,0.3797,0.0,0.0,0.2845,-0.2051,C,0.2488,0.322-0.622,0.79,0.59,0.148
6696,395189,-16.04,14,100.0,0.771,0.1486,0.8542,0.1857,0.3699,0.2067,0.6683,0.2949,-0.1622,C,0.2367,0.322-0.622,0.79,0.59,0.148
6697,395203,-17.1,14,100.0,0.6953,0.1943,0.7977,0.2042,0.4215,0.468,0.8134,0.4618,-0.1396,C,0.2267,0.322-0.622,0.79,0.59,0.148
6698,395217,-15.58,14,100.0,0.7352,0.1678,0.8504,0.1692,0.4301,0.4726,0.7216,0.4061,-0.0858,C,0.2368,0.322-0.622,0.79,0.59,0.148
6699,395231,-4.62,14,100.0,0.5284,0.2314,0.851,0.1443,0.4083,1.2079,0.8835,0.3593,-0.0758,C,0.2065,0.322-0.622,0.79,0.59,0.148
6700,395245,-5.42,14,100.0,0.7485,0.1604,0.8586,0.1303,0.3679,0.7139,0.7135,0.3022,-0.0765,C,0.2299,0.322-0.622,0.79,0.59,0.148
6701,395259,-6.74,14,78.6,0.8191,0.1448,0.9068,0.1061,0.3133,0.0777,0.5322,0.2846,-0.0481,C,0.2173,0.322-0.622,0.79,0.59,0.148
6702,395275,-15.31,16,50.0,0.8163,0.1372,0.844,0.1745,0.2919,0.058,0.322,0.2322,-0.0862,C,0.2048,0.322-0.622,0.79,0.59,0.148
6703,395289,-10.4,14,100.0,0.8236,0.1323,0.8616,0.1667,0.3768,0.1506,0.629,0.3886,-0.12,C,0.2118,0.322-0.622,0.79,0.59,0.148
6704,395303,-11.95,14,100.0,0.8123,0.1424,0.859,0.2121,0.3758,0.6756,0.644,0.3057,-0.1633,C,0.2483,0.322-0.622,0.79,0.59,0.148
6705,395317,-4.22,14,100.0,0.6101,0.2187,0.8381,0.1812,0.4218,0.8266,0.9028,0.3729,-0.125,C,0.2221,0.322-0.622,0.79,0.59,0.148
6706,395330,-15.82,13,100.0,0.5382,0.2111,0.8393,0.1605,0.3926,1.1732,0.9296,0.2843,-0.0869,C,0.2191,0.322-0.622,0.79,0.59,0.148
6707,395344,-11.93,14,100.0,0.7252,0.1691,0.836,0.1606,0.3346,0.7119,0.7604,0.3138,-0.0623,C,0.2016,0.322-0.622,0.79,0.59,0.148
6708,395359,-3.73,15,100.0,0.567,0.2156,0.8541,0.2054,0.3781,1.1258,0.8716,0.442,-0.167,C,0.2194,0.322-0.622,0.79,0.59,0.148
6709,395373,3.32,14,100.0,0.481,0.2202,0.8733,0.1424,0.3805,1.5183,0.8944,0.3794,-0.0843,C,0.2342,0.322-0.622,0.79,0.59,0.148
6710,395387,-16.64,14,100.0,0.824,0.1428,0.7848,0.2369,0.4105,0.2776,0.6494,0.4591,-0.1725,C,0.2298,0.322-0.622,0.79,0.59,0.148
6711,395400,-26.18,13,76.9,0.9907,0.047,0.8463,0.1605,0.3959,0.0112,0.1927,0.4686,-0.1095,C,0.2151,0.322-0.622,0.79,0.59,0.148
6712,395414,-22.82,14,35.7,0.8434,0.0445,0.8649,0.1288,0.3283,0.0223,0.0847,0.335,-0.0419,C,0.2247,0.322-0.622,0.79,0.59,0.148
6713,395445,-29.23,31,90.3,0.8847,0.0826,0.6772,0.2896,0.5329,0.044,0.3486,0.2865,-0.2034,C,0.1998,0.322-0.622,0.79,0.59,0.148
6714,395460,-23.05,15,53.3,1.1286,0.0294,0.8976,0.1295,0.3161,0.0011,0.1011,0.3744,-0.0773,C,0.2102,0.322-0.622,0.79,0.59,0.148
6715,395473,-15.56,13,100.0,0.6276,0.1925,0.8611,0.1223,0.4397,0.7461,0.8271,0.3593,-0.0504,C,0.2279,0.322-0.622,0.79,0.59,0.148
6716,395487,-21.57,14,100.0,0.8405,0.1153,0.8645,0.1765,0.3397,0.138,0.5311,0.4206,-0.1325,C,0.2419,0.322-0.622,0.79,0.59,0.148
6717,395514,30.12,27,92.6,0.3918,0.2285,0.7011,0.2707,0.6044,1.8584,0.8309,0.4168,-0.1877,C,0.2433,0.322-0.622,0.79,0.59,0.148
6718,395527,-9.87,13,100.0,0.7892,0.1544,0.8706,0.1352,0.4011,0.1705,0.7288,0.4018,-0.0446,C,0.2189,0.322-0.622,0.79,0.59,0.148
6719,395541,-31.23,14,0.0,0.0,0.0,0.9247,0.0791,0.2735,0.0,0.0,0.3716,-0.0123,C,0.2091,0.322-0.622,0.79,0.59,0.148
6720,395554,-17.61,13,92.3,0.7964,0.1489,0.9031,0.1244,0.3864,0.3657,0.6184,0.3494,-0.0643,C,0.2,0.322-0.622,0.79,0.59,0.148
6721,395567,-1.52,13,100.0,0.6497,0.2134,0.853,0.1376,0.456,0.4569,0.9044,0.2688,-0.0567,C,0.2268,0.322-0.622,0.79,0.59,0.148
6722,395649,91.69,82,95.1,0.3264,0.2287,0.5178,0.4452,0.8037,2.162,0.8909,0.3546,-0.4076,C,0.2103,0.322-0.622,0.791,0.591,0.148
6723,395663,-13.6,14,100.0,0.8137,0.1348,0.8681,0.1348,0.3378,0.2343,0.6104,0.3795,-0.0543,C,0.2441,0.322-0.622,0.791,0.591,0.148
6724,395677,-7.11,14,78.6,0.8396,0.0994,0.9259,0.1019,0.2979,0.0501,0.3695,0.3305,-0.0355,C,0.2164,0.322-0.622,0.791,0.591,0.148
6725,395690,-17.19,13,100.0,0.743,0.192,0.89,0.2411,0.451,0.2672,0.8561,0.4372,-0.2264,C,0.2155,0.322-0.622,0.791,0.591,0.148
6726,395986,-130.95,296,99.3,0.4739,0.1741,0.4221,0.5549,0.9391,1.1871,0.7937,0.3667,-0.5708,C,0.2126,0.322-0.622,0.791,0.591,0.149
6727,396001,-17.07,15,53.3,1.0596,0.041,0.9187,0.0735,0.3077,0.0028,0.1226,0.4369,-0.0194,C,0.226,0.322-0.622,0.791,0.591,0.149
6728,396015,-9.58,14,100.0,0.8092,0.1416,0.8757,0.1792,0.3581,0.6274,0.6425,0.4301,-0.1557,C,0.2011,0.322-0.622,0.791,0.591,0.149
6729,396029,-3.62,14,100.0,0.9874,0.0652,0.8218,0.1259,0.415,0.0324,0.316,0.3964,-0.0388,C,0.2188,0.322-0.622,0.791,0.591,0.149
6730,396043,-2.71,14,85.7,0.6637,0.1669,0.9166,0.0891,0.2701,0.5445,0.6498,0.39,-0.036,C,0.2073,0.322-0.622,0.792,0.592,0.149
6731,396057,-10.95,14,50.0,1.0,0.0163,0.8662,0.09,0.3915,0.0059,0.0755,0.4289,-0.0223,C,0.2273,0.322-0.622,0.792,0.592,0.149
6732,396224,-77.87,167,100.0,0.5971,0.1541,0.5016,0.496,0.863,0.9867,0.6398,0.2804,-0.4907,C,0.212,0.322-0.622,0.792,0.592,0.149
6733,396239,-24.18,15,80.0,0.9862,0.0437,0.8319,0.2422,0.4209,0.0162,0.1847,0.3771,-0.2,C,0.2086,0.322-0.622,0.792,0.592,0.149
6734,396253,3.9,14,92.9,0.496,0.2316,0.8658,0.1503,0.3742,1.3097,0.8255,0.3637,-0.0674,C,0.2072,0.322-0.622,0.792,0.592,0.149
6735,396266,-21.09,13,92.3,0.8779,0.1127,0.8335,0.2105,0.4336,0.0671,0.4907,0.343,-0.1599,C,0.2335,0.322-0.622,0.792,0.592,0.149
6736,396280,-13.95,14,100.0,0.7422,0.1723,0.8059,0.2225,0.4162,0.2776,0.7948,0.4503,-0.1551,C,0.2348,0.322-0.622,0.792,0.592,0.149
6737,396310,-6.09,30,96.7,0.6068,0.1921,0.6624,0.3301,0.65,0.6321,0.7557,0.3333,-0.2427,C,0.2104,0.322-0.622,0.792,0.592,0.149
6738,396326,-7.66,16,93.8,0.5014,0.2266,0.7118,0.284,0.4575,1.2322,0.8238,0.3963,-0.2111,C,0.228,0.322-0.622,0.792,0.592,0.149
6739,396341,-10.6,15,93.3,0.6382,0.2051,0.8345,0.2211,0.3935,0.5922,0.8227,0.314,-0.1969,C,0.2294,0.322-0.622,0.792,0.592,0.149
6740,396357,-2.4,16,100.0,0.5956,0.2141,0.7245,0.2468,0.4498,0.9143,0.8834,0.4164,-0.1703,C,0.2342,0.322-0.622,0.792,0.592,0.149
6741,396371,-15.52,14,100.0,0.5356,0.214,0.8435,0.2342,0.4084,1.0879,0.9331,0.3871,-0.1806,C,0.213,0.322-0.622,0.792,0.592,0.149
6742,396386,-14.95,15,86.7,0.6724,0.1774,0.8726,0.1156,0.3103,0.5437,0.6641,0.2929,-0.0378,C,0.2341,0.322-0.622,0.792,0.592,0.149
6743,396401,-27.8,15,66.7,1.0718,0.0459,0.8171,0.1672,0.3756,0.003,0.1635,0.2833,-0.0894,C,0.2352,0.322-0.622,0.792,0.592,0.149
6744,396416,-14.04,15,100.0,0.6675,0.1909,0.8309,0.1966,0.4369,0.7281,0.8312,0.408,-0.14,C,0.2338,0.322-0.622,0.792,0.592,0.149
6745,396430,-3.26,14,100.0,0.7313,0.1835,0.8384,0.1647,0.4118,0.3645,0.7856,0.3623,-0.086,C,0.2184,0.322-0.622,0.792,0.592,0.149
6746,396444,-5.04,14,100.0,0.7596,0.1655,0.816,0.12,0.413,0.2362,0.7682,0.2975,-0.0402,C,0.203,0.322-0.622,0.792,0.592,0.149
6747,396459,-6.81,15,93.3,0.698,0.1823,0.8209,0.1965,0.377,0.5321,0.7266,0.3457,-0.1315,C,0.2227,0.322-0.622,0.792,0.592,0.149
6748,396472,-19.24,13,84.6,0.5979,0.2097,0.8615,0.1481,0.3587,0.5508,0.7324,0.3901,-0.0816,C,0.2113,0.322-0.622,0.792,0.592,0.149
6749,396486,-32.49,14,0.0,0.0,0.0,0.8764,0.1651,0.3733,0.0,0.0,0.346,-0.1018,C,0.2332,0.322-0.622,0.792,0.592,0.149
6750,396559,123.87,73,97.3,0.2744,0.1884,0.5145,0.4195,0.852,2.4813,0.706,0.4325,-0.3716,C,0.2187,0.322-0.622,0.793,0.593,0.149
6751,396573,-12.13,14,92.9,0.7734,0.1569,0.8972,0.0902,0.3203,0.3354,0.6467,0.4471,-0.0241,C,0.2096,0.322-0.622,0.793,0.593,0.149
6752,396587,-4.96,14,100.0,0.57,0.2162,0.9062,0.1299,0.3843,1.1179,0.8863,0.3921,-0.103,C,0.2006,0.322-0.622,0.793,0.593,0.149
6753,396601,-25.0,14,100.0,1.0384,0.0412,0.8229,0.2398,0.4244,0.0155,0.2268,0.3768,-0.2091,C,0.2179,0.322-0.622,0.793,0.593,0.149
6754,396615,-42.58,14,0.0,0.0,0.0,0.8786,0.2189,0.3375,0.0,0.0,0.2899,-0.1987,C,0.2212,0.322-0.622,0.793,0.593,0.149
6755,396629,-11.19,14,35.7,1.1524,0.0301,0.9488,0.0526,0.2777,0.0005,0.0675,0.4374,-0.0072,C,0.211,0.322-0.622,0.793,0.593,0.149
6756,396644,-7.05,15,80.0,0.8777,0.0981,0.8898,0.1063,0.3184,0.0481,0.3783,0.3804,-0.0359,C,0.2454,0.322-0.622,0.793,0.593,0.149
6757,396659,-3.34,15,93.3,0.6084,0.2235,0.8148,0.1904,0.4001,0.7582,0.8308,0.3593,-0.1044,C,0.213,0.322-0.622,0.793,0.593,0.149
6758,396673,-24.13,14,78.6,0.8447,0.1327,0.8413,0.2456,0.4205,0.0751,0.4966,0.4312,-0.2618,C,0.2194,0.322-0.622,0.793,0.593,0.149
6759,396687,-10.05,14,100.0,0.7114,0.1791,0.7877,0.1768,0.4118,0.3419,0.823,0.3937,-0.0841,C,0.2428,0.322-0.622,0.793,0.593,0.149
6760,396701,-14.75,14,100.0,0.7069,0.1753,0.8623,0.1495,0.4107,0.4749,0.7788,0.2951,-0.0579,C,0.2142,0.322-0.622,0.793,0.593,0.149
6761,396716,-16.92,15,86.7,0.7979,0.133,0.8336,0.1804,0.408,0.0874,0.5379,0.4336,-0.1164,C,0.2357,0.322-0.622,0.793,0.593,0.149
6762,396729,-11.56,13,100.0,0.5766,0.2168,0.8805,0.1217,0.3866,1.0188,0.9084,0.3921,-0.0579,C,0.2266,0.322-0.622,0.793,0.593,0.149
6763,396744,-6.69,15,93.3,0.624,0.222,0.7928,0.1922,0.4191,0.6591,0.8362,0.4143,-0.093,C,0.247,0.322-0.622,0.793,0.593,0.149
6764,396758,-24.83,14,71.4,1.0463,0.017,0.8159,0.2101,0.443,0.0048,0.1089,0.4001,-0.1856,C,0.2307,0.322-0.622,0.793,0.593,0.149
6765,396775,-16.38,17,47.1,0.9526,0.0975,0.8671,0.1513,0.3667,0.0102,0.2226,0.3662,-0.1078,C,0.2203,0.322-0.622,0.793,0.593,0.149
6766,396789,-32.27,14,0.0,0.0,0.0,0.9064,0.1043,0.3225,0.0,0.0,0.3152,-0.0601,C,0.2309,0.322-0.622,0.793,0.593,0.149
6767,396802,-9.76,13,100.0,0.5343,0.2279,0.8479,0.1257,0.396,1.0318,0.9626,0.4499,-0.0524,C,0.2041,0.322-0.622,0.793,0.593,0.149
6768,396958,186.45,156,98.7,0.3094,0.2092,0.4774,0.5061,0.8933,2.3825,0.8996,0.433,-0.499,C,0.2077,0.322-0.622,0.793,0.593,0.149
6769,396971,3.57,13,100.0,0.6158,0.226,0.8552,0.1338,0.4226,0.7185,0.917,0.4211,-0.0586,C,0.2121,0.322-0.622,0.794,0.594,0.149
6770,396985,-17.88,14,71.4,0.8476,0.1086,0.8774,0.1086,0.3636,0.0651,0.3673,0.3112,-0.039,C,0.2034,0.322-0.622,0.794,0.594,0.149
6771,396998,-15.72,13,100.0,0.6054,0.2064,0.8854,0.1045,0.3864,0.9176,0.8744,0.3576,-0.0588,C,0.2056,0.322-0.622,0.794,0.594,0.149
6772,397012,-10.48,14,100.0,0.786,0.152,0.8284,0.1405,0.4111,0.211,0.7144,0.3956,-0.0681,C,0.2116,0.322-0.622,0.794,0.594,0.149
6773,397027,-9.66,15,80.0,0.7877,0.126,0.9233,0.1393,0.2883,0.11,0.4604,0.4374,-0.1023,C,0.25,0.322-0.622,0.794,0.594,0.149
6774,397042,-23.69,15,93.3,0.7491,0.1416,0.7724,0.2756,0.4627,0.1716,0.6116,0.3197,-0.2455,C,0.2135,0.322-0.622,0.794,0.594,0.149
6775,397058,-20.36,16,100.0,0.6597,0.1862,0.7767,0.291,0.4103,0.8003,0.7615,0.4167,-0.2299,C,0.2476,0.322-0.622,0.794,0.594,0.149
6776,397075,-10.3,17,88.2,0.6426,0.2001,0.776,0.2713,0.3843,0.7664,0.732,0.4074,-0.222,C,0.2297,0.322-0.622,0.794,0.594,0.149
6777,397089,-10.68,14,42.9,1.0608,0.0438,0.9501,0.0487,0.2975,0.0021,0.102,0.3893,-0.0062,C,0.2378,0.322-0.622,0.794,0.594,0.149
6778,397102,-28.66,13,84.6,0.8323,0.1104,0.9038,0.1581,0.376,0.069,0.4427,0.3954,-0.1428,C,0.2224,0.322-0.622,0.794,0.594,0.149
6779,397175,92.65,73,98.6,0.3258,0.2506,0.5335,0.445,0.8255,2.3164,0.774,0.3937,-0.416,C,0.2018,0.322-0.622,0.794,0.594,0.149
6780,397189,-19.2,14,0.0,0.0,0.0,0.9379,0.0726,0.2592,0.0,0.0,0.293,-0.0154,C,0.2088,0.322-0.622,0.794,0.594,0.149
6781,397203,-11.53,14,100.0,0.6755,0.2029,0.8439,0.1745,0.3921,0.4172,0.8818,0.3095,-0.06,C,0.2221,0.322-0.622,0.794,0.594,0.149
6782,397224,1.35,21,85.7,0.5816,0.2115,0.7027,0.2672,0.4501,0.9698,0.7228,0.4259,-0.1681,C,0.216,0.322-0.622,0.794,0.594,0.149
6783,397237,-19.97,13,84.6,0.8823,0.072,0.8593,0.234,0.387,0.0426,0.2996,0.3886,-0.2021,C,0.229,0.322-0.622,0.794,0.594,0.149
6784,397250,0.26,13,100.0,0.5253,0.2162,0.901,0.1108,0.3742,1.1922,0.9379,0.3527,-0.0537,C,0.2337,0.322-0.622,0.794,0.594,0.149
6785,397263,-2.23,13,92.3,0.6501,0.1867,0.8447,0.1246,0.3934,0.4004,0.7596,0.3955,-0.0687,C,0.2429,0.322-0.622,0.794,0.594,0.149
6786,397397,-122.88,134,99.3,0.57,0.2368,0.5306,0.5656,0.9056,0.7873,0.9222,0.3712,-0.6198,C,0.2065,0.322-0.622,0.794,0.594,0.149
6787,397411,-10.52,14,85.7,0.6137,0.2123,0.8904,0.0884,0.3497,0.5088,0.7702,0.4257,-0.0348,C,0.2229,0.322-0.622,0.794,0.594,0.149
6788,397427,-22.01,16,62.5,0.8538,0.0972,0.8309,0.2066,0.3858,0.055,0.2947,0.3755,-0.188,C,0.2118,0.322-0.622,0.794,0.594,0.149
6789,397441,-3.93,14,100.0,0.572,0.2243,0.899,0.1525,0.4177,0.9698,0.9328,0.4162,-0.1135,C,0.2371,0.322-0.622,0.795,0.595,0.149
6790,397456,-5.06,15,86.7,0.7336,0.1675,0.8372,0.1594,0.3562,0.2746,0.6164,0.3831,-0.0778,C,0.2413,0.322-0.622,0.795,0.595,0.149
6791,397479,-30.08,23,78.3,0.7553,0.1941,0.7314,0.3341,0.5097,0.1667,0.6394,0.3798,-0.3181,C,0.2206,0.322-0.622,0.795,0.595,0.149
6792,397493,-10.33,14,92.9,0.8674,0.1212,0.8523,0.1397,0.4737,0.0684,0.5287,0.2949,-0.0684,C,0.2069,0.322-0.622,0.795,0.595,0.149
6793,397507,-19.21,14,92.9,0.7606,0.1507,0.8986,0.1402,0.3061,0.2696,0.6266,0.376,-0.0747,C,0.2481,0.322-0.622,0.795,0.595,0.149
6794,397520,-26.33,13,100.0,0.602,0.2086,0.888,0.198,0.3926,0.8625,0.8906,0.3085,-0.2087,C,0.2092,0.322-0.622,0.795,0.595,0.149
6795,397536,5.35,16,100.0,0.5164,0.2222,0.8112,0.1995,0.44,1.2715,0.9027,0.3451,-0.122,C,0.2445,0.322-0.622,0.795,0.595,0.149
6796,397558,-16.91,22,81.8,0.6802,0.1797,0.7354,0.2993,0.4665,0.4175,0.6374,0.3274,-0.238,C,0.2486,0.322-0.622,0.795,0.595,0.149
6797,397572,-28.59,14,85.7,0.7549,0.1452,0.9284,0.1622,0.317,0.1671,0.5642,0.3487,-0.1806,C,0.2405,0.322-0.622,0.795,0.595,0.149
6798,397587,-4.1,15,93.3,0.5841,0.2159,0.8351,0.1923,0.3869,0.8868,0.8356,0.415,-0.113,C,0.2243,0.322-0.622,0.795,0.595,0.149
6799,397657,124.11,70,94.3,0.2217,0.2513,0.5296,0.4315,0.826,2.8201,0.7993,0.3247,-0.383,C,0.2255,0.322-0.622,0.795,0.595,0.149
6800,397671,-18.29,14,0.0,0.0,0.0,0.91,0.0938,0.3158,0.0,0.0,0.4564,-0.0298,C,0.2434,0.322-0.622,0.795,0.595,0.149
6801,397686,-22.71,15,0.0,0.0,0.0,0.8864,0.1394,0.2814,0.0,0.0,0.4023,-0.0664,C,0.2345,0.322-0.622,0.795,0.595,0.149
6802,397700,-2.59,14,100.0,0.6725,0.1967,0.82,0.1804,0.4202,0.5396,0.8583,0.3946,-0.088,C,0.2223,0.322-0.622,0.795,0.595,0.149
6803,397714,-19.36,14,7.1,1.3413,0.0029,0.903,0.1182,0.286,0.0,0.0086,0.416,-0.0598,C,0.2014,0.322-0.622,0.795,0.595,0.149
6804,397728,-19.82,14,0.0,0.0,0.0,0.9515,0.0634,0.273,0.0,0.0,0.3309,-0.0166,C,0.2275,0.322-0.622,0.795,0.595,0.149
6805,397742,-5.61,14,85.7,0.6627,0.1799,0.8537,0.1325,0.3611,0.3632,0.706,0.3569,-0.0683,C,0.2259,0.322-0.622,0.795,0.595,0.149
6806,397756,4.27,14,85.7,0.4342,0.2305,0.8498,0.1198,0.3656,1.4814,0.7779,0.3956,-0.0423,C,0.2332,0.322-0.622,0.795,0.595,0.149
6807,397770,-16.59,14,100.0,0.795,0.17,0.8729,0.1726,0.4004,0.1705,0.7877,0.4015,-0.1027,C,0.2047,0.322-0.622,0.795,0.595,0.149
6808,397787,-26.14,17,70.6,1.0682,0.0465,0.7669,0.2392,0.4777,0.0044,0.1754,0.3264,-0.1747,C,0.2369,0.322-0.622,0.795,0.595,0.149
6809,397801,-5.08,14,100.0,0.6362,0.191,0.8015,0.1653,0.4049,0.8805,0.8251,0.4638,-0.0905,C,0.2278,0.322-0.622,0.795,0.595,0.149
6810,397830,-13.13,29,82.8,0.8046,0.1635,0.6889,0.2601,0.6717,0.0973,0.6136,0.3075,-0.1863,C,0.244,0.322-0.622,0.795,0.595,0.149
6811,397844,-2.73,14,100.0,0.6296,0.2144,0.8531,0.1563,0.399,0.7757,0.8303,0.3193,-0.1128,C,0.2358,0.322-0.622,0.795,0.595,0.149
6812,397858,-17.48,14,100.0,0.7384,0.1465,0.8657,0.1509,0.3507,0.4444,0.6615,0.4883,-0.0765,C,0.2371,0.322-0.622,0.795,0.595,0.149
6813,397872,-4.76,14,78.6,0.5156,0.2226,0.894,0.0985,0.3117,1.0722,0.6799,0.4652,-0.0313,C,0.2038,0.322-0.622,0.795,0.595,0.149
6814,398303,372.73,431,99.5,0.405,0.2084,0.4117,0.536,0.9632,1.9124,0.861,0.3601,-0.5233,C,0.2263,0.322-0.622,0.796,0.596,0.149
6815,398319,0.13,16,87.5,0.5252,0.2298,0.7918,0.2326,0.4647,1.0507,0.7762,0.4709,-0.1793,C,0.2129,0.322-0.622,0.796,0.596,0.149
6816,398332,-10.26,13,69.2,0.8747,0.1376,0.869,0.1323,0.4026,0.0373,0.4515,0.2999,-0.0851,C,0.2427,0.322-0.622,0.796,0.596,0.149
6817,398394,71.49,62,96.8,0.4034,0.2319,0.6412,0.3615,0.7603,1.9369,0.8926,0.3912,-0.3294,C,0.2409,0.322-0.622,0.797,0.597,0.149
6818,398407,-17.83,13,100.0,0.6835,0.1886,0.8562,0.1586,0.3989,0.4127,0.8415,0.2653,-0.1032,C,0.2352,0.322-0.622,0.797,0.597,0.149
6819,398467,3.21,60,96.7,0.483,0.209,0.5351,0.4583,0.8224,1.1656,0.8518,0.3417,-0.4385,C,0.2441,0.322-0.622,0.797,0.597,0.149
6820,398503,45.01,36,100.0,0.3919,0.2175,0.6851,0.3016,0.6996,2.1753,0.9036,0.2941,-0.2324,C,0.2208,0.322-0.622,0.797,0.597,0.149
6821,398519,-22.07,16,93.8,0.6659,0.1853,0.7618,0.3694,0.4753,0.3949,0.771,0.4043,-0.3622,C,0.2499,0.322-0.622,0.797,0.597,0.149
6822,398533,-21.67,14,100.0,0.7613,0.1692,0.79,0.2601,0.4373,0.3109,0.7529,0.2774,-0.188,C,0.2451,0.322-0.622,0.797,0.597,0.149
6823,398570,1.67,37,89.2,0.5133,0.2204,0.5672,0.3588,0.7064,0.9831,0.7148,0.3511,-0.2947,C,0.2356,0.322-0.622,0.797,0.597,0.149
6824,398585,-15.54,15,73.3,0.6585,0.1888,0.8837,0.1306,0.2785,0.3303,0.5959,0.4465,-0.0436,C,0.2436,0.322-0.622,0.797,0.597,0.149
6825,398599,-25.9,14,100.0,0.6593,0.187,0.833,0.2574,0.4042,0.6232,0.819,0.3836,-0.2255,C,0.2272,0.322-0.622,0.797,0.597,0.149
6826,398613,-20.25,14,100.0,0.6523,0.204,0.8219,0.2443,0.3754,0.782,0.8477,0.3769,-0.1966,C,0.229,0.322-0.622,0.797,0.597,0.15
6827,398642,-0.45,29,93.1,0.5166,0.2275,0.5637,0.3764,0.6159,1.257,0.8093,0.4426,-0.3142,C,0.2207,0.322-0.622,0.797,0.597,0.15
6828,398655,2.25,13,100.0,0.6682,0.2192,0.8847,0.0875,0.415,0.3972,0.9326,0.2882,-0.0188,C,0.2141,0.322-0.622,0.797,0.597,0.15
6829,398771,-41.1,116,98.3,0.6411,0.1261,0.4134,0.4689,0.9036,0.7292,0.5856,0.328,-0.418,C,0.2065,0.322-0.622,0.797,0.597,0.15
6830,398785,-12.69,14,92.9,0.5554,0.2306,0.8711,0.1979,0.3939,0.9172,0.833,0.4547,-0.1898,C,0.2019,0.322-0.622,0.797,0.597,0.15
6831,398799,-17.52,14,0.0,0.0,0.0,0.948,0.0609,0.2798,0.0,0.0,0.3799,-0.0108,C,0.2079,0.322-0.622,0.797,0.597,0.15
6832,398813,-3.05,14,100.0,0.6181,0.2227,0.8518,0.1577,0.4198,0.7646,0.9105,0.4231,-0.0922,C,0.2107,0.322-0.622,0.797,0.597,0.15
6833,398826,-21.13,13,76.9,0.7555,0.1506,0.8868,0.1253,0.403,0.1612,0.5447,0.3864,-0.0993,C,0.221,0.322-0.622,0.797,0.597,0.15
6834,398842,-17.36,16,93.8,0.9664,0.063,0.7835,0.2305,0.4381,0.0307,0.2829,0.3838,-0.1258,C,0.2473,0.322-0.622,0.798,0.598,0.15
6835,398856,-1.68,14,100.0,0.511,0.2273,0.8338,0.1704,0.4117,1.255,0.903,0.3815,-0.1023,C,0.2316,0.322-0.622,0.798,0.598,0.15
6836,398869,-17.73,13,92.3,0.7439,0.181,0.8789,0.186,0.4068,0.2477,0.762,0.3953,-0.1917,C,0.2125,0.322-0.622,0.798,0.598,0.15
6837,398883,-9.55,14,100.0,0.6886,0.2039,0.8462,0.1552,0.3767,0.479,0.8495,0.4586,-0.0867,C,0.2057,0.322-0.622,0.798,0.598,0.15
6838,398897,-12.98,14,78.6,0.9893,0.0415,0.7982,0.1785,0.4065,0.016,0.1757,0.3711,-0.0948,C,0.2076,0.322-0.622,0.798,0.598,0.15
6839,398910,-18.01,13,100.0,0.9081,0.1083,0.8351,0.2103,0.4524,0.0556,0.5105,0.3767,-0.1817,C,0.2433,0.322-0.622,0.798,0.598,0.15
6840,398924,-24.19,14,50.0,0.9692,0.0626,0.9144,0.0996,0.2826,0.0078,0.1594,0.401,-0.0277,C,0.2063,0.322-0.622,0.798,0.598,0.15
6841,398939,-11.0,15,86.7,0.8424,0.114,0.8217,0.1921,0.3881,0.0874,0.469,0.3608,-0.1005,C,0.2131,0.322-0.622,0.798,0.598,0.15
6842,398952,-32.99,13,0.0,0.0,0.0,0.853,0.1802,0.436,0.0,0.0,0.3292,-0.0944,C,0.2211,0.322-0.622,0.798,0.598,0.15
6843,398967,-23.65,15,100.0,0.7849,0.1284,0.7973,0.2361,0.3765,0.2436,0.5878,0.4686,-0.1665,C,0.2106,0.322-0.622,0.798,0.598,0.15
6844,398983,-17.64,16,75.0,0.8856,0.0927,0.7916,0.2404,0.4227,0.03,0.3307,0.3433,-0.1918,C,0.2485,0.322-0.622,0.798,0.598,0.15
6845,398997,-2.5,14,92.9,0.7162,0.1846,0.8898,0.1043,0.3337,0.6726,0.7258,0.3413,-0.0521,C,0.249,0.322-0.622,0.798,0.598,0.15
6846,399011,-12.03,14,100.0,0.6956,0.1613,0.863,0.1604,0.422,0.625,0.6908,0.3755,-0.0678,C,0.225,0.322-0.622,0.798,0.598,0.15
6847,399028,-8.73,17,76.5,0.4314,0.227,0.7388,0.2448,0.3749,1.4143,0.6726,0.3986,-0.1907,C,0.2,0.322-0.622,0.798,0.598,0.15
6848,399042,-17.34,14,0.0,0.0,0.0,0.9045,0.1006,0.3116,0.0,0.0,0.476,-0.0302,C,0.2204,0.322-0.622,0.798,0.598,0.15
6849,399057,-13.99,15,40.0,1.1642,0.0264,0.8975,0.0921,0.2998,0.0005,0.0706,0.3223,-0.0285,C,0.2065,0.322-0.622,0.798,0.598,0.15
6850,399073,-3.75,16,87.5,0.7517,0.1596,0.8534,0.1518,0.3349,0.4269,0.6143,0.4306,-0.074,C,0.248,0.322-0.622,0.798,0.598,0.15
6851,399086,-18.26,13,100.0,0.8638,0.1081,0.8659,0.1571,0.4381,0.0853,0.5022,0.3482,-0.0925,C,0.2465,0.322-0.622,0.798,0.598,0.15
6852,399111,15.15,25,96.0,0.5085,0.2356,0.5692,0.3547,0.6382,1.4043,0.839,0.3856,-0.2875,C,0.2165,0.322-0.622,0.798,0.598,0.15
6853,399127,-17.8,16,68.8,0.9562,0.0682,0.796,0.1903,0.3932,0.0133,0.2232,0.3294,-0.0968,C,0.2487,0.322-0.622,0.798,0.598,0.15
6854,399140,-7.1,13,100.0,0.6342,0.2146,0.8502,0.1181,0.4382,0.7411,0.8757,0.4324,-0.0475,C,0.2187,0.322-0.622,0.798,0.598,0.15
6855,399153,-8.51,13,92.3,0.8722,0.0763,0.8584,0.1199,0.3905,0.0522,0.3466,0.3302,-0.054,C,0.2349,0.322-0.622,0.798,0.598,0.15
6856,399168,-12.72,15,80.0,0.6187,0.2029,0.8827,0.1061,0.2945,0.7708,0.696,0.2938,-0.0328,C,0.2292,0.322-0.622,0.798,0.598,0.15
6857,399182,-5.4,14,100.0,0.7785,0.1604,0.8327,0.1626,0.4401,0.2098,0.7496,0.2968,-0.0781,C,0.2205,0.322-0.622,0.798,0.598,0.15
6858,399196,-33.16,14,50.0,1.1968,0.0204,0.8527,0.2265,0.4144,0.0004,0.0807,0.3351,-0.2059,C,0.2229,0.322-0.622,0.798,0.598,0.15
6859,399211,-13.2,15,100.0,0.6357,0.189,0.8575,0.1575,0.4127,0.8957,0.7931,0.2575,-0.0809,C,0.2308,0.322-0.622,0.798,0.598,0.15
6860,399224,-19.31,13,100.0,0.979,0.0456,0.8558,0.1744,0.442,0.0253,0.2394,0.4595,-0.1024,C,0.2456,0.322-0.622,0.798,0.598,0.15
6861,399238,-14.82,14,100.0,0.8997,0.12,0.8179,0.2252,0.4329,0.0797,0.567,0.2693,-0.1883,C,0.2292,0.322-0.622,0.798,0.598,0.15
6862,399251,-9.62,13,100.0,0.921,0.0831,0.8478,0.1608,0.429,0.0423,0.3853,0.3909,-0.0908,C,0.2484,0.322-0.622,0.798,0.598,0.15
6863,399265,-21.12,14,100.0,0.8814,0.108,0.8107,0.2421,0.4145,0.0838,0.508,0.3581,-0.2013,C,0.2101,0.322-0.622,0.798,0.598,0.15
6864,399279,-10.29,14,100.0,0.6471,0.2116,0.8631,0.2396,0.3728,0.8979,0.8322,0.3482,-0.2351,C,0.2216,0.322-0.622,0.798,0.598,0.15
6865,399293,-1.88,14,100.0,0.556,0.2206,0.808,0.185,0.41,1.0222,0.938,0.4457,-0.1158,C,0.2337,0.322-0.622,0.798,0.598,0.15
6866,399309,-9.13,16,100.0,0.9177,0.1136,0.7125,0.2499,0.5305,0.05,0.5399,0.3758,-0.153,C,0.2179,0.322-0.622,0.799,0.599,0.15
6867,399323,-16.51,14,100.0,0.8139,0.1255,0.8294,0.2076,0.4348,0.1467,0.5948,0.4536,-0.1651,C,0.2314,0.322-0.622,0.799,0.599,0.15
6868,399337,-16.68,14,100.0,0.7892,0.1423,0.7979,0.2819,0.3705,0.6445,0.6428,0.3583,-0.2457,C,0.2269,0.322-0.622,0.799,0.599,0.15
6869,399351,-9.22,14,50.0,1.0099,0.0614,0.9234,0.0708,0.3078,0.0052,0.1525,0.4316,-0.0116,C,0.237,0.322-0.622,0.799,0.599,0.15
6870,399364,-9.82,13,100.0,0.6586,0.2209,0.8992,0.0805,0.4166,0.4158,0.9635,0.355,-0.0138,C,0.2058,0.322-0.622,0.799,0.599,0.15
6871,399379,-20.71,15,86.7,0.7884,0.1323,0.8519,0.1848,0.371,0.1046,0.5197,0.3614,-0.1286,C,0.2123,0.322-0.622,0.799,0.599,0.15
6872,399393,-19.29,14,0.0,0.0,0.0,0.9337,0.0958,0.282,0.0,0.0,0.4617,-0.048,C,0.211,0.322-0.622,0.799,0.599,0.15
6873,399407,-11.43,14,100.0,0.9481,0.0778,0.8141,0.1718,0.4347,0.0338,0.3749,0.3505,-0.0823,C,0.2314,0.322-0.622,0.799,0.599,0.15
6874,399422,-11.81,15,100.0,0.5564,0.2327,0.746,0.2656,0.4649,1.0397,0.9634,0.2933,-0.1899,C,0.239,0.322-0.622,0.799,0.599,0.15
6875,399435,-28.23,13,92.3,0.8005,0.1169,0.905,0.1599,0.3693,0.1091,0.5047,0.3246,-0.1488,C,0.2448,0.322-0.622,0.799,0.599,0.15
6876,399448,-8.64,13,100.0,0.876,0.1021,0.8843,0.1311,0.4172,0.0977,0.4853,0.4374,-0.0917,C,0.2467,0.322-0.622,0.799,0.599,0.15
6877,399462,-12.46,14,92.9,0.5654,0.219,0.8426,0.1595,0.3677,0.8735,0.8435,0.4206,-0.1095,C,0.2039,0.322-0.622,0.799,0.599,0.15
6878,399476,-12.13,14,100.0,0.7749,0.1498,0.876,0.1639,0.3921,0.7028,0.6722,0.4712,-0.1507,C,0.238,0.322-0.622,0.799,0.599,0.15
6879,399490,-16.12,14,0.0,0.0,0.0,0.9457,0.0668,0.2816,0.0,0.0,0.4711,-0.0095,C,0.219,0.322-0.622,0.799,0.599,0.15
6880,399548,-14.21,58,98.3,0.578,0.2159,0.5485,0.4478,0.8085,0.7464,0.9082,0.4104,-0.428,C,0.2251,0.322-0.622,0.799,0.599,0.15
6881,399563,-1.67,15,100.0,0.5699,0.2174,0.7714,0.2184,0.3861,1.1579,0.8967,0.4051,-0.1537,C,0.2039,0.322-0.622,0.799,0.599,0.15
6882,399577,-20.83,14,100.0,0.7448,0.1717,0.7832,0.2392,0.4402,0.3266,0.7605,0.3066,-0.1732,C,0.2263,0.322-0.622,0.799,0.599,0.15
6883,399591,-16.67,14,0.0,0.0,0.0,0.9362,0.058,0.2804,0.0,0.0,0.4678,-0.0165,C,0.2363,0.322-0.622,0.799,0.599,0.15
6884,399604,-11.8,13,100.0,0.6486,0.2023,0.8635,0.1135,0.3998,0.469,0.8819,0.3828,-0.0432,C,0.2222,0.322-0.622,0.799,0.599,0.15
6885,399619,-19.69,15,66.7,0.9065,0.1098,0.8688,0.1524,0.3035,0.027,0.3473,0.2654,-0.0759,C,0.2356,0.322-0.622,0.799,0.599,0.15
6886,399633,-22.99,14,0.0,0.0,0.0,0.9026,0.0971,0.3244,0.0,0.0,0.3679,-0.053,C,0.2052,0.322-0.622,0.799,0.599,0.15
6887,399646,-22.95,13,100.0,0.6451,0.2067,0.8623,0.1829,0.4471,0.4789,0.86,0.3361,-0.1634,C,0.2478,0.322-0.622,0.799,0.599,0.15
6888,399660,-12.27,14,100.0,0.7884,0.1506,0.8556,0.1206,0.3758,0.639,0.6703,0.3554,-0.0434,C,0.2138,0.322-0.622,0.799,0.599,0.15
6889,399674,-11.11,14,85.7,0.6682,0.1715,0.848,0.16,0.3918,0.3432,0.6779,0.3647,-0.09,C,0.2256,0.322-0.622,0.799,0.599,0.15
6890,399690,-17.96,16,87.5,0.7383,0.1653,0.8183,0.2406,0.4027,0.2203,0.6361,0.4455,-0.1937,C,0.2197,0.322-0.622,0.799,0.599,0.15
6891,399723,-21.69,33,90.9,0.7587,0.1481,0.6563,0.3561,0.6966,0.1931,0.6325,0.4075,-0.3046,C,0.2199,0.322-0.622,0.799,0.599,0.15
6892,399737,-8.18,14,100.0,0.7493,0.1765,0.8404,0.2077,0.452,0.3166,0.7589,0.4136,-0.1441,C,0.2271,0.322-0.622,0.799,0.599,0.15
6893,399751,-15.25,14,100.0,0.7184,0.1818,0.8746,0.1223,0.3242,0.7022,0.7814,0.348,-0.0445,C,0.2463,0.322-0.622,0.799,0.599,0.15
6894,399767,-30.22,16,56.2,1.0946,0.0498,0.8673,0.212,0.4055,0.0018,0.1424,0.3152,-0.1897,C,0.2055,0.322-0.622,0.799,0.599,0.15
6895,399781,-30.32,14,100.0,0.9583,0.0939,0.824,0.2384,0.406,0.1097,0.4637,0.2583,-0.2477,C,0.2202,0.322-0.622,0.8,0.6,0.15
6896,399795,-17.84,14,0.0,0.0,0.0,0.953,0.0479,0.2884,0.0,0.0,0.3881,-0.0069,C,0.2063,0.322-0.622,0.8,0.6,0.15
6897,399809,-10.34,14,100.0,0.5791,0.1907,0.8056,0.153,0.4521,1.0236,0.7688,0.3131,-0.0556,C,0.2416,0.322-0.622,0.8,0.6,0.15
6898,399823,-13.82,14,92.9,0.7601,0.162,0.8917,0.1111,0.3399,0.3938,0.6559,0.2725,-0.0451,C,0.2273,0.322-0.622,0.8,0.6,0.15
6899,399837,5.14,14,92.9,0.5062,0.2054,0.8641,0.1203,0.3316,1.456,0.7828,0.2167,-0.0556,C,0.2241,0.322-0.622,0.8,0.6,0.15
6900,399851,0.45,14,100.0,0.5163,0.2158,0.8457,0.1646,0.3714,1.2431,0.9267,0.4077,-0.0804,C,0.2348,0.322-0.622,0.8,0.6,0.15
6901,399865,-13.71,14,100.0,0.7743,0.1621,0.864,0.1902,0.3881,0.2386,0.7067,0.4653,-0.1296,C,0.2086,0.322-0.622,0.8,0.6,0.15
6902,399881,-28.3,16,62.5,0.815,0.0837,0.782,0.2662,0.4331,0.0571,0.2531,0.3599,-0.2075,C,0.2317,0.322-0.622,0.8,0.6,0.15
6903,399895,-4.8,14,92.9,0.7539,0.1436,0.9276,0.1063,0.3342,0.3642,0.588,0.3489,-0.0619,C,0.2462,0.322-0.622,0.8,0.6,0.15
6904,399910,-14.48,15,86.7,0.7085,0.1815,0.8276,0.2439,0.392,0.2291,0.7062,0.3179,-0.2238,C,0.2261,0.322-0.622,0.8,0.6,0.15
6905,399930,-7.05,20,85.0,0.9144,0.1039,0.7239,0.2172,0.5584,0.0401,0.4227,0.3396,-0.1252,C,0.2475,0.322-0.622,0.8,0.6,0.15
6906,399945,-9.87,15,93.3,0.5986,0.2124,0.8035,0.1522,0.3624,0.943,0.8377,0.3588,-0.0672,C,0.238,0.322-0.622,0.8,0.6,0.15
6907,399959,-19.07,14,100.0,0.7538,0.1849,0.8605,0.1881,0.4406,0.2186,0.8328,0.3794,-0.1361,C,0.2221,0.322-0.622,0.8,0.6,0.15
6908,399973,-3.34,14,100.0,0.5419,0.2205,0.8634,0.1259,0.4031,1.2072,0.8922,0.2758,-0.0532,C,0.229,0.322-0.622,0.8,0.6,0.15
