episode,timestep,reward,steps,mean_distance,min_distance,final_distance,std_distance,mean_centering,mean_scale,visibility_pct,proximity_violations,mean_target_fraction,max_target_fraction
1,61,-78.71,61,1.316,1.014,1.343,0.121,1.922,1.916,88.5,0,0.0541,0.1172
2,109,-176.41,48,0.861,0.76,1.017,0.079,1.446,1.648,89.6,0,0.0439,0.0586
3,158,-225.96,49,0.957,0.895,0.957,0.038,1.259,1.224,59.2,0,0.0384,0.1201
4,200,-258.35,42,0.692,0.181,0.181,0.254,1.574,0.857,95.2,3,0.1086,0.2812
5,294,-423.9,94,1.556,0.985,2.451,0.427,0.0,0.0,0.0,0,0.0,0.0
6,347,-253.76,53,0.988,0.945,1.021,0.026,1.532,0.373,39.6,0,0.01,0.0137
7,441,-294.85,94,1.449,0.97,2.611,0.474,1.209,1.48,51.1,0,0.1006,0.1299
8,493,-220.79,52,0.972,0.854,0.917,0.064,2.096,-0.001,82.7,14,0.155,0.2422
9,564,-234.65,71,1.239,0.998,1.287,0.14,1.644,1.446,49.3,0,0.0386,0.0693
10,638,-261.63,74,1.158,0.965,1.472,0.142,0.837,1.106,54.1,0,0.0295,0.0449
11,684,-323.53,46,0.851,0.78,0.99,0.043,0.522,0.122,6.5,0,0.0033,0.0039
12,739,-319.49,55,0.773,0.356,0.356,0.179,1.11,0.43,34.5,0,0.0115,0.0342
13,777,-239.87,38,1.304,1.013,1.749,0.214,0.981,1.623,76.3,0,0.0433,0.0674
14,903,-485.82,126,1.405,0.881,3.063,0.624,0.0,0.0,0.0,0,0.0,0.0
15,962,-258.5,59,1.085,0.982,0.982,0.06,1.237,1.461,39.0,0,0.0416,0.1016
16,1035,-186.17,73,1.155,0.892,1.848,0.286,1.357,2.078,78.1,0,0.0637,0.1221
17,1171,-218.06,136,1.635,0.999,2.287,0.433,1.519,0.412,73.5,0,0.1392,0.1963
18,1297,-200.91,126,2.341,0.993,5.055,1.195,1.307,1.455,81.0,0,0.0515,0.1143
19,1370,-390.31,73,0.976,0.746,0.773,0.121,0.228,0.11,2.7,0,0.0029,0.0029
20,1426,-166.43,56,1.458,0.987,2.053,0.309,1.806,1.028,100.0,4,0.1279,0.2334
21,1486,-203.12,60,1.196,1.005,1.305,0.09,2.022,2.264,55.0,0,0.0806,0.1016
22,1579,-337.89,93,1.803,1.023,2.191,0.42,2.539,0.578,9.7,0,0.0154,0.0273
23,1687,-310.15,108,1.789,0.972,2.691,0.52,1.826,0.931,42.6,0,0.0314,0.1396
24,1762,-362.13,75,1.051,0.891,1.209,0.121,0.0,0.0,0.0,0,0.0,0.0
25,1959,-675.13,197,2.471,0.996,4.708,1.189,0.504,0.659,3.0,0,0.0176,0.0283
26,2046,-302.19,87,1.211,0.994,1.188,0.084,1.373,0.942,37.9,0,0.0251,0.0635
27,2089,-343.23,43,1.39,1.016,1.898,0.264,0.0,0.0,0.0,0,0.0,0.0
28,2140,-262.86,51,0.794,0.664,0.709,0.091,1.278,1.115,35.3,0,0.0297,0.0684
29,2189,-175.54,49,0.62,0.064,0.13,0.331,1.503,2.009,89.8,0,0.0558,0.0908
30,2235,-239.47,46,1.095,0.98,1.242,0.077,1.102,1.285,52.2,0,0.0343,0.0625
31,2330,-171.33,95,0.559,0.063,0.857,0.284,1.653,1.239,75.8,0,0.0368,0.1221
32,2384,-145.95,54,1.113,0.984,1.187,0.061,1.349,1.772,92.6,0,0.0475,0.083
33,2459,-258.88,75,0.383,0.078,0.391,0.173,1.383,0.909,54.7,0,0.0274,0.125
34,2589,-72.32,130,1.317,0.907,1.133,0.245,1.815,0.892,100.0,20,0.0873,0.2637
35,2680,-419.69,91,2.09,1.018,3.087,0.666,0.831,0.128,2.2,0,0.0034,0.0039
36,2728,-245.42,48,0.813,0.676,0.761,0.113,1.279,1.137,58.3,0,0.0308,0.085
37,2768,-206.28,40,0.887,0.787,0.847,0.075,2.204,0.63,92.5,0,0.0168,0.0254
38,2847,-37.07,79,1.062,0.936,1.596,0.156,1.728,2.25,100.0,0,0.0717,0.1221
39,2921,-358.75,74,1.472,0.948,2.581,0.494,2.078,0.568,41.9,0,0.0286,0.1436
40,3049,-553.86,128,1.115,0.211,3.488,0.784,1.518,-0.655,28.9,12,0.1203,0.3486
41,3164,-253.64,115,1.159,0.55,1.796,0.35,1.828,2.291,38.3,0,0.0715,0.0996
42,3230,-293.5,66,1.385,1.005,2.021,0.272,1.316,1.273,39.4,0,0.034,0.0537
43,3473,-737.27,243,1.802,0.27,6.745,1.387,0.913,0.571,22.6,2,0.0339,0.2686
44,3554,-406.01,81,0.93,0.694,0.822,0.139,0.0,0.0,0.0,0,0.0,0.0
45,3684,-306.12,130,1.739,0.978,3.937,0.872,1.344,1.436,48.5,0,0.0477,0.126
46,3828,-166.8,144,2.174,0.997,4.482,1.107,1.849,0.786,100.0,25,0.0952,0.3945
47,3880,-336.37,52,0.856,0.72,0.72,0.065,0.0,0.0,0.0,0,0.0,0.0
48,3917,-164.93,37,0.939,0.825,1.101,0.068,1.557,1.822,86.5,0,0.0486,0.0674
49,4035,-590.7,118,1.586,0.89,3.814,0.821,0.249,0.439,0.8,0,0.0117,0.0117
50,4136,-114.19,101,1.686,0.983,3.46,0.7,1.423,1.555,84.2,0,0.0441,0.0996
51,4294,-493.29,158,2.386,0.764,6.304,1.709,2.02,1.027,24.1,0,0.0274,0.0391
52,4379,-212.93,85,0.778,0.567,1.133,0.133,1.254,1.299,88.2,0,0.0736,0.1602
53,4429,-276.17,50,1.109,0.934,1.494,0.16,1.029,1.278,20.0,0,0.0341,0.0479
54,4499,-130.59,70,0.895,0.802,1.025,0.049,1.586,1.439,84.3,0,0.0434,0.1201
55,4586,-215.83,87,1.838,1.03,3.565,0.734,1.958,0.616,98.9,0,0.1257,0.1943
56,4644,-375.19,58,0.727,0.509,1.033,0.158,0.339,0.43,6.9,0,0.0115,0.0166
57,4698,-224.74,54,0.966,0.864,1.149,0.066,1.343,0.634,72.2,0,0.0169,0.0547
58,4788,-130.99,90,0.691,0.319,0.488,0.257,2.425,1.813,63.3,0,0.0483,0.0703
59,4884,-120.64,96,1.659,1.002,2.768,0.523,1.953,1.57,75.0,0,0.0419,0.0742
60,5008,-354.97,124,1.177,0.753,2.575,0.481,1.759,0.907,34.7,0,0.0242,0.0723
61,5149,-133.63,141,2.07,0.853,5.427,1.348,1.648,1.111,97.9,0,0.0296,0.0723
62,5315,-320.9,166,2.193,1.016,3.381,0.848,1.634,1.546,45.2,0,0.1138,0.1562
63,5358,-339.55,43,1.266,0.989,1.7,0.195,0.0,0.0,0.0,0,0.0,0.0
64,5401,-284.45,43,0.851,0.621,0.621,0.118,1.002,0.906,25.6,0,0.0241,0.0635
65,5452,-220.74,51,1.438,1.028,2.106,0.315,1.578,0.804,96.1,0,0.0223,0.0918
66,5601,-220.26,149,2.342,0.2,6.447,1.896,1.454,1.359,100.0,13,0.0858,0.4004
67,5648,-319.75,47,0.839,0.606,0.607,0.124,0.977,0.14,12.8,0,0.0037,0.0049
68,5744,-407.18,96,1.562,0.995,1.963,0.324,1.283,0.596,11.5,0,0.0159,0.0264
69,5838,-365.92,94,1.16,0.859,0.859,0.137,0.927,0.473,12.8,0,0.0126,0.0215
70,5965,-105.93,127,1.859,1.019,3.484,0.614,2.002,2.01,78.7,8,0.0864,0.252
71,6121,-352.07,156,1.061,0.151,3.173,0.836,1.321,1.33,50.0,0,0.0745,0.1504
72,6229,-392.71,108,1.074,0.911,1.017,0.086,1.131,0.561,12.0,0,0.0149,0.0283
73,6364,-124.03,135,1.596,0.694,3.992,0.99,2.021,1.426,81.5,0,0.0447,0.1143
74,6422,-191.97,58,0.627,0.349,0.358,0.196,1.731,2.086,63.8,0,0.0795,0.1104
75,6529,-168.47,107,1.463,0.956,2.365,0.508,1.433,1.763,61.7,0,0.0491,0.0928
76,6654,-553.67,125,1.916,1.0,4.829,1.065,0.0,0.0,0.0,0,0.0,0.0
77,6737,-105.25,83,1.214,1.008,1.173,0.081,1.693,0.926,100.0,12,0.1037,0.2148
78,6856,-302.61,119,1.544,0.97,1.811,0.298,0.779,0.91,51.3,0,0.0243,0.0723
79,6991,-538.27,135,1.82,0.95,3.575,0.748,0.811,0.244,4.4,0,0.0065,0.0088
80,7098,-422.24,107,0.423,0.08,0.243,0.297,0.0,0.0,0.0,0,0.0,0.0
81,7144,-283.84,46,0.838,0.686,0.686,0.097,0.93,0.772,63.0,0,0.0206,0.0557
82,7193,-232.53,49,1.204,1.014,1.565,0.138,1.587,1.282,67.3,0,0.0438,0.1123
83,7284,-329.75,91,0.766,0.632,0.813,0.121,1.45,1.159,52.7,0,0.0309,0.0439
84,7339,-291.1,55,1.047,0.99,1.094,0.027,0.897,0.405,69.1,0,0.0108,0.0176
85,7411,-277.42,72,0.791,0.543,0.943,0.166,1.322,1.147,19.4,0,0.0348,0.1006
86,7532,-237.75,121,2.084,0.921,4.518,1.127,2.291,-0.036,100.0,40,0.1635,0.3633
87,7614,-123.14,82,0.831,0.53,0.549,0.122,2.216,1.752,69.5,0,0.0828,0.1357
88,7768,-481.76,154,1.98,0.923,5.363,1.276,1.805,-0.618,94.8,60,0.1669,0.4775
89,7878,-237.25,110,0.722,0.328,1.143,0.215,1.447,1.567,78.2,0,0.0452,0.1064
90,7956,-317.39,78,1.529,0.951,2.235,0.393,0.89,0.65,30.8,0,0.0173,0.0469
91,8007,-277.52,51,0.619,0.257,0.257,0.21,1.674,0.853,33.3,0,0.0227,0.0371
92,8153,-234.36,146,2.709,1.023,5.219,1.362,1.651,0.56,89.7,17,0.089,0.3105
93,8336,-272.65,183,2.71,0.955,5.058,1.272,1.41,0.964,70.5,3,0.0533,0.2031
94,8486,-323.05,150,0.82,0.209,1.449,0.441,1.424,1.44,42.0,0,0.0399,0.1045
95,8570,-187.04,84,0.553,0.377,1.054,0.168,1.564,0.825,79.8,0,0.022,0.0771
96,8701,-356.01,131,1.975,0.954,4.13,1.006,1.418,0.536,53.4,0,0.0143,0.0234
97,8878,-561.23,177,2.276,0.937,3.612,0.84,1.53,0.814,20.3,0,0.0233,0.1094
98,9016,-273.29,138,2.662,0.997,6.049,1.407,1.269,1.264,79.0,0,0.0337,0.0771
99,9145,-390.91,129,1.029,0.533,2.783,0.557,1.387,1.299,32.6,0,0.0346,0.0791
100,9261,-305.33,116,1.247,0.002,3.678,1.022,1.766,0.603,89.7,22,0.1027,0.2969
101,9398,-602.82,137,1.563,0.563,4.748,1.126,0.0,0.0,0.0,0,0.0,0.0
102,9534,-77.7,136,0.893,0.142,2.373,0.523,1.76,1.471,90.4,0,0.1035,0.1729
103,9601,-68.47,67,0.743,0.365,0.372,0.197,1.954,2.259,88.1,0,0.0623,0.1016
104,9642,-182.35,41,0.695,0.281,0.281,0.203,1.328,1.849,82.9,0,0.0494,0.0811
105,9755,-228.95,113,2.357,1.009,3.838,0.901,1.422,1.176,56.6,0,0.0314,0.0674
106,9926,-175.9,171,2.001,0.854,5.033,1.178,1.859,1.647,67.3,0,0.044,0.084
107,10097,-456.27,171,2.463,0.946,5.149,1.416,1.514,0.574,61.4,10,0.0983,0.2559
108,10213,-486.71,116,1.778,0.955,3.468,0.819,1.343,-0.879,67.2,39,0.1784,0.374
109,10323,-469.28,110,0.837,0.642,1.709,0.254,1.501,0.192,3.6,0,0.0051,0.0078
110,10430,-461.03,107,1.504,0.988,2.948,0.553,0.175,0.22,4.7,0,0.0059,0.0078
111,10610,-615.61,180,1.381,0.76,3.575,0.512,1.286,0.229,11.1,0,0.0061,0.0098
112,10716,-303.02,106,1.318,0.234,3.642,1.007,1.313,0.898,87.7,9,0.0664,0.293
113,10771,-109.19,55,1.021,0.741,0.741,0.117,1.422,1.997,92.7,0,0.0627,0.1074
114,10843,-277.85,72,1.39,0.963,2.347,0.402,1.137,1.695,47.2,0,0.0472,0.0986
115,11045,-622.0,202,1.648,0.036,5.565,1.462,1.076,0.408,16.8,0,0.0109,0.0371
116,11114,-237.35,69,1.167,0.969,0.969,0.085,1.374,1.342,40.6,0,0.0358,0.0723
117,11236,-658.95,122,2.504,0.952,5.771,1.458,0.0,0.0,0.0,0,0.0,0.0
118,11302,-394.79,66,1.499,1.023,2.311,0.368,1.429,0.394,12.1,0,0.0105,0.0195
119,11363,-346.61,61,0.838,0.72,0.987,0.082,0.757,0.22,1.6,0,0.0059,0.0059
120,11410,-163.61,47,1.004,0.73,0.741,0.101,1.691,1.923,85.1,0,0.0513,0.0781
121,11584,-425.52,174,1.83,0.779,4.97,1.212,1.661,-0.155,73.0,34,0.1304,0.4375
122,11719,-107.65,135,0.89,0.675,1.369,0.16,1.7,2.089,65.2,0,0.0573,0.0898
123,11788,-397.36,69,0.986,0.821,0.958,0.083,0.0,0.0,0.0,0,0.0,0.0
124,11883,-194.48,95,0.72,0.597,0.713,0.054,1.652,1.372,50.5,0,0.0427,0.125
125,11949,-381.48,66,1.258,0.981,2.072,0.283,0.0,0.0,0.0,0,0.0,0.0
126,11983,-300.48,34,1.219,0.966,1.549,0.175,0.0,0.0,0.0,0,0.0,0.0
127,12120,-407.34,137,2.851,0.991,5.324,1.286,2.07,-0.804,100.0,64,0.2168,0.4961
128,12303,-539.23,183,1.431,0.604,4.275,0.916,1.353,-0.016,77.6,41,0.1583,0.4717
129,12395,-289.05,92,0.892,0.704,1.311,0.131,1.218,1.132,42.4,0,0.0324,0.1006
130,12473,-146.13,78,1.458,0.944,2.695,0.525,1.405,1.835,96.2,0,0.073,0.126
131,12557,-327.48,84,1.249,0.964,1.503,0.147,0.899,0.317,23.8,0,0.0084,0.0166
132,12666,-457.84,109,1.337,0.517,3.804,0.954,1.208,-0.333,11.0,3,0.1112,0.4033
133,12843,-616.95,177,1.029,0.391,3.139,0.752,0.0,0.0,0.0,0,0.0,0.0
134,12921,-428.3,78,1.067,0.825,1.796,0.279,0.161,0.286,6.4,0,0.0076,0.0127
135,13009,-29.76,88,1.342,1.008,1.579,0.202,1.382,2.181,90.9,0,0.0608,0.1045
136,13147,-467.45,138,1.387,0.635,3.867,0.945,0.901,0.463,29.7,0,0.0123,0.0518
137,13303,-256.12,156,2.237,0.975,3.748,0.774,1.897,2.02,42.9,0,0.0827,0.1484
138,13452,-263.37,149,1.16,0.015,3.662,0.846,1.452,0.685,73.2,0,0.0362,0.165
139,13566,-541.55,114,1.131,0.273,3.289,0.848,1.537,-1.117,51.8,30,0.2315,0.4775
140,13690,-241.32,124,2.103,0.982,4.505,1.032,1.299,1.328,79.0,0,0.07,0.1484
141,13822,-461.45,132,0.881,0.302,0.985,0.281,0.609,0.24,22.7,0,0.0064,0.0176
142,13881,-351.35,59,0.899,0.435,0.435,0.171,0.0,0.0,0.0,0,0.0,0.0
143,14047,-543.39,166,1.427,0.993,2.725,0.473,0.0,0.0,0.0,0,0.0,0.0
144,14220,-275.77,173,1.555,0.618,4.554,1.128,1.592,1.48,48.0,0,0.0395,0.0703
145,14337,-352.28,117,1.106,0.896,1.628,0.15,1.446,0.453,52.1,0,0.0121,0.0625
146,14387,-169.26,50,1.059,0.931,0.937,0.046,1.211,1.962,92.0,0,0.0542,0.0928
147,14521,-348.79,134,2.237,0.99,3.772,0.894,1.639,0.919,22.4,0,0.0271,0.1162
148,14699,-529.01,178,1.726,0.879,5.247,1.131,1.585,0.57,57.3,23,0.1207,0.4619
149,14830,-149.86,131,1.333,0.598,3.046,0.702,1.849,1.495,61.8,0,0.0418,0.0986
150,15008,-105.33,178,1.437,0.394,2.618,0.654,1.588,1.685,82.6,0,0.0586,0.1592
151,15104,-260.25,96,1.196,0.977,1.254,0.089,1.045,0.512,85.4,0,0.016,0.124
152,15390,-374.06,286,1.112,0.173,2.626,0.558,1.711,1.284,41.6,0,0.0433,0.1475
153,15451,-287.23,61,0.627,0.279,0.279,0.189,1.342,0.983,29.5,0,0.0262,0.041
154,15550,-288.8,99,0.979,0.666,1.189,0.139,1.676,1.44,24.2,0,0.04,0.0986
155,15677,-332.49,127,1.887,0.813,4.461,1.11,1.144,0.854,78.7,1,0.1011,0.2021
156,15836,-408.65,159,1.386,0.068,4.474,1.074,1.285,1.136,54.1,0,0.0381,0.1279
157,15941,-434.57,105,1.608,0.937,3.329,0.738,1.25,0.922,9.5,0,0.0385,0.1328
158,16076,-270.74,135,2.171,0.755,5.722,1.527,1.412,1.139,90.4,11,0.1191,0.4863
159,16198,-348.79,122,1.579,0.892,2.647,0.606,1.322,0.993,49.2,0,0.0711,0.1846
160,16306,-155.51,108,0.689,0.351,0.437,0.228,1.587,1.213,67.6,0,0.0323,0.0547
161,16509,-430.85,203,1.309,0.044,2.627,0.502,1.023,0.997,52.2,0,0.0369,0.1533
162,16569,-156.46,60,1.231,0.94,1.54,0.209,1.466,1.799,68.3,0,0.0545,0.1064
163,16741,-632.62,172,1.462,0.988,2.449,0.3,2.036,-1.686,29.7,26,0.2873,0.5811
164,16842,-331.97,101,1.906,0.834,3.543,0.804,1.426,0.428,46.5,0,0.0114,0.0244
165,16936,-101.73,94,1.395,0.982,1.951,0.325,2.024,1.011,92.6,14,0.1212,0.2744
166,17011,-254.94,75,0.972,0.786,0.833,0.094,1.92,1.052,50.7,0,0.0333,0.1318
167,17125,-277.96,114,1.916,1.014,2.896,0.608,1.788,0.477,88.6,22,0.109,0.377
168,17265,-274.21,140,1.815,0.36,5.487,1.521,1.271,1.766,67.9,0,0.0619,0.1221
169,17393,-624.97,128,1.556,0.346,4.48,1.221,0.0,0.0,0.0,0,0.0,0.0
170,17515,-73.66,122,0.7,0.163,1.181,0.271,1.488,1.557,85.2,0,0.0808,0.1436
171,17650,-173.05,135,0.736,0.45,0.877,0.177,1.038,2.044,71.9,0,0.0587,0.0918
172,17740,-258.54,90,0.742,0.499,1.022,0.174,1.388,1.841,42.2,0,0.0491,0.0801
173,17913,-285.06,173,2.025,0.506,5.851,1.659,1.62,0.694,87.3,22,0.0821,0.374
174,17975,-250.0,62,0.874,0.648,0.65,0.115,1.072,1.445,64.5,0,0.0446,0.124
175,18038,-248.63,63,1.566,0.973,2.537,0.467,1.268,0.48,90.5,2,0.1241,0.2061
176,18173,-382.13,135,1.498,0.572,3.997,1.02,1.155,0.821,77.0,15,0.1086,0.7246
177,18243,-350.59,70,1.157,0.954,0.959,0.085,0.0,0.0,0.0,0,0.0,0.0
178,18320,-315.15,77,0.948,0.746,1.131,0.134,1.102,1.328,22.1,0,0.0459,0.124
179,18455,-261.49,135,2.445,0.972,5.497,1.483,1.261,1.396,73.3,6,0.0708,0.2725
180,18565,-308.5,110,1.751,1.02,3.64,0.732,1.503,1.263,71.8,8,0.0783,0.3574
181,18650,-300.6,85,0.651,0.461,0.889,0.146,1.618,0.516,49.4,0,0.0138,0.0225
182,18793,-228.4,143,2.102,0.977,3.485,0.807,1.058,0.864,69.2,0,0.023,0.0586
183,18851,-106.15,58,1.083,0.934,1.484,0.161,1.83,2.227,100.0,0,0.0792,0.1299
184,18897,-156.89,46,0.598,0.032,0.032,0.27,1.68,1.71,87.0,0,0.0875,0.1543
185,19018,-443.54,121,2.091,0.955,3.863,0.984,1.304,0.529,22.3,0,0.0734,0.1807
186,19087,-86.06,69,0.881,0.474,0.474,0.164,1.666,2.242,91.3,0,0.0756,0.1201
187,19145,-349.12,58,0.768,0.368,0.368,0.197,0.0,0.0,0.0,0,0.0,0.0
188,19210,-163.1,65,1.496,0.991,2.249,0.392,1.549,1.017,80.0,0,0.0282,0.0947
189,19383,-269.49,173,2.064,1.006,5.517,1.248,1.502,1.177,71.7,17,0.0983,0.2588
190,19498,-305.78,115,2.501,0.972,5.413,1.387,1.562,1.177,66.1,0,0.0635,0.1768
191,19626,76.66,128,0.396,0.069,0.069,0.277,1.952,1.718,94.5,0,0.0858,0.1416
192,19853,-556.55,227,1.499,0.474,2.472,0.755,1.355,0.313,27.8,2,0.0306,0.207
193,19964,-218.06,111,0.859,0.605,1.559,0.252,1.45,1.318,64.0,0,0.036,0.0918
194,20043,-209.75,79,0.957,0.729,0.729,0.075,1.594,0.854,60.8,0,0.0228,0.0801
195,20142,-252.49,99,1.764,0.974,2.798,0.55,1.387,0.894,67.7,0,0.0238,0.0684
196,20206,-277.16,64,0.596,0.196,0.211,0.235,1.528,1.139,32.8,0,0.0304,0.0791
197,20293,-158.3,87,1.265,0.912,1.657,0.282,1.811,1.481,60.9,0,0.0395,0.0723
198,20450,-268.65,157,0.963,0.566,1.854,0.295,1.224,1.081,77.7,0,0.0726,0.1982
199,20545,-403.71,95,0.775,0.19,1.884,0.38,1.439,1.626,26.3,0,0.0825,0.1777
200,20704,-187.12,159,2.233,0.902,5.975,1.592,1.285,1.705,78.6,0,0.0472,0.0928
201,20780,-242.47,76,1.612,0.989,2.588,0.495,1.42,1.101,84.2,0,0.0716,0.1797
202,20829,-179.56,49,1.005,0.95,1.056,0.034,1.479,0.962,79.6,0,0.098,0.1689
203,20986,-543.63,157,3.561,0.996,8.306,2.262,1.491,-0.081,40.1,19,0.1342,0.3926
204,21143,-422.91,157,2.182,0.862,4.992,1.296,1.712,-0.128,84.1,46,0.1625,0.3525
205,21344,-755.6,201,2.303,0.91,5.321,1.345,1.993,-1.222,100.0,123,0.2633,0.5547
206,21473,-120.25,129,1.254,0.439,2.693,0.726,1.871,1.948,60.5,0,0.0794,0.1475
207,21623,-410.85,150,0.973,0.175,1.818,0.464,1.381,0.151,52.7,21,0.1258,0.3193
208,21742,-188.16,119,1.652,0.978,2.999,0.612,1.415,1.161,76.5,0,0.0474,0.1289
209,21847,-27.35,105,0.934,0.37,0.392,0.262,2.144,1.622,93.3,3,0.0955,0.2461
210,21922,-121.93,75,0.597,0.325,0.401,0.226,1.531,1.116,86.7,0,0.0372,0.125
211,22003,-269.71,81,1.546,0.949,1.93,0.369,1.261,0.843,44.4,0,0.0225,0.0459
212,22046,-296.63,43,0.796,0.454,0.469,0.164,1.68,-1.252,90.7,20,0.201,0.2969
213,22112,-160.36,66,0.66,0.539,0.663,0.07,1.408,0.893,95.5,0,0.024,0.0859
214,22171,-155.56,59,1.02,0.89,1.351,0.112,1.502,1.344,86.4,0,0.0433,0.1143
215,22247,-330.95,76,0.736,0.446,0.972,0.176,1.997,0.529,38.2,0,0.0141,0.0195
216,22298,-215.51,51,1.192,0.98,0.98,0.091,1.656,0.451,98.0,9,0.1302,0.2334
217,22411,-445.47,113,1.559,1.033,1.189,0.234,1.134,0.178,13.3,0,0.0048,0.0068
218,22590,-466.12,179,2.699,0.995,5.669,1.236,1.875,1.503,23.5,0,0.0696,0.1309
219,22654,-191.73,64,1.346,0.979,1.785,0.238,1.618,1.589,60.9,0,0.0488,0.124
220,22797,-562.78,143,2.033,0.896,3.824,0.92,0.803,0.632,5.6,0,0.0168,0.0371
221,22940,-305.37,143,2.76,0.932,5.663,1.512,1.406,1.21,58.0,0,0.0424,0.124
222,23052,-33.3,112,1.654,1.026,2.949,0.663,1.451,2.096,87.5,0,0.0646,0.1133
223,23186,-258.58,134,1.313,0.478,2.534,0.696,1.514,0.561,80.6,22,0.0942,0.2617
224,23298,-138.68,112,1.735,0.863,3.286,0.738,1.423,1.743,67.9,0,0.0546,0.1211
225,23410,-226.25,112,1.722,0.945,4.059,0.87,1.442,1.551,83.9,0,0.0414,0.082
226,23498,-292.46,88,1.563,0.972,2.223,0.439,1.411,1.155,34.1,0,0.0308,0.043
227,23737,-214.81,239,1.677,0.474,3.622,0.894,1.897,1.747,51.5,0,0.0991,0.1377
228,23898,-347.26,161,1.904,0.677,3.713,0.999,1.622,0.722,39.8,0,0.0682,0.1904
229,24011,4.32,113,0.784,0.044,2.209,0.487,2.187,1.923,100.0,0,0.0683,0.1729
230,24225,-643.9,214,0.895,0.19,2.268,0.418,0.387,0.38,7.5,0,0.0101,0.0225
231,24274,-257.36,49,0.605,0.459,0.536,0.096,1.201,1.109,46.9,0,0.0372,0.1074
232,24324,-164.02,50,0.703,0.603,0.614,0.102,1.645,1.331,86.0,0,0.0358,0.0869
233,24432,-232.46,108,1.904,1.007,3.016,0.657,1.222,1.955,50.9,0,0.092,0.1348
234,24613,-579.93,181,2.714,0.947,6.93,1.708,2.165,0.592,19.9,0,0.0602,0.1943
235,24660,-280.12,47,1.119,0.957,1.456,0.153,1.34,1.293,40.4,0,0.0379,0.1113
236,24767,-195.77,107,1.091,0.808,0.827,0.145,1.648,0.474,86.0,4,0.0993,0.2021
237,24828,-124.53,61,0.98,0.686,0.686,0.149,1.7,2.087,93.4,0,0.0711,0.1211
238,24897,-259.78,69,0.76,0.542,0.966,0.132,1.27,1.121,39.1,0,0.0306,0.0889
239,25081,-320.18,184,3.359,0.683,5.622,1.831,1.797,0.501,77.2,12,0.1205,0.2451
240,25149,-129.83,68,1.471,0.992,1.849,0.283,1.754,1.726,100.0,2,0.0672,0.25
241,25214,-192.03,65,1.494,1.005,1.765,0.261,2.028,1.891,50.8,0,0.0504,0.0762
242,25307,-15.49,93,1.422,0.716,3.051,0.676,1.792,2.071,100.0,0,0.0583,0.0957
243,25438,-363.66,131,1.858,0.723,4.391,1.048,1.566,0.43,62.6,13,0.0902,0.3955
244,25552,-444.64,114,2.745,1.034,5.658,1.432,1.575,0.351,35.1,0,0.0094,0.0225
245,25599,-159.41,47,0.983,0.873,0.873,0.048,1.881,1.851,100.0,0,0.059,0.1328
246,25657,-332.73,58,1.137,0.951,1.422,0.132,1.425,1.434,20.7,0,0.0436,0.1123
247,25822,-440.98,165,2.631,0.679,5.64,1.732,1.945,-0.333,35.2,23,0.1549,0.249
248,25885,-127.56,63,0.707,0.507,0.702,0.125,1.859,1.027,92.1,0,0.1173,0.1895
249,25984,-393.64,99,1.245,0.928,0.947,0.183,1.251,1.168,20.2,0,0.0385,0.1533
250,26047,-217.18,63,0.866,0.701,1.124,0.103,1.701,1.507,63.5,0,0.0402,0.0752
251,26176,-165.66,129,1.432,0.775,2.822,0.629,1.516,0.958,100.0,10,0.0635,0.3691
252,26333,-377.87,157,1.181,0.683,2.653,0.522,1.262,0.663,34.4,0,0.0177,0.0703
253,26434,-262.67,101,1.696,0.892,3.51,0.781,1.716,1.525,66.3,0,0.0425,0.1201
254,26503,-272.45,69,1.143,1.003,1.471,0.106,1.662,1.717,31.9,0,0.0463,0.084
255,26594,-227.21,91,0.985,0.842,1.111,0.099,1.531,1.254,54.9,5,0.0924,0.2256
256,26684,-279.04,90,0.851,0.583,1.252,0.181,1.119,1.312,27.8,0,0.035,0.0693
257,26866,-498.87,182,2.386,1.027,3.841,0.838,1.466,1.431,12.6,0,0.0395,0.0957
258,26903,-132.55,37,0.997,0.948,0.984,0.023,1.865,2.136,89.2,0,0.0703,0.1123
259,26959,-251.82,56,1.221,0.977,1.463,0.095,1.331,1.318,35.7,0,0.0355,0.084
260,27032,-22.88,73,0.558,0.325,0.748,0.186,1.649,2.372,94.5,0,0.0643,0.0869
261,27089,-129.03,57,1.076,0.901,1.448,0.16,1.482,2.112,91.2,0,0.0572,0.0938
262,27189,50.31,100,1.038,0.039,3.093,0.826,1.848,2.366,100.0,0,0.0772,0.1162
263,27256,-263.07,67,0.783,0.507,1.325,0.218,1.146,1.379,67.2,0,0.0427,0.124
264,27341,-155.45,85,1.167,0.669,2.064,0.384,1.389,1.448,84.7,0,0.0582,0.1465
265,27443,-303.29,102,1.136,0.936,2.003,0.25,1.478,0.605,55.9,0,0.0161,0.0605
266,27492,-235.61,49,0.856,0.623,0.626,0.125,1.517,1.208,53.1,0,0.0347,0.1055
267,27679,-548.8,187,2.668,0.707,6.294,1.752,1.682,-0.544,95.2,76,0.1861,0.4492
268,27750,-255.15,71,0.913,0.726,0.726,0.066,1.294,1.199,43.7,0,0.0323,0.085
269,27809,-242.21,59,0.843,0.451,0.451,0.164,1.249,0.796,93.2,0,0.0212,0.0781
270,27863,-272.04,54,1.337,1.038,1.792,0.206,1.372,1.086,37.0,0,0.029,0.0674
271,28007,-439.75,144,2.63,0.994,6.343,1.551,1.298,1.159,40.3,0,0.0309,0.0576
272,28067,-298.95,60,1.169,1.001,1.332,0.083,2.111,0.187,43.3,0,0.005,0.0078
273,28123,-209.58,56,0.882,0.741,0.937,0.072,1.12,0.977,83.9,0,0.0261,0.0723
274,28280,-301.09,157,1.817,0.573,5.444,1.4,1.527,1.357,64.3,0,0.0856,0.1777
275,28336,-129.41,56,1.523,1.008,2.267,0.352,1.918,2.133,100.0,0,0.0602,0.0996
276,28391,-237.11,55,1.074,1.0,1.209,0.052,1.346,0.75,63.6,0,0.0203,0.0859
277,28490,-147.05,99,0.843,0.085,1.906,0.422,1.745,2.052,86.9,0,0.067,0.1299
278,28562,-77.11,72,1.201,0.85,1.921,0.312,1.868,1.987,98.6,0,0.0699,0.1387
279,28688,-232.73,126,2.946,0.967,5.44,1.407,1.465,1.621,61.9,0,0.0731,0.1396
280,28909,-386.22,221,1.721,0.754,3.416,0.704,1.393,0.174,62.0,34,0.1076,0.3535
281,29118,-304.4,209,1.345,0.898,2.796,0.517,1.304,0.842,60.8,3,0.0841,0.2363
282,29210,-136.1,92,1.732,0.981,2.995,0.625,1.601,1.727,100.0,0,0.0603,0.1631
283,29267,-169.06,57,1.289,0.925,1.681,0.266,1.386,0.732,84.2,0,0.0203,0.0996
284,29416,-422.21,149,1.584,0.96,3.688,0.745,1.455,1.7,24.2,0,0.046,0.084
285,29536,-209.88,120,1.224,0.618,3.413,0.724,1.754,1.193,74.2,0,0.0384,0.1123
286,29666,-381.86,130,3.194,0.99,6.964,1.809,1.16,1.468,54.6,0,0.0447,0.1152
287,29791,-121.92,125,1.864,1.006,3.196,0.738,1.995,1.929,68.0,0,0.0794,0.1865
288,29937,-367.66,146,1.798,0.596,5.211,1.405,1.466,0.119,74.0,33,0.1207,0.2988
289,30006,-377.07,69,0.937,0.765,1.413,0.144,0.59,0.14,8.7,0,0.0037,0.0059
290,30108,-241.69,102,1.326,0.706,3.633,0.788,1.424,1.72,84.3,0,0.0588,0.1367
291,30149,-157.95,41,0.947,0.644,0.644,0.143,1.711,1.537,90.2,0,0.0891,0.1621
292,30198,-245.07,49,1.336,0.986,1.96,0.279,1.086,1.164,53.1,0,0.033,0.1016
293,30315,-269.86,117,1.104,0.025,3.221,0.886,1.577,0.701,76.1,18,0.1288,0.4229
294,30406,-329.29,91,0.584,0.364,0.599,0.172,1.23,1.181,26.4,0,0.0315,0.0664
295,30527,-239.84,121,1.166,0.27,3.127,0.818,1.846,0.062,93.4,30,0.1515,0.3125
296,30755,-584.14,228,1.048,0.108,5.052,1.045,1.257,1.341,27.2,0,0.0358,0.0703
297,30787,-235.12,32,0.899,0.807,0.869,0.066,1.035,1.021,53.1,0,0.0272,0.0596
298,30988,-284.78,201,2.157,0.997,4.178,0.934,1.353,1.239,48.3,0,0.033,0.0693
299,31123,-346.99,135,2.913,0.963,6.887,1.783,1.584,0.422,96.3,14,0.0796,0.2744
300,31296,-491.6,173,2.34,0.99,4.539,1.048,1.347,1.248,26.6,0,0.0333,0.0693
301,31460,-549.54,164,1.871,0.85,5.521,1.395,1.19,1.003,18.3,0,0.0444,0.1484
302,31587,-282.06,127,1.265,0.686,3.108,0.531,1.492,0.785,91.3,17,0.085,0.3164
303,31737,-190.44,150,1.908,0.699,5.034,1.295,1.513,1.032,90.0,13,0.0918,0.2305
304,31769,-181.03,32,0.623,0.499,0.52,0.09,1.404,1.566,81.2,0,0.042,0.083
305,31879,-267.12,110,1.126,0.415,2.805,0.657,1.764,1.542,52.7,0,0.0444,0.1172
306,31973,-331.84,94,1.516,0.836,2.845,0.653,1.507,1.518,22.3,0,0.0429,0.1035
307,32077,-320.75,104,0.569,0.245,0.245,0.239,1.346,0.937,40.4,0,0.0297,0.1094
308,32216,-3.47,139,1.929,1.004,4.77,1.083,1.806,2.02,96.4,0,0.075,0.1338
309,32319,-331.84,103,0.854,0.608,1.604,0.24,1.431,1.025,36.9,0,0.0281,0.0898
310,32487,-470.76,168,1.703,0.301,6.031,1.582,1.229,1.009,54.2,0,0.0289,0.1104
311,32611,-341.45,124,1.717,1.0,3.772,0.745,1.244,0.957,66.1,17,0.1038,0.2832
312,32812,-355.2,201,2.405,0.991,5.135,1.218,1.14,1.212,50.7,0,0.0323,0.0596
313,32951,-234.04,139,1.152,0.302,2.35,0.463,1.339,1.524,59.7,0,0.0763,0.1719
314,33179,-378.76,228,2.392,0.146,5.738,1.633,1.47,0.72,77.6,25,0.1444,0.708
315,33258,-264.42,79,1.051,0.902,1.308,0.091,1.35,1.183,49.4,0,0.0316,0.0576
316,33391,-130.75,133,1.352,0.86,2.916,0.637,1.617,1.343,82.0,0,0.0817,0.1953
317,33508,-409.53,117,1.362,0.517,3.826,0.958,1.166,0.396,43.6,0,0.0106,0.0215
318,33679,-299.67,171,1.139,0.394,2.316,0.557,1.507,0.337,73.1,33,0.1265,0.4043
319,33839,5.02,160,1.452,0.798,2.856,0.577,1.646,1.624,96.9,9,0.0811,0.2979
320,33961,-188.87,122,1.605,0.895,3.5,0.744,2.0,0.121,99.2,20,0.1516,0.2324
321,34091,-417.62,130,2.183,0.966,4.262,0.864,1.016,1.042,46.2,0,0.0427,0.1338
322,34216,-262.0,125,1.021,0.23,2.304,0.62,1.734,0.718,48.0,0,0.0191,0.0518
323,34296,-261.13,80,1.238,0.854,1.775,0.328,1.34,1.101,53.8,0,0.0294,0.0439
324,34414,-278.87,118,1.938,0.993,3.123,0.655,1.482,1.298,50.0,0,0.1119,0.1387
325,34461,-131.71,47,0.812,0.715,0.94,0.065,1.681,2.007,93.6,0,0.0547,0.0938
326,34582,-312.74,121,0.611,0.07,0.658,0.308,1.206,1.382,37.2,0,0.0386,0.0928
327,34614,-232.87,32,0.961,0.91,0.933,0.022,1.071,1.089,75.0,0,0.0291,0.0605
328,34687,-260.5,73,0.969,0.87,1.065,0.049,1.406,0.945,60.3,0,0.0263,0.1045
329,34853,-189.36,166,2.046,0.782,5.425,1.369,1.452,1.816,66.3,0,0.062,0.125
330,34921,-158.61,68,1.012,0.902,0.922,0.068,2.037,0.397,86.8,12,0.0973,0.2822
331,35182,-622.03,261,1.508,0.072,6.187,1.367,1.316,0.75,22.6,0,0.02,0.0469
332,35301,-138.73,119,1.172,0.875,2.284,0.325,1.515,1.871,77.3,0,0.0598,0.1133
333,35363,-173.39,62,0.892,0.679,1.154,0.154,1.416,1.079,71.0,0,0.0288,0.0625
334,35606,-182.25,243,1.679,0.5,4.457,0.828,1.983,0.212,99.2,65,0.1335,0.3672
335,35708,-179.09,102,0.979,0.053,2.493,0.667,1.828,1.637,67.6,0,0.0691,0.1279
336,35850,-318.03,142,0.901,0.401,2.737,0.564,1.867,0.083,85.2,28,0.1499,0.4727
337,36100,-179.1,250,1.352,0.667,2.168,0.565,1.019,1.474,72.4,0,0.0818,0.1787
338,36156,-218.11,56,0.773,0.53,0.53,0.161,1.135,0.995,50.0,0,0.0271,0.0879
339,36261,-246.49,105,1.847,0.879,3.475,0.805,1.935,0.412,81.0,22,0.1567,0.3779
340,36419,-341.34,158,1.145,0.085,1.926,0.586,1.609,0.155,80.4,26,0.1304,0.3994
341,36669,-427.86,250,2.276,0.331,6.902,1.973,1.157,1.347,39.6,0,0.0359,0.0664
342,36835,-462.4,166,1.138,0.68,1.866,0.305,1.457,1.249,28.3,0,0.0617,0.1318
343,36944,-361.7,109,1.33,0.89,2.494,0.46,1.332,1.065,31.2,0,0.0313,0.1123
344,37020,-410.67,76,0.681,0.52,0.719,0.128,0.0,0.0,0.0,0,0.0,0.0
345,37153,-395.54,133,3.056,0.972,6.088,1.576,1.417,1.308,40.6,0,0.0349,0.0596
346,37326,-87.59,173,2.647,0.781,5.577,1.539,1.795,0.8,86.1,17,0.0719,0.2988
347,37511,-172.52,185,0.832,0.294,1.378,0.338,1.529,1.768,50.8,1,0.071,0.2002
348,37628,-243.22,117,0.758,0.475,1.154,0.199,1.336,1.545,47.9,0,0.0437,0.0967
349,37814,-299.8,186,1.159,0.151,3.814,0.915,1.728,0.361,90.3,44,0.169,0.5879
350,37987,-898.02,173,3.063,0.982,6.489,1.897,1.715,-2.535,54.9,84,0.3501,0.5254
351,38149,-140.06,162,3.093,1.0,8.091,2.14,1.538,1.173,97.5,1,0.0493,0.2002
352,38261,-235.27,112,1.894,0.933,3.769,0.866,1.688,1.118,67.9,0,0.0301,0.0898
353,38400,-395.01,139,1.163,0.594,1.616,0.415,1.975,-0.048,55.4,20,0.1487,0.2568
354,38569,-238.98,169,1.928,0.318,6.635,1.809,1.362,0.761,86.4,6,0.0436,0.2158
355,38635,-90.2,66,1.097,0.902,1.593,0.209,1.801,1.866,90.9,0,0.0627,0.1143
356,38695,-235.39,60,0.799,0.628,0.628,0.094,1.576,0.831,68.3,0,0.0222,0.082
357,38745,-128.35,50,1.088,0.944,0.995,0.075,1.765,1.994,98.0,0,0.0678,0.1494
358,38922,66.36,177,0.538,0.104,1.087,0.227,1.802,1.085,100.0,0,0.1096,0.1904
359,39082,-222.26,160,1.845,0.165,5.319,1.56,1.589,1.652,66.9,0,0.0657,0.1514
360,39259,-233.08,177,1.143,0.059,2.916,0.753,1.598,0.686,68.9,18,0.1226,0.2598
361,39458,-432.59,199,1.409,0.242,4.493,1.026,1.186,1.036,47.2,0,0.0276,0.0527
362,39611,25.54,153,2.285,0.987,5.34,1.238,1.361,2.119,97.4,0,0.0752,0.124
363,39913,-444.36,302,2.233,0.998,4.492,0.786,1.479,1.366,31.1,0,0.0435,0.1035
364,40046,-195.27,133,0.934,0.574,1.557,0.301,1.952,0.742,52.6,0,0.0198,0.043
365,40142,-234.59,96,1.28,0.965,1.319,0.184,1.032,0.992,59.4,0,0.0268,0.0879
366,40215,-207.01,73,0.987,0.711,1.622,0.242,1.393,1.284,75.3,0,0.0343,0.0693
367,40372,-355.9,157,1.054,0.308,2.536,0.606,1.599,0.697,47.1,13,0.0934,0.2764
368,40506,-327.39,134,1.043,0.198,3.236,0.704,1.264,1.476,50.7,0,0.0393,0.0693
369,40649,-316.14,143,2.636,0.994,4.609,1.075,1.725,1.147,51.0,5,0.0585,0.3408
370,40793,-436.6,144,1.736,0.992,2.836,0.501,0.916,0.748,28.5,0,0.0256,0.1318
371,40951,-183.75,158,1.182,0.835,2.483,0.35,1.572,1.351,70.9,0,0.0469,0.165
372,41144,-516.78,193,2.269,0.9,5.664,1.396,1.465,-0.498,86.0,67,0.1704,0.4346
373,41294,-434.49,150,1.519,1.024,1.23,0.297,1.435,-0.363,92.7,52,0.159,0.5332
374,41544,-324.73,250,3.105,0.998,7.169,1.992,1.348,1.594,48.4,0,0.0523,0.1133
375,41739,-377.78,195,1.305,0.835,2.884,0.422,1.305,0.986,42.6,0,0.0425,0.1777
376,41893,-562.72,154,1.671,0.856,3.969,0.889,1.677,-1.26,68.8,60,0.1972,0.3975
377,41951,-246.89,58,1.336,0.998,1.519,0.21,1.287,1.368,31.0,0,0.0457,0.1182
378,42109,-262.75,158,1.1,0.331,0.624,0.352,1.64,0.614,57.0,12,0.0775,0.3174
379,42230,-331.85,121,2.082,0.988,3.88,0.888,1.538,0.715,40.5,0,0.0191,0.0342
380,42410,-364.93,180,3.292,0.901,6.065,1.781,1.675,1.314,43.3,0,0.0434,0.124
381,42613,-368.09,203,1.169,0.654,1.587,0.362,1.191,1.546,33.0,0,0.0412,0.0762
382,42767,-432.29,154,1.612,0.358,3.71,1.122,1.234,1.18,40.9,0,0.0489,0.1621
383,42878,-92.99,111,2.48,1.018,5.236,1.239,1.591,1.633,98.2,0,0.0456,0.1104
384,43135,-8.08,257,2.693,0.785,5.662,1.531,1.681,1.747,70.0,0,0.058,0.1289
385,43298,-221.75,163,0.997,0.522,2.11,0.345,2.164,1.383,50.9,0,0.0369,0.0625
386,43456,-101.41,158,1.655,0.035,5.694,1.532,1.78,2.32,67.7,0,0.0764,0.1182
387,43701,-151.56,245,2.016,1.02,5.167,1.08,1.37,1.09,79.2,0,0.0577,0.1982
388,43831,-357.84,130,1.181,0.358,2.92,0.686,1.215,0.716,59.2,0,0.0191,0.0361
389,43878,-221.44,47,1.416,1.029,1.681,0.201,1.296,0.896,63.8,0,0.0292,0.1123
390,44091,-318.95,213,1.446,0.793,3.666,0.776,1.446,0.443,70.4,23,0.1152,0.3086
391,44303,-482.45,212,1.91,0.941,2.231,0.445,1.218,1.457,31.6,0,0.0389,0.0742
392,44517,-606.49,214,1.706,0.164,3.799,1.081,1.626,-0.679,60.3,48,0.1516,0.4834
393,44624,-111.89,107,1.495,0.937,3.454,0.679,1.407,1.416,99.1,0,0.0972,0.1602
394,44898,-272.25,274,1.598,0.989,3.58,0.499,1.451,1.523,55.1,0,0.0428,0.1064
395,45073,-341.48,175,1.66,0.767,4.282,1.048,1.233,0.758,65.1,10,0.0946,0.335
396,45223,-307.77,150,1.042,0.581,1.664,0.249,1.29,1.229,50.7,0,0.0328,0.0713
397,45409,-295.92,186,2.069,0.961,4.732,1.227,1.087,0.974,55.4,0,0.029,0.1084
398,45545,-33.91,136,0.663,0.229,2.074,0.431,1.897,1.814,88.2,0,0.0542,0.1494
399,45731,-69.11,186,1.974,0.918,4.256,1.109,1.707,1.563,76.9,0,0.0696,0.1807
400,45902,-423.74,171,1.532,0.359,4.072,1.097,1.214,1.464,42.1,0,0.0392,0.084
401,46172,-87.07,270,1.453,0.917,2.421,0.315,1.567,1.385,71.5,14,0.0944,0.4258
402,46361,-376.0,189,1.692,0.618,4.631,1.137,1.118,0.943,54.0,4,0.0465,0.2314
403,46558,-220.58,197,1.681,0.721,1.672,0.704,1.744,1.27,55.3,0,0.0908,0.1924
404,46716,-221.33,158,1.454,0.672,3.704,0.927,1.255,1.531,69.6,0,0.0488,0.1133
405,46936,57.82,220,1.934,0.995,2.366,0.72,1.562,1.756,85.9,1,0.0783,0.2012
406,47090,-366.17,154,2.181,0.904,4.829,1.197,1.294,0.274,53.2,3,0.0614,0.2012
407,47231,-277.7,141,0.794,0.353,0.539,0.183,1.726,-0.524,100.0,53,0.1811,0.3975
408,47504,-240.38,273,1.568,0.239,3.169,0.933,1.497,0.734,90.5,37,0.0915,0.4316
409,47615,-159.63,111,1.717,1.0,3.027,0.694,1.409,1.746,65.8,0,0.0466,0.0732
410,47711,-230.09,96,1.2,0.99,1.089,0.103,1.461,1.617,46.9,0,0.0659,0.1348
411,47903,-223.43,192,1.693,0.974,1.47,0.562,1.468,1.356,52.1,0,0.0363,0.0869
412,48061,-80.38,158,1.606,0.898,3.284,0.721,1.725,1.943,74.1,0,0.054,0.0879
413,48250,-178.96,189,2.661,0.833,5.665,1.37,1.156,0.875,88.4,12,0.0965,0.2119
414,48412,-174.42,162,3.37,0.949,6.804,1.969,2.25,1.356,61.7,0,0.0362,0.0557
415,48635,-54.37,223,1.865,0.396,4.798,1.422,1.835,1.589,68.2,0,0.0678,0.1592
416,48829,-248.96,194,1.775,0.769,2.16,0.653,2.026,2.173,50.0,0,0.0651,0.1084
417,48981,-295.45,152,1.332,0.874,1.894,0.259,1.057,1.479,52.6,0,0.0427,0.1045
418,49170,-339.55,189,0.968,0.54,2.428,0.508,1.743,1.05,38.1,0,0.028,0.0605
419,49337,-390.64,167,2.926,0.853,7.418,1.979,1.546,0.234,98.8,46,0.1402,0.5039
420,49449,-330.89,112,1.68,0.98,1.522,0.258,1.565,0.838,42.0,0,0.0224,0.0459
421,49599,-313.53,150,2.098,0.957,3.932,0.881,1.089,1.425,46.7,0,0.0538,0.1182
422,49757,-475.72,158,1.207,0.02,3.266,0.81,1.316,-0.114,46.8,20,0.119,0.3936
423,49956,-170.18,199,2.64,0.756,7.729,2.183,1.399,1.379,74.4,0,0.0546,0.1309
424,50115,-204.32,159,1.287,0.647,2.772,0.604,1.356,1.154,62.3,0,0.0308,0.0723
425,50226,-282.57,111,1.773,1.01,3.4,0.653,1.213,0.333,81.1,19,0.1147,0.2744
426,50366,-244.3,140,0.928,0.362,1.468,0.243,1.192,1.753,54.3,0,0.0548,0.1279
427,50570,-369.04,204,2.183,0.053,4.93,1.656,1.564,0.81,61.8,28,0.1336,0.3945
428,50893,-1110.47,323,3.018,0.654,5.049,1.888,1.936,-1.312,61.0,122,0.3158,0.7715
429,51070,-239.08,177,2.541,0.861,4.943,1.337,1.646,0.919,92.1,34,0.124,0.626
430,51189,-256.94,119,2.169,1.007,4.497,1.041,1.222,1.807,51.3,0,0.0485,0.083
431,51385,-518.17,196,1.285,0.397,3.831,0.981,1.101,0.865,27.6,0,0.0377,0.1377
432,51596,-511.98,211,1.624,0.722,2.371,0.658,1.59,0.491,31.3,0,0.0167,0.1455
433,51754,-213.11,158,1.271,0.022,3.586,0.826,1.178,1.838,65.2,0,0.0516,0.0908
434,52037,-503.39,283,1.098,0.551,2.631,0.455,1.4,0.908,37.8,0,0.0252,0.0996
435,52331,-221.38,294,2.314,0.955,4.717,0.968,1.52,1.47,56.8,0,0.0725,0.1543
436,52605,-477.74,274,2.181,0.97,3.9,0.81,1.146,1.305,36.5,6,0.0613,0.2695
437,52823,-134.8,218,2.994,0.917,3.749,1.148,1.674,2.103,58.7,0,0.0681,0.1172
438,53050,-386.69,227,2.471,0.697,3.538,1.171,1.324,2.005,43.2,0,0.0554,0.0977
439,53235,-297.61,185,2.073,0.941,5.029,1.17,1.75,0.796,81.6,35,0.1665,0.7051
440,53463,53.45,228,1.393,0.316,2.509,0.804,2.018,1.893,73.7,0,0.0883,0.1787
441,53608,-223.75,145,2.173,1.025,4.088,0.895,1.837,1.106,51.0,0,0.0839,0.167
442,53852,-249.51,244,1.734,0.235,3.668,1.098,1.36,1.21,56.6,0,0.0323,0.0713
443,54001,-497.64,149,2.571,1.032,6.273,1.579,1.98,0.07,36.9,17,0.1665,0.3984
444,54158,-122.73,157,2.576,0.975,5.113,1.229,1.706,1.399,84.1,0,0.0601,0.1963
445,54341,-927.84,183,2.467,1.002,3.732,0.929,1.892,-1.583,100.0,120,0.3156,0.8916
446,54478,-21.65,137,2.364,0.876,5.164,1.315,1.54,1.782,100.0,0,0.0475,0.0791
447,54611,-358.88,133,1.353,0.829,1.778,0.31,1.294,0.996,37.6,0,0.0266,0.0576
448,54797,-261.64,186,1.876,1.036,4.362,0.923,1.099,1.3,54.3,0,0.0435,0.1396
449,54935,-202.91,138,1.139,0.595,2.75,0.599,0.927,1.442,71.7,0,0.0386,0.084
450,55226,-179.67,291,2.933,0.712,6.582,2.1,1.783,1.614,55.7,0,0.0692,0.1514
451,55361,-166.98,135,1.288,0.94,2.554,0.359,1.801,1.638,63.0,0,0.0995,0.1572
452,55460,-368.39,99,2.17,1.003,4.226,0.913,1.087,0.971,46.5,2,0.0527,0.2451
453,55657,-471.58,197,2.501,0.965,4.07,0.971,1.298,0.885,28.9,0,0.0236,0.0469
454,55814,-448.57,157,1.462,0.462,3.48,0.91,1.371,0.707,43.9,4,0.0514,0.2451
455,56060,-92.19,246,1.243,0.058,2.121,0.487,1.888,1.127,69.9,0,0.0329,0.1016
456,56245,-428.36,185,3.486,0.733,7.259,2.1,1.741,0.497,89.7,40,0.1937,0.834
457,56388,-413.04,143,0.941,0.236,2.801,0.616,1.735,-0.448,65.7,36,0.1617,0.4365
458,56573,-271.72,185,2.228,0.977,4.848,1.211,1.826,1.159,55.1,0,0.0309,0.0693
459,56745,-157.62,172,1.482,0.293,4.482,1.218,1.193,0.924,84.9,18,0.0879,0.2529
460,56937,-374.57,192,1.242,0.088,3.441,0.939,1.596,-0.111,75.5,64,0.1654,0.3193
461,57133,-342.87,196,2.649,0.991,3.853,1.055,1.992,0.229,84.2,44,0.1794,0.8779
462,57286,-44.61,153,0.943,0.519,2.577,0.436,1.38,1.745,92.2,0,0.0504,0.1191
463,57414,-447.03,128,1.384,1.009,2.035,0.229,1.675,0.595,21.1,0,0.0159,0.0283
464,57707,-100.73,293,1.56,0.629,4.228,0.859,1.607,1.359,67.9,3,0.0692,0.2666
465,57831,-301.22,124,1.194,0.569,3.188,0.617,0.998,1.115,88.7,0,0.0332,0.127
466,58228,-112.96,397,2.402,0.735,4.062,1.044,1.429,0.891,72.0,0,0.0239,0.0889
467,58365,-189.8,137,1.957,0.866,4.335,1.112,1.392,1.164,78.8,0,0.0624,0.1885
468,58439,-279.84,74,1.102,0.809,1.455,0.213,1.458,1.213,28.4,0,0.0349,0.0977
469,58754,-417.94,315,3.215,0.818,5.771,1.696,1.68,0.496,45.1,14,0.1151,0.2129
470,58881,-217.74,127,1.828,0.646,4.299,1.134,1.064,1.155,81.9,3,0.0467,0.2471
471,59102,-246.61,221,1.807,0.721,3.507,0.962,1.76,1.77,43.9,0,0.0472,0.0703
472,59296,-140.38,194,2.234,0.861,6.304,1.655,1.621,0.855,92.8,25,0.0888,0.3027
473,59561,64.9,265,0.919,0.069,2.328,0.509,1.996,2.024,66.0,0,0.0901,0.1484
474,59667,-296.67,106,0.988,0.603,1.747,0.347,1.379,1.688,34.9,0,0.0512,0.1152
475,59860,-302.06,193,1.31,0.097,3.431,0.913,1.029,1.075,64.2,0,0.0654,0.1982
476,60022,-111.9,162,1.987,0.112,6.238,1.801,1.621,1.467,82.7,13,0.0917,0.2119
477,60266,-200.3,244,1.432,0.826,2.972,0.45,1.609,1.815,52.9,0,0.0581,0.1084
478,60434,-256.17,168,2.005,0.562,4.635,1.301,1.286,1.705,53.6,0,0.0463,0.0938
479,60661,-525.33,227,2.58,1.002,3.402,0.756,1.215,0.732,55.5,22,0.1278,0.7422
480,60945,5.99,284,3.054,0.65,4.883,1.231,1.764,0.759,90.5,20,0.0963,0.248
481,61095,-320.98,150,1.436,0.36,3.453,0.876,1.407,0.572,74.7,8,0.1228,0.207
482,61256,-319.35,161,1.415,0.709,3.928,0.884,1.775,-0.052,97.5,53,0.1461,0.3086
483,61430,-405.35,174,2.25,0.897,3.903,0.883,1.799,0.343,43.7,0,0.011,0.1494
484,61657,-680.26,227,3.191,0.976,5.633,1.549,0.0,0.0,0.0,0,0.0,0.0
485,61998,186.15,341,1.994,0.723,3.816,0.855,1.466,1.654,78.9,0,0.0445,0.0928
486,62163,-359.1,165,1.543,0.614,3.639,0.931,1.544,0.009,75.2,33,0.1114,0.4434
487,62596,151.17,433,0.958,0.029,1.907,0.589,1.55,1.324,73.4,0,0.0689,0.1914
488,62824,-387.31,228,1.93,0.358,4.623,1.245,1.573,-0.371,100.0,91,0.1559,0.293
489,63020,-268.89,196,2.385,0.742,6.366,1.765,1.48,1.188,58.7,0,0.0317,0.0596
490,63120,-257.54,100,1.977,1.03,3.797,0.784,1.06,1.769,66.0,0,0.0499,0.0986
491,63403,-986.25,283,1.079,0.424,2.742,0.45,1.69,-0.901,92.9,123,0.2434,0.6768
492,63699,-317.98,296,2.333,0.962,6.265,1.598,1.882,0.716,64.5,25,0.1005,0.2139
493,64062,-716.12,363,2.538,0.936,4.445,1.317,1.777,-0.252,100.0,137,0.2372,0.752
494,64486,-434.1,424,2.598,0.757,4.829,1.231,1.807,0.272,59.2,42,0.085,0.4258
495,64691,-413.05,205,2.531,0.418,4.799,1.617,0.984,0.468,52.7,0,0.0125,0.0225
496,64830,-263.67,139,1.13,0.132,3.111,0.804,1.563,0.886,58.3,0,0.0236,0.0547
497,65114,258.0,284,1.905,0.979,2.853,0.472,1.68,1.873,84.5,0,0.0726,0.1631
498,65360,-608.31,246,1.011,0.11,1.565,0.587,1.606,-0.196,82.1,61,0.1905,0.7256
499,65597,-395.91,237,1.301,0.719,2.615,0.384,1.434,0.894,41.4,0,0.0244,0.1094
500,65730,-67.88,133,0.908,0.504,2.342,0.492,1.636,1.54,91.7,0,0.0412,0.0859
501,66058,-633.62,328,2.47,0.998,7.19,1.685,1.487,-0.534,90.5,116,0.1586,0.4424
502,66315,-812.57,257,2.8,0.759,7.258,2.059,1.651,-0.667,87.9,99,0.2255,0.6973
503,66553,-482.12,238,1.52,0.53,2.578,0.624,1.364,0.993,23.9,0,0.0265,0.0459
504,66851,-149.18,298,1.018,0.109,3.321,0.897,1.624,1.32,65.1,0,0.0467,0.1494
505,67080,-371.95,229,1.462,0.31,2.848,0.966,1.49,1.357,40.6,2,0.0463,0.2793
506,67438,-415.99,358,1.344,0.622,2.073,0.482,1.635,0.856,44.1,0,0.0229,0.084
507,67631,206.29,193,3.242,0.985,6.548,1.644,2.032,1.741,100.0,8,0.1096,0.2178
508,67778,-252.98,147,1.326,0.602,4.108,0.872,1.271,0.895,83.0,10,0.0782,0.2227
509,67950,-288.71,172,1.091,0.065,3.849,1.023,1.137,1.286,61.6,0,0.0371,0.0996
510,68210,-732.39,260,1.702,0.491,3.766,0.62,1.668,-0.545,90.8,107,0.2335,0.6855
511,68360,-376.42,150,1.753,0.964,3.886,0.8,1.665,-0.361,90.7,52,0.1435,0.3203
512,68528,-692.28,168,2.333,0.862,4.48,1.234,1.625,-0.58,79.8,43,0.2396,0.875
513,68667,-34.74,139,1.81,0.86,4.305,1.025,1.62,1.822,87.8,0,0.05,0.0967
514,68788,-428.51,121,1.204,0.836,2.428,0.451,1.467,-0.89,70.2,38,0.1355,0.2666
515,68941,-439.45,153,1.604,0.015,5.026,1.346,1.485,1.496,41.8,0,0.0399,0.0693
516,69089,-97.83,148,2.418,1.001,5.161,1.203,1.771,1.646,81.8,0,0.0682,0.1475
517,69293,-380.18,204,3.296,0.727,7.681,2.081,1.374,0.929,48.0,0,0.0248,0.0596
518,69611,-338.82,318,3.918,1.009,7.164,1.745,1.41,0.542,79.2,23,0.1015,0.4277
519,69924,-863.96,313,1.762,1.002,4.222,0.696,1.257,-0.927,43.5,65,0.166,0.3047
520,70074,-208.04,150,1.632,0.41,4.651,1.203,1.376,0.795,91.3,18,0.1037,0.3154
521,70467,12.8,393,2.092,0.794,4.021,1.042,1.281,1.543,71.8,0,0.1025,0.1846
522,70648,-349.01,181,2.433,0.932,4.338,1.069,1.196,0.631,56.9,0,0.0168,0.0527
523,70916,-200.74,268,1.295,0.494,2.474,0.499,1.288,1.199,68.3,6,0.0522,0.2676
524,71190,-142.0,274,3.807,0.514,6.846,2.458,1.53,1.07,83.9,23,0.072,0.375
525,71373,-458.98,183,1.225,0.007,4.001,0.899,1.243,1.204,32.8,0,0.0321,0.0645
526,71511,-175.67,138,2.359,0.923,5.644,1.425,1.655,1.46,84.1,0,0.0404,0.1064
527,71816,249.83,305,2.596,0.997,6.695,1.578,1.74,1.348,95.1,15,0.107,0.251
528,71994,-303.39,178,1.695,0.791,4.109,1.03,1.431,0.526,65.2,0,0.0843,0.1875
529,72142,-85.9,148,3.554,1.008,7.676,2.029,1.129,1.455,100.0,0,0.058,0.1367
530,72377,-387.12,235,2.319,0.574,3.528,1.195,1.704,1.086,38.3,0,0.0317,0.0977
531,72537,-219.31,160,3.021,0.965,5.451,1.407,1.846,0.114,81.2,29,0.1523,0.2197
532,72825,-786.48,288,2.021,0.212,4.391,1.217,1.683,-0.941,93.8,115,0.196,0.6602
533,73038,-537.09,213,2.746,0.83,6.59,1.774,1.461,0.157,21.1,8,0.0761,0.2197
534,73194,-393.8,156,3.141,1.008,6.783,1.577,0.928,0.538,87.8,11,0.0557,0.2432
535,73390,-79.67,196,2.114,0.896,5.254,1.3,1.476,0.714,100.0,0,0.019,0.0508
536,73622,-253.08,232,2.841,0.986,2.305,1.01,1.648,0.726,93.1,52,0.152,0.5273
537,73888,232.27,266,2.456,0.531,7.286,1.832,1.619,1.623,100.0,11,0.1029,0.2471
538,74181,-1315.7,293,2.195,0.329,7.671,1.911,1.948,-1.609,98.6,190,0.3144,0.8125
539,74440,-247.06,259,2.592,0.688,5.254,1.376,1.43,1.228,59.8,1,0.0807,0.2002
540,74563,-71.77,123,3.065,1.001,5.495,1.39,1.968,1.212,91.1,20,0.0987,0.2529
541,74936,-700.18,373,2.464,0.524,3.867,1.021,1.497,0.739,25.7,0,0.0197,0.0664
542,75197,-403.63,261,1.845,0.841,3.01,0.552,0.916,1.069,49.4,0,0.0318,0.1172
543,75415,-434.53,218,2.176,0.926,3.887,0.799,2.133,0.255,37.6,0,0.0068,0.0117
544,75605,-179.08,190,2.968,0.695,6.622,2.039,1.08,1.841,68.9,0,0.0491,0.082
545,75680,-181.06,75,1.626,0.985,2.037,0.326,1.472,1.362,74.7,0,0.0502,0.1377
546,76122,-834.09,442,2.717,0.981,6.763,1.205,1.839,-0.156,71.9,99,0.1897,0.6533
547,76263,-285.39,141,2.426,0.815,5.341,1.405,1.091,0.86,83.7,0,0.0478,0.1982
548,76433,-157.14,170,2.529,1.025,5.925,1.394,1.184,1.165,95.3,9,0.0824,0.2139
549,76596,-161.48,163,1.369,0.405,3.909,0.921,1.447,1.494,75.5,0,0.0398,0.0723
550,76724,-259.96,128,2.021,0.937,4.338,1.006,1.291,1.363,65.6,0,0.1027,0.1484
551,77060,-348.27,336,2.932,0.743,3.726,1.248,1.276,1.065,56.8,0,0.0318,0.1387
552,77279,-272.43,219,2.977,0.883,2.935,1.212,1.515,0.559,75.3,23,0.1288,0.4844
553,77476,-122.48,197,2.463,0.941,4.838,1.285,1.801,1.855,60.9,0,0.0578,0.1309
554,77724,63.97,248,2.838,0.546,6.973,2.013,1.565,1.032,100.0,14,0.1141,0.25
555,77960,-342.68,236,0.959,0.297,2.559,0.477,1.091,0.795,65.7,14,0.0788,0.2861
556,78119,-346.07,159,1.994,0.74,4.754,1.195,1.386,-0.077,100.0,45,0.1505,0.3369
557,78385,-407.51,266,2.312,0.982,4.223,0.682,1.242,0.197,94.4,58,0.1115,0.3438
558,78592,-461.81,207,4.086,0.857,9.37,2.825,1.326,0.905,42.0,0,0.0241,0.0645
559,78947,-195.03,355,1.994,0.698,3.369,0.833,1.613,1.119,61.4,0,0.0445,0.1445
560,79044,-157.83,97,1.253,0.204,3.306,0.933,1.537,1.724,76.3,0,0.0494,0.0996
561,79343,-514.53,299,3.669,0.89,6.12,1.899,1.178,1.438,35.1,0,0.0383,0.0674
562,79515,43.77,172,3.242,1.022,6.087,1.616,1.973,2.372,80.2,0,0.0723,0.1143
563,79687,-419.38,172,2.146,0.887,5.672,1.319,1.161,0.968,45.3,0,0.0258,0.0615
564,79961,-672.09,274,1.736,0.023,2.342,0.916,1.836,-0.445,70.4,72,0.1888,0.6934
565,80140,107.46,179,2.958,0.967,5.638,1.258,1.962,1.27,100.0,0,0.1202,0.1631
566,80305,95.06,165,2.882,0.977,6.245,1.632,1.983,2.281,84.8,0,0.0634,0.1025
567,80589,-26.87,284,3.37,0.739,7.322,2.446,1.452,1.411,72.5,10,0.0903,0.2129
568,80825,-397.57,236,3.348,1.042,6.561,1.889,1.448,1.232,43.6,0,0.0329,0.0684
569,81190,-753.76,365,1.513,0.652,4.366,0.867,1.569,-0.601,45.5,82,0.1629,0.2627
570,81339,-206.0,149,1.401,0.13,4.334,1.191,1.428,2.003,61.1,0,0.0538,0.0879
571,81451,-107.64,112,2.715,0.929,5.451,1.393,1.639,1.792,79.5,0,0.0585,0.1162
572,81661,164.46,210,3.023,0.851,6.645,1.791,1.996,1.413,95.2,0,0.1139,0.1885
573,81977,47.15,316,2.376,0.325,6.738,1.847,1.834,1.353,72.2,9,0.0883,0.2559
574,82226,-190.94,249,2.45,1.006,3.97,0.879,1.256,0.462,94.8,38,0.08,0.3203
575,82660,-1147.23,434,1.137,0.282,1.598,0.446,2.019,-0.854,63.6,130,0.2562,0.793
576,83002,-751.99,342,1.538,0.569,2.607,0.674,1.504,0.806,10.5,0,0.0215,0.0391
577,83196,50.95,194,1.943,0.62,6.95,1.785,1.605,1.82,95.4,0,0.0543,0.1377
578,83527,-190.8,331,2.46,0.99,3.937,0.854,1.434,1.485,65.3,0,0.0744,0.1807
579,83685,-565.3,158,2.65,0.788,6.338,1.719,2.026,-1.191,81.0,75,0.238,0.4453
580,84079,-495.21,394,3.139,0.244,5.492,2.173,1.316,0.788,55.8,15,0.0742,0.708
581,84264,-51.6,185,1.299,0.279,4.117,1.088,1.547,1.239,87.6,5,0.0886,0.2178
582,84481,-330.78,217,2.765,0.227,7.157,2.256,1.462,0.237,92.2,50,0.1412,0.4219
583,84793,-89.49,312,3.48,0.786,5.813,1.75,1.725,1.346,65.1,0,0.0359,0.0664
584,84939,-347.47,146,2.394,0.947,5.754,1.444,1.373,0.573,63.7,0,0.0153,0.0352
585,85138,-400.78,199,2.513,0.924,6.005,1.365,1.302,0.769,46.2,0,0.0516,0.1924
586,85297,-308.26,159,2.165,0.794,4.627,1.298,1.902,1.552,42.1,0,0.0419,0.0898
587,85530,-226.23,233,1.614,0.2,6.019,1.604,2.081,1.046,54.1,0,0.0279,0.0508
588,85706,-1049.22,176,1.174,0.372,0.953,0.367,1.864,-1.637,89.2,104,0.3909,0.8809
589,85827,-224.9,121,1.098,0.682,2.591,0.514,1.578,1.122,66.9,0,0.0299,0.0801
590,86018,-274.16,191,2.301,0.108,6.502,1.937,1.95,-0.382,88.5,39,0.1153,0.2754
591,86228,-412.56,210,2.471,0.982,3.716,0.91,1.347,0.449,56.7,2,0.0252,0.6406
592,86406,-80.99,178,2.472,1.003,2.63,0.781,1.67,1.889,69.1,0,0.0583,0.1182
593,86826,-212.91,420,2.992,0.784,3.65,1.618,1.983,1.517,50.2,14,0.0737,0.3232
594,87141,-329.81,315,2.173,0.697,3.45,0.754,1.679,0.415,60.0,43,0.1045,0.2822
595,87365,-414.82,224,2.326,0.851,4.592,0.978,1.642,1.319,40.6,0,0.0358,0.0938
596,87534,-522.41,169,2.681,1.002,6.128,1.661,1.112,0.369,22.5,0,0.0098,0.0176
597,87789,-435.58,255,1.942,0.079,3.941,1.151,1.516,0.948,39.2,0,0.0253,0.0713
598,87956,-443.84,167,2.962,0.901,7.783,2.138,1.602,-0.456,84.4,53,0.1586,0.3721
599,88206,-91.93,250,2.682,0.232,5.003,1.774,1.61,1.735,65.2,0,0.0515,0.1133
600,88494,-500.53,288,2.399,0.384,4.007,1.661,1.965,0.988,32.6,0,0.0263,0.0439
601,88758,-196.4,264,2.982,0.793,4.837,1.361,1.697,1.408,54.9,0,0.0375,0.0654
602,89194,-1006.48,436,2.028,0.581,6.656,1.541,1.491,-0.639,54.4,98,0.2002,0.5576
603,89513,-92.55,319,2.216,0.955,4.966,0.848,1.226,1.601,72.1,0,0.0731,0.1543
604,89960,-595.19,447,2.183,0.742,3.291,0.995,1.624,0.088,90.2,108,0.2025,0.6582
605,90423,-492.6,463,2.818,0.804,4.201,1.121,1.532,0.443,53.1,0,0.1067,0.1992
606,90686,-359.69,263,2.825,0.592,5.83,2.099,1.51,0.695,53.6,0,0.0188,0.1016
607,91235,-216.25,549,2.124,0.986,4.097,0.638,1.488,0.557,87.8,79,0.1062,0.4551
608,91555,-719.75,320,2.716,0.965,6.417,1.499,2.149,-0.87,100.0,173,0.2459,0.5762
609,91828,-374.91,273,3.391,0.995,4.342,1.097,1.469,0.519,64.1,18,0.1002,0.2656
610,92341,-390.07,513,2.587,0.028,3.55,1.486,1.025,0.9,57.7,6,0.0558,0.2051
611,92536,68.29,195,2.71,0.517,6.522,1.99,1.78,1.911,85.6,0,0.0768,0.1963
612,92900,258.9,364,2.035,0.734,7.128,1.478,1.391,1.766,91.5,0,0.051,0.1191
613,93133,-162.53,233,3.202,0.712,4.89,1.761,1.882,1.771,57.5,4,0.0943,0.2168
614,93346,-407.44,213,2.858,0.54,6.894,2.262,1.414,0.988,43.2,0,0.0263,0.0469
615,93718,-825.86,372,1.146,0.128,2.203,0.408,1.839,-0.428,94.9,136,0.2132,0.7012
616,93924,-89.24,206,2.768,0.897,6.803,1.748,1.566,1.775,73.3,0,0.0501,0.1045
617,94154,-200.88,230,2.225,0.247,5.592,1.732,1.183,1.228,63.5,0,0.0328,0.0693
618,94561,39.2,407,3.007,0.614,6.98,2.126,1.657,1.165,76.2,38,0.1127,0.2734
619,94800,-471.07,239,1.125,0.613,2.961,0.508,1.236,0.154,61.1,39,0.1242,0.3965
620,95002,-270.16,202,3.952,0.962,8.073,2.186,1.836,1.204,48.0,0,0.0321,0.0625
621,95137,-469.33,135,1.103,0.268,2.79,0.629,1.481,0.205,13.3,0,0.0055,0.0098
622,95276,-447.46,139,1.362,0.715,3.026,0.639,0.734,0.34,33.1,0,0.0091,0.0176
623,95494,-651.1,218,2.339,0.692,6.469,1.8,2.349,-1.377,88.1,110,0.2312,0.4619
624,95713,-411.44,219,3.755,1.009,7.218,1.78,1.038,1.657,37.4,0,0.0442,0.0801
625,95943,-83.81,230,1.926,0.114,5.266,1.444,1.761,1.054,77.8,0,0.1017,0.1758
626,96212,-246.41,269,3.046,0.925,4.309,0.941,1.532,1.873,47.6,0,0.0628,0.1328
627,96508,-304.87,296,2.657,0.126,6.699,2.083,1.752,0.328,94.9,72,0.1506,0.5625
628,97032,-485.42,524,1.405,0.271,3.679,0.726,1.67,0.574,49.4,35,0.1184,0.2598
629,97610,-26.6,578,2.803,0.251,5.144,1.701,1.526,2.071,51.4,0,0.0676,0.1309
630,97772,-395.22,162,2.892,0.917,6.148,1.708,1.445,0.84,42.0,0,0.0224,0.0449
631,97986,-566.07,214,1.847,0.978,3.153,0.568,1.591,-0.641,49.1,46,0.1669,0.2881
632,98318,-963.89,332,1.389,0.268,3.158,0.714,1.897,-0.892,61.4,98,0.2699,0.6719
633,98599,-150.73,281,2.217,0.022,6.769,1.449,1.401,1.106,75.4,0,0.0346,0.1504
634,98895,329.68,296,1.655,0.528,5.818,1.28,1.629,1.912,92.2,0,0.0595,0.1904
635,99195,-336.28,300,2.491,0.957,7.472,1.824,1.303,0.987,56.7,0,0.0263,0.0654
636,99580,-392.56,385,1.783,0.408,8.195,1.912,1.403,1.331,46.0,0,0.0404,0.1143
637,99750,-139.94,170,2.545,1.02,5.155,1.132,1.532,1.138,79.4,0,0.0535,0.1543
638,99984,61.04,234,2.293,0.133,6.039,1.836,2.041,1.187,82.9,0,0.0317,0.0635
639,100276,-669.38,292,1.268,0.129,3.154,0.75,1.746,-0.396,100.0,125,0.2133,0.7617
640,100731,-743.08,455,3.849,0.645,5.549,1.709,1.609,0.421,56.5,46,0.1407,0.877
641,100860,-211.04,129,1.596,0.725,3.898,0.928,1.721,1.97,49.6,0,0.0525,0.0713
642,101120,-354.66,260,1.411,0.134,3.841,0.938,1.472,-0.015,83.1,63,0.1332,0.4375
643,101303,-435.54,183,2.128,1.003,2.214,0.668,1.271,-0.24,65.6,34,0.1409,0.4248
644,101463,-465.69,160,2.456,0.971,5.556,1.341,1.688,0.646,26.9,0,0.0172,0.0283
645,101667,-396.58,204,2.535,0.98,6.594,1.673,1.28,1.161,40.7,0,0.0394,0.1172
646,101991,-896.06,324,1.967,0.278,6.635,1.909,2.154,-1.279,38.6,68,0.263,0.6455
647,102405,-272.05,414,2.399,0.986,2.351,1.086,1.874,0.763,58.5,48,0.1079,0.3867
648,102716,-720.29,311,2.14,0.087,6.51,1.724,1.723,-0.45,76.8,117,0.2219,0.4854
649,103111,-499.84,395,1.439,0.17,4.328,1.121,1.921,-0.85,89.4,174,0.1738,0.376
650,103552,-196.1,441,2.821,0.362,6.316,1.866,1.869,0.181,79.1,76,0.1307,0.375
651,103747,-433.58,195,1.204,0.473,0.473,0.25,1.411,-0.032,67.7,45,0.163,0.5068
652,104003,-484.86,256,2.862,0.647,6.812,2.135,1.363,0.996,27.0,0,0.0266,0.0547
653,104442,404.31,439,2.3,0.208,6.728,1.751,1.796,1.426,86.6,2,0.0718,0.2061
654,104585,-460.17,143,1.359,0.37,3.517,1.006,0.956,0.838,13.3,0,0.0224,0.0547
655,104886,-352.23,301,2.644,0.664,5.286,1.928,1.474,1.774,41.5,0,0.0643,0.1309
656,105038,-363.42,152,1.759,0.375,3.604,1.125,0.774,1.329,44.1,0,0.0365,0.0859
657,105267,-263.94,229,1.563,0.345,4.285,1.109,2.079,0.98,48.9,0,0.0263,0.0889
658,105665,-8.52,398,3.098,0.652,7.536,1.927,2.001,0.989,66.8,3,0.0965,0.2031
659,105811,-456.73,146,1.619,0.64,4.42,1.141,1.283,0.627,20.5,0,0.0167,0.04
660,106290,-318.65,479,2.528,0.867,4.102,0.931,1.385,0.75,64.1,38,0.0995,0.3945
661,106545,-495.4,255,2.939,1.016,6.345,1.457,0.963,0.697,47.1,0,0.038,0.1953
662,106688,-390.91,143,0.97,0.368,2.823,0.664,1.254,0.605,41.3,0,0.0161,0.0273
663,106934,-460.27,246,2.214,0.792,5.068,0.917,1.218,1.087,46.7,0,0.0292,0.0869
664,107241,-691.13,307,2.191,0.301,6.073,1.695,1.769,-0.308,63.2,53,0.1779,0.7344
665,108000,-682.2,759,3.023,0.338,5.244,1.076,1.509,0.461,62.7,82,0.119,0.8184
666,108253,-52.13,253,1.148,0.698,1.463,0.355,1.421,0.939,87.0,16,0.1147,0.2422
667,108483,-1626.42,230,1.607,0.429,4.431,0.958,2.273,-2.257,77.0,142,0.559,0.9639
668,108687,-420.1,204,1.686,0.175,4.958,1.359,1.155,1.796,28.9,0,0.0525,0.0947
669,108920,-516.1,233,1.753,0.978,3.581,0.559,1.394,0.756,28.8,0,0.0208,0.1006
670,109128,85.43,208,2.015,0.626,5.616,1.553,1.853,1.55,87.5,0,0.079,0.1602
671,109280,-454.23,152,2.029,0.957,3.964,0.875,0.53,0.665,25.0,0,0.0177,0.043
672,109554,-189.54,274,4.218,0.984,7.392,2.101,1.638,0.027,98.5,68,0.1323,0.2812
673,109859,49.95,305,3.197,0.581,6.831,2.203,1.665,1.777,71.5,0,0.0777,0.1855
674,110601,-1344.48,742,2.424,0.117,7.812,1.773,1.924,-0.652,53.1,158,0.2063,0.7598
675,110885,-599.29,284,2.146,1.018,5.313,0.828,1.764,-0.138,100.0,104,0.2234,0.7646
676,111098,-336.97,213,2.004,0.706,4.186,0.922,1.427,0.993,60.1,0,0.0265,0.0537
677,111442,113.34,344,1.145,0.122,4.336,0.991,1.736,0.7,94.8,11,0.1288,0.209
678,111806,-223.57,364,2.656,0.667,4.47,1.19,1.479,0.261,94.2,68,0.1287,0.3633
679,112188,-241.71,382,1.783,0.331,4.889,1.169,1.422,0.705,74.1,49,0.1213,0.5068
680,112466,294.82,278,1.356,0.635,3.111,0.71,2.09,1.212,94.2,0,0.097,0.1816
681,113117,-662.68,651,1.794,0.176,6.936,1.561,1.579,0.23,74.0,122,0.1336,0.5977
682,113446,-789.04,329,1.866,0.639,5.207,1.015,1.546,-0.908,76.0,121,0.2084,0.6299
683,113658,-841.27,212,1.184,0.239,3.066,0.658,2.003,-2.19,100.0,164,0.2748,0.4307
684,113990,-86.27,332,3.002,0.482,7.503,2.312,1.955,0.32,100.0,112,0.163,0.5449
685,114728,-1040.11,738,2.419,0.919,3.355,1.118,1.615,-0.137,62.7,157,0.1843,0.6934
686,115071,-724.19,343,2.322,0.509,4.654,1.464,1.33,0.52,23.0,6,0.0429,0.2588
687,115514,-369.54,443,1.846,0.443,7.274,1.442,1.493,1.199,45.8,0,0.0784,0.1797
688,115662,-560.5,148,2.052,0.942,2.803,0.727,1.706,-0.401,100.0,61,0.2521,0.7793
689,115896,-872.8,234,1.81,0.737,5.397,1.242,1.977,-1.494,100.0,157,0.2925,0.4941
690,116426,-794.16,530,1.696,0.606,4.451,0.704,1.165,0.527,38.9,39,0.1036,0.3574
691,116764,-1123.37,338,1.579,0.252,5.533,1.012,1.862,-1.485,61.5,116,0.2762,0.7842
692,117521,-1081.87,757,1.418,0.178,4.522,0.8,1.689,-0.358,91.3,276,0.2077,0.627
693,117819,-232.78,298,1.747,0.344,4.645,1.345,1.509,0.75,92.3,40,0.1095,0.5684
694,118156,-433.66,337,1.719,0.843,3.212,0.712,1.419,1.06,37.1,0,0.0448,0.1582
695,118317,-251.19,161,1.013,0.356,2.797,0.63,1.947,1.147,52.2,0,0.0306,0.0625
696,118688,-286.36,371,1.492,0.337,1.139,0.602,1.891,1.031,47.2,0,0.0275,0.0566
697,118957,-408.08,269,0.945,0.026,3.591,0.912,1.214,1.607,36.4,0,0.0644,0.1357
698,119348,-426.61,391,1.98,0.114,3.713,1.379,1.727,-0.04,65.2,49,0.145,0.248
699,119690,-435.24,342,3.707,1.027,4.903,1.632,1.493,0.75,48.8,0,0.0201,0.084
700,119872,-401.65,182,3.099,1.011,6.159,1.675,1.976,0.821,33.0,0,0.0219,0.0352
701,120338,-1039.23,466,1.275,0.553,1.58,0.381,1.591,-0.609,86.1,174,0.2177,0.71
702,120676,175.34,338,1.855,0.73,2.496,0.889,1.735,1.977,74.6,0,0.0777,0.1826
703,121032,-339.89,356,1.948,0.116,5.023,1.098,1.703,0.873,47.8,0,0.0233,0.0684
704,121281,-521.22,249,2.06,0.862,3.912,1.011,1.382,0.686,43.0,0,0.0183,0.0303
705,122024,679.99,743,2.956,0.713,6.222,1.067,1.607,1.336,85.2,16,0.0881,0.2305
706,122524,-570.28,500,3.002,0.932,8.165,1.854,1.656,0.154,57.4,56,0.0856,0.3076
707,122875,-102.51,351,2.256,0.9,3.222,0.959,1.83,0.794,90.6,45,0.1445,0.6426
708,123354,-273.91,479,2.554,0.76,5.6,1.383,1.367,0.438,89.4,86,0.1314,0.5479
709,123538,-329.39,184,2.836,0.999,5.062,0.992,0.778,1.173,64.7,0,0.0439,0.125
710,124108,-452.93,570,2.225,0.696,6.411,1.067,1.214,0.582,69.1,56,0.0956,0.248
711,124565,-517.81,457,1.004,0.063,3.462,0.832,1.276,0.636,47.5,12,0.0631,0.2334
712,124821,-331.04,256,2.613,0.33,7.388,2.167,1.467,1.069,47.7,0,0.035,0.1299
713,125014,-554.9,193,3.036,0.622,6.326,1.809,1.524,0.408,15.5,0,0.0109,0.0488
714,125552,-460.84,538,1.462,0.602,3.206,0.476,1.72,-0.154,85.9,136,0.1414,0.5342
715,125866,-818.55,314,1.572,0.334,4.617,0.751,1.913,-1.074,65.0,106,0.208,0.6523
716,126268,-307.01,402,1.931,0.175,4.836,1.344,1.38,0.946,62.4,29,0.0823,0.5088
717,126392,-126.64,124,1.956,0.447,4.461,1.29,1.844,0.727,97.6,3,0.1169,0.2051
718,127005,-257.31,613,1.491,0.128,5.364,0.893,1.798,1.483,45.5,0,0.0468,0.1553
719,127304,-237.15,299,1.23,0.449,2.915,0.654,1.663,1.038,54.5,0,0.0702,0.1797
720,127601,-431.67,297,2.281,0.806,3.905,1.191,1.159,0.926,60.3,0,0.0251,0.1016
721,127790,-579.95,189,2.277,0.939,3.804,0.879,1.836,-1.592,64.0,71,0.2083,0.3584
722,128339,-639.53,549,1.376,0.058,4.069,0.619,1.567,0.449,69.2,103,0.1518,0.5459
723,129172,0.08,833,1.758,0.434,5.692,1.065,1.574,1.392,55.5,0,0.0561,0.1641
724,129287,-397.48,115,1.253,0.316,3.26,0.882,1.056,0.487,26.1,0,0.013,0.0264
725,129699,-147.84,412,1.774,0.658,4.39,1.058,1.527,0.942,64.6,36,0.0938,0.3115
726,129984,-337.61,285,2.316,0.761,5.365,1.499,1.658,0.324,77.5,53,0.1583,0.4482
727,130371,-204.2,387,2.798,0.74,6.663,1.8,1.342,1.115,63.0,19,0.0774,0.3164
728,130582,186.8,211,1.676,0.369,4.166,1.309,1.748,1.689,93.8,0,0.0673,0.1592
729,131164,-487.63,582,2.743,0.579,6.459,1.584,1.328,1.105,43.0,0,0.0471,0.1709
730,131464,-941.65,300,3.21,0.966,7.049,2.016,1.595,-0.367,78.3,84,0.2465,0.9707
731,131780,-184.83,316,2.932,0.324,7.622,2.279,1.557,0.599,84.2,46,0.1034,0.4277
732,132244,-139.85,464,1.593,0.3,4.428,0.721,1.403,1.218,67.7,12,0.071,0.2686
733,132626,-2048.89,382,1.357,0.031,4.445,0.99,2.261,-1.875,89.3,239,0.4426,0.959
734,132738,-120.39,112,1.135,0.284,2.634,0.743,1.747,1.933,70.5,0,0.0557,0.1104
735,133347,-669.95,609,2.823,0.982,2.942,0.838,1.424,1.585,27.6,0,0.0466,0.1084
736,133923,-1237.26,576,1.265,0.054,5.514,1.155,2.039,-0.33,60.9,125,0.2406,0.8154
737,134211,-455.57,288,2.076,0.969,2.157,0.411,1.633,-0.11,95.5,86,0.1528,0.7686
738,134703,-678.74,492,2.274,0.204,5.116,1.068,1.752,0.101,82.3,119,0.1844,0.6963
739,135089,-294.69,386,2.094,0.727,5.583,1.016,1.347,1.211,60.9,10,0.062,0.292
740,135481,163.26,392,2.91,0.923,5.879,1.517,1.612,1.515,77.0,16,0.0835,0.3037
741,135649,-283.7,168,2.688,0.853,5.31,1.382,1.437,1.12,53.6,0,0.0299,0.0713
742,136220,-297.88,571,2.408,0.052,5.382,1.166,1.477,1.343,49.2,9,0.0517,0.2139
743,136597,-398.62,377,2.667,0.026,4.544,1.54,1.295,1.339,41.9,0,0.0489,0.1514
744,136828,-262.51,231,2.507,0.927,4.237,0.945,1.647,0.884,57.1,0,0.0236,0.0723
745,137093,-548.4,265,3.017,0.674,4.257,1.612,1.384,0.586,27.9,6,0.0525,0.2617
746,137332,-339.03,239,1.75,1.041,2.497,0.46,0.97,1.128,44.8,0,0.0594,0.1709
747,138052,-1222.22,720,2.64,0.146,5.156,1.245,1.664,-0.651,79.6,258,0.2211,0.6631
748,138328,-371.77,276,1.297,0.463,3.672,0.701,1.557,0.201,77.5,56,0.141,0.3525
749,138590,-50.96,262,2.293,0.497,3.469,0.975,1.592,1.325,74.4,9,0.0851,0.2559
750,138827,-458.62,237,1.308,0.017,1.845,0.697,1.739,0.072,42.6,21,0.1523,0.4893
751,139236,-1244.4,409,2.283,0.981,1.599,0.614,1.916,-0.705,80.7,159,0.3006,0.876
752,139375,-320.06,139,2.052,1.009,3.904,0.846,1.43,1.191,44.6,0,0.0672,0.1562
753,139694,-220.02,319,2.195,0.754,4.193,1.07,1.345,1.591,57.7,0,0.0441,0.0967
754,139821,-277.68,127,1.069,0.502,3.018,0.688,1.605,1.414,49.6,0,0.0496,0.1289
755,139974,-59.29,153,1.95,0.989,4.985,1.096,1.295,1.594,93.5,0,0.0425,0.082
756,140381,-618.16,407,1.78,0.099,5.165,0.997,1.539,-0.261,60.9,80,0.1246,0.4082
757,140564,-383.03,183,1.528,0.214,3.571,1.071,1.959,1.191,27.9,0,0.0318,0.0439
758,140914,-372.57,350,2.879,0.832,3.91,1.385,1.599,0.561,58.6,31,0.0944,0.4902
759,141288,-423.7,374,3.047,0.987,4.996,1.042,1.436,1.63,34.5,0,0.0486,0.1006
760,141860,-303.93,572,2.477,0.033,5.608,1.511,1.464,0.314,82.0,84,0.1529,0.5459
761,141966,-149.25,106,1.991,0.91,3.808,0.918,1.916,1.047,80.2,0,0.0279,0.0605
762,142380,32.76,414,2.024,0.792,2.556,1.117,1.613,1.278,77.5,15,0.0724,0.4375
763,142527,-248.76,147,1.894,0.079,5.778,1.709,1.563,1.213,68.0,0,0.0346,0.0977
764,142861,-484.96,334,2.139,0.114,5.43,1.481,1.966,-0.256,97.9,129,0.1917,0.6504
765,143152,-790.45,291,2.223,0.782,5.496,1.265,1.662,-1.043,79.4,124,0.2322,0.543
766,143471,-448.88,319,2.225,0.097,4.298,1.166,1.368,0.969,45.1,2,0.0642,0.2031
767,143627,-262.82,156,2.371,1.002,5.032,1.204,1.234,0.676,78.8,1,0.1067,0.2021
768,144056,-460.16,429,2.337,0.939,5.744,1.024,1.573,0.894,40.1,0,0.0367,0.1719
769,144524,-300.16,468,2.688,0.835,3.897,0.989,1.566,1.281,47.0,0,0.0459,0.1328
770,144846,-84.89,322,2.986,0.417,6.047,1.855,1.857,0.858,72.7,32,0.0905,0.3418
771,145319,-27.56,473,2.525,0.082,4.065,1.417,1.553,1.253,65.8,0,0.0336,0.0869
772,145591,-323.44,272,1.931,1.072,2.735,0.434,1.548,0.222,89.3,84,0.1584,0.4072
773,145876,-439.26,285,2.737,0.88,4.315,0.997,1.126,1.518,44.6,0,0.0821,0.1641
774,146246,31.87,370,2.696,0.651,4.897,1.213,1.519,1.724,66.2,0,0.0681,0.1904
775,146587,-699.4,341,2.106,0.463,3.818,1.359,2.179,-0.461,46.0,61,0.1947,0.4121
776,147559,-824.61,972,2.877,0.495,6.754,1.252,1.464,-0.016,86.2,261,0.1622,0.5908
777,147965,206.69,406,2.559,0.967,2.837,0.685,1.516,1.258,85.5,42,0.1109,0.3281
778,148413,-35.25,448,2.149,0.631,4.174,1.272,1.746,1.707,57.1,0,0.0528,0.1396
779,148907,-250.47,494,1.972,0.752,6.044,1.015,1.904,1.5,44.3,0,0.071,0.1484
780,149725,92.97,818,1.466,0.021,2.245,0.78,1.424,0.95,75.8,59,0.0805,0.4082
781,150239,-636.18,514,2.13,0.463,4.244,1.49,1.573,0.473,38.9,20,0.0745,0.3496
782,150470,-238.76,231,2.164,0.237,5.327,1.418,1.543,0.531,91.8,41,0.1399,0.4863
783,150949,-509.21,479,1.908,0.27,4.341,1.02,1.543,-0.279,100.0,151,0.1718,0.4883
784,151230,-243.14,281,3.53,0.801,6.165,1.741,1.21,1.237,66.2,0,0.043,0.1494
785,151631,41.36,401,2.729,1.031,5.095,1.09,1.663,1.142,70.3,0,0.0304,0.0752
786,151851,-383.76,220,1.717,0.905,3.972,0.727,1.668,-0.191,68.6,40,0.1425,0.2764
787,152191,-19.59,340,2.165,0.939,4.529,0.96,1.663,1.604,63.2,0,0.0707,0.1465
788,152503,-420.42,312,1.835,0.63,4.799,1.264,1.4,0.232,82.7,65,0.1346,0.498
789,152908,-172.68,405,2.504,0.745,5.019,1.09,1.466,0.873,63.7,0,0.0233,0.0576
790,153240,-546.67,332,1.793,0.284,4.131,0.95,1.536,0.879,32.2,0,0.0236,0.085
791,153613,-705.71,373,3.155,0.651,5.04,1.342,1.261,-0.421,69.2,96,0.1386,0.4307
792,153838,-377.03,225,4.684,0.928,7.848,2.161,1.182,0.634,78.7,29,0.1221,0.4756
793,154085,-355.43,247,2.896,0.952,5.247,1.215,1.834,-0.634,100.0,101,0.1838,0.3867
794,154554,-45.58,469,2.68,0.948,5.213,1.503,1.632,0.951,76.8,56,0.0985,0.3936
795,155013,-450.77,459,2.883,0.099,7.254,2.136,1.398,0.576,59.9,28,0.0665,0.3193
796,155409,-476.38,396,1.835,0.428,4.975,1.3,1.754,-0.185,76.8,98,0.1475,0.4443
797,155668,-53.22,259,1.971,0.357,4.073,1.183,1.843,0.626,100.0,58,0.1302,0.3623
798,155935,183.27,267,3.005,0.899,5.468,1.229,1.94,1.101,100.0,32,0.0991,0.3516
799,156192,-73.25,257,2.072,0.517,5.645,1.513,1.704,0.948,80.5,0,0.0714,0.1738
800,156338,-128.76,146,1.307,0.345,3.534,0.951,1.424,1.058,97.3,0,0.0535,0.1484
801,156551,-91.89,213,2.94,0.749,5.441,1.729,1.527,1.505,74.6,0,0.0644,0.1445
802,156789,-402.3,238,3.259,0.985,6.246,1.448,1.854,-0.932,100.0,132,0.1724,0.3105
803,157084,-133.54,295,2.634,0.909,4.882,1.2,2.007,1.527,54.2,0,0.0407,0.0713
804,157594,-693.31,510,2.378,0.529,5.292,1.346,1.537,-0.972,100.0,251,0.1833,0.2881
805,158091,-812.29,497,2.522,0.549,2.498,1.082,1.464,-0.009,62.8,100,0.1679,0.5088
806,158277,-300.89,186,2.361,0.856,4.467,1.252,1.503,1.056,58.6,5,0.0522,0.2568
807,158564,-150.24,287,2.002,0.808,2.238,0.79,1.386,0.909,78.4,16,0.0775,0.3555
808,159033,-1128.99,469,2.09,0.805,3.331,0.633,1.571,-0.905,84.2,204,0.2231,0.7178
809,159302,-529.48,269,2.07,0.972,2.593,0.47,1.423,-0.278,74.7,63,0.1406,0.415
810,159715,-536.33,413,1.918,0.857,2.793,0.556,1.626,-0.05,77.2,100,0.1392,0.4121
811,159978,98.09,263,1.596,0.225,3.809,0.924,1.966,1.153,85.9,0,0.0308,0.0781
812,160107,-111.93,129,1.695,0.464,4.431,1.154,1.549,1.325,89.1,0,0.0577,0.1807
813,160454,-435.94,347,1.944,0.643,4.197,1.203,1.508,-0.062,79.8,72,0.1549,0.4434
814,160721,-249.0,267,3.582,1.003,7.229,1.784,1.713,0.486,68.9,23,0.0922,0.2295
815,161168,-1080.27,447,2.588,0.293,3.669,1.353,1.664,-0.813,69.6,147,0.2264,0.6182
816,161483,-428.5,315,2.964,0.638,4.321,1.335,1.746,-0.193,67.9,70,0.1286,0.2832
817,161972,-591.0,489,2.805,0.435,6.236,1.504,1.505,1.292,30.5,0,0.0345,0.0771
818,162311,-600.87,339,3.55,1.056,6.758,1.734,1.65,-0.094,67.3,55,0.1567,0.6084
819,163243,-558.0,932,2.489,0.791,5.256,0.922,1.612,-0.177,93.0,297,0.1742,0.5078
820,163442,-431.97,199,1.073,0.193,3.956,0.923,0.856,1.031,41.7,0,0.0297,0.0967
821,163779,-246.58,337,2.923,1.113,6.055,1.577,1.639,2.006,46.6,0,0.0684,0.125
822,163956,-347.65,177,2.281,0.893,4.894,1.312,1.322,1.016,34.5,0,0.0271,0.0586
823,164359,714.2,403,2.98,1.058,6.102,1.114,2.024,1.598,100.0,0,0.0988,0.1592
824,164952,-150.97,593,3.09,0.846,3.919,1.003,1.581,0.943,65.9,58,0.109,0.4375
825,165322,-413.24,370,1.793,0.678,2.962,0.602,1.586,0.56,56.2,38,0.1102,0.7588
826,165621,117.61,299,2.415,0.77,6.305,1.572,1.957,1.554,79.9,0,0.0674,0.1787
827,165946,-141.13,325,1.954,0.184,7.145,1.804,1.69,1.175,65.5,0,0.0323,0.0908
828,166165,-141.86,219,2.742,0.946,5.106,1.259,1.611,1.187,71.2,0,0.0317,0.0576
829,166454,-536.52,289,2.579,0.929,6.968,1.632,1.527,0.508,27.3,0,0.0135,0.0342
830,166589,-29.77,135,1.358,0.366,3.529,0.877,1.406,1.854,100.0,0,0.1032,0.1748
831,166753,132.4,164,1.763,0.671,4.058,0.878,1.678,1.997,100.0,0,0.0533,0.0791
832,167235,-1198.04,482,1.209,0.335,3.52,0.74,1.692,-0.712,64.5,122,0.2448,0.7373
833,167733,59.61,498,2.381,0.781,4.75,1.224,1.641,0.567,93.2,75,0.1286,0.3613
834,168092,251.14,359,2.585,0.827,6.259,1.631,1.828,1.36,84.7,12,0.064,0.2139
835,168344,-121.44,252,2.87,0.789,6.332,1.612,1.41,0.878,90.1,19,0.0762,0.252
836,168583,-410.5,239,2.27,0.624,5.571,1.341,1.547,-0.361,100.0,86,0.1735,0.5166
837,168854,-470.87,271,1.396,0.565,3.348,0.806,1.6,-0.578,79.0,89,0.1727,0.3477
838,169122,153.09,268,2.179,0.981,4.895,0.91,1.686,1.278,94.0,11,0.0616,0.2617
839,169615,-99.07,493,2.236,0.279,6.228,1.427,1.48,1.072,68.4,5,0.0804,0.21
840,170018,-68.31,403,1.456,0.322,2.651,0.621,1.438,0.833,77.2,30,0.0962,0.2637
841,170360,-97.09,342,3.884,0.994,6.687,1.584,1.779,0.913,69.6,19,0.0737,0.251
842,170705,-409.59,345,1.684,0.314,3.588,1.043,1.486,0.209,67.8,41,0.1328,0.2939
843,170855,-521.34,150,2.19,0.634,5.851,1.538,1.463,0.717,22.0,0,0.0191,0.0459
844,170996,-179.34,141,1.253,0.319,2.914,0.869,2.038,0.037,100.0,54,0.1774,0.3857
845,171363,-431.04,367,1.253,0.653,1.158,0.334,1.381,0.053,84.7,79,0.1475,0.459
846,171585,4.98,222,1.462,0.314,3.64,1.032,1.793,0.762,93.2,7,0.1078,0.2295
847,172177,297.92,592,3.009,0.342,3.834,1.4,1.355,1.287,81.9,25,0.1005,0.2393
848,172355,-43.72,178,2.133,0.612,5.314,1.396,1.99,0.694,100.0,7,0.1415,0.2041
849,172539,-19.02,184,2.92,0.758,6.653,1.891,1.471,1.447,94.6,0,0.0557,0.1318
850,172680,-72.59,141,2.869,1.031,5.687,1.328,1.719,1.258,100.0,23,0.1163,0.2383
851,173048,-344.72,368,2.334,0.049,7.048,1.872,1.519,1.17,48.6,0,0.0329,0.0938
852,173203,-648.57,155,2.498,0.934,5.728,1.38,1.698,-1.754,90.3,92,0.2427,0.4609
853,173611,-386.98,408,1.488,0.264,3.584,0.911,1.657,0.256,75.5,87,0.1493,0.4727
854,174111,-513.98,500,1.969,0.402,4.162,1.12,1.711,-0.477,97.4,178,0.1851,0.3779
855,174246,-54.05,135,1.863,0.81,4.319,1.023,2.101,1.839,83.7,0,0.0623,0.1416
856,174486,-35.79,240,2.752,0.661,6.311,1.733,1.853,1.162,77.9,0,0.0605,0.1504
857,174761,-269.89,275,1.413,0.231,3.09,0.94,1.569,1.83,46.5,0,0.0505,0.0938
858,175111,-103.26,350,2.335,0.376,5.642,1.816,1.366,0.672,94.6,45,0.0957,0.5176
859,175344,-163.97,233,1.78,0.091,5.311,1.556,1.529,1.165,67.4,0,0.0779,0.1562
860,175881,30.49,537,2.13,0.037,4.225,1.184,1.332,1.069,83.2,27,0.097,0.2852
861,176136,-812.19,255,3.554,0.958,7.077,2.009,1.709,-0.809,78.4,83,0.2259,0.6934
862,176530,-822.35,394,2.311,0.515,6.792,1.213,1.926,-0.598,70.8,111,0.1888,0.4902
863,176890,-640.0,360,2.885,0.96,5.831,1.084,1.325,-0.121,61.1,74,0.145,0.3398
864,177054,-146.61,164,1.211,0.389,3.37,0.657,1.433,2.155,64.0,0,0.0657,0.1455
865,177237,-262.28,183,1.374,0.112,4.286,1.051,1.472,0.847,69.4,0,0.0226,0.04
866,177414,-409.88,177,1.632,0.633,4.309,1.041,1.062,0.79,46.9,0,0.0211,0.041
867,177603,-147.96,189,2.93,0.839,6.676,1.732,1.599,1.01,76.2,0,0.0269,0.0586
868,177722,-337.1,119,2.123,1.017,3.957,0.839,1.266,0.478,70.6,10,0.0651,0.3477
869,178722,-711.78,1000,2.199,0.609,2.057,0.956,1.698,-0.67,73.9,323,0.1636,0.332
870,179030,-1660.47,308,3.531,0.876,7.752,2.005,1.893,-2.011,85.7,196,0.3908,0.8164
871,179391,-937.42,361,3.375,1.043,5.762,1.167,1.693,-0.873,78.7,139,0.216,0.6943
872,179550,-13.7,159,1.235,0.038,3.462,0.826,1.606,1.278,100.0,0,0.0909,0.1953
873,179700,-132.05,150,2.165,0.983,4.883,1.129,1.533,0.98,100.0,12,0.0659,0.3721
874,179832,48.36,132,2.094,0.788,5.221,1.328,1.93,2.256,100.0,0,0.0626,0.0898
875,180014,-302.26,182,2.117,0.322,6.22,1.833,1.283,0.903,58.8,0,0.04,0.1445
876,180202,-305.28,188,1.476,0.371,4.035,1.052,1.369,1.06,55.9,0,0.0328,0.1123
877,180525,-821.01,323,2.683,0.68,7.698,2.033,1.639,-0.66,83.0,114,0.2105,0.5869
878,180748,88.68,223,2.412,0.797,6.293,1.523,1.766,1.426,100.0,27,0.113,0.4082
879,181097,-606.17,349,2.66,0.906,6.638,1.682,1.653,-0.09,89.4,100,0.1724,0.6484
880,181282,-526.66,185,2.449,0.944,5.42,1.314,1.296,0.339,25.4,0,0.009,0.0381
881,181468,-161.45,186,2.321,0.72,6.423,1.682,1.608,0.849,97.8,32,0.1062,0.4766
882,181675,-307.79,207,2.071,0.304,5.441,1.556,1.488,0.878,58.9,1,0.0631,0.2002
883,181969,-377.06,294,1.746,0.101,6.042,1.595,1.581,1.195,48.3,0,0.0328,0.1016
884,182141,-117.02,172,2.126,0.88,5.275,1.189,2.006,1.383,76.2,0,0.0369,0.0781
885,182398,-462.19,257,1.747,0.435,5.893,1.341,1.44,1.242,37.0,1,0.107,0.2002
886,182661,198.56,263,1.905,0.035,4.979,1.477,1.563,1.683,97.0,19,0.0863,0.2422
887,182841,-290.55,180,1.658,0.099,5.275,1.47,1.029,1.003,73.3,0,0.0268,0.0625
888,182973,-162.6,132,1.535,0.648,3.924,0.965,1.657,0.91,93.2,0,0.0243,0.043
889,183156,-449.01,183,2.768,0.934,5.766,1.51,1.613,-0.254,88.0,57,0.1621,0.5273
890,183335,-389.34,179,2.621,0.918,5.926,1.096,1.074,0.41,79.3,10,0.048,0.2578
891,183528,-385.51,193,2.213,0.62,5.354,1.486,1.308,1.155,41.5,0,0.0308,0.0527
892,183707,-194.59,179,1.885,0.656,4.405,1.105,1.57,0.809,78.8,0,0.0216,0.0674
893,183870,-284.2,163,3.23,0.909,6.311,1.497,1.279,0.905,80.4,4,0.0497,0.2959
894,184006,-173.87,136,1.24,0.428,3.484,0.762,1.453,1.771,78.7,0,0.0485,0.0918
895,184166,-248.09,160,1.482,0.382,3.226,0.847,1.664,0.533,66.9,0,0.0142,0.0303
896,184265,-226.96,99,1.068,0.049,3.279,0.956,1.541,0.944,73.7,0,0.0252,0.0508
897,184415,-72.87,150,1.194,0.395,2.948,0.734,2.035,1.186,82.0,0,0.0316,0.0586
898,184730,-418.98,315,1.648,0.335,2.069,1.03,1.505,0.749,44.8,0,0.0226,0.1094
899,184926,-344.63,196,2.071,0.079,5.845,1.708,1.682,1.386,46.9,0,0.0513,0.1123
900,185225,-66.85,299,2.642,0.488,5.127,1.456,1.664,0.267,100.0,68,0.148,0.2725
901,185451,112.46,226,1.862,0.209,5.967,1.726,1.909,2.03,82.3,0,0.0897,0.1299
902,185837,288.03,386,2.586,0.62,7.232,1.718,1.125,1.923,92.5,0,0.0679,0.1719
903,185949,-40.35,112,2.148,0.994,3.984,0.817,1.512,1.746,100.0,0,0.0786,0.1719
904,186268,-271.36,319,3.41,0.907,7.893,1.79,1.627,0.31,100.0,77,0.1627,0.3975
905,186575,-368.17,307,2.139,0.725,7.011,1.663,1.407,0.52,65.5,17,0.055,0.457
906,186751,-129.64,176,1.525,0.712,4.449,1.011,1.586,1.745,72.2,0,0.0469,0.0986
907,186912,63.9,161,1.71,0.324,4.681,1.241,1.95,1.748,100.0,0,0.0536,0.1113
908,187401,-918.05,489,2.687,1.036,4.511,0.691,1.499,-0.598,91.2,198,0.1985,0.6309
909,187611,80.51,210,2.879,0.874,6.42,1.745,1.567,1.56,98.1,0,0.06,0.1504
910,187822,-390.31,211,2.62,0.98,5.631,1.255,1.151,0.974,60.2,12,0.0754,0.542
911,187945,-194.91,123,2.562,0.996,4.98,1.268,1.304,1.803,74.8,0,0.0775,0.167
912,188884,-1655.87,939,2.132,0.051,4.495,1.006,1.747,-1.368,86.7,463,0.2159,0.5225
913,189142,-377.89,258,3.582,1.029,7.816,1.864,1.559,0.158,100.0,81,0.1588,0.5352
914,189289,-188.83,147,2.209,0.951,4.831,1.181,1.547,1.111,89.8,16,0.0808,0.2529
915,189552,-404.01,263,2.791,0.805,6.221,1.65,1.592,0.259,62.7,31,0.0913,0.4121
916,189652,-211.79,100,1.687,0.622,4.429,1.124,1.443,1.555,88.0,0,0.0423,0.0928
917,189946,-407.57,294,2.182,0.594,5.934,1.522,1.665,-0.028,77.6,69,0.1256,0.4678
918,190093,-94.57,147,2.133,0.908,4.892,1.108,1.63,1.891,76.9,0,0.0578,0.1211
919,190411,-277.16,318,2.266,0.643,5.154,1.227,1.797,0.409,90.6,64,0.1532,0.5498
920,190684,-553.06,273,2.284,0.743,6.051,1.499,1.627,0.871,28.6,0,0.0232,0.0596
921,190895,-226.33,211,2.346,0.666,6.065,1.641,1.834,1.253,54.5,0,0.0334,0.0596
922,191059,-155.41,164,1.406,0.464,3.639,0.929,1.52,1.357,74.4,0,0.0362,0.0596
923,191183,-83.29,124,1.887,0.856,3.877,0.791,1.678,1.385,97.6,0,0.0369,0.0684
924,191322,-77.15,139,1.498,0.788,3.782,0.749,1.277,1.745,89.9,0,0.0558,0.1074
925,191534,-233.95,212,2.296,0.427,6.532,1.883,1.417,0.888,69.8,11,0.0564,0.293
926,191644,-394.58,110,2.548,1.072,4.545,1.027,1.062,0.844,36.4,0,0.0225,0.0586
927,191846,-83.48,202,2.605,0.771,5.654,1.442,2.138,0.923,78.2,0,0.0246,0.0488
928,192266,-73.91,420,2.029,0.655,5.85,1.301,1.624,0.694,82.1,73,0.1012,0.2998
929,192405,-232.47,139,2.435,0.984,5.169,1.24,1.33,1.197,85.6,0,0.0319,0.0576
930,192811,-290.18,406,3.079,0.858,7.061,1.54,1.547,1.329,53.9,0,0.0915,0.1826
931,192955,-269.39,144,2.289,0.973,4.256,1.063,1.951,0.479,68.1,0,0.0143,0.1152
932,193288,-146.94,333,2.898,0.742,7.637,1.93,1.36,0.886,88.0,48,0.0991,0.3086
933,193579,115.72,291,1.496,0.366,4.231,0.891,1.746,1.219,92.4,0,0.0325,0.0537
934,193835,-302.5,256,2.328,0.919,5.912,1.263,1.674,1.535,47.7,0,0.0611,0.1299
935,193966,-315.68,131,2.162,0.7,4.252,1.12,1.385,0.736,67.9,2,0.1049,0.2002
936,194177,-335.72,211,2.654,0.869,6.187,1.505,1.569,0.397,100.0,52,0.1577,0.5166
937,194525,-189.99,348,2.657,1.008,5.67,1.306,1.63,0.724,79.0,25,0.1144,0.4629
938,194705,-491.07,180,2.594,0.847,5.789,1.348,1.018,0.337,31.7,0,0.009,0.0215
939,194909,-131.03,204,2.346,0.669,5.786,1.484,1.524,1.082,88.2,0,0.0289,0.0645
940,195212,-376.31,303,3.056,0.627,4.732,1.51,1.588,-0.082,99.3,121,0.1705,0.4326
941,195536,133.07,324,2.481,0.081,5.486,1.594,1.977,1.119,88.0,20,0.0926,0.2354
942,195881,157.95,345,2.351,0.067,6.463,1.653,1.55,1.351,89.6,0,0.036,0.0801
943,196146,-635.92,265,2.556,0.964,5.374,1.047,1.262,1.369,15.5,0,0.0569,0.166
944,196347,-68.35,201,1.761,0.499,5.687,1.402,1.571,1.516,91.5,0,0.0414,0.0908
945,196476,-426.08,129,1.882,0.863,3.972,0.822,1.187,0.8,28.7,0,0.0213,0.0459
946,196653,-519.61,177,3.843,1.004,7.774,1.966,1.254,0.335,71.8,32,0.1346,0.5127
947,196873,-49.04,220,2.6,0.768,5.939,1.737,1.687,1.627,75.5,0,0.0533,0.1387
948,197137,-93.0,264,1.005,0.25,2.228,0.506,1.558,0.921,80.3,30,0.1166,0.3066
949,197322,-59.92,185,1.518,0.612,3.584,0.823,1.855,0.998,87.0,0,0.0266,0.0762
950,197501,-171.24,179,1.619,0.035,5.302,1.424,1.418,1.292,76.0,0,0.0345,0.0615
951,197824,-467.23,323,3.068,0.943,7.602,1.807,1.655,0.499,55.4,32,0.0982,0.4014
952,198027,-13.37,203,2.515,0.784,6.385,1.825,1.7,1.048,96.6,0,0.0302,0.1045
953,198196,3.24,169,1.172,0.021,3.699,0.856,2.247,1.136,95.9,0,0.0303,0.0469
954,198549,-687.97,353,1.628,0.283,5.168,1.164,1.558,-0.563,46.7,64,0.1529,0.4316
955,198812,-27.53,263,2.521,0.359,6.645,1.86,1.619,1.387,82.5,0,0.0579,0.1826
956,199010,-874.47,198,2.899,0.819,6.731,1.743,2.092,-1.019,100.0,122,0.3264,0.7686
957,199156,-235.9,146,2.845,1.012,5.622,1.164,1.514,1.78,58.9,0,0.0895,0.1787
958,199317,69.68,161,2.394,0.923,5.043,1.204,1.874,1.931,100.0,0,0.0539,0.1006
959,199570,18.6,253,1.912,0.679,4.436,0.99,1.812,1.492,82.2,0,0.0672,0.1602
960,199898,-99.31,328,2.812,0.246,7.104,2.004,1.938,1.385,58.8,0,0.0383,0.0928
961,200174,312.64,276,3.287,0.966,6.079,1.392,1.446,1.926,100.0,0,0.0567,0.1133
962,200589,-108.29,415,1.402,0.773,2.292,0.42,1.716,1.688,50.4,0,0.0526,0.1328
963,200741,-403.85,152,2.526,0.972,5.347,1.314,1.778,-0.773,100.0,72,0.1697,0.2549
964,200979,-39.73,238,2.487,0.663,6.038,1.559,1.883,1.276,80.7,0,0.0713,0.1699
965,201228,-516.2,249,3.068,1.01,5.908,1.165,1.721,-0.467,100.0,105,0.2055,0.4258
966,201524,-968.56,296,1.972,0.655,5.135,1.205,1.552,-0.849,96.6,160,0.2569,0.5146
967,201829,-212.18,305,1.685,0.95,3.215,0.613,1.605,0.598,73.4,35,0.0933,0.3721
968,202001,-194.08,172,2.807,1.014,6.959,1.806,1.444,1.583,66.9,0,0.0536,0.1357
969,202165,-200.93,164,2.076,0.735,4.384,1.059,2.201,1.486,56.7,0,0.0396,0.0801
970,202398,-368.5,233,2.085,0.91,4.981,1.015,1.686,0.881,51.1,0,0.0235,0.043
971,202626,-435.26,228,2.494,1.039,4.495,0.989,1.463,0.77,42.1,8,0.0777,0.2217
972,202759,-219.98,133,2.954,0.942,6.331,1.473,1.639,1.796,68.4,0,0.0479,0.0781
973,202898,-197.66,139,1.365,0.267,3.974,1.076,1.385,1.313,80.6,0,0.035,0.0605
974,203029,-389.68,131,3.231,0.944,6.292,1.495,1.367,1.069,55.7,0,0.0285,0.043
975,203201,-345.27,172,2.082,0.718,5.703,1.529,1.673,0.314,75.0,12,0.0499,0.2432
976,203400,-219.13,199,2.446,0.663,5.677,1.543,1.719,1.363,71.9,5,0.0763,0.334
977,203864,-46.71,464,1.268,0.116,4.889,0.83,1.48,1.4,70.9,0,0.0394,0.1064
978,204023,-365.94,159,2.202,0.949,4.165,0.876,1.199,0.909,45.9,0,0.0245,0.0898
979,204244,-358.84,221,1.422,0.128,3.172,1.069,1.494,0.266,92.3,52,0.1473,0.4492
980,204369,-120.52,125,1.499,0.587,3.539,0.843,1.402,1.734,85.6,0,0.0583,0.127
981,204527,-180.21,158,1.3,0.772,3.23,0.559,1.345,1.261,78.5,0,0.0349,0.0898
982,204782,-323.72,255,1.447,0.671,2.734,0.676,1.669,0.942,56.9,24,0.1002,0.2578
983,204979,-327.26,197,1.883,0.798,4.898,1.111,1.141,1.89,49.7,0,0.0745,0.1279
984,205263,-845.72,284,2.077,0.036,5.552,1.622,1.485,-0.596,90.5,103,0.2203,0.5889
985,205537,-566.52,274,2.013,0.097,5.357,1.478,1.256,1.003,32.1,0,0.0267,0.0684
986,205909,-335.86,372,2.167,0.685,3.339,0.699,1.649,0.282,70.2,43,0.1071,0.4248
987,206080,-140.69,171,1.66,0.071,4.791,1.244,1.689,1.169,88.9,0,0.0312,0.0693
988,206278,100.35,198,1.918,0.677,4.594,1.148,2.078,1.721,87.4,0,0.0545,0.168
989,206468,-921.43,190,2.092,0.883,3.907,0.838,2.019,-1.57,97.9,120,0.3276,0.748
990,206579,-148.77,111,2.433,1.002,4.44,1.114,1.551,1.751,84.7,0,0.0865,0.167
991,206783,-397.94,204,2.157,0.999,4.232,0.888,1.575,-0.284,74.0,53,0.1162,0.3164
992,207042,-312.81,259,2.191,0.981,5.711,1.249,1.142,1.085,65.6,9,0.0592,0.2246
993,207389,148.36,347,1.75,0.064,4.251,1.343,1.725,1.393,80.7,0,0.0881,0.1748
994,207546,-443.46,157,1.586,0.479,4.695,1.013,1.222,0.626,49.0,0,0.0167,0.0654
995,207705,-389.17,159,1.934,0.317,5.506,1.486,0.947,0.788,71.1,0,0.021,0.0664
996,207844,-193.84,139,1.332,0.022,3.843,1.054,1.438,0.997,89.2,0,0.0266,0.0537
997,208109,-67.87,265,2.673,0.953,5.349,1.091,1.584,1.306,77.4,0,0.0353,0.1104
998,208438,-145.63,329,2.778,0.644,6.567,1.603,1.618,0.278,100.0,61,0.1456,0.292
999,208553,-384.85,115,2.453,1.017,4.137,0.936,1.546,-0.61,69.6,34,0.1653,0.3252
1000,208741,-330.97,188,0.884,0.245,2.284,0.477,1.661,0.247,77.7,29,0.1323,0.2549
1001,208970,71.39,229,2.401,0.89,4.921,1.194,1.679,1.698,87.3,0,0.0694,0.1387
1002,209097,-30.89,127,1.88,0.998,3.426,0.63,1.44,1.719,100.0,0,0.0898,0.1533
1003,209394,337.42,297,3.334,0.922,6.998,1.827,1.602,1.745,97.6,0,0.0534,0.1279
1004,209780,-247.0,386,2.241,0.446,5.944,1.367,1.376,0.815,64.5,0,0.0257,0.1191
1005,210007,-162.8,227,2.06,0.877,2.948,0.784,1.463,1.368,70.9,0,0.0447,0.1592
1006,210481,507.0,474,2.275,0.086,7.107,1.904,1.891,1.18,93.7,10,0.0926,0.2109
1007,210679,199.01,198,2.288,0.826,5.526,1.328,1.945,1.829,98.5,0,0.0577,0.1133
1008,210909,-757.48,230,2.742,1.028,5.902,1.184,1.361,-0.67,76.5,63,0.2005,0.7666
1009,211132,-335.27,223,2.494,0.963,5.251,1.235,1.715,1.023,50.2,0,0.0535,0.1816
1010,211382,-383.42,250,1.803,0.185,4.61,1.253,1.222,0.652,59.2,0,0.0177,0.1016
1011,211595,-153.38,213,2.524,0.812,6.293,1.404,1.654,0.694,91.5,4,0.0938,0.3135
1012,212231,346.76,636,2.025,0.627,5.376,0.974,1.39,1.365,84.6,5,0.0782,0.2227
1013,212640,132.72,409,1.773,0.39,5.012,1.235,1.795,1.332,72.9,0,0.0397,0.1201
1014,212869,-274.56,229,2.407,0.805,5.985,1.503,1.339,0.859,69.0,0,0.0229,0.0752
1015,213197,-152.42,328,1.252,0.223,4.005,0.886,1.642,0.209,99.7,93,0.1459,0.3037
1016,213524,130.36,327,2.564,0.419,6.756,1.614,1.789,0.917,98.8,5,0.1235,0.2031
1017,213667,-118.08,143,1.697,0.646,3.756,0.918,1.621,1.094,97.2,0,0.0292,0.0527
1018,213874,-44.62,207,2.203,0.98,5.206,1.241,1.395,1.335,100.0,10,0.0871,0.2354
1019,213996,-76.15,122,1.406,0.59,3.244,0.74,1.612,1.663,100.0,0,0.0827,0.1787
1020,214382,-380.64,386,1.303,0.041,4.26,1.1,1.499,0.698,57.8,16,0.0649,0.2422
1021,214773,-810.69,391,2.213,0.08,6.99,1.796,1.615,-0.339,81.8,124,0.2008,0.6982
1022,215188,-343.46,415,1.439,0.031,3.47,1.024,1.555,0.468,75.4,43,0.0976,0.4385
1023,215436,-725.86,248,2.885,1.024,6.52,1.273,1.651,-0.712,75.8,90,0.2039,0.5361
1024,215663,-167.38,227,2.973,1.104,6.961,1.598,1.792,0.682,92.1,26,0.1118,0.2393
1025,215849,-330.03,186,1.87,0.996,3.906,0.786,1.469,0.752,50.0,0,0.02,0.0566
1026,216046,53.37,197,1.811,0.862,3.948,0.797,1.696,1.396,97.5,0,0.041,0.1045
1027,216277,-283.2,231,2.062,0.969,4.847,0.936,2.17,1.063,47.6,0,0.0283,0.0479
1028,216519,177.81,242,3.279,0.958,6.408,1.429,1.807,1.821,93.4,0,0.0666,0.1406
1029,216873,-553.05,354,3.038,0.814,7.097,2.008,1.455,1.194,36.4,0,0.0328,0.0879
1030,217083,-211.73,210,2.412,1.02,4.437,1.033,2.04,-0.292,100.0,55,0.1738,0.3193
1031,217336,-361.34,253,1.723,0.751,5.013,1.087,2.001,0.688,46.6,0,0.0183,0.0527
1032,217518,-305.54,182,1.532,0.744,4.233,0.932,1.583,0.181,84.6,23,0.0682,0.3516
1033,217784,-170.34,266,2.262,0.786,5.887,1.517,1.772,0.901,72.2,0,0.024,0.0557
1034,217994,-465.22,210,1.348,0.195,3.826,1.051,1.943,-0.928,99.5,97,0.1802,0.3564
1035,218376,-633.94,382,2.447,0.223,6.012,1.682,1.41,0.553,28.3,0,0.0148,0.0361
1036,218501,-452.66,125,1.172,0.205,3.416,0.847,1.269,0.777,31.2,0,0.0207,0.0469
1037,218669,-121.6,168,3.001,1.084,6.511,1.686,1.641,1.817,78.6,0,0.0845,0.1494
1038,219061,128.61,392,2.492,0.76,6.294,1.382,1.7,1.352,78.1,0,0.0858,0.1865
1039,219424,-646.08,363,2.075,0.851,3.928,0.99,1.752,-0.393,50.7,72,0.1648,0.3779
1040,219751,204.89,327,2.448,0.527,7.008,1.546,1.481,1.826,85.3,0,0.0574,0.1377
1041,220025,-268.07,274,2.047,0.829,4.813,1.101,1.59,1.557,46.4,0,0.0425,0.0957
1042,220541,-772.03,516,3.419,0.775,7.158,1.693,1.845,-1.096,90.1,258,0.1774,0.3145
1043,220893,-68.62,352,2.115,0.508,5.824,1.357,1.658,1.086,69.6,0,0.029,0.0596
1044,221155,-711.37,262,2.001,0.733,5.324,1.347,0.826,0.218,6.9,0,0.0058,0.0088
1045,221372,-419.3,217,2.544,0.937,6.287,1.595,1.167,0.323,82.9,33,0.0968,0.5361
1046,221523,-456.63,151,1.828,1.067,3.209,0.609,1.18,0.377,15.9,0,0.0101,0.0186
1047,221741,-98.96,218,1.359,0.244,3.542,0.96,1.677,1.343,72.5,0,0.0568,0.1328
1048,221960,-185.0,219,2.078,0.722,5.61,1.346,1.533,1.218,68.9,0,0.0325,0.0625
1049,222186,-267.31,226,2.301,0.917,5.371,1.184,1.413,0.926,65.0,0,0.0249,0.084
1050,222495,-123.27,309,2.93,0.756,4.451,1.339,1.721,0.679,75.7,34,0.0962,0.2393
1051,222647,-87.51,152,0.978,0.218,2.787,0.598,2.183,0.897,84.9,0,0.0239,0.0537
1052,222874,-99.63,227,1.351,0.139,2.821,0.579,1.474,1.391,77.1,3,0.0544,0.2119
1053,223345,14.32,471,2.386,0.939,6.662,1.474,1.666,1.802,60.5,0,0.0661,0.1338
1054,223699,-535.06,354,2.064,0.566,4.549,1.139,1.513,0.667,40.4,5,0.0812,0.207
1055,224043,-51.69,344,1.91,0.081,6.309,1.589,1.79,1.505,64.8,0,0.0443,0.1182
1056,224207,-108.69,164,2.066,0.829,4.833,1.179,1.598,1.463,87.2,8,0.0626,0.2715
1057,224500,186.01,293,1.897,0.203,5.921,1.487,1.515,1.621,95.9,0,0.0588,0.127
1058,224886,100.06,386,1.367,0.084,5.443,1.392,1.709,0.687,98.2,72,0.1278,0.2979
1059,225044,-215.96,158,2.823,1.042,5.321,1.232,1.744,1.263,63.9,0,0.0442,0.1084
1060,225186,-152.79,142,1.332,0.359,3.605,0.845,1.811,0.829,91.5,0,0.0221,0.0537
1061,225438,-410.83,252,3.06,1.058,7.27,1.91,1.249,1.055,51.2,0,0.0281,0.0664
1062,225608,-83.06,170,1.327,0.074,3.421,0.883,1.75,1.363,89.4,0,0.0418,0.1025
1063,225847,-483.21,239,3.358,1.006,6.275,1.683,1.723,0.462,34.7,0,0.0123,0.0566
1064,226072,-317.55,225,2.263,0.344,7.078,1.786,1.955,0.688,61.3,14,0.086,0.2451
1065,226283,-448.51,211,1.181,0.067,2.326,0.562,1.756,-0.035,69.2,48,0.161,0.5732
1066,226478,-218.65,195,1.688,0.821,3.103,0.483,1.584,0.529,95.9,36,0.1381,0.6729
1067,226689,-174.09,211,2.442,0.942,5.917,1.417,1.978,0.919,68.7,0,0.0245,0.0645
1068,226876,-44.85,187,2.566,0.628,6.091,1.591,1.659,1.773,83.4,0,0.0496,0.1152
1069,226975,-141.18,99,2.077,0.86,4.562,1.008,1.901,0.95,100.0,0,0.0253,0.0703
1070,227146,-4.0,171,1.989,0.543,5.436,1.379,1.519,1.693,100.0,0,0.0451,0.0752
1071,227435,-172.29,289,1.574,0.61,5.426,1.138,1.527,1.393,69.2,8,0.0597,0.25
1072,227577,-213.95,142,2.806,0.98,5.364,1.123,1.546,1.165,76.1,0,0.0311,0.0742
1073,227791,-33.97,214,2.28,0.939,6.465,1.508,1.736,1.031,100.0,12,0.0929,0.21
1074,227979,25.16,188,2.542,0.6,6.076,1.691,1.679,1.724,89.4,2,0.0747,0.2021
1075,228132,-293.07,153,1.399,0.1,4.747,1.148,1.089,1.33,73.2,0,0.0847,0.1885
1076,228347,-288.59,215,2.591,0.829,6.47,1.662,1.843,-0.058,96.3,48,0.0994,0.4209
1077,228604,-583.33,257,1.638,0.054,6.159,1.588,1.106,0.937,38.9,6,0.0591,0.2559
1078,228766,-239.47,162,1.529,0.399,4.36,1.119,1.36,1.271,74.7,0,0.0339,0.0566
1079,229084,-244.65,318,2.365,0.798,7.737,1.776,1.268,1.335,68.2,0,0.0412,0.1494
1080,229225,-221.43,141,1.864,0.093,5.172,1.484,1.584,1.388,81.6,0,0.037,0.0723
1081,229475,242.46,250,1.758,0.477,5.114,1.134,1.966,1.934,94.4,0,0.0711,0.123
1082,229626,-175.92,151,1.146,0.412,3.06,0.587,1.55,1.65,72.2,0,0.0451,0.0889
1083,229785,-483.78,159,2.587,0.92,5.475,1.409,1.482,-0.35,86.8,47,0.132,0.2842
1084,229914,-251.05,129,1.465,0.436,3.532,0.879,1.784,-0.117,100.0,36,0.1483,0.2422
1085,230087,-94.32,173,1.189,0.419,3.354,0.676,1.276,1.582,93.1,0,0.0614,0.1318
1086,230271,-225.81,184,2.692,0.532,6.352,1.697,1.669,0.987,72.3,0,0.0263,0.0664
1087,230538,-295.03,267,1.85,0.096,5.479,1.443,1.462,0.237,85.4,48,0.1045,0.3223
1088,230672,-209.48,134,2.103,0.861,5.255,1.262,1.271,1.497,82.8,0,0.0492,0.1377
1089,230968,60.12,296,2.145,0.137,7.223,1.922,1.388,1.334,97.6,0,0.0805,0.1816
1090,231170,-131.93,202,1.504,0.204,4.741,1.27,1.542,1.642,74.3,0,0.0438,0.0752
1091,231417,-256.43,247,1.75,0.414,5.497,1.336,1.789,0.61,70.9,10,0.0424,0.3115
1092,231650,-257.24,233,2.791,0.192,7.718,2.156,1.616,0.682,78.1,0,0.0183,0.084
1093,231797,-127.93,147,1.571,0.741,3.643,0.779,1.368,1.488,87.1,0,0.0572,0.1377
1094,232171,-358.08,374,1.852,0.716,5.843,1.235,1.83,-0.233,90.4,132,0.1432,0.3076
1095,232271,-412.55,100,2.196,0.995,4.693,1.036,1.687,0.528,40.0,4,0.0615,0.4072
1096,232473,-250.98,202,2.816,0.878,6.14,1.407,1.431,1.469,71.3,0,0.0398,0.0918
1097,232699,45.94,226,2.797,0.545,6.401,1.629,1.637,1.895,91.2,0,0.0568,0.1299
1098,232857,-151.85,158,2.131,0.999,4.826,1.177,1.401,1.576,79.7,0,0.042,0.0762
1099,232970,-320.89,113,1.963,1.005,3.589,0.689,1.361,0.497,87.6,15,0.0952,0.3008
1100,233123,-427.07,153,1.728,0.644,3.99,0.975,1.118,0.201,69.9,20,0.0923,0.2646
1101,233302,-43.46,179,2.079,0.52,6.306,1.674,1.551,1.958,86.6,0,0.0564,0.1543
1102,233404,-193.61,102,2.004,0.971,3.804,0.847,1.194,1.679,94.1,4,0.0739,0.248
1103,233542,-503.76,138,1.387,0.018,4.06,1.036,1.804,-0.599,81.2,45,0.1852,0.3887
1104,233779,-196.22,237,1.078,0.291,3.577,0.747,1.658,1.255,70.5,0,0.0597,0.1621
1105,234087,-315.65,308,2.064,0.713,5.882,1.319,1.456,1.559,49.7,7,0.0769,0.2559
1106,234306,-104.5,219,3.201,1.0,6.433,1.639,2.247,1.204,65.3,0,0.035,0.1074
1107,234532,127.08,226,1.544,0.539,4.093,0.95,1.957,1.34,97.8,0,0.0357,0.0762
1108,234868,-130.25,336,3.04,0.734,7.179,1.752,1.601,1.344,64.9,0,0.0363,0.0908
1109,235044,-171.37,176,1.939,0.712,5.427,1.259,1.603,0.811,100.0,29,0.1245,0.2666
1110,235304,-32.73,260,1.687,0.925,4.568,0.774,1.651,1.394,82.7,0,0.0392,0.124
1111,235506,-299.03,202,2.169,0.776,4.824,1.3,1.622,0.319,67.8,9,0.0417,0.2627
1112,235625,-332.82,119,1.267,0.034,3.001,0.985,1.571,0.287,90.8,22,0.116,0.3643
1113,235889,180.57,264,3.285,0.978,7.594,1.653,1.497,1.752,100.0,0,0.0602,0.1299
1114,236331,-423.81,442,1.749,0.921,3.688,0.545,1.51,1.293,39.4,0,0.0385,0.1084
1115,236571,-736.95,240,2.565,0.691,6.863,1.936,0.693,0.302,11.2,0,0.0081,0.0352
1116,236901,-686.05,330,2.802,0.978,7.521,1.818,1.471,1.699,17.3,0,0.0455,0.083
1117,237086,-303.73,185,2.647,0.982,5.987,1.413,1.387,1.244,67.0,0,0.0858,0.1709
1118,237371,-359.01,285,1.981,0.019,6.525,1.771,1.827,0.955,45.6,0,0.0255,0.0762
1119,237524,-70.76,153,2.388,0.73,6.003,1.59,1.481,1.693,100.0,0,0.0879,0.1543
1120,237754,-221.41,230,1.952,0.679,5.207,1.223,1.247,0.75,90.9,0,0.02,0.0459
1121,237964,-80.19,210,1.898,0.434,5.183,1.345,1.521,1.312,90.5,14,0.0736,0.2529
1122,238088,-353.7,124,1.129,0.656,2.655,0.459,1.644,1.054,47.6,0,0.0428,0.1211
1123,238250,-379.07,162,1.487,0.287,4.471,1.101,1.685,-0.176,99.4,63,0.1478,0.3301
1124,238388,-365.09,138,2.608,0.992,4.056,0.76,1.195,0.062,89.1,29,0.0942,0.2656
1125,238734,-122.78,346,2.143,0.032,7.2,1.763,1.57,1.068,76.3,0,0.0302,0.1084
1126,239052,299.77,318,2.492,0.794,6.787,1.521,1.899,1.521,94.0,0,0.0504,0.1416
1127,239284,-287.59,232,1.676,0.248,4.701,1.312,1.646,0.101,80.2,42,0.1349,0.2578
1128,239545,-218.93,261,1.738,0.491,5.744,1.443,1.55,0.584,87.4,33,0.1009,0.2979
1129,239810,-394.57,265,1.537,0.469,4.637,1.136,1.461,0.354,72.8,39,0.0963,0.3369
1130,240002,-320.09,192,2.044,0.475,3.924,0.907,1.228,0.218,77.6,26,0.0868,0.3496
1131,240151,-292.17,149,1.953,0.148,4.473,1.376,1.948,-0.124,100.0,38,0.1153,0.4863
1132,240430,-532.32,279,2.662,0.726,7.141,1.689,1.307,0.613,47.0,0,0.0163,0.0557
1133,240606,-100.39,176,2.844,1.065,6.136,1.534,1.722,1.926,79.5,0,0.0676,0.1602
1134,240777,-85.65,171,2.399,0.843,6.102,1.46,1.993,1.101,86.5,0,0.0294,0.0586
1135,240960,31.55,183,2.994,1.003,7.02,1.732,1.975,1.725,96.2,0,0.0724,0.1494
1136,241116,-167.32,156,2.646,0.824,5.407,1.368,1.886,1.653,76.9,0,0.0441,0.0791
1137,241332,-350.09,216,2.435,0.559,6.683,1.748,1.476,0.853,65.7,0,0.0257,0.1162
1138,241493,-90.17,161,1.383,0.913,2.806,0.419,1.672,1.651,83.2,0,0.044,0.0674
1139,241656,-141.56,163,1.518,0.252,4.855,1.33,1.681,1.758,81.0,0,0.047,0.082
1140,241812,-104.28,156,2.399,0.845,5.921,1.49,1.648,1.311,100.0,0,0.0597,0.1699
1141,241956,-208.38,144,1.374,0.013,4.091,1.015,1.416,1.305,86.1,0,0.0355,0.0889
1142,242273,20.45,317,2.762,0.846,8.508,2.073,1.705,1.351,79.5,0,0.0385,0.1201
1143,242557,293.41,284,2.351,0.661,7.011,1.678,1.761,1.938,98.6,0,0.0579,0.1055
1144,243105,-297.25,548,1.676,0.08,4.678,1.152,1.527,0.125,85.6,128,0.1392,0.29
1145,243274,97.31,169,3.882,0.94,8.328,2.043,2.149,1.875,100.0,0,0.0699,0.1582
1146,243601,-142.46,327,2.494,0.922,5.555,1.059,1.511,0.707,87.8,17,0.0879,0.4668
1147,243858,-178.35,257,2.306,0.765,6.183,1.489,1.459,1.076,79.8,5,0.0423,0.2197
1148,243983,-231.94,125,1.658,0.561,4.444,1.075,1.339,1.407,92.0,0,0.0724,0.166
1149,244129,-82.45,146,2.557,0.829,5.871,1.456,1.654,1.884,92.5,0,0.0559,0.1289
1150,244464,-458.16,335,3.186,0.86,6.578,1.231,1.524,0.428,77.9,41,0.1106,0.6943
1151,245276,569.49,812,2.525,0.561,5.844,1.179,1.487,1.046,89.7,47,0.1036,0.2871
1152,245444,-166.58,168,1.951,0.284,5.305,1.556,1.667,1.135,80.4,0,0.0303,0.0547
1153,245537,-229.71,93,1.07,0.731,1.988,0.27,1.264,1.799,71.0,0,0.0719,0.1572
1154,245711,177.39,174,2.854,0.932,6.671,1.575,1.985,2.19,100.0,0,0.0596,0.0977
1155,245835,-355.58,124,1.475,0.264,4.584,1.209,1.456,0.714,79.8,20,0.1067,0.2656
1156,246031,-335.98,196,1.757,0.289,4.081,0.982,1.548,0.328,65.8,0,0.0088,0.0244
1157,246197,-113.27,166,1.854,0.06,5.87,1.6,1.875,1.392,92.2,0,0.0371,0.0723
1158,246334,-359.15,137,2.541,0.927,5.606,1.324,1.452,0.721,70.8,10,0.0747,0.2432
1159,246556,87.32,222,1.425,0.02,4.889,1.284,1.808,1.948,90.1,4,0.0843,0.2109
1160,246814,-440.24,258,1.372,0.022,4.441,1.12,0.83,1.303,36.0,0,0.0589,0.1572
1161,246993,-207.03,179,1.495,0.016,4.607,1.106,1.383,1.308,79.3,0,0.0617,0.1631
1162,247771,568.48,778,1.93,0.388,6.521,1.054,1.412,1.086,93.8,48,0.0938,0.2949
1163,247982,-147.52,211,2.644,0.886,5.905,1.436,1.413,0.595,96.2,19,0.0824,0.2715
1164,248124,-127.33,142,1.216,0.128,3.812,0.972,1.684,2.175,72.5,0,0.064,0.1152
1165,248255,-367.91,131,2.155,0.943,4.445,1.025,1.38,0.116,94.7,37,0.1561,0.5039
1166,248364,-257.19,109,1.25,0.307,3.384,0.868,1.34,1.298,72.5,0,0.0346,0.0723
1167,248679,-108.33,315,1.782,0.784,4.359,0.875,1.692,1.382,63.8,0,0.0546,0.1299
1168,248851,-213.83,172,2.007,0.908,4.392,1.042,1.502,1.04,78.5,0,0.0277,0.0645
1169,249147,256.83,296,2.811,0.034,8.206,2.378,1.912,1.622,91.2,0,0.0507,0.1182
1170,249442,-527.31,295,1.43,0.053,3.516,0.715,1.822,-0.357,82.7,90,0.187,0.6133
1171,249666,269.55,224,2.476,0.833,6.935,1.577,1.906,2.221,93.8,0,0.0725,0.1182
1172,249842,-334.4,176,2.399,0.661,6.079,1.623,1.45,0.618,85.2,35,0.1077,0.3066
1173,250184,627.38,342,1.34,0.109,5.294,1.016,1.887,2.145,97.7,0,0.0795,0.1416
1174,250365,105.48,181,2.006,0.592,5.333,1.33,1.787,1.791,100.0,0,0.0519,0.1045
1175,250532,-373.44,167,1.772,0.514,4.606,1.209,1.555,0.846,49.7,0,0.0226,0.0557
1176,250651,-329.57,119,1.383,0.601,3.045,0.678,1.756,0.155,93.3,26,0.1242,0.5322
1177,251170,-522.37,519,2.222,0.27,8.347,1.955,1.365,1.026,43.5,0,0.056,0.1641
1178,251340,-78.27,170,2.238,1.003,4.608,0.936,1.742,1.187,91.8,0,0.0654,0.1719
1179,251432,-392.22,92,1.507,0.791,3.58,0.788,1.691,1.673,30.4,0,0.0446,0.0664
1180,251591,-174.21,159,2.073,0.205,5.675,1.709,1.565,1.327,83.6,0,0.0426,0.123
1181,251825,159.83,234,2.16,0.558,6.748,1.718,1.806,1.839,93.2,0,0.0777,0.1602
1182,252087,-415.82,262,3.596,0.888,7.1,1.735,1.952,1.082,35.9,0,0.0289,0.0488
1183,252598,-313.8,511,2.587,0.93,6.436,1.275,1.452,0.733,65.0,40,0.0755,0.4062
1184,252844,120.79,246,2.325,0.928,5.154,1.27,1.854,1.684,87.4,0,0.0473,0.0986
1185,253268,-198.08,424,2.237,0.654,4.609,1.283,1.297,0.622,87.7,65,0.1056,0.4404
1186,253469,-294.7,201,2.406,0.951,5.242,1.251,1.618,0.751,64.7,0,0.02,0.0449
1187,253698,-573.24,229,1.41,0.447,4.35,0.998,1.201,0.73,34.9,0,0.0195,0.0586
1188,254076,-604.4,378,2.673,0.799,6.276,1.725,1.371,0.492,37.3,0,0.0131,0.0381
1189,254178,-232.13,102,0.897,0.042,2.106,0.566,1.464,0.672,91.2,0,0.0186,0.1055
1190,254351,-275.9,173,1.875,0.644,5.522,1.376,1.34,0.992,72.8,0,0.0264,0.0703
1191,254574,-223.34,223,2.464,0.949,5.36,1.263,1.794,0.168,82.5,26,0.1481,0.2344
1192,254742,-79.95,168,3.075,0.982,6.43,1.624,1.471,1.426,97.0,0,0.039,0.0957
1193,255003,266.96,261,2.386,0.064,6.477,1.805,1.83,1.587,100.0,0,0.0503,0.1143
1194,255299,152.86,296,2.974,0.74,6.436,1.46,1.758,0.912,100.0,45,0.1198,0.251
1195,255435,-207.14,136,1.873,0.326,4.646,1.355,1.847,1.509,68.4,0,0.041,0.0957
1196,255738,-342.56,303,1.979,0.478,6.014,1.389,1.584,0.542,57.1,0,0.0231,0.166
1197,255977,-45.58,239,2.739,0.434,7.587,2.066,1.815,0.956,87.4,15,0.0792,0.2695
1198,256080,-131.3,103,2.458,0.993,4.908,1.181,1.755,1.179,100.0,0,0.0314,0.0605
1199,256320,-228.06,240,1.437,0.243,5.109,1.189,1.807,0.558,91.2,50,0.1339,0.5391
1200,256515,215.43,195,2.595,0.52,6.268,1.728,2.166,1.808,100.0,0,0.104,0.1572
1201,256747,-530.16,232,1.461,0.511,3.601,0.629,1.131,0.662,27.2,0,0.0177,0.0498
1202,256987,-801.78,240,2.458,0.414,5.952,1.591,1.823,-0.856,83.3,101,0.2663,0.7588
1203,257115,-165.69,128,2.296,0.892,4.479,0.926,1.175,1.135,98.4,0,0.0303,0.0713
1204,257323,-116.64,208,2.516,0.651,6.411,1.71,1.746,1.416,67.8,0,0.0534,0.1328
1205,257534,-61.38,211,1.419,0.259,3.721,0.94,1.18,1.092,91.9,0,0.052,0.1875
1206,257753,132.81,219,2.888,0.897,6.482,1.602,2.154,1.231,98.2,0,0.0328,0.0635
1207,257940,-3.71,187,1.753,0.163,5.107,1.481,2.149,1.486,78.1,0,0.0396,0.0615
1208,258106,-149.59,166,2.572,1.038,5.721,1.285,1.609,1.606,78.9,0,0.0428,0.0576
1209,258423,-366.98,317,2.236,0.096,6.859,1.975,1.324,0.246,84.5,37,0.0756,0.291
1210,258659,-296.87,236,3.554,1.06,7.588,1.87,1.631,0.492,67.8,0,0.0131,0.0439
1211,258884,128.94,225,2.134,1.024,4.273,0.677,1.842,1.449,98.2,0,0.0405,0.1133
1212,259136,-19.05,252,2.815,0.705,6.013,1.649,1.687,1.39,77.8,0,0.0371,0.0762
1213,259311,-5.02,175,1.822,0.222,4.859,1.287,1.569,1.492,100.0,9,0.0743,0.2148
1214,259450,-476.06,139,1.244,0.804,1.955,0.248,1.414,0.555,17.3,0,0.0148,0.0605
1215,259695,-475.91,245,2.212,0.246,6.712,1.76,1.283,0.728,53.5,0,0.0194,0.0635
1216,259882,26.72,187,1.734,0.499,3.858,0.858,1.999,1.097,100.0,0,0.0703,0.1992
1217,260051,-215.71,169,2.306,0.986,5.349,1.297,1.563,0.652,87.0,0,0.0174,0.042
1218,260256,-160.82,205,1.748,0.789,4.659,1.034,1.718,1.06,79.0,0,0.0283,0.0576
1219,260606,-429.73,350,1.977,0.019,6.525,1.982,1.677,-0.084,92.0,95,0.1651,0.6738
1220,260786,-245.98,180,2.378,0.62,5.109,1.328,1.447,1.169,64.4,0,0.0374,0.1328
1221,260993,-265.49,207,2.502,0.517,6.047,1.56,1.719,1.177,58.9,0,0.0387,0.1338
1222,261124,-182.66,131,2.211,0.907,4.509,1.09,1.808,0.32,100.0,14,0.1239,0.2363
1223,261239,45.93,115,1.181,0.338,2.945,0.724,1.735,2.313,100.0,0,0.0654,0.0928
1224,261518,-171.79,279,1.698,0.293,3.372,1.089,1.384,0.389,88.5,41,0.1294,0.2754
1225,261656,40.87,138,2.481,0.947,5.288,1.278,1.799,1.699,100.0,0,0.0458,0.0879
1226,261887,-344.1,231,3.063,0.795,5.483,1.223,1.16,1.22,53.2,0,0.0325,0.0723
1227,262068,-97.63,181,1.241,0.46,3.468,0.711,1.65,1.0,88.4,0,0.0267,0.0605
1228,262331,-494.4,263,3.386,0.773,6.688,1.831,1.973,0.499,33.8,0,0.0136,0.0908
1229,262466,-88.74,135,1.616,0.358,3.865,1.071,2.125,1.745,78.5,0,0.0512,0.0986
1230,262772,321.6,306,3.025,0.914,7.349,1.799,1.834,1.679,97.7,0,0.1057,0.1963
1231,262971,-256.68,199,2.801,0.933,5.805,1.161,1.228,0.596,77.9,6,0.0537,0.2139
1232,263126,-85.87,155,2.231,0.66,4.485,1.158,1.794,1.366,87.1,0,0.0573,0.1719
1233,263293,-175.66,167,2.325,0.82,4.818,1.019,1.531,1.024,82.6,0,0.0273,0.0586
1234,263579,-516.03,286,2.704,1.081,5.213,1.243,1.643,0.611,34.3,0,0.0163,0.0439
1235,263850,-396.81,271,1.92,0.339,5.359,1.541,1.489,0.824,48.7,0,0.022,0.0596
1236,264106,-600.02,256,2.647,0.959,5.576,1.297,1.124,1.064,24.2,0,0.0284,0.0488
1237,264359,-360.28,253,1.346,0.396,3.883,0.927,0.663,1.175,52.6,0,0.041,0.1523
1238,264573,182.14,214,2.371,0.823,5.074,1.091,1.899,1.8,99.5,0,0.0621,0.1416
1239,264771,-55.68,198,2.263,0.974,4.507,0.947,1.926,1.013,84.8,0,0.027,0.0518
1240,264964,-403.08,193,2.2,1.017,4.351,1.031,1.238,-0.126,64.2,34,0.0849,0.2314
1241,265146,-434.07,182,2.014,0.572,4.651,1.383,1.173,0.531,52.2,0,0.0142,0.0615
1242,265352,-182.28,206,2.495,0.398,7.039,1.973,1.492,1.01,88.3,21,0.0764,0.3672
1243,265752,-63.33,400,2.626,0.58,6.923,1.495,1.771,0.549,86.2,36,0.1307,0.2256
1244,266085,-405.03,333,1.84,0.088,5.698,1.373,1.334,-0.03,91.3,59,0.1379,0.4424
1245,266286,141.39,201,2.284,0.636,4.779,1.168,2.05,1.509,100.0,10,0.114,0.2246
1246,266442,-251.72,156,2.944,0.839,5.835,1.203,1.755,0.47,81.4,30,0.1512,0.4189
1247,266590,-303.96,148,2.171,0.808,4.198,1.146,1.87,-0.398,91.9,43,0.1425,0.3418
1248,266821,-62.55,231,2.369,0.725,7.244,1.879,1.397,1.76,78.8,0,0.0703,0.1543
1249,267152,-13.01,331,2.384,0.744,5.695,1.06,1.476,1.173,83.1,0,0.0416,0.1465
1250,267290,-267.85,138,1.921,1.037,3.376,0.517,1.176,0.461,86.2,1,0.0472,0.2031
1251,267487,-395.66,197,2.403,1.054,5.463,1.107,1.402,0.65,52.3,0,0.0173,0.043
1252,267747,-423.78,260,2.259,0.048,5.893,1.664,1.619,1.647,39.2,0,0.0584,0.1338
1253,268035,-169.19,288,1.468,0.075,5.342,1.453,1.397,1.094,72.2,0,0.0292,0.0625
1254,268295,-641.47,260,2.141,0.238,6.433,1.895,1.613,-0.148,78.8,68,0.1899,0.7988
1255,268455,-75.85,160,3.296,1.007,6.658,1.621,1.609,1.557,88.8,6,0.0736,0.2031
1256,268644,-229.66,189,2.838,0.788,5.627,1.486,1.453,1.385,74.1,0,0.0445,0.1318
1257,268850,-132.66,206,1.636,0.644,3.998,0.911,1.449,1.349,78.2,0,0.036,0.0576
1258,269022,-275.33,172,2.237,0.847,4.35,1.031,1.401,1.133,69.8,0,0.0302,0.0615
1259,269176,-169.81,154,2.369,0.873,5.318,1.344,1.437,1.175,85.1,9,0.098,0.2109
1260,269365,-78.08,189,3.452,1.062,7.535,1.866,1.768,1.022,92.6,0,0.0273,0.0566
1261,269514,-217.7,149,1.337,0.02,4.494,1.167,1.22,0.941,90.6,0,0.0251,0.0801
1262,269726,-87.42,212,1.651,0.192,4.42,0.879,1.913,0.621,93.4,0,0.0266,0.1992
1263,269978,-321.81,252,1.782,0.595,5.566,1.34,1.835,0.782,57.9,0,0.0209,0.083
1264,270141,-279.58,163,1.235,0.144,3.098,0.849,1.996,-0.203,87.7,51,0.1588,0.3018
1265,270340,-61.3,199,1.605,0.128,4.68,1.244,1.716,1.089,99.5,11,0.0695,0.5
1266,270498,-289.94,158,2.747,1.096,4.6,1.129,1.936,1.018,56.3,0,0.0272,0.0518
1267,270663,-2.44,165,2.095,0.315,5.298,1.552,1.957,1.376,100.0,0,0.0375,0.0947
1268,270851,248.72,188,1.807,0.235,5.5,1.443,2.284,1.78,100.0,0,0.0476,0.0879
1269,271056,-487.85,205,2.181,0.686,6.159,1.668,1.772,0.022,100.0,68,0.1862,0.6631
1270,271190,-140.72,134,2.437,0.968,4.559,0.981,1.801,1.144,86.6,10,0.1073,0.335
1271,271402,-119.44,212,1.853,0.771,5.093,1.058,1.669,1.675,71.7,0,0.0608,0.1387
1272,271574,-68.56,172,2.046,0.343,4.973,1.411,1.791,1.46,80.8,0,0.0389,0.0557
1273,271806,-121.24,232,1.688,0.589,4.964,1.161,1.575,1.256,82.3,0,0.0343,0.1143
1274,271994,-596.81,188,1.935,0.302,6.022,1.763,1.944,-0.355,70.7,48,0.2103,0.6025
1275,272222,136.8,228,1.427,0.544,3.708,0.851,1.934,1.563,91.2,0,0.0478,0.1348
1276,272372,-339.6,150,2.398,0.81,4.846,1.234,1.78,0.525,56.7,0,0.014,0.0352
1277,272489,-25.01,117,1.909,0.656,4.569,1.115,1.62,1.873,100.0,0,0.0535,0.0986
1278,272827,-541.92,338,2.323,0.227,6.314,1.799,1.774,0.003,97.0,128,0.2137,0.6992
1279,273032,-442.73,205,2.131,0.726,4.993,1.084,1.344,0.646,42.4,0,0.0172,0.0361
1280,273251,-379.99,219,2.123,0.659,6.299,1.515,1.642,0.676,85.8,32,0.1238,0.5029
1281,273500,-473.4,249,2.168,1.04,3.691,0.72,1.512,-0.013,70.3,54,0.1284,0.3037
1282,273821,-622.51,321,1.642,0.093,6.623,1.63,1.918,-0.838,94.7,122,0.1951,0.4277
1283,274035,44.97,214,1.513,0.303,4.67,1.006,1.61,1.754,92.5,0,0.0626,0.1582
1284,274206,-222.16,171,2.491,0.781,5.325,1.386,1.745,0.645,75.4,0,0.0172,0.0469
1285,274385,-87.8,179,2.045,0.788,4.324,1.061,1.64,1.942,76.5,0,0.0665,0.1318
1286,274508,-125.03,123,1.111,0.129,3.48,0.931,1.74,0.92,98.4,3,0.0367,0.2471
1287,274676,-111.18,168,2.163,0.764,5.18,1.208,1.665,1.102,93.5,0,0.0294,0.0693
1288,274859,-882.15,183,2.382,0.059,5.593,1.721,1.848,-1.543,97.8,105,0.291,0.8096
1289,275035,-195.17,176,2.851,1.049,5.568,1.324,1.453,1.026,75.0,0,0.0829,0.1992
1290,275237,-56.46,202,2.274,0.779,5.99,1.564,1.733,1.593,83.7,0,0.0431,0.0967
1291,275509,-66.94,272,2.218,1.078,5.871,1.2,1.534,1.341,86.4,15,0.0709,0.3203
1292,275627,-362.74,118,1.53,0.328,4.009,1.11,1.33,1.581,39.8,0,0.0463,0.1055
1293,275889,-139.19,262,2.516,0.515,6.217,1.617,1.761,0.701,96.9,51,0.1439,0.5107
1294,276126,-339.01,237,2.436,1.018,5.679,1.097,1.683,0.924,76.4,34,0.1451,0.7197
1295,276359,-325.97,233,2.255,0.745,5.257,1.394,1.514,0.253,78.1,24,0.057,0.2764
1296,276631,-154.33,272,2.094,0.025,6.884,1.905,1.589,0.885,90.4,29,0.1081,0.3838
1297,276845,-20.52,214,1.447,0.194,5.001,1.361,1.372,1.42,97.7,8,0.0744,0.5527
1298,277078,-504.7,233,2.03,0.334,6.035,1.61,1.488,0.223,85.4,61,0.1742,0.5088
1299,277283,-184.45,205,3.11,0.957,6.96,1.852,1.923,0.087,90.7,39,0.137,0.2402
1300,277558,-300.56,275,1.715,0.862,4.696,0.902,1.622,0.705,75.6,34,0.1101,0.5029
1301,277715,-109.78,157,1.217,0.348,2.683,0.653,1.51,1.871,75.8,0,0.0545,0.1133
1302,277898,-261.75,183,1.804,0.158,4.324,1.131,1.407,1.24,74.3,0,0.0426,0.1396
1303,278111,-51.11,213,1.725,0.711,4.456,1.098,1.687,1.251,88.3,0,0.0334,0.0596
1304,278277,-104.61,166,1.381,0.543,3.855,0.859,1.407,1.345,86.7,0,0.1157,0.167
1305,278623,-624.95,346,1.026,0.09,3.524,0.756,1.667,-0.541,76.3,110,0.1771,0.6299
1306,278777,-243.97,154,1.897,0.127,4.039,1.236,1.474,1.113,61.7,0,0.0306,0.0986
1307,278966,-359.07,189,1.736,0.982,3.134,0.435,1.338,0.811,63.5,0,0.023,0.1113
1308,279187,-492.6,221,2.285,0.356,5.963,1.646,1.606,0.165,84.6,61,0.1778,0.4326
1309,279329,-172.9,142,2.449,0.931,4.105,1.055,1.802,1.152,72.5,0,0.0336,0.1055
1310,279588,-69.69,259,1.872,0.647,5.0,1.155,1.526,0.926,87.3,7,0.0415,0.2158
1311,279706,-255.13,118,1.625,0.391,3.752,1.031,1.136,0.915,72.9,0,0.0244,0.0596
1312,279894,-243.82,188,1.614,0.144,5.116,1.417,1.683,0.398,100.0,48,0.113,0.3994
1313,280184,87.84,290,1.665,0.137,5.763,1.57,1.873,1.039,99.7,41,0.1069,0.4229
1314,280414,274.23,230,3.407,0.943,6.169,1.37,1.945,2.022,100.0,0,0.0686,0.1533
1315,280784,190.13,370,1.721,0.661,5.735,1.043,1.735,1.569,83.8,0,0.0623,0.1689
1316,280935,-103.8,151,2.344,0.429,5.724,1.661,1.797,1.464,82.8,0,0.0487,0.127
1317,281092,22.33,157,1.282,0.071,3.562,0.971,2.049,1.624,94.3,0,0.0433,0.0732
1318,281252,-345.67,160,1.476,0.44,3.499,0.836,1.327,1.114,59.4,0,0.0364,0.1221
1319,281515,-312.95,263,2.05,0.528,4.981,1.145,1.427,0.495,86.3,48,0.1393,0.458
1320,281715,108.46,200,1.959,0.508,5.175,1.328,1.732,2.024,99.5,0,0.0647,0.1357
1321,281914,-49.87,199,1.645,0.04,5.403,1.447,1.572,2.109,84.4,0,0.075,0.1201
1322,282035,14.46,121,1.013,0.171,3.013,0.835,1.706,2.091,100.0,0,0.0745,0.1152
1323,282232,-24.96,197,2.403,0.913,5.948,1.386,1.837,1.31,95.9,28,0.105,0.2637
1324,282445,225.82,213,1.82,0.454,5.039,1.332,2.059,2.033,100.0,0,0.0706,0.1348
1325,282578,-484.65,133,2.529,0.791,5.237,1.376,1.031,0.245,23.3,0,0.0065,0.0176
1326,282776,-9.59,198,2.021,0.05,5.972,1.56,1.813,1.361,95.5,0,0.0363,0.0762
1327,282937,-202.05,161,2.042,0.895,4.616,1.021,1.705,1.181,71.4,0,0.0315,0.0498
1328,283304,-469.52,367,1.44,0.195,5.863,1.394,1.387,-0.315,98.9,132,0.153,0.3066
1329,283425,-363.29,121,1.29,0.275,3.46,0.858,1.951,1.217,48.8,0,0.0325,0.0518
1330,283560,-112.29,135,1.613,0.409,3.795,1.019,1.517,1.151,100.0,0,0.039,0.1221
1331,283798,-298.43,238,2.974,1.037,6.129,1.295,1.584,0.552,65.1,17,0.1002,0.2402
1332,283963,-320.8,165,1.91,0.776,4.388,0.912,1.551,0.835,73.9,0,0.0223,0.0566
1333,284168,-347.17,205,3.388,0.975,7.641,1.779,1.722,0.25,100.0,60,0.2013,0.6172
1334,284357,-299.31,189,1.308,0.419,3.521,0.819,1.296,0.508,78.3,1,0.1053,0.2002
1335,284513,-407.84,156,2.403,0.887,5.021,0.937,1.321,1.565,49.4,0,0.0462,0.1299
1336,284635,-212.71,122,1.575,0.503,3.766,0.932,1.345,1.624,71.3,0,0.0462,0.0938
1337,284910,-276.25,275,1.554,0.473,4.404,0.887,1.775,0.817,60.0,0,0.0218,0.0654
1338,285140,-122.26,230,2.227,0.726,5.49,1.158,1.838,1.413,73.9,0,0.0694,0.1787
1339,285443,-81.6,303,2.521,0.566,5.35,1.427,1.789,0.751,79.2,4,0.1323,0.207
1340,285661,57.53,218,1.572,0.719,3.628,0.846,1.966,1.427,96.8,0,0.0922,0.1904
1341,285864,-120.1,203,2.073,0.024,6.458,1.938,1.729,0.966,94.1,0,0.0258,0.0615
1342,286019,-70.89,155,2.164,0.864,4.254,0.883,1.466,1.836,86.5,0,0.0608,0.1475
1343,286201,-366.91,182,2.2,0.683,5.228,1.293,1.758,0.149,77.5,40,0.148,0.3242
1344,286570,-616.57,369,2.312,0.724,5.046,1.393,1.497,-0.449,98.9,155,0.1886,0.4912
1345,286797,-27.23,227,2.574,1.106,5.84,1.327,1.774,1.095,90.7,20,0.0719,0.2783
1346,286932,-71.63,135,2.066,0.705,4.045,0.998,1.762,1.069,98.5,0,0.0285,0.0654
1347,287085,-488.04,153,1.203,0.099,3.461,0.861,1.121,0.703,32.7,0,0.0187,0.043
1348,287235,-100.62,150,2.208,1.032,4.345,0.992,1.871,0.975,98.0,24,0.0998,0.251
1349,287396,-68.15,161,1.989,0.25,5.285,1.567,1.732,1.179,95.7,0,0.0394,0.1152
1350,287567,-106.62,171,1.855,0.429,5.044,1.466,1.587,1.817,79.5,0,0.0535,0.1045
1351,287732,-279.62,165,2.471,1.076,5.434,1.191,1.375,1.514,70.3,0,0.0404,0.0693
1352,287887,-176.92,155,2.372,0.848,5.663,1.324,1.577,1.19,87.1,0,0.0317,0.0664
1353,288106,-177.11,219,1.766,0.815,4.462,1.019,2.141,0.298,100.0,58,0.1758,0.4971
1354,288275,-223.13,169,2.557,0.974,6.692,1.53,1.382,1.375,74.6,0,0.0367,0.0645
1355,288433,-148.1,158,2.399,0.797,5.744,1.399,1.539,1.142,95.6,0,0.0835,0.1934
1356,288579,-30.44,146,1.452,0.333,3.604,0.925,1.798,1.643,91.8,0,0.0508,0.1123
1357,288726,-221.3,147,1.254,0.417,3.182,0.705,1.303,0.859,95.2,8,0.0505,0.2188
1358,288843,-402.67,117,2.524,0.815,5.043,1.183,1.598,-1.028,97.4,63,0.156,0.2598
1359,289032,-111.69,189,3.053,0.891,6.368,1.657,1.616,1.241,87.8,0,0.0331,0.0674
1360,289279,22.52,247,2.484,0.618,6.481,1.643,1.73,1.143,97.6,0,0.033,0.1104
1361,289501,-256.16,222,2.229,1.02,5.375,1.06,1.483,0.72,77.9,0,0.0192,0.0469
1362,289736,-95.13,235,1.342,0.03,4.013,1.143,1.736,0.644,97.9,42,0.1181,0.2822
1363,289875,-321.13,139,2.729,1.017,5.152,1.205,1.732,0.492,55.4,0,0.0131,0.0234
1364,290027,-321.8,152,1.942,0.575,4.599,1.029,1.373,0.578,96.1,24,0.1117,0.4414
1365,290180,-260.64,153,2.159,0.85,4.474,1.088,1.103,1.152,68.0,0,0.0368,0.1221
1366,290346,-254.95,166,2.332,0.494,5.961,1.664,1.507,0.451,77.1,14,0.1099,0.2285
1367,290554,-177.43,208,2.114,0.764,5.618,1.255,1.568,0.8,96.2,24,0.0945,0.3877
1368,290725,-221.25,171,2.255,0.446,5.135,1.388,1.465,1.009,86.0,10,0.0641,0.4033
1369,290918,-240.31,193,2.602,1.071,6.526,1.566,1.758,0.951,67.4,0,0.0254,0.0537
1370,291055,-309.59,137,2.027,1.123,4.044,0.806,1.388,0.657,75.2,0,0.0175,0.0342
1371,291338,28.85,283,2.522,0.59,6.409,1.736,1.816,1.429,78.8,0,0.0396,0.1045
1372,291621,-146.34,283,2.072,0.312,5.5,1.43,1.549,0.511,89.8,28,0.1113,0.3076
1373,291873,-44.15,252,2.575,0.991,5.539,1.256,1.701,1.0,94.0,8,0.0428,0.3857
1374,292062,-141.7,189,1.77,0.086,5.203,1.409,1.356,1.399,81.0,0,0.0687,0.1504
1375,292230,-202.06,168,2.179,0.796,4.839,1.281,1.465,0.928,83.3,0,0.0394,0.1631
1376,292532,29.11,302,1.693,0.397,4.947,1.139,1.717,1.385,86.4,8,0.102,0.3027
1377,292726,41.42,194,1.904,0.685,4.837,1.201,2.182,1.767,87.1,0,0.0473,0.085
1378,293092,-103.31,366,2.069,0.035,6.174,1.459,1.455,1.42,69.7,1,0.0905,0.2002
1379,293203,-162.21,111,2.329,0.928,4.273,0.911,1.279,1.923,94.6,0,0.0554,0.1035
1380,293526,-259.99,323,0.972,0.082,4.872,0.973,1.352,0.663,87.9,37,0.1284,0.3232
1381,293705,-241.96,179,1.984,0.498,4.695,1.366,1.74,0.863,81.6,0,0.1093,0.1982
1382,293842,-153.72,137,1.801,0.61,4.13,1.054,1.532,1.397,91.2,0,0.0373,0.0771
1383,294028,-85.45,186,1.846,0.808,4.178,0.925,1.706,1.689,80.6,0,0.0475,0.0938
1384,294253,62.75,225,1.55,0.097,4.801,1.365,1.717,1.493,99.1,34,0.109,0.3516
1385,294408,-88.09,155,2.836,0.991,5.878,1.252,1.715,1.449,93.5,2,0.0928,0.2344
1386,294611,-482.53,203,1.609,0.48,4.587,0.991,1.533,0.696,34.5,0,0.0186,0.0371
1387,294816,-10.03,205,2.965,0.621,7.782,2.184,1.997,1.105,85.9,0,0.0295,0.0625
1388,295021,-324.47,205,2.024,0.819,5.017,1.246,1.469,0.499,89.3,36,0.1279,0.6035
1389,295247,-195.18,226,2.263,0.916,5.434,1.125,1.82,1.134,70.4,0,0.0647,0.1611
1390,295397,-339.7,150,2.477,0.665,5.802,1.554,1.426,0.615,67.3,2,0.0265,0.2402
1391,295622,-273.27,225,1.597,0.094,4.691,1.286,1.504,0.852,66.2,0,0.0227,0.0479
1392,295812,-248.02,190,1.866,0.933,4.828,0.996,1.339,1.003,80.0,0,0.0287,0.1387
1393,295979,-165.4,167,2.503,0.802,5.33,1.046,1.525,1.191,92.8,0,0.0367,0.125
1394,296185,-285.17,206,1.352,0.402,4.566,0.842,1.525,0.882,75.7,0,0.0272,0.1221
1395,296391,-291.34,206,2.024,0.93,4.527,0.823,1.709,0.917,63.1,0,0.0245,0.0645
1396,296599,-261.41,208,1.783,0.455,5.966,1.484,1.245,1.243,71.6,0,0.0342,0.1006
1397,296752,-60.38,153,2.862,0.891,4.577,1.004,1.737,1.441,94.8,0,0.0719,0.1562
1398,296896,-39.32,144,1.933,0.905,3.83,0.888,1.855,1.841,85.4,0,0.0792,0.1553
1399,297101,-317.57,205,3.113,1.034,5.718,1.247,1.493,1.501,48.8,0,0.058,0.1309
1400,297228,-259.84,127,1.483,0.429,4.035,1.026,1.389,1.581,74.0,0,0.0539,0.1484
1401,297446,216.69,218,2.663,1.013,6.103,1.306,1.929,1.73,100.0,0,0.0468,0.0938
1402,297788,-200.41,342,1.761,0.156,5.646,1.257,1.967,-0.145,100.0,121,0.1498,0.2998
1403,297961,-224.52,173,2.387,0.887,5.192,1.292,1.424,1.119,69.4,0,0.0298,0.0684
1404,298130,7.63,169,2.188,0.762,4.686,1.134,1.696,1.54,98.8,4,0.0853,0.2227
1405,298423,-104.73,293,1.695,0.027,7.058,1.935,1.607,1.445,66.6,0,0.0385,0.0811
1406,298639,-153.49,216,2.83,0.825,6.386,1.626,1.959,0.121,97.7,40,0.1489,0.2559
1407,298817,79.05,178,2.063,0.032,5.893,1.791,2.027,1.584,98.9,0,0.0502,0.1182
1408,299019,160.76,202,1.772,0.313,4.767,1.31,2.093,1.838,95.0,0,0.049,0.0732
1409,299265,-456.67,246,1.822,0.436,6.041,1.495,1.628,-0.531,86.2,93,0.1575,0.2842
1410,299418,-245.91,153,1.482,0.053,4.419,1.273,1.529,1.098,82.4,9,0.0677,0.2295
1411,299691,-341.82,273,2.694,0.76,7.252,1.731,1.541,1.189,49.5,0,0.0404,0.124
1412,299902,3.3,211,1.611,0.306,4.821,1.234,1.705,1.435,98.1,7,0.0568,0.2256
1413,300197,112.18,295,2.106,0.384,6.463,1.552,1.512,1.438,94.6,11,0.068,0.2119
1414,300336,-154.47,139,2.079,0.539,4.643,1.219,1.76,1.195,85.6,0,0.0334,0.1396
1415,300471,-120.81,135,2.082,0.741,3.647,1.049,1.743,1.612,82.2,0,0.047,0.1162
1416,300749,41.74,278,1.532,0.007,4.666,1.129,1.39,1.401,91.4,0,0.0374,0.0713
1417,300921,-305.0,172,2.492,0.439,6.318,1.75,1.602,0.786,61.6,0,0.021,0.0547
1418,301162,-463.31,241,2.019,0.788,5.345,1.209,1.185,0.656,53.1,0,0.0175,0.0605
1419,301432,-60.54,270,2.547,0.862,5.966,1.234,1.544,1.452,73.3,0,0.0387,0.0693
1420,301647,251.44,215,2.77,0.992,6.045,1.226,2.205,1.715,98.6,0,0.054,0.1445
1421,301794,-136.85,147,2.469,0.806,4.844,1.185,1.72,1.538,77.6,0,0.0512,0.1436
1422,302026,-16.11,232,2.78,0.705,6.281,1.72,1.584,1.904,74.6,0,0.0563,0.1074
1423,302270,-952.48,244,2.968,0.968,7.572,1.87,1.898,-1.448,64.3,101,0.2972,0.5723
1424,302560,122.84,290,1.3,0.782,2.948,0.435,1.836,1.692,80.3,3,0.0979,0.4316
1425,302865,-793.85,305,1.61,0.071,5.65,1.552,1.457,-0.2,82.0,82,0.201,0.7021
1426,303039,-342.57,174,2.86,1.137,5.592,1.41,1.458,1.127,49.4,0,0.0467,0.1914
1427,303307,206.23,268,3.123,0.924,6.913,1.688,1.836,1.703,88.8,0,0.0712,0.1768
1428,303617,-634.8,310,1.75,0.105,5.705,1.343,1.663,-0.479,96.5,117,0.2003,0.6162
1429,303788,-30.49,171,2.777,0.836,6.386,1.651,1.769,1.738,91.8,0,0.0473,0.0996
1430,304030,-2.82,242,2.196,0.592,4.923,1.396,1.555,1.118,93.4,0,0.0896,0.1924
1431,304348,55.61,318,1.769,0.51,5.503,1.242,1.432,1.071,96.2,23,0.0756,0.3154
1432,304517,-32.46,169,1.708,0.243,4.371,1.08,1.677,1.806,88.8,0,0.0581,0.1709
1433,304706,-377.85,189,1.947,1.036,3.98,0.787,1.417,-0.172,93.7,55,0.1317,0.3906
1434,304905,279.79,199,1.787,0.782,4.197,0.986,1.999,2.353,99.0,0,0.0663,0.1035
1435,305227,21.44,322,1.37,0.058,5.692,1.382,1.718,1.197,78.0,6,0.0724,0.2188
1436,305515,-364.81,288,1.584,0.576,2.209,0.471,1.478,0.201,76.4,56,0.1218,0.3086
1437,305727,-276.63,212,2.116,0.698,5.033,1.302,1.376,0.782,75.9,0,0.0328,0.1924
1438,305872,-210.15,145,1.752,0.448,3.161,0.801,1.837,0.855,74.5,0,0.0228,0.043
1439,306164,-408.64,292,3.09,0.759,5.7,1.572,1.832,0.072,83.2,71,0.1655,0.5869
1440,306351,-93.65,187,1.397,0.591,3.361,0.555,1.351,1.125,92.5,0,0.0621,0.1846
1441,306505,-235.16,154,0.992,0.518,2.007,0.375,1.644,1.914,44.8,0,0.068,0.1436
1442,306642,-73.99,137,2.164,0.842,4.515,1.18,1.533,1.419,100.0,18,0.1006,0.2637
1443,306858,-156.96,216,2.098,0.5,5.44,1.451,1.766,1.47,65.7,0,0.0392,0.0801
1444,307205,-209.02,347,1.543,0.595,4.525,0.794,1.909,1.139,57.6,0,0.0304,0.0547
1445,307441,-357.66,236,2.127,0.423,5.342,1.302,1.803,1.791,40.7,0,0.0479,0.083
1446,307667,187.78,226,3.709,1.021,7.584,2.044,1.87,1.738,92.5,0,0.0929,0.1553
1447,307872,-59.39,205,3.123,0.342,6.901,1.938,1.732,0.895,93.2,10,0.119,0.2246
1448,308017,-276.41,145,1.805,0.702,3.322,0.725,1.54,0.951,59.3,0,0.0254,0.0586
1449,308250,46.34,233,1.51,0.068,4.567,1.239,1.578,1.511,96.1,0,0.0611,0.1729
1450,308393,-6.9,143,1.972,0.403,4.775,1.168,1.57,2.092,95.1,0,0.0591,0.1006
1451,308688,-520.03,295,1.184,0.218,4.562,1.056,1.66,0.005,79.7,81,0.1636,0.5293
1452,308809,-371.65,121,1.194,0.028,3.795,1.116,1.184,0.287,65.3,18,0.0904,0.252
1453,309034,-188.25,225,2.219,0.503,5.737,1.614,1.648,0.957,77.3,12,0.1016,0.3398
1454,309260,5.28,226,2.082,0.323,6.392,1.633,1.795,1.839,77.9,0,0.0498,0.0859
1455,309431,-304.56,171,1.962,0.856,4.507,0.89,1.412,1.301,60.2,0,0.0609,0.1445
1456,309655,-31.51,224,2.96,0.832,6.357,1.537,1.599,1.545,88.4,0,0.0437,0.0996
1457,309866,-1.98,211,2.159,0.149,6.028,1.65,1.585,1.737,89.6,0,0.0642,0.1875
1458,310004,-189.41,138,1.262,0.644,2.688,0.57,1.502,0.931,89.1,0,0.0248,0.0586
1459,310327,186.11,323,1.694,0.675,5.402,1.076,1.314,1.828,88.5,0,0.0895,0.1797
1460,310498,-165.71,171,2.941,1.043,6.681,1.714,1.605,0.819,90.1,0,0.0218,0.043
1461,310689,-50.87,191,2.669,0.877,5.769,1.394,1.795,1.379,88.0,0,0.0398,0.1211
1462,310890,-347.48,201,2.976,0.547,6.395,1.766,1.674,1.219,55.2,0,0.0754,0.1846
1463,311143,-127.08,253,2.445,0.855,6.197,1.412,1.578,1.707,65.6,0,0.0462,0.0957
1464,311305,-389.45,162,1.73,0.402,4.216,1.135,1.933,0.939,41.4,0,0.025,0.0439
1465,311500,-200.97,195,1.774,0.041,4.274,1.206,2.004,0.822,89.2,26,0.1558,0.6729
1466,311739,-323.61,239,2.506,0.835,5.068,1.332,1.442,0.554,85.4,28,0.075,0.3887
1467,311872,-150.08,133,2.112,0.897,4.457,1.103,2.082,1.554,77.4,0,0.0548,0.1514
1468,312053,-133.54,181,3.019,1.019,5.717,1.266,1.793,1.354,78.5,0,0.0471,0.125
1469,312334,-214.95,281,2.139,0.746,5.254,1.138,1.625,0.707,91.5,34,0.1036,0.5293
1470,312527,-656.58,193,2.569,0.586,4.976,1.382,1.655,0.11,2.1,0,0.0029,0.0029
1471,312686,-489.2,159,2.769,0.914,5.848,1.477,1.713,-0.325,100.0,73,0.2068,0.4531
1472,312936,-70.6,250,1.75,0.378,4.136,1.193,1.877,1.615,66.8,0,0.0479,0.1094
1473,313200,-556.26,264,2.33,0.339,6.345,1.7,1.697,1.289,25.0,0,0.0453,0.124
1474,313345,-114.33,145,2.677,0.969,5.677,1.288,1.344,1.822,82.8,0,0.0494,0.0928
1475,313572,-408.64,227,1.475,0.038,4.639,1.242,1.952,0.761,35.2,0,0.0203,0.041
1476,313871,211.1,299,2.17,0.2,5.361,1.49,1.598,1.808,89.6,3,0.0663,0.207
1477,314148,-375.47,277,1.551,0.388,2.792,0.827,1.295,1.542,45.1,0,0.0844,0.1816
1478,314354,28.14,206,2.063,0.738,5.385,1.305,1.767,1.312,93.7,0,0.035,0.0664
1479,314683,-371.99,329,2.848,0.913,5.867,1.267,1.54,0.686,52.0,0,0.0183,0.0693
1480,314918,-384.35,235,1.785,0.476,5.108,1.252,1.635,0.629,49.4,0,0.0168,0.0381
1481,315215,-301.22,297,2.761,0.397,7.783,2.04,1.877,0.659,96.6,66,0.1647,0.7764
1482,315420,53.56,205,2.195,0.375,5.702,1.598,2.019,1.289,90.2,0,0.0483,0.1357
1483,315702,-66.65,282,2.897,0.975,6.069,1.323,1.404,1.628,68.8,1,0.0772,0.2334
1484,316035,-14.64,333,1.475,0.055,4.936,1.175,1.588,1.13,79.9,0,0.0301,0.0645
1485,316149,-318.31,114,1.788,0.909,3.28,0.642,1.427,0.764,59.6,0,0.0204,0.0508
1486,316279,-191.14,130,1.77,0.309,4.299,1.174,1.377,1.072,86.2,0,0.0286,0.0811
1487,316539,-338.7,260,1.963,0.989,2.074,0.394,1.533,0.713,65.0,0,0.126,0.1904
1488,317121,526.09,582,1.627,0.195,5.959,1.104,1.891,1.072,88.1,2,0.0323,0.2158
1489,317408,-68.09,287,3.387,0.562,6.367,1.936,1.548,1.664,70.7,0,0.0522,0.127
1490,317788,7.92,380,2.574,0.713,6.003,1.694,1.603,0.994,100.0,69,0.1359,0.7539
1491,317999,-203.42,211,1.619,0.135,4.914,1.396,1.686,1.862,56.4,0,0.0502,0.0879
1492,318147,-252.78,148,2.009,0.536,4.612,1.257,1.324,1.085,71.6,0,0.0401,0.1406
1493,318330,-103.43,183,1.093,0.28,2.726,0.565,1.95,0.961,83.6,13,0.1127,0.2656
1494,318580,-234.24,250,1.373,0.142,5.061,1.139,1.981,0.605,62.8,0,0.0161,0.0312
1495,318795,-459.27,215,1.788,0.106,5.056,1.468,1.13,0.642,44.2,0,0.0171,0.0586
1496,319031,-518.01,236,1.989,0.307,4.508,1.421,1.519,0.214,54.7,33,0.1521,0.6445
1497,319259,-179.96,228,2.098,0.042,5.581,1.753,1.574,1.535,63.6,0,0.0409,0.0762
1498,319541,364.69,282,2.122,0.306,6.015,1.727,1.843,1.704,100.0,0,0.0917,0.1777
1499,319742,289.93,201,2.177,0.6,4.956,1.301,1.96,2.157,100.0,0,0.0694,0.124
1500,319909,-509.09,167,2.512,0.982,3.861,0.852,1.527,-0.523,77.2,49,0.1704,0.542
1501,320174,-237.75,265,2.112,0.973,4.868,0.796,1.44,0.885,75.8,0,0.0244,0.1016
1502,320390,-180.15,216,2.147,0.982,5.638,1.182,1.613,1.021,74.5,0,0.0279,0.0996
1503,320522,-270.32,132,2.459,1.124,5.342,1.202,1.043,0.897,86.4,12,0.081,0.2197
1504,320830,-324.88,308,1.746,0.29,2.455,0.989,1.078,1.347,56.2,0,0.0359,0.0762
1505,321020,-353.01,190,2.391,0.873,5.392,1.246,1.565,0.8,50.5,0,0.0213,0.041
1506,321300,-300.12,280,3.565,0.868,6.362,1.759,1.975,1.158,54.6,0,0.0309,0.0781
1507,321552,61.28,252,2.03,0.721,5.699,1.47,2.05,1.469,82.1,0,0.04,0.1006
1508,321784,-523.13,232,2.137,0.059,6.433,1.829,1.098,0.452,40.5,0,0.0121,0.0371
1509,321972,-282.04,188,1.593,0.477,2.022,0.694,1.507,0.08,89.9,41,0.1101,0.2744
1510,322283,-471.1,311,2.647,0.572,6.674,1.808,1.73,-0.361,67.2,64,0.1527,0.2852
1511,322423,-61.13,140,1.993,0.684,4.391,1.189,1.61,1.358,94.3,0,0.0362,0.0811
1512,322676,-145.11,253,1.461,0.092,3.851,1.044,1.573,0.922,84.2,3,0.0435,0.2051
1513,322901,-117.41,225,1.962,0.334,5.354,1.451,2.113,1.131,73.3,0,0.0302,0.0615
1514,323187,-198.87,286,2.322,0.144,5.213,1.816,1.683,1.186,61.9,0,0.0856,0.1943
1515,323443,-547.58,256,3.069,0.3,6.358,2.08,1.372,0.662,31.6,0,0.0177,0.0537
1516,323707,-227.13,264,1.753,0.397,3.94,1.107,1.421,1.797,53.0,3,0.06,0.2676
1517,323858,-216.46,151,2.657,0.664,5.358,1.408,1.738,1.674,64.2,0,0.0447,0.0674
1518,323970,98.41,112,1.404,0.717,3.002,0.684,2.039,2.481,100.0,0,0.0793,0.1201
1519,324072,-317.29,102,2.577,0.979,5.186,1.134,2.197,1.134,51.0,0,0.0302,0.0498
1520,324401,-876.5,329,3.7,0.937,8.738,1.917,1.957,-0.597,61.1,92,0.2517,0.7217
1521,324645,28.84,244,2.059,0.611,5.303,1.19,1.872,1.389,83.6,5,0.051,0.2588
1522,324839,134.16,194,1.538,0.655,4.049,0.954,1.943,1.652,98.5,0,0.0456,0.0918
1523,325004,-62.04,165,2.111,0.869,4.83,1.052,2.007,1.366,79.4,0,0.0494,0.1484
1524,325164,3.7,160,0.847,0.047,2.745,0.657,1.727,1.924,86.2,0,0.0554,0.1436
1525,325347,52.08,183,2.232,0.355,5.266,1.473,1.986,1.365,91.3,0,0.0364,0.0635
1526,325528,-181.23,181,1.753,0.314,5.06,1.393,1.888,1.551,56.9,0,0.0414,0.0684
1527,325679,-449.24,151,1.829,0.215,4.244,1.105,1.213,0.631,39.7,0,0.0182,0.0938
1528,325903,-302.55,224,3.615,0.775,6.817,1.904,1.642,1.04,54.0,0,0.0278,0.084
1529,326350,-535.62,447,2.697,0.883,3.923,0.903,1.258,0.888,36.7,6,0.0674,0.2295
1530,326529,-58.34,179,2.435,0.687,5.638,1.507,1.711,0.944,100.0,0,0.0252,0.0508
1531,326690,-201.47,161,2.004,0.485,5.305,1.353,1.489,0.689,88.8,5,0.035,0.2578
1532,327044,-531.96,354,1.894,0.608,6.681,1.207,1.435,1.207,45.5,4,0.0669,0.2109
1533,327387,104.09,343,2.773,0.166,6.836,1.98,1.75,1.783,71.1,0,0.0605,0.1201
1534,327728,-180.54,341,2.936,0.749,5.892,1.786,1.242,0.971,79.8,11,0.0638,0.4941
1535,328199,105.31,471,1.931,0.542,5.662,1.036,1.396,1.577,76.0,9,0.0629,0.2666
1536,328679,-844.88,480,1.935,0.155,5.011,1.092,1.575,-0.07,66.9,106,0.1786,0.5957
1537,329020,-132.5,341,2.116,0.498,4.621,1.011,1.596,1.069,66.0,0,0.0285,0.0771
1538,329284,-164.64,264,1.563,0.032,4.245,0.931,1.342,0.955,83.7,0,0.0255,0.0586
1539,329529,-77.6,245,2.633,0.615,5.857,1.767,1.67,1.577,69.4,0,0.044,0.0986
1540,329894,-395.19,365,2.548,0.227,6.379,1.926,1.726,0.378,55.6,54,0.1266,0.2852
1541,330043,-439.74,149,1.806,0.551,4.062,1.038,0.809,0.705,35.6,0,0.0188,0.0586
1542,330315,-146.63,272,2.644,0.809,6.953,1.72,1.653,1.06,70.6,5,0.0706,0.208
1543,330588,62.69,273,1.839,0.426,5.83,1.238,1.392,1.196,97.1,0,0.0459,0.1729
1544,330794,83.78,206,2.04,0.627,5.655,1.488,1.776,1.463,95.6,0,0.0433,0.1104
1545,331080,-324.69,286,2.717,1.124,5.119,1.13,1.467,1.557,47.6,0,0.0419,0.0889
1546,331351,-428.9,271,1.177,0.116,4.204,0.929,1.675,0.459,79.7,71,0.1944,0.5137
1547,331563,-122.59,212,2.763,1.056,4.498,1.009,1.304,1.343,75.0,2,0.0494,0.208
1548,331844,-219.3,281,2.326,1.115,4.13,0.541,1.864,0.767,68.7,17,0.0737,0.2559
1549,332017,71.95,173,2.946,0.589,6.564,1.782,2.038,2.096,83.8,0,0.0879,0.1328
1550,332255,-259.11,238,2.332,0.142,6.253,1.803,1.495,0.22,92.4,58,0.1255,0.3135
1551,332521,-170.72,266,3.059,0.436,7.255,2.274,1.27,1.708,59.0,0,0.0456,0.082
1552,332858,-483.76,337,2.571,0.848,5.402,0.78,1.808,0.734,38.0,0,0.0196,0.0576
1553,333167,-129.59,309,2.196,0.529,6.249,1.647,1.81,1.068,63.4,8,0.0798,0.2305
1554,333659,391.72,492,1.643,0.433,4.845,1.039,1.595,1.566,85.2,2,0.0641,0.2021
1555,334029,-46.16,370,2.531,0.419,4.494,1.431,1.846,1.611,64.9,2,0.0764,0.2139
1556,334181,-197.27,152,2.327,0.866,5.135,1.197,1.341,1.247,80.9,0,0.0333,0.0596
1557,334430,-58.05,249,1.851,0.902,3.516,0.684,1.633,0.966,87.1,0,0.0258,0.0713
1558,334594,-32.23,164,1.721,0.07,5.09,1.433,2.19,1.737,75.0,0,0.0631,0.1367
1559,334961,-315.33,367,1.931,0.054,5.476,1.601,1.626,1.223,51.8,0,0.0326,0.0811
1560,335080,-203.45,119,2.276,0.905,4.45,1.187,1.194,1.431,73.9,0,0.0697,0.1387
1561,335260,-113.65,180,1.168,0.24,3.739,0.82,1.511,1.142,86.7,9,0.0729,0.249
1562,335668,482.41,408,1.911,0.796,3.883,0.787,1.789,1.975,85.0,0,0.0584,0.1104
1563,335921,16.24,253,1.867,0.027,6.777,1.985,1.867,1.007,100.0,42,0.1349,0.4873
1564,336277,131.0,356,2.317,1.025,5.328,1.137,1.893,1.822,68.8,0,0.0573,0.1416
1565,336587,127.91,310,1.529,0.091,5.291,1.225,1.862,1.468,82.9,0,0.0392,0.082
1566,336872,-155.43,285,1.268,0.558,3.421,0.607,1.748,1.051,67.7,0,0.028,0.0527
1567,336986,-234.28,114,2.005,0.476,4.408,1.248,1.221,1.526,60.5,0,0.0409,0.082
1568,337103,-319.69,117,2.252,1.093,5.255,1.194,1.724,1.067,53.0,0,0.0284,0.0576
1569,337389,333.51,286,1.869,0.052,4.104,1.256,2.061,1.879,89.5,0,0.0772,0.1445
1570,337598,40.84,209,1.459,0.004,4.872,1.306,1.889,1.839,78.5,0,0.0631,0.1357
1571,337809,-435.79,211,2.782,0.952,3.734,0.857,1.36,1.065,36.0,6,0.0645,0.2773
1572,337930,-180.83,121,1.499,0.594,2.966,0.642,1.854,1.156,78.5,0,0.0308,0.0547
1573,338318,-627.38,388,1.93,0.257,5.739,1.257,1.534,0.499,30.7,0,0.0133,0.04
1574,338509,-158.94,191,2.28,0.946,4.789,1.191,1.783,1.698,61.8,0,0.0469,0.1045
1575,338739,12.7,230,1.78,0.393,5.519,1.361,1.541,1.79,85.2,0,0.0494,0.124
1576,338855,-53.53,116,1.114,0.048,3.509,1.049,2.092,1.24,100.0,0,0.0331,0.0508
1577,338992,-130.55,137,3.027,0.947,5.82,1.465,1.542,1.311,97.1,0,0.0364,0.1025
1578,339410,-543.94,418,1.697,0.075,3.743,0.825,1.342,0.871,38.5,0,0.0263,0.1191
1579,339603,-581.27,193,3.422,0.97,6.726,1.499,1.603,-0.687,95.9,80,0.228,0.4775
1580,340008,-182.58,405,2.876,0.484,6.013,1.759,1.97,0.957,57.8,0,0.0308,0.1816
1581,340198,37.61,190,1.842,0.35,4.423,1.192,1.754,1.437,90.5,0,0.0383,0.0742
1582,340395,-469.94,197,1.596,0.46,3.809,0.935,1.825,0.916,25.9,0,0.0244,0.043
1583,340693,250.77,298,2.288,0.234,7.227,2.037,1.827,1.615,91.9,0,0.0779,0.1641
1584,340944,-25.38,251,1.822,0.06,5.758,1.618,1.879,1.202,80.1,0,0.032,0.0615
1585,341102,-358.58,158,1.867,0.629,4.3,1.068,1.004,0.427,67.1,0,0.0114,0.0312
1586,341436,364.83,334,1.466,0.024,3.547,0.958,1.969,2.098,78.1,0,0.0728,0.1396
1587,341616,-86.26,180,2.173,0.779,5.367,1.289,1.715,1.839,71.7,0,0.0519,0.1055
1588,341799,-41.9,183,2.084,0.267,5.11,1.601,1.815,1.568,86.9,0,0.0632,0.1455
1589,341960,-148.07,161,1.947,0.189,4.426,1.348,2.157,1.74,59.6,0,0.0464,0.0625
1590,342347,604.81,387,1.834,0.268,4.667,1.146,1.806,1.866,99.2,0,0.0554,0.1582
1591,342592,306.0,245,1.943,0.578,5.101,1.173,1.762,2.073,96.7,0,0.0926,0.125
1592,342755,-80.37,163,2.607,1.016,5.191,1.088,1.858,1.461,82.2,13,0.0976,0.374
1593,342919,-18.2,164,2.593,1.05,5.327,1.068,1.719,1.528,87.2,0,0.0456,0.1162
1594,343248,-454.1,329,1.767,0.256,4.67,1.156,1.652,0.849,42.2,0,0.0227,0.0615
1595,343469,-119.48,221,2.349,0.259,5.629,1.664,1.72,1.236,72.9,0,0.0364,0.1172
1596,343644,-433.06,175,2.543,0.867,5.385,1.276,1.564,0.422,65.7,26,0.1557,0.6553
1597,343886,-160.39,242,2.239,0.219,5.824,1.623,1.682,0.915,71.9,0,0.0472,0.1504
1598,344394,344.7,508,1.94,0.344,2.681,0.714,1.647,1.657,75.6,0,0.0591,0.165
1599,344530,-16.89,136,2.053,0.992,3.833,0.797,1.872,1.737,89.0,0,0.0713,0.1543
1600,345010,-540.44,480,2.607,0.521,4.936,0.987,1.712,0.08,76.2,88,0.1252,0.4873
1601,345799,-502.73,789,2.84,0.27,6.444,1.697,1.615,0.684,53.1,53,0.1133,0.3447
1602,346043,-94.54,244,2.86,0.558,6.413,1.993,1.481,1.914,67.6,0,0.055,0.1104
1603,346385,-206.23,342,1.555,0.399,2.438,0.555,1.428,1.595,59.1,0,0.0633,0.1592
1604,346854,-367.9,469,1.639,0.133,4.504,1.042,1.149,0.989,58.4,17,0.0587,0.2168
1605,347419,-243.95,565,2.37,0.23,4.033,1.09,1.592,0.91,57.0,0,0.0243,0.0713
1606,347617,-315.31,198,2.803,0.753,5.745,1.492,1.364,1.19,55.1,0,0.0509,0.1426
1607,348451,-365.1,834,2.182,0.156,4.816,1.179,1.709,1.565,43.2,0,0.0454,0.1133
1608,348952,-1095.93,501,1.054,0.18,2.205,0.388,1.523,-0.435,42.9,68,0.1574,0.6328
1609,349064,-46.2,112,2.904,0.987,4.78,1.136,1.966,1.914,87.5,0,0.0516,0.0869
1610,350064,-505.25,1000,1.243,0.317,2.207,0.48,1.782,1.33,32.3,0,0.0433,0.127
1611,350582,720.59,518,2.497,0.102,5.632,1.546,1.853,1.67,91.1,0,0.0925,0.1953
1612,350730,-180.91,148,1.748,0.376,3.962,1.139,1.347,1.669,68.9,0,0.0789,0.1475
1613,351047,-187.21,317,2.327,0.021,3.902,1.505,1.739,1.46,59.3,0,0.0497,0.1436
1614,351207,-169.5,160,1.255,0.143,3.685,0.967,1.585,0.368,100.0,40,0.1099,0.2588
1615,352207,229.83,1000,1.668,0.331,4.975,0.954,1.714,1.237,57.1,0,0.0665,0.1748
1616,352453,-236.83,246,2.676,0.895,4.737,1.03,1.844,0.962,59.8,0,0.0257,0.0537
1617,352968,-531.75,515,2.015,0.073,3.793,0.798,1.512,1.029,46.8,1,0.0371,0.2021
1618,353968,-716.93,1000,2.079,0.107,3.578,1.178,1.455,1.193,32.8,0,0.0318,0.0811
1619,354632,-751.46,664,1.587,0.114,5.27,1.048,1.508,0.654,35.8,0,0.0175,0.04
1620,354855,-532.42,223,2.167,0.032,5.568,1.629,1.483,-0.305,88.8,81,0.1778,0.4492
1621,355483,5.14,628,2.022,0.51,4.674,0.917,1.597,0.893,76.3,65,0.114,0.3975
1622,356483,397.44,1000,1.494,0.026,0.955,0.623,1.841,1.401,54.1,0,0.0404,0.1523
1623,356770,-1.95,287,2.381,0.542,4.84,1.348,1.564,1.195,88.5,0,0.032,0.0928
1624,356937,-209.43,167,2.824,0.574,5.357,1.654,1.474,1.297,69.5,0,0.0748,0.1992
1625,357164,-425.92,227,2.35,0.968,3.799,0.931,1.585,0.602,36.6,0,0.0161,0.0283
1626,357310,-92.9,146,1.79,0.66,3.789,0.912,1.593,1.064,97.3,15,0.0913,0.209
1627,357561,-736.51,251,2.467,1.011,4.229,0.852,1.671,-0.145,63.7,62,0.2283,0.7422
1628,357793,116.24,232,1.39,0.046,3.988,1.071,1.834,1.512,89.2,0,0.105,0.168
1629,358131,-323.72,338,2.361,0.844,3.541,0.918,1.202,1.227,57.1,0,0.0355,0.1309
1630,358483,-106.52,352,2.036,0.446,4.066,0.956,1.913,0.859,65.3,0,0.0229,0.0488
1631,359365,-247.85,882,2.534,0.677,6.252,1.204,1.666,1.53,46.4,0,0.043,0.1016
1632,359522,-267.7,157,2.494,0.664,4.989,1.507,1.207,0.688,65.0,16,0.0957,0.2246
1633,359877,309.58,355,2.126,0.703,4.706,0.85,1.654,1.87,84.2,0,0.0529,0.1025
1634,360330,-376.31,453,2.818,0.124,4.632,1.59,1.755,0.805,53.2,0,0.023,0.1084
1635,361330,742.75,1000,1.716,0.085,1.859,0.826,1.476,1.325,74.4,48,0.0881,0.3037
1636,361695,15.94,365,2.635,0.641,5.731,1.618,1.261,1.363,86.3,0,0.0372,0.1172
1637,362383,132.02,688,1.64,0.077,2.652,0.599,1.458,1.394,68.8,0,0.0552,0.168
1638,362980,270.34,597,1.872,0.615,5.236,0.872,1.594,1.054,82.2,24,0.0749,0.2549
1639,363351,-429.75,371,1.992,0.357,4.722,1.169,1.648,1.236,36.1,0,0.033,0.082
1640,363722,169.58,371,2.04,0.484,4.684,1.076,1.675,1.386,81.9,7,0.0756,0.2598
1641,363918,-119.25,196,2.906,0.841,5.467,1.064,1.622,0.792,100.0,42,0.1263,0.2939
1642,364319,-685.37,401,2.604,0.762,4.904,1.003,1.878,0.771,19.2,0,0.0206,0.0439
1643,364656,-390.96,337,1.935,0.164,6.278,1.819,1.456,0.734,51.6,7,0.0387,0.2295
1644,364773,-291.5,117,2.053,0.52,4.67,1.233,1.756,0.322,78.6,17,0.1407,0.2871
1645,365286,-634.92,513,2.955,0.911,3.39,1.057,1.527,0.565,53.6,48,0.1267,0.6113
1646,365658,-513.3,372,1.309,0.094,4.102,0.997,1.526,1.095,34.9,0,0.0386,0.1436
1647,366333,165.64,675,1.758,0.148,5.475,1.111,1.728,1.293,68.0,0,0.0351,0.0977
1648,367205,-712.57,872,1.9,0.055,5.522,0.942,1.777,1.122,34.9,0,0.0299,0.0752
1649,368096,132.13,891,1.125,0.147,3.372,0.514,1.507,1.603,60.0,0,0.0507,0.1318
1650,368300,-119.61,204,2.248,0.536,4.091,1.092,1.939,0.645,100.0,42,0.1391,0.5537
1651,368582,-310.73,282,2.136,0.628,5.091,1.255,1.291,0.541,69.5,14,0.0703,0.2207
1652,368791,297.85,209,2.662,0.838,6.097,1.473,2.063,2.092,100.0,0,0.0703,0.1592
1653,369299,-399.66,508,1.962,0.034,5.913,1.562,1.724,0.766,50.4,13,0.0411,0.2383
1654,369459,51.64,160,2.749,1.034,5.563,1.136,1.478,2.161,93.1,0,0.0707,0.168
1655,370451,52.99,992,1.862,0.13,5.17,0.936,1.504,1.298,60.8,0,0.0363,0.1035
1656,371405,-109.55,954,1.537,0.22,2.5,0.716,1.36,1.153,62.4,23,0.0636,0.2842
1657,372395,776.65,990,1.571,0.002,4.1,1.443,1.648,1.298,80.5,0,0.0482,0.1729
1658,372540,-132.52,145,1.847,0.834,3.264,0.745,1.881,0.694,100.0,38,0.1456,0.4199
1659,372707,-121.77,167,1.432,0.259,4.083,0.886,1.976,1.065,79.0,0,0.0284,0.0469
1660,373377,730.83,670,2.545,0.795,5.377,1.323,1.416,1.361,98.4,0,0.0462,0.1572
1661,374377,652.47,1000,1.617,0.026,2.337,0.642,1.591,1.367,67.0,36,0.0647,0.3018
1662,375033,-761.37,656,1.439,0.104,5.177,1.017,1.421,0.304,49.7,58,0.1004,0.499
1663,375687,-8.1,654,1.908,0.061,4.662,1.629,1.418,0.723,85.5,81,0.1033,0.3428
1664,376388,10.85,701,2.81,0.129,5.604,1.259,1.196,0.923,80.6,37,0.0626,0.2871
1665,376550,21.83,162,2.056,0.694,4.237,0.956,1.923,1.283,100.0,7,0.0778,0.2881
1666,376735,-520.3,185,1.634,0.69,3.234,0.798,1.46,0.419,14.6,0,0.0112,0.0205
1667,377167,312.3,432,2.453,0.685,5.669,1.456,1.596,1.476,86.3,0,0.0463,0.123
1668,378167,2244.08,1000,1.262,0.082,0.617,0.663,1.858,1.705,95.7,0,0.0851,0.1719
1669,378417,-308.9,250,2.597,0.939,4.317,1.057,1.559,0.564,64.8,25,0.1286,0.29
1670,379314,-844.45,897,2.964,0.472,7.517,2.066,1.5,0.37,59.2,120,0.12,0.6904
1671,380314,1736.37,1000,1.185,0.042,1.825,0.521,1.712,1.795,84.1,0,0.0587,0.1299
1672,380662,-150.46,348,1.758,0.136,5.65,1.456,1.336,0.513,91.7,34,0.0723,0.2441
1673,380869,-676.52,207,2.812,1.016,5.138,1.048,1.432,-0.781,69.6,55,0.1716,0.543
1674,381869,1872.42,1000,1.315,0.269,1.68,0.412,1.589,1.444,99.9,10,0.1152,0.2549
1675,382566,267.83,697,1.73,0.15,4.572,0.97,1.565,1.062,82.4,69,0.104,0.3418
1676,382894,-1129.97,328,1.286,0.217,3.055,0.843,1.781,-1.333,87.2,172,0.2925,0.6729
1677,383380,-558.03,486,1.68,0.35,4.883,1.035,1.505,0.035,87.7,109,0.1253,0.6025
1678,383608,-404.33,228,1.69,0.626,1.132,0.58,1.34,1.284,34.6,0,0.0618,0.1953
1679,383995,-862.72,387,2.986,0.987,5.691,1.061,1.608,-0.494,82.9,123,0.202,0.748
1680,384259,-442.56,264,2.596,0.307,5.176,1.246,0.784,0.993,51.5,0,0.03,0.1162
1681,384708,186.96,449,1.959,0.28,5.6,1.111,1.453,1.104,91.5,48,0.0849,0.2695
1682,384910,-618.53,202,2.469,0.912,5.825,1.343,1.715,-0.49,76.2,69,0.2206,0.6113
1683,385132,-573.73,222,2.174,0.063,4.586,1.453,1.597,-0.272,88.3,75,0.2256,0.5586
1684,385503,-34.26,371,2.767,0.26,7.38,2.179,1.993,0.532,82.2,43,0.1271,0.2461
1685,385828,-439.19,325,1.288,0.057,3.313,0.6,1.525,0.56,52.0,40,0.1087,0.3604
1686,386828,-697.89,1000,2.69,0.028,5.992,1.515,1.41,-0.048,93.4,319,0.1811,0.6143
1687,387293,-12.18,465,2.184,0.963,5.132,1.182,1.466,0.901,80.6,64,0.0939,0.3613
1688,388293,1366.45,1000,1.89,0.482,2.875,0.797,1.34,1.463,96.4,101,0.1049,0.3398
1689,388518,-13.92,225,2.489,0.885,5.85,1.188,1.601,0.854,100.0,12,0.1132,0.2705
1690,389269,-975.3,751,2.098,0.027,4.615,1.048,1.505,-0.256,90.7,236,0.1953,0.6533
1691,389706,139.67,437,2.484,0.204,6.178,1.636,1.401,1.216,87.9,37,0.0761,0.3408
1692,390008,-553.86,302,2.552,0.079,6.097,1.631,1.385,-0.209,57.0,45,0.1031,0.2939
1693,390408,51.37,400,2.844,0.579,6.427,1.838,1.584,1.452,71.8,0,0.0387,0.0771
1694,391408,1546.55,1000,2.025,0.009,3.432,1.312,1.392,1.726,88.9,1,0.0694,0.2021
1695,392408,1197.91,1000,2.055,0.555,2.569,0.735,1.455,1.62,80.7,20,0.0683,0.2412
1696,392814,-538.1,406,1.937,0.135,4.606,1.179,1.611,0.374,73.9,64,0.1691,0.6221
1697,393805,1271.08,991,3.679,0.572,5.815,1.193,1.495,1.86,84.0,0,0.0604,0.1797
1698,394079,-854.32,274,2.402,0.41,5.272,1.304,1.716,-1.283,58.4,99,0.2707,0.5781
1699,395079,716.72,1000,1.832,0.156,3.409,1.195,1.437,1.203,77.0,61,0.1027,0.2959
1700,396079,694.05,1000,2.028,0.045,2.474,0.683,1.583,0.92,84.7,137,0.1012,0.5059
1701,397079,520.0,1000,3.183,0.366,3.482,1.112,1.466,0.728,94.2,183,0.1238,0.7734
1702,398079,1256.88,1000,2.711,0.796,3.83,0.789,1.399,1.274,94.3,74,0.1102,0.2891
1703,399079,1036.15,1000,3.07,0.978,3.224,0.816,1.396,1.04,94.8,93,0.0943,0.3857
1704,400079,591.52,1000,2.208,0.714,2.873,0.663,1.251,1.305,73.4,33,0.0561,0.248
1705,401079,1270.68,1000,1.355,0.032,1.457,0.838,1.435,1.513,87.6,84,0.1068,0.4248
1706,402079,2118.1,1000,1.28,0.029,0.938,0.537,1.433,1.917,97.7,0,0.0771,0.1328
1707,403079,1943.51,1000,1.267,0.053,0.21,0.574,1.411,1.837,95.8,0,0.0889,0.1904
1708,404079,1035.99,1000,1.838,0.518,1.314,0.588,1.647,1.436,77.7,52,0.0786,0.374
1709,405079,2180.34,1000,1.125,0.071,2.297,0.576,1.731,2.105,88.5,0,0.0692,0.1182
1710,406079,2606.76,1000,1.119,0.055,2.296,0.697,1.731,2.192,96.1,0,0.0759,0.1396
1711,406222,-205.22,143,1.485,0.109,3.203,1.142,1.904,0.058,100.0,49,0.1681,0.3418
1712,407222,1923.5,1000,0.975,0.045,0.859,0.605,1.574,1.837,92.4,69,0.0889,0.3389
1713,408222,2501.14,1000,2.517,0.016,3.111,0.718,1.578,2.212,97.6,0,0.0806,0.1973
1714,409222,1773.09,1000,2.121,0.45,1.764,0.665,1.499,1.908,87.9,0,0.072,0.1709
1715,409706,-364.81,484,2.986,0.517,5.253,1.292,1.476,0.547,67.8,32,0.0735,0.4746
1716,410185,395.1,479,3.388,0.61,6.094,1.6,1.553,1.697,81.4,0,0.0453,0.0869
1717,410916,1020.05,731,3.16,0.03,5.081,1.417,1.419,1.911,89.3,0,0.056,0.1104
1718,411568,418.74,652,2.124,0.052,4.913,1.332,1.42,1.769,74.8,0,0.0539,0.1133
1719,412568,472.03,1000,1.958,0.37,2.315,0.577,1.468,1.926,54.8,0,0.0592,0.1094
1720,412989,-55.98,421,3.54,0.934,5.865,1.318,1.871,1.189,61.3,0,0.0325,0.0967
1721,413588,415.82,599,2.738,0.743,5.426,0.811,1.55,1.299,83.8,4,0.0644,0.208
1722,414588,2587.27,1000,1.121,0.107,3.031,0.819,1.584,2.376,94.8,0,0.0736,0.1592
1723,415588,370.75,1000,2.334,0.495,3.892,0.9,1.557,1.362,59.4,0,0.0869,0.1768
1724,416588,1953.62,1000,1.506,0.109,2.617,0.595,1.871,1.953,84.1,0,0.0695,0.1377
1725,417588,1869.77,1000,1.779,0.749,2.783,0.451,1.679,1.907,86.4,0,0.0841,0.1445
1726,418588,2067.43,1000,1.547,0.102,1.254,0.611,1.828,1.609,94.1,7,0.1024,0.2031
1727,419588,1569.28,1000,1.901,0.729,2.575,0.598,1.848,1.858,77.6,0,0.075,0.1777
1728,420173,835.03,585,2.825,0.638,5.311,1.272,1.73,1.747,89.2,2,0.0623,0.2021
1729,421173,1880.55,1000,2.086,0.036,2.568,0.992,1.723,1.977,84.6,0,0.0794,0.1875
1730,422173,1860.5,1000,1.753,0.028,3.659,0.735,1.68,2.116,81.6,0,0.0734,0.1289
1731,422912,1208.14,739,3.189,0.049,5.905,1.585,1.758,1.852,89.3,0,0.0697,0.1406
1732,423912,1520.16,1000,1.944,0.398,1.297,0.576,1.705,1.71,81.4,0,0.055,0.1211
1733,424912,918.01,1000,1.972,0.231,1.602,0.796,1.595,1.164,80.5,23,0.0503,0.4385
1734,425912,1428.34,1000,3.064,0.567,2.055,0.849,1.806,1.753,77.0,0,0.0579,0.126
1735,426912,1603.55,1000,2.918,0.373,4.127,1.345,1.912,1.441,84.9,0,0.047,0.1299
1736,427103,-139.61,191,2.267,0.512,4.402,1.07,1.627,0.685,80.6,0,0.0326,0.1836
1737,428103,1859.69,1000,2.631,0.044,3.362,1.313,1.619,1.548,96.0,56,0.0881,0.2451
1738,429103,1987.76,1000,2.126,0.704,3.105,0.522,2.321,2.016,74.7,0,0.0625,0.1113
1739,430103,1487.79,1000,2.683,0.08,2.402,1.464,1.704,1.269,90.6,46,0.097,0.2637
1740,430740,250.11,637,4.028,0.737,5.162,1.531,1.694,1.392,70.0,0,0.0725,0.1689
1741,431740,1571.13,1000,1.977,0.091,1.896,0.808,1.655,1.622,85.3,1,0.0651,0.2002
1742,432740,2017.9,1000,2.363,0.455,0.859,0.812,1.595,2.064,87.7,13,0.0815,0.2197
1743,433740,1372.65,1000,2.486,0.725,2.377,0.942,1.599,1.698,79.1,0,0.0534,0.1211
1744,434740,1701.21,1000,1.738,0.019,1.996,0.786,1.6,1.519,93.3,0,0.0843,0.1748
1745,435740,2466.45,1000,1.367,0.035,2.443,0.837,1.6,2.081,98.1,0,0.0876,0.1484
1746,435769,-215.32,29,0.405,0.059,0.135,0.264,1.734,1.761,55.2,0,0.0559,0.1152
1747,436769,2412.03,1000,1.925,0.04,2.006,1.087,1.759,2.021,94.4,0,0.0856,0.1611
1748,437769,2223.59,1000,1.798,0.533,2.073,0.662,1.712,1.883,94.5,6,0.0888,0.209
1749,438769,1218.58,1000,2.128,0.168,2.396,0.909,1.527,1.246,87.0,28,0.0601,0.2949
1750,439769,1587.77,1000,3.341,0.473,2.064,1.903,1.726,1.218,96.8,97,0.098,0.332
1751,440769,2296.5,1000,2.945,0.155,2.182,1.392,1.839,1.909,93.3,4,0.0899,0.2031
1752,441052,-482.89,283,3.867,0.879,5.227,1.361,1.627,0.667,30.4,0,0.0178,0.0439
1753,442052,2253.15,1000,1.206,0.025,2.184,0.578,1.887,2.116,86.5,0,0.0731,0.125
1754,442442,202.41,390,2.125,0.559,4.393,1.035,2.118,1.029,79.2,0,0.0428,0.1611
1755,443442,2614.86,1000,1.975,0.082,0.824,0.953,1.702,2.097,98.5,9,0.0884,0.2402
1756,444442,1174.46,1000,1.864,0.269,1.441,0.842,1.658,1.544,75.5,0,0.0545,0.1572
1757,445442,2224.52,1000,2.05,0.162,0.865,0.881,1.971,2.061,84.7,0,0.0723,0.1309
1758,446442,2295.36,1000,1.084,0.041,1.457,0.445,2.009,1.927,88.6,0,0.0793,0.1543
1759,447442,2448.34,1000,1.547,0.246,1.493,0.694,2.087,1.722,94.9,22,0.0902,0.2344
1760,448442,2725.93,1000,1.202,0.073,2.249,0.565,2.017,1.955,97.2,0,0.0776,0.1455
1761,448684,-404.02,242,3.469,0.947,4.754,1.483,1.933,0.438,36.8,0,0.0117,0.0312
1762,449684,2553.32,1000,1.876,0.107,2.756,0.757,1.932,2.153,91.3,0,0.0807,0.1387
1763,450684,2136.16,1000,2.057,0.861,1.745,0.472,2.26,1.857,81.9,0,0.0715,0.1484
1764,451684,2141.62,1000,1.577,0.05,0.663,0.854,1.882,2.055,85.5,0,0.0732,0.1406
1765,452684,1921.75,1000,1.796,0.058,0.572,0.852,1.704,1.695,90.8,0,0.0794,0.1504
1766,453684,185.12,1000,2.792,0.587,1.142,1.316,1.477,0.608,88.7,210,0.1465,0.4961
1767,454684,2442.79,1000,1.597,0.423,2.732,0.495,1.861,1.964,94.0,0,0.0715,0.1562
1768,455684,1764.73,1000,2.682,0.813,2.13,1.367,1.776,1.72,86.0,5,0.0544,0.2109
1769,456684,1869.33,1000,2.385,0.37,3.4,1.117,1.887,1.333,95.5,46,0.0757,0.2412
1770,457684,1279.56,1000,2.936,0.252,1.66,1.198,1.48,1.535,83.8,0,0.0656,0.1738
1771,458684,1191.85,1000,3.085,0.294,3.132,1.635,1.735,1.414,78.8,34,0.086,0.2227
1772,459490,-60.56,806,2.493,0.578,4.472,1.117,1.624,1.082,58.4,0,0.0589,0.1875
1773,460490,1401.7,1000,2.34,0.155,2.621,0.783,1.766,1.497,81.9,0,0.049,0.1445
1774,461490,2397.4,1000,1.084,0.05,1.419,0.492,2.022,1.724,95.6,0,0.0485,0.1064
1775,462490,2357.71,1000,1.27,0.061,2.803,0.561,2.04,1.81,91.6,24,0.0657,0.2441
1776,463490,2860.23,1000,1.411,0.19,0.427,0.711,2.058,2.183,94.3,0,0.0665,0.1416
1777,464490,1419.55,1000,2.225,0.788,2.385,0.488,1.878,1.384,81.1,0,0.0439,0.127
1778,465490,944.85,1000,1.913,0.391,1.048,0.639,2.122,1.312,66.1,0,0.0455,0.1455
1779,466490,1650.14,1000,2.129,0.046,1.268,0.881,2.136,1.53,78.8,23,0.0699,0.3945
1780,467490,2465.31,1000,1.682,0.027,1.265,0.645,2.043,2.01,90.3,0,0.0696,0.1445
1781,468490,1253.04,1000,1.803,0.039,0.544,0.837,1.979,1.512,73.2,22,0.08,0.2334
1782,469490,2070.07,1000,1.784,0.186,1.895,0.521,1.988,1.817,86.3,18,0.0806,0.2168
1783,469673,-146.79,183,0.949,0.037,2.199,0.54,1.212,1.126,76.5,10,0.0698,0.2637
1784,470673,2442.31,1000,1.144,0.156,0.327,0.476,2.012,1.999,90.8,0,0.0739,0.1367
1785,471673,2490.82,1000,1.539,0.091,1.859,0.499,1.989,2.005,91.8,0,0.0936,0.1504
1786,471753,-346.13,80,1.406,0.789,1.049,0.366,1.2,-0.477,46.2,11,0.1068,0.2891
1787,472753,1462.34,1000,1.227,0.057,1.037,0.593,2.006,0.983,92.0,113,0.1204,0.3271
1788,473753,3229.27,1000,0.943,0.139,0.491,0.423,2.279,2.094,100.0,4,0.0666,0.2178
1789,474753,2529.56,1000,1.289,0.034,0.484,0.635,1.971,2.102,91.4,0,0.0795,0.1436
1790,475753,1517.78,1000,1.998,0.257,1.26,0.582,2.033,1.756,73.7,0,0.065,0.1729
1791,475852,-297.44,99,1.308,0.885,1.204,0.252,1.717,1.07,50.5,3,0.0971,0.2207
1792,476852,3120.0,1000,0.983,0.022,1.873,0.564,2.262,2.244,95.3,0,0.084,0.1611
1793,477852,3145.79,1000,1.039,0.176,1.447,0.473,2.279,2.033,99.9,0,0.0878,0.1602
1794,477944,-239.74,92,1.276,0.519,2.165,0.577,1.093,1.194,65.2,0,0.0322,0.0869
1795,478039,-367.45,95,1.569,1.023,2.458,0.416,1.131,0.242,35.8,0,0.0065,0.0098
1796,479039,2370.53,1000,1.219,0.202,1.063,0.492,2.153,2.022,85.6,0,0.0603,0.1191
1797,480039,2286.45,1000,1.695,0.407,0.965,0.679,2.05,1.75,90.5,0,0.0665,0.1914
1798,481039,2384.46,1000,1.491,0.125,1.868,0.725,2.203,1.909,87.8,0,0.0618,0.1348
1799,482039,2703.4,1000,1.141,0.046,1.123,0.421,2.051,2.21,91.8,0,0.0705,0.1299
1800,483039,1839.6,1000,1.864,0.379,1.81,0.639,2.078,1.998,75.8,0,0.0714,0.1289
1801,484039,2019.29,1000,1.987,0.084,4.096,1.19,1.95,1.961,83.6,0,0.0713,0.1514
1802,485039,1717.71,1000,2.554,0.32,2.353,0.711,2.201,1.421,81.6,20,0.0718,0.2373
1803,486039,1691.59,1000,2.115,0.444,1.311,0.833,2.115,1.422,82.4,45,0.0856,0.2891
1804,487039,2791.39,1000,1.165,0.251,2.142,0.37,2.013,1.99,97.9,11,0.0795,0.2266
1805,488039,1102.37,1000,2.198,0.037,1.883,0.823,1.834,1.464,72.5,0,0.0556,0.1865
1806,489039,1786.34,1000,2.102,0.589,3.552,0.797,2.066,1.554,83.0,0,0.0641,0.1982
1807,490039,2746.63,1000,2.204,0.674,2.49,0.707,2.197,2.275,89.1,0,0.0686,0.1143
1808,491039,1747.87,1000,2.788,0.895,3.514,1.031,2.018,1.552,84.4,23,0.0592,0.4219
1809,492039,1816.53,1000,1.913,0.493,1.276,0.825,1.924,1.979,79.8,0,0.0642,0.1514
1810,493039,1669.2,1000,2.16,0.52,0.973,0.675,1.946,1.886,76.9,0,0.0599,0.1328
1811,494039,2339.28,1000,1.438,0.012,1.694,0.725,2.016,1.768,93.6,7,0.0902,0.2188
1812,495039,2490.64,1000,2.272,0.522,2.402,0.674,2.007,2.221,87.3,0,0.084,0.1445
1813,495310,-394.43,271,1.599,0.36,0.394,0.485,1.405,0.415,64.6,35,0.1073,0.3779
1814,496310,2844.94,1000,0.872,0.02,0.559,0.551,2.254,1.733,100.0,0,0.1104,0.1953
1815,497310,2538.56,1000,1.545,0.275,2.976,0.657,2.146,1.799,94.1,0,0.0929,0.1934
1816,498310,3269.3,1000,1.239,0.096,0.915,0.431,2.183,2.217,99.7,0,0.0831,0.1201
1817,499310,3384.32,1000,1.64,0.153,0.773,0.841,2.29,2.299,98.3,0,0.0852,0.1797
1818,500310,3001.85,1000,0.858,0.048,1.07,0.429,2.231,2.195,93.6,0,0.0763,0.1416
1819,501310,3123.18,1000,1.075,0.022,0.823,0.623,2.309,2.235,93.9,0,0.0692,0.1191
