episode,timestep,reward,steps,visibility_pct,survived,mean_action_mag,mean_action_jerk,r_alive_sum,r_track_sum,r_invis_sum,r_jerk_sum,phase,alpha,target_speed,jitter_xy,term_reason
1,100,-72.81,100,0.0,0,0.4945,0.6408,50.0,0.0,-5.0,-97.814,A,0.201,0.0,0.05,lost_target
2,200,-94.55,100,0.0,0,0.5304,0.7057,50.0,0.0,-5.0,-119.548,A,0.202,0.0,0.051,lost_target
3,294,-62.67,94,0.0,0,0.5296,0.6952,47.0,0.0,-4.7,-104.971,A,0.203,0.0,0.051,
4,352,-30.35,58,0.0,0,0.487,0.6326,29.0,0.0,-2.9,-56.453,A,0.204,0.0,0.051,
5,450,-66.18,98,0.0,0,0.5332,0.6867,49.0,0.0,-4.9,-110.282,A,0.204,0.0,0.052,
6,495,-25.73,45,0.0,0,0.5045,0.6383,22.5,0.0,-2.25,-45.977,A,0.205,0.0,0.052,
7,595,-91.06,100,0.0,0,0.5283,0.6993,50.0,0.0,-5.0,-116.056,A,0.206,0.0,0.052,lost_target
8,665,-42.03,70,0.0,0,0.4889,0.6675,35.0,0.0,-3.5,-73.53,A,0.207,0.0,0.052,
9,705,-34.12,40,0.0,0,0.5681,0.7669,20.0,0.0,-2.0,-52.121,A,0.207,0.0,0.053,
10,762,-26.92,57,0.0,0,0.5084,0.6167,28.5,0.0,-2.85,-52.572,A,0.208,0.0,0.053,
11,831,-47.31,69,0.0,0,0.5139,0.6906,34.5,0.0,-3.45,-78.355,A,0.208,0.0,0.053,
12,898,-49.03,67,0.0,0,0.5046,0.717,33.5,0.0,-3.35,-79.179,A,0.209,0.0,0.053,
13,947,-25.56,49,0.0,0,0.5055,0.6272,24.5,0.0,-2.45,-47.606,A,0.209,0.0,0.053,
14,1039,-59.27,92,0.0,0,0.4962,0.6863,46.0,0.0,-4.6,-100.666,A,0.21,0.0,0.054,
15,1108,-54.94,69,0.0,0,0.5302,0.7329,34.5,0.0,-3.45,-85.985,A,0.211,0.0,0.054,
16,1208,-89.21,100,0.0,0,0.5381,0.6971,50.0,0.0,-5.0,-114.209,A,0.212,0.0,0.054,lost_target
17,1308,-82.14,100,0.0,0,0.5073,0.6719,50.0,0.0,-5.0,-107.138,A,0.213,0.0,0.055,lost_target
18,1395,-49.65,87,0.0,0,0.5116,0.6489,43.5,0.0,-4.35,-88.795,A,0.214,0.0,0.055,
19,1468,-49.71,73,0.0,0,0.5289,0.6884,36.5,0.0,-3.65,-82.56,A,0.215,0.0,0.055,
20,1525,-28.61,57,0.0,0,0.4913,0.6272,28.5,0.0,-2.85,-54.264,A,0.215,0.0,0.055,
21,1601,-40.07,76,0.0,0,0.4942,0.6331,38.0,0.0,-3.8,-74.273,A,0.216,0.0,0.056,
22,1679,-53.89,78,0.0,0,0.53,0.704,39.0,0.0,-3.9,-88.992,A,0.217,0.0,0.056,
23,1774,-64.39,95,0.0,0,0.5306,0.6857,47.5,0.0,-4.75,-107.137,A,0.218,0.0,0.056,
24,1827,-29.33,53,0.0,0,0.5218,0.6475,26.5,0.0,-2.65,-53.185,A,0.218,0.0,0.057,
25,1905,-61.58,78,0.0,0,0.5465,0.7167,39.0,0.0,-3.9,-96.676,A,0.219,0.0,0.057,
26,1975,-42.9,70,0.0,0,0.527,0.6686,35.0,0.0,-3.5,-74.401,A,0.22,0.0,0.057,
27,2019,-19.86,44,0.0,0,0.5038,0.5834,22.0,0.0,-2.2,-39.661,A,0.22,0.0,0.057,
28,2099,-48.38,80,0.0,0,0.5053,0.661,40.0,0.0,-4.0,-84.378,A,0.221,0.0,0.057,
29,2141,-28.09,42,0.0,0,0.5221,0.689,21.0,0.0,-2.1,-46.99,A,0.221,0.0,0.058,
30,2187,-30.0,46,0.0,0,0.5561,0.6738,23.0,0.0,-2.3,-50.702,A,0.222,0.0,0.058,
31,2241,-37.39,54,0.0,0,0.5179,0.6929,27.0,0.0,-2.7,-61.687,A,0.222,0.0,0.058,
32,2317,-38.4,76,0.0,0,0.5155,0.6183,38.0,0.0,-3.8,-72.605,A,0.223,0.0,0.058,
33,2402,-56.5,85,0.0,0,0.5445,0.677,42.5,0.0,-4.25,-94.751,A,0.224,0.0,0.059,
34,2484,-52.57,82,0.0,0,0.5276,0.6672,41.0,0.0,-4.1,-89.472,A,0.225,0.0,0.059,
35,2529,-26.8,45,0.0,0,0.5071,0.6476,22.5,0.0,-2.25,-47.052,A,0.225,0.0,0.059,
36,2580,-34.58,51,0.0,0,0.5197,0.6941,25.5,0.0,-2.55,-57.526,A,0.226,0.0,0.059,
37,2643,-37.8,63,0.0,0,0.512,0.6707,31.5,0.0,-3.15,-66.155,A,0.226,0.0,0.059,
38,2695,-33.81,52,0.0,0,0.5585,0.681,26.0,0.0,-2.6,-57.209,A,0.227,0.0,0.06,
39,2742,-32.91,47,0.0,0,0.5419,0.7039,23.5,0.0,-2.35,-54.064,A,0.227,0.0,0.06,
40,2782,-23.78,40,0.0,0,0.518,0.6656,20.0,0.0,-2.0,-41.782,A,0.228,0.0,0.06,
41,2882,-67.65,100,0.0,0,0.5235,0.6142,50.0,0.0,-5.0,-92.65,A,0.229,0.0,0.06,lost_target
42,2982,-89.17,100,0.0,0,0.5424,0.6841,50.0,0.0,-5.0,-114.168,A,0.23,0.0,0.061,lost_target
43,3034,-23.36,52,0.0,0,0.4881,0.6211,26.0,0.0,-2.6,-46.76,A,0.23,0.0,0.061,
44,3075,-23.23,41,0.0,0,0.5592,0.6264,20.5,0.0,-2.05,-41.681,A,0.231,0.0,0.061,
45,3130,-31.19,55,0.0,0,0.5529,0.6359,27.5,0.0,-2.75,-55.941,A,0.231,0.0,0.061,
46,3188,-40.66,58,0.0,0,0.5087,0.7041,29.0,0.0,-2.9,-66.763,A,0.232,0.0,0.061,
47,3245,-29.19,57,0.0,0,0.5025,0.6278,28.5,0.0,-2.85,-54.838,A,0.232,0.0,0.062,
48,3287,-24.0,42,0.0,0,0.5467,0.6529,21.0,0.0,-2.1,-42.903,A,0.233,0.0,0.062,
49,3324,-18.89,37,0.0,0,0.5116,0.6168,18.5,0.0,-1.85,-35.537,A,0.233,0.0,0.062,
50,3368,-21.73,44,0.0,0,0.5004,0.6358,22.0,0.0,-2.2,-41.525,A,0.234,0.0,0.062,
51,3428,-23.49,60,0.0,0,0.5091,0.5665,30.0,0.0,-3.0,-50.491,A,0.234,0.0,0.062,
52,3485,-31.96,57,0.0,0,0.535,0.6461,28.5,0.0,-2.85,-57.61,A,0.235,0.0,0.062,
53,3572,-48.78,87,0.0,0,0.5165,0.6427,43.5,0.0,-4.35,-87.932,A,0.236,0.0,0.063,
54,3621,-22.76,49,0.0,0,0.529,0.616,24.5,0.0,-2.45,-44.811,A,0.236,0.0,0.063,
55,3695,-43.93,74,0.0,0,0.5205,0.669,37.0,0.0,-3.7,-77.228,A,0.237,0.0,0.063,
56,3744,-25.14,49,0.0,0,0.5167,0.6394,24.5,0.0,-2.45,-47.187,A,0.237,0.0,0.063,
57,3790,-27.84,46,0.0,0,0.5183,0.6574,23.0,0.0,-2.3,-48.537,A,0.238,0.0,0.064,
58,3865,-33.84,75,0.0,0,0.4817,0.601,37.5,0.0,-3.75,-67.593,A,0.239,0.0,0.064,
59,3903,-24.81,38,0.0,0,0.5287,0.6797,19.0,0.0,-1.9,-41.908,A,0.239,0.0,0.064,
60,3986,-40.49,83,0.0,0,0.5233,0.6167,41.5,0.0,-4.15,-77.838,A,0.24,0.0,0.064,
61,4050,-39.67,64,0.0,0,0.5163,0.6618,32.0,0.0,-3.2,-68.465,A,0.24,0.0,0.064,
62,4104,-27.35,54,0.0,0,0.5106,0.6385,27.0,0.0,-2.7,-51.653,A,0.241,0.0,0.065,
63,4170,-44.11,66,0.0,0,0.517,0.6779,33.0,0.0,-3.3,-73.806,A,0.242,0.0,0.065,
64,4218,-24.37,48,0.0,0,0.5283,0.6019,24.0,0.0,-2.4,-45.972,A,0.242,0.0,0.065,
65,4261,-22.41,43,0.0,0,0.5178,0.6357,21.5,0.0,-2.15,-41.763,A,0.243,0.0,0.065,
66,4309,-32.75,48,0.0,0,0.5464,0.6926,24.0,0.0,-2.4,-54.354,A,0.243,0.0,0.065,
67,4354,-20.85,45,0.0,0,0.5181,0.6085,22.5,0.0,-2.25,-41.104,A,0.244,0.0,0.066,
68,4404,-32.58,50,0.0,0,0.548,0.6706,25.0,0.0,-2.5,-55.079,A,0.244,0.0,0.066,
69,4435,-14.91,31,0.0,0,0.5231,0.6359,15.5,0.0,-1.55,-28.862,A,0.244,0.0,0.066,
70,4500,-43.66,65,0.0,0,0.5292,0.6928,32.5,0.0,-3.25,-72.91,A,0.245,0.0,0.066,
71,4532,-17.17,32,0.0,0,0.5627,0.6537,16.0,0.0,-1.6,-31.569,A,0.245,0.0,0.066,
72,4562,-11.9,30,0.0,0,0.5235,0.6174,15.0,0.0,-1.5,-25.401,A,0.246,0.0,0.066,
73,4613,-26.07,51,0.0,0,0.5142,0.6383,25.5,0.0,-2.55,-49.018,A,0.246,0.0,0.066,
74,4666,-30.38,53,0.0,0,0.5319,0.6553,26.5,0.0,-2.65,-54.235,A,0.247,0.0,0.067,
75,4727,-37.01,61,0.0,0,0.5185,0.6602,30.5,0.0,-3.05,-64.459,A,0.247,0.0,0.067,
76,4816,-61.59,89,0.0,0,0.5156,0.7107,44.5,0.0,-4.45,-101.64,A,0.248,0.0,0.067,
77,4900,-52.03,84,0.0,0,0.5426,0.6675,42.0,0.0,-4.2,-89.829,A,0.249,0.0,0.067,
78,4940,-28.09,40,0.0,0,0.5386,0.7135,20.0,0.0,-2.0,-46.087,A,0.249,0.0,0.068,
79,5013,-41.36,73,0.0,0,0.5105,0.6515,36.5,0.0,-3.65,-74.215,A,0.25,0.0,0.068,
80,5064,-30.84,51,0.0,0,0.5172,0.667,25.5,0.0,-2.55,-53.789,A,0.251,0.0,0.068,
81,5113,-26.01,49,0.0,0,0.5381,0.6305,24.5,0.0,-2.45,-48.062,A,0.251,0.0,0.068,
82,5156,-15.0,43,0.0,0,0.5485,0.5549,21.5,0.0,-2.15,-34.348,A,0.252,0.0,0.068,
83,5193,-16.45,37,0.0,0,0.495,0.6202,18.5,0.0,-1.85,-33.098,A,0.252,0.0,0.069,
84,5263,-30.65,70,0.0,0,0.5556,0.5836,35.0,0.0,-3.5,-62.154,A,0.253,0.0,0.069,
85,5314,-40.69,51,0.0,0,0.5269,0.776,25.5,0.0,-2.55,-63.644,A,0.253,0.0,0.069,
86,5411,-53.4,97,0.0,0,0.4954,0.6487,48.5,0.0,-4.85,-97.047,A,0.254,0.0,0.069,
87,5511,-77.63,100,0.0,0,0.5282,0.643,50.0,0.0,-5.0,-102.625,A,0.255,0.0,0.07,lost_target
88,5575,-34.53,64,0.0,0,0.5013,0.6526,32.0,0.0,-3.2,-63.332,A,0.256,0.0,0.07,
89,5675,-75.48,100,0.0,0,0.5488,0.633,50.0,0.0,-5.0,-100.476,A,0.257,0.0,0.07,lost_target
90,5721,-31.45,46,0.0,0,0.5673,0.6918,23.0,0.0,-2.3,-52.145,A,0.257,0.0,0.07,
91,5763,-25.68,42,0.0,0,0.5519,0.6454,21.0,0.0,-2.1,-44.578,A,0.258,0.0,0.071,
92,5850,-58.13,87,0.0,0,0.4996,0.6918,43.5,0.0,-4.35,-97.281,A,0.258,0.0,0.071,
93,5924,-42.92,74,0.0,0,0.5251,0.6601,37.0,0.0,-3.7,-76.223,A,0.259,0.0,0.071,
94,5959,-22.18,35,0.0,0,0.5449,0.6812,17.5,0.0,-1.75,-37.93,A,0.26,0.0,0.071,
95,6059,-75.82,100,0.0,0,0.5446,0.6248,50.0,0.0,-5.0,-100.82,A,0.261,0.0,0.072,lost_target
96,6147,-46.21,88,0.0,0,0.4933,0.6433,44.0,0.0,-4.4,-85.814,A,0.261,0.0,0.072,
97,6235,-51.56,88,0.0,0,0.5225,0.6558,44.0,0.0,-4.4,-91.161,A,0.262,0.0,0.072,
98,6335,-75.23,100,0.0,0,0.5062,0.6362,50.0,0.0,-5.0,-100.227,A,0.263,0.0,0.073,lost_target
99,6395,-36.29,60,0.0,0,0.5144,0.6665,30.0,0.0,-3.0,-63.291,A,0.264,0.0,0.073,
100,6495,-67.54,100,0.0,0,0.5082,0.6257,50.0,0.0,-5.0,-92.535,A,0.265,0.0,0.073,lost_target
101,6595,-83.48,100,0.0,0,0.5372,0.6608,50.0,0.0,-5.0,-108.475,A,0.266,0.0,0.074,lost_target
102,6695,-64.39,100,0.0,0,0.5106,0.6017,50.0,0.0,-5.0,-89.386,A,0.267,0.0,0.074,lost_target
103,6795,-80.36,100,0.0,0,0.5294,0.664,50.0,0.0,-5.0,-105.359,A,0.268,0.0,0.074,lost_target
104,6895,-81.94,100,0.0,0,0.5216,0.6462,50.0,0.0,-5.0,-106.936,A,0.269,0.0,0.075,lost_target
105,6995,-72.23,100,0.0,0,0.5239,0.6288,50.0,0.0,-5.0,-97.23,A,0.27,0.0,0.075,lost_target
106,7095,-78.15,100,0.0,0,0.5194,0.6613,50.0,0.0,-5.0,-103.147,A,0.271,0.0,0.075,lost_target
107,7195,-88.01,100,0.0,0,0.5305,0.6891,50.0,0.0,-5.0,-113.014,A,0.272,0.0,0.076,lost_target
108,7295,-86.88,100,0.0,0,0.5487,0.6813,50.0,0.0,-5.0,-111.883,A,0.273,0.0,0.076,lost_target
109,7395,-73.67,100,0.0,0,0.5232,0.6455,50.0,0.0,-5.0,-98.67,A,0.274,0.0,0.076,lost_target
110,7495,-57.25,100,0.0,0,0.5433,0.5642,50.0,0.0,-5.0,-82.253,A,0.275,0.0,0.077,lost_target
111,7595,-60.26,100,0.0,0,0.5335,0.5889,50.0,0.0,-5.0,-85.256,A,0.276,0.0,0.077,lost_target
112,7695,-60.43,100,0.0,0,0.5099,0.5877,50.0,0.0,-5.0,-85.435,A,0.277,0.0,0.077,lost_target
113,7795,-68.8,100,0.0,0,0.4828,0.6292,50.0,0.0,-5.0,-93.803,A,0.278,0.0,0.078,lost_target
114,7895,-65.17,100,0.0,0,0.5143,0.6031,50.0,0.0,-5.0,-90.173,A,0.279,0.0,0.078,lost_target
115,7995,-72.11,100,0.0,0,0.5356,0.6308,50.0,0.0,-5.0,-97.11,A,0.28,0.0,0.079,lost_target
116,8095,-71.35,100,0.0,0,0.506,0.6314,50.0,0.0,-5.0,-96.354,A,0.281,0.0,0.079,lost_target
117,8195,-74.17,100,0.0,0,0.5208,0.6491,50.0,0.0,-5.0,-99.172,A,0.282,0.0,0.079,lost_target
118,8295,-59.44,100,0.0,0,0.5064,0.5919,50.0,0.0,-5.0,-84.44,A,0.283,0.0,0.08,lost_target
119,8395,-56.57,100,0.0,0,0.524,0.5822,50.0,0.0,-5.0,-81.572,A,0.284,0.0,0.08,lost_target
120,8495,-61.86,100,0.0,0,0.5288,0.5771,50.0,0.0,-5.0,-86.856,A,0.285,0.0,0.08,lost_target
121,8595,-69.8,100,0.0,0,0.5046,0.6222,50.0,0.0,-5.0,-94.798,A,0.286,0.0,0.081,lost_target
122,8695,-63.45,100,0.0,0,0.5076,0.6017,50.0,0.0,-5.0,-88.448,A,0.287,0.0,0.081,lost_target
123,8795,-68.9,100,0.0,0,0.5082,0.6247,50.0,0.0,-5.0,-93.902,A,0.288,0.0,0.081,lost_target
124,8895,-64.96,100,0.0,0,0.5099,0.6191,50.0,0.0,-5.0,-89.961,A,0.289,0.0,0.082,lost_target
125,8995,-65.3,100,0.0,0,0.5256,0.6055,50.0,0.0,-5.0,-90.302,A,0.29,0.0,0.082,lost_target
126,9095,-56.98,100,0.0,0,0.508,0.5926,50.0,0.0,-5.0,-81.981,A,0.291,0.0,0.082,lost_target
127,9195,-60.89,100,0.0,0,0.5104,0.5837,50.0,0.0,-5.0,-85.894,A,0.292,0.0,0.083,lost_target
128,9295,-57.12,100,0.0,0,0.4738,0.5774,50.0,0.0,-5.0,-82.123,A,0.293,0.0,0.083,lost_target
129,9395,-58.15,100,0.0,0,0.5172,0.5618,50.0,0.0,-5.0,-83.145,A,0.294,0.0,0.084,lost_target
130,9495,-52.21,100,0.0,0,0.5095,0.5508,50.0,0.0,-5.0,-77.214,A,0.295,0.0,0.084,lost_target
131,9595,-50.51,100,0.0,0,0.4843,0.556,50.0,0.0,-5.0,-75.511,A,0.296,0.0,0.084,lost_target
132,9695,-72.92,100,0.0,0,0.5053,0.6512,50.0,0.0,-5.0,-97.916,A,0.297,0.0,0.085,lost_target
133,9795,-55.63,100,0.0,0,0.5157,0.5687,50.0,0.0,-5.0,-80.626,A,0.298,0.0,0.085,lost_target
134,9895,-55.49,100,0.0,0,0.5049,0.5675,50.0,0.0,-5.0,-80.492,A,0.299,0.0,0.085,lost_target
135,9995,-57.03,100,0.0,0,0.4989,0.5699,50.0,0.0,-5.0,-82.034,A,0.3,0.0,0.086,lost_target
136,10100,-42.26,105,0.0,0,0.5392,0.5045,52.5,0.0,-5.25,-69.51,A,0.301,0.0,0.086,lost_target
137,10200,-58.38,100,0.0,0,0.5015,0.5716,50.0,0.0,-5.0,-83.379,A,0.302,0.0,0.086,lost_target
138,10300,-64.78,100,0.0,0,0.4852,0.6257,50.0,0.0,-5.0,-89.776,A,0.303,0.0,0.087,lost_target
139,10400,-57.9,100,0.0,0,0.5064,0.5787,50.0,0.0,-5.0,-82.898,A,0.304,0.0,0.087,lost_target
140,10500,-47.8,100,0.0,0,0.5028,0.5429,50.0,0.0,-5.0,-72.796,A,0.305,0.0,0.087,lost_target
141,10600,-41.83,100,0.0,0,0.526,0.5162,50.0,0.0,-5.0,-66.833,A,0.306,0.0,0.088,lost_target
142,10700,-60.78,100,0.0,0,0.4875,0.6078,50.0,0.0,-5.0,-85.781,A,0.307,0.0,0.088,lost_target
143,10800,-50.76,100,0.0,0,0.4843,0.5572,50.0,0.0,-5.0,-75.76,A,0.308,0.0,0.089,lost_target
144,10900,-59.02,100,0.0,0,0.478,0.6001,50.0,0.0,-5.0,-84.023,A,0.309,0.0,0.089,lost_target
145,11000,-59.18,100,0.0,0,0.5411,0.572,50.0,0.0,-5.0,-84.184,A,0.31,0.0,0.089,lost_target
146,11092,-34.89,92,0.0,0,0.4745,0.5819,46.0,0.0,-4.6,-76.289,A,0.311,0.0,0.09,
147,11192,-56.74,100,0.0,0,0.4914,0.5684,50.0,0.0,-5.0,-81.742,A,0.312,0.0,0.09,lost_target
148,11292,-49.86,100,0.0,0,0.4929,0.5582,50.0,0.0,-5.0,-74.864,A,0.313,0.0,0.09,lost_target
149,11390,-40.56,98,0.0,0,0.5137,0.5911,49.0,0.0,-4.9,-84.663,A,0.314,0.0,0.091,
150,11490,-54.23,100,0.0,0,0.5044,0.5608,50.0,0.0,-5.0,-79.227,A,0.315,0.0,0.091,lost_target
151,11590,-47.58,100,0.0,0,0.496,0.5468,50.0,0.0,-5.0,-72.581,A,0.316,0.0,0.091,lost_target
152,11690,-58.65,100,0.0,0,0.4927,0.5936,50.0,0.0,-5.0,-83.651,A,0.317,0.0,0.092,lost_target
153,11790,-60.12,100,0.0,0,0.5058,0.5881,50.0,0.0,-5.0,-85.116,A,0.318,0.0,0.092,lost_target
154,11890,-41.4,100,0.0,0,0.493,0.5164,50.0,0.0,-5.0,-66.401,A,0.319,0.0,0.092,lost_target
155,11990,-48.4,100,0.0,0,0.5242,0.5239,50.0,0.0,-5.0,-73.397,A,0.32,0.0,0.093,lost_target
156,12090,-49.07,100,0.0,0,0.466,0.5433,50.0,0.0,-5.0,-74.065,A,0.321,0.0,0.093,lost_target
157,12190,-49.91,100,0.0,0,0.5427,0.5268,50.0,0.0,-5.0,-74.915,A,0.322,0.0,0.094,lost_target
158,12290,-46.12,100,0.0,0,0.478,0.5371,50.0,0.0,-5.0,-71.124,A,0.323,0.0,0.094,lost_target
159,12390,-53.24,100,0.0,0,0.4991,0.5668,50.0,0.0,-5.0,-78.24,A,0.324,0.0,0.094,lost_target
160,12490,-52.08,100,0.0,0,0.4933,0.5547,50.0,0.0,-5.0,-77.078,A,0.325,0.0,0.095,lost_target
161,12590,-42.53,100,0.0,0,0.5237,0.51,50.0,0.0,-5.0,-67.532,A,0.326,0.0,0.095,lost_target
162,12690,-50.9,100,0.0,0,0.5002,0.5423,50.0,0.0,-5.0,-75.895,A,0.327,0.0,0.095,lost_target
163,12790,-51.91,100,0.0,0,0.479,0.5572,50.0,0.0,-5.0,-76.91,A,0.328,0.0,0.096,lost_target
164,12890,-37.69,100,0.0,0,0.5432,0.4805,50.0,0.0,-5.0,-62.689,A,0.329,0.0,0.096,lost_target
165,12990,-47.32,100,0.0,0,0.5264,0.5332,50.0,0.0,-5.0,-72.318,A,0.33,0.0,0.096,lost_target
166,13090,-54.79,100,0.0,0,0.4996,0.5604,50.0,0.0,-5.0,-79.791,A,0.331,0.0,0.097,lost_target
167,13190,-39.56,100,0.0,0,0.5327,0.4972,50.0,0.0,-5.0,-64.564,A,0.332,0.0,0.097,lost_target
168,13290,-39.6,100,0.0,0,0.5363,0.5001,50.0,0.0,-5.0,-64.603,A,0.333,0.0,0.097,lost_target
169,13390,-45.07,100,0.0,0,0.5391,0.5173,50.0,0.0,-5.0,-70.071,A,0.334,0.0,0.098,lost_target
170,13490,-35.17,100,0.0,0,0.5477,0.4748,50.0,0.0,-5.0,-60.173,A,0.335,0.0,0.098,lost_target
171,13590,-39.65,100,0.0,0,0.4638,0.5045,50.0,0.0,-5.0,-64.652,A,0.336,0.0,0.099,lost_target
172,13690,-46.74,100,0.0,0,0.5097,0.5333,50.0,0.0,-5.0,-71.737,A,0.337,0.0,0.099,lost_target
173,13790,-33.8,100,0.0,0,0.5543,0.4613,50.0,0.0,-5.0,-58.804,A,0.338,0.0,0.099,lost_target
174,13890,-40.2,100,0.0,0,0.503,0.4999,50.0,0.0,-5.0,-65.202,A,0.339,0.0,0.1,lost_target
175,13990,-37.82,100,0.0,0,0.4845,0.4992,50.0,0.0,-5.0,-62.818,A,0.34,0.0,0.1,lost_target
176,14090,-53.98,100,0.0,0,0.5386,0.5619,50.0,0.0,-5.0,-78.977,A,0.341,0.0,0.1,lost_target
177,14190,-36.93,100,0.0,0,0.5423,0.4794,50.0,0.0,-5.0,-61.931,A,0.342,0.0,0.101,lost_target
178,14290,-40.91,100,0.0,0,0.5441,0.5094,50.0,0.0,-5.0,-65.906,A,0.343,0.0,0.101,lost_target
179,14390,-32.63,100,0.0,0,0.49,0.4764,50.0,0.0,-5.0,-57.629,A,0.344,0.0,0.101,lost_target
180,14490,-25.37,100,0.0,0,0.554,0.439,50.0,0.0,-5.0,-50.37,A,0.345,0.0,0.102,lost_target
181,14590,-39.09,100,0.0,0,0.5529,0.4894,50.0,0.0,-5.0,-64.085,A,0.346,0.0,0.102,lost_target
182,14690,-34.9,100,0.0,0,0.5409,0.4758,50.0,0.0,-5.0,-59.895,A,0.347,0.0,0.102,lost_target
183,14790,-12.88,100,0.0,0,0.5208,0.3812,50.0,0.0,-5.0,-37.88,A,0.348,0.0,0.103,lost_target
184,14890,-28.87,100,0.0,0,0.5448,0.4402,50.0,0.0,-5.0,-53.872,A,0.349,0.0,0.103,lost_target
185,14990,-38.86,100,0.0,0,0.4808,0.4976,50.0,0.0,-5.0,-63.861,A,0.35,0.0,0.104,lost_target
186,15090,-45.21,100,0.0,0,0.5478,0.5146,50.0,0.0,-5.0,-70.211,A,0.351,0.0,0.104,lost_target
187,15190,-35.09,100,0.0,0,0.491,0.4857,50.0,0.0,-5.0,-60.092,A,0.352,0.0,0.104,lost_target
188,15290,-18.61,100,0.0,0,0.5502,0.4104,50.0,0.0,-5.0,-43.61,A,0.353,0.0,0.105,lost_target
189,15390,-27.2,100,0.0,0,0.5644,0.4404,50.0,0.0,-5.0,-52.204,A,0.354,0.0,0.105,lost_target
190,15490,-37.47,100,0.0,0,0.5314,0.5007,50.0,0.0,-5.0,-62.467,A,0.355,0.0,0.105,lost_target
191,15590,-22.81,100,0.0,0,0.5654,0.4171,50.0,0.0,-5.0,-47.812,A,0.356,0.0,0.106,lost_target
192,15690,-36.9,100,0.0,0,0.5555,0.4786,50.0,0.0,-5.0,-61.905,A,0.357,0.0,0.106,lost_target
193,15790,-30.09,100,0.0,0,0.5399,0.4571,50.0,0.0,-5.0,-55.093,A,0.358,0.0,0.106,lost_target
194,15890,-27.64,100,0.0,0,0.555,0.4324,50.0,0.0,-5.0,-52.641,A,0.359,0.0,0.107,lost_target
195,15990,-30.63,100,0.0,0,0.5272,0.4587,50.0,0.0,-5.0,-55.632,A,0.36,0.0,0.107,lost_target
196,16090,-37.75,100,0.0,0,0.5035,0.512,50.0,0.0,-5.0,-62.747,A,0.361,0.0,0.107,lost_target
197,16190,-21.8,100,0.0,0,0.5427,0.4225,50.0,0.0,-5.0,-46.795,A,0.362,0.0,0.108,lost_target
198,16290,-15.13,100,0.0,0,0.6109,0.3738,50.0,0.0,-5.0,-40.132,A,0.363,0.0,0.108,lost_target
199,16390,-32.12,100,0.0,0,0.5712,0.4513,50.0,0.0,-5.0,-57.116,A,0.364,0.0,0.109,lost_target
200,16490,-15.52,100,0.0,0,0.5771,0.3832,50.0,0.0,-5.0,-40.52,A,0.365,0.0,0.109,lost_target
201,16590,-11.77,100,0.0,0,0.5505,0.3637,50.0,0.0,-5.0,-36.77,A,0.366,0.0,0.109,lost_target
202,16690,-23.12,100,0.0,0,0.5646,0.4225,50.0,0.0,-5.0,-48.123,A,0.367,0.0,0.11,lost_target
203,16790,-21.04,100,0.0,0,0.5669,0.4139,50.0,0.0,-5.0,-46.04,A,0.368,0.0,0.11,lost_target
204,16890,-17.88,100,0.0,0,0.5495,0.4033,50.0,0.0,-5.0,-42.883,A,0.369,0.0,0.11,lost_target
205,16990,-19.79,100,0.0,0,0.5443,0.4058,50.0,0.0,-5.0,-44.792,A,0.37,0.0,0.111,lost_target
206,17090,-23.79,100,0.0,0,0.5848,0.4141,50.0,0.0,-5.0,-48.793,A,0.371,0.0,0.111,lost_target
207,17190,-18.85,100,0.0,0,0.5174,0.4008,50.0,0.0,-5.0,-43.846,A,0.372,0.0,0.111,lost_target
208,17290,-23.53,100,0.0,0,0.5294,0.4267,50.0,0.0,-5.0,-48.526,A,0.373,0.0,0.112,lost_target
209,17390,-14.02,100,0.0,0,0.5791,0.3763,50.0,0.0,-5.0,-39.016,A,0.374,0.0,0.112,lost_target
210,17490,-9.3,100,0.0,0,0.5843,0.3502,50.0,0.0,-5.0,-34.297,A,0.375,0.0,0.112,lost_target
211,17590,-24.98,100,0.0,0,0.5302,0.4276,50.0,0.0,-5.0,-49.983,A,0.376,0.0,0.113,lost_target
212,17690,-15.06,100,0.0,0,0.5785,0.3779,50.0,0.0,-5.0,-40.063,A,0.377,0.0,0.113,lost_target
213,17790,-18.4,100,0.0,0,0.5116,0.409,50.0,0.0,-5.0,-43.397,A,0.378,0.0,0.114,lost_target
214,17890,-10.64,100,0.0,0,0.5839,0.3574,50.0,0.0,-5.0,-35.64,A,0.379,0.0,0.114,lost_target
215,17990,-13.44,100,0.0,0,0.6021,0.3606,50.0,0.0,-5.0,-38.442,A,0.38,0.0,0.114,lost_target
216,18090,-19.56,100,0.0,0,0.5499,0.4023,50.0,0.0,-5.0,-44.565,A,0.381,0.0,0.115,lost_target
217,18190,-24.35,100,0.0,0,0.5409,0.4307,50.0,0.0,-5.0,-49.348,A,0.382,0.0,0.115,lost_target
218,18290,-14.34,100,0.0,0,0.5525,0.377,50.0,0.0,-5.0,-39.343,A,0.383,0.0,0.115,lost_target
219,18390,-15.72,100,0.0,0,0.5649,0.3829,50.0,0.0,-5.0,-40.723,A,0.384,0.0,0.116,lost_target
220,18490,-23.63,100,0.0,0,0.5551,0.4323,50.0,0.0,-5.0,-48.629,A,0.385,0.0,0.116,lost_target
221,18590,-21.1,100,0.0,0,0.5874,0.3999,50.0,0.0,-5.0,-46.098,A,0.386,0.0,0.116,lost_target
222,18690,-17.18,100,0.0,0,0.5348,0.3975,50.0,0.0,-5.0,-42.185,A,0.387,0.0,0.117,lost_target
223,18790,-20.85,100,0.0,0,0.5704,0.404,50.0,0.0,-5.0,-45.846,A,0.388,0.0,0.117,lost_target
224,18890,-13.31,100,0.0,0,0.541,0.3742,50.0,0.0,-5.0,-38.308,A,0.389,0.0,0.117,lost_target
225,18990,-8.91,100,0.0,0,0.5929,0.3437,50.0,0.0,-5.0,-33.909,A,0.39,0.0,0.118,lost_target
226,19090,-15.47,100,0.0,0,0.5776,0.3783,50.0,0.0,-5.0,-40.471,A,0.391,0.0,0.118,lost_target
227,19190,-13.81,100,0.0,0,0.5068,0.3912,50.0,0.0,-5.0,-38.813,A,0.392,0.0,0.119,lost_target
228,19290,-22.59,100,0.0,0,0.519,0.4204,50.0,0.0,-5.0,-47.587,A,0.393,0.0,0.119,lost_target
229,19390,-14.59,100,0.0,0,0.5835,0.3659,50.0,0.0,-5.0,-39.587,A,0.394,0.0,0.119,lost_target
230,19490,-17.81,100,0.0,0,0.5558,0.3996,50.0,0.0,-5.0,-42.805,A,0.395,0.0,0.12,lost_target
231,19590,-12.28,100,0.0,0,0.5879,0.3612,50.0,0.0,-5.0,-37.284,A,0.396,0.0,0.12,lost_target
232,19690,-14.34,100,0.0,0,0.5615,0.3774,50.0,0.0,-5.0,-39.337,A,0.397,0.0,0.12,lost_target
233,19790,-13.18,100,0.0,0,0.4939,0.3788,50.0,0.0,-5.0,-38.176,A,0.398,0.0,0.121,lost_target
234,19890,-13.93,100,0.0,0,0.575,0.3698,50.0,0.0,-5.0,-38.933,A,0.399,0.0,0.121,lost_target
235,19990,-8.64,100,0.0,0,0.5372,0.3465,50.0,0.0,-5.0,-33.644,A,0.4,0.0,0.121,lost_target
236,20100,-12.0,110,0.0,0,0.504,0.3778,55.0,0.0,-5.5,-41.504,A,0.401,0.0,0.122,lost_target
237,20200,-13.02,100,0.0,0,0.6081,0.3589,50.0,0.0,-5.0,-38.018,A,0.402,0.0,0.122,lost_target
238,20300,-11.21,100,0.0,0,0.5379,0.3559,50.0,0.0,-5.0,-36.213,A,0.403,0.0,0.122,lost_target
239,20400,-13.56,100,0.0,0,0.5883,0.3728,50.0,0.0,-5.0,-38.563,A,0.404,0.0,0.123,lost_target
240,20500,-3.8,100,0.0,0,0.5726,0.3231,50.0,0.0,-5.0,-28.796,A,0.405,0.0,0.123,lost_target
241,20600,-15.8,100,0.0,0,0.5461,0.3889,50.0,0.0,-5.0,-40.795,A,0.406,0.0,0.124,lost_target
242,20700,-8.31,100,0.0,0,0.5606,0.3424,50.0,0.0,-5.0,-33.315,A,0.407,0.0,0.124,lost_target
243,20800,-9.23,100,0.0,0,0.5238,0.3531,50.0,0.0,-5.0,-34.233,A,0.408,0.0,0.124,lost_target
244,20900,-8.82,100,0.0,0,0.5325,0.3371,50.0,0.0,-5.0,-33.824,A,0.409,0.0,0.125,lost_target
245,21000,-7.38,100,0.0,0,0.5443,0.3494,50.0,0.0,-5.0,-32.381,A,0.41,0.0,0.125,lost_target
246,21100,-14.78,100,0.0,0,0.521,0.3798,50.0,0.0,-5.0,-39.783,A,0.411,0.0,0.125,lost_target
247,21200,-10.97,100,0.0,0,0.5641,0.3595,50.0,0.0,-5.0,-35.974,A,0.412,0.0,0.126,lost_target
248,21300,-12.68,100,0.0,0,0.523,0.3741,50.0,0.0,-5.0,-37.683,A,0.413,0.0,0.126,lost_target
249,21400,-8.5,100,0.0,0,0.5531,0.3471,50.0,0.0,-5.0,-33.496,A,0.414,0.0,0.126,lost_target
250,21500,-12.08,100,0.0,0,0.5553,0.3684,50.0,0.0,-5.0,-37.075,A,0.415,0.0,0.127,lost_target
251,21600,-9.52,100,0.0,0,0.5201,0.3644,50.0,0.0,-5.0,-34.52,A,0.416,0.0,0.127,lost_target
252,21700,-15.51,100,0.0,0,0.5294,0.3859,50.0,0.0,-5.0,-40.506,A,0.417,0.0,0.127,lost_target
253,21800,-11.92,100,0.0,0,0.556,0.3671,50.0,0.0,-5.0,-36.92,A,0.418,0.0,0.128,lost_target
254,21900,-9.15,100,0.0,0,0.5326,0.3433,50.0,0.0,-5.0,-34.147,A,0.419,0.0,0.128,lost_target
255,22000,-21.83,100,0.0,0,0.482,0.4245,50.0,0.0,-5.0,-46.825,A,0.42,0.0,0.129,lost_target
256,22100,-6.07,100,0.0,0,0.4576,0.3485,50.0,0.0,-5.0,-31.073,A,0.421,0.0,0.129,lost_target
257,22200,-3.28,100,0.0,0,0.3503,0.3343,50.0,0.0,-5.0,-28.284,A,0.422,0.0,0.129,lost_target
258,22300,-3.63,100,0.0,0,0.5051,0.3236,50.0,0.0,-5.0,-28.625,A,0.423,0.0,0.13,lost_target
259,22400,-13.13,100,0.0,0,0.4855,0.3823,50.0,0.0,-5.0,-38.127,A,0.424,0.0,0.13,lost_target
260,22500,-11.53,100,0.0,0,0.4785,0.3742,50.0,0.0,-5.0,-36.533,A,0.425,0.0,0.13,lost_target
261,22600,-15.83,100,0.0,0,0.5071,0.3923,50.0,0.0,-5.0,-40.83,A,0.426,0.0,0.131,lost_target
262,22700,-6.32,100,0.0,0,0.4769,0.3502,50.0,0.0,-5.0,-31.319,A,0.427,0.0,0.131,lost_target
263,22800,-9.99,100,0.0,0,0.5261,0.358,50.0,0.0,-5.0,-34.989,A,0.428,0.0,0.131,lost_target
264,22900,-8.31,100,0.0,0,0.5003,0.3564,50.0,0.0,-5.0,-33.308,A,0.429,0.0,0.132,lost_target
265,23000,-14.89,100,0.0,0,0.4952,0.3887,50.0,0.0,-5.0,-39.892,A,0.43,0.0,0.132,lost_target
266,23100,-9.61,100,0.0,0,0.467,0.3657,50.0,0.0,-5.0,-34.608,A,0.431,0.0,0.132,lost_target
267,23200,-3.48,100,0.0,0,0.4065,0.3399,50.0,0.0,-5.0,-28.483,A,0.432,0.0,0.133,lost_target
268,23300,-7.14,100,0.0,0,0.5062,0.3535,50.0,0.0,-5.0,-32.138,A,0.433,0.0,0.133,lost_target
269,23400,-8.7,100,0.0,0,0.4319,0.3614,50.0,0.0,-5.0,-33.703,A,0.434,0.0,0.134,lost_target
270,23500,-9.98,100,0.0,0,0.4416,0.3694,50.0,0.0,-5.0,-34.979,A,0.435,0.0,0.134,lost_target
271,23600,-2.2,100,0.0,0,0.513,0.3117,50.0,0.0,-5.0,-27.201,A,0.436,0.0,0.134,lost_target
272,23700,-7.79,100,0.0,0,0.378,0.3603,50.0,0.0,-5.0,-32.789,A,0.437,0.0,0.135,lost_target
273,23800,-4.02,100,0.0,0,0.5284,0.3397,50.0,0.0,-5.0,-29.021,A,0.438,0.0,0.135,lost_target
274,23900,-7.18,100,0.0,0,0.5056,0.3432,50.0,0.0,-5.0,-32.178,A,0.439,0.0,0.135,lost_target
275,24000,-9.9,100,0.0,0,0.4527,0.3722,50.0,0.0,-5.0,-34.903,A,0.44,0.0,0.136,lost_target
276,24100,-4.33,100,0.0,0,0.4385,0.3352,50.0,0.0,-5.0,-29.326,A,0.441,0.0,0.136,lost_target
277,24200,-0.09,100,0.0,0,0.536,0.2944,50.0,0.0,-5.0,-25.089,A,0.442,0.0,0.136,lost_target
278,24300,-8.69,100,0.0,0,0.4532,0.3595,50.0,0.0,-5.0,-33.693,A,0.443,0.0,0.137,lost_target
279,24400,-9.42,100,0.0,0,0.4319,0.3646,50.0,0.0,-5.0,-34.418,A,0.444,0.0,0.137,lost_target
280,24500,-3.79,100,0.0,0,0.5259,0.3227,50.0,0.0,-5.0,-28.789,A,0.445,0.0,0.137,lost_target
281,24600,-8.51,100,0.0,0,0.387,0.3591,50.0,0.0,-5.0,-33.514,A,0.446,0.0,0.138,lost_target
282,24700,-5.17,100,0.0,0,0.4439,0.3382,50.0,0.0,-5.0,-30.167,A,0.447,0.0,0.138,lost_target
283,24800,-7.51,100,0.0,0,0.4455,0.3505,50.0,0.0,-5.0,-32.512,A,0.448,0.0,0.139,lost_target
284,24900,-4.59,100,0.0,0,0.4373,0.3378,50.0,0.0,-5.0,-29.587,A,0.449,0.0,0.139,lost_target
285,25000,-3.53,100,0.0,0,0.4697,0.3247,50.0,0.0,-5.0,-28.532,A,0.45,0.0,0.139,lost_target
286,25100,-7.33,100,0.0,0,0.4272,0.3521,50.0,0.0,-5.0,-32.328,A,0.451,0.0,0.14,lost_target
287,25200,-7.16,100,0.0,0,0.4321,0.3461,50.0,0.0,-5.0,-32.161,A,0.452,0.0,0.14,lost_target
288,25300,-4.42,100,0.0,0,0.3872,0.344,50.0,0.0,-5.0,-29.425,A,0.453,0.0,0.14,lost_target
289,25400,-6.9,100,0.0,0,0.4094,0.3517,50.0,0.0,-5.0,-31.896,A,0.454,0.0,0.141,lost_target
290,25500,1.11,100,0.0,0,0.5707,0.2912,50.0,0.0,-5.0,-23.894,A,0.455,0.0,0.141,lost_target
291,25600,-2.81,100,0.0,0,0.3644,0.3305,50.0,0.0,-5.0,-27.811,A,0.456,0.0,0.141,lost_target
292,25700,-4.91,100,0.0,0,0.4427,0.3267,50.0,0.0,-5.0,-29.91,A,0.457,0.0,0.142,lost_target
293,25800,-4.78,100,0.0,0,0.4652,0.3368,50.0,0.0,-5.0,-29.781,A,0.458,0.0,0.142,lost_target
294,25900,-8.02,100,0.0,0,0.4225,0.3524,50.0,0.0,-5.0,-33.019,A,0.459,0.0,0.142,lost_target
295,26000,-2.92,100,0.0,0,0.3631,0.3343,50.0,0.0,-5.0,-27.924,A,0.46,0.0,0.143,lost_target
296,26100,-7.23,100,0.0,0,0.4464,0.351,50.0,0.0,-5.0,-32.232,A,0.461,0.0,0.143,lost_target
297,26200,-12.11,100,0.0,0,0.4437,0.3799,50.0,0.0,-5.0,-37.115,A,0.462,0.0,0.144,lost_target
298,26300,-1.53,100,0.0,0,0.4231,0.3162,50.0,0.0,-5.0,-26.528,A,0.463,0.0,0.144,lost_target
299,26400,-5.49,100,0.0,0,0.3829,0.3457,50.0,0.0,-5.0,-30.488,A,0.464,0.0,0.144,lost_target
300,26500,-7.59,100,0.0,0,0.4456,0.3451,50.0,0.0,-5.0,-32.595,A,0.465,0.0,0.145,lost_target
301,26600,-6.7,100,0.0,0,0.4901,0.3424,50.0,0.0,-5.0,-31.699,A,0.466,0.0,0.145,lost_target
302,26700,-8.64,100,0.0,0,0.4764,0.3668,50.0,0.0,-5.0,-33.636,A,0.467,0.0,0.145,lost_target
303,26800,1.93,100,0.0,0,0.512,0.2896,50.0,0.0,-5.0,-23.07,A,0.468,0.0,0.146,lost_target
304,26900,-3.57,100,0.0,0,0.4356,0.3386,50.0,0.0,-5.0,-28.567,A,0.469,0.0,0.146,lost_target
305,27000,-4.53,100,0.0,0,0.3832,0.3406,50.0,0.0,-5.0,-29.533,A,0.47,0.0,0.146,lost_target
306,27100,-5.88,100,0.0,0,0.4655,0.3376,50.0,0.0,-5.0,-30.878,A,0.471,0.0,0.147,lost_target
307,27200,-3.46,100,0.0,0,0.4709,0.3267,50.0,0.0,-5.0,-28.465,A,0.472,0.0,0.147,lost_target
308,27300,-0.85,100,0.0,0,0.4173,0.3137,50.0,0.0,-5.0,-25.847,A,0.473,0.0,0.147,lost_target
309,27400,-3.37,100,0.0,0,0.532,0.3081,50.0,0.0,-5.0,-28.369,A,0.474,0.0,0.148,lost_target
310,27500,-5.52,100,0.0,0,0.4373,0.3441,50.0,0.0,-5.0,-30.519,A,0.475,0.0,0.148,lost_target
311,27600,-0.6,100,0.0,0,0.3936,0.3039,50.0,0.0,-5.0,-25.604,A,0.476,0.0,0.149,lost_target
312,27700,-6.39,100,0.0,0,0.4764,0.3396,50.0,0.0,-5.0,-31.386,A,0.477,0.0,0.149,lost_target
313,27800,-0.57,100,0.0,0,0.4311,0.3154,50.0,0.0,-5.0,-25.569,A,0.478,0.0,0.149,lost_target
314,27900,3.32,100,0.0,0,0.4892,0.2784,50.0,0.0,-5.0,-21.68,A,0.479,0.0,0.15,lost_target
315,28000,2.73,100,0.0,0,0.4171,0.295,50.0,0.0,-5.0,-22.273,A,0.48,0.0,0.15,lost_target
316,28100,-3.22,100,0.0,0,0.3959,0.3232,50.0,0.0,-5.0,-28.217,A,0.481,0.0,0.15,lost_target
317,28200,0.38,100,0.0,0,0.4385,0.3048,50.0,0.0,-5.0,-24.617,A,0.482,0.0,0.151,lost_target
318,28300,1.83,100,0.0,0,0.4037,0.3045,50.0,0.0,-5.0,-23.169,A,0.483,0.0,0.151,lost_target
319,28400,-3.05,100,0.0,0,0.4174,0.3226,50.0,0.0,-5.0,-28.046,A,0.484,0.0,0.151,lost_target
320,28500,-2.94,100,0.0,0,0.4471,0.3247,50.0,0.0,-5.0,-27.943,A,0.485,0.0,0.152,lost_target
321,28600,-2.44,100,0.0,0,0.4527,0.321,50.0,0.0,-5.0,-27.444,A,0.486,0.0,0.152,lost_target
322,28700,0.1,100,0.0,0,0.4992,0.2992,50.0,0.0,-5.0,-24.899,A,0.487,0.0,0.152,lost_target
323,28800,-1.7,100,0.0,0,0.4501,0.3206,50.0,0.0,-5.0,-26.695,A,0.488,0.0,0.153,lost_target
324,28900,4.36,100,0.0,0,0.46,0.2757,50.0,0.0,-5.0,-20.644,A,0.489,0.0,0.153,lost_target
325,29000,2.39,100,0.0,0,0.3763,0.3004,50.0,0.0,-5.0,-22.607,A,0.49,0.0,0.154,lost_target
326,29100,-1.81,100,0.0,0,0.3528,0.3251,50.0,0.0,-5.0,-26.809,A,0.491,0.0,0.154,lost_target
327,29200,-3.36,100,0.0,0,0.5177,0.3114,50.0,0.0,-5.0,-28.356,A,0.492,0.0,0.154,lost_target
328,29300,0.98,100,0.0,0,0.3304,0.3066,50.0,0.0,-5.0,-24.017,A,0.493,0.0,0.155,lost_target
329,29400,4.26,100,0.0,0,0.4949,0.2773,50.0,0.0,-5.0,-20.741,A,0.494,0.0,0.155,lost_target
330,29500,-0.73,100,0.0,0,0.4072,0.3154,50.0,0.0,-5.0,-25.729,A,0.495,0.0,0.155,lost_target
331,29600,-1.05,100,0.0,0,0.4763,0.3111,50.0,0.0,-5.0,-26.051,A,0.496,0.0,0.156,lost_target
332,29700,5.49,100,0.0,0,0.3461,0.2817,50.0,0.0,-5.0,-19.51,A,0.497,0.0,0.156,lost_target
333,29800,4.51,100,0.0,0,0.4685,0.2711,50.0,0.0,-5.0,-20.486,A,0.498,0.0,0.156,lost_target
334,29900,3.77,100,0.0,0,0.3664,0.2905,50.0,0.0,-5.0,-21.226,A,0.499,0.0,0.157,lost_target
335,30000,1.32,100,0.0,0,0.4328,0.2982,50.0,0.0,-5.0,-23.68,A,0.5,0.0,0.157,lost_target
336,30100,4.86,100,0.0,0,0.3342,0.2884,50.0,0.0,-5.0,-20.144,A,0.501,0.0,0.157,lost_target
337,30200,-2.9,100,0.0,0,0.4279,0.3287,50.0,0.0,-5.0,-27.9,A,0.502,0.0,0.158,lost_target
338,30300,7.33,100,0.0,0,0.3862,0.2581,50.0,0.0,-5.0,-17.673,A,0.503,0.0,0.158,lost_target
339,30400,4.46,100,0.0,0,0.3708,0.2874,50.0,0.0,-5.0,-20.542,A,0.504,0.0,0.159,lost_target
340,30500,3.88,100,0.0,0,0.3798,0.2914,50.0,0.0,-5.0,-21.118,A,0.505,0.0,0.159,lost_target
341,30600,6.43,100,0.0,0,0.5155,0.2551,50.0,0.0,-5.0,-18.573,A,0.506,0.0,0.159,lost_target
342,30700,5.88,100,0.0,0,0.4592,0.2603,50.0,0.0,-5.0,-19.116,A,0.507,0.0,0.16,lost_target
343,30800,3.48,100,0.0,0,0.3593,0.2965,50.0,0.0,-5.0,-21.517,A,0.508,0.0,0.16,lost_target
344,30900,5.74,100,0.0,0,0.3345,0.2785,50.0,0.0,-5.0,-19.26,A,0.509,0.0,0.16,lost_target
345,31000,-1.14,100,0.0,0,0.4158,0.3213,50.0,0.0,-5.0,-26.136,A,0.51,0.0,0.161,lost_target
346,31100,5.51,100,0.0,0,0.4487,0.2672,50.0,0.0,-5.0,-19.491,A,0.511,0.0,0.161,lost_target
347,31200,0.02,100,0.0,0,0.4313,0.307,50.0,0.0,-5.0,-24.976,A,0.512,0.0,0.161,lost_target
348,31300,3.81,100,0.0,0,0.4054,0.2824,50.0,0.0,-5.0,-21.195,A,0.513,0.0,0.162,lost_target
349,31400,3.89,100,0.0,0,0.3699,0.2934,50.0,0.0,-5.0,-21.111,A,0.514,0.0,0.162,lost_target
350,31500,1.73,100,0.0,0,0.3932,0.2947,50.0,0.0,-5.0,-23.268,A,0.515,0.0,0.162,lost_target
351,31600,5.11,100,0.0,0,0.4278,0.2721,50.0,0.0,-5.0,-19.894,A,0.516,0.0,0.163,lost_target
352,31700,4.22,100,0.0,0,0.4071,0.2845,50.0,0.0,-5.0,-20.783,A,0.517,0.0,0.163,lost_target
353,31800,7.08,100,0.0,0,0.3676,0.2603,50.0,0.0,-5.0,-17.922,A,0.518,0.0,0.164,lost_target
354,31900,1.84,100,0.0,0,0.3873,0.2991,50.0,0.0,-5.0,-23.156,A,0.519,0.0,0.164,lost_target
355,32000,1.25,100,0.0,0,0.4082,0.3093,50.0,0.0,-5.0,-23.753,A,0.52,0.0,0.164,lost_target
356,32100,3.94,100,0.0,0,0.3608,0.2834,50.0,0.0,-5.0,-21.065,A,0.521,0.0,0.165,lost_target
357,32200,2.2,100,0.0,0,0.3735,0.2967,50.0,0.0,-5.0,-22.798,A,0.522,0.0,0.165,lost_target
358,32300,0.42,100,0.0,0,0.4272,0.3094,50.0,0.0,-5.0,-24.577,A,0.523,0.0,0.165,lost_target
359,32400,8.78,100,0.0,0,0.4326,0.2469,50.0,0.0,-5.0,-16.223,A,0.524,0.0,0.166,lost_target
360,32500,4.46,100,0.0,0,0.3606,0.2859,50.0,0.0,-5.0,-20.535,A,0.525,0.0,0.166,lost_target
361,32600,3.02,100,0.0,0,0.3958,0.2967,50.0,0.0,-5.0,-21.98,A,0.526,0.0,0.166,lost_target
362,32700,0.29,100,0.0,0,0.4315,0.3116,50.0,0.0,-5.0,-24.708,A,0.527,0.0,0.167,lost_target
363,32800,7.09,100,0.0,0,0.3345,0.2607,50.0,0.0,-5.0,-17.909,A,0.528,0.0,0.167,lost_target
364,32900,2.74,100,0.0,0,0.4258,0.2883,50.0,0.0,-5.0,-22.261,A,0.529,0.0,0.167,lost_target
365,33000,-4.4,100,0.0,0,0.4001,0.3385,50.0,0.0,-5.0,-29.397,A,0.53,0.0,0.168,lost_target
366,33100,4.9,100,0.0,0,0.3084,0.2903,50.0,0.0,-5.0,-20.098,A,0.531,0.0,0.168,lost_target
367,33200,5.48,100,0.0,0,0.3705,0.2815,50.0,0.0,-5.0,-19.518,A,0.532,0.0,0.169,lost_target
368,33300,3.05,100,0.0,0,0.4785,0.2818,50.0,0.0,-5.0,-21.951,A,0.533,0.0,0.169,lost_target
369,33400,7.43,100,0.0,0,0.3892,0.2591,50.0,0.0,-5.0,-17.57,A,0.534,0.0,0.169,lost_target
370,33500,5.5,100,0.0,0,0.3727,0.2717,50.0,0.0,-5.0,-19.497,A,0.535,0.0,0.17,lost_target
371,33600,9.23,100,0.0,0,0.3221,0.2496,50.0,0.0,-5.0,-15.767,A,0.536,0.0,0.17,lost_target
372,33700,6.25,100,0.0,0,0.3336,0.2676,50.0,0.0,-5.0,-18.75,A,0.537,0.0,0.17,lost_target
373,33800,5.16,100,0.0,0,0.3277,0.2783,50.0,0.0,-5.0,-19.84,A,0.538,0.0,0.171,lost_target
374,33900,5.53,100,0.0,0,0.3317,0.2807,50.0,0.0,-5.0,-19.467,A,0.539,0.0,0.171,lost_target
375,34000,1.08,100,0.0,0,0.4381,0.303,50.0,0.0,-5.0,-23.916,A,0.54,0.0,0.171,lost_target
376,34100,7.36,100,0.0,0,0.3762,0.2616,50.0,0.0,-5.0,-17.638,A,0.541,0.0,0.172,lost_target
377,34200,2.19,100,0.0,0,0.3706,0.2998,50.0,0.0,-5.0,-22.807,A,0.542,0.0,0.172,lost_target
378,34300,7.47,100,0.0,0,0.3127,0.2575,50.0,0.0,-5.0,-17.527,A,0.543,0.0,0.172,lost_target
379,34400,6.07,100,0.0,0,0.3379,0.2765,50.0,0.0,-5.0,-18.93,A,0.544,0.0,0.173,lost_target
380,34500,8.2,100,0.0,0,0.3518,0.253,50.0,0.0,-5.0,-16.801,A,0.545,0.0,0.173,lost_target
381,34600,8.47,100,0.0,0,0.3161,0.2629,50.0,0.0,-5.0,-16.534,A,0.546,0.0,0.174,lost_target
382,34700,0.11,100,0.0,0,0.38,0.3035,50.0,0.0,-5.0,-24.891,A,0.547,0.0,0.174,lost_target
383,34800,4.81,100,0.0,0,0.3732,0.2744,50.0,0.0,-5.0,-20.193,A,0.548,0.0,0.174,lost_target
384,34900,4.93,100,0.0,0,0.3437,0.2725,50.0,0.0,-5.0,-20.073,A,0.549,0.0,0.175,lost_target
385,35000,4.71,100,0.0,0,0.3314,0.2824,50.0,0.0,-5.0,-20.288,A,0.55,0.0,0.175,lost_target
386,35100,7.87,100,0.0,0,0.3335,0.2612,50.0,0.0,-5.0,-17.126,A,0.551,0.0,0.175,lost_target
387,35200,6.98,100,0.0,0,0.4036,0.2642,50.0,0.0,-5.0,-18.023,A,0.552,0.0,0.176,lost_target
388,35300,4.37,100,0.0,0,0.3617,0.2835,50.0,0.0,-5.0,-20.629,A,0.553,0.0,0.176,lost_target
389,35400,6.2,100,0.0,0,0.3388,0.2697,50.0,0.0,-5.0,-18.798,A,0.554,0.0,0.176,lost_target
390,35500,6.47,100,0.0,0,0.328,0.2669,50.0,0.0,-5.0,-18.526,A,0.555,0.0,0.177,lost_target
391,35600,3.14,100,0.0,0,0.3843,0.29,50.0,0.0,-5.0,-21.865,A,0.556,0.0,0.177,lost_target
392,35700,4.77,100,0.0,0,0.3854,0.2785,50.0,0.0,-5.0,-20.234,A,0.557,0.0,0.177,lost_target
393,35800,3.37,100,0.0,0,0.3739,0.2881,50.0,0.0,-5.0,-21.628,A,0.558,0.0,0.178,lost_target
394,35900,8.17,100,0.0,0,0.3856,0.2473,50.0,0.0,-5.0,-16.833,A,0.559,0.0,0.178,lost_target
395,36000,6.77,100,0.0,0,0.3151,0.2744,50.0,0.0,-5.0,-18.232,A,0.56,0.0,0.179,lost_target
396,36100,2.1,100,0.0,0,0.3423,0.3031,50.0,0.0,-5.0,-22.903,A,0.561,0.0,0.179,lost_target
397,36200,6.77,100,0.0,0,0.3154,0.2672,50.0,0.0,-5.0,-18.233,A,0.562,0.0,0.179,lost_target
398,36300,10.99,100,0.0,0,0.2984,0.2377,50.0,0.0,-5.0,-14.008,A,0.563,0.0,0.18,lost_target
399,36400,9.59,100,0.0,0,0.3098,0.2466,50.0,0.0,-5.0,-15.409,A,0.564,0.0,0.18,lost_target
400,36500,8.81,100,0.0,0,0.3157,0.2578,50.0,0.0,-5.0,-16.191,A,0.565,0.0,0.18,lost_target
401,36600,2.61,100,0.0,0,0.3389,0.3021,50.0,0.0,-5.0,-22.387,A,0.566,0.0,0.181,lost_target
402,36679,17.69,79,0.0,0,0.3606,0.2992,39.5,0.0,-3.95,-17.861,A,0.567,0.0,0.181,
403,36779,8.2,100,0.0,0,0.3124,0.2597,50.0,0.0,-5.0,-16.799,A,0.568,0.0,0.181,lost_target
404,36879,5.85,100,0.0,0,0.3474,0.2751,50.0,0.0,-5.0,-19.149,A,0.569,0.0,0.182,lost_target
405,36973,22.3,94,0.0,0,0.3652,0.2763,47.0,0.0,-4.7,-19.996,A,0.57,0.0,0.182,
406,37073,-0.24,100,0.0,0,0.43,0.3076,50.0,0.0,-5.0,-25.239,A,0.571,0.0,0.182,lost_target
407,37151,22.64,78,0.0,0,0.3852,0.2439,39.0,0.0,-3.9,-12.464,A,0.572,0.0,0.183,
408,37251,0.3,100,0.0,0,0.4243,0.3058,50.0,0.0,-5.0,-24.704,A,0.573,0.0,0.183,lost_target
409,37351,5.19,100,0.0,0,0.2836,0.2843,50.0,0.0,-5.0,-19.815,A,0.574,0.0,0.183,lost_target
410,37451,-1.25,100,0.0,0,0.439,0.3119,50.0,0.0,-5.0,-26.254,A,0.575,0.0,0.184,lost_target
411,37551,-0.03,100,0.0,0,0.3934,0.3015,50.0,0.0,-5.0,-25.032,A,0.576,0.0,0.184,lost_target
412,37651,-0.95,100,0.0,0,0.3707,0.3044,50.0,0.0,-5.0,-25.955,A,0.577,0.0,0.184,lost_target
413,37751,3.78,100,0.0,0,0.3455,0.2945,50.0,0.0,-5.0,-21.219,A,0.578,0.0,0.185,lost_target
414,37851,4.49,100,0.0,0,0.3145,0.2865,50.0,0.0,-5.0,-20.509,A,0.579,0.0,0.185,lost_target
415,37951,10.92,100,0.0,0,0.3533,0.2332,50.0,0.0,-5.0,-14.078,A,0.58,0.0,0.186,lost_target
416,38051,5.37,100,0.0,0,0.4383,0.2786,50.0,0.0,-5.0,-19.627,A,0.581,0.0,0.186,lost_target
417,38151,5.71,100,0.0,0,0.299,0.2777,50.0,0.0,-5.0,-19.291,A,0.582,0.0,0.186,lost_target
418,38251,7.97,100,0.0,0,0.3538,0.2648,50.0,0.0,-5.0,-17.027,A,0.583,0.0,0.187,lost_target
419,38349,22.8,98,0.0,0,0.3729,0.29,49.0,0.0,-4.9,-21.298,A,0.583,0.0,0.187,
420,38449,7.45,100,0.0,0,0.3248,0.2644,50.0,0.0,-5.0,-17.555,A,0.584,0.0,0.187,lost_target
421,38549,5.26,100,0.0,0,0.3129,0.2829,50.0,0.0,-5.0,-19.741,A,0.585,0.0,0.188,lost_target
422,38649,3.95,100,0.0,0,0.3498,0.2805,50.0,0.0,-5.0,-21.051,A,0.586,0.0,0.188,lost_target
423,38749,-1.99,100,0.0,0,0.3744,0.3178,50.0,0.0,-5.0,-26.994,A,0.587,0.0,0.188,lost_target
424,38849,1.58,100,0.0,0,0.3558,0.2992,50.0,0.0,-5.0,-23.417,A,0.588,0.0,0.189,lost_target
425,38949,6.12,100,0.0,0,0.3119,0.2722,50.0,0.0,-5.0,-18.881,A,0.589,0.0,0.189,lost_target
426,39049,-6.29,100,0.0,0,0.4627,0.341,50.0,0.0,-5.0,-31.288,A,0.59,0.0,0.189,lost_target
427,39145,15.12,96,0.0,0,0.3955,0.3359,48.0,0.0,-4.8,-28.079,A,0.591,0.0,0.19,
428,39245,4.45,100,0.0,0,0.4124,0.2782,50.0,0.0,-5.0,-20.549,A,0.592,0.0,0.19,lost_target
429,39345,-2.44,100,0.0,0,0.396,0.3236,50.0,0.0,-5.0,-27.435,A,0.593,0.0,0.191,lost_target
430,39445,-5.65,100,0.0,0,0.3963,0.344,50.0,0.0,-5.0,-30.646,A,0.594,0.0,0.191,lost_target
431,39503,14.77,58,0.0,0,0.5353,0.259,29.0,0.0,-2.9,-11.327,A,0.595,0.0,0.191,
432,39581,16.11,78,0.0,0,0.4482,0.2961,39.0,0.0,-3.9,-18.99,A,0.596,0.0,0.191,
433,39681,4.6,100,0.0,0,0.301,0.288,50.0,0.0,-5.0,-20.401,A,0.597,0.0,0.192,lost_target
434,39746,15.4,65,0.0,0,0.6244,0.2536,32.5,0.0,-3.25,-13.85,A,0.597,0.0,0.192,
435,39846,1.32,100,0.0,0,0.3709,0.3099,50.0,0.0,-5.0,-23.678,A,0.598,0.0,0.192,lost_target
436,39946,6.54,100,0.0,0,0.3793,0.2674,50.0,0.0,-5.0,-18.461,A,0.599,0.0,0.193,lost_target
437,40100,20.46,154,0.0,0,0.2993,0.2747,77.0,0.0,-7.7,-28.839,A,0.601,0.0,0.193,lost_target
438,40200,3.95,100,0.0,0,0.3024,0.2905,50.0,0.0,-5.0,-21.05,A,0.602,0.0,0.194,lost_target
439,40274,13.97,74,0.0,0,0.5351,0.295,37.0,0.0,-3.7,-19.333,A,0.603,0.0,0.194,
440,40339,16.18,65,0.0,0,0.541,0.2583,32.5,0.0,-3.25,-13.067,A,0.603,0.0,0.194,
441,40415,21.2,76,0.0,0,0.5591,0.2319,38.0,0.0,-3.8,-12.999,A,0.604,0.0,0.194,
442,40515,1.7,100,0.0,0,0.3786,0.2943,50.0,0.0,-5.0,-23.302,A,0.605,0.0,0.195,lost_target
443,40610,15.44,95,0.0,0,0.3749,0.3363,47.5,0.0,-4.75,-27.308,A,0.606,0.0,0.195,
444,40710,1.42,100,0.0,0,0.3812,0.3074,50.0,0.0,-5.0,-23.575,A,0.607,0.0,0.195,lost_target
445,40795,11.16,85,0.0,0,0.5019,0.3288,42.5,0.0,-4.25,-27.088,A,0.608,0.0,0.196,
446,40895,-5.6,100,0.0,0,0.4058,0.3413,50.0,0.0,-5.0,-30.597,A,0.609,0.0,0.196,lost_target
447,40995,4.44,100,0.0,0,0.2728,0.2926,50.0,0.0,-5.0,-20.563,A,0.61,0.0,0.196,lost_target
448,41095,-6.79,100,0.0,0,0.395,0.3454,50.0,0.0,-5.0,-31.791,A,0.611,0.0,0.197,lost_target
449,41171,15.63,76,0.0,0,0.472,0.3042,38.0,0.0,-3.8,-18.573,A,0.612,0.0,0.197,
450,41267,12.08,96,0.0,0,0.5083,0.3268,48.0,0.0,-4.8,-31.117,A,0.613,0.0,0.197,
451,41345,14.48,78,0.0,0,0.5259,0.3055,39.0,0.0,-3.9,-20.616,A,0.613,0.0,0.198,
452,41425,13.15,80,0.0,0,0.4882,0.3273,40.0,0.0,-4.0,-22.851,A,0.614,0.0,0.198,
453,41510,16.98,85,0.0,0,0.5596,0.2925,42.5,0.0,-4.25,-21.268,A,0.615,0.0,0.198,
454,41578,16.19,68,0.0,0,0.571,0.273,34.0,0.0,-3.4,-14.415,A,0.616,0.0,0.198,
455,41605,8.66,27,0.0,0,0.7447,0.1861,13.5,0.0,-1.35,-3.489,A,0.616,0.0,0.199,
456,41683,16.77,78,0.0,0,0.3788,0.3042,39.0,0.0,-3.9,-18.325,A,0.617,0.0,0.199,
457,41783,-3.68,100,0.0,0,0.3881,0.3349,50.0,0.0,-5.0,-28.678,A,0.618,0.0,0.199,lost_target
458,41847,10.53,64,0.0,0,0.5852,0.3021,32.0,0.0,-3.2,-18.27,A,0.618,0.0,0.199,
459,41893,13.72,46,0.0,0,0.709,0.2023,23.0,0.0,-2.3,-6.98,A,0.619,0.0,0.2,
460,41993,4.99,100,0.0,0,0.3632,0.2825,50.0,0.0,-5.0,-20.007,A,0.62,0.0,0.2,lost_target
461,42068,10.76,75,0.0,0,0.5498,0.3278,37.5,0.0,-3.75,-22.995,A,0.621,0.0,0.2,
462,42168,-2.03,100,0.0,0,0.3556,0.3314,50.0,0.0,-5.0,-27.025,A,0.622,0.0,0.201,lost_target
463,42247,17.18,79,0.0,0,0.5676,0.2807,39.5,0.0,-3.95,-18.366,A,0.622,0.0,0.201,
464,42314,16.8,67,0.0,0,0.6665,0.2438,33.5,0.0,-3.35,-13.349,A,0.623,0.0,0.201,
465,42389,13.84,75,0.0,0,0.5836,0.2973,37.5,0.0,-3.75,-19.905,A,0.624,0.0,0.201,
466,42473,14.86,84,0.0,0,0.5504,0.305,42.0,0.0,-4.2,-22.936,A,0.625,0.0,0.202,
467,42515,10.26,42,0.0,0,0.6807,0.2334,21.0,0.0,-2.1,-8.641,A,0.625,0.0,0.202,
468,42556,8.77,41,0.0,0,0.7097,0.2567,20.5,0.0,-2.05,-9.684,A,0.626,0.0,0.202,
469,42634,10.92,78,0.0,0,0.5738,0.315,39.0,0.0,-3.9,-24.181,A,0.626,0.0,0.202,
470,42705,16.53,71,0.0,0,0.6615,0.2449,35.5,0.0,-3.55,-15.419,A,0.627,0.0,0.203,
471,42779,2.86,74,0.0,0,0.5549,0.3764,37.0,0.0,-3.7,-30.441,A,0.628,0.0,0.203,
472,42808,4.19,29,0.0,0,0.6666,0.2994,14.5,0.0,-1.45,-8.86,A,0.628,0.0,0.203,
473,42908,-3.31,100,0.0,0,0.4459,0.3146,50.0,0.0,-5.0,-28.305,A,0.629,0.0,0.203,lost_target
474,42980,2.66,72,0.0,0,0.5557,0.3887,36.0,0.0,-3.6,-29.738,A,0.63,0.0,0.203,
475,43066,11.63,86,0.0,0,0.5058,0.3394,43.0,0.0,-4.3,-27.07,A,0.631,0.0,0.204,
476,43099,8.18,33,0.0,0,0.6773,0.2292,16.5,0.0,-1.65,-6.672,A,0.631,0.0,0.204,
477,43199,-5.96,100,0.0,0,0.4605,0.3343,50.0,0.0,-5.0,-30.961,A,0.632,0.0,0.204,lost_target
478,43275,11.73,76,0.0,0,0.6457,0.3055,38.0,0.0,-3.8,-22.473,A,0.633,0.0,0.205,
479,43352,8.59,77,0.0,0,0.6245,0.3294,38.5,0.0,-3.85,-26.065,A,0.634,0.0,0.205,
480,43382,3.88,30,0.0,0,0.7144,0.2801,15.0,0.0,-1.5,-9.618,A,0.634,0.0,0.205,
481,43473,15.45,91,0.0,0,0.6741,0.2851,45.5,0.0,-4.55,-25.498,A,0.635,0.0,0.205,
482,43554,7.92,81,0.0,0,0.6256,0.3343,40.5,0.0,-4.05,-28.529,A,0.636,0.0,0.206,
483,43589,7.23,35,0.0,0,0.708,0.2492,17.5,0.0,-1.75,-8.516,A,0.636,0.0,0.206,
484,43668,12.64,79,0.0,0,0.5887,0.314,39.5,0.0,-3.95,-22.909,A,0.637,0.0,0.206,
485,43744,13.1,76,0.0,0,0.6158,0.2954,38.0,0.0,-3.8,-21.098,A,0.637,0.0,0.206,
486,43820,7.4,76,0.0,0,0.6159,0.3335,38.0,0.0,-3.8,-26.802,A,0.638,0.0,0.206,
487,43904,12.02,84,0.0,0,0.6448,0.3064,42.0,0.0,-4.2,-25.776,A,0.639,0.0,0.207,
488,43980,9.87,76,0.0,0,0.658,0.3158,38.0,0.0,-3.8,-24.331,A,0.64,0.0,0.207,
489,44065,2.62,85,0.0,0,0.5436,0.3788,42.5,0.0,-4.25,-35.629,A,0.641,0.0,0.207,
490,44115,4.69,50,0.0,0,0.6337,0.3476,25.0,0.0,-2.5,-17.814,A,0.641,0.0,0.208,
491,44205,23.77,90,0.0,0,0.7332,0.2074,45.0,0.0,-4.5,-16.732,A,0.642,0.0,0.208,
492,44249,7.19,44,0.0,0,0.6779,0.2905,22.0,0.0,-2.2,-12.612,A,0.642,0.0,0.208,
493,44336,6.24,87,0.0,0,0.602,0.3548,43.5,0.0,-4.35,-32.911,A,0.643,0.0,0.208,
494,44397,3.61,61,0.0,0,0.4922,0.3955,30.5,0.0,-3.05,-23.844,A,0.644,0.0,0.209,
495,44482,2.19,85,0.0,0,0.5622,0.3896,42.5,0.0,-4.25,-36.056,A,0.645,0.0,0.209,
496,44545,0.24,63,0.0,0,0.4918,0.418,31.5,0.0,-3.15,-28.107,A,0.645,0.0,0.209,
497,44624,-1.94,79,0.0,0,0.5133,0.4221,39.5,0.0,-3.95,-37.489,A,0.646,0.0,0.209,
498,44684,0.97,60,0.0,0,0.5005,0.4101,30.0,0.0,-3.0,-26.034,A,0.647,0.0,0.21,
499,44749,2.92,65,0.0,0,0.5497,0.3739,32.5,0.0,-3.25,-26.326,A,0.647,0.0,0.21,
500,44825,17.11,76,0.0,0,0.7037,0.2494,38.0,0.0,-3.8,-17.094,A,0.648,0.0,0.21,
501,44911,-0.7,86,0.0,0,0.5271,0.4111,43.0,0.0,-4.3,-39.4,A,0.649,0.0,0.21,
502,44992,10.0,81,0.0,0,0.5924,0.3343,40.5,0.0,-4.05,-26.446,A,0.65,0.0,0.211,
503,45059,0.06,67,0.0,0,0.5346,0.3933,33.5,0.0,-3.35,-30.091,A,0.651,0.0,0.211,
504,45129,-1.65,70,0.0,0,0.4593,0.4297,35.0,0.0,-3.5,-33.145,A,0.651,0.0,0.211,
505,45211,5.06,82,0.0,0,0.5895,0.3551,41.0,0.0,-4.1,-31.839,A,0.652,0.0,0.211,
506,45283,4.86,72,0.0,0,0.5071,0.3684,36.0,0.0,-3.6,-27.544,A,0.653,0.0,0.212,
507,45377,-8.14,94,0.0,0,0.5298,0.4399,47.0,0.0,-4.7,-50.445,A,0.654,0.0,0.212,
508,45461,7.59,84,0.0,0,0.6021,0.3392,42.0,0.0,-4.2,-30.214,A,0.655,0.0,0.212,
509,45561,-24.62,100,0.0,0,0.5414,0.4279,50.0,0.0,-5.0,-49.618,A,0.656,0.0,0.213,lost_target
510,45635,3.51,74,0.0,0,0.5573,0.381,37.0,0.0,-3.7,-29.791,A,0.656,0.0,0.213,
511,45722,1.3,87,0.0,0,0.5792,0.3714,43.5,0.0,-4.35,-37.846,A,0.657,0.0,0.213,
512,45814,-0.26,92,0.0,0,0.5482,0.4026,46.0,0.0,-4.6,-41.661,A,0.658,0.0,0.214,
513,45907,9.68,93,0.0,0,0.5043,0.3538,46.5,0.0,-4.65,-32.169,A,0.659,0.0,0.214,
514,45979,2.43,72,0.0,0,0.4748,0.3872,36.0,0.0,-3.6,-29.975,A,0.66,0.0,0.214,
515,46063,-1.88,84,0.0,0,0.5226,0.4181,42.0,0.0,-4.2,-39.677,A,0.661,0.0,0.215,
516,46135,1.15,72,0.0,0,0.5269,0.4004,36.0,0.0,-3.6,-31.245,A,0.661,0.0,0.215,
517,46225,1.95,90,0.0,0,0.5628,0.3842,45.0,0.0,-4.5,-38.545,A,0.662,0.0,0.215,
518,46325,-15.91,100,0.0,0,0.5007,0.3929,50.0,0.0,-5.0,-40.91,A,0.663,0.0,0.215,lost_target
519,46392,4.63,67,0.0,0,0.4985,0.3881,33.5,0.0,-3.35,-25.519,A,0.664,0.0,0.216,
520,46469,9.12,77,0.0,0,0.5489,0.3413,38.5,0.0,-3.85,-25.528,A,0.665,0.0,0.216,
521,46550,-0.12,81,0.0,0,0.5661,0.4048,40.5,0.0,-4.05,-36.574,A,0.665,0.0,0.216,
522,46633,1.39,83,0.0,0,0.5671,0.3983,41.5,0.0,-4.15,-35.959,A,0.666,0.0,0.217,
523,46723,2.19,90,0.0,0,0.5739,0.376,45.0,0.0,-4.5,-38.312,A,0.667,0.0,0.217,
524,46803,4.2,80,0.0,0,0.5352,0.3808,40.0,0.0,-4.0,-31.799,A,0.668,0.0,0.217,
525,46901,5.28,98,0.0,0,0.5106,0.3846,49.0,0.0,-4.9,-38.819,A,0.669,0.0,0.218,
526,47001,-29.16,100,0.0,0,0.5355,0.4359,50.0,0.0,-5.0,-54.16,A,0.67,0.0,0.218,lost_target
527,47101,-17.93,100,0.0,0,0.4907,0.4068,50.0,0.0,-5.0,-42.935,A,0.671,0.0,0.218,lost_target
528,47201,-17.42,100,0.0,0,0.4417,0.3985,50.0,0.0,-5.0,-42.416,A,0.672,0.0,0.219,lost_target
529,47282,-8.26,81,0.0,0,0.5724,0.4409,40.5,0.0,-4.05,-44.714,A,0.673,0.0,0.219,
530,47369,-0.42,87,0.0,0,0.459,0.4145,43.5,0.0,-4.35,-39.571,A,0.674,0.0,0.219,
531,47469,-7.6,100,0.0,0,0.5166,0.3494,50.0,0.0,-5.0,-32.6,A,0.675,0.0,0.22,lost_target
532,47557,-2.34,88,0.0,0,0.5383,0.4234,44.0,0.0,-4.4,-41.94,A,0.676,0.0,0.22,
533,47657,-19.5,100,0.0,0,0.5273,0.3923,50.0,0.0,-5.0,-44.504,A,0.677,0.0,0.22,lost_target
534,47757,-19.64,100,0.0,0,0.462,0.4163,50.0,0.0,-5.0,-44.636,A,0.678,0.0,0.221,lost_target
535,47857,-17.41,100,0.0,0,0.4779,0.3977,50.0,0.0,-5.0,-42.412,A,0.679,0.0,0.221,lost_target
536,47955,6.88,98,0.0,0,0.5381,0.3649,49.0,0.0,-4.9,-37.225,A,0.68,0.0,0.221,
537,48039,6.64,84,0.0,0,0.5148,0.3669,42.0,0.0,-4.2,-31.162,A,0.68,0.0,0.222,
538,48139,-18.11,100,0.0,0,0.5134,0.3864,50.0,0.0,-5.0,-43.114,A,0.681,0.0,0.222,lost_target
539,48219,1.28,80,0.0,0,0.5019,0.4058,40.0,0.0,-4.0,-34.715,A,0.682,0.0,0.222,
540,48319,-21.09,100,0.0,0,0.45,0.4237,50.0,0.0,-5.0,-46.093,A,0.683,0.0,0.223,lost_target
541,48419,-19.42,100,0.0,0,0.4797,0.4152,50.0,0.0,-5.0,-44.418,A,0.684,0.0,0.223,lost_target
542,48516,-4.4,97,0.0,0,0.4563,0.436,48.5,0.0,-4.85,-48.051,A,0.685,0.0,0.223,
543,48585,3.61,69,0.0,0,0.5577,0.3822,34.5,0.0,-3.45,-27.442,A,0.686,0.0,0.224,
544,48655,0.6,70,0.0,0,0.5728,0.3965,35.0,0.0,-3.5,-30.903,A,0.687,0.0,0.224,
545,48755,-17.88,100,0.0,0,0.5137,0.3882,50.0,0.0,-5.0,-42.883,A,0.688,0.0,0.224,lost_target
546,48855,-18.69,100,0.0,0,0.4957,0.3946,50.0,0.0,-5.0,-43.694,A,0.689,0.0,0.224,lost_target
547,48955,-19.17,100,0.0,0,0.4693,0.4126,50.0,0.0,-5.0,-44.169,A,0.69,0.0,0.225,lost_target
548,49022,-3.12,67,0.0,0,0.4957,0.4267,33.5,0.0,-3.35,-33.274,A,0.69,0.0,0.225,
549,49122,-17.55,100,0.0,0,0.416,0.4107,50.0,0.0,-5.0,-42.549,A,0.691,0.0,0.225,lost_target
550,49210,-3.76,88,0.0,0,0.496,0.4376,44.0,0.0,-4.4,-43.36,A,0.692,0.0,0.226,
551,49289,-2.69,79,0.0,0,0.4725,0.4359,39.5,0.0,-3.95,-38.239,A,0.693,0.0,0.226,
552,49389,-19.86,100,0.0,0,0.4398,0.4276,50.0,0.0,-5.0,-44.859,A,0.694,0.0,0.226,lost_target
553,49489,-14.37,100,0.0,0,0.4104,0.3872,50.0,0.0,-5.0,-39.368,A,0.695,0.0,0.227,lost_target
554,49566,11.61,77,0.0,0,0.5177,0.3325,38.5,0.0,-3.85,-23.041,A,0.696,0.0,0.227,
555,49643,-0.48,77,0.0,0,0.5098,0.4196,38.5,0.0,-3.85,-35.131,A,0.696,0.0,0.227,
556,49714,2.16,71,0.0,0,0.4676,0.3993,35.5,0.0,-3.55,-29.785,A,0.697,0.0,0.228,
557,49784,-2.53,70,0.0,0,0.5433,0.4179,35.0,0.0,-3.5,-34.032,A,0.698,0.0,0.228,
558,49863,1.5,79,0.0,0,0.4867,0.4112,39.5,0.0,-3.95,-34.049,A,0.699,0.0,0.228,
559,49948,-2.52,85,0.0,0,0.4394,0.4264,42.5,0.0,-4.25,-40.77,A,0.699,0.0,0.228,
560,50100,-20.97,152,0.0,0,0.4089,0.4236,76.0,0.0,-7.6,-69.369,A,0.701,0.0,0.229,lost_target
561,50195,1.62,95,0.0,0,0.4875,0.4034,47.5,0.0,-4.75,-41.128,A,0.702,0.0,0.229,
562,50295,-15.34,100,0.0,0,0.3976,0.3962,50.0,0.0,-5.0,-40.339,A,0.703,0.0,0.23,lost_target
563,50358,6.26,63,0.0,0,0.5405,0.3606,31.5,0.0,-3.15,-22.089,A,0.704,0.0,0.23,
564,50438,7.19,80,0.0,0,0.5036,0.365,40.0,0.0,-4.0,-28.813,A,0.704,0.0,0.23,
565,50509,4.54,71,0.0,0,0.5131,0.363,35.5,0.0,-3.55,-27.405,A,0.705,0.0,0.23,
566,50609,-23.77,100,0.0,0,0.4402,0.4398,50.0,0.0,-5.0,-48.772,A,0.706,0.0,0.231,lost_target
567,50709,-17.11,100,0.0,0,0.3943,0.4109,50.0,0.0,-5.0,-42.106,A,0.707,0.0,0.231,lost_target
568,50809,-18.92,100,0.0,0,0.4502,0.4089,50.0,0.0,-5.0,-43.922,A,0.708,0.0,0.231,lost_target
569,50903,1.08,94,0.0,0,0.4444,0.4056,47.0,0.0,-4.7,-41.221,A,0.709,0.0,0.232,
570,51003,-28.56,100,0.0,0,0.4598,0.4553,50.0,0.0,-5.0,-53.563,A,0.71,0.0,0.232,lost_target
571,51103,-12.36,100,0.0,0,0.3253,0.3947,50.0,0.0,-5.0,-37.359,A,0.711,0.0,0.233,lost_target
572,51203,-10.08,100,0.0,0,0.3725,0.374,50.0,0.0,-5.0,-35.084,A,0.712,0.0,0.233,lost_target
573,51303,-23.27,100,0.0,0,0.4319,0.4371,50.0,0.0,-5.0,-48.268,A,0.713,0.0,0.233,lost_target
574,51375,6.53,72,0.0,0,0.4879,0.3676,36.0,0.0,-3.6,-25.875,A,0.714,0.0,0.233,
575,51475,-9.29,100,0.0,0,0.3894,0.3694,50.0,0.0,-5.0,-34.29,A,0.715,0.0,0.234,lost_target
576,51575,-34.28,100,0.0,0,0.4587,0.4824,50.0,0.0,-5.0,-59.275,A,0.716,0.0,0.234,lost_target
577,51644,6.12,69,0.0,0,0.4958,0.3634,34.5,0.0,-3.45,-24.929,A,0.716,0.0,0.234,
578,51720,5.36,76,0.0,0,0.5174,0.3581,38.0,0.0,-3.8,-28.839,A,0.717,0.0,0.235,
579,51820,-15.62,100,0.0,0,0.4656,0.3862,50.0,0.0,-5.0,-40.622,A,0.718,0.0,0.235,lost_target
580,51920,-11.28,100,0.0,0,0.4313,0.3761,50.0,0.0,-5.0,-36.282,A,0.719,0.0,0.235,lost_target
581,52020,-18.2,100,0.0,0,0.4897,0.4078,50.0,0.0,-5.0,-43.2,A,0.72,0.0,0.236,lost_target
582,52120,-19.16,100,0.0,0,0.4411,0.395,50.0,0.0,-5.0,-44.162,A,0.721,0.0,0.236,lost_target
583,52220,-24.12,100,0.0,0,0.4129,0.4499,50.0,0.0,-5.0,-49.116,A,0.722,0.0,0.236,lost_target
584,52294,13.33,74,0.0,0,0.5989,0.2808,37.0,0.0,-3.7,-19.972,A,0.723,0.0,0.237,
585,52393,3.51,99,0.0,0,0.4943,0.3996,49.5,0.0,-4.95,-41.039,A,0.724,0.0,0.237,
586,52493,-24.72,100,0.0,0,0.4913,0.4262,50.0,0.0,-5.0,-49.719,A,0.725,0.0,0.237,lost_target
587,52593,-2.69,100,0.0,0,0.3062,0.3302,50.0,0.0,-5.0,-27.689,A,0.726,0.0,0.238,lost_target
588,52693,-15.19,100,0.0,0,0.4317,0.3863,50.0,0.0,-5.0,-40.188,A,0.727,0.0,0.238,lost_target
589,52784,5.0,91,0.0,0,0.5242,0.3735,45.5,0.0,-4.55,-35.951,A,0.728,0.0,0.239,
590,52884,-7.61,100,0.0,0,0.398,0.3583,50.0,0.0,-5.0,-32.611,A,0.729,0.0,0.239,lost_target
591,52970,9.89,86,0.0,0,0.5423,0.3384,43.0,0.0,-4.3,-28.813,A,0.73,0.0,0.239,
592,53046,6.78,76,0.0,0,0.5066,0.3581,38.0,0.0,-3.8,-27.422,A,0.73,0.0,0.239,
593,53146,-9.77,100,0.0,0,0.3528,0.3772,50.0,0.0,-5.0,-34.774,A,0.731,0.0,0.24,lost_target
594,53245,7.42,99,0.0,0,0.4917,0.3615,49.5,0.0,-4.95,-37.131,A,0.732,0.0,0.24,
595,53345,-11.15,100,0.0,0,0.4166,0.3637,50.0,0.0,-5.0,-36.149,A,0.733,0.0,0.241,lost_target
596,53435,6.55,90,0.0,0,0.5183,0.373,45.0,0.0,-4.5,-33.946,A,0.734,0.0,0.241,
597,53535,-13.68,100,0.0,0,0.3602,0.3933,50.0,0.0,-5.0,-38.68,A,0.735,0.0,0.241,lost_target
598,53635,-6.03,100,0.0,0,0.3464,0.3471,50.0,0.0,-5.0,-31.031,A,0.736,0.0,0.242,lost_target
599,53735,-3.59,100,0.0,0,0.302,0.3419,50.0,0.0,-5.0,-28.591,A,0.737,0.0,0.242,lost_target
600,53823,8.89,88,0.0,0,0.5013,0.3578,44.0,0.0,-4.4,-30.711,A,0.738,0.0,0.242,
601,53923,-5.7,100,0.0,0,0.3471,0.3599,50.0,0.0,-5.0,-30.702,A,0.739,0.0,0.243,lost_target
602,54023,-2.41,100,0.0,0,0.312,0.3289,50.0,0.0,-5.0,-27.408,A,0.74,0.0,0.243,lost_target
603,54123,2.61,100,0.0,0,0.2805,0.3016,50.0,0.0,-5.0,-22.386,A,0.741,0.0,0.243,lost_target
604,54223,-2.2,100,0.0,0,0.4002,0.3266,50.0,0.0,-5.0,-27.197,A,0.742,0.0,0.244,lost_target
605,54323,0.75,100,0.0,0,0.3096,0.3006,50.0,0.0,-5.0,-24.252,A,0.743,0.0,0.244,lost_target
606,54423,-13.9,100,0.0,0,0.4468,0.3824,50.0,0.0,-5.0,-38.901,A,0.744,0.0,0.244,lost_target
607,54523,-9.91,100,0.0,0,0.3609,0.3795,50.0,0.0,-5.0,-34.906,A,0.745,0.0,0.245,lost_target
608,54623,0.55,100,0.0,0,0.2899,0.3101,50.0,0.0,-5.0,-24.448,A,0.746,0.0,0.245,lost_target
609,54723,-1.41,100,0.0,0,0.3027,0.3242,50.0,0.0,-5.0,-26.412,A,0.747,0.0,0.245,lost_target
610,54823,-4.22,100,0.0,0,0.3076,0.3499,50.0,0.0,-5.0,-29.218,A,0.748,0.0,0.246,lost_target
611,54916,9.66,93,0.0,0,0.4672,0.3587,46.5,0.0,-4.65,-32.193,A,0.749,0.0,0.246,
612,55016,-0.98,100,0.0,0,0.3505,0.3236,50.0,0.0,-5.0,-25.977,A,0.75,0.0,0.246,lost_target
613,55116,-4.07,100,0.0,0,0.3913,0.3347,50.0,0.0,-5.0,-29.067,A,0.751,0.0,0.247,lost_target
614,55216,-4.57,100,0.0,0,0.3435,0.3422,50.0,0.0,-5.0,-29.567,A,0.752,0.0,0.247,lost_target
615,55316,1.74,100,0.0,0,0.3135,0.2967,50.0,0.0,-5.0,-23.256,A,0.753,0.0,0.248,lost_target
616,55416,-5.56,100,0.0,0,0.4032,0.3448,50.0,0.0,-5.0,-30.561,A,0.754,0.0,0.248,lost_target
617,55516,-2.17,100,0.0,0,0.3362,0.3265,50.0,0.0,-5.0,-27.174,A,0.755,0.0,0.248,lost_target
618,55616,-5.23,100,0.0,0,0.3511,0.3501,50.0,0.0,-5.0,-30.233,A,0.756,0.0,0.249,lost_target
619,55716,1.1,100,0.0,0,0.2971,0.3061,50.0,0.0,-5.0,-23.9,A,0.757,0.0,0.249,lost_target
620,55816,-2.6,100,0.0,0,0.2987,0.3389,50.0,0.0,-5.0,-27.604,A,0.758,0.0,0.249,lost_target
621,55916,-4.28,100,0.0,0,0.3167,0.3384,50.0,0.0,-5.0,-29.284,A,0.759,0.0,0.25,lost_target
622,56016,1.13,100,0.0,0,0.3268,0.312,50.0,0.0,-5.0,-23.867,A,0.76,0.0,0.25,lost_target
623,56116,-10.12,100,0.0,0,0.4856,0.3531,50.0,0.0,-5.0,-35.124,A,0.761,0.0,0.25,lost_target
624,56216,1.85,100,0.0,0,0.3255,0.2931,50.0,0.0,-5.0,-23.149,A,0.762,0.0,0.251,lost_target
625,56316,-1.2,100,0.0,0,0.3375,0.3299,50.0,0.0,-5.0,-26.202,A,0.763,0.0,0.251,lost_target
626,56416,-11.95,100,0.0,0,0.4078,0.379,50.0,0.0,-5.0,-36.954,A,0.764,0.0,0.251,lost_target
627,56516,-7.93,100,0.0,0,0.331,0.3698,50.0,0.0,-5.0,-32.935,A,0.765,0.0,0.252,lost_target
628,56616,-6.95,100,0.0,0,0.4557,0.353,50.0,0.0,-5.0,-31.953,A,0.766,0.0,0.252,lost_target
629,56716,-4.74,100,0.0,0,0.3363,0.3449,50.0,0.0,-5.0,-29.738,A,0.767,0.0,0.253,lost_target
630,56816,-1.48,100,0.0,0,0.3217,0.3256,50.0,0.0,-5.0,-26.479,A,0.768,0.0,0.253,lost_target
631,56916,-7.7,100,0.0,0,0.3653,0.3651,50.0,0.0,-5.0,-32.697,A,0.769,0.0,0.3,lost_target
632,57016,0.81,100,0.0,0,0.3407,0.3053,50.0,0.0,-5.0,-24.192,A,0.77,0.0,0.254,lost_target
633,57116,-4.5,100,0.0,0,0.4553,0.3333,50.0,0.0,-5.0,-29.502,A,0.771,0.0,0.254,lost_target
634,57204,10.27,88,0.0,0,0.5068,0.3471,44.0,0.0,-4.4,-29.325,A,0.772,0.0,0.254,
635,57304,0.84,100,0.0,0,0.2788,0.3125,50.0,0.0,-5.0,-24.156,A,0.773,0.0,0.255,lost_target
636,57404,0.84,100,0.0,0,0.2878,0.3104,50.0,0.0,-5.0,-24.162,A,0.774,0.0,0.255,lost_target
637,57504,-10.53,100,0.0,0,0.3849,0.3724,50.0,0.0,-5.0,-35.532,A,0.775,0.0,0.255,lost_target
638,57604,4.34,100,0.0,0,0.2756,0.2902,50.0,0.0,-5.0,-20.661,A,0.776,0.0,0.256,lost_target
639,57704,-3.15,100,0.0,0,0.3001,0.3371,50.0,0.0,-5.0,-28.153,A,0.777,0.0,0.256,lost_target
640,57804,2.8,100,0.0,0,0.2739,0.299,50.0,0.0,-5.0,-22.197,A,0.778,0.0,0.256,lost_target
641,57904,-7.63,100,0.0,0,0.4572,0.3488,50.0,0.0,-5.0,-32.634,A,0.779,0.0,0.257,lost_target
642,58004,0.19,100,0.0,0,0.2895,0.3186,50.0,0.0,-5.0,-24.81,A,0.78,0.0,0.3,lost_target
643,58104,-5.27,100,0.0,0,0.3406,0.3526,50.0,0.0,-5.0,-30.269,A,0.781,0.0,0.258,lost_target
644,58204,-5.95,100,0.0,0,0.3009,0.3539,50.0,0.0,-5.0,-30.95,A,0.782,0.0,0.258,lost_target
645,58304,4.39,100,0.0,0,0.2609,0.2831,50.0,0.0,-5.0,-20.612,A,0.783,0.0,0.258,lost_target
646,58404,-0.21,100,0.0,0,0.4099,0.3188,50.0,0.0,-5.0,-25.212,A,0.784,0.0,0.259,lost_target
647,58504,-2.3,100,0.0,0,0.3018,0.3347,50.0,0.0,-5.0,-27.302,A,0.785,0.0,0.259,lost_target
648,58604,-4.52,100,0.0,0,0.349,0.3378,50.0,0.0,-5.0,-29.525,A,0.786,0.0,0.259,lost_target
649,58704,-6.49,100,0.0,0,0.3437,0.3539,50.0,0.0,-5.0,-31.486,A,0.787,0.0,0.26,lost_target
650,58804,-2.4,100,0.0,0,0.3556,0.3246,50.0,0.0,-5.0,-27.397,A,0.788,0.0,0.26,lost_target
651,58904,-15.89,100,0.0,0,0.4785,0.375,50.0,0.0,-5.0,-40.887,A,0.789,0.0,0.26,lost_target
652,59004,-0.62,100,0.0,0,0.3671,0.3186,50.0,0.0,-5.0,-25.617,A,0.79,0.0,0.261,lost_target
653,59104,1.26,100,0.0,0,0.2963,0.3053,50.0,0.0,-5.0,-23.741,A,0.791,0.0,0.261,lost_target
654,59204,-3.56,100,0.0,0,0.311,0.3417,50.0,0.0,-5.0,-28.558,A,0.792,0.0,0.261,lost_target
655,59304,4.23,100,0.0,0,0.2763,0.2901,50.0,0.0,-5.0,-20.767,A,0.793,0.0,0.262,lost_target
656,59404,-16.01,100,0.0,0,0.4027,0.3982,50.0,0.0,-5.0,-41.006,A,0.794,0.0,0.262,lost_target
657,59495,12.4,91,0.0,0,0.4812,0.3387,45.5,0.0,-4.55,-28.555,A,0.795,0.0,0.262,
658,59595,-8.55,100,0.0,0,0.3888,0.3681,50.0,0.0,-5.0,-33.549,A,0.796,0.0,0.3,lost_target
659,59688,12.83,93,0.0,0,0.4319,0.3415,46.5,0.0,-4.65,-29.025,A,0.797,0.0,0.263,
660,59788,-0.06,100,0.0,0,0.3653,0.3089,50.0,0.0,-5.0,-25.058,A,0.798,0.0,0.264,lost_target
661,59888,3.43,100,0.0,0,0.2523,0.2995,50.0,0.0,-5.0,-21.567,A,0.799,0.0,0.264,lost_target
662,59988,-6.32,100,0.0,0,0.3564,0.3511,50.0,0.0,-5.0,-31.32,A,0.8,0.0,0.264,lost_target
663,60100,6.92,112,0.0,0,0.2656,0.2937,56.0,0.0,-5.6,-23.484,A,0.801,0.0,0.265,lost_target
664,60200,2.2,100,0.0,0,0.331,0.3065,50.0,0.0,-5.0,-22.801,A,0.802,0.0,0.265,lost_target
665,60300,-4.02,100,0.0,0,0.3956,0.3278,50.0,0.0,-5.0,-29.023,A,0.803,0.0,0.265,lost_target
666,60400,-1.18,100,0.0,0,0.316,0.3309,50.0,0.0,-5.0,-26.182,A,0.804,0.0,0.266,lost_target
667,60500,-4.24,100,0.0,0,0.4141,0.3261,50.0,0.0,-5.0,-29.243,A,0.805,0.0,0.266,lost_target
668,60600,3.34,100,0.0,0,0.2819,0.3003,50.0,0.0,-5.0,-21.656,A,0.806,0.0,0.3,lost_target
669,60700,-0.91,100,0.0,0,0.3172,0.3319,50.0,0.0,-5.0,-25.913,A,0.807,0.0,0.267,lost_target
670,60800,0.59,100,0.0,0,0.3351,0.3058,50.0,0.0,-5.0,-24.408,A,0.808,0.0,0.267,lost_target
671,60900,5.37,100,0.0,0,0.2478,0.2836,50.0,0.0,-5.0,-19.629,A,0.809,0.0,0.3,lost_target
672,61000,-2.02,100,0.0,0,0.2821,0.3315,50.0,0.0,-5.0,-27.019,A,0.81,0.0,0.3,lost_target
673,61100,-0.84,100,0.0,0,0.2827,0.3291,50.0,0.0,-5.0,-25.835,A,0.811,0.0,0.3,lost_target
674,61200,-0.95,100,0.0,0,0.3147,0.323,50.0,0.0,-5.0,-25.952,A,0.812,0.0,0.269,lost_target
675,61296,15.32,96,0.0,0,0.3942,0.3341,48.0,0.0,-4.8,-27.877,A,0.813,0.0,0.269,
676,61396,-2.82,100,0.0,0,0.306,0.3285,50.0,0.0,-5.0,-27.824,A,0.814,0.0,0.269,lost_target
677,61496,0.36,100,0.0,0,0.2934,0.3152,50.0,0.0,-5.0,-24.645,A,0.815,0.0,0.3,lost_target
678,61596,-0.3,100,0.0,0,0.3009,0.3154,50.0,0.0,-5.0,-25.299,A,0.816,0.0,0.27,lost_target
679,61696,-0.51,100,0.0,0,0.316,0.3209,50.0,0.0,-5.0,-25.507,A,0.817,0.0,0.27,lost_target
680,61796,1.15,100,0.0,0,0.3069,0.3155,50.0,0.0,-5.0,-23.852,A,0.818,0.0,0.271,lost_target
681,61896,5.1,100,0.0,0,0.2485,0.2854,50.0,0.0,-5.0,-19.903,A,0.819,0.0,0.3,lost_target
682,61996,4.32,100,0.0,0,0.4409,0.2785,50.0,0.0,-5.0,-20.681,A,0.82,0.0,0.3,lost_target
683,62096,4.14,100,0.0,0,0.2436,0.2895,50.0,0.0,-5.0,-20.855,A,0.821,0.0,0.3,lost_target
684,62196,-2.19,100,0.0,0,0.3545,0.3348,50.0,0.0,-5.0,-27.187,A,0.822,0.0,0.3,lost_target
685,62296,1.33,100,0.0,0,0.3147,0.3052,50.0,0.0,-5.0,-23.667,A,0.823,0.0,0.3,lost_target
686,62396,-2.23,100,0.0,0,0.384,0.3247,50.0,0.0,-5.0,-27.229,A,0.824,0.0,0.3,lost_target
687,62496,-6.35,100,0.0,0,0.3797,0.345,50.0,0.0,-5.0,-31.349,A,0.825,0.0,0.273,lost_target
688,62596,0.49,100,0.0,0,0.3356,0.3093,50.0,0.0,-5.0,-24.506,A,0.826,0.0,0.274,lost_target
689,62696,5.33,100,0.0,0,0.2618,0.2792,50.0,0.0,-5.0,-19.667,A,0.827,0.0,0.274,lost_target
690,62796,-6.89,100,0.0,0,0.3719,0.3559,50.0,0.0,-5.0,-31.895,A,0.828,0.0,0.3,lost_target
691,62896,0.21,100,0.0,0,0.3129,0.313,50.0,0.0,-5.0,-24.786,A,0.829,0.0,0.275,lost_target
692,62996,4.75,100,0.0,0,0.2576,0.2836,50.0,0.0,-5.0,-20.247,A,0.83,0.0,0.3,lost_target
693,63096,1.07,100,0.0,0,0.308,0.3019,50.0,0.0,-5.0,-23.933,A,0.831,0.0,0.3,lost_target
694,63196,-0.95,100,0.0,0,0.2856,0.322,50.0,0.0,-5.0,-25.951,A,0.832,0.0,0.276,lost_target
695,63296,-0.01,100,0.0,0,0.29,0.3141,50.0,0.0,-5.0,-25.014,A,0.833,0.0,0.3,lost_target
696,63396,9.12,100,0.0,0,0.2261,0.2532,50.0,0.0,-5.0,-15.882,A,0.834,0.0,0.3,lost_target
697,63496,5.83,100,0.0,0,0.3342,0.2707,50.0,0.0,-5.0,-19.173,A,0.835,0.0,0.3,lost_target
698,63596,-3.8,100,0.0,0,0.2989,0.3409,50.0,0.0,-5.0,-28.798,A,0.836,0.0,0.277,lost_target
699,63696,-10.01,100,0.0,0,0.3902,0.3682,50.0,0.0,-5.0,-35.007,A,0.837,0.0,0.3,lost_target
700,63796,0.05,100,0.0,0,0.2856,0.3197,50.0,0.0,-5.0,-24.949,A,0.838,0.0,0.3,lost_target
701,63896,-1.49,100,0.0,0,0.3262,0.3316,50.0,0.0,-5.0,-26.495,A,0.839,0.0,0.278,lost_target
702,63996,1.76,100,0.0,0,0.2665,0.3028,50.0,0.0,-5.0,-23.243,A,0.84,0.0,0.279,lost_target
703,64096,2.16,100,0.0,0,0.3746,0.2928,50.0,0.0,-5.0,-22.842,A,0.841,0.0,0.3,lost_target
704,64196,0.0,100,0.0,0,0.3101,0.3138,50.0,0.0,-5.0,-24.999,A,0.842,0.0,0.279,lost_target
705,64296,0.09,100,0.0,0,0.3039,0.3166,50.0,0.0,-5.0,-24.915,A,0.843,0.0,0.28,lost_target
706,64396,2.8,100,0.0,0,0.3038,0.2986,50.0,0.0,-5.0,-22.201,A,0.844,0.0,0.28,lost_target
707,64473,15.74,77,0.0,0,0.3824,0.2927,38.5,0.0,-3.85,-18.908,A,0.845,0.0,0.3,
708,64573,2.95,100,0.0,0,0.2795,0.3032,50.0,0.0,-5.0,-22.048,A,0.846,0.0,0.281,lost_target
709,64673,-7.34,100,0.0,0,0.3365,0.3568,50.0,0.0,-5.0,-32.344,A,0.847,0.0,0.281,lost_target
710,64773,-0.84,100,0.0,0,0.3226,0.3171,50.0,0.0,-5.0,-25.843,A,0.848,0.0,0.3,lost_target
711,64872,12.48,99,0.0,0,0.4866,0.3295,49.5,0.0,-4.95,-32.07,A,0.849,0.0,0.282,
712,64972,1.54,100,0.0,0,0.3193,0.3099,50.0,0.0,-5.0,-23.462,A,0.85,0.0,0.282,lost_target
713,65049,13.21,77,0.0,0,0.4167,0.3144,38.5,0.0,-3.85,-21.435,A,0.85,0.0,0.3,
714,65149,0.84,100,0.0,0,0.2964,0.3155,50.0,0.0,-5.0,-24.158,A,0.851,0.0,0.283,lost_target
715,65249,-2.11,100,0.0,0,0.345,0.3294,50.0,0.0,-5.0,-27.111,A,0.852,0.0,0.3,lost_target
716,65349,5.81,100,0.0,0,0.2374,0.2764,50.0,0.0,-5.0,-19.193,A,0.853,0.0,0.3,lost_target
717,65449,-5.83,100,0.0,0,0.3221,0.3504,50.0,0.0,-5.0,-30.828,A,0.854,0.0,0.3,lost_target
718,65520,12.32,71,0.0,0,0.4288,0.333,35.5,0.0,-3.55,-19.63,A,0.855,0.0,0.3,
719,65609,17.33,89,0.0,0,0.4087,0.308,44.5,0.0,-4.45,-22.716,A,0.856,0.0,0.284,
720,65709,1.59,100,0.0,0,0.3618,0.2949,50.0,0.0,-5.0,-23.415,A,0.857,0.0,0.3,lost_target
721,65809,-8.18,100,0.0,0,0.3401,0.3616,50.0,0.0,-5.0,-33.175,A,0.858,0.0,0.3,lost_target
722,65909,4.6,100,0.0,0,0.262,0.2807,50.0,0.0,-5.0,-20.405,A,0.859,0.0,0.3,lost_target
723,66009,2.43,100,0.0,0,0.3723,0.2928,50.0,0.0,-5.0,-22.573,A,0.86,0.0,0.3,lost_target
724,66099,15.27,90,0.0,0,0.3957,0.3283,45.0,0.0,-4.5,-25.234,A,0.861,0.0,0.3,
725,66199,-2.4,100,0.0,0,0.3148,0.3334,50.0,0.0,-5.0,-27.402,A,0.862,0.0,0.3,lost_target
726,66299,-1.9,100,0.0,0,0.3493,0.3179,50.0,0.0,-5.0,-26.904,A,0.863,0.0,0.3,lost_target
727,66399,-13.63,100,0.0,0,0.4068,0.3868,50.0,0.0,-5.0,-38.628,A,0.864,0.0,0.3,lost_target
728,66499,-13.01,100,0.0,0,0.4297,0.3812,50.0,0.0,-5.0,-38.013,A,0.865,0.0,0.3,lost_target
729,66599,-5.02,100,0.0,0,0.4176,0.3405,50.0,0.0,-5.0,-30.023,A,0.866,0.0,0.288,lost_target
730,66688,8.04,89,0.0,0,0.4962,0.3517,44.5,0.0,-4.45,-32.011,A,0.867,0.0,0.3,
731,66788,-2.16,100,0.0,0,0.2932,0.3284,50.0,0.0,-5.0,-27.159,A,0.868,0.0,0.3,lost_target
732,66888,-8.89,100,0.0,0,0.3734,0.3685,50.0,0.0,-5.0,-33.885,A,0.869,0.0,0.3,lost_target
733,66988,-1.04,100,0.0,0,0.2974,0.3194,50.0,0.0,-5.0,-26.037,A,0.87,0.0,0.289,lost_target
734,67066,-5.74,78,0.0,0,0.4477,0.4623,39.0,0.0,-3.9,-40.845,A,0.871,0.0,0.3,
735,67156,10.65,90,0.0,0,0.3552,0.3602,45.0,0.0,-4.5,-29.848,A,0.872,0.0,0.3,
736,67232,9.15,76,0.0,0,0.4943,0.3504,38.0,0.0,-3.8,-25.054,A,0.872,0.0,0.3,
737,67328,8.61,96,0.0,0,0.3641,0.3764,48.0,0.0,-4.8,-34.593,A,0.873,0.0,0.29,
738,67428,-19.27,100,0.0,0,0.4112,0.4271,50.0,0.0,-5.0,-44.266,A,0.874,0.0,0.3,lost_target
739,67528,-8.97,100,0.0,0,0.3555,0.3644,50.0,0.0,-5.0,-33.968,A,0.875,0.0,0.3,lost_target
740,67628,-4.62,100,0.0,0,0.3915,0.3319,50.0,0.0,-5.0,-29.618,A,0.876,0.0,0.3,lost_target
741,67715,6.11,87,0.0,0,0.4947,0.3732,43.5,0.0,-4.35,-33.045,A,0.877,0.0,0.3,
742,67800,10.7,85,0.0,0,0.486,0.3436,42.5,0.0,-4.25,-27.549,A,0.878,0.0,0.3,
743,67892,0.72,92,0.0,0,0.4262,0.4163,46.0,0.0,-4.6,-40.684,A,0.879,0.0,0.3,
744,67975,15.45,83,0.0,0,0.432,0.3181,41.5,0.0,-4.15,-21.896,A,0.88,0.0,0.3,
745,68075,-7.82,100,0.0,0,0.306,0.3604,50.0,0.0,-5.0,-32.825,A,0.881,0.0,0.3,lost_target
746,68172,3.75,97,0.0,0,0.4088,0.3984,48.5,0.0,-4.85,-39.899,A,0.882,0.0,0.293,
747,68272,4.92,100,0.0,0,0.2928,0.2764,50.0,0.0,-5.0,-20.083,A,0.883,0.0,0.3,lost_target
748,68309,-0.93,37,0.0,0,0.5772,0.4225,18.5,0.0,-1.85,-17.579,A,0.883,0.0,0.3,
749,68409,-13.98,100,0.0,0,0.38,0.4004,50.0,0.0,-5.0,-38.984,A,0.884,0.0,0.294,lost_target
750,68509,-15.11,100,0.0,0,0.4182,0.3945,50.0,0.0,-5.0,-40.107,A,0.885,0.0,0.3,lost_target
751,68599,13.23,90,0.0,0,0.4463,0.3423,45.0,0.0,-4.5,-27.269,A,0.886,0.0,0.3,
752,68699,-13.24,100,0.0,0,0.4341,0.3917,50.0,0.0,-5.0,-38.236,A,0.887,0.0,0.3,lost_target
753,68799,-13.1,100,0.0,0,0.3771,0.3964,50.0,0.0,-5.0,-38.104,A,0.888,0.0,0.3,lost_target
754,68897,-1.28,98,0.0,0,0.4237,0.4149,49.0,0.0,-4.9,-45.382,A,0.889,0.0,0.3,
755,68997,-20.23,100,0.0,0,0.4377,0.4188,50.0,0.0,-5.0,-45.226,A,0.89,0.0,0.3,lost_target
756,69031,-3.97,34,0.0,0,0.6036,0.4403,17.0,0.0,-1.7,-19.266,A,0.89,0.0,0.297,
757,69079,-0.77,48,0.0,0,0.5234,0.4021,24.0,0.0,-2.4,-22.366,A,0.891,0.0,0.3,
758,69179,-28.08,100,0.0,0,0.4492,0.4551,50.0,0.0,-5.0,-53.08,A,0.892,0.0,0.3,lost_target
759,69279,-17.17,100,0.0,0,0.3928,0.4186,50.0,0.0,-5.0,-42.165,A,0.893,0.0,0.3,lost_target
760,69379,-9.58,100,0.0,0,0.3699,0.3669,50.0,0.0,-5.0,-34.582,A,0.894,0.0,0.3,lost_target
761,69479,-9.76,100,0.0,0,0.3569,0.3685,50.0,0.0,-5.0,-34.763,A,0.895,0.0,0.3,lost_target
762,69572,3.74,93,0.0,0,0.4499,0.3797,46.5,0.0,-4.65,-38.112,A,0.896,0.0,0.3,
763,69640,0.83,68,0.0,0,0.5071,0.4032,34.0,0.0,-3.4,-29.766,A,0.896,0.0,0.3,
764,69740,-0.95,100,0.0,0,0.297,0.3254,50.0,0.0,-5.0,-25.946,A,0.897,0.0,0.3,lost_target
765,69840,1.17,100,0.0,0,0.2635,0.3056,50.0,0.0,-5.0,-23.835,A,0.898,0.0,0.3,lost_target
766,69912,3.15,72,0.0,0,0.4518,0.3912,36.0,0.0,-3.6,-29.254,A,0.899,0.0,0.3,
767,70100,8.18,188,0.0,0,0.3406,0.3461,94.0,0.0,-9.4,-56.421,B,0.901,0.0,0.3,lost_target
768,70200,-9.22,100,0.0,0,0.3411,0.373,50.0,0.0,-5.0,-34.218,B,0.902,0.0,0.3,lost_target
769,70300,-15.14,100,0.0,0,0.384,0.4018,50.0,0.0,-5.0,-40.139,B,0.903,0.0,0.3,lost_target
770,70400,-4.55,100,0.0,0,0.3116,0.3484,50.0,0.0,-5.0,-29.55,B,0.904,0.0,0.3,lost_target
771,70480,10.48,80,0.0,0,0.4248,0.3603,40.0,0.0,-4.0,-25.524,B,0.905,0.0,0.3,
772,70580,-6.94,100,0.0,0,0.36,0.3577,50.0,0.0,-5.0,-31.938,B,0.906,0.0,0.3,lost_target
773,70680,-14.52,100,0.0,0,0.3655,0.3999,50.0,0.0,-5.0,-39.516,B,0.907,0.0,0.3,lost_target
774,70780,-21.8,100,0.0,0,0.4129,0.4344,50.0,0.0,-5.0,-46.802,B,0.908,0.0,0.3,lost_target
775,70880,-11.08,100,0.0,0,0.3894,0.378,50.0,0.0,-5.0,-36.082,B,0.909,0.0,0.3,lost_target
776,70980,-6.96,100,0.0,0,0.3123,0.3618,50.0,0.0,-5.0,-31.964,B,0.91,0.0,0.3,lost_target
777,71080,-13.72,100,0.0,0,0.3846,0.394,50.0,0.0,-5.0,-38.722,B,0.911,0.0,0.3,lost_target
778,71180,-9.49,100,0.0,0,0.3677,0.3632,50.0,0.0,-5.0,-34.488,B,0.912,0.0,0.3,lost_target
779,71280,-6.33,100,0.0,0,0.3958,0.3417,50.0,0.0,-5.0,-31.329,B,0.913,0.0,0.3,lost_target
780,71367,12.32,87,0.0,0,0.463,0.3302,43.5,0.0,-4.35,-26.833,B,0.914,0.0,0.3,
781,71467,-4.22,100,0.0,0,0.312,0.334,50.0,0.0,-5.0,-29.222,B,0.915,0.0,0.3,lost_target
782,71567,-10.66,100,0.0,0,0.4552,0.3663,50.0,0.0,-5.0,-35.658,B,0.916,0.0,0.3,lost_target
783,71632,2.91,65,0.0,0,0.5009,0.3888,32.5,0.0,-3.25,-26.336,B,0.916,0.0,0.3,
784,71732,1.1,100,0.0,0,0.2925,0.3152,50.0,0.0,-5.0,-23.896,B,0.917,0.0,0.3,lost_target
785,71832,-1.18,100,0.0,0,0.2994,0.3199,50.0,0.0,-5.0,-26.179,B,0.918,0.0,0.3,lost_target
786,71932,6.62,100,0.0,0,0.2385,0.2696,50.0,0.0,-5.0,-18.379,B,0.919,0.0,0.3,lost_target
787,71998,5.98,66,0.0,0,0.5223,0.3634,33.0,0.0,-3.3,-23.717,B,0.92,0.0,0.3,
788,72088,7.53,90,0.0,0,0.4548,0.3663,45.0,0.0,-4.5,-32.973,B,0.921,0.0,0.3,
789,72188,0.54,100,0.0,0,0.3088,0.3167,50.0,0.0,-5.0,-24.455,B,0.922,0.0,0.3,lost_target
790,72288,5.27,100,0.0,0,0.3112,0.2776,50.0,0.0,-5.0,-19.734,B,0.923,0.0,0.3,lost_target
791,72360,10.97,72,0.0,0,0.496,0.3285,36.0,0.0,-3.6,-21.427,B,0.924,0.0,0.3,
792,72460,-3.09,100,0.0,0,0.4069,0.3277,50.0,0.0,-5.0,-28.091,B,0.925,0.0,0.3,lost_target
793,72560,2.59,100,0.0,0,0.4193,0.28,50.0,0.0,-5.0,-22.412,B,0.926,0.0,0.3,lost_target
794,72660,0.81,100,0.0,0,0.2809,0.3183,50.0,0.0,-5.0,-24.19,B,0.927,0.0,0.3,lost_target
795,72760,-12.6,100,0.0,0,0.4158,0.3845,50.0,0.0,-5.0,-37.601,B,0.928,0.0,0.3,lost_target
796,72860,-14.94,100,0.0,0,0.4198,0.3982,50.0,0.0,-5.0,-39.943,B,0.929,0.0,0.3,lost_target
797,72960,-9.37,100,0.0,0,0.3317,0.3708,50.0,0.0,-5.0,-34.375,B,0.93,0.0,0.3,lost_target
798,73060,-7.74,100,0.0,0,0.3943,0.3544,50.0,0.0,-5.0,-32.741,B,0.931,0.0,0.3,lost_target
799,73160,5.56,100,0.0,0,0.2374,0.2833,50.0,0.0,-5.0,-19.444,B,0.932,0.0,0.3,lost_target
800,73260,4.33,100,0.0,0,0.3068,0.2839,50.0,0.0,-5.0,-20.673,B,0.933,0.0,0.3,lost_target
801,73360,3.88,100,0.0,0,0.3752,0.288,50.0,0.0,-5.0,-21.122,B,0.934,0.0,0.3,lost_target
802,73460,-5.57,100,0.0,0,0.3666,0.3404,50.0,0.0,-5.0,-30.568,B,0.935,0.0,0.3,lost_target
803,73550,17.66,90,0.0,0,0.5743,0.2998,45.0,0.0,-4.5,-22.84,B,0.935,0.0,0.3,
804,73650,3.58,100,0.0,0,0.2757,0.2963,50.0,0.0,-5.0,-21.42,B,0.936,0.0,0.3,lost_target
805,73750,-12.86,100,0.0,0,0.3245,0.3807,50.0,0.0,-5.0,-37.861,B,0.937,0.0,0.3,lost_target
806,73850,-14.23,100,0.0,0,0.3684,0.3974,50.0,0.0,-5.0,-39.227,B,0.938,0.0,0.3,lost_target
807,73950,-4.07,100,0.0,0,0.4601,0.3358,50.0,0.0,-5.0,-29.065,B,0.939,0.0,0.3,lost_target
808,74050,4.86,100,0.0,0,0.322,0.2841,50.0,0.0,-5.0,-20.145,B,0.94,0.0,0.3,lost_target
809,74150,5.91,100,0.0,0,0.2875,0.271,50.0,0.0,-5.0,-19.095,B,0.941,0.0,0.3,lost_target
810,74250,3.58,100,0.0,0,0.3681,0.2844,50.0,0.0,-5.0,-21.418,B,0.942,0.0,0.3,lost_target
811,74350,-1.87,100,0.0,0,0.3893,0.3237,50.0,0.0,-5.0,-26.869,B,0.943,0.0,0.3,lost_target
812,74446,21.12,96,0.0,0,0.3651,0.2925,48.0,0.0,-4.8,-22.075,B,0.944,0.0,0.3,
813,74546,-0.15,100,0.0,0,0.3819,0.3098,50.0,0.0,-5.0,-25.147,B,0.945,0.0,0.3,lost_target
814,74646,6.57,100,0.0,0,0.2598,0.2733,50.0,0.0,-5.0,-18.433,B,0.946,0.0,0.3,lost_target
815,74746,-3.72,100,0.0,0,0.3262,0.3329,50.0,0.0,-5.0,-28.723,B,0.947,0.0,0.3,lost_target
816,74813,16.12,67,0.0,0,0.4593,0.2817,33.5,0.0,-3.35,-14.028,B,0.948,0.0,0.3,
817,74896,15.67,83,0.0,0,0.431,0.316,41.5,0.0,-4.15,-21.678,B,0.949,0.0,0.3,
818,74996,-7.3,100,0.0,0,0.3885,0.3545,50.0,0.0,-5.0,-32.298,B,0.95,0.0,0.3,lost_target
819,75096,6.02,100,0.0,0,0.2725,0.2818,50.0,0.0,-5.0,-18.985,B,0.951,0.0,0.3,lost_target
820,75185,13.01,89,0.0,0,0.506,0.325,44.5,0.0,-4.45,-27.044,B,0.952,0.0,0.3,
821,75261,11.67,76,0.0,0,0.4392,0.3209,38.0,0.0,-3.8,-22.527,B,0.953,0.0,0.3,
822,75361,-4.05,100,0.0,0,0.4592,0.3145,50.0,0.0,-5.0,-29.051,B,0.954,0.0,0.3,lost_target
823,75461,5.43,100,0.0,0,0.2747,0.2804,50.0,0.0,-5.0,-19.565,B,0.955,0.0,0.3,lost_target
824,75554,19.39,93,0.0,0,0.3812,0.2971,46.5,0.0,-4.65,-22.462,B,0.956,0.0,0.3,
825,75654,4.54,100,0.0,0,0.317,0.2783,50.0,0.0,-5.0,-20.463,B,0.957,0.0,0.3,lost_target
826,75754,1.43,100,0.0,0,0.3582,0.3001,50.0,0.0,-5.0,-23.566,B,0.958,0.0,0.3,lost_target
827,75845,22.33,91,0.0,0,0.54,0.2604,45.5,0.0,-4.55,-18.623,B,0.958,0.0,0.3,
828,75945,3.62,100,0.0,0,0.319,0.291,50.0,0.0,-5.0,-21.381,B,0.959,0.0,0.3,lost_target
829,76035,19.36,90,0.0,0,0.5105,0.2853,45.0,0.0,-4.5,-21.135,B,0.96,0.0,0.3,
830,76135,5.05,100,0.0,0,0.2579,0.2814,50.0,0.0,-5.0,-19.947,B,0.961,0.0,0.3,lost_target
831,76235,-6.15,100,0.0,0,0.4395,0.3342,50.0,0.0,-5.0,-31.15,B,0.962,0.0,0.3,lost_target
832,76335,1.67,100,0.0,0,0.3699,0.3034,50.0,0.0,-5.0,-23.325,B,0.963,0.0,0.3,lost_target
833,76435,6.33,100,0.0,0,0.3171,0.2724,50.0,0.0,-5.0,-18.669,B,0.964,0.0,0.3,lost_target
834,76535,3.52,100,0.0,0,0.3966,0.2894,50.0,0.0,-5.0,-21.475,B,0.965,0.0,0.3,lost_target
835,76624,12.21,89,0.0,0,0.5121,0.3388,44.5,0.0,-4.45,-27.841,B,0.966,0.0,0.3,
836,76691,19.51,67,0.0,0,0.5651,0.2199,33.5,0.0,-3.35,-10.641,B,0.967,0.0,0.3,
837,76791,-0.12,100,0.0,0,0.3079,0.3222,50.0,0.0,-5.0,-25.12,B,0.968,0.0,0.3,lost_target
838,76891,-2.49,100,0.0,0,0.3924,0.3208,50.0,0.0,-5.0,-27.487,B,0.969,0.0,0.3,lost_target
839,76991,6.04,100,0.0,0,0.3102,0.2707,50.0,0.0,-5.0,-18.959,B,0.97,0.0,0.3,lost_target
840,77081,14.48,90,0.0,0,0.4714,0.3273,45.0,0.0,-4.5,-26.015,B,0.971,0.0,0.3,
841,77181,0.64,100,0.0,0,0.3253,0.3199,50.0,0.0,-5.0,-24.356,B,0.972,0.0,0.3,lost_target
842,77281,0.11,100,0.0,0,0.33,0.3181,50.0,0.0,-5.0,-24.888,B,0.973,0.0,0.3,lost_target
843,77347,14.53,66,0.0,0,0.4285,0.2976,33.0,0.0,-3.3,-15.17,B,0.973,0.0,0.3,
844,77447,4.92,100,0.0,0,0.328,0.2853,50.0,0.0,-5.0,-20.077,B,0.974,0.0,0.3,lost_target
845,77482,5.24,35,0.0,0,0.6387,0.3038,17.5,0.0,-1.75,-10.514,B,0.975,0.0,0.3,
846,77567,20.21,85,0.0,0,0.5433,0.272,42.5,0.0,-4.25,-18.042,B,0.976,0.0,0.3,
847,77617,4.15,50,0.0,0,0.5535,0.3525,25.0,0.0,-2.5,-18.355,B,0.976,0.0,0.3,
848,77657,2.53,40,0.0,0,0.5479,0.3581,20.0,0.0,-2.0,-15.468,B,0.977,0.0,0.3,
849,77757,1.86,100,0.0,0,0.3743,0.2936,50.0,0.0,-5.0,-23.144,B,0.978,0.0,0.3,lost_target
850,77857,-7.83,100,0.0,0,0.4272,0.3564,50.0,0.0,-5.0,-32.833,B,0.979,0.0,0.3,lost_target
851,77957,2.72,100,0.0,0,0.3957,0.2788,50.0,0.0,-5.0,-22.276,B,0.98,0.0,0.3,lost_target
852,78054,20.08,97,0.0,0,0.4392,0.3077,48.5,0.0,-4.85,-23.566,B,0.981,0.0,0.3,
853,78142,10.48,88,0.0,0,0.4268,0.3519,44.0,0.0,-4.4,-29.12,B,0.981,0.0,0.3,
854,78231,24.21,89,0.0,0,0.3768,0.2584,44.5,0.0,-4.45,-15.842,B,0.982,0.0,0.3,
855,78274,8.77,43,0.0,0,0.6149,0.2822,21.5,0.0,-2.15,-10.584,B,0.983,0.0,0.3,
856,78341,13.61,67,0.0,0,0.6278,0.272,33.5,0.0,-3.35,-16.544,B,0.983,0.0,0.3,
857,78441,4.24,100,0.0,0,0.3,0.2892,50.0,0.0,-5.0,-20.759,B,0.984,0.0,0.3,lost_target
858,78506,13.45,65,0.0,0,0.5603,0.2871,32.5,0.0,-3.25,-15.802,B,0.985,0.0,0.3,
859,78593,19.21,87,0.0,0,0.4539,0.2896,43.5,0.0,-4.35,-19.939,B,0.986,0.0,0.3,
860,78693,-5.41,100,0.0,0,0.5039,0.33,50.0,0.0,-5.0,-30.415,B,0.987,0.0,0.3,lost_target
861,78749,13.28,56,0.0,0,0.5739,0.2775,28.0,0.0,-2.8,-11.923,B,0.987,0.0,0.3,
862,78844,11.96,95,0.0,0,0.4652,0.352,47.5,0.0,-4.75,-30.788,B,0.988,0.0,0.3,
863,78907,13.18,63,0.0,0,0.3942,0.3118,31.5,0.0,-3.15,-15.174,B,0.989,0.0,0.3,
864,78989,16.3,82,0.0,0,0.5076,0.2929,41.0,0.0,-4.1,-20.598,B,0.99,0.0,0.3,
865,79060,12.17,71,0.0,0,0.6092,0.3017,35.5,0.0,-3.55,-19.777,B,0.991,0.0,0.3,
866,79150,17.86,90,0.0,0,0.4159,0.3004,45.0,0.0,-4.5,-22.636,B,0.991,0.0,0.3,
867,79250,4.53,100,0.0,0,0.3504,0.2727,50.0,0.0,-5.0,-20.473,B,0.992,0.0,0.3,lost_target
868,79350,-4.45,100,0.0,0,0.377,0.3357,50.0,0.0,-5.0,-29.453,B,0.993,0.0,0.3,lost_target
869,79427,13.03,77,0.0,0,0.5061,0.3082,38.5,0.0,-3.85,-21.615,B,0.994,0.0,0.3,
870,79527,-5.62,100,0.0,0,0.4029,0.3392,50.0,0.0,-5.0,-30.625,B,0.995,0.0,0.3,lost_target
871,79627,-0.27,100,0.0,0,0.3706,0.3099,50.0,0.0,-5.0,-25.274,B,0.996,0.0,0.3,lost_target
872,79663,-1.16,36,0.0,0,0.5451,0.4226,18.0,0.0,-1.8,-17.355,B,0.997,0.0,0.3,
873,79763,-7.59,100,0.0,0,0.3679,0.3528,50.0,0.0,-5.0,-32.591,B,0.998,0.0,0.3,lost_target
874,79799,3.46,36,0.0,0,0.5502,0.344,18.0,0.0,-1.8,-12.737,B,0.998,0.0,0.3,
875,79899,-6.69,100,0.0,0,0.3645,0.3479,50.0,0.0,-5.0,-31.694,B,0.999,0.0,0.3,lost_target
876,79989,9.63,90,0.0,0,0.452,0.3576,45.0,0.0,-4.5,-30.874,B,1.0,0.0,0.3,
877,80080,9.58,91,0.0,0,0.457,0.3504,45.5,0.0,-4.55,-31.37,B,1.0,0.0,0.3,
878,80180,-0.82,100,0.0,0,0.4649,0.2961,50.0,0.0,-5.0,-25.82,B,1.0,0.0,0.3,lost_target
879,80280,-5.58,100,0.0,0,0.334,0.3385,50.0,0.0,-5.0,-30.582,B,1.0,0.0,0.3,lost_target
880,80380,-1.42,100,0.0,0,0.4149,0.316,50.0,0.0,-5.0,-26.423,B,1.0,0.0,0.3,lost_target
881,80456,10.77,76,0.0,0,0.4819,0.3315,38.0,0.0,-3.8,-23.428,B,1.0,0.0,0.3,
882,80550,12.09,94,0.0,0,0.3693,0.3196,47.0,0.0,-4.7,-30.207,B,1.0,0.0,0.3,
883,80585,-5.24,35,0.0,0,0.575,0.4748,17.5,0.0,-1.75,-20.992,B,1.0,0.0,0.3,
884,80685,-3.6,100,0.0,0,0.3501,0.3238,50.0,0.0,-5.0,-28.597,B,1.0,0.0,0.3,lost_target
885,80781,17.48,96,0.0,0,0.3666,0.3177,48.0,0.0,-4.8,-25.717,B,1.0,0.0,0.3,
886,80851,15.14,70,0.0,0,0.4755,0.2884,35.0,0.0,-3.5,-16.359,B,1.0,0.0,0.3,
887,80900,11.91,49,0.0,0,0.6837,0.24,24.5,0.0,-2.45,-10.138,B,1.0,0.0,0.3,
888,81000,-7.12,100,0.0,0,0.312,0.3646,50.0,0.0,-5.0,-32.125,B,1.0,0.0,0.3,lost_target
889,81057,11.25,57,0.0,0,0.5205,0.303,28.5,0.0,-2.85,-14.403,B,1.0,0.0,0.3,
890,81125,13.62,68,0.0,0,0.5225,0.2954,34.0,0.0,-3.4,-16.979,B,1.0,0.0,0.3,
891,81225,11.15,100,0.0,0,0.1958,0.2321,50.0,0.0,-5.0,-13.853,B,1.0,0.0,0.3,lost_target
892,81253,0.03,28,0.0,0,0.6367,0.3677,14.0,0.0,-1.4,-12.567,B,1.0,0.0,0.3,
893,81325,17.38,72,0.0,0,0.5237,0.2597,36.0,0.0,-3.6,-15.02,B,1.0,0.0,0.3,
894,81359,6.9,34,0.0,0,0.6114,0.291,17.0,0.0,-1.7,-8.398,B,1.0,0.0,0.3,
895,81427,13.58,68,0.0,0,0.5433,0.2929,34.0,0.0,-3.4,-17.021,B,1.0,0.0,0.3,
896,81473,0.27,46,0.0,0,0.6089,0.3846,23.0,0.0,-2.3,-20.43,B,1.0,0.0,0.3,
897,81496,1.61,23,0.0,0,0.6072,0.3496,11.5,0.0,-1.15,-8.741,B,1.0,0.0,0.3,
898,81536,-0.67,40,0.0,0,0.5835,0.4116,20.0,0.0,-2.0,-18.666,B,1.0,0.0,0.3,
899,81636,5.71,100,0.0,0,0.239,0.2827,50.0,0.0,-5.0,-19.288,B,1.0,0.0,0.3,lost_target
900,81689,3.68,53,0.0,0,0.51,0.3746,26.5,0.0,-2.65,-20.17,B,1.0,0.0,0.3,
901,81756,17.55,67,0.0,0,0.4166,0.271,33.5,0.0,-3.35,-12.601,B,1.0,0.0,0.3,
902,81816,16.08,60,0.0,0,0.4247,0.2622,30.0,0.0,-3.0,-10.916,B,1.0,0.0,0.3,
903,81879,15.49,63,0.0,0,0.4158,0.2761,31.5,0.0,-3.15,-12.861,B,1.0,0.0,0.3,
904,81938,10.41,59,0.0,0,0.415,0.3277,29.5,0.0,-2.95,-16.142,B,1.0,0.0,0.3,
905,81988,8.0,50,0.0,0,0.5834,0.3106,25.0,0.0,-2.5,-14.498,B,1.0,0.0,0.3,
906,82029,7.88,41,0.0,0,0.5752,0.2981,20.5,0.0,-2.05,-10.573,B,1.0,0.0,0.3,
907,82109,14.21,80,0.0,0,0.4715,0.3171,40.0,0.0,-4.0,-21.793,B,1.0,0.0,0.3,
908,82209,-15.12,100,0.0,0,0.4585,0.3879,50.0,0.0,-5.0,-40.121,B,1.0,0.0,0.3,lost_target
909,82281,14.75,72,0.0,0,0.4281,0.2991,36.0,0.0,-3.6,-17.654,B,1.0,0.0,0.3,
910,82372,16.96,91,0.0,0,0.413,0.3143,45.5,0.0,-4.55,-23.993,B,1.0,0.0,0.3,
911,82435,13.25,63,0.0,0,0.4688,0.2964,31.5,0.0,-3.15,-15.1,B,1.0,0.0,0.3,
912,82481,-0.79,46,0.0,0,0.5443,0.4094,23.0,0.0,-2.3,-21.487,B,1.0,0.0,0.3,
913,82581,-13.74,100,0.0,0,0.4486,0.3813,50.0,0.0,-5.0,-38.743,B,1.0,0.0,0.3,lost_target
914,82681,-9.25,100,0.0,0,0.34,0.3683,50.0,0.0,-5.0,-34.252,B,1.0,0.0,0.3,lost_target
915,82779,9.51,98,0.0,0,0.4864,0.3529,49.0,0.0,-4.9,-34.591,B,1.0,0.0,0.3,
916,82879,-0.22,100,0.0,0,0.2904,0.3215,50.0,0.0,-5.0,-25.218,B,1.0,0.0,0.3,lost_target
917,82976,11.57,97,0.0,0,0.3994,0.358,48.5,0.0,-4.85,-32.08,B,1.0,0.0,0.3,
918,83011,0.35,35,0.0,0,0.5141,0.4188,17.5,0.0,-1.75,-15.402,B,1.0,0.0,0.3,
919,83048,-0.04,37,0.0,0,0.6055,0.3951,18.5,0.0,-1.85,-16.692,B,1.0,0.0,0.3,
920,83094,3.59,46,0.0,0,0.5496,0.3539,23.0,0.0,-2.3,-17.106,B,1.0,0.0,0.3,
921,83154,5.33,60,0.0,0,0.5502,0.358,30.0,0.0,-3.0,-21.669,B,1.0,0.0,0.3,
922,83187,5.54,33,0.0,0,0.65,0.3258,16.5,0.0,-1.65,-9.31,B,1.0,0.0,0.3,
923,83287,4.97,100,0.0,0,0.3328,0.2834,50.0,0.0,-5.0,-20.031,B,1.0,0.0,0.3,lost_target
924,83360,9.72,73,0.0,0,0.4925,0.3304,36.5,0.0,-3.65,-23.127,B,1.0,0.0,0.3,
925,83456,13.36,96,0.0,0,0.3834,0.3422,48.0,0.0,-4.8,-29.837,B,1.0,0.0,0.3,
926,83492,6.95,36,0.0,0,0.6004,0.2937,18.0,0.0,-1.8,-9.254,B,1.0,0.0,0.3,
927,83592,-13.04,100,0.0,0,0.4592,0.3724,50.0,0.0,-5.0,-38.042,B,1.0,0.0,0.3,lost_target
928,83666,3.65,74,0.0,0,0.4154,0.3948,37.0,0.0,-3.7,-29.653,B,1.0,0.0,0.3,
929,83734,-3.93,68,0.0,0,0.5168,0.4299,34.0,0.0,-3.4,-34.528,B,1.0,0.0,0.3,
930,83763,3.63,29,0.0,0,0.5675,0.341,14.5,0.0,-1.45,-9.423,B,1.0,0.0,0.3,
931,83863,-0.87,100,0.0,0,0.2957,0.3174,50.0,0.0,-5.0,-25.869,B,1.0,0.0,0.3,lost_target
932,83910,3.44,47,0.0,0,0.6324,0.3479,23.5,0.0,-2.35,-17.712,B,1.0,0.0,0.3,
933,84010,-17.55,100,0.0,0,0.4452,0.3999,50.0,0.0,-5.0,-42.547,B,1.0,0.0,0.3,lost_target
934,84081,5.09,71,0.0,0,0.4737,0.3794,35.5,0.0,-3.55,-26.865,B,1.0,0.0,0.3,
935,84149,10.94,68,0.0,0,0.4744,0.3348,34.0,0.0,-3.4,-19.662,B,1.0,0.0,0.3,
936,84183,7.08,34,0.0,0,0.6492,0.2824,17.0,0.0,-1.7,-8.217,B,1.0,0.0,0.3,
937,84241,6.12,58,0.0,0,0.5596,0.347,29.0,0.0,-2.9,-19.984,B,1.0,0.0,0.3,
938,84341,-0.38,100,0.0,0,0.2915,0.3204,50.0,0.0,-5.0,-25.375,B,1.0,0.0,0.3,lost_target
939,84397,10.87,56,0.0,0,0.4802,0.2939,28.0,0.0,-2.8,-14.326,B,1.0,0.0,0.3,
940,84497,-12.88,100,0.0,0,0.3605,0.3902,50.0,0.0,-5.0,-37.875,B,1.0,0.0,0.3,lost_target
941,84580,11.93,83,0.0,0,0.4254,0.3368,41.5,0.0,-4.15,-25.417,B,1.0,0.0,0.3,
942,84618,7.23,38,0.0,0,0.6153,0.2956,19.0,0.0,-1.9,-9.872,B,1.0,0.0,0.3,
943,84718,-9.44,100,0.0,0,0.392,0.3614,50.0,0.0,-5.0,-34.442,B,1.0,0.0,0.3,lost_target
944,84805,19.54,87,0.0,0,0.3385,0.2968,43.5,0.0,-4.35,-19.608,B,1.0,0.0,0.3,
945,84858,7.0,53,0.0,0,0.4741,0.3462,26.5,0.0,-2.65,-16.847,B,1.0,0.0,0.3,
946,84958,-12.97,100,0.0,0,0.462,0.3808,50.0,0.0,-5.0,-37.969,B,1.0,0.0,0.3,lost_target
947,85004,-0.87,46,0.0,0,0.5769,0.4072,23.0,0.0,-2.3,-21.567,B,1.0,0.0,0.3,
948,85104,-21.82,100,0.0,0,0.4222,0.4252,50.0,0.0,-5.0,-46.818,B,1.0,0.0,0.3,lost_target
949,85159,8.55,55,0.0,0,0.6144,0.3109,27.5,0.0,-2.75,-16.202,B,1.0,0.0,0.3,
950,85259,0.91,100,0.0,0,0.3412,0.3067,50.0,0.0,-5.0,-24.088,B,1.0,0.0,0.3,lost_target
951,85359,-10.18,100,0.0,0,0.4223,0.3673,50.0,0.0,-5.0,-35.177,B,1.0,0.0,0.3,lost_target
952,85407,8.2,48,0.0,0,0.6034,0.3053,24.0,0.0,-2.4,-13.402,B,1.0,0.0,0.3,
953,85451,7.6,44,0.0,0,0.5851,0.3244,22.0,0.0,-2.2,-12.197,B,1.0,0.0,0.3,
954,85487,8.27,36,0.0,0,0.6034,0.2825,18.0,0.0,-1.8,-7.932,B,1.0,0.0,0.3,
955,85543,11.73,56,0.0,0,0.4701,0.2961,28.0,0.0,-2.8,-13.466,B,1.0,0.0,0.3,
956,85615,10.06,72,0.0,0,0.5506,0.3256,36.0,0.0,-3.6,-22.338,B,1.0,0.0,0.3,
957,85673,10.98,58,0.0,0,0.5773,0.3041,29.0,0.0,-2.9,-15.122,B,1.0,0.0,0.3,
958,85773,-21.09,100,0.0,0,0.4835,0.4136,50.0,0.0,-5.0,-46.092,B,1.0,0.0,0.3,lost_target
959,85835,1.53,62,0.0,0,0.5003,0.3952,31.0,0.0,-3.1,-26.375,B,1.0,0.0,0.3,
960,85898,9.14,63,0.0,0,0.5791,0.3118,31.5,0.0,-3.15,-19.211,B,1.0,0.0,0.3,
961,85965,13.79,67,0.0,0,0.441,0.3,33.5,0.0,-3.35,-16.36,B,1.0,0.0,0.3,
962,86035,7.83,70,0.0,0,0.5034,0.3551,35.0,0.0,-3.5,-23.666,B,1.0,0.0,0.3,
963,86135,-20.43,100,0.0,0,0.4497,0.4142,50.0,0.0,-5.0,-45.432,B,1.0,0.0,0.3,lost_target
964,86199,15.09,64,0.0,0,0.5832,0.2602,32.0,0.0,-3.2,-13.708,B,1.0,0.0,0.3,
965,86248,11.01,49,0.0,0,0.5897,0.2742,24.5,0.0,-2.45,-11.039,B,1.0,0.0,0.3,
966,86314,9.26,66,0.0,0,0.5188,0.3276,33.0,0.0,-3.3,-20.439,B,1.0,0.0,0.3,
967,86375,15.26,61,0.0,0,0.6186,0.2563,30.5,0.0,-3.05,-12.194,B,1.0,0.0,0.3,
968,86465,10.68,90,0.0,0,0.4552,0.3476,45.0,0.0,-4.5,-29.817,B,1.0,0.0,0.3,
969,86515,7.49,50,0.0,0,0.5986,0.3048,25.0,0.0,-2.5,-15.008,B,1.0,0.0,0.3,
970,86586,3.45,71,0.0,0,0.4696,0.3937,35.5,0.0,-3.55,-28.505,B,1.0,0.0,0.3,
971,86676,9.36,90,0.0,0,0.4035,0.3614,45.0,0.0,-4.5,-31.136,B,1.0,0.0,0.3,
972,86757,6.23,81,0.0,0,0.4574,0.3769,40.5,0.0,-4.05,-30.216,B,1.0,0.0,0.3,
973,86804,12.2,47,0.0,0,0.522,0.2764,23.5,0.0,-2.35,-8.951,B,1.0,0.0,0.3,
974,86904,5.23,100,0.0,0,0.2455,0.2882,50.0,0.0,-5.0,-19.767,B,1.0,0.0,0.3,lost_target
975,86958,13.31,54,0.0,0,0.6566,0.2586,27.0,0.0,-2.7,-10.992,B,1.0,0.0,0.3,
976,87048,10.99,90,0.0,0,0.467,0.3571,45.0,0.0,-4.5,-29.509,B,1.0,0.0,0.3,
977,87148,-10.08,100,0.0,0,0.368,0.3614,50.0,0.0,-5.0,-35.081,B,1.0,0.0,0.3,lost_target
978,87222,16.69,74,0.0,0,0.5726,0.2771,37.0,0.0,-3.7,-16.614,B,1.0,0.0,0.3,
979,87296,-3.03,74,0.0,0,0.4274,0.4454,37.0,0.0,-3.7,-36.332,B,1.0,0.0,0.3,
980,87396,-6.38,100,0.0,0,0.4336,0.3452,50.0,0.0,-5.0,-31.378,B,1.0,0.0,0.3,lost_target
981,87448,8.69,52,0.0,0,0.6352,0.3009,26.0,0.0,-2.6,-14.715,B,1.0,0.0,0.3,
982,87519,15.61,71,0.0,0,0.529,0.2909,35.5,0.0,-3.55,-16.342,B,1.0,0.0,0.3,
983,87593,14.5,74,0.0,0,0.5844,0.2972,37.0,0.0,-3.7,-18.798,B,1.0,0.0,0.3,
984,87675,18.75,82,0.0,0,0.4651,0.2819,41.0,0.0,-4.1,-18.145,B,1.0,0.0,0.3,
985,87720,5.76,45,0.0,0,0.5008,0.3525,22.5,0.0,-2.25,-14.485,B,1.0,0.0,0.3,
986,87810,17.43,90,0.0,0,0.4506,0.3142,45.0,0.0,-4.5,-23.075,B,1.0,0.0,0.3,
987,87910,-5.11,100,0.0,0,0.3682,0.3416,50.0,0.0,-5.0,-30.112,B,1.0,0.0,0.3,lost_target
988,87993,5.84,83,0.0,0,0.5276,0.3678,41.5,0.0,-4.15,-31.506,B,1.0,0.0,0.3,
989,88073,14.45,80,0.0,0,0.5502,0.2991,40.0,0.0,-4.0,-21.55,B,1.0,0.0,0.3,
990,88173,-12.66,100,0.0,0,0.3488,0.3916,50.0,0.0,-5.0,-37.655,B,1.0,0.0,0.3,lost_target
991,88273,0.27,100,0.0,0,0.3067,0.3127,50.0,0.0,-5.0,-24.728,B,1.0,0.0,0.3,lost_target
992,88337,9.94,64,0.0,0,0.5485,0.3307,32.0,0.0,-3.2,-18.865,B,1.0,0.0,0.3,
993,88385,6.79,48,0.0,0,0.5454,0.344,24.0,0.0,-2.4,-14.808,B,1.0,0.0,0.3,
994,88485,4.98,100,0.0,0,0.3716,0.2808,50.0,0.0,-5.0,-20.025,B,1.0,0.0,0.3,lost_target
995,88582,5.62,97,0.0,0,0.433,0.3791,48.5,0.0,-4.85,-38.032,B,1.0,0.0,0.3,
996,88661,14.4,79,0.0,0,0.4574,0.312,39.5,0.0,-3.95,-21.148,B,1.0,0.0,0.3,
997,88761,2.54,100,0.0,0,0.2989,0.291,50.0,0.0,-5.0,-22.462,B,1.0,0.0,0.3,lost_target
998,88843,10.73,82,0.0,0,0.5403,0.3259,41.0,0.0,-4.1,-26.165,B,1.0,0.0,0.3,
999,88886,6.34,43,0.0,0,0.4996,0.3197,21.5,0.0,-2.15,-13.006,B,1.0,0.0,0.3,
1000,88964,14.42,78,0.0,0,0.4056,0.3214,39.0,0.0,-3.9,-20.681,B,1.0,0.0,0.3,
1001,89058,14.87,94,0.0,0,0.4835,0.3331,47.0,0.0,-4.7,-27.429,B,1.0,0.0,0.3,
1002,89158,8.69,100,0.0,0,0.2258,0.2556,50.0,0.0,-5.0,-16.31,B,1.0,0.0,0.3,lost_target
1003,89237,16.15,79,0.0,0,0.4835,0.3007,39.5,0.0,-3.95,-19.402,B,1.0,0.0,0.3,
1004,89292,9.73,55,0.0,0,0.6011,0.308,27.5,0.0,-2.75,-15.017,B,1.0,0.0,0.3,
1005,89387,20.07,95,0.0,0,0.5045,0.2908,47.5,0.0,-4.75,-22.675,B,1.0,0.0,0.3,
1006,89485,21.15,98,0.0,0,0.4099,0.2974,49.0,0.0,-4.9,-22.954,B,1.0,0.0,0.3,
1007,89561,14.18,76,0.0,0,0.4766,0.3157,38.0,0.0,-3.8,-20.025,B,1.0,0.0,0.3,
1008,89628,11.16,67,0.0,0,0.5949,0.2957,33.5,0.0,-3.35,-18.988,B,1.0,0.0,0.3,
1009,89728,3.43,100,0.0,0,0.4381,0.2849,50.0,0.0,-5.0,-21.575,B,1.0,0.0,0.3,lost_target
1010,89806,16.32,78,0.0,0,0.4945,0.2987,39.0,0.0,-3.9,-18.777,B,1.0,0.0,0.3,
1011,89906,10.13,100,0.0,0,0.2235,0.2467,50.0,0.0,-5.0,-14.868,B,1.0,0.0,0.3,lost_target
1012,89999,18.48,93,0.0,0,0.5231,0.2899,46.5,0.0,-4.65,-23.368,B,1.0,0.0,0.3,
1013,90100,-2.4,101,0.0,0,0.4638,0.3169,50.5,0.0,-5.05,-27.852,B,1.0,0.0,0.3,lost_target
1014,90180,12.97,80,0.0,0,0.4896,0.3279,40.0,0.0,-4.0,-23.033,B,1.0,0.0,0.3,
1015,90220,4.47,40,0.0,0,0.5371,0.3429,20.0,0.0,-2.0,-13.529,B,1.0,0.0,0.3,
1016,90320,-0.28,100,0.0,0,0.3181,0.3092,50.0,0.0,-5.0,-25.279,B,1.0,0.0,0.3,lost_target
1017,90389,5.81,69,0.0,0,0.5011,0.3614,34.5,0.0,-3.45,-25.239,B,1.0,0.0,0.3,
1018,90457,15.08,68,0.0,0,0.5448,0.2852,34.0,0.0,-3.4,-15.525,B,1.0,0.0,0.3,
1019,90501,5.89,44,0.0,0,0.6529,0.2997,22.0,0.0,-2.2,-13.911,B,1.0,0.0,0.3,
1020,90601,5.43,100,0.0,0,0.537,0.2639,50.0,0.0,-5.0,-19.572,B,1.0,0.0,0.3,lost_target
1021,90651,13.46,50,0.0,0,0.6304,0.2575,25.0,0.0,-2.5,-9.037,B,1.0,0.0,0.3,
1022,90751,-16.46,100,0.0,0,0.4509,0.402,50.0,0.0,-5.0,-41.46,B,1.0,0.0,0.3,lost_target
1023,90851,-0.32,100,0.0,0,0.2831,0.3172,50.0,0.0,-5.0,-25.32,B,1.0,0.0,0.3,lost_target
1024,90951,-16.77,100,0.0,0,0.4587,0.3945,50.0,0.0,-5.0,-41.772,B,1.0,0.0,0.3,lost_target
1025,91014,18.43,63,0.0,0,0.6399,0.2342,31.5,0.0,-3.15,-9.919,B,1.0,0.0,0.3,
1026,91103,17.15,89,0.0,0,0.4844,0.2911,44.5,0.0,-4.45,-22.896,B,1.0,0.0,0.3,
1027,91194,24.07,91,0.0,0,0.4866,0.2618,45.5,0.0,-4.55,-16.875,B,1.0,0.0,0.3,
1028,91294,-14.67,100,0.0,0,0.455,0.3938,50.0,0.0,-5.0,-39.671,B,1.0,0.0,0.3,lost_target
1029,91392,22.65,98,0.0,0,0.4175,0.2854,49.0,0.0,-4.9,-21.449,B,1.0,0.0,0.3,
1030,91492,1.5,100,0.0,0,0.2846,0.3012,50.0,0.0,-5.0,-23.501,B,1.0,0.0,0.3,lost_target
1031,91592,2.25,100,0.0,0,0.313,0.3014,50.0,0.0,-5.0,-22.745,B,1.0,0.0,0.3,lost_target
1032,91692,-3.45,100,0.0,0,0.6031,0.2995,50.0,0.0,-5.0,-28.453,B,1.0,0.0,0.3,lost_target
1033,91761,20.23,69,0.0,0,0.6752,0.2083,34.5,0.0,-3.45,-10.821,B,1.0,0.0,0.3,
1034,91826,10.44,65,0.0,0,0.4982,0.3247,32.5,0.0,-3.25,-18.808,B,1.0,0.0,0.3,
1035,91902,11.88,76,0.0,0,0.4688,0.3227,38.0,0.0,-3.8,-22.318,B,1.0,0.0,0.3,
1036,92002,7.48,100,0.0,0,0.3509,0.2676,50.0,0.0,-5.0,-17.52,B,1.0,0.0,0.3,lost_target
1037,92102,-15.1,100,0.0,0,0.5201,0.3862,50.0,0.0,-5.0,-40.104,B,1.0,0.0,0.3,lost_target
1038,92202,4.67,100,0.0,0,0.2916,0.2756,50.0,0.0,-5.0,-20.331,B,1.0,0.0,0.3,lost_target
1039,92302,6.39,100,0.0,0,0.2522,0.2704,50.0,0.0,-5.0,-18.612,B,1.0,0.0,0.3,lost_target
1040,92350,7.45,48,0.0,0,0.4876,0.3295,24.0,0.0,-2.4,-14.146,B,1.0,0.0,0.3,
1041,92450,-12.08,100,0.0,0,0.3775,0.3874,50.0,0.0,-5.0,-37.077,B,1.0,0.0,0.3,lost_target
1042,92550,4.7,100,0.0,0,0.3067,0.2784,50.0,0.0,-5.0,-20.302,B,1.0,0.0,0.3,lost_target
1043,92650,3.98,100,0.0,0,0.2657,0.2922,50.0,0.0,-5.0,-21.017,B,1.0,0.0,0.3,lost_target
1044,92702,15.49,52,0.0,0,0.6119,0.221,26.0,0.0,-2.6,-7.913,B,1.0,0.0,0.3,
1045,92802,-5.07,100,0.0,0,0.5145,0.3261,50.0,0.0,-5.0,-30.067,B,1.0,0.0,0.3,lost_target
1046,92902,-13.37,100,0.0,0,0.4587,0.3737,50.0,0.0,-5.0,-38.365,B,1.0,0.0,0.3,lost_target
1047,93002,-0.11,100,0.0,0,0.3298,0.3199,50.0,0.0,-5.0,-25.108,B,1.0,0.0,0.3,lost_target
1048,93056,14.42,54,0.0,0,0.6027,0.2467,27.0,0.0,-2.7,-9.885,B,1.0,0.0,0.3,
1049,93127,18.78,71,0.0,0,0.4797,0.2516,35.5,0.0,-3.55,-13.17,B,1.0,0.0,0.3,
1050,93175,13.32,48,0.0,0,0.5963,0.2458,24.0,0.0,-2.4,-8.277,B,1.0,0.0,0.3,
1051,93275,-2.4,100,0.0,0,0.352,0.3253,50.0,0.0,-5.0,-27.398,B,1.0,0.0,0.3,lost_target
1052,93333,11.96,58,0.0,0,0.4524,0.3022,29.0,0.0,-2.9,-14.144,B,1.0,0.0,0.3,
1053,93433,7.2,100,0.0,0,0.2491,0.265,50.0,0.0,-5.0,-17.801,B,1.0,0.0,0.3,lost_target
1054,93512,18.5,79,0.0,0,0.4968,0.275,39.5,0.0,-3.95,-17.051,B,1.0,0.0,0.3,
1055,93555,14.2,43,0.0,0,0.7065,0.1994,21.5,0.0,-2.15,-5.148,B,1.0,0.0,0.3,
1056,93606,13.94,51,0.0,0,0.6529,0.2284,25.5,0.0,-2.55,-9.006,B,1.0,0.0,0.3,
1057,93666,14.85,60,0.0,0,0.4652,0.2658,30.0,0.0,-3.0,-12.149,B,1.0,0.0,0.3,
1058,93734,14.19,68,0.0,0,0.4645,0.2971,34.0,0.0,-3.4,-16.413,B,1.0,0.0,0.3,
1059,93834,-12.61,100,0.0,0,0.4548,0.3784,50.0,0.0,-5.0,-37.605,B,1.0,0.0,0.3,lost_target
1060,93902,13.54,68,0.0,0,0.4619,0.3049,34.0,0.0,-3.4,-17.061,B,1.0,0.0,0.3,
1061,93975,17.83,73,0.0,0,0.5109,0.271,36.5,0.0,-3.65,-15.016,B,1.0,0.0,0.3,
1062,94075,-1.76,100,0.0,0,0.3861,0.3174,50.0,0.0,-5.0,-26.758,B,1.0,0.0,0.3,lost_target
1063,94168,11.94,93,0.0,0,0.4304,0.348,46.5,0.0,-4.65,-29.906,B,1.0,0.0,0.3,
1064,94268,-4.15,100,0.0,0,0.5862,0.3036,50.0,0.0,-5.0,-29.147,B,1.0,0.0,0.3,lost_target
1065,94349,22.48,81,0.0,0,0.6852,0.2065,40.5,0.0,-4.05,-13.968,B,1.0,0.0,0.3,
1066,94440,14.09,91,0.0,0,0.4446,0.3252,45.5,0.0,-4.55,-26.863,B,1.0,0.0,0.3,
1067,94521,20.26,81,0.0,0,0.5045,0.257,40.5,0.0,-4.05,-16.194,B,1.0,0.0,0.3,
1068,94621,-16.45,100,0.0,0,0.473,0.3869,50.0,0.0,-5.0,-41.453,B,1.0,0.0,0.3,lost_target
1069,94721,-0.05,100,0.0,0,0.374,0.3037,50.0,0.0,-5.0,-25.053,B,1.0,0.0,0.3,lost_target
1070,94821,-5.19,100,0.0,0,0.515,0.3196,50.0,0.0,-5.0,-30.187,B,1.0,0.0,0.3,lost_target
1071,94901,18.86,80,0.0,0,0.4363,0.2762,40.0,0.0,-4.0,-17.145,B,1.0,0.0,0.3,
1072,94959,15.89,58,0.0,0,0.4625,0.2517,29.0,0.0,-2.9,-10.209,B,1.0,0.0,0.3,
1073,95035,17.25,76,0.0,0,0.522,0.2866,38.0,0.0,-3.8,-16.951,B,1.0,0.0,0.3,
1074,95108,20.03,73,0.0,0,0.361,0.2538,36.5,0.0,-3.65,-12.823,B,1.0,0.0,0.3,
1075,95208,6.03,100,0.0,0,0.2768,0.271,50.0,0.0,-5.0,-18.971,B,1.0,0.0,0.3,lost_target
1076,95308,-4.27,100,0.0,0,0.4376,0.3351,50.0,0.0,-5.0,-29.266,B,1.0,0.0,0.3,lost_target
1077,95353,9.69,45,0.0,0,0.6348,0.2655,22.5,0.0,-2.25,-10.56,B,1.0,0.0,0.3,
1078,95453,-3.95,100,0.0,0,0.5602,0.3067,50.0,0.0,-5.0,-28.947,B,1.0,0.0,0.3,lost_target
1079,95553,-6.24,100,0.0,0,0.5214,0.3343,50.0,0.0,-5.0,-31.244,B,1.0,0.0,0.3,lost_target
1080,95622,16.82,69,0.0,0,0.4564,0.2758,34.5,0.0,-3.45,-14.228,B,1.0,0.0,0.3,
1081,95717,20.68,95,0.0,0,0.5238,0.2774,47.5,0.0,-4.75,-22.071,B,1.0,0.0,0.3,
1082,95793,18.85,76,0.0,0,0.3766,0.2754,38.0,0.0,-3.8,-15.355,B,1.0,0.0,0.3,
1083,95893,6.68,100,0.0,0,0.6328,0.2272,50.0,0.0,-5.0,-18.321,B,1.0,0.0,0.3,lost_target
1084,95969,19.39,76,0.0,0,0.404,0.2674,38.0,0.0,-3.8,-14.815,B,1.0,0.0,0.3,
1085,96069,7.22,100,0.0,0,0.3254,0.2693,50.0,0.0,-5.0,-17.777,B,1.0,0.0,0.3,lost_target
1086,96116,13.01,47,0.0,0,0.5874,0.2508,23.5,0.0,-2.35,-8.142,B,1.0,0.0808,0.3,
1087,96216,-0.46,100,0.0,0,0.3393,0.3077,50.0,0.0,-5.0,-25.457,B,1.0,0.0849,0.3,lost_target
1088,96316,6.21,100,0.0,0,0.3025,0.2725,50.0,0.0,-5.0,-18.787,B,1.0,0.0575,0.3,lost_target
1089,96364,12.52,48,0.0,0,0.5889,0.2461,24.0,0.0,-2.4,-9.075,B,1.0,0.0,0.3,
1090,96448,19.04,84,0.0,0,0.636,0.2553,42.0,0.0,-4.2,-18.762,B,1.0,0.099,0.3,
1091,96548,-9.65,100,0.0,0,0.5559,0.3451,50.0,0.0,-5.0,-34.651,B,1.0,0.092,0.3,lost_target
1092,96648,-3.85,100,0.0,0,0.4641,0.3245,50.0,0.0,-5.0,-28.853,B,1.0,0.0,0.3,lost_target
1093,96737,17.94,89,0.0,0,0.4182,0.3073,44.5,0.0,-4.45,-22.109,B,1.0,0.066,0.3,
1094,96837,6.21,100,0.0,0,0.2688,0.269,50.0,0.0,-5.0,-18.788,B,1.0,0.0,0.3,lost_target
1095,96905,17.84,68,0.0,0,0.3988,0.2596,34.0,0.0,-3.4,-12.763,B,1.0,0.0865,0.3,
1096,97005,7.01,100,0.0,0,0.2297,0.2703,50.0,0.0,-5.0,-17.986,B,1.0,0.0,0.3,lost_target
1097,97046,8.73,41,0.0,0,0.529,0.29,20.5,0.0,-2.05,-9.72,B,1.0,0.0541,0.3,
1098,97125,18.06,79,0.0,0,0.3731,0.2984,39.5,0.0,-3.95,-17.486,B,1.0,0.0,0.3,
1099,97225,-1.59,100,0.0,0,0.2751,0.3262,50.0,0.0,-5.0,-26.586,B,1.0,0.0964,0.3,lost_target
1100,97277,13.53,52,0.0,0,0.4555,0.2644,26.0,0.0,-2.6,-9.871,B,1.0,0.0,0.3,
1101,97355,17.35,78,0.0,0,0.6655,0.2661,39.0,0.0,-3.9,-17.746,B,1.0,0.0,0.3,
1102,97455,-3.61,100,0.0,0,0.4168,0.3225,50.0,0.0,-5.0,-28.607,B,1.0,0.0844,0.3,lost_target
1103,97540,14.32,85,0.0,0,0.4143,0.3239,42.5,0.0,-4.25,-23.931,B,1.0,0.0,0.3,
1104,97605,14.94,65,0.0,0,0.4623,0.2928,32.5,0.0,-3.25,-14.306,B,1.0,0.0911,0.3,
1105,97659,9.85,54,0.0,0,0.476,0.3184,27.0,0.0,-2.7,-14.451,B,1.0,0.0,0.3,
1106,97759,0.81,100,0.0,0,0.381,0.2987,50.0,0.0,-5.0,-24.193,B,1.0,0.0,0.3,lost_target
1107,97859,7.27,100,0.0,0,0.2185,0.2706,50.0,0.0,-5.0,-17.731,B,1.0,0.0,0.3,lost_target
1108,97940,7.82,81,0.0,0,0.6378,0.3287,40.5,0.0,-4.05,-28.629,B,1.0,0.0,0.3,
1109,98013,19.54,73,0.0,0,0.6832,0.226,36.5,0.0,-3.65,-13.311,B,1.0,0.0556,0.3,
1110,98075,12.61,62,0.0,0,0.4675,0.3023,31.0,0.0,-3.1,-15.287,B,1.0,0.0,0.3,
1111,98137,15.72,62,0.0,0,0.3974,0.2735,31.0,0.0,-3.1,-12.185,B,1.0,0.073,0.3,
1112,98220,8.88,83,0.0,0,0.4593,0.3547,41.5,0.0,-4.15,-28.474,B,1.0,0.0,0.3,
1113,98283,15.94,63,0.0,0,0.4557,0.2754,31.5,0.0,-3.15,-12.409,B,1.0,0.0,0.3,
1114,98324,7.4,41,0.0,0,0.571,0.2923,20.5,0.0,-2.05,-11.049,B,1.0,0.0,0.3,
1115,98360,7.09,36,0.0,0,0.6337,0.2846,18.0,0.0,-1.8,-9.113,B,1.0,0.0836,0.3,
1116,98460,7.19,100,0.0,0,0.2722,0.2677,50.0,0.0,-5.0,-17.808,B,1.0,0.076,0.3,lost_target
1117,98538,11.17,78,0.0,0,0.6069,0.3139,39.0,0.0,-3.9,-23.932,B,1.0,0.0,0.3,
1118,98602,9.03,64,0.0,0,0.6535,0.309,32.0,0.0,-3.2,-19.769,B,1.0,0.0,0.3,
1119,98702,3.18,100,0.0,0,0.3287,0.3015,50.0,0.0,-5.0,-21.819,B,1.0,0.0534,0.3,lost_target
1120,98779,2.69,77,0.0,0,0.5486,0.3882,38.5,0.0,-3.85,-31.958,B,1.0,0.0747,0.3,
1121,98818,10.72,39,0.0,0,0.5268,0.251,19.5,0.0,-1.95,-6.832,B,1.0,0.0764,0.3,
1122,98884,8.02,66,0.0,0,0.5836,0.3235,33.0,0.0,-3.3,-21.676,B,1.0,0.0657,0.3,
1123,98960,13.99,76,0.0,0,0.6474,0.2788,38.0,0.0,-3.8,-20.208,B,1.0,0.0541,0.3,
1124,99019,9.48,59,0.0,0,0.4485,0.3331,29.5,0.0,-2.95,-17.073,B,1.0,0.0802,0.3,
1125,99053,8.9,34,0.0,0,0.5643,0.2608,17.0,0.0,-1.7,-6.396,B,1.0,0.0569,0.3,
1126,99121,14.27,68,0.0,0,0.6096,0.282,34.0,0.0,-3.4,-16.326,B,1.0,0.0983,0.3,
1127,99189,14.94,68,0.0,0,0.4329,0.2898,34.0,0.0,-3.4,-15.658,B,1.0,0.0748,0.3,
1128,99249,14.35,60,0.0,0,0.4986,0.2727,30.0,0.0,-3.0,-12.652,B,1.0,0.0509,0.3,
1129,99311,10.65,62,0.0,0,0.4859,0.3236,31.0,0.0,-3.1,-17.252,B,1.0,0.0915,0.3,
1130,99372,9.6,61,0.0,0,0.5128,0.3166,30.5,0.0,-3.05,-17.854,B,1.0,0.0954,0.3,
1131,99466,11.74,94,0.0,0,0.419,0.3505,47.0,0.0,-4.7,-30.556,B,1.0,0.0972,0.3,
1132,99501,6.55,35,0.0,0,0.6197,0.3105,17.5,0.0,-1.75,-9.198,B,1.0,0.0906,0.3,
1133,99579,11.63,78,0.0,0,0.6228,0.3066,39.0,0.0,-3.9,-23.472,B,1.0,0.071,0.3,
1134,99657,9.21,78,0.0,0,0.5907,0.3194,39.0,0.0,-3.9,-25.887,B,1.0,0.0501,0.3,
1135,99728,14.4,71,0.0,0,0.4239,0.3011,35.5,0.0,-3.55,-17.551,B,1.0,0.0853,0.3,
1136,99809,6.92,81,0.0,0,0.4678,0.3577,40.5,0.0,-4.05,-29.532,B,1.0,0.0928,0.3,
1137,99889,13.5,80,0.0,0,0.5775,0.2988,40.0,0.0,-4.0,-22.501,B,1.0,0.0509,0.3,
1138,99989,6.71,100,0.0,0,0.314,0.2689,50.0,0.0,-5.0,-18.293,B,1.0,0.0729,0.3,lost_target
1139,100050,11.94,61,0.0,0,0.4715,0.3114,30.5,0.0,-3.05,-15.511,C,1.0,0.0502,0.3,
1140,100122,8.13,72,0.0,0,0.5612,0.3391,36.0,0.0,-3.6,-24.269,C,1.0,0.0508,0.3,
1141,100204,23.22,82,0.0,0,0.3422,0.2574,41.0,0.0,-4.1,-13.684,C,1.0,0.051,0.3,
1142,100277,10.74,73,0.0,0,0.5643,0.3274,36.5,0.0,-3.65,-22.105,C,1.0,0.0502,0.3,
1143,100377,-2.55,100,0.0,0,0.4038,0.3241,50.0,0.0,-5.0,-27.55,C,1.0,0.0501,0.3,lost_target
1144,100411,3.95,34,0.0,0,0.6573,0.3242,17.0,0.0,-1.7,-11.346,C,1.0,0.0508,0.3,
1145,100462,8.83,51,0.0,0,0.4595,0.3149,25.5,0.0,-2.55,-14.119,C,1.0,0.0509,0.3,
1146,100551,18.16,89,0.0,0,0.4201,0.2983,44.5,0.0,-4.45,-21.888,C,1.0,0.05,0.3,
1147,100651,4.97,100,0.0,0,0.2496,0.2866,50.0,0.0,-5.0,-20.027,C,1.0,0.0507,0.3,lost_target
1148,100726,11.2,75,0.0,0,0.4714,0.3412,37.5,0.0,-3.75,-22.552,C,1.0,0.0503,0.3,
1149,100789,11.47,63,0.0,0,0.4681,0.3079,31.5,0.0,-3.15,-16.876,C,1.0,0.05,0.3,
1150,100882,18.91,93,0.0,0,0.381,0.3006,46.5,0.0,-4.65,-22.938,C,1.0,0.0506,0.3,
1151,100945,15.45,63,0.0,0,0.4111,0.2803,31.5,0.0,-3.15,-12.901,C,1.0,0.0506,0.3,
1152,101011,14.42,66,0.0,0,0.6006,0.2756,33.0,0.0,-3.3,-15.278,C,1.0,0.0508,0.3,
1153,101050,7.26,39,0.0,0,0.5703,0.3,19.5,0.0,-1.95,-10.285,C,1.0,0.0504,0.3,
1154,101105,11.74,55,0.0,0,0.5957,0.2749,27.5,0.0,-2.75,-13.007,C,1.0,0.0504,0.3,
1155,101205,4.71,100,0.0,0,0.2752,0.2832,50.0,0.0,-5.0,-20.288,C,1.0,0.0508,0.3,lost_target
1156,101244,4.96,39,0.0,0,0.5765,0.3398,19.5,0.0,-1.95,-12.588,C,1.0,0.0502,0.3,
1157,101303,8.82,59,0.0,0,0.4272,0.3414,29.5,0.0,-2.95,-17.729,C,1.0,0.0502,0.3,
1158,101365,12.0,62,0.0,0,0.4697,0.3043,31.0,0.0,-3.1,-15.904,C,1.0,0.0513,0.3,
1159,101404,4.96,39,0.0,0,0.6008,0.329,19.5,0.0,-1.95,-12.587,C,1.0,0.0503,0.3,
1160,101454,11.15,50,0.0,0,0.6574,0.2668,25.0,0.0,-2.5,-11.352,C,1.0,0.0503,0.3,
1161,101539,19.57,85,0.0,0,0.3862,0.2889,42.5,0.0,-4.25,-18.681,C,1.0,0.0515,0.3,
1162,101579,7.19,40,0.0,0,0.5432,0.3067,20.0,0.0,-2.0,-10.81,C,1.0,0.0514,0.3,
1163,101679,-4.21,100,0.0,0,0.3546,0.3375,50.0,0.0,-5.0,-29.205,C,1.0,0.051,0.3,lost_target
1164,101724,7.6,45,0.0,0,0.5406,0.3066,22.5,0.0,-2.25,-12.647,C,1.0,0.0507,0.3,
1165,101796,17.01,72,0.0,0,0.3852,0.2892,36.0,0.0,-3.6,-15.395,C,1.0,0.0509,0.3,
1166,101831,7.38,35,0.0,0,0.5967,0.2774,17.5,0.0,-1.75,-8.373,C,1.0,0.0509,0.3,
1167,101931,3.31,100,0.0,0,0.2912,0.295,50.0,0.0,-5.0,-21.69,C,1.0,0.0513,0.3,lost_target
1168,101989,14.92,58,0.0,0,0.5128,0.2559,29.0,0.0,-2.9,-11.183,C,1.0,0.0513,0.3,
1169,102089,0.76,100,0.0,0,0.3667,0.299,50.0,0.0,-5.0,-24.241,C,1.0,0.0506,0.3,lost_target
1170,102146,9.79,57,0.0,0,0.4916,0.3237,28.5,0.0,-2.85,-15.856,C,1.0,0.0519,0.3,
1171,102172,7.32,26,0.0,0,0.6132,0.2321,13.0,0.0,-1.3,-4.38,C,1.0,0.0501,0.3,
1172,102248,4.4,76,0.0,0,0.5183,0.3794,38.0,0.0,-3.8,-29.799,C,1.0,0.0517,0.3,
1173,102348,-4.5,100,0.0,0,0.3447,0.3358,50.0,0.0,-5.0,-29.496,C,1.0,0.051,0.3,lost_target
1174,102373,6.93,25,0.0,0,0.6249,0.2385,12.5,0.0,-1.25,-4.318,C,1.0,0.0507,0.3,
1175,102431,12.09,58,0.0,0,0.6616,0.2662,29.0,0.0,-2.9,-14.011,C,1.0,0.0509,0.3,
1176,102526,13.83,95,0.0,0,0.3686,0.3477,47.5,0.0,-4.75,-28.919,C,1.0,0.052,0.3,
1177,102619,18.12,93,0.0,0,0.3943,0.313,46.5,0.0,-4.65,-23.734,C,1.0,0.0525,0.3,
1178,102695,12.66,76,0.0,0,0.4837,0.3158,38.0,0.0,-3.8,-21.542,C,1.0,0.0525,0.3,
1179,102746,7.69,51,0.0,0,0.5609,0.3245,25.5,0.0,-2.55,-15.259,C,1.0,0.0513,0.3,
1180,102805,14.12,59,0.0,0,0.5988,0.2626,29.5,0.0,-2.95,-12.43,C,1.0,0.0508,0.3,
1181,102847,9.82,42,0.0,0,0.5275,0.2783,21.0,0.0,-2.1,-9.083,C,1.0,0.0514,0.3,
1182,102922,16.18,75,0.0,0,0.4326,0.2999,37.5,0.0,-3.75,-17.57,C,1.0,0.0509,0.3,
1183,102953,8.49,31,0.0,0,0.5729,0.239,15.5,0.0,-1.55,-5.464,C,1.0,0.0517,0.3,
1184,103005,9.74,52,0.0,0,0.516,0.3119,26.0,0.0,-2.6,-13.662,C,1.0,0.0521,0.3,
1185,103105,-1.32,100,0.0,0,0.3344,0.3113,50.0,0.0,-5.0,-26.322,C,1.0,0.0529,0.3,lost_target
1186,103177,16.3,72,0.0,0,0.399,0.2844,36.0,0.0,-3.6,-16.1,C,1.0,0.0515,0.3,
1187,103245,15.24,68,0.0,0,0.6028,0.2808,34.0,0.0,-3.4,-15.356,C,1.0,0.0501,0.3,
1188,103333,20.71,88,0.0,0,0.3756,0.2879,44.0,0.0,-4.4,-18.894,C,1.0,0.0508,0.3,
1189,103366,7.72,33,0.0,0,0.4873,0.2796,16.5,0.0,-1.65,-7.132,C,1.0,0.0503,0.3,
1190,103439,13.57,73,0.0,0,0.5075,0.3165,36.5,0.0,-3.65,-19.281,C,1.0,0.0523,0.3,
1191,103539,10.33,100,0.0,0,0.2234,0.2388,50.0,0.0,-5.0,-14.671,C,1.0,0.0529,0.3,lost_target
1192,103555,4.65,16,0.0,0,0.748,0.1855,8.0,0.0,-0.8,-2.546,C,1.0,0.0513,0.3,
1193,103655,3.31,100,0.0,0,0.3244,0.2945,50.0,0.0,-5.0,-21.69,C,1.0,0.0504,0.3,lost_target
1194,103670,4.51,15,0.0,0,0.7102,0.1837,7.5,0.0,-0.75,-2.241,C,1.0,0.0505,0.3,
1195,103686,4.78,16,0.0,0,0.7391,0.1917,8.0,0.0,-0.8,-2.416,C,1.0,0.0523,0.3,
1196,103703,2.6,17,0.0,0,0.7434,0.2839,8.5,0.0,-0.85,-5.046,C,1.0,0.0507,0.3,
1197,103751,13.58,48,0.0,0,0.6578,0.2487,24.0,0.0,-2.4,-8.019,C,1.0,0.0532,0.3,
1198,103796,10.53,45,0.0,0,0.4909,0.2771,22.5,0.0,-2.25,-9.718,C,1.0,0.0505,0.3,
1199,103862,14.05,66,0.0,0,0.4323,0.2872,33.0,0.0,-3.3,-15.651,C,1.0,0.0532,0.3,
1200,103916,12.47,54,0.0,0,0.5927,0.263,27.0,0.0,-2.7,-11.833,C,1.0,0.0528,0.3,
1201,103961,11.2,45,0.0,0,0.5199,0.2535,22.5,0.0,-2.25,-9.048,C,1.0,0.0519,0.3,
1202,104035,11.95,74,0.0,0,0.4968,0.3252,37.0,0.0,-3.7,-21.35,C,1.0,0.0539,0.3,
1203,104082,7.49,47,0.0,0,0.5238,0.3133,23.5,0.0,-2.35,-13.661,C,1.0,0.0531,0.3,
1204,104135,12.41,53,0.0,0,0.6204,0.274,26.5,0.0,-2.65,-11.439,C,1.0,0.0509,0.3,
1205,104235,6.75,100,0.0,0,0.354,0.2683,50.0,0.0,-5.0,-18.251,C,1.0,0.0511,0.3,lost_target
1206,104287,8.46,52,0.0,0,0.5225,0.3214,26.0,0.0,-2.6,-14.938,C,1.0,0.0514,0.3,
1207,104306,5.95,19,0.0,0,0.6741,0.192,9.5,0.0,-0.95,-2.604,C,1.0,0.0512,0.3,
1208,104355,11.49,49,0.0,0,0.5197,0.2918,24.5,0.0,-2.45,-10.563,C,1.0,0.0506,0.3,
1209,104375,3.75,20,0.0,0,0.703,0.2643,10.0,0.0,-1.0,-5.246,C,1.0,0.0512,0.3,
1210,104426,9.61,51,0.0,0,0.5112,0.302,25.5,0.0,-2.55,-13.339,C,1.0,0.0511,0.3,
1211,104471,9.56,45,0.0,0,0.5262,0.2815,22.5,0.0,-2.25,-10.695,C,1.0,0.0543,0.3,
1212,104547,11.4,76,0.0,0,0.5303,0.3211,38.0,0.0,-3.8,-22.801,C,1.0,0.0509,0.3,
1213,104565,3.08,18,0.0,0,0.784,0.2404,9.0,0.0,-0.9,-5.021,C,1.0,0.052,0.3,
1214,104592,6.08,27,0.0,0,0.7227,0.2277,13.5,0.0,-1.35,-6.066,C,1.0,0.0528,0.3,
1215,104688,12.21,96,0.0,0,0.4099,0.351,48.0,0.0,-4.8,-30.99,C,1.0,0.0516,0.3,
1216,104758,18.05,70,0.0,0,0.3666,0.2634,35.0,0.0,-3.5,-13.447,C,1.0,0.0546,0.3,
1217,104818,11.79,60,0.0,0,0.4914,0.3014,30.0,0.0,-3.0,-15.212,C,1.0,0.0517,0.3,
1218,104832,3.92,14,0.0,0,0.7511,0.1945,7.0,0.0,-0.7,-2.379,C,1.0,0.0545,0.3,
1219,104855,3.97,23,0.0,0,0.6444,0.2946,11.5,0.0,-1.15,-6.379,C,1.0,0.0512,0.3,
1220,104939,19.45,84,0.0,0,0.3672,0.2734,42.0,0.0,-4.2,-18.346,C,1.0,0.0543,0.3,
1221,105039,10.7,100,0.0,0,0.2125,0.2364,50.0,0.0,-5.0,-14.297,C,1.0,0.0531,0.3,lost_target
1222,105134,21.85,95,0.0,0,0.3449,0.285,47.5,0.0,-4.75,-20.899,C,1.0,0.0526,0.3,
1223,105155,6.06,21,0.0,0,0.6748,0.208,10.5,0.0,-1.05,-3.395,C,1.0,0.05,0.3,
1224,105255,-0.3,100,0.0,0,0.2943,0.3153,50.0,0.0,-5.0,-25.299,C,1.0,0.0546,0.3,lost_target
1225,105270,3.69,15,0.0,0,0.8165,0.1918,7.5,0.0,-0.75,-3.065,C,1.0,0.052,0.3,
1226,105300,5.96,30,0.0,0,0.6754,0.2747,15.0,0.0,-1.5,-7.543,C,1.0,0.0516,0.3,
1227,105314,2.08,14,0.0,0,0.7978,0.2412,7.0,0.0,-0.7,-4.22,C,1.0,0.0518,0.3,
1228,105396,16.3,82,0.0,0,0.4594,0.2963,41.0,0.0,-4.1,-20.603,C,1.0,0.0547,0.3,
1229,105496,5.68,100,0.0,0,0.276,0.282,50.0,0.0,-5.0,-19.32,C,1.0,0.0536,0.3,lost_target
1230,105515,6.24,19,0.0,0,0.8143,0.1628,9.5,0.0,-0.95,-2.309,C,1.0,0.0534,0.3,
1231,105541,6.54,26,0.0,0,0.6142,0.2565,13.0,0.0,-1.3,-5.16,C,1.0,0.0509,0.3,
1232,105635,17.7,94,0.0,0,0.536,0.2947,47.0,0.0,-4.7,-24.599,C,1.0,0.053,0.3,
1233,105735,3.29,100,0.0,0,0.2817,0.294,50.0,0.0,-5.0,-21.712,C,1.0,0.0551,0.3,lost_target
1234,105830,10.33,95,0.0,0,0.4842,0.3522,47.5,0.0,-4.75,-32.419,C,1.0,0.0517,0.3,
1235,105930,6.27,100,0.0,0,0.2208,0.2787,50.0,0.0,-5.0,-18.727,C,1.0,0.0539,0.3,lost_target
1236,105969,10.58,39,0.0,0,0.6704,0.2405,19.5,0.0,-1.95,-6.968,C,1.0,0.0525,0.3,
1237,105992,5.83,23,0.0,0,0.7128,0.2367,11.5,0.0,-1.15,-4.517,C,1.0,0.0523,0.3,
1238,106091,22.92,99,0.0,0,0.3919,0.283,49.5,0.0,-4.95,-21.627,C,1.0,0.052,0.3,
1239,106122,5.52,31,0.0,0,0.6578,0.2784,15.5,0.0,-1.55,-8.432,C,1.0,0.0554,0.3,
1240,106199,16.03,77,0.0,0,0.4475,0.2894,38.5,0.0,-3.85,-18.619,C,1.0,0.0561,0.3,
1241,106261,13.46,62,0.0,0,0.4912,0.281,31.0,0.0,-3.1,-14.436,C,1.0,0.0507,0.3,
1242,106290,6.02,29,0.0,0,0.6516,0.268,14.5,0.0,-1.45,-7.027,C,1.0,0.0508,0.3,
1243,106314,5.16,24,0.0,0,0.7572,0.2335,12.0,0.0,-1.2,-5.644,C,1.0,0.0503,0.3,
1244,106341,2.09,27,0.0,0,0.7531,0.3109,13.5,0.0,-1.35,-10.06,C,1.0,0.053,0.3,
1245,106441,-7.97,100,0.0,0,0.3642,0.3601,50.0,0.0,-5.0,-32.966,C,1.0,0.0509,0.3,lost_target
1246,106534,23.43,93,0.0,0,0.3323,0.2726,46.5,0.0,-4.65,-18.421,C,1.0,0.0554,0.3,
1247,106570,10.73,36,0.0,0,0.6843,0.227,18.0,0.0,-1.8,-5.473,C,1.0,0.0561,0.3,
1248,106621,13.21,51,0.0,0,0.6671,0.2312,25.5,0.0,-2.55,-9.735,C,1.0,0.0547,0.3,
1249,106678,11.51,57,0.0,0,0.4753,0.2943,28.5,0.0,-2.85,-14.136,C,1.0,0.0517,0.3,
1250,106743,16.79,65,0.0,0,0.5404,0.2447,32.5,0.0,-3.25,-12.463,C,1.0,0.0567,0.3,
1251,106801,10.62,58,0.0,0,0.4815,0.3058,29.0,0.0,-2.9,-15.48,C,1.0,0.0521,0.3,
1252,106869,13.2,68,0.0,0,0.4533,0.2839,34.0,0.0,-3.4,-17.397,C,1.0,0.0528,0.3,
1253,106965,20.13,96,0.0,0,0.4351,0.2972,48.0,0.0,-4.8,-23.074,C,1.0,0.0544,0.3,
1254,107042,7.01,77,0.0,0,0.4466,0.3773,38.5,0.0,-3.85,-27.641,C,1.0,0.055,0.3,
1255,107095,9.4,53,0.0,0,0.6598,0.2775,26.5,0.0,-2.65,-14.452,C,1.0,0.0521,0.3,
1256,107162,4.04,67,0.0,0,0.6177,0.347,33.5,0.0,-3.35,-26.114,C,1.0,0.0516,0.3,
1257,107224,7.36,62,0.0,0,0.5905,0.3342,31.0,0.0,-3.1,-20.539,C,1.0,0.054,0.3,
1258,107314,18.56,90,0.0,0,0.491,0.2947,45.0,0.0,-4.5,-21.945,C,1.0,0.0529,0.3,
1259,107356,7.7,42,0.0,0,0.56,0.3089,21.0,0.0,-2.1,-11.203,C,1.0,0.0553,0.3,
1260,107434,17.58,78,0.0,0,0.4201,0.291,39.0,0.0,-3.9,-17.517,C,1.0,0.0502,0.3,
1261,107534,-4.74,100,0.0,0,0.4161,0.3331,50.0,0.0,-5.0,-29.74,C,1.0,0.0574,0.3,lost_target
1262,107571,7.22,37,0.0,0,0.6476,0.2859,18.5,0.0,-1.85,-9.43,C,1.0,0.0511,0.3,
1263,107642,17.02,71,0.0,0,0.4767,0.2747,35.5,0.0,-3.55,-14.929,C,1.0,0.0502,0.3,
1264,107687,4.65,45,0.0,0,0.5783,0.333,22.5,0.0,-2.25,-15.6,C,1.0,0.0516,0.3,
1265,107729,3.89,42,0.0,0,0.6151,0.3499,21.0,0.0,-2.1,-15.014,C,1.0,0.0503,0.3,
1266,107777,-0.61,48,0.0,0,0.575,0.3832,24.0,0.0,-2.4,-22.213,C,1.0,0.0558,0.3,
1267,107877,-3.35,100,0.0,0,0.3593,0.3099,50.0,0.0,-5.0,-28.349,C,1.0,0.0558,0.3,lost_target
1268,107977,-2.23,100,0.0,0,0.365,0.3181,50.0,0.0,-5.0,-27.235,C,1.0,0.0542,0.3,lost_target
1269,108050,11.22,73,0.0,0,0.5305,0.3303,36.5,0.0,-3.65,-21.632,C,1.0,0.0502,0.3,
1270,108113,13.43,63,0.0,0,0.4684,0.3032,31.5,0.0,-3.15,-14.916,C,1.0,0.0536,0.3,
1271,108213,5.4,100,0.0,0,0.3007,0.28,50.0,0.0,-5.0,-19.596,C,1.0,0.0511,0.3,lost_target
1272,108277,10.75,64,0.0,0,0.4145,0.3165,32.0,0.0,-3.2,-18.055,C,1.0,0.0501,0.3,
1273,108322,10.26,45,0.0,0,0.6298,0.2555,22.5,0.0,-2.25,-9.993,C,1.0,0.0513,0.3,
1274,108370,10.61,48,0.0,0,0.6346,0.2573,24.0,0.0,-2.4,-10.991,C,1.0,0.0572,0.3,
1275,108422,9.45,52,0.0,0,0.4645,0.308,26.0,0.0,-2.6,-13.95,C,1.0,0.0567,0.3,
1276,108491,6.18,69,0.0,0,0.4578,0.3704,34.5,0.0,-3.45,-24.867,C,1.0,0.0524,0.3,
1277,108582,17.32,91,0.0,0,0.4512,0.3023,45.5,0.0,-4.55,-23.626,C,1.0,0.0531,0.3,
1278,108651,12.46,69,0.0,0,0.4017,0.3096,34.5,0.0,-3.45,-18.59,C,1.0,0.0518,0.3,
1279,108746,15.59,95,0.0,0,0.4495,0.3061,47.5,0.0,-4.75,-27.156,C,1.0,0.0522,0.3,
1280,108834,4.59,88,0.0,0,0.4187,0.3942,44.0,0.0,-4.4,-35.013,C,1.0,0.052,0.3,
1281,108911,10.9,77,0.0,0,0.4526,0.3388,38.5,0.0,-3.85,-23.746,C,1.0,0.0583,0.3,
1282,108951,5.89,40,0.0,0,0.5337,0.324,20.0,0.0,-2.0,-12.112,C,1.0,0.0515,0.3,
1283,109014,14.06,63,0.0,0,0.4717,0.282,31.5,0.0,-3.15,-14.291,C,1.0,0.0574,0.3,
1284,109074,15.28,60,0.0,0,0.5621,0.249,30.0,0.0,-3.0,-11.715,C,1.0,0.0529,0.3,
1285,109174,5.17,100,0.0,0,0.2375,0.28,50.0,0.0,-5.0,-19.826,C,1.0,0.0575,0.3,lost_target
1286,109247,17.71,73,0.0,0,0.5067,0.2685,36.5,0.0,-3.65,-15.137,C,1.0,0.0507,0.3,
1287,109314,11.4,67,0.0,0,0.4367,0.3072,33.5,0.0,-3.35,-18.748,C,1.0,0.0514,0.3,
1288,109413,20.33,99,0.0,0,0.3946,0.2928,49.5,0.0,-4.95,-24.22,C,1.0,0.0546,0.3,
1289,109513,-6.23,100,0.0,0,0.3756,0.355,50.0,0.0,-5.0,-31.229,C,1.0,0.0507,0.3,lost_target
1290,109590,18.09,77,0.0,0,0.4192,0.2858,38.5,0.0,-3.85,-16.556,C,1.0,0.0576,0.3,
1291,109658,18.95,68,0.0,0,0.5445,0.2328,34.0,0.0,-3.4,-11.652,C,1.0,0.0521,0.3,
1292,109740,19.88,82,0.0,0,0.4151,0.2765,41.0,0.0,-4.1,-17.017,C,1.0,0.0583,0.3,
1293,109793,7.4,53,0.0,0,0.4968,0.3446,26.5,0.0,-2.65,-16.454,C,1.0,0.0571,0.3,
1294,109893,-10.93,100,0.0,0,0.3731,0.3781,50.0,0.0,-5.0,-35.93,C,1.0,0.0576,0.3,lost_target
1295,109949,12.16,56,0.0,0,0.4852,0.2878,28.0,0.0,-2.8,-13.035,C,1.0,0.0521,0.3,
1296,109977,-0.06,28,0.0,0,0.5702,0.4248,14.0,0.0,-1.4,-12.664,C,1.0,0.0505,0.3,
1297,110071,19.84,94,0.0,0,0.4117,0.3132,47.0,0.0,-4.7,-22.462,C,1.0,0.0512,0.3,
1298,110124,11.68,53,0.0,0,0.6064,0.2735,26.5,0.0,-2.65,-12.172,C,1.0,0.0549,0.3,
1299,110224,0.08,100,0.0,0,0.3526,0.3108,50.0,0.0,-5.0,-24.923,C,1.0,0.0507,0.3,lost_target
1300,110252,-0.77,28,0.0,0,0.5816,0.4297,14.0,0.0,-1.4,-13.375,C,1.0,0.0559,0.3,
1301,110317,11.74,65,0.0,0,0.4359,0.3198,32.5,0.0,-3.25,-17.509,C,1.0,0.0502,0.3,
1302,110365,3.8,48,0.0,0,0.5367,0.3457,24.0,0.0,-2.4,-17.802,C,1.0,0.0517,0.3,
1303,110430,11.8,65,0.0,0,0.426,0.3243,32.5,0.0,-3.25,-17.448,C,1.0,0.0536,0.3,
1304,110527,26.01,97,0.0,0,0.2746,0.2562,48.5,0.0,-4.85,-17.639,C,1.0,0.0503,0.3,
1305,110602,17.27,75,0.0,0,0.4595,0.2826,37.5,0.0,-3.75,-16.485,C,1.0,0.056,0.3,
1306,110658,3.92,56,0.0,0,0.4889,0.3803,28.0,0.0,-2.8,-21.281,C,1.0,0.051,0.3,
1307,110749,23.54,91,0.0,0,0.354,0.2689,45.5,0.0,-4.55,-17.412,C,1.0,0.0546,0.3,
1308,110849,-7.57,100,0.0,0,0.4522,0.3455,50.0,0.0,-5.0,-32.572,C,1.0,0.0582,0.3,lost_target
1309,110927,19.68,78,0.0,0,0.3286,0.2696,39.0,0.0,-3.9,-15.42,C,1.0,0.0547,0.3,
1310,110980,9.15,53,0.0,0,0.4101,0.3161,26.5,0.0,-2.65,-14.699,C,1.0,0.0556,0.3,
1311,111056,5.79,76,0.0,0,0.4707,0.3852,38.0,0.0,-3.8,-28.414,C,1.0,0.0509,0.3,
1312,111156,4.41,100,0.0,0,0.2967,0.2795,50.0,0.0,-5.0,-20.595,C,1.0,0.0594,0.3,lost_target
1313,111231,7.49,75,0.0,0,0.3925,0.3581,37.5,0.0,-3.75,-26.258,C,1.0,0.0512,0.3,
1314,111296,14.29,65,0.0,0,0.4334,0.2827,32.5,0.0,-3.25,-14.964,C,1.0,0.0566,0.3,
1315,111376,8.35,80,0.0,0,0.4295,0.3587,40.0,0.0,-4.0,-27.651,C,1.0,0.0606,0.3,
1316,111458,14.91,82,0.0,0,0.4994,0.3025,41.0,0.0,-4.1,-21.99,C,1.0,0.054,0.3,
1317,111520,12.83,62,0.0,0,0.4773,0.2826,31.0,0.0,-3.1,-15.068,C,1.0,0.0582,0.3,
1318,111620,0.39,100,0.0,0,0.3123,0.3055,50.0,0.0,-5.0,-24.605,C,1.0,0.0584,0.3,lost_target
1319,111693,14.41,73,0.0,0,0.4537,0.3053,36.5,0.0,-3.65,-18.437,C,1.0,0.0512,0.3,
1320,111759,13.41,66,0.0,0,0.5609,0.2827,33.0,0.0,-3.3,-16.287,C,1.0,0.0604,0.3,
1321,111826,12.65,67,0.0,0,0.491,0.3041,33.5,0.0,-3.35,-17.503,C,1.0,0.0527,0.3,
1322,111897,14.67,71,0.0,0,0.4426,0.2928,35.5,0.0,-3.55,-17.276,C,1.0,0.0565,0.3,
1323,111951,11.2,54,0.0,0,0.586,0.2915,27.0,0.0,-2.7,-13.098,C,1.0,0.0578,0.3,
1324,112039,22.57,88,0.0,0,0.4315,0.2732,44.0,0.0,-4.4,-17.03,C,1.0,0.0502,0.3,
1325,112121,25.44,82,0.0,0,0.5408,0.2192,41.0,0.0,-4.1,-11.463,C,1.0,0.0578,0.3,
1326,112210,21.96,89,0.0,0,0.4032,0.2692,44.5,0.0,-4.45,-18.093,C,1.0,0.0592,0.3,
1327,112275,17.24,65,0.0,0,0.4748,0.2525,32.5,0.0,-3.25,-12.006,C,1.0,0.0509,0.3,
1328,112361,20.02,86,0.0,0,0.438,0.2941,43.0,0.0,-4.3,-18.683,C,1.0,0.0575,0.3,
1329,112430,16.36,69,0.0,0,0.4483,0.2752,34.5,0.0,-3.45,-14.691,C,1.0,0.0541,0.3,
1330,112512,17.2,82,0.0,0,0.3843,0.3017,41.0,0.0,-4.1,-19.699,C,1.0,0.053,0.3,
1331,112612,4.51,100,0.0,0,0.3463,0.2791,50.0,0.0,-5.0,-20.486,C,1.0,0.0582,0.3,lost_target
1332,112712,1.95,100,0.0,0,0.2636,0.302,50.0,0.0,-5.0,-23.05,C,1.0,0.0619,0.3,lost_target
1333,112803,20.57,91,0.0,0,0.371,0.2848,45.5,0.0,-4.55,-20.384,C,1.0,0.0576,0.3,
1334,112869,17.15,66,0.0,0,0.4576,0.2724,33.0,0.0,-3.3,-12.547,C,1.0,0.0541,0.3,
1335,112944,12.69,75,0.0,0,0.5035,0.3084,37.5,0.0,-3.75,-21.065,C,1.0,0.0573,0.3,
1336,113038,26.82,94,0.0,0,0.3303,0.2455,47.0,0.0,-4.7,-15.479,C,1.0,0.0589,0.3,
1337,113107,14.0,69,0.0,0,0.4974,0.2938,34.5,0.0,-3.45,-17.049,C,1.0,0.053,0.3,
1338,113162,15.01,55,0.0,0,0.4359,0.2511,27.5,0.0,-2.75,-9.74,C,1.0,0.0533,0.3,
1339,113211,9.41,49,0.0,0,0.5829,0.312,24.5,0.0,-2.45,-12.635,C,1.0,0.0506,0.3,
1340,113311,8.52,100,0.0,0,0.2228,0.2599,50.0,0.0,-5.0,-16.478,C,1.0,0.0583,0.3,lost_target
1341,113411,-3.39,100,0.0,0,0.2951,0.3369,50.0,0.0,-5.0,-28.388,C,1.0,0.0598,0.3,lost_target
1342,113476,14.09,65,0.0,0,0.6818,0.2603,32.5,0.0,-3.25,-15.158,C,1.0,0.0584,0.3,
1343,113548,10.61,72,0.0,0,0.5035,0.3289,36.0,0.0,-3.6,-21.794,C,1.0,0.0523,0.3,
1344,113598,13.45,50,0.0,0,0.5524,0.255,25.0,0.0,-2.5,-9.046,C,1.0,0.0604,0.3,
1345,113698,-0.49,100,0.0,0,0.3497,0.3185,50.0,0.0,-5.0,-25.493,C,1.0,0.0616,0.3,lost_target
1346,113761,13.83,63,0.0,0,0.4686,0.2917,31.5,0.0,-3.15,-14.518,C,1.0,0.0582,0.3,
1347,113835,18.2,74,0.0,0,0.4394,0.2759,37.0,0.0,-3.7,-15.099,C,1.0,0.0562,0.3,
1348,113893,13.02,58,0.0,0,0.4576,0.2901,29.0,0.0,-2.9,-13.083,C,1.0,0.0548,0.3,
1349,113962,13.3,69,0.0,0,0.4622,0.2995,34.5,0.0,-3.45,-17.752,C,1.0,0.0569,0.3,
1350,114058,12.23,96,0.0,0,0.4963,0.3315,48.0,0.0,-4.8,-30.97,C,1.0,0.0567,0.3,
1351,114119,15.24,61,0.0,0,0.4733,0.2789,30.5,0.0,-3.05,-12.209,C,1.0,0.0638,0.3,
1352,114211,23.89,92,0.0,0,0.347,0.2584,46.0,0.0,-4.6,-17.507,C,1.0,0.0502,0.3,
1353,114286,18.97,75,0.0,0,0.392,0.2821,37.5,0.0,-3.75,-14.78,C,1.0,0.0599,0.3,
1354,114356,18.56,70,0.0,0,0.4077,0.2651,35.0,0.0,-3.5,-12.944,C,1.0,0.057,0.3,
1355,114450,20.7,94,0.0,0,0.3416,0.2976,47.0,0.0,-4.7,-21.595,C,1.0,0.0527,0.3,
1356,114511,13.95,61,0.0,0,0.4493,0.286,30.5,0.0,-3.05,-13.499,C,1.0,0.0642,0.3,
1357,114591,21.77,80,0.0,0,0.5762,0.2407,40.0,0.0,-4.0,-14.226,C,1.0,0.0575,0.3,
1358,114655,14.93,64,0.0,0,0.386,0.2811,32.0,0.0,-3.2,-13.869,C,1.0,0.0624,0.3,
1359,114735,17.27,80,0.0,0,0.4697,0.2899,40.0,0.0,-4.0,-18.735,C,1.0,0.062,0.3,
1360,114801,0.44,66,0.0,0,0.5346,0.3981,33.0,0.0,-3.3,-29.264,C,1.0,0.0554,0.3,
1361,114857,9.22,56,0.0,0,0.478,0.2969,28.0,0.0,-2.8,-15.981,C,1.0,0.0527,0.3,
1362,114931,19.36,74,0.0,0,0.4371,0.2574,37.0,0.0,-3.7,-13.944,C,1.0,0.057,0.3,
1363,114991,15.09,60,0.0,0,0.6248,0.2496,30.0,0.0,-3.0,-11.907,C,1.0,0.0557,0.3,
1364,115032,10.16,41,0.0,0,0.6261,0.2674,20.5,0.0,-2.05,-8.291,C,1.0,0.0531,0.3,
1365,115087,11.78,55,0.0,0,0.5946,0.2713,27.5,0.0,-2.75,-12.969,C,1.0,0.0545,0.3,
1366,115164,17.5,77,0.0,0,0.423,0.2906,38.5,0.0,-3.85,-17.152,C,1.0,0.0621,0.3,
1367,115218,9.56,54,0.0,0,0.5409,0.3186,27.0,0.0,-2.7,-14.741,C,1.0,0.0578,0.3,
1368,115290,19.36,72,0.0,0,0.6213,0.2338,36.0,0.0,-3.6,-13.043,C,1.0,0.0537,0.3,
1369,115377,18.02,87,0.0,0,0.4588,0.2984,43.5,0.0,-4.35,-21.127,C,1.0,0.054,0.3,
1370,115433,13.72,56,0.0,0,0.4972,0.2634,28.0,0.0,-2.8,-11.485,C,1.0,0.0641,0.3,
1371,115496,13.36,63,0.0,0,0.5997,0.2764,31.5,0.0,-3.15,-14.989,C,1.0,0.0536,0.3,
1372,115556,15.39,60,0.0,0,0.6499,0.2391,30.0,0.0,-3.0,-11.607,C,1.0,0.0576,0.3,
1373,115616,12.46,60,0.0,0,0.4645,0.2779,30.0,0.0,-3.0,-14.537,C,1.0,0.0556,0.3,
1374,115666,12.84,50,0.0,0,0.6617,0.2465,25.0,0.0,-2.5,-9.663,C,1.0,0.0605,0.3,
1375,115759,15.89,93,0.0,0,0.5007,0.3095,46.5,0.0,-4.65,-25.957,C,1.0,0.0617,0.3,
1376,115859,7.76,100,0.0,0,0.2519,0.2543,50.0,0.0,-5.0,-17.238,C,1.0,0.0553,0.3,lost_target
1377,115950,16.8,91,0.0,0,0.4039,0.3159,45.5,0.0,-4.55,-24.148,C,1.0,0.0541,0.3,
1378,116036,23.26,86,0.0,0,0.3355,0.2653,43.0,0.0,-4.3,-15.439,C,1.0,0.051,0.3,
1379,116075,10.67,39,0.0,0,0.7098,0.2281,19.5,0.0,-1.95,-6.884,C,1.0,0.0549,0.3,
1380,116122,3.54,47,0.0,0,0.4962,0.3715,23.5,0.0,-2.35,-17.614,C,1.0,0.0582,0.3,
1381,116183,14.09,61,0.0,0,0.4644,0.2895,30.5,0.0,-3.05,-13.36,C,1.0,0.0575,0.3,
1382,116237,11.23,54,0.0,0,0.5091,0.2913,27.0,0.0,-2.7,-13.066,C,1.0,0.0527,0.3,
1383,116306,15.45,69,0.0,0,0.4945,0.3041,34.5,0.0,-3.45,-15.596,C,1.0,0.0553,0.3,
1384,116366,15.65,60,0.0,0,0.4682,0.2742,30.0,0.0,-3.0,-11.352,C,1.0,0.0562,0.3,
1385,116432,11.06,66,0.0,0,0.5101,0.3128,33.0,0.0,-3.3,-18.638,C,1.0,0.0539,0.3,
1386,116484,11.73,52,0.0,0,0.4632,0.2906,26.0,0.0,-2.6,-11.671,C,1.0,0.055,0.3,
1387,116555,15.36,71,0.0,0,0.4552,0.2949,35.5,0.0,-3.55,-16.594,C,1.0,0.0662,0.3,
1388,116604,13.01,49,0.0,0,0.6547,0.2406,24.5,0.0,-2.45,-9.043,C,1.0,0.055,0.3,
1389,116704,9.89,100,0.0,0,0.3268,0.2281,50.0,0.0,-5.0,-15.113,C,1.0,0.0581,0.3,lost_target
1390,116750,12.48,46,0.0,0,0.6458,0.2482,23.0,0.0,-2.3,-8.221,C,1.0,0.0656,0.3,
1391,116807,12.53,57,0.0,0,0.5957,0.2714,28.5,0.0,-2.85,-13.119,C,1.0,0.0545,0.3,
1392,116907,3.62,100,0.0,0,0.2596,0.2873,50.0,0.0,-5.0,-21.384,C,1.0,0.0515,0.3,lost_target
1393,116971,19.61,64,0.0,0,0.6322,0.2226,32.0,0.0,-3.2,-9.189,C,1.0,0.0601,0.3,
1394,117028,11.85,57,0.0,0,0.5384,0.2874,28.5,0.0,-2.85,-13.803,C,1.0,0.0538,0.3,
1395,117104,13.94,76,0.0,0,0.4555,0.3263,38.0,0.0,-3.8,-20.261,C,1.0,0.0667,0.3,
1396,117163,16.28,59,0.0,0,0.4693,0.2556,29.5,0.0,-2.95,-10.269,C,1.0,0.0598,0.3,
1397,117205,10.12,42,0.0,0,0.6852,0.2582,21.0,0.0,-2.1,-8.776,C,1.0,0.0565,0.3,
1398,117286,13.41,81,0.0,0,0.3942,0.3302,40.5,0.0,-4.05,-23.04,C,1.0,0.0565,0.3,
1399,117370,25.74,84,0.0,0,0.3358,0.2301,42.0,0.0,-4.2,-12.061,C,1.0,0.0657,0.3,
1400,117459,19.53,89,0.0,0,0.3222,0.2987,44.5,0.0,-4.45,-20.522,C,1.0,0.056,0.3,
1401,117533,16.33,74,0.0,0,0.4881,0.2815,37.0,0.0,-3.7,-16.97,C,1.0,0.0516,0.3,
1402,117585,14.54,52,0.0,0,0.5334,0.25,26.0,0.0,-2.6,-8.862,C,1.0,0.0638,0.3,
1403,117665,21.53,80,0.0,0,0.3951,0.2675,40.0,0.0,-4.0,-14.466,C,1.0,0.055,0.3,
1404,117708,11.49,43,0.0,0,0.6692,0.2423,21.5,0.0,-2.15,-7.864,C,1.0,0.0564,0.3,
1405,117808,0.16,100,0.0,0,0.3323,0.3187,50.0,0.0,-5.0,-24.837,C,1.0,0.066,0.3,lost_target
1406,117908,-7.02,100,0.0,0,0.3822,0.3455,50.0,0.0,-5.0,-32.023,C,1.0,0.0679,0.3,lost_target
1407,117966,14.62,58,0.0,0,0.4731,0.2734,29.0,0.0,-2.9,-11.475,C,1.0,0.0516,0.3,
1408,118029,14.5,63,0.0,0,0.4369,0.2839,31.5,0.0,-3.15,-13.846,C,1.0,0.0549,0.3,
1409,118082,3.61,53,0.0,0,0.5263,0.3821,26.5,0.0,-2.65,-20.242,C,1.0,0.0578,0.3,
1410,118158,17.04,76,0.0,0,0.4367,0.2846,38.0,0.0,-3.8,-17.164,C,1.0,0.0625,0.3,
1411,118258,-2.27,100,0.0,0,0.4037,0.3142,50.0,0.0,-5.0,-27.268,C,1.0,0.0526,0.3,lost_target
1412,118326,16.83,68,0.0,0,0.5358,0.255,34.0,0.0,-3.4,-13.769,C,1.0,0.0548,0.3,
1413,118398,18.77,72,0.0,0,0.4151,0.2641,36.0,0.0,-3.6,-13.628,C,1.0,0.067,0.3,
1414,118461,16.77,63,0.0,0,0.4369,0.2665,31.5,0.0,-3.15,-11.583,C,1.0,0.0668,0.3,
1415,118532,16.76,71,0.0,0,0.4449,0.278,35.5,0.0,-3.55,-15.192,C,1.0,0.064,0.3,
1416,118600,13.91,68,0.0,0,0.5334,0.2921,34.0,0.0,-3.4,-16.694,C,1.0,0.0553,0.3,
1417,118661,18.17,61,0.0,0,0.5849,0.241,30.5,0.0,-3.05,-9.283,C,1.0,0.0504,0.3,
1418,118761,7.98,100,0.0,0,0.2937,0.2527,50.0,0.0,-5.0,-17.019,C,1.0,0.0589,0.3,lost_target
1419,118828,19.34,67,0.0,0,0.4739,0.2454,33.5,0.0,-3.35,-10.807,C,1.0,0.0534,0.3,
1420,118907,19.19,79,0.0,0,0.3447,0.2678,39.5,0.0,-3.95,-16.362,C,1.0,0.0558,0.3,
1421,118967,16.17,60,0.0,0,0.4835,0.2568,30.0,0.0,-3.0,-10.828,C,1.0,0.053,0.3,
1422,119020,13.94,53,0.0,0,0.5373,0.2635,26.5,0.0,-2.65,-9.91,C,1.0,0.068,0.3,
1423,119078,11.45,58,0.0,0,0.4781,0.2934,29.0,0.0,-2.9,-14.649,C,1.0,0.0691,0.3,
1424,119162,25.04,84,0.0,0,0.3737,0.2442,42.0,0.0,-4.2,-12.757,C,1.0,0.0581,0.3,
1425,119262,3.91,100,0.0,0,0.2747,0.2897,50.0,0.0,-5.0,-21.085,C,1.0,0.0608,0.3,lost_target
1426,119340,19.81,78,0.0,0,0.3927,0.2627,39.0,0.0,-3.9,-15.286,C,1.0,0.0632,0.3,
1427,119408,14.48,68,0.0,0,0.4307,0.2906,34.0,0.0,-3.4,-16.124,C,1.0,0.0606,0.3,
1428,119482,20.43,74,0.0,0,0.3404,0.2575,37.0,0.0,-3.7,-12.871,C,1.0,0.0687,0.3,
1429,119541,14.65,59,0.0,0,0.5229,0.2579,29.5,0.0,-2.95,-11.904,C,1.0,0.0691,0.3,
1430,119601,16.12,60,0.0,0,0.6418,0.2438,30.0,0.0,-3.0,-10.884,C,1.0,0.0673,0.3,
1431,119649,13.99,48,0.0,0,0.5331,0.2256,24.0,0.0,-2.4,-7.606,C,1.0,0.0547,0.3,
1432,119728,21.41,79,0.0,0,0.3872,0.2628,39.5,0.0,-3.95,-14.141,C,1.0,0.0599,0.3,
1433,119828,4.39,100,0.0,0,0.2865,0.2844,50.0,0.0,-5.0,-20.607,C,1.0,0.0604,0.3,lost_target
1434,119928,-3.86,100,0.0,0,0.4034,0.3307,50.0,0.0,-5.0,-28.856,C,1.0,0.0557,0.3,lost_target
1435,119983,12.97,55,0.0,0,0.4948,0.2839,27.5,0.0,-2.75,-11.78,C,1.0,0.0519,0.3,
1436,120070,17.94,87,0.0,0,0.4352,0.3054,43.5,0.0,-4.35,-21.205,C,1.0,0.062,0.3,
1437,120154,20.22,84,0.0,0,0.4439,0.2783,42.0,0.0,-4.2,-17.577,C,1.0,0.0518,0.3,
1438,120212,12.17,58,0.0,0,0.5102,0.2833,29.0,0.0,-2.9,-13.93,C,1.0,0.0536,0.3,
1439,120312,6.58,100,0.0,0,0.306,0.2727,50.0,0.0,-5.0,-18.423,C,1.0,0.0591,0.3,lost_target
1440,120390,21.3,78,0.0,0,0.4115,0.2526,39.0,0.0,-3.9,-13.796,C,1.0,0.064,0.3,
1441,120448,10.39,58,0.0,0,0.5119,0.3028,29.0,0.0,-2.9,-15.706,C,1.0,0.0549,0.3,
1442,120499,12.59,51,0.0,0,0.5043,0.281,25.5,0.0,-2.55,-10.361,C,1.0,0.0661,0.3,
1443,120565,13.24,66,0.0,0,0.5392,0.2997,33.0,0.0,-3.3,-16.464,C,1.0,0.0624,0.3,
1444,120623,11.3,58,0.0,0,0.4409,0.3068,29.0,0.0,-2.9,-14.8,C,1.0,0.0611,0.3,
1445,120681,15.1,58,0.0,0,0.5124,0.2621,29.0,0.0,-2.9,-10.997,C,1.0,0.0552,0.3,
1446,120749,14.1,68,0.0,0,0.4436,0.2929,34.0,0.0,-3.4,-16.5,C,1.0,0.055,0.3,
1447,120820,19.11,71,0.0,0,0.3941,0.2652,35.5,0.0,-3.55,-12.841,C,1.0,0.0609,0.3,
1448,120920,-9.59,100,0.0,0,0.4678,0.3561,50.0,0.0,-5.0,-34.593,C,1.0,0.0559,0.3,lost_target
1449,121009,19.04,89,0.0,0,0.5243,0.2901,44.5,0.0,-4.45,-21.005,C,1.0,0.0585,0.3,
1450,121074,11.73,65,0.0,0,0.4383,0.316,32.5,0.0,-3.25,-17.519,C,1.0,0.071,0.3,
1451,121131,14.59,57,0.0,0,0.4726,0.2705,28.5,0.0,-2.85,-11.059,C,1.0,0.0702,0.3,
1452,121187,9.11,56,0.0,0,0.4979,0.3088,28.0,0.0,-2.8,-16.088,C,1.0,0.0684,0.3,
1453,121235,10.74,48,0.0,0,0.5043,0.2872,24.0,0.0,-2.4,-10.861,C,1.0,0.0653,0.3,
1454,121263,5.71,28,0.0,0,0.678,0.2797,14.0,0.0,-1.4,-6.891,C,1.0,0.0639,0.3,
1455,121342,20.69,79,0.0,0,0.4343,0.2754,39.5,0.0,-3.95,-14.857,C,1.0,0.0549,0.3,
1456,121389,13.04,47,0.0,0,0.5408,0.2478,23.5,0.0,-2.35,-8.111,C,1.0,0.0506,0.3,
1457,121462,16.84,73,0.0,0,0.4879,0.2819,36.5,0.0,-3.65,-16.006,C,1.0,0.0687,0.3,
1458,121522,13.87,60,0.0,0,0.5367,0.2732,30.0,0.0,-3.0,-13.133,C,1.0,0.0696,0.3,
1459,121622,7.34,100,0.0,0,0.342,0.2505,50.0,0.0,-5.0,-17.658,C,1.0,0.0656,0.3,lost_target
1460,121683,13.58,61,0.0,0,0.4862,0.2908,30.5,0.0,-3.05,-13.875,C,1.0,0.0585,0.3,
1461,121740,5.73,57,0.0,0,0.4587,0.348,28.5,0.0,-2.85,-19.922,C,1.0,0.0562,0.3,
1462,121825,22.83,85,0.0,0,0.4119,0.2564,42.5,0.0,-4.25,-15.417,C,1.0,0.0714,0.3,
1463,121900,20.79,75,0.0,0,0.4872,0.2486,37.5,0.0,-3.75,-12.963,C,1.0,0.0702,0.3,
1464,121959,17.68,59,0.0,0,0.7016,0.2187,29.5,0.0,-2.95,-8.867,C,1.0,0.0697,0.3,
1465,122022,16.39,63,0.0,0,0.6246,0.2516,31.5,0.0,-3.15,-11.963,C,1.0,0.0643,0.3,
1466,122087,16.43,65,0.0,0,0.4281,0.2693,32.5,0.0,-3.25,-12.82,C,1.0,0.0546,0.3,
1467,122187,-5.49,100,0.0,0,0.4727,0.3369,50.0,0.0,-5.0,-30.488,C,1.0,0.0567,0.3,lost_target
1468,122287,8.07,100,0.0,0,0.2193,0.2661,50.0,0.0,-5.0,-16.929,C,1.0,0.052,0.3,lost_target
1469,122368,13.78,81,0.0,0,0.5293,0.3125,40.5,0.0,-4.05,-22.671,C,1.0,0.0557,0.3,
1470,122429,16.97,61,0.0,0,0.5997,0.244,30.5,0.0,-3.05,-10.481,C,1.0,0.0666,0.3,
1471,122483,15.54,54,0.0,0,0.4926,0.2378,27.0,0.0,-2.7,-8.764,C,1.0,0.0653,0.3,
1472,122567,22.13,84,0.0,0,0.3757,0.2609,42.0,0.0,-4.2,-15.666,C,1.0,0.0501,0.3,
1473,122636,15.17,69,0.0,0,0.552,0.2823,34.5,0.0,-3.45,-15.877,C,1.0,0.0677,0.3,
1474,122707,16.07,71,0.0,0,0.6359,0.2667,35.5,0.0,-3.55,-15.879,C,1.0,0.0624,0.3,
1475,122788,4.7,81,0.0,0,0.5176,0.3663,40.5,0.0,-4.05,-31.754,C,1.0,0.0709,0.3,
1476,122855,13.63,67,0.0,0,0.6408,0.2859,33.5,0.0,-3.35,-16.521,C,1.0,0.0643,0.3,
1477,122915,17.11,60,0.0,0,0.4502,0.2493,30.0,0.0,-3.0,-9.891,C,1.0,0.063,0.3,
1478,122991,13.96,76,0.0,0,0.4416,0.3023,38.0,0.0,-3.8,-20.24,C,1.0,0.0647,0.3,
1479,123052,17.51,61,0.0,0,0.4915,0.2467,30.5,0.0,-3.05,-9.941,C,1.0,0.0615,0.3,
1480,123095,4.2,43,0.0,0,0.5125,0.3508,21.5,0.0,-2.15,-15.145,C,1.0,0.057,0.3,
1481,123151,13.55,56,0.0,0,0.4533,0.2744,28.0,0.0,-2.8,-11.646,C,1.0,0.051,0.3,
1482,123197,12.77,46,0.0,0,0.5581,0.2374,23.0,0.0,-2.3,-7.928,C,1.0,0.0728,0.3,
1483,123263,17.26,66,0.0,0,0.4117,0.2688,33.0,0.0,-3.3,-12.443,C,1.0,0.0603,0.3,
1484,123333,17.01,70,0.0,0,0.4802,0.2785,35.0,0.0,-3.5,-14.493,C,1.0,0.0702,0.3,
1485,123392,13.5,59,0.0,0,0.4164,0.2879,29.5,0.0,-2.95,-13.045,C,1.0,0.0558,0.3,
1486,123471,18.5,79,0.0,0,0.4594,0.2732,39.5,0.0,-3.95,-17.047,C,1.0,0.0629,0.3,
1487,123567,28.58,96,0.0,0,0.3799,0.2413,48.0,0.0,-4.8,-14.616,C,1.0,0.0636,0.3,
1488,123631,14.5,64,0.0,0,0.5671,0.2755,32.0,0.0,-3.2,-14.304,C,1.0,0.0631,0.3,
1489,123696,16.98,65,0.0,0,0.4341,0.2638,32.5,0.0,-3.25,-12.273,C,1.0,0.0553,0.3,
1490,123744,12.62,48,0.0,0,0.5196,0.2604,24.0,0.0,-2.4,-8.984,C,1.0,0.0545,0.3,
1491,123783,7.16,39,0.0,0,0.5291,0.3045,19.5,0.0,-1.95,-10.387,C,1.0,0.0663,0.3,
1492,123834,13.79,51,0.0,0,0.6036,0.2491,25.5,0.0,-2.55,-9.164,C,1.0,0.0666,0.3,
1493,123885,12.3,51,0.0,0,0.5774,0.2597,25.5,0.0,-2.55,-10.652,C,1.0,0.0694,0.3,
1494,123933,12.27,48,0.0,0,0.5766,0.2625,24.0,0.0,-2.4,-9.334,C,1.0,0.0691,0.3,
1495,123991,9.1,58,0.0,0,0.5584,0.313,29.0,0.0,-2.9,-17.003,C,1.0,0.0604,0.3,
1496,124080,17.33,89,0.0,0,0.413,0.3043,44.5,0.0,-4.45,-22.719,C,1.0,0.0581,0.3,
1497,124180,0.4,100,0.0,0,0.3115,0.3154,50.0,0.0,-5.0,-24.597,C,1.0,0.0553,0.3,lost_target
1498,124249,13.71,69,0.0,0,0.4153,0.2961,34.5,0.0,-3.45,-17.339,C,1.0,0.0526,0.3,
1499,124302,13.57,53,0.0,0,0.513,0.2554,26.5,0.0,-2.65,-10.283,C,1.0,0.0532,0.3,
1500,124364,15.64,62,0.0,0,0.5147,0.2722,31.0,0.0,-3.1,-12.26,C,1.0,0.0628,0.3,
1501,124449,16.03,85,0.0,0,0.4042,0.3106,42.5,0.0,-4.25,-22.216,C,1.0,0.0631,0.3,
1502,124529,22.13,80,0.0,0,0.3827,0.2497,40.0,0.0,-4.0,-13.872,C,1.0,0.0534,0.3,
1503,124600,18.2,71,0.0,0,0.4465,0.2683,35.5,0.0,-3.55,-13.753,C,1.0,0.0565,0.3,
1504,124669,18.0,69,0.0,0,0.3752,0.2587,34.5,0.0,-3.45,-13.053,C,1.0,0.0623,0.3,
1505,124735,15.51,66,0.0,0,0.5124,0.2705,33.0,0.0,-3.3,-14.188,C,1.0,0.0504,0.3,
1506,124805,16.38,70,0.0,0,0.4361,0.2833,35.0,0.0,-3.5,-15.119,C,1.0,0.0533,0.3,
1507,124875,19.48,70,0.0,0,0.4833,0.2447,35.0,0.0,-3.5,-12.017,C,1.0,0.0653,0.3,
1508,124944,16.57,69,0.0,0,0.4357,0.2731,34.5,0.0,-3.45,-14.479,C,1.0,0.0716,0.3,
1509,125012,19.46,68,0.0,0,0.4177,0.2482,34.0,0.0,-3.4,-11.137,C,1.0,0.0597,0.3,
1510,125067,13.71,55,0.0,0,0.5305,0.2649,27.5,0.0,-2.75,-11.038,C,1.0,0.0649,0.3,
1511,125153,15.34,86,0.0,0,0.4216,0.3194,43.0,0.0,-4.3,-23.36,C,1.0,0.0505,0.3,
1512,125212,16.36,59,0.0,0,0.4892,0.2481,29.5,0.0,-2.95,-10.187,C,1.0,0.0552,0.3,
1513,125273,16.18,61,0.0,0,0.4968,0.2548,30.5,0.0,-3.05,-11.269,C,1.0,0.0603,0.3,
1514,125350,5.75,77,0.0,0,0.5118,0.3654,38.5,0.0,-3.85,-28.895,C,1.0,0.0633,0.3,
1515,125438,16.34,88,0.0,0,0.4914,0.3122,44.0,0.0,-4.4,-23.265,C,1.0,0.0646,0.3,
1516,125498,10.46,60,0.0,0,0.4959,0.3081,30.0,0.0,-3.0,-16.544,C,1.0,0.072,0.3,
1517,125568,15.2,70,0.0,0,0.4251,0.2866,35.0,0.0,-3.5,-16.299,C,1.0,0.0566,0.3,
1518,125662,23.26,94,0.0,0,0.3741,0.2747,47.0,0.0,-4.7,-19.045,C,1.0,0.0699,0.3,
1519,125720,10.3,58,0.0,0,0.4426,0.3097,29.0,0.0,-2.9,-15.804,C,1.0,0.0521,0.3,
1520,125783,12.57,63,0.0,0,0.4461,0.3018,31.5,0.0,-3.15,-15.782,C,1.0,0.0711,0.3,
1521,125850,15.86,67,0.0,0,0.429,0.2797,33.5,0.0,-3.35,-14.295,C,1.0,0.0712,0.3,
1522,125904,11.91,54,0.0,0,0.4848,0.2819,27.0,0.0,-2.7,-12.39,C,1.0,0.0687,0.3,
1523,125978,14.71,74,0.0,0,0.4848,0.3037,37.0,0.0,-3.7,-18.589,C,1.0,0.0571,0.3,
1524,126029,11.01,51,0.0,0,0.6317,0.2725,25.5,0.0,-2.55,-11.936,C,1.0,0.0555,0.3,
1525,126101,20.53,72,0.0,0,0.3983,0.2477,36.0,0.0,-3.6,-11.874,C,1.0,0.0568,0.3,
1526,126167,13.93,66,0.0,0,0.4757,0.2875,33.0,0.0,-3.3,-15.769,C,1.0,0.0556,0.3,
1527,126215,13.85,48,0.0,0,0.5535,0.2427,24.0,0.0,-2.4,-7.746,C,1.0,0.0643,0.3,
1528,126268,12.59,53,0.0,0,0.4941,0.2724,26.5,0.0,-2.65,-11.263,C,1.0,0.0705,0.3,
1529,126313,8.8,45,0.0,0,0.5906,0.2833,22.5,0.0,-2.25,-11.445,C,1.0,0.059,0.3,
1530,126374,15.54,61,0.0,0,0.4204,0.2623,30.5,0.0,-3.05,-11.906,C,1.0,0.076,0.3,
1531,126421,9.06,47,0.0,0,0.5457,0.2983,23.5,0.0,-2.35,-12.092,C,1.0,0.0586,0.3,
1532,126506,20.09,85,0.0,0,0.3847,0.2814,42.5,0.0,-4.25,-18.156,C,1.0,0.059,0.3,
1533,126549,12.4,43,0.0,0,0.6195,0.234,21.5,0.0,-2.15,-6.946,C,1.0,0.0729,0.3,
1534,126594,8.34,45,0.0,0,0.5174,0.3092,22.5,0.0,-2.25,-11.908,C,1.0,0.0583,0.3,
1535,126639,10.85,45,0.0,0,0.5705,0.2712,22.5,0.0,-2.25,-9.402,C,1.0,0.0682,0.3,
1536,126692,15.24,53,0.0,0,0.633,0.2292,26.5,0.0,-2.65,-8.61,C,1.0,0.0744,0.3,
1537,126767,13.07,75,0.0,0,0.4428,0.315,37.5,0.0,-3.75,-20.68,C,1.0,0.0508,0.3,
1538,126839,18.24,72,0.0,0,0.4601,0.2614,36.0,0.0,-3.6,-14.156,C,1.0,0.0533,0.3,
1539,126900,13.67,61,0.0,0,0.6243,0.2741,30.5,0.0,-3.05,-13.782,C,1.0,0.0676,0.3,
1540,126947,11.7,47,0.0,0,0.4997,0.2577,23.5,0.0,-2.35,-9.447,C,1.0,0.0513,0.3,
1541,127019,15.24,72,0.0,0,0.4281,0.2951,36.0,0.0,-3.6,-17.157,C,1.0,0.0563,0.3,
1542,127069,8.77,50,0.0,0,0.5601,0.2975,25.0,0.0,-2.5,-13.734,C,1.0,0.0659,0.3,
1543,127169,-14.56,100,0.0,0,0.5541,0.3574,50.0,0.0,-5.0,-39.559,C,1.0,0.0557,0.3,lost_target
1544,127216,8.0,47,0.0,0,0.5181,0.314,23.5,0.0,-2.35,-13.152,C,1.0,0.0554,0.3,
1545,127286,19.77,70,0.0,0,0.4375,0.255,35.0,0.0,-3.5,-11.728,C,1.0,0.0501,0.3,
1546,127337,14.39,51,0.0,0,0.5471,0.2442,25.5,0.0,-2.55,-8.557,C,1.0,0.0605,0.3,
1547,127405,18.04,68,0.0,0,0.4173,0.2602,34.0,0.0,-3.4,-12.558,C,1.0,0.0753,0.3,
1548,127444,9.24,39,0.0,0,0.646,0.2479,19.5,0.0,-1.95,-8.311,C,1.0,0.0571,0.3,
1549,127501,12.45,57,0.0,0,0.554,0.2825,28.5,0.0,-2.85,-13.201,C,1.0,0.0683,0.3,
1550,127562,14.73,61,0.0,0,0.5303,0.2656,30.5,0.0,-3.05,-12.717,C,1.0,0.065,0.3,
1551,127610,11.43,48,0.0,0,0.5055,0.2689,24.0,0.0,-2.4,-10.165,C,1.0,0.0665,0.3,
1552,127701,26.07,91,0.0,0,0.357,0.2472,45.5,0.0,-4.55,-14.878,C,1.0,0.0551,0.3,
1553,127769,7.71,68,0.0,0,0.4923,0.3502,34.0,0.0,-3.4,-22.893,C,1.0,0.07,0.3,
1554,127828,13.94,59,0.0,0,0.4494,0.265,29.5,0.0,-2.95,-12.612,C,1.0,0.0708,0.3,
1555,127926,28.5,98,0.0,0,0.3482,0.2458,49.0,0.0,-4.9,-15.604,C,1.0,0.0707,0.3,
1556,127990,14.53,64,0.0,0,0.4483,0.2783,32.0,0.0,-3.2,-14.273,C,1.0,0.0673,0.3,
1557,128056,14.28,66,0.0,0,0.4201,0.2802,33.0,0.0,-3.3,-15.425,C,1.0,0.0689,0.3,
1558,128088,9.3,32,0.0,0,0.6316,0.2245,16.0,0.0,-1.6,-5.098,C,1.0,0.0612,0.3,
1559,128155,12.2,67,0.0,0,0.4244,0.302,33.5,0.0,-3.35,-17.951,C,1.0,0.0517,0.3,
1560,128236,19.89,81,0.0,0,0.4023,0.2754,40.5,0.0,-4.05,-16.565,C,1.0,0.0713,0.3,
1561,128292,1.08,56,0.0,0,0.4478,0.4016,28.0,0.0,-2.8,-24.115,C,1.0,0.0513,0.3,
1562,128346,14.73,54,0.0,0,0.4818,0.2549,27.0,0.0,-2.7,-9.575,C,1.0,0.053,0.3,
1563,128409,10.93,63,0.0,0,0.6088,0.3018,31.5,0.0,-3.15,-17.421,C,1.0,0.0743,0.3,
1564,128499,4.35,90,0.0,0,0.4736,0.3719,45.0,0.0,-4.5,-36.155,C,1.0,0.0533,0.3,
1565,128599,-7.06,100,0.0,0,0.5764,0.3224,50.0,0.0,-5.0,-32.058,C,1.0,0.057,0.3,lost_target
1566,128682,17.13,83,0.0,0,0.4763,0.3006,41.5,0.0,-4.15,-20.22,C,1.0,0.071,0.3,
1567,128731,6.81,49,0.0,0,0.5785,0.3391,24.5,0.0,-2.45,-15.245,C,1.0,0.0516,0.3,
1568,128810,14.12,79,0.0,0,0.454,0.3058,39.5,0.0,-3.95,-21.434,C,1.0,0.0506,0.3,
1569,128879,13.05,69,0.0,0,0.6922,0.2654,34.5,0.0,-3.45,-18.002,C,1.0,0.0771,0.3,
1570,128935,7.48,56,0.0,0,0.5912,0.3208,28.0,0.0,-2.8,-17.725,C,1.0,0.0736,0.3,
1571,129024,20.38,89,0.0,0,0.4786,0.274,44.5,0.0,-4.45,-19.668,C,1.0,0.0666,0.3,
1572,129097,17.33,73,0.0,0,0.4518,0.2708,36.5,0.0,-3.65,-15.522,C,1.0,0.0732,0.3,
1573,129151,13.42,54,0.0,0,0.4579,0.2608,27.0,0.0,-2.7,-10.882,C,1.0,0.0503,0.3,
1574,129215,6.46,64,0.0,0,0.6615,0.3248,32.0,0.0,-3.2,-22.344,C,1.0,0.0534,0.3,
1575,129277,15.26,62,0.0,0,0.4421,0.2751,31.0,0.0,-3.1,-12.642,C,1.0,0.071,0.3,
1576,129332,14.1,55,0.0,0,0.5757,0.2567,27.5,0.0,-2.75,-10.648,C,1.0,0.0683,0.3,
1577,129384,8.34,52,0.0,0,0.6103,0.3007,26.0,0.0,-2.6,-15.058,C,1.0,0.0773,0.3,
1578,129484,0.88,100,0.0,0,0.3115,0.3042,50.0,0.0,-5.0,-24.123,C,1.0,0.0618,0.3,lost_target
1579,129550,17.57,66,0.0,0,0.4642,0.2481,33.0,0.0,-3.3,-12.13,C,1.0,0.0642,0.3,
1580,129631,22.22,81,0.0,0,0.3943,0.2547,40.5,0.0,-4.05,-14.232,C,1.0,0.0592,0.3,
1581,129711,19.39,80,0.0,0,0.3775,0.2869,40.0,0.0,-4.0,-16.609,C,1.0,0.0684,0.3,
1582,129777,19.56,66,0.0,0,0.4279,0.24,33.0,0.0,-3.3,-10.142,C,1.0,0.0658,0.3,
1583,129848,21.04,71,0.0,0,0.3808,0.2363,35.5,0.0,-3.55,-10.906,C,1.0,0.063,0.3,
1584,129911,12.05,63,0.0,0,0.5046,0.3067,31.5,0.0,-3.15,-16.299,C,1.0,0.0613,0.3,
1585,129948,10.09,37,0.0,0,0.6046,0.2402,18.5,0.0,-1.85,-6.562,C,1.0,0.0669,0.3,
1586,130062,27.69,114,0.0,0,0.3751,0.285,57.0,0.0,-5.7,-23.608,C,1.0,0.0547,0.3,
1587,130138,14.21,76,0.0,0,0.4167,0.3004,38.0,0.0,-3.8,-19.994,C,1.0,0.0691,0.3,
1588,130213,18.69,75,0.0,0,0.3882,0.2652,37.5,0.0,-3.75,-15.064,C,1.0,0.0701,0.3,
1589,130264,11.92,51,0.0,0,0.4908,0.2696,25.5,0.0,-2.55,-11.031,C,1.0,0.0531,0.3,
1590,130353,12.1,89,0.0,0,0.4372,0.3329,44.5,0.0,-4.45,-27.952,C,1.0,0.0734,0.3,
1591,130412,9.14,59,0.0,0,0.5203,0.3248,29.5,0.0,-2.95,-17.414,C,1.0,0.0557,0.3,
1592,130512,8.86,100,0.0,0,0.3239,0.2452,50.0,0.0,-5.0,-16.138,C,1.0,0.0787,0.3,lost_target
1593,130593,19.63,81,0.0,0,0.4253,0.2709,40.5,0.0,-4.05,-16.825,C,1.0,0.065,0.3,
1594,130685,26.46,92,0.0,0,0.3514,0.2416,46.0,0.0,-4.6,-14.937,C,1.0,0.0712,0.3,
1595,130745,14.31,60,0.0,0,0.3897,0.2813,30.0,0.0,-3.0,-12.691,C,1.0,0.0758,0.3,
1596,130833,22.88,88,0.0,0,0.3713,0.2696,44.0,0.0,-4.4,-16.723,C,1.0,0.0799,0.3,
1597,130897,13.49,64,0.0,0,0.444,0.2833,32.0,0.0,-3.2,-15.308,C,1.0,0.0785,0.3,
1598,130949,10.43,52,0.0,0,0.5257,0.2922,26.0,0.0,-2.6,-12.968,C,1.0,0.0604,0.3,
1599,131018,10.28,69,0.0,0,0.5261,0.3198,34.5,0.0,-3.45,-20.775,C,1.0,0.0557,0.3,
1600,131090,20.5,72,0.0,0,0.4135,0.2467,36.0,0.0,-3.6,-11.897,C,1.0,0.0644,0.3,
1601,131138,13.24,48,0.0,0,0.4675,0.2529,24.0,0.0,-2.4,-8.364,C,1.0,0.0794,0.3,
1602,131173,6.84,35,0.0,0,0.6979,0.2511,17.5,0.0,-1.75,-8.915,C,1.0,0.0507,0.3,
1603,131229,12.81,56,0.0,0,0.4923,0.275,28.0,0.0,-2.8,-12.391,C,1.0,0.0662,0.3,
1604,131293,13.31,64,0.0,0,0.5072,0.2913,32.0,0.0,-3.2,-15.492,C,1.0,0.0592,0.3,
1605,131348,10.85,55,0.0,0,0.4792,0.2857,27.5,0.0,-2.75,-13.9,C,1.0,0.0601,0.3,
1606,131402,13.23,54,0.0,0,0.6678,0.2577,27.0,0.0,-2.7,-11.073,C,1.0,0.0589,0.3,
1607,131495,26.84,93,0.0,0,0.3616,0.2458,46.5,0.0,-4.65,-15.011,C,1.0,0.0657,0.3,
1608,131559,16.29,64,0.0,0,0.4572,0.2721,32.0,0.0,-3.2,-12.509,C,1.0,0.0551,0.3,
1609,131631,11.76,72,0.0,0,0.6634,0.2897,36.0,0.0,-3.6,-20.641,C,1.0,0.0803,0.3,
1610,131731,7.88,100,0.0,0,0.2243,0.2637,50.0,0.0,-5.0,-17.124,C,1.0,0.067,0.3,lost_target
1611,131762,1.64,31,0.0,0,0.5731,0.3814,15.5,0.0,-1.55,-12.31,C,1.0,0.051,0.3,
1612,131814,9.21,52,0.0,0,0.5243,0.3151,26.0,0.0,-2.6,-14.193,C,1.0,0.0744,0.3,
1613,131914,-0.1,100,0.0,0,0.6258,0.2672,50.0,0.0,-5.0,-25.1,C,1.0,0.0792,0.3,lost_target
1614,131988,18.22,74,0.0,0,0.5134,0.2648,37.0,0.0,-3.7,-15.077,C,1.0,0.0651,0.3,
1615,132073,20.02,85,0.0,0,0.6198,0.2577,42.5,0.0,-4.25,-18.232,C,1.0,0.077,0.3,
1616,132142,10.66,69,0.0,0,0.671,0.2956,34.5,0.0,-3.45,-20.386,C,1.0,0.0695,0.3,
1617,132209,10.18,67,0.0,0,0.5342,0.3095,33.5,0.0,-3.35,-19.972,C,1.0,0.0666,0.3,
1618,132272,16.13,63,0.0,0,0.4579,0.2672,31.5,0.0,-3.15,-12.217,C,1.0,0.0517,0.3,
1619,132334,15.75,62,0.0,0,0.4285,0.2663,31.0,0.0,-3.1,-12.15,C,1.0,0.07,0.3,
1620,132434,0.6,100,0.0,0,0.3818,0.2931,50.0,0.0,-5.0,-24.395,C,1.0,0.0686,0.3,lost_target
1621,132479,6.31,45,0.0,0,0.5748,0.3167,22.5,0.0,-2.25,-13.94,C,1.0,0.0728,0.3,
1622,132544,17.03,65,0.0,0,0.4241,0.2594,32.5,0.0,-3.25,-12.224,C,1.0,0.06,0.3,
1623,132608,17.89,64,0.0,0,0.4051,0.2468,32.0,0.0,-3.2,-10.907,C,1.0,0.0729,0.3,
1624,132657,12.34,49,0.0,0,0.5021,0.2757,24.5,0.0,-2.45,-9.706,C,1.0,0.0669,0.3,
1625,132726,13.75,69,0.0,0,0.6583,0.2742,34.5,0.0,-3.45,-17.305,C,1.0,0.0544,0.3,
1626,132810,24.04,84,0.0,0,0.3565,0.2576,42.0,0.0,-4.2,-13.76,C,1.0,0.0746,0.3,
1627,132861,15.11,51,0.0,0,0.4583,0.2383,25.5,0.0,-2.55,-7.838,C,1.0,0.0501,0.3,
1628,132937,21.68,76,0.0,0,0.4591,0.2456,38.0,0.0,-3.8,-12.522,C,1.0,0.0632,0.3,
1629,132986,11.12,49,0.0,0,0.5828,0.2624,24.5,0.0,-2.45,-10.928,C,1.0,0.0738,0.3,
1630,133034,10.2,48,0.0,0,0.4928,0.289,24.0,0.0,-2.4,-11.405,C,1.0,0.0659,0.3,
1631,133097,13.23,63,0.0,0,0.5393,0.297,31.5,0.0,-3.15,-15.121,C,1.0,0.0537,0.3,
1632,133173,15.73,76,0.0,0,0.448,0.2967,38.0,0.0,-3.8,-18.465,C,1.0,0.071,0.3,
1633,133226,14.43,53,0.0,0,0.4526,0.2528,26.5,0.0,-2.65,-9.422,C,1.0,0.0632,0.3,
1634,133314,19.04,88,0.0,0,0.3845,0.2808,44.0,0.0,-4.4,-20.559,C,1.0,0.0698,0.3,
1635,133368,11.23,54,0.0,0,0.5155,0.2798,27.0,0.0,-2.7,-13.071,C,1.0,0.077,0.3,
1636,133448,21.75,80,0.0,0,0.4545,0.2499,40.0,0.0,-4.0,-14.247,C,1.0,0.0547,0.3,
1637,133493,10.77,45,0.0,0,0.5835,0.2544,22.5,0.0,-2.25,-9.479,C,1.0,0.0502,0.3,
1638,133565,18.46,72,0.0,0,0.4945,0.2642,36.0,0.0,-3.6,-13.939,C,1.0,0.0685,0.3,
1639,133620,5.26,55,0.0,0,0.553,0.3507,27.5,0.0,-2.75,-19.494,C,1.0,0.0721,0.3,
1640,133690,16.11,70,0.0,0,0.5179,0.2736,35.0,0.0,-3.5,-15.389,C,1.0,0.0567,0.3,
1641,133778,17.72,88,0.0,0,0.4343,0.3018,44.0,0.0,-4.4,-21.883,C,1.0,0.0799,0.3,
1642,133829,14.91,51,0.0,0,0.5751,0.2266,25.5,0.0,-2.55,-8.036,C,1.0,0.0584,0.3,
1643,133891,14.84,62,0.0,0,0.4555,0.2699,31.0,0.0,-3.1,-13.064,C,1.0,0.058,0.3,
1644,133951,3.07,60,0.0,0,0.5583,0.366,30.0,0.0,-3.0,-23.935,C,1.0,0.0591,0.3,
1645,134012,11.95,61,0.0,0,0.4597,0.2959,30.5,0.0,-3.05,-15.498,C,1.0,0.0587,0.3,
1646,134054,8.59,42,0.0,0,0.5332,0.2741,21.0,0.0,-2.1,-10.312,C,1.0,0.0762,0.3,
1647,134119,17.77,65,0.0,0,0.4096,0.249,32.5,0.0,-3.25,-11.475,C,1.0,0.0553,0.3,
1648,134185,20.22,66,0.0,0,0.4168,0.2342,33.0,0.0,-3.3,-9.482,C,1.0,0.0575,0.3,
1649,134233,9.51,48,0.0,0,0.5185,0.2918,24.0,0.0,-2.4,-12.086,C,1.0,0.067,0.3,
1650,134306,16.61,73,0.0,0,0.4284,0.2746,36.5,0.0,-3.65,-16.241,C,1.0,0.0658,0.3,
1651,134365,18.61,59,0.0,0,0.6338,0.2037,29.5,0.0,-2.95,-7.943,C,1.0,0.0631,0.3,
1652,134436,16.86,71,0.0,0,0.614,0.2436,35.5,0.0,-3.55,-15.095,C,1.0,0.0627,0.3,
1653,134499,14.87,63,0.0,0,0.4364,0.2806,31.5,0.0,-3.15,-13.479,C,1.0,0.0587,0.3,
1654,134544,7.7,45,0.0,0,0.5941,0.2903,22.5,0.0,-2.25,-12.545,C,1.0,0.064,0.3,
1655,134600,13.93,56,0.0,0,0.6962,0.2367,28.0,0.0,-2.8,-11.273,C,1.0,0.071,0.3,
1656,134668,14.43,68,0.0,0,0.5107,0.2842,34.0,0.0,-3.4,-16.169,C,1.0,0.0638,0.3,
1657,134724,11.33,56,0.0,0,0.5321,0.3041,28.0,0.0,-2.8,-13.87,C,1.0,0.0809,0.3,
1658,134782,7.22,58,0.0,0,0.5787,0.3264,29.0,0.0,-2.9,-18.884,C,1.0,0.0814,0.3,
1659,134839,12.47,57,0.0,0,0.452,0.2923,28.5,0.0,-2.85,-13.183,C,1.0,0.0731,0.3,
1660,134897,15.74,58,0.0,0,0.548,0.2518,29.0,0.0,-2.9,-10.361,C,1.0,0.0501,0.3,
1661,134985,23.7,88,0.0,0,0.4096,0.2553,44.0,0.0,-4.4,-15.904,C,1.0,0.0513,0.3,
1662,135006,5.31,21,0.0,0,0.6745,0.2363,10.5,0.0,-1.05,-4.136,C,1.0,0.0575,0.3,
1663,135069,14.6,63,0.0,0,0.4737,0.276,31.5,0.0,-3.15,-13.751,C,1.0,0.051,0.3,
1664,135129,12.24,60,0.0,0,0.5533,0.2965,30.0,0.0,-3.0,-14.756,C,1.0,0.0685,0.3,
1665,135190,16.41,61,0.0,0,0.4904,0.248,30.5,0.0,-3.05,-11.043,C,1.0,0.0757,0.3,
1666,135258,15.98,68,0.0,0,0.4619,0.2667,34.0,0.0,-3.4,-14.624,C,1.0,0.0833,0.3,
1667,135333,21.21,75,0.0,0,0.3738,0.2469,37.5,0.0,-3.75,-12.538,C,1.0,0.0587,0.3,
1668,135420,15.62,87,0.0,0,0.4884,0.314,43.5,0.0,-4.35,-23.532,C,1.0,0.0546,0.3,
1669,135489,17.6,69,0.0,0,0.4911,0.2653,34.5,0.0,-3.45,-13.446,C,1.0,0.0599,0.3,
1670,135576,16.44,87,0.0,0,0.5863,0.2823,43.5,0.0,-4.35,-22.71,C,1.0,0.0685,0.3,
1671,135642,13.03,66,0.0,0,0.4947,0.2915,33.0,0.0,-3.3,-16.669,C,1.0,0.0574,0.3,
1672,135681,9.4,39,0.0,0,0.5819,0.2711,19.5,0.0,-1.95,-8.151,C,1.0,0.0538,0.3,
1673,135740,15.51,59,0.0,0,0.5367,0.2385,29.5,0.0,-2.95,-11.043,C,1.0,0.0599,0.3,
1674,135808,20.69,68,0.0,0,0.4095,0.2271,34.0,0.0,-3.4,-9.913,C,1.0,0.0832,0.3,
1675,135881,20.5,73,0.0,0,0.4606,0.255,36.5,0.0,-3.65,-12.349,C,1.0,0.0523,0.3,
1676,135943,13.83,62,0.0,0,0.4495,0.2759,31.0,0.0,-3.1,-14.066,C,1.0,0.0727,0.3,
1677,136003,13.07,60,0.0,0,0.5214,0.2812,30.0,0.0,-3.0,-13.935,C,1.0,0.0684,0.3,
1678,136063,12.84,60,0.0,0,0.5598,0.2933,30.0,0.0,-3.0,-14.165,C,1.0,0.0753,0.3,
1679,136113,10.83,50,0.0,0,0.6337,0.2638,25.0,0.0,-2.5,-11.671,C,1.0,0.0772,0.3,
1680,136161,12.97,48,0.0,0,0.5806,0.2442,24.0,0.0,-2.4,-8.63,C,1.0,0.0672,0.3,
1681,136227,15.12,66,0.0,0,0.5609,0.2685,33.0,0.0,-3.3,-14.575,C,1.0,0.0717,0.3,
1682,136266,9.22,39,0.0,0,0.5875,0.2564,19.5,0.0,-1.95,-8.328,C,1.0,0.0808,0.3,
1683,136316,5.73,50,0.0,0,0.5574,0.3426,25.0,0.0,-2.5,-16.771,C,1.0,0.0577,0.3,
1684,136380,17.45,64,0.0,0,0.4412,0.2553,32.0,0.0,-3.2,-11.351,C,1.0,0.054,0.3,
1685,136399,3.8,19,0.0,0,0.6937,0.246,9.5,0.0,-0.95,-4.753,C,1.0,0.0534,0.3,
1686,136460,14.43,61,0.0,0,0.5353,0.2733,30.5,0.0,-3.05,-13.018,C,1.0,0.0844,0.3,
1687,136514,10.74,54,0.0,0,0.5836,0.2784,27.0,0.0,-2.7,-13.563,C,1.0,0.0791,0.3,
1688,136565,13.54,51,0.0,0,0.4749,0.2581,25.5,0.0,-2.55,-9.411,C,1.0,0.0742,0.3,
1689,136665,5.74,100,0.0,0,0.3694,0.2668,50.0,0.0,-5.0,-19.262,C,1.0,0.0754,0.3,lost_target
1690,136706,10.73,41,0.0,0,0.5908,0.2623,20.5,0.0,-2.05,-7.723,C,1.0,0.0818,0.3,
1691,136776,18.15,70,0.0,0,0.4273,0.2468,35.0,0.0,-3.5,-13.349,C,1.0,0.0508,0.3,
1692,136825,10.19,49,0.0,0,0.5309,0.2899,24.5,0.0,-2.45,-11.858,C,1.0,0.073,0.3,
1693,136880,8.26,55,0.0,0,0.5464,0.3324,27.5,0.0,-2.75,-16.493,C,1.0,0.0834,0.3,
1694,136968,22.07,88,0.0,0,0.4015,0.2746,44.0,0.0,-4.4,-17.534,C,1.0,0.0765,0.3,
1695,137020,14.99,52,0.0,0,0.6213,0.2316,26.0,0.0,-2.6,-8.415,C,1.0,0.0792,0.3,
1696,137074,13.91,54,0.0,0,0.5077,0.248,27.0,0.0,-2.7,-10.394,C,1.0,0.0578,0.3,
1697,137119,8.91,45,0.0,0,0.5397,0.2963,22.5,0.0,-2.25,-11.34,C,1.0,0.0682,0.3,
1698,137165,8.92,46,0.0,0,0.5035,0.2978,23.0,0.0,-2.3,-11.778,C,1.0,0.0695,0.3,
1699,137220,15.55,55,0.0,0,0.535,0.2391,27.5,0.0,-2.75,-9.199,C,1.0,0.0696,0.3,
1700,137269,11.15,49,0.0,0,0.5778,0.2624,24.5,0.0,-2.45,-10.899,C,1.0,0.0626,0.3,
1701,137369,8.48,100,0.0,0,0.2397,0.257,50.0,0.0,-5.0,-16.524,C,1.0,0.0766,0.3,lost_target
1702,137414,8.45,45,0.0,0,0.5286,0.297,22.5,0.0,-2.25,-11.798,C,1.0,0.0549,0.3,
1703,137463,13.09,49,0.0,0,0.466,0.2607,24.5,0.0,-2.45,-8.96,C,1.0,0.0773,0.3,
1704,137522,14.18,59,0.0,0,0.5497,0.2442,29.5,0.0,-2.95,-12.374,C,1.0,0.084,0.3,
1705,137616,19.12,94,0.0,0,0.6461,0.271,47.0,0.0,-4.7,-23.183,C,1.0,0.0843,0.3,
1706,137716,5.86,100,0.0,0,0.2593,0.2732,50.0,0.0,-5.0,-19.144,C,1.0,0.0508,0.3,lost_target
1707,137751,9.48,35,0.0,0,0.6392,0.2618,17.5,0.0,-1.75,-6.27,C,1.0,0.0639,0.3,
1708,137826,12.58,75,0.0,0,0.409,0.3229,37.5,0.0,-3.75,-21.175,C,1.0,0.0733,0.3,
1709,137904,18.45,78,0.0,0,0.4623,0.2791,39.0,0.0,-3.9,-16.647,C,1.0,0.0765,0.3,
1710,138004,1.63,100,0.0,0,0.3322,0.3016,50.0,0.0,-5.0,-23.374,C,1.0,0.0649,0.3,lost_target
1711,138104,2.84,100,0.0,0,0.5629,0.2736,50.0,0.0,-5.0,-22.164,C,1.0,0.0801,0.3,lost_target
1712,138203,31.01,99,0.0,0,0.3243,0.2308,49.5,0.0,-4.95,-13.536,C,1.0,0.0555,0.3,
1713,138258,9.71,55,0.0,0,0.5213,0.3035,27.5,0.0,-2.75,-15.036,C,1.0,0.0662,0.3,
1714,138358,3.71,100,0.0,0,0.3244,0.2783,50.0,0.0,-5.0,-21.295,C,1.0,0.0527,0.3,lost_target
1715,138419,13.51,61,0.0,0,0.4748,0.2903,30.5,0.0,-3.05,-13.941,C,1.0,0.0803,0.3,
1716,138519,10.19,100,0.0,0,0.3627,0.2326,50.0,0.0,-5.0,-14.813,C,1.0,0.061,0.3,lost_target
1717,138571,10.34,52,0.0,0,0.5604,0.2901,26.0,0.0,-2.6,-13.063,C,1.0,0.0656,0.3,
1718,138652,26.09,81,0.0,0,0.3264,0.2206,40.5,0.0,-4.05,-10.361,C,1.0,0.0684,0.3,
1719,138727,15.57,75,0.0,0,0.5252,0.2855,37.5,0.0,-3.75,-18.18,C,1.0,0.0816,0.3,
1720,138770,9.73,43,0.0,0,0.5628,0.2706,21.5,0.0,-2.15,-9.622,C,1.0,0.0765,0.3,
1721,138837,18.89,67,0.0,0,0.4221,0.2464,33.5,0.0,-3.35,-11.26,C,1.0,0.0873,0.3,
1722,138937,-0.97,100,0.0,0,0.4346,0.309,50.0,0.0,-5.0,-25.975,C,1.0,0.0862,0.3,lost_target
1723,139036,17.33,99,0.0,0,0.4644,0.3207,49.5,0.0,-4.95,-27.225,C,1.0,0.054,0.3,
1724,139087,8.6,51,0.0,0,0.5784,0.3183,25.5,0.0,-2.55,-14.346,C,1.0,0.0562,0.3,
1725,139147,18.38,60,0.0,0,0.5042,0.2318,30.0,0.0,-3.0,-8.619,C,1.0,0.052,0.3,
1726,139200,12.02,53,0.0,0,0.4813,0.2918,26.5,0.0,-2.65,-11.827,C,1.0,0.0631,0.3,
1727,139279,16.57,79,0.0,0,0.5237,0.2756,39.5,0.0,-3.95,-18.975,C,1.0,0.0708,0.3,
1728,139329,9.94,50,0.0,0,0.4409,0.2931,25.0,0.0,-2.5,-12.56,C,1.0,0.0532,0.3,
1729,139414,15.02,85,0.0,0,0.5108,0.3133,42.5,0.0,-4.25,-23.228,C,1.0,0.0738,0.3,
1730,139505,25.43,91,0.0,0,0.3527,0.2429,45.5,0.0,-4.55,-15.524,C,1.0,0.0572,0.3,
1731,139605,4.93,100,0.0,0,0.2656,0.2746,50.0,0.0,-5.0,-20.066,C,1.0,0.0857,0.3,lost_target
1732,139645,9.14,40,0.0,0,0.5941,0.2732,20.0,0.0,-2.0,-8.864,C,1.0,0.0792,0.3,
1733,139696,11.54,51,0.0,0,0.5742,0.2751,25.5,0.0,-2.55,-11.407,C,1.0,0.0521,0.3,
1734,139752,7.56,56,0.0,0,0.5842,0.3248,28.0,0.0,-2.8,-17.635,C,1.0,0.0747,0.3,
1735,139798,11.69,46,0.0,0,0.4672,0.2616,23.0,0.0,-2.3,-9.008,C,1.0,0.075,0.3,
1736,139859,15.62,61,0.0,0,0.4327,0.27,30.5,0.0,-3.05,-11.834,C,1.0,0.0809,0.3,
1737,139914,9.07,55,0.0,0,0.6042,0.3067,27.5,0.0,-2.75,-15.682,C,1.0,0.0589,0.3,
1738,139989,19.42,75,0.0,0,0.3349,0.2638,37.5,0.0,-3.75,-14.333,C,1.0,0.0741,0.3,
1739,140068,21.46,79,0.0,0,0.462,0.2581,39.5,0.0,-3.95,-14.085,C,1.0,0.0747,0.3,
1740,140165,21.94,97,0.0,0,0.4446,0.2809,48.5,0.0,-4.85,-21.706,C,1.0,0.0709,0.3,
1741,140222,16.53,57,0.0,0,0.5048,0.2356,28.5,0.0,-2.85,-9.121,C,1.0,0.0654,0.3,
1742,140322,11.02,100,0.0,0,0.2696,0.2395,50.0,0.0,-5.0,-13.977,C,1.0,0.0624,0.3,lost_target
1743,140367,9.71,45,0.0,0,0.6434,0.2674,22.5,0.0,-2.25,-10.537,C,1.0,0.0612,0.3,
1744,140467,6.59,100,0.0,0,0.3449,0.2631,50.0,0.0,-5.0,-18.414,C,1.0,0.0699,0.3,lost_target
1745,140528,14.79,61,0.0,0,0.6124,0.2647,30.5,0.0,-3.05,-12.664,C,1.0,0.0869,0.3,
1746,140594,18.08,66,0.0,0,0.4107,0.2517,33.0,0.0,-3.3,-11.619,C,1.0,0.0697,0.3,
1747,140638,4.81,44,0.0,0,0.5017,0.3538,22.0,0.0,-2.2,-14.986,C,1.0,0.0685,0.3,
1748,140681,11.89,43,0.0,0,0.5703,0.2498,21.5,0.0,-2.15,-7.456,C,1.0,0.0653,0.3,
1749,140732,6.37,51,0.0,0,0.5446,0.3359,25.5,0.0,-2.55,-16.581,C,1.0,0.0591,0.3,
1750,140814,13.19,82,0.0,0,0.4649,0.3217,41.0,0.0,-4.1,-23.707,C,1.0,0.0676,0.3,
1751,140850,5.73,36,0.0,0,0.5293,0.3273,18.0,0.0,-1.8,-10.47,C,1.0,0.0655,0.3,
1752,140915,15.78,65,0.0,0,0.4798,0.2812,32.5,0.0,-3.25,-13.475,C,1.0,0.0603,0.3,
1753,141007,24.62,92,0.0,0,0.5504,0.2469,46.0,0.0,-4.6,-16.777,C,1.0,0.0639,0.3,
1754,141044,4.05,37,0.0,0,0.5418,0.3429,18.5,0.0,-1.85,-12.603,C,1.0,0.0672,0.3,
1755,141114,19.25,70,0.0,0,0.3823,0.2476,35.0,0.0,-3.5,-12.246,C,1.0,0.0856,0.3,
1756,141196,16.11,82,0.0,0,0.5466,0.3021,41.0,0.0,-4.1,-20.793,C,1.0,0.0886,0.3,
1757,141257,10.16,61,0.0,0,0.5725,0.3151,30.5,0.0,-3.05,-17.292,C,1.0,0.079,0.3,
1758,141320,17.3,63,0.0,0,0.7309,0.2224,31.5,0.0,-3.15,-11.046,C,1.0,0.0581,0.3,
1759,141370,11.37,50,0.0,0,0.4975,0.2792,25.0,0.0,-2.5,-11.131,C,1.0,0.063,0.3,
1760,141426,10.9,56,0.0,0,0.6466,0.2826,28.0,0.0,-2.8,-14.295,C,1.0,0.0908,0.3,
1761,141508,19.27,82,0.0,0,0.4154,0.2821,41.0,0.0,-4.1,-17.628,C,1.0,0.0898,0.3,
1762,141551,10.32,43,0.0,0,0.4989,0.265,21.5,0.0,-2.15,-9.034,C,1.0,0.0572,0.3,
1763,141648,25.27,97,0.0,0,0.3981,0.2728,48.5,0.0,-4.85,-18.379,C,1.0,0.0641,0.3,
1764,141735,27.75,87,0.0,0,0.3204,0.2174,43.5,0.0,-4.35,-11.404,C,1.0,0.0842,0.3,
1765,141793,11.21,58,0.0,0,0.596,0.2917,29.0,0.0,-2.9,-14.886,C,1.0,0.087,0.3,
1766,141838,10.43,45,0.0,0,0.568,0.263,22.5,0.0,-2.25,-9.816,C,1.0,0.0618,0.3,
1767,141908,10.75,70,0.0,0,0.5066,0.3184,35.0,0.0,-3.5,-20.755,C,1.0,0.0637,0.3,
1768,142008,5.0,100,0.0,0,0.4796,0.2644,50.0,0.0,-5.0,-20.001,C,1.0,0.1678,0.3,lost_target
1769,142088,18.26,80,0.0,0,0.4584,0.2906,40.0,0.0,-4.0,-17.743,C,1.0,0.0593,0.3,
1770,142173,17.02,85,0.0,0,0.4214,0.2974,42.5,0.0,-4.25,-21.226,C,1.0,0.0827,0.3,
1771,142206,8.09,33,0.0,0,0.6291,0.2517,16.5,0.0,-1.65,-6.76,C,1.0,0.0651,0.3,
1772,142267,15.59,61,0.0,0,0.5124,0.2586,30.5,0.0,-3.05,-11.864,C,1.0,0.0762,0.3,
1773,142307,9.61,40,0.0,0,0.5618,0.2645,20.0,0.0,-2.0,-8.39,C,1.0,0.0532,0.3,
1774,142362,14.12,55,0.0,0,0.4772,0.2722,27.5,0.0,-2.75,-10.633,C,1.0,0.0759,0.3,
1775,142419,11.88,57,0.0,0,0.5186,0.2844,28.5,0.0,-2.85,-13.775,C,1.0,0.1308,0.3,
1776,142477,14.55,58,0.0,0,0.4983,0.2736,29.0,0.0,-2.9,-11.551,C,1.0,0.0661,0.3,
1777,142532,9.25,55,0.0,0,0.6094,0.307,27.5,0.0,-2.75,-15.502,C,1.0,0.0897,0.3,
1778,142595,17.17,63,0.0,0,0.4213,0.2608,31.5,0.0,-3.15,-11.183,C,1.0,0.0704,0.3,
1779,142661,12.12,66,0.0,0,0.6356,0.2982,33.0,0.0,-3.3,-17.58,C,1.0,0.0919,0.3,
1780,142712,8.6,51,0.0,0,0.4791,0.3004,25.5,0.0,-2.55,-14.351,C,1.0,0.1215,0.3,
1781,142765,13.92,53,0.0,0,0.4477,0.2637,26.5,0.0,-2.65,-9.926,C,1.0,0.1213,0.3,
1782,142820,9.5,55,0.0,0,0.6065,0.3118,27.5,0.0,-2.75,-15.251,C,1.0,0.088,0.3,
1783,142914,21.42,94,0.0,0,0.4978,0.2664,47.0,0.0,-4.7,-20.876,C,1.0,0.1201,0.3,
1784,142987,21.91,73,0.0,0,0.3858,0.2357,36.5,0.0,-3.65,-10.935,C,1.0,0.0885,0.3,
1785,143069,17.86,82,0.0,0,0.5596,0.283,41.0,0.0,-4.1,-19.039,C,1.0,0.0878,0.3,
1786,143120,11.47,51,0.0,0,0.6359,0.2628,25.5,0.0,-2.55,-11.482,C,1.0,0.1317,0.3,
1787,143161,10.48,41,0.0,0,0.635,0.2295,20.5,0.0,-2.05,-7.968,C,1.0,0.0774,0.3,
1788,143215,13.11,54,0.0,0,0.578,0.2629,27.0,0.0,-2.7,-11.188,C,1.0,0.0797,0.3,
1789,143283,19.0,68,0.0,0,0.3663,0.2542,34.0,0.0,-3.4,-11.6,C,1.0,0.1756,0.3,
1790,143316,9.95,33,0.0,0,0.6569,0.2143,16.5,0.0,-1.65,-4.899,C,1.0,0.1357,0.3,
1791,143398,22.27,82,0.0,0,0.365,0.2551,41.0,0.0,-4.1,-14.63,C,1.0,0.122,0.3,
1792,143448,12.37,50,0.0,0,0.5364,0.2644,25.0,0.0,-2.5,-10.132,C,1.0,0.0553,0.3,
1793,143511,12.8,63,0.0,0,0.5147,0.3,31.5,0.0,-3.15,-15.548,C,1.0,0.0707,0.3,
1794,143575,13.82,64,0.0,0,0.5021,0.2894,32.0,0.0,-3.2,-14.981,C,1.0,0.0592,0.3,
1795,143624,8.41,49,0.0,0,0.5852,0.2941,24.5,0.0,-2.45,-13.644,C,1.0,0.0641,0.3,
1796,143679,14.11,55,0.0,0,0.445,0.2632,27.5,0.0,-2.75,-10.636,C,1.0,0.1913,0.3,
1797,143731,13.88,52,0.0,0,0.6196,0.2608,26.0,0.0,-2.6,-9.519,C,1.0,0.1721,0.3,
1798,143753,6.6,22,0.0,0,0.757,0.198,11.0,0.0,-1.1,-3.305,C,1.0,0.0799,0.3,
1799,143820,12.61,67,0.0,0,0.6294,0.2893,33.5,0.0,-3.35,-17.537,C,1.0,0.0611,0.3,
1800,143919,22.95,99,0.0,0,0.4948,0.2756,49.5,0.0,-4.95,-21.597,C,1.0,0.1031,0.3,
1801,143988,12.48,69,0.0,0,0.6781,0.2826,34.5,0.0,-3.45,-18.566,C,1.0,0.1584,0.3,
1802,144040,14.68,52,0.0,0,0.5441,0.2376,26.0,0.0,-2.6,-8.721,C,1.0,0.1107,0.3,
1803,144098,11.01,58,0.0,0,0.6027,0.2833,29.0,0.0,-2.9,-15.088,C,1.0,0.1883,0.3,
1804,144161,18.12,63,0.0,0,0.4817,0.24,31.5,0.0,-3.15,-10.225,C,1.0,0.0733,0.3,
1805,144227,16.22,66,0.0,0,0.4099,0.279,33.0,0.0,-3.3,-13.482,C,1.0,0.0916,0.3,
1806,144319,23.84,92,0.0,0,0.3608,0.2609,46.0,0.0,-4.6,-17.56,C,1.0,0.1359,0.3,
1807,144364,10.0,45,0.0,0,0.5848,0.2667,22.5,0.0,-2.25,-10.248,C,1.0,0.0595,0.3,
1808,144464,8.54,100,0.0,0,0.3494,0.244,50.0,0.0,-5.0,-16.46,C,1.0,0.2,0.3,lost_target
1809,144521,16.14,57,0.0,0,0.4129,0.2343,28.5,0.0,-2.85,-9.511,C,1.0,0.0845,0.3,
1810,144550,7.5,29,0.0,0,0.6271,0.2381,14.5,0.0,-1.45,-5.554,C,1.0,0.0696,0.3,
1811,144638,18.82,88,0.0,0,0.4441,0.29,44.0,0.0,-4.4,-20.777,C,1.0,0.1749,0.3,
1812,144738,7.67,100,0.0,0,0.2829,0.2613,50.0,0.0,-5.0,-17.328,C,1.0,0.1366,0.3,lost_target
1813,144816,22.4,78,0.0,0,0.3798,0.2457,39.0,0.0,-3.9,-12.696,C,1.0,0.1478,0.3,
1814,144882,13.82,66,0.0,0,0.3915,0.2923,33.0,0.0,-3.3,-15.88,C,1.0,0.0573,0.3,
1815,144972,25.62,90,0.0,0,0.3618,0.2445,45.0,0.0,-4.5,-14.879,C,1.0,0.1634,0.3,
1816,145005,8.23,33,0.0,0,0.626,0.2365,16.5,0.0,-1.65,-6.62,C,1.0,0.151,0.3,
1817,145054,10.11,49,0.0,0,0.5355,0.2903,24.5,0.0,-2.45,-11.936,C,1.0,0.0612,0.3,
1818,145106,11.19,52,0.0,0,0.5283,0.2827,26.0,0.0,-2.6,-12.209,C,1.0,0.0569,0.3,
1819,145168,15.3,62,0.0,0,0.4761,0.2678,31.0,0.0,-3.1,-12.601,C,1.0,0.092,0.3,
1820,145245,22.81,77,0.0,0,0.3439,0.2346,38.5,0.0,-3.85,-11.844,C,1.0,0.0626,0.3,
1821,145298,8.28,53,0.0,0,0.5889,0.3034,26.5,0.0,-2.65,-15.569,C,1.0,0.0538,0.3,
1822,145393,21.65,95,0.0,0,0.4694,0.2882,47.5,0.0,-4.75,-21.102,C,1.0,0.1407,0.3,
1823,145450,15.34,57,0.0,0,0.434,0.2662,28.5,0.0,-2.85,-10.315,C,1.0,0.0842,0.3,
1824,145506,10.41,56,0.0,0,0.6162,0.297,28.0,0.0,-2.8,-14.786,C,1.0,0.1674,0.3,
1825,145582,23.8,76,0.0,0,0.3816,0.2209,38.0,0.0,-3.8,-10.402,C,1.0,0.0732,0.3,
1826,145652,17.17,70,0.0,0,0.4024,0.2678,35.0,0.0,-3.5,-14.334,C,1.0,0.0895,0.3,
1827,145684,6.96,32,0.0,0,0.5995,0.2806,16.0,0.0,-1.6,-7.438,C,1.0,0.1293,0.3,
1828,145747,13.61,63,0.0,0,0.4127,0.2977,31.5,0.0,-3.15,-14.735,C,1.0,0.0832,0.3,
1829,145795,10.33,48,0.0,0,0.4989,0.2847,24.0,0.0,-2.4,-11.268,C,1.0,0.1976,0.3,
1830,145847,11.0,52,0.0,0,0.4618,0.2833,26.0,0.0,-2.6,-12.403,C,1.0,0.1845,0.3,
1831,145906,15.97,59,0.0,0,0.4362,0.2607,29.5,0.0,-2.95,-10.578,C,1.0,0.0945,0.3,
1832,145973,18.23,67,0.0,0,0.4609,0.2603,33.5,0.0,-3.35,-11.924,C,1.0,0.0697,0.3,
1833,146052,16.51,79,0.0,0,0.3946,0.304,39.5,0.0,-3.95,-19.044,C,1.0,0.1048,0.3,
1834,146090,7.69,38,0.0,0,0.5003,0.2836,19.0,0.0,-1.9,-9.407,C,1.0,0.0748,0.3,
1835,146172,21.01,82,0.0,0,0.4558,0.2645,41.0,0.0,-4.1,-15.891,C,1.0,0.1795,0.3,
1836,146233,9.39,61,0.0,0,0.5178,0.3254,30.5,0.0,-3.05,-18.065,C,1.0,0.1736,0.3,
1837,146283,14.24,50,0.0,0,0.4852,0.2391,25.0,0.0,-2.5,-8.26,C,1.0,0.0574,0.3,
1838,146346,15.32,63,0.0,0,0.4367,0.2621,31.5,0.0,-3.15,-13.031,C,1.0,0.1324,0.3,
1839,146403,17.24,57,0.0,0,0.4391,0.2196,28.5,0.0,-2.85,-8.408,C,1.0,0.1905,0.3,
1840,146459,17.44,56,0.0,0,0.4343,0.2256,28.0,0.0,-2.8,-7.764,C,1.0,0.082,0.3,
1841,146554,30.5,95,0.0,0,0.3051,0.2118,47.5,0.0,-4.75,-12.254,C,1.0,0.0774,0.3,
1842,146654,1.76,100,0.0,0,0.571,0.275,50.0,0.0,-5.0,-23.24,C,1.0,0.0788,0.3,lost_target
1843,146706,8.28,52,0.0,0,0.5399,0.3092,26.0,0.0,-2.6,-15.116,C,1.0,0.1871,0.3,
1844,146773,15.81,67,0.0,0,0.5759,0.2721,33.5,0.0,-3.35,-14.34,C,1.0,0.1299,0.3,
1845,146842,16.82,69,0.0,0,0.4464,0.2752,34.5,0.0,-3.45,-14.226,C,1.0,0.067,0.3,
1846,146924,17.26,82,0.0,0,0.4465,0.2958,41.0,0.0,-4.1,-19.644,C,1.0,0.1636,0.3,
1847,146964,9.89,40,0.0,0,0.5583,0.2562,20.0,0.0,-2.0,-8.112,C,1.0,0.1541,0.3,
1848,147048,24.82,84,0.0,0,0.4029,0.2273,42.0,0.0,-4.2,-12.981,C,1.0,0.1197,0.3,
1849,147113,20.96,65,0.0,0,0.3701,0.2186,32.5,0.0,-3.25,-8.291,C,1.0,0.1386,0.3,
1850,147178,14.49,65,0.0,0,0.4901,0.2724,32.5,0.0,-3.25,-14.761,C,1.0,0.1985,0.3,
1851,147220,10.55,42,0.0,0,0.5688,0.2577,21.0,0.0,-2.1,-8.355,C,1.0,0.1689,0.3,
1852,147279,15.79,59,0.0,0,0.6857,0.2217,29.5,0.0,-2.95,-10.763,C,1.0,0.0676,0.3,
1853,147359,22.54,80,0.0,0,0.3491,0.2423,40.0,0.0,-4.0,-13.464,C,1.0,0.1195,0.3,
1854,147395,7.82,36,0.0,0,0.5982,0.2683,18.0,0.0,-1.8,-8.381,C,1.0,0.13,0.3,
1855,147462,17.62,67,0.0,0,0.5592,0.2491,33.5,0.0,-3.35,-12.532,C,1.0,0.1884,0.3,
1856,147562,10.87,100,0.0,0,0.2181,0.2435,50.0,0.0,-5.0,-14.134,C,1.0,0.1068,0.3,lost_target
1857,147633,14.17,71,0.0,0,0.5515,0.2893,35.5,0.0,-3.55,-17.776,C,1.0,0.1758,0.3,
1858,147697,15.04,64,0.0,0,0.5146,0.2782,32.0,0.0,-3.2,-13.761,C,1.0,0.0765,0.3,
1859,147762,16.4,65,0.0,0,0.5516,0.2599,32.5,0.0,-3.25,-12.85,C,1.0,0.1298,0.3,
1860,147814,12.74,52,0.0,0,0.6089,0.2408,26.0,0.0,-2.6,-10.66,C,1.0,0.0893,0.3,
1861,147857,11.83,43,0.0,0,0.5709,0.2443,21.5,0.0,-2.15,-7.521,C,1.0,0.1154,0.3,
1862,147915,14.81,58,0.0,0,0.6159,0.2473,29.0,0.0,-2.9,-11.295,C,1.0,0.1969,0.3,
1863,147955,11.88,40,0.0,0,0.5924,0.2307,20.0,0.0,-2.0,-6.122,C,1.0,0.1664,0.3,
1864,148010,10.61,55,0.0,0,0.5684,0.2914,27.5,0.0,-2.75,-14.137,C,1.0,0.1827,0.3,
1865,148076,16.59,66,0.0,0,0.4474,0.2605,33.0,0.0,-3.3,-13.112,C,1.0,0.0847,0.3,
1866,148134,15.63,58,0.0,0,0.4732,0.2615,29.0,0.0,-2.9,-10.472,C,1.0,0.1192,0.3,
1867,148196,10.76,62,0.0,0,0.4206,0.3123,31.0,0.0,-3.1,-17.142,C,1.0,0.1476,0.3,
1868,148248,11.36,52,0.0,0,0.4483,0.2835,26.0,0.0,-2.6,-12.037,C,1.0,0.1276,0.3,
1869,148311,18.68,63,0.0,0,0.364,0.2295,31.5,0.0,-3.15,-9.669,C,1.0,0.1943,0.3,
1870,148355,10.74,44,0.0,0,0.5974,0.2682,22.0,0.0,-2.2,-9.061,C,1.0,0.0521,0.3,
1871,148411,14.15,56,0.0,0,0.5444,0.2644,28.0,0.0,-2.8,-11.054,C,1.0,0.1761,0.3,
1872,148481,18.88,70,0.0,0,0.5335,0.2498,35.0,0.0,-3.5,-12.617,C,1.0,0.1483,0.3,
1873,148532,13.03,51,0.0,0,0.5814,0.2516,25.5,0.0,-2.55,-9.924,C,1.0,0.1328,0.3,
1874,148573,9.16,41,0.0,0,0.5526,0.2786,20.5,0.0,-2.05,-9.293,C,1.0,0.1616,0.3,
1875,148628,10.3,55,0.0,0,0.57,0.2987,27.5,0.0,-2.75,-14.449,C,1.0,0.1785,0.3,
1876,148728,5.19,100,0.0,0,0.2671,0.2771,50.0,0.0,-5.0,-19.809,C,1.0,0.1143,0.3,lost_target
1877,148791,20.21,63,0.0,0,0.4319,0.2179,31.5,0.0,-3.15,-8.143,C,1.0,0.1134,0.3,
1878,148853,15.44,62,0.0,0,0.5752,0.2758,31.0,0.0,-3.1,-12.462,C,1.0,0.1736,0.3,
1879,148936,25.95,83,0.0,0,0.366,0.2236,41.5,0.0,-4.15,-11.398,C,1.0,0.1339,0.3,
1880,148997,16.48,61,0.0,0,0.589,0.2466,30.5,0.0,-3.05,-10.968,C,1.0,0.1221,0.3,
1881,149051,7.69,54,0.0,0,0.5162,0.326,27.0,0.0,-2.7,-16.613,C,1.0,0.1028,0.3,
1882,149108,10.65,57,0.0,0,0.6426,0.2907,28.5,0.0,-2.85,-14.998,C,1.0,0.1761,0.3,
1883,149158,10.04,50,0.0,0,0.5872,0.2839,25.0,0.0,-2.5,-12.457,C,1.0,0.1017,0.3,
1884,149205,10.73,47,0.0,0,0.5018,0.2757,23.5,0.0,-2.35,-10.42,C,1.0,0.1975,0.3,
1885,149250,11.86,45,0.0,0,0.6969,0.2198,22.5,0.0,-2.25,-8.391,C,1.0,0.1671,0.3,
1886,149291,7.55,41,0.0,0,0.6235,0.2729,20.5,0.0,-2.05,-10.901,C,1.0,0.1464,0.3,
1887,149331,9.27,40,0.0,0,0.6426,0.2721,20.0,0.0,-2.0,-8.733,C,1.0,0.1722,0.3,
1888,149384,8.78,53,0.0,0,0.4797,0.3055,26.5,0.0,-2.65,-15.074,C,1.0,0.1703,0.3,
1889,149429,11.13,45,0.0,0,0.5232,0.2666,22.5,0.0,-2.25,-9.117,C,1.0,0.1902,0.3,
1890,149498,13.49,69,0.0,0,0.4822,0.3022,34.5,0.0,-3.45,-17.565,C,1.0,0.194,0.3,
1891,149580,21.96,82,0.0,0,0.4662,0.2539,41.0,0.0,-4.1,-14.943,C,1.0,0.113,0.3,
1892,149671,21.98,91,0.0,0,0.444,0.2623,45.5,0.0,-4.55,-18.975,C,1.0,0.1007,0.3,
1893,149713,7.59,42,0.0,0,0.5902,0.2948,21.0,0.0,-2.1,-11.31,C,1.0,0.19,0.3,
1894,149795,17.51,82,0.0,0,0.5441,0.281,41.0,0.0,-4.1,-19.385,C,1.0,0.1042,0.3,
1895,149872,15.95,77,0.0,0,0.3817,0.2946,38.5,0.0,-3.85,-18.7,C,1.0,0.1205,0.3,
1896,149916,11.26,44,0.0,0,0.5582,0.2569,22.0,0.0,-2.2,-8.536,C,1.0,0.1756,0.3,
1897,149992,23.88,76,0.0,0,0.3495,0.2235,38.0,0.0,-3.8,-10.32,C,1.0,0.1907,0.3,
1898,150060,13.57,68,0.0,0,0.4268,0.3134,34.0,0.0,-3.4,-17.031,D,1.0,0.1006,0.3,
1899,150129,17.89,69,0.0,0,0.3659,0.2651,34.5,0.0,-3.45,-13.159,D,1.0,0.1004,0.3,
1900,150187,15.76,58,0.0,0,0.7428,0.2065,29.0,0.0,-2.9,-10.339,D,1.0,0.1005,0.3,
1901,150278,17.99,91,0.0,0,0.4102,0.3106,45.5,0.0,-4.55,-22.96,D,1.0,0.1005,0.3,
1902,150378,3.46,100,0.0,0,0.3137,0.2852,50.0,0.0,-5.0,-21.537,D,1.0,0.1008,0.3,lost_target
1903,150469,26.34,91,0.0,0,0.3576,0.2432,45.5,0.0,-4.55,-14.612,D,1.0,0.1007,0.3,
1904,150529,16.47,60,0.0,0,0.6802,0.2262,30.0,0.0,-3.0,-10.526,D,1.0,0.1001,0.3,
1905,150609,13.57,80,0.0,0,0.598,0.2811,40.0,0.0,-4.0,-22.434,D,1.0,0.1008,0.3,
1906,150667,11.81,58,0.0,0,0.568,0.2864,29.0,0.0,-2.9,-14.287,D,1.0,0.1005,0.3,
1907,150746,20.83,79,0.0,0,0.5285,0.2582,39.5,0.0,-3.95,-14.718,D,1.0,0.101,0.3,
1908,150844,22.76,98,0.0,0,0.4231,0.2823,49.0,0.0,-4.9,-21.341,D,1.0,0.1015,0.3,
1909,150944,7.52,100,0.0,0,0.3301,0.2523,50.0,0.0,-5.0,-17.479,D,1.0,0.1018,0.3,lost_target
1910,151039,25.12,95,0.0,0,0.3206,0.2666,47.5,0.0,-4.75,-17.631,D,1.0,0.1018,0.3,
1911,151139,9.68,100,0.0,0,0.3249,0.2426,50.0,0.0,-5.0,-15.324,D,1.0,0.1003,0.3,lost_target
1912,151211,19.28,72,0.0,0,0.567,0.2476,36.0,0.0,-3.6,-13.121,D,1.0,0.1008,0.3,
1913,151283,21.47,72,0.0,0,0.3742,0.2352,36.0,0.0,-3.6,-10.933,D,1.0,0.1002,0.3,
1914,151381,19.36,98,0.0,0,0.4103,0.3011,49.0,0.0,-4.9,-24.738,D,1.0,0.1,0.3,
1915,151435,13.83,54,0.0,0,0.5825,0.2489,27.0,0.0,-2.7,-10.471,D,1.0,0.1004,0.3,
1916,151496,13.45,61,0.0,0,0.448,0.2835,30.5,0.0,-3.05,-14.0,D,1.0,0.1016,0.3,
1917,151556,18.91,60,0.0,0,0.4012,0.2202,30.0,0.0,-3.0,-8.092,D,1.0,0.1026,0.3,
1918,151577,6.66,21,0.0,0,0.6813,0.2075,10.5,0.0,-1.05,-2.791,D,1.0,0.1017,0.3,
1919,151645,17.67,68,0.0,0,0.4457,0.2692,34.0,0.0,-3.4,-12.931,D,1.0,0.1028,0.3,
1920,151745,2.38,100,0.0,0,0.4711,0.2797,50.0,0.0,-5.0,-22.616,D,1.0,0.1033,0.3,lost_target
1921,151842,26.55,97,0.0,0,0.3915,0.2576,48.5,0.0,-4.85,-17.095,D,1.0,0.1002,0.3,
1922,151926,15.62,84,0.0,0,0.4273,0.3098,42.0,0.0,-4.2,-22.176,D,1.0,0.1032,0.3,
1923,151977,14.18,51,0.0,0,0.5053,0.2447,25.5,0.0,-2.55,-8.774,D,1.0,0.1001,0.3,
1924,152039,12.25,62,0.0,0,0.6851,0.2674,31.0,0.0,-3.1,-15.646,D,1.0,0.1007,0.3,
1925,152089,10.41,50,0.0,0,0.601,0.2718,25.0,0.0,-2.5,-12.093,D,1.0,0.1031,0.3,
1926,152161,15.69,72,0.0,0,0.3938,0.2916,36.0,0.0,-3.6,-16.712,D,1.0,0.1019,0.3,
1927,152239,21.0,78,0.0,0,0.4252,0.2602,39.0,0.0,-3.9,-14.097,D,1.0,0.1005,0.3,
1928,152298,12.58,59,0.0,0,0.4216,0.2817,29.5,0.0,-2.95,-13.967,D,1.0,0.1034,0.3,
1929,152353,14.38,55,0.0,0,0.7226,0.2323,27.5,0.0,-2.75,-10.367,D,1.0,0.1038,0.3,
1930,152422,17.2,69,0.0,0,0.3997,0.2644,34.5,0.0,-3.45,-13.848,D,1.0,0.1023,0.3,
1931,152498,22.8,76,0.0,0,0.3659,0.2368,38.0,0.0,-3.8,-11.4,D,1.0,0.1002,0.3,
1932,152570,18.53,72,0.0,0,0.5388,0.2529,36.0,0.0,-3.6,-13.869,D,1.0,0.1045,0.3,
1933,152663,21.74,93,0.0,0,0.5643,0.2558,46.5,0.0,-4.65,-20.106,D,1.0,0.1017,0.3,
1934,152728,18.37,65,0.0,0,0.4617,0.2412,32.5,0.0,-3.25,-10.878,D,1.0,0.1049,0.3,
1935,152810,22.37,82,0.0,0,0.3359,0.2527,41.0,0.0,-4.1,-14.53,D,1.0,0.104,0.3,
1936,152870,17.32,60,0.0,0,0.4257,0.238,30.0,0.0,-3.0,-9.684,D,1.0,0.1056,0.3,
1937,152920,12.71,50,0.0,0,0.4882,0.2669,25.0,0.0,-2.5,-9.793,D,1.0,0.1055,0.3,
1938,152953,9.41,33,0.0,0,0.6961,0.218,16.5,0.0,-1.65,-5.444,D,1.0,0.1046,0.3,
1939,153030,19.27,77,0.0,0,0.5864,0.249,38.5,0.0,-3.85,-15.382,D,1.0,0.1008,0.3,
1940,153118,21.24,88,0.0,0,0.3785,0.283,44.0,0.0,-4.4,-18.362,D,1.0,0.1058,0.3,
1941,153187,14.61,69,0.0,0,0.6338,0.2717,34.5,0.0,-3.45,-16.439,D,1.0,0.1044,0.3,
1942,153233,11.56,46,0.0,0,0.4948,0.2689,23.0,0.0,-2.3,-9.142,D,1.0,0.1038,0.3,
1943,153315,22.66,82,0.0,0,0.3904,0.2536,41.0,0.0,-4.1,-14.242,D,1.0,0.1022,0.3,
1944,153397,20.08,82,0.0,0,0.5201,0.2648,41.0,0.0,-4.1,-16.815,D,1.0,0.1008,0.3,
1945,153452,13.1,55,0.0,0,0.5725,0.2696,27.5,0.0,-2.75,-11.647,D,1.0,0.1057,0.3,
1946,153552,7.99,100,0.0,0,0.2398,0.2644,50.0,0.0,-5.0,-17.012,D,1.0,0.1029,0.3,lost_target
1947,153629,20.04,77,0.0,0,0.3832,0.2655,38.5,0.0,-3.85,-14.612,D,1.0,0.1072,0.3,
1948,153687,14.37,58,0.0,0,0.3847,0.2634,29.0,0.0,-2.9,-11.735,D,1.0,0.1057,0.3,
1949,153738,11.66,51,0.0,0,0.4307,0.2864,25.5,0.0,-2.55,-11.295,D,1.0,0.1064,0.3,
1950,153787,12.24,49,0.0,0,0.6229,0.2426,24.5,0.0,-2.45,-9.806,D,1.0,0.1029,0.3,
1951,153849,16.16,62,0.0,0,0.4389,0.2505,31.0,0.0,-3.1,-11.739,D,1.0,0.1007,0.3,
1952,153896,9.09,47,0.0,0,0.5542,0.2919,23.5,0.0,-2.35,-12.058,D,1.0,0.1008,0.3,
1953,153917,4.59,21,0.0,0,0.7432,0.2428,10.5,0.0,-1.05,-4.856,D,1.0,0.1057,0.3,
1954,154017,-3.73,100,0.0,0,0.419,0.3289,50.0,0.0,-5.0,-28.726,D,1.0,0.1057,0.3,lost_target
1955,154074,16.93,57,0.0,0,0.4354,0.2331,28.5,0.0,-2.85,-8.722,D,1.0,0.1043,0.3,
1956,154112,10.75,38,0.0,0,0.5435,0.2333,19.0,0.0,-1.9,-6.348,D,1.0,0.1011,0.3,
1957,154176,15.42,64,0.0,0,0.4239,0.277,32.0,0.0,-3.2,-13.379,D,1.0,0.1057,0.3,
1958,154276,8.53,100,0.0,0,0.2885,0.2589,50.0,0.0,-5.0,-16.466,D,1.0,0.1053,0.3,lost_target
1959,154330,16.06,54,0.0,0,0.6463,0.2259,27.0,0.0,-2.7,-8.235,D,1.0,0.1081,0.3,
1960,154358,9.37,28,0.0,0,0.7874,0.163,14.0,0.0,-1.4,-3.228,D,1.0,0.1018,0.3,
1961,154412,17.21,54,0.0,0,0.4831,0.2253,27.0,0.0,-2.7,-7.091,D,1.0,0.1038,0.3,
1962,154459,11.77,47,0.0,0,0.618,0.2611,23.5,0.0,-2.35,-9.375,D,1.0,0.1062,0.3,
1963,154507,14.4,48,0.0,0,0.5014,0.227,24.0,0.0,-2.4,-7.201,D,1.0,0.1051,0.3,
1964,154553,12.75,46,0.0,0,0.4874,0.2369,23.0,0.0,-2.3,-7.952,D,1.0,0.1019,0.3,
1965,154615,15.74,62,0.0,0,0.5338,0.2677,31.0,0.0,-3.1,-12.165,D,1.0,0.1049,0.3,
1966,154682,20.47,67,0.0,0,0.3695,0.2301,33.5,0.0,-3.35,-9.683,D,1.0,0.1071,0.3,
1967,154727,3.67,45,0.0,0,0.5778,0.3548,22.5,0.0,-2.25,-16.58,D,1.0,0.1057,0.3,
1968,154786,19.63,59,0.0,0,0.4463,0.1995,29.5,0.0,-2.95,-6.918,D,1.0,0.1024,0.3,
1969,154833,13.19,47,0.0,0,0.6547,0.2355,23.5,0.0,-2.35,-7.958,D,1.0,0.104,0.3,
1970,154880,12.82,47,0.0,0,0.5377,0.2483,23.5,0.0,-2.35,-8.325,D,1.0,0.1056,0.3,
1971,154935,16.74,55,0.0,0,0.4531,0.2297,27.5,0.0,-2.75,-8.006,D,1.0,0.1048,0.3,
1972,155017,14.41,82,0.0,0,0.5868,0.2932,41.0,0.0,-4.1,-22.493,D,1.0,0.1065,0.3,
1973,155095,21.78,78,0.0,0,0.4412,0.2495,39.0,0.0,-3.9,-13.316,D,1.0,0.1085,0.3,
1974,155162,8.81,67,0.0,0,0.6432,0.3078,33.5,0.0,-3.35,-21.337,D,1.0,0.1078,0.3,
1975,155216,12.45,54,0.0,0,0.4611,0.2742,27.0,0.0,-2.7,-11.855,D,1.0,0.1085,0.3,
1976,155311,21.04,95,0.0,0,0.5736,0.2653,47.5,0.0,-4.75,-21.708,D,1.0,0.1032,0.3,
1977,155365,11.32,54,0.0,0,0.6307,0.2871,27.0,0.0,-2.7,-12.979,D,1.0,0.1084,0.3,
1978,155405,10.45,40,0.0,0,0.6469,0.247,20.0,0.0,-2.0,-7.548,D,1.0,0.1045,0.3,
1979,155448,11.8,43,0.0,0,0.6068,0.234,21.5,0.0,-2.15,-7.549,D,1.0,0.1101,0.3,
1980,155547,24.0,99,0.0,0,0.5762,0.2553,49.5,0.0,-4.95,-20.552,D,1.0,0.1088,0.3,
1981,155630,18.08,83,0.0,0,0.5248,0.2838,41.5,0.0,-4.15,-19.269,D,1.0,0.1021,0.3,
1982,155700,17.82,70,0.0,0,0.3724,0.2667,35.0,0.0,-3.5,-13.679,D,1.0,0.11,0.3,
1983,155772,15.68,72,0.0,0,0.6277,0.2558,36.0,0.0,-3.6,-16.717,D,1.0,0.1039,0.3,
1984,155844,22.14,72,0.0,0,0.7008,0.1973,36.0,0.0,-3.6,-10.265,D,1.0,0.1049,0.3,
1985,155906,14.43,62,0.0,0,0.4785,0.2799,31.0,0.0,-3.1,-13.472,D,1.0,0.1082,0.3,
1986,155965,19.88,59,0.0,0,0.3837,0.2106,29.5,0.0,-2.95,-6.667,D,1.0,0.1082,0.3,
1987,156039,22.77,74,0.0,0,0.3788,0.23,37.0,0.0,-3.7,-10.53,D,1.0,0.1035,0.3,
1988,156105,14.92,66,0.0,0,0.609,0.2759,33.0,0.0,-3.3,-14.776,D,1.0,0.1012,0.3,
1989,156147,8.98,42,0.0,0,0.6441,0.2861,21.0,0.0,-2.1,-9.916,D,1.0,0.1025,0.3,
1990,156191,4.16,44,0.0,0,0.4871,0.3671,22.0,0.0,-2.2,-15.642,D,1.0,0.1011,0.3,
1991,156225,8.24,34,0.0,0,0.5769,0.2704,17.0,0.0,-1.7,-7.064,D,1.0,0.1011,0.3,
1992,156305,24.78,80,0.0,0,0.6472,0.196,40.0,0.0,-4.0,-11.22,D,1.0,0.1064,0.3,
1993,156390,24.96,85,0.0,0,0.3447,0.2416,42.5,0.0,-4.25,-13.294,D,1.0,0.1072,0.3,
1994,156436,11.44,46,0.0,0,0.5404,0.2636,23.0,0.0,-2.3,-9.265,D,1.0,0.1115,0.3,
1995,156512,19.51,76,0.0,0,0.459,0.2572,38.0,0.0,-3.8,-14.685,D,1.0,0.1016,0.3,
1996,156585,19.53,73,0.0,0,0.3965,0.263,36.5,0.0,-3.65,-13.325,D,1.0,0.1034,0.3,
1997,156663,25.23,78,0.0,0,0.342,0.2242,39.0,0.0,-3.9,-9.872,D,1.0,0.1073,0.3,
1998,156710,12.76,47,0.0,0,0.551,0.2459,23.5,0.0,-2.35,-8.394,D,1.0,0.1119,0.3,
1999,156761,13.42,51,0.0,0,0.6589,0.244,25.5,0.0,-2.55,-9.527,D,1.0,0.1078,0.3,
2000,156824,18.05,63,0.0,0,0.4173,0.2474,31.5,0.0,-3.15,-10.295,D,1.0,0.1091,0.3,
2001,156900,19.06,76,0.0,0,0.3944,0.2678,38.0,0.0,-3.8,-15.139,D,1.0,0.1023,0.3,
2002,156956,11.1,56,0.0,0,0.5996,0.2878,28.0,0.0,-2.8,-14.099,D,1.0,0.1024,0.3,
2003,157033,20.14,77,0.0,0,0.6295,0.2463,38.5,0.0,-3.85,-14.507,D,1.0,0.1037,0.3,
2004,157113,19.42,80,0.0,0,0.6039,0.2509,40.0,0.0,-4.0,-16.581,D,1.0,0.1055,0.3,
2005,157154,10.38,41,0.0,0,0.581,0.2465,20.5,0.0,-2.05,-8.074,D,1.0,0.1108,0.3,
2006,157194,12.17,40,0.0,0,0.5378,0.216,20.0,0.0,-2.0,-5.831,D,1.0,0.1134,0.3,
2007,157265,19.19,71,0.0,0,0.3878,0.2559,35.5,0.0,-3.55,-12.761,D,1.0,0.1076,0.3,
2008,157310,14.87,45,0.0,0,0.7287,0.183,22.5,0.0,-2.25,-5.378,D,1.0,0.1016,0.3,
2009,157357,9.58,47,0.0,0,0.516,0.2946,23.5,0.0,-2.35,-11.569,D,1.0,0.1013,0.3,
2010,157440,21.56,83,0.0,0,0.4357,0.2545,41.5,0.0,-4.15,-15.791,D,1.0,0.1086,0.3,
2011,157471,7.4,31,0.0,0,0.6904,0.2636,15.5,0.0,-1.55,-6.553,D,1.0,0.1016,0.3,
2012,157555,17.98,84,0.0,0,0.5133,0.2802,42.0,0.0,-4.2,-19.825,D,1.0,0.1067,0.3,
2013,157627,17.89,72,0.0,0,0.4449,0.2676,36.0,0.0,-3.6,-14.514,D,1.0,0.1144,0.3,
2014,157675,12.66,48,0.0,0,0.6804,0.2308,24.0,0.0,-2.4,-8.943,D,1.0,0.1024,0.3,
2015,157720,9.37,45,0.0,0,0.5472,0.2833,22.5,0.0,-2.25,-10.879,D,1.0,0.1004,0.3,
2016,157791,19.51,71,0.0,0,0.3723,0.252,35.5,0.0,-3.55,-12.444,D,1.0,0.102,0.3,
2017,157856,13.0,65,0.0,0,0.557,0.2999,32.5,0.0,-3.25,-16.247,D,1.0,0.1152,0.3,
2018,157894,10.5,38,0.0,0,0.5735,0.2592,19.0,0.0,-1.9,-6.6,D,1.0,0.1149,0.3,
2019,157958,16.17,64,0.0,0,0.6159,0.2476,32.0,0.0,-3.2,-12.631,D,1.0,0.1082,0.3,
2020,158009,15.08,51,0.0,0,0.5025,0.2345,25.5,0.0,-2.55,-7.875,D,1.0,0.1045,0.3,
2021,158056,10.21,47,0.0,0,0.6295,0.2712,23.5,0.0,-2.35,-10.939,D,1.0,0.1137,0.3,
2022,158112,15.14,56,0.0,0,0.5523,0.2467,28.0,0.0,-2.8,-10.062,D,1.0,0.1068,0.3,
2023,158192,20.53,80,0.0,0,0.4766,0.2659,40.0,0.0,-4.0,-15.475,D,1.0,0.1154,0.3,
2024,158235,11.38,43,0.0,0,0.5287,0.2621,21.5,0.0,-2.15,-7.97,D,1.0,0.1102,0.3,
2025,158310,22.19,75,0.0,0,0.3854,0.2352,37.5,0.0,-3.75,-11.56,D,1.0,0.1005,0.3,
2026,158370,13.2,60,0.0,0,0.4138,0.2963,30.0,0.0,-3.0,-13.801,D,1.0,0.1087,0.3,
2027,158465,28.27,95,0.0,0,0.3668,0.2344,47.5,0.0,-4.75,-14.478,D,1.0,0.1095,0.3,
2028,158510,9.85,45,0.0,0,0.5238,0.2851,22.5,0.0,-2.25,-10.397,D,1.0,0.1022,0.3,
2029,158580,15.38,70,0.0,0,0.4212,0.2881,35.0,0.0,-3.5,-16.121,D,1.0,0.1138,0.3,
2030,158628,13.74,48,0.0,0,0.4904,0.2435,24.0,0.0,-2.4,-7.858,D,1.0,0.1133,0.3,
2031,158673,9.03,45,0.0,0,0.5115,0.2904,22.5,0.0,-2.25,-11.223,D,1.0,0.1119,0.3,
2032,158773,7.62,100,0.0,0,0.3017,0.2437,50.0,0.0,-5.0,-17.377,D,1.0,0.1043,0.3,lost_target
2033,158837,15.43,64,0.0,0,0.3972,0.2733,32.0,0.0,-3.2,-13.375,D,1.0,0.1166,0.3,
2034,158879,7.14,42,0.0,0,0.5101,0.3055,21.0,0.0,-2.1,-11.757,D,1.0,0.1172,0.3,
2035,158967,24.62,88,0.0,0,0.3433,0.251,44.0,0.0,-4.4,-14.976,D,1.0,0.1083,0.3,
2036,159007,11.51,40,0.0,0,0.5757,0.2233,20.0,0.0,-2.0,-6.487,D,1.0,0.1007,0.3,
2037,159045,10.88,38,0.0,0,0.5691,0.2384,19.0,0.0,-1.9,-6.218,D,1.0,0.1087,0.3,
2038,159092,12.15,47,0.0,0,0.5528,0.2367,23.5,0.0,-2.35,-9.001,D,1.0,0.1032,0.3,
2039,159166,17.19,74,0.0,0,0.4359,0.2789,37.0,0.0,-3.7,-16.11,D,1.0,0.1093,0.3,
2040,159256,22.4,90,0.0,0,0.5898,0.2545,45.0,0.0,-4.5,-18.104,D,1.0,0.1096,0.3,
2041,159294,10.29,38,0.0,0,0.625,0.2432,19.0,0.0,-1.9,-6.815,D,1.0,0.1139,0.3,
2042,159357,16.96,63,0.0,0,0.4603,0.2564,31.5,0.0,-3.15,-11.389,D,1.0,0.1002,0.3,
2043,159400,12.12,43,0.0,0,0.5284,0.2455,21.5,0.0,-2.15,-7.225,D,1.0,0.1159,0.3,
2044,159429,7.6,29,0.0,0,0.7253,0.2351,14.5,0.0,-1.45,-5.454,D,1.0,0.108,0.3,
2045,159482,15.61,53,0.0,0,0.4978,0.2347,26.5,0.0,-2.65,-8.236,D,1.0,0.1132,0.3,
2046,159530,13.21,48,0.0,0,0.5204,0.2519,24.0,0.0,-2.4,-8.39,D,1.0,0.1179,0.3,
2047,159604,17.17,74,0.0,0,0.5575,0.2712,37.0,0.0,-3.7,-16.125,D,1.0,0.1127,0.3,
2048,159704,1.41,100,0.0,0,0.4063,0.2971,50.0,0.0,-5.0,-23.592,D,1.0,0.1147,0.3,lost_target
2049,159800,14.9,96,0.0,0,0.4349,0.3318,48.0,0.0,-4.8,-28.304,D,1.0,0.1085,0.3,
2050,159896,23.77,96,0.0,0,0.4277,0.2756,48.0,0.0,-4.8,-19.432,D,1.0,0.1125,0.3,
2051,159985,28.02,89,0.0,0,0.2932,0.2279,44.5,0.0,-4.45,-12.026,D,1.0,0.1071,0.3,
2052,160059,19.35,74,0.0,0,0.4201,0.2684,37.0,0.0,-3.7,-13.951,D,1.0,0.1126,0.3,
2053,160129,14.36,70,0.0,0,0.4852,0.2956,35.0,0.0,-3.5,-17.14,D,1.0,0.1076,0.3,
2054,160169,10.53,40,0.0,0,0.6433,0.2315,20.0,0.0,-2.0,-7.472,D,1.0,0.1186,0.3,
2055,160197,6.84,28,0.0,0,0.7252,0.248,14.0,0.0,-1.4,-5.759,D,1.0,0.1131,0.3,
2056,160281,21.8,84,0.0,0,0.3956,0.2684,42.0,0.0,-4.2,-16.004,D,1.0,0.11,0.3,
2057,160322,12.15,41,0.0,0,0.5792,0.2216,20.5,0.0,-2.05,-6.3,D,1.0,0.118,0.3,
2058,160422,5.36,100,0.0,0,0.3665,0.2696,50.0,0.0,-5.0,-19.64,D,1.0,0.1072,0.3,lost_target
2059,160490,19.66,68,0.0,0,0.4019,0.246,34.0,0.0,-3.4,-10.938,D,1.0,0.1103,0.3,
2060,160522,5.84,32,0.0,0,0.7044,0.2777,16.0,0.0,-1.6,-8.56,D,1.0,0.1194,0.3,
2061,160562,12.22,40,0.0,0,0.7328,0.1932,20.0,0.0,-2.0,-5.784,D,1.0,0.1039,0.3,
2062,160622,16.12,60,0.0,0,0.4281,0.2557,30.0,0.0,-3.0,-10.885,D,1.0,0.1048,0.3,
2063,160666,12.16,44,0.0,0,0.5015,0.2513,22.0,0.0,-2.2,-7.635,D,1.0,0.1117,0.3,
2064,160733,20.53,67,0.0,0,0.3819,0.2282,33.5,0.0,-3.35,-9.618,D,1.0,0.1083,0.3,
2065,160819,18.86,86,0.0,0,0.5297,0.2696,43.0,0.0,-4.3,-19.84,D,1.0,0.1091,0.3,
2066,160902,21.73,83,0.0,0,0.3709,0.2582,41.5,0.0,-4.15,-15.622,D,1.0,0.1155,0.3,
2067,161002,9.43,100,0.0,0,0.4207,0.2404,50.0,0.0,-5.0,-15.566,D,1.0,0.1155,0.3,lost_target
2068,161094,17.12,92,0.0,0,0.543,0.2897,46.0,0.0,-4.6,-24.277,D,1.0,0.1212,0.3,
2069,161190,21.24,96,0.0,0,0.5191,0.2854,48.0,0.0,-4.8,-21.955,D,1.0,0.1211,0.3,
2070,161258,17.5,68,0.0,0,0.3817,0.2707,34.0,0.0,-3.4,-13.096,D,1.0,0.1089,0.3,
2071,161358,11.65,100,0.0,0,0.2289,0.2269,50.0,0.0,-5.0,-13.353,D,1.0,0.1008,0.3,lost_target
2072,161437,21.48,79,0.0,0,0.3875,0.256,39.5,0.0,-3.95,-14.066,D,1.0,0.1097,0.3,
2073,161493,13.83,56,0.0,0,0.5548,0.2726,28.0,0.0,-2.8,-11.372,D,1.0,0.1115,0.3,
2074,161554,18.64,61,0.0,0,0.4114,0.2236,30.5,0.0,-3.05,-8.812,D,1.0,0.1056,0.3,
2075,161591,12.22,37,0.0,0,0.6375,0.1948,18.5,0.0,-1.85,-4.43,D,1.0,0.102,0.3,
2076,161641,13.46,50,0.0,0,0.4617,0.2593,25.0,0.0,-2.5,-9.043,D,1.0,0.1176,0.3,
2077,161692,9.93,51,0.0,0,0.5026,0.3059,25.5,0.0,-2.55,-13.018,D,1.0,0.1036,0.3,
2078,161733,12.12,41,0.0,0,0.5388,0.2274,20.5,0.0,-2.05,-6.328,D,1.0,0.121,0.3,
2079,161833,-3.7,100,0.0,0,0.4038,0.3321,50.0,0.0,-5.0,-28.699,D,1.0,0.1029,0.3,lost_target
2080,161884,14.54,51,0.0,0,0.7151,0.2289,25.5,0.0,-2.55,-8.413,D,1.0,0.1007,0.3,
2081,161938,15.57,54,0.0,0,0.6178,0.2449,27.0,0.0,-2.7,-8.734,D,1.0,0.117,0.3,
2082,161980,11.59,42,0.0,0,0.5524,0.2518,21.0,0.0,-2.1,-7.311,D,1.0,0.1111,0.3,
2083,162021,11.34,41,0.0,0,0.6212,0.2269,20.5,0.0,-2.05,-7.113,D,1.0,0.1154,0.3,
2084,162065,10.45,44,0.0,0,0.6,0.2774,22.0,0.0,-2.2,-9.35,D,1.0,0.1097,0.3,
2085,162096,10.5,31,0.0,0,0.6707,0.184,15.5,0.0,-1.55,-3.447,D,1.0,0.1178,0.3,
2086,162137,8.76,41,0.0,0,0.5657,0.2861,20.5,0.0,-2.05,-9.694,D,1.0,0.1242,0.3,
2087,162201,15.35,64,0.0,0,0.6253,0.2436,32.0,0.0,-3.2,-13.455,D,1.0,0.1082,0.3,
2088,162261,13.12,60,0.0,0,0.4962,0.2762,30.0,0.0,-3.0,-13.879,D,1.0,0.1062,0.3,
2089,162361,-3.47,100,0.0,0,0.42,0.3234,50.0,0.0,-5.0,-28.47,D,1.0,0.1084,0.3,lost_target
2090,162443,15.95,82,0.0,0,0.5766,0.2761,41.0,0.0,-4.1,-20.949,D,1.0,0.1029,0.3,
2091,162485,10.57,42,0.0,0,0.4999,0.2733,21.0,0.0,-2.1,-8.33,D,1.0,0.1149,0.3,
2092,162536,15.69,51,0.0,0,0.4694,0.223,25.5,0.0,-2.55,-7.257,D,1.0,0.1131,0.3,
2093,162568,9.48,32,0.0,0,0.6818,0.2138,16.0,0.0,-1.6,-4.917,D,1.0,0.116,0.3,
2094,162628,16.03,60,0.0,0,0.4465,0.2518,30.0,0.0,-3.0,-10.969,D,1.0,0.123,0.3,
2095,162701,16.4,73,0.0,0,0.49,0.2818,36.5,0.0,-3.65,-16.447,D,1.0,0.1028,0.3,
2096,162744,10.33,43,0.0,0,0.5687,0.2523,21.5,0.0,-2.15,-9.019,D,1.0,0.1238,0.3,
2097,162809,16.76,65,0.0,0,0.4169,0.2704,32.5,0.0,-3.25,-12.492,D,1.0,0.1104,0.3,
2098,162874,18.97,65,0.0,0,0.353,0.2475,32.5,0.0,-3.25,-10.28,D,1.0,0.103,0.3,
2099,162948,19.96,74,0.0,0,0.3776,0.2618,37.0,0.0,-3.7,-13.345,D,1.0,0.1174,0.3,
2100,162992,11.37,44,0.0,0,0.5725,0.2378,22.0,0.0,-2.2,-8.434,D,1.0,0.1022,0.3,
2101,163047,9.98,55,0.0,0,0.5206,0.3168,27.5,0.0,-2.75,-14.765,D,1.0,0.1137,0.3,
2102,163128,21.37,81,0.0,0,0.3679,0.2617,40.5,0.0,-4.05,-15.075,D,1.0,0.1218,0.3,
2103,163186,16.48,58,0.0,0,0.4024,0.2388,29.0,0.0,-2.9,-9.619,D,1.0,0.1003,0.3,
2104,163252,15.1,66,0.0,0,0.6428,0.2499,33.0,0.0,-3.3,-14.596,D,1.0,0.1123,0.3,
2105,163329,23.96,77,0.0,0,0.3484,0.2316,38.5,0.0,-3.85,-10.689,D,1.0,0.1041,0.3,
2106,163408,23.51,79,0.0,0,0.3466,0.2319,39.5,0.0,-3.95,-12.036,D,1.0,0.1141,0.3,
2107,163456,11.16,48,0.0,0,0.5987,0.262,24.0,0.0,-2.4,-10.442,D,1.0,0.1015,0.3,
2108,163515,11.23,59,0.0,0,0.5176,0.297,29.5,0.0,-2.95,-15.321,D,1.0,0.1107,0.3,
2109,163568,14.65,53,0.0,0,0.4321,0.2529,26.5,0.0,-2.65,-9.197,D,1.0,0.1027,0.3,
2110,163622,11.37,54,0.0,0,0.5183,0.2936,27.0,0.0,-2.7,-12.929,D,1.0,0.1062,0.3,
2111,163652,9.41,30,0.0,0,0.703,0.2037,15.0,0.0,-1.5,-4.086,D,1.0,0.1213,0.3,
2112,163728,25.96,76,0.0,0,0.3435,0.2012,38.0,0.0,-3.8,-8.245,D,1.0,0.1202,0.3,
2113,163786,17.44,58,0.0,0,0.4338,0.2401,29.0,0.0,-2.9,-8.661,D,1.0,0.1011,0.3,
2114,163880,28.99,94,0.0,0,0.3449,0.2302,47.0,0.0,-4.7,-13.315,D,1.0,0.1186,0.3,
2115,163931,12.16,51,0.0,0,0.4757,0.2781,25.5,0.0,-2.55,-10.787,D,1.0,0.1046,0.3,
2116,163984,12.74,53,0.0,0,0.4558,0.2811,26.5,0.0,-2.65,-11.106,D,1.0,0.1097,0.3,
2117,164084,9.32,100,0.0,0,0.2768,0.2418,50.0,0.0,-5.0,-15.68,D,1.0,0.1262,0.3,lost_target
2118,164172,19.97,88,0.0,0,0.4076,0.2869,44.0,0.0,-4.4,-19.632,D,1.0,0.1256,0.3,
2119,164236,13.72,64,0.0,0,0.4266,0.2932,32.0,0.0,-3.2,-15.079,D,1.0,0.1275,0.3,
2120,164304,20.42,68,0.0,0,0.4066,0.2399,34.0,0.0,-3.4,-10.179,D,1.0,0.1081,0.3,
2121,164355,14.74,51,0.0,0,0.4568,0.2503,25.5,0.0,-2.55,-8.212,D,1.0,0.1203,0.3,
2122,164455,9.92,100,0.0,0,0.2429,0.2475,50.0,0.0,-5.0,-15.081,D,1.0,0.1002,0.3,lost_target
2123,164511,14.12,56,0.0,0,0.5107,0.2607,28.0,0.0,-2.8,-11.076,D,1.0,0.1017,0.3,
2124,164568,14.29,57,0.0,0,0.509,0.2735,28.5,0.0,-2.85,-11.361,D,1.0,0.1038,0.3,
2125,164632,20.13,64,0.0,0,0.3524,0.2251,32.0,0.0,-3.2,-8.668,D,1.0,0.1215,0.3,
2126,164703,15.96,71,0.0,0,0.3756,0.2921,35.5,0.0,-3.55,-15.992,D,1.0,0.127,0.3,
2127,164749,11.48,46,0.0,0,0.5306,0.2686,23.0,0.0,-2.3,-9.221,D,1.0,0.1292,0.3,
2128,164785,9.09,36,0.0,0,0.6577,0.2456,18.0,0.0,-1.8,-7.112,D,1.0,0.1236,0.3,
2129,164833,13.26,48,0.0,0,0.632,0.2412,24.0,0.0,-2.4,-8.337,D,1.0,0.1267,0.3,
2130,164933,9.2,100,0.0,0,0.2452,0.2527,50.0,0.0,-5.0,-15.796,D,1.0,0.1007,0.3,lost_target
2131,164976,9.31,43,0.0,0,0.6673,0.2711,21.5,0.0,-2.15,-10.044,D,1.0,0.1077,0.3,
2132,165015,9.05,39,0.0,0,0.5741,0.27,19.5,0.0,-1.95,-8.499,D,1.0,0.1129,0.3,
2133,165061,12.45,46,0.0,0,0.5122,0.2466,23.0,0.0,-2.3,-8.254,D,1.0,0.1019,0.3,
2134,165121,17.09,60,0.0,0,0.413,0.2435,30.0,0.0,-3.0,-9.906,D,1.0,0.1166,0.3,
2135,165183,18.21,62,0.0,0,0.4511,0.2361,31.0,0.0,-3.1,-9.687,D,1.0,0.1246,0.3,
2136,165210,5.39,27,0.0,0,0.7435,0.2522,13.5,0.0,-1.35,-6.764,D,1.0,0.1087,0.3,
2137,165310,8.99,100,0.0,0,0.2692,0.2538,50.0,0.0,-5.0,-16.011,D,1.0,0.12,0.3,lost_target
2138,165339,7.14,29,0.0,0,0.6818,0.2313,14.5,0.0,-1.45,-5.913,D,1.0,0.106,0.3,
2139,165421,12.67,82,0.0,0,0.5129,0.326,41.0,0.0,-4.1,-24.229,D,1.0,0.1103,0.3,
2140,165521,11.38,100,0.0,0,0.2998,0.2243,50.0,0.0,-5.0,-13.621,D,1.0,0.1292,0.3,lost_target
2141,165575,15.73,54,0.0,0,0.5299,0.2354,27.0,0.0,-2.7,-8.568,D,1.0,0.103,0.3,
2142,165651,23.18,76,0.0,0,0.366,0.232,38.0,0.0,-3.8,-11.023,D,1.0,0.1086,0.3,
2143,165683,9.95,32,0.0,0,0.6565,0.208,16.0,0.0,-1.6,-4.452,D,1.0,0.1174,0.3,
2144,165752,12.36,69,0.0,0,0.4343,0.3264,34.5,0.0,-3.45,-18.686,D,1.0,0.1152,0.3,
2145,165791,11.62,39,0.0,0,0.6904,0.1973,19.5,0.0,-1.95,-5.933,D,1.0,0.1013,0.3,
2146,165879,14.82,88,0.0,0,0.4765,0.3154,44.0,0.0,-4.4,-24.783,D,1.0,0.1214,0.3,
2147,165917,9.72,38,0.0,0,0.6199,0.2521,19.0,0.0,-1.9,-7.385,D,1.0,0.119,0.3,
2148,165997,16.36,80,0.0,0,0.5261,0.2942,40.0,0.0,-4.0,-19.639,D,1.0,0.1154,0.3,
2149,166046,11.26,49,0.0,0,0.5084,0.2738,24.5,0.0,-2.45,-10.792,D,1.0,0.1251,0.3,
2150,166097,11.96,51,0.0,0,0.5724,0.2536,25.5,0.0,-2.55,-10.986,D,1.0,0.1064,0.3,
2151,166180,25.14,83,0.0,0,0.3621,0.2272,41.5,0.0,-4.15,-12.214,D,1.0,0.1118,0.3,
2152,166212,8.7,32,0.0,0,0.6405,0.2306,16.0,0.0,-1.6,-5.702,D,1.0,0.1102,0.3,
2153,166265,13.16,53,0.0,0,0.484,0.2619,26.5,0.0,-2.65,-10.689,D,1.0,0.1078,0.3,
2154,166318,12.52,53,0.0,0,0.4783,0.279,26.5,0.0,-2.65,-11.331,D,1.0,0.108,0.3,
2155,166350,10.91,32,0.0,0,0.6838,0.1792,16.0,0.0,-1.6,-3.488,D,1.0,0.1286,0.3,
2156,166404,14.61,54,0.0,0,0.4341,0.2549,27.0,0.0,-2.7,-9.686,D,1.0,0.1211,0.3,
2157,166459,15.59,55,0.0,0,0.4542,0.25,27.5,0.0,-2.75,-9.161,D,1.0,0.1309,0.3,
2158,166502,9.81,43,0.0,0,0.5406,0.2704,21.5,0.0,-2.15,-9.537,D,1.0,0.113,0.3,
2159,166566,15.89,64,0.0,0,0.4962,0.2582,32.0,0.0,-3.2,-12.913,D,1.0,0.1071,0.3,
2160,166666,4.21,100,0.0,0,0.3835,0.2761,50.0,0.0,-5.0,-20.79,D,1.0,0.1266,0.3,lost_target
2161,166736,16.31,70,0.0,0,0.5704,0.2703,35.0,0.0,-3.5,-15.193,D,1.0,0.1071,0.3,
2162,166778,9.66,42,0.0,0,0.613,0.2535,21.0,0.0,-2.1,-9.244,D,1.0,0.1141,0.3,
2163,166841,18.91,63,0.0,0,0.375,0.2354,31.5,0.0,-3.15,-9.438,D,1.0,0.1072,0.3,
2164,166912,21.79,71,0.0,0,0.3636,0.2256,35.5,0.0,-3.55,-10.161,D,1.0,0.1167,0.3,
2165,167012,5.62,100,0.0,0,0.3111,0.2649,50.0,0.0,-5.0,-19.379,D,1.0,0.109,0.3,lost_target
2166,167094,16.04,82,0.0,0,0.3985,0.3092,41.0,0.0,-4.1,-20.862,D,1.0,0.1213,0.3,
2167,167146,12.19,52,0.0,0,0.4438,0.2619,26.0,0.0,-2.6,-11.212,D,1.0,0.1135,0.3,
2168,167189,9.79,43,0.0,0,0.5725,0.2824,21.5,0.0,-2.15,-9.562,D,1.0,0.1109,0.3,
2169,167237,12.56,48,0.0,0,0.5017,0.2571,24.0,0.0,-2.4,-9.04,D,1.0,0.1288,0.3,
2170,167337,1.18,100,0.0,0,0.4377,0.2947,50.0,0.0,-5.0,-23.817,D,1.0,0.1107,0.3,lost_target
2171,167374,9.87,37,0.0,0,0.5684,0.2444,18.5,0.0,-1.85,-6.776,D,1.0,0.1112,0.3,
2172,167426,14.28,52,0.0,0,0.4571,0.2581,26.0,0.0,-2.6,-9.124,D,1.0,0.1346,0.3,
2173,167474,11.65,48,0.0,0,0.5151,0.2646,24.0,0.0,-2.4,-9.954,D,1.0,0.1257,0.3,
2174,167526,16.61,52,0.0,0,0.7104,0.2072,26.0,0.0,-2.6,-6.794,D,1.0,0.1342,0.3,
2175,167591,19.95,65,0.0,0,0.3627,0.2251,32.5,0.0,-3.25,-9.301,D,1.0,0.1249,0.3,
2176,167652,7.78,61,0.0,0,0.6691,0.3025,30.5,0.0,-3.05,-19.669,D,1.0,0.1182,0.3,
2177,167708,16.01,56,0.0,0,0.4771,0.2466,28.0,0.0,-2.8,-9.189,D,1.0,0.1336,0.3,
2178,167754,8.42,46,0.0,0,0.6075,0.2824,23.0,0.0,-2.3,-12.279,D,1.0,0.1021,0.3,
2179,167786,8.64,32,0.0,0,0.6479,0.2298,16.0,0.0,-1.6,-5.759,D,1.0,0.124,0.3,
2180,167871,16.24,85,0.0,0,0.509,0.2945,42.5,0.0,-4.25,-22.008,D,1.0,0.1136,0.3,
2181,167952,19.61,81,0.0,0,0.3766,0.2764,40.5,0.0,-4.05,-16.839,D,1.0,0.1111,0.3,
2182,168022,18.01,70,0.0,0,0.3978,0.2572,35.0,0.0,-3.5,-13.493,D,1.0,0.1065,0.3,
2183,168092,17.53,70,0.0,0,0.4248,0.2662,35.0,0.0,-3.5,-13.974,D,1.0,0.1357,0.3,
2184,168163,15.76,71,0.0,0,0.5186,0.2905,35.5,0.0,-3.55,-16.186,D,1.0,0.1224,0.3,
2185,168196,9.26,33,0.0,0,0.6548,0.2309,16.5,0.0,-1.65,-5.588,D,1.0,0.1153,0.3,
2186,168288,25.36,92,0.0,0,0.3528,0.2467,46.0,0.0,-4.6,-16.035,D,1.0,0.1279,0.3,
2187,168367,10.71,79,0.0,0,0.4757,0.3304,39.5,0.0,-3.95,-24.837,D,1.0,0.1152,0.3,
2188,168428,14.19,61,0.0,0,0.5213,0.2748,30.5,0.0,-3.05,-13.26,D,1.0,0.1143,0.3,
2189,168491,20.09,63,0.0,0,0.4035,0.2176,31.5,0.0,-3.15,-8.263,D,1.0,0.1177,0.3,
2190,168536,10.66,45,0.0,0,0.5535,0.2755,22.5,0.0,-2.25,-9.593,D,1.0,0.1343,0.3,
2191,168574,11.51,38,0.0,0,0.6827,0.1831,19.0,0.0,-1.9,-5.589,D,1.0,0.1321,0.3,
2192,168651,22.31,77,0.0,0,0.409,0.2424,38.5,0.0,-3.85,-12.337,D,1.0,0.1294,0.3,
2193,168728,22.27,77,0.0,0,0.405,0.2332,38.5,0.0,-3.85,-12.379,D,1.0,0.1119,0.3,
2194,168807,16.24,79,0.0,0,0.5373,0.2804,39.5,0.0,-3.95,-19.312,D,1.0,0.1151,0.3,
2195,168903,26.4,96,0.0,0,0.378,0.2519,48.0,0.0,-4.8,-16.799,D,1.0,0.1236,0.3,
2196,168974,22.81,71,0.0,0,0.3575,0.2135,35.5,0.0,-3.55,-9.138,D,1.0,0.1208,0.3,
2197,169044,19.04,70,0.0,0,0.4215,0.257,35.0,0.0,-3.5,-12.458,D,1.0,0.128,0.3,
2198,169093,12.36,49,0.0,0,0.6167,0.2586,24.5,0.0,-2.45,-9.693,D,1.0,0.1041,0.3,
2199,169156,17.06,63,0.0,0,0.446,0.2533,31.5,0.0,-3.15,-11.292,D,1.0,0.1088,0.3,
2200,169211,13.63,55,0.0,0,0.5576,0.2667,27.5,0.0,-2.75,-11.125,D,1.0,0.1212,0.3,
2201,169270,16.66,59,0.0,0,0.3866,0.2468,29.5,0.0,-2.95,-9.891,D,1.0,0.1182,0.3,
2202,169317,10.13,47,0.0,0,0.6112,0.2743,23.5,0.0,-2.35,-11.024,D,1.0,0.13,0.3,
2203,169352,9.95,35,0.0,0,0.6296,0.2236,17.5,0.0,-1.75,-5.796,D,1.0,0.1233,0.3,
2204,169422,19.34,70,0.0,0,0.4127,0.2509,35.0,0.0,-3.5,-12.156,D,1.0,0.1152,0.3,
2205,169480,14.05,58,0.0,0,0.4439,0.2714,29.0,0.0,-2.9,-12.052,D,1.0,0.1279,0.3,
2206,169532,16.19,52,0.0,0,0.4102,0.225,26.0,0.0,-2.6,-7.206,D,1.0,0.1386,0.3,
2207,169602,20.61,70,0.0,0,0.3663,0.2366,35.0,0.0,-3.5,-10.892,D,1.0,0.1089,0.3,
2208,169665,18.72,63,0.0,0,0.4342,0.2302,31.5,0.0,-3.15,-9.629,D,1.0,0.1034,0.3,
2209,169710,10.44,45,0.0,0,0.6118,0.2705,22.5,0.0,-2.25,-9.814,D,1.0,0.112,0.3,
2210,169765,14.68,55,0.0,0,0.4509,0.2525,27.5,0.0,-2.75,-10.07,D,1.0,0.1101,0.3,
2211,169865,12.04,100,0.0,0,0.203,0.2284,50.0,0.0,-5.0,-12.963,D,1.0,0.1136,0.3,lost_target
2212,169930,17.04,65,0.0,0,0.3841,0.2547,32.5,0.0,-3.25,-12.209,D,1.0,0.124,0.3,
2213,169986,14.21,56,0.0,0,0.6149,0.2541,28.0,0.0,-2.8,-10.988,D,1.0,0.1102,0.3,
2214,170054,19.72,68,0.0,0,0.4394,0.2354,34.0,0.0,-3.4,-10.878,D,1.0,0.1139,0.3,
2215,170124,23.15,70,0.0,0,0.3578,0.2087,35.0,0.0,-3.5,-8.354,D,1.0,0.1335,0.3,
2216,170199,15.71,75,0.0,0,0.5302,0.2948,37.5,0.0,-3.75,-18.041,D,1.0,0.1064,0.3,
2217,170299,14.12,100,0.0,0,0.1749,0.21,50.0,0.0,-5.0,-10.883,D,1.0,0.1292,0.3,lost_target
2218,170360,16.94,61,0.0,0,0.4627,0.2454,30.5,0.0,-3.05,-10.515,D,1.0,0.1305,0.3,
2219,170394,6.79,34,0.0,0,0.6548,0.2799,17.0,0.0,-1.7,-8.511,D,1.0,0.1267,0.3,
2220,170439,12.87,45,0.0,0,0.5347,0.2363,22.5,0.0,-2.25,-7.382,D,1.0,0.1185,0.3,
2221,170506,21.49,67,0.0,0,0.3952,0.2232,33.5,0.0,-3.35,-8.658,D,1.0,0.1126,0.3,
2222,170576,17.03,70,0.0,0,0.5887,0.264,35.0,0.0,-3.5,-14.469,D,1.0,0.1117,0.3,
2223,170669,23.8,93,0.0,0,0.3807,0.2694,46.5,0.0,-4.65,-18.048,D,1.0,0.1283,0.3,
2224,170708,10.88,39,0.0,0,0.5738,0.2354,19.5,0.0,-1.95,-6.674,D,1.0,0.1389,0.3,
2225,170763,12.27,55,0.0,0,0.5989,0.2655,27.5,0.0,-2.75,-12.479,D,1.0,0.1374,0.3,
2226,170822,12.82,59,0.0,0,0.546,0.2847,29.5,0.0,-2.95,-13.725,D,1.0,0.1224,0.3,
2227,170881,17.77,59,0.0,0,0.3905,0.2347,29.5,0.0,-2.95,-8.784,D,1.0,0.1175,0.3,
2228,170981,10.52,100,0.0,0,0.2243,0.2404,50.0,0.0,-5.0,-14.48,D,1.0,0.1407,0.3,lost_target
2229,171023,8.73,42,0.0,0,0.6264,0.2644,21.0,0.0,-2.1,-10.169,D,1.0,0.1337,0.3,
2230,171065,11.25,42,0.0,0,0.6468,0.2434,21.0,0.0,-2.1,-7.654,D,1.0,0.1408,0.3,
2231,171134,20.5,69,0.0,0,0.3566,0.2287,34.5,0.0,-3.45,-10.552,D,1.0,0.1108,0.3,
2232,171234,1.26,100,0.0,0,0.3875,0.2985,50.0,0.0,-5.0,-23.739,D,1.0,0.1377,0.3,lost_target
2233,171334,10.92,100,0.0,0,0.3044,0.2297,50.0,0.0,-5.0,-14.075,D,1.0,0.1167,0.3,lost_target
2234,171393,14.76,59,0.0,0,0.3972,0.262,29.5,0.0,-2.95,-11.788,D,1.0,0.126,0.3,
2235,171457,14.78,64,0.0,0,0.5905,0.2652,32.0,0.0,-3.2,-14.018,D,1.0,0.1417,0.3,
2236,171557,11.02,100,0.0,0,0.2754,0.2307,50.0,0.0,-5.0,-13.983,D,1.0,0.117,0.3,lost_target
2237,171637,19.52,80,0.0,0,0.4094,0.2658,40.0,0.0,-4.0,-16.478,D,1.0,0.1159,0.3,
2238,171724,26.66,87,0.0,0,0.3304,0.224,43.5,0.0,-4.35,-12.488,D,1.0,0.1014,0.3,
2239,171824,7.12,100,0.0,0,0.3625,0.2438,50.0,0.0,-5.0,-17.879,D,1.0,0.1335,0.3,lost_target
2240,171866,10.66,42,0.0,0,0.5669,0.2602,21.0,0.0,-2.1,-8.236,D,1.0,0.1137,0.3,
2241,171938,20.01,72,0.0,0,0.5133,0.2462,36.0,0.0,-3.6,-12.387,D,1.0,0.1257,0.3,
2242,172011,20.82,73,0.0,0,0.4062,0.2471,36.5,0.0,-3.65,-12.03,D,1.0,0.1071,0.3,
2243,172079,18.92,68,0.0,0,0.479,0.2439,34.0,0.0,-3.4,-11.679,D,1.0,0.1431,0.3,
2244,172136,16.89,57,0.0,0,0.452,0.2308,28.5,0.0,-2.85,-8.763,D,1.0,0.1243,0.3,
2245,172236,8.51,100,0.0,0,0.2506,0.2545,50.0,0.0,-5.0,-16.494,D,1.0,0.1304,0.3,lost_target
2246,172310,14.68,74,0.0,0,0.4917,0.2866,37.0,0.0,-3.7,-18.615,D,1.0,0.1207,0.3,
2247,172410,9.04,100,0.0,0,0.2624,0.2513,50.0,0.0,-5.0,-15.959,D,1.0,0.1091,0.3,lost_target
2248,172454,12.2,44,0.0,0,0.5028,0.2351,22.0,0.0,-2.2,-7.597,D,1.0,0.1282,0.3,
2249,172546,26.61,92,0.0,0,0.3535,0.2356,46.0,0.0,-4.6,-14.793,D,1.0,0.136,0.3,
2250,172580,8.8,34,0.0,0,0.5885,0.2431,17.0,0.0,-1.7,-6.496,D,1.0,0.1284,0.3,
2251,172629,12.9,49,0.0,0,0.6188,0.2371,24.5,0.0,-2.45,-9.147,D,1.0,0.1088,0.3,
2252,172666,10.35,37,0.0,0,0.5504,0.2405,18.5,0.0,-1.85,-6.296,D,1.0,0.1414,0.3,
2253,172706,11.15,40,0.0,0,0.5914,0.2403,20.0,0.0,-2.0,-6.849,D,1.0,0.1439,0.3,
2254,172743,9.3,37,0.0,0,0.593,0.2484,18.5,0.0,-1.85,-7.354,D,1.0,0.11,0.3,
2255,172783,11.42,40,0.0,0,0.5866,0.235,20.0,0.0,-2.0,-6.578,D,1.0,0.1444,0.3,
2256,172883,8.06,100,0.0,0,0.2607,0.2642,50.0,0.0,-5.0,-16.937,D,1.0,0.1439,0.3,lost_target
2257,172949,21.17,66,0.0,0,0.4087,0.2145,33.0,0.0,-3.3,-8.534,D,1.0,0.144,0.3,
2258,173013,12.47,64,0.0,0,0.5844,0.2782,32.0,0.0,-3.2,-16.327,D,1.0,0.1302,0.3,
2259,173060,13.0,47,0.0,0,0.4531,0.238,23.5,0.0,-2.35,-8.153,D,1.0,0.1088,0.3,
2260,173096,8.09,36,0.0,0,0.5858,0.2864,18.0,0.0,-1.8,-8.111,D,1.0,0.1255,0.3,
2261,173141,11.95,45,0.0,0,0.4971,0.2618,22.5,0.0,-2.25,-8.298,D,1.0,0.1318,0.3,
2262,173221,24.71,80,0.0,0,0.3163,0.2297,40.0,0.0,-4.0,-11.286,D,1.0,0.12,0.3,
2263,173273,13.92,52,0.0,0,0.6735,0.2383,26.0,0.0,-2.6,-9.477,D,1.0,0.1028,0.3,
2264,173335,16.87,62,0.0,0,0.4042,0.2519,31.0,0.0,-3.1,-11.029,D,1.0,0.1286,0.3,
2265,173417,20.95,82,0.0,0,0.3931,0.2603,41.0,0.0,-4.1,-15.953,D,1.0,0.112,0.3,
2266,173468,11.8,51,0.0,0,0.5059,0.2853,25.5,0.0,-2.55,-11.146,D,1.0,0.1114,0.3,
2267,173507,10.59,39,0.0,0,0.5779,0.2431,19.5,0.0,-1.95,-6.956,D,1.0,0.1275,0.3,
2268,173607,6.52,100,0.0,0,0.3184,0.256,50.0,0.0,-5.0,-18.484,D,1.0,0.1255,0.3,lost_target
2269,173674,18.4,67,0.0,0,0.3793,0.2547,33.5,0.0,-3.35,-11.752,D,1.0,0.1447,0.3,
2270,173758,26.71,84,0.0,0,0.3257,0.2173,42.0,0.0,-4.2,-11.089,D,1.0,0.1292,0.3,
2271,173823,21.5,65,0.0,0,0.3852,0.2047,32.5,0.0,-3.25,-7.747,D,1.0,0.1425,0.3,
2272,173873,13.5,50,0.0,0,0.5411,0.2614,25.0,0.0,-2.5,-9.005,D,1.0,0.1401,0.3,
2273,173936,13.93,63,0.0,0,0.6177,0.2666,31.5,0.0,-3.15,-14.421,D,1.0,0.138,0.3,
2274,174036,11.77,100,0.0,0,0.3566,0.2166,50.0,0.0,-5.0,-13.232,D,1.0,0.1059,0.3,lost_target
2275,174077,12.01,41,0.0,0,0.5179,0.2284,20.5,0.0,-2.05,-6.435,D,1.0,0.1287,0.3,
2276,174128,15.73,51,0.0,0,0.4518,0.227,25.5,0.0,-2.55,-7.22,D,1.0,0.1366,0.3,
2277,174167,12.28,39,0.0,0,0.5493,0.2239,19.5,0.0,-1.95,-5.273,D,1.0,0.1217,0.3,
2278,174243,19.1,76,0.0,0,0.4147,0.2568,38.0,0.0,-3.8,-15.098,D,1.0,0.1258,0.3,
2279,174283,8.18,40,0.0,0,0.5829,0.2834,20.0,0.0,-2.0,-9.817,D,1.0,0.1216,0.3,
2280,174330,14.78,47,0.0,0,0.4642,0.2154,23.5,0.0,-2.35,-6.366,D,1.0,0.1276,0.3,
2281,174388,16.32,58,0.0,0,0.5381,0.2433,29.0,0.0,-2.9,-9.781,D,1.0,0.1423,0.3,
2282,174429,12.16,41,0.0,0,0.5136,0.2381,20.5,0.0,-2.05,-6.29,D,1.0,0.1272,0.3,
2283,174495,16.88,66,0.0,0,0.4249,0.2675,33.0,0.0,-3.3,-12.824,D,1.0,0.1055,0.3,
2284,174546,15.93,51,0.0,0,0.5376,0.2094,25.5,0.0,-2.55,-7.02,D,1.0,0.1207,0.3,
2285,174610,14.25,64,0.0,0,0.4178,0.2901,32.0,0.0,-3.2,-14.549,D,1.0,0.1345,0.3,
2286,174692,20.59,82,0.0,0,0.4315,0.2691,41.0,0.0,-4.1,-16.307,D,1.0,0.1212,0.3,
2287,174792,13.92,100,0.0,0,0.1803,0.2118,50.0,0.0,-5.0,-11.084,D,1.0,0.13,0.3,lost_target
2288,174851,17.04,59,0.0,0,0.4269,0.2408,29.5,0.0,-2.95,-9.507,D,1.0,0.105,0.3,
2289,174895,9.48,44,0.0,0,0.6182,0.2778,22.0,0.0,-2.2,-10.323,D,1.0,0.1276,0.3,
2290,174954,17.19,59,0.0,0,0.6293,0.2266,29.5,0.0,-2.95,-9.355,D,1.0,0.1386,0.3,
2291,175005,11.58,51,0.0,0,0.4934,0.2648,25.5,0.0,-2.55,-11.37,D,1.0,0.1433,0.3,
2292,175064,18.29,59,0.0,0,0.4098,0.2272,29.5,0.0,-2.95,-8.257,D,1.0,0.1296,0.3,
2293,175121,14.64,57,0.0,0,0.5074,0.255,28.5,0.0,-2.85,-11.009,D,1.0,0.1493,0.3,
2294,175181,13.81,60,0.0,0,0.4755,0.285,30.0,0.0,-3.0,-13.194,D,1.0,0.1377,0.3,
2295,175253,11.97,72,0.0,0,0.5641,0.3082,36.0,0.0,-3.6,-20.429,D,1.0,0.1417,0.3,
2296,175318,15.36,65,0.0,0,0.4607,0.2805,32.5,0.0,-3.25,-13.888,D,1.0,0.1054,0.3,
2297,175374,16.67,56,0.0,0,0.3934,0.2414,28.0,0.0,-2.8,-8.526,D,1.0,0.1149,0.3,
2298,175460,27.9,86,0.0,0,0.3741,0.2182,43.0,0.0,-4.3,-10.8,D,1.0,0.1038,0.3,
2299,175524,15.5,64,0.0,0,0.4275,0.2732,32.0,0.0,-3.2,-13.296,D,1.0,0.1349,0.3,
2300,175562,8.49,38,0.0,0,0.6078,0.2604,19.0,0.0,-1.9,-8.613,D,1.0,0.12,0.3,
2301,175647,23.08,85,0.0,0,0.4337,0.2523,42.5,0.0,-4.25,-15.168,D,1.0,0.1375,0.3,
2302,175698,16.05,51,0.0,0,0.4149,0.2215,25.5,0.0,-2.55,-6.902,D,1.0,0.1295,0.3,
2303,175791,24.11,93,0.0,0,0.3823,0.2564,46.5,0.0,-4.65,-17.739,D,1.0,0.12,0.3,
2304,175847,15.26,56,0.0,0,0.4668,0.2501,28.0,0.0,-2.8,-9.941,D,1.0,0.1299,0.3,
2305,175909,12.84,62,0.0,0,0.541,0.2719,31.0,0.0,-3.1,-15.057,D,1.0,0.1334,0.3,
2306,175947,9.03,38,0.0,0,0.697,0.2493,19.0,0.0,-1.9,-8.069,D,1.0,0.1452,0.3,
2307,176031,25.11,84,0.0,0,0.4349,0.2194,42.0,0.0,-4.2,-12.692,D,1.0,0.1324,0.3,
2308,176131,5.19,100,0.0,0,0.311,0.2703,50.0,0.0,-5.0,-19.809,D,1.0,0.1417,0.3,lost_target
2309,176177,10.41,46,0.0,0,0.5402,0.2712,23.0,0.0,-2.3,-10.289,D,1.0,0.1238,0.3,
2310,176219,10.51,42,0.0,0,0.5165,0.2565,21.0,0.0,-2.1,-8.389,D,1.0,0.1481,0.3,
2311,176264,13.45,45,0.0,0,0.4828,0.2395,22.5,0.0,-2.25,-6.804,D,1.0,0.1353,0.3,
2312,176357,21.6,93,0.0,0,0.4461,0.2926,46.5,0.0,-4.65,-20.255,D,1.0,0.1198,0.3,
2313,176457,5.04,100,0.0,0,0.3277,0.2775,50.0,0.0,-5.0,-19.956,D,1.0,0.1385,0.3,lost_target
2314,176534,26.48,77,0.0,0,0.3483,0.1951,38.5,0.0,-3.85,-8.172,D,1.0,0.1121,0.3,
2315,176634,9.26,100,0.0,0,0.307,0.2346,50.0,0.0,-5.0,-15.735,D,1.0,0.1347,0.3,lost_target
2316,176683,11.8,49,0.0,0,0.499,0.2699,24.5,0.0,-2.45,-10.252,D,1.0,0.1365,0.3,
2317,176752,22.04,69,0.0,0,0.3606,0.2222,34.5,0.0,-3.45,-9.009,D,1.0,0.1382,0.3,
2318,176825,21.64,73,0.0,0,0.4042,0.2341,36.5,0.0,-3.65,-11.206,D,1.0,0.1116,0.3,
2319,176894,21.92,69,0.0,0,0.3553,0.2258,34.5,0.0,-3.45,-9.129,D,1.0,0.142,0.3,
2320,176933,11.57,39,0.0,0,0.5924,0.2149,19.5,0.0,-1.95,-5.98,D,1.0,0.1301,0.3,
2321,177000,17.85,67,0.0,0,0.5465,0.2563,33.5,0.0,-3.35,-12.302,D,1.0,0.1324,0.3,
2322,177047,9.3,47,0.0,0,0.5682,0.3003,23.5,0.0,-2.35,-11.854,D,1.0,0.1121,0.3,
2323,177079,9.0,32,0.0,0,0.6423,0.2285,16.0,0.0,-1.6,-5.396,D,1.0,0.1268,0.3,
2324,177122,12.9,43,0.0,0,0.6064,0.207,21.5,0.0,-2.15,-6.451,D,1.0,0.1069,0.3,
2325,177219,28.97,97,0.0,0,0.3583,0.2415,48.5,0.0,-4.85,-14.676,D,1.0,0.1042,0.3,
2326,177299,17.68,80,0.0,0,0.4883,0.2897,40.0,0.0,-4.0,-18.32,D,1.0,0.1072,0.3,
2327,177366,20.13,67,0.0,0,0.3905,0.2419,33.5,0.0,-3.35,-10.023,D,1.0,0.1263,0.3,
2328,177404,10.61,38,0.0,0,0.6804,0.2106,19.0,0.0,-1.9,-6.49,D,1.0,0.1437,0.3,
2329,177504,8.16,100,0.0,0,0.2252,0.2626,50.0,0.0,-5.0,-16.843,D,1.0,0.1181,0.3,lost_target
2330,177568,16.64,64,0.0,0,0.4014,0.2622,32.0,0.0,-3.2,-12.158,D,1.0,0.118,0.3,
2331,177622,16.08,54,0.0,0,0.5471,0.226,27.0,0.0,-2.7,-8.223,D,1.0,0.1468,0.3,
2332,177692,10.01,70,0.0,0,0.5971,0.3066,35.0,0.0,-3.5,-21.49,D,1.0,0.1472,0.3,
2333,177753,13.32,61,0.0,0,0.5033,0.2837,30.5,0.0,-3.05,-14.129,D,1.0,0.1529,0.3,
2334,177850,22.11,97,0.0,0,0.5175,0.273,48.5,0.0,-4.85,-21.536,D,1.0,0.1165,0.3,
2335,177914,16.64,64,0.0,0,0.46,0.2496,32.0,0.0,-3.2,-12.158,D,1.0,0.146,0.3,
2336,177985,16.33,71,0.0,0,0.4346,0.2842,35.5,0.0,-3.55,-15.624,D,1.0,0.1348,0.3,
2337,178028,9.56,43,0.0,0,0.5355,0.2841,21.5,0.0,-2.15,-9.792,D,1.0,0.1191,0.3,
2338,178100,21.31,72,0.0,0,0.372,0.232,36.0,0.0,-3.6,-11.094,D,1.0,0.1159,0.3,
2339,178159,16.94,59,0.0,0,0.4566,0.2477,29.5,0.0,-2.95,-9.611,D,1.0,0.1267,0.3,
2340,178228,17.3,69,0.0,0,0.3898,0.271,34.5,0.0,-3.45,-13.747,D,1.0,0.1526,0.3,
2341,178260,8.61,32,0.0,0,0.6271,0.2364,16.0,0.0,-1.6,-5.786,D,1.0,0.1387,0.3,
2342,178304,9.82,44,0.0,0,0.5449,0.2745,22.0,0.0,-2.2,-9.985,D,1.0,0.1168,0.3,
2343,178404,8.8,100,0.0,0,0.2663,0.2461,50.0,0.0,-5.0,-16.201,D,1.0,0.1062,0.3,lost_target
2344,178504,-1.48,100,0.0,0,0.3554,0.3207,50.0,0.0,-5.0,-26.483,D,1.0,0.1215,0.3,lost_target
2345,178601,14.65,97,0.0,0,0.4999,0.3305,48.5,0.0,-4.85,-28.997,D,1.0,0.153,0.3,
2346,178677,21.04,76,0.0,0,0.382,0.2472,38.0,0.0,-3.8,-13.157,D,1.0,0.1436,0.3,
2347,178762,26.14,85,0.0,0,0.4149,0.227,42.5,0.0,-4.25,-12.109,D,1.0,0.1025,0.3,
2348,178805,11.5,43,0.0,0,0.6259,0.242,21.5,0.0,-2.15,-7.851,D,1.0,0.1294,0.3,
2349,178858,14.84,53,0.0,0,0.5794,0.233,26.5,0.0,-2.65,-9.008,D,1.0,0.1204,0.3,
2350,178924,17.57,66,0.0,0,0.4322,0.253,33.0,0.0,-3.3,-12.132,D,1.0,0.1559,0.3,
2351,179002,16.35,78,0.0,0,0.4404,0.2896,39.0,0.0,-3.9,-18.754,D,1.0,0.1119,0.3,
2352,179082,21.1,80,0.0,0,0.4537,0.2597,40.0,0.0,-4.0,-14.905,D,1.0,0.1238,0.3,
2353,179109,6.83,27,0.0,0,0.6794,0.2508,13.5,0.0,-1.35,-5.321,D,1.0,0.1193,0.3,
2354,179167,16.99,58,0.0,0,0.4288,0.2359,29.0,0.0,-2.9,-9.114,D,1.0,0.1021,0.3,
2355,179240,21.32,73,0.0,0,0.3681,0.2437,36.5,0.0,-3.65,-11.527,D,1.0,0.1403,0.3,
2356,179318,24.0,78,0.0,0,0.3796,0.2299,39.0,0.0,-3.9,-11.1,D,1.0,0.1264,0.3,
2357,179385,20.93,67,0.0,0,0.3431,0.2078,33.5,0.0,-3.35,-9.222,D,1.0,0.1172,0.3,
2358,179416,5.77,31,0.0,0,0.6755,0.2717,15.5,0.0,-1.55,-8.183,D,1.0,0.1537,0.3,
2359,179501,20.0,85,0.0,0,0.4678,0.2813,42.5,0.0,-4.25,-18.247,D,1.0,0.1255,0.3,
2360,179601,13.7,100,0.0,0,0.1943,0.2137,50.0,0.0,-5.0,-11.305,D,1.0,0.1143,0.3,lost_target
2361,179636,12.2,35,0.0,0,0.5995,0.1831,17.5,0.0,-1.75,-3.546,D,1.0,0.1253,0.3,
2362,179720,24.33,84,0.0,0,0.422,0.2347,42.0,0.0,-4.2,-13.468,D,1.0,0.1399,0.3,
2363,179770,10.51,50,0.0,0,0.5817,0.2828,25.0,0.0,-2.5,-11.985,D,1.0,0.1534,0.3,
2364,179824,16.35,54,0.0,0,0.4532,0.241,27.0,0.0,-2.7,-7.953,D,1.0,0.1316,0.3,
2365,179880,15.16,56,0.0,0,0.4821,0.2352,28.0,0.0,-2.8,-10.041,D,1.0,0.1326,0.3,
2366,179950,20.37,70,0.0,0,0.364,0.2487,35.0,0.0,-3.5,-11.131,D,1.0,0.1127,0.3,
2367,180061,30.33,111,0.0,0,0.4463,0.252,55.5,0.0,-5.55,-19.621,D,1.0,0.119,0.3,
2368,180127,20.92,66,0.0,0,0.4833,0.2287,33.0,0.0,-3.3,-8.783,D,1.0,0.1474,0.3,
2369,180180,14.64,53,0.0,0,0.6335,0.229,26.5,0.0,-2.65,-9.215,D,1.0,0.1079,0.3,
2370,180248,14.48,68,0.0,0,0.5888,0.271,34.0,0.0,-3.4,-16.12,D,1.0,0.1244,0.3,
2371,180312,11.05,64,0.0,0,0.6391,0.2822,32.0,0.0,-3.2,-17.746,D,1.0,0.1451,0.3,
2372,180412,10.88,100,0.0,0,0.2243,0.238,50.0,0.0,-5.0,-14.123,D,1.0,0.158,0.3,lost_target
2373,180467,14.65,55,0.0,0,0.5207,0.2472,27.5,0.0,-2.75,-10.095,D,1.0,0.1495,0.3,
2374,180532,14.07,65,0.0,0,0.4798,0.2885,32.5,0.0,-3.25,-15.184,D,1.0,0.1066,0.3,
2375,180599,18.5,67,0.0,0,0.5157,0.2479,33.5,0.0,-3.35,-11.645,D,1.0,0.1089,0.3,
2376,180681,27.35,82,0.0,0,0.3509,0.2116,41.0,0.0,-4.1,-9.549,D,1.0,0.1044,0.3,
2377,180753,20.56,72,0.0,0,0.5155,0.2355,36.0,0.0,-3.6,-11.843,D,1.0,0.1011,0.3,
2378,180821,18.53,68,0.0,0,0.473,0.2575,34.0,0.0,-3.4,-12.073,D,1.0,0.1036,0.3,
2379,180908,24.62,87,0.0,0,0.3306,0.2485,43.5,0.0,-4.35,-14.528,D,1.0,0.1304,0.3,
2380,180965,18.38,57,0.0,0,0.5668,0.2104,28.5,0.0,-2.85,-7.274,D,1.0,0.1453,0.3,
2381,181014,12.77,49,0.0,0,0.4632,0.2595,24.5,0.0,-2.45,-9.28,D,1.0,0.133,0.3,
2382,181086,21.46,72,0.0,0,0.4267,0.2361,36.0,0.0,-3.6,-10.94,D,1.0,0.1272,0.3,
2383,181186,11.34,100,0.0,0,0.2142,0.2299,50.0,0.0,-5.0,-13.658,D,1.0,0.1452,0.3,lost_target
2384,181221,10.21,35,0.0,0,0.6069,0.2356,17.5,0.0,-1.75,-5.539,D,1.0,0.1174,0.3,
2385,181302,23.62,81,0.0,0,0.3707,0.2373,40.5,0.0,-4.05,-12.828,D,1.0,0.1273,0.3,
2386,181386,24.84,84,0.0,0,0.3681,0.2334,42.0,0.0,-4.2,-12.955,D,1.0,0.1275,0.3,
2387,181448,19.03,62,0.0,0,0.4179,0.2268,31.0,0.0,-3.1,-8.865,D,1.0,0.1544,0.3,
2388,181503,14.57,55,0.0,0,0.6485,0.237,27.5,0.0,-2.75,-10.177,D,1.0,0.1255,0.3,
2389,181575,17.68,72,0.0,0,0.4484,0.2715,36.0,0.0,-3.6,-14.719,D,1.0,0.1004,0.3,
2390,181668,20.11,93,0.0,0,0.4608,0.2878,46.5,0.0,-4.65,-21.738,D,1.0,0.1183,0.3,
2391,181730,13.62,62,0.0,0,0.5857,0.2713,31.0,0.0,-3.1,-14.277,D,1.0,0.1233,0.3,
2392,181800,18.96,70,0.0,0,0.5543,0.2474,35.0,0.0,-3.5,-12.541,D,1.0,0.1489,0.3,
2393,181837,11.54,37,0.0,0,0.5918,0.1948,18.5,0.0,-1.85,-5.11,D,1.0,0.1039,0.3,
2394,181909,18.48,72,0.0,0,0.3825,0.2615,36.0,0.0,-3.6,-13.917,D,1.0,0.1385,0.3,
2395,181988,24.26,79,0.0,0,0.3854,0.2276,39.5,0.0,-3.95,-11.287,D,1.0,0.1503,0.3,
2396,182033,12.82,45,0.0,0,0.5112,0.2295,22.5,0.0,-2.25,-7.428,D,1.0,0.1158,0.3,
2397,182115,23.21,82,0.0,0,0.3839,0.2436,41.0,0.0,-4.1,-13.693,D,1.0,0.1281,0.3,
2398,182215,-0.75,100,0.0,0,0.4462,0.3087,50.0,0.0,-5.0,-25.752,D,1.0,0.16,0.3,lost_target
2399,182272,16.11,57,0.0,0,0.3783,0.25,28.5,0.0,-2.85,-9.541,D,1.0,0.1087,0.3,
2400,182308,12.1,36,0.0,0,0.6017,0.2032,18.0,0.0,-1.8,-4.097,D,1.0,0.1605,0.3,
2401,182405,28.76,97,0.0,0,0.3789,0.2364,48.5,0.0,-4.85,-14.887,D,1.0,0.1512,0.3,
2402,182461,17.89,56,0.0,0,0.4297,0.227,28.0,0.0,-2.8,-7.311,D,1.0,0.1129,0.3,
2403,182516,14.09,55,0.0,0,0.5172,0.2474,27.5,0.0,-2.75,-10.657,D,1.0,0.1634,0.3,
2404,182575,17.63,59,0.0,0,0.4784,0.2236,29.5,0.0,-2.95,-8.921,D,1.0,0.1232,0.3,
2405,182658,19.89,83,0.0,0,0.3841,0.2873,41.5,0.0,-4.15,-17.456,D,1.0,0.1384,0.3,
2406,182706,10.42,48,0.0,0,0.5975,0.2647,24.0,0.0,-2.4,-11.182,D,1.0,0.1483,0.3,
2407,182750,9.63,44,0.0,0,0.5566,0.2845,22.0,0.0,-2.2,-10.172,D,1.0,0.1112,0.3,
2408,182842,25.3,92,0.0,0,0.5087,0.2452,46.0,0.0,-4.6,-16.101,D,1.0,0.138,0.3,
2409,182912,18.8,70,0.0,0,0.4179,0.265,35.0,0.0,-3.5,-12.703,D,1.0,0.1409,0.3,
2410,183012,1.64,100,0.0,0,0.4088,0.287,50.0,0.0,-5.0,-23.362,D,1.0,0.101,0.3,lost_target
2411,183056,10.74,44,0.0,0,0.5367,0.262,22.0,0.0,-2.2,-9.056,D,1.0,0.1441,0.3,
2412,183104,11.92,48,0.0,0,0.5037,0.2598,24.0,0.0,-2.4,-9.678,D,1.0,0.1003,0.3,
2413,183165,18.1,61,0.0,0,0.4256,0.241,30.5,0.0,-3.05,-9.347,D,1.0,0.1313,0.3,
2414,183230,12.05,65,0.0,0,0.495,0.2947,32.5,0.0,-3.25,-17.197,D,1.0,0.1441,0.3,
2415,183292,13.8,62,0.0,0,0.5527,0.2781,31.0,0.0,-3.1,-14.101,D,1.0,0.1295,0.3,
2416,183352,13.05,60,0.0,0,0.475,0.2822,30.0,0.0,-3.0,-13.945,D,1.0,0.1466,0.3,
2417,183380,6.36,28,0.0,0,0.6598,0.2515,14.0,0.0,-1.4,-6.238,D,1.0,0.1129,0.3,
2418,183428,7.64,48,0.0,0,0.4869,0.3148,24.0,0.0,-2.4,-13.962,D,1.0,0.1572,0.3,
2419,183518,23.24,90,0.0,0,0.366,0.2622,45.0,0.0,-4.5,-17.26,D,1.0,0.1368,0.3,
2420,183588,17.98,70,0.0,0,0.4406,0.2562,35.0,0.0,-3.5,-13.519,D,1.0,0.1659,0.3,
2421,183680,21.97,92,0.0,0,0.3544,0.2837,46.0,0.0,-4.6,-19.428,D,1.0,0.1496,0.3,
2422,183736,15.8,56,0.0,0,0.4756,0.2467,28.0,0.0,-2.8,-9.399,D,1.0,0.15,0.3,
2423,183797,12.09,61,0.0,0,0.444,0.2917,30.5,0.0,-3.05,-15.356,D,1.0,0.1446,0.3,
2424,183887,25.6,90,0.0,0,0.4098,0.2462,45.0,0.0,-4.5,-14.897,D,1.0,0.1516,0.3,
2425,183947,15.02,60,0.0,0,0.5982,0.2557,30.0,0.0,-3.0,-11.979,D,1.0,0.1123,0.3,
2426,184016,15.82,69,0.0,0,0.5085,0.2756,34.5,0.0,-3.45,-15.23,D,1.0,0.1008,0.3,
2427,184089,14.6,73,0.0,0,0.4367,0.2954,36.5,0.0,-3.65,-18.25,D,1.0,0.1337,0.3,
2428,184181,16.0,92,0.0,0,0.4794,0.3158,46.0,0.0,-4.6,-25.396,D,1.0,0.1405,0.3,
2429,184226,10.13,45,0.0,0,0.5842,0.2689,22.5,0.0,-2.25,-10.124,D,1.0,0.1492,0.3,
2430,184272,8.28,46,0.0,0,0.5732,0.2977,23.0,0.0,-2.3,-12.424,D,1.0,0.1224,0.3,
2431,184298,6.27,26,0.0,0,0.6932,0.2434,13.0,0.0,-1.3,-5.431,D,1.0,0.1267,0.3,
2432,184346,12.35,48,0.0,0,0.6264,0.2389,24.0,0.0,-2.4,-9.247,D,1.0,0.1351,0.3,
2433,184388,12.74,42,0.0,0,0.579,0.2164,21.0,0.0,-2.1,-6.163,D,1.0,0.1309,0.3,
2434,184426,11.18,38,0.0,0,0.6251,0.2173,19.0,0.0,-1.9,-5.923,D,1.0,0.1661,0.3,
2435,184526,7.72,100,0.0,0,0.4037,0.2476,50.0,0.0,-5.0,-17.276,D,1.0,0.1315,0.3,lost_target
2436,184592,20.69,66,0.0,0,0.3999,0.2207,33.0,0.0,-3.3,-9.011,D,1.0,0.1258,0.3,
2437,184666,19.68,74,0.0,0,0.387,0.2604,37.0,0.0,-3.7,-13.62,D,1.0,0.1379,0.3,
2438,184709,9.37,43,0.0,0,0.6039,0.2782,21.5,0.0,-2.15,-9.977,D,1.0,0.1294,0.3,
2439,184808,31.97,99,0.0,0,0.3163,0.2208,49.5,0.0,-4.95,-12.583,D,1.0,0.1367,0.3,
2440,184873,20.69,65,0.0,0,0.5594,0.2177,32.5,0.0,-3.25,-8.557,D,1.0,0.1653,0.3,
2441,184926,13.72,53,0.0,0,0.6181,0.2435,26.5,0.0,-2.65,-10.128,D,1.0,0.103,0.3,
2442,184977,14.42,51,0.0,0,0.5028,0.2456,25.5,0.0,-2.55,-8.534,D,1.0,0.1019,0.3,
2443,185070,28.22,93,0.0,0,0.3957,0.2313,46.5,0.0,-4.65,-13.635,D,1.0,0.1406,0.3,
2444,185137,15.69,67,0.0,0,0.3961,0.2667,33.5,0.0,-3.35,-14.458,D,1.0,0.1507,0.3,
2445,185229,25.56,92,0.0,0,0.4979,0.2459,46.0,0.0,-4.6,-15.84,D,1.0,0.1445,0.3,
2446,185313,13.93,84,0.0,0,0.5454,0.3002,42.0,0.0,-4.2,-23.874,D,1.0,0.1398,0.3,
2447,185370,17.68,57,0.0,0,0.454,0.2299,28.5,0.0,-2.85,-7.974,D,1.0,0.1239,0.3,
2448,185424,16.73,54,0.0,0,0.6607,0.2123,27.0,0.0,-2.7,-7.573,D,1.0,0.1363,0.3,
2449,185494,19.09,70,0.0,0,0.4153,0.2517,35.0,0.0,-3.5,-12.409,D,1.0,0.1431,0.3,
2450,185557,15.93,63,0.0,0,0.5315,0.2537,31.5,0.0,-3.15,-12.424,D,1.0,0.1461,0.3,
2451,185599,5.61,42,0.0,0,0.5818,0.3144,21.0,0.0,-2.1,-13.286,D,1.0,0.1232,0.3,
2452,185640,10.8,41,0.0,0,0.544,0.2563,20.5,0.0,-2.05,-7.648,D,1.0,0.1191,0.3,
2453,185716,19.46,76,0.0,0,0.3945,0.266,38.0,0.0,-3.8,-14.745,D,1.0,0.1463,0.3,
2454,185783,17.48,67,0.0,0,0.42,0.2596,33.5,0.0,-3.35,-12.673,D,1.0,0.1355,0.3,
2455,185823,12.0,40,0.0,0,0.5091,0.2239,20.0,0.0,-2.0,-6.0,D,1.0,0.1424,0.3,
2456,185892,19.75,69,0.0,0,0.4328,0.2436,34.5,0.0,-3.45,-11.298,D,1.0,0.1298,0.3,
2457,185975,14.58,83,0.0,0,0.5172,0.3106,41.5,0.0,-4.15,-22.769,D,1.0,0.1508,0.3,
2458,186074,19.54,99,0.0,0,0.4587,0.3026,49.5,0.0,-4.95,-25.005,D,1.0,0.1074,0.3,
2459,186170,28.14,96,0.0,0,0.3591,0.2457,48.0,0.0,-4.8,-15.061,D,1.0,0.1133,0.3,
2460,186214,12.75,44,0.0,0,0.4573,0.2342,22.0,0.0,-2.2,-7.047,D,1.0,0.1472,0.3,
2461,186280,10.13,66,0.0,0,0.463,0.3378,33.0,0.0,-3.3,-19.575,D,1.0,0.1334,0.3,
2462,186379,22.39,99,0.0,0,0.5434,0.2573,49.5,0.0,-4.95,-22.156,D,1.0,0.1521,0.3,
2463,186437,12.96,58,0.0,0,0.489,0.2855,29.0,0.0,-2.9,-13.138,D,1.0,0.1257,0.3,
2464,186500,17.59,63,0.0,0,0.4237,0.2437,31.5,0.0,-3.15,-10.756,D,1.0,0.1518,0.3,
2465,186590,22.13,90,0.0,0,0.4582,0.2728,45.0,0.0,-4.5,-18.367,D,1.0,0.153,0.3,
2466,186652,15.53,62,0.0,0,0.4796,0.2695,31.0,0.0,-3.1,-12.374,D,1.0,0.1143,0.3,
2467,186718,12.3,66,0.0,0,0.4094,0.3127,33.0,0.0,-3.3,-17.398,D,1.0,0.1066,0.3,
2468,186766,12.9,48,0.0,0,0.4774,0.2477,24.0,0.0,-2.4,-8.702,D,1.0,0.1598,0.3,
2469,186813,13.46,47,0.0,0,0.4986,0.2433,23.5,0.0,-2.35,-7.688,D,1.0,0.1153,0.3,
2470,186845,7.67,32,0.0,0,0.6256,0.2631,16.0,0.0,-1.6,-6.728,D,1.0,0.1001,0.3,
2471,186899,15.97,54,0.0,0,0.4704,0.2291,27.0,0.0,-2.7,-8.326,D,1.0,0.166,0.3,
2472,186980,24.97,81,0.0,0,0.3782,0.2156,40.5,0.0,-4.05,-11.477,D,1.0,0.1485,0.3,
2473,187040,15.77,60,0.0,0,0.4518,0.2616,30.0,0.0,-3.0,-11.226,D,1.0,0.1163,0.3,
2474,187075,10.83,35,0.0,0,0.5354,0.2406,17.5,0.0,-1.75,-4.919,D,1.0,0.1659,0.3,
2475,187148,20.88,73,0.0,0,0.396,0.246,36.5,0.0,-3.65,-11.975,D,1.0,0.1102,0.3,
2476,187205,16.77,57,0.0,0,0.4465,0.239,28.5,0.0,-2.85,-8.881,D,1.0,0.1211,0.3,
2477,187281,14.42,76,0.0,0,0.4909,0.2976,38.0,0.0,-3.8,-19.782,D,1.0,0.1539,0.3,
2478,187350,15.96,69,0.0,0,0.4379,0.2836,34.5,0.0,-3.45,-15.091,D,1.0,0.1014,0.3,
2479,187439,21.15,89,0.0,0,0.4482,0.2814,44.5,0.0,-4.45,-18.898,D,1.0,0.1196,0.3,
2480,187514,22.74,75,0.0,0,0.5275,0.2174,37.5,0.0,-3.75,-11.005,D,1.0,0.1186,0.3,
2481,187585,20.24,71,0.0,0,0.3429,0.2317,35.5,0.0,-3.55,-11.705,D,1.0,0.1346,0.3,
2482,187673,27.4,88,0.0,0,0.395,0.222,44.0,0.0,-4.4,-12.2,D,1.0,0.1088,0.3,
2483,187773,-3.0,100,0.0,0,0.4653,0.325,50.0,0.0,-5.0,-27.999,D,1.0,0.1076,0.3,lost_target
2484,187818,13.91,45,0.0,0,0.4981,0.219,22.5,0.0,-2.25,-6.342,D,1.0,0.1155,0.3,
2485,187890,21.53,72,0.0,0,0.3527,0.2351,36.0,0.0,-3.6,-10.874,D,1.0,0.1075,0.3,
2486,187990,14.07,100,0.0,0,0.185,0.2012,50.0,0.0,-5.0,-10.932,D,1.0,0.1049,0.3,lost_target
2487,188029,10.8,39,0.0,0,0.6103,0.2442,19.5,0.0,-1.95,-6.745,D,1.0,0.1723,0.3,
2488,188129,15.33,100,0.0,0,0.2186,0.1966,50.0,0.0,-5.0,-9.672,D,1.0,0.1598,0.3,lost_target
2489,188222,16.73,93,0.0,0,0.5223,0.3129,46.5,0.0,-4.65,-25.117,D,1.0,0.118,0.3,
2490,188301,21.15,79,0.0,0,0.4841,0.2598,39.5,0.0,-3.95,-14.398,D,1.0,0.1296,0.3,
2491,188360,12.1,59,0.0,0,0.505,0.2877,29.5,0.0,-2.95,-14.448,D,1.0,0.1142,0.3,
2492,188415,9.35,55,0.0,0,0.5058,0.313,27.5,0.0,-2.75,-15.401,D,1.0,0.1164,0.3,
2493,188515,8.79,100,0.0,0,0.3309,0.2309,50.0,0.0,-5.0,-16.211,D,1.0,0.1535,0.3,lost_target
2494,188577,18.52,62,0.0,0,0.3841,0.2332,31.0,0.0,-3.1,-9.376,D,1.0,0.1208,0.3,
2495,188622,10.0,45,0.0,0,0.58,0.2589,22.5,0.0,-2.25,-10.249,D,1.0,0.1543,0.3,
2496,188697,12.6,75,0.0,0,0.4917,0.312,37.5,0.0,-3.75,-21.146,D,1.0,0.1183,0.3,
2497,188797,8.14,100,0.0,0,0.3169,0.2547,50.0,0.0,-5.0,-16.862,D,1.0,0.1485,0.3,lost_target
2498,188866,17.47,69,0.0,0,0.411,0.2717,34.5,0.0,-3.45,-13.582,D,1.0,0.1529,0.3,
2499,188966,11.72,100,0.0,0,0.2463,0.222,50.0,0.0,-5.0,-13.285,D,1.0,0.163,0.3,lost_target
2500,189018,15.28,52,0.0,0,0.4724,0.2297,26.0,0.0,-2.6,-8.124,D,1.0,0.1408,0.3,
2501,189076,16.46,58,0.0,0,0.3843,0.2465,29.0,0.0,-2.9,-9.636,D,1.0,0.1485,0.3,
2502,189138,16.32,62,0.0,0,0.4558,0.2537,31.0,0.0,-3.1,-11.579,D,1.0,0.1655,0.3,
2503,189200,11.24,62,0.0,0,0.4409,0.3029,31.0,0.0,-3.1,-16.655,D,1.0,0.1282,0.3,
2504,189300,3.64,100,0.0,0,0.323,0.288,50.0,0.0,-5.0,-21.362,D,1.0,0.1285,0.3,lost_target
2505,189388,25.67,88,0.0,0,0.3695,0.2397,44.0,0.0,-4.4,-13.931,D,1.0,0.1262,0.3,
2506,189432,12.61,44,0.0,0,0.5522,0.2279,22.0,0.0,-2.2,-7.19,D,1.0,0.1208,0.3,
2507,189493,15.96,61,0.0,0,0.5203,0.2511,30.5,0.0,-3.05,-11.492,D,1.0,0.1152,0.3,
2508,189593,12.11,100,0.0,0,0.2254,0.2252,50.0,0.0,-5.0,-12.886,D,1.0,0.1463,0.3,lost_target
2509,189693,-3.86,100,0.0,0,0.419,0.3134,50.0,0.0,-5.0,-28.863,D,1.0,0.1749,0.3,lost_target
2510,189789,21.76,96,0.0,0,0.388,0.2745,48.0,0.0,-4.8,-21.438,D,1.0,0.1625,0.3,
2511,189844,16.22,55,0.0,0,0.4218,0.2326,27.5,0.0,-2.75,-8.526,D,1.0,0.1028,0.3,
2512,189931,25.23,87,0.0,0,0.3562,0.2356,43.5,0.0,-4.35,-13.922,D,1.0,0.1039,0.3,
2513,190060,35.94,129,0.0,0,0.3683,0.2551,64.5,0.0,-6.45,-22.106,D,1.0,0.1563,0.3,
2514,190125,16.81,65,0.0,0,0.6026,0.2491,32.5,0.0,-3.25,-12.439,D,1.0,0.1484,0.3,
2515,190162,10.08,37,0.0,0,0.5201,0.2408,18.5,0.0,-1.85,-6.57,D,1.0,0.175,0.3,
2516,190217,12.72,55,0.0,0,0.4334,0.2816,27.5,0.0,-2.75,-12.029,D,1.0,0.1355,0.3,
2517,190295,21.44,78,0.0,0,0.5041,0.2487,39.0,0.0,-3.9,-13.656,D,1.0,0.1441,0.3,
2518,190373,21.61,78,0.0,0,0.3601,0.2447,39.0,0.0,-3.9,-13.495,D,1.0,0.1558,0.3,
2519,190425,10.24,52,0.0,0,0.4694,0.2996,26.0,0.0,-2.6,-13.155,D,1.0,0.1178,0.3,
2520,190491,15.49,66,0.0,0,0.5193,0.2848,33.0,0.0,-3.3,-14.212,D,1.0,0.1648,0.3,
2521,190587,29.15,96,0.0,0,0.3695,0.235,48.0,0.0,-4.8,-14.054,D,1.0,0.1413,0.3,
2522,190655,10.95,68,0.0,0,0.423,0.3251,34.0,0.0,-3.4,-19.655,D,1.0,0.101,0.3,
2523,190709,14.62,54,0.0,0,0.4933,0.2422,27.0,0.0,-2.7,-9.677,D,1.0,0.1367,0.3,
2524,190773,12.62,64,0.0,0,0.4458,0.2996,32.0,0.0,-3.2,-16.177,D,1.0,0.1706,0.3,
2525,190873,8.22,100,0.0,0,0.268,0.2506,50.0,0.0,-5.0,-16.775,D,1.0,0.1747,0.3,lost_target
2526,190954,15.8,81,0.0,0,0.5118,0.3027,40.5,0.0,-4.05,-20.649,D,1.0,0.1749,0.3,
2527,191023,21.14,69,0.0,0,0.426,0.2317,34.5,0.0,-3.45,-9.907,D,1.0,0.1319,0.3,
2528,191087,18.95,64,0.0,0,0.3951,0.2349,32.0,0.0,-3.2,-9.854,D,1.0,0.145,0.3,
2529,191144,15.73,57,0.0,0,0.4872,0.2324,28.5,0.0,-2.85,-9.92,D,1.0,0.129,0.3,
2530,191181,11.11,37,0.0,0,0.5822,0.2221,18.5,0.0,-1.85,-5.535,D,1.0,0.1744,0.3,
2531,191226,4.82,45,0.0,0,0.536,0.3441,22.5,0.0,-2.25,-15.434,D,1.0,0.1127,0.3,
2532,191305,23.98,79,0.0,0,0.3678,0.2308,39.5,0.0,-3.95,-11.574,D,1.0,0.1375,0.3,
2533,191362,12.41,57,0.0,0,0.5964,0.2676,28.5,0.0,-2.85,-13.236,D,1.0,0.1176,0.3,
2534,191427,8.72,65,0.0,0,0.5065,0.3375,32.5,0.0,-3.25,-20.525,D,1.0,0.1252,0.3,
2535,191492,9.95,65,0.0,0,0.6096,0.3077,32.5,0.0,-3.25,-19.296,D,1.0,0.103,0.3,
2536,191576,16.47,84,0.0,0,0.5313,0.2905,42.0,0.0,-4.2,-21.33,D,1.0,0.1095,0.3,
2537,191650,23.38,74,0.0,0,0.344,0.2259,37.0,0.0,-3.7,-9.923,D,1.0,0.1044,0.3,
2538,191745,26.25,95,0.0,0,0.322,0.2561,47.5,0.0,-4.75,-16.496,D,1.0,0.1683,0.3,
2539,191845,3.67,100,0.0,0,0.4852,0.2584,50.0,0.0,-5.0,-21.325,D,1.0,0.1087,0.3,lost_target
2540,191896,10.9,51,0.0,0,0.498,0.2823,25.5,0.0,-2.55,-12.051,D,1.0,0.1773,0.3,
2541,191948,15.14,52,0.0,0,0.4728,0.2315,26.0,0.0,-2.6,-8.261,D,1.0,0.1027,0.3,
2542,192006,11.56,58,0.0,0,0.5455,0.2879,29.0,0.0,-2.9,-14.544,D,1.0,0.1612,0.3,
2543,192096,23.73,90,0.0,0,0.4055,0.2604,45.0,0.0,-4.5,-16.768,D,1.0,0.1226,0.3,
2544,192150,14.54,54,0.0,0,0.4716,0.2494,27.0,0.0,-2.7,-9.761,D,1.0,0.137,0.3,
2545,192247,9.35,97,0.0,0,0.5076,0.3462,48.5,0.0,-4.85,-34.296,D,1.0,0.1427,0.3,
2546,192293,11.65,46,0.0,0,0.5075,0.2665,23.0,0.0,-2.3,-9.048,D,1.0,0.1151,0.3,
2547,192374,22.93,81,0.0,0,0.3609,0.2526,40.5,0.0,-4.05,-13.517,D,1.0,0.1815,0.3,
2548,192418,10.57,44,0.0,0,0.5788,0.2521,22.0,0.0,-2.2,-9.23,D,1.0,0.1764,0.3,
2549,192469,10.21,51,0.0,0,0.5614,0.2943,25.5,0.0,-2.55,-12.744,D,1.0,0.1632,0.3,
2550,192563,30.68,94,0.0,0,0.3925,0.2061,47.0,0.0,-4.7,-11.619,D,1.0,0.1746,0.3,
2551,192663,4.36,100,0.0,0,0.4163,0.2728,50.0,0.0,-5.0,-20.636,D,1.0,0.1072,0.3,lost_target
2552,192745,21.87,82,0.0,0,0.4116,0.2596,41.0,0.0,-4.1,-15.026,D,1.0,0.1395,0.3,
2553,192840,14.71,95,0.0,0,0.4939,0.336,47.5,0.0,-4.75,-28.037,D,1.0,0.1203,0.3,
2554,192934,26.39,94,0.0,0,0.3855,0.2444,47.0,0.0,-4.7,-15.912,D,1.0,0.1205,0.3,
2555,193018,25.3,84,0.0,0,0.3441,0.2377,42.0,0.0,-4.2,-12.497,D,1.0,0.1064,0.3,
2556,193117,20.35,99,0.0,0,0.3949,0.3056,49.5,0.0,-4.95,-24.203,D,1.0,0.1326,0.3,
2557,193155,9.89,38,0.0,0,0.6118,0.2377,19.0,0.0,-1.9,-7.21,D,1.0,0.147,0.3,
2558,193212,16.77,57,0.0,0,0.4143,0.2313,28.5,0.0,-2.85,-8.884,D,1.0,0.1595,0.3,
2559,193259,9.14,47,0.0,0,0.5248,0.2866,23.5,0.0,-2.35,-12.014,D,1.0,0.1634,0.3,
2560,193310,11.45,51,0.0,0,0.5706,0.2808,25.5,0.0,-2.55,-11.503,D,1.0,0.1635,0.3,
2561,193387,9.69,77,0.0,0,0.5188,0.3444,38.5,0.0,-3.85,-24.964,D,1.0,0.1123,0.3,
2562,193474,27.24,87,0.0,0,0.3239,0.2204,43.5,0.0,-4.35,-11.91,D,1.0,0.146,0.3,
2563,193525,11.17,51,0.0,0,0.4969,0.2917,25.5,0.0,-2.55,-11.776,D,1.0,0.1844,0.3,
2564,193596,18.59,71,0.0,0,0.3768,0.2618,35.5,0.0,-3.55,-13.359,D,1.0,0.1869,0.3,
2565,193667,18.8,71,0.0,0,0.4735,0.2619,35.5,0.0,-3.55,-13.151,D,1.0,0.1536,0.3,
2566,193733,16.43,66,0.0,0,0.4533,0.2641,33.0,0.0,-3.3,-13.266,D,1.0,0.103,0.3,
2567,193818,16.69,85,0.0,0,0.4675,0.3048,42.5,0.0,-4.25,-21.562,D,1.0,0.1405,0.3,
2568,193864,13.47,46,0.0,0,0.4646,0.2378,23.0,0.0,-2.3,-7.231,D,1.0,0.1643,0.3,
2569,193954,27.45,90,0.0,0,0.3852,0.2309,45.0,0.0,-4.5,-13.049,D,1.0,0.1377,0.3,
2570,194040,19.23,86,0.0,0,0.4093,0.2882,43.0,0.0,-4.3,-19.466,D,1.0,0.1096,0.3,
2571,194092,13.75,52,0.0,0,0.4653,0.2553,26.0,0.0,-2.6,-9.651,D,1.0,0.1663,0.3,
2572,194172,22.56,80,0.0,0,0.3849,0.2417,40.0,0.0,-4.0,-13.442,D,1.0,0.1437,0.3,
2573,194244,22.0,72,0.0,0,0.3725,0.2333,36.0,0.0,-3.6,-10.404,D,1.0,0.1542,0.3,
2574,194298,12.35,54,0.0,0,0.6143,0.2653,27.0,0.0,-2.7,-11.949,D,1.0,0.1688,0.3,
2575,194398,10.85,100,0.0,0,0.2502,0.2402,50.0,0.0,-5.0,-14.155,D,1.0,0.1086,0.3,lost_target
2576,194498,11.57,100,0.0,0,0.2095,0.2296,50.0,0.0,-5.0,-13.43,D,1.0,0.1887,0.3,lost_target
2577,194544,12.11,46,0.0,0,0.5058,0.2527,23.0,0.0,-2.3,-8.591,D,1.0,0.1626,0.3,
2578,194612,18.47,68,0.0,0,0.4621,0.252,34.0,0.0,-3.4,-12.13,D,1.0,0.1677,0.3,
2579,194668,16.4,56,0.0,0,0.6675,0.2215,28.0,0.0,-2.8,-8.797,D,1.0,0.1754,0.3,
2580,194694,7.23,26,0.0,0,0.6625,0.2372,13.0,0.0,-1.3,-4.475,D,1.0,0.1647,0.3,
2581,194747,6.22,53,0.0,0,0.5385,0.3436,26.5,0.0,-2.65,-17.631,D,1.0,0.1288,0.3,
2582,194776,6.84,29,0.0,0,0.5547,0.2605,14.5,0.0,-1.45,-6.21,D,1.0,0.16,0.3,
2583,194873,20.26,97,0.0,0,0.4107,0.2898,48.5,0.0,-4.85,-23.389,D,1.0,0.1056,0.3,
2584,194923,13.34,50,0.0,0,0.5844,0.2371,25.0,0.0,-2.5,-9.159,D,1.0,0.1883,0.3,
2585,194976,13.14,53,0.0,0,0.4545,0.2519,26.5,0.0,-2.65,-10.711,D,1.0,0.132,0.3,
2586,195033,11.8,57,0.0,0,0.5277,0.2873,28.5,0.0,-2.85,-13.849,D,1.0,0.1646,0.3,
2587,195118,22.41,85,0.0,0,0.3965,0.2559,42.5,0.0,-4.25,-15.839,D,1.0,0.1328,0.3,
2588,195165,12.15,47,0.0,0,0.561,0.2468,23.5,0.0,-2.35,-9.0,D,1.0,0.154,0.3,
2589,195265,11.03,100,0.0,0,0.2608,0.2345,50.0,0.0,-5.0,-13.971,D,1.0,0.1686,0.3,lost_target
2590,195365,0.9,100,0.0,0,0.4029,0.2979,50.0,0.0,-5.0,-24.1,D,1.0,0.1043,0.3,lost_target
2591,195452,17.67,87,0.0,0,0.518,0.2975,43.5,0.0,-4.35,-21.481,D,1.0,0.181,0.3,
2592,195547,26.06,95,0.0,0,0.3507,0.2528,47.5,0.0,-4.75,-16.685,D,1.0,0.1868,0.3,
2593,195598,9.39,51,0.0,0,0.4631,0.3205,25.5,0.0,-2.55,-13.557,D,1.0,0.112,0.3,
2594,195654,14.85,56,0.0,0,0.4372,0.2609,28.0,0.0,-2.8,-10.35,D,1.0,0.1481,0.3,
2595,195719,13.27,65,0.0,0,0.4401,0.3091,32.5,0.0,-3.25,-15.983,D,1.0,0.1376,0.3,
2596,195758,11.55,39,0.0,0,0.5506,0.23,19.5,0.0,-1.95,-6.0,D,1.0,0.1719,0.3,
2597,195834,21.8,76,0.0,0,0.45,0.2402,38.0,0.0,-3.8,-12.396,D,1.0,0.1118,0.3,
2598,195913,15.37,79,0.0,0,0.4215,0.312,39.5,0.0,-3.95,-20.18,D,1.0,0.1606,0.3,
2599,195997,24.13,84,0.0,0,0.3247,0.2412,42.0,0.0,-4.2,-13.673,D,1.0,0.1606,0.3,
2600,196064,18.11,67,0.0,0,0.5721,0.239,33.5,0.0,-3.35,-12.041,D,1.0,0.1419,0.3,
2601,196110,11.1,46,0.0,0,0.4973,0.2496,23.0,0.0,-2.3,-9.604,D,1.0,0.1306,0.3,
2602,196161,9.17,51,0.0,0,0.5541,0.297,25.5,0.0,-2.55,-13.782,D,1.0,0.1769,0.3,
2603,196261,11.68,100,0.0,0,0.2064,0.2312,50.0,0.0,-5.0,-13.323,D,1.0,0.1214,0.3,lost_target
2604,196299,12.72,38,0.0,0,0.5977,0.2013,19.0,0.0,-1.9,-4.376,D,1.0,0.12,0.3,
2605,196399,3.65,100,0.0,0,0.3987,0.2828,50.0,0.0,-5.0,-21.352,D,1.0,0.1603,0.3,lost_target
2606,196456,14.14,57,0.0,0,0.5128,0.2613,28.5,0.0,-2.85,-11.512,D,1.0,0.1209,0.3,
2607,196524,18.13,68,0.0,0,0.4063,0.2541,34.0,0.0,-3.4,-12.469,D,1.0,0.1576,0.3,
2608,196580,11.34,56,0.0,0,0.4706,0.2992,28.0,0.0,-2.8,-13.862,D,1.0,0.1024,0.3,
2609,196639,12.52,59,0.0,0,0.569,0.2784,29.5,0.0,-2.95,-14.03,D,1.0,0.122,0.3,
2610,196706,20.73,67,0.0,0,0.5437,0.2223,33.5,0.0,-3.35,-9.422,D,1.0,0.1287,0.3,
2611,196756,13.63,50,0.0,0,0.4907,0.2502,25.0,0.0,-2.5,-8.874,D,1.0,0.187,0.3,
2612,196799,11.07,43,0.0,0,0.4945,0.264,21.5,0.0,-2.15,-8.282,D,1.0,0.1171,0.3,
2613,196850,14.32,51,0.0,0,0.5322,0.2407,25.5,0.0,-2.55,-8.629,D,1.0,0.1669,0.3,
2614,196950,11.38,100,0.0,0,0.2239,0.226,50.0,0.0,-5.0,-13.624,D,1.0,0.152,0.3,lost_target
2615,197000,12.53,50,0.0,0,0.5126,0.2502,25.0,0.0,-2.5,-9.965,D,1.0,0.1849,0.3,
2616,197072,15.55,72,0.0,0,0.4216,0.3006,36.0,0.0,-3.6,-16.853,D,1.0,0.1656,0.3,
2617,197172,1.85,100,0.0,0,0.3818,0.2933,50.0,0.0,-5.0,-23.145,D,1.0,0.1801,0.3,lost_target
2618,197219,12.95,47,0.0,0,0.5895,0.2343,23.5,0.0,-2.35,-8.199,D,1.0,0.1824,0.3,
2619,197287,15.29,68,0.0,0,0.4094,0.289,34.0,0.0,-3.4,-15.313,D,1.0,0.1619,0.3,
2620,197353,16.22,66,0.0,0,0.5671,0.259,33.0,0.0,-3.3,-13.476,D,1.0,0.1084,0.3,
2621,197433,16.76,80,0.0,0,0.5105,0.2862,40.0,0.0,-4.0,-19.239,D,1.0,0.1381,0.3,
2622,197489,16.93,56,0.0,0,0.4715,0.2254,28.0,0.0,-2.8,-8.271,D,1.0,0.1464,0.3,
2623,197535,12.25,46,0.0,0,0.5499,0.2531,23.0,0.0,-2.3,-8.449,D,1.0,0.1748,0.3,
2624,197594,15.43,59,0.0,0,0.4117,0.2631,29.5,0.0,-2.95,-11.124,D,1.0,0.1596,0.3,
2625,197652,15.82,58,0.0,0,0.4134,0.2486,29.0,0.0,-2.9,-10.276,D,1.0,0.1708,0.3,
2626,197706,15.06,54,0.0,0,0.5564,0.2346,27.0,0.0,-2.7,-9.245,D,1.0,0.1723,0.3,
2627,197796,24.31,90,0.0,0,0.3582,0.248,45.0,0.0,-4.5,-16.192,D,1.0,0.1727,0.3,
2628,197840,10.16,44,0.0,0,0.5666,0.2604,22.0,0.0,-2.2,-9.644,D,1.0,0.1695,0.3,
2629,197889,13.06,49,0.0,0,0.5786,0.2376,24.5,0.0,-2.45,-8.988,D,1.0,0.1248,0.3,
2630,197959,20.59,70,0.0,0,0.4496,0.2352,35.0,0.0,-3.5,-10.914,D,1.0,0.1049,0.3,
2631,198050,26.74,91,0.0,0,0.3296,0.2437,45.5,0.0,-4.55,-14.214,D,1.0,0.1489,0.3,
2632,198150,4.61,100,0.0,0,0.3346,0.2796,50.0,0.0,-5.0,-20.386,D,1.0,0.1639,0.3,lost_target
2633,198232,12.85,82,0.0,0,0.5653,0.3116,41.0,0.0,-4.1,-24.05,D,1.0,0.1573,0.3,
2634,198307,22.2,75,0.0,0,0.372,0.2393,37.5,0.0,-3.75,-11.55,D,1.0,0.1731,0.3,
2635,198367,15.08,60,0.0,0,0.4636,0.2626,30.0,0.0,-3.0,-11.919,D,1.0,0.1515,0.3,
2636,198390,6.15,23,0.0,0,0.6651,0.2414,11.5,0.0,-1.15,-4.197,D,1.0,0.1629,0.3,
2637,198459,16.85,69,0.0,0,0.4352,0.2759,34.5,0.0,-3.45,-14.196,D,1.0,0.1924,0.3,
2638,198549,18.59,90,0.0,0,0.4812,0.29,45.0,0.0,-4.5,-21.909,D,1.0,0.1303,0.3,
2639,198634,19.22,85,0.0,0,0.4625,0.2783,42.5,0.0,-4.25,-19.027,D,1.0,0.1649,0.3,
2640,198702,16.48,68,0.0,0,0.4399,0.2756,34.0,0.0,-3.4,-14.122,D,1.0,0.143,0.3,
2641,198799,24.04,97,0.0,0,0.3574,0.2645,48.5,0.0,-4.85,-19.612,D,1.0,0.1882,0.3,
2642,198868,18.62,69,0.0,0,0.4437,0.2586,34.5,0.0,-3.45,-12.435,D,1.0,0.1058,0.3,
2643,198968,4.75,100,0.0,0,0.3573,0.2653,50.0,0.0,-5.0,-20.246,D,1.0,0.1875,0.3,lost_target
2644,198998,7.67,30,0.0,0,0.6591,0.2369,15.0,0.0,-1.5,-5.828,D,1.0,0.1747,0.3,
2645,199084,17.64,86,0.0,0,0.4441,0.2926,43.0,0.0,-4.3,-21.064,D,1.0,0.1927,0.3,
2646,199149,16.68,65,0.0,0,0.5009,0.2652,32.5,0.0,-3.25,-12.571,D,1.0,0.1266,0.3,
2647,199249,13.54,100,0.0,0,0.2251,0.2143,50.0,0.0,-5.0,-11.463,D,1.0,0.128,0.3,lost_target
2648,199307,13.51,58,0.0,0,0.496,0.2623,29.0,0.0,-2.9,-12.59,D,1.0,0.1532,0.3,
2649,199353,14.11,46,0.0,0,0.6355,0.2112,23.0,0.0,-2.3,-6.585,D,1.0,0.1918,0.3,
2650,199449,25.18,96,0.0,0,0.4019,0.2625,48.0,0.0,-4.8,-18.022,D,1.0,0.1234,0.3,
2651,199549,-10.86,100,0.0,0,0.4105,0.3542,50.0,0.0,-5.0,-35.863,D,1.0,0.1586,0.3,lost_target
2652,199649,11.28,100,0.0,0,0.4423,0.2215,50.0,0.0,-5.0,-13.724,D,1.0,0.1516,0.3,lost_target
2653,199716,20.02,67,0.0,0,0.6521,0.2179,33.5,0.0,-3.35,-10.134,D,1.0,0.1096,0.3,
2654,199795,20.31,79,0.0,0,0.3844,0.2706,39.5,0.0,-3.95,-15.239,D,1.0,0.1757,0.3,
2655,199895,12.39,100,0.0,0,0.2083,0.2228,50.0,0.0,-5.0,-12.615,D,1.0,0.1222,0.3,lost_target
2656,199944,12.77,49,0.0,0,0.5998,0.2508,24.5,0.0,-2.45,-9.284,D,1.0,0.1749,0.3,
