episode,step,drone_x,drone_y,drone_z,target_x,target_y,target_z,centroid_x,centroid_y,fraction,visible,r_stability,r_centering,r_scale,reward,action_mag,controller_state
1,1,-0.05,0.179,0.091,-0.05,0.18,-1.302,0.075,-0.203,0.2783,1.0,0.972,1.737,0.895,3.604,0.764,track
1,2,-0.049,0.178,0.091,-0.05,0.18,-1.302,0.088,-0.158,0.2812,1.0,0.934,1.814,0.873,3.621,0.754,track
1,3,-0.049,0.178,0.09,-0.05,0.18,-1.302,0.084,-0.105,0.2822,1.0,0.935,1.894,0.866,3.695,0.405,track
1,4,-0.049,0.177,0.088,-0.05,0.18,-1.302,0.075,-0.054,0.2773,1.0,0.957,1.949,0.901,3.808,0.277,track
1,5,-0.048,0.177,0.087,-0.05,0.18,-1.302,0.064,-0.009,0.2773,1.0,0.956,1.975,0.901,3.832,0.276,track
1,6,-0.048,0.176,0.085,-0.05,0.18,-1.302,0.058,0.04,0.2773,1.0,0.963,1.971,0.901,3.835,0.309,track
1,7,-0.048,0.176,0.083,-0.05,0.18,-1.302,0.036,0.069,0.2842,1.0,0.963,1.964,0.85,3.777,0.311,track
1,8,-0.047,0.175,0.081,-0.05,0.18,-1.302,0.023,0.111,0.2861,1.0,0.966,1.924,0.834,3.725,0.289,track
1,9,-0.047,0.174,0.078,-0.05,0.18,-1.302,0.003,0.137,0.2803,1.0,0.969,1.89,0.88,3.74,0.335,track
1,10,-0.046,0.174,0.076,-0.05,0.18,-1.302,-0.013,0.166,0.2842,1.0,0.976,1.841,0.85,3.667,0.287,track
1,11,-0.046,0.173,0.073,-0.05,0.18,-1.302,-0.03,0.187,0.2881,1.0,0.976,1.797,0.818,3.59,0.271,track
1,12,-0.045,0.172,0.071,-0.05,0.18,-1.302,-0.04,0.209,0.29,1.0,0.98,1.747,0.8,3.527,0.218,track
1,13,-0.045,0.171,0.068,-0.05,0.18,-1.302,-0.055,0.228,0.2861,1.0,0.98,1.695,0.834,3.509,0.178,track
1,14,-0.044,0.171,0.066,-0.05,0.18,-1.302,-0.074,0.241,0.2891,1.0,0.983,1.654,0.809,3.445,0.154,track
1,15,-0.044,0.17,0.064,-0.05,0.18,-1.302,-0.086,0.25,0.291,1.0,0.983,1.622,0.792,3.396,0.093,track
1,16,-0.043,0.169,0.061,-0.05,0.18,-1.302,-0.095,0.256,0.292,1.0,0.983,1.6,0.783,3.366,0.089,track
1,17,-0.043,0.167,0.059,-0.05,0.18,-1.302,-0.102,0.262,0.2939,1.0,0.983,1.577,0.765,3.324,0.089,track
1,18,-0.042,0.166,0.056,-0.05,0.18,-1.302,-0.107,0.259,0.2939,1.0,0.982,1.581,0.765,3.328,0.091,track
1,19,-0.042,0.165,0.053,-0.05,0.18,-1.302,-0.123,0.261,0.293,1.0,0.982,1.559,0.774,3.314,0.105,track
1,20,-0.042,0.164,0.051,-0.05,0.18,-1.302,-0.138,0.258,0.292,1.0,0.981,1.547,0.783,3.311,0.099,track
1,21,-0.041,0.162,0.048,-0.05,0.18,-1.302,-0.147,0.254,0.2979,1.0,0.98,1.546,0.728,3.254,0.106,track
1,22,-0.041,0.161,0.045,-0.05,0.18,-1.302,-0.15,0.252,0.2988,1.0,0.98,1.545,0.718,3.243,0.124,track
1,23,-0.041,0.159,0.042,-0.05,0.18,-1.302,-0.156,0.245,0.2969,1.0,0.979,1.553,0.737,3.269,0.122,track
1,24,-0.04,0.157,0.04,-0.05,0.18,-1.302,-0.161,0.231,0.2959,1.0,0.979,1.576,0.746,3.301,0.13,track
1,25,-0.04,0.156,0.037,-0.05,0.18,-1.302,-0.164,0.224,0.2939,1.0,0.978,1.588,0.765,3.331,0.163,track
1,26,-0.04,0.154,0.034,-0.05,0.18,-1.302,-0.17,0.213,0.2871,1.0,0.978,1.601,0.826,3.405,0.17,track
1,27,-0.04,0.152,0.031,-0.05,0.18,-1.302,-0.178,0.209,0.2842,1.0,0.977,1.595,0.85,3.423,0.177,track
1,28,-0.04,0.15,0.028,-0.05,0.18,-1.302,-0.183,0.18,0.2734,1.0,0.977,1.641,0.927,3.545,0.165,track
1,29,-0.04,0.148,0.024,-0.05,0.18,-1.302,-0.187,0.163,0.2676,1.0,0.976,1.663,0.958,3.597,0.172,track
1,30,-0.04,0.146,0.021,-0.05,0.18,-1.302,-0.188,0.147,0.2588,1.0,0.977,1.686,0.989,3.652,0.176,track
1,31,-0.04,0.144,0.018,-0.05,0.18,-1.302,-0.193,0.127,0.248,1.0,0.977,1.705,1.0,3.682,0.164,track
1,32,-0.04,0.142,0.015,-0.05,0.18,-1.302,-0.192,0.11,0.2402,1.0,0.977,1.728,0.997,3.702,0.143,track
1,33,-0.04,0.139,0.012,-0.05,0.18,-1.302,-0.193,0.093,0.2354,1.0,0.978,1.744,0.993,3.715,0.121,track
1,34,-0.04,0.137,0.009,-0.05,0.18,-1.302,-0.188,0.074,0.2305,1.0,0.978,1.771,0.987,3.735,0.096,track
1,35,-0.04,0.134,0.006,-0.05,0.18,-1.302,-0.184,0.051,0.2236,1.0,0.978,1.792,0.976,3.747,0.101,track
1,36,-0.04,0.132,0.004,-0.05,0.18,-1.302,-0.18,0.036,0.2197,1.0,0.978,1.808,0.969,3.754,0.129,track
1,37,-0.041,0.129,0.001,-0.05,0.18,-1.302,-0.177,0.013,0.2109,1.0,0.979,1.819,0.948,3.747,0.112,track
1,38,-0.041,0.127,-0.002,-0.05,0.18,-1.302,-0.172,-0.014,0.207,1.0,0.979,1.828,0.938,3.745,0.143,track
1,39,-0.042,0.124,-0.005,-0.05,0.18,-1.302,-0.172,-0.04,0.2041,1.0,0.981,1.821,0.929,3.731,0.142,track
1,40,-0.042,0.121,-0.007,-0.05,0.18,-1.302,-0.16,-0.055,0.2002,1.0,0.981,1.836,0.917,3.734,0.18,track
1,41,-0.043,0.118,-0.01,-0.05,0.18,-1.302,-0.15,-0.098,0.1963,1.0,0.983,1.817,0.905,3.704,0.197,track
1,42,-0.043,0.116,-0.012,-0.05,0.18,-1.302,-0.14,-0.13,0.1875,1.0,0.98,1.793,0.873,3.646,0.307,track
1,43,-0.044,0.113,-0.014,-0.05,0.18,-1.302,-0.126,-0.145,0.1924,1.0,0.981,1.791,0.891,3.663,0.292,track
1,44,-0.044,0.11,-0.015,-0.05,0.18,-1.302,-0.124,-0.166,0.1875,1.0,0.984,1.757,0.873,3.614,0.277,track
1,45,-0.045,0.107,-0.017,-0.05,0.18,-1.302,-0.115,-0.201,0.1816,1.0,0.982,1.702,0.85,3.535,0.284,track
1,46,-0.046,0.104,-0.018,-0.05,0.18,-1.302,-0.101,-0.228,0.1787,1.0,0.981,1.66,0.838,3.479,0.282,track
1,47,-0.047,0.101,-0.018,-0.05,0.18,-1.302,-0.09,-0.24,0.1797,1.0,0.98,1.642,0.842,3.465,0.257,track
1,48,-0.047,0.098,-0.019,-0.05,0.18,-1.302,-0.069,-0.265,0.1748,1.0,0.983,1.597,0.822,3.401,0.184,track
1,49,-0.048,0.095,-0.019,-0.05,0.18,-1.302,-0.056,-0.272,0.1709,1.0,0.979,1.586,0.805,3.369,0.228,track
1,50,-0.049,0.092,-0.02,-0.05,0.18,-1.302,-0.044,-0.268,0.1631,1.0,0.985,1.602,0.769,3.356,0.181,track
1,51,-0.05,0.089,-0.02,-0.05,0.18,-1.302,-0.042,-0.273,0.1582,1.0,0.984,1.591,0.746,3.321,0.1,track
1,52,-0.051,0.086,-0.02,-0.05,0.18,-1.302,-0.011,-0.272,0.1553,1.0,0.988,1.6,0.732,3.32,0.13,track
1,53,-0.052,0.083,-0.02,-0.05,0.18,-1.302,-0.01,-0.282,0.1543,1.0,0.986,1.576,0.728,3.289,0.158,track
1,54,-0.053,0.08,-0.02,-0.05,0.18,-1.302,-0.001,-0.273,0.1455,1.0,0.989,1.6,0.684,3.274,0.138,track
1,55,-0.054,0.078,-0.02,-0.05,0.18,-1.302,0.011,-0.276,0.1455,1.0,0.987,1.59,0.684,3.261,0.161,track
1,56,-0.055,0.075,-0.02,-0.05,0.18,-1.302,0.025,-0.285,0.1445,1.0,0.989,1.564,0.68,3.233,0.168,track
1,57,-0.056,0.072,-0.021,-0.05,0.18,-1.302,0.04,-0.295,0.1436,1.0,0.986,1.534,0.675,3.195,0.206,track
1,58,-0.057,0.069,-0.021,-0.05,0.18,-1.302,0.045,-0.297,0.1377,1.0,0.987,1.524,0.645,3.157,0.169,track
1,59,-0.057,0.066,-0.021,-0.05,0.18,-1.302,0.05,-0.306,0.1357,1.0,0.985,1.498,0.636,3.119,0.169,track
1,60,-0.058,0.064,-0.021,-0.05,0.18,-1.302,0.058,-0.313,0.1328,1.0,0.986,1.474,0.621,3.081,0.142,track
1,61,-0.059,0.061,-0.021,-0.05,0.18,-1.302,0.067,-0.316,0.1309,1.0,0.984,1.463,0.611,3.058,0.156,track
1,62,-0.06,0.058,-0.021,-0.05,0.18,-1.302,0.085,-0.323,0.1357,1.0,0.985,1.432,0.636,3.052,0.144,track
1,63,-0.061,0.056,-0.021,-0.05,0.18,-1.302,0.1,-0.334,0.1318,1.0,0.983,1.389,0.616,2.989,0.168,track
1,64,-0.062,0.053,-0.021,-0.05,0.18,-1.302,0.096,-0.338,0.1299,1.0,0.983,1.38,0.606,2.969,0.161,track
1,65,-0.063,0.051,-0.021,-0.05,0.18,-1.302,0.103,-0.345,0.1289,1.0,0.982,1.357,0.601,2.939,0.105,track
1,66,-0.064,0.048,-0.021,-0.05,0.18,-1.302,0.114,-0.359,0.125,1.0,0.981,1.305,0.581,2.868,0.104,track
1,67,-0.064,0.046,-0.02,-0.05,0.18,-1.302,0.109,-0.366,0.124,1.0,0.978,1.292,0.576,2.847,0.173,track
1,68,-0.065,0.043,-0.02,-0.05,0.18,-1.302,0.122,-0.386,0.123,1.0,0.979,1.223,0.571,2.774,0.124,track
1,69,-0.066,0.041,-0.019,-0.05,0.18,-1.302,0.138,-0.386,0.1221,1.0,0.975,1.207,0.567,2.748,0.181,track
1,70,-0.067,0.039,-0.019,-0.05,0.18,-1.302,0.146,-0.382,0.1289,1.0,0.978,1.212,0.601,2.791,0.209,track
1,71,-0.068,0.037,-0.018,-0.05,0.18,-1.302,0.161,-0.409,0.124,1.0,0.976,1.12,0.576,2.673,0.1,track
1,72,-0.068,0.035,-0.017,-0.05,0.18,-1.302,0.156,-0.416,0.1211,1.0,0.974,1.107,0.562,2.643,0.181,track
1,73,-0.069,0.033,-0.017,-0.05,0.18,-1.302,0.16,-0.415,0.1221,1.0,0.972,1.105,0.567,2.644,0.159,track
1,74,-0.07,0.031,-0.016,-0.05,0.18,-1.302,0.172,-0.429,0.1191,1.0,0.975,1.055,0.552,2.582,0.268,track
1,75,-0.071,0.029,-0.015,-0.05,0.18,-1.302,0.163,-0.423,0.1182,1.0,0.968,1.079,0.547,2.595,0.349,track
1,76,-0.071,0.027,-0.014,-0.05,0.18,-1.302,0.184,-0.435,0.1191,1.0,0.974,1.024,0.552,2.55,0.498,track
1,77,-0.072,0.025,-0.013,-0.05,0.18,-1.302,0.203,-0.462,0.1143,1.0,0.966,0.931,0.527,2.425,0.507,track
1,78,-0.073,0.024,-0.013,-0.05,0.18,-1.302,0.213,-0.451,0.1191,1.0,0.972,0.947,0.552,2.471,0.539,track
1,79,-0.073,0.022,-0.012,-0.05,0.18,-1.302,0.217,-0.451,0.1182,1.0,0.965,0.944,0.547,2.455,0.535,track
1,80,-0.074,0.021,-0.011,-0.05,0.18,-1.302,0.226,-0.452,0.1191,1.0,0.97,0.929,0.552,2.451,0.573,track
1,81,-0.074,0.019,-0.011,-0.05,0.18,-1.302,0.222,-0.451,0.1182,1.0,0.965,0.938,0.547,2.45,0.5,track
1,82,-0.075,0.018,-0.01,-0.05,0.18,-1.302,0.234,-0.46,0.1191,1.0,0.969,0.901,0.552,2.422,0.502,track
1,83,-0.076,0.017,-0.01,-0.05,0.18,-1.302,0.25,-0.468,0.1221,1.0,0.965,0.859,0.567,2.391,0.483,track
1,84,-0.076,0.015,-0.009,-0.05,0.18,-1.302,0.257,-0.463,0.1172,1.0,0.968,0.863,0.542,2.373,0.486,track
1,85,-0.077,0.014,-0.009,-0.05,0.18,-1.302,0.259,-0.465,0.1191,1.0,0.966,0.854,0.552,2.372,0.432,track
1,86,-0.077,0.013,-0.008,-0.05,0.18,-1.302,0.27,-0.457,0.1182,1.0,0.968,0.858,0.547,2.373,0.451,track
1,87,-0.077,0.012,-0.008,-0.05,0.18,-1.302,0.274,-0.456,0.1191,1.0,0.966,0.856,0.552,2.374,0.393,track
1,88,-0.078,0.012,-0.008,-0.05,0.18,-1.302,0.286,-0.456,0.1221,1.0,0.967,0.839,0.567,2.373,0.423,track
1,89,-0.078,0.011,-0.007,-0.05,0.18,-1.302,0.273,-0.454,0.123,1.0,0.967,0.86,0.571,2.398,0.41,track
1,90,-0.079,0.01,-0.007,-0.05,0.18,-1.302,0.295,-0.458,0.1211,1.0,0.968,0.822,0.562,2.351,0.396,track
1,91,-0.079,0.01,-0.007,-0.05,0.18,-1.302,0.287,-0.46,0.124,1.0,0.967,0.828,0.576,2.372,0.375,track
1,92,-0.079,0.009,-0.007,-0.05,0.18,-1.302,0.291,-0.456,0.123,1.0,0.968,0.831,0.571,2.371,0.371,track
1,93,-0.08,0.009,-0.007,-0.05,0.18,-1.302,0.299,-0.448,0.124,1.0,0.968,0.837,0.576,2.381,0.382,track
1,94,-0.08,0.008,-0.007,-0.05,0.18,-1.302,0.303,-0.442,0.125,1.0,0.967,0.845,0.581,2.393,0.445,track
1,95,-0.08,0.008,-0.007,-0.05,0.18,-1.302,0.316,-0.433,0.125,1.0,0.969,0.844,0.581,2.394,0.38,track
1,96,-0.08,0.008,-0.007,-0.05,0.18,-1.302,0.317,-0.426,0.127,1.0,0.967,0.858,0.591,2.416,0.423,track
1,97,-0.08,0.008,-0.007,-0.05,0.18,-1.302,0.312,-0.426,0.124,1.0,0.97,0.866,0.576,2.413,0.348,track
1,98,-0.08,0.008,-0.007,-0.05,0.18,-1.302,0.314,-0.427,0.125,1.0,0.969,0.86,0.581,2.41,0.324,track
1,99,-0.08,0.008,-0.007,-0.05,0.18,-1.302,0.324,-0.415,0.1299,1.0,0.971,0.87,0.606,2.448,0.352,track
1,100,-0.08,0.008,-0.007,-0.05,0.18,-1.302,0.321,-0.413,0.1289,1.0,0.969,0.88,0.601,2.45,0.4,track
1,101,-0.08,0.008,-0.008,-0.05,0.18,-1.302,0.322,-0.406,0.1279,1.0,0.973,0.893,0.596,2.462,0.347,track
1,102,-0.08,0.008,-0.008,-0.05,0.18,-1.302,0.317,-0.407,0.1279,1.0,0.971,0.901,0.596,2.467,0.327,track
1,103,-0.08,0.009,-0.008,-0.05,0.18,-1.302,0.31,-0.398,0.1309,1.0,0.974,0.932,0.611,2.517,0.327,track
1,104,-0.08,0.009,-0.008,-0.05,0.18,-1.302,0.308,-0.389,0.1289,1.0,0.972,0.957,0.601,2.53,0.306,track
1,105,-0.08,0.009,-0.009,-0.05,0.18,-1.302,0.307,-0.386,0.1289,1.0,0.976,0.964,0.601,2.541,0.235,track
1,106,-0.08,0.01,-0.009,-0.05,0.18,-1.302,0.31,-0.372,0.1328,1.0,0.975,0.99,0.621,2.585,0.203,track
1,107,-0.08,0.01,-0.009,-0.05,0.18,-1.302,0.318,-0.372,0.1328,1.0,0.977,0.975,0.621,2.573,0.123,track
1,108,-0.08,0.011,-0.01,-0.05,0.18,-1.302,0.309,-0.361,0.1338,1.0,0.977,1.015,0.626,2.617,0.099,track
1,109,-0.079,0.012,-0.01,-0.05,0.18,-1.302,0.312,-0.362,0.1338,1.0,0.979,1.008,0.626,2.613,0.116,track
1,110,-0.079,0.013,-0.011,-0.05,0.18,-1.302,0.3,-0.354,0.1367,1.0,0.978,1.048,0.64,2.667,0.09,track
1,111,-0.079,0.013,-0.011,-0.05,0.18,-1.302,0.304,-0.353,0.1367,1.0,0.981,1.043,0.64,2.664,0.126,track
1,112,-0.078,0.014,-0.012,-0.05,0.18,-1.302,0.302,-0.345,0.1396,1.0,0.98,1.064,0.655,2.699,0.119,track
1,113,-0.078,0.015,-0.012,-0.05,0.18,-1.302,0.296,-0.346,0.1426,1.0,0.982,1.074,0.67,2.726,0.122,track
1,114,-0.078,0.016,-0.013,-0.05,0.18,-1.302,0.29,-0.339,0.1436,1.0,0.982,1.102,0.675,2.759,0.119,track
1,115,-0.077,0.017,-0.014,-0.05,0.18,-1.302,0.299,-0.334,0.1436,1.0,0.983,1.093,0.675,2.751,0.131,track
1,116,-0.077,0.018,-0.014,-0.05,0.18,-1.302,0.287,-0.314,0.1445,1.0,0.983,1.162,0.68,2.825,0.086,track
1,117,-0.076,0.019,-0.015,-0.05,0.18,-1.302,0.28,-0.317,0.1436,1.0,0.983,1.17,0.675,2.828,0.154,track
1,118,-0.076,0.02,-0.016,-0.05,0.18,-1.302,0.268,-0.295,0.1436,1.0,0.985,1.243,0.675,2.903,0.145,track
1,119,-0.075,0.022,-0.017,-0.05,0.18,-1.302,0.264,-0.302,0.1426,1.0,0.984,1.235,0.67,2.889,0.15,track
1,120,-0.075,0.023,-0.018,-0.05,0.18,-1.302,0.255,-0.28,0.1436,1.0,0.986,1.301,0.675,2.962,0.162,track
1,121,-0.074,0.024,-0.019,-0.05,0.18,-1.302,0.249,-0.269,0.1445,1.0,0.986,1.335,0.68,3.001,0.116,track
1,122,-0.074,0.025,-0.02,-0.05,0.18,-1.302,0.256,-0.272,0.1426,1.0,0.986,1.317,0.67,2.973,0.145,track
1,123,-0.073,0.027,-0.021,-0.05,0.18,-1.302,0.246,-0.25,0.1445,1.0,0.987,1.382,0.68,3.049,0.103,track
1,124,-0.072,0.028,-0.022,-0.05,0.18,-1.302,0.258,-0.26,0.1533,1.0,0.987,1.337,0.723,3.047,0.101,track
1,125,-0.072,0.029,-0.023,-0.05,0.18,-1.302,0.247,-0.268,0.1553,1.0,0.988,1.344,0.732,3.064,0.144,track
1,126,-0.071,0.031,-0.025,-0.05,0.18,-1.302,0.236,-0.26,0.1572,1.0,0.991,1.38,0.742,3.113,0.203,track
1,127,-0.07,0.032,-0.026,-0.05,0.18,-1.302,0.229,-0.253,0.1533,1.0,0.99,1.411,0.723,3.124,0.083,track
1,128,-0.069,0.033,-0.027,-0.05,0.18,-1.302,0.215,-0.24,0.1543,1.0,0.99,1.465,0.728,3.183,0.06,track
1,129,-0.069,0.035,-0.029,-0.05,0.18,-1.302,0.208,-0.237,0.1484,1.0,0.99,1.484,0.699,3.173,0.093,track
1,130,-0.068,0.036,-0.03,-0.05,0.18,-1.302,0.205,-0.243,0.1553,1.0,0.99,1.476,0.732,3.198,0.084,track
1,131,-0.067,0.037,-0.032,-0.05,0.18,-1.302,0.206,-0.237,0.1514,1.0,0.991,1.487,0.713,3.191,0.134,track
1,132,-0.066,0.039,-0.033,-0.05,0.18,-1.302,0.204,-0.227,0.1455,1.0,0.991,1.512,0.684,3.187,0.048,track
1,133,-0.065,0.04,-0.035,-0.05,0.18,-1.302,0.196,-0.223,0.1426,1.0,0.991,1.534,0.67,3.195,0.04,track
1,134,-0.064,0.041,-0.036,-0.05,0.18,-1.302,0.177,-0.24,0.1475,1.0,0.991,1.531,0.694,3.216,0.05,track
1,135,-0.063,0.043,-0.038,-0.05,0.18,-1.302,0.166,-0.226,0.1514,1.0,0.992,1.58,0.713,3.285,0.17,track
1,136,-0.062,0.044,-0.039,-0.05,0.18,-1.302,0.158,-0.212,0.1455,1.0,0.992,1.622,0.684,3.299,0.097,track
1,137,-0.061,0.045,-0.041,-0.05,0.18,-1.302,0.158,-0.212,0.1396,1.0,0.992,1.622,0.655,3.269,0.055,track
1,138,-0.06,0.047,-0.043,-0.05,0.18,-1.302,0.152,-0.202,0.1416,1.0,0.992,1.652,0.665,3.309,0.081,track
1,139,-0.059,0.048,-0.044,-0.05,0.18,-1.302,0.163,-0.211,0.1357,1.0,0.993,1.616,0.636,3.245,0.093,track
1,140,-0.058,0.049,-0.046,-0.05,0.18,-1.302,0.161,-0.217,0.1357,1.0,0.992,1.608,0.636,3.236,0.131,track
1,141,-0.057,0.051,-0.047,-0.05,0.18,-1.302,0.154,-0.197,0.1348,1.0,0.993,1.658,0.631,3.282,0.053,track
1,142,-0.056,0.052,-0.049,-0.05,0.18,-1.302,0.121,-0.195,0.1357,1.0,0.993,1.709,0.636,3.338,0.097,track
1,143,-0.054,0.053,-0.05,-0.05,0.18,-1.302,0.118,-0.202,0.1318,1.0,0.993,1.697,0.616,3.306,0.151,track
1,144,-0.053,0.054,-0.052,-0.05,0.18,-1.302,0.125,-0.191,0.125,1.0,0.994,1.711,0.581,3.286,0.065,track
1,145,-0.052,0.055,-0.053,-0.05,0.18,-1.302,0.108,-0.202,0.1211,1.0,0.994,1.708,0.562,3.264,0.108,track
1,146,-0.051,0.057,-0.055,-0.05,0.18,-1.302,0.108,-0.202,0.123,1.0,0.993,1.709,0.571,3.274,0.183,track
1,147,-0.05,0.058,-0.056,-0.05,0.18,-1.302,0.088,-0.198,0.1191,1.0,0.994,1.738,0.552,3.284,0.173,track
1,148,-0.048,0.059,-0.058,-0.05,0.18,-1.302,0.101,-0.197,0.1123,1.0,0.994,1.728,0.518,3.239,0.16,track
1,149,-0.047,0.06,-0.06,-0.05,0.18,-1.302,0.099,-0.171,0.1084,1.0,0.994,1.779,0.498,3.271,0.085,track
1,150,-0.046,0.061,-0.061,-0.05,0.18,-1.302,0.095,-0.175,0.1016,1.0,0.994,1.775,0.465,3.234,0.142,track
1,151,-0.045,0.062,-0.063,-0.05,0.18,-1.302,0.092,-0.17,0.0957,1.0,0.995,1.787,0.438,3.219,0.171,track
1,152,-0.043,0.063,-0.064,-0.05,0.18,-1.302,0.098,-0.171,0.0938,1.0,0.994,1.78,0.428,3.203,0.181,track
1,153,-0.042,0.064,-0.066,-0.05,0.18,-1.302,0.097,-0.188,0.0908,1.0,0.995,1.748,0.415,3.158,0.126,track
1,154,-0.041,0.065,-0.067,-0.05,0.18,-1.302,0.072,-0.19,0.0908,1.0,0.995,1.767,0.415,3.176,0.12,track
1,155,-0.039,0.066,-0.069,-0.05,0.18,-1.302,0.056,-0.197,0.0908,1.0,0.995,1.763,0.415,3.174,0.162,track
1,156,-0.038,0.067,-0.07,-0.05,0.18,-1.302,0.056,-0.213,0.0869,1.0,0.995,1.728,0.397,3.12,0.199,track
1,157,-0.037,0.068,-0.072,-0.05,0.18,-1.302,0.06,-0.194,0.085,1.0,0.995,1.768,0.388,3.151,0.139,track
1,158,-0.035,0.069,-0.074,-0.05,0.18,-1.302,0.06,-0.208,0.082,1.0,0.996,1.737,0.375,3.108,0.19,track
1,159,-0.034,0.069,-0.076,-0.05,0.18,-1.302,0.051,-0.188,0.0762,1.0,0.995,1.786,0.35,3.131,0.202,track
1,160,-0.033,0.07,-0.078,-0.05,0.18,-1.302,0.053,-0.174,0.0732,1.0,0.996,1.811,0.338,3.144,0.245,track
1,161,-0.031,0.071,-0.08,-0.05,0.18,-1.302,0.07,-0.162,0.0684,1.0,0.996,1.823,0.318,3.136,0.143,track
1,162,-0.03,0.072,-0.082,-0.05,0.18,-1.302,0.055,-0.151,0.0674,1.0,0.996,1.85,0.314,3.16,0.074,track
1,163,-0.028,0.073,-0.084,-0.05,0.18,-1.302,0.051,-0.173,0.0596,1.0,0.996,1.814,0.284,3.093,0.134,track
1,164,-0.027,0.073,-0.086,-0.05,0.18,-1.302,0.058,-0.179,0.0488,1.0,0.996,1.799,0.245,3.04,0.177,track
1,165,-0.025,0.074,-0.088,-0.05,0.18,-1.302,0.007,-0.156,0.041,1.0,0.996,1.858,0.219,3.074,0.042,track
1,166,-0.024,0.075,-0.09,-0.05,0.18,-1.302,-0.019,-0.083,0.0361,1.0,0.996,1.957,0.204,3.157,0.161,track
1,167,-0.022,0.075,-0.091,-0.05,0.18,-1.302,-0.066,-0.044,0.0332,1.0,0.988,1.962,0.196,3.146,0.479,track
1,168,-0.021,0.076,-0.093,-0.05,0.18,-1.302,-0.059,-0.04,0.0352,1.0,0.986,1.97,0.201,3.158,0.415,track
1,169,-0.019,0.077,-0.095,-0.05,0.18,-1.302,-0.032,-0.023,0.0342,1.0,0.987,1.991,0.198,3.176,0.424,track
1,170,-0.018,0.077,-0.096,-0.05,0.18,-1.302,-0.104,-0.076,0.0264,1.0,0.988,1.902,0.176,3.066,0.328,track
1,171,-0.016,0.078,-0.098,-0.05,0.18,-1.302,-0.136,0.054,0.0215,1.0,0.995,1.875,0.163,3.033,0.481,track
1,172,-0.015,0.078,-0.099,-0.05,0.18,-1.302,-0.13,0.098,0.0225,1.0,0.987,1.847,0.166,3.0,0.49,track
1,173,-0.013,0.079,-0.101,-0.05,0.18,-1.302,-0.077,0.21,0.0215,1.0,0.984,1.721,0.163,2.868,0.31,track
1,174,-0.011,0.079,-0.102,-0.05,0.18,-1.302,-0.105,0.227,0.0215,1.0,0.988,1.657,0.163,2.808,0.547,track
1,175,-0.01,0.079,-0.103,-0.05,0.18,-1.302,-0.081,0.2,0.0195,1.0,0.992,1.739,0.158,2.889,0.289,track
1,176,-0.008,0.08,-0.104,-0.05,0.18,-1.302,-0.103,0.246,0.0166,1.0,0.994,1.615,0.151,2.759,0.251,track
1,177,-0.006,0.08,-0.104,-0.05,0.18,-1.302,-0.089,0.22,0.0205,1.0,0.994,1.688,0.161,2.843,0.216,track
1,178,-0.004,0.08,-0.105,-0.05,0.18,-1.302,-0.077,0.259,0.0205,1.0,0.993,1.606,0.161,2.76,0.198,track
1,179,-0.002,0.08,-0.105,-0.05,0.18,-1.302,-0.078,0.244,0.0195,1.0,0.992,1.643,0.158,2.793,0.149,track
1,180,-0.0,0.08,-0.106,-0.05,0.18,-1.302,-0.118,0.253,0.0176,1.0,0.992,1.582,0.153,2.727,0.115,track
1,181,0.002,0.08,-0.106,-0.05,0.18,-1.302,-0.033,0.393,0.0166,1.0,0.993,1.253,0.151,2.397,0.173,track
1,182,0.004,0.08,-0.107,-0.05,0.18,-1.302,-0.136,0.228,0.0166,1.0,0.976,1.619,0.151,2.746,0.511,track
1,183,0.006,0.08,-0.107,-0.05,0.18,-1.302,-0.042,0.288,0.0176,1.0,0.988,1.551,0.153,2.692,0.301,track
1,184,0.008,0.08,-0.107,-0.05,0.18,-1.302,-0.145,0.258,0.0156,1.0,0.993,1.539,0.148,2.681,0.285,track
1,185,0.01,0.08,-0.108,-0.05,0.18,-1.302,-0.041,0.322,0.0195,1.0,0.994,1.458,0.158,2.611,0.195,track
1,186,0.012,0.079,-0.108,-0.05,0.18,-1.302,-0.053,0.27,0.0186,1.0,0.991,1.595,0.156,2.741,0.283,track
1,187,0.015,0.079,-0.108,-0.05,0.18,-1.302,-0.019,0.312,0.0127,1.0,0.993,1.49,0.142,2.625,0.272,track
1,188,0.017,0.079,-0.107,-0.05,0.18,-1.302,-0.059,0.283,0.0186,1.0,0.992,1.557,0.156,2.704,0.279,track
1,189,0.019,0.078,-0.107,-0.05,0.18,-1.302,0.0,0.324,0.0156,1.0,0.994,1.459,0.148,2.601,0.156,track
1,190,0.021,0.078,-0.106,-0.05,0.18,-1.302,-0.139,0.243,0.0176,1.0,0.992,1.581,0.153,2.726,0.226,track
1,191,0.023,0.077,-0.106,-0.05,0.18,-1.302,-0.043,0.24,0.0186,1.0,0.994,1.673,0.156,2.823,0.311,track
1,192,0.026,0.077,-0.105,-0.05,0.18,-1.302,-0.012,0.205,0.0205,1.0,0.996,1.762,0.161,2.918,0.353,track
1,193,0.028,0.076,-0.104,-0.05,0.18,-1.302,0.012,0.211,0.0205,1.0,0.995,1.749,0.161,2.904,0.237,track
1,194,0.03,0.076,-0.103,-0.05,0.18,-1.302,-0.054,0.179,0.0205,1.0,0.995,1.802,0.161,2.958,0.34,track
1,195,0.032,0.075,-0.102,-0.05,0.18,-1.302,-0.034,0.188,0.0195,1.0,0.993,1.793,0.158,2.945,0.16,track
1,196,0.035,0.074,-0.101,-0.05,0.18,-1.302,0.027,0.133,0.0225,1.0,0.996,1.892,0.166,3.054,0.178,track
1,197,0.037,0.074,-0.1,-0.05,0.18,-1.302,-0.008,0.122,0.0244,1.0,0.996,1.912,0.171,3.079,0.263,track
1,198,0.039,0.073,-0.099,-0.05,0.18,-1.302,-0.002,0.144,0.0254,1.0,0.993,1.879,0.173,3.046,0.198,track
1,199,0.041,0.072,-0.098,-0.05,0.18,-1.302,0.007,0.121,0.0273,1.0,0.998,1.914,0.179,3.091,0.245,track
1,200,0.044,0.071,-0.097,-0.05,0.18,-1.302,-0.024,0.116,0.0283,1.0,0.996,1.917,0.182,3.094,0.181,track
1,201,0.046,0.07,-0.096,-0.05,0.18,-1.302,0.002,0.084,0.0283,1.0,0.998,1.958,0.182,3.137,0.136,track
1,202,0.048,0.07,-0.095,-0.05,0.18,-1.302,0.024,0.054,0.0283,1.0,0.997,1.979,0.182,3.158,0.092,track
1,203,0.051,0.069,-0.094,-0.05,0.18,-1.302,-0.025,0.041,0.0312,1.0,0.997,1.986,0.19,3.173,0.179,track
1,204,0.053,0.068,-0.093,-0.05,0.18,-1.302,-0.025,0.038,0.0293,1.0,0.995,1.988,0.184,3.167,0.156,track
1,205,0.056,0.067,-0.093,-0.05,0.18,-1.302,-0.04,-0.009,0.0332,1.0,0.998,1.99,0.196,3.183,0.234,track
1,206,0.058,0.066,-0.092,-0.05,0.18,-1.302,-0.029,-0.043,0.0312,1.0,0.996,1.984,0.19,3.17,0.327,track
1,207,0.06,0.065,-0.092,-0.05,0.18,-1.302,-0.025,-0.021,0.0312,1.0,0.996,1.993,0.19,3.179,0.217,track
1,208,0.063,0.064,-0.092,-0.05,0.18,-1.302,0.007,-0.021,0.0352,1.0,0.998,1.997,0.201,3.197,0.235,track
1,209,0.065,0.063,-0.092,-0.05,0.18,-1.302,0.0,-0.02,0.0342,1.0,0.998,1.998,0.198,3.194,0.259,track
1,210,0.068,0.062,-0.092,-0.05,0.18,-1.302,-0.057,-0.061,0.0322,1.0,0.999,1.959,0.193,3.15,0.243,track
1,211,0.07,0.062,-0.093,-0.05,0.18,-1.302,-0.029,-0.055,0.0342,1.0,0.996,1.977,0.198,3.171,0.306,track
1,212,0.073,0.061,-0.093,-0.05,0.18,-1.302,0.01,-0.045,0.0312,1.0,0.999,1.987,0.19,3.176,0.2,track
1,213,0.075,0.06,-0.094,-0.05,0.18,-1.302,-0.018,-0.032,0.0303,1.0,0.999,1.992,0.187,3.178,0.164,track
1,214,0.078,0.059,-0.095,-0.05,0.18,-1.302,-0.014,-0.01,0.0303,1.0,0.999,1.998,0.187,3.184,0.227,track
1,215,0.08,0.058,-0.096,-0.05,0.18,-1.302,0.01,-0.002,0.0293,1.0,0.998,1.999,0.184,3.182,0.16,track
1,216,0.083,0.057,-0.097,-0.05,0.18,-1.302,-0.009,-0.053,0.0332,1.0,0.999,1.983,0.196,3.177,0.191,track
1,217,0.085,0.056,-0.099,-0.05,0.18,-1.302,-0.019,-0.068,0.0322,1.0,0.996,1.97,0.193,3.159,0.337,track
1,218,0.088,0.055,-0.101,-0.05,0.18,-1.302,-0.044,-0.04,0.0303,1.0,0.996,1.979,0.187,3.162,0.205,track
1,219,0.09,0.054,-0.103,-0.05,0.18,-1.302,-0.023,-0.067,0.0293,1.0,0.999,1.97,0.184,3.153,0.199,track
1,220,0.093,0.053,-0.105,-0.05,0.18,-1.302,-0.06,-0.089,0.0273,1.0,0.997,1.932,0.179,3.107,0.212,track
1,221,0.095,0.052,-0.107,-0.05,0.18,-1.302,-0.039,-0.076,0.0264,1.0,0.994,1.956,0.176,3.127,0.166,track
1,222,0.098,0.051,-0.109,-0.05,0.18,-1.302,-0.018,-0.076,0.0234,1.0,0.998,1.964,0.168,3.131,0.226,track
1,223,0.101,0.05,-0.112,-0.05,0.18,-1.302,-0.078,-0.11,0.0244,1.0,0.998,1.894,0.171,3.063,0.131,track
1,224,0.103,0.049,-0.114,-0.05,0.18,-1.302,-0.056,-0.15,0.0273,1.0,0.991,1.853,0.179,3.023,0.298,track
1,225,0.106,0.047,-0.117,-0.05,0.18,-1.302,-0.083,-0.136,0.0273,1.0,0.99,1.853,0.179,3.023,0.092,track
1,226,0.108,0.046,-0.119,-0.05,0.18,-1.302,-0.062,-0.125,0.0215,1.0,0.995,1.886,0.163,3.044,0.212,track
1,227,0.111,0.045,-0.122,-0.05,0.18,-1.302,-0.044,-0.112,0.0195,1.0,0.997,1.914,0.158,3.07,0.124,track
1,228,0.113,0.044,-0.125,-0.05,0.18,-1.302,-0.066,-0.099,0.0186,1.0,0.998,1.917,0.156,3.071,0.103,track
1,229,0.115,0.043,-0.128,-0.05,0.18,-1.302,-0.062,-0.1,0.0195,1.0,0.998,1.918,0.158,3.074,0.072,track
1,230,0.118,0.042,-0.13,-0.05,0.18,-1.302,-0.068,-0.131,0.0205,1.0,0.997,1.873,0.161,3.031,0.05,track
1,231,0.12,0.041,-0.133,-0.05,0.18,-1.302,-0.103,-0.1,0.0195,1.0,0.994,1.88,0.158,3.033,0.225,track
1,232,0.123,0.039,-0.136,-0.05,0.18,-1.302,-0.121,-0.117,0.0146,1.0,0.997,1.838,0.146,2.981,0.421,track
1,233,0.125,0.038,-0.139,-0.05,0.18,-1.302,-0.1,-0.142,0.0146,1.0,0.994,1.827,0.146,2.967,0.417,track
1,234,0.127,0.037,-0.142,-0.05,0.18,-1.302,-0.076,-0.143,0.0137,1.0,0.997,1.849,0.144,2.99,0.238,track
1,235,0.13,0.035,-0.145,-0.05,0.18,-1.302,-0.096,-0.142,0.0146,1.0,0.996,1.832,0.146,2.974,0.12,track
1,236,0.132,0.034,-0.147,-0.05,0.18,-1.302,-0.078,-0.146,0.0117,1.0,0.997,1.842,0.139,2.978,0.095,track
1,237,0.134,0.033,-0.15,-0.05,0.18,-1.302,-0.091,-0.144,0.0127,1.0,0.997,1.833,0.142,2.971,0.148,track
1,238,0.136,0.031,-0.153,-0.05,0.18,-1.302,-0.056,-0.131,0.0098,1.0,0.996,1.881,0.135,3.012,0.134,track
1,239,0.139,0.03,-0.155,-0.05,0.18,-1.302,-0.052,-0.141,0.0117,1.0,0.995,1.87,0.139,3.004,0.36,track
1,240,0.141,0.028,-0.157,-0.05,0.18,-1.302,-0.1,-0.169,0.0098,1.0,0.995,1.782,0.135,2.912,0.416,track
1,241,0.143,0.027,-0.16,-0.05,0.18,-1.302,-0.091,-0.17,0.0107,1.0,0.996,1.788,0.137,2.921,0.192,track
1,242,0.145,0.025,-0.162,-0.05,0.18,-1.302,-0.068,-0.216,0.0107,1.0,0.996,1.715,0.137,2.848,0.129,track
1,243,0.147,0.024,-0.164,-0.05,0.18,-1.302,-0.016,-0.227,0.0078,1.0,0.992,1.713,0.13,2.835,0.292,track
1,244,0.149,0.022,-0.166,-0.05,0.18,-1.302,-0.039,-0.227,0.0078,1.0,0.993,1.707,0.13,2.83,0.526,track
1,245,0.151,0.021,-0.168,-0.05,0.18,-1.302,-0.031,-0.234,0.0078,1.0,0.992,1.691,0.13,2.814,0.497,track
1,246,0.153,0.019,-0.169,-0.05,0.18,-1.302,-0.039,-0.227,0.0078,1.0,0.991,1.707,0.13,2.828,0.538,track
1,247,0.155,0.017,-0.171,-0.05,0.18,-1.302,-0.071,-0.214,0.0068,1.0,0.994,1.716,0.128,2.839,0.419,track
1,248,0.156,0.016,-0.172,-0.05,0.18,-1.302,-0.094,-0.211,0.0078,1.0,0.991,1.705,0.13,2.826,0.499,track
1,249,0.158,0.014,-0.173,-0.05,0.18,-1.302,-0.094,-0.234,0.0039,1.0,0.994,1.652,0.122,2.768,0.55,track
1,250,0.16,0.012,-0.174,-0.05,0.18,-1.302,-0.073,-0.24,0.0059,1.0,0.992,1.657,0.126,2.775,0.422,track
1,251,0.162,0.01,-0.175,-0.05,0.18,-1.302,-0.042,-0.25,0.0059,1.0,0.996,1.649,0.126,2.771,0.264,track
1,252,0.163,0.008,-0.176,-0.05,0.18,-1.302,-0.062,-0.25,0.0049,1.0,0.99,1.639,0.124,2.753,0.3,track
1,253,0.165,0.007,-0.177,-0.05,0.18,-1.302,-0.05,-0.262,0.0049,1.0,0.996,1.614,0.124,2.734,0.342,track
1,254,0.167,0.005,-0.178,-0.05,0.18,-1.302,-0.062,-0.268,0.0068,1.0,0.99,1.594,0.128,2.712,0.403,track
1,255,0.168,0.003,-0.179,-0.05,0.18,-1.302,-0.073,-0.271,0.0059,1.0,0.996,1.58,0.126,2.702,0.423,track
1,256,0.17,0.001,-0.179,-0.05,0.18,-1.302,-0.125,-0.271,0.0029,1.0,0.991,1.531,0.12,2.642,0.41,track
1,257,0.171,-0.001,-0.18,-0.05,0.18,-1.302,0.0,0.0,0.0,0.0,0.996,0.0,0.0,-0.004,0.485,track
1,258,0.173,-0.002,-0.18,-0.05,0.18,-1.302,0.0,0.0,0.0,0.0,0.982,0.0,0.0,-0.018,0.833,track
1,259,0.174,-0.004,-0.179,-0.05,0.18,-1.302,0.0,0.0,0.0,0.0,0.972,0.0,0.0,-0.028,0.787,track
1,260,0.175,-0.006,-0.178,-0.05,0.18,-1.302,-0.062,-0.406,0.0059,1.0,0.972,1.205,0.126,2.303,0.76,track
1,261,0.177,-0.008,-0.177,-0.05,0.18,-1.302,-0.078,-0.438,0.0039,1.0,0.984,1.106,0.122,2.212,0.783,track
1,262,0.178,-0.01,-0.175,-0.05,0.18,-1.302,-0.021,-0.458,0.0029,1.0,0.969,1.064,0.12,2.153,0.577,track
1,263,0.179,-0.012,-0.173,-0.05,0.18,-1.302,-0.075,-0.45,0.0049,1.0,0.987,1.071,0.124,2.183,0.463,track
1,264,0.18,-0.013,-0.172,-0.05,0.18,-1.302,0.012,-0.462,0.0049,1.0,0.986,1.052,0.124,2.162,0.24,track
1,265,0.181,-0.015,-0.17,-0.05,0.18,-1.302,-0.012,-0.462,0.0049,1.0,0.987,1.052,0.124,2.163,0.261,track
1,266,0.182,-0.017,-0.168,-0.05,0.18,-1.302,-0.031,-0.479,0.0059,1.0,0.991,1.001,0.126,2.119,0.332,track
1,267,0.183,-0.019,-0.167,-0.05,0.18,-1.302,-0.078,-0.516,0.0078,1.0,0.992,0.884,0.13,2.007,0.299,track
1,268,0.184,-0.02,-0.165,-0.05,0.18,-1.302,0.0,-0.514,0.0088,1.0,0.989,0.906,0.133,2.027,0.213,track
1,269,0.185,-0.022,-0.163,-0.05,0.18,-1.302,-0.08,-0.557,0.0107,1.0,0.985,0.774,0.137,1.896,0.408,track
1,270,0.186,-0.024,-0.162,-0.05,0.18,-1.302,0.012,-0.562,0.0098,1.0,0.988,0.774,0.135,1.896,0.705,track
1,271,0.187,-0.025,-0.16,-0.05,0.18,-1.302,-0.067,-0.606,0.0127,1.0,0.984,0.656,0.142,1.781,0.666,track
1,272,0.188,-0.027,-0.158,-0.05,0.18,-1.302,0.011,-0.625,0.0107,1.0,0.985,0.619,0.137,1.742,0.691,track
1,273,0.189,-0.028,-0.156,-0.05,0.18,-1.302,-0.067,-0.639,0.0127,1.0,0.982,0.579,0.142,1.703,0.679,track
1,274,0.189,-0.03,-0.153,-0.05,0.18,-1.302,-0.048,-0.625,0.0127,1.0,0.986,0.615,0.142,1.743,0.605,track
1,275,0.19,-0.031,-0.151,-0.05,0.18,-1.302,0.008,-0.667,0.0146,1.0,0.984,0.527,0.146,1.657,0.592,track
1,276,0.191,-0.032,-0.149,-0.05,0.18,-1.302,0.049,-0.677,0.0176,1.0,0.987,0.502,0.153,1.642,0.407,track
1,277,0.191,-0.034,-0.146,-0.05,0.18,-1.302,0.082,-0.734,0.0186,1.0,0.985,0.39,0.156,1.531,0.347,track
1,278,0.192,-0.035,-0.144,-0.05,0.18,-1.302,0.094,-0.738,0.0195,1.0,0.987,0.381,0.158,1.526,0.384,track
1,279,0.193,-0.036,-0.142,-0.05,0.18,-1.302,0.044,-0.744,0.0195,1.0,0.985,0.378,0.158,1.522,0.374,track
1,280,0.193,-0.037,-0.139,-0.05,0.18,-1.302,0.072,-0.743,0.0186,1.0,0.986,0.375,0.156,1.516,0.48,track
1,281,0.194,-0.038,-0.137,-0.05,0.18,-1.302,0.088,-0.744,0.0195,1.0,0.983,0.372,0.158,1.513,0.568,track
1,282,0.194,-0.039,-0.135,-0.05,0.18,-1.302,0.062,-0.762,0.0195,1.0,0.987,0.345,0.158,1.491,0.381,track
1,283,0.195,-0.04,-0.132,-0.05,0.18,-1.302,0.107,-0.75,0.0205,1.0,0.986,0.357,0.161,1.505,0.164,track
1,284,0.195,-0.041,-0.13,-0.05,0.18,-1.302,0.098,-0.75,0.0205,1.0,0.983,0.359,0.161,1.503,0.29,track
1,285,0.196,-0.042,-0.128,-0.05,0.18,-1.302,0.073,-0.753,0.0225,1.0,0.986,0.36,0.166,1.512,0.413,track
1,286,0.196,-0.042,-0.126,-0.05,0.18,-1.302,0.065,-0.755,0.0234,1.0,0.986,0.357,0.168,1.511,0.225,track
1,287,0.197,-0.043,-0.124,-0.05,0.18,-1.302,0.085,-0.76,0.0244,1.0,0.986,0.346,0.171,1.503,0.227,track
1,288,0.197,-0.043,-0.122,-0.05,0.18,-1.302,0.106,-0.767,0.0254,1.0,0.987,0.331,0.173,1.492,0.243,track
1,289,0.197,-0.044,-0.12,-0.05,0.18,-1.302,0.106,-0.767,0.0254,1.0,0.985,0.331,0.173,1.49,0.236,track
1,290,0.198,-0.044,-0.118,-0.05,0.18,-1.302,0.088,-0.76,0.0244,1.0,0.987,0.346,0.171,1.504,0.284,track
1,291,0.198,-0.045,-0.117,-0.05,0.18,-1.302,0.088,-0.76,0.0244,1.0,0.987,0.346,0.171,1.503,0.203,track
1,292,0.198,-0.045,-0.115,-0.05,0.18,-1.302,0.099,-0.755,0.0254,1.0,0.988,0.352,0.173,1.513,0.184,track
1,293,0.199,-0.046,-0.114,-0.05,0.18,-1.302,0.083,-0.754,0.0273,1.0,0.988,0.355,0.179,1.522,0.123,track
1,294,0.199,-0.046,-0.113,-0.05,0.18,-1.302,0.094,-0.746,0.0293,1.0,0.988,0.367,0.184,1.539,0.177,track
1,295,0.199,-0.046,-0.112,-0.05,0.18,-1.302,0.094,-0.746,0.0293,1.0,0.989,0.367,0.184,1.54,0.17,track
1,296,0.199,-0.046,-0.111,-0.05,0.18,-1.302,0.095,-0.74,0.0303,1.0,0.988,0.377,0.187,1.551,0.237,track
1,297,0.2,-0.046,-0.11,-0.05,0.18,-1.302,0.11,-0.735,0.0322,1.0,0.989,0.382,0.193,1.564,0.271,track
1,298,0.2,-0.046,-0.109,-0.05,0.18,-1.302,0.12,-0.725,0.0342,1.0,0.988,0.396,0.198,1.582,0.235,track
1,299,0.2,-0.046,-0.108,-0.05,0.18,-1.302,0.132,-0.727,0.0352,1.0,0.99,0.388,0.201,1.579,0.224,track
1,300,0.2,-0.046,-0.107,-0.05,0.18,-1.302,0.143,-0.721,0.0342,1.0,0.989,0.395,0.198,1.583,0.153,track
1,301,0.2,-0.046,-0.107,-0.05,0.18,-1.302,0.143,-0.721,0.0342,1.0,0.99,0.395,0.198,1.583,0.073,track
1,302,0.201,-0.046,-0.106,-0.05,0.18,-1.302,0.146,-0.714,0.0342,1.0,0.991,0.406,0.198,1.595,0.024,track
1,303,0.201,-0.045,-0.105,-0.05,0.18,-1.302,0.141,-0.713,0.0312,1.0,0.991,0.41,0.19,1.591,0.037,track
1,304,0.201,-0.045,-0.105,-0.05,0.18,-1.302,0.117,-0.719,0.0312,1.0,0.991,0.407,0.19,1.588,0.053,track
1,305,0.201,-0.045,-0.104,-0.05,0.18,-1.302,0.09,-0.73,0.0332,1.0,0.992,0.395,0.196,1.583,0.181,track
1,306,0.201,-0.044,-0.104,-0.05,0.18,-1.302,0.074,-0.725,0.0322,1.0,0.993,0.406,0.193,1.591,0.147,track
1,307,0.201,-0.044,-0.104,-0.05,0.18,-1.302,0.074,-0.725,0.0322,1.0,0.993,0.406,0.193,1.592,0.134,track
1,308,0.201,-0.043,-0.103,-0.05,0.18,-1.302,0.074,-0.725,0.0322,1.0,0.993,0.406,0.193,1.592,0.128,track
1,309,0.202,-0.043,-0.103,-0.05,0.18,-1.302,0.084,-0.721,0.0312,1.0,0.994,0.412,0.19,1.596,0.128,track
1,310,0.202,-0.042,-0.103,-0.05,0.18,-1.302,0.103,-0.702,0.0303,1.0,0.994,0.442,0.187,1.623,0.122,track
1,311,0.202,-0.042,-0.103,-0.05,0.18,-1.302,0.101,-0.688,0.0352,1.0,0.993,0.47,0.201,1.665,0.111,track
1,312,0.202,-0.041,-0.103,-0.05,0.18,-1.302,0.09,-0.677,0.0352,1.0,0.994,0.493,0.201,1.689,0.143,track
1,313,0.202,-0.04,-0.104,-0.05,0.18,-1.302,0.089,-0.671,0.0371,1.0,0.994,0.506,0.207,1.707,0.096,track
1,314,0.202,-0.04,-0.104,-0.05,0.18,-1.302,0.066,-0.679,0.0381,1.0,0.995,0.494,0.21,1.699,0.12,track
1,315,0.202,-0.039,-0.105,-0.05,0.18,-1.302,0.064,-0.661,0.0342,1.0,0.995,0.533,0.198,1.726,0.137,track
1,316,0.202,-0.038,-0.105,-0.05,0.18,-1.302,0.059,-0.652,0.0342,1.0,0.995,0.553,0.198,1.747,0.181,track
1,317,0.202,-0.037,-0.106,-0.05,0.18,-1.302,0.057,-0.66,0.0352,1.0,0.994,0.537,0.201,1.732,0.167,track
1,318,0.202,-0.036,-0.107,-0.05,0.18,-1.302,0.062,-0.658,0.0332,1.0,0.996,0.539,0.196,1.731,0.124,track
1,319,0.202,-0.036,-0.108,-0.05,0.18,-1.302,0.083,-0.623,0.0322,1.0,0.996,0.611,0.193,1.8,0.11,track
1,320,0.202,-0.035,-0.108,-0.05,0.18,-1.302,0.077,-0.612,0.0371,1.0,0.995,0.639,0.207,1.841,0.064,track
1,321,0.202,-0.034,-0.109,-0.05,0.18,-1.302,0.044,-0.622,0.0371,1.0,0.995,0.624,0.207,1.826,0.193,track
1,322,0.202,-0.033,-0.11,-0.05,0.18,-1.302,0.073,-0.62,0.0361,1.0,0.996,0.621,0.204,1.822,0.108,track
1,323,0.202,-0.032,-0.111,-0.05,0.18,-1.302,0.085,-0.602,0.0352,1.0,0.997,0.659,0.201,1.858,0.206,track
1,324,0.202,-0.031,-0.112,-0.05,0.18,-1.302,0.057,-0.613,0.0352,1.0,0.996,0.642,0.201,1.839,0.195,track
1,325,0.202,-0.03,-0.113,-0.05,0.18,-1.302,0.03,-0.604,0.0352,1.0,0.996,0.667,0.201,1.865,0.15,track
1,326,0.201,-0.029,-0.114,-0.05,0.18,-1.302,0.035,-0.608,0.0332,1.0,0.997,0.656,0.196,1.849,0.148,track
1,327,0.201,-0.027,-0.115,-0.05,0.18,-1.302,0.033,-0.598,0.0293,1.0,0.998,0.682,0.184,1.864,0.114,track
1,328,0.201,-0.026,-0.116,-0.05,0.18,-1.302,0.042,-0.557,0.0332,1.0,0.997,0.784,0.196,1.977,0.12,track
1,329,0.201,-0.025,-0.117,-0.05,0.18,-1.302,0.02,-0.549,0.0361,1.0,0.996,0.809,0.204,2.009,0.119,track
1,330,0.201,-0.024,-0.118,-0.05,0.18,-1.302,0.018,-0.534,0.0342,1.0,0.995,0.85,0.198,2.043,0.162,track
1,331,0.201,-0.023,-0.119,-0.05,0.18,-1.302,0.026,-0.544,0.0332,1.0,0.996,0.821,0.196,2.013,0.21,track
1,332,0.201,-0.022,-0.12,-0.05,0.18,-1.302,0.018,-0.539,0.0332,1.0,0.997,0.837,0.196,2.029,0.161,track
1,333,0.201,-0.021,-0.121,-0.05,0.18,-1.302,-0.028,-0.546,0.0332,1.0,0.997,0.816,0.196,2.009,0.129,track
1,334,0.2,-0.02,-0.122,-0.05,0.18,-1.302,-0.01,-0.521,0.0293,1.0,0.995,0.886,0.184,2.066,0.232,track
1,335,0.2,-0.019,-0.123,-0.05,0.18,-1.302,-0.006,-0.524,0.0283,1.0,0.997,0.878,0.182,2.057,0.402,track
1,336,0.2,-0.017,-0.124,-0.05,0.18,-1.302,-0.012,-0.506,0.0303,1.0,0.995,0.927,0.187,2.11,0.333,track
1,337,0.2,-0.016,-0.124,-0.05,0.18,-1.302,-0.022,-0.482,0.0303,1.0,0.998,0.995,0.187,2.18,0.223,track
1,338,0.2,-0.015,-0.125,-0.05,0.18,-1.302,-0.023,-0.491,0.0322,1.0,0.994,0.97,0.193,2.157,0.171,track
1,339,0.199,-0.014,-0.126,-0.05,0.18,-1.302,-0.02,-0.482,0.0312,1.0,0.999,0.994,0.19,2.182,0.249,track
1,340,0.199,-0.013,-0.127,-0.05,0.18,-1.302,-0.032,-0.46,0.0303,1.0,0.996,1.058,0.187,2.241,0.183,track
1,341,0.199,-0.012,-0.128,-0.05,0.18,-1.302,-0.062,-0.471,0.0312,1.0,0.998,1.017,0.19,2.205,0.214,track
1,342,0.199,-0.011,-0.128,-0.05,0.18,-1.302,-0.054,-0.469,0.0293,1.0,0.994,1.025,0.184,2.203,0.399,track
1,343,0.198,-0.01,-0.129,-0.05,0.18,-1.302,-0.071,-0.464,0.0273,1.0,0.998,1.032,0.179,2.208,0.465,track
1,344,0.198,-0.009,-0.13,-0.05,0.18,-1.302,-0.062,-0.465,0.0264,1.0,0.995,1.032,0.176,2.203,0.424,track
1,345,0.198,-0.008,-0.131,-0.05,0.18,-1.302,-0.056,-0.454,0.0264,1.0,0.997,1.069,0.176,2.242,0.442,track
1,346,0.197,-0.007,-0.131,-0.05,0.18,-1.302,-0.045,-0.433,0.0273,1.0,0.996,1.133,0.179,2.307,0.379,track
1,347,0.197,-0.007,-0.132,-0.05,0.18,-1.302,-0.069,-0.42,0.0273,1.0,0.994,1.162,0.179,2.336,0.51,track
1,348,0.197,-0.006,-0.133,-0.05,0.18,-1.302,-0.071,-0.408,0.0273,1.0,0.995,1.194,0.179,2.367,0.531,track
1,349,0.196,-0.005,-0.133,-0.05,0.18,-1.302,-0.095,-0.412,0.0283,1.0,0.993,1.171,0.182,2.346,0.553,track
1,350,0.196,-0.004,-0.134,-0.05,0.18,-1.302,-0.057,-0.401,0.0234,1.0,0.994,1.222,0.168,2.385,0.607,track
1,351,0.195,-0.003,-0.135,-0.05,0.18,-1.302,-0.054,-0.409,0.0215,1.0,0.993,1.2,0.163,2.356,0.622,track
1,352,0.195,-0.003,-0.136,-0.05,0.18,-1.302,-0.085,-0.389,0.0215,1.0,0.994,1.242,0.163,2.4,0.621,track
1,353,0.194,-0.002,-0.137,-0.05,0.18,-1.302,-0.098,-0.386,0.0225,1.0,0.993,1.243,0.166,2.402,0.6,track
1,354,0.194,-0.001,-0.137,-0.05,0.18,-1.302,-0.097,-0.378,0.0215,1.0,0.995,1.267,0.163,2.425,0.552,track
1,355,0.193,-0.001,-0.138,-0.05,0.18,-1.302,-0.044,-0.372,0.0234,1.0,0.993,1.312,0.168,2.473,0.552,track
1,356,0.193,-0.0,-0.139,-0.05,0.18,-1.302,-0.055,-0.367,0.0234,1.0,0.996,1.323,0.168,2.487,0.509,track
1,357,0.192,0.0,-0.14,-0.05,0.18,-1.302,-0.047,-0.344,0.0273,1.0,0.994,1.394,0.179,2.566,0.47,track
1,358,0.192,0.001,-0.14,-0.05,0.18,-1.302,-0.056,-0.34,0.0264,1.0,0.996,1.4,0.176,2.572,0.462,track
1,359,0.191,0.001,-0.141,-0.05,0.18,-1.302,-0.048,-0.338,0.0244,1.0,0.993,1.412,0.171,2.575,0.441,track
1,360,0.191,0.002,-0.142,-0.05,0.18,-1.302,-0.074,-0.333,0.0205,1.0,0.995,1.409,0.161,2.565,0.528,track
1,361,0.19,0.002,-0.143,-0.05,0.18,-1.302,-0.094,-0.325,0.0195,1.0,0.992,1.419,0.158,2.569,0.548,track
1,362,0.19,0.002,-0.144,-0.05,0.18,-1.302,-0.094,-0.325,0.0195,1.0,0.995,1.419,0.158,2.572,0.524,track
1,363,0.189,0.003,-0.145,-0.05,0.18,-1.302,-0.083,-0.318,0.0205,1.0,0.992,1.445,0.161,2.598,0.501,track
1,364,0.189,0.003,-0.146,-0.05,0.18,-1.302,-0.083,-0.318,0.0205,1.0,0.996,1.445,0.161,2.601,0.508,track
1,365,0.188,0.003,-0.147,-0.05,0.18,-1.302,-0.109,-0.319,0.0186,1.0,0.993,1.422,0.156,2.571,0.483,track
1,366,0.188,0.003,-0.147,-0.05,0.18,-1.302,-0.051,-0.327,0.0215,1.0,0.995,1.441,0.163,2.599,0.522,track
1,367,0.187,0.003,-0.148,-0.05,0.18,-1.302,-0.084,-0.316,0.0195,1.0,0.993,1.452,0.158,2.603,0.457,track
1,368,0.187,0.004,-0.149,-0.05,0.18,-1.302,-0.08,-0.299,0.0176,1.0,0.995,1.502,0.153,2.65,0.467,track
1,369,0.186,0.004,-0.15,-0.05,0.18,-1.302,-0.082,-0.309,0.0186,1.0,0.991,1.471,0.156,2.617,0.674,track
1,370,0.186,0.004,-0.151,-0.05,0.18,-1.302,-0.082,-0.309,0.0186,1.0,0.995,1.471,0.156,2.622,0.663,track
1,371,0.185,0.004,-0.151,-0.05,0.18,-1.302,-0.066,-0.301,0.0166,1.0,0.993,1.503,0.151,2.647,0.537,track
1,372,0.184,0.004,-0.152,-0.05,0.18,-1.302,-0.066,-0.301,0.0166,1.0,0.995,1.503,0.151,2.649,0.552,track
1,373,0.184,0.004,-0.153,-0.05,0.18,-1.302,-0.039,-0.293,0.0156,1.0,0.993,1.539,0.148,2.68,0.587,track
1,374,0.183,0.004,-0.154,-0.05,0.18,-1.302,-0.067,-0.279,0.0146,1.0,0.995,1.562,0.146,2.704,0.571,track
1,375,0.183,0.004,-0.155,-0.05,0.18,-1.302,-0.029,-0.283,0.0166,1.0,0.991,1.569,0.151,2.711,0.643,track
1,376,0.182,0.003,-0.156,-0.05,0.18,-1.302,-0.049,-0.257,0.0176,1.0,0.995,1.629,0.153,2.778,0.64,track
1,377,0.182,0.003,-0.157,-0.05,0.18,-1.302,-0.081,-0.265,0.0166,1.0,0.991,1.589,0.151,2.731,0.641,track
1,378,0.181,0.003,-0.158,-0.05,0.18,-1.302,0.0,-0.253,0.0176,1.0,0.995,1.649,0.153,2.798,0.599,track
1,379,0.181,0.003,-0.159,-0.05,0.18,-1.302,0.022,-0.254,0.0166,1.0,0.994,1.646,0.151,2.792,0.482,track
1,380,0.18,0.003,-0.16,-0.05,0.18,-1.302,0.055,-0.242,0.0156,1.0,0.996,1.662,0.148,2.807,0.523,track
1,381,0.179,0.002,-0.161,-0.05,0.18,-1.302,0.022,-0.228,0.0137,1.0,0.994,1.709,0.144,2.847,0.494,track
1,382,0.179,0.002,-0.162,-0.05,0.18,-1.302,-0.004,-0.229,0.0146,1.0,0.994,1.708,0.146,2.848,0.53,track
1,383,0.178,0.002,-0.163,-0.05,0.18,-1.302,0.027,-0.219,0.0137,1.0,0.994,1.729,0.144,2.867,0.434,track
1,384,0.178,0.001,-0.164,-0.05,0.18,-1.302,0.047,-0.193,0.0117,1.0,0.996,1.777,0.139,2.912,0.473,track
1,385,0.177,0.001,-0.165,-0.05,0.18,-1.302,0.0,-0.175,0.0098,1.0,0.991,1.824,0.135,2.951,0.523,track
1,386,0.177,0.001,-0.166,-0.05,0.18,-1.302,0.011,-0.205,0.0107,1.0,0.994,1.763,0.137,2.894,0.507,track
1,387,0.176,0.0,-0.168,-0.05,0.18,-1.302,0.062,-0.181,0.0098,1.0,0.994,1.791,0.135,2.92,0.453,track
1,388,0.176,-0.0,-0.169,-0.05,0.18,-1.302,0.021,-0.153,0.0088,1.0,0.995,1.862,0.133,2.99,0.368,track
1,389,0.175,-0.001,-0.17,-0.05,0.18,-1.302,0.045,-0.188,0.0107,1.0,0.994,1.789,0.137,2.919,0.161,track
1,390,0.175,-0.001,-0.171,-0.05,0.18,-1.302,0.083,-0.139,0.0088,1.0,0.994,1.849,0.133,2.976,0.412,track
1,391,0.174,-0.002,-0.173,-0.05,0.18,-1.302,0.039,-0.125,0.0078,1.0,0.988,1.9,0.13,3.018,0.665,track
1,392,0.174,-0.003,-0.174,-0.05,0.18,-1.302,0.018,-0.125,0.0068,1.0,0.994,1.907,0.128,3.029,0.62,track
1,393,0.174,-0.003,-0.175,-0.05,0.18,-1.302,-0.042,-0.073,0.0059,1.0,0.992,1.958,0.126,3.077,0.456,track
1,394,0.173,-0.004,-0.177,-0.05,0.18,-1.302,-0.031,-0.07,0.0078,1.0,0.994,1.965,0.13,3.089,0.249,track
1,395,0.173,-0.005,-0.178,-0.05,0.18,-1.302,-0.01,-0.062,0.0059,1.0,0.994,1.976,0.126,3.096,0.183,track
1,396,0.173,-0.005,-0.18,-0.05,0.18,-1.302,-0.012,-0.062,0.0049,1.0,0.995,1.976,0.124,3.095,0.156,track
1,397,0.172,-0.006,-0.182,-0.05,0.18,-1.302,0.0,-0.062,0.0039,1.0,0.995,1.977,0.122,3.094,0.146,track
1,398,0.172,-0.007,-0.184,-0.05,0.18,-1.302,-0.042,-0.062,0.0029,1.0,0.995,1.966,0.12,3.082,0.144,track
1,399,0.172,-0.008,-0.186,-0.05,0.18,-1.302,0.0,0.0,0.0,0.0,0.995,0.0,0.0,-0.005,0.255,track
1,400,0.171,-0.009,-0.188,-0.05,0.18,-1.302,0.0,0.0,0.0,0.0,0.981,0.0,0.0,-0.019,0.721,track
1,401,0.171,-0.01,-0.19,-0.05,0.18,-1.302,0.0,0.0,0.0,0.0,0.974,0.0,0.0,-0.026,0.812,track
1,402,0.171,-0.011,-0.191,-0.05,0.18,-1.302,0.0,0.0,0.0,0.0,0.973,0.0,0.0,-0.027,0.844,track
1,403,0.171,-0.012,-0.19,-0.05,0.18,-1.302,0.0,0.0,0.0,0.0,0.977,0.0,0.0,-0.023,0.776,track
1,404,0.17,-0.013,-0.19,-0.05,0.18,-1.302,0.0,0.0,0.0,0.0,0.983,0.0,0.0,-0.017,0.687,track
1,405,0.17,-0.014,-0.188,-0.05,0.18,-1.302,-0.104,-0.208,0.0029,1.0,0.988,1.7,0.12,2.808,0.555,track
1,406,0.17,-0.015,-0.187,-0.05,0.18,-1.302,0.0,0.0,0.0,0.0,0.985,0.0,0.0,-0.015,0.918,track
1,407,0.17,-0.017,-0.185,-0.05,0.18,-1.302,0.0,0.0,0.0,0.0,0.989,0.0,0.0,-0.011,0.84,track
1,408,0.17,-0.018,-0.183,-0.05,0.18,-1.302,0.047,-0.25,0.0039,1.0,0.989,1.647,0.122,2.758,0.412,track
1,409,0.169,-0.019,-0.181,-0.05,0.18,-1.302,0.062,-0.25,0.0039,1.0,0.976,1.639,0.122,2.737,0.966,track
1,410,0.169,-0.021,-0.179,-0.05,0.18,-1.302,0.038,-0.25,0.0049,1.0,0.98,1.651,0.124,2.755,0.448,track
1,411,0.169,-0.022,-0.178,-0.05,0.18,-1.302,0.031,-0.234,0.0039,1.0,0.988,1.691,0.122,2.801,0.566,track
1,412,0.168,-0.023,-0.177,-0.05,0.18,-1.302,0.109,-0.203,0.0039,1.0,0.987,1.705,0.122,2.814,0.529,track
1,413,0.168,-0.025,-0.176,-0.05,0.18,-1.302,0.062,-0.196,0.0068,1.0,0.992,1.761,0.128,2.881,0.398,track
1,414,0.168,-0.026,-0.176,-0.05,0.18,-1.302,0.008,-0.242,0.0078,1.0,0.995,1.677,0.13,2.802,0.493,track
1,415,0.168,-0.028,-0.177,-0.05,0.18,-1.302,0.008,-0.242,0.0078,1.0,0.998,1.677,0.13,2.805,0.471,track
1,416,0.167,-0.029,-0.177,-0.05,0.18,-1.302,0.062,-0.196,0.0068,1.0,0.989,1.761,0.128,2.878,0.551,track
1,417,0.167,-0.03,-0.178,-0.05,0.18,-1.302,0.025,-0.2,0.0049,1.0,0.995,1.771,0.124,2.889,0.563,track
1,418,0.167,-0.032,-0.179,-0.05,0.18,-1.302,0.062,-0.188,0.0049,1.0,0.998,1.779,0.124,2.901,0.4,track
1,419,0.167,-0.033,-0.18,-0.05,0.18,-1.302,0.094,-0.172,0.0039,1.0,0.995,1.783,0.122,2.9,0.217,track
1,420,0.166,-0.035,-0.181,-0.05,0.18,-1.302,0.138,-0.162,0.0049,1.0,0.998,1.746,0.124,2.868,0.36,track
1,421,0.166,-0.036,-0.182,-0.05,0.18,-1.302,0.138,-0.162,0.0049,1.0,0.994,1.746,0.124,2.864,0.381,track
1,422,0.166,-0.037,-0.183,-0.05,0.18,-1.302,0.141,-0.156,0.0039,1.0,0.995,1.752,0.122,2.869,0.503,track
1,423,0.166,-0.039,-0.184,-0.05,0.18,-1.302,0.141,-0.156,0.0039,1.0,0.994,1.752,0.122,2.868,0.489,track
1,424,0.166,-0.04,-0.186,-0.05,0.18,-1.302,0.208,-0.146,0.0029,1.0,0.995,1.647,0.12,2.762,0.508,track
1,425,0.166,-0.042,-0.187,-0.05,0.18,-1.302,0.0,0.0,0.0,0.0,0.996,0.0,0.0,-0.004,0.458,track
1,426,0.166,-0.043,-0.188,-0.05,0.18,-1.302,0.0,0.0,0.0,0.0,0.982,0.0,0.0,-0.018,0.828,track
1,427,0.166,-0.045,-0.188,-0.05,0.18,-1.302,0.0,0.0,0.0,0.0,0.973,0.0,0.0,-0.027,0.763,track
1,428,0.166,-0.046,-0.188,-0.05,0.18,-1.302,0.0,0.0,0.0,0.0,0.973,0.0,0.0,-0.027,0.77,track
1,429,0.166,-0.047,-0.187,-0.05,0.18,-1.302,0.0,0.0,0.0,0.0,0.978,0.0,0.0,-0.022,0.693,track
1,430,0.166,-0.049,-0.185,-0.05,0.18,-1.302,0.0,0.0,0.0,0.0,0.984,0.0,0.0,-0.016,0.588,track
1,431,0.166,-0.05,-0.183,-0.05,0.18,-1.302,0.094,-0.328,0.0039,1.0,0.989,1.41,0.122,2.521,0.461,track
1,432,0.166,-0.052,-0.181,-0.05,0.18,-1.302,0.112,-0.338,0.0049,1.0,0.987,1.368,0.124,2.479,0.908,track
1,433,0.166,-0.053,-0.179,-0.05,0.18,-1.302,0.146,-0.323,0.0059,1.0,0.964,1.372,0.126,2.463,0.496,track
1,434,0.165,-0.055,-0.177,-0.05,0.18,-1.302,0.088,-0.312,0.0049,1.0,0.981,1.458,0.124,2.563,0.534,track
1,435,0.165,-0.056,-0.176,-0.05,0.18,-1.302,0.152,-0.295,0.0068,1.0,0.993,1.438,0.128,2.559,0.519,track
1,436,0.165,-0.058,-0.175,-0.05,0.18,-1.302,0.102,-0.352,0.0078,1.0,0.982,1.338,0.13,2.451,0.485,track
1,437,0.165,-0.059,-0.174,-0.05,0.18,-1.302,0.109,-0.344,0.0078,1.0,0.997,1.354,0.13,2.482,0.699,track
1,438,0.165,-0.061,-0.174,-0.05,0.18,-1.302,0.109,-0.352,0.0078,1.0,0.986,1.332,0.13,2.448,0.558,track
1,439,0.165,-0.062,-0.173,-0.05,0.18,-1.302,0.18,-0.32,0.0078,1.0,0.998,1.334,0.13,2.462,0.51,track
1,440,0.165,-0.064,-0.173,-0.05,0.18,-1.302,0.09,-0.389,0.0088,1.0,0.985,1.24,0.133,2.357,0.483,track
1,441,0.165,-0.065,-0.173,-0.05,0.18,-1.302,0.083,-0.417,0.0088,1.0,0.993,1.164,0.133,2.289,0.834,track
1,442,0.165,-0.067,-0.173,-0.05,0.18,-1.302,0.094,-0.422,0.0078,1.0,0.989,1.142,0.13,2.261,0.589,track
1,443,0.165,-0.068,-0.172,-0.05,0.18,-1.302,0.141,-0.398,0.0078,1.0,0.997,1.171,0.13,2.298,0.45,track
1,444,0.165,-0.069,-0.172,-0.05,0.18,-1.302,0.1,-0.438,0.0098,1.0,0.99,1.093,0.135,2.218,0.353,track
1,445,0.165,-0.071,-0.171,-0.05,0.18,-1.302,0.119,-0.425,0.0098,1.0,0.996,1.115,0.135,2.246,0.475,track
1,446,0.165,-0.072,-0.171,-0.05,0.18,-1.302,0.159,-0.449,0.0107,1.0,0.99,1.013,0.137,2.14,0.447,track
1,447,0.165,-0.073,-0.17,-0.05,0.18,-1.302,0.188,-0.431,0.0098,1.0,0.996,1.03,0.135,2.161,0.464,track
1,448,0.166,-0.074,-0.169,-0.05,0.18,-1.302,0.153,-0.472,0.0107,1.0,0.994,0.956,0.137,2.088,0.256,track
1,449,0.166,-0.076,-0.168,-0.05,0.18,-1.302,0.159,-0.471,0.0127,1.0,0.996,0.953,0.142,2.09,0.307,track
1,450,0.166,-0.077,-0.168,-0.05,0.18,-1.302,0.159,-0.476,0.0127,1.0,0.992,0.94,0.142,2.073,0.336,track
1,451,0.166,-0.078,-0.167,-0.05,0.18,-1.302,0.169,-0.481,0.0098,1.0,0.995,0.917,0.135,2.047,0.336,track
1,452,0.166,-0.079,-0.166,-0.05,0.18,-1.302,0.167,-0.495,0.0117,1.0,0.994,0.883,0.139,2.016,0.216,track
1,453,0.166,-0.08,-0.165,-0.05,0.18,-1.302,0.136,-0.534,0.0107,1.0,0.995,0.804,0.137,1.936,0.163,track
1,454,0.166,-0.081,-0.163,-0.05,0.18,-1.302,0.135,-0.536,0.0117,1.0,0.991,0.798,0.139,1.928,0.358,track
1,455,0.166,-0.082,-0.162,-0.05,0.18,-1.302,0.192,-0.527,0.0137,1.0,0.992,0.779,0.144,1.915,0.421,track
1,456,0.167,-0.083,-0.161,-0.05,0.18,-1.302,0.212,-0.514,0.0127,1.0,0.992,0.791,0.142,1.924,0.214,track
1,457,0.167,-0.083,-0.159,-0.05,0.18,-1.302,0.212,-0.529,0.0127,1.0,0.994,0.756,0.142,1.891,0.209,track
1,458,0.167,-0.084,-0.158,-0.05,0.18,-1.302,0.212,-0.529,0.0127,1.0,0.993,0.756,0.142,1.891,0.161,track
1,459,0.167,-0.085,-0.157,-0.05,0.18,-1.302,0.205,-0.54,0.0137,1.0,0.994,0.734,0.144,1.872,0.186,track
1,460,0.167,-0.086,-0.155,-0.05,0.18,-1.302,0.2,-0.542,0.0146,1.0,0.993,0.736,0.146,1.875,0.221,track
1,461,0.167,-0.086,-0.154,-0.05,0.18,-1.302,0.184,-0.566,0.0156,1.0,0.994,0.69,0.148,1.833,0.18,track
1,462,0.168,-0.087,-0.152,-0.05,0.18,-1.302,0.184,-0.57,0.0156,1.0,0.992,0.681,0.148,1.822,0.189,track
1,463,0.168,-0.087,-0.151,-0.05,0.18,-1.302,0.228,-0.574,0.0166,1.0,0.993,0.638,0.151,1.782,0.216,track
1,464,0.168,-0.088,-0.149,-0.05,0.18,-1.302,0.25,-0.566,0.0176,1.0,0.993,0.634,0.153,1.78,0.096,track
1,465,0.168,-0.088,-0.148,-0.05,0.18,-1.302,0.228,-0.6,0.0195,1.0,0.993,0.581,0.158,1.732,0.125,track
1,466,0.168,-0.088,-0.146,-0.05,0.18,-1.302,0.263,-0.592,0.0186,1.0,0.991,0.568,0.156,1.714,0.289,track
1,467,0.168,-0.089,-0.145,-0.05,0.18,-1.302,0.271,-0.583,0.0205,1.0,0.992,0.578,0.161,1.731,0.421,track
1,468,0.169,-0.089,-0.143,-0.05,0.18,-1.302,0.288,-0.584,0.0225,1.0,0.993,0.56,0.166,1.718,0.248,track
1,469,0.169,-0.089,-0.141,-0.05,0.18,-1.302,0.288,-0.584,0.0225,1.0,0.993,0.56,0.166,1.719,0.117,track
1,470,0.169,-0.089,-0.14,-0.05,0.18,-1.302,0.288,-0.584,0.0225,1.0,0.993,0.56,0.166,1.718,0.103,track
1,471,0.169,-0.089,-0.138,-0.05,0.18,-1.302,0.294,-0.576,0.0234,1.0,0.993,0.571,0.168,1.732,0.049,track
1,472,0.169,-0.089,-0.137,-0.05,0.18,-1.302,0.303,-0.57,0.0254,1.0,0.993,0.574,0.173,1.74,0.07,track
1,473,0.169,-0.089,-0.135,-0.05,0.18,-1.302,0.286,-0.574,0.0273,1.0,0.993,0.583,0.179,1.755,0.078,track
1,474,0.169,-0.089,-0.134,-0.05,0.18,-1.302,0.292,-0.572,0.0264,1.0,0.993,0.581,0.176,1.75,0.109,track
1,475,0.17,-0.089,-0.132,-0.05,0.18,-1.302,0.281,-0.579,0.0254,1.0,0.994,0.576,0.173,1.744,0.155,track
1,476,0.17,-0.089,-0.131,-0.05,0.18,-1.302,0.271,-0.583,0.0264,1.0,0.993,0.578,0.176,1.747,0.17,track
1,477,0.17,-0.089,-0.129,-0.05,0.18,-1.302,0.279,-0.575,0.0254,1.0,0.994,0.588,0.173,1.756,0.106,track
1,478,0.17,-0.088,-0.128,-0.05,0.18,-1.302,0.281,-0.589,0.0273,1.0,0.995,0.557,0.179,1.73,0.1,track
1,479,0.17,-0.088,-0.126,-0.05,0.18,-1.302,0.308,-0.571,0.0293,1.0,0.993,0.566,0.184,1.743,0.2,track
1,480,0.17,-0.088,-0.125,-0.05,0.18,-1.302,0.302,-0.579,0.0293,1.0,0.995,0.556,0.184,1.735,0.326,track
1,481,0.17,-0.087,-0.124,-0.05,0.18,-1.302,0.269,-0.585,0.0293,1.0,0.993,0.576,0.184,1.753,0.338,track
1,482,0.17,-0.087,-0.122,-0.05,0.18,-1.302,0.24,-0.592,0.0293,1.0,0.995,0.589,0.184,1.768,0.13,track
1,483,0.17,-0.086,-0.121,-0.05,0.18,-1.302,0.24,-0.594,0.0293,1.0,0.995,0.585,0.184,1.763,0.109,track
1,484,0.17,-0.086,-0.12,-0.05,0.18,-1.302,0.262,-0.588,0.0293,1.0,0.996,0.578,0.184,1.758,0.108,track
1,485,0.17,-0.085,-0.119,-0.05,0.18,-1.302,0.262,-0.588,0.0293,1.0,0.996,0.578,0.184,1.758,0.05,track
1,486,0.171,-0.085,-0.118,-0.05,0.18,-1.302,0.26,-0.577,0.0293,1.0,0.995,0.601,0.184,1.78,0.1,track
1,487,0.171,-0.084,-0.117,-0.05,0.18,-1.302,0.264,-0.586,0.0312,1.0,0.996,0.58,0.19,1.766,0.092,track
1,488,0.171,-0.083,-0.116,-0.05,0.18,-1.302,0.246,-0.585,0.0303,1.0,0.995,0.598,0.187,1.781,0.139,track
1,489,0.171,-0.083,-0.115,-0.05,0.18,-1.302,0.254,-0.578,0.0312,1.0,0.996,0.605,0.19,1.791,0.138,track
1,490,0.171,-0.082,-0.114,-0.05,0.18,-1.302,0.232,-0.58,0.0312,1.0,0.996,0.62,0.19,1.806,0.091,track
1,491,0.171,-0.081,-0.113,-0.05,0.18,-1.302,0.22,-0.593,0.0322,1.0,0.996,0.603,0.193,1.792,0.09,track
1,492,0.17,-0.081,-0.112,-0.05,0.18,-1.302,0.182,-0.604,0.0322,1.0,0.996,0.606,0.193,1.795,0.155,track
1,493,0.17,-0.08,-0.111,-0.05,0.18,-1.302,0.207,-0.592,0.0312,1.0,0.997,0.615,0.19,1.801,0.124,track
1,494,0.17,-0.079,-0.111,-0.05,0.18,-1.302,0.203,-0.587,0.0322,1.0,0.998,0.629,0.193,1.819,0.211,track
1,495,0.17,-0.078,-0.11,-0.05,0.18,-1.302,0.196,-0.582,0.0342,1.0,0.996,0.645,0.198,1.839,0.22,track
1,496,0.17,-0.077,-0.109,-0.05,0.18,-1.302,0.211,-0.57,0.0332,1.0,0.998,0.66,0.196,1.854,0.12,track
1,497,0.17,-0.077,-0.109,-0.05,0.18,-1.302,0.203,-0.58,0.0322,1.0,0.998,0.646,0.193,1.836,0.061,track
1,498,0.17,-0.076,-0.108,-0.05,0.18,-1.302,0.203,-0.573,0.0352,1.0,0.998,0.66,0.201,1.859,0.139,track
1,499,0.17,-0.075,-0.108,-0.05,0.18,-1.302,0.199,-0.566,0.0332,1.0,0.998,0.679,0.196,1.873,0.11,track
1,500,0.169,-0.074,-0.107,-0.05,0.18,-1.302,0.201,-0.562,0.0352,1.0,0.998,0.685,0.201,1.885,0.084,track
1,501,0.169,-0.073,-0.107,-0.05,0.18,-1.302,0.203,-0.552,0.0361,1.0,0.999,0.708,0.204,1.911,0.09,track
1,502,0.169,-0.072,-0.107,-0.05,0.18,-1.302,0.201,-0.552,0.0361,1.0,0.998,0.709,0.204,1.912,0.078,track
1,503,0.169,-0.071,-0.106,-0.05,0.18,-1.302,0.174,-0.564,0.0361,1.0,0.999,0.703,0.204,1.906,0.086,track
1,504,0.168,-0.07,-0.106,-0.05,0.18,-1.302,0.173,-0.553,0.0391,1.0,0.998,0.73,0.213,1.941,0.119,track
1,505,0.168,-0.069,-0.106,-0.05,0.18,-1.302,0.172,-0.549,0.04,1.0,0.999,0.741,0.216,1.957,0.119,track
1,506,0.168,-0.068,-0.106,-0.05,0.18,-1.302,0.159,-0.558,0.0391,1.0,0.999,0.729,0.213,1.941,0.068,track
1,507,0.167,-0.068,-0.106,-0.05,0.18,-1.302,0.153,-0.544,0.0371,1.0,0.998,0.766,0.207,1.972,0.097,track
1,508,0.167,-0.067,-0.106,-0.05,0.18,-1.302,0.147,-0.534,0.0391,1.0,0.998,0.796,0.213,2.008,0.114,track
1,509,0.167,-0.066,-0.106,-0.05,0.18,-1.302,0.157,-0.519,0.0361,1.0,0.998,0.829,0.204,2.031,0.106,track
1,510,0.166,-0.065,-0.106,-0.05,0.18,-1.302,0.125,-0.529,0.0332,1.0,0.998,0.823,0.196,2.017,0.096,track
1,511,0.166,-0.064,-0.107,-0.05,0.18,-1.302,0.116,-0.526,0.0352,1.0,0.997,0.837,0.201,2.036,0.2,track
1,512,0.165,-0.063,-0.107,-0.05,0.18,-1.302,0.118,-0.517,0.0352,1.0,0.999,0.859,0.201,2.059,0.151,track
1,513,0.165,-0.062,-0.107,-0.05,0.18,-1.302,0.129,-0.504,0.0342,1.0,0.998,0.889,0.198,2.086,0.093,track
1,514,0.164,-0.061,-0.108,-0.05,0.18,-1.302,0.151,-0.495,0.0352,1.0,0.998,0.896,0.201,2.096,0.054,track
1,515,0.164,-0.06,-0.108,-0.05,0.18,-1.302,0.122,-0.5,0.0361,1.0,0.998,0.904,0.204,2.106,0.029,track
1,516,0.163,-0.059,-0.109,-0.05,0.18,-1.302,0.11,-0.503,0.0361,1.0,0.997,0.902,0.204,2.104,0.124,track
1,517,0.163,-0.058,-0.109,-0.05,0.18,-1.302,0.098,-0.505,0.0361,1.0,0.999,0.904,0.204,2.107,0.122,track
1,518,0.162,-0.057,-0.11,-0.05,0.18,-1.302,0.095,-0.5,0.0371,1.0,0.998,0.919,0.207,2.125,0.09,track
1,519,0.162,-0.056,-0.111,-0.05,0.18,-1.302,0.094,-0.498,0.0352,1.0,0.998,0.925,0.201,2.125,0.126,track
1,520,0.161,-0.056,-0.111,-0.05,0.18,-1.302,0.092,-0.491,0.0332,1.0,0.998,0.947,0.196,2.14,0.114,track
1,521,0.16,-0.055,-0.112,-0.05,0.18,-1.302,0.086,-0.475,0.0342,1.0,0.998,0.994,0.198,2.191,0.128,track
1,522,0.16,-0.054,-0.113,-0.05,0.18,-1.302,0.049,-0.479,0.0322,1.0,0.998,0.997,0.193,2.188,0.137,track
1,523,0.159,-0.053,-0.113,-0.05,0.18,-1.302,0.062,-0.459,0.0312,1.0,0.998,1.051,0.19,2.239,0.213,track
1,524,0.158,-0.052,-0.114,-0.05,0.18,-1.302,0.083,-0.449,0.0332,1.0,0.997,1.072,0.196,2.264,0.246,track
1,525,0.158,-0.051,-0.115,-0.05,0.18,-1.302,0.059,-0.449,0.0332,1.0,0.998,1.082,0.196,2.276,0.182,track
1,526,0.157,-0.05,-0.116,-0.05,0.18,-1.302,0.076,-0.432,0.0312,1.0,0.998,1.124,0.19,2.312,0.186,track
1,527,0.156,-0.05,-0.117,-0.05,0.18,-1.302,0.108,-0.411,0.0322,1.0,0.996,1.164,0.193,2.353,0.291,track
1,528,0.155,-0.049,-0.118,-0.05,0.18,-1.302,0.088,-0.415,0.0293,1.0,0.998,1.167,0.184,2.35,0.216,track
1,529,0.155,-0.048,-0.119,-0.05,0.18,-1.302,0.078,-0.4,0.0322,1.0,0.997,1.216,0.193,2.406,0.196,track
1,530,0.154,-0.047,-0.12,-0.05,0.18,-1.302,0.061,-0.395,0.0312,1.0,0.997,1.24,0.19,2.427,0.304,track
1,531,0.153,-0.047,-0.121,-0.05,0.18,-1.302,0.069,-0.375,0.0303,1.0,0.997,1.293,0.187,2.478,0.323,track
1,532,0.152,-0.046,-0.122,-0.05,0.18,-1.302,0.087,-0.364,0.0273,1.0,0.995,1.314,0.179,2.488,0.401,track
1,533,0.151,-0.045,-0.124,-0.05,0.18,-1.302,0.06,-0.358,0.0283,1.0,0.996,1.347,0.182,2.525,0.428,track
1,534,0.15,-0.045,-0.125,-0.05,0.18,-1.302,0.087,-0.335,0.0303,1.0,0.996,1.397,0.187,2.581,0.405,track
1,535,0.15,-0.044,-0.126,-0.05,0.18,-1.302,0.083,-0.321,0.0293,1.0,0.995,1.438,0.184,2.618,0.402,track
1,536,0.149,-0.043,-0.128,-0.05,0.18,-1.302,0.062,-0.321,0.0283,1.0,0.998,1.451,0.182,2.63,0.404,track
1,537,0.148,-0.043,-0.129,-0.05,0.18,-1.302,0.081,-0.294,0.0264,1.0,0.995,1.513,0.176,2.684,0.399,track
1,538,0.147,-0.042,-0.13,-0.05,0.18,-1.302,0.065,-0.286,0.0273,1.0,0.996,1.546,0.179,2.721,0.42,track
1,539,0.146,-0.042,-0.132,-0.05,0.18,-1.302,0.106,-0.261,0.0283,1.0,0.992,1.577,0.182,2.751,0.494,track
1,540,0.145,-0.041,-0.133,-0.05,0.18,-1.302,0.067,-0.262,0.0264,1.0,0.996,1.607,0.176,2.779,0.491,track
1,541,0.145,-0.041,-0.135,-0.05,0.18,-1.302,0.062,-0.247,0.0234,1.0,0.992,1.645,0.168,2.806,0.48,track
1,542,0.144,-0.04,-0.136,-0.05,0.18,-1.302,0.084,-0.226,0.0225,1.0,0.995,1.681,0.166,2.842,0.484,track
1,543,0.143,-0.04,-0.138,-0.05,0.18,-1.302,0.062,-0.207,0.0254,1.0,0.991,1.739,0.173,2.903,0.486,track
1,544,0.142,-0.039,-0.14,-0.05,0.18,-1.302,0.04,-0.22,0.0244,1.0,0.995,1.721,0.171,2.887,0.337,track
1,545,0.141,-0.039,-0.142,-0.05,0.18,-1.302,0.057,-0.211,0.0205,1.0,0.993,1.733,0.161,2.886,0.34,track
1,546,0.141,-0.038,-0.144,-0.05,0.18,-1.302,0.034,-0.213,0.0215,1.0,0.995,1.739,0.163,2.897,0.432,track
1,547,0.14,-0.038,-0.146,-0.05,0.18,-1.302,0.011,-0.21,0.0215,1.0,0.992,1.751,0.163,2.906,0.459,track
1,548,0.139,-0.038,-0.148,-0.05,0.18,-1.302,0.057,-0.177,0.0225,1.0,0.995,1.804,0.166,2.964,0.453,track
1,549,0.138,-0.037,-0.15,-0.05,0.18,-1.302,0.043,-0.164,0.0186,1.0,0.993,1.834,0.156,2.982,0.356,track
1,550,0.138,-0.037,-0.153,-0.05,0.18,-1.302,0.004,-0.184,0.0166,1.0,0.994,1.807,0.151,2.952,0.27,track
1,551,0.137,-0.037,-0.155,-0.05,0.18,-1.302,-0.01,-0.171,0.0186,1.0,0.995,1.831,0.156,2.982,0.287,track
1,552,0.136,-0.037,-0.158,-0.05,0.18,-1.302,0.012,-0.164,0.0156,1.0,0.994,1.844,0.148,2.987,0.18,track
1,553,0.136,-0.037,-0.161,-0.05,0.18,-1.302,0.004,-0.089,0.0137,1.0,0.994,1.953,0.144,3.091,0.121,track
1,554,0.135,-0.037,-0.164,-0.05,0.18,-1.302,0.011,-0.062,0.0107,1.0,0.985,1.976,0.137,3.098,0.444,track
1,555,0.135,-0.036,-0.167,-0.05,0.18,-1.302,-0.011,-0.074,0.0107,1.0,0.991,1.967,0.137,3.095,0.471,track
1,556,0.134,-0.036,-0.17,-0.05,0.18,-1.302,0.016,0.016,0.0078,1.0,0.991,1.997,0.13,3.119,0.325,track
1,557,0.134,-0.036,-0.174,-0.05,0.18,-1.302,0.009,0.018,0.0068,1.0,0.982,1.998,0.128,3.108,0.437,track
1,558,0.133,-0.036,-0.178,-0.05,0.18,-1.302,-0.025,0.0,0.0049,1.0,0.992,1.996,0.124,3.112,0.588,track
1,559,0.133,-0.036,-0.182,-0.05,0.18,-1.302,0.0,0.0,0.0,0.0,0.99,0.0,0.0,-0.01,0.333,track
1,560,0.132,-0.036,-0.186,-0.05,0.18,-1.302,0.0,0.0,0.0,0.0,0.982,0.0,0.0,-0.018,0.707,track
1,561,0.132,-0.037,-0.19,-0.05,0.18,-1.302,0.0,0.0,0.0,0.0,0.968,0.0,0.0,-0.032,0.689,track
1,562,0.132,-0.037,-0.192,-0.05,0.18,-1.302,0.0,0.0,0.0,0.0,0.964,0.0,0.0,-0.036,0.851,track
1,563,0.131,-0.037,-0.194,-0.05,0.18,-1.302,0.0,0.0,0.0,0.0,0.965,0.0,0.0,-0.035,0.853,track
1,564,0.131,-0.037,-0.196,-0.05,0.18,-1.302,0.0,0.0,0.0,0.0,0.969,0.0,0.0,-0.031,0.816,track
1,565,0.131,-0.038,-0.196,-0.05,0.18,-1.302,0.0,0.0,0.0,0.0,0.975,0.0,0.0,-0.025,0.747,track
1,566,0.131,-0.039,-0.196,-0.05,0.18,-1.302,0.0,0.0,0.0,0.0,0.981,0.0,0.0,-0.019,0.644,track
1,567,0.131,-0.039,-0.195,-0.05,0.18,-1.302,0.0,0.0,0.0,0.0,0.984,0.0,0.0,-0.016,0.551,track
1,568,0.13,-0.04,-0.194,-0.05,0.18,-1.302,0.0,0.0,0.0,0.0,0.985,0.0,0.0,-0.015,0.479,track
1,569,0.13,-0.041,-0.192,-0.05,0.18,-1.302,0.0,0.0,0.0,0.0,0.987,0.0,0.0,-0.013,0.365,track
1,570,0.13,-0.042,-0.19,-0.05,0.18,-1.302,0.0,0.0,0.0,0.0,0.986,0.0,0.0,-0.014,0.285,track
1,571,0.13,-0.042,-0.187,-0.05,0.18,-1.302,0.0,0.0,0.0,0.0,0.987,0.0,0.0,-0.013,0.192,track
1,572,0.129,-0.043,-0.185,-0.05,0.18,-1.302,0.042,-0.188,0.0029,1.0,0.986,1.79,0.12,2.897,0.146,track
1,573,0.129,-0.044,-0.182,-0.05,0.18,-1.302,0.042,-0.188,0.0029,1.0,0.956,1.79,0.12,2.867,0.901,track
1,574,0.129,-0.045,-0.18,-0.05,0.18,-1.302,0.167,-0.146,0.0029,1.0,0.98,1.726,0.12,2.826,0.723,track
1,575,0.128,-0.046,-0.178,-0.05,0.18,-1.302,-0.016,-0.203,0.0039,1.0,0.975,1.766,0.122,2.863,0.549,track
1,576,0.128,-0.047,-0.177,-0.05,0.18,-1.302,0.104,-0.125,0.0029,1.0,0.985,1.847,0.12,2.952,0.632,track
1,577,0.128,-0.048,-0.177,-0.05,0.18,-1.302,0.161,-0.098,0.0068,1.0,0.976,1.798,0.128,2.902,0.571,track
1,578,0.127,-0.049,-0.177,-0.05,0.18,-1.302,0.125,-0.083,0.0029,1.0,0.992,1.869,0.12,2.981,0.681,track
1,579,0.127,-0.05,-0.177,-0.05,0.18,-1.302,0.094,-0.125,0.0059,1.0,0.989,1.859,0.126,2.974,0.53,track
1,580,0.126,-0.052,-0.178,-0.05,0.18,-1.302,0.104,-0.115,0.0059,1.0,0.995,1.861,0.126,2.983,0.511,track
1,581,0.126,-0.053,-0.179,-0.05,0.18,-1.302,0.083,-0.042,0.0029,1.0,0.994,1.949,0.12,3.063,0.415,track
1,582,0.126,-0.054,-0.181,-0.05,0.18,-1.302,0.021,-0.083,0.0029,1.0,0.989,1.956,0.12,3.065,0.397,track
1,583,0.125,-0.055,-0.183,-0.05,0.18,-1.302,0.0,0.0,0.0,0.0,0.997,0.0,0.0,-0.003,0.456,track
1,584,0.125,-0.056,-0.185,-0.05,0.18,-1.302,0.0,0.0,0.0,0.0,0.986,0.0,0.0,-0.014,0.761,track
1,585,0.125,-0.057,-0.186,-0.05,0.18,-1.302,0.0,0.0,0.0,0.0,0.975,0.0,0.0,-0.025,0.766,track
1,586,0.125,-0.058,-0.187,-0.05,0.18,-1.302,0.0,0.0,0.0,0.0,0.973,0.0,0.0,-0.027,0.856,track
1,587,0.125,-0.059,-0.186,-0.05,0.18,-1.302,0.0,0.0,0.0,0.0,0.976,0.0,0.0,-0.024,0.805,track
1,588,0.124,-0.06,-0.186,-0.05,0.18,-1.302,0.0,0.0,0.0,0.0,0.983,0.0,0.0,-0.017,0.71,track
1,589,0.124,-0.061,-0.184,-0.05,0.18,-1.302,0.229,-0.146,0.0029,1.0,0.989,1.603,0.12,2.712,0.603,track
1,590,0.124,-0.062,-0.182,-0.05,0.18,-1.302,0.229,-0.146,0.0029,1.0,0.987,1.603,0.12,2.71,0.978,track
1,591,0.124,-0.064,-0.18,-0.05,0.18,-1.302,0.0,0.0,0.0,0.0,0.982,0.0,0.0,-0.018,0.556,track
1,592,0.124,-0.065,-0.179,-0.05,0.18,-1.302,0.138,-0.162,0.0049,1.0,1.0,1.746,0.124,2.87,0.651,track
1,593,0.124,-0.066,-0.178,-0.05,0.18,-1.302,0.188,-0.125,0.0049,1.0,0.981,1.717,0.124,2.822,0.717,track
1,594,0.123,-0.067,-0.176,-0.05,0.18,-1.302,0.146,-0.177,0.0059,1.0,0.989,1.708,0.126,2.823,0.561,track
1,595,0.123,-0.069,-0.176,-0.05,0.18,-1.302,0.138,-0.188,0.0049,1.0,0.998,1.701,0.124,2.822,0.492,track
1,596,0.123,-0.07,-0.176,-0.05,0.18,-1.302,0.078,-0.219,0.0039,1.0,0.996,1.701,0.122,2.819,0.432,track
1,597,0.123,-0.071,-0.176,-0.05,0.18,-1.302,0.156,-0.156,0.0059,1.0,0.998,1.727,0.126,2.852,0.558,track
1,598,0.123,-0.072,-0.177,-0.05,0.18,-1.302,0.188,-0.104,0.0059,1.0,0.99,1.742,0.126,2.858,0.55,track
1,599,0.123,-0.073,-0.178,-0.05,0.18,-1.302,0.225,-0.088,0.0049,1.0,0.992,1.679,0.124,2.795,0.496,track
1,600,0.123,-0.075,-0.179,-0.05,0.18,-1.302,0.25,-0.05,0.0049,1.0,0.997,1.646,0.124,2.767,0.314,track
1,601,0.123,-0.076,-0.18,-0.05,0.18,-1.302,0.25,-0.047,0.0039,1.0,0.995,1.647,0.122,2.764,0.251,track
1,602,0.123,-0.077,-0.181,-0.05,0.18,-1.302,0.188,-0.062,0.0029,1.0,0.996,1.779,0.12,2.895,0.299,track
1,603,0.122,-0.078,-0.182,-0.05,0.18,-1.302,0.2,-0.038,0.0049,1.0,0.995,1.766,0.124,2.886,0.297,track
1,604,0.122,-0.08,-0.184,-0.05,0.18,-1.302,0.109,-0.094,0.0039,1.0,0.997,1.879,0.122,2.999,0.283,track
1,605,0.122,-0.081,-0.186,-0.05,0.18,-1.302,0.0,0.0,0.0,0.0,0.995,0.0,0.0,-0.005,0.364,track
1,606,0.123,-0.082,-0.188,-0.05,0.18,-1.302,0.0,0.0,0.0,0.0,0.976,0.0,0.0,-0.024,0.856,track
1,607,0.123,-0.084,-0.189,-0.05,0.18,-1.302,0.0,0.0,0.0,0.0,0.97,0.0,0.0,-0.03,0.847,track
1,608,0.123,-0.085,-0.189,-0.05,0.18,-1.302,0.0,0.0,0.0,0.0,0.971,0.0,0.0,-0.029,0.846,track
1,609,0.123,-0.086,-0.189,-0.05,0.18,-1.302,0.0,0.0,0.0,0.0,0.977,0.0,0.0,-0.023,0.775,track
1,610,0.123,-0.088,-0.188,-0.05,0.18,-1.302,0.0,0.0,0.0,0.0,0.983,0.0,0.0,-0.017,0.694,track
1,611,0.123,-0.089,-0.186,-0.05,0.18,-1.302,0.229,-0.188,0.0029,1.0,0.987,1.537,0.12,2.645,0.588,track
1,612,0.123,-0.09,-0.184,-0.05,0.18,-1.302,0.146,-0.229,0.0029,1.0,0.988,1.603,0.12,2.711,0.974,track
1,613,0.124,-0.092,-0.182,-0.05,0.18,-1.302,0.219,-0.203,0.0039,1.0,0.981,1.531,0.122,2.634,0.623,track
1,614,0.124,-0.093,-0.181,-0.05,0.18,-1.302,0.262,-0.175,0.0049,1.0,0.992,1.484,0.124,2.6,0.373,track
1,615,0.124,-0.095,-0.18,-0.05,0.18,-1.302,0.275,-0.162,0.0049,1.0,0.996,1.473,0.124,2.593,0.316,track
1,616,0.124,-0.096,-0.179,-0.05,0.18,-1.302,0.196,-0.232,0.0068,1.0,0.998,1.515,0.128,2.642,0.123,track
1,617,0.124,-0.098,-0.178,-0.05,0.18,-1.302,0.156,-0.25,0.0059,1.0,0.998,1.541,0.126,2.666,0.281,track
1,618,0.124,-0.099,-0.177,-0.05,0.18,-1.302,0.156,-0.25,0.0059,1.0,0.996,1.541,0.126,2.663,0.349,track
1,619,0.124,-0.101,-0.177,-0.05,0.18,-1.302,0.219,-0.24,0.0059,1.0,0.998,1.458,0.126,2.583,0.373,track
1,620,0.124,-0.102,-0.177,-0.05,0.18,-1.302,0.195,-0.258,0.0078,1.0,0.997,1.461,0.13,2.589,0.267,track
1,621,0.125,-0.104,-0.177,-0.05,0.18,-1.302,0.188,-0.268,0.0068,1.0,0.999,1.451,0.128,2.578,0.288,track
1,622,0.125,-0.105,-0.177,-0.05,0.18,-1.302,0.196,-0.259,0.0068,1.0,0.994,1.457,0.128,2.579,0.463,track
1,623,0.125,-0.106,-0.176,-0.05,0.18,-1.302,0.172,-0.297,0.0078,1.0,0.994,1.405,0.13,2.53,0.522,track
1,624,0.125,-0.108,-0.176,-0.05,0.18,-1.302,0.172,-0.297,0.0078,1.0,0.996,1.405,0.13,2.532,0.519,track
1,625,0.125,-0.109,-0.176,-0.05,0.18,-1.302,0.234,-0.266,0.0078,1.0,0.992,1.373,0.13,2.495,0.591,track
1,626,0.126,-0.111,-0.176,-0.05,0.18,-1.302,0.205,-0.277,0.0068,1.0,0.998,1.4,0.128,2.527,0.415,track
1,627,0.126,-0.112,-0.176,-0.05,0.18,-1.302,0.242,-0.305,0.0078,1.0,0.996,1.27,0.13,2.396,0.379,track
1,628,0.126,-0.114,-0.176,-0.05,0.18,-1.302,0.229,-0.319,0.0088,1.0,0.998,1.258,0.133,2.388,0.357,track
1,629,0.126,-0.115,-0.176,-0.05,0.18,-1.302,0.25,-0.295,0.0107,1.0,0.996,1.276,0.137,2.409,0.376,track
1,630,0.127,-0.117,-0.175,-0.05,0.18,-1.302,0.236,-0.326,0.0088,1.0,0.993,1.229,0.133,2.355,0.559,track
1,631,0.127,-0.118,-0.175,-0.05,0.18,-1.302,0.266,-0.297,0.0078,1.0,0.996,1.242,0.13,2.369,0.569,track
1,632,0.127,-0.119,-0.175,-0.05,0.18,-1.302,0.256,-0.294,0.0098,1.0,0.995,1.268,0.135,2.397,0.474,track
1,633,0.128,-0.121,-0.174,-0.05,0.18,-1.302,0.233,-0.33,0.0107,1.0,0.995,1.227,0.137,2.359,0.471,track
1,634,0.128,-0.122,-0.174,-0.05,0.18,-1.302,0.245,-0.333,0.0117,1.0,0.992,1.197,0.139,2.329,0.667,track
1,635,0.128,-0.123,-0.173,-0.05,0.18,-1.302,0.231,-0.362,0.0098,1.0,0.997,1.149,0.135,2.281,0.468,track
1,636,0.129,-0.125,-0.173,-0.05,0.18,-1.302,0.257,-0.333,0.0088,1.0,0.994,1.176,0.133,2.302,0.411,track
1,637,0.129,-0.126,-0.172,-0.05,0.18,-1.302,0.234,-0.385,0.0117,1.0,0.993,1.086,0.139,2.219,0.622,track
1,638,0.129,-0.127,-0.171,-0.05,0.18,-1.302,0.214,-0.411,0.0117,1.0,0.994,1.05,0.139,2.183,0.69,track
1,639,0.13,-0.129,-0.171,-0.05,0.18,-1.302,0.238,-0.412,0.0098,1.0,0.993,1.014,0.135,2.141,0.5,track
1,640,0.13,-0.13,-0.17,-0.05,0.18,-1.302,0.297,-0.375,0.0117,1.0,0.998,1.007,0.139,2.144,0.399,track
1,641,0.131,-0.131,-0.169,-0.05,0.18,-1.302,0.274,-0.409,0.0127,1.0,0.997,0.967,0.142,2.106,0.259,track
1,642,0.131,-0.132,-0.168,-0.05,0.18,-1.302,0.312,-0.365,0.0117,1.0,0.998,1.001,0.139,2.139,0.28,track
1,643,0.132,-0.133,-0.167,-0.05,0.18,-1.302,0.312,-0.375,0.0117,1.0,0.996,0.979,0.139,2.114,0.347,track
1,644,0.132,-0.135,-0.166,-0.05,0.18,-1.302,0.303,-0.385,0.0127,1.0,0.995,0.974,0.142,2.111,0.513,track
1,645,0.133,-0.136,-0.164,-0.05,0.18,-1.302,0.303,-0.385,0.0127,1.0,0.996,0.974,0.142,2.112,0.571,track
1,646,0.133,-0.137,-0.163,-0.05,0.18,-1.302,0.29,-0.406,0.0137,1.0,0.997,0.947,0.144,2.088,0.46,track
1,647,0.134,-0.138,-0.162,-0.05,0.18,-1.302,0.269,-0.457,0.0127,1.0,0.996,0.861,0.142,1.998,0.375,track
1,648,0.134,-0.139,-0.161,-0.05,0.18,-1.302,0.277,-0.446,0.0137,1.0,0.998,0.874,0.144,2.016,0.211,track
1,649,0.135,-0.14,-0.159,-0.05,0.18,-1.302,0.273,-0.473,0.0156,1.0,0.997,0.818,0.148,1.963,0.056,track
1,650,0.135,-0.141,-0.158,-0.05,0.18,-1.302,0.319,-0.451,0.0176,1.0,0.996,0.799,0.153,1.949,0.181,track
1,651,0.136,-0.142,-0.156,-0.05,0.18,-1.302,0.301,-0.477,0.0156,1.0,0.994,0.771,0.148,1.914,0.432,track
1,652,0.136,-0.143,-0.155,-0.05,0.18,-1.302,0.308,-0.483,0.0146,1.0,0.996,0.746,0.146,1.888,0.473,track
1,653,0.137,-0.144,-0.153,-0.05,0.18,-1.302,0.287,-0.529,0.0166,1.0,0.994,0.674,0.151,1.819,0.384,track
1,654,0.137,-0.145,-0.151,-0.05,0.18,-1.302,0.301,-0.515,0.0166,1.0,0.995,0.688,0.151,1.834,0.348,track
1,655,0.138,-0.146,-0.15,-0.05,0.18,-1.302,0.294,-0.54,0.0166,1.0,0.993,0.642,0.151,1.786,0.378,track
1,656,0.138,-0.146,-0.148,-0.05,0.18,-1.302,0.288,-0.562,0.0195,1.0,0.996,0.604,0.158,1.759,0.301,track
1,657,0.139,-0.147,-0.146,-0.05,0.18,-1.302,0.341,-0.543,0.0215,1.0,0.99,0.583,0.163,1.736,0.361,track
1,658,0.139,-0.148,-0.144,-0.05,0.18,-1.302,0.345,-0.533,0.0186,1.0,0.991,0.597,0.156,1.743,0.494,track
1,659,0.14,-0.149,-0.142,-0.05,0.18,-1.302,0.338,-0.544,0.0195,1.0,0.995,0.585,0.158,1.739,0.333,track
1,660,0.14,-0.149,-0.14,-0.05,0.18,-1.302,0.327,-0.565,0.0205,1.0,0.995,0.556,0.161,1.711,0.306,track
1,661,0.141,-0.15,-0.138,-0.05,0.18,-1.302,0.351,-0.556,0.0176,1.0,0.996,0.548,0.153,1.697,0.139,track
1,662,0.141,-0.15,-0.136,-0.05,0.18,-1.302,0.36,-0.545,0.0205,1.0,0.995,0.557,0.161,1.712,0.119,track
1,663,0.142,-0.151,-0.134,-0.05,0.18,-1.302,0.378,-0.544,0.0234,1.0,0.995,0.536,0.168,1.7,0.165,track
1,664,0.142,-0.151,-0.132,-0.05,0.18,-1.302,0.378,-0.544,0.0234,1.0,0.995,0.536,0.168,1.7,0.123,track
1,665,0.143,-0.152,-0.129,-0.05,0.18,-1.302,0.372,-0.55,0.0244,1.0,0.995,0.532,0.171,1.698,0.145,track
1,666,0.143,-0.152,-0.127,-0.05,0.18,-1.302,0.372,-0.55,0.0244,1.0,0.995,0.532,0.171,1.698,0.175,track
1,667,0.144,-0.153,-0.125,-0.05,0.18,-1.302,0.402,-0.551,0.0273,1.0,0.995,0.495,0.179,1.669,0.183,track
1,668,0.144,-0.153,-0.123,-0.05,0.18,-1.302,0.414,-0.545,0.0283,1.0,0.996,0.49,0.182,1.668,0.116,track
1,669,0.145,-0.153,-0.121,-0.05,0.18,-1.302,0.429,-0.534,0.0303,1.0,0.995,0.488,0.187,1.671,0.102,track
1,670,0.145,-0.153,-0.119,-0.05,0.18,-1.302,0.429,-0.534,0.0303,1.0,0.995,0.488,0.187,1.671,0.132,track
1,671,0.146,-0.154,-0.117,-0.05,0.18,-1.302,0.429,-0.534,0.0303,1.0,0.996,0.488,0.187,1.671,0.061,track
1,672,0.146,-0.154,-0.115,-0.05,0.18,-1.302,0.424,-0.533,0.0312,1.0,0.996,0.497,0.19,1.683,0.059,track
1,673,0.147,-0.154,-0.114,-0.05,0.18,-1.302,0.408,-0.542,0.0332,1.0,0.996,0.502,0.196,1.694,0.05,track
1,674,0.147,-0.154,-0.112,-0.05,0.18,-1.302,0.415,-0.531,0.0332,1.0,0.996,0.511,0.196,1.703,0.097,track
1,675,0.148,-0.154,-0.11,-0.05,0.18,-1.302,0.415,-0.531,0.0332,1.0,0.997,0.511,0.196,1.703,0.123,track
1,676,0.148,-0.154,-0.108,-0.05,0.18,-1.302,0.422,-0.521,0.0322,1.0,0.996,0.519,0.193,1.708,0.132,track
1,677,0.149,-0.154,-0.106,-0.05,0.18,-1.302,0.422,-0.521,0.0322,1.0,0.997,0.519,0.193,1.709,0.106,track
1,678,0.149,-0.154,-0.105,-0.05,0.18,-1.302,0.402,-0.546,0.0342,1.0,0.996,0.503,0.198,1.698,0.111,track
1,679,0.15,-0.154,-0.103,-0.05,0.18,-1.302,0.398,-0.562,0.0352,1.0,0.996,0.482,0.201,1.679,0.205,track
1,680,0.15,-0.154,-0.101,-0.05,0.18,-1.302,0.398,-0.562,0.0352,1.0,0.997,0.482,0.201,1.681,0.174,track
1,681,0.151,-0.154,-0.1,-0.05,0.18,-1.302,0.398,-0.562,0.0352,1.0,0.996,0.482,0.201,1.68,0.126,track
1,682,0.151,-0.153,-0.098,-0.05,0.18,-1.302,0.398,-0.562,0.0352,1.0,0.997,0.482,0.201,1.681,0.154,track
1,683,0.151,-0.153,-0.096,-0.05,0.18,-1.302,0.405,-0.564,0.0381,1.0,0.997,0.47,0.21,1.677,0.13,track
1,684,0.152,-0.153,-0.095,-0.05,0.18,-1.302,0.405,-0.561,0.041,1.0,0.997,0.476,0.219,1.693,0.106,track
1,685,0.152,-0.153,-0.093,-0.05,0.18,-1.302,0.397,-0.567,0.041,1.0,0.997,0.475,0.219,1.691,0.1,track
1,686,0.153,-0.152,-0.091,-0.05,0.18,-1.302,0.41,-0.567,0.042,1.0,0.997,0.461,0.223,1.68,0.084,track
1,687,0.153,-0.152,-0.09,-0.05,0.18,-1.302,0.422,-0.57,0.042,1.0,0.997,0.443,0.223,1.663,0.054,track
1,688,0.153,-0.152,-0.088,-0.05,0.18,-1.302,0.422,-0.57,0.042,1.0,0.997,0.443,0.223,1.663,0.069,track
1,689,0.154,-0.151,-0.087,-0.05,0.18,-1.302,0.422,-0.57,0.042,1.0,0.997,0.443,0.223,1.663,0.042,track
1,690,0.154,-0.151,-0.085,-0.05,0.18,-1.302,0.398,-0.57,0.0469,1.0,0.997,0.468,0.239,1.704,0.04,track
1,691,0.154,-0.151,-0.083,-0.05,0.18,-1.302,0.398,-0.57,0.0469,1.0,0.997,0.468,0.239,1.704,0.089,track
1,692,0.155,-0.15,-0.082,-0.05,0.18,-1.302,0.381,-0.582,0.0439,1.0,0.998,0.469,0.229,1.695,0.105,track
1,693,0.155,-0.15,-0.081,-0.05,0.18,-1.302,0.362,-0.59,0.042,1.0,0.997,0.475,0.223,1.695,0.067,track
1,694,0.155,-0.149,-0.079,-0.05,0.18,-1.302,0.399,-0.592,0.0439,1.0,0.997,0.434,0.229,1.66,0.106,track
1,695,0.156,-0.149,-0.078,-0.05,0.18,-1.302,0.421,-0.582,0.0488,1.0,0.997,0.424,0.245,1.667,0.109,track
1,696,0.156,-0.148,-0.076,-0.05,0.18,-1.302,0.421,-0.582,0.0488,1.0,0.997,0.424,0.245,1.667,0.166,track
1,697,0.156,-0.147,-0.075,-0.05,0.18,-1.302,0.421,-0.582,0.0488,1.0,0.997,0.424,0.245,1.667,0.028,track
1,698,0.156,-0.147,-0.073,-0.05,0.18,-1.302,0.418,-0.58,0.0498,1.0,0.997,0.432,0.249,1.678,0.032,track
1,699,0.156,-0.146,-0.072,-0.05,0.18,-1.302,0.418,-0.58,0.0498,1.0,0.997,0.432,0.249,1.678,0.04,track
1,700,0.157,-0.145,-0.071,-0.05,0.18,-1.302,0.443,-0.582,0.0527,1.0,0.998,0.401,0.259,1.658,0.037,track
1,701,0.157,-0.145,-0.069,-0.05,0.18,-1.302,0.403,-0.594,0.0576,1.0,0.998,0.426,0.277,1.701,0.046,track
1,702,0.157,-0.144,-0.068,-0.05,0.18,-1.302,0.384,-0.606,0.0566,1.0,0.997,0.428,0.273,1.698,0.115,track
1,703,0.157,-0.143,-0.066,-0.05,0.18,-1.302,0.378,-0.614,0.0586,1.0,0.997,0.421,0.28,1.699,0.196,track
1,704,0.157,-0.143,-0.065,-0.05,0.18,-1.302,0.384,-0.617,0.0596,1.0,0.998,0.41,0.284,1.692,0.063,track
1,705,0.157,-0.142,-0.064,-0.05,0.18,-1.302,0.407,-0.62,0.0635,1.0,0.997,0.384,0.299,1.68,0.065,track
1,706,0.157,-0.141,-0.062,-0.05,0.18,-1.302,0.414,-0.621,0.0645,1.0,0.997,0.376,0.303,1.676,0.078,track
1,707,0.157,-0.14,-0.061,-0.05,0.18,-1.302,0.414,-0.621,0.0645,1.0,0.997,0.376,0.303,1.676,0.049,track
1,708,0.157,-0.14,-0.06,-0.05,0.18,-1.302,0.41,-0.625,0.0654,1.0,0.997,0.374,0.306,1.678,0.021,track
1,709,0.157,-0.139,-0.059,-0.05,0.18,-1.302,0.41,-0.625,0.0654,1.0,0.997,0.374,0.306,1.678,0.028,track
1,710,0.157,-0.138,-0.057,-0.05,0.18,-1.302,0.402,-0.621,0.0654,1.0,0.997,0.387,0.306,1.691,0.026,track
1,711,0.157,-0.137,-0.056,-0.05,0.18,-1.302,0.402,-0.621,0.0654,1.0,0.997,0.387,0.306,1.691,0.057,track
1,712,0.157,-0.136,-0.055,-0.05,0.18,-1.302,0.4,-0.619,0.0664,1.0,0.997,0.393,0.31,1.701,0.059,track
1,713,0.157,-0.135,-0.054,-0.05,0.18,-1.302,0.4,-0.619,0.0664,1.0,0.997,0.393,0.31,1.701,0.067,track
1,714,0.156,-0.134,-0.053,-0.05,0.18,-1.302,0.401,-0.614,0.0674,1.0,0.997,0.398,0.314,1.71,0.067,track
1,715,0.156,-0.133,-0.052,-0.05,0.18,-1.302,0.401,-0.614,0.0674,1.0,0.997,0.398,0.314,1.71,0.064,track
1,716,0.156,-0.132,-0.051,-0.05,0.18,-1.302,0.395,-0.62,0.0713,1.0,0.998,0.396,0.33,1.723,0.07,track
1,717,0.156,-0.131,-0.05,-0.05,0.18,-1.302,0.395,-0.62,0.0713,1.0,0.998,0.396,0.33,1.723,0.095,track
1,718,0.155,-0.13,-0.049,-0.05,0.18,-1.302,0.395,-0.62,0.0713,1.0,0.998,0.396,0.33,1.723,0.061,track
1,719,0.155,-0.129,-0.049,-0.05,0.18,-1.302,0.397,-0.609,0.0723,1.0,0.998,0.41,0.334,1.741,0.064,track
1,720,0.155,-0.128,-0.048,-0.05,0.18,-1.302,0.398,-0.604,0.0742,1.0,0.998,0.417,0.342,1.756,0.09,track
1,721,0.154,-0.127,-0.047,-0.05,0.18,-1.302,0.405,-0.598,0.0762,1.0,0.998,0.418,0.35,1.766,0.101,track
1,722,0.154,-0.126,-0.047,-0.05,0.18,-1.302,0.407,-0.598,0.0781,1.0,0.998,0.417,0.359,1.773,0.103,track
1,723,0.154,-0.125,-0.046,-0.05,0.18,-1.302,0.401,-0.597,0.0781,1.0,0.998,0.424,0.359,1.781,0.115,track
1,724,0.153,-0.124,-0.046,-0.05,0.18,-1.302,0.409,-0.593,0.0811,1.0,0.998,0.422,0.371,1.791,0.08,track
1,725,0.153,-0.123,-0.046,-0.05,0.18,-1.302,0.418,-0.593,0.0811,1.0,0.998,0.412,0.371,1.781,0.065,track
1,726,0.152,-0.122,-0.046,-0.05,0.18,-1.302,0.409,-0.593,0.0791,1.0,0.998,0.422,0.363,1.783,0.07,track
1,727,0.152,-0.12,-0.046,-0.05,0.18,-1.302,0.385,-0.594,0.085,1.0,0.998,0.445,0.388,1.831,0.089,track
1,728,0.151,-0.119,-0.045,-0.05,0.18,-1.302,0.374,-0.595,0.0859,1.0,0.999,0.454,0.393,1.845,0.116,track
1,729,0.151,-0.118,-0.046,-0.05,0.18,-1.302,0.381,-0.599,0.0869,1.0,0.999,0.441,0.397,1.837,0.101,track
1,730,0.15,-0.117,-0.046,-0.05,0.18,-1.302,0.392,-0.588,0.085,1.0,0.999,0.446,0.388,1.834,0.066,track
1,731,0.149,-0.116,-0.046,-0.05,0.18,-1.302,0.393,-0.58,0.0859,1.0,0.999,0.459,0.393,1.85,0.076,track
1,732,0.149,-0.115,-0.046,-0.05,0.18,-1.302,0.384,-0.583,0.0908,1.0,0.999,0.463,0.415,1.876,0.088,track
1,733,0.148,-0.113,-0.046,-0.05,0.18,-1.302,0.387,-0.577,0.0908,1.0,0.999,0.471,0.415,1.884,0.086,track
1,734,0.148,-0.112,-0.047,-0.05,0.18,-1.302,0.381,-0.576,0.0889,1.0,0.999,0.479,0.406,1.884,0.068,track
1,735,0.147,-0.111,-0.047,-0.05,0.18,-1.302,0.382,-0.573,0.0889,1.0,0.999,0.483,0.406,1.887,0.075,track
1,736,0.146,-0.11,-0.048,-0.05,0.18,-1.302,0.372,-0.567,0.0908,1.0,0.999,0.503,0.415,1.916,0.049,track
1,737,0.145,-0.108,-0.048,-0.05,0.18,-1.302,0.376,-0.56,0.0869,1.0,0.999,0.51,0.397,1.906,0.079,track
1,738,0.145,-0.107,-0.049,-0.05,0.18,-1.302,0.365,-0.56,0.083,1.0,0.999,0.523,0.38,1.902,0.058,track
1,739,0.144,-0.106,-0.049,-0.05,0.18,-1.302,0.359,-0.551,0.083,1.0,0.998,0.546,0.38,1.924,0.055,track
1,740,0.143,-0.105,-0.05,-0.05,0.18,-1.302,0.339,-0.55,0.0908,1.0,0.999,0.572,0.415,1.985,0.053,track
1,741,0.142,-0.103,-0.051,-0.05,0.18,-1.302,0.338,-0.547,0.0898,1.0,0.998,0.578,0.41,1.987,0.145,track
1,742,0.142,-0.102,-0.051,-0.05,0.18,-1.302,0.333,-0.547,0.0889,1.0,0.999,0.585,0.406,1.99,0.089,track
1,743,0.141,-0.101,-0.052,-0.05,0.18,-1.302,0.336,-0.544,0.0869,1.0,0.999,0.586,0.397,1.981,0.083,track
1,744,0.14,-0.1,-0.053,-0.05,0.18,-1.302,0.331,-0.536,0.0898,1.0,0.999,0.608,0.41,2.017,0.042,track
1,745,0.139,-0.099,-0.054,-0.05,0.18,-1.302,0.334,-0.533,0.0898,1.0,0.998,0.612,0.41,2.02,0.081,track
1,746,0.138,-0.097,-0.055,-0.05,0.18,-1.302,0.318,-0.534,0.083,1.0,0.998,0.628,0.38,2.007,0.077,track
1,747,0.137,-0.096,-0.056,-0.05,0.18,-1.302,0.325,-0.527,0.0811,1.0,0.998,0.634,0.371,2.003,0.064,track
1,748,0.136,-0.095,-0.058,-0.05,0.18,-1.302,0.319,-0.514,0.0811,1.0,0.998,0.667,0.371,2.037,0.104,track
1,749,0.135,-0.094,-0.059,-0.05,0.18,-1.302,0.305,-0.515,0.083,1.0,0.998,0.683,0.38,2.061,0.075,track
1,750,0.134,-0.093,-0.06,-0.05,0.18,-1.302,0.327,-0.507,0.082,1.0,0.998,0.671,0.375,2.044,0.094,track
1,751,0.133,-0.091,-0.061,-0.05,0.18,-1.302,0.322,-0.499,0.0811,1.0,0.998,0.693,0.371,2.063,0.092,track
1,752,0.132,-0.09,-0.062,-0.05,0.18,-1.302,0.326,-0.479,0.082,1.0,0.997,0.73,0.375,2.103,0.132,track
1,753,0.131,-0.089,-0.063,-0.05,0.18,-1.302,0.275,-0.501,0.0801,1.0,0.998,0.751,0.367,2.116,0.118,track
1,754,0.13,-0.088,-0.064,-0.05,0.18,-1.302,0.265,-0.492,0.0791,1.0,0.997,0.784,0.363,2.144,0.17,track
1,755,0.129,-0.087,-0.066,-0.05,0.18,-1.302,0.269,-0.488,0.0752,1.0,0.998,0.788,0.346,2.132,0.199,track
1,756,0.128,-0.086,-0.067,-0.05,0.18,-1.302,0.259,-0.479,0.0771,1.0,0.998,0.823,0.354,2.175,0.123,track
1,757,0.127,-0.085,-0.068,-0.05,0.18,-1.302,0.259,-0.474,0.0762,1.0,0.998,0.835,0.35,2.183,0.106,track
1,758,0.126,-0.084,-0.07,-0.05,0.18,-1.302,0.259,-0.465,0.0762,1.0,0.998,0.856,0.35,2.204,0.061,track
1,759,0.125,-0.083,-0.071,-0.05,0.18,-1.302,0.253,-0.467,0.0713,1.0,0.998,0.857,0.33,2.185,0.032,track
1,760,0.123,-0.081,-0.073,-0.05,0.18,-1.302,0.258,-0.46,0.0703,1.0,0.998,0.868,0.326,2.192,0.064,track
1,761,0.122,-0.08,-0.074,-0.05,0.18,-1.302,0.267,-0.445,0.0693,1.0,0.998,0.891,0.322,2.211,0.073,track
1,762,0.121,-0.08,-0.075,-0.05,0.18,-1.302,0.271,-0.438,0.0654,1.0,0.998,0.901,0.306,2.205,0.092,track
1,763,0.12,-0.079,-0.077,-0.05,0.18,-1.302,0.261,-0.426,0.0674,1.0,0.998,0.947,0.314,2.259,0.076,track
1,764,0.119,-0.078,-0.078,-0.05,0.18,-1.302,0.255,-0.417,0.0684,1.0,0.998,0.976,0.318,2.292,0.082,track
1,765,0.117,-0.077,-0.079,-0.05,0.18,-1.302,0.26,-0.408,0.0635,1.0,0.998,0.992,0.299,2.289,0.071,track
1,766,0.116,-0.076,-0.08,-0.05,0.18,-1.302,0.27,-0.412,0.0596,1.0,0.998,0.965,0.284,2.247,0.069,track
1,767,0.115,-0.075,-0.082,-0.05,0.18,-1.302,0.266,-0.396,0.0586,1.0,0.998,1.011,0.28,2.29,0.121,track
1,768,0.113,-0.074,-0.083,-0.05,0.18,-1.302,0.241,-0.382,0.0605,1.0,0.997,1.084,0.288,2.369,0.171,track
1,769,0.112,-0.073,-0.084,-0.05,0.18,-1.302,0.253,-0.361,0.0615,1.0,0.997,1.116,0.291,2.405,0.102,track
1,770,0.111,-0.073,-0.085,-0.05,0.18,-1.302,0.241,-0.373,0.0527,1.0,0.998,1.108,0.259,2.365,0.048,track
1,771,0.109,-0.072,-0.086,-0.05,0.18,-1.302,0.214,-0.35,0.0527,1.0,0.998,1.208,0.259,2.465,0.105,track
1,772,0.108,-0.071,-0.087,-0.05,0.18,-1.302,0.186,-0.304,0.0518,1.0,0.994,1.365,0.255,2.615,0.333,track
1,773,0.106,-0.07,-0.088,-0.05,0.18,-1.302,0.181,-0.311,0.0488,1.0,0.993,1.355,0.245,2.593,0.221,track
1,774,0.105,-0.07,-0.09,-0.05,0.18,-1.302,0.138,-0.285,0.0439,1.0,0.997,1.482,0.229,2.708,0.252,track
1,775,0.104,-0.069,-0.091,-0.05,0.18,-1.302,0.174,-0.256,0.0508,1.0,0.988,1.5,0.252,2.74,0.404,track
1,776,0.102,-0.068,-0.093,-0.05,0.18,-1.302,0.122,-0.266,0.041,1.0,0.993,1.546,0.219,2.758,0.462,track
1,777,0.101,-0.068,-0.095,-0.05,0.18,-1.302,0.148,-0.239,0.043,1.0,0.992,1.579,0.226,2.797,0.429,track
1,778,0.099,-0.067,-0.096,-0.05,0.18,-1.302,0.134,-0.222,0.0459,1.0,0.992,1.634,0.235,2.861,0.443,track
1,779,0.098,-0.067,-0.098,-0.05,0.18,-1.302,0.094,-0.238,0.042,1.0,0.993,1.642,0.223,2.858,0.391,track
1,780,0.097,-0.066,-0.101,-0.05,0.18,-1.302,0.098,-0.255,0.0381,1.0,0.995,1.6,0.21,2.804,0.357,track
1,781,0.095,-0.065,-0.103,-0.05,0.18,-1.302,0.113,-0.217,0.042,1.0,0.994,1.672,0.223,2.888,0.464,track
1,782,0.094,-0.065,-0.105,-0.05,0.18,-1.302,0.102,-0.209,0.0391,1.0,0.993,1.7,0.213,2.906,0.532,track
1,783,0.092,-0.064,-0.108,-0.05,0.18,-1.302,0.089,-0.225,0.0391,1.0,0.995,1.678,0.213,2.886,0.393,track
1,784,0.091,-0.064,-0.111,-0.05,0.18,-1.302,0.077,-0.196,0.0381,1.0,0.995,1.752,0.21,2.957,0.307,track
1,785,0.09,-0.064,-0.113,-0.05,0.18,-1.302,0.092,-0.189,0.0391,1.0,0.992,1.751,0.213,2.957,0.389,track
1,786,0.089,-0.063,-0.116,-0.05,0.18,-1.302,0.043,-0.24,0.0352,1.0,0.993,1.674,0.201,2.869,0.434,track
1,787,0.087,-0.063,-0.119,-0.05,0.18,-1.302,0.105,-0.145,0.0342,1.0,0.994,1.817,0.198,3.01,0.509,track
1,788,0.086,-0.062,-0.122,-0.05,0.18,-1.302,0.077,-0.171,0.0303,1.0,0.99,1.799,0.187,2.976,0.48,track
1,789,0.085,-0.062,-0.125,-0.05,0.18,-1.302,0.081,-0.125,0.0303,1.0,0.994,1.872,0.187,3.052,0.431,track
1,790,0.084,-0.062,-0.129,-0.05,0.18,-1.302,0.06,-0.123,0.0293,1.0,0.99,1.891,0.184,3.065,0.38,track
1,791,0.083,-0.062,-0.132,-0.05,0.18,-1.302,0.062,-0.106,0.0254,1.0,0.992,1.911,0.173,3.077,0.312,track
1,792,0.081,-0.061,-0.136,-0.05,0.18,-1.302,0.072,-0.081,0.0264,1.0,0.99,1.931,0.176,3.097,0.326,track
1,793,0.08,-0.061,-0.14,-0.05,0.18,-1.302,0.03,-0.068,0.0244,1.0,0.991,1.968,0.171,3.129,0.374,track
1,794,0.079,-0.061,-0.145,-0.05,0.18,-1.302,0.003,-0.062,0.0195,1.0,0.989,1.977,0.158,3.124,0.375,track
1,795,0.078,-0.061,-0.149,-0.05,0.18,-1.302,0.076,0.021,0.0176,1.0,0.99,1.963,0.153,3.106,0.432,track
1,796,0.077,-0.06,-0.154,-0.05,0.18,-1.302,0.038,-0.021,0.0146,1.0,0.988,1.989,0.146,3.123,0.363,track
1,797,0.076,-0.06,-0.16,-0.05,0.18,-1.302,0.01,0.038,0.0127,1.0,0.989,1.991,0.142,3.121,0.538,track
1,798,0.075,-0.06,-0.165,-0.05,0.18,-1.302,0.047,0.135,0.0117,1.0,0.986,1.881,0.139,3.006,0.454,track
1,799,0.074,-0.06,-0.17,-0.05,0.18,-1.302,0.0,0.031,0.0078,1.0,0.985,1.994,0.13,3.11,0.375,track
1,800,0.074,-0.06,-0.175,-0.05,0.18,-1.302,0.047,0.125,0.0039,1.0,0.989,1.896,0.122,3.007,0.317,track
1,801,0.073,-0.06,-0.181,-0.05,0.18,-1.302,0.0,0.0,0.0,0.0,0.986,0.0,0.0,-0.014,0.456,track
1,802,0.072,-0.06,-0.186,-0.05,0.18,-1.302,0.0,0.0,0.0,0.0,0.99,0.0,0.0,-0.01,0.637,track
1,803,0.072,-0.06,-0.19,-0.05,0.18,-1.302,0.0,0.0,0.0,0.0,0.986,0.0,0.0,-0.014,0.617,track
1,804,0.071,-0.06,-0.194,-0.05,0.18,-1.302,0.0,0.0,0.0,0.0,0.977,0.0,0.0,-0.023,0.67,track
1,805,0.071,-0.061,-0.197,-0.05,0.18,-1.302,0.0,0.0,0.0,0.0,0.971,0.0,0.0,-0.029,0.798,track
1,806,0.07,-0.061,-0.199,-0.05,0.18,-1.302,0.0,0.0,0.0,0.0,0.969,0.0,0.0,-0.031,0.832,track
1,807,0.07,-0.061,-0.2,-0.05,0.18,-1.302,0.0,0.0,0.0,0.0,0.971,0.0,0.0,-0.029,0.841,track
1,808,0.07,-0.062,-0.201,-0.05,0.18,-1.302,0.0,0.0,0.0,0.0,0.974,0.0,0.0,-0.026,0.81,track
1,809,0.069,-0.062,-0.2,-0.05,0.18,-1.302,0.0,0.0,0.0,0.0,0.979,0.0,0.0,-0.021,0.734,track
1,810,0.069,-0.063,-0.199,-0.05,0.18,-1.302,0.0,0.0,0.0,0.0,0.983,0.0,0.0,-0.017,0.631,track
1,811,0.069,-0.063,-0.198,-0.05,0.18,-1.302,0.0,0.0,0.0,0.0,0.985,0.0,0.0,-0.015,0.546,track
1,812,0.068,-0.064,-0.196,-0.05,0.18,-1.302,0.0,0.0,0.0,0.0,0.986,0.0,0.0,-0.014,0.454,track
1,813,0.068,-0.064,-0.194,-0.05,0.18,-1.302,0.0,0.0,0.0,0.0,0.987,0.0,0.0,-0.013,0.31,track
1,814,0.068,-0.065,-0.191,-0.05,0.18,-1.302,0.0,0.0,0.0,0.0,0.987,0.0,0.0,-0.013,0.223,track
1,815,0.067,-0.066,-0.188,-0.05,0.18,-1.302,0.0,0.0,0.0,0.0,0.987,0.0,0.0,-0.013,0.156,track
1,816,0.067,-0.066,-0.185,-0.05,0.18,-1.302,0.0,0.0,0.0,0.0,0.987,0.0,0.0,-0.013,0.138,track
1,817,0.067,-0.067,-0.182,-0.05,0.18,-1.302,0.292,-0.042,0.0029,1.0,0.987,1.541,0.12,2.649,0.151,track
1,818,0.066,-0.068,-0.179,-0.05,0.18,-1.302,0.0,0.0,0.0,0.0,0.99,0.0,0.0,-0.01,0.647,track
1,819,0.066,-0.068,-0.176,-0.05,0.18,-1.302,0.229,-0.104,0.0029,1.0,0.982,1.654,0.12,2.756,0.716,track
1,820,0.065,-0.069,-0.173,-0.05,0.18,-1.302,0.125,-0.17,0.0068,1.0,0.989,1.751,0.128,2.868,0.832,track
1,821,0.065,-0.069,-0.171,-0.05,0.18,-1.302,0.156,-0.141,0.0078,1.0,0.982,1.752,0.13,2.864,0.608,track
1,822,0.064,-0.07,-0.168,-0.05,0.18,-1.302,0.188,-0.102,0.0078,1.0,0.98,1.745,0.13,2.855,0.662,track
1,823,0.064,-0.071,-0.167,-0.05,0.18,-1.302,0.162,-0.094,0.0098,1.0,0.98,1.8,0.135,2.915,0.649,track
1,824,0.063,-0.071,-0.166,-0.05,0.18,-1.302,0.125,-0.165,0.0107,1.0,0.981,1.759,0.137,2.877,0.693,track
1,825,0.063,-0.072,-0.166,-0.05,0.18,-1.302,0.098,-0.071,0.0068,1.0,0.983,1.913,0.128,3.025,0.606,track
1,826,0.062,-0.073,-0.166,-0.05,0.18,-1.302,0.114,-0.114,0.0107,1.0,0.981,1.851,0.137,2.969,0.645,track
1,827,0.062,-0.073,-0.167,-0.05,0.18,-1.302,0.132,-0.083,0.0088,1.0,0.986,1.859,0.133,2.978,0.686,track
1,828,0.061,-0.074,-0.168,-0.05,0.18,-1.302,0.119,-0.045,0.0107,1.0,0.99,1.905,0.137,3.031,0.528,track
1,829,0.061,-0.074,-0.17,-0.05,0.18,-1.302,0.083,-0.115,0.0059,1.0,0.991,1.883,0.126,3.001,0.458,track
1,830,0.06,-0.075,-0.172,-0.05,0.18,-1.302,0.104,-0.073,0.0059,1.0,0.988,1.905,0.126,3.02,0.447,track
1,831,0.06,-0.076,-0.175,-0.05,0.18,-1.302,0.016,0.0,0.0039,1.0,0.993,1.999,0.122,3.113,0.511,track
1,832,0.059,-0.076,-0.177,-0.05,0.18,-1.302,0.062,0.083,0.0029,1.0,0.994,1.936,0.12,3.05,0.424,track
1,833,0.059,-0.077,-0.18,-0.05,0.18,-1.302,0.0,0.0,0.0,0.0,0.991,0.0,0.0,-0.009,0.232,track
1,834,0.059,-0.078,-0.183,-0.05,0.18,-1.302,0.0,0.0,0.0,0.0,0.991,0.0,0.0,-0.009,0.729,track
1,835,0.058,-0.078,-0.186,-0.05,0.18,-1.302,0.0,0.0,0.0,0.0,0.977,0.0,0.0,-0.023,0.618,track
1,836,0.058,-0.079,-0.188,-0.05,0.18,-1.302,0.0,0.0,0.0,0.0,0.971,0.0,0.0,-0.029,0.83,track
1,837,0.058,-0.08,-0.189,-0.05,0.18,-1.302,0.0,0.0,0.0,0.0,0.969,0.0,0.0,-0.031,0.864,track
1,838,0.058,-0.081,-0.189,-0.05,0.18,-1.302,0.0,0.0,0.0,0.0,0.971,0.0,0.0,-0.029,0.852,track
1,839,0.058,-0.081,-0.188,-0.05,0.18,-1.302,0.0,0.0,0.0,0.0,0.977,0.0,0.0,-0.023,0.801,track
1,840,0.058,-0.082,-0.187,-0.05,0.18,-1.302,0.0,0.0,0.0,0.0,0.985,0.0,0.0,-0.015,0.687,track
1,841,0.058,-0.083,-0.185,-0.05,0.18,-1.302,0.0,0.0,0.0,0.0,0.99,0.0,0.0,-0.01,0.558,track
1,842,0.058,-0.084,-0.182,-0.05,0.18,-1.302,0.125,-0.125,0.0029,1.0,0.991,1.821,0.12,2.933,0.425,track
1,843,0.058,-0.085,-0.179,-0.05,0.18,-1.302,0.333,0.0,0.0029,1.0,0.976,1.433,0.12,2.529,0.916,track
1,844,0.058,-0.086,-0.177,-0.05,0.18,-1.302,0.281,0.0,0.0039,1.0,0.97,1.578,0.122,2.67,0.788,track
1,845,0.058,-0.086,-0.175,-0.05,0.18,-1.302,0.125,-0.062,0.0029,1.0,0.99,1.886,0.12,2.996,0.681,track
1,846,0.057,-0.087,-0.173,-0.05,0.18,-1.302,0.17,-0.089,0.0068,1.0,0.987,1.791,0.128,2.907,0.673,track
1,847,0.057,-0.088,-0.172,-0.05,0.18,-1.302,0.169,-0.075,0.0098,1.0,0.992,1.806,0.135,2.933,0.553,track
1,848,0.057,-0.089,-0.171,-0.05,0.18,-1.302,0.188,-0.062,0.0068,1.0,0.993,1.779,0.128,2.9,0.549,track
1,849,0.057,-0.09,-0.171,-0.05,0.18,-1.302,0.104,-0.174,0.0088,1.0,0.995,1.769,0.133,2.896,0.464,track
1,850,0.057,-0.091,-0.171,-0.05,0.18,-1.302,0.112,-0.156,0.0098,1.0,0.997,1.789,0.135,2.921,0.485,track
1,851,0.057,-0.092,-0.172,-0.05,0.18,-1.302,0.132,-0.132,0.0088,1.0,0.998,1.802,0.133,2.932,0.456,track
1,852,0.057,-0.092,-0.173,-0.05,0.18,-1.302,0.132,-0.104,0.0088,1.0,0.995,1.837,0.133,2.965,0.465,track
1,853,0.057,-0.093,-0.174,-0.05,0.18,-1.302,0.194,0.014,0.0088,1.0,0.995,1.785,0.133,2.913,0.437,track
1,854,0.057,-0.094,-0.176,-0.05,0.18,-1.302,0.125,-0.062,0.0039,1.0,0.991,1.886,0.122,3.0,0.269,track
1,855,0.057,-0.095,-0.177,-0.05,0.18,-1.302,0.172,0.031,0.0039,1.0,0.995,1.825,0.122,2.942,0.491,track
1,856,0.057,-0.096,-0.179,-0.05,0.18,-1.302,0.062,-0.047,0.0039,1.0,0.988,1.964,0.122,3.074,0.619,track
1,857,0.057,-0.097,-0.182,-0.05,0.18,-1.302,0.062,-0.047,0.0039,1.0,0.996,1.964,0.122,3.081,0.654,track
1,858,0.057,-0.098,-0.184,-0.05,0.18,-1.302,0.104,0.021,0.0029,1.0,0.996,1.933,0.12,3.05,0.328,track
1,859,0.058,-0.099,-0.187,-0.05,0.18,-1.302,0.0,0.0,0.0,0.0,0.996,0.0,0.0,-0.004,0.279,track
1,860,0.058,-0.1,-0.189,-0.05,0.18,-1.302,0.0,0.0,0.0,0.0,0.99,0.0,0.0,-0.01,0.808,track
1,861,0.058,-0.1,-0.191,-0.05,0.18,-1.302,0.0,0.0,0.0,0.0,0.974,0.0,0.0,-0.026,0.672,track
1,862,0.058,-0.101,-0.192,-0.05,0.18,-1.302,0.0,0.0,0.0,0.0,0.971,0.0,0.0,-0.029,0.864,track
1,863,0.059,-0.102,-0.193,-0.05,0.18,-1.302,0.0,0.0,0.0,0.0,0.971,0.0,0.0,-0.029,0.865,track
1,864,0.059,-0.103,-0.192,-0.05,0.18,-1.302,0.0,0.0,0.0,0.0,0.975,0.0,0.0,-0.025,0.829,track
1,865,0.059,-0.105,-0.191,-0.05,0.18,-1.302,0.0,0.0,0.0,0.0,0.981,0.0,0.0,-0.019,0.762,track
1,866,0.06,-0.106,-0.189,-0.05,0.18,-1.302,0.0,0.0,0.0,0.0,0.987,0.0,0.0,-0.013,0.655,track
1,867,0.06,-0.107,-0.187,-0.05,0.18,-1.302,0.0,0.0,0.0,0.0,0.991,0.0,0.0,-0.009,0.502,track
1,868,0.061,-0.108,-0.184,-0.05,0.18,-1.302,0.0,0.0,0.0,0.0,0.991,0.0,0.0,-0.009,0.386,track
1,869,0.061,-0.109,-0.181,-0.05,0.18,-1.302,0.2,-0.162,0.0049,1.0,0.99,1.639,0.124,2.753,0.309,track
1,870,0.061,-0.11,-0.178,-0.05,0.18,-1.302,0.223,-0.223,0.0068,1.0,0.977,1.483,0.128,2.588,0.849,track
1,871,0.061,-0.111,-0.174,-0.05,0.18,-1.302,0.146,-0.26,0.0059,1.0,0.974,1.531,0.126,2.631,0.656,track
1,872,0.062,-0.112,-0.172,-0.05,0.18,-1.302,0.264,-0.153,0.0088,1.0,0.981,1.513,0.133,2.627,0.67,track
1,873,0.062,-0.113,-0.17,-0.05,0.18,-1.302,0.271,-0.139,0.0088,1.0,0.986,1.515,0.133,2.633,0.505,track
1,874,0.062,-0.114,-0.168,-0.05,0.18,-1.302,0.203,-0.234,0.0117,1.0,0.993,1.499,0.139,2.631,0.47,track
1,875,0.063,-0.115,-0.167,-0.05,0.18,-1.302,0.182,-0.227,0.0107,1.0,0.997,1.551,0.137,2.685,0.39,track
1,876,0.063,-0.117,-0.166,-0.05,0.18,-1.302,0.24,-0.183,0.0127,1.0,0.997,1.521,0.142,2.66,0.565,track
1,877,0.063,-0.118,-0.165,-0.05,0.18,-1.302,0.234,-0.203,0.0156,1.0,0.994,1.499,0.148,2.642,0.542,track
1,878,0.063,-0.119,-0.165,-0.05,0.18,-1.302,0.224,-0.206,0.0166,1.0,0.999,1.515,0.151,2.665,0.343,track
1,879,0.064,-0.12,-0.164,-0.05,0.18,-1.302,0.224,-0.206,0.0166,1.0,0.997,1.515,0.151,2.662,0.313,track
1,880,0.064,-0.121,-0.164,-0.05,0.18,-1.302,0.224,-0.206,0.0166,1.0,0.999,1.515,0.151,2.664,0.364,track
1,881,0.064,-0.122,-0.164,-0.05,0.18,-1.302,0.224,-0.206,0.0166,1.0,0.996,1.515,0.151,2.662,0.368,track
1,882,0.065,-0.123,-0.164,-0.05,0.18,-1.302,0.224,-0.206,0.0166,1.0,0.998,1.515,0.151,2.663,0.442,track
1,883,0.065,-0.124,-0.164,-0.05,0.18,-1.302,0.212,-0.222,0.0176,1.0,0.995,1.507,0.153,2.656,0.486,track
1,884,0.065,-0.125,-0.164,-0.05,0.18,-1.302,0.207,-0.238,0.0156,1.0,0.995,1.483,0.148,2.626,0.641,track
1,885,0.066,-0.126,-0.164,-0.05,0.18,-1.302,0.207,-0.238,0.0156,1.0,0.998,1.483,0.148,2.63,0.494,track
1,886,0.066,-0.128,-0.164,-0.05,0.18,-1.302,0.229,-0.242,0.0146,1.0,0.995,1.434,0.146,2.575,0.462,track
1,887,0.067,-0.129,-0.164,-0.05,0.18,-1.302,0.238,-0.204,0.0146,1.0,0.998,1.49,0.146,2.634,0.435,track
1,888,0.067,-0.13,-0.164,-0.05,0.18,-1.302,0.238,-0.204,0.0146,1.0,0.999,1.49,0.146,2.635,0.136,track
1,889,0.068,-0.131,-0.164,-0.05,0.18,-1.302,0.219,-0.25,0.0156,1.0,0.997,1.436,0.148,2.582,0.216,track
1,890,0.068,-0.132,-0.164,-0.05,0.18,-1.302,0.223,-0.227,0.0156,1.0,0.994,1.478,0.148,2.62,0.533,track
1,891,0.069,-0.133,-0.164,-0.05,0.18,-1.302,0.259,-0.174,0.0137,1.0,0.997,1.493,0.144,2.635,0.449,track
1,892,0.069,-0.134,-0.164,-0.05,0.18,-1.302,0.24,-0.188,0.0127,1.0,0.997,1.513,0.142,2.652,0.187,track
1,893,0.07,-0.136,-0.164,-0.05,0.18,-1.302,0.246,-0.175,0.0146,1.0,0.998,1.522,0.146,2.667,0.166,track
1,894,0.07,-0.137,-0.165,-0.05,0.18,-1.302,0.246,-0.175,0.0146,1.0,0.997,1.522,0.146,2.665,0.103,track
1,895,0.071,-0.138,-0.165,-0.05,0.18,-1.302,0.25,-0.174,0.0137,1.0,0.998,1.514,0.144,2.656,0.133,track
1,896,0.071,-0.139,-0.165,-0.05,0.18,-1.302,0.25,-0.174,0.0137,1.0,0.998,1.514,0.144,2.655,0.09,track
1,897,0.072,-0.14,-0.165,-0.05,0.18,-1.302,0.228,-0.196,0.0137,1.0,0.998,1.525,0.144,2.667,0.131,track
1,898,0.072,-0.142,-0.165,-0.05,0.18,-1.302,0.232,-0.196,0.0137,1.0,0.998,1.515,0.144,2.657,0.058,track
1,899,0.073,-0.143,-0.166,-0.05,0.18,-1.302,0.233,-0.192,0.0146,1.0,0.998,1.521,0.146,2.666,0.101,track
1,900,0.074,-0.144,-0.166,-0.05,0.18,-1.302,0.267,-0.162,0.0146,1.0,0.998,1.493,0.146,2.637,0.175,track
1,901,0.074,-0.145,-0.166,-0.05,0.18,-1.302,0.239,-0.228,0.0166,1.0,0.998,1.442,0.151,2.591,0.147,track
1,902,0.075,-0.147,-0.166,-0.05,0.18,-1.302,0.193,-0.24,0.0117,1.0,0.995,1.506,0.139,2.64,0.301,track
1,903,0.075,-0.148,-0.166,-0.05,0.18,-1.302,0.246,-0.258,0.0146,1.0,0.995,1.366,0.146,2.507,0.512,track
1,904,0.076,-0.149,-0.167,-0.05,0.18,-1.302,0.263,-0.219,0.0137,1.0,0.994,1.407,0.144,2.545,0.542,track
1,905,0.077,-0.15,-0.167,-0.05,0.18,-1.302,0.258,-0.23,0.0156,1.0,0.996,1.397,0.148,2.541,0.582,track
1,906,0.077,-0.152,-0.166,-0.05,0.18,-1.302,0.242,-0.242,0.0156,1.0,0.996,1.407,0.148,2.551,0.502,track
1,907,0.078,-0.153,-0.166,-0.05,0.18,-1.302,0.269,-0.231,0.0127,1.0,0.996,1.372,0.142,2.509,0.403,track
1,908,0.079,-0.154,-0.166,-0.05,0.18,-1.302,0.303,-0.202,0.0127,1.0,0.998,1.344,0.142,2.483,0.413,track
1,909,0.08,-0.156,-0.166,-0.05,0.18,-1.302,0.303,-0.202,0.0127,1.0,0.998,1.344,0.142,2.484,0.292,track
1,910,0.08,-0.157,-0.165,-0.05,0.18,-1.302,0.29,-0.219,0.0137,1.0,0.997,1.346,0.144,2.486,0.374,track
1,911,0.081,-0.158,-0.165,-0.05,0.18,-1.302,0.26,-0.25,0.0117,1.0,0.998,1.353,0.139,2.49,0.413,track
1,912,0.082,-0.16,-0.164,-0.05,0.18,-1.302,0.277,-0.263,0.0137,1.0,0.999,1.291,0.144,2.433,0.265,track
1,913,0.083,-0.161,-0.163,-0.05,0.18,-1.302,0.333,-0.229,0.0176,1.0,0.995,1.224,0.153,2.373,0.396,track
1,914,0.083,-0.163,-0.163,-0.05,0.18,-1.302,0.301,-0.279,0.0166,1.0,0.999,1.205,0.151,2.355,0.312,track
1,915,0.084,-0.164,-0.162,-0.05,0.18,-1.302,0.288,-0.306,0.0176,1.0,0.998,1.178,0.153,2.329,0.218,track
1,916,0.085,-0.165,-0.161,-0.05,0.18,-1.302,0.263,-0.375,0.0186,1.0,0.995,1.066,0.156,2.217,0.339,track
1,917,0.086,-0.167,-0.16,-0.05,0.18,-1.302,0.247,-0.443,0.0215,1.0,0.995,0.924,0.163,2.082,0.407,track
1,918,0.086,-0.168,-0.159,-0.05,0.18,-1.302,0.271,-0.452,0.0205,1.0,0.98,0.869,0.161,2.009,0.507,track
1,919,0.087,-0.17,-0.157,-0.05,0.18,-1.302,0.274,-0.458,0.0205,1.0,0.994,0.85,0.161,2.005,0.537,track
1,920,0.088,-0.171,-0.156,-0.05,0.18,-1.302,0.363,-0.355,0.0156,1.0,0.994,0.921,0.148,2.064,0.292,track
1,921,0.089,-0.173,-0.154,-0.05,0.18,-1.302,0.328,-0.441,0.0195,1.0,0.99,0.809,0.158,1.957,0.481,track
1,922,0.089,-0.174,-0.152,-0.05,0.18,-1.302,0.318,-0.479,0.0205,1.0,0.998,0.741,0.161,1.899,0.554,track
1,923,0.09,-0.175,-0.15,-0.05,0.18,-1.302,0.33,-0.477,0.0215,1.0,0.989,0.729,0.163,1.881,0.512,track
1,924,0.091,-0.177,-0.148,-0.05,0.18,-1.302,0.33,-0.511,0.0215,1.0,0.997,0.659,0.163,1.819,0.446,track
1,925,0.091,-0.178,-0.146,-0.05,0.18,-1.302,0.367,-0.478,0.0225,1.0,0.992,0.672,0.166,1.831,0.348,track
1,926,0.092,-0.179,-0.144,-0.05,0.18,-1.302,0.4,-0.419,0.0195,1.0,0.993,0.731,0.158,1.883,0.345,track
1,927,0.093,-0.181,-0.141,-0.05,0.18,-1.302,0.393,-0.485,0.0205,1.0,0.997,0.621,0.161,1.779,0.36,track
1,928,0.094,-0.182,-0.139,-0.05,0.18,-1.302,0.397,-0.484,0.0225,1.0,0.995,0.618,0.166,1.779,0.34,track
1,929,0.094,-0.183,-0.136,-0.05,0.18,-1.302,0.385,-0.495,0.0234,1.0,0.995,0.614,0.168,1.778,0.251,track
1,930,0.095,-0.184,-0.134,-0.05,0.18,-1.302,0.38,-0.513,0.0234,1.0,0.997,0.589,0.168,1.753,0.231,track
1,931,0.096,-0.185,-0.131,-0.05,0.18,-1.302,0.445,-0.486,0.0254,1.0,0.994,0.545,0.173,1.712,0.226,track
1,932,0.096,-0.186,-0.128,-0.05,0.18,-1.302,0.448,-0.481,0.0293,1.0,0.996,0.547,0.184,1.727,0.187,track
1,933,0.097,-0.188,-0.125,-0.05,0.18,-1.302,0.442,-0.494,0.0303,1.0,0.996,0.536,0.187,1.719,0.199,track
1,934,0.098,-0.189,-0.123,-0.05,0.18,-1.302,0.433,-0.504,0.0293,1.0,0.996,0.531,0.184,1.711,0.106,track
1,935,0.098,-0.19,-0.12,-0.05,0.18,-1.302,0.422,-0.525,0.0322,1.0,0.996,0.513,0.193,1.702,0.068,track
1,936,0.099,-0.191,-0.117,-0.05,0.18,-1.302,0.417,-0.528,0.0322,1.0,0.996,0.514,0.193,1.702,0.09,track
1,937,0.1,-0.192,-0.114,-0.05,0.18,-1.302,0.417,-0.542,0.0322,1.0,0.996,0.493,0.193,1.681,0.123,track
1,938,0.1,-0.192,-0.111,-0.05,0.18,-1.302,0.435,-0.544,0.0303,1.0,0.996,0.465,0.187,1.648,0.088,track
1,939,0.101,-0.193,-0.108,-0.05,0.18,-1.302,0.498,-0.494,0.0322,1.0,0.995,0.456,0.193,1.644,0.091,track
1,940,0.101,-0.194,-0.105,-0.05,0.18,-1.302,0.502,-0.492,0.0322,1.0,0.995,0.454,0.193,1.642,0.155,track
1,941,0.102,-0.195,-0.102,-0.05,0.18,-1.302,0.509,-0.483,0.0332,1.0,0.993,0.456,0.196,1.644,0.342,track
1,942,0.103,-0.196,-0.099,-0.05,0.18,-1.302,0.463,-0.521,0.041,1.0,0.995,0.466,0.219,1.681,0.169,track
1,943,0.103,-0.196,-0.096,-0.05,0.18,-1.302,0.456,-0.526,0.042,1.0,0.995,0.467,0.223,1.684,0.199,track
1,944,0.104,-0.197,-0.093,-0.05,0.18,-1.302,0.451,-0.538,0.04,1.0,0.996,0.456,0.216,1.668,0.259,track
1,945,0.104,-0.198,-0.091,-0.05,0.18,-1.302,0.441,-0.551,0.0381,1.0,0.997,0.449,0.21,1.656,0.166,track
1,946,0.105,-0.198,-0.088,-0.05,0.18,-1.302,0.445,-0.548,0.0391,1.0,0.996,0.447,0.213,1.657,0.132,track
1,947,0.105,-0.199,-0.085,-0.05,0.18,-1.302,0.458,-0.548,0.041,1.0,0.996,0.433,0.219,1.649,0.157,track
1,948,0.106,-0.199,-0.082,-0.05,0.18,-1.302,0.458,-0.548,0.041,1.0,0.996,0.433,0.219,1.649,0.1,track
1,949,0.106,-0.2,-0.08,-0.05,0.18,-1.302,0.496,-0.529,0.0459,1.0,0.996,0.413,0.235,1.644,0.048,track
1,950,0.107,-0.2,-0.077,-0.05,0.18,-1.302,0.487,-0.547,0.0469,1.0,0.997,0.4,0.239,1.636,0.064,track
1,951,0.107,-0.201,-0.074,-0.05,0.18,-1.302,0.487,-0.547,0.0469,1.0,0.995,0.4,0.239,1.634,0.143,track
1,952,0.108,-0.201,-0.071,-0.05,0.18,-1.302,0.478,-0.559,0.0508,1.0,0.996,0.394,0.252,1.643,0.175,track
1,953,0.108,-0.202,-0.069,-0.05,0.18,-1.302,0.466,-0.57,0.0518,1.0,0.996,0.394,0.255,1.646,0.107,track
1,954,0.109,-0.202,-0.066,-0.05,0.18,-1.302,0.487,-0.557,0.0566,1.0,0.996,0.387,0.273,1.656,0.109,track
1,955,0.109,-0.202,-0.064,-0.05,0.18,-1.302,0.498,-0.566,0.0557,1.0,0.997,0.364,0.269,1.63,0.131,track
1,956,0.11,-0.203,-0.061,-0.05,0.18,-1.302,0.497,-0.568,0.0566,1.0,0.996,0.363,0.273,1.632,0.125,track
1,957,0.11,-0.203,-0.058,-0.05,0.18,-1.302,0.496,-0.569,0.0605,1.0,0.996,0.363,0.288,1.646,0.091,track
1,958,0.11,-0.203,-0.056,-0.05,0.18,-1.302,0.491,-0.572,0.0625,1.0,0.997,0.363,0.295,1.655,0.061,track
1,959,0.111,-0.204,-0.053,-0.05,0.18,-1.302,0.494,-0.571,0.0635,1.0,0.996,0.361,0.299,1.656,0.067,track
1,960,0.111,-0.204,-0.051,-0.05,0.18,-1.302,0.514,-0.567,0.0674,1.0,0.997,0.345,0.314,1.655,0.041,track
1,961,0.111,-0.204,-0.049,-0.05,0.18,-1.302,0.504,-0.581,0.0664,1.0,0.997,0.34,0.31,1.646,0.019,track
1,962,0.112,-0.204,-0.046,-0.05,0.18,-1.302,0.5,-0.587,0.0703,1.0,0.996,0.336,0.326,1.659,0.06,track
1,963,0.112,-0.204,-0.044,-0.05,0.18,-1.302,0.501,-0.587,0.0713,1.0,0.996,0.335,0.33,1.661,0.114,track
1,964,0.112,-0.204,-0.042,-0.05,0.18,-1.302,0.502,-0.592,0.0732,1.0,0.997,0.328,0.338,1.663,0.096,track
1,965,0.112,-0.204,-0.039,-0.05,0.18,-1.302,0.502,-0.592,0.0732,1.0,0.997,0.328,0.338,1.662,0.072,track
1,966,0.112,-0.204,-0.037,-0.05,0.18,-1.302,0.511,-0.592,0.0752,1.0,0.997,0.32,0.346,1.663,0.051,track
1,967,0.112,-0.205,-0.035,-0.05,0.18,-1.302,0.519,-0.594,0.0791,1.0,0.997,0.309,0.363,1.668,0.036,track
1,968,0.113,-0.205,-0.033,-0.05,0.18,-1.302,0.519,-0.594,0.0791,1.0,0.997,0.309,0.363,1.668,0.05,track
1,969,0.113,-0.205,-0.031,-0.05,0.18,-1.302,0.519,-0.596,0.0801,1.0,0.997,0.307,0.367,1.671,0.032,track
1,970,0.113,-0.205,-0.029,-0.05,0.18,-1.302,0.52,-0.597,0.0811,1.0,0.997,0.305,0.371,1.673,0.036,track
1,971,0.113,-0.204,-0.027,-0.05,0.18,-1.302,0.519,-0.595,0.085,1.0,0.997,0.309,0.388,1.694,0.038,track
1,972,0.113,-0.204,-0.025,-0.05,0.18,-1.302,0.519,-0.595,0.085,1.0,0.997,0.309,0.388,1.694,0.055,track
1,973,0.113,-0.204,-0.023,-0.05,0.18,-1.302,0.52,-0.591,0.0859,1.0,0.997,0.312,0.393,1.701,0.051,track
1,974,0.113,-0.204,-0.021,-0.05,0.18,-1.302,0.519,-0.595,0.0869,1.0,0.997,0.308,0.397,1.703,0.052,track
1,975,0.113,-0.204,-0.019,-0.05,0.18,-1.302,0.52,-0.596,0.0879,1.0,0.997,0.306,0.402,1.705,0.058,track
1,976,0.113,-0.204,-0.017,-0.05,0.18,-1.302,0.523,-0.596,0.0889,1.0,0.997,0.303,0.406,1.706,0.05,track
1,977,0.112,-0.204,-0.016,-0.05,0.18,-1.302,0.526,-0.597,0.0908,1.0,0.997,0.299,0.415,1.711,0.044,track
1,978,0.112,-0.204,-0.014,-0.05,0.18,-1.302,0.526,-0.592,0.0928,1.0,0.997,0.305,0.424,1.726,0.047,track
1,979,0.112,-0.203,-0.012,-0.05,0.18,-1.302,0.526,-0.592,0.0928,1.0,0.997,0.305,0.424,1.726,0.046,track
1,980,0.112,-0.203,-0.011,-0.05,0.18,-1.302,0.527,-0.592,0.0947,1.0,0.997,0.304,0.433,1.734,0.052,track
1,981,0.112,-0.203,-0.009,-0.05,0.18,-1.302,0.527,-0.594,0.0957,1.0,0.997,0.301,0.438,1.736,0.053,track
1,982,0.112,-0.203,-0.008,-0.05,0.18,-1.302,0.527,-0.59,0.0986,1.0,0.997,0.307,0.451,1.755,0.06,track
1,983,0.111,-0.202,-0.006,-0.05,0.18,-1.302,0.527,-0.59,0.0986,1.0,0.997,0.307,0.451,1.755,0.071,track
1,984,0.111,-0.202,-0.005,-0.05,0.18,-1.302,0.531,-0.587,0.0996,1.0,0.997,0.306,0.456,1.759,0.066,track
1,985,0.111,-0.202,-0.004,-0.05,0.18,-1.302,0.532,-0.586,0.1025,1.0,0.997,0.306,0.47,1.774,0.056,track
1,986,0.11,-0.201,-0.002,-0.05,0.18,-1.302,0.533,-0.582,0.1035,1.0,0.997,0.309,0.475,1.781,0.075,track
1,987,0.11,-0.201,-0.001,-0.05,0.18,-1.302,0.529,-0.578,0.1035,1.0,0.998,0.317,0.475,1.789,0.084,track
1,988,0.11,-0.2,-0.0,-0.05,0.18,-1.302,0.53,-0.575,0.1045,1.0,0.997,0.32,0.479,1.797,0.092,track
1,989,0.109,-0.2,0.001,-0.05,0.18,-1.302,0.528,-0.572,0.1055,1.0,0.998,0.324,0.484,1.806,0.103,track
1,990,0.109,-0.2,0.002,-0.05,0.18,-1.302,0.524,-0.571,0.1055,1.0,0.998,0.33,0.484,1.812,0.105,track
1,991,0.108,-0.199,0.003,-0.05,0.18,-1.302,0.525,-0.569,0.1084,1.0,0.998,0.331,0.498,1.828,0.122,track
1,992,0.108,-0.199,0.003,-0.05,0.18,-1.302,0.527,-0.572,0.1113,1.0,0.998,0.325,0.513,1.836,0.098,track
1,993,0.108,-0.198,0.004,-0.05,0.18,-1.302,0.527,-0.567,0.1113,1.0,0.998,0.331,0.513,1.842,0.114,track
1,994,0.107,-0.198,0.005,-0.05,0.18,-1.302,0.527,-0.567,0.1113,1.0,0.998,0.331,0.513,1.842,0.097,track
1,995,0.107,-0.197,0.005,-0.05,0.18,-1.302,0.526,-0.565,0.1123,1.0,0.998,0.335,0.518,1.851,0.116,track
1,996,0.106,-0.197,0.006,-0.05,0.18,-1.302,0.523,-0.565,0.1133,1.0,0.998,0.337,0.523,1.858,0.095,track
1,997,0.106,-0.196,0.006,-0.05,0.18,-1.302,0.527,-0.562,0.1143,1.0,0.998,0.337,0.527,1.863,0.119,track
1,998,0.105,-0.195,0.007,-0.05,0.18,-1.302,0.526,-0.559,0.1152,1.0,0.998,0.341,0.532,1.871,0.086,track
1,999,0.105,-0.195,0.007,-0.05,0.18,-1.302,0.533,-0.553,0.1182,1.0,0.998,0.34,0.547,1.886,0.098,track
1,1000,0.104,-0.194,0.007,-0.05,0.18,-1.302,0.533,-0.553,0.1182,1.0,0.998,0.34,0.547,1.886,0.113,track
1,1001,0.103,-0.194,0.008,-0.05,0.18,-1.302,0.527,-0.544,0.1211,1.0,0.999,0.358,0.562,1.918,0.129,track
1,1002,0.103,-0.193,0.008,-0.05,0.18,-1.302,0.526,-0.543,0.1201,1.0,0.998,0.36,0.557,1.915,0.158,track
1,1003,0.102,-0.192,0.008,-0.05,0.18,-1.302,0.521,-0.543,0.1201,1.0,0.999,0.366,0.557,1.922,0.17,track
1,1004,0.102,-0.192,0.008,-0.05,0.18,-1.302,0.522,-0.527,0.1172,1.0,0.999,0.384,0.542,1.925,0.147,track
1,1005,0.101,-0.191,0.008,-0.05,0.18,-1.302,0.52,-0.526,0.1182,1.0,0.999,0.388,0.547,1.934,0.175,track
1,1006,0.1,-0.19,0.008,-0.05,0.18,-1.302,0.519,-0.521,0.1182,1.0,0.999,0.394,0.547,1.94,0.171,track
1,1007,0.1,-0.19,0.008,-0.05,0.18,-1.302,0.509,-0.522,0.1201,1.0,0.999,0.407,0.557,1.962,0.163,track
1,1008,0.099,-0.189,0.008,-0.05,0.18,-1.302,0.498,-0.525,0.123,1.0,0.999,0.415,0.571,1.986,0.135,track
1,1009,0.098,-0.188,0.007,-0.05,0.18,-1.302,0.492,-0.53,0.125,1.0,0.999,0.417,0.581,1.997,0.128,track
1,1010,0.098,-0.187,0.007,-0.05,0.18,-1.302,0.492,-0.527,0.126,1.0,0.999,0.421,0.586,2.006,0.118,track
1,1011,0.097,-0.187,0.007,-0.05,0.18,-1.302,0.493,-0.521,0.1279,1.0,0.999,0.427,0.596,2.022,0.088,track
1,1012,0.096,-0.186,0.006,-0.05,0.18,-1.302,0.487,-0.518,0.1289,1.0,0.999,0.438,0.601,2.038,0.105,track
1,1013,0.095,-0.185,0.005,-0.05,0.18,-1.302,0.486,-0.516,0.127,1.0,0.999,0.442,0.591,2.033,0.111,track
1,1014,0.095,-0.184,0.005,-0.05,0.18,-1.302,0.487,-0.513,0.1279,1.0,0.999,0.446,0.596,2.041,0.106,track
1,1015,0.094,-0.184,0.004,-0.05,0.18,-1.302,0.484,-0.513,0.1289,1.0,0.999,0.449,0.601,2.049,0.102,track
1,1016,0.093,-0.183,0.003,-0.05,0.18,-1.302,0.482,-0.504,0.1309,1.0,0.999,0.465,0.611,2.075,0.097,track
1,1017,0.092,-0.182,0.002,-0.05,0.18,-1.302,0.479,-0.503,0.1289,1.0,0.999,0.47,0.601,2.071,0.12,track
1,1018,0.092,-0.181,0.001,-0.05,0.18,-1.302,0.479,-0.487,0.125,1.0,0.999,0.494,0.581,2.074,0.126,track
1,1019,0.091,-0.18,-0.0,-0.05,0.18,-1.302,0.479,-0.487,0.125,1.0,0.999,0.494,0.581,2.074,0.121,track
1,1020,0.09,-0.18,-0.001,-0.05,0.18,-1.302,0.47,-0.483,0.123,1.0,0.999,0.512,0.571,2.082,0.116,track
1,1021,0.089,-0.179,-0.002,-0.05,0.18,-1.302,0.476,-0.482,0.126,1.0,0.999,0.504,0.586,2.089,0.1,track
1,1022,0.088,-0.178,-0.003,-0.05,0.18,-1.302,0.476,-0.479,0.127,1.0,0.999,0.509,0.591,2.099,0.097,track
1,1023,0.087,-0.177,-0.004,-0.05,0.18,-1.302,0.464,-0.483,0.126,1.0,0.998,0.521,0.586,2.106,0.089,track
1,1024,0.086,-0.177,-0.005,-0.05,0.18,-1.302,0.446,-0.493,0.1318,1.0,0.998,0.532,0.616,2.146,0.081,track
1,1025,0.086,-0.176,-0.006,-0.05,0.18,-1.302,0.443,-0.492,0.1328,1.0,0.999,0.536,0.621,2.155,0.109,track
1,1026,0.085,-0.175,-0.008,-0.05,0.18,-1.302,0.442,-0.487,0.1318,1.0,0.999,0.548,0.616,2.162,0.106,track
1,1027,0.084,-0.174,-0.009,-0.05,0.18,-1.302,0.441,-0.474,0.1279,1.0,0.999,0.568,0.596,2.163,0.069,track
1,1028,0.083,-0.174,-0.01,-0.05,0.18,-1.302,0.438,-0.47,0.127,1.0,0.998,0.579,0.591,2.168,0.046,track
1,1029,0.082,-0.173,-0.012,-0.05,0.18,-1.302,0.437,-0.468,0.127,1.0,0.998,0.586,0.591,2.175,0.059,track
1,1030,0.081,-0.172,-0.013,-0.05,0.18,-1.302,0.431,-0.466,0.123,1.0,0.998,0.598,0.571,2.168,0.05,track
1,1031,0.08,-0.171,-0.014,-0.05,0.18,-1.302,0.426,-0.464,0.1221,1.0,0.998,0.607,0.567,2.172,0.031,track
1,1032,0.079,-0.171,-0.016,-0.05,0.18,-1.302,0.421,-0.464,0.124,1.0,0.998,0.616,0.576,2.191,0.045,track
1,1033,0.078,-0.17,-0.017,-0.05,0.18,-1.302,0.419,-0.464,0.1221,1.0,0.998,0.62,0.567,2.185,0.026,track
1,1034,0.077,-0.169,-0.019,-0.05,0.18,-1.302,0.419,-0.463,0.1211,1.0,0.998,0.621,0.562,2.181,0.04,track
1,1035,0.076,-0.169,-0.02,-0.05,0.18,-1.302,0.423,-0.445,0.1162,1.0,0.998,0.646,0.537,2.182,0.058,track
1,1036,0.075,-0.168,-0.021,-0.05,0.18,-1.302,0.425,-0.439,0.1152,1.0,0.998,0.653,0.532,2.183,0.076,track
1,1037,0.074,-0.167,-0.022,-0.05,0.18,-1.302,0.42,-0.428,0.1152,1.0,0.998,0.679,0.532,2.21,0.078,track
1,1038,0.073,-0.167,-0.024,-0.05,0.18,-1.302,0.418,-0.423,0.1162,1.0,0.998,0.692,0.537,2.228,0.059,track
1,1039,0.071,-0.166,-0.025,-0.05,0.18,-1.302,0.416,-0.423,0.1152,1.0,0.998,0.695,0.532,2.225,0.036,track
1,1040,0.07,-0.166,-0.026,-0.05,0.18,-1.302,0.404,-0.418,0.1133,1.0,0.998,0.727,0.523,2.248,0.045,track
1,1041,0.069,-0.165,-0.027,-0.05,0.18,-1.302,0.408,-0.416,0.1133,1.0,0.998,0.723,0.523,2.244,0.067,track
1,1042,0.068,-0.165,-0.028,-0.05,0.18,-1.302,0.407,-0.413,0.1133,1.0,0.999,0.73,0.523,2.251,0.062,track
1,1043,0.067,-0.164,-0.029,-0.05,0.18,-1.302,0.408,-0.402,0.1143,1.0,0.999,0.747,0.527,2.273,0.059,track
1,1044,0.066,-0.164,-0.03,-0.05,0.18,-1.302,0.402,-0.404,0.1113,1.0,0.999,0.755,0.513,2.266,0.047,track
1,1045,0.064,-0.163,-0.031,-0.05,0.18,-1.302,0.391,-0.403,0.1084,1.0,0.999,0.777,0.498,2.274,0.053,track
1,1046,0.063,-0.163,-0.032,-0.05,0.18,-1.302,0.395,-0.4,0.1084,1.0,0.999,0.774,0.498,2.271,0.076,track
1,1047,0.062,-0.162,-0.033,-0.05,0.18,-1.302,0.394,-0.4,0.1055,1.0,0.999,0.776,0.484,2.259,0.075,track
1,1048,0.061,-0.162,-0.034,-0.05,0.18,-1.302,0.402,-0.39,0.1084,1.0,0.999,0.781,0.498,2.279,0.083,track
1,1049,0.06,-0.161,-0.035,-0.05,0.18,-1.302,0.397,-0.385,0.1084,1.0,0.999,0.8,0.498,2.297,0.107,track
1,1050,0.058,-0.161,-0.036,-0.05,0.18,-1.302,0.39,-0.379,0.1074,1.0,0.999,0.824,0.494,2.317,0.074,track
1,1051,0.057,-0.16,-0.037,-0.05,0.18,-1.302,0.384,-0.381,0.1055,1.0,0.999,0.83,0.484,2.313,0.058,track
1,1052,0.056,-0.16,-0.038,-0.05,0.18,-1.302,0.382,-0.38,0.1055,1.0,0.999,0.837,0.484,2.32,0.057,track
1,1053,0.054,-0.159,-0.039,-0.05,0.18,-1.302,0.38,-0.374,0.1045,1.0,0.999,0.852,0.479,2.331,0.061,track
1,1054,0.053,-0.159,-0.04,-0.05,0.18,-1.302,0.381,-0.372,0.1045,1.0,0.999,0.854,0.479,2.333,0.06,track
1,1055,0.052,-0.159,-0.041,-0.05,0.18,-1.302,0.376,-0.354,0.1035,1.0,0.999,0.898,0.475,2.372,0.047,track
1,1056,0.051,-0.158,-0.042,-0.05,0.18,-1.302,0.377,-0.342,0.1006,1.0,0.999,0.92,0.461,2.38,0.074,track
1,1057,0.049,-0.158,-0.043,-0.05,0.18,-1.302,0.38,-0.337,0.1006,1.0,1.0,0.922,0.461,2.382,0.069,track
1,1058,0.048,-0.158,-0.044,-0.05,0.18,-1.302,0.376,-0.327,0.0986,1.0,1.0,0.95,0.451,2.4,0.035,track
1,1059,0.047,-0.157,-0.045,-0.05,0.18,-1.302,0.375,-0.328,0.0967,1.0,0.999,0.95,0.442,2.392,0.036,track
1,1060,0.045,-0.157,-0.046,-0.05,0.18,-1.302,0.371,-0.325,0.0967,1.0,0.999,0.965,0.442,2.406,0.035,track
1,1061,0.044,-0.157,-0.047,-0.05,0.18,-1.302,0.37,-0.313,0.0938,1.0,0.999,0.989,0.428,2.417,0.023,track
1,1062,0.043,-0.156,-0.048,-0.05,0.18,-1.302,0.371,-0.304,0.0977,1.0,0.999,1.004,0.447,2.45,0.041,track
1,1063,0.041,-0.156,-0.049,-0.05,0.18,-1.302,0.354,-0.305,0.0947,1.0,0.999,1.037,0.433,2.469,0.047,track
1,1064,0.04,-0.156,-0.05,-0.05,0.18,-1.302,0.356,-0.299,0.0938,1.0,0.999,1.046,0.428,2.473,0.101,track
1,1065,0.039,-0.156,-0.051,-0.05,0.18,-1.302,0.357,-0.297,0.0928,1.0,0.999,1.047,0.424,2.47,0.066,track
1,1066,0.037,-0.155,-0.052,-0.05,0.18,-1.302,0.359,-0.296,0.0928,1.0,0.999,1.046,0.424,2.469,0.076,track
1,1067,0.036,-0.155,-0.053,-0.05,0.18,-1.302,0.361,-0.282,0.0947,1.0,0.999,1.066,0.433,2.498,0.091,track
1,1068,0.035,-0.155,-0.054,-0.05,0.18,-1.302,0.356,-0.271,0.0938,1.0,0.999,1.097,0.428,2.524,0.072,track
1,1069,0.033,-0.155,-0.055,-0.05,0.18,-1.302,0.345,-0.286,0.0889,1.0,0.998,1.096,0.406,2.5,0.11,track
1,1070,0.032,-0.155,-0.056,-0.05,0.18,-1.302,0.345,-0.276,0.0869,1.0,0.998,1.114,0.397,2.509,0.228,track
1,1071,0.031,-0.155,-0.057,-0.05,0.18,-1.302,0.352,-0.266,0.0889,1.0,0.998,1.114,0.406,2.517,0.293,track
1,1072,0.029,-0.154,-0.058,-0.05,0.18,-1.302,0.343,-0.256,0.0889,1.0,0.998,1.153,0.406,2.557,0.321,track
1,1073,0.028,-0.154,-0.059,-0.05,0.18,-1.302,0.335,-0.252,0.0879,1.0,0.996,1.179,0.402,2.577,0.416,track
1,1074,0.027,-0.154,-0.061,-0.05,0.18,-1.302,0.339,-0.25,0.0869,1.0,0.997,1.174,0.397,2.568,0.441,track
1,1075,0.026,-0.154,-0.062,-0.05,0.18,-1.302,0.338,-0.25,0.084,1.0,0.997,1.177,0.384,2.558,0.387,track
1,1076,0.024,-0.154,-0.063,-0.05,0.18,-1.302,0.346,-0.231,0.082,1.0,0.996,1.191,0.375,2.562,0.457,track
1,1077,0.023,-0.154,-0.065,-0.05,0.18,-1.302,0.339,-0.231,0.0811,1.0,0.996,1.207,0.371,2.574,0.512,track
1,1078,0.022,-0.154,-0.066,-0.05,0.18,-1.302,0.333,-0.223,0.0801,1.0,0.996,1.236,0.367,2.598,0.487,track
1,1079,0.02,-0.154,-0.067,-0.05,0.18,-1.302,0.338,-0.206,0.0791,1.0,0.996,1.25,0.363,2.608,0.474,track
1,1080,0.019,-0.154,-0.069,-0.05,0.18,-1.302,0.325,-0.218,0.0752,1.0,0.996,1.263,0.346,2.605,0.401,track
1,1081,0.018,-0.154,-0.07,-0.05,0.18,-1.302,0.325,-0.22,0.0723,1.0,0.997,1.26,0.334,2.591,0.3,track
1,1082,0.017,-0.154,-0.072,-0.05,0.18,-1.302,0.324,-0.212,0.0742,1.0,0.996,1.275,0.342,2.614,0.347,track
1,1083,0.015,-0.154,-0.073,-0.05,0.18,-1.302,0.317,-0.215,0.0732,1.0,0.996,1.289,0.338,2.623,0.379,track
1,1084,0.014,-0.155,-0.075,-0.05,0.18,-1.302,0.323,-0.197,0.0732,1.0,0.996,1.301,0.338,2.636,0.349,track
1,1085,0.013,-0.155,-0.076,-0.05,0.18,-1.302,0.321,-0.203,0.0713,1.0,0.996,1.297,0.33,2.623,0.399,track
1,1086,0.012,-0.155,-0.078,-0.05,0.18,-1.302,0.322,-0.185,0.0664,1.0,0.996,1.324,0.31,2.63,0.409,track
1,1087,0.011,-0.155,-0.079,-0.05,0.18,-1.302,0.31,-0.188,0.0645,1.0,0.995,1.348,0.303,2.646,0.442,track
1,1088,0.009,-0.155,-0.081,-0.05,0.18,-1.302,0.293,-0.197,0.0625,1.0,0.996,1.376,0.295,2.667,0.389,track
1,1089,0.008,-0.156,-0.082,-0.05,0.18,-1.302,0.295,-0.186,0.0635,1.0,0.995,1.389,0.299,2.683,0.313,track
1,1090,0.007,-0.156,-0.084,-0.05,0.18,-1.302,0.315,-0.173,0.0645,1.0,0.997,1.356,0.303,2.656,0.33,track
1,1091,0.006,-0.156,-0.086,-0.05,0.18,-1.302,0.313,-0.177,0.0625,1.0,0.996,1.356,0.295,2.648,0.278,track
1,1092,0.005,-0.157,-0.087,-0.05,0.18,-1.302,0.286,-0.21,0.0566,1.0,0.996,1.372,0.273,2.641,0.304,track
1,1093,0.004,-0.157,-0.089,-0.05,0.18,-1.302,0.289,-0.2,0.0557,1.0,0.995,1.38,0.269,2.645,0.396,track
1,1094,0.003,-0.157,-0.091,-0.05,0.18,-1.302,0.272,-0.228,0.0508,1.0,0.997,1.371,0.252,2.62,0.295,track
1,1095,0.001,-0.158,-0.092,-0.05,0.18,-1.302,0.253,-0.246,0.0479,1.0,0.993,1.377,0.242,2.612,0.387,track
1,1096,0.0,-0.158,-0.094,-0.05,0.18,-1.302,0.258,-0.226,0.0479,1.0,0.998,1.406,0.242,2.646,0.344,track
1,1097,-0.001,-0.159,-0.095,-0.05,0.18,-1.302,0.255,-0.224,0.0508,1.0,0.993,1.417,0.252,2.662,0.381,track
1,1098,-0.002,-0.159,-0.097,-0.05,0.18,-1.302,0.27,-0.219,0.0469,1.0,0.998,1.393,0.239,2.63,0.469,track
1,1099,-0.003,-0.16,-0.098,-0.05,0.18,-1.302,0.281,-0.22,0.043,1.0,0.994,1.364,0.226,2.584,0.422,track
1,1100,-0.004,-0.16,-0.1,-0.05,0.18,-1.302,0.292,-0.202,0.041,1.0,0.998,1.37,0.219,2.587,0.424,track
1,1101,-0.005,-0.161,-0.101,-0.05,0.18,-1.302,0.312,-0.167,0.0381,1.0,0.995,1.373,0.21,2.578,0.412,track
1,1102,-0.006,-0.161,-0.102,-0.05,0.18,-1.302,0.323,-0.148,0.0391,1.0,0.995,1.368,0.213,2.577,0.437,track
1,1103,-0.007,-0.162,-0.103,-0.05,0.18,-1.302,0.294,-0.164,0.0391,1.0,0.995,1.424,0.213,2.633,0.342,track
1,1104,-0.008,-0.163,-0.105,-0.05,0.18,-1.302,0.273,-0.166,0.0391,1.0,0.996,1.472,0.213,2.682,0.326,track
1,1105,-0.009,-0.163,-0.106,-0.05,0.18,-1.302,0.295,-0.161,0.042,1.0,0.995,1.425,0.223,2.643,0.339,track
1,1106,-0.01,-0.164,-0.107,-0.05,0.18,-1.302,0.307,-0.134,0.042,1.0,0.996,1.43,0.223,2.648,0.469,track
1,1107,-0.01,-0.164,-0.109,-0.05,0.18,-1.302,0.304,-0.146,0.043,1.0,0.996,1.422,0.226,2.643,0.46,track
1,1108,-0.011,-0.165,-0.11,-0.05,0.18,-1.302,0.301,-0.154,0.042,1.0,0.996,1.42,0.223,2.638,0.447,track
1,1109,-0.012,-0.166,-0.112,-0.05,0.18,-1.302,0.304,-0.135,0.041,1.0,0.996,1.436,0.219,2.652,0.352,track
1,1110,-0.013,-0.166,-0.113,-0.05,0.18,-1.302,0.303,-0.14,0.04,1.0,0.997,1.431,0.216,2.644,0.277,track
1,1111,-0.014,-0.167,-0.114,-0.05,0.18,-1.302,0.317,-0.118,0.042,1.0,0.997,1.42,0.223,2.639,0.27,track
1,1112,-0.015,-0.168,-0.116,-0.05,0.18,-1.302,0.308,-0.134,0.04,1.0,0.997,1.426,0.216,2.639,0.227,track
1,1113,-0.015,-0.169,-0.117,-0.05,0.18,-1.302,0.298,-0.145,0.0391,1.0,0.997,1.437,0.213,2.648,0.172,track
1,1114,-0.016,-0.17,-0.118,-0.05,0.18,-1.302,0.293,-0.155,0.0381,1.0,0.996,1.437,0.21,2.644,0.269,track
1,1115,-0.017,-0.17,-0.119,-0.05,0.18,-1.302,0.3,-0.152,0.0381,1.0,0.997,1.425,0.21,2.632,0.253,track
1,1116,-0.018,-0.171,-0.12,-0.05,0.18,-1.302,0.299,-0.163,0.0371,1.0,0.996,1.412,0.207,2.615,0.273,track
1,1117,-0.018,-0.172,-0.121,-0.05,0.18,-1.302,0.319,-0.133,0.04,1.0,0.997,1.399,0.216,2.612,0.26,track
1,1118,-0.019,-0.173,-0.122,-0.05,0.18,-1.302,0.324,-0.125,0.041,1.0,0.998,1.392,0.219,2.609,0.276,track
1,1119,-0.02,-0.174,-0.123,-0.05,0.18,-1.302,0.312,-0.147,0.041,1.0,0.997,1.398,0.219,2.615,0.243,track
1,1120,-0.02,-0.175,-0.124,-0.05,0.18,-1.302,0.317,-0.133,0.04,1.0,0.996,1.403,0.216,2.616,0.331,track
1,1121,-0.021,-0.176,-0.125,-0.05,0.18,-1.302,0.309,-0.145,0.0391,1.0,0.997,1.409,0.213,2.619,0.331,track
1,1122,-0.021,-0.177,-0.126,-0.05,0.18,-1.302,0.305,-0.178,0.04,1.0,0.996,1.376,0.216,2.588,0.327,track
1,1123,-0.022,-0.178,-0.126,-0.05,0.18,-1.302,0.316,-0.148,0.04,1.0,0.995,1.389,0.216,2.601,0.387,track
1,1124,-0.022,-0.179,-0.127,-0.05,0.18,-1.302,0.324,-0.186,0.0361,1.0,0.998,1.315,0.204,2.517,0.361,track
1,1125,-0.023,-0.18,-0.127,-0.05,0.18,-1.302,0.322,-0.168,0.0371,1.0,0.996,1.346,0.207,2.549,0.333,track
1,1126,-0.024,-0.181,-0.128,-0.05,0.18,-1.302,0.3,-0.216,0.0342,1.0,0.998,1.327,0.198,2.524,0.346,track
1,1127,-0.024,-0.182,-0.128,-0.05,0.18,-1.302,0.3,-0.241,0.0352,1.0,0.997,1.281,0.201,2.479,0.283,track
1,1128,-0.024,-0.183,-0.128,-0.05,0.18,-1.302,0.316,-0.209,0.0361,1.0,0.996,1.3,0.204,2.501,0.294,track
1,1129,-0.025,-0.184,-0.128,-0.05,0.18,-1.302,0.324,-0.219,0.0332,1.0,0.999,1.266,0.196,2.46,0.37,track
1,1130,-0.025,-0.185,-0.128,-0.05,0.18,-1.302,0.336,-0.191,0.0312,1.0,0.998,1.277,0.19,2.465,0.198,track
1,1131,-0.026,-0.186,-0.127,-0.05,0.18,-1.302,0.33,-0.209,0.0342,1.0,0.998,1.265,0.198,2.461,0.305,track
1,1132,-0.026,-0.188,-0.127,-0.05,0.18,-1.302,0.339,-0.193,0.0322,1.0,0.998,1.267,0.193,2.457,0.322,track
1,1133,-0.027,-0.189,-0.126,-0.05,0.18,-1.302,0.336,-0.197,0.0332,1.0,0.998,1.268,0.196,2.461,0.33,track
1,1134,-0.027,-0.19,-0.125,-0.05,0.18,-1.302,0.335,-0.203,0.0322,1.0,0.999,1.262,0.193,2.453,0.267,track
1,1135,-0.027,-0.191,-0.125,-0.05,0.18,-1.302,0.351,-0.189,0.0332,1.0,0.998,1.241,0.196,2.435,0.212,track
1,1136,-0.028,-0.193,-0.124,-0.05,0.18,-1.302,0.348,-0.198,0.0361,1.0,0.999,1.237,0.204,2.44,0.184,track
1,1137,-0.028,-0.194,-0.123,-0.05,0.18,-1.302,0.351,-0.214,0.0352,1.0,0.999,1.206,0.201,2.406,0.156,track
1,1138,-0.029,-0.195,-0.122,-0.05,0.18,-1.302,0.368,-0.207,0.0371,1.0,0.999,1.17,0.207,2.376,0.158,track
1,1139,-0.029,-0.196,-0.121,-0.05,0.18,-1.302,0.384,-0.198,0.042,1.0,0.998,1.144,0.223,2.364,0.245,track
1,1140,-0.029,-0.198,-0.12,-0.05,0.18,-1.302,0.375,-0.211,0.042,1.0,0.999,1.148,0.223,2.37,0.183,track
1,1141,-0.03,-0.199,-0.118,-0.05,0.18,-1.302,0.372,-0.225,0.0439,1.0,0.999,1.134,0.229,2.361,0.13,track
1,1142,-0.03,-0.2,-0.117,-0.05,0.18,-1.302,0.384,-0.233,0.04,1.0,0.999,1.091,0.216,2.307,0.146,track
1,1143,-0.03,-0.202,-0.116,-0.05,0.18,-1.302,0.411,-0.208,0.0391,1.0,0.998,1.059,0.213,2.27,0.142,track
1,1144,-0.031,-0.203,-0.114,-0.05,0.18,-1.302,0.436,-0.175,0.0381,1.0,0.999,1.032,0.21,2.241,0.18,track
1,1145,-0.031,-0.205,-0.112,-0.05,0.18,-1.302,0.432,-0.182,0.043,1.0,0.998,1.035,0.226,2.259,0.193,track
1,1146,-0.031,-0.206,-0.11,-0.05,0.18,-1.302,0.432,-0.195,0.041,1.0,1.0,1.021,0.219,2.24,0.186,track
1,1147,-0.032,-0.207,-0.108,-0.05,0.18,-1.302,0.418,-0.223,0.043,1.0,0.999,1.021,0.226,2.246,0.11,track
1,1148,-0.032,-0.209,-0.106,-0.05,0.18,-1.302,0.426,-0.228,0.041,1.0,1.0,0.994,0.219,2.213,0.119,track
1,1149,-0.032,-0.21,-0.104,-0.05,0.18,-1.302,0.419,-0.243,0.0439,1.0,0.999,0.988,0.229,2.216,0.127,track
1,1150,-0.033,-0.212,-0.102,-0.05,0.18,-1.302,0.418,-0.259,0.0469,1.0,1.0,0.968,0.239,2.207,0.156,track
1,1151,-0.033,-0.213,-0.1,-0.05,0.18,-1.302,0.425,-0.256,0.0518,1.0,0.999,0.957,0.255,2.211,0.169,track
1,1152,-0.033,-0.214,-0.098,-0.05,0.18,-1.302,0.432,-0.258,0.0479,1.0,0.999,0.935,0.242,2.177,0.121,track
1,1153,-0.033,-0.216,-0.096,-0.05,0.18,-1.302,0.43,-0.277,0.0459,1.0,0.999,0.914,0.235,2.149,0.107,track
1,1154,-0.034,-0.217,-0.094,-0.05,0.18,-1.302,0.445,-0.271,0.043,1.0,0.999,0.886,0.226,2.112,0.112,track
1,1155,-0.034,-0.219,-0.092,-0.05,0.18,-1.302,0.465,-0.244,0.0439,1.0,0.999,0.873,0.229,2.101,0.11,track
1,1156,-0.034,-0.22,-0.089,-0.05,0.18,-1.302,0.478,-0.235,0.0518,1.0,0.999,0.855,0.255,2.11,0.093,track
1,1157,-0.034,-0.221,-0.087,-0.05,0.18,-1.302,0.48,-0.257,0.0537,1.0,0.999,0.823,0.262,2.084,0.071,track
1,1158,-0.035,-0.223,-0.084,-0.05,0.18,-1.302,0.489,-0.264,0.0557,1.0,0.999,0.792,0.269,2.06,0.084,track
1,1159,-0.035,-0.224,-0.082,-0.05,0.18,-1.302,0.489,-0.269,0.0547,1.0,0.999,0.786,0.266,2.051,0.097,track
1,1160,-0.035,-0.226,-0.079,-0.05,0.18,-1.302,0.498,-0.259,0.0615,1.0,0.999,0.777,0.291,2.068,0.121,track
1,1161,-0.035,-0.227,-0.077,-0.05,0.18,-1.302,0.496,-0.28,0.0654,1.0,0.998,0.755,0.306,2.06,0.136,track
1,1162,-0.036,-0.228,-0.074,-0.05,0.18,-1.302,0.498,-0.31,0.0654,1.0,0.999,0.712,0.306,2.018,0.142,track
1,1163,-0.036,-0.23,-0.071,-0.05,0.18,-1.302,0.504,-0.307,0.0645,1.0,0.998,0.704,0.303,2.005,0.176,track
1,1164,-0.036,-0.231,-0.069,-0.05,0.18,-1.302,0.528,-0.28,0.0703,1.0,0.999,0.686,0.326,2.011,0.21,track
1,1165,-0.036,-0.232,-0.066,-0.05,0.18,-1.302,0.538,-0.284,0.0684,1.0,0.998,0.658,0.318,1.974,0.145,track
1,1166,-0.037,-0.234,-0.063,-0.05,0.18,-1.302,0.547,-0.276,0.0684,1.0,0.999,0.648,0.318,1.965,0.188,track
1,1167,-0.037,-0.235,-0.061,-0.05,0.18,-1.302,0.553,-0.294,0.0742,1.0,0.998,0.617,0.342,1.957,0.12,track
1,1168,-0.037,-0.236,-0.058,-0.05,0.18,-1.302,0.557,-0.302,0.0762,1.0,0.999,0.6,0.35,1.949,0.121,track
1,1169,-0.037,-0.237,-0.055,-0.05,0.18,-1.302,0.563,-0.307,0.0781,1.0,0.998,0.582,0.359,1.939,0.116,track
1,1170,-0.037,-0.239,-0.052,-0.05,0.18,-1.302,0.568,-0.309,0.0801,1.0,0.999,0.571,0.367,1.937,0.121,track
1,1171,-0.037,-0.24,-0.049,-0.05,0.18,-1.302,0.574,-0.307,0.085,1.0,0.998,0.561,0.388,1.947,0.073,track
1,1172,-0.038,-0.241,-0.046,-0.05,0.18,-1.302,0.574,-0.315,0.0869,1.0,0.999,0.552,0.397,1.947,0.059,track
1,1173,-0.038,-0.242,-0.043,-0.05,0.18,-1.302,0.579,-0.319,0.0898,1.0,0.998,0.539,0.41,1.948,0.061,track
1,1174,-0.038,-0.243,-0.04,-0.05,0.18,-1.302,0.581,-0.33,0.0918,1.0,0.998,0.524,0.419,1.942,0.047,track
1,1175,-0.038,-0.244,-0.037,-0.05,0.18,-1.302,0.589,-0.327,0.0957,1.0,0.998,0.512,0.438,1.947,0.056,track
1,1176,-0.038,-0.246,-0.034,-0.05,0.18,-1.302,0.586,-0.339,0.0967,1.0,0.998,0.505,0.442,1.945,0.055,track
1,1177,-0.039,-0.247,-0.031,-0.05,0.18,-1.302,0.593,-0.352,0.1025,1.0,0.998,0.48,0.47,1.948,0.084,track
1,1178,-0.039,-0.248,-0.028,-0.05,0.18,-1.302,0.601,-0.355,0.1025,1.0,0.998,0.465,0.47,1.932,0.098,track
1,1179,-0.039,-0.249,-0.025,-0.05,0.18,-1.302,0.602,-0.36,0.1045,1.0,0.998,0.456,0.479,1.934,0.083,track
1,1180,-0.039,-0.25,-0.022,-0.05,0.18,-1.302,0.605,-0.358,0.1055,1.0,0.998,0.454,0.484,1.936,0.069,track
1,1181,-0.039,-0.251,-0.019,-0.05,0.18,-1.302,0.605,-0.369,0.1064,1.0,0.998,0.444,0.489,1.93,0.065,track
1,1182,-0.04,-0.252,-0.016,-0.05,0.18,-1.302,0.616,-0.368,0.1123,1.0,0.997,0.427,0.518,1.942,0.076,track
1,1183,-0.04,-0.253,-0.014,-0.05,0.18,-1.302,0.618,-0.38,0.1162,1.0,0.998,0.412,0.537,1.947,0.06,track
1,1184,-0.04,-0.254,-0.011,-0.05,0.18,-1.302,0.62,-0.375,0.1152,1.0,0.997,0.414,0.532,1.944,0.1,track
1,1185,-0.04,-0.254,-0.008,-0.05,0.18,-1.302,0.623,-0.379,0.1172,1.0,0.997,0.406,0.542,1.946,0.059,track
1,1186,-0.04,-0.255,-0.005,-0.05,0.18,-1.302,0.626,-0.379,0.1172,1.0,0.997,0.401,0.542,1.941,0.044,track
1,1187,-0.041,-0.256,-0.003,-0.05,0.18,-1.302,0.638,-0.375,0.1182,1.0,0.997,0.386,0.547,1.93,0.046,track
1,1188,-0.041,-0.257,-0.0,-0.05,0.18,-1.302,0.649,-0.376,0.1191,1.0,0.997,0.37,0.552,1.919,0.044,track
1,1189,-0.041,-0.258,0.003,-0.05,0.18,-1.302,0.654,-0.388,0.1221,1.0,0.997,0.353,0.567,1.917,0.054,track
1,1190,-0.041,-0.259,0.005,-0.05,0.18,-1.302,0.657,-0.392,0.124,1.0,0.997,0.346,0.576,1.919,0.069,track
1,1191,-0.042,-0.259,0.008,-0.05,0.18,-1.302,0.657,-0.396,0.123,1.0,0.997,0.342,0.571,1.91,0.05,track
1,1192,-0.042,-0.26,0.011,-0.05,0.18,-1.302,0.661,-0.394,0.125,1.0,0.997,0.339,0.581,1.917,0.028,track
1,1193,-0.042,-0.261,0.013,-0.05,0.18,-1.302,0.662,-0.399,0.126,1.0,0.997,0.333,0.586,1.916,0.045,track
1,1194,-0.043,-0.261,0.016,-0.05,0.18,-1.302,0.663,-0.403,0.127,1.0,0.997,0.328,0.591,1.916,0.027,track
1,1195,-0.043,-0.262,0.018,-0.05,0.18,-1.302,0.676,-0.421,0.1377,1.0,0.997,0.298,0.645,1.941,0.029,track
1,1196,-0.043,-0.263,0.021,-0.05,0.18,-1.302,0.678,-0.422,0.1367,1.0,0.996,0.295,0.64,1.932,0.142,track
1,1197,-0.044,-0.263,0.023,-0.05,0.18,-1.302,0.684,-0.418,0.1367,1.0,0.997,0.291,0.64,1.928,0.158,track
1,1198,-0.044,-0.264,0.026,-0.05,0.18,-1.302,0.688,-0.421,0.1387,1.0,0.996,0.284,0.65,1.931,0.167,track
1,1199,-0.044,-0.265,0.028,-0.05,0.18,-1.302,0.699,-0.43,0.1484,1.0,0.996,0.266,0.699,1.961,0.192,track
1,1200,-0.045,-0.265,0.031,-0.05,0.18,-1.302,0.701,-0.436,0.1484,1.0,0.995,0.259,0.699,1.953,0.257,track
1,1201,-0.045,-0.266,0.033,-0.05,0.18,-1.302,0.703,-0.427,0.1504,1.0,0.996,0.263,0.709,1.967,0.285,track
1,1202,-0.045,-0.266,0.035,-0.05,0.18,-1.302,0.713,-0.425,0.1553,1.0,0.995,0.254,0.732,1.981,0.265,track
1,1203,-0.046,-0.266,0.037,-0.05,0.18,-1.302,0.719,-0.428,0.1553,1.0,0.994,0.245,0.732,1.972,0.292,track
1,1204,-0.046,-0.267,0.039,-0.05,0.18,-1.302,0.719,-0.428,0.1553,1.0,0.994,0.245,0.732,1.972,0.286,track
1,1205,-0.047,-0.267,0.041,-0.05,0.18,-1.302,0.719,-0.428,0.1553,1.0,0.994,0.245,0.732,1.972,0.336,track
1,1206,-0.047,-0.268,0.043,-0.05,0.18,-1.302,0.721,-0.418,0.1533,1.0,0.995,0.249,0.723,1.967,0.313,track
1,1207,-0.047,-0.268,0.045,-0.05,0.18,-1.302,0.722,-0.413,0.1543,1.0,0.994,0.251,0.728,1.973,0.344,track
1,1208,-0.048,-0.268,0.047,-0.05,0.18,-1.302,0.722,-0.41,0.1553,1.0,0.996,0.253,0.732,1.982,0.322,track
1,1209,-0.048,-0.269,0.048,-0.05,0.18,-1.302,0.724,-0.4,0.1562,1.0,0.994,0.257,0.737,1.988,0.303,track
1,1210,-0.049,-0.269,0.05,-0.05,0.18,-1.302,0.729,-0.388,0.1543,1.0,0.996,0.258,0.728,1.982,0.303,track
1,1211,-0.049,-0.269,0.051,-0.05,0.18,-1.302,0.729,-0.382,0.1553,1.0,0.994,0.262,0.732,1.988,0.276,track
1,1212,-0.05,-0.269,0.053,-0.05,0.18,-1.302,0.73,-0.378,0.1553,1.0,0.996,0.263,0.732,1.992,0.305,track
1,1213,-0.05,-0.269,0.054,-0.05,0.18,-1.302,0.736,-0.367,0.1523,1.0,0.995,0.263,0.718,1.976,0.24,track
1,1214,-0.05,-0.269,0.056,-0.05,0.18,-1.302,0.739,-0.355,0.1533,1.0,0.997,0.266,0.723,1.986,0.273,track
1,1215,-0.051,-0.27,0.057,-0.05,0.18,-1.302,0.741,-0.355,0.1523,1.0,0.995,0.264,0.718,1.977,0.193,track
1,1216,-0.051,-0.27,0.058,-0.05,0.18,-1.302,0.743,-0.347,0.1533,1.0,0.997,0.266,0.723,1.986,0.256,track
1,1217,-0.052,-0.27,0.06,-0.05,0.18,-1.302,0.742,-0.339,0.1543,1.0,0.996,0.272,0.728,1.995,0.178,track
1,1218,-0.052,-0.27,0.061,-0.05,0.18,-1.302,0.739,-0.33,0.1553,1.0,0.997,0.28,0.732,2.009,0.255,track
1,1219,-0.052,-0.27,0.062,-0.05,0.18,-1.302,0.735,-0.325,0.1572,1.0,0.996,0.288,0.742,2.025,0.202,track
1,1220,-0.053,-0.269,0.063,-0.05,0.18,-1.302,0.734,-0.322,0.1592,1.0,0.997,0.292,0.751,2.04,0.265,track
1,1221,-0.053,-0.269,0.065,-0.05,0.18,-1.302,0.732,-0.316,0.1611,1.0,0.996,0.298,0.76,2.053,0.183,track
1,1222,-0.053,-0.269,0.066,-0.05,0.18,-1.302,0.73,-0.305,0.1631,1.0,0.997,0.306,0.769,2.072,0.236,track
1,1223,-0.053,-0.269,0.067,-0.05,0.18,-1.302,0.729,-0.299,0.165,1.0,0.995,0.31,0.778,2.083,0.202,track
1,1224,-0.054,-0.269,0.068,-0.05,0.18,-1.302,0.728,-0.291,0.167,1.0,0.997,0.316,0.787,2.1,0.242,track
1,1225,-0.054,-0.269,0.069,-0.05,0.18,-1.302,0.727,-0.288,0.168,1.0,0.995,0.319,0.792,2.105,0.209,track
1,1226,-0.054,-0.269,0.07,-0.05,0.18,-1.302,0.726,-0.285,0.1689,1.0,0.997,0.322,0.796,2.115,0.261,track
1,1227,-0.054,-0.268,0.07,-0.05,0.18,-1.302,0.725,-0.284,0.1709,1.0,0.994,0.324,0.805,2.123,0.214,track
1,1228,-0.054,-0.268,0.071,-0.05,0.18,-1.302,0.724,-0.278,0.1729,1.0,0.997,0.33,0.813,2.14,0.255,track
1,1229,-0.055,-0.268,0.072,-0.05,0.18,-1.302,0.722,-0.273,0.1719,1.0,0.995,0.334,0.809,2.138,0.231,track
1,1230,-0.055,-0.267,0.072,-0.05,0.18,-1.302,0.72,-0.268,0.1738,1.0,0.997,0.34,0.818,2.155,0.26,track
1,1231,-0.055,-0.267,0.072,-0.05,0.18,-1.302,0.719,-0.266,0.1748,1.0,0.995,0.344,0.822,2.16,0.227,track
1,1232,-0.055,-0.267,0.073,-0.05,0.18,-1.302,0.718,-0.269,0.1758,1.0,0.997,0.342,0.826,2.165,0.249,track
1,1233,-0.055,-0.267,0.073,-0.05,0.18,-1.302,0.71,-0.271,0.1816,1.0,0.995,0.354,0.85,2.199,0.228,track
1,1234,-0.055,-0.266,0.073,-0.05,0.18,-1.302,0.704,-0.277,0.1855,1.0,0.998,0.36,0.866,2.223,0.245,track
1,1235,-0.055,-0.266,0.073,-0.05,0.18,-1.302,0.701,-0.272,0.1885,1.0,0.996,0.367,0.877,2.239,0.25,track
1,1236,-0.055,-0.266,0.073,-0.05,0.18,-1.302,0.699,-0.273,0.1904,1.0,0.998,0.369,0.884,2.251,0.263,track
1,1237,-0.055,-0.265,0.072,-0.05,0.18,-1.302,0.699,-0.273,0.1904,1.0,0.996,0.369,0.884,2.25,0.25,track
1,1238,-0.055,-0.265,0.072,-0.05,0.18,-1.302,0.697,-0.268,0.1924,1.0,0.998,0.375,0.891,2.264,0.283,track
1,1239,-0.055,-0.264,0.071,-0.05,0.18,-1.302,0.694,-0.272,0.1943,1.0,0.997,0.378,0.898,2.273,0.238,track
1,1240,-0.054,-0.264,0.07,-0.05,0.18,-1.302,0.692,-0.285,0.1963,1.0,0.998,0.373,0.905,2.275,0.242,track
1,1241,-0.054,-0.264,0.069,-0.05,0.18,-1.302,0.692,-0.285,0.1963,1.0,0.998,0.373,0.905,2.275,0.182,track
1,1242,-0.054,-0.263,0.068,-0.05,0.18,-1.302,0.692,-0.288,0.1953,1.0,0.998,0.37,0.901,2.27,0.189,track
1,1243,-0.054,-0.263,0.067,-0.05,0.18,-1.302,0.69,-0.293,0.1953,1.0,0.998,0.371,0.901,2.27,0.11,track
1,1244,-0.054,-0.263,0.065,-0.05,0.18,-1.302,0.685,-0.305,0.1982,1.0,0.998,0.37,0.911,2.279,0.112,track
1,1245,-0.053,-0.262,0.064,-0.05,0.18,-1.302,0.683,-0.306,0.2002,1.0,0.998,0.372,0.917,2.288,0.074,track
1,1246,-0.053,-0.262,0.062,-0.05,0.18,-1.302,0.68,-0.311,0.2002,1.0,0.998,0.373,0.917,2.288,0.077,track
1,1247,-0.053,-0.262,0.061,-0.05,0.18,-1.302,0.677,-0.311,0.2021,1.0,0.998,0.378,0.924,2.3,0.072,track
1,1248,-0.053,-0.262,0.059,-0.05,0.18,-1.302,0.675,-0.315,0.2041,1.0,0.998,0.379,0.929,2.306,0.079,track
1,1249,-0.052,-0.261,0.057,-0.05,0.18,-1.302,0.671,-0.323,0.2061,1.0,0.998,0.379,0.935,2.312,0.078,track
1,1250,-0.052,-0.261,0.056,-0.05,0.18,-1.302,0.667,-0.334,0.2061,1.0,0.998,0.377,0.935,2.31,0.08,track
1,1251,-0.052,-0.261,0.054,-0.05,0.18,-1.302,0.667,-0.334,0.2061,1.0,0.998,0.377,0.935,2.31,0.075,track
1,1252,-0.051,-0.26,0.052,-0.05,0.18,-1.302,0.667,-0.337,0.207,1.0,0.998,0.375,0.938,2.311,0.056,track
1,1253,-0.051,-0.26,0.05,-0.05,0.18,-1.302,0.666,-0.34,0.2061,1.0,0.998,0.374,0.935,2.307,0.048,track
1,1254,-0.051,-0.26,0.048,-0.05,0.18,-1.302,0.667,-0.346,0.2041,1.0,0.998,0.368,0.929,2.296,0.038,track
1,1255,-0.05,-0.26,0.046,-0.05,0.18,-1.302,0.666,-0.355,0.2041,1.0,0.998,0.363,0.929,2.29,0.03,track
1,1256,-0.05,-0.26,0.044,-0.05,0.18,-1.302,0.663,-0.36,0.2041,1.0,0.998,0.362,0.929,2.29,0.022,track
1,1257,-0.05,-0.259,0.042,-0.05,0.18,-1.302,0.664,-0.365,0.2041,1.0,0.998,0.358,0.929,2.286,0.012,track
1,1258,-0.049,-0.259,0.04,-0.05,0.18,-1.302,0.665,-0.367,0.2031,1.0,0.998,0.354,0.927,2.279,0.014,track
1,1259,-0.049,-0.259,0.038,-0.05,0.18,-1.302,0.664,-0.373,0.2012,1.0,0.998,0.351,0.921,2.27,0.023,track
1,1260,-0.048,-0.259,0.035,-0.05,0.18,-1.302,0.661,-0.375,0.1982,1.0,0.998,0.353,0.911,2.263,0.035,track
1,1261,-0.048,-0.259,0.033,-0.05,0.18,-1.302,0.66,-0.375,0.1973,1.0,0.999,0.355,0.908,2.262,0.049,track
1,1262,-0.048,-0.258,0.032,-0.05,0.18,-1.302,0.657,-0.376,0.1973,1.0,0.999,0.358,0.908,2.264,0.062,track
1,1263,-0.047,-0.258,0.03,-0.05,0.18,-1.302,0.653,-0.383,0.1982,1.0,0.999,0.358,0.911,2.268,0.062,track
1,1264,-0.047,-0.258,0.028,-0.05,0.18,-1.302,0.647,-0.384,0.1924,1.0,0.999,0.367,0.891,2.257,0.073,track
1,1265,-0.046,-0.258,0.026,-0.05,0.18,-1.302,0.645,-0.387,0.1885,1.0,0.999,0.366,0.877,2.242,0.095,track
1,1266,-0.046,-0.258,0.024,-0.05,0.18,-1.302,0.644,-0.385,0.1875,1.0,0.999,0.37,0.873,2.242,0.102,track
1,1267,-0.046,-0.257,0.022,-0.05,0.18,-1.302,0.64,-0.387,0.1846,1.0,0.999,0.373,0.862,2.234,0.122,track
1,1268,-0.045,-0.257,0.021,-0.05,0.18,-1.302,0.64,-0.387,0.1846,1.0,0.999,0.373,0.862,2.234,0.129,track
1,1269,-0.045,-0.257,0.019,-0.05,0.18,-1.302,0.633,-0.385,0.1758,1.0,0.999,0.385,0.826,2.21,0.136,track
1,1270,-0.044,-0.257,0.018,-0.05,0.18,-1.302,0.627,-0.393,0.1729,1.0,0.999,0.387,0.813,2.199,0.168,track
1,1271,-0.044,-0.257,0.017,-0.05,0.18,-1.302,0.623,-0.393,0.1709,1.0,0.999,0.393,0.805,2.197,0.176,track
1,1272,-0.043,-0.257,0.015,-0.05,0.18,-1.302,0.623,-0.393,0.1709,1.0,0.999,0.393,0.805,2.197,0.203,track
1,1273,-0.043,-0.257,0.014,-0.05,0.18,-1.302,0.621,-0.392,0.168,1.0,1.0,0.396,0.792,2.187,0.204,track
1,1274,-0.043,-0.257,0.013,-0.05,0.18,-1.302,0.621,-0.39,0.167,1.0,1.0,0.399,0.787,2.186,0.216,track
1,1275,-0.042,-0.256,0.012,-0.05,0.18,-1.302,0.611,-0.38,0.1582,1.0,1.0,0.423,0.746,2.169,0.213,track
1,1276,-0.042,-0.256,0.012,-0.05,0.18,-1.302,0.609,-0.38,0.1562,1.0,1.0,0.426,0.737,2.163,0.213,track
1,1277,-0.041,-0.256,0.011,-0.05,0.18,-1.302,0.606,-0.374,0.1543,1.0,1.0,0.436,0.728,2.164,0.213,track
1,1278,-0.041,-0.256,0.011,-0.05,0.18,-1.302,0.606,-0.374,0.1543,1.0,1.0,0.436,0.728,2.164,0.213,track
1,1279,-0.041,-0.256,0.01,-0.05,0.18,-1.302,0.604,-0.375,0.1533,1.0,1.0,0.439,0.723,2.162,0.212,track
1,1280,-0.04,-0.256,0.01,-0.05,0.18,-1.302,0.604,-0.375,0.1533,1.0,1.0,0.439,0.723,2.162,0.224,track
1,1281,-0.04,-0.256,0.01,-0.05,0.18,-1.302,0.603,-0.379,0.1523,1.0,1.0,0.436,0.718,2.154,0.22,track
1,1282,-0.039,-0.256,0.01,-0.05,0.18,-1.302,0.603,-0.379,0.1523,1.0,1.0,0.436,0.718,2.154,0.233,track
1,1283,-0.039,-0.256,0.01,-0.05,0.18,-1.302,0.603,-0.379,0.1523,1.0,1.0,0.436,0.718,2.154,0.228,track
1,1284,-0.039,-0.256,0.01,-0.05,0.18,-1.302,0.603,-0.379,0.1523,1.0,1.0,0.436,0.718,2.154,0.221,track
1,1285,-0.038,-0.256,0.01,-0.05,0.18,-1.302,0.603,-0.379,0.1523,1.0,1.0,0.436,0.718,2.154,0.212,track
1,1286,-0.038,-0.256,0.011,-0.05,0.18,-1.302,0.605,-0.381,0.1523,1.0,1.0,0.431,0.718,2.148,0.203,track
1,1287,-0.038,-0.256,0.011,-0.05,0.18,-1.302,0.605,-0.381,0.1523,1.0,1.0,0.431,0.718,2.148,0.2,track
1,1288,-0.037,-0.256,0.011,-0.05,0.18,-1.302,0.605,-0.381,0.1523,1.0,1.0,0.431,0.718,2.148,0.191,track
1,1289,-0.037,-0.256,0.012,-0.05,0.18,-1.302,0.605,-0.381,0.1523,1.0,0.999,0.431,0.718,2.148,0.177,track
1,1290,-0.037,-0.256,0.012,-0.05,0.18,-1.302,0.605,-0.381,0.1523,1.0,0.999,0.431,0.718,2.148,0.166,track
1,1291,-0.036,-0.256,0.012,-0.05,0.18,-1.302,0.605,-0.381,0.1523,1.0,0.999,0.431,0.718,2.148,0.151,track
1,1292,-0.036,-0.256,0.013,-0.05,0.18,-1.302,0.612,-0.389,0.1543,1.0,0.999,0.413,0.728,2.14,0.138,track
1,1293,-0.036,-0.256,0.013,-0.05,0.18,-1.302,0.616,-0.396,0.1592,1.0,0.999,0.4,0.751,2.15,0.142,track
1,1294,-0.035,-0.256,0.014,-0.05,0.18,-1.302,0.618,-0.397,0.1592,1.0,0.999,0.396,0.751,2.146,0.142,track
1,1295,-0.035,-0.255,0.014,-0.05,0.18,-1.302,0.623,-0.401,0.1562,1.0,0.999,0.385,0.737,2.121,0.117,track
1,1296,-0.035,-0.255,0.015,-0.05,0.18,-1.302,0.625,-0.399,0.1553,1.0,0.999,0.384,0.732,2.115,0.116,track
1,1297,-0.034,-0.255,0.015,-0.05,0.18,-1.302,0.637,-0.399,0.1514,1.0,0.999,0.367,0.713,2.079,0.097,track
1,1298,-0.034,-0.255,0.016,-0.05,0.18,-1.302,0.639,-0.396,0.1504,1.0,0.999,0.367,0.709,2.075,0.124,track
1,1299,-0.034,-0.255,0.017,-0.05,0.18,-1.302,0.64,-0.396,0.1514,1.0,0.999,0.366,0.713,2.078,0.113,track
1,1300,-0.033,-0.255,0.018,-0.05,0.18,-1.302,0.64,-0.396,0.1514,1.0,0.999,0.366,0.713,2.078,0.077,track
1,1301,-0.033,-0.255,0.019,-0.05,0.18,-1.302,0.64,-0.396,0.1514,1.0,0.999,0.366,0.713,2.078,0.063,track
1,1302,-0.033,-0.255,0.02,-0.05,0.18,-1.302,0.646,-0.401,0.1553,1.0,0.999,0.352,0.732,2.084,0.045,track
1,1303,-0.032,-0.255,0.021,-0.05,0.18,-1.302,0.646,-0.401,0.1553,1.0,0.999,0.352,0.732,2.084,0.031,track
1,1304,-0.032,-0.255,0.022,-0.05,0.18,-1.302,0.65,-0.398,0.1562,1.0,0.999,0.35,0.737,2.086,0.015,track
1,1305,-0.032,-0.255,0.023,-0.05,0.18,-1.302,0.657,-0.41,0.1631,1.0,0.999,0.331,0.769,2.099,0.04,track
1,1306,-0.031,-0.255,0.024,-0.05,0.18,-1.302,0.657,-0.41,0.1631,1.0,0.999,0.331,0.769,2.099,0.034,track
1,1307,-0.031,-0.255,0.025,-0.05,0.18,-1.302,0.657,-0.41,0.1631,1.0,0.999,0.331,0.769,2.099,0.028,track
1,1308,-0.031,-0.255,0.026,-0.05,0.18,-1.302,0.659,-0.413,0.1641,1.0,0.999,0.326,0.774,2.099,0.037,track
1,1309,-0.031,-0.254,0.027,-0.05,0.18,-1.302,0.661,-0.412,0.165,1.0,0.999,0.324,0.778,2.101,0.042,track
1,1310,-0.03,-0.254,0.028,-0.05,0.18,-1.302,0.663,-0.411,0.167,1.0,0.999,0.322,0.787,2.108,0.048,track
1,1311,-0.03,-0.254,0.029,-0.05,0.18,-1.302,0.663,-0.411,0.167,1.0,0.999,0.322,0.787,2.108,0.063,track
1,1312,-0.03,-0.254,0.03,-0.05,0.18,-1.302,0.666,-0.413,0.1689,1.0,0.999,0.317,0.796,2.112,0.055,track
1,1313,-0.03,-0.254,0.031,-0.05,0.18,-1.302,0.672,-0.419,0.1738,1.0,0.999,0.305,0.818,2.121,0.062,track
1,1314,-0.029,-0.254,0.031,-0.05,0.18,-1.302,0.673,-0.413,0.1738,1.0,0.999,0.308,0.818,2.124,0.076,track
1,1315,-0.029,-0.253,0.032,-0.05,0.18,-1.302,0.675,-0.407,0.1738,1.0,0.999,0.31,0.818,2.127,0.072,track
1,1316,-0.029,-0.253,0.032,-0.05,0.18,-1.302,0.676,-0.403,0.1748,1.0,0.999,0.311,0.822,2.132,0.082,track
1,1317,-0.028,-0.253,0.033,-0.05,0.18,-1.302,0.678,-0.405,0.1758,1.0,0.999,0.308,0.826,2.132,0.093,track
1,1318,-0.028,-0.253,0.033,-0.05,0.18,-1.302,0.678,-0.405,0.1758,1.0,0.999,0.308,0.826,2.133,0.084,track
1,1319,-0.028,-0.253,0.034,-0.05,0.18,-1.302,0.678,-0.405,0.1758,1.0,0.999,0.308,0.826,2.133,0.09,track
1,1320,-0.028,-0.252,0.034,-0.05,0.18,-1.302,0.676,-0.403,0.1768,1.0,0.999,0.311,0.83,2.14,0.081,track
1,1321,-0.027,-0.252,0.034,-0.05,0.18,-1.302,0.677,-0.399,0.1777,1.0,0.999,0.313,0.834,2.146,0.089,track
1,1322,-0.027,-0.252,0.035,-0.05,0.18,-1.302,0.677,-0.392,0.1797,1.0,0.999,0.319,0.842,2.16,0.095,track
1,1323,-0.027,-0.251,0.035,-0.05,0.18,-1.302,0.678,-0.382,0.1807,1.0,0.999,0.325,0.846,2.17,0.12,track
1,1324,-0.026,-0.251,0.035,-0.05,0.18,-1.302,0.68,-0.381,0.1807,1.0,0.998,0.322,0.846,2.167,0.138,track
1,1325,-0.026,-0.251,0.035,-0.05,0.18,-1.302,0.68,-0.378,0.1807,1.0,0.998,0.325,0.846,2.17,0.12,track
1,1326,-0.026,-0.251,0.034,-0.05,0.18,-1.302,0.679,-0.374,0.1807,1.0,0.999,0.329,0.846,2.174,0.12,track
1,1327,-0.026,-0.25,0.034,-0.05,0.18,-1.302,0.681,-0.371,0.1816,1.0,0.999,0.33,0.85,2.179,0.135,track
1,1328,-0.025,-0.25,0.034,-0.05,0.18,-1.302,0.68,-0.367,0.1826,1.0,0.999,0.333,0.854,2.186,0.136,track
1,1329,-0.025,-0.249,0.033,-0.05,0.18,-1.302,0.68,-0.367,0.1826,1.0,0.999,0.333,0.854,2.186,0.144,track
1,1330,-0.024,-0.249,0.033,-0.05,0.18,-1.302,0.68,-0.367,0.1826,1.0,0.999,0.333,0.854,2.186,0.146,track
1,1331,-0.024,-0.249,0.032,-0.05,0.18,-1.302,0.679,-0.365,0.1836,1.0,0.999,0.336,0.858,2.193,0.144,track
1,1332,-0.024,-0.248,0.032,-0.05,0.18,-1.302,0.677,-0.364,0.1855,1.0,0.999,0.34,0.866,2.205,0.149,track
1,1333,-0.023,-0.248,0.031,-0.05,0.18,-1.302,0.675,-0.367,0.1865,1.0,0.999,0.34,0.869,2.208,0.156,track
1,1334,-0.023,-0.248,0.031,-0.05,0.18,-1.302,0.671,-0.368,0.1895,1.0,0.999,0.345,0.88,2.225,0.155,track
1,1335,-0.022,-0.247,0.03,-0.05,0.18,-1.302,0.663,-0.368,0.1855,1.0,0.999,0.356,0.866,2.221,0.16,track
1,1336,-0.022,-0.247,0.029,-0.05,0.18,-1.302,0.657,-0.366,0.1855,1.0,0.999,0.366,0.866,2.23,0.16,track
1,1337,-0.022,-0.246,0.028,-0.05,0.18,-1.302,0.652,-0.369,0.1885,1.0,0.999,0.371,0.877,2.247,0.167,track
1,1338,-0.021,-0.246,0.027,-0.05,0.18,-1.302,0.644,-0.371,0.1895,1.0,0.999,0.381,0.88,2.26,0.173,track
1,1339,-0.021,-0.246,0.026,-0.05,0.18,-1.302,0.642,-0.378,0.1895,1.0,0.999,0.379,0.88,2.258,0.18,track
1,1340,-0.02,-0.245,0.025,-0.05,0.18,-1.302,0.641,-0.376,0.1885,1.0,0.999,0.382,0.877,2.258,0.182,track
1,1341,-0.02,-0.245,0.024,-0.05,0.18,-1.302,0.64,-0.375,0.1875,1.0,0.999,0.384,0.873,2.256,0.183,track
1,1342,-0.019,-0.244,0.022,-0.05,0.18,-1.302,0.632,-0.371,0.1826,1.0,0.999,0.4,0.854,2.253,0.19,track
1,1343,-0.019,-0.244,0.021,-0.05,0.18,-1.302,0.628,-0.381,0.1816,1.0,0.999,0.395,0.85,2.244,0.19,track
1,1344,-0.018,-0.243,0.02,-0.05,0.18,-1.302,0.625,-0.387,0.1777,1.0,0.999,0.396,0.834,2.229,0.186,track
1,1345,-0.018,-0.243,0.018,-0.05,0.18,-1.302,0.62,-0.386,0.1768,1.0,0.998,0.404,0.83,2.232,0.163,track
1,1346,-0.017,-0.243,0.017,-0.05,0.18,-1.302,0.615,-0.388,0.1758,1.0,0.998,0.41,0.826,2.235,0.156,track
1,1347,-0.017,-0.242,0.016,-0.05,0.18,-1.302,0.604,-0.38,0.1689,1.0,0.998,0.434,0.796,2.228,0.14,track
1,1348,-0.016,-0.242,0.014,-0.05,0.18,-1.302,0.599,-0.375,0.1699,1.0,0.998,0.446,0.8,2.245,0.131,track
1,1349,-0.016,-0.242,0.013,-0.05,0.18,-1.302,0.588,-0.379,0.1738,1.0,0.998,0.46,0.818,2.276,0.137,track
1,1350,-0.015,-0.241,0.012,-0.05,0.18,-1.302,0.579,-0.384,0.1738,1.0,0.998,0.47,0.818,2.285,0.123,track
1,1351,-0.015,-0.241,0.01,-0.05,0.18,-1.302,0.569,-0.372,0.1631,1.0,0.998,0.501,0.769,2.268,0.112,track
1,1352,-0.014,-0.24,0.009,-0.05,0.18,-1.302,0.562,-0.371,0.1602,1.0,0.998,0.512,0.756,2.265,0.106,track
1,1353,-0.014,-0.24,0.008,-0.05,0.18,-1.302,0.554,-0.374,0.1592,1.0,0.998,0.523,0.751,2.272,0.086,track
1,1354,-0.013,-0.24,0.006,-0.05,0.18,-1.302,0.551,-0.37,0.1562,1.0,0.998,0.533,0.737,2.268,0.05,track
1,1355,-0.013,-0.24,0.005,-0.05,0.18,-1.302,0.546,-0.37,0.1533,1.0,0.998,0.542,0.723,2.263,0.055,track
1,1356,-0.013,-0.239,0.004,-0.05,0.18,-1.302,0.542,-0.368,0.1494,1.0,0.998,0.551,0.704,2.253,0.059,track
1,1357,-0.012,-0.239,0.002,-0.05,0.18,-1.302,0.533,-0.355,0.1436,1.0,0.998,0.584,0.675,2.257,0.089,track
1,1358,-0.012,-0.239,0.001,-0.05,0.18,-1.302,0.533,-0.355,0.1436,1.0,0.998,0.584,0.675,2.256,0.118,track
1,1359,-0.011,-0.239,0.0,-0.05,0.18,-1.302,0.53,-0.354,0.1416,1.0,0.998,0.591,0.665,2.253,0.094,track
1,1360,-0.011,-0.238,-0.001,-0.05,0.18,-1.302,0.53,-0.354,0.1416,1.0,0.998,0.591,0.665,2.253,0.099,track
1,1361,-0.011,-0.238,-0.002,-0.05,0.18,-1.302,0.527,-0.358,0.1406,1.0,0.998,0.592,0.66,2.25,0.104,track
1,1362,-0.01,-0.238,-0.002,-0.05,0.18,-1.302,0.526,-0.36,0.1377,1.0,0.998,0.59,0.645,2.234,0.127,track
1,1363,-0.01,-0.238,-0.003,-0.05,0.18,-1.302,0.526,-0.36,0.1377,1.0,0.998,0.59,0.645,2.234,0.145,track
1,1364,-0.01,-0.238,-0.004,-0.05,0.18,-1.302,0.526,-0.36,0.1377,1.0,0.998,0.59,0.645,2.234,0.152,track
1,1365,-0.009,-0.238,-0.004,-0.05,0.18,-1.302,0.525,-0.364,0.1367,1.0,0.998,0.588,0.64,2.227,0.155,track
1,1366,-0.009,-0.238,-0.004,-0.05,0.18,-1.302,0.525,-0.364,0.1367,1.0,0.998,0.588,0.64,2.227,0.162,track
1,1367,-0.009,-0.238,-0.005,-0.05,0.18,-1.302,0.525,-0.364,0.1367,1.0,0.998,0.588,0.64,2.227,0.158,track
1,1368,-0.009,-0.238,-0.005,-0.05,0.18,-1.302,0.525,-0.364,0.1367,1.0,0.998,0.588,0.64,2.227,0.15,track
1,1369,-0.009,-0.238,-0.005,-0.05,0.18,-1.302,0.527,-0.365,0.1357,1.0,0.998,0.584,0.636,2.217,0.137,track
1,1370,-0.008,-0.238,-0.006,-0.05,0.18,-1.302,0.527,-0.365,0.1357,1.0,0.998,0.584,0.636,2.217,0.128,track
1,1371,-0.008,-0.238,-0.006,-0.05,0.18,-1.302,0.531,-0.365,0.1348,1.0,0.998,0.575,0.631,2.204,0.122,track
1,1372,-0.008,-0.238,-0.006,-0.05,0.18,-1.302,0.531,-0.369,0.1338,1.0,0.998,0.57,0.626,2.194,0.118,track
1,1373,-0.008,-0.238,-0.006,-0.05,0.18,-1.302,0.531,-0.372,0.1328,1.0,0.999,0.566,0.621,2.185,0.127,track
1,1374,-0.008,-0.238,-0.006,-0.05,0.18,-1.302,0.53,-0.376,0.1318,1.0,0.999,0.563,0.616,2.177,0.138,track
1,1375,-0.008,-0.238,-0.006,-0.05,0.18,-1.302,0.53,-0.376,0.1318,1.0,0.999,0.563,0.616,2.177,0.149,track
1,1376,-0.008,-0.238,-0.006,-0.05,0.18,-1.302,0.531,-0.376,0.1328,1.0,0.999,0.562,0.621,2.181,0.144,track
1,1377,-0.008,-0.239,-0.006,-0.05,0.18,-1.302,0.531,-0.376,0.1328,1.0,0.999,0.562,0.621,2.181,0.135,track
1,1378,-0.008,-0.239,-0.006,-0.05,0.18,-1.302,0.535,-0.368,0.1309,1.0,0.999,0.565,0.611,2.175,0.124,track
1,1379,-0.008,-0.239,-0.006,-0.05,0.18,-1.302,0.54,-0.365,0.1309,1.0,0.999,0.56,0.611,2.17,0.095,track
1,1380,-0.008,-0.239,-0.005,-0.05,0.18,-1.302,0.542,-0.371,0.1309,1.0,0.999,0.549,0.611,2.159,0.077,track
1,1381,-0.008,-0.239,-0.005,-0.05,0.18,-1.302,0.542,-0.371,0.1309,1.0,0.999,0.549,0.611,2.159,0.092,track
1,1382,-0.008,-0.239,-0.005,-0.05,0.18,-1.302,0.549,-0.362,0.1279,1.0,0.999,0.547,0.596,2.142,0.092,track
1,1383,-0.008,-0.239,-0.005,-0.05,0.18,-1.302,0.564,-0.367,0.1299,1.0,0.999,0.513,0.606,2.119,0.096,track
1,1384,-0.008,-0.24,-0.004,-0.05,0.18,-1.302,0.566,-0.377,0.1328,1.0,0.999,0.5,0.621,2.12,0.127,track
1,1385,-0.008,-0.24,-0.003,-0.05,0.18,-1.302,0.568,-0.377,0.1318,1.0,1.0,0.496,0.616,2.111,0.113,track
1,1386,-0.008,-0.24,-0.003,-0.05,0.18,-1.302,0.57,-0.373,0.1309,1.0,0.999,0.498,0.611,2.108,0.111,track
1,1387,-0.008,-0.24,-0.002,-0.05,0.18,-1.302,0.57,-0.373,0.1309,1.0,1.0,0.498,0.611,2.108,0.109,track
1,1388,-0.008,-0.24,-0.001,-0.05,0.18,-1.302,0.57,-0.373,0.1309,1.0,1.0,0.498,0.611,2.108,0.093,track
1,1389,-0.008,-0.241,-0.0,-0.05,0.18,-1.302,0.57,-0.373,0.1309,1.0,1.0,0.498,0.611,2.108,0.093,track
1,1390,-0.008,-0.241,0.0,-0.05,0.18,-1.302,0.574,-0.371,0.1328,1.0,1.0,0.493,0.621,2.113,0.084,track
1,1391,-0.008,-0.241,0.001,-0.05,0.18,-1.302,0.574,-0.376,0.1338,1.0,0.999,0.487,0.626,2.112,0.073,track
1,1392,-0.008,-0.241,0.002,-0.05,0.18,-1.302,0.577,-0.372,0.1348,1.0,0.999,0.487,0.631,2.117,0.075,track
1,1393,-0.008,-0.241,0.003,-0.05,0.18,-1.302,0.58,-0.364,0.1328,1.0,0.999,0.49,0.621,2.111,0.056,track
1,1394,-0.008,-0.241,0.004,-0.05,0.18,-1.302,0.581,-0.359,0.1338,1.0,0.999,0.493,0.626,2.118,0.038,track
1,1395,-0.009,-0.242,0.005,-0.05,0.18,-1.302,0.581,-0.36,0.1357,1.0,0.999,0.492,0.636,2.126,0.021,track
1,1396,-0.009,-0.242,0.006,-0.05,0.18,-1.302,0.587,-0.378,0.1426,1.0,0.999,0.464,0.67,2.133,0.034,track
1,1397,-0.009,-0.242,0.006,-0.05,0.18,-1.302,0.591,-0.377,0.1465,1.0,0.999,0.458,0.689,2.147,0.071,track
1,1398,-0.009,-0.242,0.007,-0.05,0.18,-1.302,0.593,-0.378,0.1455,1.0,0.999,0.454,0.684,2.138,0.067,track
1,1399,-0.009,-0.242,0.008,-0.05,0.18,-1.302,0.595,-0.382,0.1465,1.0,0.999,0.447,0.689,2.136,0.065,track
1,1400,-0.009,-0.242,0.008,-0.05,0.18,-1.302,0.599,-0.371,0.1455,1.0,0.999,0.451,0.684,2.134,0.05,track
1,1401,-0.009,-0.242,0.009,-0.05,0.18,-1.302,0.599,-0.371,0.1455,1.0,0.999,0.451,0.684,2.134,0.028,track
1,1402,-0.009,-0.242,0.01,-0.05,0.18,-1.302,0.598,-0.372,0.1445,1.0,0.999,0.453,0.68,2.132,0.039,track
1,1403,-0.009,-0.243,0.01,-0.05,0.18,-1.302,0.6,-0.38,0.1465,1.0,0.999,0.44,0.689,2.129,0.032,track
1,1404,-0.01,-0.243,0.011,-0.05,0.18,-1.302,0.6,-0.38,0.1465,1.0,0.999,0.44,0.689,2.129,0.024,track
1,1405,-0.01,-0.243,0.011,-0.05,0.18,-1.302,0.6,-0.38,0.1465,1.0,0.999,0.44,0.689,2.129,0.02,track
1,1406,-0.01,-0.243,0.012,-0.05,0.18,-1.302,0.601,-0.375,0.1475,1.0,0.999,0.443,0.694,2.136,0.019,track
1,1407,-0.01,-0.243,0.012,-0.05,0.18,-1.302,0.605,-0.369,0.1475,1.0,0.999,0.443,0.694,2.137,0.038,track
1,1408,-0.01,-0.243,0.013,-0.05,0.18,-1.302,0.609,-0.367,0.1484,1.0,0.999,0.438,0.699,2.136,0.039,track
1,1409,-0.01,-0.243,0.013,-0.05,0.18,-1.302,0.612,-0.367,0.1484,1.0,0.999,0.435,0.699,2.133,0.041,track
1,1410,-0.01,-0.243,0.013,-0.05,0.18,-1.302,0.615,-0.362,0.1465,1.0,0.999,0.434,0.689,2.122,0.044,track
1,1411,-0.01,-0.243,0.014,-0.05,0.18,-1.302,0.615,-0.362,0.1465,1.0,0.999,0.434,0.689,2.122,0.049,track
1,1412,-0.01,-0.243,0.014,-0.05,0.18,-1.302,0.614,-0.364,0.1484,1.0,0.999,0.433,0.699,2.131,0.051,track
1,1413,-0.01,-0.243,0.015,-0.05,0.18,-1.302,0.613,-0.367,0.1514,1.0,0.999,0.432,0.713,2.145,0.051,track
1,1414,-0.01,-0.243,0.015,-0.05,0.18,-1.302,0.615,-0.372,0.1533,1.0,1.0,0.425,0.723,2.147,0.056,track
1,1415,-0.01,-0.243,0.015,-0.05,0.18,-1.302,0.618,-0.375,0.1562,1.0,1.0,0.417,0.737,2.153,0.058,track
1,1416,-0.01,-0.243,0.016,-0.05,0.18,-1.302,0.619,-0.376,0.1572,1.0,1.0,0.415,0.742,2.156,0.059,track
1,1417,-0.01,-0.243,0.016,-0.05,0.18,-1.302,0.62,-0.377,0.1582,1.0,1.0,0.413,0.746,2.158,0.061,track
1,1418,-0.011,-0.243,0.016,-0.05,0.18,-1.302,0.624,-0.376,0.1602,1.0,1.0,0.407,0.756,2.162,0.058,track
1,1419,-0.011,-0.243,0.016,-0.05,0.18,-1.302,0.626,-0.38,0.1621,1.0,1.0,0.401,0.765,2.165,0.059,track
1,1420,-0.011,-0.243,0.016,-0.05,0.18,-1.302,0.626,-0.38,0.1621,1.0,1.0,0.401,0.765,2.165,0.066,track
1,1421,-0.011,-0.243,0.016,-0.05,0.18,-1.302,0.625,-0.376,0.1631,1.0,1.0,0.405,0.769,2.174,0.061,track
1,1422,-0.011,-0.243,0.016,-0.05,0.18,-1.302,0.624,-0.374,0.165,1.0,1.0,0.409,0.778,2.187,0.077,track
1,1423,-0.011,-0.243,0.016,-0.05,0.18,-1.302,0.624,-0.374,0.165,1.0,1.0,0.409,0.778,2.187,0.09,track
1,1424,-0.011,-0.243,0.016,-0.05,0.18,-1.302,0.622,-0.375,0.1631,1.0,1.0,0.412,0.769,2.181,0.097,track
1,1425,-0.011,-0.243,0.016,-0.05,0.18,-1.302,0.622,-0.375,0.1631,1.0,1.0,0.412,0.769,2.181,0.09,track
1,1426,-0.011,-0.242,0.015,-0.05,0.18,-1.302,0.621,-0.374,0.1621,1.0,1.0,0.414,0.765,2.178,0.092,track
1,1427,-0.011,-0.242,0.015,-0.05,0.18,-1.302,0.619,-0.37,0.1621,1.0,1.0,0.42,0.765,2.185,0.089,track
1,1428,-0.01,-0.242,0.015,-0.05,0.18,-1.302,0.616,-0.369,0.1611,1.0,1.0,0.427,0.76,2.186,0.1,track
1,1429,-0.01,-0.242,0.015,-0.05,0.18,-1.302,0.612,-0.367,0.1602,1.0,1.0,0.434,0.756,2.19,0.103,track
1,1430,-0.01,-0.242,0.014,-0.05,0.18,-1.302,0.61,-0.368,0.1602,1.0,1.0,0.436,0.756,2.192,0.106,track
1,1431,-0.01,-0.242,0.014,-0.05,0.18,-1.302,0.607,-0.37,0.1602,1.0,1.0,0.44,0.756,2.195,0.104,track
1,1432,-0.01,-0.242,0.014,-0.05,0.18,-1.302,0.604,-0.367,0.1582,1.0,1.0,0.448,0.746,2.194,0.1,track
1,1433,-0.01,-0.242,0.013,-0.05,0.18,-1.302,0.602,-0.365,0.1592,1.0,1.0,0.452,0.751,2.202,0.101,track
1,1434,-0.01,-0.242,0.013,-0.05,0.18,-1.302,0.602,-0.365,0.1592,1.0,1.0,0.452,0.751,2.202,0.104,track
1,1435,-0.01,-0.241,0.012,-0.05,0.18,-1.302,0.602,-0.365,0.1592,1.0,1.0,0.452,0.751,2.202,0.101,track
1,1436,-0.01,-0.241,0.012,-0.05,0.18,-1.302,0.601,-0.362,0.1582,1.0,1.0,0.456,0.746,2.202,0.098,track
1,1437,-0.01,-0.241,0.012,-0.05,0.18,-1.302,0.601,-0.362,0.1582,1.0,1.0,0.456,0.746,2.202,0.097,track
1,1438,-0.01,-0.241,0.011,-0.05,0.18,-1.302,0.598,-0.361,0.1582,1.0,1.0,0.463,0.746,2.209,0.094,track
1,1439,-0.01,-0.241,0.011,-0.05,0.18,-1.302,0.596,-0.365,0.1592,1.0,1.0,0.462,0.751,2.212,0.091,track
1,1440,-0.01,-0.241,0.01,-0.05,0.18,-1.302,0.595,-0.369,0.1582,1.0,1.0,0.461,0.746,2.207,0.086,track
1,1441,-0.01,-0.241,0.01,-0.05,0.18,-1.302,0.594,-0.372,0.1562,1.0,1.0,0.458,0.737,2.194,0.07,track
1,1442,-0.01,-0.241,0.01,-0.05,0.18,-1.302,0.592,-0.367,0.1533,1.0,1.0,0.467,0.723,2.189,0.057,track
1,1443,-0.01,-0.241,0.009,-0.05,0.18,-1.302,0.59,-0.362,0.1504,1.0,1.0,0.475,0.709,2.183,0.061,track
1,1444,-0.01,-0.24,0.009,-0.05,0.18,-1.302,0.584,-0.352,0.1484,1.0,1.0,0.496,0.699,2.194,0.068,track
1,1445,-0.009,-0.24,0.009,-0.05,0.18,-1.302,0.582,-0.347,0.1484,1.0,1.0,0.505,0.699,2.204,0.06,track
1,1446,-0.009,-0.24,0.008,-0.05,0.18,-1.302,0.582,-0.347,0.1484,1.0,1.0,0.505,0.699,2.204,0.061,track
1,1447,-0.009,-0.24,0.008,-0.05,0.18,-1.302,0.578,-0.35,0.1504,1.0,1.0,0.508,0.709,2.216,0.047,track
1,1448,-0.009,-0.24,0.008,-0.05,0.18,-1.302,0.576,-0.351,0.1514,1.0,1.0,0.511,0.713,2.224,0.042,track
1,1449,-0.009,-0.24,0.008,-0.05,0.18,-1.302,0.572,-0.356,0.1533,1.0,1.0,0.512,0.723,2.234,0.028,track
1,1450,-0.009,-0.24,0.007,-0.05,0.18,-1.302,0.568,-0.357,0.1523,1.0,1.0,0.518,0.718,2.236,0.054,track
1,1451,-0.009,-0.24,0.007,-0.05,0.18,-1.302,0.566,-0.359,0.1533,1.0,1.0,0.52,0.723,2.243,0.048,track
1,1452,-0.009,-0.24,0.007,-0.05,0.18,-1.302,0.566,-0.359,0.1533,1.0,1.0,0.52,0.723,2.243,0.046,track
1,1453,-0.009,-0.24,0.006,-0.05,0.18,-1.302,0.561,-0.361,0.1523,1.0,1.0,0.526,0.718,2.244,0.034,track
1,1454,-0.009,-0.24,0.006,-0.05,0.18,-1.302,0.561,-0.361,0.1523,1.0,1.0,0.526,0.718,2.244,0.038,track
1,1455,-0.009,-0.24,0.005,-0.05,0.18,-1.302,0.561,-0.361,0.1523,1.0,1.0,0.526,0.718,2.244,0.022,track
1,1456,-0.009,-0.24,0.005,-0.05,0.18,-1.302,0.56,-0.357,0.1514,1.0,1.0,0.532,0.713,2.245,0.015,track
1,1457,-0.009,-0.24,0.004,-0.05,0.18,-1.302,0.556,-0.363,0.1514,1.0,1.0,0.533,0.713,2.246,0.018,track
1,1458,-0.009,-0.24,0.004,-0.05,0.18,-1.302,0.554,-0.359,0.1504,1.0,0.999,0.541,0.709,2.249,0.039,track
1,1459,-0.009,-0.24,0.003,-0.05,0.18,-1.302,0.555,-0.362,0.1494,1.0,1.0,0.536,0.704,2.239,0.038,track
1,1460,-0.009,-0.24,0.003,-0.05,0.18,-1.302,0.555,-0.362,0.1494,1.0,1.0,0.536,0.704,2.239,0.028,track
1,1461,-0.009,-0.24,0.002,-0.05,0.18,-1.302,0.554,-0.366,0.1484,1.0,1.0,0.534,0.699,2.232,0.038,track
1,1462,-0.009,-0.24,0.002,-0.05,0.18,-1.302,0.554,-0.366,0.1484,1.0,0.999,0.534,0.699,2.232,0.041,track
1,1463,-0.009,-0.24,0.001,-0.05,0.18,-1.302,0.553,-0.361,0.1475,1.0,1.0,0.541,0.694,2.235,0.054,track
1,1464,-0.009,-0.24,0.001,-0.05,0.18,-1.302,0.555,-0.359,0.1465,1.0,1.0,0.54,0.689,2.229,0.028,track
1,1465,-0.009,-0.24,0.0,-0.05,0.18,-1.302,0.555,-0.359,0.1465,1.0,1.0,0.54,0.689,2.229,0.037,track
1,1466,-0.009,-0.24,-0.0,-0.05,0.18,-1.302,0.557,-0.357,0.1455,1.0,1.0,0.539,0.684,2.223,0.029,track
1,1467,-0.009,-0.241,-0.001,-0.05,0.18,-1.302,0.554,-0.358,0.1445,1.0,1.0,0.542,0.68,2.222,0.047,track
1,1468,-0.009,-0.241,-0.001,-0.05,0.18,-1.302,0.556,-0.356,0.1436,1.0,1.0,0.541,0.675,2.215,0.045,track
1,1469,-0.009,-0.241,-0.001,-0.05,0.18,-1.302,0.557,-0.359,0.1426,1.0,1.0,0.536,0.67,2.206,0.059,track
1,1470,-0.01,-0.241,-0.001,-0.05,0.18,-1.302,0.559,-0.363,0.1387,1.0,1.0,0.529,0.65,2.179,0.072,track
1,1471,-0.01,-0.241,-0.002,-0.05,0.18,-1.302,0.56,-0.362,0.1396,1.0,1.0,0.526,0.655,2.181,0.112,track
1,1472,-0.01,-0.241,-0.002,-0.05,0.18,-1.302,0.565,-0.36,0.1396,1.0,1.0,0.52,0.655,2.175,0.118,track
1,1473,-0.01,-0.241,-0.002,-0.05,0.18,-1.302,0.567,-0.359,0.1387,1.0,1.0,0.517,0.65,2.167,0.09,track
1,1474,-0.01,-0.242,-0.001,-0.05,0.18,-1.302,0.57,-0.359,0.1377,1.0,1.0,0.513,0.645,2.158,0.095,track
1,1475,-0.01,-0.242,-0.001,-0.05,0.18,-1.302,0.57,-0.359,0.1377,1.0,1.0,0.513,0.645,2.158,0.1,track
1,1476,-0.01,-0.242,-0.001,-0.05,0.18,-1.302,0.57,-0.359,0.1377,1.0,1.0,0.513,0.645,2.158,0.103,track
1,1477,-0.01,-0.242,-0.001,-0.05,0.18,-1.302,0.571,-0.362,0.1367,1.0,1.0,0.508,0.64,2.148,0.102,track
1,1478,-0.011,-0.242,-0.0,-0.05,0.18,-1.302,0.572,-0.363,0.1357,1.0,1.0,0.504,0.636,2.139,0.116,track
1,1479,-0.011,-0.243,0.0,-0.05,0.18,-1.302,0.572,-0.363,0.1357,1.0,1.0,0.504,0.636,2.139,0.119,track
1,1480,-0.011,-0.243,0.001,-0.05,0.18,-1.302,0.574,-0.365,0.1348,1.0,1.0,0.499,0.631,2.129,0.119,track
1,1481,-0.011,-0.243,0.001,-0.05,0.18,-1.302,0.574,-0.365,0.1348,1.0,1.0,0.499,0.631,2.129,0.121,track
1,1482,-0.011,-0.243,0.002,-0.05,0.18,-1.302,0.574,-0.365,0.1348,1.0,1.0,0.499,0.631,2.129,0.12,track
1,1483,-0.011,-0.243,0.003,-0.05,0.18,-1.302,0.575,-0.37,0.1357,1.0,1.0,0.492,0.636,2.127,0.111,track
1,1484,-0.012,-0.244,0.004,-0.05,0.18,-1.302,0.578,-0.362,0.1338,1.0,1.0,0.495,0.626,2.12,0.118,track
1,1485,-0.012,-0.244,0.004,-0.05,0.18,-1.302,0.578,-0.362,0.1338,1.0,1.0,0.495,0.626,2.12,0.09,track
1,1486,-0.012,-0.244,0.005,-0.05,0.18,-1.302,0.582,-0.362,0.1357,1.0,1.0,0.489,0.636,2.124,0.08,track
1,1487,-0.012,-0.244,0.006,-0.05,0.18,-1.302,0.587,-0.376,0.1426,1.0,1.0,0.465,0.67,2.134,0.072,track
1,1488,-0.012,-0.244,0.007,-0.05,0.18,-1.302,0.591,-0.382,0.1465,1.0,0.999,0.453,0.689,2.142,0.1,track
1,1489,-0.013,-0.245,0.007,-0.05,0.18,-1.302,0.591,-0.382,0.1465,1.0,0.999,0.453,0.689,2.142,0.105,track
1,1490,-0.013,-0.245,0.008,-0.05,0.18,-1.302,0.594,-0.374,0.1465,1.0,0.999,0.457,0.689,2.145,0.087,track
1,1491,-0.013,-0.245,0.009,-0.05,0.18,-1.302,0.596,-0.371,0.1455,1.0,0.999,0.457,0.684,2.14,0.06,track
1,1492,-0.013,-0.245,0.009,-0.05,0.18,-1.302,0.599,-0.379,0.1475,1.0,0.999,0.444,0.694,2.138,0.07,track
1,1493,-0.013,-0.245,0.01,-0.05,0.18,-1.302,0.6,-0.375,0.1484,1.0,1.0,0.447,0.699,2.145,0.051,track
1,1494,-0.014,-0.246,0.01,-0.05,0.18,-1.302,0.6,-0.375,0.1484,1.0,0.999,0.447,0.699,2.145,0.041,track
1,1495,-0.014,-0.246,0.011,-0.05,0.18,-1.302,0.606,-0.363,0.1465,1.0,0.999,0.447,0.689,2.136,0.048,track
1,1496,-0.014,-0.246,0.011,-0.05,0.18,-1.302,0.615,-0.364,0.1455,1.0,0.999,0.432,0.684,2.116,0.035,track
1,1497,-0.014,-0.246,0.012,-0.05,0.18,-1.302,0.619,-0.36,0.1436,1.0,1.0,0.43,0.675,2.105,0.056,track
1,1498,-0.014,-0.246,0.012,-0.05,0.18,-1.302,0.621,-0.359,0.1426,1.0,1.0,0.428,0.67,2.097,0.077,track
1,1499,-0.015,-0.246,0.013,-0.05,0.18,-1.302,0.622,-0.359,0.1436,1.0,1.0,0.426,0.675,2.101,0.081,track
1,1500,-0.015,-0.247,0.014,-0.05,0.18,-1.302,0.623,-0.365,0.1455,1.0,1.0,0.418,0.684,2.102,0.063,track
1,1501,-0.015,-0.247,0.014,-0.05,0.18,-1.302,0.628,-0.377,0.1504,1.0,1.0,0.4,0.709,2.108,0.036,track
1,1502,-0.015,-0.247,0.015,-0.05,0.18,-1.302,0.634,-0.377,0.1533,1.0,1.0,0.391,0.723,2.113,0.04,track
1,1503,-0.015,-0.247,0.016,-0.05,0.18,-1.302,0.636,-0.373,0.1543,1.0,1.0,0.391,0.728,2.118,0.042,track
1,1504,-0.015,-0.247,0.017,-0.05,0.18,-1.302,0.639,-0.38,0.1562,1.0,0.999,0.381,0.737,2.118,0.027,track
1,1505,-0.016,-0.247,0.017,-0.05,0.18,-1.302,0.639,-0.38,0.1562,1.0,0.999,0.381,0.737,2.118,0.038,track
1,1506,-0.016,-0.247,0.018,-0.05,0.18,-1.302,0.64,-0.379,0.1572,1.0,0.999,0.38,0.742,2.121,0.036,track
1,1507,-0.016,-0.247,0.019,-0.05,0.18,-1.302,0.642,-0.382,0.1582,1.0,0.999,0.375,0.746,2.121,0.028,track
1,1508,-0.016,-0.247,0.019,-0.05,0.18,-1.302,0.644,-0.383,0.1572,1.0,0.999,0.372,0.742,2.113,0.033,track
1,1509,-0.016,-0.247,0.02,-0.05,0.18,-1.302,0.647,-0.378,0.1572,1.0,0.999,0.371,0.742,2.112,0.017,track
1,1510,-0.016,-0.247,0.021,-0.05,0.18,-1.302,0.649,-0.381,0.1602,1.0,0.999,0.366,0.756,2.121,0.022,track
1,1511,-0.016,-0.247,0.021,-0.05,0.18,-1.302,0.651,-0.381,0.1602,1.0,0.999,0.363,0.756,2.118,0.027,track
1,1512,-0.017,-0.247,0.022,-0.05,0.18,-1.302,0.654,-0.381,0.1641,1.0,0.999,0.358,0.774,2.131,0.02,track
1,1513,-0.017,-0.247,0.023,-0.05,0.18,-1.302,0.657,-0.378,0.167,1.0,0.999,0.356,0.787,2.143,0.043,track
1,1514,-0.017,-0.247,0.023,-0.05,0.18,-1.302,0.659,-0.378,0.1699,1.0,0.999,0.355,0.8,2.154,0.074,track
1,1515,-0.017,-0.247,0.023,-0.05,0.18,-1.302,0.659,-0.378,0.1699,1.0,0.999,0.355,0.8,2.154,0.094,track
1,1516,-0.017,-0.247,0.024,-0.05,0.18,-1.302,0.659,-0.378,0.1699,1.0,0.999,0.355,0.8,2.154,0.094,track
1,1517,-0.017,-0.247,0.024,-0.05,0.18,-1.302,0.662,-0.376,0.1719,1.0,0.999,0.352,0.809,2.16,0.089,track
1,1518,-0.017,-0.247,0.024,-0.05,0.18,-1.302,0.662,-0.376,0.1719,1.0,0.999,0.352,0.809,2.16,0.071,track
1,1519,-0.017,-0.247,0.024,-0.05,0.18,-1.302,0.662,-0.376,0.1719,1.0,0.999,0.352,0.809,2.16,0.076,track
1,1520,-0.017,-0.247,0.024,-0.05,0.18,-1.302,0.662,-0.376,0.1719,1.0,0.999,0.352,0.809,2.16,0.077,track
1,1521,-0.017,-0.247,0.024,-0.05,0.18,-1.302,0.662,-0.376,0.1719,1.0,0.999,0.352,0.809,2.16,0.078,track
1,1522,-0.017,-0.247,0.024,-0.05,0.18,-1.302,0.662,-0.372,0.1729,1.0,0.999,0.354,0.813,2.167,0.082,track
1,1523,-0.017,-0.247,0.024,-0.05,0.18,-1.302,0.662,-0.372,0.1729,1.0,0.999,0.354,0.813,2.167,0.091,track
1,1524,-0.017,-0.247,0.024,-0.05,0.18,-1.302,0.662,-0.372,0.1729,1.0,0.999,0.354,0.813,2.167,0.092,track
1,1525,-0.017,-0.247,0.024,-0.05,0.18,-1.302,0.662,-0.372,0.1729,1.0,0.999,0.354,0.813,2.167,0.092,track
1,1526,-0.017,-0.246,0.024,-0.05,0.18,-1.302,0.662,-0.372,0.1729,1.0,0.999,0.354,0.813,2.167,0.092,track
1,1527,-0.017,-0.246,0.024,-0.05,0.18,-1.302,0.662,-0.372,0.1729,1.0,0.999,0.354,0.813,2.167,0.091,track
1,1528,-0.017,-0.246,0.024,-0.05,0.18,-1.302,0.661,-0.366,0.1748,1.0,0.999,0.361,0.822,2.182,0.091,track
1,1529,-0.017,-0.246,0.023,-0.05,0.18,-1.302,0.661,-0.366,0.1748,1.0,0.999,0.361,0.822,2.182,0.103,track
1,1530,-0.017,-0.246,0.023,-0.05,0.18,-1.302,0.659,-0.366,0.1758,1.0,0.999,0.364,0.826,2.19,0.107,track
1,1531,-0.017,-0.246,0.023,-0.05,0.18,-1.302,0.657,-0.365,0.1768,1.0,0.999,0.367,0.83,2.197,0.108,track
1,1532,-0.017,-0.246,0.022,-0.05,0.18,-1.302,0.652,-0.366,0.1748,1.0,1.0,0.375,0.822,2.196,0.114,track
1,1533,-0.017,-0.245,0.022,-0.05,0.18,-1.302,0.647,-0.364,0.1758,1.0,0.999,0.383,0.826,2.208,0.112,track
1,1534,-0.017,-0.245,0.021,-0.05,0.18,-1.302,0.641,-0.367,0.1777,1.0,0.999,0.389,0.834,2.223,0.122,track
1,1535,-0.017,-0.245,0.021,-0.05,0.18,-1.302,0.636,-0.368,0.1777,1.0,0.999,0.395,0.834,2.229,0.125,track
1,1536,-0.017,-0.245,0.02,-0.05,0.18,-1.302,0.632,-0.372,0.1768,1.0,0.999,0.398,0.83,2.228,0.128,track
1,1537,-0.016,-0.245,0.02,-0.05,0.18,-1.302,0.629,-0.368,0.1768,1.0,0.999,0.407,0.83,2.236,0.125,track
1,1538,-0.016,-0.244,0.019,-0.05,0.18,-1.302,0.628,-0.368,0.1758,1.0,1.0,0.408,0.826,2.233,0.133,track
1,1539,-0.016,-0.244,0.018,-0.05,0.18,-1.302,0.626,-0.366,0.1748,1.0,1.0,0.412,0.822,2.234,0.136,track
1,1540,-0.016,-0.244,0.017,-0.05,0.18,-1.302,0.626,-0.366,0.1748,1.0,0.999,0.412,0.822,2.234,0.135,track
1,1541,-0.016,-0.244,0.016,-0.05,0.18,-1.302,0.623,-0.373,0.1729,1.0,1.0,0.412,0.813,2.225,0.135,track
1,1542,-0.016,-0.244,0.016,-0.05,0.18,-1.302,0.617,-0.376,0.1719,1.0,0.999,0.418,0.809,2.226,0.115,track
1,1543,-0.016,-0.243,0.015,-0.05,0.18,-1.302,0.613,-0.375,0.167,1.0,0.999,0.425,0.787,2.211,0.106,track
1,1544,-0.015,-0.243,0.014,-0.05,0.18,-1.302,0.608,-0.368,0.1631,1.0,0.999,0.439,0.769,2.208,0.094,track
1,1545,-0.015,-0.243,0.013,-0.05,0.18,-1.302,0.606,-0.372,0.1621,1.0,0.999,0.439,0.765,2.203,0.094,track
1,1546,-0.015,-0.243,0.012,-0.05,0.18,-1.302,0.601,-0.369,0.1621,1.0,0.999,0.45,0.765,2.213,0.08,track
1,1547,-0.015,-0.243,0.012,-0.05,0.18,-1.302,0.598,-0.369,0.1621,1.0,0.999,0.455,0.765,2.219,0.062,track
1,1548,-0.015,-0.242,0.011,-0.05,0.18,-1.302,0.597,-0.366,0.1611,1.0,0.999,0.46,0.76,2.219,0.059,track
1,1549,-0.015,-0.242,0.01,-0.05,0.18,-1.302,0.593,-0.37,0.1611,1.0,0.999,0.462,0.76,2.222,0.047,track
1,1550,-0.015,-0.242,0.01,-0.05,0.18,-1.302,0.59,-0.366,0.1582,1.0,0.999,0.471,0.746,2.217,0.033,track
1,1551,-0.014,-0.242,0.009,-0.05,0.18,-1.302,0.585,-0.358,0.1543,1.0,0.999,0.489,0.728,2.215,0.034,track
1,1552,-0.014,-0.242,0.008,-0.05,0.18,-1.302,0.574,-0.351,0.1553,1.0,0.999,0.514,0.732,2.245,0.045,track
1,1553,-0.014,-0.242,0.008,-0.05,0.18,-1.302,0.571,-0.356,0.1572,1.0,0.999,0.514,0.742,2.254,0.051,track
1,1554,-0.014,-0.242,0.007,-0.05,0.18,-1.302,0.567,-0.36,0.1592,1.0,0.999,0.517,0.751,2.267,0.06,track
1,1555,-0.014,-0.241,0.006,-0.05,0.18,-1.302,0.563,-0.359,0.1592,1.0,0.999,0.526,0.751,2.276,0.067,track
1,1556,-0.014,-0.241,0.006,-0.05,0.18,-1.302,0.559,-0.359,0.1562,1.0,0.999,0.532,0.737,2.269,0.061,track
1,1557,-0.014,-0.241,0.005,-0.05,0.18,-1.302,0.556,-0.36,0.1553,1.0,0.999,0.535,0.732,2.267,0.038,track
1,1558,-0.014,-0.241,0.004,-0.05,0.18,-1.302,0.553,-0.36,0.1523,1.0,0.999,0.541,0.718,2.258,0.021,track
1,1559,-0.014,-0.241,0.003,-0.05,0.18,-1.302,0.553,-0.36,0.1523,1.0,0.999,0.541,0.718,2.258,0.019,track
1,1560,-0.014,-0.241,0.003,-0.05,0.18,-1.302,0.552,-0.36,0.1504,1.0,0.999,0.544,0.709,2.252,0.03,track
1,1561,-0.013,-0.241,0.002,-0.05,0.18,-1.302,0.547,-0.36,0.1484,1.0,0.999,0.552,0.699,2.25,0.039,track
1,1562,-0.013,-0.241,0.001,-0.05,0.18,-1.302,0.547,-0.36,0.1484,1.0,0.999,0.552,0.699,2.25,0.047,track
1,1563,-0.013,-0.241,0.0,-0.05,0.18,-1.302,0.547,-0.36,0.1484,1.0,0.999,0.552,0.699,2.25,0.052,track
1,1564,-0.013,-0.241,-0.0,-0.05,0.18,-1.302,0.546,-0.368,0.1475,1.0,0.999,0.545,0.694,2.238,0.055,track
1,1565,-0.013,-0.241,-0.001,-0.05,0.18,-1.302,0.543,-0.368,0.1475,1.0,0.999,0.551,0.694,2.244,0.085,track
1,1566,-0.013,-0.241,-0.002,-0.05,0.18,-1.302,0.543,-0.368,0.1475,1.0,0.999,0.551,0.694,2.244,0.086,track
1,1567,-0.013,-0.241,-0.002,-0.05,0.18,-1.302,0.544,-0.37,0.1465,1.0,0.999,0.546,0.689,2.234,0.081,track
1,1568,-0.013,-0.241,-0.003,-0.05,0.18,-1.302,0.544,-0.37,0.1465,1.0,0.999,0.546,0.689,2.234,0.087,track
1,1569,-0.013,-0.241,-0.003,-0.05,0.18,-1.302,0.544,-0.37,0.1465,1.0,0.999,0.546,0.689,2.234,0.086,track
1,1570,-0.013,-0.241,-0.004,-0.05,0.18,-1.302,0.545,-0.363,0.1445,1.0,0.999,0.553,0.68,2.232,0.083,track
1,1571,-0.013,-0.241,-0.004,-0.05,0.18,-1.302,0.546,-0.363,0.1426,1.0,0.999,0.551,0.67,2.22,0.076,track
1,1572,-0.013,-0.242,-0.004,-0.05,0.18,-1.302,0.546,-0.363,0.1426,1.0,0.999,0.551,0.67,2.22,0.077,track
1,1573,-0.013,-0.242,-0.005,-0.05,0.18,-1.302,0.548,-0.364,0.1406,1.0,0.999,0.546,0.66,2.205,0.078,track
1,1574,-0.014,-0.242,-0.005,-0.05,0.18,-1.302,0.55,-0.361,0.1396,1.0,0.999,0.545,0.655,2.2,0.092,track
1,1575,-0.014,-0.242,-0.005,-0.05,0.18,-1.302,0.557,-0.358,0.1367,1.0,0.999,0.537,0.64,2.177,0.105,track
1,1576,-0.014,-0.242,-0.005,-0.05,0.18,-1.302,0.559,-0.357,0.1357,1.0,1.0,0.534,0.636,2.169,0.123,track
1,1577,-0.014,-0.242,-0.005,-0.05,0.18,-1.302,0.563,-0.357,0.1338,1.0,1.0,0.527,0.626,2.152,0.126,track
1,1578,-0.014,-0.242,-0.005,-0.05,0.18,-1.302,0.563,-0.357,0.1338,1.0,1.0,0.527,0.626,2.152,0.141,track
1,1579,-0.014,-0.243,-0.005,-0.05,0.18,-1.302,0.563,-0.357,0.1338,1.0,1.0,0.527,0.626,2.152,0.132,track
1,1580,-0.014,-0.243,-0.004,-0.05,0.18,-1.302,0.564,-0.36,0.1328,1.0,1.0,0.522,0.621,2.142,0.12,track
1,1581,-0.014,-0.243,-0.004,-0.05,0.18,-1.302,0.564,-0.36,0.1328,1.0,1.0,0.522,0.621,2.142,0.139,track
1,1582,-0.014,-0.243,-0.003,-0.05,0.18,-1.302,0.567,-0.366,0.1328,1.0,1.0,0.51,0.621,2.13,0.137,track
1,1583,-0.015,-0.243,-0.003,-0.05,0.18,-1.302,0.569,-0.368,0.1328,1.0,1.0,0.504,0.621,2.124,0.154,track
1,1584,-0.015,-0.244,-0.002,-0.05,0.18,-1.302,0.574,-0.365,0.1348,1.0,1.0,0.499,0.631,2.129,0.158,track
1,1585,-0.015,-0.244,-0.001,-0.05,0.18,-1.302,0.574,-0.365,0.1348,1.0,0.999,0.499,0.631,2.129,0.141,track
1,1586,-0.015,-0.244,-0.001,-0.05,0.18,-1.302,0.577,-0.357,0.1328,1.0,1.0,0.502,0.621,2.122,0.133,track
1,1587,-0.015,-0.244,0.0,-0.05,0.18,-1.302,0.58,-0.353,0.1338,1.0,1.0,0.502,0.626,2.127,0.101,track
1,1588,-0.015,-0.244,0.001,-0.05,0.18,-1.302,0.581,-0.358,0.1348,1.0,1.0,0.495,0.631,2.125,0.082,track
1,1589,-0.016,-0.245,0.002,-0.05,0.18,-1.302,0.582,-0.362,0.1357,1.0,1.0,0.489,0.636,2.124,0.089,track
1,1590,-0.016,-0.245,0.003,-0.05,0.18,-1.302,0.582,-0.362,0.1357,1.0,1.0,0.489,0.636,2.124,0.098,track
1,1591,-0.016,-0.245,0.004,-0.05,0.18,-1.302,0.587,-0.371,0.1416,1.0,1.0,0.47,0.665,2.135,0.091,track
1,1592,-0.016,-0.245,0.005,-0.05,0.18,-1.302,0.591,-0.378,0.1465,1.0,0.999,0.457,0.689,2.145,0.099,track
1,1593,-0.016,-0.246,0.005,-0.05,0.18,-1.302,0.595,-0.371,0.1445,1.0,0.999,0.458,0.68,2.137,0.106,track
1,1594,-0.017,-0.246,0.006,-0.05,0.18,-1.302,0.596,-0.367,0.1455,1.0,0.999,0.461,0.684,2.144,0.081,track
1,1595,-0.017,-0.246,0.007,-0.05,0.18,-1.302,0.598,-0.371,0.1465,1.0,0.999,0.453,0.689,2.142,0.059,track
1,1596,-0.017,-0.246,0.008,-0.05,0.18,-1.302,0.6,-0.367,0.1494,1.0,0.999,0.452,0.704,2.156,0.062,track
1,1597,-0.017,-0.246,0.008,-0.05,0.18,-1.302,0.604,-0.363,0.1475,1.0,0.999,0.451,0.694,2.144,0.053,track
1,1598,-0.017,-0.247,0.009,-0.05,0.18,-1.302,0.615,-0.357,0.1436,1.0,0.999,0.439,0.675,2.113,0.052,track
1,1599,-0.018,-0.247,0.009,-0.05,0.18,-1.302,0.621,-0.359,0.1426,1.0,0.999,0.428,0.67,2.097,0.063,track
1,1600,-0.018,-0.247,0.01,-0.05,0.18,-1.302,0.625,-0.355,0.1426,1.0,1.0,0.425,0.67,2.094,0.083,track
1,1601,-0.018,-0.247,0.011,-0.05,0.18,-1.302,0.625,-0.355,0.1426,1.0,1.0,0.425,0.67,2.094,0.09,track
1,1602,-0.018,-0.247,0.012,-0.05,0.18,-1.302,0.626,-0.358,0.1436,1.0,1.0,0.42,0.675,2.094,0.069,track
1,1603,-0.018,-0.247,0.013,-0.05,0.18,-1.302,0.628,-0.362,0.1445,1.0,1.0,0.414,0.68,2.093,0.052,track
1,1604,-0.018,-0.247,0.014,-0.05,0.18,-1.302,0.63,-0.37,0.1475,1.0,0.999,0.403,0.694,2.097,0.046,track
1,1605,-0.019,-0.248,0.015,-0.05,0.18,-1.302,0.635,-0.374,0.1533,1.0,0.999,0.393,0.723,2.115,0.043,track
1,1606,-0.019,-0.248,0.015,-0.05,0.18,-1.302,0.636,-0.377,0.1543,1.0,0.999,0.387,0.728,2.114,0.053,track
1,1607,-0.019,-0.248,0.016,-0.05,0.18,-1.302,0.639,-0.38,0.1562,1.0,0.999,0.381,0.737,2.117,0.048,track
1,1608,-0.019,-0.248,0.017,-0.05,0.18,-1.302,0.643,-0.382,0.1543,1.0,0.999,0.374,0.728,2.101,0.045,track
1,1609,-0.019,-0.248,0.018,-0.05,0.18,-1.302,0.646,-0.381,0.1543,1.0,0.999,0.37,0.728,2.097,0.047,track
1,1610,-0.019,-0.248,0.019,-0.05,0.18,-1.302,0.648,-0.378,0.1543,1.0,0.999,0.369,0.728,2.096,0.026,track
1,1611,-0.019,-0.248,0.02,-0.05,0.18,-1.302,0.648,-0.378,0.1543,1.0,0.999,0.369,0.728,2.096,0.028,track
1,1612,-0.02,-0.248,0.021,-0.05,0.18,-1.302,0.653,-0.383,0.1572,1.0,0.999,0.358,0.742,2.099,0.005,track
1,1613,-0.02,-0.248,0.022,-0.05,0.18,-1.302,0.657,-0.39,0.1611,1.0,0.999,0.348,0.76,2.107,0.017,track
1,1614,-0.02,-0.248,0.023,-0.05,0.18,-1.302,0.66,-0.38,0.167,1.0,0.999,0.352,0.787,2.138,0.037,track
1,1615,-0.02,-0.248,0.023,-0.05,0.18,-1.302,0.662,-0.382,0.1689,1.0,0.999,0.346,0.796,2.141,0.118,track
1,1616,-0.02,-0.248,0.024,-0.05,0.18,-1.302,0.662,-0.379,0.1699,1.0,0.999,0.35,0.8,2.149,0.098,track
1,1617,-0.02,-0.248,0.025,-0.05,0.18,-1.302,0.664,-0.377,0.1719,1.0,0.999,0.347,0.809,2.155,0.115,track
1,1618,-0.02,-0.248,0.025,-0.05,0.18,-1.302,0.667,-0.371,0.1699,1.0,0.999,0.349,0.8,2.148,0.113,track
1,1619,-0.02,-0.248,0.026,-0.05,0.18,-1.302,0.667,-0.369,0.168,1.0,0.999,0.35,0.792,2.14,0.092,track
1,1620,-0.02,-0.248,0.026,-0.05,0.18,-1.302,0.668,-0.371,0.1689,1.0,0.999,0.346,0.796,2.141,0.084,track
1,1621,-0.02,-0.248,0.026,-0.05,0.18,-1.302,0.67,-0.362,0.1729,1.0,0.999,0.352,0.813,2.164,0.103,track
1,1622,-0.02,-0.248,0.027,-0.05,0.18,-1.302,0.67,-0.362,0.1729,1.0,0.999,0.352,0.813,2.164,0.127,track
1,1623,-0.02,-0.248,0.027,-0.05,0.18,-1.302,0.67,-0.361,0.1738,1.0,0.999,0.352,0.818,2.169,0.111,track
1,1624,-0.02,-0.248,0.027,-0.05,0.18,-1.302,0.67,-0.361,0.1738,1.0,0.999,0.352,0.818,2.169,0.114,track
1,1625,-0.02,-0.248,0.027,-0.05,0.18,-1.302,0.67,-0.361,0.1738,1.0,0.999,0.352,0.818,2.169,0.114,track
1,1626,-0.02,-0.248,0.027,-0.05,0.18,-1.302,0.67,-0.361,0.1738,1.0,0.999,0.352,0.818,2.169,0.113,track
1,1627,-0.02,-0.247,0.027,-0.05,0.18,-1.302,0.67,-0.361,0.1738,1.0,0.999,0.352,0.818,2.169,0.112,track
1,1628,-0.02,-0.247,0.026,-0.05,0.18,-1.302,0.67,-0.361,0.1738,1.0,0.999,0.352,0.818,2.169,0.111,track
1,1629,-0.02,-0.247,0.026,-0.05,0.18,-1.302,0.669,-0.358,0.1748,1.0,0.999,0.356,0.822,2.177,0.11,track
1,1630,-0.02,-0.247,0.026,-0.05,0.18,-1.302,0.667,-0.36,0.1758,1.0,0.999,0.357,0.826,2.182,0.115,track
1,1631,-0.02,-0.247,0.026,-0.05,0.18,-1.302,0.666,-0.357,0.1768,1.0,0.999,0.36,0.83,2.189,0.114,track
1,1632,-0.02,-0.247,0.026,-0.05,0.18,-1.302,0.665,-0.36,0.1777,1.0,0.999,0.36,0.834,2.193,0.117,track
1,1633,-0.02,-0.246,0.025,-0.05,0.18,-1.302,0.663,-0.359,0.1787,1.0,0.999,0.363,0.838,2.201,0.119,track
1,1634,-0.02,-0.246,0.025,-0.05,0.18,-1.302,0.66,-0.361,0.1807,1.0,0.999,0.365,0.846,2.211,0.122,track
1,1635,-0.02,-0.246,0.024,-0.05,0.18,-1.302,0.659,-0.361,0.1816,1.0,0.999,0.368,0.85,2.218,0.127,track
1,1636,-0.02,-0.246,0.024,-0.05,0.18,-1.302,0.657,-0.361,0.1826,1.0,0.999,0.371,0.854,2.224,0.13,track
1,1637,-0.02,-0.246,0.023,-0.05,0.18,-1.302,0.652,-0.36,0.1816,1.0,0.999,0.379,0.85,2.228,0.136,track
1,1638,-0.019,-0.245,0.023,-0.05,0.18,-1.302,0.648,-0.365,0.1807,1.0,0.999,0.381,0.846,2.227,0.139,track
1,1639,-0.019,-0.245,0.022,-0.05,0.18,-1.302,0.644,-0.364,0.1797,1.0,0.999,0.387,0.842,2.228,0.138,track
1,1640,-0.019,-0.245,0.021,-0.05,0.18,-1.302,0.636,-0.363,0.1797,1.0,0.999,0.401,0.842,2.242,0.134,track
1,1641,-0.019,-0.245,0.02,-0.05,0.18,-1.302,0.631,-0.366,0.1797,1.0,0.999,0.405,0.842,2.246,0.143,track
1,1642,-0.019,-0.244,0.019,-0.05,0.18,-1.302,0.629,-0.368,0.1777,1.0,0.999,0.407,0.834,2.24,0.144,track
1,1643,-0.019,-0.244,0.018,-0.05,0.18,-1.302,0.627,-0.365,0.1768,1.0,0.999,0.412,0.83,2.241,0.136,track
1,1644,-0.018,-0.244,0.017,-0.05,0.18,-1.302,0.627,-0.365,0.1768,1.0,0.999,0.412,0.83,2.241,0.136,track
1,1645,-0.018,-0.244,0.016,-0.05,0.18,-1.302,0.624,-0.365,0.1768,1.0,0.999,0.417,0.83,2.246,0.136,track
1,1646,-0.018,-0.244,0.015,-0.05,0.18,-1.302,0.619,-0.375,0.1738,1.0,0.999,0.416,0.818,2.232,0.133,track
1,1647,-0.018,-0.243,0.014,-0.05,0.18,-1.302,0.612,-0.368,0.168,1.0,0.999,0.433,0.792,2.223,0.113,track
1,1648,-0.018,-0.243,0.014,-0.05,0.18,-1.302,0.61,-0.371,0.1641,1.0,0.999,0.434,0.774,2.206,0.1,track
1,1649,-0.017,-0.243,0.013,-0.05,0.18,-1.302,0.604,-0.37,0.1621,1.0,0.999,0.444,0.765,2.208,0.091,track
1,1650,-0.017,-0.243,0.012,-0.05,0.18,-1.302,0.6,-0.373,0.1631,1.0,0.999,0.448,0.769,2.216,0.071,track
1,1651,-0.017,-0.243,0.011,-0.05,0.18,-1.302,0.597,-0.372,0.1641,1.0,0.999,0.452,0.774,2.225,0.058,track
1,1652,-0.017,-0.242,0.01,-0.05,0.18,-1.302,0.593,-0.37,0.1611,1.0,0.999,0.462,0.76,2.222,0.042,track
1,1653,-0.017,-0.242,0.01,-0.05,0.18,-1.302,0.59,-0.366,0.1582,1.0,0.999,0.471,0.746,2.217,0.03,track
1,1654,-0.016,-0.242,0.009,-0.05,0.18,-1.302,0.581,-0.357,0.1562,1.0,0.999,0.496,0.737,2.232,0.046,track
1,1655,-0.016,-0.242,0.008,-0.05,0.18,-1.302,0.574,-0.356,0.1572,1.0,0.999,0.509,0.742,2.25,0.044,track
1,1656,-0.016,-0.242,0.007,-0.05,0.18,-1.302,0.566,-0.357,0.1602,1.0,0.999,0.521,0.756,2.276,0.028,track
1,1657,-0.016,-0.242,0.007,-0.05,0.18,-1.302,0.564,-0.359,0.1611,1.0,0.999,0.522,0.76,2.281,0.075,track
1,1658,-0.016,-0.242,0.006,-0.05,0.18,-1.302,0.56,-0.356,0.1582,1.0,0.999,0.534,0.746,2.279,0.076,track
1,1659,-0.016,-0.241,0.005,-0.05,0.18,-1.302,0.555,-0.358,0.1553,1.0,0.999,0.541,0.732,2.273,0.041,track
1,1660,-0.015,-0.241,0.004,-0.05,0.18,-1.302,0.555,-0.361,0.1543,1.0,0.999,0.537,0.728,2.263,0.024,track
1,1661,-0.015,-0.241,0.003,-0.05,0.18,-1.302,0.553,-0.357,0.1533,1.0,0.999,0.545,0.723,2.267,0.028,track
1,1662,-0.015,-0.241,0.003,-0.05,0.18,-1.302,0.552,-0.356,0.1514,1.0,0.999,0.547,0.713,2.259,0.049,track
1,1663,-0.015,-0.241,0.002,-0.05,0.18,-1.302,0.552,-0.356,0.1514,1.0,0.999,0.547,0.713,2.259,0.042,track
1,1664,-0.015,-0.241,0.001,-0.05,0.18,-1.302,0.547,-0.36,0.1484,1.0,0.999,0.552,0.699,2.25,0.048,track
1,1665,-0.015,-0.241,0.0,-0.05,0.18,-1.302,0.545,-0.363,0.1494,1.0,0.999,0.552,0.704,2.255,0.073,track
1,1666,-0.015,-0.241,-0.001,-0.05,0.18,-1.302,0.542,-0.371,0.1494,1.0,0.999,0.548,0.704,2.251,0.076,track
1,1667,-0.015,-0.241,-0.001,-0.05,0.18,-1.302,0.541,-0.366,0.1484,1.0,0.999,0.555,0.699,2.253,0.098,track
1,1668,-0.015,-0.241,-0.002,-0.05,0.18,-1.302,0.542,-0.367,0.1455,1.0,0.999,0.554,0.684,2.238,0.108,track
1,1669,-0.015,-0.241,-0.002,-0.05,0.18,-1.302,0.541,-0.365,0.1445,1.0,0.999,0.557,0.68,2.236,0.095,track
1,1670,-0.014,-0.241,-0.003,-0.05,0.18,-1.302,0.539,-0.359,0.1416,1.0,0.999,0.568,0.665,2.232,0.094,track
1,1671,-0.014,-0.241,-0.003,-0.05,0.18,-1.302,0.54,-0.358,0.1396,1.0,0.999,0.568,0.655,2.222,0.09,track
1,1672,-0.014,-0.241,-0.004,-0.05,0.18,-1.302,0.538,-0.35,0.1377,1.0,0.999,0.581,0.645,2.226,0.09,track
1,1673,-0.014,-0.242,-0.004,-0.05,0.18,-1.302,0.538,-0.35,0.1377,1.0,0.999,0.581,0.645,2.226,0.106,track
1,1674,-0.014,-0.242,-0.004,-0.05,0.18,-1.302,0.54,-0.346,0.1367,1.0,0.999,0.581,0.64,2.221,0.086,track
1,1675,-0.014,-0.242,-0.005,-0.05,0.18,-1.302,0.542,-0.346,0.1367,1.0,0.999,0.578,0.64,2.217,0.086,track
1,1676,-0.014,-0.242,-0.005,-0.05,0.18,-1.302,0.544,-0.354,0.1396,1.0,0.999,0.564,0.655,2.219,0.083,track
1,1677,-0.015,-0.242,-0.005,-0.05,0.18,-1.302,0.545,-0.358,0.1416,1.0,0.999,0.558,0.665,2.223,0.098,track
1,1678,-0.015,-0.242,-0.005,-0.05,0.18,-1.302,0.548,-0.36,0.1416,1.0,0.999,0.551,0.665,2.215,0.108,track
1,1679,-0.015,-0.242,-0.005,-0.05,0.18,-1.302,0.557,-0.358,0.1367,1.0,0.999,0.537,0.64,2.177,0.115,track
1,1680,-0.015,-0.243,-0.005,-0.05,0.18,-1.302,0.561,-0.357,0.1348,1.0,1.0,0.531,0.631,2.161,0.132,track
1,1681,-0.015,-0.243,-0.005,-0.05,0.18,-1.302,0.563,-0.357,0.1338,1.0,1.0,0.527,0.626,2.152,0.144,track
1,1682,-0.015,-0.243,-0.005,-0.05,0.18,-1.302,0.563,-0.357,0.1338,1.0,1.0,0.527,0.626,2.152,0.136,track
1,1683,-0.015,-0.243,-0.005,-0.05,0.18,-1.302,0.564,-0.36,0.1328,1.0,1.0,0.522,0.621,2.142,0.129,track
1,1684,-0.015,-0.243,-0.004,-0.05,0.18,-1.302,0.567,-0.366,0.1328,1.0,1.0,0.51,0.621,2.13,0.139,track
1,1685,-0.015,-0.244,-0.004,-0.05,0.18,-1.302,0.567,-0.366,0.1328,1.0,1.0,0.51,0.621,2.13,0.16,track
1,1686,-0.015,-0.244,-0.003,-0.05,0.18,-1.302,0.569,-0.368,0.1328,1.0,1.0,0.504,0.621,2.124,0.158,track
1,1687,-0.015,-0.244,-0.002,-0.05,0.18,-1.302,0.574,-0.365,0.1348,1.0,0.999,0.499,0.631,2.129,0.156,track
1,1688,-0.016,-0.244,-0.001,-0.05,0.18,-1.302,0.574,-0.365,0.1348,1.0,0.999,0.499,0.631,2.129,0.141,track
1,1689,-0.016,-0.245,-0.001,-0.05,0.18,-1.302,0.577,-0.357,0.1328,1.0,0.999,0.502,0.621,2.122,0.13,track
1,1690,-0.016,-0.245,0.0,-0.05,0.18,-1.302,0.58,-0.353,0.1338,1.0,0.999,0.502,0.626,2.127,0.099,track
1,1691,-0.016,-0.245,0.001,-0.05,0.18,-1.302,0.581,-0.358,0.1348,1.0,0.999,0.495,0.631,2.125,0.079,track
1,1692,-0.016,-0.245,0.002,-0.05,0.18,-1.302,0.582,-0.362,0.1357,1.0,1.0,0.489,0.636,2.124,0.084,track
1,1693,-0.016,-0.245,0.003,-0.05,0.18,-1.302,0.583,-0.366,0.1367,1.0,1.0,0.484,0.64,2.124,0.094,track
1,1694,-0.017,-0.246,0.004,-0.05,0.18,-1.302,0.591,-0.378,0.1465,1.0,0.999,0.457,0.689,2.145,0.096,track
1,1695,-0.017,-0.246,0.005,-0.05,0.18,-1.302,0.595,-0.371,0.1445,1.0,0.999,0.458,0.68,2.136,0.125,track
1,1696,-0.017,-0.246,0.005,-0.05,0.18,-1.302,0.595,-0.371,0.1445,1.0,0.999,0.458,0.68,2.137,0.1,track
1,1697,-0.017,-0.246,0.006,-0.05,0.18,-1.302,0.595,-0.371,0.1445,1.0,0.999,0.458,0.68,2.137,0.07,track
1,1698,-0.017,-0.247,0.007,-0.05,0.18,-1.302,0.602,-0.372,0.1475,1.0,0.999,0.445,0.694,2.139,0.068,track
1,1699,-0.017,-0.247,0.008,-0.05,0.18,-1.302,0.608,-0.369,0.1445,1.0,0.999,0.439,0.68,2.118,0.062,track
1,1700,-0.018,-0.247,0.008,-0.05,0.18,-1.302,0.615,-0.354,0.1416,1.0,0.999,0.442,0.665,2.107,0.059,track
1,1701,-0.018,-0.247,0.009,-0.05,0.18,-1.302,0.623,-0.357,0.1396,1.0,0.999,0.426,0.655,2.08,0.074,track
1,1702,-0.018,-0.247,0.01,-0.05,0.18,-1.302,0.625,-0.361,0.1406,1.0,1.0,0.42,0.66,2.08,0.095,track
1,1703,-0.018,-0.248,0.011,-0.05,0.18,-1.302,0.625,-0.361,0.1406,1.0,1.0,0.42,0.66,2.08,0.082,track
1,1704,-0.018,-0.248,0.012,-0.05,0.18,-1.302,0.625,-0.361,0.1406,1.0,1.0,0.42,0.66,2.08,0.072,track
1,1705,-0.018,-0.248,0.013,-0.05,0.18,-1.302,0.629,-0.363,0.1445,1.0,0.999,0.411,0.68,2.09,0.057,track
1,1706,-0.019,-0.248,0.014,-0.05,0.18,-1.302,0.637,-0.375,0.1494,1.0,0.999,0.388,0.704,2.091,0.046,track
1,1707,-0.019,-0.248,0.015,-0.05,0.18,-1.302,0.64,-0.375,0.1523,1.0,0.999,0.384,0.718,2.102,0.058,track
1,1708,-0.019,-0.248,0.016,-0.05,0.18,-1.302,0.642,-0.379,0.1533,1.0,0.999,0.378,0.723,2.1,0.047,track
1,1709,-0.019,-0.248,0.017,-0.05,0.18,-1.302,0.643,-0.382,0.1543,1.0,0.999,0.374,0.728,2.101,0.054,track
1,1710,-0.019,-0.249,0.019,-0.05,0.18,-1.302,0.645,-0.378,0.1543,1.0,0.999,0.374,0.728,2.101,0.043,track
1,1711,-0.019,-0.249,0.02,-0.05,0.18,-1.302,0.648,-0.378,0.1543,1.0,0.999,0.369,0.728,2.096,0.024,track
1,1712,-0.02,-0.249,0.021,-0.05,0.18,-1.302,0.651,-0.38,0.1562,1.0,0.999,0.363,0.737,2.1,0.022,track
1,1713,-0.02,-0.249,0.022,-0.05,0.18,-1.302,0.657,-0.39,0.1611,1.0,0.999,0.348,0.76,2.107,0.028,track
1,1714,-0.02,-0.249,0.023,-0.05,0.18,-1.302,0.66,-0.391,0.1641,1.0,0.999,0.343,0.774,2.116,0.054,track
1,1715,-0.02,-0.249,0.023,-0.05,0.18,-1.302,0.662,-0.393,0.166,1.0,0.999,0.338,0.783,2.12,0.06,track
1,1716,-0.02,-0.249,0.024,-0.05,0.18,-1.302,0.664,-0.391,0.166,1.0,0.999,0.337,0.783,2.118,0.067,track
1,1717,-0.02,-0.249,0.025,-0.05,0.18,-1.302,0.664,-0.387,0.167,1.0,0.999,0.339,0.787,2.126,0.058,track
1,1718,-0.02,-0.249,0.026,-0.05,0.18,-1.302,0.666,-0.39,0.168,1.0,0.999,0.335,0.792,2.126,0.065,track
1,1719,-0.02,-0.249,0.026,-0.05,0.18,-1.302,0.668,-0.379,0.1689,1.0,0.999,0.342,0.796,2.137,0.069,track
1,1720,-0.02,-0.249,0.027,-0.05,0.18,-1.302,0.669,-0.375,0.1699,1.0,0.999,0.342,0.8,2.141,0.094,track
1,1721,-0.02,-0.249,0.027,-0.05,0.18,-1.302,0.67,-0.371,0.1699,1.0,0.998,0.345,0.8,2.144,0.1,track
1,1722,-0.021,-0.249,0.028,-0.05,0.18,-1.302,0.67,-0.371,0.1699,1.0,0.999,0.345,0.8,2.144,0.101,track
1,1723,-0.021,-0.249,0.028,-0.05,0.18,-1.302,0.674,-0.371,0.1729,1.0,0.999,0.339,0.813,2.151,0.1,track
1,1724,-0.021,-0.249,0.028,-0.05,0.18,-1.302,0.675,-0.368,0.1748,1.0,0.999,0.339,0.822,2.159,0.114,track
1,1725,-0.021,-0.249,0.029,-0.05,0.18,-1.302,0.675,-0.368,0.1768,1.0,0.999,0.34,0.83,2.169,0.108,track
1,1726,-0.021,-0.248,0.029,-0.05,0.18,-1.302,0.674,-0.365,0.1777,1.0,0.999,0.343,0.834,2.176,0.119,track
1,1727,-0.021,-0.248,0.029,-0.05,0.18,-1.302,0.676,-0.365,0.1787,1.0,0.999,0.341,0.838,2.178,0.121,track
1,1728,-0.021,-0.248,0.029,-0.05,0.18,-1.302,0.674,-0.365,0.1777,1.0,0.999,0.343,0.834,2.176,0.125,track
1,1729,-0.021,-0.248,0.028,-0.05,0.18,-1.302,0.674,-0.365,0.1777,1.0,0.999,0.343,0.834,2.176,0.121,track
1,1730,-0.021,-0.248,0.028,-0.05,0.18,-1.302,0.674,-0.365,0.1777,1.0,0.999,0.343,0.834,2.176,0.126,track
1,1731,-0.021,-0.248,0.028,-0.05,0.18,-1.302,0.673,-0.364,0.1768,1.0,0.999,0.345,0.83,2.174,0.124,track
1,1732,-0.021,-0.248,0.028,-0.05,0.18,-1.302,0.67,-0.36,0.1758,1.0,0.999,0.353,0.826,2.178,0.126,track
1,1733,-0.02,-0.247,0.027,-0.05,0.18,-1.302,0.67,-0.36,0.1758,1.0,0.999,0.353,0.826,2.178,0.13,track
1,1734,-0.02,-0.247,0.027,-0.05,0.18,-1.302,0.669,-0.357,0.1768,1.0,0.999,0.357,0.83,2.186,0.132,track
1,1735,-0.02,-0.247,0.026,-0.05,0.18,-1.302,0.667,-0.359,0.1777,1.0,0.999,0.357,0.834,2.19,0.133,track
1,1736,-0.02,-0.247,0.026,-0.05,0.18,-1.302,0.664,-0.356,0.1777,1.0,0.999,0.364,0.834,2.197,0.136,track
1,1737,-0.02,-0.247,0.026,-0.05,0.18,-1.302,0.661,-0.358,0.1797,1.0,0.999,0.367,0.842,2.208,0.136,track
1,1738,-0.02,-0.246,0.025,-0.05,0.18,-1.302,0.659,-0.361,0.1816,1.0,0.999,0.368,0.85,2.217,0.142,track
1,1739,-0.02,-0.246,0.024,-0.05,0.18,-1.302,0.657,-0.361,0.1826,1.0,0.999,0.371,0.854,2.224,0.139,track
1,1740,-0.02,-0.246,0.024,-0.05,0.18,-1.302,0.655,-0.362,0.1836,1.0,0.999,0.373,0.858,2.23,0.142,track
1,1741,-0.019,-0.246,0.023,-0.05,0.18,-1.302,0.648,-0.365,0.1836,1.0,0.999,0.38,0.858,2.237,0.144,track
1,1742,-0.019,-0.245,0.022,-0.05,0.18,-1.302,0.641,-0.366,0.1826,1.0,0.999,0.39,0.854,2.243,0.146,track
1,1743,-0.019,-0.245,0.021,-0.05,0.18,-1.302,0.635,-0.366,0.1816,1.0,0.999,0.399,0.85,2.248,0.148,track
1,1744,-0.019,-0.245,0.02,-0.05,0.18,-1.302,0.632,-0.366,0.1807,1.0,0.999,0.404,0.846,2.249,0.15,track
1,1745,-0.019,-0.245,0.019,-0.05,0.18,-1.302,0.629,-0.368,0.1777,1.0,0.999,0.407,0.834,2.24,0.152,track
1,1746,-0.018,-0.244,0.018,-0.05,0.18,-1.302,0.627,-0.365,0.1768,1.0,0.999,0.412,0.83,2.241,0.143,track
1,1747,-0.018,-0.244,0.017,-0.05,0.18,-1.302,0.624,-0.365,0.1787,1.0,0.999,0.417,0.838,2.254,0.142,track
1,1748,-0.018,-0.244,0.016,-0.05,0.18,-1.302,0.622,-0.365,0.1787,1.0,0.999,0.421,0.838,2.258,0.146,track
1,1749,-0.018,-0.244,0.015,-0.05,0.18,-1.302,0.617,-0.372,0.1738,1.0,0.999,0.422,0.818,2.238,0.145,track
1,1750,-0.018,-0.243,0.014,-0.05,0.18,-1.302,0.611,-0.36,0.1699,1.0,0.999,0.443,0.8,2.242,0.122,track
1,1751,-0.017,-0.243,0.013,-0.05,0.18,-1.302,0.607,-0.366,0.166,1.0,0.999,0.443,0.783,2.224,0.124,track
1,1752,-0.017,-0.243,0.012,-0.05,0.18,-1.302,0.598,-0.372,0.166,1.0,0.998,0.452,0.783,2.233,0.105,track
1,1753,-0.017,-0.243,0.011,-0.05,0.18,-1.302,0.595,-0.368,0.166,1.0,0.998,0.461,0.783,2.242,0.064,track
1,1754,-0.017,-0.243,0.01,-0.05,0.18,-1.302,0.591,-0.365,0.166,1.0,0.999,0.471,0.783,2.252,0.068,track
1,1755,-0.017,-0.242,0.009,-0.05,0.18,-1.302,0.584,-0.364,0.1621,1.0,0.999,0.482,0.765,2.245,0.06,track
1,1756,-0.016,-0.242,0.008,-0.05,0.18,-1.302,0.573,-0.355,0.1592,1.0,0.999,0.512,0.751,2.261,0.036,track
1,1757,-0.016,-0.242,0.007,-0.05,0.18,-1.302,0.568,-0.361,0.1611,1.0,0.998,0.515,0.76,2.273,0.041,track
1,1758,-0.016,-0.242,0.007,-0.05,0.18,-1.302,0.562,-0.359,0.1621,1.0,0.999,0.526,0.765,2.289,0.051,track
1,1759,-0.016,-0.242,0.006,-0.05,0.18,-1.302,0.558,-0.359,0.1592,1.0,0.999,0.534,0.751,2.284,0.044,track
1,1760,-0.016,-0.242,0.005,-0.05,0.18,-1.302,0.553,-0.357,0.1562,1.0,0.999,0.546,0.737,2.281,0.025,track
1,1761,-0.015,-0.241,0.003,-0.05,0.18,-1.302,0.551,-0.353,0.1553,1.0,0.998,0.554,0.732,2.285,0.018,track
1,1762,-0.015,-0.241,0.002,-0.05,0.18,-1.302,0.551,-0.352,0.1533,1.0,0.999,0.555,0.723,2.277,0.04,track
1,1763,-0.015,-0.241,0.002,-0.05,0.18,-1.302,0.545,-0.366,0.1533,1.0,0.999,0.55,0.723,2.271,0.045,track
1,1764,-0.015,-0.241,0.001,-0.05,0.18,-1.302,0.543,-0.362,0.1523,1.0,0.998,0.558,0.718,2.274,0.091,track
1,1765,-0.015,-0.241,-0.0,-0.05,0.18,-1.302,0.539,-0.369,0.1484,1.0,0.998,0.555,0.699,2.252,0.105,track
1,1766,-0.015,-0.241,-0.001,-0.05,0.18,-1.302,0.536,-0.359,0.1436,1.0,0.998,0.575,0.675,2.248,0.119,track
1,1767,-0.015,-0.241,-0.002,-0.05,0.18,-1.302,0.534,-0.349,0.1406,1.0,0.999,0.59,0.66,2.248,0.169,track
1,1768,-0.015,-0.241,-0.003,-0.05,0.18,-1.302,0.534,-0.349,0.1406,1.0,0.999,0.59,0.66,2.248,0.123,track
1,1769,-0.015,-0.241,-0.003,-0.05,0.18,-1.302,0.534,-0.349,0.1406,1.0,0.999,0.59,0.66,2.249,0.105,track
1,1770,-0.014,-0.241,-0.004,-0.05,0.18,-1.302,0.534,-0.349,0.1406,1.0,0.999,0.59,0.66,2.249,0.106,track
1,1771,-0.014,-0.241,-0.004,-0.05,0.18,-1.302,0.536,-0.347,0.1377,1.0,0.999,0.588,0.645,2.232,0.105,track
1,1772,-0.014,-0.241,-0.005,-0.05,0.18,-1.302,0.536,-0.347,0.1377,1.0,0.999,0.588,0.645,2.232,0.104,track
1,1773,-0.014,-0.242,-0.005,-0.05,0.18,-1.302,0.536,-0.347,0.1377,1.0,0.999,0.588,0.645,2.232,0.106,track
1,1774,-0.014,-0.242,-0.005,-0.05,0.18,-1.302,0.536,-0.347,0.1377,1.0,0.999,0.588,0.645,2.232,0.109,track
1,1775,-0.014,-0.242,-0.005,-0.05,0.18,-1.302,0.538,-0.35,0.1367,1.0,0.999,0.583,0.64,2.222,0.109,track
1,1776,-0.014,-0.242,-0.006,-0.05,0.18,-1.302,0.538,-0.35,0.1367,1.0,0.999,0.583,0.64,2.222,0.115,track
1,1777,-0.014,-0.242,-0.006,-0.05,0.18,-1.302,0.538,-0.35,0.1367,1.0,0.999,0.583,0.64,2.222,0.111,track
1,1778,-0.015,-0.242,-0.006,-0.05,0.18,-1.302,0.539,-0.35,0.1348,1.0,0.999,0.579,0.631,2.209,0.108,track
1,1779,-0.015,-0.242,-0.006,-0.05,0.18,-1.302,0.541,-0.346,0.1348,1.0,0.999,0.58,0.631,2.21,0.11,track
1,1780,-0.015,-0.243,-0.006,-0.05,0.18,-1.302,0.542,-0.349,0.1338,1.0,0.999,0.575,0.626,2.2,0.102,track
1,1781,-0.015,-0.243,-0.006,-0.05,0.18,-1.302,0.549,-0.36,0.1377,1.0,0.999,0.549,0.645,2.193,0.109,track
1,1782,-0.015,-0.243,-0.006,-0.05,0.18,-1.302,0.559,-0.357,0.1357,1.0,0.999,0.534,0.636,2.169,0.134,track
1,1783,-0.015,-0.243,-0.006,-0.05,0.18,-1.302,0.564,-0.36,0.1328,1.0,0.999,0.522,0.621,2.142,0.137,track
1,1784,-0.015,-0.244,-0.005,-0.05,0.18,-1.302,0.564,-0.36,0.1328,1.0,0.999,0.522,0.621,2.142,0.16,track
1,1785,-0.015,-0.244,-0.005,-0.05,0.18,-1.302,0.566,-0.361,0.1318,1.0,1.0,0.517,0.616,2.132,0.155,track
1,1786,-0.015,-0.244,-0.004,-0.05,0.18,-1.302,0.568,-0.363,0.1309,1.0,0.999,0.512,0.611,2.122,0.148,track
1,1787,-0.015,-0.244,-0.004,-0.05,0.18,-1.302,0.569,-0.368,0.1328,1.0,1.0,0.504,0.621,2.124,0.159,track
1,1788,-0.016,-0.244,-0.003,-0.05,0.18,-1.302,0.574,-0.365,0.1348,1.0,0.999,0.499,0.631,2.129,0.163,track
1,1789,-0.016,-0.245,-0.002,-0.05,0.18,-1.302,0.574,-0.365,0.1348,1.0,0.999,0.499,0.631,2.129,0.15,track
1,1790,-0.016,-0.245,-0.001,-0.05,0.18,-1.302,0.577,-0.357,0.1328,1.0,0.999,0.502,0.621,2.122,0.137,track
1,1791,-0.016,-0.245,-0.0,-0.05,0.18,-1.302,0.58,-0.353,0.1338,1.0,0.999,0.502,0.626,2.127,0.107,track
1,1792,-0.016,-0.246,0.0,-0.05,0.18,-1.302,0.581,-0.358,0.1348,1.0,0.999,0.495,0.631,2.125,0.085,track
1,1793,-0.016,-0.246,0.001,-0.05,0.18,-1.302,0.582,-0.362,0.1357,1.0,0.999,0.489,0.636,2.124,0.09,track
1,1794,-0.017,-0.246,0.002,-0.05,0.18,-1.302,0.583,-0.366,0.1367,1.0,0.999,0.484,0.64,2.124,0.098,track
1,1795,-0.017,-0.246,0.003,-0.05,0.18,-1.302,0.59,-0.374,0.1455,1.0,0.999,0.463,0.684,2.147,0.1,track
1,1796,-0.017,-0.247,0.004,-0.05,0.18,-1.302,0.595,-0.371,0.1445,1.0,0.999,0.458,0.68,2.136,0.113,track
1,1797,-0.017,-0.247,0.005,-0.05,0.18,-1.302,0.596,-0.373,0.1436,1.0,0.999,0.454,0.675,2.128,0.097,track
1,1798,-0.017,-0.247,0.006,-0.05,0.18,-1.302,0.598,-0.374,0.1426,1.0,0.999,0.45,0.67,2.119,0.083,track
1,1799,-0.018,-0.247,0.007,-0.05,0.18,-1.302,0.602,-0.375,0.1426,1.0,0.999,0.442,0.67,2.111,0.082,track
1,1800,-0.018,-0.248,0.007,-0.05,0.18,-1.302,0.611,-0.37,0.1416,1.0,0.999,0.433,0.665,2.098,0.08,track
1,1801,-0.018,-0.248,0.008,-0.05,0.18,-1.302,0.616,-0.364,0.1387,1.0,0.999,0.43,0.65,2.08,0.088,track
1,1802,-0.018,-0.248,0.009,-0.05,0.18,-1.302,0.621,-0.356,0.1377,1.0,0.999,0.43,0.645,2.075,0.081,track
1,1803,-0.018,-0.248,0.01,-0.05,0.18,-1.302,0.628,-0.367,0.1377,1.0,0.999,0.408,0.645,2.053,0.095,track
1,1804,-0.018,-0.248,0.011,-0.05,0.18,-1.302,0.629,-0.363,0.1396,1.0,0.999,0.411,0.655,2.066,0.104,track
1,1805,-0.019,-0.249,0.013,-0.05,0.18,-1.302,0.631,-0.37,0.1416,1.0,0.999,0.402,0.665,2.067,0.069,track
1,1806,-0.019,-0.249,0.014,-0.05,0.18,-1.302,0.636,-0.377,0.1475,1.0,0.999,0.387,0.694,2.081,0.058,track
1,1807,-0.019,-0.249,0.015,-0.05,0.18,-1.302,0.639,-0.381,0.1504,1.0,0.999,0.379,0.709,2.087,0.066,track
1,1808,-0.019,-0.249,0.017,-0.05,0.18,-1.302,0.641,-0.377,0.1514,1.0,0.999,0.38,0.713,2.093,0.059,track
1,1809,-0.019,-0.249,0.018,-0.05,0.18,-1.302,0.645,-0.384,0.1543,1.0,0.999,0.369,0.728,2.095,0.06,track
1,1810,-0.02,-0.249,0.019,-0.05,0.18,-1.302,0.648,-0.377,0.1523,1.0,0.999,0.37,0.718,2.087,0.075,track
1,1811,-0.02,-0.249,0.02,-0.05,0.18,-1.302,0.652,-0.38,0.1543,1.0,0.999,0.363,0.728,2.09,0.033,track
1,1812,-0.02,-0.249,0.021,-0.05,0.18,-1.302,0.655,-0.388,0.1582,1.0,0.999,0.351,0.746,2.096,0.04,track
1,1813,-0.02,-0.25,0.022,-0.05,0.18,-1.302,0.661,-0.393,0.1631,1.0,0.999,0.339,0.769,2.108,0.057,track
1,1814,-0.02,-0.25,0.023,-0.05,0.18,-1.302,0.662,-0.392,0.1641,1.0,0.999,0.338,0.774,2.111,0.064,track
1,1815,-0.02,-0.25,0.024,-0.05,0.18,-1.302,0.663,-0.395,0.165,1.0,0.999,0.334,0.778,2.112,0.071,track
1,1816,-0.02,-0.25,0.025,-0.05,0.18,-1.302,0.663,-0.395,0.165,1.0,0.999,0.334,0.778,2.112,0.072,track
1,1817,-0.021,-0.25,0.026,-0.05,0.18,-1.302,0.665,-0.387,0.165,1.0,0.999,0.338,0.778,2.115,0.075,track
1,1818,-0.021,-0.25,0.027,-0.05,0.18,-1.302,0.667,-0.39,0.166,1.0,0.999,0.334,0.783,2.116,0.078,track
1,1819,-0.021,-0.25,0.027,-0.05,0.18,-1.302,0.67,-0.379,0.167,1.0,0.999,0.339,0.787,2.125,0.067,track
1,1820,-0.021,-0.25,0.028,-0.05,0.18,-1.302,0.672,-0.376,0.168,1.0,0.999,0.338,0.792,2.128,0.094,track
1,1821,-0.021,-0.25,0.029,-0.05,0.18,-1.302,0.674,-0.379,0.1699,1.0,0.998,0.332,0.8,2.131,0.094,track
1,1822,-0.021,-0.25,0.029,-0.05,0.18,-1.302,0.677,-0.38,0.1738,1.0,0.999,0.328,0.818,2.144,0.104,track
1,1823,-0.021,-0.25,0.03,-0.05,0.18,-1.302,0.678,-0.374,0.1768,1.0,0.999,0.331,0.83,2.159,0.09,track
1,1824,-0.021,-0.25,0.03,-0.05,0.18,-1.302,0.68,-0.371,0.1787,1.0,0.998,0.331,0.838,2.168,0.121,track
1,1825,-0.021,-0.249,0.03,-0.05,0.18,-1.302,0.68,-0.371,0.1787,1.0,0.998,0.331,0.838,2.168,0.127,track
1,1826,-0.021,-0.249,0.03,-0.05,0.18,-1.302,0.68,-0.364,0.1787,1.0,0.998,0.335,0.838,2.172,0.139,track
1,1827,-0.021,-0.249,0.03,-0.05,0.18,-1.302,0.68,-0.364,0.1787,1.0,0.998,0.335,0.838,2.172,0.133,track
1,1828,-0.022,-0.249,0.03,-0.05,0.18,-1.302,0.679,-0.363,0.1797,1.0,0.999,0.338,0.842,2.179,0.133,track
1,1829,-0.022,-0.249,0.03,-0.05,0.18,-1.302,0.679,-0.363,0.1797,1.0,0.999,0.338,0.842,2.179,0.137,track
1,1830,-0.022,-0.249,0.03,-0.05,0.18,-1.302,0.68,-0.365,0.1807,1.0,0.999,0.335,0.846,2.18,0.137,track
1,1831,-0.021,-0.249,0.029,-0.05,0.18,-1.302,0.681,-0.361,0.1816,1.0,0.999,0.337,0.85,2.186,0.136,track
1,1832,-0.021,-0.248,0.029,-0.05,0.18,-1.302,0.677,-0.356,0.1807,1.0,0.999,0.345,0.846,2.19,0.142,track
1,1833,-0.021,-0.248,0.029,-0.05,0.18,-1.302,0.675,-0.356,0.1816,1.0,0.999,0.349,0.85,2.198,0.151,track
1,1834,-0.021,-0.248,0.028,-0.05,0.18,-1.302,0.673,-0.355,0.1797,1.0,0.999,0.352,0.842,2.193,0.158,track
1,1835,-0.021,-0.248,0.027,-0.05,0.18,-1.302,0.671,-0.351,0.1797,1.0,0.999,0.358,0.842,2.199,0.153,track
1,1836,-0.021,-0.248,0.027,-0.05,0.18,-1.302,0.67,-0.349,0.1787,1.0,0.999,0.361,0.838,2.198,0.159,track
1,1837,-0.021,-0.247,0.026,-0.05,0.18,-1.302,0.668,-0.348,0.1797,1.0,0.999,0.365,0.842,2.206,0.157,track
1,1838,-0.021,-0.247,0.026,-0.05,0.18,-1.302,0.663,-0.35,0.1816,1.0,0.999,0.37,0.85,2.219,0.158,track
1,1839,-0.021,-0.247,0.025,-0.05,0.18,-1.302,0.661,-0.351,0.1816,1.0,0.999,0.373,0.85,2.222,0.158,track
1,1840,-0.021,-0.247,0.024,-0.05,0.18,-1.302,0.655,-0.354,0.1855,1.0,0.999,0.38,0.866,2.245,0.155,track
1,1841,-0.02,-0.246,0.024,-0.05,0.18,-1.302,0.652,-0.358,0.1846,1.0,0.999,0.381,0.862,2.242,0.159,track
1,1842,-0.02,-0.246,0.023,-0.05,0.18,-1.302,0.648,-0.36,0.1865,1.0,0.999,0.385,0.869,2.253,0.155,track
1,1843,-0.02,-0.246,0.022,-0.05,0.18,-1.302,0.642,-0.362,0.1836,1.0,0.999,0.393,0.858,2.25,0.154,track
1,1844,-0.02,-0.245,0.021,-0.05,0.18,-1.302,0.634,-0.37,0.1826,1.0,0.999,0.397,0.854,2.25,0.153,track
1,1845,-0.02,-0.245,0.02,-0.05,0.18,-1.302,0.629,-0.362,0.1816,1.0,0.999,0.413,0.85,2.262,0.147,track
1,1846,-0.019,-0.245,0.019,-0.05,0.18,-1.302,0.628,-0.365,0.1787,1.0,0.999,0.411,0.838,2.248,0.154,track
1,1847,-0.019,-0.245,0.017,-0.05,0.18,-1.302,0.624,-0.365,0.1787,1.0,0.999,0.417,0.838,2.254,0.148,track
1,1848,-0.019,-0.244,0.016,-0.05,0.18,-1.302,0.622,-0.365,0.1787,1.0,0.999,0.421,0.838,2.258,0.14,track
1,1849,-0.019,-0.244,0.015,-0.05,0.18,-1.302,0.617,-0.371,0.1758,1.0,0.999,0.422,0.826,2.246,0.142,track
1,1850,-0.019,-0.244,0.014,-0.05,0.18,-1.302,0.612,-0.363,0.1709,1.0,0.998,0.437,0.805,2.24,0.122,track
1,1851,-0.018,-0.244,0.013,-0.05,0.18,-1.302,0.607,-0.362,0.167,1.0,0.998,0.446,0.787,2.232,0.116,track
1,1852,-0.018,-0.243,0.012,-0.05,0.18,-1.302,0.596,-0.371,0.167,1.0,0.998,0.456,0.787,2.241,0.102,track
1,1853,-0.018,-0.243,0.011,-0.05,0.18,-1.302,0.595,-0.368,0.166,1.0,0.998,0.461,0.783,2.242,0.065,track
1,1854,-0.018,-0.243,0.01,-0.05,0.18,-1.302,0.587,-0.364,0.168,1.0,0.998,0.478,0.792,2.268,0.075,track
1,1855,-0.018,-0.243,0.009,-0.05,0.18,-1.302,0.579,-0.362,0.1621,1.0,0.998,0.494,0.765,2.257,0.063,track
1,1856,-0.017,-0.243,0.008,-0.05,0.18,-1.302,0.568,-0.359,0.1621,1.0,0.998,0.516,0.765,2.279,0.027,track
1,1857,-0.017,-0.242,0.007,-0.05,0.18,-1.302,0.562,-0.359,0.1621,1.0,0.998,0.526,0.765,2.289,0.038,track
1,1858,-0.017,-0.242,0.006,-0.05,0.18,-1.302,0.562,-0.359,0.1611,1.0,0.998,0.527,0.76,2.286,0.041,track
1,1859,-0.017,-0.242,0.005,-0.05,0.18,-1.302,0.553,-0.357,0.1562,1.0,0.998,0.546,0.737,2.281,0.022,track
1,1860,-0.017,-0.242,0.004,-0.05,0.18,-1.302,0.553,-0.357,0.1562,1.0,0.998,0.546,0.737,2.281,0.028,track
1,1861,-0.016,-0.242,0.003,-0.05,0.18,-1.302,0.551,-0.353,0.1553,1.0,0.998,0.554,0.732,2.285,0.038,track
1,1862,-0.016,-0.242,0.001,-0.05,0.18,-1.302,0.546,-0.359,0.1533,1.0,0.998,0.556,0.723,2.277,0.064,track
1,1863,-0.016,-0.242,0.001,-0.05,0.18,-1.302,0.543,-0.362,0.1523,1.0,0.998,0.558,0.718,2.274,0.077,track
1,1864,-0.016,-0.242,-0.0,-0.05,0.18,-1.302,0.539,-0.369,0.1484,1.0,0.998,0.555,0.699,2.252,0.093,track
1,1865,-0.016,-0.242,-0.001,-0.05,0.18,-1.302,0.537,-0.361,0.1436,1.0,0.998,0.571,0.675,2.244,0.129,track
1,1866,-0.016,-0.242,-0.002,-0.05,0.18,-1.302,0.534,-0.349,0.1406,1.0,0.998,0.59,0.66,2.248,0.176,track
1,1867,-0.016,-0.242,-0.003,-0.05,0.18,-1.302,0.534,-0.349,0.1406,1.0,0.999,0.59,0.66,2.248,0.153,track
1,1868,-0.016,-0.242,-0.003,-0.05,0.18,-1.302,0.534,-0.349,0.1406,1.0,0.999,0.59,0.66,2.248,0.119,track
1,1869,-0.016,-0.242,-0.004,-0.05,0.18,-1.302,0.534,-0.349,0.1406,1.0,0.999,0.59,0.66,2.249,0.119,track
1,1870,-0.016,-0.242,-0.004,-0.05,0.18,-1.302,0.533,-0.345,0.1396,1.0,0.999,0.596,0.655,2.25,0.117,track
1,1871,-0.016,-0.242,-0.005,-0.05,0.18,-1.302,0.536,-0.343,0.1367,1.0,0.999,0.594,0.64,2.234,0.108,track
1,1872,-0.016,-0.242,-0.005,-0.05,0.18,-1.302,0.536,-0.343,0.1367,1.0,0.999,0.594,0.64,2.234,0.108,track
1,1873,-0.016,-0.242,-0.005,-0.05,0.18,-1.302,0.536,-0.347,0.1377,1.0,0.999,0.588,0.645,2.232,0.11,track
1,1874,-0.016,-0.242,-0.006,-0.05,0.18,-1.302,0.536,-0.347,0.1377,1.0,0.999,0.588,0.645,2.232,0.117,track
1,1875,-0.016,-0.242,-0.006,-0.05,0.18,-1.302,0.538,-0.35,0.1367,1.0,0.999,0.583,0.64,2.222,0.117,track
1,1876,-0.016,-0.242,-0.006,-0.05,0.18,-1.302,0.538,-0.35,0.1367,1.0,0.999,0.583,0.64,2.222,0.121,track
1,1877,-0.016,-0.243,-0.006,-0.05,0.18,-1.302,0.54,-0.346,0.1357,1.0,0.999,0.583,0.636,2.218,0.116,track
1,1878,-0.016,-0.243,-0.006,-0.05,0.18,-1.302,0.541,-0.346,0.1348,1.0,0.999,0.58,0.631,2.21,0.105,track
1,1879,-0.016,-0.243,-0.006,-0.05,0.18,-1.302,0.541,-0.346,0.1348,1.0,0.999,0.58,0.631,2.21,0.106,track
1,1880,-0.016,-0.243,-0.006,-0.05,0.18,-1.302,0.545,-0.356,0.1357,1.0,0.999,0.56,0.636,2.195,0.105,track
1,1881,-0.016,-0.243,-0.006,-0.05,0.18,-1.302,0.557,-0.358,0.1367,1.0,0.999,0.537,0.64,2.177,0.134,track
1,1882,-0.016,-0.244,-0.006,-0.05,0.18,-1.302,0.563,-0.357,0.1338,1.0,0.999,0.527,0.626,2.152,0.143,track
1,1883,-0.016,-0.244,-0.006,-0.05,0.18,-1.302,0.564,-0.36,0.1328,1.0,0.999,0.522,0.621,2.142,0.141,track
1,1884,-0.016,-0.244,-0.005,-0.05,0.18,-1.302,0.566,-0.361,0.1318,1.0,1.0,0.517,0.616,2.132,0.148,track
1,1885,-0.016,-0.244,-0.005,-0.05,0.18,-1.302,0.566,-0.361,0.1318,1.0,0.999,0.517,0.616,2.132,0.156,track
1,1886,-0.016,-0.245,-0.004,-0.05,0.18,-1.302,0.569,-0.368,0.1318,1.0,0.999,0.505,0.616,2.12,0.156,track
1,1887,-0.017,-0.245,-0.003,-0.05,0.18,-1.302,0.569,-0.368,0.1328,1.0,0.999,0.504,0.621,2.124,0.171,track
1,1888,-0.017,-0.245,-0.003,-0.05,0.18,-1.302,0.574,-0.365,0.1348,1.0,0.999,0.499,0.631,2.129,0.166,track
1,1889,-0.017,-0.245,-0.002,-0.05,0.18,-1.302,0.577,-0.357,0.1328,1.0,0.999,0.502,0.621,2.122,0.144,track
1,1890,-0.017,-0.246,-0.001,-0.05,0.18,-1.302,0.58,-0.353,0.1338,1.0,0.999,0.502,0.626,2.127,0.115,track
1,1891,-0.017,-0.246,0.0,-0.05,0.18,-1.302,0.581,-0.358,0.1348,1.0,0.999,0.495,0.631,2.125,0.087,track
1,1892,-0.017,-0.246,0.001,-0.05,0.18,-1.302,0.582,-0.362,0.1357,1.0,0.999,0.489,0.636,2.124,0.096,track
1,1893,-0.017,-0.246,0.002,-0.05,0.18,-1.302,0.583,-0.358,0.1367,1.0,0.999,0.491,0.64,2.131,0.1,track
1,1894,-0.018,-0.247,0.003,-0.05,0.18,-1.302,0.59,-0.374,0.1455,1.0,0.999,0.463,0.684,2.147,0.087,track
1,1895,-0.018,-0.247,0.004,-0.05,0.18,-1.302,0.595,-0.371,0.1445,1.0,0.999,0.458,0.68,2.137,0.112,track
1,1896,-0.018,-0.247,0.005,-0.05,0.18,-1.302,0.596,-0.373,0.1436,1.0,0.999,0.454,0.675,2.128,0.102,track
1,1897,-0.018,-0.247,0.005,-0.05,0.18,-1.302,0.598,-0.374,0.1426,1.0,0.999,0.45,0.67,2.119,0.088,track
1,1898,-0.018,-0.248,0.006,-0.05,0.18,-1.302,0.606,-0.369,0.1426,1.0,0.999,0.442,0.67,2.111,0.087,track
1,1899,-0.019,-0.248,0.007,-0.05,0.18,-1.302,0.611,-0.37,0.1416,1.0,0.999,0.433,0.665,2.097,0.073,track
1,1900,-0.019,-0.248,0.008,-0.05,0.18,-1.302,0.621,-0.356,0.1377,1.0,0.999,0.43,0.645,2.075,0.074,track
1,1901,-0.019,-0.248,0.009,-0.05,0.18,-1.302,0.623,-0.356,0.1367,1.0,0.999,0.426,0.64,2.066,0.116,track
1,1902,-0.019,-0.248,0.01,-0.05,0.18,-1.302,0.628,-0.364,0.1387,1.0,0.999,0.412,0.65,2.062,0.104,track
1,1903,-0.019,-0.249,0.011,-0.05,0.18,-1.302,0.629,-0.363,0.1396,1.0,0.999,0.411,0.655,2.066,0.093,track
1,1904,-0.019,-0.249,0.013,-0.05,0.18,-1.302,0.631,-0.372,0.1426,1.0,0.999,0.399,0.67,2.068,0.073,track
1,1905,-0.02,-0.249,0.014,-0.05,0.18,-1.302,0.637,-0.378,0.1484,1.0,0.999,0.386,0.699,2.084,0.051,track
1,1906,-0.02,-0.249,0.015,-0.05,0.18,-1.302,0.639,-0.381,0.1504,1.0,0.999,0.379,0.709,2.087,0.054,track
1,1907,-0.02,-0.249,0.017,-0.05,0.18,-1.302,0.641,-0.377,0.1514,1.0,0.999,0.38,0.713,2.092,0.05,track
1,1908,-0.02,-0.249,0.018,-0.05,0.18,-1.302,0.646,-0.38,0.1533,1.0,0.999,0.37,0.723,2.092,0.039,track
1,1909,-0.02,-0.25,0.019,-0.05,0.18,-1.302,0.648,-0.377,0.1523,1.0,0.999,0.37,0.718,2.087,0.044,track
1,1910,-0.02,-0.25,0.02,-0.05,0.18,-1.302,0.652,-0.38,0.1543,1.0,0.999,0.363,0.728,2.09,0.039,track
1,1911,-0.021,-0.25,0.021,-0.05,0.18,-1.302,0.656,-0.389,0.1592,1.0,0.999,0.349,0.751,2.098,0.04,track
1,1912,-0.021,-0.25,0.022,-0.05,0.18,-1.302,0.661,-0.393,0.1631,1.0,0.999,0.339,0.769,2.108,0.059,track
1,1913,-0.021,-0.25,0.023,-0.05,0.18,-1.302,0.662,-0.392,0.1641,1.0,0.999,0.338,0.774,2.111,0.072,track
1,1914,-0.021,-0.25,0.024,-0.05,0.18,-1.302,0.663,-0.395,0.165,1.0,0.999,0.334,0.778,2.112,0.068,track
1,1915,-0.021,-0.25,0.025,-0.05,0.18,-1.302,0.663,-0.395,0.165,1.0,0.999,0.334,0.778,2.112,0.079,track
1,1916,-0.021,-0.25,0.026,-0.05,0.18,-1.302,0.667,-0.39,0.166,1.0,0.999,0.334,0.783,2.116,0.072,track
1,1917,-0.021,-0.25,0.027,-0.05,0.18,-1.302,0.668,-0.387,0.165,1.0,0.999,0.334,0.778,2.112,0.062,track
1,1918,-0.022,-0.25,0.028,-0.05,0.18,-1.302,0.671,-0.381,0.168,1.0,0.999,0.335,0.792,2.126,0.068,track
1,1919,-0.022,-0.25,0.028,-0.05,0.18,-1.302,0.672,-0.376,0.168,1.0,0.999,0.338,0.792,2.128,0.091,track
1,1920,-0.022,-0.25,0.029,-0.05,0.18,-1.302,0.675,-0.38,0.1709,1.0,0.998,0.33,0.805,2.133,0.109,track
1,1921,-0.022,-0.25,0.029,-0.05,0.18,-1.302,0.679,-0.383,0.1738,1.0,0.999,0.323,0.818,2.139,0.124,track
1,1922,-0.022,-0.25,0.03,-0.05,0.18,-1.302,0.679,-0.374,0.1777,1.0,0.999,0.329,0.834,2.162,0.082,track
1,1923,-0.022,-0.25,0.03,-0.05,0.18,-1.302,0.68,-0.371,0.1787,1.0,0.998,0.331,0.838,2.168,0.125,track
1,1924,-0.022,-0.25,0.03,-0.05,0.18,-1.302,0.68,-0.371,0.1787,1.0,0.998,0.331,0.838,2.168,0.139,track
1,1925,-0.022,-0.25,0.03,-0.05,0.18,-1.302,0.68,-0.364,0.1787,1.0,0.998,0.335,0.838,2.172,0.16,track
1,1926,-0.022,-0.249,0.03,-0.05,0.18,-1.302,0.68,-0.364,0.1787,1.0,0.998,0.335,0.838,2.172,0.131,track
1,1927,-0.022,-0.249,0.03,-0.05,0.18,-1.302,0.68,-0.36,0.1787,1.0,0.999,0.338,0.838,2.175,0.145,track
1,1928,-0.022,-0.249,0.03,-0.05,0.18,-1.302,0.681,-0.362,0.1797,1.0,0.998,0.335,0.842,2.176,0.138,track
1,1929,-0.022,-0.249,0.03,-0.05,0.18,-1.302,0.681,-0.361,0.1816,1.0,0.999,0.337,0.85,2.186,0.14,track
1,1930,-0.022,-0.249,0.03,-0.05,0.18,-1.302,0.681,-0.361,0.1816,1.0,0.999,0.337,0.85,2.186,0.14,track
1,1931,-0.022,-0.249,0.029,-0.05,0.18,-1.302,0.679,-0.358,0.1826,1.0,0.999,0.341,0.854,2.193,0.145,track
1,1932,-0.022,-0.248,0.029,-0.05,0.18,-1.302,0.678,-0.355,0.1826,1.0,0.999,0.345,0.854,2.198,0.148,track
1,1933,-0.022,-0.248,0.028,-0.05,0.18,-1.302,0.676,-0.357,0.1826,1.0,0.999,0.346,0.854,2.198,0.157,track
1,1934,-0.022,-0.248,0.028,-0.05,0.18,-1.302,0.671,-0.351,0.1797,1.0,0.999,0.358,0.842,2.199,0.155,track
1,1935,-0.022,-0.248,0.027,-0.05,0.18,-1.302,0.67,-0.349,0.1787,1.0,0.999,0.361,0.838,2.198,0.158,track
1,1936,-0.022,-0.247,0.026,-0.05,0.18,-1.302,0.668,-0.345,0.1807,1.0,0.999,0.368,0.846,2.213,0.16,track
1,1937,-0.021,-0.247,0.026,-0.05,0.18,-1.302,0.667,-0.349,0.1797,1.0,0.999,0.366,0.842,2.207,0.163,track
1,1938,-0.021,-0.247,0.025,-0.05,0.18,-1.302,0.66,-0.347,0.1816,1.0,0.999,0.376,0.85,2.226,0.158,track
1,1939,-0.021,-0.247,0.024,-0.05,0.18,-1.302,0.655,-0.354,0.1855,1.0,0.999,0.38,0.866,2.244,0.157,track
1,1940,-0.021,-0.246,0.024,-0.05,0.18,-1.302,0.652,-0.358,0.1846,1.0,0.999,0.381,0.862,2.242,0.164,track
1,1941,-0.021,-0.246,0.023,-0.05,0.18,-1.302,0.648,-0.36,0.1865,1.0,0.999,0.385,0.869,2.253,0.151,track
1,1942,-0.021,-0.246,0.022,-0.05,0.18,-1.302,0.642,-0.362,0.1836,1.0,0.999,0.393,0.858,2.25,0.155,track
1,1943,-0.02,-0.246,0.021,-0.05,0.18,-1.302,0.635,-0.367,0.1816,1.0,0.999,0.398,0.85,2.247,0.152,track
1,1944,-0.02,-0.245,0.02,-0.05,0.18,-1.302,0.629,-0.362,0.1816,1.0,0.999,0.413,0.85,2.262,0.147,track
1,1945,-0.02,-0.245,0.019,-0.05,0.18,-1.302,0.628,-0.365,0.1787,1.0,0.999,0.411,0.838,2.248,0.153,track
1,1946,-0.02,-0.245,0.018,-0.05,0.18,-1.302,0.626,-0.363,0.1777,1.0,0.999,0.416,0.834,2.249,0.147,track
1,1947,-0.02,-0.245,0.017,-0.05,0.18,-1.302,0.622,-0.365,0.1787,1.0,0.999,0.421,0.838,2.258,0.137,track
1,1948,-0.019,-0.244,0.015,-0.05,0.18,-1.302,0.617,-0.37,0.1777,1.0,0.999,0.424,0.834,2.257,0.14,track
1,1949,-0.019,-0.244,0.014,-0.05,0.18,-1.302,0.612,-0.36,0.1719,1.0,0.999,0.441,0.809,2.248,0.128,track
1,1950,-0.019,-0.244,0.013,-0.05,0.18,-1.302,0.609,-0.361,0.1689,1.0,0.998,0.445,0.796,2.239,0.124,track
1,1951,-0.019,-0.244,0.012,-0.05,0.18,-1.302,0.596,-0.367,0.168,1.0,0.998,0.459,0.792,2.249,0.112,track
1,1952,-0.018,-0.243,0.011,-0.05,0.18,-1.302,0.596,-0.371,0.167,1.0,0.998,0.456,0.787,2.241,0.076,track
1,1953,-0.018,-0.243,0.01,-0.05,0.18,-1.302,0.589,-0.368,0.1689,1.0,0.998,0.471,0.796,2.265,0.082,track
1,1954,-0.018,-0.243,0.009,-0.05,0.18,-1.302,0.58,-0.363,0.1631,1.0,0.998,0.491,0.769,2.259,0.063,track
1,1955,-0.018,-0.243,0.008,-0.05,0.18,-1.302,0.568,-0.359,0.1621,1.0,0.998,0.516,0.765,2.279,0.029,track
1,1956,-0.018,-0.243,0.007,-0.05,0.18,-1.302,0.564,-0.362,0.1631,1.0,0.998,0.52,0.769,2.287,0.04,track
1,1957,-0.017,-0.242,0.006,-0.05,0.18,-1.302,0.562,-0.359,0.1611,1.0,0.998,0.527,0.76,2.286,0.045,track
1,1958,-0.017,-0.242,0.005,-0.05,0.18,-1.302,0.553,-0.357,0.1562,1.0,0.998,0.546,0.737,2.281,0.013,track
1,1959,-0.017,-0.242,0.004,-0.05,0.18,-1.302,0.553,-0.357,0.1562,1.0,0.998,0.546,0.737,2.281,0.028,track
1,1960,-0.017,-0.242,0.003,-0.05,0.18,-1.302,0.551,-0.353,0.1553,1.0,0.998,0.554,0.732,2.285,0.039,track
1,1961,-0.017,-0.242,0.001,-0.05,0.18,-1.302,0.546,-0.359,0.1533,1.0,0.998,0.556,0.723,2.277,0.063,track
1,1962,-0.016,-0.242,0.0,-0.05,0.18,-1.302,0.543,-0.362,0.1523,1.0,0.998,0.558,0.718,2.274,0.078,track
1,1963,-0.016,-0.242,-0.0,-0.05,0.18,-1.302,0.539,-0.369,0.1484,1.0,0.998,0.555,0.699,2.252,0.094,track
1,1964,-0.016,-0.242,-0.001,-0.05,0.18,-1.302,0.536,-0.357,0.1426,1.0,0.998,0.576,0.67,2.244,0.13,track
1,1965,-0.016,-0.242,-0.002,-0.05,0.18,-1.302,0.534,-0.349,0.1406,1.0,0.999,0.59,0.66,2.248,0.188,track
1,1966,-0.016,-0.242,-0.003,-0.05,0.18,-1.302,0.534,-0.349,0.1406,1.0,0.999,0.59,0.66,2.248,0.136,track
1,1967,-0.016,-0.242,-0.003,-0.05,0.18,-1.302,0.534,-0.349,0.1406,1.0,0.999,0.59,0.66,2.248,0.122,track
1,1968,-0.016,-0.242,-0.004,-0.05,0.18,-1.302,0.534,-0.349,0.1406,1.0,0.999,0.59,0.66,2.249,0.122,track
1,1969,-0.016,-0.242,-0.004,-0.05,0.18,-1.302,0.533,-0.345,0.1396,1.0,0.999,0.596,0.655,2.25,0.12,track
1,1970,-0.016,-0.242,-0.005,-0.05,0.18,-1.302,0.536,-0.343,0.1367,1.0,0.999,0.594,0.64,2.233,0.111,track
1,1971,-0.016,-0.242,-0.005,-0.05,0.18,-1.302,0.536,-0.343,0.1367,1.0,0.999,0.594,0.64,2.234,0.11,track
1,1972,-0.016,-0.242,-0.005,-0.05,0.18,-1.302,0.536,-0.343,0.1367,1.0,0.999,0.594,0.64,2.234,0.112,track
1,1973,-0.016,-0.242,-0.006,-0.05,0.18,-1.302,0.536,-0.347,0.1377,1.0,0.999,0.588,0.645,2.232,0.114,track
1,1974,-0.016,-0.242,-0.006,-0.05,0.18,-1.302,0.538,-0.35,0.1367,1.0,0.999,0.583,0.64,2.222,0.119,track
1,1975,-0.016,-0.242,-0.006,-0.05,0.18,-1.302,0.538,-0.35,0.1367,1.0,0.999,0.583,0.64,2.222,0.124,track
1,1976,-0.016,-0.243,-0.006,-0.05,0.18,-1.302,0.538,-0.35,0.1367,1.0,0.999,0.583,0.64,2.222,0.117,track
1,1977,-0.016,-0.243,-0.006,-0.05,0.18,-1.302,0.541,-0.346,0.1348,1.0,0.999,0.58,0.631,2.21,0.116,track
1,1978,-0.016,-0.243,-0.006,-0.05,0.18,-1.302,0.541,-0.346,0.1348,1.0,0.999,0.58,0.631,2.21,0.107,track
1,1979,-0.016,-0.243,-0.006,-0.05,0.18,-1.302,0.544,-0.35,0.1338,1.0,0.999,0.569,0.626,2.194,0.106,track
1,1980,-0.016,-0.243,-0.006,-0.05,0.18,-1.302,0.557,-0.358,0.1367,1.0,0.999,0.537,0.64,2.177,0.118,track
1,1981,-0.016,-0.244,-0.006,-0.05,0.18,-1.302,0.563,-0.357,0.1338,1.0,0.999,0.527,0.626,2.152,0.142,track
1,1982,-0.016,-0.244,-0.006,-0.05,0.18,-1.302,0.564,-0.36,0.1328,1.0,0.999,0.522,0.621,2.142,0.145,track
1,1983,-0.016,-0.244,-0.005,-0.05,0.18,-1.302,0.564,-0.36,0.1328,1.0,0.999,0.522,0.621,2.142,0.15,track
1,1984,-0.016,-0.244,-0.005,-0.05,0.18,-1.302,0.566,-0.361,0.1318,1.0,0.999,0.517,0.616,2.132,0.154,track
1,1985,-0.016,-0.245,-0.004,-0.05,0.18,-1.302,0.569,-0.368,0.1318,1.0,0.999,0.505,0.616,2.12,0.155,track
1,1986,-0.017,-0.245,-0.003,-0.05,0.18,-1.302,0.569,-0.368,0.1328,1.0,0.999,0.504,0.621,2.124,0.173,track
1,1987,-0.017,-0.245,-0.003,-0.05,0.18,-1.302,0.574,-0.365,0.1348,1.0,0.999,0.499,0.631,2.129,0.165,track
1,1988,-0.017,-0.245,-0.002,-0.05,0.18,-1.302,0.577,-0.357,0.1328,1.0,0.999,0.502,0.621,2.122,0.146,track
1,1989,-0.017,-0.246,-0.001,-0.05,0.18,-1.302,0.58,-0.353,0.1338,1.0,0.999,0.502,0.626,2.127,0.114,track
1,1990,-0.017,-0.246,0.0,-0.05,0.18,-1.302,0.58,-0.353,0.1338,1.0,0.999,0.502,0.626,2.127,0.088,track
1,1991,-0.017,-0.246,0.001,-0.05,0.18,-1.302,0.582,-0.362,0.1357,1.0,0.999,0.489,0.636,2.124,0.085,track
1,1992,-0.018,-0.246,0.002,-0.05,0.18,-1.302,0.582,-0.362,0.1357,1.0,0.999,0.489,0.636,2.124,0.101,track
1,1993,-0.018,-0.247,0.003,-0.05,0.18,-1.302,0.59,-0.374,0.1455,1.0,0.999,0.463,0.684,2.147,0.098,track
1,1994,-0.018,-0.247,0.004,-0.05,0.18,-1.302,0.596,-0.373,0.1436,1.0,0.999,0.454,0.675,2.127,0.122,track
1,1995,-0.018,-0.247,0.005,-0.05,0.18,-1.302,0.596,-0.373,0.1436,1.0,0.999,0.454,0.675,2.128,0.11,track
1,1996,-0.018,-0.247,0.006,-0.05,0.18,-1.302,0.598,-0.374,0.1426,1.0,0.999,0.45,0.67,2.119,0.088,track
1,1997,-0.018,-0.248,0.006,-0.05,0.18,-1.302,0.602,-0.375,0.1426,1.0,0.999,0.442,0.67,2.111,0.088,track
1,1998,-0.019,-0.248,0.007,-0.05,0.18,-1.302,0.611,-0.37,0.1416,1.0,0.999,0.433,0.665,2.098,0.083,track
1,1999,-0.019,-0.248,0.008,-0.05,0.18,-1.302,0.621,-0.363,0.1357,1.0,0.999,0.423,0.636,2.058,0.09,track
1,2000,-0.019,-0.248,0.009,-0.05,0.18,-1.302,0.625,-0.359,0.1357,1.0,0.999,0.422,0.636,2.057,0.124,track
2,1,0.132,-0.116,-0.127,0.132,-0.115,-1.521,-0.078,-0.06,0.2764,1.0,0.983,1.943,0.908,3.834,0.68,track
2,2,0.131,-0.116,-0.127,0.132,-0.115,-1.521,-0.064,-0.025,0.2764,1.0,0.959,1.972,0.908,3.839,0.749,track
2,3,0.13,-0.117,-0.128,0.132,-0.115,-1.521,-0.063,0.031,0.2754,1.0,0.927,1.971,0.914,3.812,0.671,track
2,4,0.13,-0.117,-0.128,0.132,-0.115,-1.521,-0.077,0.087,0.2764,1.0,0.945,1.921,0.908,3.774,0.555,track
2,5,0.129,-0.117,-0.129,0.132,-0.115,-1.521,-0.09,0.134,0.2822,1.0,0.952,1.851,0.866,3.668,0.501,track
2,6,0.128,-0.118,-0.129,0.132,-0.115,-1.521,-0.094,0.183,0.2832,1.0,0.958,1.762,0.858,3.578,0.347,track
2,7,0.127,-0.118,-0.13,0.132,-0.115,-1.521,-0.101,0.221,0.2822,1.0,0.968,1.676,0.866,3.51,0.278,track
2,8,0.127,-0.119,-0.13,0.132,-0.115,-1.521,-0.11,0.248,0.2773,1.0,0.973,1.602,0.901,3.477,0.226,track
2,9,0.126,-0.12,-0.131,0.132,-0.115,-1.521,-0.12,0.266,0.2764,1.0,0.977,1.548,0.908,3.433,0.198,track
2,10,0.125,-0.12,-0.132,0.132,-0.115,-1.521,-0.122,0.274,0.2764,1.0,0.979,1.527,0.908,3.414,0.16,track
2,11,0.124,-0.121,-0.133,0.132,-0.115,-1.521,-0.125,0.282,0.2744,1.0,0.979,1.503,0.921,3.402,0.151,track
2,12,0.123,-0.122,-0.133,0.132,-0.115,-1.521,-0.128,0.285,0.2764,1.0,0.979,1.492,0.908,3.379,0.147,track
2,13,0.122,-0.123,-0.134,0.132,-0.115,-1.521,-0.127,0.288,0.2754,1.0,0.979,1.487,0.914,3.38,0.151,track
2,14,0.121,-0.124,-0.135,0.132,-0.115,-1.521,-0.129,0.292,0.2754,1.0,0.978,1.473,0.914,3.366,0.142,track
2,15,0.12,-0.125,-0.136,0.132,-0.115,-1.521,-0.129,0.292,0.2754,1.0,0.978,1.473,0.914,3.365,0.138,track
2,16,0.119,-0.126,-0.136,0.132,-0.115,-1.521,-0.128,0.288,0.2754,1.0,0.978,1.485,0.914,3.377,0.129,track
2,17,0.118,-0.128,-0.137,0.132,-0.115,-1.521,-0.128,0.285,0.2764,1.0,0.978,1.492,0.908,3.378,0.134,track
2,18,0.117,-0.129,-0.138,0.132,-0.115,-1.521,-0.123,0.278,0.2764,1.0,0.978,1.516,0.908,3.401,0.14,track
2,19,0.115,-0.13,-0.138,0.132,-0.115,-1.521,-0.121,0.275,0.2773,1.0,0.978,1.526,0.901,3.405,0.144,track
2,20,0.114,-0.132,-0.139,0.132,-0.115,-1.521,-0.116,0.274,0.2803,1.0,0.978,1.534,0.88,3.393,0.152,track
2,21,0.113,-0.134,-0.14,0.132,-0.115,-1.521,-0.106,0.263,0.2842,1.0,0.978,1.57,0.85,3.399,0.15,track
2,22,0.112,-0.135,-0.14,0.132,-0.115,-1.521,-0.102,0.262,0.2871,1.0,0.978,1.578,0.826,3.382,0.164,track
2,23,0.11,-0.137,-0.141,0.132,-0.115,-1.521,-0.093,0.259,0.2861,1.0,0.978,1.595,0.834,3.407,0.176,track
2,24,0.109,-0.139,-0.142,0.132,-0.115,-1.521,-0.082,0.258,0.2861,1.0,0.978,1.605,0.834,3.417,0.173,track
2,25,0.107,-0.141,-0.143,0.132,-0.115,-1.521,-0.066,0.251,0.2793,1.0,0.978,1.634,0.888,3.499,0.169,track
2,26,0.106,-0.143,-0.144,0.132,-0.115,-1.521,-0.06,0.247,0.2803,1.0,0.977,1.648,0.88,3.506,0.165,track
2,27,0.104,-0.145,-0.145,0.132,-0.115,-1.521,-0.043,0.232,0.2871,1.0,0.978,1.693,0.826,3.496,0.167,track
2,28,0.103,-0.147,-0.145,0.132,-0.115,-1.521,-0.03,0.233,0.29,1.0,0.977,1.695,0.8,3.472,0.199,track
2,29,0.101,-0.15,-0.146,0.132,-0.115,-1.521,-0.015,0.221,0.2871,1.0,0.977,1.726,0.826,3.529,0.226,track
2,30,0.1,-0.152,-0.147,0.132,-0.115,-1.521,0.002,0.205,0.2842,1.0,0.977,1.762,0.85,3.59,0.243,track
2,31,0.098,-0.154,-0.148,0.132,-0.115,-1.521,0.023,0.2,0.2891,1.0,0.978,1.772,0.809,3.559,0.276,track
2,32,0.097,-0.157,-0.149,0.132,-0.115,-1.521,0.037,0.186,0.2881,1.0,0.978,1.796,0.818,3.592,0.314,track
2,33,0.095,-0.16,-0.15,0.132,-0.115,-1.521,0.061,0.177,0.2842,1.0,0.979,1.802,0.85,3.631,0.338,track
2,34,0.094,-0.162,-0.151,0.132,-0.115,-1.521,0.077,0.163,0.2881,1.0,0.979,1.814,0.818,3.611,0.4,track
2,35,0.092,-0.165,-0.152,0.132,-0.115,-1.521,0.09,0.148,0.2939,1.0,0.977,1.828,0.765,3.571,0.44,track
2,36,0.091,-0.168,-0.153,0.132,-0.115,-1.521,0.104,0.134,0.29,1.0,0.977,1.835,0.8,3.613,0.436,track
2,37,0.089,-0.171,-0.154,0.132,-0.115,-1.521,0.117,0.111,0.2881,1.0,0.978,1.849,0.818,3.644,0.436,track
2,38,0.088,-0.174,-0.155,0.132,-0.115,-1.521,0.13,0.093,0.2861,1.0,0.978,1.853,0.834,3.665,0.436,track
2,39,0.086,-0.177,-0.156,0.132,-0.115,-1.521,0.141,0.072,0.291,1.0,0.977,1.856,0.792,3.625,0.44,track
2,40,0.085,-0.18,-0.157,0.132,-0.115,-1.521,0.144,0.044,0.291,1.0,0.978,1.868,0.792,3.638,0.425,track
2,41,0.083,-0.183,-0.158,0.132,-0.115,-1.521,0.147,0.022,0.29,1.0,0.977,1.871,0.8,3.649,0.397,track
2,42,0.082,-0.186,-0.16,0.132,-0.115,-1.521,0.147,-0.001,0.292,1.0,0.977,1.875,0.783,3.635,0.389,track
2,43,0.081,-0.19,-0.161,0.132,-0.115,-1.521,0.152,-0.032,0.2959,1.0,0.976,1.86,0.746,3.582,0.365,track
2,44,0.079,-0.193,-0.162,0.132,-0.115,-1.521,0.15,-0.054,0.291,1.0,0.975,1.853,0.792,3.62,0.372,track
2,45,0.078,-0.196,-0.162,0.132,-0.115,-1.521,0.152,-0.086,0.293,1.0,0.975,1.825,0.774,3.574,0.354,track
2,46,0.077,-0.2,-0.163,0.132,-0.115,-1.521,0.149,-0.11,0.292,1.0,0.974,1.804,0.783,3.561,0.347,track
2,47,0.076,-0.203,-0.164,0.132,-0.115,-1.521,0.151,-0.142,0.2939,1.0,0.973,1.758,0.765,3.496,0.35,track
2,48,0.074,-0.207,-0.164,0.132,-0.115,-1.521,0.152,-0.17,0.2939,1.0,0.971,1.71,0.765,3.445,0.335,track
2,49,0.073,-0.21,-0.165,0.132,-0.115,-1.521,0.154,-0.209,0.2969,1.0,0.97,1.633,0.737,3.34,0.328,track
2,50,0.072,-0.214,-0.165,0.132,-0.115,-1.521,0.155,-0.238,0.2949,1.0,0.967,1.569,0.756,3.292,0.316,track
2,51,0.071,-0.217,-0.164,0.132,-0.115,-1.521,0.155,-0.279,0.2959,1.0,0.966,1.472,0.746,3.184,0.321,track
2,52,0.07,-0.221,-0.164,0.132,-0.115,-1.521,0.159,-0.315,0.291,1.0,0.958,1.376,0.792,3.125,0.392,track
2,53,0.069,-0.224,-0.163,0.132,-0.115,-1.521,0.158,-0.346,0.2891,1.0,0.956,1.296,0.809,3.061,0.35,track
2,54,0.068,-0.228,-0.162,0.132,-0.115,-1.521,0.162,-0.376,0.2852,1.0,0.955,1.21,0.842,3.007,0.338,track
2,55,0.066,-0.231,-0.161,0.132,-0.115,-1.521,0.165,-0.408,0.2773,1.0,0.955,1.117,0.901,2.973,0.308,track
2,56,0.065,-0.235,-0.16,0.132,-0.115,-1.521,0.17,-0.434,0.2715,1.0,0.955,1.042,0.938,2.934,0.268,track
2,57,0.064,-0.238,-0.158,0.132,-0.115,-1.521,0.175,-0.458,0.2627,1.0,0.956,0.972,0.978,2.906,0.226,track
2,58,0.063,-0.242,-0.157,0.132,-0.115,-1.521,0.182,-0.478,0.2559,1.0,0.953,0.911,0.995,2.86,0.163,track
2,59,0.062,-0.245,-0.155,0.132,-0.115,-1.521,0.198,-0.498,0.25,1.0,0.953,0.844,1.0,2.797,0.127,track
2,60,0.061,-0.248,-0.153,0.132,-0.115,-1.521,0.212,-0.523,0.2422,1.0,0.953,0.77,0.998,2.721,0.109,track
2,61,0.059,-0.251,-0.152,0.132,-0.115,-1.521,0.218,-0.541,0.2334,1.0,0.95,0.722,0.99,2.662,0.135,track
2,62,0.058,-0.255,-0.15,0.132,-0.115,-1.521,0.223,-0.553,0.2285,1.0,0.95,0.687,0.984,2.621,0.165,track
2,63,0.057,-0.258,-0.147,0.132,-0.115,-1.521,0.232,-0.577,0.2158,1.0,0.95,0.626,0.96,2.536,0.139,track
2,64,0.056,-0.261,-0.145,0.132,-0.115,-1.521,0.247,-0.59,0.209,1.0,0.949,0.586,0.943,2.478,0.162,track
2,65,0.055,-0.263,-0.143,0.132,-0.115,-1.521,0.264,-0.611,0.2061,1.0,0.949,0.53,0.935,2.414,0.181,track
2,66,0.053,-0.266,-0.14,0.132,-0.115,-1.521,0.275,-0.619,0.1982,1.0,0.947,0.505,0.911,2.364,0.155,track
2,67,0.052,-0.269,-0.137,0.132,-0.115,-1.521,0.276,-0.627,0.1934,1.0,0.948,0.489,0.895,2.332,0.176,track
2,68,0.051,-0.271,-0.134,0.132,-0.115,-1.521,0.284,-0.646,0.1846,1.0,0.947,0.449,0.862,2.258,0.19,track
2,69,0.05,-0.273,-0.131,0.132,-0.115,-1.521,0.293,-0.648,0.1807,1.0,0.946,0.439,0.846,2.231,0.193,track
2,70,0.048,-0.276,-0.128,0.132,-0.115,-1.521,0.31,-0.659,0.1787,1.0,0.946,0.407,0.838,2.191,0.23,track
2,71,0.047,-0.278,-0.125,0.132,-0.115,-1.521,0.326,-0.672,0.1719,1.0,0.946,0.376,0.809,2.131,0.256,track
2,72,0.046,-0.28,-0.122,0.132,-0.115,-1.521,0.336,-0.677,0.168,1.0,0.945,0.36,0.792,2.097,0.275,track
2,73,0.044,-0.282,-0.118,0.132,-0.115,-1.521,0.346,-0.681,0.166,1.0,0.946,0.348,0.783,2.077,0.289,track
2,74,0.043,-0.283,-0.115,0.132,-0.115,-1.521,0.353,-0.681,0.1631,1.0,0.946,0.342,0.769,2.058,0.303,track
2,75,0.041,-0.285,-0.112,0.132,-0.115,-1.521,0.361,-0.678,0.1631,1.0,0.946,0.341,0.769,2.057,0.327,track
2,76,0.04,-0.286,-0.109,0.132,-0.115,-1.521,0.378,-0.681,0.165,1.0,0.946,0.324,0.778,2.047,0.331,track
2,77,0.038,-0.287,-0.106,0.132,-0.115,-1.521,0.392,-0.674,0.1689,1.0,0.946,0.323,0.796,2.064,0.227,track
2,78,0.037,-0.289,-0.103,0.132,-0.115,-1.521,0.404,-0.67,0.1709,1.0,0.947,0.319,0.805,2.071,0.193,track
2,79,0.035,-0.29,-0.1,0.132,-0.115,-1.521,0.414,-0.661,0.1748,1.0,0.948,0.323,0.822,2.092,0.154,track
2,80,0.034,-0.291,-0.098,0.132,-0.115,-1.521,0.419,-0.653,0.1768,1.0,0.947,0.329,0.83,2.106,0.136,track
2,81,0.032,-0.292,-0.096,0.132,-0.115,-1.521,0.434,-0.647,0.1807,1.0,0.948,0.324,0.846,2.118,0.148,track
2,82,0.031,-0.292,-0.094,0.132,-0.115,-1.521,0.454,-0.64,0.1865,1.0,0.947,0.315,0.869,2.131,0.169,track
2,83,0.029,-0.293,-0.092,0.132,-0.115,-1.521,0.46,-0.633,0.1895,1.0,0.946,0.318,0.88,2.145,0.181,track
2,84,0.028,-0.294,-0.09,0.132,-0.115,-1.521,0.475,-0.619,0.1953,1.0,0.948,0.322,0.901,2.171,0.199,track
2,85,0.026,-0.294,-0.088,0.132,-0.115,-1.521,0.487,-0.612,0.1953,1.0,0.946,0.319,0.901,2.166,0.209,track
2,86,0.025,-0.295,-0.087,0.132,-0.115,-1.521,0.497,-0.593,0.2012,1.0,0.948,0.333,0.921,2.201,0.208,track
2,87,0.023,-0.295,-0.086,0.132,-0.115,-1.521,0.502,-0.582,0.2041,1.0,0.947,0.339,0.929,2.216,0.234,track
2,88,0.022,-0.295,-0.085,0.132,-0.115,-1.521,0.51,-0.566,0.21,1.0,0.949,0.351,0.946,2.247,0.23,track
2,89,0.021,-0.295,-0.084,0.132,-0.115,-1.521,0.521,-0.551,0.2139,1.0,0.95,0.357,0.956,2.263,0.222,track
2,90,0.019,-0.295,-0.083,0.132,-0.115,-1.521,0.529,-0.539,0.2148,1.0,0.952,0.362,0.958,2.272,0.229,track
2,91,0.018,-0.295,-0.083,0.132,-0.115,-1.521,0.534,-0.52,0.2197,1.0,0.956,0.377,0.969,2.301,0.245,track
2,92,0.016,-0.295,-0.083,0.132,-0.115,-1.521,0.54,-0.506,0.2236,1.0,0.958,0.387,0.976,2.321,0.257,track
2,93,0.015,-0.295,-0.083,0.132,-0.115,-1.521,0.545,-0.49,0.2285,1.0,0.96,0.398,0.984,2.342,0.271,track
2,94,0.014,-0.294,-0.083,0.132,-0.115,-1.521,0.548,-0.476,0.2314,1.0,0.962,0.412,0.988,2.362,0.29,track
2,95,0.012,-0.294,-0.083,0.132,-0.115,-1.521,0.551,-0.458,0.2373,1.0,0.964,0.429,0.994,2.388,0.297,track
2,96,0.011,-0.294,-0.083,0.132,-0.115,-1.521,0.555,-0.449,0.2393,1.0,0.966,0.434,0.996,2.396,0.31,track
2,97,0.01,-0.293,-0.084,0.132,-0.115,-1.521,0.555,-0.437,0.2432,1.0,0.969,0.447,0.998,2.414,0.312,track
2,98,0.009,-0.292,-0.084,0.132,-0.115,-1.521,0.556,-0.42,0.2451,1.0,0.971,0.467,0.999,2.437,0.291,track
2,99,0.008,-0.292,-0.085,0.132,-0.115,-1.521,0.557,-0.408,0.25,1.0,0.973,0.478,1.0,2.451,0.254,track
2,100,0.007,-0.291,-0.086,0.132,-0.115,-1.521,0.557,-0.399,0.2529,1.0,0.974,0.489,0.999,2.462,0.243,track
2,101,0.006,-0.29,-0.087,0.132,-0.115,-1.521,0.554,-0.376,0.2549,1.0,0.976,0.521,0.997,2.493,0.224,track
2,102,0.005,-0.289,-0.088,0.132,-0.115,-1.521,0.557,-0.363,0.2588,1.0,0.975,0.53,0.989,2.495,0.204,track
2,103,0.004,-0.288,-0.089,0.132,-0.115,-1.521,0.554,-0.336,0.2598,1.0,0.977,0.567,0.987,2.531,0.213,track
2,104,0.003,-0.288,-0.09,0.132,-0.115,-1.521,0.556,-0.322,0.2617,1.0,0.977,0.579,0.981,2.537,0.173,track
2,105,0.002,-0.287,-0.091,0.132,-0.115,-1.521,0.55,-0.29,0.2607,1.0,0.979,0.627,0.984,2.59,0.175,track
2,106,0.001,-0.285,-0.093,0.132,-0.115,-1.521,0.554,-0.266,0.2627,1.0,0.978,0.645,0.978,2.601,0.182,track
2,107,0.0,-0.284,-0.094,0.132,-0.115,-1.521,0.548,-0.236,0.2646,1.0,0.979,0.687,0.971,2.637,0.214,track
2,108,-0.0,-0.283,-0.096,0.132,-0.115,-1.521,0.552,-0.203,0.2627,1.0,0.979,0.71,0.978,2.666,0.175,track
2,109,-0.001,-0.282,-0.098,0.132,-0.115,-1.521,0.548,-0.171,0.2637,1.0,0.978,0.745,0.974,2.698,0.149,track
2,110,-0.002,-0.281,-0.1,0.132,-0.115,-1.521,0.545,-0.139,0.2656,1.0,0.977,0.775,0.967,2.719,0.153,track
2,111,-0.002,-0.28,-0.102,0.132,-0.115,-1.521,0.546,-0.11,0.2646,1.0,0.976,0.788,0.971,2.734,0.166,track
2,112,-0.003,-0.279,-0.105,0.132,-0.115,-1.521,0.542,-0.07,0.2646,1.0,0.976,0.818,0.971,2.764,0.116,track
2,113,-0.003,-0.277,-0.107,0.132,-0.115,-1.521,0.532,-0.054,0.2715,1.0,0.972,0.848,0.938,2.758,0.114,track
2,114,-0.003,-0.276,-0.11,0.132,-0.115,-1.521,0.527,-0.01,0.2734,1.0,0.973,0.87,0.927,2.769,0.102,track
2,115,-0.004,-0.275,-0.112,0.132,-0.115,-1.521,0.526,0.016,0.2764,1.0,0.968,0.871,0.908,2.747,0.143,track
2,116,-0.004,-0.274,-0.115,0.132,-0.115,-1.521,0.524,0.054,0.2754,1.0,0.97,0.869,0.914,2.753,0.102,track
2,117,-0.004,-0.272,-0.118,0.132,-0.115,-1.521,0.52,0.081,0.2812,1.0,0.969,0.87,0.873,2.712,0.13,track
2,118,-0.004,-0.271,-0.121,0.132,-0.115,-1.521,0.517,0.117,0.2803,1.0,0.969,0.861,0.88,2.711,0.087,track
2,119,-0.004,-0.27,-0.124,0.132,-0.115,-1.521,0.515,0.14,0.2812,1.0,0.969,0.852,0.873,2.694,0.078,track
2,120,-0.004,-0.269,-0.127,0.132,-0.115,-1.521,0.51,0.161,0.2832,1.0,0.97,0.848,0.858,2.676,0.061,track
2,121,-0.004,-0.268,-0.13,0.132,-0.115,-1.521,0.505,0.181,0.2832,1.0,0.971,0.844,0.858,2.673,0.068,track
2,122,-0.003,-0.267,-0.133,0.132,-0.115,-1.521,0.489,0.201,0.292,1.0,0.971,0.866,0.783,2.62,0.052,track
2,123,-0.003,-0.266,-0.136,0.132,-0.115,-1.521,0.482,0.219,0.293,1.0,0.971,0.864,0.774,2.609,0.032,track
2,124,-0.003,-0.265,-0.139,0.132,-0.115,-1.521,0.469,0.24,0.292,1.0,0.972,0.869,0.783,2.624,0.027,track
2,125,-0.002,-0.264,-0.142,0.132,-0.115,-1.521,0.464,0.241,0.292,1.0,0.973,0.881,0.783,2.636,0.046,track
2,126,-0.002,-0.263,-0.145,0.132,-0.115,-1.521,0.453,0.253,0.293,1.0,0.974,0.892,0.774,2.64,0.101,track
2,127,-0.001,-0.262,-0.148,0.132,-0.115,-1.521,0.441,0.261,0.29,1.0,0.975,0.911,0.8,2.686,0.071,track
2,128,-0.0,-0.261,-0.151,0.132,-0.115,-1.521,0.425,0.267,0.2969,1.0,0.976,0.94,0.737,2.653,0.079,track
2,129,0.001,-0.26,-0.154,0.132,-0.115,-1.521,0.413,0.267,0.2959,1.0,0.977,0.969,0.746,2.692,0.056,track
2,130,0.002,-0.26,-0.157,0.132,-0.115,-1.521,0.405,0.274,0.2939,1.0,0.978,0.976,0.765,2.719,0.062,track
2,131,0.003,-0.259,-0.159,0.132,-0.115,-1.521,0.399,0.276,0.292,1.0,0.979,0.986,0.783,2.747,0.083,track
2,132,0.004,-0.259,-0.162,0.132,-0.115,-1.521,0.39,0.279,0.293,1.0,0.98,1.003,0.774,2.756,0.085,track
2,133,0.005,-0.258,-0.165,0.132,-0.115,-1.521,0.375,0.278,0.2969,1.0,0.98,1.041,0.737,2.758,0.085,track
2,134,0.006,-0.258,-0.168,0.132,-0.115,-1.521,0.362,0.272,0.2979,1.0,0.981,1.081,0.728,2.79,0.067,track
2,135,0.007,-0.258,-0.171,0.132,-0.115,-1.521,0.348,0.273,0.2979,1.0,0.981,1.112,0.728,2.821,0.085,track
2,136,0.008,-0.257,-0.174,0.132,-0.115,-1.521,0.344,0.274,0.2969,1.0,0.981,1.12,0.737,2.838,0.1,track
2,137,0.01,-0.257,-0.177,0.132,-0.115,-1.521,0.34,0.272,0.2959,1.0,0.98,1.132,0.746,2.858,0.12,track
2,138,0.011,-0.257,-0.179,0.132,-0.115,-1.521,0.33,0.265,0.293,1.0,0.98,1.168,0.774,2.922,0.129,track
2,139,0.013,-0.257,-0.182,0.132,-0.115,-1.521,0.321,0.264,0.2949,1.0,0.98,1.19,0.756,2.925,0.128,track
2,140,0.014,-0.257,-0.185,0.132,-0.115,-1.521,0.307,0.253,0.291,1.0,0.98,1.245,0.792,3.016,0.135,track
2,141,0.016,-0.257,-0.188,0.132,-0.115,-1.521,0.302,0.247,0.29,1.0,0.979,1.268,0.8,3.048,0.114,track
2,142,0.017,-0.258,-0.192,0.132,-0.115,-1.521,0.299,0.238,0.2842,1.0,0.979,1.291,0.85,3.121,0.153,track
2,143,0.019,-0.258,-0.195,0.132,-0.115,-1.521,0.29,0.225,0.2783,1.0,0.979,1.334,0.895,3.208,0.162,track
2,144,0.021,-0.258,-0.198,0.132,-0.115,-1.521,0.287,0.212,0.2686,1.0,0.978,1.365,0.953,3.296,0.195,track
2,145,0.022,-0.259,-0.201,0.132,-0.115,-1.521,0.284,0.192,0.2646,1.0,0.977,1.404,0.971,3.352,0.224,track
2,146,0.024,-0.259,-0.205,0.132,-0.115,-1.521,0.279,0.172,0.2578,1.0,0.975,1.45,0.992,3.416,0.271,track
2,147,0.026,-0.26,-0.208,0.132,-0.115,-1.521,0.276,0.154,0.2402,1.0,0.975,1.482,0.997,3.454,0.313,track
2,148,0.028,-0.261,-0.211,0.132,-0.115,-1.521,0.274,0.124,0.2344,1.0,0.974,1.526,0.992,3.491,0.285,track
2,149,0.03,-0.261,-0.214,0.132,-0.115,-1.521,0.273,0.11,0.2266,1.0,0.972,1.543,0.981,3.496,0.32,track
2,150,0.032,-0.262,-0.218,0.132,-0.115,-1.521,0.271,0.069,0.2197,1.0,0.974,1.582,0.969,3.525,0.293,track
2,151,0.034,-0.263,-0.221,0.132,-0.115,-1.521,0.269,0.056,0.2188,1.0,0.968,1.595,0.967,3.53,0.313,track
2,152,0.035,-0.264,-0.224,0.132,-0.115,-1.521,0.257,0.013,0.2119,1.0,0.978,1.639,0.951,3.568,0.357,track
2,153,0.037,-0.265,-0.226,0.132,-0.115,-1.521,0.257,0.001,0.21,1.0,0.966,1.641,0.946,3.553,0.377,track
2,154,0.039,-0.266,-0.229,0.132,-0.115,-1.521,0.248,-0.039,0.2002,1.0,0.98,1.655,0.917,3.553,0.447,track
2,155,0.041,-0.267,-0.232,0.132,-0.115,-1.521,0.251,-0.056,0.2002,1.0,0.967,1.641,0.917,3.526,0.386,track
2,156,0.043,-0.268,-0.234,0.132,-0.115,-1.521,0.241,-0.09,0.1934,1.0,0.98,1.639,0.895,3.514,0.481,track
2,157,0.045,-0.269,-0.236,0.132,-0.115,-1.521,0.246,-0.113,0.1934,1.0,0.972,1.605,0.895,3.471,0.322,track
2,158,0.047,-0.27,-0.238,0.132,-0.115,-1.521,0.236,-0.135,0.1885,1.0,0.98,1.602,0.877,3.458,0.413,track
2,159,0.049,-0.272,-0.239,0.132,-0.115,-1.521,0.235,-0.164,0.1836,1.0,0.977,1.562,0.858,3.397,0.235,track
2,160,0.051,-0.273,-0.241,0.132,-0.115,-1.521,0.241,-0.186,0.1855,1.0,0.979,1.516,0.866,3.361,0.337,track
2,161,0.053,-0.274,-0.242,0.132,-0.115,-1.521,0.229,-0.21,0.1807,1.0,0.978,1.497,0.846,3.321,0.288,track
2,162,0.055,-0.275,-0.243,0.132,-0.115,-1.521,0.241,-0.232,0.1807,1.0,0.978,1.429,0.846,3.254,0.307,track
2,163,0.057,-0.277,-0.243,0.132,-0.115,-1.521,0.237,-0.237,0.1777,1.0,0.977,1.427,0.834,3.238,0.286,track
2,164,0.059,-0.278,-0.243,0.132,-0.115,-1.521,0.247,-0.259,0.1709,1.0,0.982,1.362,0.805,3.149,0.254,track
2,165,0.061,-0.279,-0.243,0.132,-0.115,-1.521,0.249,-0.248,0.1709,1.0,0.98,1.38,0.805,3.165,0.277,track
2,166,0.062,-0.28,-0.243,0.132,-0.115,-1.521,0.26,-0.252,0.1709,1.0,0.983,1.349,0.805,3.137,0.219,track
2,167,0.064,-0.282,-0.243,0.132,-0.115,-1.521,0.272,-0.254,0.167,1.0,0.981,1.32,0.787,3.089,0.31,track
2,168,0.066,-0.283,-0.243,0.132,-0.115,-1.521,0.28,-0.251,0.166,1.0,0.985,1.307,0.783,3.075,0.239,track
2,169,0.067,-0.284,-0.242,0.132,-0.115,-1.521,0.277,-0.258,0.1689,1.0,0.985,1.303,0.796,3.084,0.305,track
2,170,0.069,-0.285,-0.242,0.132,-0.115,-1.521,0.278,-0.247,0.166,1.0,0.988,1.321,0.783,3.092,0.217,track
2,171,0.071,-0.287,-0.242,0.132,-0.115,-1.521,0.292,-0.247,0.1709,1.0,0.989,1.29,0.805,3.083,0.22,track
2,172,0.072,-0.288,-0.242,0.132,-0.115,-1.521,0.305,-0.244,0.1709,1.0,0.989,1.266,0.805,3.06,0.175,track
2,173,0.074,-0.289,-0.241,0.132,-0.115,-1.521,0.31,-0.251,0.1729,1.0,0.989,1.24,0.813,3.043,0.159,track
2,174,0.076,-0.29,-0.241,0.132,-0.115,-1.521,0.316,-0.252,0.1719,1.0,0.99,1.226,0.809,3.026,0.164,track
2,175,0.077,-0.292,-0.241,0.132,-0.115,-1.521,0.311,-0.246,0.1729,1.0,0.991,1.247,0.813,3.051,0.109,track
2,176,0.079,-0.293,-0.241,0.132,-0.115,-1.521,0.314,-0.244,0.1719,1.0,0.991,1.245,0.809,3.045,0.146,track
2,177,0.08,-0.294,-0.24,0.132,-0.115,-1.521,0.318,-0.247,0.1729,1.0,0.991,1.23,0.813,3.034,0.106,track
2,178,0.082,-0.295,-0.24,0.132,-0.115,-1.521,0.328,-0.257,0.1699,1.0,0.991,1.188,0.8,2.979,0.139,track
2,179,0.083,-0.296,-0.24,0.132,-0.115,-1.521,0.331,-0.269,0.167,1.0,0.992,1.16,0.787,2.939,0.093,track
2,180,0.085,-0.297,-0.24,0.132,-0.115,-1.521,0.322,-0.267,0.1641,1.0,0.991,1.184,0.774,2.949,0.085,track
2,181,0.086,-0.298,-0.239,0.132,-0.115,-1.521,0.323,-0.272,0.1631,1.0,0.992,1.172,0.769,2.933,0.11,track
2,182,0.088,-0.299,-0.239,0.132,-0.115,-1.521,0.319,-0.274,0.166,1.0,0.992,1.175,0.783,2.95,0.105,track
2,183,0.089,-0.3,-0.239,0.132,-0.115,-1.521,0.322,-0.261,0.168,1.0,0.992,1.195,0.792,2.979,0.082,track
2,184,0.091,-0.302,-0.238,0.132,-0.115,-1.521,0.317,-0.264,0.167,1.0,0.992,1.2,0.787,2.98,0.12,track
2,185,0.092,-0.303,-0.238,0.132,-0.115,-1.521,0.316,-0.268,0.168,1.0,0.992,1.194,0.792,2.978,0.096,track
2,186,0.094,-0.304,-0.238,0.132,-0.115,-1.521,0.316,-0.268,0.168,1.0,0.993,1.194,0.792,2.978,0.081,track
2,187,0.095,-0.305,-0.237,0.132,-0.115,-1.521,0.315,-0.268,0.168,1.0,0.993,1.197,0.792,2.981,0.076,track
2,188,0.096,-0.306,-0.237,0.132,-0.115,-1.521,0.321,-0.269,0.1709,1.0,0.993,1.181,0.805,2.978,0.084,track
2,189,0.098,-0.307,-0.237,0.132,-0.115,-1.521,0.32,-0.272,0.1699,1.0,0.993,1.178,0.8,2.972,0.064,track
2,190,0.099,-0.308,-0.236,0.132,-0.115,-1.521,0.323,-0.274,0.168,1.0,0.993,1.166,0.792,2.951,0.069,track
2,191,0.101,-0.308,-0.236,0.132,-0.115,-1.521,0.321,-0.267,0.1689,1.0,0.993,1.184,0.796,2.974,0.068,track
2,192,0.102,-0.309,-0.236,0.132,-0.115,-1.521,0.321,-0.273,0.1719,1.0,0.993,1.174,0.809,2.977,0.083,track
2,193,0.103,-0.31,-0.235,0.132,-0.115,-1.521,0.323,-0.275,0.1709,1.0,0.994,1.165,0.805,2.964,0.112,track
2,194,0.104,-0.311,-0.235,0.132,-0.115,-1.521,0.325,-0.284,0.1709,1.0,0.994,1.145,0.805,2.943,0.071,track
2,195,0.106,-0.312,-0.235,0.132,-0.115,-1.521,0.327,-0.281,0.1709,1.0,0.993,1.145,0.805,2.944,0.095,track
2,196,0.107,-0.313,-0.235,0.132,-0.115,-1.521,0.33,-0.285,0.1709,1.0,0.994,1.131,0.805,2.93,0.106,track
2,197,0.108,-0.314,-0.234,0.132,-0.115,-1.521,0.33,-0.282,0.1709,1.0,0.994,1.138,0.805,2.936,0.092,track
2,198,0.11,-0.315,-0.234,0.132,-0.115,-1.521,0.328,-0.276,0.1719,1.0,0.994,1.154,0.809,2.957,0.104,track
2,199,0.111,-0.316,-0.234,0.132,-0.115,-1.521,0.328,-0.276,0.1719,1.0,0.994,1.154,0.809,2.957,0.087,track
2,200,0.112,-0.317,-0.233,0.132,-0.115,-1.521,0.325,-0.282,0.1748,1.0,0.994,1.147,0.822,2.963,0.069,track
2,201,0.113,-0.317,-0.233,0.132,-0.115,-1.521,0.326,-0.284,0.1748,1.0,0.994,1.141,0.822,2.957,0.157,track
2,202,0.114,-0.318,-0.233,0.132,-0.115,-1.521,0.329,-0.289,0.1738,1.0,0.994,1.126,0.818,2.937,0.114,track
2,203,0.116,-0.319,-0.233,0.132,-0.115,-1.521,0.328,-0.285,0.1709,1.0,0.994,1.136,0.805,2.935,0.11,track
2,204,0.117,-0.32,-0.232,0.132,-0.115,-1.521,0.33,-0.284,0.1719,1.0,0.994,1.133,0.809,2.936,0.147,track
2,205,0.118,-0.321,-0.232,0.132,-0.115,-1.521,0.33,-0.287,0.1729,1.0,0.995,1.126,0.813,2.934,0.132,track
2,206,0.119,-0.321,-0.232,0.132,-0.115,-1.521,0.331,-0.287,0.1729,1.0,0.994,1.125,0.813,2.933,0.115,track
2,207,0.12,-0.322,-0.232,0.132,-0.115,-1.521,0.332,-0.289,0.1729,1.0,0.995,1.119,0.813,2.927,0.119,track
2,208,0.121,-0.323,-0.231,0.132,-0.115,-1.521,0.333,-0.291,0.1729,1.0,0.995,1.114,0.813,2.922,0.117,track
2,209,0.122,-0.324,-0.231,0.132,-0.115,-1.521,0.333,-0.291,0.1729,1.0,0.995,1.114,0.813,2.922,0.123,track
2,210,0.123,-0.325,-0.231,0.132,-0.115,-1.521,0.333,-0.289,0.1738,1.0,0.995,1.117,0.818,2.93,0.127,track
2,211,0.124,-0.325,-0.23,0.132,-0.115,-1.521,0.333,-0.291,0.1768,1.0,0.995,1.111,0.83,2.936,0.129,track
2,212,0.125,-0.326,-0.23,0.132,-0.115,-1.521,0.335,-0.296,0.1768,1.0,0.995,1.098,0.83,2.923,0.111,track
2,213,0.126,-0.327,-0.23,0.132,-0.115,-1.521,0.334,-0.288,0.1758,1.0,0.995,1.116,0.826,2.937,0.127,track
2,214,0.127,-0.327,-0.23,0.132,-0.115,-1.521,0.336,-0.289,0.1777,1.0,0.995,1.11,0.834,2.939,0.165,track
2,215,0.128,-0.328,-0.229,0.132,-0.115,-1.521,0.334,-0.291,0.1768,1.0,0.995,1.111,0.83,2.936,0.174,track
2,216,0.129,-0.329,-0.229,0.132,-0.115,-1.521,0.336,-0.293,0.1758,1.0,0.995,1.102,0.826,2.923,0.186,track
2,217,0.13,-0.33,-0.229,0.132,-0.115,-1.521,0.337,-0.291,0.1768,1.0,0.995,1.102,0.83,2.927,0.193,track
2,218,0.131,-0.33,-0.229,0.132,-0.115,-1.521,0.336,-0.292,0.1777,1.0,0.995,1.103,0.834,2.932,0.192,track
2,219,0.132,-0.331,-0.229,0.132,-0.115,-1.521,0.335,-0.296,0.1768,1.0,0.995,1.099,0.83,2.925,0.2,track
2,220,0.133,-0.332,-0.228,0.132,-0.115,-1.521,0.334,-0.299,0.1758,1.0,0.995,1.093,0.826,2.914,0.197,track
2,221,0.134,-0.332,-0.228,0.132,-0.115,-1.521,0.334,-0.299,0.1758,1.0,0.995,1.093,0.826,2.914,0.201,track
2,222,0.135,-0.333,-0.228,0.132,-0.115,-1.521,0.334,-0.299,0.1777,1.0,0.995,1.095,0.834,2.925,0.191,track
2,223,0.136,-0.334,-0.228,0.132,-0.115,-1.521,0.337,-0.303,0.1758,1.0,0.996,1.08,0.826,2.902,0.192,track
2,224,0.137,-0.334,-0.228,0.132,-0.115,-1.521,0.339,-0.305,0.1777,1.0,0.995,1.071,0.834,2.901,0.195,track
2,225,0.137,-0.335,-0.227,0.132,-0.115,-1.521,0.338,-0.306,0.1787,1.0,0.996,1.071,0.838,2.905,0.199,track
2,226,0.138,-0.336,-0.227,0.132,-0.115,-1.521,0.337,-0.306,0.1816,1.0,0.996,1.075,0.85,2.92,0.171,track
2,227,0.139,-0.336,-0.227,0.132,-0.115,-1.521,0.344,-0.313,0.1836,1.0,0.996,1.045,0.858,2.899,0.172,track
2,228,0.14,-0.337,-0.227,0.132,-0.115,-1.521,0.347,-0.313,0.1826,1.0,0.996,1.039,0.854,2.889,0.123,track
2,229,0.141,-0.338,-0.226,0.132,-0.115,-1.521,0.348,-0.312,0.1807,1.0,0.996,1.04,0.846,2.882,0.077,track
2,230,0.141,-0.338,-0.226,0.132,-0.115,-1.521,0.349,-0.31,0.1777,1.0,0.996,1.042,0.834,2.872,0.102,track
2,231,0.142,-0.339,-0.226,0.132,-0.115,-1.521,0.352,-0.314,0.1826,1.0,0.996,1.025,0.854,2.875,0.048,track
2,232,0.143,-0.339,-0.225,0.132,-0.115,-1.521,0.359,-0.31,0.1807,1.0,0.996,1.018,0.846,2.86,0.067,track
2,233,0.144,-0.34,-0.225,0.132,-0.115,-1.521,0.354,-0.309,0.1787,1.0,0.996,1.03,0.838,2.864,0.058,track
2,234,0.144,-0.341,-0.225,0.132,-0.115,-1.521,0.36,-0.319,0.1807,1.0,0.996,1.0,0.846,2.842,0.061,track
2,235,0.145,-0.341,-0.225,0.132,-0.115,-1.521,0.361,-0.315,0.1836,1.0,0.996,1.005,0.858,2.859,0.074,track
2,236,0.146,-0.342,-0.224,0.132,-0.115,-1.521,0.36,-0.305,0.1807,1.0,0.996,1.025,0.846,2.868,0.029,track
2,237,0.146,-0.342,-0.224,0.132,-0.115,-1.521,0.364,-0.309,0.1826,1.0,0.996,1.008,0.854,2.858,0.116,track
2,238,0.147,-0.343,-0.224,0.132,-0.115,-1.521,0.369,-0.312,0.1855,1.0,0.996,0.993,0.866,2.855,0.116,track
2,239,0.148,-0.344,-0.224,0.132,-0.115,-1.521,0.367,-0.309,0.1855,1.0,0.997,1.004,0.866,2.866,0.038,track
2,240,0.148,-0.344,-0.224,0.132,-0.115,-1.521,0.369,-0.308,0.1846,1.0,0.997,1.0,0.862,2.859,0.04,track
2,241,0.149,-0.345,-0.223,0.132,-0.115,-1.521,0.37,-0.309,0.1865,1.0,0.997,0.997,0.869,2.863,0.051,track
2,242,0.149,-0.345,-0.223,0.132,-0.115,-1.521,0.375,-0.305,0.1846,1.0,0.997,0.993,0.862,2.851,0.068,track
2,243,0.15,-0.346,-0.223,0.132,-0.115,-1.521,0.374,-0.306,0.1855,1.0,0.997,0.994,0.866,2.856,0.077,track
2,244,0.151,-0.346,-0.223,0.132,-0.115,-1.521,0.377,-0.309,0.1865,1.0,0.997,0.981,0.869,2.847,0.088,track
2,245,0.151,-0.347,-0.223,0.132,-0.115,-1.521,0.375,-0.307,0.1855,1.0,0.997,0.989,0.866,2.852,0.034,track
2,246,0.152,-0.347,-0.223,0.132,-0.115,-1.521,0.373,-0.313,0.1885,1.0,0.997,0.982,0.877,2.855,0.046,track
2,247,0.152,-0.348,-0.223,0.132,-0.115,-1.521,0.375,-0.315,0.1875,1.0,0.997,0.974,0.873,2.844,0.078,track
2,248,0.153,-0.349,-0.223,0.132,-0.115,-1.521,0.375,-0.318,0.1885,1.0,0.997,0.969,0.877,2.843,0.039,track
2,249,0.153,-0.349,-0.222,0.132,-0.115,-1.521,0.376,-0.317,0.1885,1.0,0.997,0.967,0.877,2.84,0.036,track
2,250,0.154,-0.35,-0.222,0.132,-0.115,-1.521,0.378,-0.32,0.1885,1.0,0.997,0.959,0.877,2.833,0.039,track
2,251,0.154,-0.35,-0.222,0.132,-0.115,-1.521,0.38,-0.316,0.1924,1.0,0.997,0.96,0.891,2.848,0.025,track
2,252,0.155,-0.351,-0.222,0.132,-0.115,-1.521,0.384,-0.317,0.1934,1.0,0.997,0.95,0.895,2.842,0.039,track
2,253,0.155,-0.351,-0.222,0.132,-0.115,-1.521,0.388,-0.314,0.1953,1.0,0.997,0.947,0.901,2.845,0.03,track
2,254,0.156,-0.352,-0.222,0.132,-0.115,-1.521,0.388,-0.311,0.1934,1.0,0.997,0.953,0.895,2.844,0.052,track
2,255,0.156,-0.352,-0.222,0.132,-0.115,-1.521,0.386,-0.315,0.1934,1.0,0.997,0.95,0.895,2.841,0.069,track
2,256,0.157,-0.353,-0.222,0.132,-0.115,-1.521,0.384,-0.314,0.1924,1.0,0.997,0.955,0.891,2.843,0.101,track
2,257,0.157,-0.353,-0.222,0.132,-0.115,-1.521,0.384,-0.314,0.1924,1.0,0.997,0.955,0.891,2.843,0.058,track
2,258,0.157,-0.354,-0.222,0.132,-0.115,-1.521,0.384,-0.314,0.1924,1.0,0.997,0.955,0.891,2.843,0.062,track
2,259,0.158,-0.354,-0.222,0.132,-0.115,-1.521,0.384,-0.314,0.1924,1.0,0.997,0.955,0.891,2.843,0.06,track
2,260,0.158,-0.355,-0.222,0.132,-0.115,-1.521,0.384,-0.311,0.1934,1.0,0.997,0.961,0.895,2.853,0.064,track
2,261,0.159,-0.355,-0.222,0.132,-0.115,-1.521,0.384,-0.311,0.1934,1.0,0.998,0.961,0.895,2.853,0.072,track
2,262,0.159,-0.356,-0.222,0.132,-0.115,-1.521,0.389,-0.308,0.1953,1.0,0.998,0.955,0.901,2.854,0.074,track
2,263,0.159,-0.356,-0.222,0.132,-0.115,-1.521,0.389,-0.311,0.1963,1.0,0.998,0.95,0.905,2.853,0.076,track
2,264,0.16,-0.357,-0.222,0.132,-0.115,-1.521,0.389,-0.311,0.1963,1.0,0.998,0.95,0.905,2.853,0.07,track
2,265,0.16,-0.357,-0.222,0.132,-0.115,-1.521,0.389,-0.311,0.1963,1.0,0.998,0.95,0.905,2.853,0.068,track
2,266,0.16,-0.358,-0.222,0.132,-0.115,-1.521,0.389,-0.311,0.1963,1.0,0.998,0.95,0.905,2.853,0.066,track
2,267,0.161,-0.358,-0.222,0.132,-0.115,-1.521,0.39,-0.311,0.1943,1.0,0.998,0.947,0.898,2.843,0.063,track
2,268,0.161,-0.359,-0.222,0.132,-0.115,-1.521,0.39,-0.311,0.1943,1.0,0.998,0.947,0.898,2.843,0.063,track
2,269,0.161,-0.359,-0.222,0.132,-0.115,-1.521,0.391,-0.314,0.1953,1.0,0.998,0.941,0.901,2.84,0.061,track
2,270,0.162,-0.36,-0.223,0.132,-0.115,-1.521,0.391,-0.314,0.1953,1.0,0.998,0.941,0.901,2.84,0.049,track
2,271,0.162,-0.36,-0.223,0.132,-0.115,-1.521,0.394,-0.316,0.1963,1.0,0.998,0.931,0.905,2.834,0.048,track
2,272,0.162,-0.361,-0.223,0.132,-0.115,-1.521,0.39,-0.312,0.1943,1.0,0.998,0.947,0.898,2.843,0.04,track
2,273,0.162,-0.361,-0.223,0.132,-0.115,-1.521,0.39,-0.312,0.1943,1.0,0.998,0.947,0.898,2.843,0.056,track
2,274,0.163,-0.362,-0.223,0.132,-0.115,-1.521,0.392,-0.307,0.1943,1.0,0.998,0.951,0.898,2.847,0.051,track
2,275,0.163,-0.362,-0.223,0.132,-0.115,-1.521,0.392,-0.301,0.1904,1.0,0.998,0.96,0.884,2.842,0.06,track
2,276,0.163,-0.363,-0.223,0.132,-0.115,-1.521,0.398,-0.303,0.1924,1.0,0.998,0.945,0.891,2.834,0.075,track
2,277,0.163,-0.363,-0.223,0.132,-0.115,-1.521,0.399,-0.3,0.1924,1.0,0.998,0.945,0.891,2.835,0.096,track
2,278,0.164,-0.364,-0.223,0.132,-0.115,-1.521,0.397,-0.3,0.1914,1.0,0.998,0.952,0.888,2.838,0.084,track
2,279,0.164,-0.364,-0.223,0.132,-0.115,-1.521,0.397,-0.301,0.1904,1.0,0.998,0.95,0.884,2.832,0.083,track
2,280,0.164,-0.365,-0.223,0.132,-0.115,-1.521,0.398,-0.298,0.1914,1.0,0.998,0.954,0.888,2.84,0.103,track
2,281,0.164,-0.365,-0.223,0.132,-0.115,-1.521,0.398,-0.298,0.1914,1.0,0.998,0.954,0.888,2.84,0.124,track
2,282,0.164,-0.366,-0.223,0.132,-0.115,-1.521,0.398,-0.298,0.1914,1.0,0.998,0.954,0.888,2.84,0.142,track
2,283,0.164,-0.366,-0.223,0.132,-0.115,-1.521,0.4,-0.299,0.1904,1.0,0.998,0.947,0.884,2.83,0.175,track
2,284,0.165,-0.367,-0.223,0.132,-0.115,-1.521,0.402,-0.302,0.1934,1.0,0.998,0.938,0.895,2.831,0.202,track
2,285,0.165,-0.367,-0.223,0.132,-0.115,-1.521,0.402,-0.303,0.1934,1.0,0.998,0.935,0.895,2.827,0.265,track
2,286,0.165,-0.368,-0.223,0.132,-0.115,-1.521,0.404,-0.301,0.1953,1.0,0.998,0.933,0.901,2.832,0.286,track
2,287,0.165,-0.369,-0.223,0.132,-0.115,-1.521,0.406,-0.301,0.1924,1.0,0.998,0.929,0.891,2.818,0.312,track
2,288,0.165,-0.369,-0.223,0.132,-0.115,-1.521,0.408,-0.3,0.1914,1.0,0.997,0.926,0.888,2.811,0.357,track
2,289,0.165,-0.37,-0.223,0.132,-0.115,-1.521,0.41,-0.301,0.1904,1.0,0.998,0.921,0.884,2.803,0.353,track
2,290,0.165,-0.37,-0.223,0.132,-0.115,-1.521,0.406,-0.303,0.1914,1.0,0.997,0.925,0.888,2.81,0.361,track
2,291,0.165,-0.371,-0.224,0.132,-0.115,-1.521,0.412,-0.302,0.1943,1.0,0.997,0.915,0.898,2.811,0.388,track
2,292,0.165,-0.371,-0.224,0.132,-0.115,-1.521,0.414,-0.305,0.1943,1.0,0.998,0.905,0.898,2.8,0.368,track
2,293,0.165,-0.372,-0.224,0.132,-0.115,-1.521,0.419,-0.304,0.1914,1.0,0.998,0.895,0.888,2.781,0.355,track
2,294,0.165,-0.372,-0.224,0.132,-0.115,-1.521,0.419,-0.302,0.1934,1.0,0.997,0.898,0.895,2.79,0.371,track
2,295,0.166,-0.373,-0.224,0.132,-0.115,-1.521,0.421,-0.299,0.1924,1.0,0.998,0.897,0.891,2.786,0.363,track
2,296,0.166,-0.373,-0.223,0.132,-0.115,-1.521,0.424,-0.296,0.1943,1.0,0.998,0.897,0.898,2.793,0.362,track
2,297,0.166,-0.374,-0.223,0.132,-0.115,-1.521,0.424,-0.296,0.1943,1.0,0.998,0.897,0.898,2.793,0.339,track
2,298,0.166,-0.374,-0.223,0.132,-0.115,-1.521,0.422,-0.301,0.1934,1.0,0.998,0.894,0.895,2.787,0.323,track
2,299,0.166,-0.375,-0.223,0.132,-0.115,-1.521,0.422,-0.297,0.1943,1.0,0.998,0.898,0.898,2.794,0.323,track
2,300,0.166,-0.376,-0.224,0.132,-0.115,-1.521,0.422,-0.297,0.1943,1.0,0.998,0.898,0.898,2.794,0.301,track
2,301,0.166,-0.376,-0.224,0.132,-0.115,-1.521,0.422,-0.297,0.1943,1.0,0.998,0.898,0.898,2.794,0.292,track
2,302,0.165,-0.377,-0.224,0.132,-0.115,-1.521,0.422,-0.297,0.1943,1.0,0.998,0.898,0.898,2.794,0.291,track
2,303,0.165,-0.377,-0.224,0.132,-0.115,-1.521,0.418,-0.296,0.1924,1.0,0.998,0.909,0.891,2.799,0.289,track
2,304,0.165,-0.378,-0.224,0.132,-0.115,-1.521,0.418,-0.296,0.1924,1.0,0.998,0.909,0.891,2.799,0.301,track
2,305,0.165,-0.378,-0.224,0.132,-0.115,-1.521,0.419,-0.295,0.1924,1.0,0.998,0.908,0.891,2.798,0.303,track
2,306,0.165,-0.379,-0.224,0.132,-0.115,-1.521,0.424,-0.298,0.1934,1.0,0.998,0.894,0.895,2.787,0.303,track
2,307,0.165,-0.38,-0.224,0.132,-0.115,-1.521,0.423,-0.298,0.1914,1.0,0.998,0.894,0.888,2.781,0.309,track
2,308,0.165,-0.38,-0.224,0.132,-0.115,-1.521,0.423,-0.298,0.1914,1.0,0.998,0.894,0.888,2.78,0.311,track
2,309,0.165,-0.381,-0.224,0.132,-0.115,-1.521,0.423,-0.298,0.1914,1.0,0.998,0.894,0.888,2.78,0.314,track
2,310,0.165,-0.381,-0.224,0.132,-0.115,-1.521,0.423,-0.3,0.1904,1.0,0.998,0.893,0.884,2.775,0.308,track
2,311,0.165,-0.382,-0.224,0.132,-0.115,-1.521,0.424,-0.299,0.1885,1.0,0.998,0.893,0.877,2.768,0.309,track
2,312,0.165,-0.382,-0.224,0.132,-0.115,-1.521,0.424,-0.299,0.1885,1.0,0.998,0.893,0.877,2.768,0.32,track
2,313,0.165,-0.383,-0.225,0.132,-0.115,-1.521,0.424,-0.299,0.1885,1.0,0.998,0.893,0.877,2.768,0.333,track
2,314,0.164,-0.384,-0.225,0.132,-0.115,-1.521,0.422,-0.29,0.1885,1.0,0.998,0.911,0.877,2.786,0.334,track
2,315,0.164,-0.384,-0.225,0.132,-0.115,-1.521,0.426,-0.285,0.1885,1.0,0.998,0.909,0.877,2.784,0.303,track
2,316,0.164,-0.385,-0.225,0.132,-0.115,-1.521,0.423,-0.288,0.1895,1.0,0.998,0.911,0.88,2.79,0.317,track
2,317,0.164,-0.385,-0.225,0.132,-0.115,-1.521,0.423,-0.288,0.1895,1.0,0.998,0.911,0.88,2.79,0.313,track
2,318,0.164,-0.386,-0.225,0.132,-0.115,-1.521,0.426,-0.288,0.1885,1.0,0.998,0.904,0.877,2.78,0.291,track
2,319,0.164,-0.387,-0.225,0.132,-0.115,-1.521,0.426,-0.288,0.1885,1.0,0.999,0.904,0.877,2.78,0.284,track
2,320,0.163,-0.387,-0.225,0.132,-0.115,-1.521,0.426,-0.289,0.1865,1.0,0.998,0.904,0.869,2.772,0.273,track
2,321,0.163,-0.388,-0.225,0.132,-0.115,-1.521,0.426,-0.289,0.1865,1.0,0.999,0.904,0.869,2.773,0.277,track
2,322,0.163,-0.388,-0.226,0.132,-0.115,-1.521,0.423,-0.288,0.1855,1.0,0.998,0.911,0.866,2.775,0.274,track
2,323,0.163,-0.389,-0.226,0.132,-0.115,-1.521,0.422,-0.285,0.1846,1.0,0.999,0.919,0.862,2.779,0.292,track
2,324,0.163,-0.39,-0.226,0.132,-0.115,-1.521,0.423,-0.282,0.1855,1.0,0.998,0.921,0.866,2.785,0.312,track
2,325,0.162,-0.39,-0.226,0.132,-0.115,-1.521,0.423,-0.281,0.1846,1.0,0.998,0.923,0.862,2.783,0.303,track
2,326,0.162,-0.391,-0.226,0.132,-0.115,-1.521,0.421,-0.28,0.1865,1.0,0.998,0.929,0.869,2.796,0.308,track
2,327,0.162,-0.392,-0.226,0.132,-0.115,-1.521,0.425,-0.273,0.1855,1.0,0.998,0.93,0.866,2.794,0.323,track
2,328,0.162,-0.392,-0.227,0.132,-0.115,-1.521,0.423,-0.275,0.1855,1.0,0.998,0.932,0.866,2.796,0.332,track
2,329,0.161,-0.393,-0.227,0.132,-0.115,-1.521,0.426,-0.28,0.1865,1.0,0.999,0.917,0.869,2.785,0.313,track
2,330,0.161,-0.394,-0.227,0.132,-0.115,-1.521,0.422,-0.282,0.1846,1.0,0.998,0.924,0.862,2.785,0.281,track
2,331,0.161,-0.394,-0.227,0.132,-0.115,-1.521,0.42,-0.282,0.1816,1.0,0.999,0.929,0.85,2.778,0.295,track
2,332,0.16,-0.395,-0.227,0.132,-0.115,-1.521,0.422,-0.278,0.1826,1.0,0.998,0.929,0.854,2.781,0.306,track
2,333,0.16,-0.396,-0.228,0.132,-0.115,-1.521,0.424,-0.279,0.1826,1.0,0.998,0.923,0.854,2.776,0.327,track
2,334,0.16,-0.396,-0.228,0.132,-0.115,-1.521,0.43,-0.282,0.1826,1.0,0.998,0.903,0.854,2.755,0.336,track
2,335,0.16,-0.397,-0.228,0.132,-0.115,-1.521,0.43,-0.278,0.1826,1.0,0.998,0.91,0.854,2.762,0.336,track
2,336,0.159,-0.398,-0.228,0.132,-0.115,-1.521,0.431,-0.27,0.1816,1.0,0.998,0.92,0.85,2.768,0.332,track
2,337,0.159,-0.398,-0.228,0.132,-0.115,-1.521,0.433,-0.266,0.1826,1.0,0.999,0.921,0.854,2.773,0.281,track
2,338,0.159,-0.399,-0.228,0.132,-0.115,-1.521,0.433,-0.264,0.1797,1.0,0.999,0.924,0.842,2.765,0.27,track
2,339,0.158,-0.4,-0.229,0.132,-0.115,-1.521,0.434,-0.268,0.1807,1.0,0.999,0.916,0.846,2.761,0.224,track
2,340,0.158,-0.4,-0.229,0.132,-0.115,-1.521,0.438,-0.27,0.1816,1.0,0.999,0.905,0.85,2.754,0.192,track
2,341,0.158,-0.401,-0.229,0.132,-0.115,-1.521,0.44,-0.268,0.1807,1.0,0.999,0.903,0.846,2.749,0.217,track
2,342,0.157,-0.402,-0.229,0.132,-0.115,-1.521,0.438,-0.27,0.1797,1.0,0.999,0.904,0.842,2.745,0.206,track
2,343,0.157,-0.403,-0.229,0.132,-0.115,-1.521,0.437,-0.27,0.1807,1.0,0.999,0.906,0.846,2.752,0.203,track
2,344,0.157,-0.403,-0.23,0.132,-0.115,-1.521,0.437,-0.27,0.1807,1.0,0.999,0.906,0.846,2.752,0.18,track
2,345,0.156,-0.404,-0.23,0.132,-0.115,-1.521,0.432,-0.268,0.1787,1.0,0.999,0.92,0.838,2.757,0.183,track
2,346,0.156,-0.405,-0.23,0.132,-0.115,-1.521,0.434,-0.27,0.1777,1.0,0.999,0.913,0.834,2.746,0.196,track
2,347,0.155,-0.406,-0.23,0.132,-0.115,-1.521,0.436,-0.267,0.1768,1.0,0.999,0.914,0.83,2.743,0.198,track
2,348,0.155,-0.406,-0.23,0.132,-0.115,-1.521,0.435,-0.265,0.1768,1.0,0.999,0.919,0.83,2.748,0.21,track
2,349,0.155,-0.407,-0.23,0.132,-0.115,-1.521,0.435,-0.265,0.1768,1.0,0.999,0.919,0.83,2.748,0.208,track
2,350,0.154,-0.408,-0.23,0.132,-0.115,-1.521,0.443,-0.258,0.1807,1.0,0.999,0.909,0.846,2.754,0.21,track
2,351,0.154,-0.409,-0.23,0.132,-0.115,-1.521,0.442,-0.258,0.1797,1.0,0.999,0.912,0.842,2.753,0.224,track
2,352,0.153,-0.409,-0.231,0.132,-0.115,-1.521,0.439,-0.257,0.1787,1.0,0.999,0.921,0.838,2.758,0.236,track
2,353,0.153,-0.41,-0.231,0.132,-0.115,-1.521,0.436,-0.258,0.1777,1.0,0.999,0.925,0.834,2.758,0.214,track
2,354,0.153,-0.411,-0.231,0.132,-0.115,-1.521,0.439,-0.254,0.1748,1.0,0.999,0.924,0.822,2.744,0.206,track
2,355,0.152,-0.412,-0.231,0.132,-0.115,-1.521,0.44,-0.251,0.1748,1.0,0.999,0.925,0.822,2.746,0.184,track
2,356,0.152,-0.413,-0.231,0.132,-0.115,-1.521,0.44,-0.253,0.1758,1.0,0.999,0.924,0.826,2.749,0.183,track
2,357,0.151,-0.413,-0.231,0.132,-0.115,-1.521,0.438,-0.257,0.1758,1.0,0.999,0.924,0.826,2.749,0.2,track
2,358,0.151,-0.414,-0.232,0.132,-0.115,-1.521,0.436,-0.251,0.1738,1.0,0.999,0.935,0.818,2.751,0.183,track
2,359,0.15,-0.415,-0.232,0.132,-0.115,-1.521,0.436,-0.25,0.1719,1.0,0.999,0.938,0.809,2.746,0.186,track
2,360,0.15,-0.416,-0.232,0.132,-0.115,-1.521,0.436,-0.246,0.1729,1.0,0.999,0.942,0.813,2.754,0.214,track
2,361,0.15,-0.417,-0.232,0.132,-0.115,-1.521,0.44,-0.249,0.1719,1.0,0.999,0.93,0.809,2.738,0.237,track
2,362,0.149,-0.417,-0.232,0.132,-0.115,-1.521,0.439,-0.251,0.1709,1.0,0.999,0.928,0.805,2.732,0.251,track
2,363,0.149,-0.418,-0.233,0.132,-0.115,-1.521,0.441,-0.254,0.1729,1.0,0.999,0.921,0.813,2.733,0.272,track
2,364,0.148,-0.419,-0.233,0.132,-0.115,-1.521,0.447,-0.247,0.1719,1.0,0.999,0.915,0.809,2.722,0.249,track
2,365,0.148,-0.42,-0.233,0.132,-0.115,-1.521,0.447,-0.248,0.1729,1.0,0.999,0.915,0.813,2.727,0.248,track
2,366,0.147,-0.421,-0.233,0.132,-0.115,-1.521,0.453,-0.241,0.1719,1.0,0.999,0.908,0.809,2.716,0.236,track
2,367,0.147,-0.422,-0.233,0.132,-0.115,-1.521,0.452,-0.231,0.1709,1.0,0.999,0.922,0.805,2.726,0.216,track
2,368,0.146,-0.423,-0.233,0.132,-0.115,-1.521,0.45,-0.237,0.1689,1.0,0.999,0.92,0.796,2.715,0.218,track
2,369,0.146,-0.424,-0.233,0.132,-0.115,-1.521,0.452,-0.236,0.1729,1.0,0.999,0.917,0.813,2.729,0.181,track
2,370,0.145,-0.424,-0.233,0.132,-0.115,-1.521,0.456,-0.235,0.1719,1.0,0.999,0.908,0.809,2.717,0.117,track
2,371,0.145,-0.425,-0.233,0.132,-0.115,-1.521,0.458,-0.238,0.1729,1.0,0.999,0.899,0.813,2.712,0.1,track
2,372,0.144,-0.426,-0.233,0.132,-0.115,-1.521,0.458,-0.239,0.1709,1.0,0.999,0.899,0.805,2.703,0.074,track
2,373,0.144,-0.427,-0.233,0.132,-0.115,-1.521,0.459,-0.239,0.1709,1.0,0.999,0.895,0.805,2.699,0.065,track
2,374,0.143,-0.428,-0.233,0.132,-0.115,-1.521,0.461,-0.239,0.1709,1.0,1.0,0.89,0.805,2.694,0.057,track
2,375,0.143,-0.429,-0.233,0.132,-0.115,-1.521,0.465,-0.24,0.1719,1.0,0.999,0.879,0.809,2.688,0.052,track
2,376,0.142,-0.43,-0.233,0.132,-0.115,-1.521,0.465,-0.23,0.1689,1.0,1.0,0.892,0.796,2.688,0.037,track
2,377,0.142,-0.431,-0.233,0.132,-0.115,-1.521,0.466,-0.228,0.1689,1.0,0.999,0.893,0.796,2.689,0.059,track
2,378,0.141,-0.432,-0.233,0.132,-0.115,-1.521,0.466,-0.227,0.1689,1.0,1.0,0.893,0.796,2.688,0.036,track
2,379,0.141,-0.433,-0.233,0.132,-0.115,-1.521,0.465,-0.225,0.1689,1.0,1.0,0.897,0.796,2.693,0.031,track
2,380,0.14,-0.434,-0.233,0.132,-0.115,-1.521,0.462,-0.228,0.166,1.0,1.0,0.901,0.783,2.684,0.022,track
2,381,0.14,-0.435,-0.233,0.132,-0.115,-1.521,0.463,-0.226,0.166,1.0,1.0,0.902,0.783,2.684,0.03,track
2,382,0.139,-0.436,-0.233,0.132,-0.115,-1.521,0.467,-0.218,0.166,1.0,1.0,0.901,0.783,2.684,0.027,track
2,383,0.138,-0.437,-0.233,0.132,-0.115,-1.521,0.468,-0.222,0.168,1.0,1.0,0.893,0.792,2.684,0.036,track
2,384,0.138,-0.438,-0.232,0.132,-0.115,-1.521,0.471,-0.218,0.167,1.0,1.0,0.892,0.787,2.679,0.047,track
2,385,0.137,-0.439,-0.232,0.132,-0.115,-1.521,0.468,-0.22,0.166,1.0,1.0,0.897,0.783,2.679,0.028,track
2,386,0.137,-0.44,-0.232,0.132,-0.115,-1.521,0.475,-0.216,0.165,1.0,1.0,0.883,0.778,2.661,0.028,track
2,387,0.136,-0.441,-0.232,0.132,-0.115,-1.521,0.476,-0.218,0.168,1.0,1.0,0.878,0.792,2.669,0.022,track
2,388,0.136,-0.442,-0.232,0.132,-0.115,-1.521,0.475,-0.213,0.167,1.0,1.0,0.887,0.787,2.674,0.021,track
2,389,0.135,-0.443,-0.232,0.132,-0.115,-1.521,0.477,-0.203,0.166,1.0,1.0,0.892,0.783,2.675,0.035,track
2,390,0.134,-0.444,-0.232,0.132,-0.115,-1.521,0.481,-0.204,0.1689,1.0,1.0,0.881,0.796,2.676,0.042,track
2,391,0.134,-0.445,-0.231,0.132,-0.115,-1.521,0.489,-0.194,0.1729,1.0,1.0,0.872,0.813,2.685,0.043,track
2,392,0.133,-0.446,-0.231,0.132,-0.115,-1.521,0.489,-0.19,0.1719,1.0,0.999,0.875,0.809,2.684,0.059,track
2,393,0.133,-0.447,-0.231,0.132,-0.115,-1.521,0.489,-0.181,0.1699,1.0,1.0,0.884,0.8,2.684,0.062,track
2,394,0.132,-0.448,-0.231,0.132,-0.115,-1.521,0.493,-0.179,0.168,1.0,1.0,0.877,0.792,2.668,0.048,track
2,395,0.132,-0.449,-0.231,0.132,-0.115,-1.521,0.492,-0.175,0.1689,1.0,1.0,0.882,0.796,2.677,0.063,track
2,396,0.131,-0.45,-0.231,0.132,-0.115,-1.521,0.502,-0.179,0.166,1.0,1.0,0.853,0.783,2.636,0.062,track
2,397,0.13,-0.451,-0.231,0.132,-0.115,-1.521,0.502,-0.175,0.165,1.0,1.0,0.857,0.778,2.635,0.1,track
2,398,0.13,-0.452,-0.231,0.132,-0.115,-1.521,0.5,-0.172,0.165,1.0,1.0,0.865,0.778,2.644,0.098,track
2,399,0.129,-0.453,-0.231,0.132,-0.115,-1.521,0.503,-0.168,0.1641,1.0,1.0,0.861,0.774,2.635,0.07,track
2,400,0.129,-0.454,-0.231,0.132,-0.115,-1.521,0.504,-0.171,0.165,1.0,1.0,0.855,0.778,2.633,0.053,track
2,401,0.128,-0.455,-0.231,0.132,-0.115,-1.521,0.505,-0.174,0.167,1.0,1.0,0.851,0.787,2.638,0.053,track
2,402,0.127,-0.456,-0.231,0.132,-0.115,-1.521,0.505,-0.174,0.167,1.0,1.0,0.851,0.787,2.638,0.055,track
2,403,0.127,-0.457,-0.23,0.132,-0.115,-1.521,0.502,-0.177,0.167,1.0,1.0,0.854,0.787,2.641,0.035,track
2,404,0.126,-0.459,-0.23,0.132,-0.115,-1.521,0.504,-0.178,0.1689,1.0,1.0,0.848,0.796,2.644,0.026,track
2,405,0.126,-0.46,-0.23,0.132,-0.115,-1.521,0.504,-0.178,0.1689,1.0,1.0,0.848,0.796,2.644,0.014,track
2,406,0.125,-0.461,-0.23,0.132,-0.115,-1.521,0.508,-0.166,0.165,1.0,1.0,0.85,0.778,2.628,0.016,track
2,407,0.124,-0.462,-0.23,0.132,-0.115,-1.521,0.508,-0.166,0.167,1.0,1.0,0.85,0.787,2.637,0.065,track
2,408,0.124,-0.463,-0.229,0.132,-0.115,-1.521,0.514,-0.164,0.168,1.0,1.0,0.836,0.792,2.628,0.037,track
2,409,0.123,-0.464,-0.229,0.132,-0.115,-1.521,0.515,-0.162,0.1689,1.0,1.0,0.835,0.796,2.631,0.023,track
2,410,0.123,-0.465,-0.229,0.132,-0.115,-1.521,0.521,-0.167,0.1699,1.0,1.0,0.815,0.8,2.615,0.027,track
2,411,0.122,-0.466,-0.229,0.132,-0.115,-1.521,0.523,-0.168,0.168,1.0,1.0,0.81,0.792,2.601,0.042,track
2,412,0.121,-0.467,-0.228,0.132,-0.115,-1.521,0.522,-0.16,0.1689,1.0,1.0,0.816,0.796,2.612,0.036,track
2,413,0.121,-0.468,-0.228,0.132,-0.115,-1.521,0.526,-0.162,0.167,1.0,1.0,0.806,0.787,2.593,0.049,track
2,414,0.12,-0.47,-0.228,0.132,-0.115,-1.521,0.525,-0.162,0.168,1.0,1.0,0.807,0.792,2.599,0.049,track
2,415,0.12,-0.471,-0.228,0.132,-0.115,-1.521,0.524,-0.162,0.1689,1.0,1.0,0.812,0.796,2.608,0.036,track
2,416,0.119,-0.472,-0.227,0.132,-0.115,-1.521,0.528,-0.156,0.166,1.0,1.0,0.805,0.783,2.588,0.027,track
2,417,0.118,-0.473,-0.227,0.132,-0.115,-1.521,0.531,-0.155,0.1689,1.0,1.0,0.799,0.796,2.595,0.031,track
2,418,0.118,-0.474,-0.227,0.132,-0.115,-1.521,0.533,-0.15,0.168,1.0,1.0,0.796,0.792,2.588,0.034,track
2,419,0.117,-0.475,-0.226,0.132,-0.115,-1.521,0.542,-0.14,0.166,1.0,1.0,0.782,0.783,2.565,0.047,track
2,420,0.117,-0.476,-0.226,0.132,-0.115,-1.521,0.546,-0.132,0.166,1.0,1.0,0.777,0.783,2.56,0.052,track
2,421,0.116,-0.478,-0.226,0.132,-0.115,-1.521,0.552,-0.138,0.167,1.0,0.999,0.759,0.787,2.545,0.066,track
2,422,0.115,-0.479,-0.225,0.132,-0.115,-1.521,0.551,-0.125,0.166,1.0,1.0,0.768,0.783,2.55,0.056,track
2,423,0.115,-0.48,-0.225,0.132,-0.115,-1.521,0.556,-0.118,0.167,1.0,0.999,0.76,0.787,2.546,0.096,track
2,424,0.114,-0.481,-0.225,0.132,-0.115,-1.521,0.555,-0.126,0.168,1.0,1.0,0.758,0.792,2.549,0.077,track
2,425,0.113,-0.482,-0.224,0.132,-0.115,-1.521,0.555,-0.116,0.1689,1.0,1.0,0.763,0.796,2.559,0.071,track
2,426,0.113,-0.483,-0.224,0.132,-0.115,-1.521,0.559,-0.11,0.1689,1.0,1.0,0.756,0.796,2.551,0.073,track
2,427,0.112,-0.485,-0.224,0.132,-0.115,-1.521,0.557,-0.104,0.168,1.0,1.0,0.762,0.792,2.554,0.07,track
2,428,0.112,-0.486,-0.224,0.132,-0.115,-1.521,0.561,-0.099,0.167,1.0,1.0,0.756,0.787,2.543,0.078,track
2,429,0.111,-0.487,-0.224,0.132,-0.115,-1.521,0.561,-0.099,0.167,1.0,1.0,0.756,0.787,2.544,0.074,track
2,430,0.11,-0.488,-0.224,0.132,-0.115,-1.521,0.564,-0.1,0.168,1.0,1.0,0.748,0.792,2.539,0.07,track
2,431,0.11,-0.489,-0.223,0.132,-0.115,-1.521,0.564,-0.1,0.168,1.0,1.0,0.748,0.792,2.539,0.055,track
2,432,0.109,-0.49,-0.223,0.132,-0.115,-1.521,0.567,-0.095,0.1689,1.0,1.0,0.742,0.796,2.538,0.051,track
2,433,0.109,-0.492,-0.223,0.132,-0.115,-1.521,0.567,-0.095,0.1689,1.0,1.0,0.742,0.796,2.538,0.047,track
2,434,0.108,-0.493,-0.223,0.132,-0.115,-1.521,0.568,-0.094,0.1699,1.0,1.0,0.739,0.8,2.539,0.044,track
2,435,0.108,-0.494,-0.223,0.132,-0.115,-1.521,0.574,-0.092,0.1689,1.0,1.0,0.726,0.796,2.522,0.035,track
2,436,0.107,-0.495,-0.223,0.132,-0.115,-1.521,0.576,-0.088,0.1689,1.0,1.0,0.724,0.796,2.519,0.03,track
2,437,0.107,-0.496,-0.223,0.132,-0.115,-1.521,0.577,-0.085,0.1689,1.0,1.0,0.722,0.796,2.518,0.04,track
2,438,0.106,-0.497,-0.223,0.132,-0.115,-1.521,0.578,-0.082,0.168,1.0,1.0,0.719,0.792,2.51,0.037,track
2,439,0.106,-0.499,-0.222,0.132,-0.115,-1.521,0.581,-0.078,0.168,1.0,1.0,0.714,0.792,2.506,0.037,track
2,440,0.105,-0.5,-0.222,0.132,-0.115,-1.521,0.582,-0.073,0.1689,1.0,1.0,0.712,0.796,2.508,0.04,track
2,441,0.105,-0.501,-0.222,0.132,-0.115,-1.521,0.585,-0.071,0.1689,1.0,1.0,0.705,0.796,2.501,0.042,track
2,442,0.104,-0.502,-0.222,0.132,-0.115,-1.521,0.589,-0.065,0.1709,1.0,1.0,0.699,0.805,2.503,0.038,track
2,443,0.104,-0.504,-0.222,0.132,-0.115,-1.521,0.592,-0.062,0.1699,1.0,1.0,0.692,0.8,2.492,0.044,track
2,444,0.103,-0.505,-0.221,0.132,-0.115,-1.521,0.594,-0.065,0.1709,1.0,1.0,0.685,0.805,2.489,0.041,track
2,445,0.103,-0.506,-0.221,0.132,-0.115,-1.521,0.596,-0.068,0.1699,1.0,1.0,0.681,0.8,2.481,0.03,track
2,446,0.102,-0.507,-0.221,0.132,-0.115,-1.521,0.601,-0.066,0.168,1.0,1.0,0.669,0.792,2.46,0.037,track
2,447,0.102,-0.508,-0.22,0.132,-0.115,-1.521,0.604,-0.062,0.1709,1.0,1.0,0.662,0.805,2.467,0.043,track
2,448,0.101,-0.51,-0.22,0.132,-0.115,-1.521,0.606,-0.06,0.1699,1.0,1.0,0.659,0.8,2.459,0.036,track
2,449,0.101,-0.511,-0.22,0.132,-0.115,-1.521,0.608,-0.061,0.1689,1.0,1.0,0.653,0.796,2.449,0.032,track
2,450,0.1,-0.512,-0.219,0.132,-0.115,-1.521,0.61,-0.065,0.1709,1.0,1.0,0.648,0.805,2.452,0.042,track
2,451,0.1,-0.513,-0.219,0.132,-0.115,-1.521,0.61,-0.064,0.1719,1.0,1.0,0.647,0.809,2.456,0.041,track
2,452,0.099,-0.515,-0.218,0.132,-0.115,-1.521,0.611,-0.064,0.1729,1.0,1.0,0.646,0.813,2.459,0.029,track
2,453,0.099,-0.516,-0.218,0.132,-0.115,-1.521,0.615,-0.064,0.1729,1.0,1.0,0.634,0.813,2.447,0.028,track
2,454,0.099,-0.517,-0.217,0.132,-0.115,-1.521,0.619,-0.069,0.1729,1.0,1.0,0.626,0.813,2.439,0.035,track
2,455,0.098,-0.518,-0.216,0.132,-0.115,-1.521,0.622,-0.068,0.1738,1.0,1.0,0.618,0.818,2.435,0.049,track
2,456,0.098,-0.52,-0.216,0.132,-0.115,-1.521,0.623,-0.068,0.1729,1.0,1.0,0.616,0.813,2.429,0.044,track
2,457,0.098,-0.521,-0.215,0.132,-0.115,-1.521,0.628,-0.065,0.1729,1.0,1.0,0.605,0.813,2.418,0.044,track
2,458,0.097,-0.522,-0.214,0.132,-0.115,-1.521,0.63,-0.058,0.1729,1.0,1.0,0.602,0.813,2.415,0.045,track
2,459,0.097,-0.523,-0.214,0.132,-0.115,-1.521,0.631,-0.059,0.1738,1.0,1.0,0.6,0.818,2.417,0.042,track
2,460,0.096,-0.525,-0.213,0.132,-0.115,-1.521,0.636,-0.059,0.1729,1.0,1.0,0.589,0.813,2.402,0.036,track
2,461,0.096,-0.526,-0.212,0.132,-0.115,-1.521,0.639,-0.056,0.1719,1.0,1.0,0.582,0.809,2.39,0.038,track
2,462,0.096,-0.527,-0.211,0.132,-0.115,-1.521,0.645,-0.059,0.1719,1.0,1.0,0.569,0.809,2.378,0.041,track
2,463,0.095,-0.529,-0.21,0.132,-0.115,-1.521,0.645,-0.063,0.1719,1.0,1.0,0.567,0.809,2.376,0.052,track
2,464,0.095,-0.53,-0.209,0.132,-0.115,-1.521,0.648,-0.059,0.1738,1.0,1.0,0.561,0.818,2.379,0.046,track
2,465,0.095,-0.531,-0.208,0.132,-0.115,-1.521,0.651,-0.058,0.1738,1.0,1.0,0.556,0.818,2.373,0.041,track
2,466,0.095,-0.532,-0.207,0.132,-0.115,-1.521,0.658,-0.054,0.1738,1.0,1.0,0.54,0.818,2.357,0.04,track
2,467,0.094,-0.534,-0.206,0.132,-0.115,-1.521,0.664,-0.059,0.1758,1.0,1.0,0.527,0.826,2.352,0.05,track
2,468,0.094,-0.535,-0.205,0.132,-0.115,-1.521,0.665,-0.06,0.1768,1.0,1.0,0.525,0.83,2.354,0.057,track
2,469,0.094,-0.536,-0.204,0.132,-0.115,-1.521,0.668,-0.063,0.1797,1.0,1.0,0.519,0.842,2.36,0.065,track
2,470,0.094,-0.538,-0.203,0.132,-0.115,-1.521,0.673,-0.053,0.1797,1.0,1.0,0.511,0.842,2.352,0.041,track
2,471,0.093,-0.539,-0.201,0.132,-0.115,-1.521,0.677,-0.049,0.1816,1.0,0.999,0.503,0.85,2.352,0.04,track
2,472,0.093,-0.54,-0.2,0.132,-0.115,-1.521,0.68,-0.05,0.1797,1.0,0.999,0.496,0.842,2.338,0.048,track
2,473,0.093,-0.541,-0.199,0.132,-0.115,-1.521,0.682,-0.052,0.1816,1.0,0.999,0.492,0.85,2.341,0.06,track
2,474,0.093,-0.543,-0.198,0.132,-0.115,-1.521,0.687,-0.05,0.1816,1.0,0.999,0.482,0.85,2.332,0.042,track
2,475,0.093,-0.544,-0.196,0.132,-0.115,-1.521,0.693,-0.049,0.1826,1.0,0.999,0.47,0.854,2.324,0.057,track
2,476,0.093,-0.545,-0.195,0.132,-0.115,-1.521,0.694,-0.043,0.1816,1.0,0.999,0.468,0.85,2.318,0.048,track
2,477,0.092,-0.547,-0.194,0.132,-0.115,-1.521,0.695,-0.043,0.1826,1.0,0.999,0.467,0.854,2.32,0.04,track
2,478,0.092,-0.548,-0.192,0.132,-0.115,-1.521,0.698,-0.043,0.1846,1.0,0.999,0.462,0.862,2.323,0.034,track
2,479,0.092,-0.549,-0.191,0.132,-0.115,-1.521,0.703,-0.037,0.1816,1.0,0.999,0.452,0.85,2.301,0.048,track
2,480,0.092,-0.55,-0.189,0.132,-0.115,-1.521,0.709,-0.035,0.1816,1.0,0.999,0.441,0.85,2.291,0.043,track
2,481,0.092,-0.552,-0.188,0.132,-0.115,-1.521,0.711,-0.034,0.1836,1.0,0.999,0.437,0.858,2.294,0.061,track
2,482,0.092,-0.553,-0.186,0.132,-0.115,-1.521,0.713,-0.04,0.1816,1.0,0.999,0.434,0.85,2.283,0.044,track
2,483,0.092,-0.554,-0.185,0.132,-0.115,-1.521,0.713,-0.04,0.1816,1.0,0.999,0.434,0.85,2.283,0.07,track
2,484,0.092,-0.555,-0.183,0.132,-0.115,-1.521,0.713,-0.04,0.1816,1.0,0.999,0.434,0.85,2.283,0.045,track
2,485,0.092,-0.556,-0.181,0.132,-0.115,-1.521,0.713,-0.04,0.1816,1.0,0.999,0.434,0.85,2.283,0.057,track
2,486,0.092,-0.558,-0.18,0.132,-0.115,-1.521,0.715,-0.04,0.1807,1.0,0.999,0.43,0.846,2.276,0.039,track
2,487,0.092,-0.559,-0.178,0.132,-0.115,-1.521,0.715,-0.04,0.1807,1.0,0.999,0.43,0.846,2.276,0.052,track
2,488,0.092,-0.56,-0.176,0.132,-0.115,-1.521,0.715,-0.043,0.1797,1.0,0.999,0.43,0.842,2.271,0.039,track
2,489,0.092,-0.561,-0.174,0.132,-0.115,-1.521,0.715,-0.043,0.1797,1.0,0.999,0.43,0.842,2.271,0.059,track
2,490,0.093,-0.562,-0.172,0.132,-0.115,-1.521,0.716,-0.046,0.1787,1.0,0.999,0.427,0.838,2.265,0.041,track
2,491,0.093,-0.564,-0.171,0.132,-0.115,-1.521,0.714,-0.046,0.1797,1.0,0.999,0.431,0.842,2.272,0.059,track
2,492,0.093,-0.565,-0.169,0.132,-0.115,-1.521,0.713,-0.05,0.1787,1.0,0.999,0.432,0.838,2.27,0.043,track
2,493,0.093,-0.566,-0.167,0.132,-0.115,-1.521,0.713,-0.05,0.1787,1.0,0.999,0.432,0.838,2.27,0.06,track
2,494,0.093,-0.567,-0.165,0.132,-0.115,-1.521,0.711,-0.062,0.1777,1.0,0.999,0.434,0.834,2.267,0.043,track
2,495,0.093,-0.568,-0.163,0.132,-0.115,-1.521,0.712,-0.069,0.1758,1.0,0.999,0.43,0.826,2.255,0.074,track
2,496,0.094,-0.57,-0.161,0.132,-0.115,-1.521,0.716,-0.074,0.1758,1.0,0.999,0.423,0.826,2.249,0.05,track
2,497,0.094,-0.571,-0.158,0.132,-0.115,-1.521,0.714,-0.076,0.1768,1.0,0.999,0.426,0.83,2.255,0.065,track
2,498,0.094,-0.572,-0.156,0.132,-0.115,-1.521,0.714,-0.083,0.1787,1.0,1.0,0.424,0.838,2.262,0.059,track
2,499,0.094,-0.573,-0.154,0.132,-0.115,-1.521,0.714,-0.083,0.1787,1.0,1.0,0.424,0.838,2.262,0.076,track
2,500,0.094,-0.574,-0.152,0.132,-0.115,-1.521,0.717,-0.089,0.1758,1.0,1.0,0.417,0.826,2.243,0.065,track
2,501,0.095,-0.576,-0.15,0.132,-0.115,-1.521,0.717,-0.089,0.1758,1.0,1.0,0.417,0.826,2.243,0.08,track
2,502,0.095,-0.577,-0.147,0.132,-0.115,-1.521,0.717,-0.089,0.1758,1.0,1.0,0.417,0.826,2.243,0.073,track
2,503,0.095,-0.578,-0.145,0.132,-0.115,-1.521,0.719,-0.093,0.1738,1.0,1.0,0.413,0.818,2.23,0.068,track
2,504,0.096,-0.579,-0.143,0.132,-0.115,-1.521,0.721,-0.095,0.1729,1.0,1.0,0.41,0.813,2.223,0.064,track
2,505,0.096,-0.58,-0.14,0.132,-0.115,-1.521,0.721,-0.095,0.1729,1.0,1.0,0.41,0.813,2.223,0.073,track
2,506,0.096,-0.582,-0.138,0.132,-0.115,-1.521,0.719,-0.099,0.1719,1.0,1.0,0.411,0.809,2.22,0.058,track
2,507,0.097,-0.583,-0.135,0.132,-0.115,-1.521,0.719,-0.099,0.1719,1.0,1.0,0.411,0.809,2.22,0.07,track
2,508,0.097,-0.584,-0.133,0.132,-0.115,-1.521,0.719,-0.107,0.1699,1.0,1.0,0.41,0.8,2.21,0.05,track
2,509,0.097,-0.585,-0.13,0.132,-0.115,-1.521,0.72,-0.113,0.168,1.0,1.0,0.406,0.792,2.197,0.075,track
2,510,0.097,-0.586,-0.128,0.132,-0.115,-1.521,0.721,-0.116,0.167,1.0,1.0,0.404,0.787,2.191,0.053,track
2,511,0.098,-0.588,-0.125,0.132,-0.115,-1.521,0.722,-0.12,0.168,1.0,1.0,0.401,0.792,2.193,0.068,track
2,512,0.098,-0.589,-0.122,0.132,-0.115,-1.521,0.722,-0.12,0.168,1.0,1.0,0.401,0.792,2.193,0.053,track
2,513,0.099,-0.59,-0.119,0.132,-0.115,-1.521,0.722,-0.12,0.168,1.0,1.0,0.401,0.792,2.193,0.053,track
2,514,0.099,-0.591,-0.117,0.132,-0.115,-1.521,0.722,-0.12,0.168,1.0,1.0,0.401,0.792,2.193,0.05,track
2,515,0.099,-0.592,-0.114,0.132,-0.115,-1.521,0.722,-0.12,0.168,1.0,1.0,0.401,0.792,2.193,0.039,track
2,516,0.1,-0.594,-0.111,0.132,-0.115,-1.521,0.721,-0.124,0.167,1.0,1.0,0.401,0.787,2.188,0.039,track
2,517,0.1,-0.595,-0.108,0.132,-0.115,-1.521,0.721,-0.124,0.167,1.0,1.0,0.401,0.787,2.188,0.048,track
2,518,0.1,-0.596,-0.105,0.132,-0.115,-1.521,0.723,-0.122,0.166,1.0,1.0,0.398,0.783,2.181,0.04,track
2,519,0.101,-0.597,-0.102,0.132,-0.115,-1.521,0.723,-0.122,0.166,1.0,1.0,0.398,0.783,2.181,0.035,track
2,520,0.101,-0.598,-0.099,0.132,-0.115,-1.521,0.723,-0.122,0.166,1.0,1.0,0.398,0.783,2.181,0.042,track
2,521,0.101,-0.6,-0.096,0.132,-0.115,-1.521,0.725,-0.129,0.1641,1.0,1.0,0.394,0.774,2.167,0.039,track
2,522,0.102,-0.601,-0.093,0.132,-0.115,-1.521,0.725,-0.134,0.1621,1.0,1.0,0.391,0.765,2.156,0.041,track
2,523,0.102,-0.602,-0.09,0.132,-0.115,-1.521,0.725,-0.134,0.1621,1.0,1.0,0.391,0.765,2.156,0.053,track
2,524,0.103,-0.603,-0.086,0.132,-0.115,-1.521,0.725,-0.142,0.1602,1.0,1.0,0.389,0.756,2.145,0.047,track
2,525,0.103,-0.605,-0.083,0.132,-0.115,-1.521,0.724,-0.146,0.1592,1.0,1.0,0.389,0.751,2.139,0.059,track
2,526,0.103,-0.606,-0.08,0.132,-0.115,-1.521,0.724,-0.146,0.1592,1.0,1.0,0.389,0.751,2.139,0.048,track
2,527,0.104,-0.607,-0.077,0.132,-0.115,-1.521,0.724,-0.146,0.1592,1.0,1.0,0.389,0.751,2.139,0.044,track
2,528,0.104,-0.608,-0.073,0.132,-0.115,-1.521,0.724,-0.146,0.1592,1.0,1.0,0.389,0.751,2.139,0.051,track
2,529,0.104,-0.61,-0.07,0.132,-0.115,-1.521,0.724,-0.146,0.1592,1.0,1.0,0.389,0.751,2.139,0.037,track
2,530,0.105,-0.611,-0.066,0.132,-0.115,-1.521,0.725,-0.15,0.1582,1.0,1.0,0.386,0.746,2.132,0.043,track
2,531,0.105,-0.612,-0.063,0.132,-0.115,-1.521,0.725,-0.15,0.1582,1.0,1.0,0.386,0.746,2.132,0.045,track
2,532,0.106,-0.613,-0.059,0.132,-0.115,-1.521,0.725,-0.15,0.1582,1.0,1.0,0.386,0.746,2.132,0.047,track
2,533,0.106,-0.615,-0.056,0.132,-0.115,-1.521,0.725,-0.15,0.1582,1.0,1.0,0.386,0.746,2.132,0.038,track
2,534,0.106,-0.616,-0.052,0.132,-0.115,-1.521,0.726,-0.143,0.1562,1.0,1.0,0.387,0.737,2.124,0.04,track
2,535,0.107,-0.617,-0.049,0.132,-0.115,-1.521,0.726,-0.143,0.1562,1.0,1.0,0.387,0.737,2.124,0.029,track
2,536,0.107,-0.618,-0.045,0.132,-0.115,-1.521,0.726,-0.143,0.1562,1.0,1.0,0.387,0.737,2.124,0.028,track
2,537,0.108,-0.62,-0.042,0.132,-0.115,-1.521,0.726,-0.143,0.1562,1.0,1.0,0.387,0.737,2.124,0.03,track
2,538,0.108,-0.621,-0.038,0.132,-0.115,-1.521,0.729,-0.144,0.1543,1.0,1.0,0.382,0.728,2.109,0.034,track
2,539,0.108,-0.622,-0.035,0.132,-0.115,-1.521,0.733,-0.144,0.1523,1.0,1.0,0.375,0.718,2.093,0.03,track
2,540,0.109,-0.624,-0.031,0.132,-0.115,-1.521,0.732,-0.14,0.1514,1.0,1.0,0.378,0.713,2.091,0.034,track
2,541,0.109,-0.625,-0.027,0.132,-0.115,-1.521,0.732,-0.14,0.1514,1.0,1.0,0.378,0.713,2.091,0.026,track
2,542,0.109,-0.626,-0.024,0.132,-0.115,-1.521,0.73,-0.139,0.1494,1.0,1.0,0.381,0.704,2.084,0.023,track
2,543,0.11,-0.627,-0.02,0.132,-0.115,-1.521,0.731,-0.136,0.1484,1.0,1.0,0.381,0.699,2.079,0.021,track
2,544,0.11,-0.629,-0.016,0.132,-0.115,-1.521,0.731,-0.136,0.1484,1.0,1.0,0.381,0.699,2.079,0.019,track
2,545,0.111,-0.63,-0.013,0.132,-0.115,-1.521,0.731,-0.132,0.1475,1.0,1.0,0.382,0.694,2.075,0.024,track
2,546,0.111,-0.631,-0.009,0.132,-0.115,-1.521,0.733,-0.129,0.1465,1.0,1.0,0.38,0.689,2.069,0.021,track
2,547,0.111,-0.633,-0.005,0.132,-0.115,-1.521,0.735,-0.128,0.1455,1.0,1.0,0.377,0.684,2.061,0.022,track
2,548,0.112,-0.634,-0.002,0.132,-0.115,-1.521,0.735,-0.128,0.1455,1.0,1.0,0.377,0.684,2.061,0.02,track
2,549,0.112,-0.635,0.002,0.132,-0.115,-1.521,0.735,-0.128,0.1455,1.0,1.0,0.377,0.684,2.061,0.025,track
2,550,0.113,-0.637,0.006,0.132,-0.115,-1.521,0.735,-0.128,0.1455,1.0,1.0,0.377,0.684,2.061,0.028,track
2,551,0.113,-0.638,0.009,0.132,-0.115,-1.521,0.735,-0.128,0.1455,1.0,1.0,0.377,0.684,2.061,0.033,track
2,552,0.113,-0.639,0.013,0.132,-0.115,-1.521,0.735,-0.124,0.1445,1.0,1.0,0.378,0.68,2.057,0.035,track
2,553,0.114,-0.641,0.017,0.132,-0.115,-1.521,0.735,-0.124,0.1445,1.0,1.0,0.378,0.68,2.057,0.032,track
2,554,0.114,-0.642,0.02,0.132,-0.115,-1.521,0.736,-0.121,0.1436,1.0,1.0,0.377,0.675,2.051,0.033,track
2,555,0.115,-0.643,0.024,0.132,-0.115,-1.521,0.738,-0.126,0.1416,1.0,1.0,0.372,0.665,2.036,0.031,track
2,556,0.115,-0.645,0.027,0.132,-0.115,-1.521,0.738,-0.126,0.1416,1.0,1.0,0.372,0.665,2.036,0.025,track
2,557,0.115,-0.646,0.031,0.132,-0.115,-1.521,0.738,-0.122,0.1406,1.0,1.0,0.374,0.66,2.033,0.026,track
2,558,0.116,-0.647,0.035,0.132,-0.115,-1.521,0.738,-0.122,0.1406,1.0,1.0,0.374,0.66,2.033,0.023,track
2,559,0.116,-0.649,0.038,0.132,-0.115,-1.521,0.738,-0.122,0.1406,1.0,1.0,0.374,0.66,2.033,0.025,track
2,560,0.117,-0.65,0.042,0.132,-0.115,-1.521,0.74,-0.122,0.1396,1.0,1.0,0.37,0.655,2.025,0.028,track
2,561,0.117,-0.651,0.046,0.132,-0.115,-1.521,0.74,-0.122,0.1396,1.0,1.0,0.37,0.655,2.025,0.029,track
2,562,0.118,-0.653,0.049,0.132,-0.115,-1.521,0.743,-0.117,0.1377,1.0,1.0,0.366,0.645,2.011,0.031,track
2,563,0.118,-0.654,0.053,0.132,-0.115,-1.521,0.743,-0.124,0.1357,1.0,0.999,0.364,0.636,1.999,0.027,track
2,564,0.119,-0.655,0.056,0.132,-0.115,-1.521,0.745,-0.124,0.1328,1.0,0.999,0.361,0.621,1.981,0.028,track
2,565,0.119,-0.657,0.06,0.132,-0.115,-1.521,0.745,-0.124,0.1328,1.0,0.999,0.361,0.621,1.981,0.028,track
2,566,0.119,-0.658,0.063,0.132,-0.115,-1.521,0.745,-0.124,0.1328,1.0,0.999,0.361,0.621,1.981,0.024,track
2,567,0.12,-0.659,0.067,0.132,-0.115,-1.521,0.748,-0.129,0.1299,1.0,0.999,0.356,0.606,1.961,0.022,track
2,568,0.12,-0.661,0.071,0.132,-0.115,-1.521,0.748,-0.129,0.1299,1.0,0.999,0.356,0.606,1.961,0.035,track
2,569,0.121,-0.662,0.074,0.132,-0.115,-1.521,0.747,-0.134,0.1289,1.0,0.999,0.355,0.601,1.955,0.023,track
2,570,0.121,-0.664,0.078,0.132,-0.115,-1.521,0.747,-0.134,0.1289,1.0,0.999,0.355,0.601,1.955,0.031,track
2,571,0.122,-0.665,0.081,0.132,-0.115,-1.521,0.747,-0.134,0.1289,1.0,0.999,0.355,0.601,1.955,0.022,track
2,572,0.122,-0.666,0.085,0.132,-0.115,-1.521,0.747,-0.134,0.1289,1.0,0.999,0.355,0.601,1.955,0.015,track
2,573,0.123,-0.668,0.089,0.132,-0.115,-1.521,0.747,-0.134,0.1289,1.0,0.999,0.355,0.601,1.955,0.016,track
2,574,0.123,-0.669,0.093,0.132,-0.115,-1.521,0.746,-0.129,0.1279,1.0,0.999,0.359,0.596,1.954,0.017,track
2,575,0.124,-0.671,0.096,0.132,-0.115,-1.521,0.746,-0.129,0.1279,1.0,0.999,0.359,0.596,1.954,0.022,track
2,576,0.124,-0.672,0.1,0.132,-0.115,-1.521,0.746,-0.129,0.1279,1.0,0.999,0.359,0.596,1.954,0.032,track
2,577,0.125,-0.673,0.103,0.132,-0.115,-1.521,0.746,-0.125,0.127,1.0,0.999,0.359,0.591,1.95,0.033,track
2,578,0.125,-0.675,0.107,0.132,-0.115,-1.521,0.746,-0.125,0.127,1.0,0.999,0.359,0.591,1.95,0.043,track
2,579,0.126,-0.676,0.111,0.132,-0.115,-1.521,0.746,-0.125,0.127,1.0,0.999,0.359,0.591,1.95,0.046,track
2,580,0.126,-0.678,0.114,0.132,-0.115,-1.521,0.748,-0.127,0.126,1.0,0.999,0.356,0.586,1.941,0.054,track
2,581,0.127,-0.679,0.117,0.132,-0.115,-1.521,0.748,-0.127,0.126,1.0,0.999,0.356,0.586,1.941,0.047,track
2,582,0.127,-0.68,0.121,0.132,-0.115,-1.521,0.75,-0.125,0.125,1.0,0.999,0.353,0.581,1.934,0.051,track
2,583,0.128,-0.682,0.124,0.132,-0.115,-1.521,0.75,-0.125,0.125,1.0,0.999,0.353,0.581,1.934,0.049,track
2,584,0.128,-0.683,0.127,0.132,-0.115,-1.521,0.751,-0.122,0.124,1.0,0.999,0.351,0.576,1.927,0.051,track
2,585,0.129,-0.685,0.131,0.132,-0.115,-1.521,0.751,-0.126,0.123,1.0,0.999,0.35,0.571,1.921,0.056,track
2,586,0.129,-0.686,0.134,0.132,-0.115,-1.521,0.754,-0.125,0.1221,1.0,0.999,0.347,0.567,1.913,0.047,track
2,587,0.13,-0.687,0.137,0.132,-0.115,-1.521,0.758,-0.126,0.1191,1.0,0.999,0.34,0.552,1.891,0.049,track
2,588,0.13,-0.689,0.14,0.132,-0.115,-1.521,0.759,-0.13,0.1182,1.0,0.999,0.338,0.547,1.884,0.046,track
2,589,0.131,-0.69,0.143,0.132,-0.115,-1.521,0.759,-0.13,0.1182,1.0,0.999,0.338,0.547,1.884,0.046,track
2,590,0.131,-0.692,0.146,0.132,-0.115,-1.521,0.759,-0.13,0.1182,1.0,0.999,0.338,0.547,1.884,0.05,track
2,591,0.132,-0.693,0.149,0.132,-0.115,-1.521,0.759,-0.121,0.1162,1.0,0.999,0.339,0.537,1.876,0.052,track
2,592,0.132,-0.694,0.152,0.132,-0.115,-1.521,0.762,-0.12,0.1152,1.0,1.0,0.336,0.532,1.868,0.062,track
2,593,0.133,-0.696,0.155,0.132,-0.115,-1.521,0.763,-0.124,0.1143,1.0,0.999,0.333,0.527,1.86,0.068,track
2,594,0.133,-0.697,0.158,0.132,-0.115,-1.521,0.763,-0.124,0.1143,1.0,0.999,0.333,0.527,1.86,0.064,track
2,595,0.134,-0.699,0.161,0.132,-0.115,-1.521,0.765,-0.125,0.1133,1.0,1.0,0.33,0.523,1.852,0.065,track
2,596,0.134,-0.7,0.164,0.132,-0.115,-1.521,0.767,-0.124,0.1123,1.0,1.0,0.326,0.518,1.844,0.07,track
2,597,0.135,-0.701,0.167,0.132,-0.115,-1.521,0.772,-0.122,0.1104,1.0,1.0,0.321,0.508,1.828,0.07,track
2,598,0.135,-0.703,0.169,0.132,-0.115,-1.521,0.774,-0.117,0.1084,1.0,1.0,0.319,0.498,1.817,0.079,track
2,599,0.136,-0.704,0.172,0.132,-0.115,-1.521,0.774,-0.117,0.1084,1.0,1.0,0.319,0.498,1.817,0.08,track
2,600,0.136,-0.705,0.175,0.132,-0.115,-1.521,0.776,-0.12,0.1074,1.0,1.0,0.315,0.494,1.809,0.077,track
2,601,0.137,-0.707,0.178,0.132,-0.115,-1.521,0.776,-0.12,0.1074,1.0,1.0,0.315,0.494,1.809,0.077,track
2,602,0.137,-0.708,0.181,0.132,-0.115,-1.521,0.776,-0.111,0.1055,1.0,1.0,0.316,0.484,1.8,0.072,track
2,603,0.138,-0.71,0.183,0.132,-0.115,-1.521,0.776,-0.111,0.1055,1.0,1.0,0.316,0.484,1.8,0.079,track
2,604,0.138,-0.711,0.186,0.132,-0.115,-1.521,0.776,-0.111,0.1055,1.0,1.0,0.316,0.484,1.8,0.071,track
2,605,0.139,-0.712,0.189,0.132,-0.115,-1.521,0.776,-0.111,0.1055,1.0,1.0,0.316,0.484,1.8,0.067,track
2,606,0.139,-0.714,0.191,0.132,-0.115,-1.521,0.778,-0.109,0.1045,1.0,1.0,0.314,0.479,1.793,0.064,track
2,607,0.14,-0.715,0.194,0.132,-0.115,-1.521,0.779,-0.101,0.1016,1.0,1.0,0.313,0.465,1.778,0.069,track
2,608,0.14,-0.716,0.197,0.132,-0.115,-1.521,0.779,-0.101,0.1016,1.0,1.0,0.313,0.465,1.778,0.075,track
2,609,0.141,-0.717,0.199,0.132,-0.115,-1.521,0.779,-0.101,0.1016,1.0,1.0,0.313,0.465,1.778,0.07,track
2,610,0.142,-0.719,0.202,0.132,-0.115,-1.521,0.779,-0.101,0.1016,1.0,1.0,0.313,0.465,1.778,0.064,track
2,611,0.142,-0.72,0.204,0.132,-0.115,-1.521,0.779,-0.101,0.1016,1.0,1.0,0.313,0.465,1.778,0.065,track
2,612,0.143,-0.721,0.206,0.132,-0.115,-1.521,0.78,-0.096,0.1006,1.0,1.0,0.314,0.461,1.774,0.061,track
2,613,0.143,-0.723,0.209,0.132,-0.115,-1.521,0.78,-0.096,0.1006,1.0,1.0,0.314,0.461,1.774,0.064,track
2,614,0.144,-0.724,0.211,0.132,-0.115,-1.521,0.78,-0.096,0.1006,1.0,1.0,0.314,0.461,1.774,0.059,track
2,615,0.144,-0.725,0.214,0.132,-0.115,-1.521,0.78,-0.096,0.1006,1.0,1.0,0.314,0.461,1.774,0.057,track
2,616,0.145,-0.726,0.216,0.132,-0.115,-1.521,0.78,-0.096,0.1006,1.0,1.0,0.314,0.461,1.774,0.055,track
2,617,0.146,-0.728,0.218,0.132,-0.115,-1.521,0.78,-0.096,0.1006,1.0,1.0,0.314,0.461,1.774,0.055,track
2,618,0.146,-0.729,0.22,0.132,-0.115,-1.521,0.779,-0.101,0.0996,1.0,1.0,0.313,0.456,1.769,0.053,track
2,619,0.147,-0.73,0.223,0.132,-0.115,-1.521,0.779,-0.101,0.0996,1.0,1.0,0.313,0.456,1.769,0.056,track
2,620,0.147,-0.731,0.225,0.132,-0.115,-1.521,0.78,-0.115,0.0986,1.0,1.0,0.309,0.451,1.76,0.051,track
2,621,0.148,-0.732,0.227,0.132,-0.115,-1.521,0.78,-0.124,0.0967,1.0,1.0,0.307,0.442,1.749,0.062,track
2,622,0.149,-0.734,0.229,0.132,-0.115,-1.521,0.781,-0.136,0.0967,1.0,1.0,0.304,0.442,1.746,0.068,track
2,623,0.149,-0.735,0.232,0.132,-0.115,-1.521,0.781,-0.136,0.0967,1.0,1.0,0.304,0.442,1.745,0.07,track
2,624,0.15,-0.736,0.234,0.132,-0.115,-1.521,0.781,-0.136,0.0967,1.0,1.0,0.304,0.442,1.745,0.068,track
2,625,0.151,-0.737,0.236,0.132,-0.115,-1.521,0.781,-0.145,0.0986,1.0,1.0,0.301,0.451,1.752,0.064,track
2,626,0.151,-0.738,0.239,0.132,-0.115,-1.521,0.781,-0.145,0.0986,1.0,1.0,0.301,0.451,1.752,0.057,track
2,627,0.152,-0.739,0.241,0.132,-0.115,-1.521,0.78,-0.154,0.1006,1.0,1.0,0.301,0.461,1.761,0.045,track
2,628,0.152,-0.741,0.243,0.132,-0.115,-1.521,0.78,-0.154,0.1006,1.0,1.0,0.301,0.461,1.761,0.048,track
2,629,0.153,-0.742,0.246,0.132,-0.115,-1.521,0.778,-0.156,0.1016,1.0,1.0,0.303,0.465,1.768,0.039,track
2,630,0.154,-0.743,0.248,0.132,-0.115,-1.521,0.778,-0.156,0.1016,1.0,1.0,0.303,0.465,1.768,0.035,track
2,631,0.154,-0.744,0.251,0.132,-0.115,-1.521,0.778,-0.156,0.1016,1.0,1.0,0.303,0.465,1.768,0.037,track
2,632,0.155,-0.745,0.254,0.132,-0.115,-1.521,0.778,-0.156,0.1016,1.0,1.0,0.303,0.465,1.768,0.026,track
2,633,0.156,-0.746,0.256,0.132,-0.115,-1.521,0.776,-0.161,0.1006,1.0,1.0,0.304,0.461,1.764,0.028,track
2,634,0.156,-0.748,0.259,0.132,-0.115,-1.521,0.775,-0.172,0.0986,1.0,1.0,0.302,0.451,1.753,0.024,track
2,635,0.157,-0.749,0.261,0.132,-0.115,-1.521,0.775,-0.177,0.0996,1.0,1.0,0.301,0.456,1.757,0.033,track
2,636,0.157,-0.75,0.264,0.132,-0.115,-1.521,0.775,-0.177,0.0996,1.0,1.0,0.301,0.456,1.757,0.038,track
2,637,0.158,-0.751,0.267,0.132,-0.115,-1.521,0.772,-0.184,0.1016,1.0,1.0,0.303,0.465,1.768,0.034,track
2,638,0.159,-0.752,0.27,0.132,-0.115,-1.521,0.772,-0.184,0.1016,1.0,1.0,0.303,0.465,1.768,0.031,track
2,639,0.159,-0.753,0.272,0.132,-0.115,-1.521,0.772,-0.189,0.1006,1.0,1.0,0.301,0.461,1.761,0.024,track
2,640,0.16,-0.755,0.275,0.132,-0.115,-1.521,0.774,-0.197,0.0986,1.0,1.0,0.295,0.451,1.746,0.031,track
2,641,0.161,-0.756,0.278,0.132,-0.115,-1.521,0.773,-0.2,0.0996,1.0,1.0,0.296,0.456,1.751,0.048,track
2,642,0.161,-0.757,0.281,0.132,-0.115,-1.521,0.774,-0.206,0.1006,1.0,1.0,0.292,0.461,1.752,0.046,track
2,643,0.162,-0.758,0.284,0.132,-0.115,-1.521,0.774,-0.206,0.1006,1.0,1.0,0.292,0.461,1.752,0.044,track
2,644,0.162,-0.759,0.287,0.132,-0.115,-1.521,0.775,-0.211,0.1016,1.0,1.0,0.288,0.465,1.753,0.045,track
2,645,0.163,-0.761,0.29,0.132,-0.115,-1.521,0.775,-0.211,0.1016,1.0,0.999,0.288,0.465,1.753,0.039,track
2,646,0.163,-0.762,0.293,0.132,-0.115,-1.521,0.776,-0.219,0.0996,1.0,1.0,0.285,0.456,1.74,0.043,track
2,647,0.164,-0.763,0.296,0.132,-0.115,-1.521,0.775,-0.229,0.0996,1.0,0.999,0.282,0.456,1.737,0.045,track
2,648,0.164,-0.764,0.299,0.132,-0.115,-1.521,0.775,-0.235,0.0986,1.0,1.0,0.28,0.451,1.731,0.063,track
2,649,0.165,-0.765,0.302,0.132,-0.115,-1.521,0.775,-0.235,0.0986,1.0,0.999,0.28,0.451,1.731,0.053,track
2,650,0.165,-0.767,0.305,0.132,-0.115,-1.521,0.773,-0.237,0.0996,1.0,0.999,0.282,0.456,1.737,0.043,track
2,651,0.166,-0.768,0.309,0.132,-0.115,-1.521,0.773,-0.237,0.0996,1.0,0.999,0.282,0.456,1.737,0.028,track
2,652,0.166,-0.769,0.312,0.132,-0.115,-1.521,0.773,-0.237,0.0996,1.0,0.999,0.282,0.456,1.737,0.018,track
2,653,0.167,-0.77,0.315,0.132,-0.115,-1.521,0.773,-0.237,0.0996,1.0,0.999,0.282,0.456,1.737,0.014,track
2,654,0.167,-0.772,0.319,0.132,-0.115,-1.521,0.772,-0.242,0.1006,1.0,0.999,0.28,0.461,1.74,0.016,track
2,655,0.168,-0.773,0.322,0.132,-0.115,-1.521,0.773,-0.247,0.0996,1.0,0.999,0.278,0.456,1.733,0.016,track
2,656,0.168,-0.774,0.325,0.132,-0.115,-1.521,0.773,-0.247,0.0996,1.0,0.999,0.278,0.456,1.733,0.009,track
2,657,0.169,-0.776,0.329,0.132,-0.115,-1.521,0.775,-0.255,0.0977,1.0,0.999,0.271,0.447,1.718,0.007,track
2,658,0.169,-0.777,0.332,0.132,-0.115,-1.521,0.779,-0.255,0.0957,1.0,0.999,0.266,0.438,1.703,0.032,track
2,659,0.169,-0.778,0.335,0.132,-0.115,-1.521,0.779,-0.255,0.0957,1.0,0.999,0.266,0.438,1.703,0.026,track
2,660,0.17,-0.779,0.339,0.132,-0.115,-1.521,0.779,-0.255,0.0957,1.0,0.999,0.266,0.438,1.703,0.014,track
2,661,0.17,-0.781,0.342,0.132,-0.115,-1.521,0.779,-0.255,0.0957,1.0,0.999,0.266,0.438,1.703,0.009,track
2,662,0.171,-0.782,0.345,0.132,-0.115,-1.521,0.779,-0.255,0.0957,1.0,0.999,0.266,0.438,1.703,0.013,track
2,663,0.171,-0.783,0.349,0.132,-0.115,-1.521,0.778,-0.26,0.0947,1.0,0.999,0.266,0.433,1.698,0.017,track
2,664,0.171,-0.785,0.352,0.132,-0.115,-1.521,0.778,-0.26,0.0947,1.0,0.999,0.266,0.433,1.698,0.012,track
2,665,0.171,-0.786,0.355,0.132,-0.115,-1.521,0.778,-0.255,0.0938,1.0,0.999,0.268,0.428,1.695,0.022,track
2,666,0.172,-0.787,0.359,0.132,-0.115,-1.521,0.779,-0.268,0.0908,1.0,0.999,0.261,0.415,1.675,0.039,track
2,667,0.172,-0.789,0.362,0.132,-0.115,-1.521,0.779,-0.268,0.0908,1.0,0.999,0.261,0.415,1.675,0.042,track
2,668,0.172,-0.79,0.365,0.132,-0.115,-1.521,0.781,-0.266,0.0898,1.0,0.999,0.259,0.41,1.669,0.026,track
2,669,0.172,-0.791,0.369,0.132,-0.115,-1.521,0.781,-0.266,0.0898,1.0,0.999,0.259,0.41,1.669,0.034,track
2,670,0.173,-0.793,0.372,0.132,-0.115,-1.521,0.784,-0.273,0.0879,1.0,1.0,0.253,0.402,1.654,0.036,track
2,671,0.173,-0.794,0.375,0.132,-0.115,-1.521,0.787,-0.281,0.0859,1.0,0.999,0.246,0.393,1.638,0.036,track
2,672,0.173,-0.795,0.378,0.132,-0.115,-1.521,0.787,-0.281,0.0859,1.0,0.999,0.246,0.393,1.638,0.029,track
2,673,0.173,-0.797,0.382,0.132,-0.115,-1.521,0.787,-0.281,0.0859,1.0,0.999,0.246,0.393,1.638,0.029,track
2,674,0.173,-0.798,0.385,0.132,-0.115,-1.521,0.79,-0.28,0.085,1.0,1.0,0.244,0.388,1.631,0.025,track
2,675,0.173,-0.799,0.388,0.132,-0.115,-1.521,0.79,-0.28,0.085,1.0,0.999,0.244,0.388,1.631,0.03,track
2,676,0.174,-0.801,0.392,0.132,-0.115,-1.521,0.79,-0.28,0.085,1.0,0.999,0.244,0.388,1.631,0.032,track
2,677,0.174,-0.802,0.395,0.132,-0.115,-1.521,0.79,-0.28,0.085,1.0,0.999,0.244,0.388,1.631,0.033,track
2,678,0.174,-0.803,0.398,0.132,-0.115,-1.521,0.792,-0.281,0.084,1.0,0.999,0.24,0.384,1.624,0.036,track
2,679,0.174,-0.805,0.401,0.132,-0.115,-1.521,0.798,-0.281,0.082,1.0,0.999,0.234,0.375,1.609,0.033,track
2,680,0.174,-0.806,0.404,0.132,-0.115,-1.521,0.8,-0.278,0.0811,1.0,0.999,0.233,0.371,1.603,0.03,track
2,681,0.174,-0.807,0.408,0.132,-0.115,-1.521,0.8,-0.278,0.0811,1.0,0.999,0.233,0.371,1.603,0.036,track
2,682,0.174,-0.809,0.411,0.132,-0.115,-1.521,0.8,-0.278,0.0811,1.0,0.999,0.233,0.371,1.603,0.041,track
2,683,0.174,-0.81,0.414,0.132,-0.115,-1.521,0.802,-0.281,0.0801,1.0,0.999,0.229,0.367,1.595,0.048,track
2,684,0.174,-0.811,0.417,0.132,-0.115,-1.521,0.802,-0.281,0.0801,1.0,0.999,0.229,0.367,1.595,0.048,track
2,685,0.174,-0.812,0.42,0.132,-0.115,-1.521,0.802,-0.281,0.0801,1.0,0.999,0.229,0.367,1.595,0.051,track
2,686,0.174,-0.814,0.423,0.132,-0.115,-1.521,0.802,-0.281,0.0801,1.0,0.999,0.229,0.367,1.595,0.056,track
2,687,0.174,-0.815,0.426,0.132,-0.115,-1.521,0.803,-0.277,0.0791,1.0,0.999,0.229,0.363,1.591,0.059,track
2,688,0.174,-0.816,0.428,0.132,-0.115,-1.521,0.803,-0.277,0.0791,1.0,0.999,0.229,0.363,1.591,0.067,track
2,689,0.174,-0.817,0.431,0.132,-0.115,-1.521,0.803,-0.277,0.0791,1.0,0.999,0.229,0.363,1.591,0.07,track
2,690,0.173,-0.819,0.434,0.132,-0.115,-1.521,0.803,-0.277,0.0791,1.0,0.999,0.229,0.363,1.591,0.073,track
2,691,0.173,-0.82,0.436,0.132,-0.115,-1.521,0.808,-0.278,0.0752,1.0,0.999,0.223,0.346,1.568,0.077,track
2,692,0.173,-0.821,0.439,0.132,-0.115,-1.521,0.808,-0.278,0.0752,1.0,0.999,0.223,0.346,1.568,0.08,track
2,693,0.173,-0.822,0.441,0.132,-0.115,-1.521,0.808,-0.271,0.0742,1.0,0.999,0.226,0.342,1.567,0.08,track
2,694,0.173,-0.824,0.444,0.132,-0.115,-1.521,0.808,-0.271,0.0742,1.0,0.999,0.226,0.342,1.567,0.093,track
2,695,0.173,-0.825,0.446,0.132,-0.115,-1.521,0.808,-0.271,0.0742,1.0,0.999,0.226,0.342,1.567,0.097,track
2,696,0.173,-0.826,0.448,0.132,-0.115,-1.521,0.812,-0.274,0.0723,1.0,0.999,0.221,0.334,1.554,0.1,track
2,697,0.172,-0.827,0.45,0.132,-0.115,-1.521,0.812,-0.274,0.0723,1.0,0.999,0.221,0.334,1.554,0.096,track
2,698,0.172,-0.828,0.452,0.132,-0.115,-1.521,0.812,-0.274,0.0723,1.0,0.999,0.221,0.334,1.554,0.094,track
2,699,0.172,-0.829,0.454,0.132,-0.115,-1.521,0.817,-0.267,0.0684,1.0,0.999,0.218,0.318,1.535,0.095,track
2,700,0.172,-0.83,0.456,0.132,-0.115,-1.521,0.817,-0.267,0.0684,1.0,0.999,0.218,0.318,1.535,0.097,track
2,701,0.172,-0.832,0.458,0.132,-0.115,-1.521,0.82,-0.269,0.0674,1.0,0.999,0.214,0.314,1.527,0.099,track
2,702,0.171,-0.833,0.459,0.132,-0.115,-1.521,0.82,-0.269,0.0674,1.0,0.999,0.214,0.314,1.527,0.093,track
2,703,0.171,-0.834,0.461,0.132,-0.115,-1.521,0.819,-0.257,0.0654,1.0,0.999,0.219,0.306,1.525,0.087,track
2,704,0.171,-0.835,0.462,0.132,-0.115,-1.521,0.819,-0.257,0.0654,1.0,0.999,0.219,0.306,1.525,0.093,track
2,705,0.171,-0.836,0.463,0.132,-0.115,-1.521,0.822,-0.256,0.0645,1.0,0.999,0.217,0.303,1.518,0.1,track
2,706,0.171,-0.837,0.465,0.132,-0.115,-1.521,0.825,-0.257,0.0635,1.0,0.999,0.213,0.299,1.511,0.093,track
2,707,0.17,-0.838,0.466,0.132,-0.115,-1.521,0.828,-0.257,0.0625,1.0,0.999,0.21,0.295,1.504,0.085,track
2,708,0.17,-0.839,0.467,0.132,-0.115,-1.521,0.828,-0.25,0.0615,1.0,0.999,0.212,0.291,1.502,0.078,track
2,709,0.17,-0.84,0.468,0.132,-0.115,-1.521,0.828,-0.25,0.0615,1.0,0.999,0.212,0.291,1.502,0.075,track
2,710,0.17,-0.841,0.469,0.132,-0.115,-1.521,0.828,-0.25,0.0615,1.0,0.999,0.212,0.291,1.502,0.077,track
2,711,0.169,-0.842,0.47,0.132,-0.115,-1.521,0.828,-0.25,0.0615,1.0,0.999,0.212,0.291,1.502,0.074,track
2,712,0.169,-0.843,0.47,0.132,-0.115,-1.521,0.828,-0.25,0.0615,1.0,0.999,0.212,0.291,1.502,0.069,track
2,713,0.169,-0.843,0.471,0.132,-0.115,-1.521,0.828,-0.25,0.0615,1.0,0.999,0.212,0.291,1.502,0.067,track
2,714,0.169,-0.844,0.472,0.132,-0.115,-1.521,0.828,-0.25,0.0615,1.0,0.999,0.212,0.291,1.502,0.062,track
2,715,0.168,-0.845,0.472,0.132,-0.115,-1.521,0.828,-0.25,0.0615,1.0,0.999,0.212,0.291,1.502,0.059,track
2,716,0.168,-0.846,0.473,0.132,-0.115,-1.521,0.83,-0.242,0.0625,1.0,0.999,0.212,0.295,1.506,0.055,track
2,717,0.168,-0.847,0.473,0.132,-0.115,-1.521,0.83,-0.242,0.0625,1.0,0.999,0.212,0.295,1.506,0.058,track
2,718,0.168,-0.848,0.474,0.132,-0.115,-1.521,0.83,-0.242,0.0625,1.0,0.999,0.212,0.295,1.506,0.064,track
2,719,0.167,-0.848,0.474,0.132,-0.115,-1.521,0.83,-0.242,0.0625,1.0,0.999,0.212,0.295,1.506,0.054,track
2,720,0.167,-0.849,0.474,0.132,-0.115,-1.521,0.832,-0.238,0.0615,1.0,0.999,0.211,0.291,1.501,0.048,track
2,721,0.167,-0.85,0.475,0.132,-0.115,-1.521,0.832,-0.238,0.0615,1.0,0.999,0.211,0.291,1.501,0.048,track
2,722,0.167,-0.851,0.475,0.132,-0.115,-1.521,0.832,-0.238,0.0615,1.0,0.999,0.211,0.291,1.501,0.045,track
2,723,0.166,-0.851,0.475,0.132,-0.115,-1.521,0.832,-0.238,0.0615,1.0,0.999,0.211,0.291,1.501,0.043,track
2,724,0.166,-0.852,0.475,0.132,-0.115,-1.521,0.832,-0.238,0.0615,1.0,0.999,0.211,0.291,1.501,0.038,track
2,725,0.166,-0.853,0.475,0.132,-0.115,-1.521,0.832,-0.238,0.0615,1.0,0.999,0.211,0.291,1.501,0.035,track
2,726,0.166,-0.853,0.475,0.132,-0.115,-1.521,0.832,-0.238,0.0615,1.0,0.999,0.211,0.291,1.501,0.031,track
2,727,0.165,-0.854,0.475,0.132,-0.115,-1.521,0.832,-0.238,0.0615,1.0,0.999,0.211,0.291,1.501,0.027,track
2,728,0.165,-0.855,0.475,0.132,-0.115,-1.521,0.832,-0.238,0.0615,1.0,0.999,0.211,0.291,1.501,0.022,track
2,729,0.165,-0.855,0.475,0.132,-0.115,-1.521,0.832,-0.238,0.0615,1.0,0.999,0.211,0.291,1.501,0.018,track
2,730,0.165,-0.856,0.475,0.132,-0.115,-1.521,0.832,-0.238,0.0615,1.0,0.999,0.211,0.291,1.501,0.013,track
2,731,0.165,-0.857,0.475,0.132,-0.115,-1.521,0.831,-0.232,0.0625,1.0,0.999,0.214,0.295,1.508,0.015,track
2,732,0.165,-0.857,0.475,0.132,-0.115,-1.521,0.83,-0.242,0.0625,1.0,0.999,0.212,0.295,1.506,0.008,track
2,733,0.164,-0.858,0.475,0.132,-0.115,-1.521,0.83,-0.242,0.0625,1.0,0.999,0.212,0.295,1.506,0.036,track
2,734,0.164,-0.858,0.475,0.132,-0.115,-1.521,0.829,-0.237,0.0635,1.0,0.999,0.215,0.299,1.513,0.041,track
2,735,0.164,-0.859,0.475,0.132,-0.115,-1.521,0.83,-0.242,0.0625,1.0,0.999,0.212,0.295,1.506,0.03,track
2,736,0.164,-0.859,0.475,0.132,-0.115,-1.521,0.83,-0.242,0.0625,1.0,0.999,0.212,0.295,1.506,0.042,track
2,737,0.164,-0.86,0.475,0.132,-0.115,-1.521,0.828,-0.25,0.0615,1.0,0.999,0.212,0.291,1.502,0.043,track
2,738,0.164,-0.86,0.475,0.132,-0.115,-1.521,0.828,-0.25,0.0615,1.0,0.999,0.212,0.291,1.502,0.065,track
2,739,0.163,-0.861,0.475,0.132,-0.115,-1.521,0.828,-0.257,0.0625,1.0,0.999,0.21,0.295,1.504,0.061,track
2,740,0.163,-0.861,0.475,0.132,-0.115,-1.521,0.825,-0.257,0.0635,1.0,0.999,0.213,0.299,1.511,0.079,track
2,741,0.163,-0.862,0.475,0.132,-0.115,-1.521,0.825,-0.257,0.0635,1.0,0.999,0.213,0.299,1.511,0.072,track
2,742,0.163,-0.862,0.475,0.132,-0.115,-1.521,0.825,-0.257,0.0635,1.0,0.999,0.213,0.299,1.511,0.072,track
2,743,0.163,-0.863,0.476,0.132,-0.115,-1.521,0.825,-0.257,0.0635,1.0,0.999,0.213,0.299,1.511,0.06,track
2,744,0.163,-0.863,0.476,0.132,-0.115,-1.521,0.825,-0.257,0.0635,1.0,0.999,0.213,0.299,1.511,0.061,track
2,745,0.163,-0.864,0.476,0.132,-0.115,-1.521,0.826,-0.27,0.0654,1.0,0.999,0.208,0.306,1.514,0.054,track
2,746,0.163,-0.864,0.476,0.132,-0.115,-1.521,0.826,-0.27,0.0654,1.0,0.999,0.208,0.306,1.514,0.09,track
2,747,0.163,-0.864,0.477,0.132,-0.115,-1.521,0.823,-0.27,0.0664,1.0,0.999,0.211,0.31,1.52,0.104,track
2,748,0.163,-0.865,0.477,0.132,-0.115,-1.521,0.82,-0.269,0.0674,1.0,0.999,0.214,0.314,1.528,0.09,track
2,749,0.163,-0.865,0.478,0.132,-0.115,-1.521,0.814,-0.268,0.0693,1.0,0.999,0.22,0.322,1.542,0.069,track
2,750,0.163,-0.866,0.478,0.132,-0.115,-1.521,0.816,-0.281,0.0703,1.0,0.999,0.214,0.326,1.539,0.068,track
2,751,0.163,-0.866,0.479,0.132,-0.115,-1.521,0.816,-0.281,0.0703,1.0,1.0,0.214,0.326,1.54,0.08,track
2,752,0.163,-0.866,0.48,0.132,-0.115,-1.521,0.816,-0.281,0.0703,1.0,0.999,0.214,0.326,1.539,0.105,track
2,753,0.163,-0.867,0.48,0.132,-0.115,-1.521,0.813,-0.283,0.0713,1.0,0.999,0.216,0.33,1.545,0.09,track
2,754,0.163,-0.867,0.481,0.132,-0.115,-1.521,0.813,-0.29,0.0723,1.0,1.0,0.214,0.334,1.547,0.069,track
2,755,0.163,-0.868,0.482,0.132,-0.115,-1.521,0.81,-0.293,0.0742,1.0,1.0,0.216,0.342,1.558,0.089,track
2,756,0.163,-0.868,0.483,0.132,-0.115,-1.521,0.807,-0.306,0.0723,1.0,1.0,0.214,0.334,1.547,0.084,track
2,757,0.163,-0.868,0.484,0.132,-0.115,-1.521,0.807,-0.306,0.0723,1.0,1.0,0.214,0.334,1.547,0.119,track
2,758,0.163,-0.869,0.485,0.132,-0.115,-1.521,0.805,-0.308,0.0732,1.0,0.999,0.215,0.338,1.553,0.118,track
2,759,0.163,-0.869,0.487,0.132,-0.115,-1.521,0.803,-0.312,0.0742,1.0,0.999,0.215,0.342,1.557,0.124,track
2,760,0.163,-0.87,0.488,0.132,-0.115,-1.521,0.803,-0.312,0.0742,1.0,1.0,0.215,0.342,1.557,0.092,track
2,761,0.163,-0.87,0.489,0.132,-0.115,-1.521,0.803,-0.312,0.0742,1.0,0.999,0.215,0.342,1.557,0.092,track
2,762,0.163,-0.87,0.491,0.132,-0.115,-1.521,0.803,-0.312,0.0742,1.0,0.999,0.215,0.342,1.557,0.075,track
2,763,0.163,-0.871,0.492,0.132,-0.115,-1.521,0.805,-0.319,0.0752,1.0,0.999,0.211,0.346,1.556,0.077,track
2,764,0.163,-0.871,0.494,0.132,-0.115,-1.521,0.803,-0.322,0.0762,1.0,1.0,0.212,0.35,1.562,0.077,track
2,765,0.163,-0.872,0.495,0.132,-0.115,-1.521,0.802,-0.333,0.0762,1.0,0.999,0.208,0.35,1.558,0.083,track
2,766,0.162,-0.872,0.497,0.132,-0.115,-1.521,0.802,-0.333,0.0762,1.0,1.0,0.208,0.35,1.558,0.108,track
2,767,0.162,-0.872,0.499,0.132,-0.115,-1.521,0.803,-0.339,0.0771,1.0,0.999,0.205,0.354,1.558,0.107,track
2,768,0.162,-0.873,0.501,0.132,-0.115,-1.521,0.803,-0.339,0.0771,1.0,0.999,0.205,0.354,1.558,0.115,track
2,769,0.162,-0.873,0.502,0.132,-0.115,-1.521,0.803,-0.339,0.0771,1.0,0.999,0.205,0.354,1.558,0.098,track
2,770,0.162,-0.874,0.504,0.132,-0.115,-1.521,0.803,-0.339,0.0771,1.0,0.999,0.205,0.354,1.558,0.097,track
2,771,0.162,-0.874,0.506,0.132,-0.115,-1.521,0.8,-0.355,0.0762,1.0,0.999,0.2,0.35,1.55,0.066,track
2,772,0.162,-0.875,0.508,0.132,-0.115,-1.521,0.8,-0.355,0.0762,1.0,0.999,0.2,0.35,1.55,0.131,track
2,773,0.162,-0.875,0.511,0.132,-0.115,-1.521,0.801,-0.361,0.0771,1.0,0.999,0.198,0.354,1.551,0.104,track
2,774,0.162,-0.876,0.513,0.132,-0.115,-1.521,0.801,-0.361,0.0771,1.0,0.999,0.198,0.354,1.551,0.125,track
2,775,0.161,-0.876,0.515,0.132,-0.115,-1.521,0.801,-0.361,0.0771,1.0,0.999,0.198,0.354,1.551,0.08,track
2,776,0.161,-0.877,0.517,0.132,-0.115,-1.521,0.8,-0.367,0.0762,1.0,0.999,0.196,0.35,1.545,0.087,track
2,777,0.161,-0.877,0.519,0.132,-0.115,-1.521,0.8,-0.367,0.0762,1.0,0.999,0.196,0.35,1.545,0.055,track
2,778,0.161,-0.878,0.521,0.132,-0.115,-1.521,0.8,-0.367,0.0762,1.0,0.999,0.196,0.35,1.545,0.051,track
2,779,0.161,-0.878,0.524,0.132,-0.115,-1.521,0.8,-0.367,0.0762,1.0,0.999,0.196,0.35,1.545,0.032,track
2,780,0.16,-0.879,0.526,0.132,-0.115,-1.521,0.801,-0.372,0.0752,1.0,0.999,0.193,0.346,1.538,0.028,track
2,781,0.16,-0.879,0.528,0.132,-0.115,-1.521,0.801,-0.372,0.0752,1.0,0.999,0.193,0.346,1.538,0.038,track
2,782,0.16,-0.88,0.53,0.132,-0.115,-1.521,0.801,-0.372,0.0752,1.0,0.999,0.193,0.346,1.538,0.026,track
2,783,0.16,-0.88,0.532,0.132,-0.115,-1.521,0.801,-0.372,0.0752,1.0,0.999,0.193,0.346,1.538,0.031,track
2,784,0.159,-0.881,0.534,0.132,-0.115,-1.521,0.801,-0.372,0.0752,1.0,0.999,0.193,0.346,1.538,0.04,track
2,785,0.159,-0.881,0.536,0.132,-0.115,-1.521,0.805,-0.371,0.0732,1.0,0.999,0.189,0.338,1.526,0.044,track
2,786,0.158,-0.882,0.538,0.132,-0.115,-1.521,0.805,-0.365,0.0723,1.0,0.999,0.192,0.334,1.525,0.049,track
2,787,0.158,-0.882,0.54,0.132,-0.115,-1.521,0.805,-0.365,0.0723,1.0,0.999,0.192,0.334,1.525,0.056,track
2,788,0.158,-0.883,0.542,0.132,-0.115,-1.521,0.805,-0.365,0.0723,1.0,0.999,0.192,0.334,1.525,0.062,track
2,789,0.157,-0.884,0.544,0.132,-0.115,-1.521,0.807,-0.362,0.0713,1.0,0.999,0.191,0.33,1.52,0.067,track
2,790,0.157,-0.884,0.546,0.132,-0.115,-1.521,0.809,-0.35,0.0713,1.0,0.999,0.194,0.33,1.523,0.066,track
2,791,0.156,-0.885,0.547,0.132,-0.115,-1.521,0.808,-0.344,0.0703,1.0,0.999,0.198,0.326,1.523,0.092,track
2,792,0.156,-0.885,0.549,0.132,-0.115,-1.521,0.808,-0.344,0.0703,1.0,0.999,0.198,0.326,1.523,0.105,track
2,793,0.155,-0.886,0.551,0.132,-0.115,-1.521,0.81,-0.337,0.0713,1.0,0.999,0.199,0.33,1.528,0.095,track
2,794,0.155,-0.886,0.552,0.132,-0.115,-1.521,0.811,-0.328,0.0693,1.0,0.999,0.201,0.322,1.523,0.088,track
2,795,0.154,-0.887,0.553,0.132,-0.115,-1.521,0.815,-0.326,0.0674,1.0,0.999,0.198,0.314,1.511,0.105,track
2,796,0.154,-0.888,0.555,0.132,-0.115,-1.521,0.815,-0.326,0.0674,1.0,0.999,0.198,0.314,1.511,0.118,track
2,797,0.153,-0.888,0.556,0.132,-0.115,-1.521,0.818,-0.324,0.0664,1.0,0.999,0.196,0.31,1.505,0.102,track
2,798,0.153,-0.889,0.557,0.132,-0.115,-1.521,0.819,-0.318,0.0654,1.0,0.999,0.197,0.306,1.503,0.099,track
2,799,0.152,-0.889,0.558,0.132,-0.115,-1.521,0.825,-0.319,0.0635,1.0,0.999,0.191,0.299,1.489,0.101,track
2,800,0.152,-0.89,0.559,0.132,-0.115,-1.521,0.828,-0.312,0.0615,1.0,0.999,0.19,0.291,1.481,0.113,track
2,801,0.151,-0.89,0.559,0.132,-0.115,-1.521,0.828,-0.312,0.0615,1.0,0.999,0.19,0.291,1.481,0.127,track
2,802,0.15,-0.891,0.56,0.132,-0.115,-1.521,0.827,-0.309,0.0615,1.0,0.999,0.193,0.291,1.483,0.115,track
2,803,0.15,-0.891,0.561,0.132,-0.115,-1.521,0.831,-0.308,0.0605,1.0,0.999,0.19,0.288,1.476,0.129,track
2,804,0.149,-0.892,0.561,0.132,-0.115,-1.521,0.83,-0.301,0.0596,1.0,0.999,0.193,0.284,1.476,0.108,track
2,805,0.148,-0.892,0.561,0.132,-0.115,-1.521,0.829,-0.295,0.0605,1.0,0.999,0.196,0.288,1.483,0.137,track
2,806,0.148,-0.893,0.562,0.132,-0.115,-1.521,0.83,-0.29,0.0596,1.0,0.999,0.197,0.284,1.48,0.121,track
2,807,0.147,-0.893,0.562,0.132,-0.115,-1.521,0.83,-0.275,0.0596,1.0,0.999,0.202,0.284,1.485,0.128,track
2,808,0.147,-0.894,0.562,0.132,-0.115,-1.521,0.83,-0.275,0.0596,1.0,0.999,0.202,0.284,1.485,0.14,track
2,809,0.146,-0.894,0.562,0.132,-0.115,-1.521,0.83,-0.268,0.0586,1.0,0.999,0.204,0.28,1.483,0.169,track
2,810,0.145,-0.895,0.562,0.132,-0.115,-1.521,0.832,-0.257,0.0586,1.0,0.999,0.205,0.28,1.484,0.16,track
2,811,0.145,-0.895,0.561,0.132,-0.115,-1.521,0.832,-0.257,0.0586,1.0,0.999,0.205,0.28,1.484,0.15,track
2,812,0.144,-0.895,0.561,0.132,-0.115,-1.521,0.832,-0.257,0.0586,1.0,0.998,0.205,0.28,1.484,0.158,track
2,813,0.143,-0.896,0.56,0.132,-0.115,-1.521,0.834,-0.245,0.0586,1.0,0.998,0.207,0.28,1.486,0.146,track
2,814,0.143,-0.896,0.56,0.132,-0.115,-1.521,0.834,-0.245,0.0586,1.0,0.999,0.207,0.28,1.486,0.147,track
2,815,0.142,-0.897,0.559,0.132,-0.115,-1.521,0.836,-0.234,0.0566,1.0,0.998,0.208,0.273,1.479,0.144,track
2,816,0.141,-0.897,0.558,0.132,-0.115,-1.521,0.837,-0.227,0.0557,1.0,0.998,0.21,0.269,1.478,0.168,track
2,817,0.141,-0.897,0.557,0.132,-0.115,-1.521,0.837,-0.211,0.0557,1.0,0.998,0.214,0.269,1.482,0.149,track
2,818,0.14,-0.898,0.555,0.132,-0.115,-1.521,0.837,-0.211,0.0557,1.0,0.998,0.214,0.269,1.482,0.179,track
2,819,0.14,-0.898,0.554,0.132,-0.115,-1.521,0.837,-0.211,0.0557,1.0,0.997,0.214,0.269,1.481,0.196,track
2,820,0.139,-0.898,0.552,0.132,-0.115,-1.521,0.837,-0.2,0.0557,1.0,0.997,0.217,0.269,1.484,0.224,track
2,821,0.138,-0.899,0.55,0.132,-0.115,-1.521,0.839,-0.19,0.0557,1.0,0.997,0.217,0.269,1.484,0.203,track
2,822,0.138,-0.899,0.548,0.132,-0.115,-1.521,0.839,-0.19,0.0557,1.0,0.996,0.217,0.269,1.483,0.202,track
2,823,0.137,-0.899,0.546,0.132,-0.115,-1.521,0.836,-0.186,0.0566,1.0,0.996,0.221,0.273,1.49,0.222,track
2,824,0.137,-0.9,0.543,0.132,-0.115,-1.521,0.837,-0.164,0.0557,1.0,0.996,0.226,0.269,1.491,0.217,track
2,825,0.136,-0.9,0.541,0.132,-0.115,-1.521,0.837,-0.164,0.0557,1.0,0.996,0.226,0.269,1.491,0.202,track
2,826,0.136,-0.9,0.538,0.132,-0.115,-1.521,0.835,-0.156,0.0547,1.0,0.996,0.23,0.266,1.491,0.189,track
2,827,0.135,-0.9,0.535,0.132,-0.115,-1.521,0.837,-0.148,0.0557,1.0,0.996,0.229,0.269,1.494,0.196,track
2,828,0.135,-0.901,0.531,0.132,-0.115,-1.521,0.839,-0.145,0.0547,1.0,0.996,0.227,0.266,1.488,0.178,track
2,829,0.134,-0.901,0.528,0.132,-0.115,-1.521,0.841,-0.14,0.0537,1.0,0.995,0.226,0.262,1.484,0.183,track
2,830,0.134,-0.901,0.524,0.132,-0.115,-1.521,0.841,-0.14,0.0537,1.0,0.995,0.226,0.262,1.484,0.176,track
2,831,0.134,-0.901,0.52,0.132,-0.115,-1.521,0.841,-0.14,0.0537,1.0,0.995,0.226,0.262,1.484,0.165,track
2,832,0.133,-0.902,0.517,0.132,-0.115,-1.521,0.844,-0.142,0.0527,1.0,0.995,0.222,0.259,1.476,0.15,track
2,833,0.133,-0.902,0.512,0.132,-0.115,-1.521,0.844,-0.142,0.0527,1.0,0.995,0.222,0.259,1.476,0.131,track
2,834,0.133,-0.902,0.508,0.132,-0.115,-1.521,0.844,-0.142,0.0527,1.0,0.995,0.222,0.259,1.476,0.102,track
2,835,0.133,-0.902,0.504,0.132,-0.115,-1.521,0.844,-0.142,0.0527,1.0,0.995,0.222,0.259,1.476,0.07,track
2,836,0.132,-0.902,0.5,0.132,-0.115,-1.521,0.842,-0.151,0.0518,1.0,0.995,0.223,0.255,1.473,0.046,track
2,837,0.132,-0.902,0.495,0.132,-0.115,-1.521,0.844,-0.17,0.0527,1.0,0.995,0.217,0.259,1.471,0.033,track
2,838,0.132,-0.903,0.491,0.132,-0.115,-1.521,0.844,-0.17,0.0527,1.0,0.995,0.217,0.259,1.471,0.054,track
2,839,0.132,-0.903,0.486,0.132,-0.115,-1.521,0.844,-0.17,0.0527,1.0,0.995,0.217,0.259,1.471,0.086,track
2,840,0.132,-0.903,0.482,0.132,-0.115,-1.521,0.844,-0.186,0.0527,1.0,0.995,0.213,0.259,1.467,0.097,track
2,841,0.132,-0.903,0.478,0.132,-0.115,-1.521,0.84,-0.195,0.0547,1.0,0.995,0.214,0.266,1.476,0.131,track
2,842,0.132,-0.903,0.474,0.132,-0.115,-1.521,0.84,-0.195,0.0547,1.0,0.996,0.214,0.266,1.476,0.145,track
2,843,0.132,-0.903,0.47,0.132,-0.115,-1.521,0.84,-0.195,0.0547,1.0,0.996,0.214,0.266,1.476,0.161,track
2,844,0.132,-0.903,0.466,0.132,-0.115,-1.521,0.837,-0.211,0.0557,1.0,0.996,0.214,0.269,1.48,0.175,track
2,845,0.132,-0.904,0.462,0.132,-0.115,-1.521,0.838,-0.219,0.0566,1.0,0.997,0.21,0.273,1.48,0.198,track
2,846,0.132,-0.904,0.458,0.132,-0.115,-1.521,0.838,-0.226,0.0576,1.0,0.997,0.209,0.277,1.482,0.199,track
2,847,0.133,-0.904,0.455,0.132,-0.115,-1.521,0.838,-0.226,0.0576,1.0,0.997,0.209,0.277,1.483,0.209,track
2,848,0.133,-0.904,0.452,0.132,-0.115,-1.521,0.839,-0.233,0.0586,1.0,0.998,0.206,0.28,1.484,0.215,track
2,849,0.133,-0.904,0.449,0.132,-0.115,-1.521,0.836,-0.237,0.0596,1.0,0.998,0.208,0.284,1.489,0.233,track
2,850,0.134,-0.904,0.446,0.132,-0.115,-1.521,0.834,-0.245,0.0586,1.0,0.998,0.207,0.28,1.485,0.225,track
2,851,0.134,-0.904,0.443,0.132,-0.115,-1.521,0.833,-0.25,0.0596,1.0,0.998,0.207,0.284,1.489,0.232,track
2,852,0.134,-0.905,0.441,0.132,-0.115,-1.521,0.833,-0.25,0.0596,1.0,0.999,0.207,0.284,1.489,0.237,track
2,853,0.135,-0.905,0.439,0.132,-0.115,-1.521,0.833,-0.25,0.0596,1.0,0.998,0.207,0.284,1.489,0.265,track
2,854,0.135,-0.905,0.437,0.132,-0.115,-1.521,0.833,-0.25,0.0596,1.0,0.998,0.207,0.284,1.489,0.259,track
2,855,0.136,-0.905,0.435,0.132,-0.115,-1.521,0.832,-0.264,0.0596,1.0,0.998,0.203,0.284,1.486,0.265,track
2,856,0.136,-0.905,0.434,0.132,-0.115,-1.521,0.834,-0.272,0.0605,1.0,0.998,0.199,0.288,1.485,0.259,track
2,857,0.137,-0.906,0.433,0.132,-0.115,-1.521,0.831,-0.276,0.0615,1.0,0.998,0.2,0.291,1.489,0.302,track
2,858,0.137,-0.906,0.432,0.132,-0.115,-1.521,0.831,-0.288,0.0635,1.0,0.997,0.197,0.299,1.493,0.295,track
2,859,0.138,-0.906,0.431,0.132,-0.115,-1.521,0.831,-0.295,0.0625,1.0,0.997,0.194,0.295,1.486,0.299,track
2,860,0.139,-0.906,0.431,0.132,-0.115,-1.521,0.831,-0.295,0.0625,1.0,0.996,0.194,0.295,1.485,0.323,track
2,861,0.139,-0.907,0.431,0.132,-0.115,-1.521,0.821,-0.314,0.0654,1.0,0.995,0.197,0.306,1.499,0.339,track
2,862,0.14,-0.907,0.432,0.132,-0.115,-1.521,0.82,-0.332,0.0674,1.0,0.996,0.192,0.314,1.502,0.336,track
2,863,0.141,-0.907,0.432,0.132,-0.115,-1.521,0.821,-0.338,0.0684,1.0,0.995,0.188,0.318,1.502,0.332,track
2,864,0.141,-0.907,0.433,0.132,-0.115,-1.521,0.816,-0.344,0.0703,1.0,0.995,0.19,0.326,1.511,0.348,track
2,865,0.142,-0.908,0.435,0.132,-0.115,-1.521,0.812,-0.364,0.0723,1.0,0.994,0.186,0.334,1.515,0.348,track
2,866,0.143,-0.908,0.437,0.132,-0.115,-1.521,0.809,-0.362,0.0732,1.0,0.995,0.189,0.338,1.523,0.338,track
2,867,0.144,-0.909,0.439,0.132,-0.115,-1.521,0.805,-0.387,0.0742,1.0,0.993,0.182,0.342,1.518,0.356,track
2,868,0.144,-0.909,0.441,0.132,-0.115,-1.521,0.805,-0.399,0.0762,1.0,0.995,0.177,0.35,1.523,0.405,track
2,869,0.145,-0.909,0.444,0.132,-0.115,-1.521,0.803,-0.402,0.0771,1.0,0.992,0.178,0.354,1.525,0.397,track
2,870,0.146,-0.91,0.447,0.132,-0.115,-1.521,0.802,-0.417,0.0781,1.0,0.993,0.172,0.359,1.523,0.366,track
2,871,0.146,-0.91,0.45,0.132,-0.115,-1.521,0.801,-0.423,0.0771,1.0,0.992,0.171,0.354,1.517,0.325,track
2,872,0.147,-0.911,0.454,0.132,-0.115,-1.521,0.796,-0.444,0.0801,1.0,0.992,0.165,0.367,1.524,0.303,track
2,873,0.147,-0.912,0.458,0.132,-0.115,-1.521,0.791,-0.449,0.0811,1.0,0.991,0.167,0.371,1.529,0.275,track
2,874,0.148,-0.912,0.462,0.132,-0.115,-1.521,0.791,-0.459,0.083,1.0,0.99,0.163,0.38,1.533,0.248,track
2,875,0.148,-0.913,0.466,0.132,-0.115,-1.521,0.789,-0.46,0.084,1.0,0.99,0.164,0.384,1.538,0.231,track
2,876,0.149,-0.914,0.471,0.132,-0.115,-1.521,0.787,-0.469,0.0859,1.0,0.989,0.161,0.393,1.543,0.21,track
2,877,0.149,-0.914,0.475,0.132,-0.115,-1.521,0.785,-0.474,0.085,1.0,0.989,0.16,0.388,1.538,0.201,track
2,878,0.15,-0.915,0.48,0.132,-0.115,-1.521,0.785,-0.48,0.084,1.0,0.988,0.158,0.384,1.53,0.17,track
2,879,0.15,-0.916,0.485,0.132,-0.115,-1.521,0.781,-0.492,0.085,1.0,0.989,0.155,0.388,1.532,0.148,track
2,880,0.15,-0.917,0.49,0.132,-0.115,-1.521,0.781,-0.492,0.085,1.0,0.988,0.155,0.388,1.532,0.14,track
2,881,0.151,-0.918,0.495,0.132,-0.115,-1.521,0.781,-0.492,0.085,1.0,0.988,0.155,0.388,1.532,0.115,track
2,882,0.151,-0.919,0.499,0.132,-0.115,-1.521,0.783,-0.501,0.083,1.0,0.988,0.15,0.38,1.517,0.091,track
2,883,0.151,-0.92,0.504,0.132,-0.115,-1.521,0.786,-0.494,0.0811,1.0,0.988,0.151,0.371,1.51,0.076,track
2,884,0.151,-0.921,0.509,0.132,-0.115,-1.521,0.789,-0.495,0.0801,1.0,0.988,0.148,0.367,1.503,0.066,track
2,885,0.151,-0.922,0.514,0.132,-0.115,-1.521,0.797,-0.492,0.0771,1.0,0.988,0.144,0.354,1.486,0.089,track
2,886,0.151,-0.923,0.519,0.132,-0.115,-1.521,0.8,-0.492,0.0762,1.0,0.988,0.142,0.35,1.48,0.112,track
2,887,0.151,-0.924,0.523,0.132,-0.115,-1.521,0.802,-0.476,0.0752,1.0,0.988,0.147,0.346,1.482,0.13,track
2,888,0.151,-0.925,0.527,0.132,-0.115,-1.521,0.802,-0.476,0.0752,1.0,0.989,0.147,0.346,1.482,0.148,track
2,889,0.151,-0.926,0.532,0.132,-0.115,-1.521,0.806,-0.455,0.0732,1.0,0.989,0.153,0.338,1.48,0.16,track
2,890,0.151,-0.927,0.536,0.132,-0.115,-1.521,0.804,-0.448,0.0723,1.0,0.989,0.157,0.334,1.481,0.175,track
2,891,0.151,-0.928,0.54,0.132,-0.115,-1.521,0.807,-0.437,0.0713,1.0,0.99,0.16,0.33,1.479,0.185,track
2,892,0.151,-0.929,0.543,0.132,-0.115,-1.521,0.815,-0.43,0.0664,1.0,0.99,0.156,0.31,1.457,0.202,track
2,893,0.15,-0.93,0.547,0.132,-0.115,-1.521,0.82,-0.428,0.0645,1.0,0.991,0.153,0.303,1.447,0.213,track
2,894,0.15,-0.931,0.55,0.132,-0.115,-1.521,0.828,-0.399,0.0615,1.0,0.991,0.158,0.291,1.441,0.217,track
2,895,0.15,-0.933,0.553,0.132,-0.115,-1.521,0.83,-0.386,0.0615,1.0,0.993,0.162,0.291,1.446,0.226,track
2,896,0.149,-0.934,0.556,0.132,-0.115,-1.521,0.833,-0.375,0.0596,1.0,0.994,0.164,0.284,1.441,0.222,track
2,897,0.149,-0.935,0.559,0.132,-0.115,-1.521,0.833,-0.375,0.0596,1.0,0.994,0.164,0.284,1.442,0.22,track
2,898,0.149,-0.936,0.561,0.132,-0.115,-1.521,0.834,-0.362,0.0576,1.0,0.995,0.168,0.277,1.439,0.191,track
2,899,0.148,-0.937,0.563,0.132,-0.115,-1.521,0.834,-0.332,0.0566,1.0,0.996,0.178,0.273,1.447,0.215,track
2,900,0.148,-0.938,0.565,0.132,-0.115,-1.521,0.833,-0.326,0.0576,1.0,0.997,0.182,0.277,1.455,0.265,track
2,901,0.147,-0.939,0.567,0.132,-0.115,-1.521,0.837,-0.325,0.0557,1.0,0.996,0.179,0.269,1.445,0.273,track
2,902,0.147,-0.941,0.569,0.132,-0.115,-1.521,0.836,-0.311,0.0566,1.0,0.997,0.184,0.273,1.454,0.259,track
2,903,0.146,-0.942,0.57,0.132,-0.115,-1.521,0.837,-0.289,0.0557,1.0,0.998,0.191,0.269,1.458,0.248,track
2,904,0.146,-0.943,0.572,0.132,-0.115,-1.521,0.835,-0.281,0.0547,1.0,0.998,0.195,0.266,1.459,0.252,track
2,905,0.145,-0.944,0.572,0.132,-0.115,-1.521,0.838,-0.278,0.0537,1.0,0.998,0.193,0.262,1.454,0.261,track
2,906,0.145,-0.945,0.573,0.132,-0.115,-1.521,0.841,-0.265,0.0537,1.0,0.998,0.194,0.262,1.455,0.25,track
2,907,0.144,-0.946,0.574,0.132,-0.115,-1.521,0.844,-0.261,0.0518,1.0,0.998,0.192,0.255,1.446,0.228,track
2,908,0.144,-0.948,0.574,0.132,-0.115,-1.521,0.847,-0.25,0.0498,1.0,0.998,0.193,0.249,1.44,0.215,track
2,909,0.143,-0.949,0.574,0.132,-0.115,-1.521,0.85,-0.25,0.0488,1.0,0.998,0.19,0.245,1.433,0.213,track
2,910,0.143,-0.95,0.574,0.132,-0.115,-1.521,0.85,-0.236,0.0469,1.0,0.998,0.194,0.239,1.43,0.211,track
2,911,0.142,-0.951,0.573,0.132,-0.115,-1.521,0.857,-0.22,0.0449,1.0,0.999,0.191,0.232,1.421,0.225,track
2,912,0.141,-0.952,0.573,0.132,-0.115,-1.521,0.857,-0.22,0.0449,1.0,0.998,0.191,0.232,1.421,0.25,track
2,913,0.141,-0.953,0.572,0.132,-0.115,-1.521,0.857,-0.202,0.0449,1.0,0.998,0.195,0.232,1.425,0.267,track
2,914,0.14,-0.954,0.571,0.132,-0.115,-1.521,0.861,-0.188,0.0449,1.0,0.998,0.194,0.232,1.425,0.263,track
2,915,0.14,-0.956,0.569,0.132,-0.115,-1.521,0.862,-0.181,0.0439,1.0,0.998,0.195,0.229,1.421,0.257,track
2,916,0.139,-0.957,0.568,0.132,-0.115,-1.521,0.863,-0.156,0.041,1.0,0.997,0.199,0.219,1.416,0.254,track
2,917,0.139,-0.958,0.566,0.132,-0.115,-1.521,0.863,-0.156,0.041,1.0,0.998,0.199,0.219,1.416,0.244,track
2,918,0.138,-0.959,0.564,0.132,-0.115,-1.521,0.866,-0.152,0.04,1.0,0.997,0.197,0.216,1.41,0.244,track
2,919,0.138,-0.96,0.561,0.132,-0.115,-1.521,0.867,-0.145,0.0391,1.0,0.996,0.197,0.213,1.406,0.232,track
2,920,0.137,-0.961,0.559,0.132,-0.115,-1.521,0.873,-0.137,0.0361,1.0,0.996,0.192,0.204,1.393,0.216,track
2,921,0.136,-0.962,0.556,0.132,-0.115,-1.521,0.883,-0.125,0.0322,1.0,0.996,0.184,0.193,1.373,0.21,track
2,922,0.136,-0.963,0.553,0.132,-0.115,-1.521,0.885,-0.117,0.0312,1.0,0.996,0.183,0.19,1.37,0.198,track
2,923,0.135,-0.964,0.55,0.132,-0.115,-1.521,0.885,-0.107,0.0303,1.0,0.996,0.184,0.187,1.368,0.21,track
2,924,0.135,-0.965,0.546,0.132,-0.115,-1.521,0.888,-0.115,0.0293,1.0,0.996,0.181,0.184,1.361,0.225,track
2,925,0.135,-0.966,0.543,0.132,-0.115,-1.521,0.888,-0.094,0.0273,1.0,0.996,0.183,0.179,1.357,0.236,track
2,926,0.134,-0.967,0.539,0.132,-0.115,-1.521,0.888,-0.094,0.0273,1.0,0.996,0.183,0.179,1.357,0.234,track
2,927,0.134,-0.968,0.535,0.132,-0.115,-1.521,0.888,-0.094,0.0273,1.0,0.996,0.183,0.179,1.357,0.249,track
2,928,0.133,-0.969,0.53,0.132,-0.115,-1.521,0.889,-0.083,0.0264,1.0,0.995,0.183,0.176,1.354,0.257,track
2,929,0.133,-0.97,0.526,0.132,-0.115,-1.521,0.892,-0.077,0.0254,1.0,0.995,0.181,0.173,1.349,0.256,track
2,930,0.133,-0.971,0.521,0.132,-0.115,-1.521,0.893,-0.068,0.0234,1.0,0.995,0.18,0.168,1.343,0.257,track
2,931,0.132,-0.972,0.516,0.132,-0.115,-1.521,0.893,-0.068,0.0234,1.0,0.994,0.18,0.168,1.343,0.259,track
2,932,0.132,-0.973,0.51,0.132,-0.115,-1.521,0.897,-0.062,0.0225,1.0,0.994,0.177,0.166,1.337,0.262,track
2,933,0.132,-0.974,0.505,0.132,-0.115,-1.521,0.905,-0.065,0.0205,1.0,0.994,0.169,0.161,1.324,0.258,track
2,934,0.131,-0.975,0.499,0.132,-0.115,-1.521,0.909,-0.062,0.0195,1.0,0.994,0.165,0.158,1.317,0.246,track
2,935,0.131,-0.976,0.493,0.132,-0.115,-1.521,0.911,-0.049,0.0186,1.0,0.994,0.164,0.156,1.314,0.238,track
2,936,0.131,-0.977,0.486,0.132,-0.115,-1.521,0.911,-0.049,0.0186,1.0,0.994,0.164,0.156,1.314,0.227,track
2,937,0.131,-0.977,0.48,0.132,-0.115,-1.521,0.911,-0.049,0.0186,1.0,0.994,0.164,0.156,1.314,0.22,track
2,938,0.131,-0.978,0.473,0.132,-0.115,-1.521,0.911,-0.049,0.0186,1.0,0.993,0.164,0.156,1.314,0.218,track
2,939,0.131,-0.979,0.466,0.132,-0.115,-1.521,0.911,-0.049,0.0186,1.0,0.993,0.164,0.156,1.314,0.2,track
2,940,0.131,-0.98,0.459,0.132,-0.115,-1.521,0.909,-0.062,0.0195,1.0,0.994,0.165,0.158,1.317,0.175,track
2,941,0.131,-0.981,0.452,0.132,-0.115,-1.521,0.909,-0.062,0.0195,1.0,0.994,0.165,0.158,1.317,0.148,track
2,942,0.131,-0.981,0.444,0.132,-0.115,-1.521,0.911,-0.076,0.0186,1.0,0.994,0.163,0.156,1.312,0.112,track
2,943,0.131,-0.982,0.437,0.132,-0.115,-1.521,0.911,-0.076,0.0186,1.0,0.994,0.163,0.156,1.313,0.063,track
2,944,0.131,-0.983,0.429,0.132,-0.115,-1.521,0.911,-0.076,0.0186,1.0,0.995,0.163,0.156,1.313,0.065,track
2,945,0.131,-0.984,0.422,0.132,-0.115,-1.521,0.912,-0.094,0.0195,1.0,0.995,0.16,0.158,1.313,0.093,track
2,946,0.131,-0.984,0.414,0.132,-0.115,-1.521,0.912,-0.094,0.0195,1.0,0.995,0.16,0.158,1.314,0.151,track
2,947,0.131,-0.985,0.407,0.132,-0.115,-1.521,0.912,-0.094,0.0195,1.0,0.996,0.16,0.158,1.314,0.174,track
2,948,0.132,-0.986,0.4,0.132,-0.115,-1.521,0.912,-0.094,0.0195,1.0,0.996,0.16,0.158,1.314,0.219,track
2,949,0.132,-0.986,0.393,0.132,-0.115,-1.521,0.912,-0.094,0.0195,1.0,0.996,0.16,0.158,1.315,0.256,track
2,950,0.132,-0.987,0.386,0.132,-0.115,-1.521,0.911,-0.112,0.0186,1.0,0.997,0.16,0.156,1.312,0.293,track
2,951,0.133,-0.988,0.38,0.132,-0.115,-1.521,0.911,-0.112,0.0186,1.0,0.997,0.16,0.156,1.312,0.318,track
2,952,0.133,-0.988,0.374,0.132,-0.115,-1.521,0.911,-0.138,0.0186,1.0,0.997,0.156,0.156,1.309,0.375,track
2,953,0.134,-0.989,0.368,0.132,-0.115,-1.521,0.911,-0.138,0.0186,1.0,0.997,0.156,0.156,1.309,0.385,track
2,954,0.134,-0.99,0.363,0.132,-0.115,-1.521,0.911,-0.138,0.0186,1.0,0.997,0.156,0.156,1.309,0.423,track
2,955,0.135,-0.99,0.358,0.132,-0.115,-1.521,0.912,-0.156,0.0195,1.0,0.997,0.153,0.158,1.308,0.442,track
2,956,0.136,-0.991,0.354,0.132,-0.115,-1.521,0.912,-0.156,0.0195,1.0,0.997,0.153,0.158,1.308,0.456,track
2,957,0.136,-0.992,0.35,0.132,-0.115,-1.521,0.912,-0.156,0.0195,1.0,0.997,0.153,0.158,1.308,0.484,track
2,958,0.137,-0.992,0.346,0.132,-0.115,-1.521,0.911,-0.17,0.0205,1.0,0.997,0.152,0.161,1.31,0.499,track
2,959,0.138,-0.993,0.343,0.132,-0.115,-1.521,0.902,-0.174,0.0225,1.0,0.997,0.159,0.166,1.321,0.504,track
2,960,0.139,-0.994,0.341,0.132,-0.115,-1.521,0.904,-0.19,0.0234,1.0,0.996,0.155,0.168,1.319,0.515,track
2,961,0.14,-0.995,0.339,0.132,-0.115,-1.521,0.897,-0.192,0.0254,1.0,0.996,0.16,0.173,1.33,0.51,track
2,962,0.14,-0.995,0.338,0.132,-0.115,-1.521,0.893,-0.199,0.0273,1.0,0.997,0.163,0.179,1.338,0.513,track
2,963,0.141,-0.996,0.337,0.132,-0.115,-1.521,0.893,-0.199,0.0273,1.0,0.997,0.163,0.179,1.338,0.496,track
2,964,0.142,-0.997,0.336,0.132,-0.115,-1.521,0.89,-0.205,0.0283,1.0,0.996,0.164,0.182,1.342,0.481,track
2,965,0.143,-0.998,0.336,0.132,-0.115,-1.521,0.889,-0.212,0.0303,1.0,0.996,0.163,0.187,1.346,0.47,track
2,966,0.144,-0.998,0.337,0.132,-0.115,-1.521,0.886,-0.229,0.0322,1.0,0.996,0.162,0.193,1.35,0.46,track
2,967,0.145,-0.999,0.338,0.132,-0.115,-1.521,0.886,-0.229,0.0322,1.0,0.996,0.162,0.193,1.35,0.454,track
2,968,0.146,-1.0,0.339,0.132,-0.115,-1.521,0.886,-0.219,0.0332,1.0,0.995,0.164,0.196,1.355,0.447,track
2,969,0.147,-1.001,0.341,0.132,-0.115,-1.521,0.882,-0.239,0.0332,1.0,0.995,0.163,0.196,1.354,0.427,track
2,970,0.149,-1.002,0.343,0.132,-0.115,-1.521,0.884,-0.252,0.0342,1.0,0.996,0.159,0.198,1.353,0.406,track
2,971,0.15,-1.003,0.346,0.132,-0.115,-1.521,0.877,-0.253,0.0361,1.0,0.995,0.164,0.204,1.364,0.394,track
2,972,0.151,-1.004,0.349,0.132,-0.115,-1.521,0.873,-0.261,0.0381,1.0,0.995,0.165,0.21,1.37,0.379,track
2,973,0.152,-1.005,0.352,0.132,-0.115,-1.521,0.867,-0.261,0.04,1.0,0.995,0.171,0.216,1.382,0.358,track
2,974,0.153,-1.006,0.356,0.132,-0.115,-1.521,0.866,-0.268,0.041,1.0,0.994,0.17,0.219,1.384,0.322,track
2,975,0.154,-1.007,0.359,0.132,-0.115,-1.521,0.863,-0.272,0.042,1.0,0.995,0.171,0.223,1.388,0.296,track
2,976,0.155,-1.009,0.364,0.132,-0.115,-1.521,0.861,-0.27,0.0449,1.0,0.995,0.173,0.232,1.4,0.265,track
2,977,0.156,-1.01,0.368,0.132,-0.115,-1.521,0.862,-0.279,0.0459,1.0,0.995,0.171,0.235,1.401,0.235,track
2,978,0.157,-1.011,0.373,0.132,-0.115,-1.521,0.862,-0.279,0.0459,1.0,0.995,0.171,0.235,1.401,0.228,track
2,979,0.158,-1.013,0.378,0.132,-0.115,-1.521,0.859,-0.284,0.0469,1.0,0.994,0.171,0.239,1.404,0.208,track
2,980,0.159,-1.014,0.383,0.132,-0.115,-1.521,0.859,-0.284,0.0469,1.0,0.994,0.171,0.239,1.404,0.223,track
2,981,0.161,-1.016,0.388,0.132,-0.115,-1.521,0.858,-0.291,0.0479,1.0,0.993,0.17,0.242,1.405,0.218,track
2,982,0.162,-1.017,0.393,0.132,-0.115,-1.521,0.86,-0.281,0.0488,1.0,0.993,0.172,0.245,1.41,0.23,track
2,983,0.163,-1.019,0.399,0.132,-0.115,-1.521,0.86,-0.281,0.0488,1.0,0.992,0.172,0.245,1.409,0.21,track
2,984,0.164,-1.02,0.404,0.132,-0.115,-1.521,0.86,-0.281,0.0488,1.0,0.992,0.172,0.245,1.409,0.213,track
2,985,0.165,-1.022,0.41,0.132,-0.115,-1.521,0.86,-0.281,0.0488,1.0,0.992,0.172,0.245,1.409,0.201,track
2,986,0.166,-1.024,0.415,0.132,-0.115,-1.521,0.86,-0.281,0.0488,1.0,0.991,0.172,0.245,1.408,0.193,track
2,987,0.167,-1.026,0.421,0.132,-0.115,-1.521,0.86,-0.281,0.0488,1.0,0.991,0.172,0.245,1.408,0.184,track
2,988,0.168,-1.027,0.427,0.132,-0.115,-1.521,0.86,-0.281,0.0488,1.0,0.991,0.172,0.245,1.407,0.175,track
2,989,0.169,-1.029,0.432,0.132,-0.115,-1.521,0.861,-0.274,0.0479,1.0,0.99,0.173,0.242,1.405,0.166,track
2,990,0.17,-1.031,0.438,0.132,-0.115,-1.521,0.859,-0.264,0.0469,1.0,0.99,0.177,0.239,1.406,0.148,track
2,991,0.171,-1.033,0.443,0.132,-0.115,-1.521,0.859,-0.264,0.0469,1.0,0.99,0.177,0.239,1.405,0.131,track
2,992,0.171,-1.035,0.448,0.132,-0.115,-1.521,0.859,-0.255,0.0459,1.0,0.99,0.18,0.235,1.405,0.134,track
2,993,0.172,-1.037,0.454,0.132,-0.115,-1.521,0.859,-0.255,0.0459,1.0,0.989,0.18,0.235,1.404,0.121,track
2,994,0.173,-1.039,0.459,0.132,-0.115,-1.521,0.861,-0.25,0.0449,1.0,0.989,0.179,0.232,1.4,0.128,track
2,995,0.174,-1.042,0.464,0.132,-0.115,-1.521,0.861,-0.25,0.0449,1.0,0.989,0.179,0.232,1.4,0.118,track
2,996,0.175,-1.044,0.469,0.132,-0.115,-1.521,0.861,-0.25,0.0449,1.0,0.989,0.179,0.232,1.4,0.126,track
2,997,0.176,-1.046,0.474,0.132,-0.115,-1.521,0.861,-0.25,0.0449,1.0,0.989,0.179,0.232,1.4,0.119,track
2,998,0.177,-1.048,0.478,0.132,-0.115,-1.521,0.861,-0.25,0.0449,1.0,0.988,0.179,0.232,1.4,0.125,track
2,999,0.177,-1.05,0.483,0.132,-0.115,-1.521,0.862,-0.234,0.043,1.0,0.988,0.182,0.226,1.396,0.134,track
2,1000,0.178,-1.053,0.487,0.132,-0.115,-1.521,0.863,-0.219,0.041,1.0,0.988,0.185,0.219,1.393,0.152,track
2,1001,0.179,-1.055,0.491,0.132,-0.115,-1.521,0.863,-0.219,0.041,1.0,0.988,0.185,0.219,1.393,0.22,track
2,1002,0.18,-1.058,0.496,0.132,-0.115,-1.521,0.863,-0.219,0.041,1.0,0.988,0.185,0.219,1.393,0.23,track
2,1003,0.18,-1.06,0.499,0.132,-0.115,-1.521,0.864,-0.192,0.0439,1.0,0.988,0.191,0.229,1.408,0.205,track
2,1004,0.181,-1.063,0.503,0.132,-0.115,-1.521,0.868,-0.18,0.042,1.0,0.988,0.19,0.223,1.4,0.214,track
2,1005,0.182,-1.065,0.506,0.132,-0.115,-1.521,0.863,-0.156,0.041,1.0,0.988,0.199,0.219,1.407,0.232,track
2,1006,0.183,-1.068,0.509,0.132,-0.115,-1.521,0.863,-0.156,0.041,1.0,0.988,0.199,0.219,1.407,0.252,track
2,1007,0.183,-1.07,0.512,0.132,-0.115,-1.521,0.866,-0.152,0.04,1.0,0.989,0.197,0.216,1.402,0.271,track
2,1008,0.184,-1.073,0.515,0.132,-0.115,-1.521,0.865,-0.125,0.0371,1.0,0.989,0.202,0.207,1.399,0.253,track
2,1009,0.185,-1.075,0.517,0.132,-0.115,-1.521,0.872,-0.125,0.0352,1.0,0.99,0.195,0.201,1.387,0.252,track
2,1010,0.185,-1.078,0.519,0.132,-0.115,-1.521,0.883,-0.125,0.0322,1.0,0.99,0.184,0.193,1.368,0.266,track
2,1011,0.186,-1.081,0.521,0.132,-0.115,-1.521,0.885,-0.117,0.0312,1.0,0.991,0.183,0.19,1.364,0.242,track
2,1012,0.187,-1.084,0.523,0.132,-0.115,-1.521,0.883,-0.094,0.0293,1.0,0.991,0.187,0.184,1.363,0.23,track
2,1013,0.187,-1.086,0.524,0.132,-0.115,-1.521,0.888,-0.073,0.0293,1.0,0.991,0.185,0.184,1.361,0.239,track
2,1014,0.188,-1.089,0.525,0.132,-0.115,-1.521,0.887,-0.062,0.0303,1.0,0.992,0.186,0.187,1.365,0.265,track
2,1015,0.189,-1.092,0.526,0.132,-0.115,-1.521,0.89,-0.069,0.0293,1.0,0.992,0.184,0.184,1.36,0.28,track
2,1016,0.189,-1.095,0.527,0.132,-0.115,-1.521,0.891,-0.037,0.0264,1.0,0.992,0.184,0.176,1.352,0.275,track
2,1017,0.19,-1.098,0.527,0.132,-0.115,-1.521,0.891,-0.037,0.0264,1.0,0.992,0.184,0.176,1.352,0.303,track
2,1018,0.191,-1.1,0.527,0.132,-0.115,-1.521,0.903,-0.026,0.0215,1.0,0.992,0.173,0.163,1.328,0.281,track
2,1019,0.191,-1.103,0.527,0.132,-0.115,-1.521,0.911,-0.013,0.0186,1.0,0.992,0.166,0.156,1.313,0.276,track
2,1020,0.192,-1.106,0.527,0.132,-0.115,-1.521,0.913,0.0,0.0176,1.0,0.991,0.164,0.153,1.308,0.283,track
2,1021,0.193,-1.109,0.526,0.132,-0.115,-1.521,0.914,0.031,0.0156,1.0,0.991,0.163,0.148,1.302,0.296,track
2,1022,0.193,-1.112,0.525,0.132,-0.115,-1.521,0.917,0.021,0.0146,1.0,0.99,0.161,0.146,1.296,0.352,track
2,1023,0.194,-1.115,0.524,0.132,-0.115,-1.521,0.926,0.068,0.0107,1.0,0.99,0.15,0.137,1.277,0.299,track
2,1024,0.195,-1.118,0.522,0.132,-0.115,-1.521,0.938,0.062,0.0068,1.0,0.988,0.142,0.128,1.258,0.391,track
2,1025,0.195,-1.121,0.52,0.132,-0.115,-1.521,0.938,0.094,0.0059,1.0,0.989,0.139,0.126,1.254,0.342,track
2,1026,0.196,-1.124,0.518,0.132,-0.115,-1.521,0.938,0.094,0.0059,1.0,0.99,0.139,0.126,1.255,0.376,track
2,1027,0.197,-1.127,0.516,0.132,-0.115,-1.521,0.938,0.125,0.0049,1.0,0.99,0.137,0.124,1.251,0.359,track
2,1028,0.198,-1.13,0.513,0.132,-0.115,-1.521,0.0,0.0,0.0,0.0,0.99,0.0,0.0,-0.01,0.375,track
2,1029,0.198,-1.133,0.51,0.132,-0.115,-1.521,0.0,0.0,0.0,0.0,0.964,0.0,0.0,-0.036,0.958,track
2,1030,0.199,-1.136,0.507,0.132,-0.115,-1.521,0.0,0.0,0.0,0.0,0.882,0.0,0.0,-0.118,0.897,track
2,1031,0.2,-1.139,0.503,0.132,-0.115,-1.521,0.0,0.0,0.0,0.0,0.782,0.0,0.0,-0.218,0.703,track
2,1032,0.201,-1.142,0.5,0.132,-0.115,-1.521,0.0,0.0,0.0,0.0,0.677,0.0,0.0,-0.323,0.652,track
2,1033,0.202,-1.145,0.497,0.132,-0.115,-1.521,0.0,0.0,0.0,0.0,0.599,0.0,0.0,-0.401,0.522,track
2,1034,0.203,-1.147,0.494,0.132,-0.115,-1.521,0.0,0.0,0.0,0.0,0.534,0.0,0.0,-0.466,0.555,track
2,1035,0.203,-1.15,0.491,0.132,-0.115,-1.521,0.0,0.0,0.0,0.0,0.474,0.0,0.0,-0.526,0.558,track
2,1036,0.204,-1.152,0.488,0.132,-0.115,-1.521,0.0,0.0,0.0,0.0,0.423,0.0,0.0,-0.577,0.493,track
2,1037,0.204,-1.154,0.486,0.132,-0.115,-1.521,0.0,0.0,0.0,0.0,0.379,0.0,0.0,-0.621,0.37,track
2,1038,0.205,-1.156,0.484,0.132,-0.115,-1.521,0.0,0.0,0.0,0.0,0.335,0.0,0.0,-0.665,0.328,track
2,1039,0.205,-1.157,0.482,0.132,-0.115,-1.521,0.0,0.0,0.0,0.0,0.286,0.0,0.0,-0.714,0.276,track
2,1040,0.205,-1.159,0.48,0.132,-0.115,-1.521,0.0,0.0,0.0,0.0,0.23,0.0,0.0,-0.77,0.272,track
2,1041,0.205,-1.159,0.478,0.132,-0.115,-1.521,0.0,0.0,0.0,0.0,0.168,0.0,0.0,-0.832,0.425,track
2,1042,0.204,-1.16,0.475,0.132,-0.115,-1.521,0.0,0.0,0.0,0.0,0.109,0.0,0.0,-0.891,0.604,track
2,1043,0.203,-1.16,0.473,0.132,-0.115,-1.521,0.0,0.0,0.0,0.0,0.062,0.0,0.0,-0.938,0.706,track
2,1044,0.202,-1.16,0.47,0.132,-0.115,-1.521,0.0,0.0,0.0,0.0,0.032,0.0,0.0,-0.968,0.74,track
2,1045,0.2,-1.159,0.467,0.132,-0.115,-1.521,0.0,0.0,0.0,0.0,0.016,0.0,0.0,-0.984,0.639,track
2,1046,0.198,-1.157,0.463,0.132,-0.115,-1.521,0.0,0.0,0.0,0.0,0.007,0.0,0.0,-0.993,0.652,track
2,1047,0.195,-1.155,0.46,0.132,-0.115,-1.521,0.0,0.0,0.0,0.0,0.002,0.0,0.0,-0.998,0.688,track
2,1048,0.192,-1.153,0.455,0.132,-0.115,-1.521,0.0,0.0,0.0,0.0,0.002,0.0,0.0,-0.998,1.0,search
2,1049,0.188,-1.149,0.451,0.132,-0.115,-1.521,0.0,0.0,0.0,0.0,0.002,0.0,0.0,-0.998,1.0,search
2,1050,0.184,-1.145,0.445,0.132,-0.115,-1.521,0.0,0.0,0.0,0.0,0.002,0.0,0.0,-0.998,0.982,search
2,1051,0.178,-1.141,0.439,0.132,-0.115,-1.521,0.0,0.0,0.0,0.0,0.002,0.0,0.0,-0.998,0.938,search
2,1052,0.173,-1.136,0.433,0.132,-0.115,-1.521,0.0,0.0,0.0,0.0,0.001,0.0,0.0,-0.999,0.881,search
2,1053,0.166,-1.13,0.425,0.132,-0.115,-1.521,0.0,0.0,0.0,0.0,0.001,0.0,0.0,-0.999,0.805,search
2,1054,0.159,-1.124,0.416,0.132,-0.115,-1.521,0.0,0.0,0.0,0.0,0.001,0.0,0.0,-0.999,0.781,search
2,1055,0.152,-1.118,0.407,0.132,-0.115,-1.521,0.0,0.0,0.0,0.0,0.001,0.0,0.0,-0.999,0.771,search
2,1056,0.144,-1.111,0.397,0.132,-0.115,-1.521,0.0,0.0,0.0,0.0,0.0,0.0,0.0,-1.0,0.663,search
2,1057,0.135,-1.103,0.385,0.132,-0.115,-1.521,0.0,0.0,0.0,0.0,0.0,0.0,0.0,-1.0,0.811,search
2,1058,0.125,-1.094,0.373,0.132,-0.115,-1.521,0.0,0.0,0.0,0.0,0.0,0.0,0.0,-11.0,0.822,search
3,1,-0.018,0.114,-0.122,-0.018,0.114,-1.515,-0.114,0.023,0.2764,1.0,0.977,1.92,0.908,3.806,0.701,track
3,2,-0.018,0.115,-0.123,-0.018,0.114,-1.515,-0.095,0.056,0.2822,1.0,0.961,1.928,0.866,3.755,0.841,track
3,3,-0.018,0.115,-0.123,-0.018,0.114,-1.515,-0.098,0.11,0.2812,1.0,0.943,1.875,0.873,3.69,0.46,track
3,4,-0.018,0.115,-0.125,-0.018,0.114,-1.515,-0.104,0.153,0.2803,1.0,0.965,1.805,0.88,3.651,0.356,track
3,5,-0.018,0.115,-0.126,-0.018,0.114,-1.515,-0.11,0.194,0.2793,1.0,0.964,1.723,0.888,3.574,0.289,track
3,6,-0.018,0.115,-0.128,-0.018,0.114,-1.515,-0.114,0.227,0.2793,1.0,0.972,1.648,0.888,3.508,0.197,track
3,7,-0.018,0.115,-0.129,-0.018,0.114,-1.515,-0.117,0.254,0.2803,1.0,0.975,1.583,0.88,3.438,0.147,track
3,8,-0.018,0.115,-0.131,-0.018,0.114,-1.515,-0.116,0.274,0.2803,1.0,0.978,1.534,0.88,3.392,0.149,track
3,9,-0.019,0.115,-0.133,-0.018,0.114,-1.515,-0.111,0.29,0.2803,1.0,0.978,1.497,0.88,3.356,0.132,track
3,10,-0.019,0.115,-0.135,-0.018,0.114,-1.515,-0.103,0.307,0.2803,1.0,0.979,1.461,0.88,3.32,0.067,track
3,11,-0.019,0.114,-0.137,-0.018,0.114,-1.515,-0.096,0.312,0.2812,1.0,0.979,1.452,0.873,3.304,0.06,track
3,12,-0.019,0.114,-0.139,-0.018,0.114,-1.515,-0.092,0.325,0.2812,1.0,0.98,1.421,0.873,3.274,0.048,track
3,13,-0.02,0.113,-0.141,-0.018,0.114,-1.515,-0.087,0.332,0.2783,1.0,0.981,1.405,0.895,3.28,0.081,track
3,14,-0.02,0.113,-0.143,-0.018,0.114,-1.515,-0.081,0.33,0.2783,1.0,0.982,1.414,0.895,3.291,0.076,track
3,15,-0.021,0.112,-0.145,-0.018,0.114,-1.515,-0.07,0.336,0.2744,1.0,0.983,1.405,0.921,3.308,0.05,track
3,16,-0.021,0.111,-0.147,-0.018,0.114,-1.515,-0.063,0.337,0.2725,1.0,0.984,1.405,0.932,3.32,0.089,track
3,17,-0.021,0.111,-0.148,-0.018,0.114,-1.515,-0.055,0.338,0.2744,1.0,0.984,1.407,0.921,3.311,0.082,track
3,18,-0.022,0.11,-0.15,-0.018,0.114,-1.515,-0.05,0.335,0.2773,1.0,0.984,1.418,0.901,3.303,0.098,track
3,19,-0.022,0.109,-0.152,-0.018,0.114,-1.515,-0.044,0.339,0.2812,1.0,0.985,1.41,0.873,3.268,0.1,track
3,20,-0.023,0.108,-0.154,-0.018,0.114,-1.515,-0.044,0.336,0.2822,1.0,0.985,1.417,0.866,3.268,0.119,track
3,21,-0.023,0.106,-0.155,-0.018,0.114,-1.515,-0.042,0.329,0.2842,1.0,0.985,1.439,0.85,3.274,0.137,track
3,22,-0.024,0.105,-0.157,-0.018,0.114,-1.515,-0.04,0.325,0.2842,1.0,0.985,1.449,0.85,3.284,0.173,track
3,23,-0.024,0.103,-0.159,-0.018,0.114,-1.515,-0.038,0.321,0.2861,1.0,0.985,1.462,0.834,3.282,0.196,track
3,24,-0.025,0.102,-0.16,-0.018,0.114,-1.515,-0.034,0.316,0.2871,1.0,0.985,1.477,0.826,3.288,0.213,track
3,25,-0.025,0.1,-0.162,-0.018,0.114,-1.515,-0.033,0.313,0.2891,1.0,0.986,1.486,0.809,3.281,0.235,track
3,26,-0.026,0.099,-0.163,-0.018,0.114,-1.515,-0.035,0.307,0.29,1.0,0.986,1.501,0.8,3.287,0.247,track
3,27,-0.026,0.097,-0.165,-0.018,0.114,-1.515,-0.034,0.294,0.291,1.0,0.986,1.539,0.792,3.316,0.267,track
3,28,-0.027,0.095,-0.166,-0.018,0.114,-1.515,-0.035,0.288,0.292,1.0,0.986,1.553,0.783,3.322,0.304,track
3,29,-0.028,0.093,-0.168,-0.018,0.114,-1.515,-0.031,0.272,0.2969,1.0,0.986,1.598,0.737,3.321,0.326,track
3,30,-0.028,0.09,-0.169,-0.018,0.114,-1.515,-0.031,0.267,0.2979,1.0,0.986,1.61,0.728,3.323,0.367,track
3,31,-0.029,0.088,-0.17,-0.018,0.114,-1.515,-0.03,0.264,0.2959,1.0,0.986,1.619,0.746,3.351,0.381,track
3,32,-0.029,0.086,-0.171,-0.018,0.114,-1.515,-0.026,0.246,0.2949,1.0,0.986,1.665,0.756,3.406,0.384,track
3,33,-0.03,0.083,-0.173,-0.018,0.114,-1.515,-0.026,0.232,0.2979,1.0,0.986,1.699,0.728,3.413,0.415,track
3,34,-0.031,0.081,-0.174,-0.018,0.114,-1.515,-0.025,0.218,0.2979,1.0,0.986,1.73,0.728,3.443,0.442,track
3,35,-0.031,0.078,-0.175,-0.018,0.114,-1.515,-0.021,0.204,0.2949,1.0,0.986,1.763,0.756,3.504,0.455,track
3,36,-0.032,0.076,-0.176,-0.018,0.114,-1.515,-0.019,0.193,0.2979,1.0,0.985,1.787,0.728,3.5,0.438,track
3,37,-0.033,0.073,-0.176,-0.018,0.114,-1.515,-0.014,0.172,0.2949,1.0,0.985,1.829,0.756,3.57,0.422,track
3,38,-0.033,0.07,-0.177,-0.018,0.114,-1.515,-0.004,0.158,0.2979,1.0,0.985,1.855,0.728,3.568,0.378,track
3,39,-0.034,0.067,-0.178,-0.018,0.114,-1.515,0.0,0.14,0.2949,1.0,0.986,1.886,0.756,3.628,0.368,track
3,40,-0.035,0.064,-0.179,-0.018,0.114,-1.515,0.008,0.117,0.2949,1.0,0.985,1.919,0.756,3.66,0.318,track
3,41,-0.035,0.061,-0.18,-0.018,0.114,-1.515,0.014,0.102,0.291,1.0,0.985,1.937,0.792,3.714,0.307,track
3,42,-0.036,0.058,-0.18,-0.018,0.114,-1.515,0.02,0.081,0.293,1.0,0.984,1.959,0.774,3.717,0.303,track
3,43,-0.036,0.055,-0.181,-0.018,0.114,-1.515,0.022,0.06,0.29,1.0,0.984,1.976,0.8,3.76,0.302,track
3,44,-0.037,0.051,-0.182,-0.018,0.114,-1.515,0.025,0.034,0.29,1.0,0.982,1.989,0.8,3.772,0.313,track
3,45,-0.038,0.048,-0.183,-0.018,0.114,-1.515,0.027,0.016,0.2891,1.0,0.982,1.994,0.809,3.785,0.319,track
3,46,-0.038,0.045,-0.184,-0.018,0.114,-1.515,0.029,-0.018,0.2881,1.0,0.981,1.993,0.818,3.792,0.316,track
3,47,-0.039,0.041,-0.185,-0.018,0.114,-1.515,0.031,-0.038,0.2861,1.0,0.98,1.986,0.834,3.8,0.304,track
3,48,-0.04,0.038,-0.186,-0.018,0.114,-1.515,0.03,-0.075,0.2881,1.0,0.98,1.961,0.818,3.759,0.326,track
3,49,-0.04,0.034,-0.187,-0.018,0.114,-1.515,0.031,-0.099,0.2812,1.0,0.976,1.937,0.873,3.786,0.284,track
3,50,-0.041,0.03,-0.188,-0.018,0.114,-1.515,0.028,-0.142,0.2793,1.0,0.977,1.877,0.888,3.742,0.302,track
3,51,-0.041,0.027,-0.188,-0.018,0.114,-1.515,0.029,-0.169,0.2773,1.0,0.972,1.831,0.901,3.705,0.258,track
3,52,-0.042,0.023,-0.189,-0.018,0.114,-1.515,0.028,-0.211,0.2764,1.0,0.975,1.747,0.908,3.63,0.236,track
3,53,-0.043,0.019,-0.189,-0.018,0.114,-1.515,0.027,-0.248,0.2803,1.0,0.969,1.66,0.88,3.51,0.256,track
3,54,-0.043,0.016,-0.19,-0.018,0.114,-1.515,0.027,-0.284,0.2734,1.0,0.966,1.567,0.927,3.46,0.213,track
3,55,-0.044,0.012,-0.19,-0.018,0.114,-1.515,0.029,-0.321,0.2656,1.0,0.959,1.463,0.967,3.389,0.271,track
3,56,-0.045,0.008,-0.189,-0.018,0.114,-1.515,0.033,-0.354,0.2627,1.0,0.954,1.368,0.978,3.3,0.335,track
3,57,-0.045,0.005,-0.189,-0.018,0.114,-1.515,0.039,-0.384,0.252,1.0,0.953,1.28,0.999,3.232,0.358,track
3,58,-0.046,0.001,-0.188,-0.018,0.114,-1.515,0.051,-0.407,0.2383,1.0,0.954,1.208,0.995,3.157,0.324,track
3,59,-0.046,-0.003,-0.186,-0.018,0.114,-1.515,0.055,-0.422,0.2275,1.0,0.957,1.16,0.983,3.099,0.285,track
3,60,-0.047,-0.006,-0.185,-0.018,0.114,-1.515,0.066,-0.443,0.2168,1.0,0.964,1.094,0.962,3.021,0.183,track
3,61,-0.048,-0.01,-0.183,-0.018,0.114,-1.515,0.076,-0.459,0.2061,1.0,0.962,1.044,0.935,2.941,0.179,track
3,62,-0.048,-0.013,-0.181,-0.018,0.114,-1.515,0.088,-0.48,0.2021,1.0,0.969,0.978,0.924,2.87,0.167,track
3,63,-0.049,-0.017,-0.179,-0.018,0.114,-1.515,0.093,-0.51,0.1963,1.0,0.964,0.893,0.905,2.762,0.168,track
3,64,-0.05,-0.02,-0.177,-0.018,0.114,-1.515,0.105,-0.524,0.1934,1.0,0.968,0.848,0.895,2.71,0.16,track
3,65,-0.051,-0.023,-0.175,-0.018,0.114,-1.515,0.121,-0.543,0.1895,1.0,0.964,0.791,0.88,2.635,0.121,track
3,66,-0.051,-0.027,-0.173,-0.018,0.114,-1.515,0.134,-0.556,0.1836,1.0,0.966,0.75,0.858,2.575,0.157,track
3,67,-0.052,-0.03,-0.171,-0.018,0.114,-1.515,0.148,-0.578,0.1797,1.0,0.961,0.686,0.842,2.49,0.13,track
3,68,-0.053,-0.033,-0.169,-0.018,0.114,-1.515,0.154,-0.595,0.1768,1.0,0.964,0.643,0.83,2.437,0.154,track
3,69,-0.053,-0.036,-0.167,-0.018,0.114,-1.515,0.171,-0.614,0.1748,1.0,0.959,0.591,0.822,2.372,0.147,track
3,70,-0.054,-0.038,-0.165,-0.018,0.114,-1.515,0.183,-0.628,0.1758,1.0,0.962,0.555,0.826,2.342,0.191,track
3,71,-0.055,-0.041,-0.163,-0.018,0.114,-1.515,0.196,-0.636,0.1709,1.0,0.956,0.53,0.805,2.29,0.212,track
3,72,-0.055,-0.044,-0.161,-0.018,0.114,-1.515,0.21,-0.645,0.168,1.0,0.959,0.503,0.792,2.253,0.242,track
3,73,-0.056,-0.046,-0.159,-0.018,0.114,-1.515,0.223,-0.658,0.165,1.0,0.953,0.47,0.778,2.202,0.273,track
3,74,-0.057,-0.049,-0.157,-0.018,0.114,-1.515,0.238,-0.668,0.166,1.0,0.955,0.443,0.783,2.181,0.232,track
3,75,-0.057,-0.051,-0.155,-0.018,0.114,-1.515,0.251,-0.674,0.165,1.0,0.949,0.424,0.778,2.151,0.299,track
3,76,-0.058,-0.053,-0.154,-0.018,0.114,-1.515,0.265,-0.676,0.1641,1.0,0.953,0.412,0.774,2.138,0.32,track
3,77,-0.058,-0.055,-0.152,-0.018,0.114,-1.515,0.279,-0.673,0.1641,1.0,0.946,0.408,0.774,2.127,0.355,track
3,78,-0.059,-0.057,-0.151,-0.018,0.114,-1.515,0.286,-0.676,0.166,1.0,0.949,0.397,0.783,2.129,0.458,track
3,79,-0.06,-0.059,-0.15,-0.018,0.114,-1.515,0.307,-0.685,0.165,1.0,0.943,0.369,0.778,2.091,0.469,track
3,80,-0.06,-0.061,-0.149,-0.018,0.114,-1.515,0.315,-0.688,0.165,1.0,0.947,0.36,0.778,2.085,0.533,track
3,81,-0.061,-0.063,-0.148,-0.018,0.114,-1.515,0.326,-0.686,0.165,1.0,0.941,0.354,0.778,2.073,0.534,track
3,82,-0.061,-0.064,-0.147,-0.018,0.114,-1.515,0.333,-0.68,0.1641,1.0,0.944,0.357,0.774,2.076,0.602,track
3,83,-0.062,-0.066,-0.146,-0.018,0.114,-1.515,0.343,-0.673,0.166,1.0,0.941,0.361,0.783,2.084,0.56,track
3,84,-0.062,-0.067,-0.146,-0.018,0.114,-1.515,0.357,-0.676,0.167,1.0,0.942,0.346,0.787,2.076,0.626,track
3,85,-0.063,-0.068,-0.145,-0.018,0.114,-1.515,0.366,-0.68,0.1709,1.0,0.942,0.335,0.805,2.082,0.552,track
3,86,-0.063,-0.069,-0.145,-0.018,0.114,-1.515,0.371,-0.68,0.1689,1.0,0.942,0.33,0.796,2.069,0.56,track
3,87,-0.063,-0.07,-0.144,-0.018,0.114,-1.515,0.377,-0.678,0.1719,1.0,0.943,0.329,0.809,2.081,0.531,track
3,88,-0.064,-0.071,-0.144,-0.018,0.114,-1.515,0.392,-0.67,0.1699,1.0,0.943,0.328,0.8,2.072,0.529,track
3,89,-0.064,-0.072,-0.143,-0.018,0.114,-1.515,0.395,-0.667,0.1729,1.0,0.946,0.329,0.813,2.088,0.416,track
3,90,-0.064,-0.072,-0.143,-0.018,0.114,-1.515,0.399,-0.658,0.1748,1.0,0.945,0.339,0.822,2.106,0.412,track
3,91,-0.064,-0.073,-0.143,-0.018,0.114,-1.515,0.403,-0.653,0.1768,1.0,0.948,0.343,0.83,2.121,0.365,track
3,92,-0.065,-0.073,-0.143,-0.018,0.114,-1.515,0.41,-0.643,0.1816,1.0,0.947,0.349,0.85,2.146,0.362,track
3,93,-0.065,-0.074,-0.142,-0.018,0.114,-1.515,0.411,-0.644,0.1836,1.0,0.951,0.347,0.858,2.156,0.312,track
3,94,-0.065,-0.074,-0.142,-0.018,0.114,-1.515,0.419,-0.647,0.1865,1.0,0.95,0.337,0.869,2.157,0.307,track
3,95,-0.065,-0.074,-0.142,-0.018,0.114,-1.515,0.422,-0.647,0.1895,1.0,0.953,0.334,0.88,2.168,0.34,track
3,96,-0.065,-0.074,-0.142,-0.018,0.114,-1.515,0.424,-0.637,0.1924,1.0,0.952,0.345,0.891,2.188,0.343,track
3,97,-0.065,-0.074,-0.142,-0.018,0.114,-1.515,0.429,-0.631,0.1963,1.0,0.955,0.349,0.905,2.209,0.347,track
3,98,-0.065,-0.074,-0.143,-0.018,0.114,-1.515,0.43,-0.623,0.2002,1.0,0.954,0.358,0.917,2.23,0.354,track
3,99,-0.065,-0.073,-0.143,-0.018,0.114,-1.515,0.429,-0.621,0.2012,1.0,0.958,0.362,0.921,2.241,0.372,track
3,100,-0.065,-0.073,-0.143,-0.018,0.114,-1.515,0.429,-0.621,0.2012,1.0,0.957,0.362,0.921,2.24,0.259,track
3,101,-0.065,-0.073,-0.144,-0.018,0.114,-1.515,0.427,-0.62,0.2021,1.0,0.96,0.366,0.924,2.25,0.269,track
3,102,-0.065,-0.072,-0.144,-0.018,0.114,-1.515,0.429,-0.615,0.2041,1.0,0.96,0.37,0.929,2.26,0.26,track
3,103,-0.065,-0.071,-0.145,-0.018,0.114,-1.515,0.433,-0.605,0.209,1.0,0.962,0.38,0.943,2.285,0.214,track
3,104,-0.064,-0.071,-0.146,-0.018,0.114,-1.515,0.43,-0.598,0.2129,1.0,0.962,0.392,0.953,2.308,0.267,track
3,105,-0.064,-0.07,-0.147,-0.018,0.114,-1.515,0.432,-0.595,0.2148,1.0,0.964,0.395,0.958,2.317,0.246,track
3,106,-0.064,-0.069,-0.148,-0.018,0.114,-1.515,0.425,-0.587,0.2178,1.0,0.965,0.413,0.965,2.343,0.277,track
3,107,-0.064,-0.068,-0.149,-0.018,0.114,-1.515,0.426,-0.577,0.2207,1.0,0.967,0.428,0.971,2.365,0.268,track
3,108,-0.063,-0.067,-0.151,-0.018,0.114,-1.515,0.421,-0.566,0.2236,1.0,0.968,0.449,0.976,2.392,0.272,track
3,109,-0.063,-0.066,-0.152,-0.018,0.114,-1.515,0.423,-0.559,0.2266,1.0,0.969,0.458,0.981,2.408,0.263,track
3,110,-0.063,-0.064,-0.154,-0.018,0.114,-1.515,0.422,-0.547,0.2295,1.0,0.97,0.478,0.986,2.434,0.249,track
3,111,-0.062,-0.063,-0.157,-0.018,0.114,-1.515,0.414,-0.526,0.2324,1.0,0.971,0.521,0.989,2.482,0.243,track
3,112,-0.062,-0.062,-0.159,-0.018,0.114,-1.515,0.412,-0.519,0.2334,1.0,0.972,0.536,0.99,2.498,0.227,track
3,113,-0.061,-0.06,-0.161,-0.018,0.114,-1.515,0.404,-0.5,0.2363,1.0,0.974,0.579,0.994,2.547,0.207,track
3,114,-0.061,-0.059,-0.164,-0.018,0.114,-1.515,0.402,-0.484,0.2383,1.0,0.973,0.61,0.995,2.578,0.199,track
3,115,-0.06,-0.057,-0.167,-0.018,0.114,-1.515,0.396,-0.473,0.2422,1.0,0.976,0.639,0.998,2.613,0.203,track
3,116,-0.06,-0.056,-0.169,-0.018,0.114,-1.515,0.388,-0.457,0.2441,1.0,0.976,0.68,0.999,2.655,0.195,track
3,117,-0.059,-0.054,-0.172,-0.018,0.114,-1.515,0.382,-0.446,0.2471,1.0,0.98,0.71,1.0,2.689,0.218,track
3,118,-0.058,-0.052,-0.175,-0.018,0.114,-1.515,0.369,-0.433,0.2471,1.0,0.98,0.758,1.0,2.738,0.204,track
3,119,-0.058,-0.051,-0.178,-0.018,0.114,-1.515,0.357,-0.41,0.248,1.0,0.981,0.823,1.0,2.804,0.214,track
3,120,-0.057,-0.049,-0.181,-0.018,0.114,-1.515,0.341,-0.398,0.2412,1.0,0.98,0.877,0.997,2.854,0.186,track
3,121,-0.056,-0.047,-0.184,-0.018,0.114,-1.515,0.326,-0.387,0.2393,1.0,0.982,0.929,0.996,2.907,0.173,track
3,122,-0.056,-0.045,-0.187,-0.018,0.114,-1.515,0.304,-0.375,0.2412,1.0,0.983,0.993,0.997,2.974,0.139,track
3,123,-0.055,-0.043,-0.19,-0.018,0.114,-1.515,0.286,-0.36,0.2412,1.0,0.983,1.061,0.997,3.041,0.14,track
3,124,-0.054,-0.042,-0.193,-0.018,0.114,-1.515,0.272,-0.341,0.2383,1.0,0.985,1.129,0.995,3.109,0.128,track
3,125,-0.053,-0.04,-0.196,-0.018,0.114,-1.515,0.263,-0.331,0.2314,1.0,0.987,1.171,0.988,3.146,0.135,track
3,126,-0.052,-0.038,-0.198,-0.018,0.114,-1.515,0.243,-0.317,0.2334,1.0,0.989,1.239,0.99,3.218,0.087,track
3,127,-0.051,-0.036,-0.201,-0.018,0.114,-1.515,0.228,-0.308,0.2305,1.0,0.989,1.288,0.987,3.264,0.094,track
3,128,-0.05,-0.034,-0.204,-0.018,0.114,-1.515,0.215,-0.285,0.2227,1.0,0.99,1.365,0.974,3.329,0.082,track
3,129,-0.05,-0.032,-0.206,-0.018,0.114,-1.515,0.203,-0.279,0.2188,1.0,0.99,1.399,0.967,3.356,0.069,track
3,130,-0.049,-0.03,-0.209,-0.018,0.114,-1.515,0.189,-0.266,0.2148,1.0,0.99,1.452,0.958,3.401,0.046,track
3,131,-0.048,-0.028,-0.211,-0.018,0.114,-1.515,0.177,-0.255,0.2178,1.0,0.991,1.497,0.965,3.452,0.043,track
3,132,-0.047,-0.026,-0.213,-0.018,0.114,-1.515,0.163,-0.234,0.2158,1.0,0.991,1.568,0.96,3.519,0.017,track
3,133,-0.046,-0.024,-0.216,-0.018,0.114,-1.515,0.162,-0.228,0.2178,1.0,0.99,1.582,0.965,3.536,0.058,track
3,134,-0.045,-0.023,-0.218,-0.018,0.114,-1.515,0.154,-0.189,0.2051,1.0,0.99,1.673,0.932,3.595,0.037,track
3,135,-0.044,-0.021,-0.221,-0.018,0.114,-1.515,0.145,-0.18,0.2002,1.0,0.989,1.702,0.917,3.609,0.133,track
3,136,-0.043,-0.019,-0.223,-0.018,0.114,-1.515,0.123,-0.166,0.2021,1.0,0.988,1.761,0.924,3.672,0.105,track
3,137,-0.041,-0.017,-0.225,-0.018,0.114,-1.515,0.113,-0.149,0.1982,1.0,0.99,1.8,0.911,3.701,0.16,track
3,138,-0.04,-0.016,-0.227,-0.018,0.114,-1.515,0.105,-0.131,0.1943,1.0,0.987,1.838,0.898,3.724,0.17,track
3,139,-0.039,-0.014,-0.229,-0.018,0.114,-1.515,0.096,-0.12,0.1924,1.0,0.989,1.863,0.891,3.743,0.18,track
3,140,-0.038,-0.012,-0.231,-0.018,0.114,-1.515,0.094,-0.105,0.1914,1.0,0.988,1.885,0.888,3.76,0.192,track
3,141,-0.037,-0.011,-0.233,-0.018,0.114,-1.515,0.09,-0.106,0.1865,1.0,0.989,1.887,0.869,3.746,0.158,track
3,142,-0.036,-0.009,-0.235,-0.018,0.114,-1.515,0.082,-0.086,0.1807,1.0,0.988,1.917,0.846,3.752,0.234,track
3,143,-0.035,-0.008,-0.237,-0.018,0.114,-1.515,0.07,-0.083,0.1719,1.0,0.989,1.93,0.809,3.729,0.147,track
3,144,-0.034,-0.007,-0.238,-0.018,0.114,-1.515,0.059,-0.074,0.1719,1.0,0.989,1.947,0.809,3.745,0.191,track
3,145,-0.032,-0.005,-0.24,-0.018,0.114,-1.515,0.046,-0.076,0.1748,1.0,0.989,1.953,0.822,3.764,0.126,track
3,146,-0.031,-0.004,-0.241,-0.018,0.114,-1.515,0.052,-0.075,0.1758,1.0,0.989,1.951,0.826,3.766,0.093,track
3,147,-0.03,-0.003,-0.243,-0.018,0.114,-1.515,0.058,-0.086,0.1729,1.0,0.989,1.937,0.813,3.739,0.109,track
3,148,-0.029,-0.002,-0.244,-0.018,0.114,-1.515,0.049,-0.088,0.1699,1.0,0.988,1.94,0.8,3.729,0.162,track
3,149,-0.028,-0.001,-0.245,-0.018,0.114,-1.515,0.052,-0.088,0.167,1.0,0.988,1.938,0.787,3.713,0.1,track
3,150,-0.026,-0.0,-0.246,-0.018,0.114,-1.515,0.051,-0.103,0.1602,1.0,0.988,1.922,0.756,3.666,0.133,track
3,151,-0.025,0.001,-0.247,-0.018,0.114,-1.515,0.052,-0.115,0.1621,1.0,0.987,1.907,0.765,3.658,0.159,track
3,152,-0.024,0.002,-0.248,-0.018,0.114,-1.515,0.049,-0.113,0.1621,1.0,0.987,1.911,0.765,3.663,0.152,track
3,153,-0.023,0.002,-0.249,-0.018,0.114,-1.515,0.053,-0.133,0.1543,1.0,0.988,1.881,0.728,3.597,0.155,track
3,154,-0.021,0.003,-0.25,-0.018,0.114,-1.515,0.043,-0.138,0.1504,1.0,0.987,1.879,0.709,3.574,0.203,track
3,155,-0.02,0.004,-0.25,-0.018,0.114,-1.515,0.048,-0.183,0.1504,1.0,0.988,1.796,0.709,3.492,0.155,track
3,156,-0.019,0.004,-0.251,-0.018,0.114,-1.515,0.041,-0.168,0.1523,1.0,0.983,1.828,0.718,3.529,0.287,track
3,157,-0.018,0.005,-0.252,-0.018,0.114,-1.515,0.055,-0.189,0.1494,1.0,0.989,1.78,0.704,3.473,0.33,track
3,158,-0.016,0.005,-0.252,-0.018,0.114,-1.515,0.042,-0.218,0.1514,1.0,0.987,1.726,0.713,3.426,0.224,track
3,159,-0.015,0.006,-0.252,-0.018,0.114,-1.515,0.047,-0.212,0.1406,1.0,0.986,1.736,0.66,3.382,0.115,track
3,160,-0.014,0.006,-0.253,-0.018,0.114,-1.515,0.046,-0.223,0.1426,1.0,0.99,1.713,0.67,3.373,0.246,track
3,161,-0.012,0.007,-0.253,-0.018,0.114,-1.515,0.051,-0.221,0.1436,1.0,0.99,1.714,0.675,3.378,0.124,track
3,162,-0.011,0.007,-0.253,-0.018,0.114,-1.515,0.048,-0.222,0.1348,1.0,0.991,1.713,0.631,3.334,0.173,track
3,163,-0.01,0.008,-0.253,-0.018,0.114,-1.515,0.057,-0.234,0.1357,1.0,0.992,1.681,0.636,3.308,0.113,track
3,164,-0.009,0.008,-0.253,-0.018,0.114,-1.515,0.054,-0.215,0.1377,1.0,0.992,1.725,0.645,3.363,0.094,track
3,165,-0.007,0.009,-0.252,-0.018,0.114,-1.515,0.053,-0.215,0.1367,1.0,0.993,1.727,0.64,3.36,0.203,track
3,166,-0.006,0.009,-0.252,-0.018,0.114,-1.515,0.054,-0.219,0.1357,1.0,0.994,1.716,0.636,3.346,0.134,track
3,167,-0.005,0.009,-0.251,-0.018,0.114,-1.515,0.051,-0.23,0.1357,1.0,0.993,1.693,0.636,3.322,0.098,track
3,168,-0.004,0.01,-0.251,-0.018,0.114,-1.515,0.06,-0.23,0.1367,1.0,0.994,1.687,0.64,3.322,0.089,track
3,169,-0.003,0.01,-0.251,-0.018,0.114,-1.515,0.058,-0.226,0.1348,1.0,0.994,1.698,0.631,3.323,0.067,track
3,170,-0.002,0.011,-0.25,-0.018,0.114,-1.515,0.061,-0.222,0.1367,1.0,0.995,1.705,0.64,3.34,0.086,track
3,171,-0.0,0.011,-0.25,-0.018,0.114,-1.515,0.062,-0.23,0.1377,1.0,0.995,1.687,0.645,3.327,0.038,track
3,172,0.001,0.011,-0.249,-0.018,0.114,-1.515,0.064,-0.223,0.1357,1.0,0.995,1.703,0.636,3.333,0.068,track
3,173,0.002,0.012,-0.249,-0.018,0.114,-1.515,0.058,-0.219,0.1357,1.0,0.995,1.714,0.636,3.345,0.124,track
3,174,0.003,0.012,-0.249,-0.018,0.114,-1.515,0.06,-0.224,0.1367,1.0,0.995,1.702,0.64,3.337,0.077,track
3,175,0.004,0.013,-0.248,-0.018,0.114,-1.515,0.06,-0.224,0.1367,1.0,0.995,1.702,0.64,3.337,0.08,track
3,176,0.006,0.013,-0.248,-0.018,0.114,-1.515,0.064,-0.228,0.1367,1.0,0.995,1.691,0.64,3.327,0.078,track
3,177,0.007,0.013,-0.248,-0.018,0.114,-1.515,0.053,-0.232,0.1357,1.0,0.995,1.689,0.636,3.319,0.079,track
3,178,0.008,0.014,-0.247,-0.018,0.114,-1.515,0.046,-0.227,0.1357,1.0,0.995,1.704,0.636,3.335,0.105,track
3,179,0.009,0.014,-0.247,-0.018,0.114,-1.515,0.045,-0.233,0.1367,1.0,0.995,1.69,0.64,3.326,0.101,track
3,180,0.01,0.015,-0.247,-0.018,0.114,-1.515,0.048,-0.231,0.1396,1.0,0.995,1.692,0.655,3.343,0.104,track
3,181,0.011,0.015,-0.246,-0.018,0.114,-1.515,0.046,-0.236,0.1406,1.0,0.996,1.681,0.66,3.337,0.067,track
3,182,0.012,0.016,-0.246,-0.018,0.114,-1.515,0.041,-0.243,0.1396,1.0,0.995,1.667,0.655,3.317,0.097,track
3,183,0.014,0.016,-0.246,-0.018,0.114,-1.515,0.044,-0.238,0.1377,1.0,0.996,1.677,0.645,3.318,0.07,track
3,184,0.015,0.016,-0.246,-0.018,0.114,-1.515,0.043,-0.234,0.1367,1.0,0.996,1.688,0.64,3.324,0.079,track
3,185,0.016,0.017,-0.246,-0.018,0.114,-1.515,0.043,-0.237,0.1357,1.0,0.996,1.682,0.636,3.313,0.069,track
3,186,0.017,0.017,-0.246,-0.018,0.114,-1.515,0.054,-0.238,0.1377,1.0,0.996,1.672,0.645,3.313,0.062,track
3,187,0.018,0.018,-0.246,-0.018,0.114,-1.515,0.051,-0.241,0.1367,1.0,0.996,1.668,0.64,3.304,0.018,track
3,188,0.019,0.018,-0.246,-0.018,0.114,-1.515,0.05,-0.244,0.1367,1.0,0.996,1.661,0.64,3.298,0.03,track
3,189,0.02,0.019,-0.246,-0.018,0.114,-1.515,0.048,-0.249,0.1367,1.0,0.996,1.649,0.64,3.285,0.027,track
3,190,0.021,0.019,-0.246,-0.018,0.114,-1.515,0.046,-0.244,0.1357,1.0,0.996,1.662,0.636,3.293,0.046,track
3,191,0.022,0.02,-0.246,-0.018,0.114,-1.515,0.044,-0.25,0.1367,1.0,0.996,1.65,0.64,3.286,0.094,track
3,192,0.024,0.02,-0.246,-0.018,0.114,-1.515,0.043,-0.249,0.1377,1.0,0.996,1.652,0.645,3.293,0.095,track
3,193,0.025,0.021,-0.246,-0.018,0.114,-1.515,0.038,-0.248,0.1387,1.0,0.996,1.656,0.65,3.303,0.068,track
3,194,0.026,0.021,-0.246,-0.018,0.114,-1.515,0.036,-0.239,0.1387,1.0,0.996,1.679,0.65,3.325,0.089,track
3,195,0.027,0.022,-0.246,-0.018,0.114,-1.515,0.034,-0.251,0.1406,1.0,0.996,1.65,0.66,3.306,0.136,track
3,196,0.028,0.022,-0.246,-0.018,0.114,-1.515,0.034,-0.251,0.1406,1.0,0.996,1.65,0.66,3.307,0.192,track
3,197,0.029,0.023,-0.246,-0.018,0.114,-1.515,0.028,-0.253,0.1396,1.0,0.997,1.648,0.655,3.299,0.099,track
3,198,0.03,0.023,-0.247,-0.018,0.114,-1.515,0.014,-0.257,0.1396,1.0,0.997,1.641,0.655,3.293,0.105,track
3,199,0.031,0.024,-0.247,-0.018,0.114,-1.515,0.017,-0.254,0.1338,1.0,0.997,1.646,0.626,3.269,0.158,track
3,200,0.032,0.024,-0.247,-0.018,0.114,-1.515,0.02,-0.25,0.1328,1.0,0.997,1.655,0.621,3.273,0.134,track
3,201,0.033,0.025,-0.248,-0.018,0.114,-1.515,0.005,-0.238,0.1318,1.0,0.997,1.687,0.616,3.3,0.092,track
3,202,0.034,0.025,-0.249,-0.018,0.114,-1.515,0.002,-0.242,0.1309,1.0,0.996,1.678,0.611,3.285,0.19,track
3,203,0.035,0.026,-0.249,-0.018,0.114,-1.515,0.007,-0.229,0.1309,1.0,0.997,1.709,0.611,3.317,0.185,track
3,204,0.036,0.026,-0.25,-0.018,0.114,-1.515,0.005,-0.235,0.1309,1.0,0.996,1.694,0.611,3.302,0.151,track
3,205,0.037,0.027,-0.251,-0.018,0.114,-1.515,0.007,-0.234,0.1299,1.0,0.998,1.698,0.606,3.301,0.208,track
3,206,0.038,0.028,-0.252,-0.018,0.114,-1.515,0.003,-0.236,0.1309,1.0,0.998,1.691,0.611,3.3,0.088,track
3,207,0.039,0.028,-0.253,-0.018,0.114,-1.515,0.008,-0.226,0.1279,1.0,0.998,1.716,0.596,3.31,0.121,track
3,208,0.04,0.029,-0.254,-0.018,0.114,-1.515,0.004,-0.212,0.126,1.0,0.998,1.748,0.586,3.332,0.133,track
3,209,0.041,0.029,-0.255,-0.018,0.114,-1.515,0.004,-0.21,0.126,1.0,0.997,1.751,0.586,3.335,0.133,track
3,210,0.042,0.03,-0.256,-0.018,0.114,-1.515,0.0,-0.217,0.126,1.0,0.998,1.736,0.586,3.32,0.152,track
3,211,0.043,0.03,-0.257,-0.018,0.114,-1.515,0.007,-0.211,0.123,1.0,0.998,1.75,0.571,3.32,0.162,track
3,212,0.043,0.031,-0.259,-0.018,0.114,-1.515,0.002,-0.218,0.1201,1.0,0.998,1.734,0.557,3.289,0.055,track
3,213,0.044,0.031,-0.26,-0.018,0.114,-1.515,-0.002,-0.21,0.1201,1.0,0.998,1.752,0.557,3.307,0.123,track
3,214,0.045,0.032,-0.261,-0.018,0.114,-1.515,0.0,-0.212,0.1182,1.0,0.998,1.747,0.547,3.292,0.089,track
3,215,0.046,0.032,-0.263,-0.018,0.114,-1.515,0.006,-0.2,0.1104,1.0,0.998,1.773,0.508,3.279,0.06,track
3,216,0.047,0.033,-0.264,-0.018,0.114,-1.515,-0.002,-0.212,0.1084,1.0,0.998,1.747,0.498,3.244,0.144,track
3,217,0.048,0.033,-0.265,-0.018,0.114,-1.515,-0.006,-0.198,0.1074,1.0,0.998,1.778,0.494,3.27,0.175,track
3,218,0.049,0.034,-0.267,-0.018,0.114,-1.515,-0.017,-0.194,0.1064,1.0,0.998,1.784,0.489,3.271,0.159,track
3,219,0.05,0.034,-0.268,-0.018,0.114,-1.515,-0.016,-0.194,0.1055,1.0,0.998,1.784,0.484,3.266,0.131,track
3,220,0.051,0.035,-0.269,-0.018,0.114,-1.515,-0.031,-0.192,0.1064,1.0,0.998,1.785,0.489,3.273,0.123,track
3,221,0.052,0.035,-0.271,-0.018,0.114,-1.515,-0.037,-0.192,0.1016,1.0,0.998,1.784,0.465,3.247,0.155,track
3,222,0.053,0.036,-0.272,-0.018,0.114,-1.515,-0.035,-0.18,0.1016,1.0,0.998,1.809,0.465,3.272,0.123,track
3,223,0.054,0.036,-0.274,-0.018,0.114,-1.515,-0.036,-0.173,0.0986,1.0,0.998,1.821,0.451,3.27,0.107,track
3,224,0.055,0.036,-0.276,-0.018,0.114,-1.515,-0.019,-0.172,0.0938,1.0,0.998,1.828,0.428,3.255,0.127,track
3,225,0.056,0.037,-0.277,-0.018,0.114,-1.515,-0.013,-0.186,0.0869,1.0,0.998,1.802,0.397,3.197,0.058,track
3,226,0.057,0.037,-0.279,-0.018,0.114,-1.515,-0.03,-0.173,0.083,1.0,0.997,1.824,0.38,3.2,0.226,track
3,227,0.058,0.038,-0.281,-0.018,0.114,-1.515,-0.034,-0.159,0.0801,1.0,0.998,1.848,0.367,3.213,0.155,track
3,228,0.059,0.038,-0.283,-0.018,0.114,-1.515,-0.049,-0.145,0.0742,1.0,0.998,1.865,0.342,3.204,0.113,track
3,229,0.06,0.038,-0.284,-0.018,0.114,-1.515,-0.035,-0.157,0.0742,1.0,0.997,1.851,0.342,3.189,0.166,track
3,230,0.06,0.039,-0.286,-0.018,0.114,-1.515,-0.057,-0.156,0.0732,1.0,0.998,1.842,0.338,3.177,0.204,track
3,231,0.061,0.039,-0.287,-0.018,0.114,-1.515,-0.068,-0.134,0.0723,1.0,0.998,1.869,0.334,3.201,0.142,track
3,232,0.062,0.039,-0.289,-0.018,0.114,-1.515,-0.042,-0.13,0.0674,1.0,0.997,1.892,0.314,3.203,0.144,track
3,233,0.063,0.039,-0.291,-0.018,0.114,-1.515,-0.026,-0.155,0.0625,1.0,0.997,1.857,0.295,3.149,0.066,track
3,234,0.064,0.04,-0.292,-0.018,0.114,-1.515,-0.05,-0.16,0.0615,1.0,0.996,1.839,0.291,3.126,0.302,track
3,235,0.065,0.04,-0.294,-0.018,0.114,-1.515,-0.035,-0.148,0.0576,1.0,0.997,1.865,0.277,3.139,0.178,track
3,236,0.066,0.04,-0.296,-0.018,0.114,-1.515,-0.033,-0.121,0.0557,1.0,0.998,1.908,0.269,3.176,0.241,track
3,237,0.067,0.04,-0.297,-0.018,0.114,-1.515,-0.009,-0.133,0.0518,1.0,0.996,1.896,0.255,3.147,0.253,track
3,238,0.068,0.04,-0.298,-0.018,0.114,-1.515,0.024,-0.101,0.0479,1.0,0.997,1.937,0.242,3.176,0.31,track
3,239,0.069,0.04,-0.3,-0.018,0.114,-1.515,0.039,-0.11,0.0449,1.0,0.994,1.92,0.232,3.146,0.376,track
3,240,0.07,0.04,-0.301,-0.018,0.114,-1.515,0.045,-0.099,0.043,1.0,0.997,1.93,0.226,3.153,0.362,track
3,241,0.071,0.04,-0.301,-0.018,0.114,-1.515,0.056,-0.078,0.04,1.0,0.995,1.945,0.216,3.156,0.313,track
3,242,0.072,0.04,-0.302,-0.018,0.114,-1.515,0.042,-0.023,0.0352,1.0,0.995,1.987,0.201,3.183,0.268,track
3,243,0.073,0.04,-0.302,-0.018,0.114,-1.515,-0.006,0.025,0.0312,1.0,0.984,1.996,0.19,3.169,0.365,track
3,244,0.074,0.04,-0.303,-0.018,0.114,-1.515,0.018,-0.054,0.0342,1.0,0.982,1.981,0.198,3.162,0.258,track
3,245,0.075,0.04,-0.303,-0.018,0.114,-1.515,0.013,-0.115,0.0371,1.0,0.997,1.921,0.207,3.125,0.534,track
3,246,0.076,0.04,-0.303,-0.018,0.114,-1.515,-0.028,-0.056,0.0371,1.0,0.99,1.977,0.207,3.174,0.388,track
3,247,0.077,0.04,-0.303,-0.018,0.114,-1.515,-0.008,-0.081,0.0371,1.0,0.988,1.961,0.207,3.156,0.666,track
3,248,0.078,0.04,-0.303,-0.018,0.114,-1.515,-0.07,-0.041,0.0312,1.0,0.996,1.961,0.19,3.146,0.584,track
3,249,0.079,0.04,-0.304,-0.018,0.114,-1.515,-0.053,-0.086,0.0312,1.0,0.991,1.94,0.19,3.12,0.559,track
3,250,0.08,0.039,-0.304,-0.018,0.114,-1.515,-0.048,-0.053,0.0332,1.0,0.995,1.969,0.196,3.16,0.605,track
3,251,0.081,0.039,-0.304,-0.018,0.114,-1.515,-0.082,0.078,0.0283,1.0,0.993,1.925,0.182,3.099,0.535,track
3,252,0.082,0.039,-0.305,-0.018,0.114,-1.515,-0.114,0.06,0.0273,1.0,0.985,1.903,0.179,3.067,0.401,track
3,253,0.084,0.039,-0.306,-0.018,0.114,-1.515,-0.093,-0.071,0.0283,1.0,0.986,1.92,0.182,3.088,0.336,track
3,254,0.085,0.039,-0.306,-0.018,0.114,-1.515,-0.092,-0.041,0.0312,1.0,0.995,1.94,0.19,3.125,0.668,track
3,255,0.086,0.038,-0.307,-0.018,0.114,-1.515,-0.065,0.088,0.0264,1.0,0.992,1.93,0.176,3.098,0.338,track
3,256,0.087,0.038,-0.308,-0.018,0.114,-1.515,-0.025,0.089,0.0273,1.0,0.991,1.949,0.179,3.119,0.484,track
3,257,0.089,0.038,-0.308,-0.018,0.114,-1.515,-0.005,0.104,0.0264,1.0,0.992,1.936,0.176,3.104,0.348,track
3,258,0.09,0.038,-0.309,-0.018,0.114,-1.515,0.007,0.049,0.0273,1.0,0.99,1.985,0.179,3.154,0.177,track
3,259,0.091,0.037,-0.31,-0.018,0.114,-1.515,0.017,0.084,0.0283,1.0,0.994,1.956,0.182,3.132,0.438,track
3,260,0.093,0.037,-0.31,-0.018,0.114,-1.515,-0.009,0.103,0.0273,1.0,0.994,1.937,0.179,3.11,0.267,track
3,261,0.094,0.037,-0.311,-0.018,0.114,-1.515,-0.009,0.103,0.0273,1.0,0.995,1.937,0.179,3.111,0.137,track
3,262,0.096,0.036,-0.311,-0.018,0.114,-1.515,-0.01,0.072,0.0244,1.0,0.994,1.968,0.171,3.133,0.102,track
3,263,0.097,0.036,-0.312,-0.018,0.114,-1.515,-0.055,0.094,0.0254,1.0,0.994,1.93,0.173,3.097,0.165,track
3,264,0.099,0.036,-0.313,-0.018,0.114,-1.515,0.007,0.147,0.0254,1.0,0.992,1.875,0.173,3.04,0.254,track
3,265,0.101,0.035,-0.313,-0.018,0.114,-1.515,0.042,0.141,0.0234,1.0,0.993,1.875,0.168,3.036,0.384,track
3,266,0.102,0.035,-0.314,-0.018,0.114,-1.515,0.007,0.147,0.0254,1.0,0.992,1.875,0.173,3.04,0.248,track
3,267,0.104,0.035,-0.314,-0.018,0.114,-1.515,0.022,0.142,0.0244,1.0,0.993,1.879,0.171,3.043,0.287,track
3,268,0.106,0.034,-0.315,-0.018,0.114,-1.515,0.0,0.12,0.0254,1.0,0.994,1.915,0.173,3.082,0.12,track
3,269,0.108,0.034,-0.315,-0.018,0.114,-1.515,0.021,0.13,0.0264,1.0,0.993,1.899,0.176,3.068,0.177,track
3,270,0.11,0.034,-0.316,-0.018,0.114,-1.515,-0.008,0.145,0.0244,1.0,0.993,1.877,0.171,3.042,0.17,track
3,271,0.112,0.033,-0.317,-0.018,0.114,-1.515,0.016,0.146,0.0234,1.0,0.992,1.875,0.168,3.036,0.14,track
3,272,0.114,0.033,-0.317,-0.018,0.114,-1.515,0.025,0.1,0.0244,1.0,0.993,1.937,0.171,3.101,0.156,track
3,273,0.116,0.032,-0.318,-0.018,0.114,-1.515,0.01,0.082,0.0254,1.0,0.992,1.96,0.173,3.125,0.197,track
3,274,0.118,0.032,-0.319,-0.018,0.114,-1.515,0.02,0.052,0.0244,1.0,0.992,1.981,0.171,3.144,0.16,track
3,275,0.12,0.032,-0.319,-0.018,0.114,-1.515,-0.02,0.088,0.0244,1.0,0.99,1.952,0.171,3.113,0.187,track
3,276,0.122,0.031,-0.32,-0.018,0.114,-1.515,-0.008,0.095,0.0225,1.0,0.992,1.946,0.166,3.103,0.426,track
3,277,0.124,0.031,-0.321,-0.018,0.114,-1.515,-0.052,0.046,0.0225,1.0,0.994,1.971,0.166,3.131,0.249,track
3,278,0.127,0.03,-0.322,-0.018,0.114,-1.515,0.029,0.021,0.0234,1.0,0.991,1.992,0.168,3.152,0.346,track
3,279,0.129,0.03,-0.324,-0.018,0.114,-1.515,0.005,0.05,0.0244,1.0,0.993,1.985,0.171,3.149,0.181,track
3,280,0.131,0.03,-0.325,-0.018,0.114,-1.515,0.058,0.052,0.0244,1.0,0.994,1.964,0.171,3.129,0.081,track
3,281,0.134,0.029,-0.326,-0.018,0.114,-1.515,0.034,0.017,0.0215,1.0,0.994,1.991,0.163,3.149,0.207,track
3,282,0.136,0.029,-0.327,-0.018,0.114,-1.515,0.034,0.011,0.0215,1.0,0.992,1.992,0.163,3.147,0.351,track
3,283,0.138,0.028,-0.329,-0.018,0.114,-1.515,0.01,0.013,0.0234,1.0,0.994,1.998,0.168,3.161,0.341,track
3,284,0.141,0.028,-0.33,-0.018,0.114,-1.515,0.062,0.028,0.0264,1.0,0.993,1.972,0.176,3.141,0.284,track
3,285,0.143,0.028,-0.331,-0.018,0.114,-1.515,0.057,0.041,0.0225,1.0,0.994,1.971,0.166,3.13,0.426,track
3,286,0.146,0.027,-0.333,-0.018,0.114,-1.515,0.038,0.034,0.0195,1.0,0.994,1.985,0.158,3.137,0.327,track
3,287,0.148,0.027,-0.334,-0.018,0.114,-1.515,0.0,0.0,0.0205,1.0,0.996,2.0,0.161,3.156,0.198,track
3,288,0.151,0.027,-0.335,-0.018,0.114,-1.515,0.054,-0.009,0.0215,1.0,0.992,1.982,0.163,3.137,0.368,track
3,289,0.154,0.026,-0.337,-0.018,0.114,-1.515,0.0,0.012,0.0205,1.0,0.996,1.999,0.161,3.155,0.388,track
3,290,0.156,0.026,-0.338,-0.018,0.114,-1.515,0.009,0.019,0.0195,1.0,0.995,1.997,0.158,3.15,0.313,track
3,291,0.159,0.026,-0.34,-0.018,0.114,-1.515,0.003,0.012,0.0205,1.0,0.995,1.999,0.161,3.155,0.38,track
3,292,0.162,0.026,-0.342,-0.018,0.114,-1.515,0.031,0.003,0.0195,1.0,0.994,1.994,0.158,3.147,0.422,track
3,293,0.164,0.025,-0.343,-0.018,0.114,-1.515,0.04,-0.037,0.0166,1.0,0.996,1.982,0.151,3.129,0.379,track
3,294,0.167,0.025,-0.345,-0.018,0.114,-1.515,0.092,-0.066,0.0186,1.0,0.992,1.925,0.156,3.072,0.505,track
3,295,0.17,0.025,-0.347,-0.018,0.114,-1.515,0.056,-0.038,0.0176,1.0,0.996,1.973,0.153,3.122,0.277,track
3,296,0.173,0.025,-0.349,-0.018,0.114,-1.515,0.042,-0.017,0.0176,1.0,0.997,1.988,0.153,3.138,0.185,track
3,297,0.175,0.024,-0.35,-0.018,0.114,-1.515,-0.038,-0.021,0.0176,1.0,0.998,1.989,0.153,3.14,0.144,track
3,298,0.178,0.024,-0.352,-0.018,0.114,-1.515,-0.068,-0.045,0.0107,1.0,0.995,1.96,0.137,3.093,0.375,track
3,299,0.181,0.024,-0.354,-0.018,0.114,-1.515,-0.083,-0.036,0.0117,1.0,0.998,1.951,0.139,3.088,0.462,track
3,300,0.184,0.024,-0.357,-0.018,0.114,-1.515,-0.021,-0.05,0.0146,1.0,0.998,1.982,0.146,3.126,0.334,track
3,301,0.187,0.024,-0.359,-0.018,0.114,-1.515,0.004,-0.031,0.0156,1.0,0.997,1.994,0.148,3.14,0.213,track
3,302,0.19,0.024,-0.362,-0.018,0.114,-1.515,-0.068,-0.031,0.0117,1.0,0.998,1.967,0.139,3.104,0.14,track
3,303,0.193,0.023,-0.364,-0.018,0.114,-1.515,-0.036,-0.042,0.0117,1.0,0.998,1.982,0.139,3.119,0.254,track
3,304,0.196,0.023,-0.367,-0.018,0.114,-1.515,0.031,-0.071,0.0137,1.0,0.998,1.964,0.144,3.105,0.205,track
3,305,0.199,0.023,-0.37,-0.018,0.114,-1.515,0.023,-0.091,0.0107,1.0,0.994,1.948,0.137,3.079,0.221,track
3,306,0.202,0.023,-0.373,-0.018,0.114,-1.515,0.014,-0.083,0.0088,1.0,0.996,1.958,0.133,3.086,0.147,track
3,307,0.205,0.023,-0.375,-0.018,0.114,-1.515,-0.031,-0.057,0.0117,1.0,0.998,1.975,0.139,3.112,0.135,track
3,308,0.208,0.023,-0.378,-0.018,0.114,-1.515,-0.036,-0.071,0.0068,1.0,0.999,1.962,0.128,3.089,0.143,track
3,309,0.211,0.023,-0.381,-0.018,0.114,-1.515,-0.012,-0.1,0.0049,1.0,0.999,1.94,0.124,3.063,0.166,track
3,310,0.214,0.022,-0.383,-0.018,0.114,-1.515,0.021,-0.115,0.0059,1.0,0.996,1.92,0.126,3.043,0.231,track
3,311,0.217,0.022,-0.386,-0.018,0.114,-1.515,-0.021,-0.146,0.0029,1.0,0.999,1.874,0.12,2.993,0.188,track
3,312,0.22,0.022,-0.389,-0.018,0.114,-1.515,-0.146,-0.062,0.0029,1.0,0.993,1.855,0.12,2.967,0.31,track
3,313,0.223,0.022,-0.391,-0.018,0.114,-1.515,0.0,0.0,0.0,0.0,0.999,0.0,0.0,-0.001,0.562,track
3,314,0.226,0.022,-0.394,-0.018,0.114,-1.515,0.0,0.0,0.0,0.0,0.988,0.0,0.0,-0.012,0.682,track
3,315,0.229,0.022,-0.395,-0.018,0.114,-1.515,0.0,0.0,0.0,0.0,0.978,0.0,0.0,-0.022,0.755,track
3,316,0.232,0.021,-0.396,-0.018,0.114,-1.515,0.0,0.0,0.0,0.0,0.972,0.0,0.0,-0.028,0.837,track
3,317,0.235,0.021,-0.397,-0.018,0.114,-1.515,0.0,0.0,0.0,0.0,0.968,0.0,0.0,-0.032,0.853,track
3,318,0.238,0.021,-0.396,-0.018,0.114,-1.515,0.062,-0.375,0.0029,1.0,0.966,1.296,0.12,2.382,0.839,track
3,319,0.241,0.021,-0.395,-0.018,0.114,-1.515,0.0,0.0,0.0,0.0,0.985,0.0,0.0,-0.015,0.786,track
3,320,0.244,0.02,-0.393,-0.018,0.114,-1.515,0.0,0.0,0.0,0.0,0.991,0.0,0.0,-0.009,0.641,track
3,321,0.246,0.02,-0.391,-0.018,0.114,-1.515,-0.025,-0.412,0.0049,1.0,0.987,1.198,0.124,2.31,0.574,track
3,322,0.249,0.02,-0.389,-0.018,0.114,-1.515,-0.125,-0.417,0.0029,1.0,0.974,1.134,0.12,2.228,0.765,track
3,323,0.252,0.019,-0.387,-0.018,0.114,-1.515,0.0,0.0,0.0,0.0,0.981,0.0,0.0,-0.019,0.564,track
3,324,0.254,0.019,-0.384,-0.018,0.114,-1.515,-0.109,-0.438,0.0039,1.0,0.992,1.087,0.122,2.201,0.658,track
3,325,0.257,0.018,-0.382,-0.018,0.114,-1.515,-0.071,-0.464,0.0068,1.0,0.976,1.032,0.128,2.136,0.676,track
3,326,0.26,0.018,-0.38,-0.018,0.114,-1.515,-0.083,-0.493,0.0088,1.0,0.973,0.945,0.133,2.05,0.67,track
3,327,0.262,0.017,-0.378,-0.018,0.114,-1.515,-0.146,-0.505,0.0117,1.0,0.984,0.873,0.139,1.996,0.573,track
3,328,0.264,0.017,-0.376,-0.018,0.114,-1.515,-0.151,-0.521,0.0117,1.0,0.987,0.828,0.139,1.954,0.337,track
3,329,0.267,0.016,-0.375,-0.018,0.114,-1.515,-0.119,-0.54,0.0107,1.0,0.983,0.8,0.137,1.919,0.31,track
3,330,0.269,0.016,-0.373,-0.018,0.114,-1.515,-0.125,-0.557,0.0107,1.0,0.986,0.753,0.137,1.876,0.37,track
3,331,0.271,0.016,-0.372,-0.018,0.114,-1.515,-0.13,-0.577,0.0127,1.0,0.986,0.701,0.142,1.828,0.419,track
3,332,0.274,0.015,-0.371,-0.018,0.114,-1.515,-0.068,-0.591,0.0107,1.0,0.99,0.692,0.137,1.818,0.319,track
3,333,0.276,0.015,-0.37,-0.018,0.114,-1.515,-0.085,-0.636,0.0107,1.0,0.987,0.581,0.137,1.705,0.14,track
3,334,0.278,0.014,-0.369,-0.018,0.114,-1.515,-0.094,-0.641,0.0117,1.0,0.99,0.569,0.139,1.698,0.274,track
3,335,0.28,0.014,-0.368,-0.018,0.114,-1.515,-0.12,-0.639,0.0127,1.0,0.99,0.562,0.142,1.694,0.301,track
3,336,0.282,0.014,-0.367,-0.018,0.114,-1.515,-0.091,-0.644,0.0127,1.0,0.989,0.562,0.142,1.693,0.406,track
3,337,0.284,0.014,-0.366,-0.018,0.114,-1.515,-0.048,-0.678,0.0127,1.0,0.987,0.5,0.142,1.629,0.517,track
3,338,0.286,0.013,-0.365,-0.018,0.114,-1.515,-0.062,-0.679,0.0137,1.0,0.99,0.497,0.144,1.631,0.538,track
3,339,0.288,0.013,-0.365,-0.018,0.114,-1.515,-0.067,-0.683,0.0137,1.0,0.99,0.487,0.144,1.62,0.414,track
3,340,0.29,0.013,-0.364,-0.018,0.114,-1.515,-0.071,-0.692,0.0137,1.0,0.99,0.468,0.144,1.603,0.467,track
3,341,0.291,0.013,-0.364,-0.018,0.114,-1.515,-0.102,-0.691,0.0156,1.0,0.99,0.462,0.148,1.6,0.453,track
3,342,0.293,0.013,-0.364,-0.018,0.114,-1.515,-0.125,-0.692,0.0137,1.0,0.99,0.454,0.144,1.588,0.501,track
3,343,0.295,0.013,-0.364,-0.018,0.114,-1.515,-0.125,-0.702,0.0127,1.0,0.991,0.435,0.142,1.567,0.417,track
3,344,0.296,0.013,-0.364,-0.018,0.114,-1.515,-0.125,-0.702,0.0127,1.0,0.991,0.435,0.142,1.568,0.448,track
3,345,0.298,0.013,-0.364,-0.018,0.114,-1.515,-0.125,-0.702,0.0127,1.0,0.99,0.435,0.142,1.567,0.399,track
3,346,0.3,0.013,-0.364,-0.018,0.114,-1.515,-0.1,-0.717,0.0146,1.0,0.992,0.416,0.146,1.554,0.39,track
3,347,0.301,0.013,-0.365,-0.018,0.114,-1.515,-0.125,-0.701,0.0137,1.0,0.99,0.437,0.144,1.571,0.35,track
3,348,0.302,0.013,-0.365,-0.018,0.114,-1.515,-0.125,-0.701,0.0137,1.0,0.991,0.437,0.144,1.572,0.408,track
3,349,0.304,0.014,-0.366,-0.018,0.114,-1.515,-0.108,-0.712,0.0146,1.0,0.99,0.421,0.146,1.557,0.402,track
3,350,0.305,0.014,-0.366,-0.018,0.114,-1.515,-0.125,-0.71,0.0166,1.0,0.993,0.421,0.151,1.565,0.377,track
3,351,0.307,0.014,-0.367,-0.018,0.114,-1.515,-0.102,-0.711,0.0156,1.0,0.99,0.426,0.148,1.564,0.365,track
3,352,0.308,0.014,-0.368,-0.018,0.114,-1.515,-0.149,-0.697,0.0127,1.0,0.993,0.435,0.142,1.57,0.294,track
3,353,0.309,0.015,-0.368,-0.018,0.114,-1.515,-0.149,-0.697,0.0127,1.0,0.989,0.435,0.142,1.566,0.355,track
3,354,0.31,0.015,-0.369,-0.018,0.114,-1.515,-0.159,-0.692,0.0127,1.0,0.993,0.44,0.142,1.575,0.301,track
3,355,0.311,0.015,-0.37,-0.018,0.114,-1.515,-0.146,-0.693,0.0117,1.0,0.991,0.445,0.139,1.575,0.303,track
3,356,0.312,0.016,-0.371,-0.018,0.114,-1.515,-0.114,-0.693,0.0107,1.0,0.994,0.455,0.137,1.586,0.241,track
3,357,0.313,0.016,-0.372,-0.018,0.114,-1.515,-0.216,-0.649,0.0127,1.0,0.99,0.491,0.142,1.622,0.3,track
3,358,0.314,0.017,-0.373,-0.018,0.114,-1.515,-0.219,-0.646,0.0117,1.0,0.992,0.496,0.139,1.627,0.453,track
3,359,0.315,0.017,-0.374,-0.018,0.114,-1.515,-0.219,-0.646,0.0117,1.0,0.991,0.496,0.139,1.626,0.372,track
3,360,0.316,0.018,-0.375,-0.018,0.114,-1.515,-0.182,-0.641,0.0117,1.0,0.994,0.528,0.139,1.662,0.315,track
3,361,0.317,0.018,-0.376,-0.018,0.114,-1.515,-0.182,-0.641,0.0117,1.0,0.991,0.528,0.139,1.658,0.292,track
3,362,0.318,0.019,-0.377,-0.018,0.114,-1.515,-0.233,-0.625,0.0107,1.0,0.995,0.526,0.137,1.658,0.315,track
3,363,0.319,0.019,-0.379,-0.018,0.114,-1.515,-0.233,-0.625,0.0107,1.0,0.991,0.526,0.137,1.654,0.332,track
3,364,0.319,0.02,-0.38,-0.018,0.114,-1.515,-0.256,-0.619,0.0098,1.0,0.995,0.521,0.135,1.651,0.347,track
3,365,0.32,0.02,-0.382,-0.018,0.114,-1.515,-0.138,-0.675,0.0049,1.0,0.992,0.482,0.124,1.598,0.37,track
3,366,0.321,0.021,-0.384,-0.018,0.114,-1.515,-0.211,-0.594,0.0078,1.0,0.992,0.608,0.13,1.731,0.377,track
3,367,0.321,0.022,-0.385,-0.018,0.114,-1.515,-0.161,-0.609,0.0117,1.0,0.988,0.607,0.139,1.734,0.539,track
3,368,0.322,0.022,-0.387,-0.018,0.114,-1.515,-0.239,-0.568,0.0107,1.0,0.996,0.64,0.137,1.773,0.38,track
3,369,0.322,0.023,-0.389,-0.018,0.114,-1.515,-0.172,-0.594,0.0078,1.0,0.99,0.636,0.13,1.757,0.365,track
3,370,0.323,0.023,-0.391,-0.018,0.114,-1.515,-0.188,-0.573,0.0059,1.0,0.996,0.672,0.126,1.795,0.423,track
3,371,0.324,0.024,-0.392,-0.018,0.114,-1.515,0.0,0.0,0.0,0.0,0.99,0.0,0.0,-0.01,0.323,track
3,372,0.324,0.025,-0.394,-0.018,0.114,-1.515,0.0,0.0,0.0,0.0,0.994,0.0,0.0,-0.006,0.707,track
3,373,0.324,0.025,-0.394,-0.018,0.114,-1.515,0.0,0.0,0.0,0.0,0.994,0.0,0.0,-0.006,0.811,track
3,374,0.325,0.026,-0.394,-0.018,0.114,-1.515,0.0,0.0,0.0,0.0,0.994,0.0,0.0,-0.006,0.808,track
3,375,0.325,0.027,-0.393,-0.018,0.114,-1.515,-0.083,-0.625,0.0029,1.0,0.993,0.607,0.12,1.72,0.801,track
3,376,0.326,0.027,-0.392,-0.018,0.114,-1.515,-0.109,-0.594,0.0039,1.0,0.994,0.67,0.122,1.787,0.431,track
3,377,0.326,0.028,-0.39,-0.018,0.114,-1.515,-0.15,-0.562,0.0049,1.0,0.997,0.724,0.124,1.845,0.431,track
3,378,0.326,0.029,-0.389,-0.018,0.114,-1.515,-0.146,-0.562,0.0059,1.0,0.996,0.726,0.126,1.849,0.421,track
3,379,0.326,0.029,-0.388,-0.018,0.114,-1.515,-0.188,-0.549,0.0088,1.0,0.997,0.73,0.133,1.859,0.391,track
3,380,0.327,0.03,-0.388,-0.018,0.114,-1.515,-0.162,-0.569,0.0098,1.0,0.997,0.7,0.135,1.832,0.286,track
3,381,0.327,0.031,-0.387,-0.018,0.114,-1.515,-0.102,-0.602,0.0078,1.0,0.998,0.655,0.13,1.783,0.315,track
3,382,0.327,0.031,-0.387,-0.018,0.114,-1.515,-0.125,-0.571,0.0068,1.0,0.998,0.717,0.128,1.842,0.244,track
3,383,0.327,0.032,-0.387,-0.018,0.114,-1.515,-0.161,-0.562,0.0068,1.0,0.998,0.716,0.128,1.843,0.295,track
3,384,0.327,0.033,-0.387,-0.018,0.114,-1.515,-0.203,-0.539,0.0078,1.0,0.998,0.739,0.13,1.868,0.157,track
3,385,0.328,0.033,-0.386,-0.018,0.114,-1.515,-0.281,-0.484,0.0117,1.0,0.998,0.78,0.139,1.918,0.082,track
3,386,0.328,0.034,-0.386,-0.018,0.114,-1.515,-0.281,-0.484,0.0117,1.0,0.995,0.78,0.139,1.915,0.231,track
3,387,0.328,0.035,-0.386,-0.018,0.114,-1.515,-0.286,-0.484,0.0117,1.0,0.998,0.773,0.139,1.911,0.332,track
3,388,0.328,0.035,-0.386,-0.018,0.114,-1.515,-0.277,-0.473,0.0137,1.0,0.998,0.812,0.144,1.954,0.184,track
3,389,0.328,0.036,-0.386,-0.018,0.114,-1.515,-0.298,-0.452,0.0127,1.0,0.998,0.83,0.142,1.97,0.145,track
3,390,0.328,0.036,-0.386,-0.018,0.114,-1.515,-0.298,-0.452,0.0127,1.0,0.997,0.83,0.142,1.969,0.193,track
3,391,0.328,0.037,-0.386,-0.018,0.114,-1.515,-0.255,-0.481,0.0127,1.0,0.998,0.823,0.142,1.963,0.216,track
3,392,0.328,0.037,-0.386,-0.018,0.114,-1.515,-0.244,-0.469,0.0098,1.0,0.996,0.866,0.135,1.997,0.207,track
3,393,0.328,0.038,-0.386,-0.018,0.114,-1.515,-0.219,-0.477,0.0078,1.0,0.997,0.877,0.13,2.004,0.201,track
3,394,0.328,0.039,-0.386,-0.018,0.114,-1.515,-0.195,-0.492,0.0078,1.0,0.998,0.862,0.13,1.991,0.154,track
3,395,0.328,0.039,-0.387,-0.018,0.114,-1.515,-0.244,-0.466,0.0107,1.0,0.998,0.872,0.137,2.007,0.208,track
3,396,0.328,0.04,-0.387,-0.018,0.114,-1.515,-0.256,-0.46,0.0107,1.0,0.998,0.871,0.137,2.006,0.241,track
3,397,0.328,0.04,-0.387,-0.018,0.114,-1.515,-0.256,-0.46,0.0107,1.0,0.999,0.871,0.137,2.007,0.162,track
3,398,0.328,0.041,-0.387,-0.018,0.114,-1.515,-0.269,-0.438,0.0127,1.0,0.999,0.906,0.142,2.047,0.106,track
3,399,0.328,0.041,-0.387,-0.018,0.114,-1.515,-0.268,-0.429,0.0137,1.0,0.998,0.929,0.144,2.071,0.143,track
3,400,0.328,0.042,-0.387,-0.018,0.114,-1.515,-0.268,-0.429,0.0137,1.0,0.999,0.929,0.144,2.072,0.118,track
3,401,0.327,0.042,-0.387,-0.018,0.114,-1.515,-0.307,-0.401,0.0117,1.0,0.999,0.93,0.139,2.068,0.064,track
3,402,0.327,0.043,-0.387,-0.018,0.114,-1.515,-0.312,-0.409,0.0107,1.0,0.996,0.903,0.137,2.036,0.192,track
3,403,0.327,0.043,-0.387,-0.018,0.114,-1.515,-0.281,-0.419,0.0098,1.0,0.999,0.932,0.135,2.066,0.324,track
3,404,0.327,0.043,-0.386,-0.018,0.114,-1.515,-0.25,-0.431,0.0088,1.0,0.998,0.951,0.133,2.081,0.228,track
3,405,0.327,0.044,-0.386,-0.018,0.114,-1.515,-0.233,-0.432,0.0107,1.0,0.999,0.971,0.137,2.107,0.221,track
3,406,0.327,0.044,-0.385,-0.018,0.114,-1.515,-0.227,-0.432,0.0107,1.0,0.999,0.979,0.137,2.115,0.273,track
3,407,0.326,0.044,-0.385,-0.018,0.114,-1.515,-0.227,-0.432,0.0107,1.0,0.999,0.979,0.137,2.115,0.246,track
3,408,0.326,0.045,-0.384,-0.018,0.114,-1.515,-0.2,-0.444,0.0098,1.0,0.999,0.983,0.135,2.117,0.197,track
3,409,0.326,0.045,-0.384,-0.018,0.114,-1.515,-0.234,-0.422,0.0117,1.0,0.999,0.994,0.139,2.133,0.321,track
3,410,0.326,0.045,-0.383,-0.018,0.114,-1.515,-0.234,-0.422,0.0117,1.0,0.999,0.994,0.139,2.132,0.168,track
3,411,0.325,0.046,-0.382,-0.018,0.114,-1.515,-0.234,-0.422,0.0117,1.0,0.999,0.994,0.139,2.133,0.206,track
3,412,0.325,0.046,-0.381,-0.018,0.114,-1.515,-0.234,-0.422,0.0117,1.0,0.999,0.994,0.139,2.133,0.226,track
3,413,0.325,0.046,-0.38,-0.018,0.114,-1.515,-0.234,-0.422,0.0117,1.0,0.999,0.994,0.139,2.133,0.243,track
3,414,0.325,0.046,-0.379,-0.018,0.114,-1.515,-0.234,-0.422,0.0117,1.0,0.999,0.994,0.139,2.133,0.225,track
3,415,0.324,0.046,-0.377,-0.018,0.114,-1.515,-0.26,-0.409,0.0127,1.0,0.999,0.99,0.142,2.131,0.215,track
3,416,0.324,0.047,-0.376,-0.018,0.114,-1.515,-0.26,-0.409,0.0127,1.0,0.999,0.99,0.142,2.131,0.122,track
3,417,0.324,0.047,-0.374,-0.018,0.114,-1.515,-0.29,-0.402,0.0137,1.0,0.999,0.957,0.144,2.1,0.108,track
3,418,0.323,0.047,-0.373,-0.018,0.114,-1.515,-0.29,-0.402,0.0137,1.0,0.999,0.957,0.144,2.1,0.108,track
3,419,0.323,0.047,-0.371,-0.018,0.114,-1.515,-0.324,-0.387,0.0156,1.0,0.999,0.932,0.148,2.079,0.137,track
3,420,0.322,0.047,-0.369,-0.018,0.114,-1.515,-0.271,-0.42,0.0176,1.0,0.998,0.945,0.153,2.097,0.244,track
3,421,0.322,0.047,-0.367,-0.018,0.114,-1.515,-0.293,-0.441,0.0186,1.0,0.996,0.863,0.156,2.015,0.396,track
3,422,0.322,0.047,-0.366,-0.018,0.114,-1.515,-0.228,-0.445,0.0166,1.0,0.999,0.945,0.151,2.095,0.217,track
3,423,0.321,0.047,-0.364,-0.018,0.114,-1.515,-0.222,-0.459,0.0195,1.0,0.996,0.916,0.158,2.07,0.304,track
3,424,0.321,0.047,-0.363,-0.018,0.114,-1.515,-0.204,-0.47,0.0186,1.0,0.999,0.909,0.156,2.063,0.334,track
3,425,0.32,0.047,-0.361,-0.018,0.114,-1.515,-0.204,-0.47,0.0186,1.0,0.999,0.909,0.156,2.064,0.155,track
3,426,0.32,0.048,-0.36,-0.018,0.114,-1.515,-0.238,-0.475,0.0195,1.0,0.999,0.858,0.158,2.015,0.243,track
3,427,0.32,0.048,-0.358,-0.018,0.114,-1.515,-0.259,-0.47,0.0205,1.0,0.999,0.843,0.161,2.002,0.132,track
3,428,0.319,0.048,-0.357,-0.018,0.114,-1.515,-0.244,-0.489,0.0215,1.0,0.999,0.817,0.163,1.979,0.15,track
3,429,0.319,0.048,-0.355,-0.018,0.114,-1.515,-0.263,-0.479,0.0234,1.0,0.998,0.816,0.168,1.982,0.135,track
3,430,0.318,0.048,-0.354,-0.018,0.114,-1.515,-0.263,-0.479,0.0234,1.0,0.999,0.816,0.168,1.984,0.217,track
3,431,0.318,0.048,-0.353,-0.018,0.114,-1.515,-0.272,-0.478,0.0225,1.0,0.998,0.807,0.166,1.971,0.171,track
3,432,0.317,0.048,-0.351,-0.018,0.114,-1.515,-0.272,-0.478,0.0225,1.0,0.999,0.807,0.166,1.972,0.207,track
3,433,0.317,0.048,-0.35,-0.018,0.114,-1.515,-0.272,-0.478,0.0225,1.0,0.998,0.807,0.166,1.971,0.168,track
3,434,0.316,0.048,-0.348,-0.018,0.114,-1.515,-0.308,-0.48,0.0244,1.0,0.999,0.754,0.171,1.924,0.185,track
3,435,0.316,0.048,-0.347,-0.018,0.114,-1.515,-0.296,-0.49,0.0254,1.0,0.998,0.748,0.173,1.919,0.222,track
3,436,0.315,0.048,-0.346,-0.018,0.114,-1.515,-0.265,-0.511,0.0283,1.0,0.999,0.741,0.182,1.921,0.215,track
3,437,0.314,0.048,-0.345,-0.018,0.114,-1.515,-0.245,-0.5,0.0254,1.0,0.997,0.789,0.173,1.959,0.152,track
3,438,0.314,0.048,-0.343,-0.018,0.114,-1.515,-0.276,-0.495,0.0254,1.0,0.998,0.762,0.173,1.934,0.281,track
3,439,0.313,0.048,-0.342,-0.018,0.114,-1.515,-0.27,-0.493,0.0273,1.0,0.997,0.774,0.179,1.95,0.374,track
3,440,0.312,0.048,-0.341,-0.018,0.114,-1.515,-0.262,-0.498,0.0264,1.0,0.998,0.775,0.176,1.949,0.243,track
3,441,0.312,0.048,-0.34,-0.018,0.114,-1.515,-0.282,-0.494,0.0283,1.0,0.998,0.758,0.182,1.938,0.139,track
3,442,0.311,0.048,-0.339,-0.018,0.114,-1.515,-0.271,-0.508,0.0293,1.0,0.998,0.739,0.184,1.922,0.126,track
3,443,0.31,0.048,-0.338,-0.018,0.114,-1.515,-0.271,-0.508,0.0293,1.0,0.998,0.739,0.184,1.922,0.129,track
3,444,0.31,0.048,-0.337,-0.018,0.114,-1.515,-0.271,-0.508,0.0293,1.0,0.998,0.739,0.184,1.922,0.058,track
3,445,0.309,0.048,-0.336,-0.018,0.114,-1.515,-0.279,-0.508,0.0293,1.0,0.998,0.729,0.184,1.912,0.042,track
3,446,0.308,0.049,-0.335,-0.018,0.114,-1.515,-0.265,-0.511,0.0283,1.0,0.998,0.741,0.182,1.92,0.068,track
3,447,0.307,0.049,-0.335,-0.018,0.114,-1.515,-0.277,-0.504,0.0293,1.0,0.998,0.741,0.184,1.923,0.087,track
3,448,0.306,0.049,-0.334,-0.018,0.114,-1.515,-0.277,-0.504,0.0293,1.0,0.998,0.741,0.184,1.923,0.096,track
3,449,0.305,0.049,-0.333,-0.018,0.114,-1.515,-0.296,-0.515,0.0293,1.0,0.998,0.695,0.184,1.877,0.074,track
3,450,0.305,0.049,-0.332,-0.018,0.114,-1.515,-0.306,-0.506,0.0303,1.0,0.998,0.7,0.187,1.885,0.167,track
3,451,0.304,0.049,-0.332,-0.018,0.114,-1.515,-0.29,-0.508,0.0322,1.0,0.998,0.718,0.193,1.908,0.148,track
3,452,0.303,0.049,-0.331,-0.018,0.114,-1.515,-0.29,-0.508,0.0322,1.0,0.998,0.718,0.193,1.908,0.092,track
3,453,0.302,0.049,-0.33,-0.018,0.114,-1.515,-0.288,-0.508,0.0303,1.0,0.998,0.718,0.187,1.904,0.063,track
3,454,0.301,0.049,-0.33,-0.018,0.114,-1.515,-0.232,-0.507,0.0273,1.0,0.998,0.788,0.179,1.964,0.054,track
3,455,0.3,0.049,-0.329,-0.018,0.114,-1.515,-0.239,-0.496,0.0283,1.0,0.997,0.806,0.182,1.984,0.239,track
3,456,0.299,0.049,-0.329,-0.018,0.114,-1.515,-0.256,-0.483,0.0283,1.0,0.997,0.816,0.182,1.994,0.31,track
3,457,0.298,0.049,-0.328,-0.018,0.114,-1.515,-0.279,-0.462,0.0293,1.0,0.996,0.833,0.184,2.014,0.101,track
3,458,0.296,0.049,-0.328,-0.018,0.114,-1.515,-0.297,-0.462,0.0322,1.0,0.997,0.808,0.193,1.998,0.106,track
3,459,0.295,0.049,-0.327,-0.018,0.114,-1.515,-0.305,-0.465,0.0332,1.0,0.999,0.791,0.196,1.985,0.181,track
3,460,0.294,0.049,-0.327,-0.018,0.114,-1.515,-0.301,-0.465,0.0332,1.0,0.999,0.796,0.196,1.99,0.113,track
3,461,0.293,0.049,-0.326,-0.018,0.114,-1.515,-0.283,-0.463,0.0312,1.0,0.999,0.827,0.19,2.015,0.038,track
3,462,0.292,0.049,-0.326,-0.018,0.114,-1.515,-0.271,-0.461,0.0312,1.0,0.999,0.848,0.19,2.036,0.08,track
3,463,0.291,0.049,-0.325,-0.018,0.114,-1.515,-0.278,-0.454,0.0332,1.0,0.999,0.855,0.196,2.049,0.106,track
3,464,0.289,0.049,-0.325,-0.018,0.114,-1.515,-0.267,-0.436,0.0332,1.0,0.999,0.914,0.196,2.109,0.05,track
3,465,0.288,0.049,-0.324,-0.018,0.114,-1.515,-0.262,-0.434,0.0352,1.0,0.997,0.925,0.201,2.123,0.146,track
3,466,0.287,0.049,-0.324,-0.018,0.114,-1.515,-0.252,-0.428,0.0332,1.0,0.999,0.954,0.196,2.148,0.206,track
3,467,0.286,0.049,-0.323,-0.018,0.114,-1.515,-0.228,-0.449,0.0332,1.0,0.998,0.936,0.196,2.129,0.165,track
3,468,0.284,0.049,-0.323,-0.018,0.114,-1.515,-0.232,-0.427,0.0342,1.0,0.999,0.985,0.198,2.183,0.27,track
3,469,0.283,0.049,-0.322,-0.018,0.114,-1.515,-0.21,-0.436,0.0352,1.0,0.997,0.991,0.201,2.189,0.326,track
3,470,0.282,0.048,-0.322,-0.018,0.114,-1.515,-0.208,-0.432,0.0322,1.0,1.0,1.004,0.193,2.196,0.298,track
3,471,0.28,0.048,-0.321,-0.018,0.114,-1.515,-0.188,-0.448,0.0352,1.0,0.998,0.986,0.201,2.185,0.246,track
3,472,0.279,0.048,-0.321,-0.018,0.114,-1.515,-0.191,-0.436,0.0361,1.0,0.999,1.014,0.204,2.218,0.31,track
3,473,0.278,0.048,-0.32,-0.018,0.114,-1.515,-0.196,-0.406,0.0371,1.0,0.998,1.087,0.207,2.292,0.282,track
3,474,0.276,0.048,-0.319,-0.018,0.114,-1.515,-0.225,-0.385,0.0361,1.0,0.997,1.102,0.204,2.303,0.259,track
3,475,0.275,0.048,-0.319,-0.018,0.114,-1.515,-0.191,-0.388,0.0371,1.0,0.997,1.141,0.207,2.345,0.046,track
3,476,0.274,0.047,-0.318,-0.018,0.114,-1.515,-0.175,-0.388,0.0381,1.0,0.997,1.162,0.21,2.369,0.198,track
3,477,0.272,0.047,-0.317,-0.018,0.114,-1.515,-0.182,-0.38,0.0361,1.0,0.998,1.173,0.204,2.376,0.267,track
3,478,0.271,0.047,-0.317,-0.018,0.114,-1.515,-0.201,-0.367,0.0371,1.0,0.996,1.184,0.207,2.387,0.147,track
3,479,0.269,0.047,-0.316,-0.018,0.114,-1.515,-0.182,-0.347,0.042,1.0,0.998,1.261,0.223,2.482,0.144,track
3,480,0.268,0.047,-0.315,-0.018,0.114,-1.515,-0.186,-0.331,0.042,1.0,0.993,1.297,0.223,2.512,0.289,track
3,481,0.267,0.046,-0.315,-0.018,0.114,-1.515,-0.165,-0.356,0.0439,1.0,0.998,1.261,0.229,2.488,0.41,track
3,482,0.266,0.046,-0.314,-0.018,0.114,-1.515,-0.152,-0.368,0.0469,1.0,0.996,1.241,0.239,2.476,0.343,track
3,483,0.264,0.046,-0.314,-0.018,0.114,-1.515,-0.18,-0.334,0.043,1.0,0.998,1.299,0.226,2.522,0.405,track
3,484,0.263,0.046,-0.313,-0.018,0.114,-1.515,-0.177,-0.327,0.041,1.0,0.99,1.32,0.219,2.53,0.593,track
3,485,0.262,0.045,-0.312,-0.018,0.114,-1.515,-0.161,-0.338,0.041,1.0,0.997,1.314,0.219,2.531,0.629,track
3,486,0.26,0.045,-0.312,-0.018,0.114,-1.515,-0.132,-0.321,0.041,1.0,0.994,1.392,0.219,2.605,0.485,track
3,487,0.259,0.045,-0.311,-0.018,0.114,-1.515,-0.147,-0.301,0.042,1.0,0.997,1.429,0.223,2.649,0.52,track
3,488,0.258,0.044,-0.311,-0.018,0.114,-1.515,-0.131,-0.286,0.0439,1.0,0.992,1.487,0.229,2.707,0.445,track
3,489,0.257,0.044,-0.31,-0.018,0.114,-1.515,-0.128,-0.285,0.0439,1.0,0.996,1.493,0.229,2.718,0.549,track
3,490,0.256,0.044,-0.31,-0.018,0.114,-1.515,-0.125,-0.277,0.043,1.0,0.991,1.516,0.226,2.733,0.552,track
3,491,0.254,0.043,-0.31,-0.018,0.114,-1.515,-0.109,-0.292,0.042,1.0,0.995,1.494,0.223,2.712,0.659,track
3,492,0.253,0.043,-0.309,-0.018,0.114,-1.515,-0.099,-0.301,0.043,1.0,0.993,1.479,0.226,2.698,0.558,track
3,493,0.252,0.043,-0.309,-0.018,0.114,-1.515,-0.109,-0.293,0.0459,1.0,0.993,1.493,0.235,2.722,0.641,track
3,494,0.251,0.042,-0.309,-0.018,0.114,-1.515,-0.109,-0.315,0.0498,1.0,0.992,1.433,0.249,2.674,0.661,track
3,495,0.25,0.042,-0.308,-0.018,0.114,-1.515,-0.096,-0.316,0.0488,1.0,0.991,1.441,0.245,2.677,0.754,track
3,496,0.249,0.041,-0.308,-0.018,0.114,-1.515,-0.088,-0.3,0.0449,1.0,0.993,1.491,0.232,2.716,0.637,track
3,497,0.248,0.041,-0.307,-0.018,0.114,-1.515,-0.118,-0.268,0.043,1.0,0.996,1.545,0.226,2.767,0.535,track
3,498,0.247,0.04,-0.307,-0.018,0.114,-1.515,-0.114,-0.27,0.043,1.0,0.992,1.546,0.226,2.764,0.604,track
3,499,0.246,0.04,-0.307,-0.018,0.114,-1.515,-0.11,-0.275,0.042,1.0,0.993,1.537,0.223,2.753,0.725,track
3,500,0.245,0.04,-0.307,-0.018,0.114,-1.515,-0.092,-0.299,0.0439,1.0,0.994,1.492,0.229,2.715,0.626,track
3,501,0.244,0.039,-0.306,-0.018,0.114,-1.515,-0.084,-0.299,0.0449,1.0,0.991,1.498,0.232,2.721,0.721,track
3,502,0.244,0.039,-0.306,-0.018,0.114,-1.515,-0.08,-0.286,0.0459,1.0,0.994,1.535,0.235,2.765,0.639,track
3,503,0.243,0.038,-0.306,-0.018,0.114,-1.515,-0.102,-0.293,0.0479,1.0,0.995,1.497,0.242,2.734,0.528,track
3,504,0.242,0.038,-0.306,-0.018,0.114,-1.515,-0.119,-0.297,0.0498,1.0,0.995,1.472,0.249,2.717,0.457,track
3,505,0.241,0.037,-0.305,-0.018,0.114,-1.515,-0.106,-0.291,0.0488,1.0,0.994,1.499,0.245,2.738,0.456,track
3,506,0.24,0.037,-0.305,-0.018,0.114,-1.515,-0.1,-0.292,0.0469,1.0,0.995,1.503,0.239,2.737,0.537,track
3,507,0.24,0.036,-0.305,-0.018,0.114,-1.515,-0.098,-0.288,0.0449,1.0,0.995,1.515,0.232,2.742,0.507,track
3,508,0.239,0.036,-0.305,-0.018,0.114,-1.515,-0.068,-0.297,0.042,1.0,0.995,1.515,0.223,2.733,0.514,track
3,509,0.238,0.035,-0.305,-0.018,0.114,-1.515,-0.088,-0.301,0.0439,1.0,0.994,1.488,0.229,2.711,0.553,track
3,510,0.238,0.035,-0.305,-0.018,0.114,-1.515,-0.077,-0.341,0.043,1.0,0.996,1.387,0.226,2.608,0.491,track
3,511,0.237,0.034,-0.304,-0.018,0.114,-1.515,-0.087,-0.348,0.043,1.0,0.988,1.36,0.226,2.574,0.687,track
3,512,0.236,0.034,-0.304,-0.018,0.114,-1.515,-0.086,-0.353,0.0439,1.0,0.995,1.347,0.229,2.571,0.692,track
3,513,0.236,0.033,-0.304,-0.018,0.114,-1.515,-0.077,-0.339,0.0469,1.0,0.991,1.393,0.239,2.623,0.605,track
3,514,0.235,0.033,-0.304,-0.018,0.114,-1.515,-0.062,-0.361,0.0488,1.0,0.995,1.336,0.245,2.576,0.72,track
3,515,0.234,0.032,-0.304,-0.018,0.114,-1.515,-0.119,-0.308,0.043,1.0,0.991,1.441,0.226,2.658,0.738,track
3,516,0.234,0.032,-0.303,-0.018,0.114,-1.515,-0.101,-0.321,0.0439,1.0,0.994,1.424,0.229,2.647,0.814,track
3,517,0.233,0.031,-0.303,-0.018,0.114,-1.515,-0.091,-0.33,0.0449,1.0,0.995,1.407,0.232,2.634,0.635,track
3,518,0.233,0.031,-0.303,-0.018,0.114,-1.515,-0.091,-0.33,0.0449,1.0,0.996,1.407,0.232,2.635,0.528,track
3,519,0.232,0.03,-0.303,-0.018,0.114,-1.515,-0.091,-0.33,0.0449,1.0,0.996,1.407,0.232,2.634,0.47,track
3,520,0.231,0.03,-0.303,-0.018,0.114,-1.515,-0.091,-0.33,0.0449,1.0,0.996,1.407,0.232,2.635,0.505,track
3,521,0.231,0.029,-0.303,-0.018,0.114,-1.515,-0.082,-0.332,0.0459,1.0,0.996,1.407,0.235,2.638,0.494,track
3,522,0.23,0.029,-0.303,-0.018,0.114,-1.515,-0.074,-0.332,0.0469,1.0,0.996,1.413,0.239,2.648,0.517,track
3,523,0.23,0.029,-0.303,-0.018,0.114,-1.515,-0.074,-0.332,0.0469,1.0,0.996,1.413,0.239,2.648,0.505,track
3,524,0.229,0.028,-0.303,-0.018,0.114,-1.515,-0.082,-0.333,0.0479,1.0,0.996,1.406,0.242,2.644,0.51,track
3,525,0.229,0.028,-0.303,-0.018,0.114,-1.515,-0.082,-0.333,0.0479,1.0,0.995,1.406,0.242,2.643,0.537,track
3,526,0.228,0.027,-0.303,-0.018,0.114,-1.515,-0.066,-0.339,0.0459,1.0,0.996,1.398,0.235,2.629,0.542,track
3,527,0.228,0.027,-0.302,-0.018,0.114,-1.515,-0.065,-0.338,0.0479,1.0,0.996,1.402,0.242,2.639,0.521,track
3,528,0.227,0.026,-0.302,-0.018,0.114,-1.515,-0.056,-0.332,0.0449,1.0,0.996,1.425,0.232,2.653,0.529,track
3,529,0.227,0.026,-0.302,-0.018,0.114,-1.515,-0.05,-0.327,0.0449,1.0,0.997,1.439,0.232,2.668,0.515,track
3,530,0.226,0.026,-0.302,-0.018,0.114,-1.515,-0.048,-0.33,0.0449,1.0,0.996,1.432,0.232,2.661,0.478,track
3,531,0.226,0.025,-0.302,-0.018,0.114,-1.515,-0.068,-0.338,0.0439,1.0,0.996,1.401,0.229,2.626,0.494,track
3,532,0.225,0.025,-0.302,-0.018,0.114,-1.515,-0.072,-0.334,0.0449,1.0,0.997,1.408,0.232,2.637,0.547,track
3,533,0.225,0.024,-0.302,-0.018,0.114,-1.515,-0.085,-0.347,0.0459,1.0,0.997,1.363,0.235,2.595,0.446,track
3,534,0.225,0.024,-0.302,-0.018,0.114,-1.515,-0.074,-0.357,0.0439,1.0,0.997,1.343,0.229,2.569,0.498,track
3,535,0.224,0.024,-0.302,-0.018,0.114,-1.515,-0.067,-0.362,0.0439,1.0,0.997,1.331,0.229,2.556,0.404,track
3,536,0.224,0.023,-0.302,-0.018,0.114,-1.515,-0.076,-0.363,0.0449,1.0,0.997,1.324,0.232,2.553,0.479,track
3,537,0.223,0.023,-0.302,-0.018,0.114,-1.515,-0.065,-0.392,0.0439,1.0,0.996,1.246,0.229,2.471,0.503,track
3,538,0.223,0.023,-0.301,-0.018,0.114,-1.515,-0.067,-0.399,0.043,1.0,0.996,1.224,0.226,2.445,0.536,track
3,539,0.222,0.022,-0.301,-0.018,0.114,-1.515,-0.094,-0.385,0.0449,1.0,0.997,1.25,0.232,2.479,0.427,track
3,540,0.222,0.022,-0.301,-0.018,0.114,-1.515,-0.072,-0.376,0.0439,1.0,0.997,1.287,0.229,2.513,0.464,track
3,541,0.222,0.022,-0.301,-0.018,0.114,-1.515,-0.072,-0.388,0.0459,1.0,0.998,1.253,0.235,2.486,0.463,track
3,542,0.221,0.021,-0.301,-0.018,0.114,-1.515,-0.072,-0.382,0.0439,1.0,0.998,1.271,0.229,2.498,0.382,track
3,543,0.221,0.021,-0.301,-0.018,0.114,-1.515,-0.072,-0.382,0.0439,1.0,0.998,1.271,0.229,2.498,0.35,track
3,544,0.22,0.021,-0.301,-0.018,0.114,-1.515,-0.082,-0.383,0.0449,1.0,0.998,1.262,0.232,2.492,0.336,track
3,545,0.22,0.02,-0.301,-0.018,0.114,-1.515,-0.082,-0.383,0.0449,1.0,0.997,1.262,0.232,2.491,0.35,track
3,546,0.219,0.02,-0.3,-0.018,0.114,-1.515,-0.075,-0.37,0.0449,1.0,0.998,1.306,0.232,2.535,0.437,track
3,547,0.219,0.02,-0.3,-0.018,0.114,-1.515,-0.068,-0.371,0.0439,1.0,0.997,1.306,0.229,2.532,0.427,track
3,548,0.219,0.02,-0.3,-0.018,0.114,-1.515,-0.068,-0.371,0.0439,1.0,0.998,1.306,0.229,2.533,0.363,track
3,549,0.218,0.02,-0.3,-0.018,0.114,-1.515,-0.077,-0.366,0.043,1.0,0.997,1.313,0.226,2.536,0.39,track
3,550,0.218,0.019,-0.3,-0.018,0.114,-1.515,-0.065,-0.375,0.0439,1.0,0.998,1.295,0.229,2.522,0.455,track
3,551,0.217,0.019,-0.3,-0.018,0.114,-1.515,-0.064,-0.379,0.043,1.0,0.997,1.283,0.226,2.506,0.435,track
3,552,0.217,0.019,-0.3,-0.018,0.114,-1.515,-0.064,-0.379,0.043,1.0,0.997,1.283,0.226,2.506,0.487,track
3,553,0.216,0.019,-0.3,-0.018,0.114,-1.515,-0.041,-0.378,0.043,1.0,0.997,1.297,0.226,2.519,0.461,track
3,554,0.216,0.019,-0.3,-0.018,0.114,-1.515,-0.048,-0.376,0.042,1.0,0.997,1.298,0.223,2.518,0.448,track
3,555,0.216,0.018,-0.3,-0.018,0.114,-1.515,-0.047,-0.369,0.043,1.0,0.996,1.32,0.226,2.542,0.494,track
3,556,0.215,0.018,-0.3,-0.018,0.114,-1.515,-0.049,-0.372,0.042,1.0,0.997,1.311,0.223,2.53,0.482,track
3,557,0.215,0.018,-0.3,-0.018,0.114,-1.515,-0.052,-0.378,0.04,1.0,0.996,1.292,0.216,2.505,0.47,track
3,558,0.214,0.018,-0.3,-0.018,0.114,-1.515,-0.045,-0.375,0.041,1.0,0.998,1.304,0.219,2.521,0.488,track
3,559,0.214,0.018,-0.3,-0.018,0.114,-1.515,-0.032,-0.362,0.0439,1.0,0.997,1.344,0.229,2.571,0.407,track
3,560,0.213,0.018,-0.3,-0.018,0.114,-1.515,-0.045,-0.376,0.0449,1.0,0.998,1.3,0.232,2.53,0.356,track
3,561,0.213,0.018,-0.3,-0.018,0.114,-1.515,-0.045,-0.376,0.0449,1.0,0.996,1.3,0.232,2.528,0.414,track
3,562,0.213,0.017,-0.3,-0.018,0.114,-1.515,-0.045,-0.376,0.0449,1.0,0.997,1.3,0.232,2.529,0.5,track
3,563,0.212,0.017,-0.3,-0.018,0.114,-1.515,-0.056,-0.39,0.0459,1.0,0.997,1.257,0.235,2.489,0.445,track
3,564,0.212,0.017,-0.3,-0.018,0.114,-1.515,-0.056,-0.39,0.0459,1.0,0.997,1.257,0.235,2.489,0.413,track
3,565,0.211,0.017,-0.3,-0.018,0.114,-1.515,-0.069,-0.386,0.0449,1.0,0.999,1.261,0.232,2.492,0.367,track
3,566,0.211,0.017,-0.3,-0.018,0.114,-1.515,-0.059,-0.392,0.0459,1.0,0.999,1.248,0.235,2.482,0.224,track
3,567,0.21,0.017,-0.3,-0.018,0.114,-1.515,-0.072,-0.394,0.0449,1.0,0.999,1.236,0.232,2.467,0.171,track
3,568,0.21,0.017,-0.3,-0.018,0.114,-1.515,-0.072,-0.394,0.0449,1.0,0.997,1.236,0.232,2.465,0.325,track
3,569,0.21,0.017,-0.3,-0.018,0.114,-1.515,-0.06,-0.389,0.0439,1.0,0.997,1.257,0.229,2.483,0.429,track
3,570,0.209,0.017,-0.3,-0.018,0.114,-1.515,-0.05,-0.39,0.0449,1.0,0.998,1.258,0.232,2.488,0.464,track
3,571,0.209,0.017,-0.301,-0.018,0.114,-1.515,-0.05,-0.39,0.0449,1.0,0.998,1.258,0.232,2.488,0.369,track
3,572,0.208,0.017,-0.301,-0.018,0.114,-1.515,-0.058,-0.388,0.0439,1.0,0.998,1.262,0.229,2.488,0.361,track
3,573,0.208,0.017,-0.301,-0.018,0.114,-1.515,-0.043,-0.371,0.043,1.0,0.999,1.317,0.226,2.542,0.339,track
3,574,0.207,0.017,-0.301,-0.018,0.114,-1.515,-0.044,-0.379,0.0459,1.0,0.996,1.292,0.235,2.524,0.404,track
3,575,0.207,0.017,-0.301,-0.018,0.114,-1.515,-0.029,-0.357,0.0449,1.0,0.998,1.36,0.232,2.59,0.356,track
3,576,0.206,0.017,-0.301,-0.018,0.114,-1.515,-0.043,-0.357,0.0469,1.0,0.993,1.358,0.239,2.589,0.653,track
3,577,0.206,0.017,-0.301,-0.018,0.114,-1.515,-0.031,-0.347,0.0459,1.0,0.995,1.39,0.235,2.62,0.709,track
3,578,0.206,0.017,-0.301,-0.018,0.114,-1.515,-0.048,-0.335,0.043,1.0,0.996,1.418,0.226,2.64,0.567,track
3,579,0.205,0.017,-0.302,-0.018,0.114,-1.515,-0.068,-0.328,0.043,1.0,0.995,1.428,0.226,2.649,0.51,track
3,580,0.205,0.017,-0.302,-0.018,0.114,-1.515,-0.048,-0.323,0.041,1.0,0.999,1.453,0.219,2.671,0.484,track
3,581,0.204,0.017,-0.302,-0.018,0.114,-1.515,-0.061,-0.324,0.042,1.0,0.996,1.443,0.223,2.662,0.362,track
3,582,0.204,0.017,-0.302,-0.018,0.114,-1.515,-0.051,-0.342,0.043,1.0,1.0,1.396,0.226,2.622,0.342,track
3,583,0.203,0.017,-0.302,-0.018,0.114,-1.515,-0.033,-0.325,0.043,1.0,0.999,1.451,0.226,2.676,0.169,track
3,584,0.203,0.017,-0.303,-0.018,0.114,-1.515,-0.058,-0.344,0.041,1.0,0.997,1.389,0.219,2.606,0.388,track
3,585,0.202,0.017,-0.303,-0.018,0.114,-1.515,-0.046,-0.331,0.04,1.0,0.994,1.431,0.216,2.642,0.623,track
3,586,0.202,0.017,-0.303,-0.018,0.114,-1.515,-0.042,-0.305,0.041,1.0,0.996,1.505,0.219,2.721,0.673,track
3,587,0.202,0.017,-0.303,-0.018,0.114,-1.515,-0.022,-0.29,0.0439,1.0,0.996,1.551,0.229,2.776,0.535,track
3,588,0.201,0.017,-0.303,-0.018,0.114,-1.515,-0.035,-0.303,0.0449,1.0,0.998,1.513,0.232,2.743,0.339,track
3,589,0.201,0.017,-0.304,-0.018,0.114,-1.515,-0.001,-0.278,0.042,1.0,0.996,1.587,0.223,2.806,0.408,track
3,590,0.2,0.017,-0.304,-0.018,0.114,-1.515,-0.009,-0.274,0.041,1.0,0.996,1.597,0.219,2.812,0.525,track
3,591,0.2,0.017,-0.304,-0.018,0.114,-1.515,-0.03,-0.252,0.0391,1.0,0.995,1.65,0.213,2.858,0.506,track
3,592,0.199,0.017,-0.305,-0.018,0.114,-1.515,-0.059,-0.25,0.04,1.0,0.997,1.641,0.216,2.854,0.443,track
3,593,0.199,0.017,-0.305,-0.018,0.114,-1.515,-0.038,-0.247,0.04,1.0,0.996,1.658,0.216,2.87,0.395,track
3,594,0.199,0.017,-0.306,-0.018,0.114,-1.515,-0.024,-0.251,0.041,1.0,0.998,1.652,0.219,2.869,0.408,track
3,595,0.198,0.017,-0.306,-0.018,0.114,-1.515,-0.022,-0.252,0.0381,1.0,0.997,1.652,0.21,2.858,0.376,track
3,596,0.198,0.017,-0.306,-0.018,0.114,-1.515,-0.023,-0.244,0.0391,1.0,0.998,1.671,0.213,2.882,0.356,track
3,597,0.198,0.017,-0.307,-0.018,0.114,-1.515,-0.026,-0.236,0.04,1.0,0.997,1.688,0.216,2.901,0.38,track
3,598,0.197,0.016,-0.307,-0.018,0.114,-1.515,-0.026,-0.236,0.04,1.0,0.999,1.688,0.216,2.903,0.32,track
3,599,0.197,0.016,-0.307,-0.018,0.114,-1.515,-0.009,-0.225,0.0391,1.0,0.998,1.718,0.213,2.929,0.162,track
3,600,0.197,0.016,-0.308,-0.018,0.114,-1.515,-0.016,-0.2,0.0391,1.0,0.998,1.773,0.213,2.984,0.223,track
3,601,0.196,0.016,-0.308,-0.018,0.114,-1.515,-0.012,-0.196,0.0371,1.0,0.995,1.782,0.207,2.984,0.444,track
3,602,0.196,0.016,-0.309,-0.018,0.114,-1.515,-0.03,-0.189,0.0391,1.0,0.996,1.792,0.213,3.001,0.539,track
3,603,0.196,0.016,-0.309,-0.018,0.114,-1.515,-0.053,-0.198,0.0391,1.0,0.995,1.762,0.213,2.971,0.495,track
3,604,0.195,0.016,-0.31,-0.018,0.114,-1.515,-0.044,-0.194,0.0371,1.0,0.996,1.776,0.207,2.979,0.54,track
3,605,0.195,0.015,-0.31,-0.018,0.114,-1.515,-0.031,-0.205,0.0352,1.0,0.994,1.758,0.201,2.954,0.582,track
3,606,0.195,0.015,-0.311,-0.018,0.114,-1.515,-0.035,-0.194,0.0361,1.0,0.996,1.779,0.204,2.979,0.622,track
3,607,0.195,0.015,-0.311,-0.018,0.114,-1.515,-0.023,-0.194,0.0352,1.0,0.994,1.783,0.201,2.978,0.617,track
3,608,0.195,0.015,-0.312,-0.018,0.114,-1.515,-0.023,-0.194,0.0352,1.0,0.996,1.783,0.201,2.98,0.597,track
3,609,0.194,0.014,-0.312,-0.018,0.114,-1.515,-0.023,-0.194,0.0352,1.0,0.995,1.783,0.201,2.979,0.548,track
3,610,0.194,0.014,-0.313,-0.018,0.114,-1.515,-0.015,-0.169,0.0332,1.0,0.996,1.834,0.196,3.026,0.549,track
3,611,0.194,0.014,-0.313,-0.018,0.114,-1.515,-0.005,-0.164,0.0342,1.0,0.992,1.844,0.198,3.035,0.691,track
3,612,0.194,0.013,-0.314,-0.018,0.114,-1.515,-0.013,-0.143,0.0332,1.0,0.996,1.879,0.196,3.071,0.666,track
3,613,0.194,0.013,-0.314,-0.018,0.114,-1.515,-0.012,-0.141,0.0303,1.0,0.992,1.883,0.187,3.062,0.657,track
3,614,0.194,0.013,-0.315,-0.018,0.114,-1.515,-0.052,-0.123,0.0303,1.0,0.996,1.896,0.187,3.079,0.618,track
3,615,0.194,0.012,-0.316,-0.018,0.114,-1.515,-0.064,-0.115,0.0312,1.0,0.993,1.898,0.19,3.08,0.597,track
3,616,0.194,0.012,-0.317,-0.018,0.114,-1.515,-0.049,-0.1,0.0322,1.0,0.998,1.926,0.193,3.117,0.49,track
3,617,0.194,0.012,-0.318,-0.018,0.114,-1.515,-0.062,-0.1,0.0312,1.0,0.993,1.919,0.19,3.102,0.467,track
3,618,0.194,0.011,-0.319,-0.018,0.114,-1.515,-0.02,-0.13,0.0342,1.0,0.997,1.898,0.198,3.094,0.496,track
3,619,0.194,0.011,-0.32,-0.018,0.114,-1.515,-0.027,-0.14,0.0322,1.0,0.997,1.882,0.193,3.071,0.226,track
3,620,0.194,0.01,-0.321,-0.018,0.114,-1.515,0.0,-0.143,0.0303,1.0,0.998,1.881,0.187,3.066,0.198,track
3,621,0.194,0.01,-0.322,-0.018,0.114,-1.515,-0.022,-0.131,0.0303,1.0,0.998,1.897,0.187,3.081,0.125,track
3,622,0.194,0.009,-0.323,-0.018,0.114,-1.515,-0.006,-0.145,0.0312,1.0,0.998,1.878,0.19,3.066,0.178,track
3,623,0.194,0.009,-0.324,-0.018,0.114,-1.515,-0.015,-0.147,0.0283,1.0,0.994,1.874,0.182,3.05,0.399,track
3,624,0.194,0.008,-0.325,-0.018,0.114,-1.515,-0.011,-0.153,0.0283,1.0,0.995,1.864,0.182,3.04,0.592,track
3,625,0.194,0.008,-0.326,-0.018,0.114,-1.515,-0.008,-0.181,0.0293,1.0,0.994,1.812,0.184,2.991,0.593,track
3,626,0.195,0.007,-0.327,-0.018,0.114,-1.515,-0.016,-0.167,0.0303,1.0,0.994,1.837,0.187,3.019,0.472,track
3,627,0.195,0.006,-0.328,-0.018,0.114,-1.515,-0.024,-0.175,0.0303,1.0,0.999,1.82,0.187,3.006,0.435,track
3,628,0.195,0.006,-0.329,-0.018,0.114,-1.515,-0.025,-0.171,0.0293,1.0,0.996,1.829,0.184,3.009,0.293,track
3,629,0.195,0.005,-0.33,-0.018,0.114,-1.515,-0.038,-0.185,0.0293,1.0,0.997,1.796,0.184,2.977,0.431,track
3,630,0.196,0.005,-0.331,-0.018,0.114,-1.515,-0.007,-0.196,0.0273,1.0,0.993,1.781,0.179,2.953,0.656,track
3,631,0.196,0.004,-0.332,-0.018,0.114,-1.515,-0.017,-0.194,0.0283,1.0,0.995,1.785,0.182,2.962,0.635,track
3,632,0.196,0.003,-0.333,-0.018,0.114,-1.515,0.002,-0.197,0.0264,1.0,0.997,1.781,0.176,2.954,0.461,track
3,633,0.196,0.003,-0.334,-0.018,0.114,-1.515,-0.058,-0.19,0.0264,1.0,0.996,1.777,0.176,2.95,0.436,track
3,634,0.197,0.002,-0.334,-0.018,0.114,-1.515,-0.041,-0.202,0.0254,1.0,0.997,1.761,0.173,2.932,0.419,track
3,635,0.197,0.001,-0.335,-0.018,0.114,-1.515,-0.041,-0.207,0.0254,1.0,0.996,1.751,0.173,2.92,0.44,track
3,636,0.197,0.001,-0.336,-0.018,0.114,-1.515,-0.049,-0.193,0.0234,1.0,0.999,1.776,0.168,2.943,0.42,track
3,637,0.198,-0.0,-0.337,-0.018,0.114,-1.515,-0.073,-0.171,0.0225,1.0,0.999,1.802,0.166,2.967,0.186,track
3,638,0.198,-0.001,-0.338,-0.018,0.114,-1.515,-0.055,-0.172,0.0234,1.0,0.997,1.814,0.168,2.98,0.303,track
3,639,0.199,-0.002,-0.339,-0.018,0.114,-1.515,-0.033,-0.155,0.0225,1.0,0.999,1.855,0.166,3.019,0.359,track
3,640,0.199,-0.002,-0.34,-0.018,0.114,-1.515,0.0,-0.166,0.0225,1.0,0.995,1.842,0.166,3.002,0.522,track
3,641,0.199,-0.003,-0.341,-0.018,0.114,-1.515,0.0,-0.179,0.0205,1.0,0.996,1.818,0.161,2.974,0.662,track
3,642,0.2,-0.004,-0.341,-0.018,0.114,-1.515,0.018,-0.185,0.0244,1.0,0.997,1.803,0.171,2.971,0.513,track
3,643,0.2,-0.004,-0.342,-0.018,0.114,-1.515,0.049,-0.179,0.0225,1.0,0.997,1.803,0.166,2.966,0.467,track
3,644,0.201,-0.005,-0.343,-0.018,0.114,-1.515,-0.01,-0.201,0.0234,1.0,0.997,1.772,0.168,2.938,0.477,track
3,645,0.201,-0.006,-0.344,-0.018,0.114,-1.515,-0.022,-0.202,0.0244,1.0,0.993,1.766,0.171,2.93,0.644,track
3,646,0.202,-0.007,-0.345,-0.018,0.114,-1.515,-0.033,-0.207,0.0225,1.0,0.996,1.754,0.166,2.916,0.635,track
3,647,0.202,-0.007,-0.346,-0.018,0.114,-1.515,0.014,-0.202,0.0215,1.0,0.998,1.769,0.163,2.93,0.41,track
3,648,0.203,-0.008,-0.347,-0.018,0.114,-1.515,0.034,-0.205,0.0215,1.0,0.996,1.758,0.163,2.917,0.446,track
3,649,0.203,-0.009,-0.347,-0.018,0.114,-1.515,0.04,-0.205,0.0215,1.0,0.998,1.756,0.163,2.917,0.402,track
3,650,0.204,-0.01,-0.348,-0.018,0.114,-1.515,0.033,-0.211,0.0205,1.0,0.998,1.744,0.161,2.903,0.287,track
3,651,0.205,-0.011,-0.349,-0.018,0.114,-1.515,-0.009,-0.25,0.0195,1.0,0.999,1.658,0.158,2.815,0.3,track
3,652,0.205,-0.011,-0.349,-0.018,0.114,-1.515,0.006,-0.247,0.0215,1.0,0.993,1.665,0.163,2.821,0.455,track
3,653,0.206,-0.012,-0.35,-0.018,0.114,-1.515,-0.006,-0.21,0.0215,1.0,0.993,1.751,0.163,2.907,0.653,track
3,654,0.206,-0.013,-0.35,-0.018,0.114,-1.515,-0.006,-0.21,0.0215,1.0,0.999,1.751,0.163,2.913,0.524,track
3,655,0.207,-0.014,-0.351,-0.018,0.114,-1.515,-0.011,-0.222,0.0215,1.0,0.997,1.725,0.163,2.885,0.398,track
3,656,0.208,-0.014,-0.351,-0.018,0.114,-1.515,-0.011,-0.224,0.0215,1.0,0.997,1.719,0.163,2.879,0.513,track
3,657,0.208,-0.015,-0.352,-0.018,0.114,-1.515,-0.006,-0.244,0.0205,1.0,0.996,1.673,0.161,2.829,0.515,track
3,658,0.209,-0.016,-0.353,-0.018,0.114,-1.515,0.009,-0.232,0.0205,1.0,0.997,1.701,0.161,2.858,0.538,track
3,659,0.209,-0.017,-0.353,-0.018,0.114,-1.515,-0.027,-0.25,0.0225,1.0,0.995,1.654,0.166,2.815,0.617,track
3,660,0.21,-0.017,-0.354,-0.018,0.114,-1.515,-0.039,-0.253,0.0205,1.0,0.994,1.643,0.161,2.797,0.736,track
3,661,0.211,-0.018,-0.354,-0.018,0.114,-1.515,-0.047,-0.269,0.0195,1.0,0.996,1.6,0.158,2.754,0.633,track
3,662,0.211,-0.019,-0.355,-0.018,0.114,-1.515,-0.013,-0.266,0.0186,1.0,0.997,1.616,0.156,2.768,0.517,track
3,663,0.212,-0.02,-0.355,-0.018,0.114,-1.515,-0.01,-0.266,0.0186,1.0,0.994,1.616,0.156,2.766,0.611,track
3,664,0.213,-0.02,-0.356,-0.018,0.114,-1.515,-0.022,-0.268,0.0166,1.0,0.997,1.609,0.151,2.757,0.574,track
3,665,0.213,-0.021,-0.356,-0.018,0.114,-1.515,-0.015,-0.283,0.0205,1.0,0.997,1.572,0.161,2.73,0.459,track
3,666,0.214,-0.022,-0.357,-0.018,0.114,-1.515,0.013,-0.273,0.0186,1.0,0.997,1.598,0.156,2.751,0.502,track
3,667,0.215,-0.023,-0.357,-0.018,0.114,-1.515,0.028,-0.264,0.0176,1.0,0.995,1.619,0.153,2.768,0.632,track
3,668,0.216,-0.023,-0.357,-0.018,0.114,-1.515,0.03,-0.26,0.0186,1.0,0.997,1.629,0.156,2.782,0.581,track
3,669,0.216,-0.024,-0.358,-0.018,0.114,-1.515,-0.009,-0.283,0.0205,1.0,0.997,1.573,0.161,2.73,0.523,track
3,670,0.217,-0.025,-0.358,-0.018,0.114,-1.515,-0.009,-0.286,0.0205,1.0,0.993,1.565,0.161,2.719,0.698,track
3,671,0.218,-0.025,-0.358,-0.018,0.114,-1.515,0.017,-0.292,0.0176,1.0,0.997,1.548,0.153,2.698,0.661,track
3,672,0.219,-0.026,-0.359,-0.018,0.114,-1.515,0.003,-0.299,0.0176,1.0,0.997,1.531,0.153,2.681,0.481,track
3,673,0.219,-0.026,-0.359,-0.018,0.114,-1.515,0.027,-0.309,0.0156,1.0,0.997,1.5,0.148,2.645,0.417,track
3,674,0.22,-0.027,-0.359,-0.018,0.114,-1.515,0.004,-0.324,0.0166,1.0,0.998,1.461,0.151,2.61,0.362,track
3,675,0.221,-0.028,-0.359,-0.018,0.114,-1.515,0.069,-0.312,0.0176,1.0,0.997,1.471,0.153,2.621,0.365,track
3,676,0.222,-0.028,-0.359,-0.018,0.114,-1.515,0.028,-0.341,0.0195,1.0,0.998,1.409,0.158,2.565,0.401,track
3,677,0.222,-0.029,-0.359,-0.018,0.114,-1.515,0.033,-0.345,0.0225,1.0,0.994,1.395,0.166,2.554,0.522,track
3,678,0.223,-0.029,-0.358,-0.018,0.114,-1.515,0.037,-0.332,0.0215,1.0,0.996,1.43,0.163,2.589,0.62,track
3,679,0.224,-0.03,-0.358,-0.018,0.114,-1.515,-0.003,-0.348,0.0205,1.0,0.998,1.39,0.161,2.548,0.446,track
3,680,0.225,-0.03,-0.358,-0.018,0.114,-1.515,0.003,-0.362,0.0186,1.0,0.998,1.35,0.156,2.504,0.314,track
3,681,0.225,-0.031,-0.357,-0.018,0.114,-1.515,-0.01,-0.389,0.0176,1.0,0.999,1.27,0.153,2.422,0.15,track
3,682,0.226,-0.031,-0.357,-0.018,0.114,-1.515,0.006,-0.388,0.0195,1.0,0.994,1.275,0.158,2.426,0.243,track
3,683,0.227,-0.031,-0.357,-0.018,0.114,-1.515,0.033,-0.393,0.0205,1.0,0.997,1.255,0.161,2.412,0.432,track
3,684,0.228,-0.032,-0.356,-0.018,0.114,-1.515,0.015,-0.411,0.0205,1.0,0.994,1.205,0.161,2.36,0.516,track
3,685,0.228,-0.032,-0.356,-0.018,0.114,-1.515,0.008,-0.422,0.0234,1.0,0.997,1.172,0.168,2.338,0.45,track
3,686,0.229,-0.033,-0.355,-0.018,0.114,-1.515,0.033,-0.438,0.0225,1.0,0.992,1.123,0.166,2.28,0.516,track
3,687,0.23,-0.033,-0.354,-0.018,0.114,-1.515,0.02,-0.454,0.0186,1.0,0.996,1.077,0.156,2.228,0.567,track
3,688,0.231,-0.033,-0.354,-0.018,0.114,-1.515,-0.022,-0.453,0.0195,1.0,0.991,1.079,0.158,2.228,0.595,track
3,689,0.231,-0.034,-0.353,-0.018,0.114,-1.515,0.011,-0.473,0.0225,1.0,0.996,1.022,0.166,2.184,0.535,track
3,690,0.232,-0.034,-0.353,-0.018,0.114,-1.515,0.011,-0.489,0.0215,1.0,0.991,0.977,0.163,2.131,0.499,track
3,691,0.233,-0.034,-0.352,-0.018,0.114,-1.515,0.034,-0.492,0.0234,1.0,0.996,0.964,0.168,2.127,0.551,track
3,692,0.234,-0.034,-0.351,-0.018,0.114,-1.515,0.018,-0.505,0.0234,1.0,0.991,0.929,0.168,2.088,0.562,track
3,693,0.234,-0.034,-0.35,-0.018,0.114,-1.515,0.018,-0.5,0.0205,1.0,0.995,0.944,0.161,2.1,0.557,track
3,694,0.235,-0.034,-0.35,-0.018,0.114,-1.515,-0.003,-0.5,0.0215,1.0,0.993,0.945,0.163,2.1,0.508,track
3,695,0.235,-0.034,-0.349,-0.018,0.114,-1.515,-0.012,-0.512,0.0205,1.0,0.995,0.911,0.161,2.067,0.524,track
3,696,0.236,-0.035,-0.348,-0.018,0.114,-1.515,0.011,-0.535,0.0225,1.0,0.992,0.846,0.166,2.004,0.547,track
3,697,0.237,-0.035,-0.348,-0.018,0.114,-1.515,0.003,-0.535,0.0225,1.0,0.995,0.847,0.166,2.007,0.56,track
3,698,0.237,-0.035,-0.347,-0.018,0.114,-1.515,0.031,-0.546,0.0254,1.0,0.992,0.816,0.173,1.982,0.515,track
3,699,0.238,-0.034,-0.346,-0.018,0.114,-1.515,0.034,-0.548,0.0254,1.0,0.995,0.809,0.173,1.977,0.516,track
3,700,0.238,-0.034,-0.345,-0.018,0.114,-1.515,0.014,-0.548,0.0254,1.0,0.992,0.812,0.173,1.977,0.51,track
3,701,0.239,-0.034,-0.345,-0.018,0.114,-1.515,0.014,-0.548,0.0254,1.0,0.995,0.812,0.173,1.98,0.471,track
3,702,0.239,-0.034,-0.344,-0.018,0.114,-1.515,-0.023,-0.544,0.0234,1.0,0.992,0.821,0.168,1.982,0.467,track
3,703,0.24,-0.034,-0.344,-0.018,0.114,-1.515,-0.026,-0.557,0.0215,1.0,0.995,0.787,0.163,1.945,0.475,track
3,704,0.24,-0.034,-0.343,-0.018,0.114,-1.515,0.008,-0.562,0.0234,1.0,0.993,0.774,0.168,1.935,0.443,track
3,705,0.241,-0.034,-0.343,-0.018,0.114,-1.515,0.008,-0.562,0.0234,1.0,0.993,0.774,0.168,1.935,0.55,track
3,706,0.241,-0.033,-0.342,-0.018,0.114,-1.515,0.008,-0.562,0.0234,1.0,0.993,0.774,0.168,1.935,0.582,track
3,707,0.241,-0.033,-0.342,-0.018,0.114,-1.515,0.028,-0.558,0.0244,1.0,0.994,0.785,0.171,1.95,0.491,track
3,708,0.242,-0.033,-0.341,-0.018,0.114,-1.515,0.0,-0.567,0.0264,1.0,0.993,0.762,0.176,1.931,0.498,track
3,709,0.242,-0.032,-0.341,-0.018,0.114,-1.515,-0.002,-0.56,0.0244,1.0,0.995,0.781,0.171,1.946,0.375,track
3,710,0.242,-0.032,-0.34,-0.018,0.114,-1.515,-0.002,-0.562,0.0264,1.0,0.994,0.774,0.176,1.944,0.356,track
3,711,0.242,-0.031,-0.34,-0.018,0.114,-1.515,-0.034,-0.565,0.0254,1.0,0.995,0.765,0.173,1.933,0.464,track
3,712,0.243,-0.031,-0.34,-0.018,0.114,-1.515,-0.048,-0.568,0.0244,1.0,0.992,0.756,0.171,1.919,0.556,track
3,713,0.243,-0.031,-0.339,-0.018,0.114,-1.515,-0.038,-0.565,0.0254,1.0,0.996,0.764,0.173,1.933,0.572,track
3,714,0.243,-0.03,-0.339,-0.018,0.114,-1.515,-0.026,-0.555,0.0254,1.0,0.996,0.791,0.173,1.96,0.412,track
3,715,0.243,-0.029,-0.339,-0.018,0.114,-1.515,-0.05,-0.56,0.0254,1.0,0.994,0.774,0.173,1.942,0.491,track
3,716,0.243,-0.029,-0.339,-0.018,0.114,-1.515,-0.028,-0.558,0.0264,1.0,0.993,0.784,0.176,1.954,0.603,track
3,717,0.243,-0.028,-0.339,-0.018,0.114,-1.515,-0.03,-0.556,0.0264,1.0,0.994,0.79,0.176,1.961,0.595,track
3,718,0.243,-0.028,-0.339,-0.018,0.114,-1.515,-0.04,-0.545,0.0244,1.0,0.995,0.817,0.171,1.982,0.546,track
3,719,0.243,-0.027,-0.338,-0.018,0.114,-1.515,-0.025,-0.53,0.0244,1.0,0.995,0.859,0.171,2.025,0.54,track
3,720,0.243,-0.027,-0.338,-0.018,0.114,-1.515,-0.045,-0.536,0.0273,1.0,0.996,0.84,0.179,2.015,0.457,track
3,721,0.243,-0.026,-0.338,-0.018,0.114,-1.515,-0.053,-0.526,0.0254,1.0,0.997,0.864,0.173,2.034,0.285,track
3,722,0.243,-0.025,-0.338,-0.018,0.114,-1.515,-0.075,-0.538,0.0254,1.0,0.997,0.824,0.173,1.995,0.224,track
3,723,0.243,-0.025,-0.338,-0.018,0.114,-1.515,-0.075,-0.541,0.0283,1.0,0.998,0.817,0.182,1.997,0.199,track
3,724,0.243,-0.024,-0.338,-0.018,0.114,-1.515,-0.075,-0.526,0.0254,1.0,0.998,0.856,0.173,2.028,0.125,track
3,725,0.242,-0.023,-0.338,-0.018,0.114,-1.515,-0.05,-0.51,0.0244,1.0,0.996,0.91,0.171,2.076,0.35,track
3,726,0.242,-0.023,-0.338,-0.018,0.114,-1.515,-0.087,-0.507,0.0273,1.0,0.997,0.905,0.179,2.081,0.276,track
3,727,0.242,-0.022,-0.338,-0.018,0.114,-1.515,-0.083,-0.509,0.0264,1.0,0.998,0.9,0.176,2.074,0.142,track
3,728,0.242,-0.021,-0.338,-0.018,0.114,-1.515,-0.058,-0.529,0.0254,1.0,0.998,0.856,0.173,2.027,0.038,track
3,729,0.241,-0.021,-0.338,-0.018,0.114,-1.515,-0.062,-0.519,0.0283,1.0,0.998,0.88,0.182,2.06,0.08,track
3,730,0.241,-0.02,-0.338,-0.018,0.114,-1.515,-0.049,-0.511,0.0273,1.0,0.998,0.907,0.179,2.084,0.066,track
3,731,0.241,-0.019,-0.338,-0.018,0.114,-1.515,-0.056,-0.5,0.0273,1.0,0.998,0.936,0.179,2.113,0.09,track
3,732,0.24,-0.019,-0.338,-0.018,0.114,-1.515,-0.077,-0.498,0.0293,1.0,0.998,0.934,0.184,2.116,0.054,track
3,733,0.24,-0.018,-0.338,-0.018,0.114,-1.515,-0.049,-0.475,0.0273,1.0,0.999,1.008,0.179,2.185,0.072,track
3,734,0.24,-0.017,-0.338,-0.018,0.114,-1.515,-0.081,-0.486,0.0264,1.0,0.995,0.965,0.176,2.136,0.266,track
3,735,0.239,-0.016,-0.338,-0.018,0.114,-1.515,-0.046,-0.493,0.0264,1.0,0.997,0.958,0.176,2.132,0.412,track
3,736,0.239,-0.016,-0.338,-0.018,0.114,-1.515,-0.049,-0.488,0.0264,1.0,0.996,0.971,0.176,2.143,0.398,track
3,737,0.238,-0.015,-0.338,-0.018,0.114,-1.515,-0.042,-0.455,0.0273,1.0,0.998,1.068,0.179,2.245,0.35,track
3,738,0.238,-0.014,-0.338,-0.018,0.114,-1.515,-0.022,-0.455,0.0273,1.0,0.994,1.072,0.179,2.245,0.445,track
3,739,0.237,-0.014,-0.338,-0.018,0.114,-1.515,-0.079,-0.446,0.0293,1.0,0.998,1.081,0.184,2.263,0.371,track
3,740,0.237,-0.013,-0.338,-0.018,0.114,-1.515,-0.056,-0.442,0.0293,1.0,0.998,1.103,0.184,2.286,0.328,track
3,741,0.236,-0.012,-0.338,-0.018,0.114,-1.515,-0.035,-0.451,0.0264,1.0,0.999,1.081,0.176,2.256,0.191,track
3,742,0.235,-0.012,-0.338,-0.018,0.114,-1.515,-0.017,-0.45,0.0283,1.0,0.999,1.087,0.182,2.268,0.114,track
3,743,0.235,-0.011,-0.338,-0.018,0.114,-1.515,0.016,-0.424,0.0273,1.0,0.999,1.165,0.179,2.343,0.094,track
3,744,0.234,-0.01,-0.338,-0.018,0.114,-1.515,-0.038,-0.401,0.0254,1.0,0.997,1.228,0.173,2.398,0.258,track
3,745,0.234,-0.01,-0.338,-0.018,0.114,-1.515,-0.056,-0.391,0.0303,1.0,0.998,1.252,0.187,2.437,0.11,track
3,746,0.233,-0.009,-0.338,-0.018,0.114,-1.515,-0.054,-0.385,0.0293,1.0,0.998,1.27,0.184,2.452,0.147,track
3,747,0.232,-0.008,-0.338,-0.018,0.114,-1.515,-0.024,-0.37,0.0254,1.0,0.999,1.324,0.173,2.496,0.173,track
3,748,0.232,-0.008,-0.338,-0.018,0.114,-1.515,-0.02,-0.353,0.0273,1.0,0.997,1.375,0.179,2.551,0.141,track
3,749,0.231,-0.007,-0.338,-0.018,0.114,-1.515,-0.065,-0.354,0.0264,1.0,0.997,1.356,0.176,2.529,0.211,track
3,750,0.231,-0.006,-0.338,-0.018,0.114,-1.515,-0.056,-0.359,0.0303,1.0,0.997,1.346,0.187,2.53,0.352,track
3,751,0.23,-0.006,-0.338,-0.018,0.114,-1.515,-0.054,-0.33,0.0283,1.0,0.999,1.431,0.182,2.611,0.318,track
3,752,0.229,-0.005,-0.338,-0.018,0.114,-1.515,-0.042,-0.336,0.0264,1.0,0.994,1.419,0.176,2.589,0.449,track
3,753,0.229,-0.005,-0.338,-0.018,0.114,-1.515,-0.031,-0.312,0.0254,1.0,0.996,1.488,0.173,2.657,0.566,track
3,754,0.228,-0.004,-0.338,-0.018,0.114,-1.515,-0.05,-0.296,0.0293,1.0,0.993,1.527,0.184,2.704,0.593,track
3,755,0.227,-0.004,-0.338,-0.018,0.114,-1.515,-0.139,-0.255,0.0264,1.0,0.995,1.554,0.176,2.725,0.545,track
3,756,0.227,-0.003,-0.338,-0.018,0.114,-1.515,-0.137,-0.24,0.0254,1.0,0.989,1.59,0.173,2.752,0.63,track
3,757,0.226,-0.003,-0.339,-0.018,0.114,-1.515,-0.011,-0.246,0.0283,1.0,0.995,1.668,0.182,2.845,0.319,track
3,758,0.226,-0.002,-0.339,-0.018,0.114,-1.515,-0.065,-0.214,0.0273,1.0,0.996,1.721,0.179,2.896,0.297,track
3,759,0.225,-0.002,-0.339,-0.018,0.114,-1.515,-0.118,-0.214,0.0254,1.0,0.992,1.672,0.173,2.838,0.397,track
3,760,0.225,-0.001,-0.34,-0.018,0.114,-1.515,-0.077,-0.195,0.0254,1.0,0.995,1.754,0.173,2.923,0.298,track
3,761,0.224,-0.001,-0.341,-0.018,0.114,-1.515,-0.065,-0.207,0.0254,1.0,0.995,1.737,0.173,2.905,0.19,track
3,762,0.224,-0.001,-0.341,-0.018,0.114,-1.515,-0.088,-0.201,0.0264,1.0,0.994,1.73,0.176,2.9,0.444,track
3,763,0.223,-0.0,-0.342,-0.018,0.114,-1.515,-0.067,-0.183,0.0264,1.0,0.994,1.785,0.176,2.955,0.508,track
3,764,0.223,0.0,-0.342,-0.018,0.114,-1.515,-0.095,-0.182,0.0244,1.0,0.995,1.761,0.171,2.927,0.429,track
3,765,0.222,0.0,-0.343,-0.018,0.114,-1.515,-0.072,-0.164,0.0264,1.0,0.994,1.816,0.176,2.987,0.379,track
3,766,0.222,0.001,-0.344,-0.018,0.114,-1.515,-0.053,-0.161,0.0254,1.0,0.995,1.835,0.173,3.004,0.39,track
3,767,0.221,0.001,-0.344,-0.018,0.114,-1.515,-0.072,-0.167,0.0264,1.0,0.995,1.812,0.176,2.983,0.244,track
3,768,0.221,0.001,-0.345,-0.018,0.114,-1.515,-0.072,-0.167,0.0264,1.0,0.995,1.812,0.176,2.983,0.341,track
3,769,0.221,0.001,-0.346,-0.018,0.114,-1.515,-0.072,-0.167,0.0264,1.0,0.994,1.812,0.176,2.982,0.383,track
3,770,0.221,0.001,-0.346,-0.018,0.114,-1.515,-0.053,-0.161,0.0254,1.0,0.995,1.835,0.173,3.003,0.389,track
3,771,0.22,0.001,-0.347,-0.018,0.114,-1.515,-0.072,-0.14,0.0244,1.0,0.995,1.856,0.171,3.022,0.387,track
3,772,0.22,0.001,-0.348,-0.018,0.114,-1.515,-0.083,-0.141,0.0234,1.0,0.996,1.846,0.168,3.01,0.366,track
3,773,0.22,0.002,-0.348,-0.018,0.114,-1.515,-0.094,-0.119,0.0215,1.0,0.995,1.867,0.163,3.025,0.228,track
3,774,0.22,0.002,-0.349,-0.018,0.114,-1.515,-0.099,-0.108,0.0215,1.0,0.996,1.875,0.163,3.034,0.208,track
3,775,0.219,0.001,-0.35,-0.018,0.114,-1.515,-0.08,-0.134,0.0205,1.0,0.995,1.859,0.161,3.015,0.16,track
3,776,0.219,0.001,-0.351,-0.018,0.114,-1.515,-0.08,-0.134,0.0205,1.0,0.995,1.859,0.161,3.015,0.376,track
3,777,0.219,0.001,-0.352,-0.018,0.114,-1.515,-0.036,-0.125,0.0186,1.0,0.995,1.901,0.156,3.052,0.287,track
3,778,0.219,0.001,-0.353,-0.018,0.114,-1.515,0.016,-0.115,0.0186,1.0,0.997,1.92,0.156,3.073,0.266,track
3,779,0.219,0.001,-0.354,-0.018,0.114,-1.515,-0.016,-0.131,0.0195,1.0,0.997,1.898,0.158,3.053,0.247,track
3,780,0.219,0.001,-0.355,-0.018,0.114,-1.515,-0.031,-0.135,0.0176,1.0,0.996,1.887,0.153,3.036,0.208,track
3,781,0.219,0.001,-0.356,-0.018,0.114,-1.515,0.016,-0.118,0.0186,1.0,0.995,1.916,0.156,3.067,0.337,track
3,782,0.219,0.001,-0.357,-0.018,0.114,-1.515,-0.003,-0.105,0.0186,1.0,0.997,1.935,0.156,3.087,0.325,track
3,783,0.219,0.0,-0.358,-0.018,0.114,-1.515,-0.022,-0.099,0.0166,1.0,0.996,1.939,0.151,3.085,0.266,track
3,784,0.219,0.0,-0.359,-0.018,0.114,-1.515,-0.022,-0.099,0.0166,1.0,0.997,1.939,0.151,3.087,0.27,track
3,785,0.22,-0.0,-0.36,-0.018,0.114,-1.515,-0.046,-0.109,0.0186,1.0,0.995,1.918,0.156,3.069,0.25,track
3,786,0.22,-0.001,-0.361,-0.018,0.114,-1.515,-0.069,-0.118,0.0186,1.0,0.996,1.89,0.156,3.042,0.384,track
3,787,0.22,-0.001,-0.362,-0.018,0.114,-1.515,-0.037,-0.132,0.0166,1.0,0.995,1.89,0.151,3.036,0.335,track
3,788,0.22,-0.001,-0.363,-0.018,0.114,-1.515,-0.037,-0.132,0.0166,1.0,0.996,1.89,0.151,3.037,0.303,track
3,789,0.221,-0.002,-0.364,-0.018,0.114,-1.515,-0.004,-0.133,0.0146,1.0,0.996,1.896,0.146,3.038,0.321,track
3,790,0.221,-0.002,-0.365,-0.018,0.114,-1.515,-0.04,-0.094,0.0137,1.0,0.997,1.939,0.144,3.079,0.332,track
3,791,0.221,-0.002,-0.366,-0.018,0.114,-1.515,-0.04,-0.094,0.0137,1.0,0.993,1.939,0.144,3.075,0.548,track
3,792,0.221,-0.003,-0.368,-0.018,0.114,-1.515,-0.04,-0.094,0.0137,1.0,0.997,1.939,0.144,3.079,0.547,track
3,793,0.222,-0.003,-0.369,-0.018,0.114,-1.515,-0.04,-0.094,0.0137,1.0,0.996,1.939,0.144,3.078,0.428,track
3,794,0.222,-0.004,-0.37,-0.018,0.114,-1.515,-0.014,-0.091,0.0127,1.0,0.997,1.949,0.142,3.088,0.447,track
3,795,0.223,-0.004,-0.372,-0.018,0.114,-1.515,-0.014,-0.091,0.0127,1.0,0.995,1.949,0.142,3.086,0.483,track
3,796,0.223,-0.005,-0.373,-0.018,0.114,-1.515,0.0,-0.099,0.0117,1.0,0.996,1.942,0.139,3.077,0.542,track
3,797,0.224,-0.005,-0.375,-0.018,0.114,-1.515,0.0,-0.099,0.0117,1.0,0.996,1.942,0.139,3.078,0.472,track
3,798,0.224,-0.006,-0.376,-0.018,0.114,-1.515,-0.017,-0.102,0.0107,1.0,0.996,1.937,0.137,3.069,0.478,track
3,799,0.225,-0.006,-0.378,-0.018,0.114,-1.515,-0.053,-0.101,0.0127,1.0,0.996,1.924,0.142,3.062,0.455,track
3,800,0.225,-0.007,-0.379,-0.018,0.114,-1.515,0.021,-0.09,0.0088,1.0,0.995,1.949,0.133,3.077,0.484,track
3,801,0.226,-0.007,-0.381,-0.018,0.114,-1.515,0.021,-0.09,0.0088,1.0,0.994,1.949,0.133,3.075,0.636,track
3,802,0.227,-0.008,-0.383,-0.018,0.114,-1.515,-0.016,-0.078,0.0078,1.0,0.996,1.962,0.13,3.089,0.592,track
3,803,0.227,-0.009,-0.384,-0.018,0.114,-1.515,-0.016,-0.078,0.0078,1.0,0.996,1.962,0.13,3.089,0.474,track
3,804,0.228,-0.009,-0.386,-0.018,0.114,-1.515,-0.016,-0.078,0.0078,1.0,0.997,1.962,0.13,3.09,0.424,track
3,805,0.229,-0.01,-0.388,-0.018,0.114,-1.515,0.075,-0.1,0.0049,1.0,0.996,1.908,0.124,3.029,0.402,track
3,806,0.23,-0.011,-0.39,-0.018,0.114,-1.515,0.075,-0.1,0.0049,1.0,0.996,1.908,0.124,3.029,0.421,track
3,807,0.23,-0.011,-0.391,-0.018,0.114,-1.515,0.042,-0.125,0.0029,1.0,0.998,1.898,0.12,3.017,0.249,track
3,808,0.231,-0.012,-0.393,-0.018,0.114,-1.515,0.0,0.0,0.0,0.0,0.996,0.0,0.0,-0.004,0.227,track
3,809,0.232,-0.013,-0.395,-0.018,0.114,-1.515,0.0,0.0,0.0,0.0,0.982,0.0,0.0,-0.018,0.557,track
3,810,0.233,-0.013,-0.395,-0.018,0.114,-1.515,0.0,0.0,0.0,0.0,0.976,0.0,0.0,-0.024,0.818,track
3,811,0.234,-0.014,-0.395,-0.018,0.114,-1.515,0.0,0.0,0.0,0.0,0.974,0.0,0.0,-0.026,0.844,track
3,812,0.235,-0.015,-0.394,-0.018,0.114,-1.515,0.0,0.0,0.0,0.0,0.975,0.0,0.0,-0.025,0.824,track
3,813,0.236,-0.016,-0.392,-0.018,0.114,-1.515,0.062,-0.234,0.0039,1.0,0.978,1.676,0.122,2.777,0.78,track
3,814,0.237,-0.016,-0.39,-0.018,0.114,-1.515,0.05,-0.288,0.0049,1.0,0.998,1.549,0.124,2.672,0.795,track
3,815,0.238,-0.017,-0.388,-0.018,0.114,-1.515,0.112,-0.312,0.0049,1.0,0.978,1.437,0.124,2.538,0.569,track
3,816,0.239,-0.018,-0.386,-0.018,0.114,-1.515,-0.062,-0.223,0.0068,1.0,0.972,1.702,0.128,2.803,0.281,track
3,817,0.24,-0.019,-0.384,-0.018,0.114,-1.515,0.0,-0.278,0.0088,1.0,0.99,1.587,0.133,2.709,0.44,track
3,818,0.241,-0.02,-0.383,-0.018,0.114,-1.515,0.023,-0.289,0.0078,1.0,0.987,1.554,0.13,2.671,0.332,track
3,819,0.242,-0.021,-0.382,-0.018,0.114,-1.515,0.017,-0.29,0.0107,1.0,0.993,1.553,0.137,2.683,0.33,track
3,820,0.242,-0.022,-0.381,-0.018,0.114,-1.515,0.042,-0.271,0.0088,1.0,0.996,1.597,0.133,2.726,0.423,track
3,821,0.243,-0.023,-0.38,-0.018,0.114,-1.515,0.025,-0.338,0.0098,1.0,0.985,1.418,0.135,2.538,0.637,track
3,822,0.244,-0.024,-0.379,-0.018,0.114,-1.515,0.006,-0.335,0.0107,1.0,0.995,1.427,0.137,2.559,0.866,track
3,823,0.245,-0.024,-0.379,-0.018,0.114,-1.515,0.027,-0.362,0.0137,1.0,0.993,1.348,0.144,2.485,0.55,track
3,824,0.246,-0.025,-0.378,-0.018,0.114,-1.515,0.052,-0.375,0.0117,1.0,0.994,1.301,0.139,2.434,0.579,track
3,825,0.247,-0.026,-0.377,-0.018,0.114,-1.515,0.036,-0.385,0.0117,1.0,0.992,1.276,0.139,2.407,0.575,track
3,826,0.248,-0.027,-0.376,-0.018,0.114,-1.515,0.058,-0.361,0.0127,1.0,0.995,1.341,0.142,2.477,0.565,track
3,827,0.249,-0.028,-0.375,-0.018,0.114,-1.515,0.067,-0.413,0.0127,1.0,0.992,1.181,0.142,2.315,0.641,track
3,828,0.25,-0.029,-0.374,-0.018,0.114,-1.515,0.085,-0.42,0.0137,1.0,0.991,1.154,0.144,2.289,0.762,track
3,829,0.251,-0.029,-0.373,-0.018,0.114,-1.515,0.023,-0.445,0.0156,1.0,0.994,1.101,0.148,2.244,0.646,track
3,830,0.252,-0.03,-0.372,-0.018,0.114,-1.515,0.062,-0.433,0.0146,1.0,0.987,1.125,0.146,2.259,0.726,track
3,831,0.253,-0.031,-0.371,-0.018,0.114,-1.515,0.054,-0.483,0.0146,1.0,0.993,0.984,0.146,2.123,0.764,track
3,832,0.254,-0.031,-0.37,-0.018,0.114,-1.515,0.015,-0.511,0.0166,1.0,0.987,0.913,0.151,2.051,0.755,track
3,833,0.255,-0.032,-0.368,-0.018,0.114,-1.515,-0.01,-0.517,0.0176,1.0,0.993,0.896,0.153,2.042,0.425,track
3,834,0.256,-0.032,-0.367,-0.018,0.114,-1.515,0.062,-0.535,0.0156,1.0,0.989,0.837,0.148,1.975,0.259,track
3,835,0.257,-0.033,-0.366,-0.018,0.114,-1.515,0.023,-0.559,0.0186,1.0,0.989,0.781,0.156,1.926,0.539,track
3,836,0.258,-0.034,-0.365,-0.018,0.114,-1.515,-0.007,-0.59,0.0176,1.0,0.986,0.703,0.153,1.843,0.648,track
3,837,0.259,-0.034,-0.363,-0.018,0.114,-1.515,0.045,-0.583,0.0176,1.0,0.99,0.716,0.153,1.86,0.388,track
3,838,0.259,-0.034,-0.362,-0.018,0.114,-1.515,-0.021,-0.625,0.0176,1.0,0.989,0.619,0.153,1.761,0.149,track
3,839,0.26,-0.035,-0.361,-0.018,0.114,-1.515,-0.003,-0.649,0.0176,1.0,0.983,0.565,0.153,1.701,0.527,track
3,840,0.261,-0.035,-0.359,-0.018,0.114,-1.515,0.038,-0.635,0.0176,1.0,0.986,0.593,0.153,1.733,0.568,track
3,841,0.262,-0.035,-0.358,-0.018,0.114,-1.515,0.027,-0.644,0.0225,1.0,0.988,0.575,0.166,1.729,0.142,track
3,842,0.263,-0.035,-0.357,-0.018,0.114,-1.515,0.025,-0.653,0.0195,1.0,0.988,0.555,0.158,1.702,0.164,track
3,843,0.263,-0.036,-0.356,-0.018,0.114,-1.515,0.055,-0.647,0.0166,1.0,0.989,0.564,0.151,1.704,0.206,track
3,844,0.264,-0.036,-0.355,-0.018,0.114,-1.515,0.009,-0.675,0.0195,1.0,0.989,0.51,0.158,1.657,0.078,track
3,845,0.265,-0.036,-0.354,-0.018,0.114,-1.515,0.0,-0.684,0.0195,1.0,0.984,0.491,0.158,1.633,0.402,track
3,846,0.265,-0.036,-0.353,-0.018,0.114,-1.515,0.056,-0.691,0.0195,1.0,0.988,0.474,0.158,1.62,0.46,track
3,847,0.266,-0.036,-0.353,-0.018,0.114,-1.515,0.056,-0.691,0.0195,1.0,0.988,0.474,0.158,1.62,0.156,track
3,848,0.267,-0.036,-0.352,-0.018,0.114,-1.515,0.039,-0.696,0.0205,1.0,0.988,0.465,0.161,1.613,0.207,track
3,849,0.267,-0.035,-0.351,-0.018,0.114,-1.515,0.012,-0.694,0.0195,1.0,0.985,0.472,0.158,1.615,0.341,track
3,850,0.268,-0.035,-0.35,-0.018,0.114,-1.515,0.038,-0.681,0.0195,1.0,0.988,0.495,0.158,1.641,0.378,track
3,851,0.268,-0.035,-0.35,-0.018,0.114,-1.515,0.026,-0.688,0.0186,1.0,0.989,0.483,0.156,1.628,0.22,track
3,852,0.269,-0.034,-0.349,-0.018,0.114,-1.515,0.03,-0.704,0.0225,1.0,0.988,0.451,0.166,1.605,0.248,track
3,853,0.269,-0.034,-0.349,-0.018,0.114,-1.515,0.062,-0.696,0.0225,1.0,0.987,0.463,0.166,1.615,0.368,track
3,854,0.27,-0.034,-0.348,-0.018,0.114,-1.515,0.082,-0.704,0.0225,1.0,0.988,0.444,0.166,1.597,0.546,track
3,855,0.27,-0.033,-0.348,-0.018,0.114,-1.515,0.052,-0.708,0.0244,1.0,0.987,0.442,0.171,1.6,0.526,track
3,856,0.27,-0.033,-0.347,-0.018,0.114,-1.515,0.018,-0.693,0.0234,1.0,0.99,0.474,0.168,1.631,0.343,track
3,857,0.271,-0.032,-0.346,-0.018,0.114,-1.515,-0.014,-0.69,0.0225,1.0,0.988,0.479,0.166,1.632,0.379,track
3,858,0.271,-0.031,-0.346,-0.018,0.114,-1.515,-0.028,-0.682,0.0215,1.0,0.991,0.495,0.163,1.649,0.413,track
3,859,0.271,-0.031,-0.346,-0.018,0.114,-1.515,-0.038,-0.696,0.0225,1.0,0.992,0.466,0.166,1.624,0.352,track
3,860,0.271,-0.03,-0.345,-0.018,0.114,-1.515,-0.02,-0.685,0.0215,1.0,0.993,0.49,0.163,1.646,0.32,track
3,861,0.272,-0.029,-0.345,-0.018,0.114,-1.515,-0.046,-0.693,0.0225,1.0,0.994,0.471,0.166,1.63,0.196,track
3,862,0.272,-0.028,-0.345,-0.018,0.114,-1.515,-0.016,-0.68,0.0234,1.0,0.994,0.5,0.168,1.662,0.142,track
3,863,0.272,-0.028,-0.345,-0.018,0.114,-1.515,-0.018,-0.677,0.0234,1.0,0.994,0.505,0.168,1.668,0.11,track
3,864,0.272,-0.027,-0.345,-0.018,0.114,-1.515,-0.028,-0.67,0.0244,1.0,0.994,0.519,0.171,1.684,0.142,track
3,865,0.272,-0.026,-0.345,-0.018,0.114,-1.515,-0.058,-0.66,0.0244,1.0,0.994,0.536,0.171,1.701,0.057,track
3,866,0.272,-0.025,-0.345,-0.018,0.114,-1.515,-0.062,-0.665,0.0244,1.0,0.994,0.525,0.171,1.69,0.088,track
3,867,0.272,-0.024,-0.345,-0.018,0.114,-1.515,-0.086,-0.653,0.0264,1.0,0.996,0.545,0.176,1.717,0.132,track
3,868,0.272,-0.023,-0.345,-0.018,0.114,-1.515,-0.076,-0.655,0.0225,1.0,0.996,0.543,0.166,1.704,0.153,track
3,869,0.272,-0.022,-0.346,-0.018,0.114,-1.515,-0.097,-0.65,0.0264,1.0,0.995,0.546,0.176,1.718,0.269,track
3,870,0.272,-0.021,-0.346,-0.018,0.114,-1.515,-0.082,-0.642,0.0254,1.0,0.996,0.57,0.173,1.739,0.359,track
3,871,0.271,-0.02,-0.346,-0.018,0.114,-1.515,-0.071,-0.639,0.0225,1.0,0.994,0.58,0.166,1.74,0.43,track
3,872,0.271,-0.019,-0.347,-0.018,0.114,-1.515,-0.057,-0.625,0.0225,1.0,0.996,0.614,0.166,1.776,0.334,track
3,873,0.271,-0.018,-0.347,-0.018,0.114,-1.515,-0.083,-0.609,0.0234,1.0,0.993,0.643,0.168,1.805,0.337,track
3,874,0.271,-0.017,-0.348,-0.018,0.114,-1.515,-0.088,-0.6,0.0244,1.0,0.994,0.664,0.171,1.829,0.427,track
3,875,0.27,-0.016,-0.348,-0.018,0.114,-1.515,-0.098,-0.587,0.0225,1.0,0.994,0.691,0.166,1.851,0.388,track
3,876,0.27,-0.015,-0.348,-0.018,0.114,-1.515,-0.139,-0.582,0.0225,1.0,0.995,0.685,0.166,1.845,0.303,track
3,877,0.27,-0.014,-0.349,-0.018,0.114,-1.515,-0.166,-0.576,0.0225,1.0,0.996,0.681,0.166,1.843,0.221,track
3,878,0.269,-0.013,-0.349,-0.018,0.114,-1.515,-0.156,-0.565,0.0215,1.0,0.997,0.713,0.163,1.873,0.16,track
3,879,0.269,-0.012,-0.35,-0.018,0.114,-1.515,-0.107,-0.552,0.0234,1.0,0.996,0.775,0.168,1.939,0.226,track
3,880,0.268,-0.011,-0.35,-0.018,0.114,-1.515,-0.098,-0.535,0.0225,1.0,0.996,0.823,0.166,1.984,0.184,track
3,881,0.268,-0.01,-0.351,-0.018,0.114,-1.515,-0.125,-0.526,0.0234,1.0,0.994,0.832,0.168,1.994,0.146,track
3,882,0.267,-0.009,-0.351,-0.018,0.114,-1.515,-0.113,-0.524,0.0205,1.0,0.997,0.845,0.161,2.002,0.145,track
3,883,0.267,-0.007,-0.352,-0.018,0.114,-1.515,-0.098,-0.479,0.0205,1.0,0.996,0.976,0.161,2.132,0.114,track
3,884,0.266,-0.006,-0.352,-0.018,0.114,-1.515,-0.108,-0.466,0.0215,1.0,0.992,1.007,0.163,2.162,0.146,track
3,885,0.266,-0.005,-0.353,-0.018,0.114,-1.515,-0.073,-0.486,0.0225,1.0,0.995,0.968,0.166,2.129,0.24,track
3,886,0.265,-0.004,-0.353,-0.018,0.114,-1.515,-0.122,-0.47,0.0244,1.0,0.998,0.986,0.171,2.154,0.204,track
3,887,0.264,-0.003,-0.353,-0.018,0.114,-1.515,-0.083,-0.424,0.0176,1.0,0.998,1.143,0.153,2.295,0.174,track
3,888,0.264,-0.002,-0.354,-0.018,0.114,-1.515,-0.106,-0.403,0.0195,1.0,0.99,1.187,0.158,2.335,0.466,track
3,889,0.263,-0.001,-0.354,-0.018,0.114,-1.515,-0.128,-0.416,0.0225,1.0,0.994,1.134,0.166,2.294,0.401,track
3,890,0.262,-0.0,-0.354,-0.018,0.114,-1.515,-0.104,-0.393,0.0205,1.0,0.997,1.218,0.161,2.376,0.389,track
3,891,0.262,0.001,-0.355,-0.018,0.114,-1.515,-0.095,-0.385,0.0186,1.0,0.996,1.248,0.156,2.399,0.252,track
3,892,0.261,0.001,-0.355,-0.018,0.114,-1.515,-0.08,-0.412,0.0215,1.0,0.997,1.18,0.163,2.339,0.076,track
3,893,0.26,0.002,-0.356,-0.018,0.114,-1.515,-0.095,-0.405,0.0225,1.0,0.998,1.19,0.166,2.354,0.285,track
3,894,0.26,0.003,-0.356,-0.018,0.114,-1.515,-0.099,-0.391,0.0234,1.0,0.997,1.229,0.168,2.394,0.328,track
3,895,0.259,0.004,-0.356,-0.018,0.114,-1.515,-0.092,-0.378,0.0225,1.0,0.998,1.271,0.166,2.434,0.304,track
3,896,0.258,0.005,-0.356,-0.018,0.114,-1.515,-0.065,-0.366,0.0215,1.0,0.996,1.32,0.163,2.479,0.272,track
3,897,0.258,0.006,-0.357,-0.018,0.114,-1.515,-0.077,-0.371,0.0166,1.0,0.997,1.299,0.151,2.447,0.329,track
3,898,0.257,0.006,-0.357,-0.018,0.114,-1.515,-0.119,-0.362,0.0195,1.0,0.996,1.293,0.158,2.447,0.311,track
3,899,0.256,0.007,-0.357,-0.018,0.114,-1.515,-0.112,-0.362,0.0186,1.0,0.998,1.301,0.156,2.454,0.241,track
3,900,0.255,0.008,-0.357,-0.018,0.114,-1.515,-0.08,-0.349,0.0215,1.0,0.996,1.361,0.163,2.52,0.257,track
3,901,0.255,0.009,-0.357,-0.018,0.114,-1.515,-0.095,-0.342,0.0225,1.0,0.998,1.369,0.166,2.533,0.334,track
3,902,0.254,0.009,-0.358,-0.018,0.114,-1.515,-0.097,-0.327,0.0215,1.0,0.997,1.412,0.163,2.572,0.203,track
3,903,0.253,0.01,-0.358,-0.018,0.114,-1.515,-0.073,-0.299,0.0225,1.0,0.997,1.505,0.166,2.668,0.247,track
3,904,0.253,0.01,-0.358,-0.018,0.114,-1.515,-0.073,-0.299,0.0176,1.0,0.993,1.506,0.153,2.653,0.318,track
3,905,0.252,0.011,-0.358,-0.018,0.114,-1.515,-0.119,-0.3,0.0195,1.0,0.995,1.464,0.158,2.617,0.45,track
3,906,0.252,0.012,-0.358,-0.018,0.114,-1.515,-0.094,-0.3,0.0195,1.0,0.993,1.487,0.158,2.639,0.494,track
3,907,0.251,0.012,-0.359,-0.018,0.114,-1.515,-0.08,-0.287,0.0215,1.0,0.997,1.533,0.163,2.693,0.424,track
3,908,0.25,0.012,-0.359,-0.018,0.114,-1.515,-0.114,-0.264,0.0225,1.0,0.994,1.561,0.166,2.721,0.415,track
3,909,0.25,0.013,-0.359,-0.018,0.114,-1.515,-0.08,-0.274,0.0205,1.0,0.996,1.567,0.161,2.723,0.381,track
3,910,0.249,0.013,-0.359,-0.018,0.114,-1.515,-0.05,-0.25,0.0195,1.0,0.995,1.646,0.158,2.799,0.318,track
3,911,0.249,0.014,-0.359,-0.018,0.114,-1.515,-0.066,-0.24,0.0186,1.0,0.996,1.661,0.156,2.812,0.4,track
3,912,0.248,0.014,-0.36,-0.018,0.114,-1.515,-0.073,-0.236,0.0176,1.0,0.995,1.665,0.153,2.813,0.317,track
3,913,0.247,0.014,-0.36,-0.018,0.114,-1.515,-0.119,-0.238,0.0195,1.0,0.995,1.619,0.158,2.772,0.386,track
3,914,0.247,0.015,-0.36,-0.018,0.114,-1.515,-0.106,-0.244,0.0195,1.0,0.992,1.618,0.158,2.768,0.474,track
3,915,0.246,0.015,-0.36,-0.018,0.114,-1.515,-0.109,-0.204,0.0186,1.0,0.996,1.704,0.156,2.856,0.488,track
3,916,0.246,0.015,-0.36,-0.018,0.114,-1.515,-0.128,-0.184,0.0186,1.0,0.991,1.719,0.156,2.866,0.591,track
3,917,0.246,0.015,-0.36,-0.018,0.114,-1.515,-0.095,-0.158,0.0205,1.0,0.997,1.806,0.161,2.964,0.419,track
3,918,0.245,0.016,-0.36,-0.018,0.114,-1.515,-0.108,-0.156,0.0176,1.0,0.992,1.795,0.153,2.941,0.363,track
3,919,0.245,0.016,-0.361,-0.018,0.114,-1.515,-0.039,-0.18,0.0156,1.0,0.997,1.807,0.148,2.952,0.367,track
3,920,0.244,0.016,-0.361,-0.018,0.114,-1.515,-0.071,-0.142,0.0146,1.0,0.997,1.855,0.146,2.998,0.228,track
3,921,0.244,0.016,-0.361,-0.018,0.114,-1.515,-0.049,-0.168,0.0186,1.0,0.992,1.825,0.156,2.973,0.38,track
3,922,0.244,0.016,-0.361,-0.018,0.114,-1.515,-0.055,-0.162,0.0166,1.0,0.992,1.832,0.151,2.975,0.668,track
3,923,0.244,0.016,-0.361,-0.018,0.114,-1.515,-0.055,-0.162,0.0166,1.0,0.993,1.832,0.151,2.976,0.646,track
3,924,0.243,0.016,-0.362,-0.018,0.114,-1.515,-0.055,-0.162,0.0166,1.0,0.994,1.832,0.151,2.977,0.6,track
3,925,0.243,0.016,-0.362,-0.018,0.114,-1.515,-0.048,-0.162,0.0166,1.0,0.993,1.836,0.151,2.98,0.582,track
3,926,0.243,0.016,-0.362,-0.018,0.114,-1.515,-0.008,-0.145,0.0156,1.0,0.994,1.878,0.148,3.021,0.579,track
3,927,0.243,0.016,-0.362,-0.018,0.114,-1.515,-0.008,-0.145,0.0156,1.0,0.992,1.878,0.148,3.018,0.669,track
3,928,0.243,0.016,-0.362,-0.018,0.114,-1.515,-0.025,-0.133,0.0146,1.0,0.994,1.893,0.146,3.032,0.681,track
3,929,0.243,0.016,-0.362,-0.018,0.114,-1.515,-0.025,-0.133,0.0146,1.0,0.992,1.893,0.146,3.031,0.651,track
3,930,0.243,0.016,-0.363,-0.018,0.114,-1.515,-0.025,-0.133,0.0146,1.0,0.995,1.893,0.146,3.033,0.614,track
3,931,0.243,0.015,-0.363,-0.018,0.114,-1.515,-0.062,-0.152,0.0156,1.0,0.993,1.844,0.148,2.985,0.581,track
3,932,0.243,0.015,-0.363,-0.018,0.114,-1.515,-0.05,-0.162,0.0146,1.0,0.993,1.834,0.146,2.973,0.676,track
3,933,0.243,0.015,-0.363,-0.018,0.114,-1.515,-0.033,-0.173,0.0166,1.0,0.993,1.823,0.151,2.967,0.633,track
3,934,0.243,0.015,-0.363,-0.018,0.114,-1.515,-0.059,-0.164,0.0186,1.0,0.992,1.825,0.156,2.973,0.643,track
3,935,0.243,0.015,-0.364,-0.018,0.114,-1.515,-0.007,-0.212,0.0176,1.0,0.995,1.748,0.153,2.896,0.64,track
3,936,0.243,0.014,-0.364,-0.018,0.114,-1.515,-0.049,-0.237,0.0186,1.0,0.989,1.678,0.156,2.822,0.756,track
3,937,0.243,0.014,-0.364,-0.018,0.114,-1.515,-0.077,-0.232,0.0166,1.0,0.994,1.673,0.151,2.817,0.584,track
3,938,0.243,0.014,-0.364,-0.018,0.114,-1.515,-0.011,-0.228,0.0166,1.0,0.997,1.711,0.151,2.858,0.326,track
3,939,0.244,0.013,-0.364,-0.018,0.114,-1.515,-0.05,-0.216,0.0195,1.0,0.996,1.727,0.158,2.881,0.369,track
3,940,0.244,0.013,-0.365,-0.018,0.114,-1.515,-0.041,-0.244,0.0195,1.0,0.997,1.665,0.158,2.82,0.415,track
3,941,0.244,0.013,-0.365,-0.018,0.114,-1.515,-0.048,-0.257,0.0166,1.0,0.996,1.628,0.151,2.775,0.386,track
3,942,0.244,0.012,-0.365,-0.018,0.114,-1.515,-0.103,-0.228,0.0166,1.0,0.999,1.658,0.151,2.807,0.3,track
3,943,0.245,0.012,-0.365,-0.018,0.114,-1.515,-0.109,-0.238,0.0156,1.0,0.999,1.627,0.148,2.775,0.166,track
3,944,0.245,0.011,-0.365,-0.018,0.114,-1.515,-0.075,-0.233,0.0146,1.0,0.998,1.67,0.146,2.814,0.232,track
3,945,0.245,0.011,-0.365,-0.018,0.114,-1.515,-0.049,-0.223,0.0137,1.0,0.997,1.71,0.144,2.851,0.402,track
3,946,0.246,0.011,-0.365,-0.018,0.114,-1.515,-0.077,-0.216,0.0127,1.0,0.998,1.707,0.142,2.847,0.431,track
3,947,0.246,0.01,-0.366,-0.018,0.114,-1.515,-0.067,-0.214,0.0137,1.0,0.998,1.719,0.144,2.862,0.364,track
3,948,0.246,0.01,-0.366,-0.018,0.114,-1.515,-0.062,-0.23,0.0156,1.0,0.998,1.686,0.148,2.832,0.372,track
3,949,0.247,0.009,-0.366,-0.018,0.114,-1.515,-0.05,-0.238,0.0146,1.0,0.999,1.676,0.146,2.821,0.289,track
3,950,0.247,0.009,-0.366,-0.018,0.114,-1.515,-0.066,-0.239,0.0166,1.0,0.999,1.663,0.151,2.812,0.261,track
3,951,0.247,0.009,-0.366,-0.018,0.114,-1.515,-0.066,-0.246,0.0156,1.0,0.999,1.646,0.148,2.793,0.226,track
3,952,0.248,0.008,-0.366,-0.018,0.114,-1.515,-0.046,-0.25,0.0146,1.0,0.999,1.648,0.146,2.793,0.203,track
3,953,0.248,0.008,-0.367,-0.018,0.114,-1.515,-0.082,-0.277,0.0156,1.0,0.999,1.556,0.148,2.704,0.247,track
3,954,0.249,0.007,-0.367,-0.018,0.114,-1.515,-0.081,-0.276,0.0166,1.0,0.994,1.561,0.151,2.706,0.491,track
3,955,0.249,0.007,-0.367,-0.018,0.114,-1.515,-0.067,-0.279,0.0146,1.0,0.997,1.562,0.146,2.705,0.599,track
3,956,0.25,0.006,-0.367,-0.018,0.114,-1.515,-0.049,-0.286,0.0137,1.0,0.997,1.554,0.144,2.696,0.456,track
3,957,0.25,0.006,-0.367,-0.018,0.114,-1.515,-0.071,-0.288,0.0146,1.0,0.998,1.537,0.146,2.681,0.443,track
3,958,0.251,0.005,-0.367,-0.018,0.114,-1.515,-0.088,-0.283,0.0146,1.0,0.996,1.536,0.146,2.678,0.515,track
3,959,0.251,0.005,-0.367,-0.018,0.114,-1.515,-0.088,-0.288,0.0146,1.0,0.998,1.525,0.146,2.669,0.51,track
3,960,0.252,0.005,-0.367,-0.018,0.114,-1.515,-0.067,-0.29,0.0137,1.0,0.998,1.533,0.144,2.674,0.436,track
3,961,0.252,0.004,-0.368,-0.018,0.114,-1.515,-0.071,-0.299,0.0137,1.0,0.998,1.506,0.144,2.647,0.469,track
3,962,0.253,0.004,-0.368,-0.018,0.114,-1.515,-0.046,-0.321,0.0146,1.0,0.996,1.459,0.146,2.602,0.535,track
3,963,0.253,0.003,-0.368,-0.018,0.114,-1.515,-0.062,-0.328,0.0156,1.0,0.998,1.431,0.148,2.577,0.423,track
3,964,0.254,0.003,-0.368,-0.018,0.114,-1.515,-0.067,-0.338,0.0146,1.0,0.997,1.402,0.146,2.545,0.412,track
3,965,0.254,0.002,-0.368,-0.018,0.114,-1.515,-0.026,-0.364,0.0166,1.0,0.998,1.341,0.151,2.49,0.391,track
3,966,0.255,0.002,-0.368,-0.018,0.114,-1.515,-0.016,-0.367,0.0156,1.0,0.996,1.334,0.148,2.478,0.388,track
3,967,0.255,0.001,-0.367,-0.018,0.114,-1.515,0.004,-0.344,0.0137,1.0,0.998,1.403,0.144,2.545,0.508,track
3,968,0.256,0.001,-0.367,-0.018,0.114,-1.515,-0.004,-0.342,0.0146,1.0,0.999,1.409,0.146,2.554,0.373,track
3,969,0.256,0.001,-0.367,-0.018,0.114,-1.515,-0.004,-0.342,0.0146,1.0,0.998,1.409,0.146,2.553,0.369,track
3,970,0.257,0.0,-0.366,-0.018,0.114,-1.515,-0.004,-0.342,0.0146,1.0,0.998,1.409,0.146,2.553,0.423,track
3,971,0.257,-0.0,-0.366,-0.018,0.114,-1.515,0.004,-0.348,0.0137,1.0,0.997,1.39,0.144,2.531,0.482,track
3,972,0.258,-0.0,-0.366,-0.018,0.114,-1.515,-0.035,-0.371,0.0156,1.0,0.997,1.318,0.148,2.463,0.543,track
3,973,0.258,-0.001,-0.365,-0.018,0.114,-1.515,-0.059,-0.383,0.0156,1.0,0.997,1.275,0.148,2.421,0.458,track
3,974,0.259,-0.001,-0.365,-0.018,0.114,-1.515,-0.043,-0.428,0.0186,1.0,0.998,1.149,0.156,2.302,0.318,track
3,975,0.26,-0.001,-0.364,-0.018,0.114,-1.515,-0.039,-0.418,0.0156,1.0,0.99,1.179,0.148,2.317,0.468,track
3,976,0.26,-0.002,-0.364,-0.018,0.114,-1.515,-0.022,-0.423,0.0166,1.0,0.999,1.168,0.151,2.318,0.564,track
3,977,0.261,-0.002,-0.363,-0.018,0.114,-1.515,-0.044,-0.449,0.0166,1.0,0.995,1.087,0.151,2.233,0.337,track
3,978,0.261,-0.002,-0.362,-0.018,0.114,-1.515,-0.048,-0.43,0.0166,1.0,0.999,1.14,0.151,2.29,0.271,track
3,979,0.261,-0.003,-0.362,-0.018,0.114,-1.515,-0.048,-0.434,0.0166,1.0,0.998,1.129,0.151,2.278,0.189,track
3,980,0.262,-0.003,-0.361,-0.018,0.114,-1.515,-0.049,-0.458,0.0176,1.0,0.998,1.057,0.153,2.209,0.247,track
3,981,0.262,-0.003,-0.361,-0.018,0.114,-1.515,-0.012,-0.469,0.0156,1.0,0.993,1.034,0.148,2.175,0.5,track
3,982,0.263,-0.003,-0.36,-0.018,0.114,-1.515,-0.045,-0.497,0.0176,1.0,0.994,0.949,0.153,2.097,0.706,track
3,983,0.263,-0.004,-0.36,-0.018,0.114,-1.515,-0.021,-0.51,0.0176,1.0,0.99,0.914,0.153,2.057,0.799,track
3,984,0.264,-0.004,-0.359,-0.018,0.114,-1.515,-0.016,-0.509,0.0195,1.0,0.995,0.918,0.158,2.071,0.723,track
3,985,0.264,-0.004,-0.359,-0.018,0.114,-1.515,-0.033,-0.513,0.0186,1.0,0.993,0.905,0.156,2.054,0.574,track
3,986,0.264,-0.004,-0.358,-0.018,0.114,-1.515,-0.056,-0.5,0.0195,1.0,0.996,0.936,0.158,2.09,0.549,track
3,987,0.265,-0.004,-0.358,-0.018,0.114,-1.515,-0.066,-0.493,0.0186,1.0,0.993,0.951,0.156,2.1,0.56,track
3,988,0.265,-0.004,-0.357,-0.018,0.114,-1.515,-0.084,-0.5,0.0195,1.0,0.995,0.925,0.158,2.077,0.635,track
3,989,0.265,-0.004,-0.357,-0.018,0.114,-1.515,-0.086,-0.536,0.0205,1.0,0.993,0.827,0.161,1.98,0.652,track
3,990,0.266,-0.004,-0.357,-0.018,0.114,-1.515,-0.056,-0.549,0.0186,1.0,0.996,0.801,0.156,1.953,0.451,track
3,991,0.266,-0.004,-0.356,-0.018,0.114,-1.515,-0.054,-0.548,0.0205,1.0,0.995,0.806,0.161,1.962,0.146,track
3,992,0.266,-0.004,-0.356,-0.018,0.114,-1.515,-0.069,-0.569,0.0186,1.0,0.996,0.746,0.156,1.898,0.217,track
3,993,0.267,-0.004,-0.356,-0.018,0.114,-1.515,-0.059,-0.576,0.0176,1.0,0.994,0.731,0.153,1.878,0.32,track
3,994,0.267,-0.004,-0.356,-0.018,0.114,-1.515,-0.048,-0.577,0.0205,1.0,0.994,0.731,0.161,1.886,0.466,track
3,995,0.267,-0.004,-0.356,-0.018,0.114,-1.515,-0.054,-0.574,0.0215,1.0,0.994,0.738,0.163,1.895,0.455,track
3,996,0.267,-0.004,-0.356,-0.018,0.114,-1.515,-0.054,-0.574,0.0215,1.0,0.995,0.738,0.163,1.896,0.401,track
3,997,0.267,-0.004,-0.356,-0.018,0.114,-1.515,-0.065,-0.577,0.0205,1.0,0.994,0.726,0.161,1.88,0.448,track
3,998,0.267,-0.004,-0.356,-0.018,0.114,-1.515,-0.065,-0.577,0.0205,1.0,0.995,0.726,0.161,1.882,0.431,track
3,999,0.267,-0.003,-0.356,-0.018,0.114,-1.515,-0.053,-0.578,0.0195,1.0,0.994,0.728,0.158,1.88,0.425,track
3,1000,0.268,-0.003,-0.356,-0.018,0.114,-1.515,-0.021,-0.573,0.0176,1.0,0.994,0.746,0.153,1.893,0.517,track
3,1001,0.268,-0.003,-0.356,-0.018,0.114,-1.515,-0.043,-0.576,0.0186,1.0,0.996,0.736,0.156,1.887,0.43,track
3,1002,0.268,-0.002,-0.356,-0.018,0.114,-1.515,-0.026,-0.553,0.0186,1.0,0.994,0.798,0.156,1.948,0.321,track
3,1003,0.268,-0.002,-0.356,-0.018,0.114,-1.515,-0.05,-0.541,0.0195,1.0,0.996,0.826,0.158,1.98,0.299,track
3,1004,0.268,-0.002,-0.356,-0.018,0.114,-1.515,-0.103,-0.553,0.0195,1.0,0.993,0.774,0.158,1.925,0.33,track
3,1005,0.268,-0.001,-0.356,-0.018,0.114,-1.515,-0.084,-0.534,0.0195,1.0,0.992,0.831,0.158,1.981,0.561,track
3,1006,0.267,-0.001,-0.356,-0.018,0.114,-1.515,-0.099,-0.543,0.0215,1.0,0.993,0.803,0.163,1.959,0.715,track
3,1007,0.267,-0.0,-0.357,-0.018,0.114,-1.515,-0.089,-0.523,0.0186,1.0,0.995,0.86,0.156,2.01,0.645,track
3,1008,0.267,0.0,-0.357,-0.018,0.114,-1.515,-0.106,-0.516,0.0195,1.0,0.993,0.871,0.158,2.022,0.657,track
3,1009,0.267,0.0,-0.357,-0.018,0.114,-1.515,-0.062,-0.486,0.0176,1.0,0.995,0.973,0.153,2.121,0.63,track
3,1010,0.267,0.001,-0.357,-0.018,0.114,-1.515,-0.076,-0.486,0.0176,1.0,0.99,0.967,0.153,2.111,0.709,track
3,1011,0.267,0.001,-0.357,-0.018,0.114,-1.515,-0.111,-0.49,0.0176,1.0,0.994,0.939,0.153,2.087,0.677,track
3,1012,0.267,0.002,-0.358,-0.018,0.114,-1.515,-0.076,-0.49,0.0186,1.0,0.998,0.956,0.156,2.11,0.47,track
3,1013,0.266,0.003,-0.358,-0.018,0.114,-1.515,-0.062,-0.459,0.0195,1.0,0.999,1.05,0.158,2.207,0.219,track
3,1014,0.266,0.003,-0.358,-0.018,0.114,-1.515,-0.089,-0.441,0.0186,1.0,0.994,1.09,0.156,2.24,0.339,track
3,1015,0.266,0.004,-0.358,-0.018,0.114,-1.515,-0.115,-0.454,0.0186,1.0,0.995,1.036,0.156,2.187,0.417,track
3,1016,0.266,0.004,-0.358,-0.018,0.114,-1.515,-0.062,-0.438,0.0176,1.0,0.999,1.113,0.153,2.266,0.429,track
3,1017,0.265,0.005,-0.358,-0.018,0.114,-1.515,-0.059,-0.426,0.0166,1.0,0.998,1.147,0.151,2.296,0.155,track
3,1018,0.265,0.005,-0.358,-0.018,0.114,-1.515,-0.112,-0.438,0.0186,1.0,0.996,1.085,0.156,2.237,0.198,track
3,1019,0.265,0.006,-0.358,-0.018,0.114,-1.515,-0.056,-0.441,0.0186,1.0,1.0,1.106,0.156,2.261,0.289,track
3,1020,0.265,0.006,-0.358,-0.018,0.114,-1.515,-0.069,-0.438,0.0176,1.0,0.999,1.11,0.153,2.263,0.166,track
3,1021,0.264,0.007,-0.358,-0.018,0.114,-1.515,-0.099,-0.404,0.0166,1.0,0.998,1.189,0.151,2.338,0.23,track
3,1022,0.264,0.007,-0.358,-0.018,0.114,-1.515,-0.109,-0.403,0.0195,1.0,0.996,1.185,0.158,2.339,0.426,track
3,1023,0.264,0.008,-0.358,-0.018,0.114,-1.515,-0.094,-0.382,0.0176,1.0,0.997,1.258,0.153,2.408,0.468,track
3,1024,0.263,0.008,-0.358,-0.018,0.114,-1.515,-0.099,-0.375,0.0166,1.0,0.994,1.273,0.151,2.419,0.528,track
3,1025,0.263,0.009,-0.358,-0.018,0.114,-1.515,-0.099,-0.353,0.0166,1.0,0.996,1.336,0.151,2.483,0.49,track
3,1026,0.262,0.01,-0.358,-0.018,0.114,-1.515,-0.128,-0.391,0.0195,1.0,0.993,1.205,0.158,2.356,0.517,track
3,1027,0.262,0.01,-0.359,-0.018,0.114,-1.515,-0.119,-0.375,0.0195,1.0,0.996,1.257,0.158,2.411,0.695,track
3,1028,0.262,0.01,-0.359,-0.018,0.114,-1.515,-0.08,-0.412,0.0215,1.0,0.997,1.18,0.163,2.34,0.542,track
3,1029,0.261,0.011,-0.359,-0.018,0.114,-1.515,-0.092,-0.414,0.0205,1.0,0.995,1.167,0.161,2.323,0.578,track
3,1030,0.261,0.011,-0.359,-0.018,0.114,-1.515,-0.091,-0.425,0.0195,1.0,0.998,1.135,0.158,2.291,0.475,track
3,1031,0.261,0.012,-0.359,-0.018,0.114,-1.515,-0.088,-0.431,0.0195,1.0,0.996,1.119,0.158,2.273,0.457,track
3,1032,0.26,0.012,-0.359,-0.018,0.114,-1.515,-0.101,-0.426,0.0205,1.0,0.998,1.126,0.161,2.285,0.44,track
3,1033,0.26,0.013,-0.359,-0.018,0.114,-1.515,-0.119,-0.425,0.0195,1.0,0.998,1.115,0.158,2.271,0.415,track
3,1034,0.259,0.013,-0.359,-0.018,0.114,-1.515,-0.145,-0.398,0.0186,1.0,0.998,1.168,0.156,2.321,0.376,track
3,1035,0.259,0.013,-0.359,-0.018,0.114,-1.515,-0.119,-0.425,0.0195,1.0,0.998,1.115,0.158,2.271,0.395,track
3,1036,0.259,0.014,-0.359,-0.018,0.114,-1.515,-0.101,-0.426,0.0205,1.0,0.997,1.126,0.161,2.284,0.464,track
3,1037,0.258,0.014,-0.359,-0.018,0.114,-1.515,-0.174,-0.365,0.0176,1.0,1.0,1.226,0.153,2.379,0.251,track
3,1038,0.258,0.015,-0.359,-0.018,0.114,-1.515,-0.092,-0.414,0.0205,1.0,0.994,1.167,0.161,2.321,0.39,track
3,1039,0.257,0.015,-0.359,-0.018,0.114,-1.515,-0.054,-0.384,0.0215,1.0,0.999,1.275,0.163,2.437,0.574,track
3,1040,0.257,0.015,-0.359,-0.018,0.114,-1.515,-0.068,-0.375,0.0205,1.0,0.997,1.293,0.161,2.451,0.442,track
3,1041,0.257,0.016,-0.359,-0.018,0.114,-1.515,-0.072,-0.349,0.0186,1.0,0.997,1.367,0.156,2.52,0.38,track
3,1042,0.256,0.016,-0.359,-0.018,0.114,-1.515,-0.119,-0.338,0.0195,1.0,0.993,1.362,0.158,2.513,0.551,track
3,1043,0.256,0.016,-0.359,-0.018,0.114,-1.515,-0.119,-0.362,0.0195,1.0,0.996,1.293,0.158,2.447,0.551,track
3,1044,0.255,0.017,-0.359,-0.018,0.114,-1.515,-0.105,-0.368,0.0186,1.0,0.997,1.288,0.156,2.441,0.498,track
3,1045,0.255,0.017,-0.359,-0.018,0.114,-1.515,-0.119,-0.362,0.0195,1.0,0.999,1.293,0.158,2.45,0.36,track
3,1046,0.254,0.017,-0.359,-0.018,0.114,-1.515,-0.105,-0.368,0.0186,1.0,0.998,1.288,0.156,2.441,0.325,track
3,1047,0.254,0.018,-0.359,-0.018,0.114,-1.515,-0.105,-0.368,0.0186,1.0,0.999,1.288,0.156,2.442,0.366,track
3,1048,0.254,0.018,-0.359,-0.018,0.114,-1.515,-0.105,-0.368,0.0186,1.0,0.998,1.288,0.156,2.441,0.353,track
3,1049,0.253,0.018,-0.359,-0.018,0.114,-1.515,-0.111,-0.375,0.0176,1.0,0.998,1.264,0.153,2.415,0.403,track
3,1050,0.253,0.018,-0.359,-0.018,0.114,-1.515,-0.125,-0.368,0.0186,1.0,0.998,1.27,0.156,2.423,0.408,track
3,1051,0.252,0.018,-0.359,-0.018,0.114,-1.515,-0.125,-0.368,0.0186,1.0,0.999,1.27,0.156,2.424,0.369,track
3,1052,0.252,0.019,-0.359,-0.018,0.114,-1.515,-0.122,-0.356,0.0195,1.0,0.997,1.307,0.158,2.463,0.382,track
3,1053,0.251,0.019,-0.359,-0.018,0.114,-1.515,-0.094,-0.333,0.0176,1.0,0.999,1.396,0.153,2.548,0.391,track
3,1054,0.251,0.019,-0.359,-0.018,0.114,-1.515,-0.072,-0.286,0.0186,1.0,0.995,1.54,0.156,2.691,0.406,track
3,1055,0.251,0.019,-0.359,-0.018,0.114,-1.515,-0.062,-0.295,0.0176,1.0,0.994,1.522,0.153,2.669,0.485,track
3,1056,0.25,0.019,-0.359,-0.018,0.114,-1.515,-0.086,-0.263,0.0186,1.0,0.997,1.59,0.156,2.743,0.301,track
3,1057,0.25,0.02,-0.359,-0.018,0.114,-1.515,-0.119,-0.3,0.0195,1.0,0.994,1.464,0.158,2.616,0.264,track
3,1058,0.249,0.02,-0.359,-0.018,0.114,-1.515,-0.111,-0.312,0.0176,1.0,0.998,1.438,0.153,2.589,0.497,track
3,1059,0.249,0.02,-0.36,-0.018,0.114,-1.515,-0.125,-0.306,0.0186,1.0,0.999,1.441,0.156,2.596,0.091,track
3,1060,0.249,0.02,-0.36,-0.018,0.114,-1.515,-0.122,-0.294,0.0195,1.0,0.999,1.477,0.158,2.634,0.091,track
3,1061,0.248,0.02,-0.36,-0.018,0.114,-1.515,-0.087,-0.302,0.0176,1.0,0.999,1.487,0.153,2.639,0.042,track
3,1062,0.248,0.02,-0.36,-0.018,0.114,-1.515,-0.087,-0.302,0.0176,1.0,0.999,1.487,0.153,2.639,0.11,track
3,1063,0.248,0.02,-0.36,-0.018,0.114,-1.515,-0.069,-0.303,0.0186,1.0,0.999,1.498,0.156,2.653,0.1,track
3,1064,0.247,0.02,-0.36,-0.018,0.114,-1.515,-0.069,-0.303,0.0186,1.0,0.999,1.498,0.156,2.652,0.161,track
3,1065,0.247,0.02,-0.36,-0.018,0.114,-1.515,-0.094,-0.271,0.0176,1.0,0.998,1.563,0.153,2.715,0.254,track
3,1066,0.247,0.02,-0.36,-0.018,0.114,-1.515,-0.081,-0.232,0.0166,1.0,0.998,1.67,0.151,2.818,0.288,track
3,1067,0.246,0.02,-0.359,-0.018,0.114,-1.515,-0.072,-0.227,0.0186,1.0,0.994,1.687,0.156,2.837,0.34,track
3,1068,0.246,0.02,-0.359,-0.018,0.114,-1.515,-0.053,-0.25,0.0195,1.0,0.996,1.644,0.158,2.799,0.493,track
3,1069,0.246,0.02,-0.359,-0.018,0.114,-1.515,-0.053,-0.25,0.0195,1.0,0.997,1.644,0.158,2.799,0.418,track
3,1070,0.246,0.02,-0.359,-0.018,0.114,-1.515,-0.076,-0.217,0.0186,1.0,0.998,1.707,0.156,2.86,0.387,track
3,1071,0.245,0.02,-0.359,-0.018,0.114,-1.515,-0.073,-0.219,0.0176,1.0,0.993,1.705,0.153,2.852,0.525,track
3,1072,0.245,0.02,-0.359,-0.018,0.114,-1.515,-0.073,-0.219,0.0176,1.0,0.996,1.705,0.153,2.854,0.641,track
3,1073,0.245,0.02,-0.359,-0.018,0.114,-1.515,-0.099,-0.184,0.0166,1.0,0.994,1.755,0.151,2.899,0.623,track
3,1074,0.245,0.019,-0.358,-0.018,0.114,-1.515,-0.096,-0.176,0.0166,1.0,0.998,1.772,0.151,2.921,0.435,track
3,1075,0.245,0.019,-0.358,-0.018,0.114,-1.515,-0.099,-0.165,0.0166,1.0,0.994,1.789,0.151,2.933,0.424,track
3,1076,0.245,0.019,-0.358,-0.018,0.114,-1.515,-0.083,-0.16,0.0176,1.0,0.998,1.814,0.153,2.966,0.44,track
3,1077,0.245,0.019,-0.358,-0.018,0.114,-1.515,-0.056,-0.194,0.0186,1.0,0.994,1.77,0.156,2.92,0.418,track
3,1078,0.244,0.019,-0.358,-0.018,0.114,-1.515,-0.084,-0.206,0.0195,1.0,0.994,1.723,0.158,2.875,0.683,track
3,1079,0.244,0.018,-0.358,-0.018,0.114,-1.515,-0.084,-0.206,0.0195,1.0,0.996,1.723,0.158,2.877,0.568,track
3,1080,0.244,0.018,-0.359,-0.018,0.114,-1.515,-0.072,-0.201,0.0186,1.0,0.996,1.745,0.156,2.897,0.461,track
3,1081,0.244,0.018,-0.359,-0.018,0.114,-1.515,0.009,-0.247,0.0195,1.0,0.995,1.665,0.158,2.819,0.524,track
3,1082,0.244,0.017,-0.359,-0.018,0.114,-1.515,-0.056,-0.215,0.0176,1.0,0.991,1.724,0.153,2.869,0.728,track
3,1083,0.244,0.017,-0.359,-0.018,0.114,-1.515,-0.073,-0.24,0.0176,1.0,0.994,1.657,0.153,2.805,0.784,track
3,1084,0.245,0.017,-0.359,-0.018,0.114,-1.515,-0.036,-0.276,0.0186,1.0,0.993,1.584,0.156,2.733,0.753,track
3,1085,0.245,0.016,-0.359,-0.018,0.114,-1.515,-0.034,-0.259,0.0195,1.0,0.994,1.629,0.158,2.781,0.555,track
3,1086,0.245,0.016,-0.359,-0.018,0.114,-1.515,-0.03,-0.27,0.0186,1.0,0.999,1.604,0.156,2.758,0.375,track
3,1087,0.245,0.016,-0.359,-0.018,0.114,-1.515,-0.034,-0.266,0.0195,1.0,0.998,1.613,0.158,2.769,0.258,track
3,1088,0.245,0.015,-0.358,-0.018,0.114,-1.515,-0.043,-0.306,0.0186,1.0,0.999,1.502,0.156,2.657,0.25,track
3,1089,0.245,0.015,-0.358,-0.018,0.114,-1.515,-0.062,-0.284,0.0195,1.0,0.993,1.551,0.158,2.702,0.361,track
3,1090,0.245,0.014,-0.358,-0.018,0.114,-1.515,-0.044,-0.294,0.0195,1.0,0.995,1.535,0.158,2.689,0.658,track
3,1091,0.245,0.014,-0.358,-0.018,0.114,-1.515,-0.06,-0.292,0.0205,1.0,0.995,1.533,0.161,2.688,0.657,track
3,1092,0.246,0.014,-0.358,-0.018,0.114,-1.515,-0.039,-0.28,0.0205,1.0,0.996,1.574,0.161,2.731,0.612,track
3,1093,0.246,0.013,-0.358,-0.018,0.114,-1.515,-0.012,-0.284,0.0195,1.0,0.998,1.568,0.158,2.725,0.462,track
3,1094,0.246,0.013,-0.357,-0.018,0.114,-1.515,-0.042,-0.301,0.0205,1.0,0.997,1.517,0.161,2.675,0.423,track
3,1095,0.246,0.012,-0.357,-0.018,0.114,-1.515,-0.048,-0.332,0.0215,1.0,0.994,1.426,0.163,2.583,0.593,track
3,1096,0.247,0.012,-0.357,-0.018,0.114,-1.515,-0.03,-0.351,0.0205,1.0,0.995,1.378,0.161,2.533,0.529,track
3,1097,0.247,0.012,-0.357,-0.018,0.114,-1.515,-0.111,-0.302,0.0176,1.0,0.998,1.466,0.153,2.617,0.322,track
3,1098,0.247,0.011,-0.357,-0.018,0.114,-1.515,-0.111,-0.302,0.0176,1.0,0.999,1.466,0.153,2.618,0.341,track
3,1099,0.247,0.011,-0.356,-0.018,0.114,-1.515,-0.082,-0.336,0.0186,1.0,0.998,1.398,0.156,2.552,0.334,track
3,1100,0.248,0.01,-0.356,-0.018,0.114,-1.515,-0.049,-0.292,0.0176,1.0,0.996,1.539,0.153,2.687,0.308,track
3,1101,0.248,0.01,-0.356,-0.018,0.114,-1.515,-0.069,-0.288,0.0176,1.0,0.996,1.537,0.153,2.686,0.528,track
3,1102,0.248,0.01,-0.356,-0.018,0.114,-1.515,-0.062,-0.293,0.0156,1.0,0.997,1.528,0.148,2.673,0.512,track
3,1103,0.248,0.009,-0.356,-0.018,0.114,-1.515,-0.062,-0.293,0.0156,1.0,0.997,1.528,0.148,2.674,0.527,track
3,1104,0.249,0.009,-0.356,-0.018,0.114,-1.515,-0.085,-0.294,0.0166,1.0,0.998,1.51,0.151,2.659,0.465,track
3,1105,0.249,0.008,-0.356,-0.018,0.114,-1.515,-0.085,-0.294,0.0166,1.0,0.999,1.51,0.151,2.66,0.353,track
3,1106,0.249,0.008,-0.356,-0.018,0.114,-1.515,-0.062,-0.293,0.0156,1.0,0.999,1.528,0.148,2.675,0.278,track
3,1107,0.25,0.008,-0.356,-0.018,0.114,-1.515,-0.062,-0.293,0.0156,1.0,0.998,1.528,0.148,2.675,0.342,track
3,1108,0.25,0.007,-0.356,-0.018,0.114,-1.515,-0.062,-0.293,0.0156,1.0,0.998,1.528,0.148,2.674,0.388,track
3,1109,0.25,0.007,-0.356,-0.018,0.114,-1.515,-0.069,-0.288,0.0176,1.0,0.999,1.537,0.153,2.688,0.364,track
3,1110,0.25,0.007,-0.356,-0.018,0.114,-1.515,-0.069,-0.288,0.0176,1.0,0.998,1.537,0.153,2.688,0.353,track
3,1111,0.251,0.006,-0.356,-0.018,0.114,-1.515,-0.049,-0.295,0.0176,1.0,0.999,1.529,0.153,2.681,0.334,track
3,1112,0.251,0.006,-0.355,-0.018,0.114,-1.515,-0.071,-0.315,0.0205,1.0,0.999,1.461,0.161,2.62,0.329,track
3,1113,0.251,0.005,-0.355,-0.018,0.114,-1.515,-0.077,-0.355,0.0215,1.0,0.998,1.346,0.163,2.507,0.281,track
3,1114,0.252,0.005,-0.355,-0.018,0.114,-1.515,-0.116,-0.354,0.0205,1.0,0.994,1.318,0.161,2.473,0.274,track
3,1115,0.252,0.005,-0.355,-0.018,0.114,-1.515,-0.112,-0.378,0.0195,1.0,0.999,1.254,0.158,2.411,0.352,track
3,1116,0.253,0.004,-0.355,-0.018,0.114,-1.515,-0.062,-0.355,0.0156,1.0,0.992,1.353,0.148,2.493,0.412,track
3,1117,0.253,0.004,-0.355,-0.018,0.114,-1.515,-0.105,-0.389,0.0215,1.0,0.993,1.228,0.163,2.385,0.779,track
3,1118,0.253,0.004,-0.355,-0.018,0.114,-1.515,-0.099,-0.401,0.0215,1.0,0.991,1.2,0.163,2.354,0.855,track
3,1119,0.254,0.003,-0.354,-0.018,0.114,-1.515,-0.097,-0.42,0.0215,1.0,0.996,1.144,0.163,2.303,0.618,track
3,1120,0.254,0.003,-0.354,-0.018,0.114,-1.515,-0.075,-0.434,0.0195,1.0,0.991,1.117,0.158,2.266,0.591,track
3,1121,0.254,0.003,-0.354,-0.018,0.114,-1.515,-0.083,-0.438,0.0205,1.0,0.996,1.103,0.161,2.259,0.667,track
3,1122,0.254,0.002,-0.354,-0.018,0.114,-1.515,-0.094,-0.438,0.0195,1.0,0.992,1.097,0.158,2.248,0.639,track
3,1123,0.255,0.002,-0.354,-0.018,0.114,-1.515,-0.069,-0.45,0.0195,1.0,0.997,1.074,0.158,2.229,0.622,track
3,1124,0.255,0.002,-0.354,-0.018,0.114,-1.515,-0.048,-0.464,0.0205,1.0,0.994,1.04,0.161,2.195,0.558,track
3,1125,0.255,0.002,-0.353,-0.018,0.114,-1.515,-0.081,-0.471,0.0234,1.0,0.996,1.007,0.168,2.171,0.606,track
3,1126,0.256,0.001,-0.353,-0.018,0.114,-1.515,-0.054,-0.476,0.0225,1.0,0.991,1.006,0.166,2.162,0.724,track
3,1127,0.256,0.001,-0.353,-0.018,0.114,-1.515,-0.098,-0.497,0.0205,1.0,0.995,0.926,0.161,2.081,0.758,track
3,1128,0.256,0.001,-0.353,-0.018,0.114,-1.515,-0.089,-0.488,0.0205,1.0,0.99,0.956,0.161,2.107,0.75,track
3,1129,0.256,0.001,-0.353,-0.018,0.114,-1.515,-0.1,-0.497,0.0195,1.0,0.995,0.925,0.158,2.078,0.745,track
3,1130,0.256,0.001,-0.352,-0.018,0.114,-1.515,-0.062,-0.494,0.0195,1.0,0.994,0.951,0.158,2.103,0.615,track
3,1131,0.257,0.0,-0.352,-0.018,0.114,-1.515,-0.033,-0.487,0.0186,1.0,0.992,0.979,0.156,2.127,0.713,track
3,1132,0.257,0.0,-0.352,-0.018,0.114,-1.515,-0.026,-0.49,0.0186,1.0,0.996,0.971,0.156,2.122,0.603,track
3,1133,0.257,0.0,-0.352,-0.018,0.114,-1.515,-0.091,-0.484,0.0195,1.0,0.995,0.965,0.158,2.118,0.49,track
3,1134,0.257,0.0,-0.352,-0.018,0.114,-1.515,-0.1,-0.497,0.0195,1.0,0.992,0.925,0.158,2.075,0.68,track
3,1135,0.257,0.0,-0.352,-0.018,0.114,-1.515,-0.083,-0.5,0.0205,1.0,0.997,0.925,0.161,2.083,0.591,track
3,1136,0.257,0.0,-0.352,-0.018,0.114,-1.515,-0.083,-0.5,0.0205,1.0,0.997,0.925,0.161,2.083,0.382,track
3,1137,0.257,0.0,-0.351,-0.018,0.114,-1.515,-0.074,-0.488,0.0205,1.0,0.995,0.963,0.161,2.118,0.481,track
3,1138,0.257,0.0,-0.351,-0.018,0.114,-1.515,-0.083,-0.5,0.0205,1.0,0.996,0.925,0.161,2.082,0.516,track
3,1139,0.257,0.0,-0.351,-0.018,0.114,-1.515,-0.083,-0.5,0.0205,1.0,0.997,0.925,0.161,2.083,0.428,track
3,1140,0.257,0.0,-0.351,-0.018,0.114,-1.515,-0.083,-0.5,0.0205,1.0,0.996,0.925,0.161,2.082,0.44,track
3,1141,0.257,0.001,-0.351,-0.018,0.114,-1.515,-0.083,-0.5,0.0205,1.0,0.995,0.925,0.161,2.081,0.526,track
3,1142,0.257,0.001,-0.351,-0.018,0.114,-1.515,-0.105,-0.509,0.0215,1.0,0.995,0.891,0.163,2.049,0.584,track
3,1143,0.257,0.001,-0.351,-0.018,0.114,-1.515,-0.105,-0.509,0.0215,1.0,0.997,0.891,0.163,2.051,0.474,track
3,1144,0.257,0.001,-0.351,-0.018,0.114,-1.515,-0.105,-0.509,0.0215,1.0,0.997,0.891,0.163,2.05,0.4,track
3,1145,0.257,0.001,-0.351,-0.018,0.114,-1.515,-0.105,-0.509,0.0215,1.0,0.996,0.891,0.163,2.05,0.47,track
3,1146,0.257,0.001,-0.352,-0.018,0.114,-1.515,-0.077,-0.483,0.0215,1.0,0.996,0.976,0.163,2.135,0.518,track
3,1147,0.257,0.002,-0.352,-0.018,0.114,-1.515,-0.095,-0.497,0.0205,1.0,0.992,0.928,0.161,2.08,0.692,track
3,1148,0.256,0.002,-0.352,-0.018,0.114,-1.515,-0.094,-0.489,0.0215,1.0,0.994,0.952,0.163,2.109,0.744,track
3,1149,0.256,0.002,-0.352,-0.018,0.114,-1.515,-0.083,-0.491,0.0205,1.0,0.996,0.95,0.161,2.106,0.608,track
3,1150,0.256,0.002,-0.352,-0.018,0.114,-1.515,-0.141,-0.465,0.0225,1.0,0.997,0.986,0.166,2.148,0.52,track
3,1151,0.256,0.003,-0.352,-0.018,0.114,-1.515,-0.106,-0.459,0.0225,1.0,0.998,1.027,0.166,2.191,0.367,track
3,1152,0.256,0.003,-0.352,-0.018,0.114,-1.515,-0.099,-0.449,0.0215,1.0,0.999,1.061,0.163,2.223,0.109,track
3,1153,0.255,0.003,-0.353,-0.018,0.114,-1.515,-0.137,-0.438,0.0205,1.0,0.997,1.065,0.161,2.222,0.165,track
3,1154,0.255,0.004,-0.353,-0.018,0.114,-1.515,-0.111,-0.427,0.0176,1.0,0.997,1.115,0.153,2.265,0.291,track
3,1155,0.255,0.004,-0.353,-0.018,0.114,-1.515,-0.111,-0.427,0.0176,1.0,0.996,1.115,0.153,2.264,0.432,track
3,1156,0.254,0.004,-0.353,-0.018,0.114,-1.515,-0.099,-0.438,0.0215,1.0,0.996,1.093,0.163,2.253,0.462,track
3,1157,0.254,0.005,-0.354,-0.018,0.114,-1.515,-0.097,-0.432,0.0215,1.0,0.999,1.112,0.163,2.274,0.382,track
3,1158,0.254,0.005,-0.354,-0.018,0.114,-1.515,-0.062,-0.409,0.0195,1.0,0.999,1.196,0.158,2.352,0.211,track
3,1159,0.253,0.005,-0.354,-0.018,0.114,-1.515,-0.074,-0.418,0.0215,1.0,0.995,1.166,0.163,2.325,0.337,track
3,1160,0.253,0.006,-0.354,-0.018,0.114,-1.515,-0.038,-0.431,0.0195,1.0,0.996,1.14,0.158,2.294,0.507,track
3,1161,0.253,0.006,-0.354,-0.018,0.114,-1.515,-0.028,-0.403,0.0195,1.0,0.998,1.225,0.158,2.382,0.406,track
3,1162,0.252,0.007,-0.354,-0.018,0.114,-1.515,0.016,-0.428,0.0195,1.0,0.997,1.153,0.158,2.308,0.338,track
3,1163,0.252,0.007,-0.354,-0.018,0.114,-1.515,-0.051,-0.399,0.0205,1.0,1.0,1.232,0.161,2.392,0.32,track
3,1164,0.252,0.007,-0.354,-0.018,0.114,-1.515,-0.015,-0.405,0.0205,1.0,0.997,1.223,0.161,2.38,0.253,track
3,1165,0.251,0.008,-0.353,-0.018,0.114,-1.515,-0.077,-0.392,0.0254,1.0,0.999,1.24,0.173,2.412,0.38,track
3,1166,0.251,0.008,-0.353,-0.018,0.114,-1.515,-0.052,-0.38,0.0244,1.0,0.997,1.286,0.171,2.454,0.435,track
3,1167,0.25,0.008,-0.353,-0.018,0.114,-1.515,-0.048,-0.395,0.0215,1.0,0.999,1.244,0.163,2.406,0.468,track
3,1168,0.25,0.009,-0.352,-0.018,0.114,-1.515,-0.043,-0.389,0.0215,1.0,0.999,1.263,0.163,2.425,0.32,track
3,1169,0.25,0.009,-0.352,-0.018,0.114,-1.515,-0.003,-0.384,0.0195,1.0,0.999,1.284,0.158,2.441,0.299,track
3,1170,0.249,0.009,-0.352,-0.018,0.114,-1.515,-0.016,-0.369,0.0195,1.0,0.999,1.329,0.158,2.486,0.191,track
3,1171,0.249,0.01,-0.351,-0.018,0.114,-1.515,-0.012,-0.366,0.0205,1.0,0.997,1.337,0.161,2.495,0.262,track
3,1172,0.248,0.01,-0.351,-0.018,0.114,-1.515,-0.024,-0.348,0.0225,1.0,0.999,1.389,0.166,2.554,0.274,track
3,1173,0.248,0.01,-0.351,-0.018,0.114,-1.515,-0.024,-0.348,0.0225,1.0,0.998,1.389,0.166,2.552,0.233,track
3,1174,0.248,0.01,-0.35,-0.018,0.114,-1.515,-0.083,-0.341,0.0234,1.0,0.999,1.382,0.168,2.549,0.178,track
3,1175,0.247,0.011,-0.35,-0.018,0.114,-1.515,-0.052,-0.318,0.0244,1.0,0.998,1.466,0.171,2.634,0.264,track
3,1176,0.247,0.011,-0.349,-0.018,0.114,-1.515,-0.052,-0.318,0.0244,1.0,0.999,1.466,0.171,2.636,0.303,track
3,1177,0.247,0.011,-0.349,-0.018,0.114,-1.515,-0.057,-0.323,0.0225,1.0,0.998,1.447,0.166,2.611,0.199,track
3,1178,0.246,0.011,-0.349,-0.018,0.114,-1.515,-0.054,-0.332,0.0215,1.0,0.998,1.423,0.163,2.584,0.359,track
3,1179,0.246,0.012,-0.348,-0.018,0.114,-1.515,-0.054,-0.332,0.0215,1.0,0.996,1.423,0.163,2.583,0.47,track
3,1180,0.245,0.012,-0.348,-0.018,0.114,-1.515,-0.054,-0.332,0.0215,1.0,0.997,1.423,0.163,2.584,0.506,track
3,1181,0.245,0.012,-0.348,-0.018,0.114,-1.515,0.0,-0.353,0.0225,1.0,0.995,1.375,0.166,2.537,0.542,track
3,1182,0.245,0.012,-0.348,-0.018,0.114,-1.515,-0.011,-0.355,0.0215,1.0,0.995,1.369,0.163,2.528,0.652,track
3,1183,0.244,0.012,-0.347,-0.018,0.114,-1.515,-0.027,-0.351,0.0225,1.0,0.995,1.38,0.166,2.541,0.674,track
3,1184,0.244,0.012,-0.347,-0.018,0.114,-1.515,-0.036,-0.344,0.0234,1.0,0.996,1.397,0.168,2.561,0.649,track
3,1185,0.244,0.012,-0.347,-0.018,0.114,-1.515,-0.036,-0.344,0.0234,1.0,0.995,1.397,0.168,2.561,0.641,track
3,1186,0.244,0.013,-0.346,-0.018,0.114,-1.515,-0.017,-0.339,0.0254,1.0,0.996,1.416,0.173,2.586,0.614,track
3,1187,0.243,0.013,-0.346,-0.018,0.114,-1.515,-0.028,-0.335,0.0244,1.0,0.995,1.425,0.171,2.591,0.621,track
3,1188,0.243,0.013,-0.346,-0.018,0.114,-1.515,-0.028,-0.335,0.0244,1.0,0.996,1.425,0.171,2.592,0.62,track
3,1189,0.243,0.013,-0.346,-0.018,0.114,-1.515,-0.014,-0.337,0.0254,1.0,0.996,1.423,0.173,2.592,0.594,track
3,1190,0.242,0.013,-0.345,-0.018,0.114,-1.515,-0.014,-0.337,0.0254,1.0,0.996,1.423,0.173,2.593,0.601,track
3,1191,0.242,0.013,-0.345,-0.018,0.114,-1.515,-0.037,-0.347,0.0264,1.0,0.996,1.387,0.176,2.559,0.605,track
3,1192,0.242,0.013,-0.345,-0.018,0.114,-1.515,-0.037,-0.347,0.0264,1.0,0.995,1.387,0.176,2.558,0.675,track
3,1193,0.242,0.013,-0.345,-0.018,0.114,-1.515,-0.035,-0.35,0.0264,1.0,0.996,1.381,0.176,2.553,0.66,track
3,1194,0.241,0.013,-0.344,-0.018,0.114,-1.515,-0.049,-0.348,0.0273,1.0,0.996,1.38,0.179,2.555,0.591,track
3,1195,0.241,0.013,-0.344,-0.018,0.114,-1.515,-0.028,-0.343,0.0264,1.0,0.996,1.403,0.176,2.576,0.56,track
3,1196,0.241,0.013,-0.344,-0.018,0.114,-1.515,-0.028,-0.343,0.0264,1.0,0.998,1.403,0.176,2.577,0.518,track
3,1197,0.241,0.013,-0.344,-0.018,0.114,-1.515,-0.028,-0.343,0.0264,1.0,0.997,1.403,0.176,2.577,0.445,track
3,1198,0.241,0.013,-0.344,-0.018,0.114,-1.515,-0.028,-0.343,0.0264,1.0,0.997,1.403,0.176,2.576,0.489,track
3,1199,0.24,0.013,-0.343,-0.018,0.114,-1.515,-0.028,-0.343,0.0264,1.0,0.997,1.403,0.176,2.576,0.507,track
3,1200,0.24,0.013,-0.343,-0.018,0.114,-1.515,-0.028,-0.343,0.0264,1.0,0.997,1.403,0.176,2.576,0.512,track
3,1201,0.24,0.013,-0.343,-0.018,0.114,-1.515,-0.028,-0.343,0.0264,1.0,0.997,1.403,0.176,2.576,0.517,track
3,1202,0.24,0.013,-0.343,-0.018,0.114,-1.515,-0.028,-0.343,0.0264,1.0,0.997,1.403,0.176,2.576,0.522,track
3,1203,0.24,0.013,-0.343,-0.018,0.114,-1.515,-0.028,-0.343,0.0264,1.0,0.997,1.403,0.176,2.576,0.526,track
3,1204,0.239,0.013,-0.343,-0.018,0.114,-1.515,-0.03,-0.347,0.0264,1.0,0.997,1.389,0.176,2.562,0.529,track
3,1205,0.239,0.013,-0.342,-0.018,0.114,-1.515,-0.032,-0.36,0.0244,1.0,0.997,1.351,0.171,2.519,0.511,track
3,1206,0.239,0.013,-0.342,-0.018,0.114,-1.515,-0.067,-0.361,0.0254,1.0,0.996,1.336,0.173,2.505,0.546,track
3,1207,0.239,0.013,-0.342,-0.018,0.114,-1.515,-0.076,-0.356,0.0264,1.0,0.997,1.342,0.176,2.516,0.528,track
3,1208,0.239,0.013,-0.342,-0.018,0.114,-1.515,-0.06,-0.356,0.0254,1.0,0.998,1.353,0.173,2.525,0.439,track
3,1209,0.238,0.013,-0.342,-0.018,0.114,-1.515,-0.06,-0.356,0.0254,1.0,0.997,1.353,0.173,2.524,0.447,track
3,1210,0.238,0.013,-0.342,-0.018,0.114,-1.515,-0.043,-0.358,0.0254,1.0,0.997,1.353,0.173,2.524,0.479,track
3,1211,0.238,0.013,-0.342,-0.018,0.114,-1.515,-0.043,-0.358,0.0254,1.0,0.997,1.353,0.173,2.524,0.482,track
3,1212,0.238,0.013,-0.342,-0.018,0.114,-1.515,-0.04,-0.368,0.0244,1.0,0.997,1.327,0.171,2.495,0.502,track
3,1213,0.238,0.013,-0.341,-0.018,0.114,-1.515,-0.06,-0.349,0.0234,1.0,0.998,1.373,0.168,2.539,0.501,track
3,1214,0.238,0.013,-0.341,-0.018,0.114,-1.515,-0.043,-0.358,0.0254,1.0,0.998,1.353,0.173,2.525,0.454,track
3,1215,0.237,0.013,-0.341,-0.018,0.114,-1.515,-0.04,-0.368,0.0244,1.0,0.999,1.327,0.171,2.497,0.374,track
3,1216,0.237,0.013,-0.341,-0.018,0.114,-1.515,-0.04,-0.368,0.0244,1.0,0.999,1.327,0.171,2.497,0.274,track
3,1217,0.237,0.013,-0.341,-0.018,0.114,-1.515,-0.062,-0.38,0.0254,1.0,0.999,1.282,0.173,2.455,0.266,track
3,1218,0.237,0.013,-0.341,-0.018,0.114,-1.515,-0.082,-0.362,0.0244,1.0,0.998,1.321,0.171,2.49,0.308,track
3,1219,0.237,0.013,-0.341,-0.018,0.114,-1.515,-0.094,-0.361,0.0254,1.0,0.997,1.319,0.173,2.489,0.529,track
3,1220,0.237,0.013,-0.341,-0.018,0.114,-1.515,-0.094,-0.361,0.0254,1.0,0.997,1.319,0.173,2.489,0.552,track
3,1221,0.237,0.013,-0.341,-0.018,0.114,-1.515,-0.077,-0.377,0.0254,1.0,0.997,1.282,0.173,2.452,0.502,track
3,1222,0.236,0.013,-0.341,-0.018,0.114,-1.515,-0.077,-0.377,0.0254,1.0,0.996,1.282,0.173,2.452,0.539,track
3,1223,0.236,0.013,-0.341,-0.018,0.114,-1.515,-0.075,-0.377,0.0254,1.0,0.997,1.283,0.173,2.453,0.549,track
3,1224,0.236,0.013,-0.341,-0.018,0.114,-1.515,-0.072,-0.373,0.0264,1.0,0.997,1.298,0.176,2.471,0.512,track
3,1225,0.236,0.013,-0.341,-0.018,0.114,-1.515,-0.072,-0.373,0.0264,1.0,0.997,1.298,0.176,2.472,0.519,track
3,1226,0.236,0.013,-0.341,-0.018,0.114,-1.515,-0.072,-0.373,0.0264,1.0,0.997,1.298,0.176,2.471,0.512,track
3,1227,0.236,0.013,-0.341,-0.018,0.114,-1.515,-0.072,-0.373,0.0264,1.0,0.998,1.298,0.176,2.472,0.489,track
3,1228,0.235,0.013,-0.341,-0.018,0.114,-1.515,-0.072,-0.373,0.0264,1.0,0.997,1.298,0.176,2.472,0.469,track
3,1229,0.235,0.013,-0.341,-0.018,0.114,-1.515,-0.072,-0.373,0.0264,1.0,0.998,1.298,0.176,2.472,0.463,track
3,1230,0.235,0.013,-0.341,-0.018,0.114,-1.515,-0.072,-0.373,0.0264,1.0,0.997,1.298,0.176,2.472,0.452,track
3,1231,0.235,0.013,-0.342,-0.018,0.114,-1.515,-0.072,-0.373,0.0264,1.0,0.998,1.298,0.176,2.472,0.458,track
3,1232,0.235,0.013,-0.342,-0.018,0.114,-1.515,-0.075,-0.377,0.0254,1.0,0.998,1.283,0.173,2.454,0.449,track
3,1233,0.234,0.013,-0.342,-0.018,0.114,-1.515,-0.055,-0.37,0.0244,1.0,0.998,1.314,0.171,2.483,0.459,track
3,1234,0.234,0.013,-0.342,-0.018,0.114,-1.515,-0.077,-0.377,0.0254,1.0,0.998,1.282,0.173,2.453,0.42,track
3,1235,0.234,0.013,-0.342,-0.018,0.114,-1.515,-0.095,-0.37,0.0244,1.0,0.999,1.291,0.171,2.461,0.317,track
3,1236,0.234,0.013,-0.342,-0.018,0.114,-1.515,-0.095,-0.37,0.0244,1.0,0.999,1.291,0.171,2.461,0.241,track
3,1237,0.234,0.013,-0.342,-0.018,0.114,-1.515,-0.094,-0.361,0.0254,1.0,1.0,1.319,0.173,2.492,0.187,track
3,1238,0.233,0.013,-0.342,-0.018,0.114,-1.515,-0.094,-0.361,0.0254,1.0,0.999,1.319,0.173,2.491,0.236,track
3,1239,0.233,0.013,-0.343,-0.018,0.114,-1.515,-0.06,-0.349,0.0234,1.0,0.998,1.373,0.168,2.539,0.392,track
3,1240,0.233,0.013,-0.343,-0.018,0.114,-1.515,-0.055,-0.349,0.0234,1.0,0.995,1.376,0.168,2.538,0.597,track
3,1241,0.233,0.013,-0.343,-0.018,0.114,-1.515,-0.04,-0.35,0.0273,1.0,0.996,1.377,0.179,2.552,0.646,track
3,1242,0.232,0.013,-0.343,-0.018,0.114,-1.515,-0.026,-0.361,0.0254,1.0,0.998,1.351,0.173,2.523,0.49,track
3,1243,0.232,0.013,-0.343,-0.018,0.114,-1.515,-0.026,-0.361,0.0254,1.0,0.996,1.351,0.173,2.521,0.509,track
3,1244,0.232,0.013,-0.343,-0.018,0.114,-1.515,-0.026,-0.361,0.0254,1.0,0.997,1.351,0.173,2.522,0.554,track
3,1245,0.232,0.013,-0.344,-0.018,0.114,-1.515,-0.026,-0.361,0.0254,1.0,0.996,1.351,0.173,2.521,0.559,track
3,1246,0.232,0.013,-0.344,-0.018,0.114,-1.515,-0.012,-0.346,0.0254,1.0,0.997,1.395,0.173,2.566,0.563,track
3,1247,0.231,0.013,-0.344,-0.018,0.114,-1.515,-0.012,-0.346,0.0254,1.0,0.997,1.395,0.173,2.566,0.513,track
3,1248,0.231,0.013,-0.344,-0.018,0.114,-1.515,-0.036,-0.344,0.0254,1.0,0.998,1.398,0.173,2.569,0.421,track
3,1249,0.231,0.013,-0.344,-0.018,0.114,-1.515,-0.05,-0.338,0.0244,1.0,0.997,1.41,0.171,2.578,0.426,track
3,1250,0.231,0.013,-0.344,-0.018,0.114,-1.515,-0.03,-0.33,0.0244,1.0,0.997,1.439,0.171,2.607,0.496,track
3,1251,0.23,0.013,-0.344,-0.018,0.114,-1.515,-0.065,-0.323,0.0225,1.0,0.998,1.443,0.166,2.607,0.463,track
3,1252,0.23,0.013,-0.344,-0.018,0.114,-1.515,-0.078,-0.31,0.0234,1.0,0.998,1.472,0.168,2.638,0.435,track
3,1253,0.23,0.013,-0.344,-0.018,0.114,-1.515,-0.098,-0.315,0.0244,1.0,0.998,1.443,0.171,2.612,0.403,track
3,1254,0.23,0.013,-0.344,-0.018,0.114,-1.515,-0.098,-0.315,0.0244,1.0,0.998,1.443,0.171,2.613,0.431,track
3,1255,0.229,0.013,-0.344,-0.018,0.114,-1.515,-0.102,-0.32,0.0234,1.0,0.999,1.425,0.168,2.593,0.311,track
3,1256,0.229,0.013,-0.344,-0.018,0.114,-1.515,-0.098,-0.308,0.0244,1.0,0.999,1.464,0.171,2.633,0.301,track
3,1257,0.229,0.013,-0.344,-0.018,0.114,-1.515,-0.082,-0.3,0.0244,1.0,0.999,1.496,0.171,2.666,0.302,track
3,1258,0.229,0.013,-0.344,-0.018,0.114,-1.515,-0.06,-0.286,0.0234,1.0,1.0,1.547,0.168,2.715,0.141,track
3,1259,0.229,0.013,-0.344,-0.018,0.114,-1.515,-0.065,-0.291,0.0225,1.0,0.998,1.532,0.166,2.696,0.184,track
3,1260,0.228,0.013,-0.344,-0.018,0.114,-1.515,-0.041,-0.293,0.0254,1.0,0.999,1.537,0.173,2.71,0.198,track
3,1261,0.228,0.013,-0.344,-0.018,0.114,-1.515,-0.038,-0.3,0.0244,1.0,0.999,1.52,0.171,2.69,0.265,track
3,1262,0.228,0.013,-0.344,-0.018,0.114,-1.515,-0.016,-0.294,0.0234,1.0,0.997,1.541,0.168,2.707,0.378,track
3,1263,0.228,0.013,-0.344,-0.018,0.114,-1.515,-0.038,-0.3,0.0244,1.0,0.996,1.52,0.171,2.687,0.521,track
3,1264,0.228,0.013,-0.344,-0.018,0.114,-1.515,-0.038,-0.3,0.0244,1.0,0.995,1.52,0.171,2.687,0.629,track
3,1265,0.228,0.012,-0.344,-0.018,0.114,-1.515,-0.038,-0.3,0.0244,1.0,0.995,1.52,0.171,2.687,0.643,track
3,1266,0.227,0.012,-0.344,-0.018,0.114,-1.515,-0.026,-0.298,0.0254,1.0,0.997,1.529,0.173,2.699,0.592,track
3,1267,0.227,0.012,-0.344,-0.018,0.114,-1.515,-0.026,-0.298,0.0254,1.0,0.995,1.529,0.173,2.698,0.591,track
3,1268,0.227,0.012,-0.344,-0.018,0.114,-1.515,-0.037,-0.294,0.0264,1.0,0.997,1.537,0.176,2.71,0.596,track
3,1269,0.227,0.012,-0.344,-0.018,0.114,-1.515,-0.037,-0.294,0.0264,1.0,0.996,1.537,0.176,2.709,0.59,track
3,1270,0.227,0.012,-0.344,-0.018,0.114,-1.515,-0.024,-0.3,0.0254,1.0,0.997,1.523,0.173,2.693,0.572,track
3,1271,0.227,0.011,-0.344,-0.018,0.114,-1.515,-0.024,-0.3,0.0254,1.0,0.996,1.523,0.173,2.692,0.531,track
3,1272,0.227,0.011,-0.344,-0.018,0.114,-1.515,-0.06,-0.27,0.0244,1.0,0.997,1.59,0.171,2.758,0.512,track
3,1273,0.227,0.011,-0.344,-0.018,0.114,-1.515,-0.049,-0.279,0.0234,1.0,0.994,1.573,0.168,2.736,0.627,track
3,1274,0.226,0.011,-0.345,-0.018,0.114,-1.515,-0.042,-0.272,0.0244,1.0,0.996,1.592,0.171,2.759,0.665,track
3,1275,0.226,0.011,-0.345,-0.018,0.114,-1.515,-0.042,-0.272,0.0244,1.0,0.995,1.592,0.171,2.758,0.621,track
3,1276,0.226,0.01,-0.345,-0.018,0.114,-1.515,-0.042,-0.272,0.0244,1.0,0.997,1.592,0.171,2.76,0.591,track
3,1277,0.226,0.01,-0.345,-0.018,0.114,-1.515,-0.042,-0.272,0.0244,1.0,0.997,1.592,0.171,2.759,0.523,track
3,1278,0.226,0.01,-0.345,-0.018,0.114,-1.515,-0.062,-0.25,0.0234,1.0,0.997,1.639,0.168,2.804,0.492,track
3,1279,0.226,0.01,-0.345,-0.018,0.114,-1.515,-0.052,-0.253,0.0225,1.0,0.995,1.638,0.166,2.799,0.565,track
3,1280,0.226,0.009,-0.345,-0.018,0.114,-1.515,-0.057,-0.25,0.0225,1.0,0.997,1.642,0.166,2.804,0.606,track
3,1281,0.226,0.009,-0.345,-0.018,0.114,-1.515,-0.057,-0.25,0.0225,1.0,0.996,1.642,0.166,2.803,0.579,track
3,1282,0.226,0.009,-0.345,-0.018,0.114,-1.515,-0.088,-0.216,0.0215,1.0,0.997,1.699,0.163,2.859,0.561,track
3,1283,0.226,0.009,-0.345,-0.018,0.114,-1.515,-0.107,-0.217,0.0205,1.0,0.993,1.677,0.161,2.831,0.652,track
3,1284,0.226,0.008,-0.345,-0.018,0.114,-1.515,-0.095,-0.212,0.0225,1.0,0.997,1.701,0.166,2.864,0.646,track
3,1285,0.226,0.008,-0.346,-0.018,0.114,-1.515,-0.095,-0.212,0.0225,1.0,0.996,1.701,0.166,2.862,0.559,track
3,1286,0.226,0.008,-0.346,-0.018,0.114,-1.515,-0.076,-0.219,0.0234,1.0,0.997,1.703,0.168,2.869,0.543,track
3,1287,0.226,0.007,-0.346,-0.018,0.114,-1.515,-0.052,-0.207,0.0225,1.0,0.997,1.746,0.166,2.909,0.451,track
3,1288,0.226,0.007,-0.347,-0.018,0.114,-1.515,-0.054,-0.21,0.0215,1.0,0.998,1.736,0.163,2.898,0.363,track
3,1289,0.226,0.007,-0.347,-0.018,0.114,-1.515,-0.054,-0.21,0.0215,1.0,0.999,1.736,0.163,2.898,0.259,track
3,1290,0.226,0.006,-0.347,-0.018,0.114,-1.515,-0.079,-0.223,0.0225,1.0,0.998,1.691,0.166,2.855,0.252,track
3,1291,0.227,0.006,-0.348,-0.018,0.114,-1.515,-0.076,-0.219,0.0234,1.0,0.999,1.703,0.168,2.87,0.261,track
3,1292,0.227,0.006,-0.348,-0.018,0.114,-1.515,-0.042,-0.25,0.0234,1.0,0.999,1.649,0.168,2.817,0.127,track
3,1293,0.227,0.005,-0.348,-0.018,0.114,-1.515,-0.049,-0.25,0.0225,1.0,0.996,1.646,0.166,2.808,0.294,track
3,1294,0.227,0.005,-0.348,-0.018,0.114,-1.515,-0.054,-0.255,0.0225,1.0,0.996,1.63,0.166,2.792,0.527,track
3,1295,0.227,0.004,-0.348,-0.018,0.114,-1.515,-0.012,-0.25,0.0195,1.0,0.995,1.657,0.158,2.81,0.618,track
3,1296,0.227,0.004,-0.349,-0.018,0.114,-1.515,0.014,-0.269,0.0225,1.0,0.995,1.609,0.166,2.769,0.696,track
3,1297,0.228,0.004,-0.349,-0.018,0.114,-1.515,0.022,-0.264,0.0225,1.0,0.994,1.621,0.166,2.781,0.747,track
3,1298,0.228,0.003,-0.349,-0.018,0.114,-1.515,-0.003,-0.276,0.0234,1.0,0.995,1.591,0.168,2.755,0.733,track
3,1299,0.228,0.003,-0.349,-0.018,0.114,-1.515,0.0,-0.285,0.0225,1.0,0.993,1.567,0.166,2.725,0.763,track
3,1300,0.228,0.002,-0.349,-0.018,0.114,-1.515,-0.006,-0.301,0.0215,1.0,0.996,1.523,0.163,2.683,0.694,track
3,1301,0.228,0.002,-0.349,-0.018,0.114,-1.515,-0.003,-0.31,0.0215,1.0,0.994,1.5,0.163,2.657,0.658,track
3,1302,0.229,0.001,-0.349,-0.018,0.114,-1.515,0.026,-0.315,0.0215,1.0,0.995,1.481,0.163,2.64,0.662,track
3,1303,0.229,0.001,-0.349,-0.018,0.114,-1.515,-0.036,-0.32,0.0234,1.0,0.996,1.464,0.168,2.629,0.569,track
3,1304,0.229,0.0,-0.349,-0.018,0.114,-1.515,-0.013,-0.302,0.0234,1.0,0.997,1.52,0.168,2.685,0.465,track
3,1305,0.23,-0.0,-0.349,-0.018,0.114,-1.515,-0.03,-0.305,0.0244,1.0,1.0,1.509,0.171,2.679,0.358,track
3,1306,0.23,-0.0,-0.349,-0.018,0.114,-1.515,-0.016,-0.307,0.0234,1.0,0.998,1.506,0.168,2.672,0.268,track
3,1307,0.23,-0.001,-0.349,-0.018,0.114,-1.515,-0.032,-0.318,0.0244,1.0,0.997,1.473,0.171,2.641,0.382,track
3,1308,0.23,-0.001,-0.348,-0.018,0.114,-1.515,-0.055,-0.315,0.0244,1.0,0.995,1.472,0.171,2.637,0.649,track
3,1309,0.231,-0.002,-0.348,-0.018,0.114,-1.515,-0.068,-0.341,0.0215,1.0,0.996,1.392,0.163,2.551,0.62,track
3,1310,0.231,-0.002,-0.348,-0.018,0.114,-1.515,-0.054,-0.38,0.0225,1.0,0.994,1.284,0.166,2.443,0.638,track
3,1311,0.231,-0.003,-0.348,-0.018,0.114,-1.515,-0.091,-0.328,0.0234,1.0,0.993,1.412,0.168,2.574,0.51,track
3,1312,0.232,-0.003,-0.348,-0.018,0.114,-1.515,-0.074,-0.335,0.0215,1.0,0.998,1.404,0.163,2.566,0.609,track
3,1313,0.232,-0.004,-0.348,-0.018,0.114,-1.515,-0.076,-0.332,0.0225,1.0,0.998,1.413,0.166,2.577,0.403,track
3,1314,0.232,-0.004,-0.347,-0.018,0.114,-1.515,-0.076,-0.332,0.0225,1.0,0.999,1.413,0.166,2.578,0.299,track
3,1315,0.232,-0.004,-0.347,-0.018,0.114,-1.515,-0.073,-0.328,0.0234,1.0,0.997,1.425,0.168,2.591,0.411,track
3,1316,0.233,-0.005,-0.348,-0.018,0.114,-1.515,-0.055,-0.336,0.0234,1.0,0.997,1.413,0.168,2.578,0.482,track
3,1317,0.233,-0.005,-0.348,-0.018,0.114,-1.515,-0.052,-0.342,0.0225,1.0,0.997,1.396,0.166,2.558,0.502,track
3,1318,0.233,-0.005,-0.348,-0.018,0.114,-1.515,-0.021,-0.354,0.0234,1.0,0.998,1.371,0.168,2.537,0.455,track
3,1319,0.234,-0.006,-0.348,-0.018,0.114,-1.515,-0.04,-0.365,0.0244,1.0,0.997,1.335,0.171,2.503,0.434,track
3,1320,0.234,-0.006,-0.348,-0.018,0.114,-1.515,-0.065,-0.382,0.0254,1.0,0.998,1.274,0.173,2.446,0.349,track
3,1321,0.234,-0.006,-0.348,-0.018,0.114,-1.515,-0.106,-0.383,0.0225,1.0,0.995,1.245,0.166,2.405,0.427,track
3,1322,0.235,-0.007,-0.348,-0.018,0.114,-1.515,-0.107,-0.393,0.0205,1.0,0.997,1.216,0.161,2.374,0.457,track
3,1323,0.235,-0.007,-0.348,-0.018,0.114,-1.515,-0.098,-0.396,0.0205,1.0,0.996,1.214,0.161,2.371,0.394,track
3,1324,0.235,-0.007,-0.347,-0.018,0.114,-1.515,-0.06,-0.421,0.0225,1.0,0.996,1.162,0.166,2.324,0.472,track
3,1325,0.235,-0.008,-0.347,-0.018,0.114,-1.515,-0.01,-0.422,0.0244,1.0,0.994,1.17,0.171,2.335,0.537,track
3,1326,0.236,-0.008,-0.347,-0.018,0.114,-1.515,-0.01,-0.418,0.0254,1.0,0.996,1.183,0.173,2.352,0.649,track
3,1327,0.236,-0.008,-0.347,-0.018,0.114,-1.515,-0.01,-0.418,0.0254,1.0,0.994,1.183,0.173,2.351,0.659,track
3,1328,0.236,-0.008,-0.347,-0.018,0.114,-1.515,-0.03,-0.435,0.0244,1.0,0.996,1.131,0.171,2.298,0.632,track
3,1329,0.236,-0.009,-0.347,-0.018,0.114,-1.515,-0.023,-0.451,0.0234,1.0,0.992,1.086,0.168,2.246,0.713,track
3,1330,0.237,-0.009,-0.347,-0.018,0.114,-1.515,-0.045,-0.43,0.0244,1.0,0.997,1.142,0.171,2.309,0.667,track
3,1331,0.237,-0.009,-0.347,-0.018,0.114,-1.515,-0.065,-0.445,0.0254,1.0,0.996,1.091,0.173,2.261,0.492,track
3,1332,0.237,-0.009,-0.346,-0.018,0.114,-1.515,-0.06,-0.45,0.0254,1.0,0.997,1.079,0.173,2.249,0.42,track
3,1333,0.237,-0.009,-0.346,-0.018,0.114,-1.515,-0.087,-0.452,0.0254,1.0,0.998,1.06,0.173,2.231,0.305,track
3,1334,0.237,-0.009,-0.346,-0.018,0.114,-1.515,-0.077,-0.457,0.0215,1.0,0.998,1.049,0.163,2.21,0.22,track
3,1335,0.237,-0.009,-0.346,-0.018,0.114,-1.515,-0.074,-0.46,0.0215,1.0,0.998,1.042,0.163,2.204,0.18,track
3,1336,0.237,-0.009,-0.346,-0.018,0.114,-1.515,-0.074,-0.46,0.0215,1.0,0.998,1.042,0.163,2.203,0.118,track
3,1337,0.238,-0.009,-0.346,-0.018,0.114,-1.515,-0.074,-0.46,0.0215,1.0,0.998,1.042,0.163,2.203,0.182,track
3,1338,0.238,-0.009,-0.346,-0.018,0.114,-1.515,-0.074,-0.46,0.0215,1.0,0.997,1.042,0.163,2.202,0.296,track
3,1339,0.238,-0.009,-0.346,-0.018,0.114,-1.515,-0.074,-0.46,0.0215,1.0,0.997,1.042,0.163,2.202,0.409,track
3,1340,0.238,-0.009,-0.346,-0.018,0.114,-1.515,-0.074,-0.46,0.0215,1.0,0.995,1.042,0.163,2.201,0.499,track
3,1341,0.238,-0.009,-0.346,-0.018,0.114,-1.515,-0.074,-0.46,0.0215,1.0,0.996,1.042,0.163,2.201,0.544,track
3,1342,0.238,-0.009,-0.346,-0.018,0.114,-1.515,-0.098,-0.452,0.0205,1.0,0.995,1.052,0.161,2.207,0.56,track
3,1343,0.238,-0.009,-0.346,-0.018,0.114,-1.515,-0.077,-0.46,0.0215,1.0,0.997,1.041,0.163,2.201,0.52,track
3,1344,0.238,-0.009,-0.346,-0.018,0.114,-1.515,-0.09,-0.459,0.0225,1.0,0.996,1.037,0.166,2.199,0.477,track
3,1345,0.238,-0.009,-0.346,-0.018,0.114,-1.515,-0.103,-0.47,0.0225,1.0,0.997,0.998,0.166,2.161,0.462,track
3,1346,0.238,-0.009,-0.346,-0.018,0.114,-1.515,-0.128,-0.465,0.0225,1.0,0.995,0.996,0.166,2.157,0.538,track
3,1347,0.238,-0.009,-0.346,-0.018,0.114,-1.515,-0.128,-0.465,0.0225,1.0,0.998,0.996,0.166,2.16,0.507,track
3,1348,0.238,-0.009,-0.347,-0.018,0.114,-1.515,-0.116,-0.463,0.0215,1.0,0.997,1.009,0.163,2.169,0.389,track
3,1349,0.238,-0.008,-0.347,-0.018,0.114,-1.515,-0.113,-0.467,0.0205,1.0,0.996,1.0,0.161,2.157,0.465,track
3,1350,0.237,-0.008,-0.347,-0.018,0.114,-1.515,-0.101,-0.449,0.0205,1.0,0.996,1.058,0.161,2.215,0.506,track
3,1351,0.237,-0.008,-0.347,-0.018,0.114,-1.515,-0.107,-0.455,0.0205,1.0,0.994,1.037,0.161,2.192,0.595,track
3,1352,0.237,-0.008,-0.348,-0.018,0.114,-1.515,-0.043,-0.473,0.0225,1.0,0.995,1.017,0.166,2.178,0.631,track
3,1353,0.237,-0.007,-0.348,-0.018,0.114,-1.515,-0.036,-0.451,0.0234,1.0,0.995,1.084,0.168,2.247,0.577,track
3,1354,0.237,-0.007,-0.348,-0.018,0.114,-1.515,-0.013,-0.435,0.0234,1.0,0.996,1.133,0.168,2.298,0.483,track
3,1355,0.237,-0.007,-0.348,-0.018,0.114,-1.515,-0.065,-0.423,0.0254,1.0,0.994,1.154,0.173,2.322,0.498,track
3,1356,0.236,-0.007,-0.348,-0.018,0.114,-1.515,-0.065,-0.43,0.0234,1.0,0.995,1.135,0.168,2.298,0.554,track
3,1357,0.236,-0.006,-0.348,-0.018,0.114,-1.515,-0.016,-0.443,0.0225,1.0,0.998,1.109,0.166,2.273,0.52,track
3,1358,0.236,-0.006,-0.348,-0.018,0.114,-1.515,-0.014,-0.435,0.0254,1.0,0.999,1.133,0.173,2.305,0.339,track
3,1359,0.236,-0.006,-0.348,-0.018,0.114,-1.515,0.016,-0.43,0.0234,1.0,0.998,1.149,0.168,2.315,0.302,track
3,1360,0.235,-0.005,-0.348,-0.018,0.114,-1.515,-0.006,-0.426,0.0215,1.0,0.999,1.16,0.163,2.321,0.293,track
3,1361,0.235,-0.005,-0.348,-0.018,0.114,-1.515,-0.038,-0.406,0.0254,1.0,0.997,1.214,0.173,2.384,0.369,track
3,1362,0.235,-0.005,-0.348,-0.018,0.114,-1.515,-0.022,-0.367,0.0225,1.0,0.997,1.334,0.166,2.497,0.393,track
3,1363,0.234,-0.004,-0.347,-0.018,0.114,-1.515,-0.036,-0.357,0.0234,1.0,0.989,1.36,0.168,2.517,0.651,track
3,1364,0.234,-0.004,-0.347,-0.018,0.114,-1.515,-0.014,-0.38,0.0225,1.0,0.995,1.295,0.166,2.456,0.676,track
3,1365,0.234,-0.004,-0.347,-0.018,0.114,-1.515,-0.03,-0.394,0.0225,1.0,0.998,1.252,0.166,2.416,0.484,track
3,1366,0.234,-0.003,-0.347,-0.018,0.114,-1.515,-0.052,-0.375,0.0234,1.0,0.998,1.301,0.168,2.467,0.373,track
3,1367,0.233,-0.003,-0.346,-0.018,0.114,-1.515,-0.056,-0.366,0.0264,1.0,0.996,1.327,0.176,2.499,0.508,track
3,1368,0.233,-0.003,-0.346,-0.018,0.114,-1.515,-0.062,-0.368,0.0254,1.0,0.998,1.317,0.173,2.489,0.512,track
3,1369,0.233,-0.002,-0.346,-0.018,0.114,-1.515,-0.027,-0.345,0.0225,1.0,0.997,1.396,0.166,2.559,0.473,track
3,1370,0.232,-0.002,-0.346,-0.018,0.114,-1.515,-0.022,-0.338,0.0244,1.0,0.998,1.419,0.171,2.587,0.442,track
3,1371,0.232,-0.002,-0.346,-0.018,0.114,-1.515,-0.062,-0.305,0.0254,1.0,0.999,1.495,0.173,2.667,0.206,track
3,1372,0.232,-0.002,-0.346,-0.018,0.114,-1.515,-0.046,-0.305,0.0254,1.0,0.995,1.503,0.173,2.671,0.263,track
3,1373,0.231,-0.001,-0.346,-0.018,0.114,-1.515,-0.05,-0.305,0.0244,1.0,0.999,1.502,0.171,2.672,0.206,track
3,1374,0.231,-0.001,-0.345,-0.018,0.114,-1.515,-0.096,-0.289,0.0234,1.0,0.998,1.514,0.168,2.68,0.143,track
3,1375,0.231,-0.001,-0.345,-0.018,0.114,-1.515,-0.119,-0.259,0.0215,1.0,0.998,1.568,0.163,2.729,0.161,track
3,1376,0.23,-0.0,-0.345,-0.018,0.114,-1.515,-0.127,-0.257,0.0254,1.0,0.994,1.562,0.173,2.73,0.348,track
3,1377,0.23,-0.0,-0.346,-0.018,0.114,-1.515,-0.082,-0.228,0.0225,1.0,0.998,1.677,0.166,2.841,0.393,track
3,1378,0.23,-0.0,-0.346,-0.018,0.114,-1.515,-0.117,-0.226,0.0225,1.0,0.993,1.648,0.166,2.806,0.437,track
3,1379,0.23,0.0,-0.346,-0.018,0.114,-1.515,-0.107,-0.237,0.0234,1.0,0.996,1.633,0.168,2.797,0.508,track
3,1380,0.229,0.0,-0.346,-0.018,0.114,-1.515,-0.107,-0.237,0.0234,1.0,0.997,1.633,0.168,2.799,0.368,track
3,1381,0.229,0.001,-0.347,-0.018,0.114,-1.515,-0.068,-0.242,0.0225,1.0,0.998,1.655,0.166,2.818,0.289,track
3,1382,0.229,0.001,-0.347,-0.018,0.114,-1.515,-0.071,-0.247,0.0215,1.0,0.998,1.64,0.163,2.801,0.243,track
3,1383,0.229,0.001,-0.347,-0.018,0.114,-1.515,-0.078,-0.263,0.0234,1.0,0.997,1.596,0.168,2.76,0.313,track
3,1384,0.229,0.001,-0.348,-0.018,0.114,-1.515,-0.062,-0.266,0.0225,1.0,0.997,1.598,0.166,2.76,0.374,track
3,1385,0.229,0.001,-0.348,-0.018,0.114,-1.515,-0.068,-0.258,0.0234,1.0,0.998,1.616,0.168,2.782,0.24,track
3,1386,0.228,0.001,-0.348,-0.018,0.114,-1.515,-0.107,-0.237,0.0234,1.0,0.998,1.633,0.168,2.8,0.229,track
3,1387,0.228,0.001,-0.348,-0.018,0.114,-1.515,-0.107,-0.237,0.0234,1.0,0.998,1.633,0.168,2.8,0.181,track
3,1388,0.228,0.001,-0.348,-0.018,0.114,-1.515,-0.107,-0.237,0.0234,1.0,0.998,1.633,0.168,2.8,0.175,track
3,1389,0.228,0.001,-0.348,-0.018,0.114,-1.515,-0.09,-0.234,0.0225,1.0,0.999,1.657,0.166,2.822,0.107,track
3,1390,0.228,0.001,-0.349,-0.018,0.114,-1.515,-0.09,-0.234,0.0225,1.0,0.999,1.657,0.166,2.822,0.075,track
3,1391,0.228,0.001,-0.349,-0.018,0.114,-1.515,-0.09,-0.234,0.0225,1.0,0.999,1.657,0.166,2.822,0.133,track
3,1392,0.228,0.001,-0.349,-0.018,0.114,-1.515,-0.114,-0.21,0.0215,1.0,0.999,1.685,0.163,2.847,0.129,track
3,1393,0.228,0.001,-0.349,-0.018,0.114,-1.515,-0.071,-0.214,0.0205,1.0,0.998,1.716,0.161,2.875,0.151,track
3,1394,0.228,0.001,-0.349,-0.018,0.114,-1.515,-0.075,-0.219,0.0195,1.0,0.999,1.704,0.158,2.86,0.198,track
3,1395,0.228,0.001,-0.35,-0.018,0.114,-1.515,-0.075,-0.219,0.0195,1.0,0.998,1.704,0.158,2.86,0.136,track
3,1396,0.228,0.001,-0.35,-0.018,0.114,-1.515,-0.075,-0.219,0.0195,1.0,0.998,1.704,0.158,2.86,0.173,track
3,1397,0.228,0.0,-0.35,-0.018,0.114,-1.515,-0.075,-0.219,0.0195,1.0,0.998,1.704,0.158,2.86,0.209,track
3,1398,0.228,0.0,-0.35,-0.018,0.114,-1.515,-0.075,-0.219,0.0195,1.0,0.999,1.704,0.158,2.86,0.198,track
3,1399,0.228,0.0,-0.35,-0.018,0.114,-1.515,-0.079,-0.223,0.0225,1.0,0.998,1.691,0.166,2.855,0.179,track
3,1400,0.228,-0.0,-0.35,-0.018,0.114,-1.515,-0.076,-0.219,0.0234,1.0,0.998,1.703,0.168,2.87,0.22,track
3,1401,0.228,-0.0,-0.35,-0.018,0.114,-1.515,-0.003,-0.244,0.0215,1.0,0.998,1.672,0.163,2.833,0.267,track
3,1402,0.228,-0.001,-0.35,-0.018,0.114,-1.515,-0.034,-0.25,0.0234,1.0,0.996,1.652,0.168,2.816,0.434,track
3,1403,0.228,-0.001,-0.35,-0.018,0.114,-1.515,-0.054,-0.255,0.0225,1.0,0.996,1.63,0.166,2.792,0.517,track
3,1404,0.229,-0.001,-0.35,-0.018,0.114,-1.515,-0.035,-0.255,0.0225,1.0,0.995,1.638,0.166,2.799,0.561,track
3,1405,0.229,-0.001,-0.35,-0.018,0.114,-1.515,-0.022,-0.275,0.0244,1.0,0.995,1.592,0.171,2.758,0.604,track
3,1406,0.229,-0.002,-0.35,-0.018,0.114,-1.515,0.003,-0.277,0.0225,1.0,0.994,1.588,0.166,2.748,0.663,track
3,1407,0.229,-0.002,-0.35,-0.018,0.114,-1.515,-0.018,-0.286,0.0234,1.0,0.995,1.562,0.168,2.725,0.71,track
3,1408,0.229,-0.002,-0.351,-0.018,0.114,-1.515,0.0,-0.293,0.0225,1.0,0.994,1.545,0.166,2.704,0.725,track
3,1409,0.23,-0.003,-0.35,-0.018,0.114,-1.515,0.016,-0.305,0.0234,1.0,0.995,1.513,0.168,2.676,0.694,track
3,1410,0.23,-0.003,-0.35,-0.018,0.114,-1.515,-0.005,-0.315,0.0234,1.0,0.994,1.485,0.168,2.647,0.675,track
3,1411,0.23,-0.003,-0.35,-0.018,0.114,-1.515,-0.036,-0.32,0.0234,1.0,0.996,1.464,0.168,2.628,0.635,track
3,1412,0.23,-0.004,-0.35,-0.018,0.114,-1.515,-0.048,-0.31,0.0254,1.0,0.995,1.488,0.173,2.657,0.622,track
3,1413,0.23,-0.004,-0.35,-0.018,0.114,-1.515,-0.045,-0.307,0.0215,1.0,0.996,1.499,0.163,2.657,0.652,track
3,1414,0.231,-0.004,-0.35,-0.018,0.114,-1.515,-0.045,-0.307,0.0215,1.0,0.998,1.499,0.163,2.66,0.5,track
3,1415,0.231,-0.005,-0.35,-0.018,0.114,-1.515,-0.054,-0.304,0.0225,1.0,0.997,1.501,0.166,2.664,0.448,track
3,1416,0.231,-0.005,-0.35,-0.018,0.114,-1.515,-0.045,-0.315,0.0215,1.0,0.998,1.475,0.163,2.636,0.432,track
3,1417,0.231,-0.005,-0.35,-0.018,0.114,-1.515,-0.06,-0.337,0.0225,1.0,0.998,1.407,0.166,2.571,0.406,track
3,1418,0.232,-0.006,-0.35,-0.018,0.114,-1.515,-0.054,-0.38,0.0225,1.0,0.996,1.284,0.166,2.446,0.461,track
3,1419,0.232,-0.006,-0.35,-0.018,0.114,-1.515,-0.06,-0.36,0.0244,1.0,0.992,1.341,0.171,2.504,0.457,track
3,1420,0.232,-0.006,-0.349,-0.018,0.114,-1.515,-0.065,-0.339,0.0234,1.0,1.0,1.4,0.168,2.568,0.528,track
3,1421,0.233,-0.007,-0.349,-0.018,0.114,-1.515,-0.062,-0.344,0.0234,1.0,0.999,1.387,0.168,2.554,0.174,track
3,1422,0.233,-0.007,-0.349,-0.018,0.114,-1.515,-0.079,-0.34,0.0225,1.0,1.0,1.389,0.166,2.554,0.105,track
3,1423,0.233,-0.007,-0.349,-0.018,0.114,-1.515,-0.047,-0.336,0.0234,1.0,0.999,1.416,0.168,2.584,0.167,track
3,1424,0.233,-0.008,-0.349,-0.018,0.114,-1.515,-0.06,-0.334,0.0225,1.0,0.998,1.415,0.166,2.579,0.323,track
3,1425,0.234,-0.008,-0.349,-0.018,0.114,-1.515,-0.06,-0.334,0.0225,1.0,0.997,1.415,0.166,2.578,0.422,track
3,1426,0.234,-0.008,-0.349,-0.018,0.114,-1.515,-0.044,-0.339,0.0234,1.0,0.998,1.41,0.168,2.576,0.392,track
3,1427,0.234,-0.008,-0.349,-0.018,0.114,-1.515,-0.041,-0.345,0.0225,1.0,0.999,1.392,0.166,2.556,0.313,track
3,1428,0.234,-0.009,-0.349,-0.018,0.114,-1.515,-0.041,-0.345,0.0225,1.0,0.999,1.392,0.166,2.557,0.298,track
3,1429,0.235,-0.009,-0.349,-0.018,0.114,-1.515,-0.041,-0.345,0.0225,1.0,0.999,1.392,0.166,2.557,0.217,track
3,1430,0.235,-0.009,-0.349,-0.018,0.114,-1.515,-0.041,-0.345,0.0225,1.0,0.999,1.392,0.166,2.557,0.214,track
3,1431,0.235,-0.009,-0.349,-0.018,0.114,-1.515,-0.041,-0.345,0.0225,1.0,1.0,1.392,0.166,2.557,0.167,track
3,1432,0.235,-0.01,-0.349,-0.018,0.114,-1.515,-0.041,-0.345,0.0225,1.0,1.0,1.392,0.166,2.558,0.132,track
3,1433,0.236,-0.01,-0.349,-0.018,0.114,-1.515,-0.04,-0.352,0.0215,1.0,1.0,1.372,0.163,2.535,0.085,track
3,1434,0.236,-0.01,-0.348,-0.018,0.114,-1.515,-0.04,-0.352,0.0215,1.0,0.999,1.372,0.163,2.534,0.183,track
3,1435,0.236,-0.01,-0.348,-0.018,0.114,-1.515,-0.06,-0.364,0.0225,1.0,0.999,1.329,0.166,2.494,0.306,track
3,1436,0.236,-0.01,-0.348,-0.018,0.114,-1.515,-0.104,-0.383,0.0234,1.0,0.995,1.247,0.168,2.41,0.539,track
3,1437,0.237,-0.01,-0.348,-0.018,0.114,-1.515,-0.098,-0.399,0.0225,1.0,0.996,1.204,0.166,2.366,0.454,track
3,1438,0.237,-0.011,-0.348,-0.018,0.114,-1.515,-0.098,-0.396,0.0205,1.0,0.998,1.214,0.161,2.373,0.253,track
3,1439,0.237,-0.011,-0.348,-0.018,0.114,-1.515,-0.086,-0.399,0.0205,1.0,0.997,1.214,0.161,2.372,0.33,track
3,1440,0.237,-0.011,-0.348,-0.018,0.114,-1.515,-0.088,-0.395,0.0215,1.0,0.998,1.224,0.163,2.385,0.339,track
3,1441,0.238,-0.011,-0.348,-0.018,0.114,-1.515,-0.053,-0.397,0.0254,1.0,0.997,1.237,0.173,2.408,0.38,track
3,1442,0.238,-0.011,-0.348,-0.018,0.114,-1.515,-0.012,-0.418,0.0254,1.0,0.998,1.183,0.173,2.354,0.388,track
3,1443,0.238,-0.011,-0.348,-0.018,0.114,-1.515,-0.042,-0.407,0.0264,1.0,0.998,1.209,0.176,2.384,0.312,track
3,1444,0.238,-0.011,-0.348,-0.018,0.114,-1.515,-0.055,-0.424,0.0234,1.0,0.998,1.154,0.168,2.32,0.317,track
3,1445,0.238,-0.011,-0.347,-0.018,0.114,-1.515,-0.039,-0.435,0.0234,1.0,0.998,1.129,0.168,2.295,0.353,track
3,1446,0.239,-0.012,-0.347,-0.018,0.114,-1.515,-0.034,-0.43,0.0234,1.0,0.999,1.145,0.168,2.313,0.245,track
3,1447,0.239,-0.012,-0.347,-0.018,0.114,-1.515,-0.045,-0.43,0.0244,1.0,0.999,1.142,0.171,2.311,0.137,track
3,1448,0.239,-0.012,-0.347,-0.018,0.114,-1.515,-0.045,-0.43,0.0244,1.0,0.999,1.142,0.171,2.311,0.146,track
3,1449,0.239,-0.012,-0.347,-0.018,0.114,-1.515,-0.065,-0.445,0.0254,1.0,0.999,1.091,0.173,2.263,0.127,track
3,1450,0.239,-0.012,-0.346,-0.018,0.114,-1.515,-0.072,-0.452,0.0244,1.0,0.999,1.065,0.171,2.235,0.072,track
3,1451,0.239,-0.012,-0.346,-0.018,0.114,-1.515,-0.089,-0.453,0.0234,1.0,0.998,1.055,0.168,2.222,0.066,track
3,1452,0.239,-0.012,-0.346,-0.018,0.114,-1.515,-0.107,-0.464,0.0234,1.0,0.999,1.014,0.168,2.182,0.129,track
3,1453,0.239,-0.011,-0.346,-0.018,0.114,-1.515,-0.095,-0.467,0.0225,1.0,0.997,1.011,0.166,2.173,0.207,track
3,1454,0.24,-0.011,-0.346,-0.018,0.114,-1.515,-0.098,-0.458,0.0205,1.0,0.998,1.035,0.161,2.193,0.343,track
3,1455,0.24,-0.011,-0.346,-0.018,0.114,-1.515,-0.098,-0.458,0.0205,1.0,0.997,1.035,0.161,2.192,0.368,track
3,1456,0.24,-0.011,-0.346,-0.018,0.114,-1.515,-0.091,-0.455,0.0215,1.0,0.998,1.05,0.163,2.21,0.381,track
3,1457,0.24,-0.011,-0.346,-0.018,0.114,-1.515,-0.091,-0.455,0.0215,1.0,0.997,1.05,0.163,2.21,0.362,track
3,1458,0.24,-0.011,-0.346,-0.018,0.114,-1.515,-0.091,-0.455,0.0215,1.0,0.998,1.05,0.163,2.211,0.364,track
3,1459,0.24,-0.011,-0.346,-0.018,0.114,-1.515,-0.12,-0.461,0.0234,1.0,0.997,1.013,0.168,2.178,0.391,track
3,1460,0.24,-0.011,-0.346,-0.018,0.114,-1.515,-0.12,-0.461,0.0234,1.0,0.999,1.013,0.168,2.18,0.277,track
3,1461,0.24,-0.01,-0.347,-0.018,0.114,-1.515,-0.12,-0.461,0.0234,1.0,0.999,1.013,0.168,2.18,0.093,track
3,1462,0.24,-0.01,-0.347,-0.018,0.114,-1.515,-0.109,-0.459,0.0225,1.0,0.999,1.025,0.166,2.19,0.053,track
3,1463,0.24,-0.01,-0.347,-0.018,0.114,-1.515,-0.091,-0.449,0.0215,1.0,0.999,1.066,0.163,2.228,0.093,track
3,1464,0.239,-0.01,-0.347,-0.018,0.114,-1.515,-0.122,-0.46,0.0215,1.0,0.998,1.013,0.163,2.174,0.116,track
3,1465,0.239,-0.009,-0.348,-0.018,0.114,-1.515,-0.08,-0.48,0.0215,1.0,0.998,0.983,0.163,2.144,0.223,track
3,1466,0.239,-0.009,-0.348,-0.018,0.114,-1.515,-0.08,-0.48,0.0215,1.0,0.997,0.983,0.163,2.143,0.405,track
3,1467,0.239,-0.009,-0.348,-0.018,0.114,-1.515,-0.044,-0.466,0.0195,1.0,0.996,1.038,0.158,2.192,0.497,track
3,1468,0.239,-0.009,-0.348,-0.018,0.114,-1.515,-0.062,-0.467,0.0205,1.0,0.993,1.027,0.161,2.181,0.654,track
3,1469,0.239,-0.008,-0.349,-0.018,0.114,-1.515,-0.038,-0.429,0.0225,1.0,0.994,1.145,0.166,2.305,0.693,track
3,1470,0.239,-0.008,-0.349,-0.018,0.114,-1.515,-0.078,-0.435,0.0234,1.0,0.992,1.113,0.168,2.274,0.71,track
3,1471,0.238,-0.008,-0.349,-0.018,0.114,-1.515,-0.035,-0.424,0.0225,1.0,0.994,1.162,0.166,2.322,0.685,track
3,1472,0.238,-0.007,-0.349,-0.018,0.114,-1.515,-0.06,-0.422,0.0234,1.0,0.995,1.16,0.168,2.323,0.62,track
3,1473,0.238,-0.007,-0.349,-0.018,0.114,-1.515,-0.021,-0.435,0.0205,1.0,0.996,1.134,0.161,2.29,0.563,track
3,1474,0.238,-0.007,-0.349,-0.018,0.114,-1.515,-0.012,-0.417,0.0205,1.0,0.998,1.188,0.161,2.346,0.459,track
3,1475,0.237,-0.006,-0.349,-0.018,0.114,-1.515,-0.015,-0.402,0.0244,1.0,0.998,1.229,0.171,2.398,0.355,track
3,1476,0.237,-0.006,-0.349,-0.018,0.114,-1.515,-0.048,-0.413,0.0254,1.0,0.998,1.189,0.173,2.36,0.343,track
3,1477,0.237,-0.006,-0.349,-0.018,0.114,-1.515,-0.062,-0.412,0.0264,1.0,0.997,1.188,0.176,2.361,0.482,track
3,1478,0.237,-0.005,-0.348,-0.018,0.114,-1.515,-0.08,-0.384,0.0215,1.0,0.997,1.262,0.163,2.423,0.495,track
3,1479,0.236,-0.005,-0.348,-0.018,0.114,-1.515,-0.073,-0.37,0.0234,1.0,0.997,1.306,0.168,2.471,0.401,track
3,1480,0.236,-0.004,-0.348,-0.018,0.114,-1.515,-0.045,-0.357,0.0205,1.0,0.998,1.356,0.161,2.515,0.234,track
3,1481,0.236,-0.004,-0.348,-0.018,0.114,-1.515,-0.072,-0.375,0.0244,1.0,0.997,1.291,0.171,2.459,0.299,track
3,1482,0.235,-0.004,-0.348,-0.018,0.114,-1.515,-0.09,-0.356,0.0225,1.0,1.0,1.335,0.166,2.5,0.312,track
3,1483,0.235,-0.003,-0.348,-0.018,0.114,-1.515,-0.119,-0.321,0.0215,1.0,0.997,1.407,0.163,2.567,0.26,track
3,1484,0.235,-0.003,-0.348,-0.018,0.114,-1.515,-0.108,-0.305,0.0244,1.0,0.996,1.461,0.171,2.628,0.27,track
3,1485,0.235,-0.003,-0.348,-0.018,0.114,-1.515,-0.083,-0.286,0.0234,1.0,0.996,1.531,0.168,2.695,0.323,track
3,1486,0.234,-0.003,-0.348,-0.018,0.114,-1.515,-0.111,-0.276,0.0215,1.0,0.995,1.535,0.163,2.693,0.404,track
3,1487,0.234,-0.002,-0.348,-0.018,0.114,-1.515,-0.089,-0.31,0.0205,1.0,0.995,1.465,0.161,2.621,0.369,track
3,1488,0.234,-0.002,-0.349,-0.018,0.114,-1.515,-0.128,-0.295,0.0244,1.0,0.997,1.467,0.171,2.635,0.553,track
3,1489,0.233,-0.002,-0.349,-0.018,0.114,-1.515,-0.133,-0.283,0.0225,1.0,0.997,1.492,0.166,2.656,0.451,track
3,1490,0.233,-0.001,-0.349,-0.018,0.114,-1.515,-0.098,-0.264,0.0225,1.0,0.998,1.578,0.166,2.742,0.277,track
3,1491,0.233,-0.001,-0.349,-0.018,0.114,-1.515,-0.107,-0.256,0.0205,1.0,0.995,1.588,0.161,2.744,0.335,track
3,1492,0.233,-0.001,-0.35,-0.018,0.114,-1.515,-0.057,-0.276,0.0234,1.0,0.996,1.576,0.168,2.74,0.424,track
3,1493,0.232,-0.001,-0.35,-0.018,0.114,-1.515,-0.06,-0.273,0.0234,1.0,0.998,1.581,0.168,2.747,0.366,track
3,1494,0.232,-0.001,-0.35,-0.018,0.114,-1.515,-0.06,-0.273,0.0234,1.0,0.997,1.581,0.168,2.746,0.284,track
3,1495,0.232,-0.0,-0.35,-0.018,0.114,-1.515,-0.06,-0.273,0.0234,1.0,0.998,1.581,0.168,2.747,0.366,track
3,1496,0.232,-0.0,-0.35,-0.018,0.114,-1.515,-0.06,-0.273,0.0234,1.0,0.997,1.581,0.168,2.746,0.397,track
3,1497,0.232,-0.0,-0.35,-0.018,0.114,-1.515,-0.06,-0.273,0.0234,1.0,0.996,1.581,0.168,2.746,0.475,track
3,1498,0.231,-0.0,-0.35,-0.018,0.114,-1.515,-0.06,-0.273,0.0234,1.0,0.996,1.581,0.168,2.746,0.501,track
3,1499,0.231,-0.0,-0.35,-0.018,0.114,-1.515,-0.06,-0.273,0.0234,1.0,0.996,1.581,0.168,2.745,0.53,track
3,1500,0.231,0.0,-0.351,-0.018,0.114,-1.515,-0.06,-0.273,0.0234,1.0,0.996,1.581,0.168,2.746,0.538,track
3,1501,0.231,0.0,-0.351,-0.018,0.114,-1.515,-0.046,-0.28,0.0225,1.0,0.996,1.571,0.166,2.732,0.546,track
3,1502,0.231,0.0,-0.351,-0.018,0.114,-1.515,-0.068,-0.253,0.0215,1.0,0.996,1.628,0.163,2.787,0.577,track
3,1503,0.231,0.0,-0.351,-0.018,0.114,-1.515,-0.068,-0.253,0.0215,1.0,0.993,1.628,0.163,2.784,0.701,track
3,1504,0.231,0.0,-0.351,-0.018,0.114,-1.515,-0.073,-0.255,0.0225,1.0,0.996,1.618,0.166,2.78,0.659,track
3,1505,0.231,0.0,-0.351,-0.018,0.114,-1.515,-0.06,-0.261,0.0215,1.0,0.996,1.612,0.163,2.772,0.507,track
3,1506,0.23,0.0,-0.351,-0.018,0.114,-1.515,-0.06,-0.261,0.0215,1.0,0.997,1.612,0.163,2.772,0.483,track
3,1507,0.23,-0.0,-0.351,-0.018,0.114,-1.515,-0.083,-0.235,0.0205,1.0,0.996,1.659,0.161,2.816,0.489,track
3,1508,0.23,-0.0,-0.351,-0.018,0.114,-1.515,-0.074,-0.23,0.0215,1.0,0.998,1.679,0.163,2.839,0.407,track
3,1509,0.23,-0.0,-0.351,-0.018,0.114,-1.515,-0.087,-0.226,0.0225,1.0,0.998,1.678,0.166,2.842,0.274,track
3,1510,0.23,-0.0,-0.351,-0.018,0.114,-1.515,-0.119,-0.22,0.0205,1.0,0.999,1.657,0.161,2.816,0.231,track
3,1511,0.23,-0.0,-0.351,-0.018,0.114,-1.515,-0.111,-0.213,0.0215,1.0,0.998,1.682,0.163,2.844,0.217,track
3,1512,0.23,-0.001,-0.351,-0.018,0.114,-1.515,-0.111,-0.213,0.0215,1.0,0.999,1.682,0.163,2.844,0.122,track
3,1513,0.23,-0.001,-0.351,-0.018,0.114,-1.515,-0.111,-0.213,0.0215,1.0,0.999,1.682,0.163,2.844,0.052,track
3,1514,0.23,-0.001,-0.351,-0.018,0.114,-1.515,-0.098,-0.217,0.0205,1.0,0.999,1.686,0.161,2.846,0.063,track
3,1515,0.23,-0.001,-0.352,-0.018,0.114,-1.515,-0.045,-0.232,0.0205,1.0,0.999,1.691,0.161,2.851,0.045,track
3,1516,0.23,-0.001,-0.352,-0.018,0.114,-1.515,-0.045,-0.232,0.0205,1.0,0.999,1.691,0.161,2.851,0.193,track
3,1517,0.231,-0.002,-0.352,-0.018,0.114,-1.515,-0.043,-0.259,0.0215,1.0,0.999,1.628,0.163,2.79,0.192,track
3,1518,0.231,-0.002,-0.352,-0.018,0.114,-1.515,-0.071,-0.25,0.0225,1.0,0.995,1.633,0.166,2.794,0.433,track
3,1519,0.231,-0.002,-0.352,-0.018,0.114,-1.515,-0.03,-0.28,0.0225,1.0,0.995,1.577,0.166,2.738,0.632,track
3,1520,0.231,-0.002,-0.352,-0.018,0.114,-1.515,-0.038,-0.28,0.0225,1.0,0.993,1.574,0.166,2.733,0.678,track
3,1521,0.231,-0.003,-0.352,-0.018,0.114,-1.515,0.02,-0.27,0.0215,1.0,0.995,1.606,0.163,2.763,0.685,track
3,1522,0.231,-0.003,-0.352,-0.018,0.114,-1.515,-0.008,-0.288,0.0244,1.0,0.998,1.561,0.171,2.729,0.512,track
3,1523,0.231,-0.003,-0.352,-0.018,0.114,-1.515,0.016,-0.305,0.0234,1.0,0.997,1.513,0.168,2.678,0.352,track
3,1524,0.232,-0.003,-0.351,-0.018,0.114,-1.515,0.031,-0.322,0.0195,1.0,0.999,1.461,0.158,2.619,0.225,track
3,1525,0.232,-0.004,-0.351,-0.018,0.114,-1.515,-0.021,-0.299,0.0234,1.0,0.998,1.526,0.168,2.692,0.221,track
3,1526,0.232,-0.004,-0.351,-0.018,0.114,-1.515,-0.036,-0.32,0.0234,1.0,1.0,1.464,0.168,2.632,0.283,track
3,1527,0.232,-0.004,-0.35,-0.018,0.114,-1.515,-0.07,-0.312,0.0244,1.0,0.995,1.47,0.171,2.636,0.336,track
3,1528,0.232,-0.005,-0.35,-0.018,0.114,-1.515,-0.06,-0.304,0.0225,1.0,0.997,1.499,0.166,2.662,0.452,track
3,1529,0.233,-0.005,-0.35,-0.018,0.114,-1.515,-0.045,-0.307,0.0215,1.0,0.998,1.499,0.163,2.66,0.419,track
3,1530,0.233,-0.005,-0.349,-0.018,0.114,-1.515,-0.05,-0.338,0.0244,1.0,0.997,1.41,0.171,2.578,0.444,track
3,1531,0.233,-0.006,-0.349,-0.018,0.114,-1.515,-0.041,-0.372,0.0225,1.0,0.992,1.313,0.166,2.471,0.689,track
3,1532,0.233,-0.006,-0.349,-0.018,0.114,-1.515,-0.039,-0.383,0.0234,1.0,0.995,1.283,0.168,2.446,0.565,track
3,1533,0.234,-0.006,-0.349,-0.018,0.114,-1.515,-0.07,-0.37,0.0254,1.0,0.994,1.307,0.173,2.474,0.474,track
3,1534,0.234,-0.007,-0.349,-0.018,0.114,-1.515,-0.062,-0.344,0.0234,1.0,0.996,1.387,0.168,2.551,0.546,track
3,1535,0.234,-0.007,-0.348,-0.018,0.114,-1.515,-0.062,-0.34,0.0244,1.0,0.999,1.397,0.171,2.567,0.408,track
3,1536,0.234,-0.007,-0.348,-0.018,0.114,-1.515,-0.07,-0.339,0.0254,1.0,0.999,1.396,0.173,2.569,0.259,track
3,1537,0.235,-0.007,-0.348,-0.018,0.114,-1.515,-0.041,-0.345,0.0225,1.0,1.0,1.392,0.166,2.557,0.222,track
3,1538,0.235,-0.008,-0.348,-0.018,0.114,-1.515,-0.041,-0.345,0.0225,1.0,0.999,1.392,0.166,2.557,0.164,track
3,1539,0.235,-0.008,-0.348,-0.018,0.114,-1.515,-0.021,-0.354,0.0234,1.0,0.999,1.371,0.168,2.539,0.19,track
3,1540,0.235,-0.008,-0.348,-0.018,0.114,-1.515,-0.04,-0.352,0.0215,1.0,0.999,1.372,0.163,2.534,0.222,track
3,1541,0.236,-0.008,-0.348,-0.018,0.114,-1.515,-0.04,-0.352,0.0215,1.0,0.999,1.372,0.163,2.533,0.31,track
3,1542,0.236,-0.009,-0.348,-0.018,0.114,-1.515,-0.04,-0.352,0.0215,1.0,0.997,1.372,0.163,2.532,0.43,track
3,1543,0.236,-0.009,-0.347,-0.018,0.114,-1.515,-0.04,-0.352,0.0215,1.0,0.997,1.372,0.163,2.532,0.515,track
3,1544,0.236,-0.009,-0.347,-0.018,0.114,-1.515,-0.04,-0.352,0.0215,1.0,0.997,1.372,0.163,2.531,0.535,track
3,1545,0.237,-0.009,-0.347,-0.018,0.114,-1.515,-0.095,-0.383,0.0225,1.0,0.997,1.253,0.166,2.416,0.515,track
3,1546,0.237,-0.009,-0.347,-0.018,0.114,-1.515,-0.11,-0.4,0.0244,1.0,0.991,1.193,0.171,2.355,0.738,track
3,1547,0.237,-0.01,-0.347,-0.018,0.114,-1.515,-0.113,-0.405,0.0205,1.0,0.996,1.177,0.161,2.334,0.56,track
3,1548,0.237,-0.01,-0.347,-0.018,0.114,-1.515,-0.091,-0.392,0.0215,1.0,0.998,1.23,0.163,2.391,0.296,track
3,1549,0.238,-0.01,-0.346,-0.018,0.114,-1.515,-0.065,-0.405,0.0225,1.0,0.996,1.208,0.166,2.369,0.465,track
3,1550,0.238,-0.01,-0.346,-0.018,0.114,-1.515,-0.053,-0.397,0.0254,1.0,0.996,1.237,0.173,2.406,0.552,track
3,1551,0.238,-0.01,-0.346,-0.018,0.114,-1.515,-0.06,-0.396,0.0264,1.0,0.996,1.236,0.176,2.409,0.585,track
3,1552,0.238,-0.01,-0.346,-0.018,0.114,-1.515,-0.049,-0.397,0.0273,1.0,0.995,1.237,0.179,2.41,0.625,track
3,1553,0.239,-0.01,-0.346,-0.018,0.114,-1.515,-0.041,-0.413,0.0254,1.0,0.997,1.192,0.173,2.362,0.594,track
3,1554,0.239,-0.01,-0.346,-0.018,0.114,-1.515,-0.038,-0.42,0.0244,1.0,0.994,1.173,0.171,2.338,0.624,track
3,1555,0.239,-0.011,-0.346,-0.018,0.114,-1.515,-0.041,-0.408,0.0225,1.0,0.997,1.209,0.166,2.372,0.615,track
3,1556,0.239,-0.011,-0.346,-0.018,0.114,-1.515,-0.057,-0.411,0.0234,1.0,0.996,1.192,0.168,2.356,0.486,track
3,1557,0.239,-0.011,-0.346,-0.018,0.114,-1.515,-0.057,-0.411,0.0234,1.0,0.998,1.192,0.168,2.358,0.425,track
3,1558,0.239,-0.011,-0.346,-0.018,0.114,-1.515,-0.057,-0.411,0.0234,1.0,0.998,1.192,0.168,2.358,0.365,track
3,1559,0.24,-0.011,-0.346,-0.018,0.114,-1.515,-0.057,-0.411,0.0234,1.0,0.998,1.192,0.168,2.358,0.409,track
3,1560,0.24,-0.011,-0.346,-0.018,0.114,-1.515,-0.057,-0.411,0.0234,1.0,0.997,1.192,0.168,2.357,0.441,track
3,1561,0.24,-0.011,-0.346,-0.018,0.114,-1.515,-0.046,-0.43,0.0254,1.0,0.997,1.14,0.173,2.311,0.457,track
3,1562,0.24,-0.011,-0.345,-0.018,0.114,-1.515,-0.046,-0.446,0.0225,1.0,0.995,1.095,0.166,2.256,0.579,track
3,1563,0.24,-0.011,-0.345,-0.018,0.114,-1.515,-0.022,-0.45,0.0244,1.0,0.998,1.088,0.171,2.256,0.558,track
3,1564,0.24,-0.011,-0.345,-0.018,0.114,-1.515,-0.043,-0.464,0.0254,1.0,0.996,1.043,0.173,2.213,0.491,track
3,1565,0.24,-0.01,-0.345,-0.018,0.114,-1.515,-0.055,-0.471,0.0234,1.0,0.998,1.018,0.168,2.184,0.399,track
3,1566,0.24,-0.01,-0.345,-0.018,0.114,-1.515,-0.08,-0.48,0.0215,1.0,0.996,0.983,0.163,2.142,0.385,track
3,1567,0.24,-0.01,-0.344,-0.018,0.114,-1.515,-0.089,-0.479,0.0234,1.0,0.997,0.981,0.168,2.147,0.418,track
3,1568,0.24,-0.01,-0.344,-0.018,0.114,-1.515,-0.095,-0.482,0.0244,1.0,0.997,0.968,0.171,2.136,0.392,track
3,1569,0.24,-0.01,-0.344,-0.018,0.114,-1.515,-0.102,-0.465,0.0244,1.0,0.997,1.013,0.171,2.181,0.4,track
3,1570,0.24,-0.01,-0.344,-0.018,0.114,-1.515,-0.102,-0.465,0.0244,1.0,0.998,1.013,0.171,2.182,0.346,track
3,1571,0.24,-0.01,-0.344,-0.018,0.114,-1.515,-0.102,-0.465,0.0244,1.0,0.998,1.013,0.171,2.182,0.232,track
3,1572,0.24,-0.01,-0.344,-0.018,0.114,-1.515,-0.102,-0.465,0.0244,1.0,0.998,1.013,0.171,2.182,0.219,track
3,1573,0.24,-0.009,-0.344,-0.018,0.114,-1.515,-0.102,-0.465,0.0244,1.0,0.999,1.013,0.171,2.182,0.183,track
3,1574,0.24,-0.009,-0.344,-0.018,0.114,-1.515,-0.102,-0.465,0.0244,1.0,0.998,1.013,0.171,2.182,0.183,track
3,1575,0.24,-0.009,-0.345,-0.018,0.114,-1.515,-0.07,-0.485,0.0244,1.0,0.999,0.973,0.171,2.143,0.197,track
3,1576,0.24,-0.009,-0.345,-0.018,0.114,-1.515,-0.094,-0.464,0.0234,1.0,0.998,1.022,0.168,2.189,0.223,track
3,1577,0.24,-0.008,-0.345,-0.018,0.114,-1.515,-0.077,-0.478,0.0254,1.0,0.997,0.989,0.173,2.159,0.322,track
3,1578,0.24,-0.008,-0.345,-0.018,0.114,-1.515,-0.057,-0.479,0.0234,1.0,0.997,0.995,0.168,2.16,0.432,track
3,1579,0.24,-0.008,-0.345,-0.018,0.114,-1.515,-0.062,-0.484,0.0225,1.0,0.995,0.98,0.166,2.141,0.535,track
3,1580,0.239,-0.007,-0.345,-0.018,0.114,-1.515,-0.062,-0.467,0.0205,1.0,0.995,1.027,0.161,2.182,0.613,track
3,1581,0.239,-0.007,-0.346,-0.018,0.114,-1.515,-0.051,-0.443,0.0215,1.0,0.995,1.101,0.163,2.259,0.637,track
3,1582,0.239,-0.007,-0.346,-0.018,0.114,-1.515,-0.07,-0.432,0.0244,1.0,0.996,1.124,0.171,2.292,0.467,track
3,1583,0.239,-0.006,-0.346,-0.018,0.114,-1.515,-0.083,-0.435,0.0264,1.0,0.998,1.11,0.176,2.284,0.372,track
3,1584,0.239,-0.006,-0.346,-0.018,0.114,-1.515,-0.036,-0.419,0.0234,1.0,0.998,1.176,0.168,2.342,0.362,track
3,1585,0.238,-0.006,-0.346,-0.018,0.114,-1.515,-0.036,-0.438,0.0254,1.0,0.993,1.122,0.173,2.289,0.561,track
3,1586,0.238,-0.005,-0.346,-0.018,0.114,-1.515,0.005,-0.438,0.0225,1.0,0.995,1.126,0.166,2.287,0.68,track
3,1587,0.238,-0.005,-0.346,-0.018,0.114,-1.515,-0.019,-0.433,0.0254,1.0,0.996,1.139,0.173,2.308,0.598,track
3,1588,0.237,-0.005,-0.346,-0.018,0.114,-1.515,-0.039,-0.407,0.0264,1.0,0.995,1.21,0.176,2.382,0.587,track
3,1589,0.237,-0.004,-0.346,-0.018,0.114,-1.515,-0.048,-0.413,0.0254,1.0,0.995,1.189,0.173,2.358,0.619,track
3,1590,0.237,-0.004,-0.346,-0.018,0.114,-1.515,-0.072,-0.413,0.0254,1.0,0.997,1.179,0.173,2.349,0.571,track
3,1591,0.237,-0.003,-0.345,-0.018,0.114,-1.515,-0.065,-0.407,0.0264,1.0,0.998,1.2,0.176,2.374,0.504,track
3,1592,0.236,-0.003,-0.345,-0.018,0.114,-1.515,-0.073,-0.37,0.0234,1.0,0.999,1.306,0.168,2.473,0.407,track
3,1593,0.236,-0.003,-0.345,-0.018,0.114,-1.515,-0.078,-0.362,0.0234,1.0,0.992,1.325,0.168,2.486,0.547,track
3,1594,0.236,-0.002,-0.345,-0.018,0.114,-1.515,-0.049,-0.365,0.0234,1.0,0.996,1.332,0.168,2.497,0.589,track
3,1595,0.235,-0.002,-0.345,-0.018,0.114,-1.515,-0.095,-0.34,0.0244,1.0,0.997,1.376,0.171,2.544,0.452,track
3,1596,0.235,-0.002,-0.345,-0.018,0.114,-1.515,-0.148,-0.32,0.0244,1.0,0.996,1.378,0.171,2.545,0.419,track
3,1597,0.235,-0.001,-0.345,-0.018,0.114,-1.515,-0.079,-0.299,0.0225,1.0,0.997,1.502,0.166,2.664,0.438,track
3,1598,0.234,-0.001,-0.345,-0.018,0.114,-1.515,-0.084,-0.291,0.0225,1.0,0.996,1.519,0.166,2.681,0.299,track
3,1599,0.234,-0.001,-0.346,-0.018,0.114,-1.515,-0.085,-0.322,0.0244,1.0,0.996,1.433,0.171,2.599,0.105,track
3,1600,0.234,-0.0,-0.346,-0.018,0.114,-1.515,-0.098,-0.33,0.0244,1.0,0.998,1.402,0.171,2.571,0.344,track
3,1601,0.233,0.0,-0.346,-0.018,0.114,-1.515,-0.078,-0.326,0.0234,1.0,0.998,1.429,0.168,2.595,0.342,track
3,1602,0.233,0.0,-0.346,-0.018,0.114,-1.515,-0.078,-0.326,0.0234,1.0,0.999,1.429,0.168,2.596,0.324,track
3,1603,0.233,0.001,-0.346,-0.018,0.114,-1.515,-0.11,-0.328,0.0244,1.0,0.998,1.398,0.171,2.567,0.298,track
3,1604,0.232,0.001,-0.346,-0.018,0.114,-1.515,-0.09,-0.32,0.0244,1.0,0.997,1.436,0.171,2.604,0.378,track
3,1605,0.232,0.001,-0.346,-0.018,0.114,-1.515,-0.094,-0.326,0.0234,1.0,0.996,1.417,0.168,2.582,0.506,track
3,1606,0.232,0.001,-0.347,-0.018,0.114,-1.515,-0.09,-0.315,0.0244,1.0,0.997,1.449,0.171,2.618,0.509,track
3,1607,0.231,0.002,-0.347,-0.018,0.114,-1.515,-0.09,-0.315,0.0244,1.0,0.997,1.449,0.171,2.617,0.499,track
3,1608,0.231,0.002,-0.347,-0.018,0.114,-1.515,-0.109,-0.307,0.0234,1.0,0.997,1.453,0.168,2.619,0.478,track
3,1609,0.231,0.002,-0.347,-0.018,0.114,-1.515,-0.073,-0.299,0.0234,1.0,0.998,1.504,0.168,2.67,0.426,track
3,1610,0.231,0.002,-0.347,-0.018,0.114,-1.515,-0.072,-0.285,0.0244,1.0,0.998,1.543,0.171,2.712,0.375,track
3,1611,0.23,0.002,-0.348,-0.018,0.114,-1.515,-0.065,-0.291,0.0225,1.0,0.997,1.532,0.166,2.695,0.359,track
3,1612,0.23,0.003,-0.348,-0.018,0.114,-1.515,-0.065,-0.291,0.0225,1.0,0.996,1.532,0.166,2.694,0.496,track
3,1613,0.23,0.003,-0.348,-0.018,0.114,-1.515,-0.068,-0.281,0.0234,1.0,0.996,1.556,0.168,2.72,0.518,track
3,1614,0.23,0.003,-0.348,-0.018,0.114,-1.515,-0.055,-0.284,0.0234,1.0,0.997,1.557,0.168,2.721,0.484,track
3,1615,0.229,0.003,-0.348,-0.018,0.114,-1.515,-0.055,-0.284,0.0234,1.0,0.997,1.557,0.168,2.722,0.45,track
3,1616,0.229,0.003,-0.348,-0.018,0.114,-1.515,-0.045,-0.28,0.0244,1.0,0.996,1.571,0.171,2.738,0.489,track
3,1617,0.229,0.003,-0.348,-0.018,0.114,-1.515,-0.06,-0.273,0.0234,1.0,0.996,1.581,0.168,2.745,0.537,track
3,1618,0.229,0.003,-0.349,-0.018,0.114,-1.515,-0.06,-0.273,0.0234,1.0,0.996,1.581,0.168,2.746,0.523,track
3,1619,0.229,0.003,-0.349,-0.018,0.114,-1.515,-0.06,-0.273,0.0234,1.0,0.996,1.581,0.168,2.745,0.502,track
3,1620,0.228,0.003,-0.349,-0.018,0.114,-1.515,-0.06,-0.273,0.0234,1.0,0.997,1.581,0.168,2.746,0.499,track
3,1621,0.228,0.003,-0.349,-0.018,0.114,-1.515,-0.071,-0.274,0.0225,1.0,0.996,1.572,0.166,2.733,0.508,track
3,1622,0.228,0.003,-0.349,-0.018,0.114,-1.515,-0.071,-0.274,0.0225,1.0,0.997,1.572,0.166,2.734,0.517,track
3,1623,0.228,0.003,-0.349,-0.018,0.114,-1.515,-0.071,-0.274,0.0225,1.0,0.996,1.572,0.166,2.733,0.521,track
3,1624,0.228,0.003,-0.349,-0.018,0.114,-1.515,-0.094,-0.247,0.0215,1.0,0.997,1.622,0.163,2.782,0.508,track
3,1625,0.228,0.003,-0.349,-0.018,0.114,-1.515,-0.05,-0.268,0.0244,1.0,0.994,1.602,0.171,2.766,0.604,track
3,1626,0.228,0.003,-0.349,-0.018,0.114,-1.515,-0.05,-0.268,0.0244,1.0,0.996,1.602,0.171,2.768,0.672,track
3,1627,0.228,0.003,-0.349,-0.018,0.114,-1.515,-0.07,-0.247,0.0234,1.0,0.996,1.64,0.168,2.804,0.566,track
3,1628,0.228,0.003,-0.349,-0.018,0.114,-1.515,-0.102,-0.224,0.0215,1.0,0.998,1.666,0.163,2.827,0.466,track
3,1629,0.227,0.003,-0.349,-0.018,0.114,-1.515,-0.082,-0.241,0.0215,1.0,0.996,1.645,0.163,2.805,0.41,track
3,1630,0.227,0.003,-0.349,-0.018,0.114,-1.515,-0.082,-0.241,0.0215,1.0,0.997,1.645,0.163,2.806,0.496,track
3,1631,0.227,0.002,-0.349,-0.018,0.114,-1.515,-0.107,-0.217,0.0205,1.0,0.996,1.677,0.161,2.834,0.502,track
3,1632,0.227,0.002,-0.35,-0.018,0.114,-1.515,-0.114,-0.21,0.0215,1.0,0.998,1.685,0.163,2.846,0.358,track
3,1633,0.227,0.002,-0.35,-0.018,0.114,-1.515,-0.08,-0.21,0.0215,1.0,0.998,1.719,0.163,2.88,0.257,track
3,1634,0.227,0.002,-0.35,-0.018,0.114,-1.515,-0.075,-0.219,0.0195,1.0,0.999,1.704,0.158,2.861,0.225,track
3,1635,0.227,0.002,-0.35,-0.018,0.114,-1.515,-0.075,-0.219,0.0195,1.0,0.999,1.704,0.158,2.86,0.132,track
3,1636,0.227,0.002,-0.35,-0.018,0.114,-1.515,-0.075,-0.219,0.0195,1.0,0.999,1.704,0.158,2.86,0.157,track
3,1637,0.227,0.001,-0.351,-0.018,0.114,-1.515,-0.075,-0.219,0.0195,1.0,0.999,1.704,0.158,2.86,0.175,track
3,1638,0.228,0.001,-0.351,-0.018,0.114,-1.515,-0.062,-0.222,0.0215,1.0,0.999,1.706,0.163,2.868,0.158,track
3,1639,0.228,0.001,-0.351,-0.018,0.114,-1.515,-0.076,-0.219,0.0234,1.0,0.999,1.703,0.168,2.87,0.114,track
3,1640,0.228,0.0,-0.351,-0.018,0.114,-1.515,-0.019,-0.239,0.0225,1.0,0.999,1.683,0.166,2.848,0.128,track
3,1641,0.228,0.0,-0.351,-0.018,0.114,-1.515,-0.049,-0.25,0.0225,1.0,0.998,1.646,0.166,2.809,0.198,track
3,1642,0.228,-0.0,-0.351,-0.018,0.114,-1.515,-0.054,-0.255,0.0225,1.0,0.999,1.63,0.166,2.795,0.212,track
3,1643,0.228,-0.0,-0.351,-0.018,0.114,-1.515,-0.034,-0.261,0.0215,1.0,0.998,1.624,0.163,2.785,0.202,track
3,1644,0.228,-0.001,-0.351,-0.018,0.114,-1.515,-0.012,-0.268,0.0244,1.0,0.999,1.613,0.171,2.783,0.176,track
3,1645,0.228,-0.001,-0.35,-0.018,0.114,-1.515,0.0,-0.268,0.0234,1.0,0.997,1.612,0.168,2.777,0.309,track
3,1646,0.229,-0.002,-0.35,-0.018,0.114,-1.515,-0.018,-0.286,0.0234,1.0,0.996,1.562,0.168,2.727,0.488,track
3,1647,0.229,-0.002,-0.35,-0.018,0.114,-1.515,-0.003,-0.291,0.0225,1.0,0.993,1.552,0.166,2.711,0.697,track
3,1648,0.229,-0.002,-0.35,-0.018,0.114,-1.515,-0.006,-0.312,0.0205,1.0,0.995,1.492,0.161,2.647,0.727,track
3,1649,0.229,-0.003,-0.35,-0.018,0.114,-1.515,-0.01,-0.307,0.0234,1.0,0.993,1.506,0.168,2.667,0.715,track
3,1650,0.23,-0.003,-0.35,-0.018,0.114,-1.515,-0.048,-0.302,0.0244,1.0,0.995,1.51,0.171,2.675,0.725,track
3,1651,0.23,-0.003,-0.349,-0.018,0.114,-1.515,-0.034,-0.302,0.0234,1.0,0.996,1.516,0.168,2.68,0.647,track
3,1652,0.23,-0.004,-0.349,-0.018,0.114,-1.515,-0.03,-0.305,0.0244,1.0,0.995,1.509,0.171,2.675,0.636,track
3,1653,0.23,-0.004,-0.349,-0.018,0.114,-1.515,-0.035,-0.315,0.0244,1.0,0.997,1.48,0.171,2.647,0.584,track
3,1654,0.231,-0.005,-0.349,-0.018,0.114,-1.515,-0.055,-0.315,0.0244,1.0,0.997,1.472,0.171,2.639,0.466,track
3,1655,0.231,-0.005,-0.349,-0.018,0.114,-1.515,-0.003,-0.353,0.0225,1.0,0.998,1.375,0.166,2.539,0.417,track
3,1656,0.231,-0.005,-0.349,-0.018,0.114,-1.515,-0.08,-0.355,0.0215,1.0,0.995,1.344,0.163,2.502,0.429,track
3,1657,0.231,-0.006,-0.348,-0.018,0.114,-1.515,-0.113,-0.342,0.0205,1.0,0.998,1.354,0.161,2.513,0.436,track
3,1658,0.232,-0.006,-0.348,-0.018,0.114,-1.515,-0.091,-0.33,0.0215,1.0,0.997,1.409,0.163,2.568,0.392,track
3,1659,0.232,-0.006,-0.348,-0.018,0.114,-1.515,-0.074,-0.335,0.0215,1.0,0.999,1.404,0.163,2.567,0.358,track
3,1660,0.232,-0.007,-0.348,-0.018,0.114,-1.515,-0.076,-0.332,0.0225,1.0,0.998,1.413,0.166,2.577,0.268,track
3,1661,0.233,-0.007,-0.348,-0.018,0.114,-1.515,-0.055,-0.341,0.0234,1.0,0.998,1.398,0.168,2.564,0.364,track
3,1662,0.233,-0.007,-0.348,-0.018,0.114,-1.515,-0.044,-0.336,0.0234,1.0,0.996,1.417,0.168,2.582,0.497,track
3,1663,0.233,-0.008,-0.348,-0.018,0.114,-1.515,-0.07,-0.354,0.0234,1.0,0.996,1.353,0.168,2.517,0.597,track
3,1664,0.234,-0.008,-0.348,-0.018,0.114,-1.515,-0.04,-0.365,0.0244,1.0,0.993,1.335,0.171,2.498,0.733,track
3,1665,0.234,-0.008,-0.348,-0.018,0.114,-1.515,-0.016,-0.361,0.0225,1.0,0.997,1.351,0.166,2.513,0.665,track
3,1666,0.234,-0.009,-0.348,-0.018,0.114,-1.515,-0.045,-0.368,0.0244,1.0,0.998,1.326,0.171,2.494,0.432,track
3,1667,0.234,-0.009,-0.348,-0.018,0.114,-1.515,-0.065,-0.382,0.0254,1.0,0.999,1.274,0.173,2.446,0.346,track
3,1668,0.235,-0.009,-0.348,-0.018,0.114,-1.515,-0.119,-0.392,0.0215,1.0,0.998,1.208,0.163,2.369,0.25,track
3,1669,0.235,-0.009,-0.348,-0.018,0.114,-1.515,-0.098,-0.396,0.0205,1.0,0.998,1.214,0.161,2.373,0.227,track
3,1670,0.235,-0.01,-0.348,-0.018,0.114,-1.515,-0.057,-0.426,0.0215,1.0,0.999,1.149,0.163,2.311,0.149,track
3,1671,0.236,-0.01,-0.348,-0.018,0.114,-1.515,-0.03,-0.428,0.0264,1.0,0.995,1.151,0.176,2.321,0.341,track
3,1672,0.236,-0.01,-0.347,-0.018,0.114,-1.515,-0.01,-0.418,0.0254,1.0,0.996,1.183,0.173,2.353,0.532,track
3,1673,0.236,-0.01,-0.347,-0.018,0.114,-1.515,-0.025,-0.424,0.0264,1.0,0.996,1.165,0.176,2.337,0.52,track
3,1674,0.236,-0.011,-0.347,-0.018,0.114,-1.515,-0.029,-0.443,0.0234,1.0,0.998,1.108,0.168,2.274,0.435,track
3,1675,0.236,-0.011,-0.347,-0.018,0.114,-1.515,-0.035,-0.45,0.0244,1.0,0.994,1.085,0.171,2.25,0.521,track
3,1676,0.237,-0.011,-0.347,-0.018,0.114,-1.515,-0.022,-0.452,0.0254,1.0,0.997,1.082,0.173,2.252,0.58,track
3,1677,0.237,-0.011,-0.346,-0.018,0.114,-1.515,-0.042,-0.465,0.0264,1.0,0.995,1.039,0.176,2.211,0.531,track
3,1678,0.237,-0.011,-0.346,-0.018,0.114,-1.515,-0.075,-0.452,0.0244,1.0,0.997,1.064,0.171,2.232,0.444,track
3,1679,0.237,-0.011,-0.346,-0.018,0.114,-1.515,-0.077,-0.457,0.0215,1.0,0.997,1.049,0.163,2.209,0.35,track
3,1680,0.237,-0.011,-0.345,-0.018,0.114,-1.515,-0.082,-0.454,0.0225,1.0,0.997,1.057,0.166,2.219,0.388,track
3,1681,0.238,-0.011,-0.345,-0.018,0.114,-1.515,-0.074,-0.46,0.0215,1.0,0.997,1.042,0.163,2.202,0.36,track
3,1682,0.238,-0.011,-0.345,-0.018,0.114,-1.515,-0.074,-0.46,0.0215,1.0,0.997,1.042,0.163,2.203,0.35,track
3,1683,0.238,-0.011,-0.345,-0.018,0.114,-1.515,-0.074,-0.46,0.0215,1.0,0.997,1.042,0.163,2.202,0.361,track
3,1684,0.238,-0.011,-0.345,-0.018,0.114,-1.515,-0.074,-0.46,0.0215,1.0,0.997,1.042,0.163,2.203,0.378,track
3,1685,0.238,-0.011,-0.345,-0.018,0.114,-1.515,-0.074,-0.46,0.0215,1.0,0.996,1.042,0.163,2.202,0.407,track
3,1686,0.238,-0.011,-0.345,-0.018,0.114,-1.515,-0.074,-0.46,0.0215,1.0,0.997,1.042,0.163,2.202,0.444,track
3,1687,0.238,-0.011,-0.345,-0.018,0.114,-1.515,-0.077,-0.46,0.0215,1.0,0.996,1.041,0.163,2.2,0.479,track
3,1688,0.238,-0.011,-0.345,-0.018,0.114,-1.515,-0.077,-0.46,0.0215,1.0,0.997,1.041,0.163,2.201,0.496,track
3,1689,0.238,-0.011,-0.345,-0.018,0.114,-1.515,-0.116,-0.466,0.0215,1.0,0.996,1.001,0.163,2.16,0.506,track
3,1690,0.238,-0.011,-0.345,-0.018,0.114,-1.515,-0.12,-0.461,0.0234,1.0,0.999,1.013,0.168,2.18,0.361,track
3,1691,0.238,-0.01,-0.345,-0.018,0.114,-1.515,-0.12,-0.461,0.0234,1.0,0.998,1.013,0.168,2.18,0.142,track
3,1692,0.238,-0.01,-0.345,-0.018,0.114,-1.515,-0.12,-0.461,0.0234,1.0,0.999,1.013,0.168,2.18,0.105,track
3,1693,0.238,-0.01,-0.345,-0.018,0.114,-1.515,-0.12,-0.461,0.0234,1.0,0.999,1.013,0.168,2.18,0.099,track
3,1694,0.238,-0.01,-0.345,-0.018,0.114,-1.515,-0.116,-0.463,0.0215,1.0,0.999,1.009,0.163,2.171,0.093,track
3,1695,0.238,-0.01,-0.346,-0.018,0.114,-1.515,-0.119,-0.46,0.0215,1.0,0.999,1.015,0.163,2.177,0.057,track
3,1696,0.238,-0.009,-0.346,-0.018,0.114,-1.515,-0.122,-0.46,0.0215,1.0,0.999,1.013,0.163,2.175,0.063,track
3,1697,0.238,-0.009,-0.346,-0.018,0.114,-1.515,-0.08,-0.48,0.0215,1.0,0.999,0.983,0.163,2.145,0.085,track
3,1698,0.238,-0.009,-0.347,-0.018,0.114,-1.515,-0.08,-0.48,0.0215,1.0,0.999,0.983,0.163,2.145,0.141,track
3,1699,0.237,-0.009,-0.347,-0.018,0.114,-1.515,-0.08,-0.48,0.0215,1.0,0.999,0.983,0.163,2.144,0.194,track
3,1700,0.237,-0.008,-0.347,-0.018,0.114,-1.515,-0.044,-0.466,0.0195,1.0,0.999,1.038,0.158,2.194,0.192,track
3,1701,0.237,-0.008,-0.347,-0.018,0.114,-1.515,-0.054,-0.448,0.0225,1.0,0.998,1.085,0.166,2.248,0.183,track
3,1702,0.237,-0.008,-0.348,-0.018,0.114,-1.515,-0.013,-0.435,0.0234,1.0,0.998,1.133,0.168,2.299,0.116,track
3,1703,0.237,-0.007,-0.348,-0.018,0.114,-1.515,-0.048,-0.435,0.0254,1.0,0.996,1.126,0.173,2.295,0.28,track
3,1704,0.236,-0.007,-0.348,-0.018,0.114,-1.515,-0.026,-0.424,0.0234,1.0,0.996,1.162,0.168,2.327,0.411,track
3,1705,0.236,-0.006,-0.348,-0.018,0.114,-1.515,0.016,-0.43,0.0234,1.0,0.995,1.149,0.168,2.311,0.563,track
3,1706,0.236,-0.006,-0.348,-0.018,0.114,-1.515,0.016,-0.43,0.0234,1.0,0.996,1.149,0.168,2.313,0.563,track
3,1707,0.236,-0.006,-0.347,-0.018,0.114,-1.515,-0.044,-0.422,0.0234,1.0,0.997,1.166,0.168,2.331,0.493,track
3,1708,0.235,-0.005,-0.347,-0.018,0.114,-1.515,0.0,-0.393,0.0234,1.0,0.995,1.258,0.168,2.421,0.542,track
3,1709,0.235,-0.005,-0.347,-0.018,0.114,-1.515,-0.044,-0.375,0.0234,1.0,0.992,1.304,0.168,2.464,0.712,track
3,1710,0.235,-0.005,-0.347,-0.018,0.114,-1.515,-0.06,-0.368,0.0244,1.0,0.995,1.319,0.171,2.485,0.621,track
3,1711,0.234,-0.004,-0.347,-0.018,0.114,-1.515,-0.027,-0.38,0.0225,1.0,0.996,1.293,0.166,2.454,0.532,track
3,1712,0.234,-0.004,-0.347,-0.018,0.114,-1.515,-0.072,-0.375,0.0244,1.0,0.998,1.291,0.171,2.46,0.501,track
3,1713,0.234,-0.003,-0.346,-0.018,0.114,-1.515,-0.088,-0.358,0.0244,1.0,0.997,1.332,0.171,2.5,0.48,track
3,1714,0.234,-0.003,-0.346,-0.018,0.114,-1.515,-0.103,-0.321,0.0225,1.0,0.998,1.423,0.166,2.587,0.433,track
3,1715,0.233,-0.003,-0.346,-0.018,0.114,-1.515,-0.12,-0.305,0.0234,1.0,0.992,1.45,0.168,2.61,0.545,track
3,1716,0.233,-0.002,-0.346,-0.018,0.114,-1.515,-0.09,-0.28,0.0225,1.0,0.997,1.543,0.166,2.706,0.532,track
3,1717,0.233,-0.002,-0.346,-0.018,0.114,-1.515,-0.112,-0.279,0.0234,1.0,0.99,1.526,0.168,2.685,0.543,track
3,1718,0.232,-0.002,-0.346,-0.018,0.114,-1.515,-0.081,-0.276,0.0234,1.0,0.996,1.56,0.168,2.725,0.594,track
3,1719,0.232,-0.001,-0.346,-0.018,0.114,-1.515,-0.156,-0.26,0.0234,1.0,0.995,1.517,0.168,2.68,0.444,track
3,1720,0.232,-0.001,-0.347,-0.018,0.114,-1.515,-0.079,-0.236,0.0225,1.0,0.997,1.66,0.166,2.822,0.391,track
3,1721,0.231,-0.001,-0.347,-0.018,0.114,-1.515,-0.052,-0.253,0.0225,1.0,0.993,1.638,0.166,2.796,0.465,track
3,1722,0.231,-0.001,-0.347,-0.018,0.114,-1.515,-0.062,-0.262,0.0264,1.0,0.994,1.61,0.176,2.78,0.68,track
3,1723,0.231,-0.0,-0.347,-0.018,0.114,-1.515,-0.058,-0.267,0.0254,1.0,0.997,1.599,0.173,2.77,0.529,track
3,1724,0.231,-0.0,-0.348,-0.018,0.114,-1.515,-0.055,-0.284,0.0254,1.0,0.996,1.557,0.173,2.726,0.429,track
3,1725,0.23,0.0,-0.348,-0.018,0.114,-1.515,-0.072,-0.286,0.0254,1.0,0.996,1.54,0.173,2.71,0.479,track
3,1726,0.23,0.0,-0.348,-0.018,0.114,-1.515,-0.055,-0.285,0.0244,1.0,0.996,1.553,0.171,2.72,0.42,track
3,1727,0.23,0.0,-0.348,-0.018,0.114,-1.515,-0.049,-0.294,0.0234,1.0,0.996,1.531,0.168,2.695,0.532,track
3,1728,0.23,0.001,-0.348,-0.018,0.114,-1.515,-0.06,-0.273,0.0234,1.0,0.994,1.581,0.168,2.744,0.607,track
3,1729,0.23,0.001,-0.348,-0.018,0.114,-1.515,-0.06,-0.273,0.0234,1.0,0.994,1.581,0.168,2.743,0.729,track
3,1730,0.23,0.001,-0.348,-0.018,0.114,-1.515,-0.094,-0.247,0.0215,1.0,0.996,1.622,0.163,2.78,0.668,track
3,1731,0.229,0.001,-0.348,-0.018,0.114,-1.515,-0.052,-0.276,0.0234,1.0,0.994,1.578,0.168,2.741,0.663,track
3,1732,0.229,0.001,-0.348,-0.018,0.114,-1.515,-0.058,-0.268,0.0244,1.0,0.995,1.598,0.171,2.763,0.7,track
3,1733,0.229,0.001,-0.349,-0.018,0.114,-1.515,-0.052,-0.276,0.0234,1.0,0.995,1.578,0.168,2.742,0.617,track
3,1734,0.229,0.001,-0.349,-0.018,0.114,-1.515,-0.073,-0.255,0.0225,1.0,0.995,1.618,0.166,2.779,0.624,track
3,1735,0.229,0.001,-0.349,-0.018,0.114,-1.515,-0.073,-0.255,0.0225,1.0,0.994,1.618,0.166,2.778,0.697,track
3,1736,0.229,0.001,-0.349,-0.018,0.114,-1.515,-0.065,-0.25,0.0234,1.0,0.996,1.637,0.168,2.802,0.624,track
3,1737,0.229,0.001,-0.349,-0.018,0.114,-1.515,-0.065,-0.25,0.0234,1.0,0.996,1.637,0.168,2.801,0.544,track
3,1738,0.229,0.001,-0.349,-0.018,0.114,-1.515,-0.065,-0.25,0.0234,1.0,0.996,1.637,0.168,2.802,0.54,track
3,1739,0.229,0.001,-0.349,-0.018,0.114,-1.515,-0.065,-0.25,0.0234,1.0,0.996,1.637,0.168,2.802,0.512,track
3,1740,0.229,0.001,-0.35,-0.018,0.114,-1.515,-0.065,-0.25,0.0234,1.0,0.997,1.637,0.168,2.802,0.492,track
3,1741,0.229,0.001,-0.35,-0.018,0.114,-1.515,-0.074,-0.23,0.0215,1.0,0.997,1.679,0.163,2.838,0.482,track
3,1742,0.229,0.001,-0.35,-0.018,0.114,-1.515,-0.087,-0.226,0.0225,1.0,0.998,1.678,0.166,2.842,0.389,track
3,1743,0.229,0.001,-0.35,-0.018,0.114,-1.515,-0.119,-0.22,0.0205,1.0,0.998,1.657,0.161,2.816,0.257,track
3,1744,0.229,0.001,-0.35,-0.018,0.114,-1.515,-0.111,-0.213,0.0215,1.0,0.999,1.682,0.163,2.844,0.16,track
3,1745,0.229,0.001,-0.35,-0.018,0.114,-1.515,-0.107,-0.217,0.0205,1.0,0.998,1.677,0.161,2.836,0.155,track
3,1746,0.229,0.0,-0.351,-0.018,0.114,-1.515,-0.111,-0.213,0.0215,1.0,0.999,1.682,0.163,2.844,0.161,track
3,1747,0.229,0.0,-0.351,-0.018,0.114,-1.515,-0.111,-0.213,0.0215,1.0,0.999,1.682,0.163,2.844,0.118,track
3,1748,0.229,-0.0,-0.351,-0.018,0.114,-1.515,-0.111,-0.213,0.0215,1.0,0.999,1.682,0.163,2.844,0.128,track
3,1749,0.229,-0.0,-0.351,-0.018,0.114,-1.515,-0.098,-0.217,0.0205,1.0,0.999,1.686,0.161,2.846,0.109,track
3,1750,0.229,-0.0,-0.352,-0.018,0.114,-1.515,-0.026,-0.239,0.0215,1.0,0.999,1.683,0.163,2.845,0.106,track
3,1751,0.229,-0.001,-0.352,-0.018,0.114,-1.515,-0.062,-0.253,0.0205,1.0,0.998,1.631,0.161,2.79,0.208,track
3,1752,0.229,-0.001,-0.352,-0.018,0.114,-1.515,-0.071,-0.256,0.0215,1.0,0.999,1.619,0.163,2.781,0.091,track
3,1753,0.23,-0.001,-0.352,-0.018,0.114,-1.515,-0.03,-0.28,0.0225,1.0,0.998,1.577,0.166,2.741,0.097,track
3,1754,0.23,-0.001,-0.352,-0.018,0.114,-1.515,0.009,-0.268,0.0205,1.0,0.998,1.612,0.161,2.771,0.116,track
3,1755,0.23,-0.002,-0.352,-0.018,0.114,-1.515,0.026,-0.273,0.0215,1.0,0.998,1.597,0.163,2.758,0.422,track
3,1756,0.23,-0.002,-0.352,-0.018,0.114,-1.515,0.02,-0.27,0.0215,1.0,0.995,1.606,0.163,2.763,0.555,track
3,1757,0.23,-0.002,-0.352,-0.018,0.114,-1.515,-0.008,-0.288,0.0244,1.0,0.994,1.561,0.171,2.726,0.721,track
3,1758,0.231,-0.003,-0.351,-0.018,0.114,-1.515,0.013,-0.299,0.0234,1.0,0.993,1.527,0.168,2.689,0.766,track
3,1759,0.231,-0.003,-0.351,-0.018,0.114,-1.515,-0.003,-0.312,0.0215,1.0,0.995,1.492,0.163,2.65,0.702,track
3,1760,0.231,-0.003,-0.351,-0.018,0.114,-1.515,-0.038,-0.296,0.0225,1.0,0.994,1.531,0.166,2.691,0.66,track
3,1761,0.231,-0.004,-0.35,-0.018,0.114,-1.515,-0.036,-0.32,0.0234,1.0,0.994,1.464,0.168,2.627,0.71,track
3,1762,0.232,-0.004,-0.35,-0.018,0.114,-1.515,-0.065,-0.308,0.0244,1.0,0.993,1.487,0.171,2.651,0.743,track
3,1763,0.232,-0.004,-0.35,-0.018,0.114,-1.515,-0.045,-0.307,0.0215,1.0,0.995,1.499,0.163,2.657,0.7,track
3,1764,0.232,-0.005,-0.35,-0.018,0.114,-1.515,-0.045,-0.307,0.0215,1.0,0.998,1.499,0.163,2.66,0.512,track
3,1765,0.232,-0.005,-0.35,-0.018,0.114,-1.515,-0.062,-0.318,0.0225,1.0,0.997,1.46,0.166,2.622,0.461,track
3,1766,0.233,-0.005,-0.349,-0.018,0.114,-1.515,-0.041,-0.372,0.0225,1.0,0.996,1.313,0.166,2.475,0.573,track
3,1767,0.233,-0.006,-0.349,-0.018,0.114,-1.515,-0.03,-0.391,0.0225,1.0,0.992,1.26,0.166,2.417,0.505,track
3,1768,0.233,-0.006,-0.349,-0.018,0.114,-1.515,-0.062,-0.342,0.0225,1.0,0.999,1.391,0.166,2.555,0.398,track
3,1769,0.233,-0.006,-0.349,-0.018,0.114,-1.515,-0.062,-0.344,0.0234,1.0,0.999,1.387,0.168,2.553,0.281,track
3,1770,0.234,-0.007,-0.348,-0.018,0.114,-1.515,-0.062,-0.344,0.0234,1.0,0.998,1.387,0.168,2.553,0.404,track
3,1771,0.234,-0.007,-0.348,-0.018,0.114,-1.515,-0.06,-0.342,0.0244,1.0,0.997,1.392,0.171,2.559,0.465,track
3,1772,0.234,-0.007,-0.348,-0.018,0.114,-1.515,-0.021,-0.354,0.0234,1.0,0.998,1.371,0.168,2.537,0.467,track
3,1773,0.235,-0.008,-0.348,-0.018,0.114,-1.515,-0.04,-0.365,0.0244,1.0,0.997,1.335,0.171,2.503,0.456,track
3,1774,0.235,-0.008,-0.348,-0.018,0.114,-1.515,-0.016,-0.361,0.0225,1.0,0.995,1.351,0.166,2.511,0.565,track
3,1775,0.235,-0.008,-0.348,-0.018,0.114,-1.515,-0.065,-0.382,0.0254,1.0,0.996,1.274,0.173,2.443,0.665,track
3,1776,0.235,-0.008,-0.348,-0.018,0.114,-1.515,-0.075,-0.388,0.0244,1.0,0.991,1.253,0.171,2.415,0.803,track
3,1777,0.236,-0.009,-0.348,-0.018,0.114,-1.515,-0.109,-0.401,0.0234,1.0,0.997,1.191,0.168,2.356,0.664,track
3,1778,0.236,-0.009,-0.347,-0.018,0.114,-1.515,-0.098,-0.396,0.0205,1.0,0.992,1.214,0.161,2.367,0.61,track
3,1779,0.236,-0.009,-0.347,-0.018,0.114,-1.515,-0.088,-0.395,0.0215,1.0,0.995,1.224,0.163,2.383,0.712,track
3,1780,0.237,-0.009,-0.347,-0.018,0.114,-1.515,-0.038,-0.425,0.0244,1.0,0.996,1.158,0.171,2.325,0.566,track
3,1781,0.237,-0.01,-0.347,-0.018,0.114,-1.515,-0.03,-0.428,0.0264,1.0,0.997,1.151,0.176,2.323,0.445,track
3,1782,0.237,-0.01,-0.347,-0.018,0.114,-1.515,-0.019,-0.435,0.0254,1.0,0.996,1.132,0.173,2.302,0.438,track
3,1783,0.237,-0.01,-0.347,-0.018,0.114,-1.515,-0.023,-0.451,0.0234,1.0,0.998,1.086,0.168,2.252,0.44,track
3,1784,0.238,-0.01,-0.347,-0.018,0.114,-1.515,-0.045,-0.43,0.0244,1.0,0.994,1.142,0.171,2.306,0.537,track
3,1785,0.238,-0.01,-0.346,-0.018,0.114,-1.515,-0.065,-0.445,0.0254,1.0,0.996,1.091,0.173,2.26,0.677,track
3,1786,0.238,-0.01,-0.346,-0.018,0.114,-1.515,-0.058,-0.442,0.0264,1.0,0.992,1.101,0.176,2.27,0.724,track
3,1787,0.238,-0.01,-0.346,-0.018,0.114,-1.515,-0.089,-0.453,0.0234,1.0,0.996,1.055,0.168,2.219,0.704,track
3,1788,0.238,-0.01,-0.346,-0.018,0.114,-1.515,-0.107,-0.464,0.0234,1.0,0.993,1.014,0.168,2.176,0.677,track
3,1789,0.238,-0.01,-0.345,-0.018,0.114,-1.515,-0.077,-0.46,0.0215,1.0,0.997,1.041,0.163,2.201,0.54,track
3,1790,0.239,-0.01,-0.345,-0.018,0.114,-1.515,-0.098,-0.458,0.0205,1.0,0.998,1.035,0.161,2.193,0.297,track
3,1791,0.239,-0.01,-0.345,-0.018,0.114,-1.515,-0.098,-0.458,0.0205,1.0,0.998,1.035,0.161,2.194,0.154,track
3,1792,0.239,-0.01,-0.345,-0.018,0.114,-1.515,-0.091,-0.455,0.0215,1.0,0.998,1.05,0.163,2.211,0.156,track
3,1793,0.239,-0.01,-0.345,-0.018,0.114,-1.515,-0.091,-0.455,0.0215,1.0,0.998,1.05,0.163,2.211,0.218,track
3,1794,0.239,-0.01,-0.345,-0.018,0.114,-1.515,-0.091,-0.455,0.0215,1.0,0.997,1.05,0.163,2.21,0.33,track
3,1795,0.239,-0.01,-0.345,-0.018,0.114,-1.515,-0.091,-0.455,0.0215,1.0,0.997,1.05,0.163,2.21,0.389,track
3,1796,0.239,-0.01,-0.346,-0.018,0.114,-1.515,-0.091,-0.455,0.0215,1.0,0.996,1.05,0.163,2.209,0.433,track
3,1797,0.239,-0.01,-0.346,-0.018,0.114,-1.515,-0.091,-0.455,0.0215,1.0,0.997,1.05,0.163,2.21,0.45,track
3,1798,0.239,-0.01,-0.346,-0.018,0.114,-1.515,-0.12,-0.461,0.0234,1.0,0.996,1.013,0.168,2.177,0.458,track
3,1799,0.239,-0.01,-0.346,-0.018,0.114,-1.515,-0.102,-0.465,0.0244,1.0,0.999,1.013,0.171,2.183,0.32,track
3,1800,0.239,-0.01,-0.346,-0.018,0.114,-1.515,-0.102,-0.465,0.0244,1.0,0.999,1.013,0.171,2.183,0.09,track
3,1801,0.239,-0.009,-0.346,-0.018,0.114,-1.515,-0.102,-0.465,0.0244,1.0,0.999,1.013,0.171,2.183,0.081,track
3,1802,0.239,-0.009,-0.347,-0.018,0.114,-1.515,-0.091,-0.464,0.0234,1.0,0.999,1.024,0.168,2.191,0.105,track
3,1803,0.239,-0.009,-0.347,-0.018,0.114,-1.515,-0.094,-0.456,0.0195,1.0,0.998,1.043,0.158,2.199,0.232,track
3,1804,0.239,-0.009,-0.347,-0.018,0.114,-1.515,-0.107,-0.455,0.0205,1.0,0.997,1.037,0.161,2.195,0.291,track
3,1805,0.239,-0.008,-0.347,-0.018,0.114,-1.515,-0.08,-0.48,0.0215,1.0,0.999,0.983,0.163,2.145,0.296,track
3,1806,0.239,-0.008,-0.348,-0.018,0.114,-1.515,-0.08,-0.48,0.0215,1.0,0.998,0.983,0.163,2.144,0.256,track
3,1807,0.238,-0.008,-0.348,-0.018,0.114,-1.515,-0.068,-0.482,0.0205,1.0,0.997,0.982,0.161,2.14,0.37,track
3,1808,0.238,-0.008,-0.348,-0.018,0.114,-1.515,-0.044,-0.466,0.0195,1.0,0.997,1.038,0.158,2.192,0.47,track
3,1809,0.238,-0.007,-0.348,-0.018,0.114,-1.515,-0.065,-0.443,0.0234,1.0,0.993,1.097,0.168,2.258,0.617,track
3,1810,0.238,-0.007,-0.348,-0.018,0.114,-1.515,-0.044,-0.43,0.0234,1.0,0.995,1.143,0.168,2.306,0.601,track
3,1811,0.238,-0.007,-0.348,-0.018,0.114,-1.515,-0.053,-0.44,0.0254,1.0,0.995,1.11,0.173,2.279,0.522,track
3,1812,0.237,-0.006,-0.349,-0.018,0.114,-1.515,-0.025,-0.42,0.0244,1.0,0.996,1.176,0.171,2.342,0.556,track
3,1813,0.237,-0.006,-0.349,-0.018,0.114,-1.515,0.0,-0.44,0.0215,1.0,0.994,1.118,0.163,2.275,0.634,track
3,1814,0.237,-0.006,-0.349,-0.018,0.114,-1.515,0.0,-0.427,0.0225,1.0,0.995,1.158,0.166,2.319,0.649,track
3,1815,0.237,-0.005,-0.349,-0.018,0.114,-1.515,-0.018,-0.406,0.0234,1.0,0.995,1.218,0.168,2.381,0.615,track
3,1816,0.236,-0.005,-0.348,-0.018,0.114,-1.515,-0.023,-0.395,0.0215,1.0,0.996,1.251,0.163,2.409,0.522,track
3,1817,0.236,-0.004,-0.348,-0.018,0.114,-1.515,-0.089,-0.383,0.0234,1.0,0.996,1.259,0.168,2.423,0.52,track
3,1818,0.236,-0.004,-0.348,-0.018,0.114,-1.515,-0.068,-0.362,0.0244,1.0,0.996,1.33,0.171,2.497,0.526,track
3,1819,0.236,-0.004,-0.348,-0.018,0.114,-1.515,-0.071,-0.369,0.0215,1.0,0.994,1.308,0.163,2.465,0.594,track
3,1820,0.235,-0.003,-0.348,-0.018,0.114,-1.515,-0.096,-0.352,0.0234,1.0,0.997,1.342,0.168,2.508,0.589,track
3,1821,0.235,-0.003,-0.348,-0.018,0.114,-1.515,-0.119,-0.321,0.0215,1.0,0.995,1.407,0.163,2.565,0.535,track
3,1822,0.235,-0.003,-0.348,-0.018,0.114,-1.515,-0.12,-0.307,0.0234,1.0,0.995,1.443,0.168,2.607,0.435,track
3,1823,0.234,-0.002,-0.348,-0.018,0.114,-1.515,-0.095,-0.291,0.0225,1.0,0.995,1.51,0.166,2.671,0.38,track
3,1824,0.234,-0.002,-0.348,-0.018,0.114,-1.515,-0.111,-0.276,0.0215,1.0,0.996,1.535,0.163,2.694,0.384,track
3,1825,0.234,-0.002,-0.348,-0.018,0.114,-1.515,-0.089,-0.31,0.0205,1.0,0.994,1.465,0.161,2.619,0.332,track
3,1826,0.233,-0.001,-0.349,-0.018,0.114,-1.515,-0.115,-0.284,0.0234,1.0,0.996,1.51,0.168,2.675,0.576,track
3,1827,0.233,-0.001,-0.349,-0.018,0.114,-1.515,-0.054,-0.28,0.0225,1.0,0.996,1.567,0.166,2.729,0.549,track
3,1828,0.233,-0.001,-0.349,-0.018,0.114,-1.515,-0.065,-0.291,0.0225,1.0,0.997,1.532,0.166,2.695,0.479,track
3,1829,0.233,-0.0,-0.349,-0.018,0.114,-1.515,-0.065,-0.291,0.0225,1.0,0.998,1.532,0.166,2.696,0.426,track
3,1830,0.232,-0.0,-0.35,-0.018,0.114,-1.515,-0.065,-0.291,0.0225,1.0,0.996,1.532,0.166,2.694,0.417,track
3,1831,0.232,-0.0,-0.35,-0.018,0.114,-1.515,-0.065,-0.291,0.0225,1.0,0.996,1.532,0.166,2.694,0.48,track
3,1832,0.232,0.0,-0.35,-0.018,0.114,-1.515,-0.065,-0.291,0.0225,1.0,0.996,1.532,0.166,2.694,0.506,track
3,1833,0.232,0.0,-0.35,-0.018,0.114,-1.515,-0.068,-0.281,0.0234,1.0,0.996,1.556,0.168,2.72,0.528,track
3,1834,0.232,0.001,-0.35,-0.018,0.114,-1.515,-0.057,-0.285,0.0225,1.0,0.997,1.551,0.166,2.714,0.5,track
3,1835,0.231,0.001,-0.35,-0.018,0.114,-1.515,-0.054,-0.293,0.0215,1.0,0.996,1.533,0.163,2.693,0.483,track
3,1836,0.231,0.001,-0.35,-0.018,0.114,-1.515,-0.057,-0.285,0.0225,1.0,0.996,1.551,0.166,2.713,0.553,track
3,1837,0.231,0.001,-0.35,-0.018,0.114,-1.515,-0.054,-0.293,0.0215,1.0,0.995,1.533,0.163,2.691,0.634,track
3,1838,0.231,0.001,-0.35,-0.018,0.114,-1.515,-0.084,-0.274,0.0225,1.0,0.995,1.562,0.166,2.723,0.652,track
3,1839,0.231,0.001,-0.35,-0.018,0.114,-1.515,-0.057,-0.284,0.0215,1.0,0.994,1.555,0.163,2.712,0.674,track
3,1840,0.231,0.001,-0.35,-0.018,0.114,-1.515,-0.057,-0.284,0.0215,1.0,0.996,1.555,0.163,2.714,0.639,track
3,1841,0.23,0.001,-0.35,-0.018,0.114,-1.515,-0.079,-0.25,0.0225,1.0,0.995,1.627,0.166,2.789,0.586,track
3,1842,0.23,0.001,-0.35,-0.018,0.114,-1.515,-0.068,-0.253,0.0215,1.0,0.997,1.628,0.163,2.788,0.49,track
3,1843,0.23,0.001,-0.35,-0.018,0.114,-1.515,-0.094,-0.247,0.0215,1.0,0.998,1.622,0.163,2.783,0.337,track
3,1844,0.23,0.001,-0.35,-0.018,0.114,-1.515,-0.094,-0.247,0.0215,1.0,0.998,1.622,0.163,2.783,0.235,track
3,1845,0.23,0.001,-0.35,-0.018,0.114,-1.515,-0.098,-0.239,0.0225,1.0,0.999,1.637,0.166,2.801,0.204,track
3,1846,0.23,0.001,-0.35,-0.018,0.114,-1.515,-0.07,-0.242,0.0244,1.0,0.999,1.652,0.171,2.822,0.097,track
3,1847,0.23,0.001,-0.351,-0.018,0.114,-1.515,-0.07,-0.242,0.0244,1.0,0.999,1.652,0.171,2.822,0.173,track
3,1848,0.23,0.001,-0.351,-0.018,0.114,-1.515,-0.07,-0.247,0.0234,1.0,0.998,1.64,0.168,2.807,0.193,track
3,1849,0.23,0.001,-0.351,-0.018,0.114,-1.515,-0.07,-0.242,0.0244,1.0,0.998,1.652,0.171,2.821,0.287,track
3,1850,0.23,0.001,-0.351,-0.018,0.114,-1.515,-0.092,-0.223,0.0225,1.0,0.997,1.68,0.166,2.842,0.4,track
3,1851,0.23,0.001,-0.351,-0.018,0.114,-1.515,-0.119,-0.22,0.0205,1.0,0.998,1.657,0.161,2.816,0.348,track
3,1852,0.23,0.001,-0.351,-0.018,0.114,-1.515,-0.111,-0.213,0.0215,1.0,0.998,1.682,0.163,2.844,0.239,track
3,1853,0.23,0.0,-0.351,-0.018,0.114,-1.515,-0.111,-0.213,0.0215,1.0,0.999,1.682,0.163,2.844,0.139,track
3,1854,0.23,0.0,-0.351,-0.018,0.114,-1.515,-0.111,-0.213,0.0215,1.0,0.999,1.682,0.163,2.844,0.047,track
3,1855,0.23,0.0,-0.351,-0.018,0.114,-1.515,-0.098,-0.217,0.0205,1.0,0.999,1.686,0.161,2.846,0.048,track
3,1856,0.23,-0.0,-0.351,-0.018,0.114,-1.515,-0.045,-0.232,0.0205,1.0,0.999,1.691,0.161,2.851,0.043,track
3,1857,0.23,-0.0,-0.352,-0.018,0.114,-1.515,-0.045,-0.232,0.0205,1.0,0.999,1.691,0.161,2.851,0.175,track
3,1858,0.23,-0.001,-0.352,-0.018,0.114,-1.515,-0.062,-0.253,0.0205,1.0,0.999,1.631,0.161,2.791,0.143,track
3,1859,0.23,-0.001,-0.352,-0.018,0.114,-1.515,-0.071,-0.256,0.0215,1.0,0.996,1.619,0.163,2.778,0.343,track
3,1860,0.23,-0.001,-0.352,-0.018,0.114,-1.515,-0.034,-0.271,0.0234,1.0,0.996,1.599,0.168,2.764,0.506,track
3,1861,0.231,-0.001,-0.352,-0.018,0.114,-1.515,-0.039,-0.271,0.0234,1.0,0.995,1.598,0.168,2.761,0.536,track
3,1862,0.231,-0.002,-0.352,-0.018,0.114,-1.515,-0.003,-0.274,0.0225,1.0,0.996,1.595,0.166,2.757,0.588,track
3,1863,0.231,-0.002,-0.352,-0.018,0.114,-1.515,0.01,-0.286,0.0234,1.0,0.996,1.563,0.168,2.727,0.591,track
3,1864,0.231,-0.002,-0.352,-0.018,0.114,-1.515,0.014,-0.31,0.0225,1.0,0.996,1.499,0.166,2.661,0.553,track
3,1865,0.231,-0.003,-0.351,-0.018,0.114,-1.515,-0.009,-0.319,0.0195,1.0,0.993,1.474,0.158,2.625,0.657,track
3,1866,0.231,-0.003,-0.351,-0.018,0.114,-1.515,-0.038,-0.296,0.0225,1.0,0.995,1.531,0.166,2.692,0.686,track
3,1867,0.232,-0.003,-0.351,-0.018,0.114,-1.515,-0.031,-0.304,0.0215,1.0,0.998,1.511,0.163,2.672,0.498,track
3,1868,0.232,-0.004,-0.351,-0.018,0.114,-1.515,-0.057,-0.312,0.0234,1.0,0.997,1.477,0.168,2.642,0.434,track
3,1869,0.232,-0.004,-0.351,-0.018,0.114,-1.515,-0.078,-0.31,0.0234,1.0,0.997,1.472,0.168,2.638,0.43,track
3,1870,0.232,-0.004,-0.351,-0.018,0.114,-1.515,-0.045,-0.307,0.0215,1.0,0.997,1.499,0.163,2.659,0.432,track
3,1871,0.233,-0.005,-0.351,-0.018,0.114,-1.515,-0.045,-0.307,0.0215,1.0,1.0,1.499,0.163,2.661,0.323,track
3,1872,0.233,-0.005,-0.351,-0.018,0.114,-1.515,-0.011,-0.342,0.0225,1.0,0.999,1.406,0.166,2.571,0.185,track
3,1873,0.233,-0.005,-0.35,-0.018,0.114,-1.515,-0.043,-0.384,0.0215,1.0,0.997,1.279,0.163,2.439,0.277,track
3,1874,0.233,-0.006,-0.35,-0.018,0.114,-1.515,-0.046,-0.37,0.0225,1.0,0.996,1.319,0.166,2.48,0.216,track
3,1875,0.234,-0.006,-0.35,-0.018,0.114,-1.515,-0.052,-0.365,0.0244,1.0,0.999,1.33,0.171,2.5,0.278,track
3,1876,0.234,-0.006,-0.35,-0.018,0.114,-1.515,-0.04,-0.368,0.0244,1.0,0.996,1.327,0.171,2.494,0.404,track
3,1877,0.234,-0.006,-0.349,-0.018,0.114,-1.515,-0.062,-0.34,0.0244,1.0,0.995,1.397,0.171,2.564,0.562,track
3,1878,0.234,-0.007,-0.349,-0.018,0.114,-1.515,-0.044,-0.339,0.0234,1.0,0.998,1.41,0.168,2.576,0.493,track
3,1879,0.235,-0.007,-0.349,-0.018,0.114,-1.515,-0.041,-0.345,0.0225,1.0,0.998,1.392,0.166,2.556,0.361,track
3,1880,0.235,-0.007,-0.349,-0.018,0.114,-1.515,-0.041,-0.345,0.0225,1.0,0.998,1.392,0.166,2.556,0.355,track
3,1881,0.235,-0.008,-0.349,-0.018,0.114,-1.515,-0.041,-0.345,0.0225,1.0,0.999,1.392,0.166,2.556,0.343,track
3,1882,0.235,-0.008,-0.348,-0.018,0.114,-1.515,-0.041,-0.345,0.0225,1.0,0.999,1.392,0.166,2.556,0.285,track
3,1883,0.236,-0.008,-0.348,-0.018,0.114,-1.515,-0.041,-0.345,0.0225,1.0,0.999,1.392,0.166,2.557,0.286,track
3,1884,0.236,-0.008,-0.348,-0.018,0.114,-1.515,-0.04,-0.352,0.0215,1.0,0.999,1.372,0.163,2.534,0.213,track
3,1885,0.236,-0.008,-0.348,-0.018,0.114,-1.515,-0.04,-0.352,0.0215,1.0,0.999,1.372,0.163,2.534,0.219,track
3,1886,0.237,-0.009,-0.348,-0.018,0.114,-1.515,-0.04,-0.352,0.0215,1.0,0.999,1.372,0.163,2.534,0.178,track
3,1887,0.237,-0.009,-0.348,-0.018,0.114,-1.515,-0.04,-0.352,0.0215,1.0,0.999,1.372,0.163,2.534,0.124,track
3,1888,0.237,-0.009,-0.347,-0.018,0.114,-1.515,-0.062,-0.37,0.0225,1.0,0.999,1.312,0.166,2.477,0.222,track
3,1889,0.237,-0.009,-0.347,-0.018,0.114,-1.515,-0.095,-0.37,0.0225,1.0,0.995,1.292,0.166,2.452,0.5,track
3,1890,0.238,-0.009,-0.347,-0.018,0.114,-1.515,-0.098,-0.399,0.0225,1.0,0.998,1.204,0.166,2.367,0.542,track
3,1891,0.238,-0.01,-0.347,-0.018,0.114,-1.515,-0.128,-0.402,0.0225,1.0,0.991,1.172,0.166,2.329,0.627,track
3,1892,0.238,-0.01,-0.347,-0.018,0.114,-1.515,-0.06,-0.398,0.0234,1.0,0.997,1.229,0.168,2.394,0.571,track
3,1893,0.238,-0.01,-0.347,-0.018,0.114,-1.515,-0.052,-0.4,0.0244,1.0,0.999,1.227,0.171,2.397,0.295,track
3,1894,0.239,-0.01,-0.347,-0.018,0.114,-1.515,-0.042,-0.398,0.0264,1.0,0.999,1.237,0.176,2.412,0.097,track
3,1895,0.239,-0.01,-0.347,-0.018,0.114,-1.515,-0.037,-0.401,0.0283,1.0,0.999,1.23,0.182,2.411,0.137,track
3,1896,0.239,-0.01,-0.347,-0.018,0.114,-1.515,-0.051,-0.41,0.0264,1.0,0.999,1.199,0.176,2.375,0.117,track
3,1897,0.239,-0.01,-0.347,-0.018,0.114,-1.515,-0.041,-0.413,0.0254,1.0,0.999,1.192,0.173,2.364,0.112,track
3,1898,0.239,-0.01,-0.346,-0.018,0.114,-1.515,-0.021,-0.417,0.0234,1.0,0.999,1.187,0.168,2.353,0.203,track
3,1899,0.24,-0.01,-0.346,-0.018,0.114,-1.515,-0.021,-0.417,0.0234,1.0,0.998,1.187,0.168,2.353,0.264,track
3,1900,0.24,-0.01,-0.346,-0.018,0.114,-1.515,-0.057,-0.411,0.0234,1.0,0.999,1.192,0.168,2.359,0.232,track
3,1901,0.24,-0.01,-0.346,-0.018,0.114,-1.515,-0.057,-0.411,0.0234,1.0,0.998,1.192,0.168,2.358,0.234,track
3,1902,0.24,-0.01,-0.346,-0.018,0.114,-1.515,-0.057,-0.411,0.0234,1.0,0.998,1.192,0.168,2.358,0.33,track
3,1903,0.24,-0.01,-0.345,-0.018,0.114,-1.515,-0.057,-0.411,0.0234,1.0,0.998,1.192,0.168,2.358,0.348,track
3,1904,0.24,-0.01,-0.345,-0.018,0.114,-1.515,-0.057,-0.411,0.0234,1.0,0.998,1.192,0.168,2.358,0.337,track
3,1905,0.241,-0.01,-0.345,-0.018,0.114,-1.515,-0.046,-0.43,0.0254,1.0,0.997,1.14,0.173,2.311,0.353,track
3,1906,0.241,-0.01,-0.345,-0.018,0.114,-1.515,-0.046,-0.446,0.0225,1.0,0.998,1.095,0.166,2.259,0.362,track
3,1907,0.241,-0.01,-0.345,-0.018,0.114,-1.515,-0.043,-0.464,0.0254,1.0,0.998,1.043,0.173,2.214,0.266,track
3,1908,0.241,-0.01,-0.345,-0.018,0.114,-1.515,-0.052,-0.462,0.0244,1.0,0.997,1.044,0.171,2.212,0.268,track
3,1909,0.241,-0.01,-0.344,-0.018,0.114,-1.515,-0.073,-0.47,0.0225,1.0,0.999,1.014,0.166,2.179,0.275,track
3,1910,0.241,-0.01,-0.344,-0.018,0.114,-1.515,-0.095,-0.484,0.0225,1.0,0.996,0.965,0.166,2.127,0.26,track
3,1911,0.241,-0.01,-0.344,-0.018,0.114,-1.515,-0.077,-0.478,0.0254,1.0,0.998,0.989,0.173,2.161,0.328,track
3,1912,0.241,-0.01,-0.344,-0.018,0.114,-1.515,-0.079,-0.486,0.0254,1.0,0.998,0.967,0.173,2.138,0.256,track
3,1913,0.241,-0.01,-0.344,-0.018,0.114,-1.515,-0.091,-0.464,0.0254,1.0,0.998,1.023,0.173,2.194,0.286,track
3,1914,0.241,-0.009,-0.344,-0.018,0.114,-1.515,-0.091,-0.464,0.0254,1.0,0.998,1.023,0.173,2.194,0.306,track
3,1915,0.241,-0.009,-0.344,-0.018,0.114,-1.515,-0.091,-0.464,0.0254,1.0,0.999,1.023,0.173,2.195,0.227,track
3,1916,0.241,-0.009,-0.344,-0.018,0.114,-1.515,-0.091,-0.464,0.0254,1.0,0.998,1.023,0.173,2.194,0.211,track
3,1917,0.241,-0.009,-0.344,-0.018,0.114,-1.515,-0.072,-0.484,0.0264,1.0,0.999,0.976,0.176,2.151,0.204,track
3,1918,0.241,-0.009,-0.344,-0.018,0.114,-1.515,-0.094,-0.464,0.0254,1.0,0.997,1.021,0.173,2.192,0.284,track
3,1919,0.241,-0.008,-0.344,-0.018,0.114,-1.515,-0.06,-0.483,0.0254,1.0,0.997,0.982,0.173,2.153,0.397,track
3,1920,0.241,-0.008,-0.344,-0.018,0.114,-1.515,-0.06,-0.483,0.0254,1.0,0.997,0.982,0.173,2.152,0.443,track
3,1921,0.241,-0.008,-0.344,-0.018,0.114,-1.515,-0.053,-0.474,0.0254,1.0,0.996,1.012,0.173,2.182,0.489,track
3,1922,0.241,-0.007,-0.344,-0.018,0.114,-1.515,-0.072,-0.48,0.0244,1.0,0.996,0.986,0.171,2.154,0.499,track
3,1923,0.241,-0.007,-0.344,-0.018,0.114,-1.515,-0.031,-0.466,0.0234,1.0,0.998,1.039,0.168,2.205,0.406,track
3,1924,0.24,-0.007,-0.344,-0.018,0.114,-1.515,-0.02,-0.46,0.0215,1.0,0.999,1.058,0.163,2.22,0.226,track
3,1925,0.24,-0.006,-0.344,-0.018,0.114,-1.515,-0.067,-0.442,0.0254,1.0,0.997,1.097,0.173,2.267,0.232,track
3,1926,0.24,-0.006,-0.344,-0.018,0.114,-1.515,-0.055,-0.438,0.0254,1.0,0.998,1.116,0.173,2.288,0.276,track
3,1927,0.24,-0.006,-0.344,-0.018,0.114,-1.515,-0.043,-0.423,0.0254,1.0,0.997,1.162,0.173,2.333,0.41,track
3,1928,0.24,-0.005,-0.344,-0.018,0.114,-1.515,-0.037,-0.433,0.0264,1.0,0.997,1.135,0.176,2.309,0.391,track
3,1929,0.239,-0.005,-0.344,-0.018,0.114,-1.515,-0.018,-0.432,0.0244,1.0,0.999,1.14,0.171,2.31,0.285,track
3,1930,0.239,-0.005,-0.344,-0.018,0.114,-1.515,-0.03,-0.457,0.0225,1.0,0.999,1.067,0.166,2.232,0.149,track
3,1931,0.239,-0.004,-0.344,-0.018,0.114,-1.515,-0.07,-0.438,0.0244,1.0,0.998,1.11,0.171,2.279,0.236,track
3,1932,0.239,-0.004,-0.343,-0.018,0.114,-1.515,-0.062,-0.452,0.0244,1.0,0.996,1.069,0.171,2.237,0.492,track
3,1933,0.238,-0.003,-0.343,-0.018,0.114,-1.515,-0.062,-0.452,0.0244,1.0,0.997,1.069,0.171,2.237,0.574,track
3,1934,0.238,-0.003,-0.343,-0.018,0.114,-1.515,-0.062,-0.452,0.0244,1.0,0.997,1.069,0.171,2.237,0.528,track
3,1935,0.238,-0.003,-0.343,-0.018,0.114,-1.515,-0.062,-0.44,0.0264,1.0,0.998,1.106,0.176,2.28,0.475,track
3,1936,0.237,-0.002,-0.342,-0.018,0.114,-1.515,-0.031,-0.42,0.0273,1.0,0.997,1.176,0.179,2.351,0.503,track
3,1937,0.237,-0.002,-0.342,-0.018,0.114,-1.515,-0.058,-0.413,0.0273,1.0,0.998,1.187,0.179,2.364,0.475,track
3,1938,0.237,-0.002,-0.342,-0.018,0.114,-1.515,-0.083,-0.424,0.0273,1.0,0.999,1.142,0.179,2.32,0.249,track
3,1939,0.236,-0.001,-0.342,-0.018,0.114,-1.515,-0.095,-0.39,0.0244,1.0,0.999,1.233,0.171,2.403,0.275,track
3,1940,0.236,-0.001,-0.342,-0.018,0.114,-1.515,-0.101,-0.375,0.0254,1.0,0.993,1.272,0.173,2.438,0.603,track
3,1941,0.236,-0.0,-0.342,-0.018,0.114,-1.515,-0.046,-0.368,0.0254,1.0,0.997,1.325,0.173,2.495,0.539,track
3,1942,0.235,0.0,-0.342,-0.018,0.114,-1.515,-0.09,-0.348,0.0244,1.0,0.995,1.359,0.171,2.525,0.438,track
3,1943,0.235,0.0,-0.342,-0.018,0.114,-1.515,-0.095,-0.34,0.0244,1.0,0.994,1.376,0.171,2.541,0.459,track
3,1944,0.235,0.001,-0.342,-0.018,0.114,-1.515,-0.127,-0.32,0.0254,1.0,0.996,1.402,0.173,2.572,0.503,track
3,1945,0.234,0.001,-0.343,-0.018,0.114,-1.515,-0.062,-0.343,0.0264,1.0,0.996,1.39,0.176,2.562,0.363,track
3,1946,0.234,0.002,-0.343,-0.018,0.114,-1.515,-0.06,-0.322,0.0264,1.0,0.999,1.45,0.176,2.625,0.387,track
3,1947,0.233,0.002,-0.343,-0.018,0.114,-1.515,-0.062,-0.319,0.0273,1.0,0.996,1.456,0.179,2.631,0.374,track
3,1948,0.233,0.002,-0.343,-0.018,0.114,-1.515,-0.078,-0.319,0.0273,1.0,0.999,1.447,0.179,2.624,0.31,track
3,1949,0.233,0.003,-0.343,-0.018,0.114,-1.515,-0.076,-0.329,0.0264,1.0,0.997,1.421,0.176,2.595,0.283,track
3,1950,0.232,0.003,-0.343,-0.018,0.114,-1.515,-0.095,-0.315,0.0244,1.0,0.998,1.445,0.171,2.614,0.407,track
3,1951,0.232,0.003,-0.343,-0.018,0.114,-1.515,-0.11,-0.298,0.0244,1.0,0.997,1.479,0.171,2.647,0.367,track
3,1952,0.232,0.004,-0.344,-0.018,0.114,-1.515,-0.099,-0.299,0.0234,1.0,0.996,1.484,0.168,2.649,0.389,track
3,1953,0.231,0.004,-0.344,-0.018,0.114,-1.515,-0.065,-0.291,0.0225,1.0,0.998,1.532,0.166,2.696,0.432,track
3,1954,0.231,0.004,-0.344,-0.018,0.114,-1.515,-0.06,-0.293,0.0254,1.0,0.996,1.529,0.173,2.698,0.439,track
3,1955,0.231,0.005,-0.344,-0.018,0.114,-1.515,-0.053,-0.303,0.0254,1.0,0.995,1.506,0.173,2.675,0.566,track
3,1956,0.23,0.005,-0.345,-0.018,0.114,-1.515,-0.044,-0.299,0.0234,1.0,0.997,1.519,0.168,2.684,0.51,track
3,1957,0.23,0.005,-0.345,-0.018,0.114,-1.515,-0.044,-0.299,0.0234,1.0,0.996,1.519,0.168,2.684,0.457,track
3,1958,0.23,0.005,-0.345,-0.018,0.114,-1.515,-0.032,-0.298,0.0244,1.0,0.997,1.529,0.171,2.696,0.481,track
3,1959,0.23,0.005,-0.345,-0.018,0.114,-1.515,-0.032,-0.298,0.0244,1.0,0.996,1.529,0.171,2.695,0.517,track
3,1960,0.229,0.006,-0.345,-0.018,0.114,-1.515,-0.005,-0.292,0.0244,1.0,0.996,1.547,0.171,2.714,0.552,track
3,1961,0.229,0.006,-0.345,-0.018,0.114,-1.515,-0.005,-0.292,0.0244,1.0,0.996,1.547,0.171,2.714,0.555,track
3,1962,0.229,0.006,-0.345,-0.018,0.114,-1.515,-0.005,-0.292,0.0244,1.0,0.996,1.547,0.171,2.714,0.574,track
3,1963,0.228,0.006,-0.345,-0.018,0.114,-1.515,-0.012,-0.284,0.0254,1.0,0.995,1.57,0.173,2.739,0.615,track
3,1964,0.228,0.006,-0.345,-0.018,0.114,-1.515,-0.012,-0.284,0.0254,1.0,0.994,1.57,0.173,2.738,0.673,track
3,1965,0.228,0.006,-0.345,-0.018,0.114,-1.515,-0.028,-0.28,0.0264,1.0,0.995,1.577,0.176,2.748,0.655,track
3,1966,0.228,0.006,-0.345,-0.018,0.114,-1.515,-0.028,-0.28,0.0264,1.0,0.995,1.577,0.176,2.748,0.632,track
3,1967,0.228,0.006,-0.345,-0.018,0.114,-1.515,-0.012,-0.284,0.0254,1.0,0.996,1.57,0.173,2.74,0.607,track
3,1968,0.227,0.006,-0.345,-0.018,0.114,-1.515,-0.012,-0.284,0.0254,1.0,0.995,1.57,0.173,2.739,0.594,track
3,1969,0.227,0.006,-0.345,-0.018,0.114,-1.515,-0.032,-0.289,0.0264,1.0,0.996,1.551,0.176,2.723,0.586,track
3,1970,0.227,0.006,-0.345,-0.018,0.114,-1.515,-0.032,-0.289,0.0264,1.0,0.995,1.551,0.176,2.722,0.541,track
3,1971,0.227,0.006,-0.345,-0.018,0.114,-1.515,-0.04,-0.292,0.0244,1.0,0.997,1.54,0.171,2.708,0.497,track
3,1972,0.227,0.006,-0.345,-0.018,0.114,-1.515,-0.049,-0.294,0.0234,1.0,0.995,1.531,0.168,2.695,0.512,track
3,1973,0.227,0.006,-0.345,-0.018,0.114,-1.515,-0.049,-0.294,0.0234,1.0,0.997,1.531,0.168,2.697,0.525,track
3,1974,0.226,0.006,-0.345,-0.018,0.114,-1.515,-0.049,-0.279,0.0234,1.0,0.995,1.573,0.168,2.736,0.541,track
3,1975,0.226,0.006,-0.344,-0.018,0.114,-1.515,-0.042,-0.272,0.0244,1.0,0.998,1.592,0.171,2.761,0.501,track
3,1976,0.226,0.006,-0.344,-0.018,0.114,-1.515,-0.042,-0.272,0.0244,1.0,0.997,1.592,0.171,2.76,0.384,track
3,1977,0.226,0.006,-0.344,-0.018,0.114,-1.515,-0.042,-0.272,0.0244,1.0,0.998,1.592,0.171,2.761,0.414,track
3,1978,0.226,0.006,-0.344,-0.018,0.114,-1.515,-0.062,-0.25,0.0234,1.0,0.997,1.639,0.168,2.804,0.427,track
3,1979,0.226,0.005,-0.344,-0.018,0.114,-1.515,-0.073,-0.24,0.0234,1.0,0.997,1.657,0.168,2.823,0.412,track
3,1980,0.226,0.005,-0.344,-0.018,0.114,-1.515,-0.087,-0.236,0.0225,1.0,0.999,1.653,0.166,2.818,0.261,track
3,1981,0.226,0.005,-0.344,-0.018,0.114,-1.515,-0.073,-0.234,0.0234,1.0,0.999,1.669,0.168,2.836,0.133,track
3,1982,0.226,0.005,-0.344,-0.018,0.114,-1.515,-0.073,-0.234,0.0234,1.0,0.999,1.669,0.168,2.837,0.133,track
3,1983,0.226,0.005,-0.344,-0.018,0.114,-1.515,-0.073,-0.234,0.0234,1.0,0.999,1.669,0.168,2.837,0.063,track
3,1984,0.226,0.005,-0.344,-0.018,0.114,-1.515,-0.09,-0.238,0.0244,1.0,0.999,1.648,0.171,2.818,0.059,track
3,1985,0.226,0.004,-0.344,-0.018,0.114,-1.515,-0.073,-0.234,0.0234,1.0,0.999,1.669,0.168,2.837,0.05,track
3,1986,0.226,0.004,-0.344,-0.018,0.114,-1.515,-0.071,-0.199,0.0215,1.0,0.999,1.75,0.163,2.912,0.086,track
3,1987,0.226,0.004,-0.344,-0.018,0.114,-1.515,-0.054,-0.21,0.0215,1.0,0.997,1.736,0.163,2.897,0.182,track
3,1988,0.226,0.004,-0.344,-0.018,0.114,-1.515,-0.096,-0.227,0.0234,1.0,0.997,1.667,0.168,2.833,0.377,track
3,1989,0.226,0.003,-0.344,-0.018,0.114,-1.515,-0.052,-0.207,0.0225,1.0,0.998,1.746,0.166,2.909,0.351,track
3,1990,0.226,0.003,-0.344,-0.018,0.114,-1.515,-0.068,-0.242,0.0225,1.0,0.999,1.655,0.166,2.82,0.211,track
3,1991,0.226,0.003,-0.345,-0.018,0.114,-1.515,-0.073,-0.219,0.0234,1.0,0.996,1.705,0.168,2.869,0.388,track
3,1992,0.226,0.003,-0.345,-0.018,0.114,-1.515,-0.027,-0.255,0.0225,1.0,0.994,1.641,0.166,2.8,0.677,track
3,1993,0.226,0.002,-0.345,-0.018,0.114,-1.515,-0.021,-0.234,0.0234,1.0,0.993,1.694,0.168,2.856,0.765,track
3,1994,0.226,0.002,-0.345,-0.018,0.114,-1.515,0.0,-0.255,0.0244,1.0,0.994,1.646,0.171,2.81,0.766,track
3,1995,0.226,0.002,-0.345,-0.018,0.114,-1.515,-0.008,-0.269,0.0225,1.0,0.993,1.609,0.166,2.768,0.775,track
3,1996,0.226,0.001,-0.345,-0.018,0.114,-1.515,-0.024,-0.287,0.0283,1.0,0.996,1.56,0.182,2.738,0.642,track
3,1997,0.227,0.001,-0.345,-0.018,0.114,-1.515,-0.038,-0.281,0.0254,1.0,0.992,1.571,0.173,2.736,0.697,track
3,1998,0.227,0.001,-0.345,-0.018,0.114,-1.515,-0.013,-0.286,0.0234,1.0,0.995,1.563,0.168,2.726,0.746,track
3,1999,0.227,0.0,-0.345,-0.018,0.114,-1.515,0.0,-0.293,0.0225,1.0,0.996,1.545,0.166,2.706,0.61,track
3,2000,0.227,-0.0,-0.345,-0.018,0.114,-1.515,-0.016,-0.31,0.0234,1.0,0.996,1.498,0.168,2.662,0.596,track
4,1,-0.078,-0.162,0.074,-0.078,-0.162,-1.32,0.087,-0.212,0.2793,1.0,0.97,1.709,0.888,3.567,0.712,track
4,2,-0.078,-0.163,0.074,-0.078,-0.162,-1.32,0.087,-0.172,0.2812,1.0,0.937,1.788,0.873,3.598,0.745,track
4,3,-0.078,-0.164,0.073,-0.078,-0.162,-1.32,0.075,-0.117,0.2773,1.0,0.934,1.888,0.901,3.724,0.426,track
4,4,-0.078,-0.164,0.073,-0.078,-0.162,-1.32,0.068,-0.058,0.2764,1.0,0.948,1.953,0.908,3.809,0.465,track
4,5,-0.078,-0.165,0.072,-0.078,-0.162,-1.32,0.058,-0.012,0.2744,1.0,0.957,1.979,0.921,3.856,0.508,track
4,6,-0.078,-0.165,0.071,-0.078,-0.162,-1.32,0.046,0.033,0.2773,1.0,0.963,1.981,0.901,3.846,0.481,track
4,7,-0.078,-0.166,0.07,-0.078,-0.162,-1.32,0.032,0.069,0.2822,1.0,0.969,1.965,0.866,3.8,0.422,track
4,8,-0.078,-0.167,0.069,-0.078,-0.162,-1.32,0.024,0.11,0.2822,1.0,0.972,1.925,0.866,3.764,0.339,track
4,9,-0.078,-0.167,0.068,-0.078,-0.162,-1.32,0.013,0.136,0.2783,1.0,0.976,1.891,0.895,3.762,0.262,track
4,10,-0.077,-0.168,0.067,-0.078,-0.162,-1.32,0.006,0.164,0.2783,1.0,0.982,1.845,0.895,3.722,0.191,track
4,11,-0.077,-0.169,0.066,-0.078,-0.162,-1.32,0.003,0.182,0.2793,1.0,0.984,1.81,0.888,3.682,0.153,track
4,12,-0.077,-0.17,0.065,-0.078,-0.162,-1.32,0.002,0.2,0.2783,1.0,0.986,1.775,0.895,3.656,0.147,track
4,13,-0.077,-0.171,0.063,-0.078,-0.162,-1.32,0.0,0.215,0.2793,1.0,0.988,1.74,0.888,3.615,0.13,track
4,14,-0.077,-0.172,0.062,-0.078,-0.162,-1.32,-0.003,0.224,0.2783,1.0,0.988,1.72,0.895,3.603,0.126,track
4,15,-0.076,-0.173,0.06,-0.078,-0.162,-1.32,-0.003,0.235,0.2812,1.0,0.989,1.694,0.873,3.556,0.127,track
4,16,-0.076,-0.174,0.058,-0.078,-0.162,-1.32,-0.003,0.237,0.2822,1.0,0.989,1.689,0.866,3.543,0.148,track
4,17,-0.076,-0.175,0.056,-0.078,-0.162,-1.32,-0.006,0.24,0.2822,1.0,0.989,1.683,0.866,3.538,0.145,track
4,18,-0.076,-0.176,0.054,-0.078,-0.162,-1.32,-0.008,0.24,0.2832,1.0,0.989,1.683,0.858,3.53,0.16,track
4,19,-0.075,-0.177,0.052,-0.078,-0.162,-1.32,-0.012,0.237,0.2861,1.0,0.989,1.689,0.834,3.512,0.161,track
4,20,-0.075,-0.179,0.05,-0.078,-0.162,-1.32,-0.015,0.235,0.2891,1.0,0.989,1.694,0.809,3.492,0.157,track
4,21,-0.075,-0.18,0.048,-0.078,-0.162,-1.32,-0.015,0.232,0.29,1.0,0.989,1.7,0.8,3.489,0.161,track
4,22,-0.075,-0.182,0.046,-0.078,-0.162,-1.32,-0.016,0.228,0.29,1.0,0.988,1.709,0.8,3.498,0.16,track
4,23,-0.074,-0.183,0.044,-0.078,-0.162,-1.32,-0.019,0.223,0.291,1.0,0.988,1.72,0.792,3.5,0.157,track
4,24,-0.074,-0.185,0.041,-0.078,-0.162,-1.32,-0.02,0.219,0.292,1.0,0.988,1.729,0.783,3.5,0.159,track
4,25,-0.074,-0.186,0.039,-0.078,-0.162,-1.32,-0.02,0.212,0.293,1.0,0.988,1.745,0.774,3.506,0.159,track
4,26,-0.073,-0.188,0.036,-0.078,-0.162,-1.32,-0.02,0.208,0.2969,1.0,0.988,1.755,0.737,3.48,0.161,track
4,27,-0.073,-0.19,0.034,-0.078,-0.162,-1.32,-0.02,0.199,0.2979,1.0,0.988,1.775,0.728,3.49,0.17,track
4,28,-0.073,-0.192,0.031,-0.078,-0.162,-1.32,-0.018,0.19,0.2979,1.0,0.988,1.793,0.728,3.508,0.168,track
4,29,-0.072,-0.194,0.028,-0.078,-0.162,-1.32,-0.02,0.183,0.2998,1.0,0.988,1.807,0.709,3.503,0.177,track
4,30,-0.072,-0.196,0.025,-0.078,-0.162,-1.32,-0.024,0.166,0.2998,1.0,0.987,1.838,0.709,3.534,0.182,track
4,31,-0.071,-0.198,0.023,-0.078,-0.162,-1.32,-0.028,0.154,0.2979,1.0,0.987,1.858,0.728,3.573,0.185,track
4,32,-0.071,-0.2,0.02,-0.078,-0.162,-1.32,-0.028,0.147,0.2959,1.0,0.987,1.869,0.746,3.602,0.192,track
4,33,-0.071,-0.202,0.017,-0.078,-0.162,-1.32,-0.027,0.123,0.2939,1.0,0.987,1.907,0.765,3.659,0.193,track
4,34,-0.07,-0.205,0.014,-0.078,-0.162,-1.32,-0.03,0.099,0.29,1.0,0.986,1.936,0.8,3.723,0.19,track
4,35,-0.07,-0.207,0.011,-0.078,-0.162,-1.32,-0.031,0.086,0.2852,1.0,0.985,1.951,0.842,3.778,0.212,track
4,36,-0.069,-0.209,0.008,-0.078,-0.162,-1.32,-0.036,0.054,0.2812,1.0,0.985,1.975,0.873,3.834,0.221,track
4,37,-0.069,-0.212,0.005,-0.078,-0.162,-1.32,-0.037,0.03,0.2715,1.0,0.983,1.987,0.938,3.908,0.223,track
4,38,-0.069,-0.214,0.002,-0.078,-0.162,-1.32,-0.036,0.003,0.2656,1.0,0.983,1.992,0.967,3.942,0.248,track
4,39,-0.068,-0.217,-0.001,-0.078,-0.162,-1.32,-0.038,-0.03,0.2568,1.0,0.982,1.986,0.994,3.962,0.245,track
4,40,-0.068,-0.22,-0.003,-0.078,-0.162,-1.32,-0.036,-0.061,0.2441,1.0,0.98,1.971,0.999,3.95,0.233,track
4,41,-0.067,-0.222,-0.006,-0.078,-0.162,-1.32,-0.036,-0.09,0.2354,1.0,0.978,1.945,0.993,3.915,0.299,track
4,42,-0.067,-0.225,-0.008,-0.078,-0.162,-1.32,-0.032,-0.13,0.2324,1.0,0.978,1.895,0.989,3.863,0.281,track
4,43,-0.066,-0.228,-0.01,-0.078,-0.162,-1.32,-0.037,-0.159,0.2197,1.0,0.976,1.846,0.969,3.791,0.325,track
4,44,-0.066,-0.23,-0.012,-0.078,-0.162,-1.32,-0.033,-0.198,0.2188,1.0,0.975,1.773,0.967,3.715,0.341,track
4,45,-0.065,-0.233,-0.014,-0.078,-0.162,-1.32,-0.029,-0.239,0.2197,1.0,0.976,1.68,0.969,3.624,0.376,track
4,46,-0.065,-0.236,-0.015,-0.078,-0.162,-1.32,-0.036,-0.263,0.2119,1.0,0.975,1.62,0.951,3.546,0.407,track
4,47,-0.065,-0.239,-0.015,-0.078,-0.162,-1.32,-0.042,-0.283,0.21,1.0,0.976,1.564,0.946,3.486,0.381,track
4,48,-0.064,-0.242,-0.016,-0.078,-0.162,-1.32,-0.046,-0.302,0.2021,1.0,0.977,1.511,0.924,3.412,0.312,track
4,49,-0.064,-0.244,-0.016,-0.078,-0.162,-1.32,-0.04,-0.31,0.2012,1.0,0.978,1.491,0.921,3.389,0.276,track
4,50,-0.063,-0.247,-0.015,-0.078,-0.162,-1.32,-0.051,-0.327,0.1934,1.0,0.98,1.44,0.895,3.315,0.215,track
4,51,-0.063,-0.25,-0.015,-0.078,-0.162,-1.32,-0.044,-0.324,0.1885,1.0,0.98,1.452,0.877,3.308,0.191,track
4,52,-0.062,-0.252,-0.014,-0.078,-0.162,-1.32,-0.048,-0.344,0.1826,1.0,0.982,1.392,0.854,3.228,0.201,track
4,53,-0.062,-0.255,-0.014,-0.078,-0.162,-1.32,-0.045,-0.338,0.1768,1.0,0.98,1.411,0.83,3.221,0.266,track
4,54,-0.061,-0.258,-0.013,-0.078,-0.162,-1.32,-0.05,-0.343,0.1729,1.0,0.981,1.395,0.813,3.19,0.335,track
4,55,-0.061,-0.26,-0.012,-0.078,-0.162,-1.32,-0.044,-0.364,0.1689,1.0,0.982,1.336,0.796,3.114,0.325,track
4,56,-0.061,-0.263,-0.011,-0.078,-0.162,-1.32,-0.045,-0.372,0.168,1.0,0.98,1.313,0.792,3.085,0.332,track
4,57,-0.06,-0.265,-0.01,-0.078,-0.162,-1.32,-0.051,-0.383,0.165,1.0,0.982,1.278,0.778,3.037,0.225,track
4,58,-0.06,-0.267,-0.008,-0.078,-0.162,-1.32,-0.049,-0.405,0.166,1.0,0.981,1.215,0.783,2.979,0.24,track
4,59,-0.06,-0.27,-0.007,-0.078,-0.162,-1.32,-0.051,-0.412,0.166,1.0,0.98,1.191,0.783,2.954,0.233,track
4,60,-0.059,-0.272,-0.006,-0.078,-0.162,-1.32,-0.039,-0.428,0.1611,1.0,0.981,1.148,0.76,2.889,0.255,track
4,61,-0.059,-0.274,-0.004,-0.078,-0.162,-1.32,-0.045,-0.435,0.1621,1.0,0.979,1.127,0.765,2.871,0.257,track
4,62,-0.059,-0.276,-0.003,-0.078,-0.162,-1.32,-0.039,-0.441,0.1611,1.0,0.98,1.112,0.76,2.852,0.254,track
4,63,-0.058,-0.278,-0.001,-0.078,-0.162,-1.32,-0.034,-0.462,0.1582,1.0,0.98,1.051,0.746,2.777,0.144,track
4,64,-0.058,-0.28,0.001,-0.078,-0.162,-1.32,-0.032,-0.468,0.1602,1.0,0.978,1.032,0.756,2.766,0.131,track
4,65,-0.058,-0.282,0.003,-0.078,-0.162,-1.32,-0.036,-0.478,0.165,1.0,0.979,1.003,0.778,2.76,0.118,track
4,66,-0.058,-0.284,0.004,-0.078,-0.162,-1.32,-0.028,-0.491,0.1631,1.0,0.978,0.969,0.769,2.716,0.084,track
4,67,-0.058,-0.286,0.006,-0.078,-0.162,-1.32,-0.027,-0.508,0.1611,1.0,0.977,0.919,0.76,2.657,0.107,track
4,68,-0.058,-0.287,0.008,-0.078,-0.162,-1.32,-0.024,-0.514,0.165,1.0,0.976,0.904,0.778,2.658,0.12,track
4,69,-0.057,-0.289,0.01,-0.078,-0.162,-1.32,-0.026,-0.518,0.165,1.0,0.976,0.893,0.778,2.647,0.112,track
4,70,-0.057,-0.291,0.012,-0.078,-0.162,-1.32,-0.022,-0.538,0.1641,1.0,0.975,0.837,0.774,2.587,0.059,track
4,71,-0.057,-0.292,0.014,-0.078,-0.162,-1.32,-0.021,-0.551,0.1611,1.0,0.974,0.804,0.76,2.538,0.114,track
4,72,-0.057,-0.293,0.015,-0.078,-0.162,-1.32,-0.025,-0.568,0.1699,1.0,0.972,0.76,0.8,2.532,0.109,track
4,73,-0.057,-0.295,0.017,-0.078,-0.162,-1.32,-0.021,-0.571,0.1709,1.0,0.971,0.752,0.805,2.527,0.136,track
4,74,-0.057,-0.296,0.019,-0.078,-0.162,-1.32,-0.014,-0.582,0.1689,1.0,0.971,0.724,0.796,2.492,0.112,track
4,75,-0.057,-0.297,0.021,-0.078,-0.162,-1.32,-0.012,-0.602,0.1699,1.0,0.97,0.674,0.8,2.445,0.122,track
4,76,-0.058,-0.298,0.023,-0.078,-0.162,-1.32,-0.008,-0.616,0.167,1.0,0.969,0.641,0.787,2.397,0.161,track
4,77,-0.058,-0.299,0.024,-0.078,-0.162,-1.32,-0.01,-0.621,0.168,1.0,0.968,0.63,0.792,2.39,0.175,track
4,78,-0.058,-0.299,0.026,-0.078,-0.162,-1.32,-0.007,-0.631,0.1709,1.0,0.968,0.605,0.805,2.378,0.132,track
4,79,-0.058,-0.3,0.028,-0.078,-0.162,-1.32,-0.003,-0.637,0.1689,1.0,0.968,0.592,0.796,2.356,0.132,track
4,80,-0.058,-0.301,0.029,-0.078,-0.162,-1.32,0.0,-0.639,0.1689,1.0,0.967,0.588,0.796,2.352,0.118,track
4,81,-0.059,-0.301,0.031,-0.078,-0.162,-1.32,0.0,-0.641,0.1709,1.0,0.967,0.582,0.805,2.354,0.087,track
4,82,-0.059,-0.302,0.032,-0.078,-0.162,-1.32,0.002,-0.642,0.1709,1.0,0.967,0.58,0.805,2.352,0.1,track
4,83,-0.06,-0.302,0.033,-0.078,-0.162,-1.32,0.002,-0.646,0.1729,1.0,0.967,0.572,0.813,2.353,0.092,track
4,84,-0.06,-0.302,0.035,-0.078,-0.162,-1.32,0.005,-0.646,0.1748,1.0,0.967,0.571,0.822,2.36,0.085,track
4,85,-0.061,-0.302,0.036,-0.078,-0.162,-1.32,0.012,-0.648,0.1748,1.0,0.967,0.568,0.822,2.357,0.077,track
4,86,-0.061,-0.302,0.037,-0.078,-0.162,-1.32,0.018,-0.646,0.1758,1.0,0.967,0.571,0.826,2.364,0.082,track
4,87,-0.062,-0.302,0.038,-0.078,-0.162,-1.32,0.027,-0.646,0.1768,1.0,0.967,0.571,0.83,2.368,0.069,track
4,88,-0.062,-0.302,0.038,-0.078,-0.162,-1.32,0.028,-0.644,0.1777,1.0,0.968,0.575,0.834,2.377,0.072,track
4,89,-0.063,-0.302,0.039,-0.078,-0.162,-1.32,0.034,-0.643,0.1797,1.0,0.968,0.577,0.842,2.387,0.084,track
4,90,-0.064,-0.302,0.04,-0.078,-0.162,-1.32,0.036,-0.642,0.1807,1.0,0.968,0.579,0.846,2.393,0.087,track
4,91,-0.064,-0.301,0.041,-0.078,-0.162,-1.32,0.038,-0.642,0.1797,1.0,0.969,0.579,0.842,2.39,0.099,track
4,92,-0.065,-0.301,0.041,-0.078,-0.162,-1.32,0.046,-0.64,0.1846,1.0,0.969,0.581,0.862,2.412,0.094,track
4,93,-0.066,-0.3,0.041,-0.078,-0.162,-1.32,0.058,-0.641,0.1875,1.0,0.97,0.577,0.873,2.42,0.09,track
4,94,-0.067,-0.3,0.042,-0.078,-0.162,-1.32,0.063,-0.634,0.1904,1.0,0.97,0.592,0.884,2.446,0.08,track
4,95,-0.068,-0.299,0.042,-0.078,-0.162,-1.32,0.07,-0.629,0.1914,1.0,0.971,0.6,0.888,2.459,0.081,track
4,96,-0.069,-0.298,0.042,-0.078,-0.162,-1.32,0.077,-0.626,0.1904,1.0,0.971,0.606,0.884,2.462,0.085,track
4,97,-0.07,-0.297,0.042,-0.078,-0.162,-1.32,0.082,-0.62,0.1934,1.0,0.971,0.619,0.895,2.484,0.076,track
4,98,-0.071,-0.296,0.042,-0.078,-0.162,-1.32,0.088,-0.619,0.1973,1.0,0.971,0.619,0.908,2.499,0.103,track
4,99,-0.072,-0.295,0.042,-0.078,-0.162,-1.32,0.088,-0.611,0.2002,1.0,0.972,0.638,0.917,2.527,0.11,track
4,100,-0.073,-0.294,0.042,-0.078,-0.162,-1.32,0.093,-0.599,0.2051,1.0,0.972,0.664,0.932,2.568,0.156,track
4,101,-0.074,-0.293,0.042,-0.078,-0.162,-1.32,0.1,-0.594,0.209,1.0,0.972,0.674,0.943,2.589,0.199,track
4,102,-0.075,-0.291,0.041,-0.078,-0.162,-1.32,0.103,-0.586,0.2129,1.0,0.973,0.692,0.953,2.618,0.187,track
4,103,-0.077,-0.29,0.04,-0.078,-0.162,-1.32,0.106,-0.578,0.2168,1.0,0.974,0.71,0.962,2.647,0.204,track
4,104,-0.078,-0.288,0.04,-0.078,-0.162,-1.32,0.112,-0.569,0.2217,1.0,0.975,0.729,0.973,2.676,0.222,track
4,105,-0.079,-0.287,0.039,-0.078,-0.162,-1.32,0.12,-0.558,0.2266,1.0,0.976,0.754,0.981,2.711,0.24,track
4,106,-0.08,-0.285,0.037,-0.078,-0.162,-1.32,0.121,-0.55,0.2314,1.0,0.977,0.772,0.988,2.737,0.26,track
4,107,-0.082,-0.284,0.036,-0.078,-0.162,-1.32,0.126,-0.535,0.2373,1.0,0.977,0.809,0.994,2.781,0.269,track
4,108,-0.083,-0.282,0.035,-0.078,-0.162,-1.32,0.131,-0.528,0.2422,1.0,0.977,0.823,0.998,2.798,0.292,track
4,109,-0.084,-0.28,0.033,-0.078,-0.162,-1.32,0.132,-0.511,0.248,1.0,0.978,0.868,1.0,2.846,0.302,track
4,110,-0.086,-0.279,0.031,-0.078,-0.162,-1.32,0.134,-0.498,0.252,1.0,0.978,0.901,0.999,2.878,0.331,track
4,111,-0.087,-0.277,0.03,-0.078,-0.162,-1.32,0.143,-0.476,0.2539,1.0,0.978,0.952,0.998,2.928,0.344,track
4,112,-0.089,-0.275,0.028,-0.078,-0.162,-1.32,0.146,-0.459,0.2617,1.0,0.977,0.997,0.981,2.955,0.362,track
4,113,-0.09,-0.273,0.025,-0.078,-0.162,-1.32,0.15,-0.439,0.2686,1.0,0.975,1.049,0.953,2.977,0.413,track
4,114,-0.091,-0.271,0.023,-0.078,-0.162,-1.32,0.156,-0.417,0.2715,1.0,0.973,1.102,0.938,3.013,0.451,track
4,115,-0.093,-0.269,0.021,-0.078,-0.162,-1.32,0.159,-0.387,0.2793,1.0,0.973,1.182,0.888,3.042,0.48,track
4,116,-0.094,-0.267,0.018,-0.078,-0.162,-1.32,0.164,-0.361,0.2852,1.0,0.968,1.249,0.842,3.059,0.515,track
4,117,-0.096,-0.265,0.015,-0.078,-0.162,-1.32,0.174,-0.327,0.2822,1.0,0.963,1.326,0.866,3.156,0.526,track
4,118,-0.097,-0.263,0.012,-0.078,-0.162,-1.32,0.189,-0.291,0.2871,1.0,0.963,1.393,0.826,3.182,0.513,track
4,119,-0.099,-0.261,0.009,-0.078,-0.162,-1.32,0.203,-0.239,0.2734,1.0,0.963,1.488,0.927,3.378,0.494,track
4,120,-0.1,-0.258,0.005,-0.078,-0.162,-1.32,0.206,-0.19,0.2656,1.0,0.956,1.58,0.967,3.503,0.455,track
4,121,-0.102,-0.256,0.001,-0.078,-0.162,-1.32,0.209,-0.133,0.2568,1.0,0.951,1.664,0.994,3.608,0.432,track
4,122,-0.103,-0.254,-0.002,-0.078,-0.162,-1.32,0.21,-0.076,0.2441,1.0,0.942,1.721,0.999,3.662,0.298,track
4,123,-0.104,-0.252,-0.006,-0.078,-0.162,-1.32,0.213,-0.015,0.2334,1.0,0.94,1.745,0.99,3.675,0.282,track
4,124,-0.106,-0.25,-0.01,-0.078,-0.162,-1.32,0.212,0.046,0.2207,1.0,0.949,1.736,0.971,3.655,0.256,track
4,125,-0.107,-0.248,-0.014,-0.078,-0.162,-1.32,0.208,0.105,0.21,1.0,0.956,1.699,0.946,3.601,0.285,track
4,126,-0.108,-0.246,-0.018,-0.078,-0.162,-1.32,0.195,0.146,0.2031,1.0,0.963,1.673,0.927,3.562,0.258,track
4,127,-0.109,-0.244,-0.021,-0.078,-0.162,-1.32,0.178,0.169,0.2041,1.0,0.968,1.67,0.929,3.568,0.268,track
4,128,-0.11,-0.242,-0.025,-0.078,-0.162,-1.32,0.173,0.188,0.1953,1.0,0.973,1.646,0.901,3.52,0.272,track
4,129,-0.111,-0.24,-0.028,-0.078,-0.162,-1.32,0.165,0.192,0.1875,1.0,0.976,1.65,0.873,3.5,0.296,track
4,130,-0.111,-0.239,-0.03,-0.078,-0.162,-1.32,0.148,0.208,0.1807,1.0,0.979,1.645,0.846,3.47,0.28,track
4,131,-0.112,-0.237,-0.033,-0.078,-0.162,-1.32,0.149,0.187,0.168,1.0,0.981,1.685,0.792,3.458,0.244,track
4,132,-0.113,-0.236,-0.035,-0.078,-0.162,-1.32,0.113,0.197,0.1748,1.0,0.983,1.713,0.822,3.518,0.232,track
4,133,-0.113,-0.234,-0.037,-0.078,-0.162,-1.32,0.109,0.197,0.168,1.0,0.985,1.718,0.792,3.494,0.124,track
4,134,-0.114,-0.233,-0.039,-0.078,-0.162,-1.32,0.105,0.199,0.168,1.0,0.984,1.717,0.792,3.492,0.101,track
4,135,-0.114,-0.232,-0.041,-0.078,-0.162,-1.32,0.105,0.199,0.165,1.0,0.986,1.718,0.778,3.482,0.115,track
4,136,-0.114,-0.23,-0.043,-0.078,-0.162,-1.32,0.105,0.2,0.1611,1.0,0.985,1.717,0.76,3.462,0.076,track
4,137,-0.115,-0.229,-0.044,-0.078,-0.162,-1.32,0.106,0.182,0.1553,1.0,0.986,1.75,0.732,3.468,0.056,track
4,138,-0.115,-0.228,-0.046,-0.078,-0.162,-1.32,0.108,0.181,0.1523,1.0,0.985,1.75,0.718,3.453,0.045,track
4,139,-0.115,-0.228,-0.048,-0.078,-0.162,-1.32,0.102,0.18,0.1494,1.0,0.985,1.759,0.704,3.448,0.05,track
4,140,-0.115,-0.227,-0.05,-0.078,-0.162,-1.32,0.071,0.181,0.1504,1.0,0.985,1.786,0.709,3.479,0.036,track
4,141,-0.115,-0.226,-0.052,-0.078,-0.162,-1.32,0.055,0.167,0.1465,1.0,0.985,1.823,0.689,3.498,0.091,track
4,142,-0.115,-0.225,-0.053,-0.078,-0.162,-1.32,0.059,0.169,0.1406,1.0,0.984,1.816,0.66,3.46,0.108,track
4,143,-0.115,-0.225,-0.055,-0.078,-0.162,-1.32,0.054,0.149,0.1377,1.0,0.985,1.854,0.645,3.485,0.102,track
4,144,-0.115,-0.224,-0.058,-0.078,-0.162,-1.32,0.052,0.143,0.1318,1.0,0.984,1.866,0.616,3.466,0.144,track
4,145,-0.115,-0.224,-0.06,-0.078,-0.162,-1.32,0.051,0.142,0.1309,1.0,0.985,1.868,0.611,3.464,0.151,track
4,146,-0.115,-0.223,-0.062,-0.078,-0.162,-1.32,0.054,0.151,0.127,1.0,0.985,1.851,0.591,3.428,0.134,track
4,147,-0.115,-0.223,-0.064,-0.078,-0.162,-1.32,0.056,0.138,0.124,1.0,0.986,1.871,0.576,3.433,0.115,track
4,148,-0.115,-0.223,-0.067,-0.078,-0.162,-1.32,0.05,0.134,0.123,1.0,0.985,1.881,0.571,3.438,0.125,track
4,149,-0.115,-0.223,-0.069,-0.078,-0.162,-1.32,0.06,0.124,0.1182,1.0,0.986,1.889,0.547,3.421,0.123,track
4,150,-0.115,-0.223,-0.072,-0.078,-0.162,-1.32,0.07,0.111,0.1143,1.0,0.985,1.899,0.527,3.412,0.097,track
4,151,-0.114,-0.223,-0.075,-0.078,-0.162,-1.32,0.053,0.132,0.1025,1.0,0.985,1.882,0.47,3.337,0.069,track
4,152,-0.114,-0.223,-0.078,-0.078,-0.162,-1.32,0.045,0.075,0.1045,1.0,0.987,1.954,0.479,3.42,0.059,track
4,153,-0.114,-0.223,-0.081,-0.078,-0.162,-1.32,0.023,0.083,0.1045,1.0,0.984,1.956,0.479,3.419,0.182,track
4,154,-0.114,-0.223,-0.083,-0.078,-0.162,-1.32,0.016,0.093,0.0967,1.0,0.986,1.948,0.442,3.375,0.131,track
4,155,-0.113,-0.223,-0.086,-0.078,-0.162,-1.32,0.016,0.065,0.0889,1.0,0.986,1.973,0.406,3.365,0.102,track
4,156,-0.113,-0.224,-0.089,-0.078,-0.162,-1.32,0.031,0.007,0.0869,1.0,0.986,1.994,0.397,3.377,0.033,track
4,157,-0.113,-0.224,-0.092,-0.078,-0.162,-1.32,0.03,0.043,0.0811,1.0,0.979,1.984,0.371,3.334,0.313,track
4,158,-0.112,-0.224,-0.095,-0.078,-0.162,-1.32,0.019,0.001,0.0762,1.0,0.985,1.998,0.35,3.333,0.281,track
4,159,-0.112,-0.225,-0.098,-0.078,-0.162,-1.32,0.071,-0.083,0.0684,1.0,0.981,1.93,0.318,3.229,0.284,track
4,160,-0.112,-0.226,-0.1,-0.078,-0.162,-1.32,0.062,0.022,0.0615,1.0,0.97,1.975,0.291,3.236,0.555,track
4,161,-0.111,-0.226,-0.102,-0.078,-0.162,-1.32,0.061,-0.117,0.0664,1.0,0.991,1.899,0.31,3.2,0.709,track
4,162,-0.111,-0.227,-0.104,-0.078,-0.162,-1.32,0.071,-0.123,0.0508,1.0,0.983,1.883,0.252,3.118,0.524,track
4,163,-0.111,-0.228,-0.105,-0.078,-0.162,-1.32,0.065,-0.168,0.0557,1.0,0.984,1.815,0.269,3.069,0.439,track
4,164,-0.11,-0.229,-0.106,-0.078,-0.162,-1.32,0.07,-0.161,0.041,1.0,0.981,1.824,0.219,3.024,0.475,track
4,165,-0.11,-0.23,-0.107,-0.078,-0.162,-1.32,0.043,-0.112,0.0439,1.0,0.988,1.915,0.229,3.131,0.548,track
4,166,-0.11,-0.231,-0.107,-0.078,-0.162,-1.32,0.046,-0.087,0.0449,1.0,0.993,1.943,0.232,3.168,0.442,track
4,167,-0.11,-0.232,-0.107,-0.078,-0.162,-1.32,0.043,-0.129,0.041,1.0,0.995,1.891,0.219,3.105,0.286,track
4,168,-0.109,-0.233,-0.106,-0.078,-0.162,-1.32,0.067,-0.062,0.043,1.0,0.995,1.95,0.226,3.171,0.22,track
4,169,-0.109,-0.234,-0.106,-0.078,-0.162,-1.32,0.119,-0.132,0.042,1.0,0.992,1.819,0.223,3.033,0.385,track
4,170,-0.109,-0.235,-0.105,-0.078,-0.162,-1.32,0.066,-0.099,0.0479,1.0,0.995,1.916,0.242,3.153,0.408,track
4,171,-0.109,-0.236,-0.104,-0.078,-0.162,-1.32,0.119,-0.136,0.0518,1.0,0.992,1.814,0.255,3.062,0.347,track
4,172,-0.109,-0.237,-0.103,-0.078,-0.162,-1.32,0.085,-0.114,0.0586,1.0,0.995,1.882,0.28,3.158,0.361,track
4,173,-0.109,-0.238,-0.102,-0.078,-0.162,-1.32,0.088,-0.069,0.0654,1.0,0.992,1.927,0.306,3.225,0.338,track
4,174,-0.109,-0.239,-0.1,-0.078,-0.162,-1.32,0.086,-0.11,0.0635,1.0,0.997,1.887,0.299,3.183,0.402,track
4,175,-0.108,-0.24,-0.099,-0.078,-0.162,-1.32,0.072,-0.123,0.0654,1.0,0.994,1.882,0.306,3.182,0.379,track
4,176,-0.108,-0.241,-0.098,-0.078,-0.162,-1.32,0.069,-0.146,0.0684,1.0,0.997,1.85,0.318,3.165,0.333,track
4,177,-0.108,-0.242,-0.098,-0.078,-0.162,-1.32,0.062,-0.193,0.0664,1.0,0.992,1.768,0.31,3.07,0.409,track
4,178,-0.108,-0.243,-0.097,-0.078,-0.162,-1.32,0.064,-0.121,0.0654,1.0,0.995,1.89,0.306,3.191,0.332,track
4,179,-0.108,-0.244,-0.096,-0.078,-0.162,-1.32,0.095,-0.097,0.0615,1.0,0.994,1.892,0.291,3.177,0.437,track
4,180,-0.108,-0.246,-0.095,-0.078,-0.162,-1.32,0.086,-0.094,0.0645,1.0,0.996,1.905,0.303,3.203,0.421,track
4,181,-0.108,-0.247,-0.094,-0.078,-0.162,-1.32,0.111,-0.126,0.0723,1.0,0.996,1.837,0.334,3.167,0.289,track
4,182,-0.108,-0.248,-0.093,-0.078,-0.162,-1.32,0.111,-0.118,0.0723,1.0,0.997,1.849,0.334,3.18,0.301,track
4,183,-0.108,-0.249,-0.092,-0.078,-0.162,-1.32,0.117,-0.155,0.0752,1.0,0.995,1.786,0.346,3.128,0.241,track
4,184,-0.108,-0.25,-0.092,-0.078,-0.162,-1.32,0.121,-0.144,0.0752,1.0,0.996,1.799,0.346,3.142,0.356,track
4,185,-0.108,-0.251,-0.091,-0.078,-0.162,-1.32,0.118,-0.104,0.0771,1.0,0.994,1.858,0.354,3.206,0.318,track
4,186,-0.108,-0.252,-0.09,-0.078,-0.162,-1.32,0.098,-0.153,0.0811,1.0,0.996,1.812,0.371,3.179,0.462,track
4,187,-0.108,-0.253,-0.089,-0.078,-0.162,-1.32,0.088,-0.149,0.0801,1.0,0.996,1.828,0.367,3.191,0.424,track
4,188,-0.108,-0.254,-0.089,-0.078,-0.162,-1.32,0.094,-0.129,0.0811,1.0,0.997,1.853,0.371,3.221,0.284,track
4,189,-0.108,-0.255,-0.088,-0.078,-0.162,-1.32,0.115,-0.129,0.082,1.0,0.996,1.829,0.375,3.2,0.26,track
4,190,-0.108,-0.256,-0.088,-0.078,-0.162,-1.32,0.1,-0.129,0.0859,1.0,0.997,1.846,0.393,3.235,0.297,track
4,191,-0.108,-0.257,-0.087,-0.078,-0.162,-1.32,0.102,-0.14,0.084,1.0,0.996,1.828,0.384,3.208,0.295,track
4,192,-0.108,-0.258,-0.087,-0.078,-0.162,-1.32,0.109,-0.142,0.085,1.0,0.996,1.817,0.388,3.202,0.292,track
4,193,-0.108,-0.259,-0.087,-0.078,-0.162,-1.32,0.111,-0.132,0.082,1.0,0.996,1.829,0.375,3.2,0.317,track
4,194,-0.109,-0.26,-0.086,-0.078,-0.162,-1.32,0.118,-0.135,0.0801,1.0,0.996,1.816,0.367,3.179,0.354,track
4,195,-0.109,-0.261,-0.086,-0.078,-0.162,-1.32,0.132,-0.155,0.0781,1.0,0.996,1.767,0.359,3.121,0.301,track
4,196,-0.109,-0.262,-0.086,-0.078,-0.162,-1.32,0.146,-0.159,0.0801,1.0,0.996,1.739,0.367,3.102,0.303,track
4,197,-0.109,-0.263,-0.085,-0.078,-0.162,-1.32,0.144,-0.135,0.0801,1.0,0.995,1.779,0.367,3.142,0.347,track
4,198,-0.109,-0.264,-0.085,-0.078,-0.162,-1.32,0.158,-0.144,0.082,1.0,0.996,1.742,0.375,3.114,0.407,track
4,199,-0.109,-0.265,-0.085,-0.078,-0.162,-1.32,0.144,-0.164,0.082,1.0,0.995,1.734,0.375,3.105,0.318,track
4,200,-0.109,-0.266,-0.084,-0.078,-0.162,-1.32,0.142,-0.165,0.085,1.0,0.996,1.735,0.388,3.119,0.349,track
4,201,-0.109,-0.267,-0.084,-0.078,-0.162,-1.32,0.145,-0.161,0.0859,1.0,0.995,1.737,0.393,3.125,0.35,track
4,202,-0.109,-0.267,-0.084,-0.078,-0.162,-1.32,0.151,-0.159,0.0879,1.0,0.996,1.731,0.402,3.128,0.368,track
4,203,-0.11,-0.268,-0.083,-0.078,-0.162,-1.32,0.148,-0.157,0.0889,1.0,0.996,1.739,0.406,3.141,0.308,track
4,204,-0.11,-0.269,-0.083,-0.078,-0.162,-1.32,0.134,-0.163,0.0908,1.0,0.996,1.749,0.415,3.16,0.315,track
4,205,-0.11,-0.27,-0.082,-0.078,-0.162,-1.32,0.14,-0.172,0.0908,1.0,0.996,1.725,0.415,3.135,0.312,track
4,206,-0.11,-0.271,-0.082,-0.078,-0.162,-1.32,0.133,-0.17,0.085,1.0,0.996,1.739,0.388,3.123,0.286,track
4,207,-0.11,-0.272,-0.082,-0.078,-0.162,-1.32,0.13,-0.179,0.0889,1.0,0.996,1.728,0.406,3.13,0.267,track
4,208,-0.11,-0.272,-0.081,-0.078,-0.162,-1.32,0.13,-0.166,0.0918,1.0,0.996,1.751,0.419,3.166,0.269,track
4,209,-0.111,-0.273,-0.081,-0.078,-0.162,-1.32,0.14,-0.154,0.0938,1.0,0.996,1.756,0.428,3.18,0.267,track
4,210,-0.111,-0.274,-0.081,-0.078,-0.162,-1.32,0.139,-0.156,0.0928,1.0,0.996,1.754,0.424,3.173,0.326,track
4,211,-0.111,-0.275,-0.081,-0.078,-0.162,-1.32,0.159,-0.161,0.0908,1.0,0.996,1.717,0.415,3.127,0.243,track
4,212,-0.111,-0.275,-0.08,-0.078,-0.162,-1.32,0.155,-0.171,0.0908,1.0,0.996,1.706,0.415,3.117,0.249,track
4,213,-0.111,-0.276,-0.08,-0.078,-0.162,-1.32,0.154,-0.173,0.0918,1.0,0.996,1.704,0.419,3.119,0.286,track
4,214,-0.112,-0.277,-0.08,-0.078,-0.162,-1.32,0.166,-0.168,0.0918,1.0,0.996,1.693,0.419,3.108,0.261,track
4,215,-0.112,-0.278,-0.08,-0.078,-0.162,-1.32,0.16,-0.169,0.0908,1.0,0.996,1.701,0.415,3.112,0.28,track
4,216,-0.112,-0.278,-0.08,-0.078,-0.162,-1.32,0.167,-0.168,0.0918,1.0,0.996,1.69,0.419,3.105,0.273,track
4,217,-0.112,-0.279,-0.079,-0.078,-0.162,-1.32,0.173,-0.16,0.0947,1.0,0.996,1.693,0.433,3.122,0.266,track
4,218,-0.112,-0.28,-0.079,-0.078,-0.162,-1.32,0.178,-0.167,0.0938,1.0,0.996,1.671,0.428,3.096,0.253,track
4,219,-0.113,-0.28,-0.079,-0.078,-0.162,-1.32,0.176,-0.178,0.0967,1.0,0.996,1.658,0.442,3.097,0.23,track
4,220,-0.113,-0.281,-0.079,-0.078,-0.162,-1.32,0.174,-0.18,0.0996,1.0,0.996,1.658,0.456,3.11,0.238,track
4,221,-0.113,-0.281,-0.079,-0.078,-0.162,-1.32,0.176,-0.169,0.1016,1.0,0.996,1.673,0.465,3.135,0.239,track
4,222,-0.113,-0.282,-0.078,-0.078,-0.162,-1.32,0.177,-0.162,0.1016,1.0,0.997,1.683,0.465,3.145,0.261,track
4,223,-0.114,-0.283,-0.078,-0.078,-0.162,-1.32,0.175,-0.174,0.1016,1.0,0.996,1.667,0.465,3.128,0.206,track
4,224,-0.114,-0.283,-0.078,-0.078,-0.162,-1.32,0.18,-0.18,0.0996,1.0,0.997,1.648,0.456,3.101,0.215,track
4,225,-0.114,-0.284,-0.078,-0.078,-0.162,-1.32,0.184,-0.187,0.0986,1.0,0.997,1.626,0.451,3.074,0.214,track
4,226,-0.114,-0.284,-0.078,-0.078,-0.162,-1.32,0.18,-0.176,0.0986,1.0,0.996,1.654,0.451,3.102,0.204,track
4,227,-0.114,-0.285,-0.077,-0.078,-0.162,-1.32,0.184,-0.174,0.0986,1.0,0.997,1.651,0.451,3.099,0.245,track
4,228,-0.115,-0.285,-0.077,-0.078,-0.162,-1.32,0.18,-0.182,0.0996,1.0,0.997,1.643,0.456,3.095,0.208,track
4,229,-0.115,-0.286,-0.077,-0.078,-0.162,-1.32,0.183,-0.183,0.1016,1.0,0.997,1.636,0.465,3.098,0.213,track
4,230,-0.115,-0.286,-0.077,-0.078,-0.162,-1.32,0.189,-0.183,0.1025,1.0,0.997,1.626,0.47,3.093,0.2,track
4,231,-0.115,-0.287,-0.077,-0.078,-0.162,-1.32,0.189,-0.185,0.1025,1.0,0.997,1.623,0.47,3.09,0.203,track
4,232,-0.116,-0.287,-0.077,-0.078,-0.162,-1.32,0.197,-0.178,0.1025,1.0,0.997,1.619,0.47,3.085,0.199,track
4,233,-0.116,-0.288,-0.076,-0.078,-0.162,-1.32,0.199,-0.174,0.1045,1.0,0.997,1.622,0.479,3.098,0.22,track
4,234,-0.116,-0.288,-0.076,-0.078,-0.162,-1.32,0.201,-0.179,0.1035,1.0,0.997,1.609,0.475,3.08,0.182,track
4,235,-0.116,-0.289,-0.076,-0.078,-0.162,-1.32,0.209,-0.181,0.1045,1.0,0.997,1.59,0.479,3.066,0.171,track
4,236,-0.117,-0.289,-0.076,-0.078,-0.162,-1.32,0.202,-0.199,0.1064,1.0,0.997,1.572,0.489,3.058,0.171,track
4,237,-0.117,-0.29,-0.076,-0.078,-0.162,-1.32,0.201,-0.205,0.1064,1.0,0.997,1.562,0.489,3.048,0.218,track
4,238,-0.117,-0.29,-0.076,-0.078,-0.162,-1.32,0.201,-0.2,0.1055,1.0,0.996,1.571,0.484,3.052,0.19,track
4,239,-0.118,-0.29,-0.076,-0.078,-0.162,-1.32,0.21,-0.202,0.1045,1.0,0.997,1.552,0.479,3.028,0.217,track
4,240,-0.118,-0.291,-0.076,-0.078,-0.162,-1.32,0.213,-0.21,0.1045,1.0,0.997,1.531,0.479,3.007,0.185,track
4,241,-0.118,-0.291,-0.075,-0.078,-0.162,-1.32,0.205,-0.206,0.1045,1.0,0.997,1.553,0.479,3.029,0.195,track
4,242,-0.118,-0.291,-0.075,-0.078,-0.162,-1.32,0.209,-0.197,0.1045,1.0,0.997,1.561,0.479,3.037,0.187,track
4,243,-0.119,-0.292,-0.075,-0.078,-0.162,-1.32,0.214,-0.211,0.1074,1.0,0.997,1.525,0.494,3.016,0.221,track
4,244,-0.119,-0.292,-0.075,-0.078,-0.162,-1.32,0.216,-0.209,0.1064,1.0,0.997,1.524,0.489,3.01,0.197,track
4,245,-0.119,-0.292,-0.074,-0.078,-0.162,-1.32,0.219,-0.203,0.1074,1.0,0.997,1.529,0.494,3.02,0.166,track
4,246,-0.119,-0.293,-0.074,-0.078,-0.162,-1.32,0.222,-0.198,0.1084,1.0,0.997,1.533,0.498,3.028,0.153,track
4,247,-0.12,-0.293,-0.074,-0.078,-0.162,-1.32,0.221,-0.186,0.1123,1.0,0.997,1.556,0.518,3.071,0.166,track
4,248,-0.12,-0.293,-0.074,-0.078,-0.162,-1.32,0.228,-0.164,0.1143,1.0,0.997,1.578,0.527,3.103,0.108,track
4,249,-0.12,-0.294,-0.074,-0.078,-0.162,-1.32,0.211,-0.148,0.1133,1.0,0.995,1.639,0.523,3.157,0.233,track
4,250,-0.12,-0.294,-0.074,-0.078,-0.162,-1.32,0.21,-0.188,0.1162,1.0,0.994,1.578,0.537,3.109,0.255,track
4,251,-0.121,-0.294,-0.074,-0.078,-0.162,-1.32,0.217,-0.191,0.1123,1.0,0.998,1.556,0.518,3.072,0.316,track
4,252,-0.121,-0.294,-0.075,-0.078,-0.162,-1.32,0.22,-0.17,0.1123,1.0,0.998,1.588,0.518,3.103,0.159,track
4,253,-0.121,-0.295,-0.075,-0.078,-0.162,-1.32,0.227,-0.166,0.1113,1.0,0.998,1.577,0.513,3.088,0.118,track
4,254,-0.122,-0.295,-0.076,-0.078,-0.162,-1.32,0.228,-0.193,0.1113,1.0,0.998,1.53,0.513,3.041,0.047,track
4,255,-0.122,-0.295,-0.076,-0.078,-0.162,-1.32,0.234,-0.189,0.1074,1.0,0.998,1.525,0.494,3.017,0.118,track
4,256,-0.122,-0.295,-0.077,-0.078,-0.162,-1.32,0.23,-0.197,0.1084,1.0,0.998,1.52,0.498,3.017,0.117,track
4,257,-0.122,-0.296,-0.077,-0.078,-0.162,-1.32,0.233,-0.198,0.1074,1.0,0.998,1.511,0.494,3.003,0.081,track
4,258,-0.122,-0.296,-0.078,-0.078,-0.162,-1.32,0.235,-0.188,0.1074,1.0,0.998,1.524,0.494,3.015,0.107,track
4,259,-0.123,-0.296,-0.078,-0.078,-0.162,-1.32,0.239,-0.186,0.1064,1.0,0.998,1.52,0.489,3.007,0.12,track
4,260,-0.123,-0.296,-0.078,-0.078,-0.162,-1.32,0.239,-0.186,0.1064,1.0,0.998,1.52,0.489,3.007,0.074,track
4,261,-0.123,-0.297,-0.078,-0.078,-0.162,-1.32,0.232,-0.19,0.1055,1.0,0.998,1.526,0.484,3.009,0.086,track
4,262,-0.123,-0.297,-0.078,-0.078,-0.162,-1.32,0.237,-0.193,0.1064,1.0,0.998,1.511,0.489,2.998,0.08,track
4,263,-0.123,-0.297,-0.078,-0.078,-0.162,-1.32,0.237,-0.193,0.1064,1.0,0.998,1.511,0.489,2.998,0.061,track
4,264,-0.124,-0.297,-0.078,-0.078,-0.162,-1.32,0.237,-0.193,0.1064,1.0,0.998,1.511,0.489,2.998,0.047,track
4,265,-0.124,-0.297,-0.078,-0.078,-0.162,-1.32,0.237,-0.186,0.1055,1.0,0.998,1.523,0.484,3.005,0.059,track
4,266,-0.124,-0.298,-0.078,-0.078,-0.162,-1.32,0.241,-0.172,0.1055,1.0,0.998,1.537,0.484,3.02,0.058,track
4,267,-0.124,-0.298,-0.078,-0.078,-0.162,-1.32,0.236,-0.153,0.1074,1.0,0.998,1.578,0.494,3.07,0.113,track
4,268,-0.124,-0.298,-0.078,-0.078,-0.162,-1.32,0.223,-0.12,0.1055,1.0,0.997,1.651,0.484,3.132,0.189,track
4,269,-0.125,-0.298,-0.079,-0.078,-0.162,-1.32,0.22,-0.117,0.1045,1.0,0.994,1.66,0.479,3.134,0.305,track
4,270,-0.125,-0.298,-0.079,-0.078,-0.162,-1.32,0.23,-0.12,0.1035,1.0,0.995,1.634,0.475,3.104,0.272,track
4,271,-0.125,-0.299,-0.08,-0.078,-0.162,-1.32,0.227,-0.11,0.1016,1.0,0.997,1.653,0.465,3.116,0.246,track
4,272,-0.125,-0.299,-0.08,-0.078,-0.162,-1.32,0.242,-0.12,0.1006,1.0,0.997,1.607,0.461,3.065,0.129,track
4,273,-0.125,-0.299,-0.081,-0.078,-0.162,-1.32,0.235,-0.099,0.0986,1.0,0.998,1.645,0.451,3.095,0.131,track
4,274,-0.125,-0.299,-0.082,-0.078,-0.162,-1.32,0.247,-0.099,0.0996,1.0,0.998,1.617,0.456,3.071,0.093,track
4,275,-0.125,-0.299,-0.083,-0.078,-0.162,-1.32,0.227,-0.061,0.0996,1.0,0.998,1.695,0.456,3.149,0.106,track
4,276,-0.125,-0.3,-0.084,-0.078,-0.162,-1.32,0.213,-0.087,0.0967,1.0,0.996,1.705,0.442,3.143,0.231,track
4,277,-0.125,-0.3,-0.085,-0.078,-0.162,-1.32,0.219,-0.099,0.0977,1.0,0.998,1.682,0.447,3.127,0.311,track
4,278,-0.126,-0.3,-0.086,-0.078,-0.162,-1.32,0.222,-0.104,0.0967,1.0,0.998,1.671,0.442,3.112,0.21,track
4,279,-0.126,-0.3,-0.087,-0.078,-0.162,-1.32,0.221,-0.094,0.0918,1.0,0.998,1.683,0.419,3.1,0.069,track
4,280,-0.126,-0.301,-0.088,-0.078,-0.162,-1.32,0.208,-0.086,0.0889,1.0,0.998,1.718,0.406,3.122,0.1,track
4,281,-0.126,-0.301,-0.089,-0.078,-0.162,-1.32,0.211,-0.079,0.0898,1.0,0.998,1.717,0.41,3.126,0.057,track
4,282,-0.126,-0.301,-0.09,-0.078,-0.162,-1.32,0.208,-0.094,0.0879,1.0,0.999,1.712,0.402,3.112,0.076,track
4,283,-0.126,-0.301,-0.091,-0.078,-0.162,-1.32,0.199,-0.103,0.0908,1.0,0.998,1.721,0.415,3.134,0.068,track
4,284,-0.125,-0.302,-0.092,-0.078,-0.162,-1.32,0.206,-0.09,0.0879,1.0,0.998,1.719,0.402,3.118,0.079,track
4,285,-0.125,-0.302,-0.092,-0.078,-0.162,-1.32,0.192,-0.101,0.0879,1.0,0.999,1.736,0.402,3.136,0.139,track
4,286,-0.125,-0.302,-0.093,-0.078,-0.162,-1.32,0.188,-0.077,0.0869,1.0,0.998,1.768,0.397,3.164,0.051,track
4,287,-0.125,-0.303,-0.094,-0.078,-0.162,-1.32,0.171,-0.086,0.0869,1.0,0.999,1.793,0.397,3.189,0.115,track
4,288,-0.125,-0.303,-0.095,-0.078,-0.162,-1.32,0.167,-0.103,0.085,1.0,0.999,1.783,0.388,3.17,0.109,track
4,289,-0.125,-0.304,-0.095,-0.078,-0.162,-1.32,0.176,-0.085,0.0869,1.0,0.998,1.784,0.397,3.179,0.098,track
4,290,-0.125,-0.304,-0.096,-0.078,-0.162,-1.32,0.204,-0.092,0.082,1.0,0.999,1.721,0.375,3.095,0.144,track
4,291,-0.125,-0.304,-0.097,-0.078,-0.162,-1.32,0.216,-0.071,0.0762,1.0,0.999,1.714,0.35,3.063,0.085,track
4,292,-0.125,-0.305,-0.098,-0.078,-0.162,-1.32,0.208,-0.094,0.0742,1.0,0.998,1.711,0.342,3.051,0.186,track
4,293,-0.125,-0.305,-0.098,-0.078,-0.162,-1.32,0.177,-0.095,0.0693,1.0,0.998,1.772,0.322,3.092,0.21,track
4,294,-0.124,-0.306,-0.099,-0.078,-0.162,-1.32,0.187,-0.077,0.0674,1.0,0.999,1.77,0.314,3.083,0.156,track
4,295,-0.124,-0.306,-0.099,-0.078,-0.162,-1.32,0.184,-0.081,0.0625,1.0,0.999,1.772,0.295,3.066,0.142,track
4,296,-0.124,-0.307,-0.099,-0.078,-0.162,-1.32,0.168,-0.076,0.0605,1.0,0.999,1.806,0.288,3.092,0.159,track
4,297,-0.124,-0.307,-0.1,-0.078,-0.162,-1.32,0.168,-0.076,0.0605,1.0,0.999,1.806,0.288,3.092,0.115,track
4,298,-0.124,-0.308,-0.1,-0.078,-0.162,-1.32,0.146,-0.091,0.0576,1.0,0.999,1.83,0.277,3.105,0.106,track
4,299,-0.124,-0.308,-0.101,-0.078,-0.162,-1.32,0.149,-0.079,0.0586,1.0,0.998,1.836,0.28,3.114,0.187,track
4,300,-0.123,-0.309,-0.101,-0.078,-0.162,-1.32,0.13,-0.095,0.0557,1.0,0.999,1.849,0.269,3.117,0.209,track
4,301,-0.123,-0.31,-0.102,-0.078,-0.162,-1.32,0.119,-0.103,0.0566,1.0,0.997,1.857,0.273,3.127,0.281,track
4,302,-0.123,-0.31,-0.103,-0.078,-0.162,-1.32,0.109,-0.115,0.0537,1.0,0.998,1.855,0.262,3.116,0.232,track
4,303,-0.123,-0.311,-0.103,-0.078,-0.162,-1.32,0.085,-0.107,0.0439,1.0,0.996,1.891,0.229,3.116,0.303,track
4,304,-0.123,-0.312,-0.104,-0.078,-0.162,-1.32,0.079,-0.115,0.0449,1.0,0.998,1.886,0.232,3.116,0.39,track
4,305,-0.122,-0.312,-0.104,-0.078,-0.162,-1.32,0.076,-0.13,0.0459,1.0,0.996,1.868,0.235,3.1,0.334,track
4,306,-0.122,-0.313,-0.105,-0.078,-0.162,-1.32,0.05,-0.146,0.043,1.0,0.997,1.862,0.226,3.085,0.326,track
4,307,-0.122,-0.314,-0.106,-0.078,-0.162,-1.32,0.061,-0.118,0.0449,1.0,0.993,1.897,0.232,3.122,0.412,track
4,308,-0.122,-0.314,-0.106,-0.078,-0.162,-1.32,0.052,-0.138,0.042,1.0,0.997,1.873,0.223,3.093,0.517,track
4,309,-0.122,-0.315,-0.107,-0.078,-0.162,-1.32,0.006,-0.066,0.0381,1.0,0.996,1.974,0.21,3.18,0.414,track
4,310,-0.121,-0.316,-0.108,-0.078,-0.162,-1.32,0.007,-0.049,0.0361,1.0,0.993,1.985,0.204,3.183,0.669,track
4,311,-0.121,-0.317,-0.109,-0.078,-0.162,-1.32,-0.021,-0.085,0.0352,1.0,0.992,1.955,0.201,3.147,0.433,track
4,312,-0.121,-0.317,-0.11,-0.078,-0.162,-1.32,-0.025,-0.019,0.0293,1.0,0.997,1.994,0.184,3.175,0.525,track
4,313,-0.121,-0.318,-0.111,-0.078,-0.162,-1.32,-0.044,-0.073,0.0293,1.0,0.99,1.957,0.184,3.132,0.484,track
4,314,-0.121,-0.319,-0.113,-0.078,-0.162,-1.32,0.002,-0.018,0.0332,1.0,0.997,1.998,0.196,3.191,0.532,track
4,315,-0.12,-0.32,-0.115,-0.078,-0.162,-1.32,0.005,0.023,0.0264,1.0,0.997,1.997,0.176,3.17,0.281,track
4,316,-0.12,-0.321,-0.117,-0.078,-0.162,-1.32,0.005,0.072,0.0264,1.0,0.995,1.969,0.176,3.141,0.326,track
4,317,-0.12,-0.321,-0.12,-0.078,-0.162,-1.32,-0.031,0.041,0.0254,1.0,0.996,1.984,0.173,3.153,0.326,track
4,318,-0.12,-0.322,-0.123,-0.078,-0.162,-1.32,-0.029,0.031,0.0234,1.0,0.997,1.989,0.168,3.155,0.382,track
4,319,-0.119,-0.323,-0.126,-0.078,-0.162,-1.32,-0.062,0.115,0.0186,1.0,0.998,1.9,0.156,3.053,0.29,track
4,320,-0.119,-0.324,-0.13,-0.078,-0.162,-1.32,-0.062,0.097,0.0176,1.0,0.998,1.921,0.153,3.072,0.172,track
4,321,-0.119,-0.325,-0.133,-0.078,-0.162,-1.32,-0.049,0.043,0.0186,1.0,0.998,1.975,0.156,3.128,0.234,track
4,322,-0.119,-0.326,-0.137,-0.078,-0.162,-1.32,-0.059,0.09,0.0176,1.0,0.997,1.931,0.153,3.082,0.147,track
4,323,-0.118,-0.327,-0.141,-0.078,-0.162,-1.32,-0.033,0.058,0.0146,1.0,0.998,1.973,0.146,3.117,0.081,track
4,324,-0.118,-0.328,-0.144,-0.078,-0.162,-1.32,-0.033,-0.012,0.0146,1.0,0.997,1.992,0.146,3.136,0.128,track
4,325,-0.117,-0.329,-0.148,-0.078,-0.162,-1.32,-0.045,0.054,0.0137,1.0,0.993,1.971,0.144,3.108,0.246,track
4,326,-0.117,-0.33,-0.152,-0.078,-0.162,-1.32,-0.053,0.0,0.0127,1.0,0.998,1.983,0.142,3.123,0.369,track
4,327,-0.117,-0.331,-0.155,-0.078,-0.162,-1.32,-0.148,0.039,0.0078,1.0,0.995,1.864,0.13,2.989,0.304,track
4,328,-0.116,-0.332,-0.159,-0.078,-0.162,-1.32,-0.148,0.039,0.0078,1.0,0.997,1.864,0.13,2.991,0.481,track
4,329,-0.116,-0.333,-0.162,-0.078,-0.162,-1.32,-0.143,0.009,0.0068,1.0,0.997,1.881,0.128,3.006,0.256,track
4,330,-0.115,-0.334,-0.166,-0.078,-0.162,-1.32,-0.143,0.009,0.0068,1.0,0.998,1.881,0.128,3.007,0.301,track
4,331,-0.115,-0.335,-0.169,-0.078,-0.162,-1.32,-0.125,0.031,0.0059,1.0,0.996,1.903,0.126,3.025,0.337,track
4,332,-0.114,-0.336,-0.173,-0.078,-0.162,-1.32,-0.125,-0.156,0.0059,1.0,0.997,1.774,0.126,2.897,0.374,track
4,333,-0.114,-0.338,-0.176,-0.078,-0.162,-1.32,-0.125,-0.05,0.0049,1.0,0.985,1.894,0.124,3.003,0.743,track
4,334,-0.113,-0.339,-0.179,-0.078,-0.162,-1.32,-0.094,-0.016,0.0039,1.0,0.996,1.947,0.122,3.065,0.586,track
4,335,-0.113,-0.34,-0.182,-0.078,-0.162,-1.32,0.0,0.0,0.0,0.0,0.997,0.0,0.0,-0.003,0.273,track
4,336,-0.112,-0.341,-0.185,-0.078,-0.162,-1.32,0.0,0.0,0.0,0.0,0.989,0.0,0.0,-0.011,0.753,track
4,337,-0.112,-0.343,-0.187,-0.078,-0.162,-1.32,0.0,0.0,0.0,0.0,0.982,0.0,0.0,-0.018,0.856,track
4,338,-0.111,-0.344,-0.188,-0.078,-0.162,-1.32,0.0,0.0,0.0,0.0,0.977,0.0,0.0,-0.023,0.904,track
4,339,-0.111,-0.345,-0.188,-0.078,-0.162,-1.32,0.0,0.0,0.0,0.0,0.974,0.0,0.0,-0.026,0.914,track
4,340,-0.11,-0.347,-0.188,-0.078,-0.162,-1.32,0.0,0.0,0.0,0.0,0.974,0.0,0.0,-0.026,0.897,track
4,341,-0.11,-0.348,-0.186,-0.078,-0.162,-1.32,0.0,0.0,0.0,0.0,0.979,0.0,0.0,-0.021,0.838,track
4,342,-0.109,-0.349,-0.184,-0.078,-0.162,-1.32,0.0,0.0,0.0,0.0,0.985,0.0,0.0,-0.015,0.777,track
4,343,-0.109,-0.351,-0.181,-0.078,-0.162,-1.32,0.0,0.0,0.0,0.0,0.988,0.0,0.0,-0.012,0.705,track
4,344,-0.109,-0.352,-0.177,-0.078,-0.162,-1.32,0.062,0.141,0.0039,1.0,0.989,1.863,0.122,2.974,0.604,track
4,345,-0.109,-0.354,-0.173,-0.078,-0.162,-1.32,0.0,-0.027,0.0068,1.0,0.981,1.996,0.128,3.105,0.81,track
4,346,-0.109,-0.355,-0.169,-0.078,-0.162,-1.32,-0.038,0.038,0.0049,1.0,0.955,1.983,0.124,3.063,0.768,track
4,347,-0.109,-0.356,-0.166,-0.078,-0.162,-1.32,-0.018,0.0,0.0068,1.0,0.946,1.998,0.128,3.073,0.518,track
4,348,-0.108,-0.358,-0.163,-0.078,-0.162,-1.32,-0.054,0.027,0.0068,1.0,0.971,1.979,0.128,3.078,0.665,track
4,349,-0.108,-0.359,-0.161,-0.078,-0.162,-1.32,-0.01,-0.094,0.0117,1.0,0.974,1.947,0.139,3.061,0.512,track
4,350,-0.108,-0.361,-0.159,-0.078,-0.162,-1.32,-0.031,0.0,0.0117,1.0,0.992,1.994,0.139,3.126,0.58,track
4,351,-0.108,-0.362,-0.157,-0.078,-0.162,-1.32,-0.005,0.024,0.0127,1.0,0.987,1.996,0.142,3.125,0.564,track
4,352,-0.108,-0.363,-0.156,-0.078,-0.162,-1.32,-0.004,0.027,0.0156,1.0,0.992,1.995,0.148,3.136,0.579,track
4,353,-0.108,-0.365,-0.156,-0.078,-0.162,-1.32,-0.04,0.017,0.0107,1.0,0.994,1.989,0.137,3.12,0.574,track
4,354,-0.108,-0.366,-0.156,-0.078,-0.162,-1.32,0.0,-0.026,0.0117,1.0,0.996,1.996,0.139,3.131,0.533,track
4,355,-0.108,-0.368,-0.157,-0.078,-0.162,-1.32,0.017,0.006,0.0107,1.0,0.998,1.998,0.137,3.133,0.449,track
4,356,-0.108,-0.369,-0.158,-0.078,-0.162,-1.32,0.038,0.025,0.0098,1.0,0.998,1.988,0.135,3.121,0.347,track
4,357,-0.108,-0.371,-0.159,-0.078,-0.162,-1.32,0.04,0.057,0.0107,1.0,0.997,1.971,0.137,3.106,0.4,track
4,358,-0.108,-0.372,-0.161,-0.078,-0.162,-1.32,-0.005,0.052,0.0117,1.0,0.996,1.984,0.139,3.119,0.39,track
4,359,-0.108,-0.373,-0.163,-0.078,-0.162,-1.32,-0.01,0.042,0.0117,1.0,0.997,1.989,0.139,3.126,0.475,track
4,360,-0.108,-0.375,-0.164,-0.078,-0.162,-1.32,0.028,0.028,0.0088,1.0,0.996,1.991,0.133,3.12,0.423,track
4,361,-0.107,-0.376,-0.166,-0.078,-0.162,-1.32,0.042,0.125,0.0059,1.0,0.996,1.898,0.126,3.021,0.492,track
4,362,-0.107,-0.378,-0.168,-0.078,-0.162,-1.32,0.035,-0.021,0.0088,1.0,0.996,1.99,0.133,3.119,0.467,track
4,363,-0.107,-0.38,-0.17,-0.078,-0.162,-1.32,0.035,-0.021,0.0088,1.0,0.993,1.99,0.133,3.116,0.604,track
4,364,-0.107,-0.381,-0.172,-0.078,-0.162,-1.32,0.027,-0.027,0.0068,1.0,0.995,1.991,0.128,3.115,0.26,track
4,365,-0.107,-0.383,-0.173,-0.078,-0.162,-1.32,0.031,-0.016,0.0039,1.0,0.995,1.993,0.122,3.11,0.319,track
4,366,-0.106,-0.384,-0.175,-0.078,-0.162,-1.32,0.031,-0.031,0.0039,1.0,0.999,1.988,0.122,3.109,0.317,track
4,367,-0.106,-0.386,-0.176,-0.078,-0.162,-1.32,0.115,0.062,0.0059,1.0,0.998,1.9,0.126,3.025,0.228,track
4,368,-0.106,-0.387,-0.177,-0.078,-0.162,-1.32,0.031,0.203,0.0039,1.0,0.997,1.762,0.122,2.882,0.427,track
4,369,-0.106,-0.389,-0.177,-0.078,-0.162,-1.32,0.0,-0.016,0.0039,1.0,0.986,1.999,0.122,3.107,0.38,track
4,370,-0.105,-0.391,-0.178,-0.078,-0.162,-1.32,0.0,0.012,0.0049,1.0,0.999,1.999,0.124,3.122,0.707,track
4,371,-0.105,-0.392,-0.179,-0.078,-0.162,-1.32,0.0,0.012,0.0049,1.0,0.999,1.999,0.124,3.122,0.267,track
4,372,-0.105,-0.394,-0.18,-0.078,-0.162,-1.32,0.031,0.094,0.0039,1.0,0.998,1.942,0.122,3.062,0.366,track
4,373,-0.105,-0.396,-0.181,-0.078,-0.162,-1.32,0.031,0.094,0.0039,1.0,0.995,1.942,0.122,3.06,0.463,track
4,374,-0.104,-0.397,-0.182,-0.078,-0.162,-1.32,0.031,0.094,0.0039,1.0,0.999,1.942,0.122,3.063,0.376,track
4,375,-0.104,-0.399,-0.183,-0.078,-0.162,-1.32,0.062,0.062,0.0029,1.0,0.998,1.954,0.12,3.071,0.236,track
4,376,-0.104,-0.401,-0.184,-0.078,-0.162,-1.32,0.062,0.062,0.0029,1.0,0.997,1.954,0.12,3.071,0.436,track
4,377,-0.103,-0.402,-0.185,-0.078,-0.162,-1.32,0.012,-0.238,0.0049,1.0,0.998,1.688,0.124,2.81,0.338,track
4,378,-0.103,-0.404,-0.186,-0.078,-0.162,-1.32,0.047,0.047,0.0039,1.0,0.982,1.974,0.122,3.078,0.765,track
4,379,-0.102,-0.406,-0.187,-0.078,-0.162,-1.32,0.0,0.0,0.0,0.0,0.999,0.0,0.0,-0.001,0.865,track
4,380,-0.102,-0.407,-0.188,-0.078,-0.162,-1.32,0.062,0.0,0.0029,1.0,0.99,1.977,0.12,3.087,0.889,track
4,381,-0.102,-0.409,-0.188,-0.078,-0.162,-1.32,0.062,0.0,0.0029,1.0,0.998,1.977,0.12,3.094,0.653,track
4,382,-0.101,-0.411,-0.188,-0.078,-0.162,-1.32,0.062,0.0,0.0029,1.0,0.998,1.977,0.12,3.095,0.427,track
4,383,-0.101,-0.413,-0.189,-0.078,-0.162,-1.32,0.0,0.0,0.0,0.0,0.997,0.0,0.0,-0.003,0.347,track
4,384,-0.1,-0.414,-0.188,-0.078,-0.162,-1.32,0.047,-0.016,0.0039,1.0,0.99,1.985,0.122,3.097,0.845,track
4,385,-0.1,-0.416,-0.188,-0.078,-0.162,-1.32,0.062,-0.062,0.0029,1.0,0.999,1.954,0.12,3.073,0.627,track
4,386,-0.1,-0.418,-0.187,-0.078,-0.162,-1.32,0.062,-0.062,0.0029,1.0,0.997,1.954,0.12,3.071,0.38,track
4,387,-0.099,-0.42,-0.187,-0.078,-0.162,-1.32,0.062,-0.062,0.0029,1.0,0.999,1.954,0.12,3.073,0.391,track
4,388,-0.099,-0.421,-0.186,-0.078,-0.162,-1.32,0.062,-0.031,0.0039,1.0,0.997,1.971,0.122,3.09,0.374,track
4,389,-0.098,-0.423,-0.185,-0.078,-0.162,-1.32,0.08,0.018,0.0068,1.0,0.998,1.96,0.128,3.086,0.445,track
4,390,-0.098,-0.425,-0.184,-0.078,-0.162,-1.32,0.115,0.104,0.0059,1.0,0.996,1.861,0.126,2.983,0.406,track
4,391,-0.098,-0.427,-0.184,-0.078,-0.162,-1.32,0.138,0.138,0.0049,1.0,0.993,1.786,0.124,2.903,0.352,track
4,392,-0.097,-0.428,-0.183,-0.078,-0.162,-1.32,0.08,-0.036,0.0068,1.0,0.997,1.954,0.128,3.079,0.221,track
4,393,-0.097,-0.43,-0.183,-0.078,-0.162,-1.32,0.102,-0.008,0.0078,1.0,0.998,1.939,0.13,3.067,0.549,track
4,394,-0.096,-0.432,-0.182,-0.078,-0.162,-1.32,0.125,0.012,0.0098,1.0,0.998,1.908,0.135,3.04,0.208,track
4,395,-0.096,-0.434,-0.182,-0.078,-0.162,-1.32,0.133,-0.008,0.0078,1.0,0.999,1.897,0.13,3.026,0.207,track
4,396,-0.095,-0.436,-0.181,-0.078,-0.162,-1.32,0.104,-0.083,0.0059,1.0,0.998,1.896,0.126,3.02,0.225,track
4,397,-0.095,-0.438,-0.18,-0.078,-0.162,-1.32,0.119,-0.031,0.0098,1.0,0.995,1.912,0.135,3.041,0.315,track
4,398,-0.095,-0.439,-0.179,-0.078,-0.162,-1.32,0.156,-0.062,0.0117,1.0,1.0,1.837,0.139,2.976,0.425,track
4,399,-0.094,-0.441,-0.178,-0.078,-0.162,-1.32,0.156,-0.062,0.0117,1.0,0.997,1.837,0.139,2.973,0.355,track
4,400,-0.094,-0.443,-0.177,-0.078,-0.162,-1.32,0.121,-0.108,0.0146,1.0,0.999,1.848,0.146,2.994,0.329,track
4,401,-0.093,-0.445,-0.175,-0.078,-0.162,-1.32,0.096,-0.139,0.0127,1.0,0.995,1.835,0.142,2.972,0.328,track
4,402,-0.093,-0.447,-0.174,-0.078,-0.162,-1.32,0.109,-0.176,0.0156,1.0,0.994,1.759,0.148,2.901,0.279,track
4,403,-0.092,-0.449,-0.171,-0.078,-0.162,-1.32,0.14,-0.154,0.0166,1.0,0.99,1.756,0.151,2.897,0.35,track
4,404,-0.092,-0.451,-0.169,-0.078,-0.162,-1.32,0.138,-0.184,0.0186,1.0,0.998,1.706,0.156,2.859,0.484,track
4,405,-0.092,-0.453,-0.166,-0.078,-0.162,-1.32,0.138,-0.178,0.0195,1.0,0.993,1.718,0.158,2.869,0.362,track
4,406,-0.091,-0.455,-0.163,-0.078,-0.162,-1.32,0.167,-0.179,0.0205,1.0,0.998,1.672,0.161,2.83,0.338,track
4,407,-0.091,-0.457,-0.16,-0.078,-0.162,-1.32,0.159,-0.21,0.0215,1.0,0.996,1.624,0.163,2.783,0.222,track
4,408,-0.091,-0.459,-0.157,-0.078,-0.162,-1.32,0.152,-0.22,0.0225,1.0,0.994,1.613,0.166,2.773,0.324,track
4,409,-0.091,-0.461,-0.153,-0.078,-0.162,-1.32,0.172,-0.19,0.0273,1.0,0.996,1.643,0.179,2.818,0.32,track
4,410,-0.091,-0.462,-0.149,-0.078,-0.162,-1.32,0.196,-0.19,0.0283,1.0,0.996,1.6,0.182,2.778,0.188,track
4,411,-0.09,-0.464,-0.145,-0.078,-0.162,-1.32,0.203,-0.207,0.0283,1.0,0.995,1.555,0.182,2.732,0.279,track
4,412,-0.09,-0.466,-0.141,-0.078,-0.162,-1.32,0.162,-0.257,0.0264,1.0,0.994,1.516,0.176,2.687,0.437,track
4,413,-0.09,-0.468,-0.137,-0.078,-0.162,-1.32,0.196,-0.269,0.0283,1.0,0.993,1.433,0.182,2.608,0.355,track
4,414,-0.09,-0.47,-0.133,-0.078,-0.162,-1.32,0.182,-0.263,0.0322,1.0,0.989,1.471,0.193,2.653,0.479,track
4,415,-0.09,-0.473,-0.129,-0.078,-0.162,-1.32,0.205,-0.253,0.0352,1.0,0.995,1.454,0.201,2.65,0.517,track
4,416,-0.09,-0.475,-0.125,-0.078,-0.162,-1.32,0.183,-0.331,0.04,1.0,0.99,1.303,0.216,2.51,0.512,track
4,417,-0.09,-0.477,-0.12,-0.078,-0.162,-1.32,0.188,-0.352,0.0371,1.0,0.991,1.241,0.207,2.44,0.466,track
4,418,-0.091,-0.479,-0.116,-0.078,-0.162,-1.32,0.21,-0.348,0.041,1.0,0.987,1.218,0.219,2.424,0.361,track
4,419,-0.091,-0.481,-0.111,-0.078,-0.162,-1.32,0.272,-0.311,0.0449,1.0,0.993,1.199,0.232,2.424,0.529,track
4,420,-0.091,-0.483,-0.107,-0.078,-0.162,-1.32,0.3,-0.3,0.0449,1.0,0.989,1.164,0.232,2.385,0.346,track
4,421,-0.091,-0.485,-0.102,-0.078,-0.162,-1.32,0.292,-0.353,0.0547,1.0,0.992,1.066,0.266,2.324,0.137,track
4,422,-0.092,-0.487,-0.097,-0.078,-0.162,-1.32,0.318,-0.336,0.0576,1.0,0.993,1.053,0.277,2.323,0.363,track
4,423,-0.092,-0.489,-0.092,-0.078,-0.162,-1.32,0.337,-0.321,0.0605,1.0,0.992,1.046,0.288,2.325,0.306,track
4,424,-0.093,-0.491,-0.087,-0.078,-0.162,-1.32,0.342,-0.354,0.0684,1.0,0.992,0.968,0.318,2.278,0.102,track
4,425,-0.093,-0.493,-0.083,-0.078,-0.162,-1.32,0.361,-0.335,0.0703,1.0,0.993,0.966,0.326,2.285,0.263,track
4,426,-0.094,-0.495,-0.078,-0.078,-0.162,-1.32,0.378,-0.343,0.0713,1.0,0.993,0.916,0.33,2.238,0.236,track
4,427,-0.094,-0.497,-0.073,-0.078,-0.162,-1.32,0.383,-0.359,0.0811,1.0,0.993,0.874,0.371,2.238,0.167,track
4,428,-0.095,-0.499,-0.068,-0.078,-0.162,-1.32,0.392,-0.361,0.0811,1.0,0.993,0.853,0.371,2.218,0.224,track
4,429,-0.095,-0.501,-0.063,-0.078,-0.162,-1.32,0.396,-0.379,0.0859,1.0,0.993,0.811,0.393,2.197,0.187,track
4,430,-0.096,-0.502,-0.059,-0.078,-0.162,-1.32,0.409,-0.381,0.0879,1.0,0.992,0.783,0.402,2.177,0.234,track
4,431,-0.097,-0.504,-0.054,-0.078,-0.162,-1.32,0.437,-0.382,0.0918,1.0,0.992,0.728,0.419,2.14,0.197,track
4,432,-0.097,-0.506,-0.049,-0.078,-0.162,-1.32,0.442,-0.4,0.0977,1.0,0.99,0.688,0.447,2.125,0.193,track
4,433,-0.098,-0.508,-0.044,-0.078,-0.162,-1.32,0.452,-0.4,0.0996,1.0,0.99,0.671,0.456,2.117,0.244,track
4,434,-0.099,-0.51,-0.039,-0.078,-0.162,-1.32,0.467,-0.411,0.1045,1.0,0.989,0.625,0.479,2.094,0.189,track
4,435,-0.099,-0.511,-0.034,-0.078,-0.162,-1.32,0.487,-0.413,0.1035,1.0,0.988,0.588,0.475,2.05,0.219,track
4,436,-0.1,-0.513,-0.03,-0.078,-0.162,-1.32,0.492,-0.422,0.1035,1.0,0.988,0.567,0.475,2.029,0.19,track
4,437,-0.101,-0.515,-0.025,-0.078,-0.162,-1.32,0.494,-0.444,0.1084,1.0,0.987,0.533,0.498,2.019,0.173,track
4,438,-0.102,-0.516,-0.02,-0.078,-0.162,-1.32,0.509,-0.446,0.1084,1.0,0.986,0.506,0.498,1.991,0.214,track
4,439,-0.103,-0.518,-0.015,-0.078,-0.162,-1.32,0.531,-0.448,0.1094,1.0,0.985,0.47,0.503,1.959,0.174,track
4,440,-0.104,-0.52,-0.01,-0.078,-0.162,-1.32,0.538,-0.46,0.1104,1.0,0.984,0.445,0.508,1.938,0.149,track
4,441,-0.105,-0.521,-0.005,-0.078,-0.162,-1.32,0.551,-0.465,0.1152,1.0,0.984,0.421,0.532,1.938,0.186,track
4,442,-0.105,-0.522,-0.0,-0.078,-0.162,-1.32,0.558,-0.474,0.1172,1.0,0.983,0.4,0.542,1.924,0.169,track
4,443,-0.106,-0.524,0.004,-0.078,-0.162,-1.32,0.57,-0.473,0.1191,1.0,0.982,0.386,0.552,1.92,0.189,track
4,444,-0.107,-0.525,0.009,-0.078,-0.162,-1.32,0.581,-0.478,0.1211,1.0,0.982,0.367,0.562,1.91,0.146,track
4,445,-0.108,-0.526,0.014,-0.078,-0.162,-1.32,0.595,-0.482,0.125,1.0,0.981,0.345,0.581,1.907,0.151,track
4,446,-0.109,-0.527,0.019,-0.078,-0.162,-1.32,0.609,-0.484,0.1279,1.0,0.98,0.326,0.596,1.902,0.155,track
4,447,-0.11,-0.528,0.024,-0.078,-0.162,-1.32,0.616,-0.492,0.1348,1.0,0.979,0.31,0.631,1.919,0.137,track
4,448,-0.111,-0.529,0.028,-0.078,-0.162,-1.32,0.63,-0.498,0.1387,1.0,0.978,0.289,0.65,1.917,0.151,track
4,449,-0.112,-0.53,0.033,-0.078,-0.162,-1.32,0.642,-0.506,0.1406,1.0,0.976,0.269,0.66,1.905,0.151,track
4,450,-0.113,-0.531,0.038,-0.078,-0.162,-1.32,0.654,-0.512,0.1416,1.0,0.976,0.252,0.665,1.894,0.154,track
4,451,-0.114,-0.532,0.042,-0.078,-0.162,-1.32,0.667,-0.52,0.1436,1.0,0.976,0.234,0.675,1.884,0.135,track
4,452,-0.116,-0.533,0.046,-0.078,-0.162,-1.32,0.678,-0.523,0.1475,1.0,0.976,0.222,0.694,1.892,0.135,track
4,453,-0.117,-0.533,0.051,-0.078,-0.162,-1.32,0.686,-0.526,0.1504,1.0,0.975,0.213,0.709,1.896,0.113,track
4,454,-0.118,-0.534,0.055,-0.078,-0.162,-1.32,0.69,-0.524,0.1484,1.0,0.974,0.21,0.699,1.884,0.114,track
4,455,-0.119,-0.534,0.059,-0.078,-0.162,-1.32,0.693,-0.521,0.1484,1.0,0.975,0.21,0.699,1.884,0.134,track
4,456,-0.12,-0.535,0.063,-0.078,-0.162,-1.32,0.696,-0.505,0.1494,1.0,0.975,0.218,0.704,1.896,0.13,track
4,457,-0.121,-0.535,0.067,-0.078,-0.162,-1.32,0.698,-0.505,0.1484,1.0,0.974,0.216,0.699,1.889,0.182,track
4,458,-0.122,-0.536,0.07,-0.078,-0.162,-1.32,0.702,-0.49,0.1494,1.0,0.976,0.222,0.704,1.902,0.165,track
4,459,-0.123,-0.536,0.074,-0.078,-0.162,-1.32,0.704,-0.482,0.1514,1.0,0.976,0.226,0.713,1.915,0.208,track
4,460,-0.124,-0.536,0.077,-0.078,-0.162,-1.32,0.702,-0.472,0.1543,1.0,0.977,0.233,0.728,1.938,0.19,track
4,461,-0.125,-0.536,0.08,-0.078,-0.162,-1.32,0.706,-0.461,0.1543,1.0,0.978,0.236,0.728,1.942,0.195,track
4,462,-0.126,-0.536,0.084,-0.078,-0.162,-1.32,0.704,-0.452,0.1582,1.0,0.978,0.245,0.746,1.97,0.215,track
4,463,-0.127,-0.536,0.086,-0.078,-0.162,-1.32,0.706,-0.441,0.1592,1.0,0.98,0.251,0.751,1.981,0.233,track
4,464,-0.128,-0.536,0.089,-0.078,-0.162,-1.32,0.708,-0.424,0.1611,1.0,0.98,0.259,0.76,1.999,0.242,track
4,465,-0.13,-0.536,0.092,-0.078,-0.162,-1.32,0.708,-0.418,0.1631,1.0,0.981,0.263,0.769,2.013,0.278,track
4,466,-0.131,-0.535,0.094,-0.078,-0.162,-1.32,0.713,-0.4,0.1631,1.0,0.983,0.269,0.769,2.021,0.265,track
4,467,-0.132,-0.535,0.096,-0.078,-0.162,-1.32,0.713,-0.39,0.1641,1.0,0.983,0.276,0.774,2.033,0.284,track
4,468,-0.133,-0.535,0.098,-0.078,-0.162,-1.32,0.713,-0.37,0.168,1.0,0.985,0.288,0.792,2.065,0.289,track
4,469,-0.134,-0.534,0.1,-0.078,-0.162,-1.32,0.716,-0.361,0.167,1.0,0.985,0.291,0.787,2.063,0.314,track
4,470,-0.135,-0.534,0.102,-0.078,-0.162,-1.32,0.716,-0.35,0.168,1.0,0.987,0.297,0.792,2.076,0.302,track
4,471,-0.136,-0.533,0.104,-0.078,-0.162,-1.32,0.717,-0.332,0.1709,1.0,0.988,0.307,0.805,2.1,0.297,track
4,472,-0.137,-0.533,0.106,-0.078,-0.162,-1.32,0.715,-0.314,0.1738,1.0,0.989,0.322,0.818,2.128,0.305,track
4,473,-0.137,-0.532,0.107,-0.078,-0.162,-1.32,0.715,-0.301,0.1729,1.0,0.987,0.329,0.813,2.129,0.311,track
4,474,-0.138,-0.531,0.109,-0.078,-0.162,-1.32,0.712,-0.288,0.1758,1.0,0.988,0.34,0.826,2.154,0.306,track
4,475,-0.139,-0.531,0.11,-0.078,-0.162,-1.32,0.706,-0.255,0.1787,1.0,0.987,0.369,0.838,2.195,0.296,track
4,476,-0.14,-0.53,0.111,-0.078,-0.162,-1.32,0.706,-0.238,0.1777,1.0,0.983,0.378,0.834,2.195,0.333,track
4,477,-0.141,-0.529,0.112,-0.078,-0.162,-1.32,0.701,-0.208,0.1787,1.0,0.985,0.402,0.838,2.225,0.358,track
4,478,-0.142,-0.528,0.113,-0.078,-0.162,-1.32,0.698,-0.189,0.1836,1.0,0.983,0.417,0.858,2.258,0.362,track
4,479,-0.142,-0.527,0.114,-0.078,-0.162,-1.32,0.694,-0.174,0.1865,1.0,0.985,0.43,0.869,2.284,0.382,track
4,480,-0.143,-0.526,0.115,-0.078,-0.162,-1.32,0.691,-0.148,0.1865,1.0,0.985,0.448,0.869,2.302,0.319,track
4,481,-0.143,-0.525,0.116,-0.078,-0.162,-1.32,0.69,-0.133,0.1875,1.0,0.985,0.454,0.873,2.312,0.322,track
4,482,-0.144,-0.524,0.117,-0.078,-0.162,-1.32,0.689,-0.117,0.1924,1.0,0.986,0.462,0.891,2.339,0.297,track
4,483,-0.145,-0.523,0.118,-0.078,-0.162,-1.32,0.679,-0.111,0.1973,1.0,0.987,0.483,0.908,2.378,0.261,track
4,484,-0.145,-0.522,0.119,-0.078,-0.162,-1.32,0.671,-0.105,0.2002,1.0,0.989,0.501,0.917,2.407,0.236,track
4,485,-0.145,-0.521,0.12,-0.078,-0.162,-1.32,0.666,-0.1,0.2012,1.0,0.989,0.513,0.921,2.423,0.195,track
4,486,-0.146,-0.519,0.121,-0.078,-0.162,-1.32,0.661,-0.092,0.2061,1.0,0.99,0.527,0.935,2.451,0.184,track
4,487,-0.146,-0.518,0.121,-0.078,-0.162,-1.32,0.658,-0.093,0.2061,1.0,0.991,0.531,0.935,2.457,0.16,track
4,488,-0.146,-0.517,0.122,-0.078,-0.162,-1.32,0.655,-0.091,0.2061,1.0,0.991,0.538,0.935,2.465,0.134,track
4,489,-0.146,-0.516,0.123,-0.078,-0.162,-1.32,0.646,-0.095,0.2119,1.0,0.992,0.556,0.951,2.499,0.12,track
4,490,-0.147,-0.514,0.123,-0.078,-0.162,-1.32,0.641,-0.094,0.2148,1.0,0.993,0.569,0.958,2.52,0.134,track
4,491,-0.147,-0.513,0.124,-0.078,-0.162,-1.32,0.638,-0.094,0.2168,1.0,0.993,0.575,0.962,2.53,0.148,track
4,492,-0.147,-0.512,0.124,-0.078,-0.162,-1.32,0.634,-0.094,0.2188,1.0,0.994,0.582,0.967,2.543,0.155,track
4,493,-0.147,-0.511,0.124,-0.078,-0.162,-1.32,0.631,-0.088,0.2217,1.0,0.995,0.593,0.973,2.56,0.158,track
4,494,-0.147,-0.509,0.124,-0.078,-0.162,-1.32,0.626,-0.095,0.2246,1.0,0.995,0.6,0.978,2.573,0.167,track
4,495,-0.147,-0.508,0.123,-0.078,-0.162,-1.32,0.625,-0.092,0.2236,1.0,0.996,0.603,0.976,2.575,0.186,track
4,496,-0.147,-0.507,0.123,-0.078,-0.162,-1.32,0.623,-0.091,0.2256,1.0,0.995,0.61,0.98,2.585,0.162,track
4,497,-0.147,-0.505,0.122,-0.078,-0.162,-1.32,0.621,-0.089,0.2246,1.0,0.996,0.614,0.978,2.588,0.172,track
4,498,-0.147,-0.504,0.122,-0.078,-0.162,-1.32,0.62,-0.091,0.2236,1.0,0.996,0.616,0.976,2.588,0.148,track
4,499,-0.147,-0.503,0.121,-0.078,-0.162,-1.32,0.612,-0.095,0.2285,1.0,0.997,0.632,0.984,2.612,0.146,track
4,500,-0.146,-0.501,0.12,-0.078,-0.162,-1.32,0.608,-0.093,0.2314,1.0,0.996,0.644,0.988,2.628,0.172,track
4,501,-0.146,-0.5,0.118,-0.078,-0.162,-1.32,0.604,-0.092,0.2344,1.0,0.997,0.653,0.992,2.641,0.19,track
4,502,-0.146,-0.499,0.117,-0.078,-0.162,-1.32,0.602,-0.091,0.2354,1.0,0.997,0.657,0.993,2.647,0.194,track
4,503,-0.146,-0.497,0.115,-0.078,-0.162,-1.32,0.6,-0.09,0.2363,1.0,0.997,0.662,0.994,2.652,0.193,track
4,504,-0.145,-0.496,0.113,-0.078,-0.162,-1.32,0.598,-0.089,0.2383,1.0,0.997,0.669,0.995,2.661,0.187,track
4,505,-0.145,-0.495,0.111,-0.078,-0.162,-1.32,0.597,-0.085,0.2402,1.0,0.997,0.673,0.997,2.667,0.199,track
4,506,-0.145,-0.494,0.109,-0.078,-0.162,-1.32,0.595,-0.083,0.2412,1.0,0.997,0.677,0.997,2.671,0.193,track
4,507,-0.144,-0.492,0.107,-0.078,-0.162,-1.32,0.591,-0.085,0.2461,1.0,0.997,0.688,0.999,2.684,0.194,track
4,508,-0.144,-0.491,0.104,-0.078,-0.162,-1.32,0.59,-0.079,0.2461,1.0,0.997,0.691,0.999,2.688,0.224,track
4,509,-0.143,-0.49,0.101,-0.078,-0.162,-1.32,0.59,-0.079,0.2461,1.0,0.997,0.691,0.999,2.688,0.203,track
4,510,-0.143,-0.488,0.098,-0.078,-0.162,-1.32,0.588,-0.081,0.2471,1.0,0.997,0.695,1.0,2.692,0.199,track
4,511,-0.142,-0.487,0.095,-0.078,-0.162,-1.32,0.585,-0.077,0.2471,1.0,0.997,0.703,1.0,2.7,0.189,track
4,512,-0.142,-0.486,0.092,-0.078,-0.162,-1.32,0.577,-0.076,0.252,1.0,0.997,0.724,0.999,2.721,0.178,track
4,513,-0.141,-0.484,0.088,-0.078,-0.162,-1.32,0.574,-0.076,0.2539,1.0,0.998,0.733,0.998,2.728,0.214,track
4,514,-0.141,-0.483,0.084,-0.078,-0.162,-1.32,0.566,-0.079,0.2559,1.0,0.998,0.751,0.995,2.744,0.217,track
4,515,-0.14,-0.482,0.08,-0.078,-0.162,-1.32,0.563,-0.078,0.2588,1.0,0.998,0.759,0.989,2.746,0.237,track
4,516,-0.139,-0.481,0.076,-0.078,-0.162,-1.32,0.557,-0.079,0.2627,1.0,0.997,0.774,0.978,2.749,0.234,track
4,517,-0.139,-0.479,0.072,-0.078,-0.162,-1.32,0.555,-0.085,0.2637,1.0,0.997,0.778,0.974,2.75,0.248,track
4,518,-0.138,-0.478,0.067,-0.078,-0.162,-1.32,0.552,-0.09,0.2656,1.0,0.997,0.783,0.967,2.746,0.241,track
4,519,-0.137,-0.477,0.062,-0.078,-0.162,-1.32,0.551,-0.097,0.2686,1.0,0.997,0.783,0.953,2.733,0.232,track
4,520,-0.137,-0.476,0.057,-0.078,-0.162,-1.32,0.549,-0.101,0.2705,1.0,0.997,0.786,0.943,2.726,0.223,track
4,521,-0.136,-0.475,0.051,-0.078,-0.162,-1.32,0.545,-0.1,0.2725,1.0,0.997,0.795,0.932,2.724,0.207,track
4,522,-0.135,-0.473,0.046,-0.078,-0.162,-1.32,0.541,-0.105,0.2773,1.0,0.997,0.804,0.901,2.702,0.194,track
4,523,-0.134,-0.472,0.04,-0.078,-0.162,-1.32,0.532,-0.11,0.2842,1.0,0.996,0.825,0.85,2.672,0.211,track
4,524,-0.134,-0.471,0.034,-0.078,-0.162,-1.32,0.53,-0.116,0.2861,1.0,0.996,0.826,0.834,2.656,0.209,track
4,525,-0.133,-0.47,0.028,-0.078,-0.162,-1.32,0.526,-0.13,0.29,1.0,0.996,0.83,0.8,2.626,0.196,track
4,526,-0.132,-0.469,0.021,-0.078,-0.162,-1.32,0.523,-0.143,0.2939,1.0,0.995,0.829,0.765,2.588,0.218,track
4,527,-0.131,-0.468,0.015,-0.078,-0.162,-1.32,0.52,-0.155,0.292,1.0,0.995,0.827,0.783,2.605,0.17,track
4,528,-0.13,-0.467,0.008,-0.078,-0.162,-1.32,0.514,-0.165,0.2832,1.0,0.995,0.833,0.858,2.686,0.155,track
4,529,-0.129,-0.466,0.002,-0.078,-0.162,-1.32,0.509,-0.181,0.2783,1.0,0.995,0.834,0.895,2.724,0.118,track
4,530,-0.129,-0.465,-0.005,-0.078,-0.162,-1.32,0.495,-0.195,0.2588,1.0,0.994,0.855,0.989,2.839,0.103,track
4,531,-0.128,-0.464,-0.012,-0.078,-0.162,-1.32,0.479,-0.206,0.2324,1.0,0.993,0.886,0.989,2.868,0.198,track
4,532,-0.127,-0.463,-0.018,-0.078,-0.162,-1.32,0.46,-0.229,0.2188,1.0,0.994,0.907,0.967,2.867,0.365,track
4,533,-0.126,-0.462,-0.024,-0.078,-0.162,-1.32,0.447,-0.233,0.208,1.0,0.994,0.933,0.941,2.868,0.422,track
4,534,-0.125,-0.461,-0.029,-0.078,-0.162,-1.32,0.436,-0.242,0.2002,1.0,0.996,0.949,0.917,2.862,0.453,track
4,535,-0.124,-0.461,-0.034,-0.078,-0.162,-1.32,0.428,-0.253,0.1914,1.0,0.997,0.953,0.888,2.838,0.457,track
4,536,-0.123,-0.46,-0.039,-0.078,-0.162,-1.32,0.414,-0.252,0.1855,1.0,0.998,0.987,0.866,2.851,0.458,track
4,537,-0.123,-0.459,-0.043,-0.078,-0.162,-1.32,0.402,-0.244,0.1748,1.0,0.998,1.031,0.822,2.851,0.434,track
4,538,-0.122,-0.458,-0.047,-0.078,-0.162,-1.32,0.396,-0.248,0.167,1.0,0.998,1.038,0.787,2.824,0.438,track
4,539,-0.121,-0.458,-0.05,-0.078,-0.162,-1.32,0.393,-0.248,0.1611,1.0,0.998,1.045,0.76,2.803,0.442,track
4,540,-0.12,-0.457,-0.053,-0.078,-0.162,-1.32,0.394,-0.245,0.1572,1.0,0.998,1.049,0.742,2.789,0.444,track
4,541,-0.12,-0.457,-0.055,-0.078,-0.162,-1.32,0.376,-0.239,0.1523,1.0,0.998,1.103,0.718,2.819,0.439,track
4,542,-0.119,-0.456,-0.057,-0.078,-0.162,-1.32,0.37,-0.23,0.1475,1.0,0.998,1.131,0.694,2.823,0.41,track
4,543,-0.118,-0.456,-0.059,-0.078,-0.162,-1.32,0.365,-0.219,0.1436,1.0,0.998,1.16,0.675,2.833,0.38,track
4,544,-0.118,-0.455,-0.06,-0.078,-0.162,-1.32,0.368,-0.211,0.1445,1.0,0.998,1.165,0.68,2.843,0.333,track
4,545,-0.117,-0.455,-0.061,-0.078,-0.162,-1.32,0.367,-0.207,0.1426,1.0,0.998,1.174,0.67,2.842,0.286,track
4,546,-0.116,-0.454,-0.062,-0.078,-0.162,-1.32,0.365,-0.212,0.1406,1.0,0.998,1.17,0.66,2.829,0.246,track
4,547,-0.116,-0.454,-0.062,-0.078,-0.162,-1.32,0.368,-0.21,0.1387,1.0,0.998,1.168,0.65,2.817,0.228,track
4,548,-0.115,-0.454,-0.062,-0.078,-0.162,-1.32,0.368,-0.21,0.1387,1.0,0.998,1.168,0.65,2.817,0.231,track
4,549,-0.115,-0.453,-0.062,-0.078,-0.162,-1.32,0.367,-0.215,0.1396,1.0,0.998,1.162,0.655,2.815,0.198,track
4,550,-0.114,-0.453,-0.062,-0.078,-0.162,-1.32,0.368,-0.219,0.1396,1.0,0.998,1.153,0.655,2.807,0.198,track
4,551,-0.114,-0.453,-0.062,-0.078,-0.162,-1.32,0.367,-0.226,0.1396,1.0,0.998,1.146,0.655,2.799,0.18,track
4,552,-0.113,-0.453,-0.061,-0.078,-0.162,-1.32,0.369,-0.228,0.1416,1.0,0.998,1.136,0.665,2.798,0.18,track
4,553,-0.113,-0.453,-0.061,-0.078,-0.162,-1.32,0.365,-0.231,0.1406,1.0,0.998,1.141,0.66,2.799,0.185,track
4,554,-0.112,-0.452,-0.06,-0.078,-0.162,-1.32,0.366,-0.236,0.1396,1.0,0.997,1.133,0.655,2.786,0.162,track
4,555,-0.112,-0.452,-0.059,-0.078,-0.162,-1.32,0.368,-0.237,0.1387,1.0,0.997,1.124,0.65,2.772,0.164,track
4,556,-0.111,-0.452,-0.058,-0.078,-0.162,-1.32,0.368,-0.233,0.1406,1.0,0.997,1.131,0.66,2.788,0.148,track
4,557,-0.111,-0.452,-0.057,-0.078,-0.162,-1.32,0.368,-0.228,0.1406,1.0,0.997,1.141,0.66,2.798,0.107,track
4,558,-0.11,-0.452,-0.056,-0.078,-0.162,-1.32,0.369,-0.228,0.1406,1.0,0.997,1.136,0.66,2.793,0.073,track
4,559,-0.11,-0.452,-0.055,-0.078,-0.162,-1.32,0.376,-0.227,0.1387,1.0,0.997,1.12,0.65,2.768,0.051,track
4,560,-0.11,-0.452,-0.054,-0.078,-0.162,-1.32,0.378,-0.23,0.1387,1.0,0.998,1.111,0.65,2.759,0.067,track
4,561,-0.109,-0.452,-0.053,-0.078,-0.162,-1.32,0.382,-0.238,0.1387,1.0,0.997,1.09,0.65,2.737,0.043,track
4,562,-0.109,-0.452,-0.052,-0.078,-0.162,-1.32,0.387,-0.228,0.1387,1.0,0.998,1.092,0.65,2.74,0.099,track
4,563,-0.109,-0.452,-0.05,-0.078,-0.162,-1.32,0.391,-0.239,0.1406,1.0,0.997,1.065,0.66,2.723,0.11,track
4,564,-0.108,-0.452,-0.049,-0.078,-0.162,-1.32,0.391,-0.246,0.1416,1.0,0.998,1.053,0.665,2.716,0.106,track
4,565,-0.108,-0.452,-0.048,-0.078,-0.162,-1.32,0.397,-0.238,0.1436,1.0,0.998,1.051,0.675,2.724,0.101,track
4,566,-0.108,-0.452,-0.047,-0.078,-0.162,-1.32,0.399,-0.239,0.1416,1.0,0.997,1.046,0.665,2.708,0.126,track
4,567,-0.107,-0.452,-0.045,-0.078,-0.162,-1.32,0.405,-0.235,0.1475,1.0,0.998,1.035,0.694,2.727,0.087,track
4,568,-0.107,-0.453,-0.044,-0.078,-0.162,-1.32,0.406,-0.243,0.1494,1.0,0.997,1.021,0.704,2.722,0.12,track
4,569,-0.107,-0.453,-0.043,-0.078,-0.162,-1.32,0.412,-0.243,0.1514,1.0,0.998,1.006,0.713,2.718,0.132,track
4,570,-0.107,-0.453,-0.041,-0.078,-0.162,-1.32,0.413,-0.246,0.1562,1.0,0.997,0.999,0.737,2.734,0.081,track
4,571,-0.106,-0.453,-0.04,-0.078,-0.162,-1.32,0.413,-0.252,0.1553,1.0,0.998,0.99,0.732,2.72,0.069,track
4,572,-0.106,-0.453,-0.039,-0.078,-0.162,-1.32,0.417,-0.257,0.1592,1.0,0.998,0.974,0.751,2.723,0.082,track
4,573,-0.106,-0.453,-0.038,-0.078,-0.162,-1.32,0.42,-0.256,0.1582,1.0,0.997,0.968,0.746,2.712,0.092,track
4,574,-0.106,-0.453,-0.037,-0.078,-0.162,-1.32,0.423,-0.252,0.1592,1.0,0.998,0.966,0.751,2.715,0.112,track
4,575,-0.106,-0.453,-0.035,-0.078,-0.162,-1.32,0.425,-0.252,0.1621,1.0,0.997,0.962,0.765,2.724,0.092,track
4,576,-0.105,-0.453,-0.034,-0.078,-0.162,-1.32,0.427,-0.247,0.1631,1.0,0.998,0.964,0.769,2.731,0.097,track
4,577,-0.105,-0.453,-0.033,-0.078,-0.162,-1.32,0.427,-0.248,0.165,1.0,0.997,0.962,0.778,2.737,0.068,track
4,578,-0.105,-0.454,-0.032,-0.078,-0.162,-1.32,0.432,-0.247,0.166,1.0,0.998,0.951,0.783,2.732,0.093,track
4,579,-0.105,-0.454,-0.031,-0.078,-0.162,-1.32,0.441,-0.242,0.1631,1.0,0.998,0.937,0.769,2.704,0.063,track
4,580,-0.105,-0.454,-0.03,-0.078,-0.162,-1.32,0.446,-0.242,0.166,1.0,0.998,0.925,0.783,2.706,0.082,track
4,581,-0.105,-0.454,-0.029,-0.078,-0.162,-1.32,0.456,-0.238,0.165,1.0,0.997,0.904,0.778,2.68,0.105,track
4,582,-0.104,-0.454,-0.028,-0.078,-0.162,-1.32,0.456,-0.24,0.1709,1.0,0.998,0.902,0.805,2.705,0.146,track
4,583,-0.104,-0.454,-0.028,-0.078,-0.162,-1.32,0.455,-0.242,0.1699,1.0,0.997,0.903,0.8,2.7,0.197,track
4,584,-0.104,-0.454,-0.027,-0.078,-0.162,-1.32,0.455,-0.245,0.1709,1.0,0.998,0.897,0.805,2.7,0.233,track
4,585,-0.104,-0.454,-0.026,-0.078,-0.162,-1.32,0.46,-0.233,0.1719,1.0,0.997,0.901,0.809,2.707,0.228,track
4,586,-0.104,-0.454,-0.025,-0.078,-0.162,-1.32,0.461,-0.229,0.1709,1.0,0.997,0.903,0.805,2.705,0.272,track
4,587,-0.104,-0.454,-0.025,-0.078,-0.162,-1.32,0.464,-0.228,0.1709,1.0,0.997,0.898,0.805,2.7,0.227,track
4,588,-0.104,-0.454,-0.024,-0.078,-0.162,-1.32,0.471,-0.242,0.1758,1.0,0.998,0.863,0.826,2.686,0.234,track
4,589,-0.103,-0.454,-0.023,-0.078,-0.162,-1.32,0.471,-0.238,0.1768,1.0,0.997,0.867,0.83,2.695,0.305,track
4,590,-0.103,-0.454,-0.023,-0.078,-0.162,-1.32,0.472,-0.236,0.1787,1.0,0.998,0.867,0.838,2.702,0.295,track
4,591,-0.103,-0.454,-0.022,-0.078,-0.162,-1.32,0.472,-0.236,0.1787,1.0,0.997,0.867,0.838,2.702,0.264,track
4,592,-0.103,-0.454,-0.022,-0.078,-0.162,-1.32,0.472,-0.236,0.1787,1.0,0.998,0.867,0.838,2.703,0.26,track
4,593,-0.103,-0.454,-0.022,-0.078,-0.162,-1.32,0.477,-0.234,0.1807,1.0,0.998,0.859,0.846,2.703,0.236,track
4,594,-0.103,-0.454,-0.021,-0.078,-0.162,-1.32,0.474,-0.225,0.1787,1.0,0.998,0.876,0.838,2.712,0.232,track
4,595,-0.102,-0.454,-0.021,-0.078,-0.162,-1.32,0.474,-0.214,0.1738,1.0,0.998,0.887,0.818,2.703,0.192,track
4,596,-0.102,-0.454,-0.021,-0.078,-0.162,-1.32,0.476,-0.194,0.1748,1.0,0.997,0.904,0.822,2.723,0.253,track
4,597,-0.102,-0.454,-0.021,-0.078,-0.162,-1.32,0.479,-0.187,0.1816,1.0,0.998,0.904,0.85,2.752,0.285,track
4,598,-0.102,-0.454,-0.02,-0.078,-0.162,-1.32,0.476,-0.184,0.1787,1.0,0.997,0.916,0.838,2.751,0.176,track
4,599,-0.102,-0.454,-0.02,-0.078,-0.162,-1.32,0.476,-0.18,0.1787,1.0,0.998,0.919,0.838,2.756,0.239,track
4,600,-0.102,-0.454,-0.021,-0.078,-0.162,-1.32,0.475,-0.178,0.1787,1.0,0.998,0.923,0.838,2.759,0.189,track
4,601,-0.101,-0.454,-0.021,-0.078,-0.162,-1.32,0.477,-0.177,0.1807,1.0,0.999,0.921,0.846,2.766,0.234,track
4,602,-0.101,-0.454,-0.021,-0.078,-0.162,-1.32,0.477,-0.178,0.1816,1.0,0.999,0.919,0.85,2.768,0.171,track
4,603,-0.101,-0.454,-0.021,-0.078,-0.162,-1.32,0.473,-0.171,0.1807,1.0,0.999,0.936,0.846,2.782,0.18,track
4,604,-0.101,-0.454,-0.022,-0.078,-0.162,-1.32,0.471,-0.169,0.1816,1.0,0.999,0.943,0.85,2.792,0.163,track
4,605,-0.1,-0.454,-0.022,-0.078,-0.162,-1.32,0.462,-0.163,0.1865,1.0,0.999,0.973,0.869,2.842,0.191,track
4,606,-0.1,-0.454,-0.023,-0.078,-0.162,-1.32,0.456,-0.164,0.1885,1.0,0.999,0.989,0.877,2.865,0.177,track
4,607,-0.1,-0.454,-0.023,-0.078,-0.162,-1.32,0.452,-0.164,0.1885,1.0,0.999,1.001,0.877,2.877,0.171,track
4,608,-0.1,-0.454,-0.024,-0.078,-0.162,-1.32,0.448,-0.164,0.1914,1.0,0.999,1.011,0.888,2.898,0.139,track
4,609,-0.099,-0.454,-0.025,-0.078,-0.162,-1.32,0.446,-0.166,0.1904,1.0,0.999,1.015,0.884,2.898,0.152,track
4,610,-0.099,-0.453,-0.026,-0.078,-0.162,-1.32,0.445,-0.17,0.1875,1.0,0.999,1.012,0.873,2.885,0.117,track
4,611,-0.099,-0.453,-0.027,-0.078,-0.162,-1.32,0.446,-0.17,0.1807,1.0,0.999,1.009,0.846,2.854,0.096,track
4,612,-0.098,-0.453,-0.029,-0.078,-0.162,-1.32,0.446,-0.172,0.1787,1.0,0.999,1.008,0.838,2.845,0.044,track
4,613,-0.098,-0.453,-0.03,-0.078,-0.162,-1.32,0.444,-0.173,0.1787,1.0,0.999,1.011,0.838,2.849,0.046,track
4,614,-0.098,-0.453,-0.031,-0.078,-0.162,-1.32,0.44,-0.173,0.1787,1.0,0.999,1.022,0.838,2.86,0.021,track
4,615,-0.097,-0.453,-0.032,-0.078,-0.162,-1.32,0.437,-0.172,0.1787,1.0,0.999,1.032,0.838,2.87,0.033,track
4,616,-0.097,-0.453,-0.034,-0.078,-0.162,-1.32,0.428,-0.177,0.1758,1.0,0.999,1.05,0.826,2.875,0.014,track
4,617,-0.097,-0.453,-0.035,-0.078,-0.162,-1.32,0.426,-0.183,0.1719,1.0,0.999,1.048,0.809,2.856,0.035,track
4,618,-0.096,-0.453,-0.036,-0.078,-0.162,-1.32,0.427,-0.183,0.1748,1.0,0.999,1.048,0.822,2.869,0.04,track
4,619,-0.096,-0.453,-0.037,-0.078,-0.162,-1.32,0.431,-0.183,0.1748,1.0,0.999,1.037,0.822,2.858,0.057,track
4,620,-0.096,-0.453,-0.038,-0.078,-0.162,-1.32,0.43,-0.189,0.1729,1.0,0.999,1.033,0.813,2.846,0.045,track
4,621,-0.095,-0.454,-0.039,-0.078,-0.162,-1.32,0.431,-0.189,0.168,1.0,0.999,1.029,0.792,2.82,0.061,track
4,622,-0.095,-0.454,-0.04,-0.078,-0.162,-1.32,0.434,-0.193,0.166,1.0,0.999,1.016,0.783,2.798,0.092,track
4,623,-0.094,-0.454,-0.041,-0.078,-0.162,-1.32,0.431,-0.191,0.165,1.0,0.999,1.026,0.778,2.804,0.116,track
4,624,-0.094,-0.454,-0.042,-0.078,-0.162,-1.32,0.432,-0.21,0.168,1.0,0.999,1.002,0.792,2.793,0.101,track
4,625,-0.094,-0.454,-0.043,-0.078,-0.162,-1.32,0.43,-0.208,0.167,1.0,0.999,1.01,0.787,2.796,0.126,track
4,626,-0.093,-0.454,-0.044,-0.078,-0.162,-1.32,0.432,-0.228,0.1641,1.0,0.999,0.978,0.774,2.751,0.131,track
4,627,-0.093,-0.454,-0.044,-0.078,-0.162,-1.32,0.428,-0.225,0.1611,1.0,0.999,0.992,0.76,2.751,0.162,track
4,628,-0.092,-0.454,-0.044,-0.078,-0.162,-1.32,0.422,-0.217,0.1572,1.0,0.999,1.018,0.742,2.759,0.163,track
4,629,-0.092,-0.455,-0.045,-0.078,-0.162,-1.32,0.416,-0.228,0.1572,1.0,0.999,1.018,0.742,2.759,0.114,track
4,630,-0.092,-0.455,-0.045,-0.078,-0.162,-1.32,0.412,-0.221,0.1553,1.0,0.999,1.037,0.732,2.769,0.112,track
4,631,-0.091,-0.455,-0.045,-0.078,-0.162,-1.32,0.412,-0.231,0.1553,1.0,0.999,1.025,0.732,2.757,0.106,track
4,632,-0.091,-0.455,-0.045,-0.078,-0.162,-1.32,0.417,-0.24,0.1553,1.0,0.999,1.0,0.732,2.731,0.1,track
4,633,-0.091,-0.455,-0.045,-0.078,-0.162,-1.32,0.418,-0.24,0.1553,1.0,0.999,0.996,0.732,2.728,0.11,track
4,634,-0.09,-0.456,-0.045,-0.078,-0.162,-1.32,0.411,-0.229,0.1504,1.0,0.999,1.03,0.709,2.737,0.107,track
4,635,-0.09,-0.456,-0.045,-0.078,-0.162,-1.32,0.418,-0.227,0.1533,1.0,0.999,1.014,0.723,2.736,0.086,track
4,636,-0.09,-0.456,-0.045,-0.078,-0.162,-1.32,0.42,-0.234,0.1523,1.0,0.999,1.001,0.718,2.718,0.057,track
4,637,-0.089,-0.457,-0.044,-0.078,-0.162,-1.32,0.419,-0.236,0.1533,1.0,0.999,0.999,0.723,2.721,0.08,track
4,638,-0.089,-0.457,-0.044,-0.078,-0.162,-1.32,0.42,-0.233,0.1543,1.0,0.999,1.001,0.728,2.727,0.059,track
4,639,-0.089,-0.457,-0.044,-0.078,-0.162,-1.32,0.418,-0.234,0.1562,1.0,0.999,1.005,0.737,2.741,0.058,track
4,640,-0.088,-0.457,-0.043,-0.078,-0.162,-1.32,0.415,-0.243,0.1562,1.0,0.999,0.998,0.737,2.734,0.039,track
4,641,-0.088,-0.458,-0.043,-0.078,-0.162,-1.32,0.414,-0.244,0.1582,1.0,0.999,1.001,0.746,2.746,0.067,track
4,642,-0.088,-0.458,-0.043,-0.078,-0.162,-1.32,0.41,-0.238,0.1553,1.0,0.999,1.02,0.732,2.752,0.052,track
4,643,-0.087,-0.458,-0.042,-0.078,-0.162,-1.32,0.411,-0.248,0.1553,1.0,0.999,1.002,0.732,2.733,0.044,track
4,644,-0.087,-0.459,-0.042,-0.078,-0.162,-1.32,0.407,-0.246,0.1543,1.0,0.999,1.014,0.728,2.741,0.045,track
4,645,-0.087,-0.459,-0.042,-0.078,-0.162,-1.32,0.406,-0.238,0.1523,1.0,0.999,1.029,0.718,2.746,0.052,track
4,646,-0.087,-0.459,-0.041,-0.078,-0.162,-1.32,0.409,-0.239,0.1504,1.0,0.999,1.018,0.709,2.726,0.043,track
4,647,-0.087,-0.46,-0.041,-0.078,-0.162,-1.32,0.414,-0.233,0.1504,1.0,0.999,1.016,0.709,2.724,0.049,track
4,648,-0.086,-0.46,-0.041,-0.078,-0.162,-1.32,0.422,-0.223,0.1533,1.0,0.999,1.01,0.723,2.732,0.069,track
4,649,-0.086,-0.46,-0.04,-0.078,-0.162,-1.32,0.428,-0.232,0.1533,1.0,0.999,0.983,0.723,2.705,0.05,track
4,650,-0.086,-0.461,-0.04,-0.078,-0.162,-1.32,0.432,-0.231,0.1543,1.0,0.999,0.973,0.728,2.7,0.056,track
4,651,-0.086,-0.461,-0.04,-0.078,-0.162,-1.32,0.438,-0.227,0.1562,1.0,0.999,0.965,0.737,2.701,0.026,track
4,652,-0.085,-0.461,-0.039,-0.078,-0.162,-1.32,0.44,-0.227,0.1572,1.0,0.999,0.958,0.742,2.699,0.032,track
4,653,-0.085,-0.462,-0.039,-0.078,-0.162,-1.32,0.445,-0.228,0.1553,1.0,0.999,0.944,0.732,2.676,0.026,track
4,654,-0.085,-0.462,-0.038,-0.078,-0.162,-1.32,0.448,-0.22,0.1553,1.0,0.999,0.948,0.732,2.68,0.03,track
4,655,-0.085,-0.462,-0.038,-0.078,-0.162,-1.32,0.45,-0.226,0.1543,1.0,0.999,0.935,0.728,2.662,0.051,track
4,656,-0.085,-0.463,-0.038,-0.078,-0.162,-1.32,0.45,-0.226,0.1523,1.0,1.0,0.936,0.718,2.654,0.049,track
4,657,-0.085,-0.463,-0.037,-0.078,-0.162,-1.32,0.45,-0.231,0.1543,1.0,1.0,0.927,0.728,2.655,0.059,track
4,658,-0.084,-0.463,-0.037,-0.078,-0.162,-1.32,0.452,-0.228,0.1553,1.0,1.0,0.926,0.732,2.658,0.049,track
4,659,-0.084,-0.464,-0.036,-0.078,-0.162,-1.32,0.452,-0.228,0.1553,1.0,1.0,0.926,0.732,2.658,0.041,track
4,660,-0.084,-0.464,-0.036,-0.078,-0.162,-1.32,0.454,-0.227,0.1592,1.0,1.0,0.923,0.751,2.674,0.043,track
4,661,-0.084,-0.464,-0.035,-0.078,-0.162,-1.32,0.452,-0.232,0.1602,1.0,1.0,0.921,0.756,2.677,0.03,track
4,662,-0.084,-0.465,-0.035,-0.078,-0.162,-1.32,0.452,-0.228,0.1631,1.0,1.0,0.926,0.769,2.695,0.036,track
4,663,-0.084,-0.465,-0.034,-0.078,-0.162,-1.32,0.452,-0.228,0.1641,1.0,1.0,0.927,0.774,2.701,0.05,track
4,664,-0.084,-0.466,-0.034,-0.078,-0.162,-1.32,0.454,-0.229,0.166,1.0,1.0,0.921,0.783,2.703,0.054,track
4,665,-0.083,-0.466,-0.034,-0.078,-0.162,-1.32,0.454,-0.229,0.166,1.0,1.0,0.921,0.783,2.703,0.053,track
4,666,-0.083,-0.466,-0.033,-0.078,-0.162,-1.32,0.456,-0.231,0.165,1.0,1.0,0.914,0.778,2.692,0.046,track
4,667,-0.083,-0.467,-0.033,-0.078,-0.162,-1.32,0.457,-0.222,0.165,1.0,1.0,0.92,0.778,2.698,0.026,track
4,668,-0.083,-0.467,-0.033,-0.078,-0.162,-1.32,0.457,-0.222,0.165,1.0,1.0,0.92,0.778,2.698,0.056,track
4,669,-0.083,-0.467,-0.033,-0.078,-0.162,-1.32,0.456,-0.228,0.165,1.0,1.0,0.918,0.778,2.696,0.044,track
4,670,-0.083,-0.467,-0.032,-0.078,-0.162,-1.32,0.454,-0.231,0.1641,1.0,1.0,0.919,0.774,2.693,0.051,track
4,671,-0.083,-0.468,-0.032,-0.078,-0.162,-1.32,0.457,-0.227,0.165,1.0,1.0,0.916,0.778,2.694,0.033,track
4,672,-0.082,-0.468,-0.032,-0.078,-0.162,-1.32,0.46,-0.228,0.167,1.0,1.0,0.907,0.787,2.694,0.04,track
4,673,-0.082,-0.468,-0.032,-0.078,-0.162,-1.32,0.46,-0.227,0.165,1.0,1.0,0.909,0.778,2.687,0.029,track
4,674,-0.082,-0.469,-0.032,-0.078,-0.162,-1.32,0.462,-0.223,0.166,1.0,1.0,0.908,0.783,2.69,0.032,track
4,675,-0.082,-0.469,-0.032,-0.078,-0.162,-1.32,0.46,-0.222,0.166,1.0,1.0,0.915,0.783,2.698,0.047,track
4,676,-0.082,-0.469,-0.032,-0.078,-0.162,-1.32,0.46,-0.222,0.166,1.0,1.0,0.915,0.783,2.698,0.05,track
4,677,-0.082,-0.47,-0.032,-0.078,-0.162,-1.32,0.462,-0.226,0.167,1.0,1.0,0.906,0.787,2.693,0.055,track
4,678,-0.082,-0.47,-0.032,-0.078,-0.162,-1.32,0.462,-0.226,0.167,1.0,1.0,0.906,0.787,2.693,0.035,track
4,679,-0.082,-0.47,-0.032,-0.078,-0.162,-1.32,0.461,-0.228,0.168,1.0,1.0,0.904,0.792,2.695,0.039,track
4,680,-0.082,-0.471,-0.032,-0.078,-0.162,-1.32,0.461,-0.228,0.168,1.0,1.0,0.904,0.792,2.695,0.031,track
4,681,-0.081,-0.471,-0.032,-0.078,-0.162,-1.32,0.461,-0.228,0.168,1.0,1.0,0.904,0.792,2.695,0.03,track
4,682,-0.081,-0.471,-0.032,-0.078,-0.162,-1.32,0.461,-0.228,0.168,1.0,1.0,0.904,0.792,2.695,0.031,track
4,683,-0.081,-0.472,-0.032,-0.078,-0.162,-1.32,0.461,-0.228,0.168,1.0,1.0,0.904,0.792,2.695,0.03,track
4,684,-0.081,-0.472,-0.032,-0.078,-0.162,-1.32,0.461,-0.228,0.168,1.0,1.0,0.904,0.792,2.695,0.029,track
4,685,-0.081,-0.472,-0.032,-0.078,-0.162,-1.32,0.463,-0.225,0.167,1.0,1.0,0.903,0.787,2.69,0.027,track
4,686,-0.081,-0.473,-0.032,-0.078,-0.162,-1.32,0.463,-0.225,0.167,1.0,1.0,0.903,0.787,2.69,0.024,track
4,687,-0.081,-0.473,-0.032,-0.078,-0.162,-1.32,0.463,-0.225,0.167,1.0,1.0,0.903,0.787,2.69,0.028,track
4,688,-0.081,-0.473,-0.032,-0.078,-0.162,-1.32,0.463,-0.225,0.167,1.0,1.0,0.903,0.787,2.69,0.023,track
4,689,-0.08,-0.473,-0.032,-0.078,-0.162,-1.32,0.463,-0.225,0.167,1.0,1.0,0.903,0.787,2.69,0.024,track
4,690,-0.08,-0.474,-0.033,-0.078,-0.162,-1.32,0.463,-0.225,0.167,1.0,1.0,0.903,0.787,2.69,0.019,track
4,691,-0.08,-0.474,-0.033,-0.078,-0.162,-1.32,0.463,-0.225,0.167,1.0,1.0,0.903,0.787,2.69,0.02,track
4,692,-0.08,-0.474,-0.033,-0.078,-0.162,-1.32,0.463,-0.225,0.167,1.0,1.0,0.903,0.787,2.69,0.015,track
4,693,-0.08,-0.475,-0.033,-0.078,-0.162,-1.32,0.463,-0.225,0.167,1.0,1.0,0.903,0.787,2.69,0.016,track
4,694,-0.08,-0.475,-0.033,-0.078,-0.162,-1.32,0.463,-0.225,0.167,1.0,1.0,0.903,0.787,2.69,0.011,track
4,695,-0.08,-0.475,-0.033,-0.078,-0.162,-1.32,0.463,-0.225,0.167,1.0,1.0,0.903,0.787,2.69,0.012,track
4,696,-0.08,-0.476,-0.033,-0.078,-0.162,-1.32,0.461,-0.222,0.166,1.0,1.0,0.912,0.783,2.695,0.008,track
4,697,-0.079,-0.476,-0.034,-0.078,-0.162,-1.32,0.461,-0.222,0.166,1.0,1.0,0.912,0.783,2.695,0.019,track
4,698,-0.079,-0.476,-0.034,-0.078,-0.162,-1.32,0.461,-0.222,0.166,1.0,1.0,0.912,0.783,2.695,0.02,track
4,699,-0.079,-0.477,-0.034,-0.078,-0.162,-1.32,0.461,-0.222,0.166,1.0,1.0,0.912,0.783,2.695,0.014,track
4,700,-0.079,-0.477,-0.034,-0.078,-0.162,-1.32,0.461,-0.222,0.166,1.0,1.0,0.912,0.783,2.695,0.014,track
4,701,-0.079,-0.477,-0.034,-0.078,-0.162,-1.32,0.461,-0.222,0.166,1.0,1.0,0.912,0.783,2.695,0.009,track
4,702,-0.079,-0.478,-0.034,-0.078,-0.162,-1.32,0.461,-0.222,0.166,1.0,1.0,0.912,0.783,2.695,0.01,track
4,703,-0.079,-0.478,-0.035,-0.078,-0.162,-1.32,0.464,-0.23,0.166,1.0,1.0,0.894,0.783,2.677,0.005,track
4,704,-0.079,-0.478,-0.035,-0.078,-0.162,-1.32,0.467,-0.234,0.167,1.0,1.0,0.882,0.787,2.67,0.039,track
4,705,-0.079,-0.479,-0.035,-0.078,-0.162,-1.32,0.467,-0.234,0.167,1.0,1.0,0.882,0.787,2.67,0.038,track
4,706,-0.078,-0.479,-0.035,-0.078,-0.162,-1.32,0.464,-0.231,0.166,1.0,1.0,0.893,0.783,2.675,0.034,track
4,707,-0.078,-0.479,-0.035,-0.078,-0.162,-1.32,0.461,-0.225,0.1641,1.0,1.0,0.909,0.774,2.682,0.034,track
4,708,-0.078,-0.48,-0.035,-0.078,-0.162,-1.32,0.461,-0.225,0.1641,1.0,1.0,0.909,0.774,2.682,0.021,track
4,709,-0.078,-0.48,-0.035,-0.078,-0.162,-1.32,0.458,-0.227,0.1631,1.0,1.0,0.913,0.769,2.682,0.012,track
4,710,-0.078,-0.48,-0.035,-0.078,-0.162,-1.32,0.46,-0.229,0.1621,1.0,1.0,0.906,0.765,2.671,0.019,track
4,711,-0.078,-0.481,-0.035,-0.078,-0.162,-1.32,0.462,-0.227,0.1611,1.0,1.0,0.904,0.76,2.664,0.019,track
4,712,-0.078,-0.481,-0.036,-0.078,-0.162,-1.32,0.46,-0.224,0.1602,1.0,1.0,0.912,0.756,2.668,0.026,track
4,713,-0.078,-0.481,-0.036,-0.078,-0.162,-1.32,0.462,-0.225,0.1592,1.0,1.0,0.905,0.751,2.656,0.024,track
4,714,-0.078,-0.482,-0.036,-0.078,-0.162,-1.32,0.462,-0.225,0.1592,1.0,1.0,0.905,0.751,2.656,0.03,track
4,715,-0.078,-0.482,-0.035,-0.078,-0.162,-1.32,0.462,-0.225,0.1592,1.0,1.0,0.905,0.751,2.656,0.025,track
4,716,-0.077,-0.482,-0.035,-0.078,-0.162,-1.32,0.464,-0.229,0.1602,1.0,1.0,0.897,0.756,2.652,0.021,track
4,717,-0.077,-0.483,-0.035,-0.078,-0.162,-1.32,0.466,-0.226,0.1611,1.0,1.0,0.896,0.76,2.656,0.022,track
4,718,-0.077,-0.483,-0.035,-0.078,-0.162,-1.32,0.465,-0.23,0.1602,1.0,1.0,0.891,0.756,2.647,0.019,track
4,719,-0.077,-0.483,-0.035,-0.078,-0.162,-1.32,0.467,-0.234,0.1592,1.0,1.0,0.884,0.751,2.635,0.023,track
4,720,-0.077,-0.484,-0.035,-0.078,-0.162,-1.32,0.469,-0.232,0.1582,1.0,1.0,0.88,0.746,2.627,0.034,track
4,721,-0.077,-0.484,-0.035,-0.078,-0.162,-1.32,0.469,-0.23,0.1592,1.0,1.0,0.882,0.751,2.633,0.039,track
4,722,-0.077,-0.484,-0.035,-0.078,-0.162,-1.32,0.47,-0.234,0.1602,1.0,1.0,0.875,0.756,2.63,0.028,track
4,723,-0.077,-0.485,-0.034,-0.078,-0.162,-1.32,0.47,-0.234,0.1602,1.0,1.0,0.875,0.756,2.63,0.023,track
4,724,-0.077,-0.485,-0.034,-0.078,-0.162,-1.32,0.472,-0.233,0.1592,1.0,1.0,0.871,0.751,2.622,0.02,track
4,725,-0.077,-0.486,-0.034,-0.078,-0.162,-1.32,0.475,-0.231,0.1611,1.0,1.0,0.865,0.76,2.626,0.025,track
4,726,-0.077,-0.486,-0.034,-0.078,-0.162,-1.32,0.475,-0.231,0.1611,1.0,1.0,0.865,0.76,2.626,0.022,track
4,727,-0.077,-0.486,-0.033,-0.078,-0.162,-1.32,0.475,-0.232,0.1621,1.0,1.0,0.865,0.765,2.629,0.01,track
4,728,-0.077,-0.487,-0.033,-0.078,-0.162,-1.32,0.477,-0.231,0.1631,1.0,1.0,0.862,0.769,2.631,0.003,track
4,729,-0.077,-0.487,-0.033,-0.078,-0.162,-1.32,0.477,-0.23,0.165,1.0,1.0,0.863,0.778,2.642,0.004,track
4,730,-0.076,-0.487,-0.032,-0.078,-0.162,-1.32,0.479,-0.229,0.1641,1.0,1.0,0.859,0.774,2.633,0.02,track
4,731,-0.076,-0.488,-0.032,-0.078,-0.162,-1.32,0.479,-0.232,0.166,1.0,1.0,0.856,0.783,2.639,0.016,track
4,732,-0.076,-0.488,-0.032,-0.078,-0.162,-1.32,0.484,-0.234,0.165,1.0,1.0,0.841,0.778,2.619,0.02,track
4,733,-0.076,-0.489,-0.031,-0.078,-0.162,-1.32,0.489,-0.233,0.165,1.0,1.0,0.83,0.778,2.608,0.028,track
4,734,-0.076,-0.489,-0.031,-0.078,-0.162,-1.32,0.489,-0.233,0.165,1.0,1.0,0.83,0.778,2.608,0.021,track
4,735,-0.076,-0.489,-0.031,-0.078,-0.162,-1.32,0.49,-0.235,0.1641,1.0,1.0,0.823,0.774,2.597,0.022,track
4,736,-0.076,-0.49,-0.031,-0.078,-0.162,-1.32,0.491,-0.238,0.166,1.0,1.0,0.819,0.783,2.602,0.032,track
4,737,-0.076,-0.49,-0.03,-0.078,-0.162,-1.32,0.491,-0.234,0.165,1.0,1.0,0.822,0.778,2.601,0.023,track
4,738,-0.076,-0.49,-0.03,-0.078,-0.162,-1.32,0.496,-0.237,0.165,1.0,1.0,0.808,0.778,2.586,0.025,track
4,739,-0.076,-0.491,-0.029,-0.078,-0.162,-1.32,0.496,-0.237,0.165,1.0,1.0,0.808,0.778,2.586,0.034,track
4,740,-0.076,-0.491,-0.029,-0.078,-0.162,-1.32,0.497,-0.235,0.166,1.0,1.0,0.808,0.783,2.591,0.025,track
4,741,-0.076,-0.492,-0.029,-0.078,-0.162,-1.32,0.497,-0.235,0.166,1.0,1.0,0.808,0.783,2.591,0.02,track
4,742,-0.076,-0.492,-0.028,-0.078,-0.162,-1.32,0.501,-0.231,0.1641,1.0,1.0,0.803,0.774,2.576,0.013,track
4,743,-0.076,-0.492,-0.028,-0.078,-0.162,-1.32,0.503,-0.227,0.165,1.0,1.0,0.803,0.778,2.581,0.022,track
4,744,-0.076,-0.493,-0.027,-0.078,-0.162,-1.32,0.504,-0.23,0.166,1.0,1.0,0.797,0.783,2.58,0.014,track
4,745,-0.076,-0.493,-0.027,-0.078,-0.162,-1.32,0.504,-0.23,0.166,1.0,1.0,0.797,0.783,2.58,0.012,track
4,746,-0.076,-0.493,-0.026,-0.078,-0.162,-1.32,0.504,-0.23,0.166,1.0,1.0,0.797,0.783,2.58,0.017,track
4,747,-0.076,-0.494,-0.026,-0.078,-0.162,-1.32,0.505,-0.229,0.166,1.0,1.0,0.796,0.783,2.579,0.016,track
4,748,-0.076,-0.494,-0.025,-0.078,-0.162,-1.32,0.505,-0.226,0.168,1.0,1.0,0.799,0.792,2.59,0.013,track
4,749,-0.076,-0.494,-0.025,-0.078,-0.162,-1.32,0.507,-0.233,0.1709,1.0,1.0,0.787,0.805,2.591,0.031,track
4,750,-0.076,-0.495,-0.024,-0.078,-0.162,-1.32,0.507,-0.234,0.1719,1.0,1.0,0.785,0.809,2.594,0.025,track
4,751,-0.076,-0.495,-0.024,-0.078,-0.162,-1.32,0.505,-0.23,0.1709,1.0,1.0,0.795,0.805,2.6,0.026,track
4,752,-0.076,-0.495,-0.024,-0.078,-0.162,-1.32,0.509,-0.228,0.1719,1.0,1.0,0.787,0.809,2.595,0.033,track
4,753,-0.076,-0.496,-0.023,-0.078,-0.162,-1.32,0.509,-0.228,0.1719,1.0,1.0,0.787,0.809,2.595,0.025,track
4,754,-0.076,-0.496,-0.023,-0.078,-0.162,-1.32,0.509,-0.229,0.1729,1.0,1.0,0.786,0.813,2.599,0.023,track
4,755,-0.076,-0.496,-0.023,-0.078,-0.162,-1.32,0.512,-0.229,0.1729,1.0,1.0,0.778,0.813,2.591,0.028,track
4,756,-0.076,-0.497,-0.022,-0.078,-0.162,-1.32,0.512,-0.225,0.1719,1.0,1.0,0.783,0.809,2.592,0.017,track
4,757,-0.076,-0.497,-0.022,-0.078,-0.162,-1.32,0.513,-0.222,0.1729,1.0,1.0,0.783,0.813,2.596,0.02,track
4,758,-0.076,-0.497,-0.022,-0.078,-0.162,-1.32,0.514,-0.225,0.1748,1.0,1.0,0.778,0.822,2.6,0.023,track
4,759,-0.076,-0.498,-0.022,-0.078,-0.162,-1.32,0.514,-0.225,0.1748,1.0,1.0,0.778,0.822,2.6,0.024,track
4,760,-0.076,-0.498,-0.021,-0.078,-0.162,-1.32,0.514,-0.221,0.1748,1.0,1.0,0.781,0.822,2.602,0.024,track
4,761,-0.076,-0.498,-0.021,-0.078,-0.162,-1.32,0.514,-0.221,0.1758,1.0,1.0,0.782,0.826,2.607,0.027,track
4,762,-0.076,-0.499,-0.021,-0.078,-0.162,-1.32,0.519,-0.218,0.1748,1.0,1.0,0.774,0.822,2.596,0.03,track
4,763,-0.076,-0.499,-0.021,-0.078,-0.162,-1.32,0.519,-0.218,0.1748,1.0,1.0,0.774,0.822,2.596,0.014,track
4,764,-0.076,-0.499,-0.021,-0.078,-0.162,-1.32,0.519,-0.216,0.1758,1.0,1.0,0.775,0.826,2.601,0.019,track
4,765,-0.076,-0.499,-0.021,-0.078,-0.162,-1.32,0.522,-0.214,0.1777,1.0,1.0,0.77,0.834,2.604,0.019,track
4,766,-0.076,-0.5,-0.02,-0.078,-0.162,-1.32,0.522,-0.214,0.1777,1.0,1.0,0.77,0.834,2.604,0.022,track
4,767,-0.076,-0.5,-0.02,-0.078,-0.162,-1.32,0.521,-0.219,0.1777,1.0,1.0,0.768,0.834,2.602,0.023,track
4,768,-0.076,-0.5,-0.02,-0.078,-0.162,-1.32,0.521,-0.219,0.1777,1.0,1.0,0.768,0.834,2.602,0.026,track
4,769,-0.076,-0.5,-0.02,-0.078,-0.162,-1.32,0.521,-0.219,0.1777,1.0,1.0,0.768,0.834,2.602,0.031,track
4,770,-0.076,-0.501,-0.02,-0.078,-0.162,-1.32,0.521,-0.219,0.1777,1.0,1.0,0.768,0.834,2.602,0.02,track
4,771,-0.076,-0.501,-0.02,-0.078,-0.162,-1.32,0.522,-0.217,0.1787,1.0,1.0,0.767,0.838,2.605,0.022,track
4,772,-0.076,-0.501,-0.02,-0.078,-0.162,-1.32,0.52,-0.219,0.1777,1.0,1.0,0.77,0.834,2.604,0.023,track
4,773,-0.076,-0.502,-0.02,-0.078,-0.162,-1.32,0.52,-0.219,0.1777,1.0,1.0,0.77,0.834,2.604,0.024,track
4,774,-0.076,-0.502,-0.02,-0.078,-0.162,-1.32,0.518,-0.221,0.1768,1.0,1.0,0.772,0.83,2.602,0.015,track
4,775,-0.076,-0.502,-0.02,-0.078,-0.162,-1.32,0.52,-0.219,0.1777,1.0,1.0,0.77,0.834,2.604,0.019,track
4,776,-0.076,-0.502,-0.02,-0.078,-0.162,-1.32,0.52,-0.219,0.1777,1.0,1.0,0.77,0.834,2.604,0.02,track
4,777,-0.076,-0.503,-0.02,-0.078,-0.162,-1.32,0.519,-0.218,0.1758,1.0,1.0,0.772,0.826,2.598,0.014,track
4,778,-0.076,-0.503,-0.02,-0.078,-0.162,-1.32,0.521,-0.217,0.1748,1.0,1.0,0.769,0.822,2.591,0.006,track
4,779,-0.076,-0.503,-0.02,-0.078,-0.162,-1.32,0.521,-0.217,0.1748,1.0,1.0,0.769,0.822,2.591,0.014,track
4,780,-0.076,-0.503,-0.02,-0.078,-0.162,-1.32,0.521,-0.217,0.1748,1.0,1.0,0.769,0.822,2.591,0.015,track
4,781,-0.076,-0.503,-0.02,-0.078,-0.162,-1.32,0.521,-0.217,0.1748,1.0,1.0,0.769,0.822,2.591,0.012,track
4,782,-0.076,-0.504,-0.02,-0.078,-0.162,-1.32,0.521,-0.217,0.1748,1.0,1.0,0.769,0.822,2.591,0.015,track
4,783,-0.076,-0.504,-0.02,-0.078,-0.162,-1.32,0.521,-0.217,0.1748,1.0,1.0,0.769,0.822,2.591,0.011,track
4,784,-0.076,-0.504,-0.02,-0.078,-0.162,-1.32,0.521,-0.217,0.1748,1.0,1.0,0.769,0.822,2.591,0.014,track
4,785,-0.076,-0.504,-0.02,-0.078,-0.162,-1.32,0.521,-0.217,0.1748,1.0,1.0,0.769,0.822,2.591,0.01,track
4,786,-0.076,-0.505,-0.02,-0.078,-0.162,-1.32,0.521,-0.217,0.1748,1.0,1.0,0.769,0.822,2.591,0.014,track
4,787,-0.076,-0.505,-0.02,-0.078,-0.162,-1.32,0.52,-0.212,0.1738,1.0,1.0,0.775,0.818,2.593,0.01,track
4,788,-0.076,-0.505,-0.02,-0.078,-0.162,-1.32,0.52,-0.212,0.1738,1.0,1.0,0.775,0.818,2.593,0.016,track
4,789,-0.075,-0.505,-0.02,-0.078,-0.162,-1.32,0.52,-0.212,0.1738,1.0,1.0,0.775,0.818,2.593,0.019,track
4,790,-0.075,-0.505,-0.02,-0.078,-0.162,-1.32,0.52,-0.212,0.1738,1.0,1.0,0.775,0.818,2.593,0.015,track
4,791,-0.075,-0.506,-0.02,-0.078,-0.162,-1.32,0.521,-0.208,0.1748,1.0,1.0,0.777,0.822,2.599,0.016,track
4,792,-0.075,-0.506,-0.02,-0.078,-0.162,-1.32,0.523,-0.211,0.1758,1.0,1.0,0.772,0.826,2.597,0.024,track
4,793,-0.075,-0.506,-0.02,-0.078,-0.162,-1.32,0.523,-0.211,0.1758,1.0,1.0,0.772,0.826,2.597,0.023,track
4,794,-0.075,-0.506,-0.02,-0.078,-0.162,-1.32,0.523,-0.211,0.1758,1.0,1.0,0.772,0.826,2.597,0.023,track
4,795,-0.075,-0.507,-0.02,-0.078,-0.162,-1.32,0.523,-0.211,0.1758,1.0,1.0,0.772,0.826,2.597,0.021,track
4,796,-0.075,-0.507,-0.02,-0.078,-0.162,-1.32,0.523,-0.211,0.1758,1.0,1.0,0.772,0.826,2.597,0.022,track
4,797,-0.075,-0.507,-0.02,-0.078,-0.162,-1.32,0.523,-0.211,0.1758,1.0,1.0,0.772,0.826,2.597,0.021,track
4,798,-0.075,-0.507,-0.02,-0.078,-0.162,-1.32,0.523,-0.211,0.1758,1.0,1.0,0.772,0.826,2.597,0.022,track
4,799,-0.075,-0.507,-0.02,-0.078,-0.162,-1.32,0.523,-0.211,0.1758,1.0,1.0,0.772,0.826,2.597,0.022,track
4,800,-0.075,-0.508,-0.02,-0.078,-0.162,-1.32,0.524,-0.209,0.1748,1.0,1.0,0.768,0.822,2.59,0.022,track
4,801,-0.075,-0.508,-0.02,-0.078,-0.162,-1.32,0.524,-0.209,0.1748,1.0,1.0,0.768,0.822,2.59,0.021,track
4,802,-0.075,-0.508,-0.02,-0.078,-0.162,-1.32,0.524,-0.209,0.1748,1.0,1.0,0.768,0.822,2.59,0.017,track
4,803,-0.075,-0.508,-0.02,-0.078,-0.162,-1.32,0.524,-0.209,0.1748,1.0,1.0,0.768,0.822,2.59,0.02,track
4,804,-0.074,-0.508,-0.02,-0.078,-0.162,-1.32,0.524,-0.209,0.1748,1.0,1.0,0.768,0.822,2.59,0.018,track
4,805,-0.074,-0.509,-0.02,-0.078,-0.162,-1.32,0.524,-0.209,0.1748,1.0,1.0,0.768,0.822,2.59,0.02,track
4,806,-0.074,-0.509,-0.021,-0.078,-0.162,-1.32,0.524,-0.209,0.1748,1.0,1.0,0.768,0.822,2.59,0.018,track
4,807,-0.074,-0.509,-0.021,-0.078,-0.162,-1.32,0.524,-0.209,0.1748,1.0,1.0,0.768,0.822,2.59,0.02,track
4,808,-0.074,-0.509,-0.021,-0.078,-0.162,-1.32,0.525,-0.211,0.1758,1.0,1.0,0.766,0.826,2.592,0.019,track
4,809,-0.074,-0.509,-0.021,-0.078,-0.162,-1.32,0.525,-0.211,0.1758,1.0,1.0,0.766,0.826,2.592,0.027,track
4,810,-0.074,-0.51,-0.021,-0.078,-0.162,-1.32,0.525,-0.211,0.1758,1.0,1.0,0.766,0.826,2.592,0.031,track
4,811,-0.074,-0.51,-0.021,-0.078,-0.162,-1.32,0.525,-0.211,0.1758,1.0,1.0,0.766,0.826,2.592,0.028,track
4,812,-0.074,-0.51,-0.021,-0.078,-0.162,-1.32,0.523,-0.209,0.1748,1.0,1.0,0.771,0.822,2.593,0.03,track
4,813,-0.074,-0.51,-0.021,-0.078,-0.162,-1.32,0.522,-0.213,0.1738,1.0,1.0,0.769,0.818,2.587,0.021,track
4,814,-0.074,-0.51,-0.021,-0.078,-0.162,-1.32,0.524,-0.215,0.1729,1.0,1.0,0.764,0.813,2.577,0.019,track
4,815,-0.073,-0.511,-0.021,-0.078,-0.162,-1.32,0.524,-0.215,0.1729,1.0,1.0,0.764,0.813,2.577,0.023,track
4,816,-0.073,-0.511,-0.021,-0.078,-0.162,-1.32,0.525,-0.219,0.1719,1.0,1.0,0.759,0.809,2.568,0.021,track
4,817,-0.073,-0.511,-0.021,-0.078,-0.162,-1.32,0.526,-0.216,0.1729,1.0,1.0,0.757,0.813,2.57,0.03,track
4,818,-0.073,-0.511,-0.021,-0.078,-0.162,-1.32,0.526,-0.216,0.1729,1.0,1.0,0.757,0.813,2.57,0.033,track
4,819,-0.073,-0.511,-0.02,-0.078,-0.162,-1.32,0.526,-0.216,0.1729,1.0,1.0,0.757,0.813,2.57,0.028,track
4,820,-0.073,-0.512,-0.02,-0.078,-0.162,-1.32,0.529,-0.214,0.1729,1.0,1.0,0.753,0.813,2.566,0.02,track
4,821,-0.073,-0.512,-0.02,-0.078,-0.162,-1.32,0.531,-0.216,0.1729,1.0,1.0,0.745,0.813,2.558,0.025,track
4,822,-0.073,-0.512,-0.02,-0.078,-0.162,-1.32,0.531,-0.216,0.1729,1.0,1.0,0.745,0.813,2.558,0.023,track
4,823,-0.073,-0.512,-0.02,-0.078,-0.162,-1.32,0.531,-0.216,0.1729,1.0,1.0,0.745,0.813,2.558,0.017,track
4,824,-0.073,-0.512,-0.02,-0.078,-0.162,-1.32,0.531,-0.216,0.1729,1.0,1.0,0.745,0.813,2.558,0.013,track
4,825,-0.072,-0.512,-0.02,-0.078,-0.162,-1.32,0.533,-0.219,0.1738,1.0,1.0,0.739,0.818,2.557,0.01,track
4,826,-0.072,-0.513,-0.019,-0.078,-0.162,-1.32,0.533,-0.219,0.1738,1.0,1.0,0.739,0.818,2.557,0.011,track
4,827,-0.072,-0.513,-0.019,-0.078,-0.162,-1.32,0.533,-0.219,0.1758,1.0,1.0,0.738,0.826,2.564,0.012,track
4,828,-0.072,-0.513,-0.019,-0.078,-0.162,-1.32,0.533,-0.219,0.1758,1.0,1.0,0.738,0.826,2.564,0.019,track
4,829,-0.072,-0.513,-0.019,-0.078,-0.162,-1.32,0.533,-0.219,0.1758,1.0,1.0,0.738,0.826,2.564,0.019,track
4,830,-0.072,-0.513,-0.019,-0.078,-0.162,-1.32,0.535,-0.218,0.1748,1.0,1.0,0.734,0.822,2.556,0.009,track
4,831,-0.072,-0.514,-0.019,-0.078,-0.162,-1.32,0.535,-0.219,0.1758,1.0,1.0,0.733,0.826,2.559,0.014,track
4,832,-0.072,-0.514,-0.018,-0.078,-0.162,-1.32,0.535,-0.219,0.1758,1.0,1.0,0.733,0.826,2.559,0.015,track
4,833,-0.072,-0.514,-0.018,-0.078,-0.162,-1.32,0.537,-0.216,0.1758,1.0,1.0,0.732,0.826,2.558,0.018,track
4,834,-0.072,-0.514,-0.018,-0.078,-0.162,-1.32,0.538,-0.212,0.1748,1.0,1.0,0.733,0.822,2.555,0.017,track
4,835,-0.071,-0.514,-0.018,-0.078,-0.162,-1.32,0.538,-0.212,0.1748,1.0,1.0,0.733,0.822,2.555,0.016,track
4,836,-0.071,-0.515,-0.018,-0.078,-0.162,-1.32,0.538,-0.213,0.1758,1.0,1.0,0.732,0.826,2.558,0.027,track
4,837,-0.071,-0.515,-0.017,-0.078,-0.162,-1.32,0.54,-0.215,0.1748,1.0,1.0,0.727,0.822,2.548,0.015,track
4,838,-0.071,-0.515,-0.017,-0.078,-0.162,-1.32,0.541,-0.217,0.1758,1.0,1.0,0.721,0.826,2.546,0.011,track
4,839,-0.071,-0.515,-0.017,-0.078,-0.162,-1.32,0.541,-0.217,0.1758,1.0,1.0,0.721,0.826,2.546,0.008,track
4,840,-0.071,-0.515,-0.017,-0.078,-0.162,-1.32,0.541,-0.217,0.1758,1.0,1.0,0.721,0.826,2.546,0.007,track
4,841,-0.071,-0.515,-0.017,-0.078,-0.162,-1.32,0.541,-0.217,0.1758,1.0,1.0,0.721,0.826,2.546,0.009,track
4,842,-0.071,-0.516,-0.017,-0.078,-0.162,-1.32,0.543,-0.217,0.1748,1.0,1.0,0.716,0.822,2.538,0.005,track
4,843,-0.071,-0.516,-0.017,-0.078,-0.162,-1.32,0.543,-0.217,0.1748,1.0,1.0,0.716,0.822,2.538,0.01,track
4,844,-0.07,-0.516,-0.016,-0.078,-0.162,-1.32,0.543,-0.217,0.1748,1.0,1.0,0.716,0.822,2.538,0.008,track
4,845,-0.07,-0.516,-0.016,-0.078,-0.162,-1.32,0.543,-0.217,0.1758,1.0,1.0,0.716,0.826,2.542,0.007,track
4,846,-0.07,-0.516,-0.016,-0.078,-0.162,-1.32,0.544,-0.217,0.1768,1.0,1.0,0.716,0.83,2.546,0.008,track
4,847,-0.07,-0.516,-0.016,-0.078,-0.162,-1.32,0.544,-0.217,0.1768,1.0,1.0,0.716,0.83,2.546,0.008,track
4,848,-0.07,-0.517,-0.016,-0.078,-0.162,-1.32,0.544,-0.217,0.1768,1.0,1.0,0.716,0.83,2.546,0.008,track
4,849,-0.07,-0.517,-0.016,-0.078,-0.162,-1.32,0.544,-0.217,0.1768,1.0,1.0,0.716,0.83,2.546,0.008,track
4,850,-0.07,-0.517,-0.015,-0.078,-0.162,-1.32,0.545,-0.22,0.1758,1.0,1.0,0.71,0.826,2.536,0.008,track
4,851,-0.07,-0.517,-0.015,-0.078,-0.162,-1.32,0.545,-0.22,0.1758,1.0,1.0,0.71,0.826,2.536,0.011,track
4,852,-0.07,-0.517,-0.015,-0.078,-0.162,-1.32,0.548,-0.223,0.1768,1.0,1.0,0.7,0.83,2.53,0.005,track
4,853,-0.069,-0.517,-0.015,-0.078,-0.162,-1.32,0.548,-0.223,0.1768,1.0,1.0,0.7,0.83,2.53,0.019,track
4,854,-0.069,-0.518,-0.015,-0.078,-0.162,-1.32,0.548,-0.223,0.1768,1.0,1.0,0.7,0.83,2.53,0.017,track
4,855,-0.069,-0.518,-0.015,-0.078,-0.162,-1.32,0.548,-0.223,0.1768,1.0,1.0,0.7,0.83,2.53,0.014,track
4,856,-0.069,-0.518,-0.014,-0.078,-0.162,-1.32,0.548,-0.223,0.1768,1.0,1.0,0.7,0.83,2.53,0.01,track
4,857,-0.069,-0.518,-0.014,-0.078,-0.162,-1.32,0.548,-0.223,0.1768,1.0,1.0,0.7,0.83,2.53,0.009,track
4,858,-0.069,-0.518,-0.014,-0.078,-0.162,-1.32,0.549,-0.226,0.1777,1.0,1.0,0.694,0.834,2.528,0.006,track
4,859,-0.069,-0.518,-0.014,-0.078,-0.162,-1.32,0.549,-0.226,0.1777,1.0,1.0,0.694,0.834,2.528,0.016,track
4,860,-0.069,-0.518,-0.014,-0.078,-0.162,-1.32,0.549,-0.226,0.1777,1.0,1.0,0.694,0.834,2.528,0.016,track
4,861,-0.068,-0.519,-0.013,-0.078,-0.162,-1.32,0.551,-0.224,0.1787,1.0,1.0,0.693,0.838,2.531,0.011,track
4,862,-0.068,-0.519,-0.013,-0.078,-0.162,-1.32,0.551,-0.223,0.1807,1.0,1.0,0.694,0.846,2.54,0.012,track
4,863,-0.068,-0.519,-0.013,-0.078,-0.162,-1.32,0.553,-0.224,0.1797,1.0,1.0,0.689,0.842,2.531,0.023,track
4,864,-0.068,-0.519,-0.013,-0.078,-0.162,-1.32,0.553,-0.224,0.1797,1.0,1.0,0.689,0.842,2.531,0.013,track
4,865,-0.068,-0.519,-0.013,-0.078,-0.162,-1.32,0.553,-0.22,0.1787,1.0,1.0,0.692,0.838,2.53,0.013,track
4,866,-0.068,-0.519,-0.013,-0.078,-0.162,-1.32,0.553,-0.22,0.1787,1.0,1.0,0.692,0.838,2.53,0.02,track
4,867,-0.068,-0.519,-0.012,-0.078,-0.162,-1.32,0.553,-0.22,0.1787,1.0,1.0,0.692,0.838,2.53,0.027,track
4,868,-0.068,-0.519,-0.012,-0.078,-0.162,-1.32,0.553,-0.22,0.1787,1.0,1.0,0.692,0.838,2.53,0.014,track
4,869,-0.067,-0.52,-0.012,-0.078,-0.162,-1.32,0.553,-0.22,0.1787,1.0,1.0,0.692,0.838,2.53,0.021,track
4,870,-0.067,-0.52,-0.012,-0.078,-0.162,-1.32,0.554,-0.216,0.1777,1.0,1.0,0.693,0.834,2.528,0.013,track
4,871,-0.067,-0.52,-0.012,-0.078,-0.162,-1.32,0.556,-0.219,0.1787,1.0,1.0,0.686,0.838,2.524,0.021,track
4,872,-0.067,-0.52,-0.012,-0.078,-0.162,-1.32,0.556,-0.219,0.1787,1.0,1.0,0.686,0.838,2.524,0.025,track
4,873,-0.067,-0.52,-0.012,-0.078,-0.162,-1.32,0.556,-0.219,0.1787,1.0,1.0,0.686,0.838,2.524,0.017,track
4,874,-0.067,-0.52,-0.012,-0.078,-0.162,-1.32,0.556,-0.219,0.1787,1.0,1.0,0.686,0.838,2.524,0.016,track
4,875,-0.067,-0.52,-0.012,-0.078,-0.162,-1.32,0.556,-0.219,0.1787,1.0,1.0,0.686,0.838,2.524,0.009,track
4,876,-0.066,-0.52,-0.012,-0.078,-0.162,-1.32,0.555,-0.222,0.1797,1.0,1.0,0.685,0.842,2.527,0.012,track
4,877,-0.066,-0.52,-0.011,-0.078,-0.162,-1.32,0.555,-0.224,0.1807,1.0,1.0,0.682,0.846,2.528,0.009,track
4,878,-0.066,-0.52,-0.011,-0.078,-0.162,-1.32,0.555,-0.224,0.1807,1.0,1.0,0.682,0.846,2.528,0.007,track
4,879,-0.066,-0.521,-0.011,-0.078,-0.162,-1.32,0.557,-0.222,0.1816,1.0,1.0,0.679,0.85,2.529,0.007,track
4,880,-0.066,-0.521,-0.011,-0.078,-0.162,-1.32,0.558,-0.22,0.1826,1.0,1.0,0.679,0.854,2.533,0.016,track
4,881,-0.066,-0.521,-0.011,-0.078,-0.162,-1.32,0.556,-0.222,0.1816,1.0,1.0,0.682,0.85,2.532,0.014,track
4,882,-0.066,-0.521,-0.011,-0.078,-0.162,-1.32,0.556,-0.222,0.1816,1.0,1.0,0.682,0.85,2.532,0.015,track
4,883,-0.065,-0.521,-0.011,-0.078,-0.162,-1.32,0.556,-0.222,0.1816,1.0,1.0,0.682,0.85,2.532,0.01,track
4,884,-0.065,-0.521,-0.011,-0.078,-0.162,-1.32,0.556,-0.222,0.1816,1.0,1.0,0.682,0.85,2.532,0.009,track
4,885,-0.065,-0.521,-0.011,-0.078,-0.162,-1.32,0.558,-0.22,0.1826,1.0,1.0,0.679,0.854,2.533,0.008,track
4,886,-0.065,-0.521,-0.011,-0.078,-0.162,-1.32,0.557,-0.219,0.1807,1.0,1.0,0.683,0.846,2.53,0.012,track
4,887,-0.065,-0.521,-0.011,-0.078,-0.162,-1.32,0.557,-0.219,0.1807,1.0,1.0,0.683,0.846,2.53,0.015,track
4,888,-0.065,-0.521,-0.011,-0.078,-0.162,-1.32,0.559,-0.217,0.1816,1.0,1.0,0.681,0.85,2.531,0.013,track
4,889,-0.064,-0.521,-0.011,-0.078,-0.162,-1.32,0.557,-0.219,0.1807,1.0,1.0,0.683,0.846,2.53,0.013,track
4,890,-0.064,-0.521,-0.011,-0.078,-0.162,-1.32,0.559,-0.217,0.1816,1.0,1.0,0.681,0.85,2.531,0.013,track
4,891,-0.064,-0.522,-0.011,-0.078,-0.162,-1.32,0.559,-0.217,0.1816,1.0,1.0,0.681,0.85,2.531,0.012,track
4,892,-0.064,-0.522,-0.011,-0.078,-0.162,-1.32,0.559,-0.217,0.1816,1.0,1.0,0.681,0.85,2.531,0.009,track
4,893,-0.064,-0.522,-0.011,-0.078,-0.162,-1.32,0.558,-0.22,0.1826,1.0,1.0,0.679,0.854,2.533,0.007,track
4,894,-0.064,-0.522,-0.012,-0.078,-0.162,-1.32,0.558,-0.224,0.1836,1.0,1.0,0.676,0.858,2.534,0.012,track
4,895,-0.063,-0.522,-0.012,-0.078,-0.162,-1.32,0.558,-0.223,0.1846,1.0,1.0,0.677,0.862,2.538,0.01,track
4,896,-0.063,-0.522,-0.012,-0.078,-0.162,-1.32,0.556,-0.22,0.1836,1.0,1.0,0.683,0.858,2.541,0.013,track
4,897,-0.063,-0.522,-0.012,-0.078,-0.162,-1.32,0.556,-0.22,0.1836,1.0,1.0,0.683,0.858,2.541,0.017,track
4,898,-0.063,-0.522,-0.012,-0.078,-0.162,-1.32,0.556,-0.22,0.1836,1.0,1.0,0.683,0.858,2.541,0.013,track
4,899,-0.063,-0.522,-0.012,-0.078,-0.162,-1.32,0.556,-0.22,0.1836,1.0,1.0,0.683,0.858,2.541,0.012,track
4,900,-0.062,-0.522,-0.012,-0.078,-0.162,-1.32,0.556,-0.22,0.1836,1.0,1.0,0.683,0.858,2.541,0.01,track
4,901,-0.062,-0.522,-0.012,-0.078,-0.162,-1.32,0.556,-0.22,0.1836,1.0,1.0,0.683,0.858,2.541,0.008,track
4,902,-0.062,-0.522,-0.012,-0.078,-0.162,-1.32,0.556,-0.22,0.1836,1.0,1.0,0.683,0.858,2.541,0.007,track
4,903,-0.062,-0.522,-0.013,-0.078,-0.162,-1.32,0.556,-0.219,0.1826,1.0,1.0,0.686,0.854,2.54,0.006,track
4,904,-0.062,-0.522,-0.013,-0.078,-0.162,-1.32,0.556,-0.219,0.1826,1.0,1.0,0.686,0.854,2.54,0.008,track
4,905,-0.061,-0.522,-0.013,-0.078,-0.162,-1.32,0.556,-0.219,0.1826,1.0,1.0,0.686,0.854,2.54,0.007,track
4,906,-0.061,-0.522,-0.013,-0.078,-0.162,-1.32,0.557,-0.223,0.1836,1.0,1.0,0.679,0.858,2.537,0.005,track
4,907,-0.061,-0.523,-0.013,-0.078,-0.162,-1.32,0.557,-0.223,0.1836,1.0,1.0,0.679,0.858,2.537,0.019,track
4,908,-0.061,-0.523,-0.013,-0.078,-0.162,-1.32,0.555,-0.22,0.1826,1.0,1.0,0.685,0.854,2.539,0.018,track
4,909,-0.061,-0.523,-0.014,-0.078,-0.162,-1.32,0.555,-0.22,0.1826,1.0,1.0,0.685,0.854,2.539,0.003,track
4,910,-0.06,-0.523,-0.014,-0.078,-0.162,-1.32,0.555,-0.22,0.1826,1.0,1.0,0.685,0.854,2.539,0.004,track
4,911,-0.06,-0.523,-0.014,-0.078,-0.162,-1.32,0.555,-0.22,0.1826,1.0,1.0,0.685,0.854,2.539,0.001,track
4,912,-0.06,-0.523,-0.014,-0.078,-0.162,-1.32,0.555,-0.22,0.1826,1.0,1.0,0.685,0.854,2.539,0.001,track
4,913,-0.06,-0.523,-0.014,-0.078,-0.162,-1.32,0.555,-0.22,0.1826,1.0,1.0,0.685,0.854,2.539,0.001,track
4,914,-0.06,-0.523,-0.014,-0.078,-0.162,-1.32,0.555,-0.221,0.1816,1.0,1.0,0.685,0.85,2.535,0.001,track
4,915,-0.059,-0.523,-0.014,-0.078,-0.162,-1.32,0.555,-0.222,0.1807,1.0,1.0,0.684,0.846,2.53,0.007,track
4,916,-0.059,-0.523,-0.015,-0.078,-0.162,-1.32,0.555,-0.222,0.1807,1.0,1.0,0.684,0.846,2.53,0.013,track
4,917,-0.059,-0.523,-0.015,-0.078,-0.162,-1.32,0.555,-0.222,0.1807,1.0,1.0,0.684,0.846,2.53,0.011,track
4,918,-0.059,-0.523,-0.015,-0.078,-0.162,-1.32,0.555,-0.222,0.1807,1.0,1.0,0.684,0.846,2.53,0.01,track
4,919,-0.059,-0.523,-0.015,-0.078,-0.162,-1.32,0.554,-0.219,0.1797,1.0,1.0,0.69,0.842,2.532,0.009,track
4,920,-0.058,-0.523,-0.015,-0.078,-0.162,-1.32,0.554,-0.217,0.1787,1.0,1.0,0.693,0.838,2.531,0.013,track
4,921,-0.058,-0.523,-0.015,-0.078,-0.162,-1.32,0.552,-0.223,0.1807,1.0,1.0,0.69,0.846,2.536,0.017,track
4,922,-0.058,-0.523,-0.015,-0.078,-0.162,-1.32,0.552,-0.223,0.1807,1.0,1.0,0.69,0.846,2.536,0.025,track
4,923,-0.058,-0.523,-0.015,-0.078,-0.162,-1.32,0.552,-0.223,0.1807,1.0,1.0,0.69,0.846,2.536,0.021,track
4,924,-0.058,-0.523,-0.016,-0.078,-0.162,-1.32,0.552,-0.223,0.1807,1.0,1.0,0.69,0.846,2.536,0.016,track
4,925,-0.057,-0.523,-0.016,-0.078,-0.162,-1.32,0.552,-0.223,0.1807,1.0,1.0,0.69,0.846,2.536,0.009,track
4,926,-0.057,-0.523,-0.016,-0.078,-0.162,-1.32,0.551,-0.227,0.1797,1.0,1.0,0.69,0.842,2.532,0.007,track
4,927,-0.057,-0.524,-0.016,-0.078,-0.162,-1.32,0.551,-0.227,0.1797,1.0,1.0,0.69,0.842,2.532,0.014,track
4,928,-0.057,-0.524,-0.016,-0.078,-0.162,-1.32,0.55,-0.225,0.1787,1.0,1.0,0.695,0.838,2.533,0.008,track
4,929,-0.056,-0.524,-0.016,-0.078,-0.162,-1.32,0.549,-0.228,0.1797,1.0,1.0,0.694,0.842,2.536,0.011,track
4,930,-0.056,-0.524,-0.016,-0.078,-0.162,-1.32,0.549,-0.228,0.1797,1.0,1.0,0.694,0.842,2.536,0.022,track
4,931,-0.056,-0.524,-0.016,-0.078,-0.162,-1.32,0.55,-0.232,0.1807,1.0,1.0,0.686,0.846,2.532,0.018,track
4,932,-0.056,-0.524,-0.016,-0.078,-0.162,-1.32,0.55,-0.236,0.1797,1.0,1.0,0.682,0.842,2.524,0.032,track
4,933,-0.056,-0.524,-0.016,-0.078,-0.162,-1.32,0.55,-0.236,0.1797,1.0,1.0,0.682,0.842,2.524,0.028,track
4,934,-0.055,-0.524,-0.016,-0.078,-0.162,-1.32,0.55,-0.235,0.1807,1.0,1.0,0.683,0.846,2.529,0.021,track
4,935,-0.055,-0.524,-0.016,-0.078,-0.162,-1.32,0.55,-0.235,0.1807,1.0,1.0,0.683,0.846,2.529,0.02,track
4,936,-0.055,-0.524,-0.016,-0.078,-0.162,-1.32,0.55,-0.235,0.1807,1.0,1.0,0.683,0.846,2.529,0.012,track
4,937,-0.055,-0.524,-0.016,-0.078,-0.162,-1.32,0.55,-0.233,0.1797,1.0,1.0,0.687,0.842,2.529,0.013,track
4,938,-0.055,-0.524,-0.016,-0.078,-0.162,-1.32,0.55,-0.233,0.1797,1.0,1.0,0.687,0.842,2.529,0.003,track
4,939,-0.054,-0.524,-0.016,-0.078,-0.162,-1.32,0.55,-0.233,0.1797,1.0,1.0,0.687,0.842,2.529,0.003,track
4,940,-0.054,-0.524,-0.016,-0.078,-0.162,-1.32,0.55,-0.233,0.1797,1.0,1.0,0.687,0.842,2.529,0.003,track
4,941,-0.054,-0.524,-0.016,-0.078,-0.162,-1.32,0.55,-0.233,0.1797,1.0,1.0,0.687,0.842,2.529,0.004,track
4,942,-0.054,-0.524,-0.016,-0.078,-0.162,-1.32,0.55,-0.233,0.1797,1.0,1.0,0.687,0.842,2.529,0.004,track
4,943,-0.054,-0.525,-0.016,-0.078,-0.162,-1.32,0.55,-0.233,0.1797,1.0,1.0,0.687,0.842,2.529,0.005,track
4,944,-0.053,-0.525,-0.016,-0.078,-0.162,-1.32,0.55,-0.233,0.1797,1.0,1.0,0.687,0.842,2.529,0.005,track
4,945,-0.053,-0.525,-0.016,-0.078,-0.162,-1.32,0.55,-0.233,0.1797,1.0,1.0,0.687,0.842,2.529,0.006,track
4,946,-0.053,-0.525,-0.016,-0.078,-0.162,-1.32,0.55,-0.233,0.1797,1.0,1.0,0.687,0.842,2.529,0.005,track
4,947,-0.053,-0.525,-0.016,-0.078,-0.162,-1.32,0.55,-0.233,0.1797,1.0,1.0,0.687,0.842,2.529,0.006,track
4,948,-0.053,-0.525,-0.017,-0.078,-0.162,-1.32,0.552,-0.233,0.1787,1.0,1.0,0.682,0.838,2.52,0.006,track
4,949,-0.052,-0.525,-0.017,-0.078,-0.162,-1.32,0.552,-0.233,0.1787,1.0,1.0,0.682,0.838,2.52,0.009,track
4,950,-0.052,-0.525,-0.017,-0.078,-0.162,-1.32,0.552,-0.233,0.1787,1.0,1.0,0.682,0.838,2.52,0.007,track
4,951,-0.052,-0.525,-0.017,-0.078,-0.162,-1.32,0.552,-0.233,0.1787,1.0,1.0,0.682,0.838,2.52,0.006,track
4,952,-0.052,-0.525,-0.017,-0.078,-0.162,-1.32,0.552,-0.233,0.1787,1.0,1.0,0.682,0.838,2.52,0.005,track
4,953,-0.052,-0.525,-0.017,-0.078,-0.162,-1.32,0.552,-0.233,0.1787,1.0,1.0,0.682,0.838,2.52,0.006,track
4,954,-0.051,-0.525,-0.017,-0.078,-0.162,-1.32,0.552,-0.233,0.1787,1.0,1.0,0.682,0.838,2.52,0.006,track
4,955,-0.051,-0.525,-0.017,-0.078,-0.162,-1.32,0.552,-0.233,0.1787,1.0,1.0,0.682,0.838,2.52,0.006,track
4,956,-0.051,-0.525,-0.017,-0.078,-0.162,-1.32,0.552,-0.233,0.1787,1.0,1.0,0.682,0.838,2.52,0.006,track
4,957,-0.051,-0.525,-0.017,-0.078,-0.162,-1.32,0.552,-0.233,0.1787,1.0,1.0,0.682,0.838,2.52,0.006,track
4,958,-0.051,-0.525,-0.017,-0.078,-0.162,-1.32,0.552,-0.233,0.1787,1.0,1.0,0.682,0.838,2.52,0.006,track
4,959,-0.051,-0.526,-0.017,-0.078,-0.162,-1.32,0.552,-0.233,0.1787,1.0,1.0,0.682,0.838,2.52,0.006,track
4,960,-0.05,-0.526,-0.017,-0.078,-0.162,-1.32,0.552,-0.233,0.1787,1.0,1.0,0.682,0.838,2.52,0.006,track
4,961,-0.05,-0.526,-0.017,-0.078,-0.162,-1.32,0.552,-0.237,0.1777,1.0,1.0,0.678,0.834,2.512,0.006,track
4,962,-0.05,-0.526,-0.017,-0.078,-0.162,-1.32,0.552,-0.237,0.1777,1.0,1.0,0.678,0.834,2.512,0.012,track
4,963,-0.05,-0.526,-0.017,-0.078,-0.162,-1.32,0.552,-0.237,0.1777,1.0,1.0,0.678,0.834,2.512,0.009,track
4,964,-0.05,-0.526,-0.017,-0.078,-0.162,-1.32,0.552,-0.241,0.1787,1.0,1.0,0.674,0.838,2.512,0.008,track
4,965,-0.049,-0.526,-0.016,-0.078,-0.162,-1.32,0.55,-0.245,0.1777,1.0,1.0,0.673,0.834,2.507,0.012,track
4,966,-0.049,-0.526,-0.016,-0.078,-0.162,-1.32,0.55,-0.245,0.1777,1.0,1.0,0.673,0.834,2.507,0.014,track
4,967,-0.049,-0.526,-0.016,-0.078,-0.162,-1.32,0.55,-0.245,0.1777,1.0,1.0,0.673,0.834,2.507,0.011,track
4,968,-0.049,-0.526,-0.016,-0.078,-0.162,-1.32,0.552,-0.243,0.1787,1.0,1.0,0.671,0.838,2.509,0.012,track
4,969,-0.049,-0.526,-0.016,-0.078,-0.162,-1.32,0.552,-0.243,0.1787,1.0,1.0,0.671,0.838,2.509,0.014,track
4,970,-0.049,-0.526,-0.016,-0.078,-0.162,-1.32,0.552,-0.243,0.1787,1.0,1.0,0.671,0.838,2.509,0.01,track
4,971,-0.048,-0.526,-0.016,-0.078,-0.162,-1.32,0.552,-0.243,0.1787,1.0,1.0,0.671,0.838,2.509,0.007,track
4,972,-0.048,-0.526,-0.016,-0.078,-0.162,-1.32,0.553,-0.245,0.1797,1.0,1.0,0.668,0.842,2.511,0.008,track
4,973,-0.048,-0.527,-0.016,-0.078,-0.162,-1.32,0.554,-0.247,0.1787,1.0,1.0,0.663,0.838,2.501,0.012,track
4,974,-0.048,-0.527,-0.016,-0.078,-0.162,-1.32,0.554,-0.247,0.1787,1.0,1.0,0.663,0.838,2.501,0.014,track
4,975,-0.048,-0.527,-0.016,-0.078,-0.162,-1.32,0.554,-0.247,0.1787,1.0,1.0,0.663,0.838,2.501,0.01,track
4,976,-0.048,-0.527,-0.016,-0.078,-0.162,-1.32,0.554,-0.247,0.1787,1.0,1.0,0.663,0.838,2.501,0.01,track
4,977,-0.047,-0.527,-0.016,-0.078,-0.162,-1.32,0.556,-0.25,0.1807,1.0,1.0,0.655,0.846,2.501,0.009,track
4,978,-0.047,-0.527,-0.015,-0.078,-0.162,-1.32,0.556,-0.25,0.1807,1.0,1.0,0.655,0.846,2.501,0.011,track
4,979,-0.047,-0.527,-0.015,-0.078,-0.162,-1.32,0.556,-0.25,0.1807,1.0,1.0,0.655,0.846,2.501,0.011,track
4,980,-0.047,-0.527,-0.015,-0.078,-0.162,-1.32,0.556,-0.25,0.1807,1.0,1.0,0.655,0.846,2.501,0.006,track
4,981,-0.047,-0.527,-0.015,-0.078,-0.162,-1.32,0.558,-0.248,0.1797,1.0,1.0,0.653,0.842,2.496,0.009,track
4,982,-0.047,-0.527,-0.015,-0.078,-0.162,-1.32,0.558,-0.248,0.1797,1.0,1.0,0.653,0.842,2.496,0.004,track
4,983,-0.047,-0.527,-0.015,-0.078,-0.162,-1.32,0.559,-0.251,0.1787,1.0,1.0,0.649,0.838,2.487,0.006,track
4,984,-0.046,-0.527,-0.015,-0.078,-0.162,-1.32,0.56,-0.251,0.1807,1.0,1.0,0.645,0.846,2.491,0.015,track
4,985,-0.046,-0.527,-0.015,-0.078,-0.162,-1.32,0.561,-0.248,0.1797,1.0,1.0,0.646,0.842,2.488,0.011,track
4,986,-0.046,-0.527,-0.015,-0.078,-0.162,-1.32,0.561,-0.248,0.1797,1.0,1.0,0.646,0.842,2.488,0.018,track
4,987,-0.046,-0.528,-0.014,-0.078,-0.162,-1.32,0.561,-0.248,0.1797,1.0,1.0,0.646,0.842,2.488,0.019,track
4,988,-0.046,-0.528,-0.014,-0.078,-0.162,-1.32,0.563,-0.251,0.1787,1.0,1.0,0.64,0.838,2.479,0.015,track
4,989,-0.046,-0.528,-0.014,-0.078,-0.162,-1.32,0.561,-0.247,0.1777,1.0,1.0,0.649,0.834,2.483,0.02,track
4,990,-0.045,-0.528,-0.014,-0.078,-0.162,-1.32,0.559,-0.244,0.1787,1.0,1.0,0.654,0.838,2.493,0.027,track
4,991,-0.045,-0.528,-0.014,-0.078,-0.162,-1.32,0.559,-0.244,0.1787,1.0,1.0,0.654,0.838,2.493,0.028,track
4,992,-0.045,-0.528,-0.014,-0.078,-0.162,-1.32,0.559,-0.244,0.1787,1.0,1.0,0.654,0.838,2.493,0.017,track
4,993,-0.045,-0.528,-0.014,-0.078,-0.162,-1.32,0.559,-0.244,0.1787,1.0,1.0,0.654,0.838,2.493,0.022,track
4,994,-0.045,-0.528,-0.014,-0.078,-0.162,-1.32,0.558,-0.248,0.1777,1.0,1.0,0.653,0.834,2.487,0.014,track
4,995,-0.045,-0.528,-0.013,-0.078,-0.162,-1.32,0.559,-0.246,0.1787,1.0,1.0,0.652,0.838,2.49,0.017,track
4,996,-0.045,-0.528,-0.013,-0.078,-0.162,-1.32,0.558,-0.249,0.1797,1.0,1.0,0.651,0.842,2.494,0.009,track
4,997,-0.044,-0.528,-0.013,-0.078,-0.162,-1.32,0.558,-0.249,0.1797,1.0,1.0,0.651,0.842,2.494,0.014,track
4,998,-0.044,-0.528,-0.013,-0.078,-0.162,-1.32,0.558,-0.249,0.1797,1.0,1.0,0.651,0.842,2.494,0.011,track
4,999,-0.044,-0.528,-0.013,-0.078,-0.162,-1.32,0.558,-0.249,0.1797,1.0,1.0,0.651,0.842,2.494,0.01,track
4,1000,-0.044,-0.528,-0.013,-0.078,-0.162,-1.32,0.558,-0.249,0.1797,1.0,1.0,0.651,0.842,2.494,0.009,track
4,1001,-0.044,-0.528,-0.013,-0.078,-0.162,-1.32,0.558,-0.249,0.1797,1.0,1.0,0.651,0.842,2.494,0.009,track
4,1002,-0.044,-0.528,-0.013,-0.078,-0.162,-1.32,0.558,-0.249,0.1797,1.0,1.0,0.651,0.842,2.494,0.007,track
4,1003,-0.044,-0.528,-0.013,-0.078,-0.162,-1.32,0.561,-0.252,0.1816,1.0,1.0,0.643,0.85,2.493,0.008,track
4,1004,-0.043,-0.529,-0.013,-0.078,-0.162,-1.32,0.561,-0.252,0.1816,1.0,1.0,0.643,0.85,2.493,0.014,track
4,1005,-0.043,-0.529,-0.013,-0.078,-0.162,-1.32,0.561,-0.254,0.1826,1.0,1.0,0.641,0.854,2.495,0.015,track
4,1006,-0.043,-0.529,-0.013,-0.078,-0.162,-1.32,0.563,-0.255,0.1826,1.0,1.0,0.635,0.854,2.49,0.015,track
4,1007,-0.043,-0.529,-0.013,-0.078,-0.162,-1.32,0.563,-0.255,0.1826,1.0,1.0,0.635,0.854,2.49,0.013,track
4,1008,-0.043,-0.529,-0.013,-0.078,-0.162,-1.32,0.564,-0.252,0.1816,1.0,1.0,0.636,0.85,2.486,0.007,track
4,1009,-0.043,-0.529,-0.013,-0.078,-0.162,-1.32,0.564,-0.252,0.1816,1.0,1.0,0.636,0.85,2.486,0.016,track
4,1010,-0.042,-0.529,-0.012,-0.078,-0.162,-1.32,0.564,-0.252,0.1816,1.0,1.0,0.636,0.85,2.486,0.012,track
4,1011,-0.042,-0.529,-0.012,-0.078,-0.162,-1.32,0.564,-0.252,0.1816,1.0,1.0,0.636,0.85,2.486,0.012,track
4,1012,-0.042,-0.529,-0.012,-0.078,-0.162,-1.32,0.564,-0.252,0.1816,1.0,1.0,0.636,0.85,2.486,0.009,track
4,1013,-0.042,-0.529,-0.012,-0.078,-0.162,-1.32,0.564,-0.252,0.1816,1.0,1.0,0.636,0.85,2.486,0.008,track
4,1014,-0.042,-0.529,-0.012,-0.078,-0.162,-1.32,0.564,-0.252,0.1816,1.0,1.0,0.636,0.85,2.486,0.007,track
4,1015,-0.042,-0.529,-0.012,-0.078,-0.162,-1.32,0.564,-0.252,0.1816,1.0,1.0,0.636,0.85,2.486,0.006,track
4,1016,-0.042,-0.529,-0.012,-0.078,-0.162,-1.32,0.564,-0.252,0.1816,1.0,1.0,0.636,0.85,2.486,0.005,track
4,1017,-0.041,-0.529,-0.012,-0.078,-0.162,-1.32,0.563,-0.255,0.1826,1.0,1.0,0.635,0.854,2.49,0.005,track
4,1018,-0.041,-0.529,-0.012,-0.078,-0.162,-1.32,0.563,-0.255,0.1826,1.0,1.0,0.635,0.854,2.49,0.011,track
4,1019,-0.041,-0.529,-0.012,-0.078,-0.162,-1.32,0.562,-0.259,0.1816,1.0,1.0,0.633,0.85,2.483,0.012,track
4,1020,-0.041,-0.529,-0.012,-0.078,-0.162,-1.32,0.562,-0.259,0.1816,1.0,1.0,0.633,0.85,2.483,0.008,track
4,1021,-0.041,-0.529,-0.012,-0.078,-0.162,-1.32,0.562,-0.263,0.1807,1.0,1.0,0.63,0.846,2.476,0.007,track
4,1022,-0.041,-0.529,-0.012,-0.078,-0.162,-1.32,0.562,-0.263,0.1807,1.0,1.0,0.63,0.846,2.476,0.015,track
4,1023,-0.041,-0.529,-0.012,-0.078,-0.162,-1.32,0.563,-0.266,0.1797,1.0,1.0,0.624,0.842,2.467,0.012,track
4,1024,-0.04,-0.529,-0.012,-0.078,-0.162,-1.32,0.563,-0.266,0.1797,1.0,1.0,0.624,0.842,2.467,0.025,track
4,1025,-0.04,-0.529,-0.012,-0.078,-0.162,-1.32,0.563,-0.266,0.1797,1.0,1.0,0.624,0.842,2.467,0.021,track
4,1026,-0.04,-0.53,-0.012,-0.078,-0.162,-1.32,0.563,-0.266,0.1797,1.0,1.0,0.624,0.842,2.467,0.018,track
4,1027,-0.04,-0.53,-0.012,-0.078,-0.162,-1.32,0.563,-0.266,0.1797,1.0,1.0,0.624,0.842,2.467,0.016,track
4,1028,-0.04,-0.53,-0.012,-0.078,-0.162,-1.32,0.563,-0.266,0.1797,1.0,1.0,0.624,0.842,2.467,0.013,track
4,1029,-0.04,-0.53,-0.011,-0.078,-0.162,-1.32,0.563,-0.266,0.1797,1.0,1.0,0.624,0.842,2.467,0.011,track
4,1030,-0.039,-0.53,-0.011,-0.078,-0.162,-1.32,0.563,-0.266,0.1797,1.0,1.0,0.624,0.842,2.467,0.008,track
4,1031,-0.039,-0.53,-0.011,-0.078,-0.162,-1.32,0.563,-0.266,0.1797,1.0,1.0,0.624,0.842,2.467,0.006,track
4,1032,-0.039,-0.53,-0.011,-0.078,-0.162,-1.32,0.565,-0.267,0.1787,1.0,1.0,0.62,0.838,2.458,0.005,track
4,1033,-0.039,-0.53,-0.011,-0.078,-0.162,-1.32,0.565,-0.267,0.1787,1.0,1.0,0.62,0.838,2.458,0.015,track
4,1034,-0.039,-0.53,-0.011,-0.078,-0.162,-1.32,0.565,-0.267,0.1787,1.0,1.0,0.62,0.838,2.458,0.012,track
4,1035,-0.039,-0.53,-0.01,-0.078,-0.162,-1.32,0.565,-0.267,0.1787,1.0,1.0,0.62,0.838,2.458,0.009,track
4,1036,-0.039,-0.53,-0.01,-0.078,-0.162,-1.32,0.568,-0.266,0.1807,1.0,1.0,0.616,0.846,2.462,0.007,track
4,1037,-0.038,-0.53,-0.01,-0.078,-0.162,-1.32,0.568,-0.266,0.1807,1.0,1.0,0.616,0.846,2.462,0.012,track
4,1038,-0.038,-0.53,-0.01,-0.078,-0.162,-1.32,0.568,-0.266,0.1807,1.0,1.0,0.616,0.846,2.462,0.011,track
4,1039,-0.038,-0.53,-0.01,-0.078,-0.162,-1.32,0.568,-0.266,0.1807,1.0,1.0,0.616,0.846,2.462,0.011,track
4,1040,-0.038,-0.53,-0.009,-0.078,-0.162,-1.32,0.568,-0.266,0.1807,1.0,1.0,0.616,0.846,2.462,0.009,track
4,1041,-0.038,-0.53,-0.009,-0.078,-0.162,-1.32,0.568,-0.266,0.1807,1.0,1.0,0.616,0.846,2.462,0.012,track
4,1042,-0.038,-0.53,-0.009,-0.078,-0.162,-1.32,0.568,-0.266,0.1807,1.0,1.0,0.616,0.846,2.462,0.01,track
4,1043,-0.038,-0.53,-0.009,-0.078,-0.162,-1.32,0.568,-0.266,0.1807,1.0,1.0,0.616,0.846,2.462,0.012,track
4,1044,-0.037,-0.53,-0.009,-0.078,-0.162,-1.32,0.569,-0.263,0.1816,1.0,1.0,0.614,0.85,2.465,0.01,track
4,1045,-0.037,-0.53,-0.008,-0.078,-0.162,-1.32,0.569,-0.263,0.1816,1.0,1.0,0.614,0.85,2.465,0.012,track
4,1046,-0.037,-0.53,-0.008,-0.078,-0.162,-1.32,0.569,-0.263,0.1816,1.0,1.0,0.614,0.85,2.465,0.014,track
4,1047,-0.037,-0.53,-0.008,-0.078,-0.162,-1.32,0.57,-0.266,0.1826,1.0,1.0,0.611,0.854,2.465,0.015,track
4,1048,-0.037,-0.53,-0.008,-0.078,-0.162,-1.32,0.57,-0.266,0.1826,1.0,1.0,0.611,0.854,2.465,0.011,track
4,1049,-0.037,-0.53,-0.008,-0.078,-0.162,-1.32,0.57,-0.266,0.1836,1.0,1.0,0.61,0.858,2.468,0.012,track
4,1050,-0.037,-0.53,-0.008,-0.078,-0.162,-1.32,0.57,-0.266,0.1836,1.0,1.0,0.61,0.858,2.468,0.015,track
4,1051,-0.036,-0.53,-0.008,-0.078,-0.162,-1.32,0.57,-0.266,0.1836,1.0,1.0,0.61,0.858,2.468,0.014,track
4,1052,-0.036,-0.53,-0.008,-0.078,-0.162,-1.32,0.57,-0.266,0.1836,1.0,1.0,0.61,0.858,2.468,0.013,track
4,1053,-0.036,-0.53,-0.008,-0.078,-0.162,-1.32,0.568,-0.27,0.1826,1.0,1.0,0.61,0.854,2.464,0.011,track
4,1054,-0.036,-0.53,-0.007,-0.078,-0.162,-1.32,0.568,-0.27,0.1826,1.0,1.0,0.61,0.854,2.464,0.011,track
4,1055,-0.036,-0.53,-0.007,-0.078,-0.162,-1.32,0.569,-0.268,0.1836,1.0,1.0,0.609,0.858,2.467,0.005,track
4,1056,-0.036,-0.53,-0.007,-0.078,-0.162,-1.32,0.569,-0.268,0.1836,1.0,1.0,0.609,0.858,2.467,0.01,track
4,1057,-0.036,-0.53,-0.007,-0.078,-0.162,-1.32,0.569,-0.268,0.1836,1.0,1.0,0.609,0.858,2.467,0.007,track
4,1058,-0.035,-0.53,-0.007,-0.078,-0.162,-1.32,0.569,-0.268,0.1836,1.0,1.0,0.609,0.858,2.467,0.007,track
4,1059,-0.035,-0.53,-0.007,-0.078,-0.162,-1.32,0.569,-0.268,0.1836,1.0,1.0,0.609,0.858,2.467,0.006,track
4,1060,-0.035,-0.53,-0.007,-0.078,-0.162,-1.32,0.569,-0.268,0.1836,1.0,1.0,0.609,0.858,2.467,0.006,track
4,1061,-0.035,-0.53,-0.007,-0.078,-0.162,-1.32,0.569,-0.268,0.1836,1.0,1.0,0.609,0.858,2.467,0.005,track
4,1062,-0.035,-0.53,-0.007,-0.078,-0.162,-1.32,0.569,-0.268,0.1836,1.0,1.0,0.609,0.858,2.467,0.004,track
4,1063,-0.035,-0.53,-0.007,-0.078,-0.162,-1.32,0.569,-0.268,0.1836,1.0,1.0,0.609,0.858,2.467,0.004,track
4,1064,-0.034,-0.53,-0.007,-0.078,-0.162,-1.32,0.569,-0.268,0.1836,1.0,1.0,0.609,0.858,2.467,0.003,track
4,1065,-0.034,-0.53,-0.007,-0.078,-0.162,-1.32,0.57,-0.267,0.1846,1.0,1.0,0.609,0.862,2.47,0.003,track
4,1066,-0.034,-0.53,-0.007,-0.078,-0.162,-1.32,0.57,-0.267,0.1846,1.0,1.0,0.609,0.862,2.47,0.009,track
4,1067,-0.034,-0.53,-0.007,-0.078,-0.162,-1.32,0.57,-0.267,0.1846,1.0,1.0,0.609,0.862,2.47,0.007,track
4,1068,-0.034,-0.531,-0.007,-0.078,-0.162,-1.32,0.57,-0.265,0.1836,1.0,1.0,0.612,0.858,2.47,0.007,track
4,1069,-0.034,-0.531,-0.007,-0.078,-0.162,-1.32,0.57,-0.265,0.1836,1.0,1.0,0.612,0.858,2.47,0.014,track
4,1070,-0.033,-0.531,-0.007,-0.078,-0.162,-1.32,0.57,-0.265,0.1836,1.0,1.0,0.612,0.858,2.47,0.012,track
4,1071,-0.033,-0.531,-0.007,-0.078,-0.162,-1.32,0.57,-0.265,0.1836,1.0,1.0,0.612,0.858,2.47,0.009,track
4,1072,-0.033,-0.531,-0.007,-0.078,-0.162,-1.32,0.57,-0.264,0.1826,1.0,1.0,0.613,0.854,2.467,0.009,track
4,1073,-0.033,-0.531,-0.007,-0.078,-0.162,-1.32,0.57,-0.264,0.1826,1.0,1.0,0.613,0.854,2.467,0.012,track
4,1074,-0.033,-0.531,-0.007,-0.078,-0.162,-1.32,0.568,-0.266,0.1836,1.0,1.0,0.615,0.858,2.473,0.013,track
4,1075,-0.033,-0.531,-0.007,-0.078,-0.162,-1.32,0.568,-0.266,0.1836,1.0,1.0,0.615,0.858,2.473,0.005,track
4,1076,-0.033,-0.531,-0.007,-0.078,-0.162,-1.32,0.566,-0.269,0.1846,1.0,1.0,0.615,0.862,2.477,0.006,track
4,1077,-0.032,-0.531,-0.008,-0.078,-0.162,-1.32,0.566,-0.269,0.1846,1.0,1.0,0.615,0.862,2.477,0.01,track
4,1078,-0.032,-0.531,-0.008,-0.078,-0.162,-1.32,0.566,-0.269,0.1846,1.0,1.0,0.615,0.862,2.477,0.01,track
4,1079,-0.032,-0.531,-0.008,-0.078,-0.162,-1.32,0.566,-0.269,0.1846,1.0,1.0,0.615,0.862,2.477,0.009,track
4,1080,-0.032,-0.531,-0.008,-0.078,-0.162,-1.32,0.566,-0.269,0.1846,1.0,1.0,0.615,0.862,2.477,0.007,track
4,1081,-0.032,-0.531,-0.008,-0.078,-0.162,-1.32,0.566,-0.269,0.1846,1.0,1.0,0.615,0.862,2.477,0.006,track
4,1082,-0.032,-0.531,-0.008,-0.078,-0.162,-1.32,0.566,-0.269,0.1846,1.0,1.0,0.615,0.862,2.477,0.006,track
4,1083,-0.031,-0.531,-0.008,-0.078,-0.162,-1.32,0.566,-0.269,0.1846,1.0,1.0,0.615,0.862,2.477,0.005,track
4,1084,-0.031,-0.531,-0.008,-0.078,-0.162,-1.32,0.566,-0.269,0.1846,1.0,1.0,0.615,0.862,2.477,0.005,track
4,1085,-0.031,-0.531,-0.008,-0.078,-0.162,-1.32,0.566,-0.269,0.1846,1.0,1.0,0.615,0.862,2.477,0.004,track
4,1086,-0.031,-0.531,-0.008,-0.078,-0.162,-1.32,0.566,-0.272,0.1855,1.0,1.0,0.612,0.866,2.478,0.005,track
4,1087,-0.031,-0.531,-0.008,-0.078,-0.162,-1.32,0.566,-0.272,0.1855,1.0,1.0,0.612,0.866,2.478,0.012,track
4,1088,-0.031,-0.531,-0.008,-0.078,-0.162,-1.32,0.566,-0.272,0.1855,1.0,1.0,0.612,0.866,2.478,0.015,track
4,1089,-0.03,-0.531,-0.009,-0.078,-0.162,-1.32,0.566,-0.272,0.1855,1.0,1.0,0.612,0.866,2.478,0.01,track
4,1090,-0.03,-0.531,-0.009,-0.078,-0.162,-1.32,0.566,-0.272,0.1855,1.0,1.0,0.612,0.866,2.478,0.011,track
4,1091,-0.03,-0.531,-0.009,-0.078,-0.162,-1.32,0.566,-0.272,0.1855,1.0,1.0,0.612,0.866,2.478,0.008,track
4,1092,-0.03,-0.531,-0.009,-0.078,-0.162,-1.32,0.564,-0.27,0.1846,1.0,1.0,0.619,0.862,2.481,0.009,track
4,1093,-0.03,-0.531,-0.009,-0.078,-0.162,-1.32,0.564,-0.269,0.1836,1.0,1.0,0.62,0.858,2.478,0.012,track
4,1094,-0.029,-0.531,-0.009,-0.078,-0.162,-1.32,0.564,-0.269,0.1836,1.0,1.0,0.62,0.858,2.478,0.003,track
4,1095,-0.029,-0.531,-0.009,-0.078,-0.162,-1.32,0.564,-0.269,0.1836,1.0,1.0,0.62,0.858,2.478,0.002,track
4,1096,-0.029,-0.531,-0.009,-0.078,-0.162,-1.32,0.564,-0.269,0.1836,1.0,1.0,0.62,0.858,2.478,0.003,track
4,1097,-0.029,-0.531,-0.01,-0.078,-0.162,-1.32,0.564,-0.269,0.1836,1.0,1.0,0.62,0.858,2.478,0.003,track
4,1098,-0.029,-0.531,-0.01,-0.078,-0.162,-1.32,0.564,-0.269,0.1836,1.0,1.0,0.62,0.858,2.478,0.003,track
4,1099,-0.029,-0.531,-0.01,-0.078,-0.162,-1.32,0.564,-0.269,0.1836,1.0,1.0,0.62,0.858,2.478,0.003,track
4,1100,-0.028,-0.531,-0.01,-0.078,-0.162,-1.32,0.562,-0.266,0.1826,1.0,1.0,0.626,0.854,2.481,0.004,track
4,1101,-0.028,-0.531,-0.01,-0.078,-0.162,-1.32,0.562,-0.266,0.1826,1.0,1.0,0.626,0.854,2.481,0.011,track
4,1102,-0.028,-0.531,-0.01,-0.078,-0.162,-1.32,0.56,-0.27,0.1816,1.0,1.0,0.626,0.85,2.476,0.01,track
4,1103,-0.028,-0.531,-0.01,-0.078,-0.162,-1.32,0.56,-0.27,0.1816,1.0,1.0,0.626,0.85,2.476,0.011,track
4,1104,-0.028,-0.531,-0.01,-0.078,-0.162,-1.32,0.56,-0.27,0.1816,1.0,1.0,0.626,0.85,2.476,0.011,track
4,1105,-0.028,-0.531,-0.01,-0.078,-0.162,-1.32,0.56,-0.274,0.1826,1.0,1.0,0.624,0.854,2.478,0.009,track
4,1106,-0.027,-0.531,-0.01,-0.078,-0.162,-1.32,0.56,-0.278,0.1816,1.0,1.0,0.62,0.85,2.47,0.017,track
4,1107,-0.027,-0.531,-0.011,-0.078,-0.162,-1.32,0.56,-0.278,0.1816,1.0,1.0,0.62,0.85,2.47,0.018,track
4,1108,-0.027,-0.531,-0.011,-0.078,-0.162,-1.32,0.558,-0.274,0.1797,1.0,1.0,0.627,0.842,2.47,0.015,track
4,1109,-0.027,-0.531,-0.011,-0.078,-0.162,-1.32,0.558,-0.274,0.1797,1.0,1.0,0.627,0.842,2.47,0.025,track
4,1110,-0.027,-0.531,-0.011,-0.078,-0.162,-1.32,0.559,-0.273,0.1807,1.0,1.0,0.627,0.846,2.473,0.029,track
4,1111,-0.026,-0.531,-0.011,-0.078,-0.162,-1.32,0.559,-0.276,0.1797,1.0,1.0,0.623,0.842,2.465,0.021,track
4,1112,-0.026,-0.531,-0.011,-0.078,-0.162,-1.32,0.559,-0.276,0.1797,1.0,1.0,0.623,0.842,2.465,0.028,track
4,1113,-0.026,-0.531,-0.011,-0.078,-0.162,-1.32,0.559,-0.276,0.1797,1.0,1.0,0.623,0.842,2.465,0.021,track
4,1114,-0.026,-0.531,-0.011,-0.078,-0.162,-1.32,0.561,-0.278,0.1797,1.0,1.0,0.618,0.842,2.46,0.021,track
4,1115,-0.026,-0.531,-0.011,-0.078,-0.162,-1.32,0.561,-0.278,0.1797,1.0,1.0,0.618,0.842,2.46,0.021,track
4,1116,-0.026,-0.531,-0.011,-0.078,-0.162,-1.32,0.561,-0.278,0.1797,1.0,1.0,0.618,0.842,2.46,0.015,track
4,1117,-0.025,-0.531,-0.011,-0.078,-0.162,-1.32,0.561,-0.278,0.1797,1.0,1.0,0.618,0.842,2.46,0.013,track
4,1118,-0.025,-0.531,-0.011,-0.078,-0.162,-1.32,0.559,-0.282,0.1768,1.0,1.0,0.616,0.83,2.446,0.013,track
4,1119,-0.025,-0.531,-0.01,-0.078,-0.162,-1.32,0.559,-0.282,0.1768,1.0,1.0,0.616,0.83,2.446,0.032,track
4,1120,-0.025,-0.531,-0.01,-0.078,-0.162,-1.32,0.559,-0.282,0.1768,1.0,1.0,0.616,0.83,2.446,0.024,track
4,1121,-0.025,-0.531,-0.01,-0.078,-0.162,-1.32,0.559,-0.282,0.1768,1.0,1.0,0.616,0.83,2.446,0.022,track
4,1122,-0.025,-0.531,-0.01,-0.078,-0.162,-1.32,0.559,-0.284,0.1777,1.0,1.0,0.614,0.834,2.449,0.02,track
4,1123,-0.024,-0.531,-0.01,-0.078,-0.162,-1.32,0.559,-0.284,0.1777,1.0,1.0,0.614,0.834,2.449,0.012,track
4,1124,-0.024,-0.531,-0.01,-0.078,-0.162,-1.32,0.561,-0.282,0.1787,1.0,1.0,0.612,0.838,2.45,0.01,track
4,1125,-0.024,-0.531,-0.01,-0.078,-0.162,-1.32,0.561,-0.282,0.1787,1.0,1.0,0.612,0.838,2.45,0.008,track
4,1126,-0.024,-0.531,-0.009,-0.078,-0.162,-1.32,0.563,-0.29,0.1758,1.0,1.0,0.6,0.826,2.426,0.004,track
4,1127,-0.024,-0.531,-0.009,-0.078,-0.162,-1.32,0.563,-0.29,0.1758,1.0,1.0,0.6,0.826,2.426,0.04,track
4,1128,-0.024,-0.531,-0.009,-0.078,-0.162,-1.32,0.563,-0.29,0.1758,1.0,1.0,0.6,0.826,2.426,0.028,track
4,1129,-0.024,-0.532,-0.009,-0.078,-0.162,-1.32,0.563,-0.29,0.1758,1.0,1.0,0.6,0.826,2.426,0.024,track
4,1130,-0.023,-0.532,-0.008,-0.078,-0.162,-1.32,0.564,-0.293,0.1768,1.0,1.0,0.595,0.83,2.425,0.02,track
4,1131,-0.023,-0.532,-0.008,-0.078,-0.162,-1.32,0.564,-0.293,0.1768,1.0,1.0,0.595,0.83,2.425,0.02,track
4,1132,-0.023,-0.532,-0.008,-0.078,-0.162,-1.32,0.564,-0.293,0.1768,1.0,1.0,0.595,0.83,2.425,0.014,track
4,1133,-0.023,-0.532,-0.007,-0.078,-0.162,-1.32,0.565,-0.294,0.1777,1.0,1.0,0.594,0.834,2.428,0.014,track
4,1134,-0.023,-0.532,-0.007,-0.078,-0.162,-1.32,0.566,-0.292,0.1787,1.0,1.0,0.592,0.838,2.43,0.004,track
4,1135,-0.023,-0.532,-0.007,-0.078,-0.162,-1.32,0.568,-0.29,0.1797,1.0,1.0,0.591,0.842,2.433,0.009,track
4,1136,-0.023,-0.532,-0.006,-0.078,-0.162,-1.32,0.569,-0.293,0.1816,1.0,1.0,0.585,0.85,2.435,0.013,track
4,1137,-0.022,-0.532,-0.006,-0.078,-0.162,-1.32,0.57,-0.292,0.1826,1.0,1.0,0.584,0.854,2.438,0.014,track
4,1138,-0.022,-0.532,-0.006,-0.078,-0.162,-1.32,0.572,-0.293,0.1816,1.0,1.0,0.579,0.85,2.43,0.019,track
4,1139,-0.022,-0.532,-0.005,-0.078,-0.162,-1.32,0.576,-0.292,0.1846,1.0,1.0,0.571,0.862,2.433,0.008,track
4,1140,-0.022,-0.532,-0.005,-0.078,-0.162,-1.32,0.576,-0.292,0.1846,1.0,1.0,0.571,0.862,2.433,0.015,track
4,1141,-0.022,-0.532,-0.005,-0.078,-0.162,-1.32,0.577,-0.289,0.1836,1.0,1.0,0.573,0.858,2.431,0.019,track
4,1142,-0.022,-0.532,-0.005,-0.078,-0.162,-1.32,0.58,-0.293,0.1865,1.0,1.0,0.564,0.869,2.433,0.016,track
4,1143,-0.022,-0.532,-0.004,-0.078,-0.162,-1.32,0.58,-0.293,0.1865,1.0,1.0,0.564,0.869,2.433,0.017,track
4,1144,-0.021,-0.532,-0.004,-0.078,-0.162,-1.32,0.581,-0.289,0.1875,1.0,1.0,0.566,0.873,2.439,0.028,track
4,1145,-0.021,-0.532,-0.004,-0.078,-0.162,-1.32,0.581,-0.289,0.1875,1.0,1.0,0.566,0.873,2.439,0.029,track
4,1146,-0.021,-0.532,-0.004,-0.078,-0.162,-1.32,0.581,-0.291,0.1885,1.0,1.0,0.563,0.877,2.44,0.024,track
4,1147,-0.021,-0.532,-0.003,-0.078,-0.162,-1.32,0.581,-0.291,0.1885,1.0,1.0,0.563,0.877,2.44,0.028,track
4,1148,-0.021,-0.532,-0.003,-0.078,-0.162,-1.32,0.581,-0.291,0.1885,1.0,1.0,0.563,0.877,2.44,0.026,track
4,1149,-0.021,-0.532,-0.003,-0.078,-0.162,-1.32,0.581,-0.291,0.1885,1.0,1.0,0.563,0.877,2.44,0.026,track
4,1150,-0.021,-0.532,-0.003,-0.078,-0.162,-1.32,0.581,-0.291,0.1885,1.0,1.0,0.563,0.877,2.44,0.021,track
4,1151,-0.021,-0.532,-0.003,-0.078,-0.162,-1.32,0.581,-0.291,0.1885,1.0,1.0,0.563,0.877,2.44,0.022,track
4,1152,-0.02,-0.532,-0.003,-0.078,-0.162,-1.32,0.581,-0.291,0.1885,1.0,1.0,0.563,0.877,2.44,0.017,track
4,1153,-0.02,-0.532,-0.003,-0.078,-0.162,-1.32,0.581,-0.291,0.1885,1.0,1.0,0.563,0.877,2.44,0.018,track
4,1154,-0.02,-0.532,-0.003,-0.078,-0.162,-1.32,0.581,-0.291,0.1885,1.0,1.0,0.563,0.877,2.44,0.014,track
4,1155,-0.02,-0.532,-0.003,-0.078,-0.162,-1.32,0.581,-0.291,0.1885,1.0,1.0,0.563,0.877,2.44,0.015,track
4,1156,-0.02,-0.532,-0.003,-0.078,-0.162,-1.32,0.581,-0.291,0.1885,1.0,1.0,0.563,0.877,2.44,0.011,track
4,1157,-0.02,-0.532,-0.003,-0.078,-0.162,-1.32,0.581,-0.291,0.1885,1.0,1.0,0.563,0.877,2.44,0.012,track
4,1158,-0.02,-0.532,-0.003,-0.078,-0.162,-1.32,0.581,-0.291,0.1885,1.0,1.0,0.563,0.877,2.44,0.008,track
4,1159,-0.019,-0.532,-0.003,-0.078,-0.162,-1.32,0.581,-0.291,0.1885,1.0,1.0,0.563,0.877,2.44,0.009,track
4,1160,-0.019,-0.532,-0.003,-0.078,-0.162,-1.32,0.581,-0.291,0.1885,1.0,1.0,0.563,0.877,2.44,0.006,track
4,1161,-0.019,-0.532,-0.003,-0.078,-0.162,-1.32,0.581,-0.291,0.1885,1.0,1.0,0.563,0.877,2.44,0.006,track
4,1162,-0.019,-0.532,-0.003,-0.078,-0.162,-1.32,0.58,-0.29,0.1895,1.0,1.0,0.567,0.88,2.448,0.004,track
4,1163,-0.019,-0.532,-0.003,-0.078,-0.162,-1.32,0.58,-0.29,0.1895,1.0,1.0,0.567,0.88,2.448,0.017,track
4,1164,-0.019,-0.532,-0.003,-0.078,-0.162,-1.32,0.579,-0.294,0.1885,1.0,1.0,0.565,0.877,2.442,0.014,track
4,1165,-0.019,-0.532,-0.003,-0.078,-0.162,-1.32,0.579,-0.294,0.1885,1.0,1.0,0.565,0.877,2.442,0.006,track
4,1166,-0.018,-0.532,-0.003,-0.078,-0.162,-1.32,0.579,-0.294,0.1885,1.0,1.0,0.565,0.877,2.442,0.003,track
4,1167,-0.018,-0.532,-0.004,-0.078,-0.162,-1.32,0.579,-0.294,0.1885,1.0,1.0,0.565,0.877,2.442,0.002,track
4,1168,-0.018,-0.532,-0.004,-0.078,-0.162,-1.32,0.577,-0.295,0.1885,1.0,1.0,0.566,0.877,2.443,0.002,track
4,1169,-0.018,-0.532,-0.004,-0.078,-0.162,-1.32,0.577,-0.295,0.1885,1.0,1.0,0.566,0.877,2.443,0.002,track
4,1170,-0.018,-0.532,-0.004,-0.078,-0.162,-1.32,0.577,-0.295,0.1885,1.0,1.0,0.566,0.877,2.443,0.002,track
4,1171,-0.018,-0.532,-0.004,-0.078,-0.162,-1.32,0.576,-0.297,0.1895,1.0,1.0,0.568,0.88,2.448,0.003,track
4,1172,-0.017,-0.532,-0.004,-0.078,-0.162,-1.32,0.576,-0.297,0.1895,1.0,1.0,0.568,0.88,2.448,0.009,track
4,1173,-0.017,-0.532,-0.004,-0.078,-0.162,-1.32,0.575,-0.297,0.1885,1.0,1.0,0.568,0.877,2.445,0.009,track
4,1174,-0.017,-0.532,-0.004,-0.078,-0.162,-1.32,0.575,-0.301,0.1875,1.0,1.0,0.565,0.873,2.439,0.005,track
4,1175,-0.017,-0.532,-0.004,-0.078,-0.162,-1.32,0.575,-0.301,0.1875,1.0,1.0,0.565,0.873,2.439,0.009,track
4,1176,-0.017,-0.532,-0.004,-0.078,-0.162,-1.32,0.575,-0.301,0.1875,1.0,1.0,0.565,0.873,2.439,0.008,track
4,1177,-0.017,-0.532,-0.005,-0.078,-0.162,-1.32,0.574,-0.299,0.1865,1.0,1.0,0.569,0.869,2.438,0.007,track
4,1178,-0.016,-0.532,-0.005,-0.078,-0.162,-1.32,0.574,-0.299,0.1865,1.0,1.0,0.569,0.869,2.438,0.008,track
4,1179,-0.016,-0.532,-0.005,-0.078,-0.162,-1.32,0.572,-0.297,0.1855,1.0,1.0,0.575,0.866,2.44,0.011,track
4,1180,-0.016,-0.532,-0.005,-0.078,-0.162,-1.32,0.572,-0.297,0.1855,1.0,1.0,0.575,0.866,2.44,0.016,track
4,1181,-0.016,-0.532,-0.005,-0.078,-0.162,-1.32,0.572,-0.297,0.1855,1.0,1.0,0.575,0.866,2.44,0.018,track
4,1182,-0.016,-0.532,-0.005,-0.078,-0.162,-1.32,0.574,-0.295,0.1855,1.0,1.0,0.573,0.866,2.439,0.012,track
4,1183,-0.015,-0.532,-0.005,-0.078,-0.162,-1.32,0.573,-0.298,0.1865,1.0,1.0,0.572,0.869,2.442,0.015,track
4,1184,-0.015,-0.531,-0.005,-0.078,-0.162,-1.32,0.573,-0.298,0.1865,1.0,1.0,0.572,0.869,2.442,0.003,track
4,1185,-0.015,-0.531,-0.005,-0.078,-0.162,-1.32,0.571,-0.296,0.1855,1.0,1.0,0.578,0.866,2.443,0.002,track
4,1186,-0.015,-0.531,-0.005,-0.078,-0.162,-1.32,0.571,-0.296,0.1855,1.0,1.0,0.578,0.866,2.443,0.012,track
4,1187,-0.015,-0.531,-0.005,-0.078,-0.162,-1.32,0.571,-0.3,0.1846,1.0,1.0,0.574,0.862,2.436,0.011,track
4,1188,-0.015,-0.531,-0.005,-0.078,-0.162,-1.32,0.569,-0.303,0.1836,1.0,1.0,0.574,0.858,2.432,0.012,track
4,1189,-0.014,-0.531,-0.005,-0.078,-0.162,-1.32,0.569,-0.303,0.1836,1.0,1.0,0.574,0.858,2.432,0.014,track
4,1190,-0.014,-0.531,-0.005,-0.078,-0.162,-1.32,0.567,-0.305,0.1846,1.0,1.0,0.576,0.862,2.437,0.012,track
4,1191,-0.014,-0.531,-0.005,-0.078,-0.162,-1.32,0.567,-0.305,0.1846,1.0,1.0,0.576,0.862,2.437,0.011,track
4,1192,-0.014,-0.531,-0.005,-0.078,-0.162,-1.32,0.566,-0.303,0.1836,1.0,1.0,0.581,0.858,2.439,0.008,track
4,1193,-0.014,-0.531,-0.005,-0.078,-0.162,-1.32,0.566,-0.303,0.1836,1.0,1.0,0.581,0.858,2.439,0.001,track
4,1194,-0.013,-0.531,-0.005,-0.078,-0.162,-1.32,0.566,-0.303,0.1836,1.0,1.0,0.581,0.858,2.439,0.006,track
4,1195,-0.013,-0.531,-0.005,-0.078,-0.162,-1.32,0.566,-0.302,0.1826,1.0,1.0,0.582,0.854,2.436,0.003,track
4,1196,-0.013,-0.531,-0.005,-0.078,-0.162,-1.32,0.566,-0.302,0.1826,1.0,1.0,0.582,0.854,2.436,0.006,track
4,1197,-0.013,-0.531,-0.006,-0.078,-0.162,-1.32,0.566,-0.302,0.1826,1.0,1.0,0.582,0.854,2.436,0.005,track
4,1198,-0.013,-0.531,-0.006,-0.078,-0.162,-1.32,0.566,-0.302,0.1826,1.0,1.0,0.582,0.854,2.436,0.004,track
4,1199,-0.013,-0.531,-0.006,-0.078,-0.162,-1.32,0.566,-0.302,0.1826,1.0,1.0,0.582,0.854,2.436,0.004,track
4,1200,-0.012,-0.531,-0.006,-0.078,-0.162,-1.32,0.564,-0.303,0.1826,1.0,1.0,0.586,0.854,2.44,0.003,track
4,1201,-0.012,-0.531,-0.006,-0.078,-0.162,-1.32,0.564,-0.303,0.1826,1.0,1.0,0.586,0.854,2.44,0.006,track
4,1202,-0.012,-0.531,-0.006,-0.078,-0.162,-1.32,0.564,-0.303,0.1826,1.0,1.0,0.586,0.854,2.44,0.003,track
4,1203,-0.012,-0.531,-0.006,-0.078,-0.162,-1.32,0.564,-0.303,0.1826,1.0,1.0,0.586,0.854,2.44,0.003,track
4,1204,-0.012,-0.531,-0.006,-0.078,-0.162,-1.32,0.564,-0.303,0.1826,1.0,1.0,0.586,0.854,2.44,0.003,track
4,1205,-0.011,-0.531,-0.006,-0.078,-0.162,-1.32,0.564,-0.303,0.1826,1.0,1.0,0.586,0.854,2.44,0.002,track
4,1206,-0.011,-0.531,-0.006,-0.078,-0.162,-1.32,0.564,-0.303,0.1826,1.0,1.0,0.586,0.854,2.44,0.002,track
4,1207,-0.011,-0.531,-0.006,-0.078,-0.162,-1.32,0.564,-0.303,0.1826,1.0,1.0,0.586,0.854,2.44,0.002,track
4,1208,-0.011,-0.531,-0.006,-0.078,-0.162,-1.32,0.564,-0.303,0.1826,1.0,1.0,0.586,0.854,2.44,0.002,track
4,1209,-0.011,-0.531,-0.006,-0.078,-0.162,-1.32,0.564,-0.303,0.1826,1.0,1.0,0.586,0.854,2.44,0.002,track
4,1210,-0.011,-0.531,-0.006,-0.078,-0.162,-1.32,0.564,-0.303,0.1826,1.0,1.0,0.586,0.854,2.44,0.002,track
4,1211,-0.01,-0.531,-0.006,-0.078,-0.162,-1.32,0.564,-0.303,0.1826,1.0,1.0,0.586,0.854,2.44,0.002,track
4,1212,-0.01,-0.531,-0.006,-0.078,-0.162,-1.32,0.564,-0.303,0.1826,1.0,1.0,0.586,0.854,2.44,0.002,track
4,1213,-0.01,-0.531,-0.006,-0.078,-0.162,-1.32,0.564,-0.303,0.1826,1.0,1.0,0.586,0.854,2.44,0.002,track
4,1214,-0.01,-0.531,-0.006,-0.078,-0.162,-1.32,0.563,-0.3,0.1816,1.0,1.0,0.59,0.85,2.44,0.002,track
4,1215,-0.01,-0.531,-0.006,-0.078,-0.162,-1.32,0.563,-0.3,0.1816,1.0,1.0,0.59,0.85,2.44,0.008,track
4,1216,-0.01,-0.531,-0.006,-0.078,-0.162,-1.32,0.563,-0.3,0.1816,1.0,1.0,0.59,0.85,2.44,0.009,track
4,1217,-0.009,-0.531,-0.006,-0.078,-0.162,-1.32,0.563,-0.3,0.1816,1.0,1.0,0.59,0.85,2.44,0.008,track
4,1218,-0.009,-0.531,-0.006,-0.078,-0.162,-1.32,0.563,-0.3,0.1816,1.0,1.0,0.59,0.85,2.44,0.008,track
4,1219,-0.009,-0.531,-0.006,-0.078,-0.162,-1.32,0.561,-0.3,0.1826,1.0,1.0,0.594,0.854,2.448,0.007,track
4,1220,-0.009,-0.531,-0.006,-0.078,-0.162,-1.32,0.561,-0.3,0.1826,1.0,1.0,0.594,0.854,2.448,0.012,track
4,1221,-0.009,-0.531,-0.006,-0.078,-0.162,-1.32,0.561,-0.3,0.1826,1.0,1.0,0.594,0.854,2.448,0.01,track
4,1222,-0.009,-0.531,-0.006,-0.078,-0.162,-1.32,0.561,-0.3,0.1826,1.0,1.0,0.594,0.854,2.448,0.01,track
4,1223,-0.008,-0.531,-0.006,-0.078,-0.162,-1.32,0.561,-0.3,0.1826,1.0,1.0,0.594,0.854,2.448,0.009,track
4,1224,-0.008,-0.531,-0.006,-0.078,-0.162,-1.32,0.56,-0.3,0.1816,1.0,1.0,0.595,0.85,2.445,0.008,track
4,1225,-0.008,-0.531,-0.006,-0.078,-0.162,-1.32,0.56,-0.3,0.1816,1.0,1.0,0.595,0.85,2.445,0.011,track
4,1226,-0.008,-0.531,-0.006,-0.078,-0.162,-1.32,0.56,-0.3,0.1816,1.0,1.0,0.595,0.85,2.445,0.01,track
4,1227,-0.008,-0.531,-0.006,-0.078,-0.162,-1.32,0.56,-0.3,0.1816,1.0,1.0,0.595,0.85,2.445,0.01,track
4,1228,-0.008,-0.531,-0.006,-0.078,-0.162,-1.32,0.56,-0.3,0.1816,1.0,1.0,0.595,0.85,2.445,0.009,track
4,1229,-0.007,-0.531,-0.006,-0.078,-0.162,-1.32,0.56,-0.3,0.1816,1.0,1.0,0.595,0.85,2.445,0.009,track
4,1230,-0.007,-0.531,-0.007,-0.078,-0.162,-1.32,0.559,-0.303,0.1807,1.0,1.0,0.595,0.846,2.441,0.008,track
4,1231,-0.007,-0.531,-0.007,-0.078,-0.162,-1.32,0.56,-0.305,0.1797,1.0,1.0,0.59,0.842,2.432,0.01,track
4,1232,-0.007,-0.531,-0.007,-0.078,-0.162,-1.32,0.56,-0.305,0.1797,1.0,1.0,0.59,0.842,2.432,0.021,track
4,1233,-0.007,-0.531,-0.007,-0.078,-0.162,-1.32,0.56,-0.305,0.1797,1.0,1.0,0.59,0.842,2.432,0.018,track
4,1234,-0.007,-0.531,-0.007,-0.078,-0.162,-1.32,0.56,-0.305,0.1797,1.0,1.0,0.59,0.842,2.432,0.016,track
4,1235,-0.007,-0.531,-0.007,-0.078,-0.162,-1.32,0.56,-0.305,0.1797,1.0,1.0,0.59,0.842,2.432,0.014,track
4,1236,-0.006,-0.531,-0.007,-0.078,-0.162,-1.32,0.56,-0.305,0.1797,1.0,1.0,0.59,0.842,2.432,0.013,track
4,1237,-0.006,-0.531,-0.007,-0.078,-0.162,-1.32,0.56,-0.305,0.1797,1.0,1.0,0.59,0.842,2.432,0.012,track
4,1238,-0.006,-0.531,-0.007,-0.078,-0.162,-1.32,0.56,-0.305,0.1797,1.0,1.0,0.59,0.842,2.432,0.009,track
4,1239,-0.006,-0.531,-0.007,-0.078,-0.162,-1.32,0.56,-0.305,0.1797,1.0,1.0,0.59,0.842,2.432,0.009,track
4,1240,-0.006,-0.531,-0.006,-0.078,-0.162,-1.32,0.56,-0.308,0.1807,1.0,1.0,0.587,0.846,2.433,0.007,track
4,1241,-0.006,-0.531,-0.006,-0.078,-0.162,-1.32,0.56,-0.308,0.1807,1.0,1.0,0.587,0.846,2.433,0.004,track
4,1242,-0.005,-0.531,-0.006,-0.078,-0.162,-1.32,0.561,-0.307,0.1816,1.0,1.0,0.586,0.85,2.436,0.007,track
4,1243,-0.005,-0.531,-0.006,-0.078,-0.162,-1.32,0.561,-0.307,0.1816,1.0,1.0,0.586,0.85,2.436,0.011,track
4,1244,-0.005,-0.531,-0.006,-0.078,-0.162,-1.32,0.561,-0.307,0.1816,1.0,1.0,0.586,0.85,2.436,0.008,track
4,1245,-0.005,-0.531,-0.006,-0.078,-0.162,-1.32,0.561,-0.304,0.1797,1.0,1.0,0.589,0.842,2.431,0.006,track
4,1246,-0.005,-0.531,-0.006,-0.078,-0.162,-1.32,0.564,-0.303,0.1797,1.0,1.0,0.584,0.842,2.427,0.018,track
4,1247,-0.005,-0.531,-0.006,-0.078,-0.162,-1.32,0.564,-0.303,0.1797,1.0,1.0,0.584,0.842,2.427,0.022,track
4,1248,-0.005,-0.531,-0.006,-0.078,-0.162,-1.32,0.565,-0.304,0.1807,1.0,1.0,0.583,0.846,2.429,0.019,track
4,1249,-0.005,-0.531,-0.006,-0.078,-0.162,-1.32,0.565,-0.304,0.1807,1.0,1.0,0.583,0.846,2.429,0.022,track
4,1250,-0.004,-0.531,-0.006,-0.078,-0.162,-1.32,0.566,-0.302,0.1816,1.0,1.0,0.582,0.85,2.432,0.022,track
4,1251,-0.004,-0.531,-0.006,-0.078,-0.162,-1.32,0.566,-0.302,0.1816,1.0,1.0,0.582,0.85,2.432,0.022,track
4,1252,-0.004,-0.531,-0.006,-0.078,-0.162,-1.32,0.566,-0.302,0.1816,1.0,1.0,0.582,0.85,2.432,0.023,track
4,1253,-0.004,-0.531,-0.006,-0.078,-0.162,-1.32,0.566,-0.302,0.1816,1.0,1.0,0.582,0.85,2.432,0.019,track
4,1254,-0.004,-0.532,-0.006,-0.078,-0.162,-1.32,0.566,-0.302,0.1816,1.0,1.0,0.582,0.85,2.432,0.02,track
4,1255,-0.004,-0.532,-0.005,-0.078,-0.162,-1.32,0.566,-0.302,0.1816,1.0,1.0,0.582,0.85,2.432,0.017,track
4,1256,-0.004,-0.532,-0.005,-0.078,-0.162,-1.32,0.567,-0.301,0.1826,1.0,1.0,0.581,0.854,2.435,0.017,track
4,1257,-0.003,-0.532,-0.005,-0.078,-0.162,-1.32,0.567,-0.301,0.1826,1.0,1.0,0.581,0.854,2.435,0.018,track
4,1258,-0.003,-0.532,-0.005,-0.078,-0.162,-1.32,0.566,-0.305,0.1816,1.0,1.0,0.58,0.85,2.43,0.018,track
4,1259,-0.003,-0.532,-0.005,-0.078,-0.162,-1.32,0.566,-0.305,0.1816,1.0,1.0,0.58,0.85,2.43,0.016,track
4,1260,-0.003,-0.532,-0.005,-0.078,-0.162,-1.32,0.566,-0.305,0.1816,1.0,1.0,0.58,0.85,2.43,0.016,track
4,1261,-0.003,-0.532,-0.005,-0.078,-0.162,-1.32,0.566,-0.305,0.1816,1.0,1.0,0.58,0.85,2.43,0.014,track
4,1262,-0.003,-0.532,-0.005,-0.078,-0.162,-1.32,0.566,-0.305,0.1816,1.0,1.0,0.58,0.85,2.43,0.013,track
4,1263,-0.003,-0.532,-0.005,-0.078,-0.162,-1.32,0.566,-0.309,0.1807,1.0,1.0,0.576,0.846,2.422,0.012,track
4,1264,-0.003,-0.532,-0.005,-0.078,-0.162,-1.32,0.566,-0.309,0.1807,1.0,1.0,0.576,0.846,2.422,0.013,track
4,1265,-0.003,-0.532,-0.005,-0.078,-0.162,-1.32,0.566,-0.308,0.1816,1.0,1.0,0.575,0.85,2.425,0.01,track
4,1266,-0.002,-0.532,-0.005,-0.078,-0.162,-1.32,0.566,-0.308,0.1816,1.0,1.0,0.575,0.85,2.425,0.005,track
4,1267,-0.002,-0.532,-0.005,-0.078,-0.162,-1.32,0.566,-0.308,0.1816,1.0,1.0,0.575,0.85,2.425,0.004,track
4,1268,-0.002,-0.532,-0.005,-0.078,-0.162,-1.32,0.567,-0.308,0.1836,1.0,1.0,0.574,0.858,2.432,0.004,track
4,1269,-0.002,-0.532,-0.005,-0.078,-0.162,-1.32,0.567,-0.308,0.1836,1.0,1.0,0.574,0.858,2.432,0.013,track
4,1270,-0.002,-0.532,-0.005,-0.078,-0.162,-1.32,0.567,-0.308,0.1836,1.0,1.0,0.574,0.858,2.432,0.014,track
4,1271,-0.002,-0.532,-0.005,-0.078,-0.162,-1.32,0.567,-0.308,0.1836,1.0,1.0,0.574,0.858,2.432,0.01,track
4,1272,-0.002,-0.532,-0.005,-0.078,-0.162,-1.32,0.567,-0.308,0.1836,1.0,1.0,0.574,0.858,2.432,0.012,track
4,1273,-0.002,-0.532,-0.005,-0.078,-0.162,-1.32,0.567,-0.308,0.1836,1.0,1.0,0.574,0.858,2.432,0.008,track
4,1274,-0.001,-0.532,-0.005,-0.078,-0.162,-1.32,0.567,-0.308,0.1836,1.0,1.0,0.574,0.858,2.432,0.011,track
4,1275,-0.001,-0.532,-0.005,-0.078,-0.162,-1.32,0.567,-0.308,0.1836,1.0,1.0,0.574,0.858,2.432,0.007,track
4,1276,-0.001,-0.532,-0.005,-0.078,-0.162,-1.32,0.567,-0.308,0.1836,1.0,1.0,0.574,0.858,2.432,0.009,track
4,1277,-0.001,-0.533,-0.005,-0.078,-0.162,-1.32,0.567,-0.308,0.1836,1.0,1.0,0.574,0.858,2.432,0.006,track
4,1278,-0.001,-0.533,-0.005,-0.078,-0.162,-1.32,0.567,-0.308,0.1836,1.0,1.0,0.574,0.858,2.432,0.008,track
4,1279,-0.001,-0.533,-0.005,-0.078,-0.162,-1.32,0.567,-0.308,0.1836,1.0,1.0,0.574,0.858,2.432,0.006,track
4,1280,-0.001,-0.533,-0.005,-0.078,-0.162,-1.32,0.569,-0.306,0.1826,1.0,1.0,0.573,0.854,2.427,0.007,track
4,1281,-0.001,-0.533,-0.005,-0.078,-0.162,-1.32,0.569,-0.306,0.1826,1.0,1.0,0.573,0.854,2.427,0.004,track
4,1282,-0.001,-0.533,-0.005,-0.078,-0.162,-1.32,0.569,-0.306,0.1826,1.0,1.0,0.573,0.854,2.427,0.004,track
4,1283,-0.0,-0.533,-0.005,-0.078,-0.162,-1.32,0.569,-0.306,0.1826,1.0,1.0,0.573,0.854,2.427,0.003,track
4,1284,-0.0,-0.533,-0.005,-0.078,-0.162,-1.32,0.569,-0.306,0.1826,1.0,1.0,0.573,0.854,2.427,0.003,track
4,1285,-0.0,-0.533,-0.005,-0.078,-0.162,-1.32,0.569,-0.306,0.1826,1.0,1.0,0.573,0.854,2.427,0.002,track
4,1286,-0.0,-0.533,-0.005,-0.078,-0.162,-1.32,0.569,-0.306,0.1826,1.0,1.0,0.573,0.854,2.427,0.003,track
4,1287,-0.0,-0.533,-0.005,-0.078,-0.162,-1.32,0.569,-0.306,0.1826,1.0,1.0,0.573,0.854,2.427,0.002,track
4,1288,0.0,-0.533,-0.005,-0.078,-0.162,-1.32,0.567,-0.308,0.1836,1.0,1.0,0.574,0.858,2.432,0.002,track
4,1289,0.0,-0.533,-0.005,-0.078,-0.162,-1.32,0.567,-0.308,0.1836,1.0,1.0,0.574,0.858,2.432,0.009,track
4,1290,0.0,-0.533,-0.005,-0.078,-0.162,-1.32,0.567,-0.308,0.1836,1.0,1.0,0.574,0.858,2.432,0.007,track
4,1291,0.0,-0.533,-0.005,-0.078,-0.162,-1.32,0.567,-0.308,0.1836,1.0,1.0,0.574,0.858,2.432,0.006,track
4,1292,0.001,-0.533,-0.005,-0.078,-0.162,-1.32,0.567,-0.308,0.1836,1.0,1.0,0.574,0.858,2.432,0.005,track
4,1293,0.001,-0.533,-0.005,-0.078,-0.162,-1.32,0.567,-0.308,0.1836,1.0,1.0,0.574,0.858,2.432,0.005,track
4,1294,0.001,-0.533,-0.005,-0.078,-0.162,-1.32,0.566,-0.312,0.1826,1.0,1.0,0.572,0.854,2.426,0.005,track
4,1295,0.001,-0.533,-0.005,-0.078,-0.162,-1.32,0.566,-0.312,0.1826,1.0,1.0,0.572,0.854,2.426,0.007,track
4,1296,0.001,-0.533,-0.005,-0.078,-0.162,-1.32,0.566,-0.315,0.1816,1.0,1.0,0.567,0.85,2.418,0.006,track
4,1297,0.001,-0.533,-0.005,-0.078,-0.162,-1.32,0.566,-0.315,0.1816,1.0,1.0,0.567,0.85,2.418,0.018,track
4,1298,0.001,-0.533,-0.005,-0.078,-0.162,-1.32,0.566,-0.315,0.1816,1.0,1.0,0.567,0.85,2.418,0.014,track
4,1299,0.001,-0.533,-0.005,-0.078,-0.162,-1.32,0.566,-0.315,0.1816,1.0,1.0,0.567,0.85,2.418,0.013,track
4,1300,0.001,-0.533,-0.005,-0.078,-0.162,-1.32,0.568,-0.318,0.1807,1.0,1.0,0.562,0.846,2.409,0.011,track
4,1301,0.002,-0.533,-0.005,-0.078,-0.162,-1.32,0.567,-0.321,0.1816,1.0,1.0,0.56,0.85,2.41,0.025,track
4,1302,0.002,-0.533,-0.005,-0.078,-0.162,-1.32,0.569,-0.319,0.1807,1.0,1.0,0.559,0.846,2.405,0.018,track
4,1303,0.002,-0.533,-0.005,-0.078,-0.162,-1.32,0.569,-0.322,0.1816,1.0,1.0,0.555,0.85,2.405,0.021,track
4,1304,0.002,-0.534,-0.004,-0.078,-0.162,-1.32,0.569,-0.322,0.1816,1.0,1.0,0.555,0.85,2.405,0.019,track
4,1305,0.002,-0.534,-0.004,-0.078,-0.162,-1.32,0.569,-0.322,0.1816,1.0,1.0,0.555,0.85,2.405,0.014,track
4,1306,0.002,-0.534,-0.004,-0.078,-0.162,-1.32,0.571,-0.32,0.1826,1.0,1.0,0.553,0.854,2.407,0.014,track
4,1307,0.002,-0.534,-0.004,-0.078,-0.162,-1.32,0.572,-0.323,0.1816,1.0,1.0,0.548,0.85,2.398,0.01,track
4,1308,0.002,-0.534,-0.004,-0.078,-0.162,-1.32,0.572,-0.323,0.1826,1.0,1.0,0.547,0.854,2.402,0.019,track
4,1309,0.002,-0.534,-0.004,-0.078,-0.162,-1.32,0.572,-0.323,0.1826,1.0,1.0,0.547,0.854,2.402,0.007,track
4,1310,0.002,-0.534,-0.004,-0.078,-0.162,-1.32,0.573,-0.32,0.1816,1.0,1.0,0.55,0.85,2.4,0.004,track
4,1311,0.003,-0.534,-0.003,-0.078,-0.162,-1.32,0.573,-0.32,0.1816,1.0,1.0,0.55,0.85,2.4,0.013,track
4,1312,0.003,-0.534,-0.003,-0.078,-0.162,-1.32,0.574,-0.322,0.1826,1.0,1.0,0.547,0.854,2.401,0.016,track
4,1313,0.003,-0.534,-0.003,-0.078,-0.162,-1.32,0.574,-0.322,0.1826,1.0,1.0,0.547,0.854,2.401,0.004,track
4,1314,0.003,-0.534,-0.003,-0.078,-0.162,-1.32,0.575,-0.324,0.1826,1.0,1.0,0.542,0.854,2.397,0.004,track
4,1315,0.003,-0.534,-0.003,-0.078,-0.162,-1.32,0.576,-0.327,0.1816,1.0,1.0,0.537,0.85,2.388,0.004,track
4,1316,0.003,-0.534,-0.002,-0.078,-0.162,-1.32,0.577,-0.326,0.1826,1.0,1.0,0.536,0.854,2.39,0.015,track
4,1317,0.003,-0.534,-0.002,-0.078,-0.162,-1.32,0.577,-0.326,0.1826,1.0,1.0,0.536,0.854,2.39,0.008,track
4,1318,0.003,-0.534,-0.002,-0.078,-0.162,-1.32,0.578,-0.326,0.1846,1.0,1.0,0.533,0.862,2.394,0.008,track
4,1319,0.003,-0.534,-0.002,-0.078,-0.162,-1.32,0.578,-0.326,0.1846,1.0,1.0,0.533,0.862,2.394,0.018,track
4,1320,0.003,-0.534,-0.001,-0.078,-0.162,-1.32,0.579,-0.326,0.1855,1.0,1.0,0.532,0.866,2.398,0.018,track
4,1321,0.003,-0.534,-0.001,-0.078,-0.162,-1.32,0.579,-0.326,0.1855,1.0,1.0,0.532,0.866,2.398,0.019,track
4,1322,0.004,-0.534,-0.001,-0.078,-0.162,-1.32,0.579,-0.326,0.1855,1.0,1.0,0.532,0.866,2.398,0.019,track
4,1323,0.004,-0.534,-0.001,-0.078,-0.162,-1.32,0.58,-0.327,0.1865,1.0,1.0,0.53,0.869,2.399,0.012,track
4,1324,0.004,-0.534,-0.001,-0.078,-0.162,-1.32,0.58,-0.327,0.1865,1.0,1.0,0.53,0.869,2.399,0.011,track
4,1325,0.004,-0.534,-0.001,-0.078,-0.162,-1.32,0.58,-0.327,0.1865,1.0,1.0,0.53,0.869,2.399,0.013,track
4,1326,0.004,-0.534,-0.0,-0.078,-0.162,-1.32,0.58,-0.324,0.1875,1.0,1.0,0.532,0.873,2.406,0.011,track
4,1327,0.004,-0.534,-0.0,-0.078,-0.162,-1.32,0.58,-0.324,0.1875,1.0,1.0,0.532,0.873,2.406,0.021,track
4,1328,0.004,-0.534,-0.0,-0.078,-0.162,-1.32,0.581,-0.326,0.1885,1.0,1.0,0.528,0.877,2.405,0.018,track
4,1329,0.004,-0.534,0.0,-0.078,-0.162,-1.32,0.581,-0.326,0.1885,1.0,1.0,0.528,0.877,2.405,0.018,track
4,1330,0.004,-0.534,0.0,-0.078,-0.162,-1.32,0.582,-0.327,0.1895,1.0,1.0,0.527,0.88,2.407,0.017,track
4,1331,0.004,-0.534,0.0,-0.078,-0.162,-1.32,0.582,-0.327,0.1895,1.0,1.0,0.527,0.88,2.407,0.02,track
4,1332,0.004,-0.534,0.0,-0.078,-0.162,-1.32,0.583,-0.325,0.1885,1.0,1.0,0.525,0.877,2.402,0.017,track
4,1333,0.005,-0.534,0.0,-0.078,-0.162,-1.32,0.583,-0.325,0.1885,1.0,1.0,0.525,0.877,2.402,0.012,track
4,1334,0.005,-0.534,0.0,-0.078,-0.162,-1.32,0.582,-0.322,0.1895,1.0,1.0,0.53,0.88,2.41,0.013,track
4,1335,0.005,-0.534,0.0,-0.078,-0.162,-1.32,0.583,-0.325,0.1904,1.0,1.0,0.525,0.884,2.409,0.023,track
4,1336,0.005,-0.534,0.0,-0.078,-0.162,-1.32,0.583,-0.325,0.1904,1.0,1.0,0.525,0.884,2.409,0.017,track
4,1337,0.005,-0.534,0.0,-0.078,-0.162,-1.32,0.583,-0.325,0.1904,1.0,1.0,0.525,0.884,2.409,0.016,track
4,1338,0.005,-0.534,0.0,-0.078,-0.162,-1.32,0.583,-0.325,0.1904,1.0,1.0,0.525,0.884,2.409,0.018,track
4,1339,0.005,-0.534,0.0,-0.078,-0.162,-1.32,0.583,-0.325,0.1904,1.0,1.0,0.525,0.884,2.409,0.015,track
4,1340,0.005,-0.534,0.0,-0.078,-0.162,-1.32,0.582,-0.326,0.1914,1.0,1.0,0.527,0.888,2.414,0.017,track
4,1341,0.005,-0.534,0.0,-0.078,-0.162,-1.32,0.582,-0.326,0.1914,1.0,1.0,0.527,0.888,2.414,0.021,track
4,1342,0.005,-0.534,0.0,-0.078,-0.162,-1.32,0.582,-0.326,0.1914,1.0,1.0,0.527,0.888,2.414,0.018,track
4,1343,0.006,-0.534,-0.0,-0.078,-0.162,-1.32,0.582,-0.326,0.1914,1.0,1.0,0.527,0.888,2.414,0.015,track
4,1344,0.006,-0.534,-0.0,-0.078,-0.162,-1.32,0.58,-0.323,0.1895,1.0,1.0,0.533,0.88,2.414,0.014,track
4,1345,0.006,-0.534,-0.0,-0.078,-0.162,-1.32,0.58,-0.323,0.1895,1.0,1.0,0.533,0.88,2.414,0.015,track
4,1346,0.006,-0.534,-0.0,-0.078,-0.162,-1.32,0.58,-0.323,0.1895,1.0,1.0,0.533,0.88,2.414,0.019,track
4,1347,0.006,-0.534,-0.001,-0.078,-0.162,-1.32,0.579,-0.32,0.1904,1.0,1.0,0.538,0.884,2.422,0.011,track
4,1348,0.006,-0.534,-0.001,-0.078,-0.162,-1.32,0.579,-0.32,0.1904,1.0,1.0,0.538,0.884,2.422,0.021,track
4,1349,0.006,-0.534,-0.001,-0.078,-0.162,-1.32,0.579,-0.32,0.1904,1.0,1.0,0.538,0.884,2.422,0.016,track
4,1350,0.006,-0.534,-0.001,-0.078,-0.162,-1.32,0.579,-0.32,0.1904,1.0,1.0,0.538,0.884,2.422,0.016,track
4,1351,0.006,-0.534,-0.001,-0.078,-0.162,-1.32,0.576,-0.314,0.1895,1.0,1.0,0.549,0.88,2.429,0.01,track
4,1352,0.007,-0.533,-0.002,-0.078,-0.162,-1.32,0.576,-0.315,0.1885,1.0,1.0,0.55,0.877,2.426,0.021,track
4,1353,0.007,-0.533,-0.002,-0.078,-0.162,-1.32,0.576,-0.315,0.1885,1.0,1.0,0.55,0.877,2.426,0.016,track
4,1354,0.007,-0.533,-0.002,-0.078,-0.162,-1.32,0.575,-0.315,0.1875,1.0,1.0,0.551,0.873,2.424,0.01,track
4,1355,0.007,-0.533,-0.002,-0.078,-0.162,-1.32,0.572,-0.319,0.1885,1.0,1.0,0.552,0.877,2.429,0.009,track
4,1356,0.007,-0.533,-0.003,-0.078,-0.162,-1.32,0.571,-0.323,0.1875,1.0,1.0,0.549,0.873,2.423,0.01,track
4,1357,0.007,-0.533,-0.003,-0.078,-0.162,-1.32,0.57,-0.324,0.1865,1.0,1.0,0.551,0.869,2.42,0.006,track
4,1358,0.007,-0.533,-0.003,-0.078,-0.162,-1.32,0.57,-0.324,0.1865,1.0,1.0,0.551,0.869,2.42,0.009,track
4,1359,0.007,-0.533,-0.003,-0.078,-0.162,-1.32,0.57,-0.324,0.1865,1.0,1.0,0.551,0.869,2.42,0.009,track
4,1360,0.008,-0.533,-0.003,-0.078,-0.162,-1.32,0.569,-0.322,0.1855,1.0,1.0,0.554,0.866,2.42,0.01,track
4,1361,0.008,-0.533,-0.004,-0.078,-0.162,-1.32,0.568,-0.327,0.1826,1.0,1.0,0.551,0.854,2.406,0.01,track
4,1362,0.008,-0.533,-0.004,-0.078,-0.162,-1.32,0.568,-0.327,0.1826,1.0,1.0,0.551,0.854,2.406,0.036,track
4,1363,0.008,-0.533,-0.004,-0.078,-0.162,-1.32,0.568,-0.327,0.1826,1.0,1.0,0.551,0.854,2.406,0.03,track
4,1364,0.008,-0.533,-0.004,-0.078,-0.162,-1.32,0.567,-0.33,0.1836,1.0,1.0,0.55,0.858,2.408,0.027,track
4,1365,0.008,-0.533,-0.004,-0.078,-0.162,-1.32,0.568,-0.334,0.1807,1.0,1.0,0.545,0.846,2.391,0.02,track
4,1366,0.008,-0.533,-0.004,-0.078,-0.162,-1.32,0.566,-0.331,0.1797,1.0,1.0,0.551,0.842,2.394,0.044,track
4,1367,0.009,-0.533,-0.004,-0.078,-0.162,-1.32,0.564,-0.337,0.1768,1.0,1.0,0.547,0.83,2.377,0.032,track
4,1368,0.009,-0.533,-0.004,-0.078,-0.162,-1.32,0.564,-0.338,0.1787,1.0,1.0,0.546,0.838,2.384,0.057,track
4,1369,0.009,-0.533,-0.004,-0.078,-0.162,-1.32,0.564,-0.338,0.1787,1.0,1.0,0.546,0.838,2.384,0.035,track
4,1370,0.009,-0.533,-0.004,-0.078,-0.162,-1.32,0.562,-0.336,0.1777,1.0,1.0,0.552,0.834,2.386,0.032,track
4,1371,0.009,-0.533,-0.004,-0.078,-0.162,-1.32,0.564,-0.334,0.1787,1.0,1.0,0.551,0.838,2.389,0.023,track
4,1372,0.009,-0.533,-0.004,-0.078,-0.162,-1.32,0.562,-0.335,0.1797,1.0,1.0,0.555,0.842,2.397,0.022,track
4,1373,0.009,-0.533,-0.004,-0.078,-0.162,-1.32,0.563,-0.334,0.1807,1.0,1.0,0.554,0.846,2.4,0.017,track
4,1374,0.01,-0.533,-0.004,-0.078,-0.162,-1.32,0.562,-0.337,0.1826,1.0,1.0,0.552,0.854,2.406,0.02,track
4,1375,0.01,-0.533,-0.004,-0.078,-0.162,-1.32,0.565,-0.336,0.1836,1.0,1.0,0.547,0.858,2.405,0.017,track
4,1376,0.01,-0.533,-0.003,-0.078,-0.162,-1.32,0.565,-0.336,0.1836,1.0,1.0,0.547,0.858,2.405,0.023,track
4,1377,0.01,-0.533,-0.003,-0.078,-0.162,-1.32,0.566,-0.333,0.1826,1.0,1.0,0.548,0.854,2.402,0.016,track
4,1378,0.01,-0.533,-0.003,-0.078,-0.162,-1.32,0.567,-0.335,0.1836,1.0,1.0,0.544,0.858,2.402,0.01,track
4,1379,0.01,-0.533,-0.003,-0.078,-0.162,-1.32,0.569,-0.333,0.1826,1.0,1.0,0.544,0.854,2.398,0.012,track
4,1380,0.01,-0.533,-0.003,-0.078,-0.162,-1.32,0.569,-0.333,0.1826,1.0,1.0,0.544,0.854,2.398,0.016,track
4,1381,0.01,-0.533,-0.003,-0.078,-0.162,-1.32,0.569,-0.333,0.1826,1.0,1.0,0.544,0.854,2.398,0.01,track
4,1382,0.011,-0.533,-0.003,-0.078,-0.162,-1.32,0.569,-0.333,0.1826,1.0,1.0,0.544,0.854,2.398,0.014,track
4,1383,0.011,-0.533,-0.003,-0.078,-0.162,-1.32,0.569,-0.333,0.1826,1.0,1.0,0.544,0.854,2.398,0.009,track
4,1384,0.011,-0.533,-0.003,-0.078,-0.162,-1.32,0.57,-0.336,0.1836,1.0,1.0,0.538,0.858,2.396,0.011,track
4,1385,0.011,-0.533,-0.003,-0.078,-0.162,-1.32,0.57,-0.336,0.1836,1.0,1.0,0.538,0.858,2.396,0.017,track
4,1386,0.011,-0.533,-0.002,-0.078,-0.162,-1.32,0.57,-0.336,0.1836,1.0,1.0,0.538,0.858,2.396,0.02,track
4,1387,0.011,-0.533,-0.002,-0.078,-0.162,-1.32,0.57,-0.336,0.1836,1.0,1.0,0.538,0.858,2.396,0.014,track
4,1388,0.011,-0.533,-0.002,-0.078,-0.162,-1.32,0.571,-0.338,0.1846,1.0,1.0,0.535,0.862,2.397,0.015,track
4,1389,0.011,-0.533,-0.002,-0.078,-0.162,-1.32,0.571,-0.338,0.1846,1.0,1.0,0.535,0.862,2.396,0.019,track
4,1390,0.011,-0.533,-0.002,-0.078,-0.162,-1.32,0.571,-0.338,0.1846,1.0,1.0,0.535,0.862,2.397,0.02,track
4,1391,0.012,-0.533,-0.002,-0.078,-0.162,-1.32,0.571,-0.338,0.1846,1.0,1.0,0.535,0.862,2.396,0.016,track
4,1392,0.012,-0.533,-0.002,-0.078,-0.162,-1.32,0.571,-0.338,0.1846,1.0,1.0,0.535,0.862,2.396,0.016,track
4,1393,0.012,-0.533,-0.002,-0.078,-0.162,-1.32,0.571,-0.338,0.1846,1.0,1.0,0.535,0.862,2.396,0.013,track
4,1394,0.012,-0.533,-0.002,-0.078,-0.162,-1.32,0.571,-0.338,0.1846,1.0,1.0,0.535,0.862,2.396,0.013,track
4,1395,0.012,-0.533,-0.002,-0.078,-0.162,-1.32,0.571,-0.338,0.1846,1.0,1.0,0.535,0.862,2.396,0.01,track
4,1396,0.012,-0.533,-0.002,-0.078,-0.162,-1.32,0.573,-0.34,0.1855,1.0,1.0,0.528,0.866,2.394,0.011,track
4,1397,0.012,-0.532,-0.002,-0.078,-0.162,-1.32,0.573,-0.34,0.1855,1.0,1.0,0.528,0.866,2.394,0.019,track
4,1398,0.012,-0.532,-0.002,-0.078,-0.162,-1.32,0.573,-0.34,0.1855,1.0,1.0,0.528,0.866,2.394,0.02,track
4,1399,0.012,-0.532,-0.001,-0.078,-0.162,-1.32,0.573,-0.34,0.1855,1.0,1.0,0.528,0.866,2.394,0.016,track
4,1400,0.012,-0.532,-0.001,-0.078,-0.162,-1.32,0.573,-0.34,0.1855,1.0,1.0,0.528,0.866,2.394,0.016,track
4,1401,0.013,-0.532,-0.001,-0.078,-0.162,-1.32,0.573,-0.34,0.1855,1.0,1.0,0.528,0.866,2.394,0.013,track
4,1402,0.013,-0.532,-0.001,-0.078,-0.162,-1.32,0.573,-0.34,0.1855,1.0,1.0,0.528,0.866,2.394,0.013,track
4,1403,0.013,-0.532,-0.001,-0.078,-0.162,-1.32,0.573,-0.34,0.1855,1.0,1.0,0.528,0.866,2.394,0.01,track
4,1404,0.013,-0.532,-0.001,-0.078,-0.162,-1.32,0.573,-0.34,0.1855,1.0,1.0,0.528,0.866,2.394,0.01,track
4,1405,0.013,-0.532,-0.001,-0.078,-0.162,-1.32,0.573,-0.34,0.1855,1.0,1.0,0.528,0.866,2.394,0.008,track
4,1406,0.013,-0.532,-0.001,-0.078,-0.162,-1.32,0.573,-0.34,0.1855,1.0,1.0,0.528,0.866,2.394,0.008,track
4,1407,0.013,-0.532,-0.001,-0.078,-0.162,-1.32,0.575,-0.34,0.1875,1.0,1.0,0.524,0.873,2.397,0.007,track
4,1408,0.013,-0.532,-0.001,-0.078,-0.162,-1.32,0.573,-0.342,0.1865,1.0,1.0,0.526,0.869,2.395,0.008,track
4,1409,0.013,-0.532,-0.001,-0.078,-0.162,-1.32,0.573,-0.342,0.1865,1.0,1.0,0.526,0.869,2.395,0.012,track
4,1410,0.013,-0.532,-0.001,-0.078,-0.162,-1.32,0.575,-0.34,0.1875,1.0,1.0,0.524,0.873,2.397,0.01,track
4,1411,0.013,-0.532,-0.001,-0.078,-0.162,-1.32,0.573,-0.342,0.1865,1.0,1.0,0.526,0.869,2.395,0.01,track
4,1412,0.014,-0.532,-0.001,-0.078,-0.162,-1.32,0.573,-0.342,0.1865,1.0,1.0,0.526,0.869,2.395,0.008,track
4,1413,0.014,-0.532,-0.001,-0.078,-0.162,-1.32,0.575,-0.34,0.1875,1.0,1.0,0.524,0.873,2.397,0.007,track
4,1414,0.014,-0.532,-0.001,-0.078,-0.162,-1.32,0.573,-0.342,0.1865,1.0,1.0,0.526,0.869,2.395,0.009,track
4,1415,0.014,-0.532,-0.001,-0.078,-0.162,-1.32,0.573,-0.342,0.1865,1.0,1.0,0.526,0.869,2.395,0.01,track
4,1416,0.014,-0.532,-0.001,-0.078,-0.162,-1.32,0.575,-0.34,0.1875,1.0,1.0,0.524,0.873,2.397,0.01,track
4,1417,0.014,-0.532,-0.001,-0.078,-0.162,-1.32,0.573,-0.342,0.1865,1.0,1.0,0.526,0.869,2.395,0.009,track
4,1418,0.014,-0.532,-0.001,-0.078,-0.162,-1.32,0.573,-0.342,0.1865,1.0,1.0,0.526,0.869,2.395,0.009,track
4,1419,0.014,-0.532,-0.001,-0.078,-0.162,-1.32,0.575,-0.339,0.1865,1.0,1.0,0.526,0.869,2.396,0.008,track
4,1420,0.014,-0.532,-0.001,-0.078,-0.162,-1.32,0.575,-0.339,0.1865,1.0,1.0,0.526,0.869,2.396,0.01,track
4,1421,0.014,-0.532,-0.001,-0.078,-0.162,-1.32,0.575,-0.339,0.1865,1.0,1.0,0.526,0.869,2.396,0.013,track
4,1422,0.015,-0.532,-0.001,-0.078,-0.162,-1.32,0.575,-0.339,0.1865,1.0,1.0,0.526,0.869,2.396,0.011,track
4,1423,0.015,-0.532,-0.001,-0.078,-0.162,-1.32,0.575,-0.339,0.1865,1.0,1.0,0.526,0.869,2.396,0.012,track
4,1424,0.015,-0.532,-0.001,-0.078,-0.162,-1.32,0.575,-0.339,0.1865,1.0,1.0,0.526,0.869,2.396,0.01,track
4,1425,0.015,-0.532,-0.002,-0.078,-0.162,-1.32,0.575,-0.339,0.1865,1.0,1.0,0.526,0.869,2.396,0.011,track
4,1426,0.015,-0.532,-0.002,-0.078,-0.162,-1.32,0.575,-0.339,0.1865,1.0,1.0,0.526,0.869,2.396,0.01,track
4,1427,0.015,-0.532,-0.002,-0.078,-0.162,-1.32,0.575,-0.339,0.1865,1.0,1.0,0.526,0.869,2.396,0.01,track
4,1428,0.015,-0.532,-0.002,-0.078,-0.162,-1.32,0.575,-0.339,0.1865,1.0,1.0,0.526,0.869,2.396,0.009,track
4,1429,0.015,-0.532,-0.002,-0.078,-0.162,-1.32,0.575,-0.339,0.1865,1.0,1.0,0.526,0.869,2.396,0.009,track
4,1430,0.015,-0.532,-0.002,-0.078,-0.162,-1.32,0.575,-0.339,0.1865,1.0,1.0,0.526,0.869,2.396,0.008,track
4,1431,0.015,-0.532,-0.002,-0.078,-0.162,-1.32,0.575,-0.339,0.1865,1.0,1.0,0.526,0.869,2.396,0.008,track
4,1432,0.015,-0.531,-0.002,-0.078,-0.162,-1.32,0.575,-0.339,0.1865,1.0,1.0,0.526,0.869,2.396,0.007,track
4,1433,0.016,-0.531,-0.002,-0.078,-0.162,-1.32,0.575,-0.339,0.1865,1.0,1.0,0.526,0.869,2.396,0.007,track
4,1434,0.016,-0.531,-0.002,-0.078,-0.162,-1.32,0.573,-0.337,0.1855,1.0,1.0,0.532,0.866,2.398,0.007,track
4,1435,0.016,-0.531,-0.002,-0.078,-0.162,-1.32,0.573,-0.337,0.1855,1.0,1.0,0.532,0.866,2.398,0.01,track
4,1436,0.016,-0.531,-0.002,-0.078,-0.162,-1.32,0.572,-0.335,0.1846,1.0,1.0,0.535,0.862,2.397,0.014,track
4,1437,0.016,-0.531,-0.002,-0.078,-0.162,-1.32,0.572,-0.335,0.1846,1.0,1.0,0.535,0.862,2.397,0.017,track
4,1438,0.016,-0.531,-0.003,-0.078,-0.162,-1.32,0.572,-0.335,0.1846,1.0,1.0,0.535,0.862,2.397,0.02,track
4,1439,0.016,-0.531,-0.003,-0.078,-0.162,-1.32,0.572,-0.335,0.1846,1.0,1.0,0.535,0.862,2.397,0.015,track
4,1440,0.016,-0.531,-0.003,-0.078,-0.162,-1.32,0.569,-0.34,0.1865,1.0,1.0,0.536,0.869,2.405,0.016,track
4,1441,0.016,-0.531,-0.003,-0.078,-0.162,-1.32,0.567,-0.337,0.1855,1.0,1.0,0.541,0.866,2.407,0.015,track
4,1442,0.017,-0.531,-0.003,-0.078,-0.162,-1.32,0.565,-0.337,0.1865,1.0,1.0,0.545,0.869,2.414,0.014,track
4,1443,0.017,-0.531,-0.003,-0.078,-0.162,-1.32,0.565,-0.337,0.1865,1.0,1.0,0.545,0.869,2.414,0.022,track
4,1444,0.017,-0.531,-0.003,-0.078,-0.162,-1.32,0.563,-0.333,0.1846,1.0,1.0,0.554,0.862,2.415,0.017,track
4,1445,0.017,-0.531,-0.003,-0.078,-0.162,-1.32,0.563,-0.332,0.1836,1.0,1.0,0.554,0.858,2.412,0.018,track
4,1446,0.017,-0.531,-0.004,-0.078,-0.162,-1.32,0.563,-0.332,0.1836,1.0,1.0,0.554,0.858,2.412,0.016,track
4,1447,0.017,-0.531,-0.004,-0.078,-0.162,-1.32,0.563,-0.332,0.1836,1.0,1.0,0.554,0.858,2.412,0.011,track
4,1448,0.017,-0.531,-0.004,-0.078,-0.162,-1.32,0.562,-0.33,0.1826,1.0,1.0,0.559,0.854,2.413,0.011,track
4,1449,0.017,-0.531,-0.004,-0.078,-0.162,-1.32,0.562,-0.33,0.1816,1.0,1.0,0.56,0.85,2.41,0.013,track
4,1450,0.017,-0.531,-0.004,-0.078,-0.162,-1.32,0.562,-0.33,0.1816,1.0,1.0,0.56,0.85,2.41,0.016,track
4,1451,0.018,-0.531,-0.004,-0.078,-0.162,-1.32,0.561,-0.33,0.1797,1.0,1.0,0.562,0.842,2.404,0.01,track
4,1452,0.018,-0.531,-0.005,-0.078,-0.162,-1.32,0.561,-0.33,0.1797,1.0,1.0,0.562,0.842,2.404,0.016,track
4,1453,0.018,-0.531,-0.005,-0.078,-0.162,-1.32,0.561,-0.33,0.1797,1.0,1.0,0.562,0.842,2.404,0.016,track
4,1454,0.018,-0.531,-0.005,-0.078,-0.162,-1.32,0.559,-0.33,0.1807,1.0,1.0,0.566,0.846,2.412,0.015,track
4,1455,0.018,-0.531,-0.005,-0.078,-0.162,-1.32,0.558,-0.327,0.1797,1.0,1.0,0.57,0.842,2.412,0.005,track
4,1456,0.018,-0.531,-0.005,-0.078,-0.162,-1.32,0.558,-0.327,0.1797,1.0,1.0,0.57,0.842,2.412,0.008,track
4,1457,0.018,-0.531,-0.005,-0.078,-0.162,-1.32,0.558,-0.327,0.1797,1.0,1.0,0.57,0.842,2.412,0.014,track
4,1458,0.018,-0.531,-0.005,-0.078,-0.162,-1.32,0.557,-0.327,0.1777,1.0,1.0,0.573,0.834,2.407,0.008,track
4,1459,0.018,-0.531,-0.006,-0.078,-0.162,-1.32,0.555,-0.328,0.1787,1.0,1.0,0.576,0.838,2.414,0.013,track
4,1460,0.019,-0.531,-0.006,-0.078,-0.162,-1.32,0.553,-0.33,0.1797,1.0,1.0,0.576,0.842,2.418,0.005,track
4,1461,0.019,-0.531,-0.006,-0.078,-0.162,-1.32,0.551,-0.334,0.1787,1.0,1.0,0.576,0.838,2.414,0.008,track
4,1462,0.019,-0.531,-0.006,-0.078,-0.162,-1.32,0.551,-0.334,0.1787,1.0,1.0,0.576,0.838,2.414,0.007,track
4,1463,0.019,-0.531,-0.006,-0.078,-0.162,-1.32,0.551,-0.334,0.1787,1.0,1.0,0.576,0.838,2.414,0.011,track
4,1464,0.019,-0.531,-0.006,-0.078,-0.162,-1.32,0.551,-0.334,0.1787,1.0,1.0,0.576,0.838,2.414,0.013,track
4,1465,0.019,-0.531,-0.006,-0.078,-0.162,-1.32,0.551,-0.334,0.1787,1.0,1.0,0.576,0.838,2.414,0.012,track
4,1466,0.019,-0.531,-0.006,-0.078,-0.162,-1.32,0.553,-0.334,0.1777,1.0,1.0,0.572,0.834,2.406,0.014,track
4,1467,0.019,-0.531,-0.006,-0.078,-0.162,-1.32,0.553,-0.333,0.1768,1.0,1.0,0.574,0.83,2.404,0.018,track
4,1468,0.019,-0.531,-0.007,-0.078,-0.162,-1.32,0.553,-0.333,0.1768,1.0,1.0,0.574,0.83,2.404,0.017,track
4,1469,0.019,-0.531,-0.007,-0.078,-0.162,-1.32,0.549,-0.331,0.1748,1.0,1.0,0.583,0.822,2.405,0.016,track
4,1470,0.02,-0.531,-0.007,-0.078,-0.162,-1.32,0.551,-0.33,0.1758,1.0,1.0,0.581,0.826,2.407,0.02,track
4,1471,0.02,-0.531,-0.007,-0.078,-0.162,-1.32,0.551,-0.33,0.1758,1.0,1.0,0.581,0.826,2.407,0.027,track
4,1472,0.02,-0.531,-0.007,-0.078,-0.162,-1.32,0.549,-0.333,0.1748,1.0,1.0,0.58,0.822,2.402,0.024,track
4,1473,0.02,-0.531,-0.007,-0.078,-0.162,-1.32,0.549,-0.333,0.1748,1.0,1.0,0.58,0.822,2.402,0.025,track
4,1474,0.02,-0.531,-0.007,-0.078,-0.162,-1.32,0.547,-0.33,0.1738,1.0,1.0,0.587,0.818,2.405,0.021,track
4,1475,0.02,-0.531,-0.007,-0.078,-0.162,-1.32,0.547,-0.33,0.1738,1.0,1.0,0.587,0.818,2.405,0.012,track
4,1476,0.02,-0.531,-0.007,-0.078,-0.162,-1.32,0.547,-0.33,0.1738,1.0,1.0,0.587,0.818,2.405,0.014,track
4,1477,0.02,-0.531,-0.007,-0.078,-0.162,-1.32,0.549,-0.329,0.1748,1.0,1.0,0.586,0.822,2.408,0.01,track
4,1478,0.02,-0.531,-0.007,-0.078,-0.162,-1.32,0.549,-0.329,0.1748,1.0,1.0,0.586,0.822,2.408,0.011,track
4,1479,0.02,-0.531,-0.007,-0.078,-0.162,-1.32,0.549,-0.329,0.1748,1.0,1.0,0.586,0.822,2.408,0.007,track
4,1480,0.02,-0.531,-0.007,-0.078,-0.162,-1.32,0.549,-0.329,0.1748,1.0,1.0,0.586,0.822,2.408,0.009,track
4,1481,0.02,-0.532,-0.006,-0.078,-0.162,-1.32,0.551,-0.329,0.1738,1.0,1.0,0.583,0.818,2.4,0.007,track
4,1482,0.021,-0.532,-0.006,-0.078,-0.162,-1.32,0.551,-0.329,0.1738,1.0,1.0,0.583,0.818,2.4,0.017,track
4,1483,0.021,-0.532,-0.006,-0.078,-0.162,-1.32,0.552,-0.33,0.1758,1.0,1.0,0.579,0.826,2.405,0.012,track
4,1484,0.021,-0.532,-0.006,-0.078,-0.162,-1.32,0.553,-0.327,0.1748,1.0,1.0,0.579,0.822,2.401,0.008,track
4,1485,0.021,-0.532,-0.006,-0.078,-0.162,-1.32,0.553,-0.327,0.1748,1.0,1.0,0.579,0.822,2.401,0.015,track
4,1486,0.021,-0.532,-0.006,-0.078,-0.162,-1.32,0.553,-0.327,0.1748,1.0,1.0,0.579,0.822,2.401,0.011,track
4,1487,0.021,-0.532,-0.006,-0.078,-0.162,-1.32,0.553,-0.327,0.1748,1.0,1.0,0.579,0.822,2.401,0.011,track
4,1488,0.021,-0.532,-0.006,-0.078,-0.162,-1.32,0.554,-0.327,0.1758,1.0,1.0,0.579,0.826,2.404,0.01,track
4,1489,0.021,-0.532,-0.006,-0.078,-0.162,-1.32,0.554,-0.327,0.1758,1.0,1.0,0.579,0.826,2.404,0.009,track
4,1490,0.021,-0.532,-0.006,-0.078,-0.162,-1.32,0.554,-0.327,0.1758,1.0,1.0,0.579,0.826,2.404,0.006,track
4,1491,0.021,-0.533,-0.006,-0.078,-0.162,-1.32,0.554,-0.327,0.1758,1.0,1.0,0.579,0.826,2.404,0.007,track
4,1492,0.021,-0.533,-0.005,-0.078,-0.162,-1.32,0.556,-0.334,0.1768,1.0,1.0,0.566,0.83,2.396,0.005,track
4,1493,0.021,-0.533,-0.005,-0.078,-0.162,-1.32,0.556,-0.334,0.1768,1.0,1.0,0.566,0.83,2.396,0.013,track
4,1494,0.021,-0.533,-0.005,-0.078,-0.162,-1.32,0.558,-0.334,0.1758,1.0,1.0,0.562,0.826,2.388,0.02,track
4,1495,0.021,-0.533,-0.005,-0.078,-0.162,-1.32,0.558,-0.334,0.1758,1.0,1.0,0.562,0.826,2.388,0.019,track
4,1496,0.021,-0.533,-0.005,-0.078,-0.162,-1.32,0.558,-0.334,0.1758,1.0,1.0,0.562,0.826,2.388,0.018,track
4,1497,0.021,-0.533,-0.005,-0.078,-0.162,-1.32,0.558,-0.334,0.1758,1.0,1.0,0.562,0.826,2.388,0.015,track
4,1498,0.021,-0.533,-0.005,-0.078,-0.162,-1.32,0.558,-0.337,0.1748,1.0,1.0,0.558,0.822,2.38,0.014,track
4,1499,0.021,-0.533,-0.004,-0.078,-0.162,-1.32,0.559,-0.338,0.1758,1.0,1.0,0.557,0.826,2.383,0.021,track
4,1500,0.021,-0.534,-0.004,-0.078,-0.162,-1.32,0.561,-0.343,0.1777,1.0,1.0,0.545,0.834,2.379,0.02,track
4,1501,0.022,-0.534,-0.004,-0.078,-0.162,-1.32,0.565,-0.342,0.1758,1.0,1.0,0.54,0.826,2.366,0.026,track
4,1502,0.022,-0.534,-0.004,-0.078,-0.162,-1.32,0.566,-0.345,0.1748,1.0,1.0,0.535,0.822,2.357,0.046,track
4,1503,0.022,-0.534,-0.003,-0.078,-0.162,-1.32,0.566,-0.345,0.1748,1.0,1.0,0.535,0.822,2.357,0.041,track
4,1504,0.022,-0.534,-0.003,-0.078,-0.162,-1.32,0.567,-0.345,0.1758,1.0,1.0,0.534,0.826,2.36,0.037,track
4,1505,0.022,-0.534,-0.003,-0.078,-0.162,-1.32,0.569,-0.346,0.1777,1.0,1.0,0.529,0.834,2.363,0.031,track
4,1506,0.022,-0.534,-0.002,-0.078,-0.162,-1.32,0.569,-0.349,0.1777,1.0,1.0,0.525,0.834,2.359,0.031,track
4,1507,0.022,-0.534,-0.002,-0.078,-0.162,-1.32,0.57,-0.348,0.1787,1.0,1.0,0.524,0.838,2.362,0.027,track
4,1508,0.022,-0.535,-0.002,-0.078,-0.162,-1.32,0.572,-0.353,0.1797,1.0,1.0,0.516,0.842,2.358,0.03,track
4,1509,0.022,-0.535,-0.001,-0.078,-0.162,-1.32,0.572,-0.353,0.1797,1.0,1.0,0.516,0.842,2.358,0.029,track
4,1510,0.022,-0.535,-0.001,-0.078,-0.162,-1.32,0.572,-0.353,0.1797,1.0,1.0,0.516,0.842,2.358,0.032,track
4,1511,0.022,-0.535,-0.0,-0.078,-0.162,-1.32,0.573,-0.354,0.1807,1.0,1.0,0.513,0.846,2.359,0.021,track
4,1512,0.022,-0.535,-0.0,-0.078,-0.162,-1.32,0.575,-0.352,0.1797,1.0,1.0,0.512,0.842,2.354,0.023,track
4,1513,0.022,-0.535,0.0,-0.078,-0.162,-1.32,0.575,-0.352,0.1797,1.0,1.0,0.512,0.842,2.354,0.017,track
4,1514,0.022,-0.535,0.001,-0.078,-0.162,-1.32,0.576,-0.356,0.1797,1.0,1.0,0.505,0.842,2.347,0.011,track
4,1515,0.022,-0.535,0.001,-0.078,-0.162,-1.32,0.578,-0.355,0.1816,1.0,1.0,0.503,0.85,2.353,0.018,track
4,1516,0.022,-0.535,0.002,-0.078,-0.162,-1.32,0.579,-0.356,0.1826,1.0,1.0,0.501,0.854,2.355,0.011,track
4,1517,0.022,-0.535,0.002,-0.078,-0.162,-1.32,0.58,-0.358,0.1836,1.0,1.0,0.496,0.858,2.354,0.009,track
4,1518,0.022,-0.536,0.003,-0.078,-0.162,-1.32,0.582,-0.36,0.1846,1.0,1.0,0.491,0.862,2.353,0.008,track
4,1519,0.022,-0.536,0.003,-0.078,-0.162,-1.32,0.587,-0.357,0.1875,1.0,1.0,0.486,0.873,2.359,0.011,track
4,1520,0.022,-0.536,0.003,-0.078,-0.162,-1.32,0.593,-0.358,0.1875,1.0,1.0,0.474,0.873,2.346,0.032,track
4,1521,0.022,-0.536,0.004,-0.078,-0.162,-1.32,0.593,-0.358,0.1875,1.0,1.0,0.474,0.873,2.346,0.016,track
4,1522,0.022,-0.536,0.004,-0.078,-0.162,-1.32,0.594,-0.354,0.1904,1.0,1.0,0.476,0.884,2.36,0.014,track
4,1523,0.022,-0.536,0.005,-0.078,-0.162,-1.32,0.597,-0.353,0.1885,1.0,1.0,0.473,0.877,2.349,0.031,track
4,1524,0.022,-0.536,0.005,-0.078,-0.162,-1.32,0.599,-0.352,0.1904,1.0,1.0,0.471,0.884,2.355,0.028,track
4,1525,0.021,-0.536,0.005,-0.078,-0.162,-1.32,0.599,-0.352,0.1904,1.0,1.0,0.471,0.884,2.355,0.03,track
4,1526,0.021,-0.536,0.006,-0.078,-0.162,-1.32,0.601,-0.351,0.1895,1.0,1.0,0.469,0.88,2.349,0.029,track
4,1527,0.021,-0.536,0.006,-0.078,-0.162,-1.32,0.602,-0.349,0.1895,1.0,1.0,0.468,0.88,2.348,0.03,track
4,1528,0.021,-0.536,0.006,-0.078,-0.162,-1.32,0.603,-0.351,0.1904,1.0,1.0,0.464,0.884,2.348,0.025,track
4,1529,0.021,-0.536,0.007,-0.078,-0.162,-1.32,0.603,-0.351,0.1904,1.0,1.0,0.464,0.884,2.348,0.032,track
4,1530,0.021,-0.536,0.007,-0.078,-0.162,-1.32,0.606,-0.349,0.1943,1.0,1.0,0.462,0.898,2.36,0.021,track
4,1531,0.021,-0.536,0.007,-0.078,-0.162,-1.32,0.606,-0.348,0.1963,1.0,1.0,0.462,0.905,2.366,0.04,track
4,1532,0.021,-0.536,0.007,-0.078,-0.162,-1.32,0.606,-0.348,0.1963,1.0,1.0,0.462,0.905,2.366,0.036,track
4,1533,0.021,-0.536,0.008,-0.078,-0.162,-1.32,0.606,-0.348,0.1963,1.0,1.0,0.462,0.905,2.366,0.038,track
4,1534,0.021,-0.536,0.008,-0.078,-0.162,-1.32,0.606,-0.348,0.1963,1.0,1.0,0.462,0.905,2.366,0.032,track
4,1535,0.021,-0.536,0.008,-0.078,-0.162,-1.32,0.607,-0.349,0.1973,1.0,1.0,0.46,0.908,2.367,0.036,track
4,1536,0.021,-0.536,0.008,-0.078,-0.162,-1.32,0.607,-0.349,0.1973,1.0,1.0,0.46,0.908,2.367,0.031,track
4,1537,0.021,-0.536,0.008,-0.078,-0.162,-1.32,0.607,-0.346,0.1982,1.0,1.0,0.463,0.911,2.374,0.032,track
4,1538,0.021,-0.536,0.008,-0.078,-0.162,-1.32,0.607,-0.346,0.1982,1.0,1.0,0.463,0.911,2.374,0.039,track
4,1539,0.021,-0.536,0.008,-0.078,-0.162,-1.32,0.606,-0.343,0.1992,1.0,1.0,0.467,0.914,2.381,0.04,track
4,1540,0.021,-0.536,0.008,-0.078,-0.162,-1.32,0.606,-0.343,0.1992,1.0,1.0,0.467,0.914,2.381,0.044,track
4,1541,0.021,-0.536,0.008,-0.078,-0.162,-1.32,0.606,-0.343,0.1992,1.0,1.0,0.467,0.914,2.381,0.047,track
4,1542,0.021,-0.536,0.008,-0.078,-0.162,-1.32,0.606,-0.343,0.1992,1.0,1.0,0.467,0.914,2.381,0.046,track
4,1543,0.021,-0.536,0.007,-0.078,-0.162,-1.32,0.606,-0.343,0.1992,1.0,1.0,0.467,0.914,2.381,0.045,track
4,1544,0.021,-0.536,0.007,-0.078,-0.162,-1.32,0.606,-0.342,0.1982,1.0,1.0,0.469,0.911,2.38,0.044,track
4,1545,0.021,-0.535,0.007,-0.078,-0.162,-1.32,0.606,-0.342,0.1982,1.0,1.0,0.469,0.911,2.38,0.044,track
4,1546,0.021,-0.535,0.007,-0.078,-0.162,-1.32,0.606,-0.342,0.1982,1.0,1.0,0.469,0.911,2.38,0.046,track
4,1547,0.021,-0.535,0.007,-0.078,-0.162,-1.32,0.601,-0.34,0.2012,1.0,1.0,0.479,0.921,2.399,0.044,track
4,1548,0.021,-0.535,0.006,-0.078,-0.162,-1.32,0.601,-0.34,0.2012,1.0,1.0,0.479,0.921,2.399,0.057,track
4,1549,0.021,-0.535,0.006,-0.078,-0.162,-1.32,0.595,-0.339,0.1982,1.0,1.0,0.489,0.911,2.4,0.051,track
4,1550,0.022,-0.535,0.006,-0.078,-0.162,-1.32,0.595,-0.339,0.1982,1.0,1.0,0.489,0.911,2.4,0.052,track
4,1551,0.022,-0.535,0.005,-0.078,-0.162,-1.32,0.595,-0.339,0.1982,1.0,1.0,0.489,0.911,2.4,0.053,track
4,1552,0.022,-0.535,0.005,-0.078,-0.162,-1.32,0.594,-0.338,0.1973,1.0,1.0,0.492,0.908,2.4,0.045,track
4,1553,0.022,-0.534,0.004,-0.078,-0.162,-1.32,0.593,-0.339,0.1982,1.0,1.0,0.494,0.911,2.405,0.045,track
4,1554,0.022,-0.534,0.004,-0.078,-0.162,-1.32,0.591,-0.341,0.1982,1.0,1.0,0.495,0.911,2.406,0.044,track
4,1555,0.022,-0.534,0.003,-0.078,-0.162,-1.32,0.591,-0.341,0.1982,1.0,1.0,0.495,0.911,2.406,0.037,track
4,1556,0.022,-0.534,0.003,-0.078,-0.162,-1.32,0.589,-0.344,0.1963,1.0,1.0,0.496,0.905,2.4,0.033,track
4,1557,0.022,-0.534,0.002,-0.078,-0.162,-1.32,0.587,-0.342,0.1953,1.0,1.0,0.501,0.901,2.402,0.026,track
4,1558,0.022,-0.534,0.002,-0.078,-0.162,-1.32,0.581,-0.342,0.1943,1.0,1.0,0.511,0.898,2.409,0.023,track
4,1559,0.022,-0.533,0.001,-0.078,-0.162,-1.32,0.581,-0.342,0.1943,1.0,1.0,0.511,0.898,2.409,0.026,track
4,1560,0.022,-0.533,0.001,-0.078,-0.162,-1.32,0.58,-0.339,0.1924,1.0,1.0,0.516,0.891,2.407,0.033,track
4,1561,0.022,-0.533,0.0,-0.078,-0.162,-1.32,0.58,-0.339,0.1924,1.0,1.0,0.516,0.891,2.407,0.044,track
4,1562,0.023,-0.533,-0.0,-0.078,-0.162,-1.32,0.579,-0.342,0.1934,1.0,1.0,0.516,0.895,2.41,0.063,track
4,1563,0.023,-0.533,-0.001,-0.078,-0.162,-1.32,0.577,-0.341,0.1914,1.0,1.0,0.519,0.888,2.406,0.059,track
4,1564,0.023,-0.533,-0.001,-0.078,-0.162,-1.32,0.573,-0.344,0.1924,1.0,1.0,0.524,0.891,2.415,0.062,track
4,1565,0.023,-0.533,-0.001,-0.078,-0.162,-1.32,0.571,-0.343,0.1904,1.0,1.0,0.528,0.884,2.412,0.065,track
4,1566,0.023,-0.532,-0.002,-0.078,-0.162,-1.32,0.568,-0.342,0.1885,1.0,1.0,0.536,0.877,2.413,0.078,track
4,1567,0.023,-0.532,-0.002,-0.078,-0.162,-1.32,0.565,-0.337,0.1865,1.0,1.0,0.545,0.869,2.414,0.1,track
4,1568,0.023,-0.532,-0.003,-0.078,-0.162,-1.32,0.562,-0.338,0.1846,1.0,1.0,0.549,0.862,2.411,0.105,track
4,1569,0.023,-0.532,-0.003,-0.078,-0.162,-1.32,0.56,-0.333,0.1816,1.0,1.0,0.558,0.85,2.408,0.12,track
4,1570,0.023,-0.532,-0.004,-0.078,-0.162,-1.32,0.56,-0.333,0.1816,1.0,1.0,0.558,0.85,2.408,0.124,track
4,1571,0.024,-0.532,-0.004,-0.078,-0.162,-1.32,0.556,-0.336,0.1826,1.0,0.999,0.563,0.854,2.417,0.133,track
4,1572,0.024,-0.532,-0.004,-0.078,-0.162,-1.32,0.554,-0.337,0.1807,1.0,1.0,0.566,0.846,2.412,0.163,track
4,1573,0.024,-0.532,-0.005,-0.078,-0.162,-1.32,0.554,-0.337,0.1807,1.0,0.999,0.566,0.846,2.412,0.18,track
4,1574,0.024,-0.532,-0.005,-0.078,-0.162,-1.32,0.554,-0.336,0.1797,1.0,0.999,0.568,0.842,2.409,0.213,track
4,1575,0.024,-0.531,-0.006,-0.078,-0.162,-1.32,0.552,-0.343,0.1797,1.0,0.999,0.563,0.842,2.405,0.238,track
4,1576,0.024,-0.531,-0.006,-0.078,-0.162,-1.32,0.552,-0.343,0.1797,1.0,0.999,0.563,0.842,2.405,0.265,track
4,1577,0.024,-0.531,-0.006,-0.078,-0.162,-1.32,0.549,-0.339,0.1777,1.0,0.999,0.573,0.834,2.406,0.257,track
4,1578,0.024,-0.531,-0.006,-0.078,-0.162,-1.32,0.548,-0.336,0.1768,1.0,0.999,0.58,0.83,2.409,0.242,track
4,1579,0.025,-0.531,-0.007,-0.078,-0.162,-1.32,0.543,-0.34,0.1738,1.0,0.999,0.584,0.818,2.4,0.262,track
4,1580,0.025,-0.531,-0.007,-0.078,-0.162,-1.32,0.537,-0.34,0.1729,1.0,0.999,0.595,0.813,2.407,0.269,track
4,1581,0.025,-0.531,-0.007,-0.078,-0.162,-1.32,0.535,-0.34,0.1719,1.0,0.999,0.599,0.809,2.407,0.267,track
4,1582,0.025,-0.531,-0.007,-0.078,-0.162,-1.32,0.535,-0.34,0.1719,1.0,0.999,0.599,0.809,2.407,0.275,track
4,1583,0.025,-0.531,-0.008,-0.078,-0.162,-1.32,0.535,-0.34,0.1719,1.0,0.999,0.599,0.809,2.407,0.262,track
4,1584,0.025,-0.531,-0.008,-0.078,-0.162,-1.32,0.534,-0.338,0.1709,1.0,0.999,0.603,0.805,2.406,0.257,track
4,1585,0.025,-0.531,-0.008,-0.078,-0.162,-1.32,0.534,-0.338,0.1709,1.0,0.999,0.603,0.805,2.406,0.267,track
4,1586,0.025,-0.531,-0.008,-0.078,-0.162,-1.32,0.534,-0.342,0.1699,1.0,0.999,0.598,0.8,2.398,0.264,track
4,1587,0.025,-0.531,-0.008,-0.078,-0.162,-1.32,0.534,-0.342,0.1699,1.0,0.999,0.598,0.8,2.398,0.248,track
4,1588,0.025,-0.531,-0.008,-0.078,-0.162,-1.32,0.534,-0.345,0.1689,1.0,0.999,0.594,0.796,2.39,0.245,track
4,1589,0.025,-0.531,-0.008,-0.078,-0.162,-1.32,0.534,-0.345,0.1689,1.0,0.999,0.594,0.796,2.39,0.228,track
4,1590,0.026,-0.531,-0.008,-0.078,-0.162,-1.32,0.535,-0.343,0.167,1.0,0.999,0.594,0.787,2.381,0.223,track
4,1591,0.026,-0.531,-0.009,-0.078,-0.162,-1.32,0.535,-0.343,0.167,1.0,0.999,0.594,0.787,2.381,0.226,track
4,1592,0.026,-0.531,-0.009,-0.078,-0.162,-1.32,0.536,-0.346,0.166,1.0,0.999,0.589,0.783,2.371,0.217,track
4,1593,0.026,-0.531,-0.008,-0.078,-0.162,-1.32,0.536,-0.346,0.166,1.0,1.0,0.589,0.783,2.372,0.202,track
4,1594,0.026,-0.531,-0.008,-0.078,-0.162,-1.32,0.536,-0.346,0.166,1.0,0.999,0.589,0.783,2.372,0.195,track
4,1595,0.026,-0.531,-0.008,-0.078,-0.162,-1.32,0.537,-0.349,0.167,1.0,1.0,0.586,0.787,2.372,0.188,track
4,1596,0.026,-0.531,-0.008,-0.078,-0.162,-1.32,0.537,-0.348,0.168,1.0,0.999,0.585,0.792,2.376,0.188,track
4,1597,0.026,-0.531,-0.008,-0.078,-0.162,-1.32,0.537,-0.348,0.168,1.0,1.0,0.585,0.792,2.376,0.182,track
4,1598,0.026,-0.531,-0.008,-0.078,-0.162,-1.32,0.537,-0.348,0.168,1.0,0.999,0.585,0.792,2.376,0.172,track
4,1599,0.026,-0.531,-0.008,-0.078,-0.162,-1.32,0.537,-0.348,0.168,1.0,1.0,0.585,0.792,2.376,0.172,track
4,1600,0.026,-0.531,-0.007,-0.078,-0.162,-1.32,0.537,-0.348,0.168,1.0,0.999,0.585,0.792,2.376,0.167,track
4,1601,0.026,-0.531,-0.007,-0.078,-0.162,-1.32,0.537,-0.348,0.168,1.0,1.0,0.585,0.792,2.376,0.169,track
4,1602,0.026,-0.531,-0.007,-0.078,-0.162,-1.32,0.538,-0.35,0.1689,1.0,0.999,0.581,0.796,2.377,0.168,track
4,1603,0.026,-0.531,-0.007,-0.078,-0.162,-1.32,0.54,-0.35,0.168,1.0,1.0,0.579,0.792,2.37,0.159,track
4,1604,0.026,-0.531,-0.007,-0.078,-0.162,-1.32,0.54,-0.35,0.168,1.0,1.0,0.579,0.792,2.37,0.156,track
4,1605,0.026,-0.531,-0.006,-0.078,-0.162,-1.32,0.54,-0.35,0.168,1.0,1.0,0.579,0.792,2.37,0.155,track
4,1606,0.026,-0.531,-0.006,-0.078,-0.162,-1.32,0.542,-0.35,0.1699,1.0,1.0,0.574,0.8,2.374,0.148,track
4,1607,0.026,-0.531,-0.006,-0.078,-0.162,-1.32,0.543,-0.353,0.1689,1.0,1.0,0.569,0.796,2.365,0.127,track
4,1608,0.026,-0.532,-0.006,-0.078,-0.162,-1.32,0.543,-0.353,0.1689,1.0,1.0,0.569,0.796,2.364,0.117,track
4,1609,0.026,-0.532,-0.005,-0.078,-0.162,-1.32,0.543,-0.353,0.1689,1.0,1.0,0.569,0.796,2.365,0.106,track
4,1610,0.026,-0.532,-0.005,-0.078,-0.162,-1.32,0.545,-0.355,0.1689,1.0,1.0,0.562,0.796,2.357,0.093,track
4,1611,0.026,-0.532,-0.005,-0.078,-0.162,-1.32,0.547,-0.354,0.1699,1.0,1.0,0.56,0.8,2.36,0.073,track
4,1612,0.026,-0.532,-0.004,-0.078,-0.162,-1.32,0.549,-0.36,0.1699,1.0,1.0,0.55,0.8,2.35,0.062,track
4,1613,0.026,-0.532,-0.004,-0.078,-0.162,-1.32,0.55,-0.36,0.1719,1.0,1.0,0.547,0.809,2.356,0.057,track
4,1614,0.026,-0.532,-0.003,-0.078,-0.162,-1.32,0.557,-0.355,0.1719,1.0,1.0,0.54,0.809,2.349,0.043,track
4,1615,0.026,-0.532,-0.003,-0.078,-0.162,-1.32,0.559,-0.355,0.1719,1.0,1.0,0.536,0.809,2.345,0.063,track
4,1616,0.026,-0.532,-0.002,-0.078,-0.162,-1.32,0.562,-0.356,0.1729,1.0,1.0,0.53,0.813,2.343,0.03,track
4,1617,0.026,-0.532,-0.002,-0.078,-0.162,-1.32,0.563,-0.358,0.1738,1.0,1.0,0.526,0.818,2.343,0.034,track
4,1618,0.026,-0.532,-0.001,-0.078,-0.162,-1.32,0.565,-0.361,0.1748,1.0,1.0,0.52,0.822,2.341,0.03,track
4,1619,0.026,-0.533,-0.001,-0.078,-0.162,-1.32,0.567,-0.366,0.1768,1.0,1.0,0.51,0.83,2.34,0.034,track
4,1620,0.026,-0.533,-0.0,-0.078,-0.162,-1.32,0.567,-0.366,0.1768,1.0,1.0,0.51,0.83,2.34,0.035,track
4,1621,0.026,-0.533,0.0,-0.078,-0.162,-1.32,0.571,-0.367,0.1777,1.0,1.0,0.502,0.834,2.336,0.038,track
4,1622,0.025,-0.533,0.001,-0.078,-0.162,-1.32,0.571,-0.367,0.1777,1.0,1.0,0.502,0.834,2.336,0.027,track
4,1623,0.025,-0.533,0.001,-0.078,-0.162,-1.32,0.578,-0.361,0.1807,1.0,1.0,0.496,0.846,2.342,0.029,track
4,1624,0.025,-0.533,0.002,-0.078,-0.162,-1.32,0.579,-0.361,0.1816,1.0,1.0,0.495,0.85,2.345,0.043,track
4,1625,0.025,-0.533,0.002,-0.078,-0.162,-1.32,0.58,-0.362,0.1836,1.0,1.0,0.491,0.858,2.349,0.015,track
4,1626,0.025,-0.533,0.003,-0.078,-0.162,-1.32,0.58,-0.362,0.1836,1.0,1.0,0.491,0.858,2.349,0.024,track
4,1627,0.025,-0.533,0.003,-0.078,-0.162,-1.32,0.583,-0.364,0.1846,1.0,1.0,0.484,0.862,2.346,0.033,track
4,1628,0.025,-0.533,0.004,-0.078,-0.162,-1.32,0.586,-0.365,0.1846,1.0,1.0,0.479,0.862,2.341,0.02,track
4,1629,0.025,-0.533,0.004,-0.078,-0.162,-1.32,0.587,-0.364,0.1865,1.0,1.0,0.478,0.869,2.347,0.023,track
4,1630,0.025,-0.534,0.005,-0.078,-0.162,-1.32,0.589,-0.366,0.1875,1.0,1.0,0.473,0.873,2.346,0.025,track
4,1631,0.025,-0.534,0.005,-0.078,-0.162,-1.32,0.593,-0.369,0.1895,1.0,1.0,0.463,0.88,2.343,0.018,track
4,1632,0.024,-0.534,0.006,-0.078,-0.162,-1.32,0.596,-0.365,0.1875,1.0,1.0,0.462,0.873,2.334,0.017,track
4,1633,0.024,-0.534,0.006,-0.078,-0.162,-1.32,0.596,-0.365,0.1875,1.0,1.0,0.462,0.873,2.334,0.04,track
4,1634,0.024,-0.534,0.007,-0.078,-0.162,-1.32,0.598,-0.363,0.1895,1.0,1.0,0.461,0.88,2.341,0.028,track
4,1635,0.024,-0.534,0.007,-0.078,-0.162,-1.32,0.598,-0.363,0.1895,1.0,1.0,0.461,0.88,2.341,0.028,track
4,1636,0.024,-0.534,0.007,-0.078,-0.162,-1.32,0.601,-0.358,0.1904,1.0,1.0,0.461,0.884,2.345,0.028,track
4,1637,0.024,-0.534,0.008,-0.078,-0.162,-1.32,0.601,-0.358,0.1904,1.0,1.0,0.461,0.884,2.345,0.045,track
4,1638,0.024,-0.534,0.008,-0.078,-0.162,-1.32,0.603,-0.361,0.1924,1.0,1.0,0.455,0.891,2.346,0.04,track
4,1639,0.024,-0.534,0.008,-0.078,-0.162,-1.32,0.605,-0.354,0.1953,1.0,1.0,0.458,0.901,2.359,0.04,track
4,1640,0.024,-0.534,0.009,-0.078,-0.162,-1.32,0.606,-0.351,0.1943,1.0,1.0,0.46,0.898,2.358,0.055,track
4,1641,0.023,-0.534,0.009,-0.078,-0.162,-1.32,0.607,-0.353,0.1953,1.0,1.0,0.455,0.901,2.356,0.05,track
4,1642,0.023,-0.534,0.009,-0.078,-0.162,-1.32,0.608,-0.354,0.1963,1.0,1.0,0.453,0.905,2.358,0.049,track
4,1643,0.023,-0.534,0.009,-0.078,-0.162,-1.32,0.609,-0.348,0.1982,1.0,1.0,0.458,0.911,2.369,0.041,track
4,1644,0.023,-0.533,0.009,-0.078,-0.162,-1.32,0.609,-0.348,0.1982,1.0,1.0,0.458,0.911,2.369,0.052,track
4,1645,0.023,-0.533,0.009,-0.078,-0.162,-1.32,0.609,-0.348,0.1982,1.0,1.0,0.458,0.911,2.369,0.051,track
4,1646,0.023,-0.533,0.009,-0.078,-0.162,-1.32,0.609,-0.348,0.1982,1.0,1.0,0.458,0.911,2.369,0.052,track
4,1647,0.023,-0.533,0.009,-0.078,-0.162,-1.32,0.608,-0.345,0.1992,1.0,1.0,0.461,0.914,2.375,0.051,track
4,1648,0.023,-0.533,0.009,-0.078,-0.162,-1.32,0.608,-0.342,0.2002,1.0,1.0,0.465,0.917,2.382,0.055,track
4,1649,0.023,-0.533,0.009,-0.078,-0.162,-1.32,0.608,-0.342,0.2002,1.0,1.0,0.465,0.917,2.382,0.06,track
4,1650,0.023,-0.533,0.009,-0.078,-0.162,-1.32,0.608,-0.342,0.2002,1.0,1.0,0.465,0.917,2.382,0.062,track
4,1651,0.023,-0.533,0.009,-0.078,-0.162,-1.32,0.606,-0.343,0.2012,1.0,1.0,0.467,0.921,2.387,0.06,track
4,1652,0.023,-0.533,0.008,-0.078,-0.162,-1.32,0.604,-0.342,0.2021,1.0,1.0,0.47,0.924,2.394,0.06,track
4,1653,0.023,-0.533,0.008,-0.078,-0.162,-1.32,0.602,-0.339,0.2021,1.0,1.0,0.477,0.924,2.4,0.058,track
4,1654,0.022,-0.532,0.008,-0.078,-0.162,-1.32,0.602,-0.339,0.2021,1.0,1.0,0.477,0.924,2.4,0.063,track
4,1655,0.022,-0.532,0.007,-0.078,-0.162,-1.32,0.599,-0.339,0.2021,1.0,1.0,0.483,0.924,2.406,0.066,track
4,1656,0.022,-0.532,0.007,-0.078,-0.162,-1.32,0.598,-0.338,0.2012,1.0,1.0,0.485,0.921,2.405,0.068,track
4,1657,0.022,-0.532,0.006,-0.078,-0.162,-1.32,0.595,-0.339,0.1982,1.0,1.0,0.489,0.911,2.4,0.069,track
4,1658,0.022,-0.532,0.006,-0.078,-0.162,-1.32,0.593,-0.341,0.1992,1.0,1.0,0.491,0.914,2.405,0.065,track
4,1659,0.022,-0.532,0.005,-0.078,-0.162,-1.32,0.593,-0.339,0.1982,1.0,1.0,0.494,0.911,2.405,0.066,track
4,1660,0.022,-0.531,0.005,-0.078,-0.162,-1.32,0.594,-0.342,0.2002,1.0,1.0,0.49,0.917,2.407,0.047,track
4,1661,0.022,-0.531,0.004,-0.078,-0.162,-1.32,0.591,-0.341,0.1982,1.0,1.0,0.495,0.911,2.406,0.08,track
4,1662,0.022,-0.531,0.004,-0.078,-0.162,-1.32,0.587,-0.346,0.1973,1.0,1.0,0.497,0.908,2.404,0.091,track
4,1663,0.022,-0.531,0.003,-0.078,-0.162,-1.32,0.587,-0.346,0.1973,1.0,1.0,0.497,0.908,2.404,0.121,track
4,1664,0.022,-0.531,0.002,-0.078,-0.162,-1.32,0.582,-0.344,0.1953,1.0,1.0,0.507,0.901,2.408,0.123,track
4,1665,0.023,-0.53,0.002,-0.078,-0.162,-1.32,0.581,-0.342,0.1943,1.0,1.0,0.511,0.898,2.409,0.122,track
4,1666,0.023,-0.53,0.001,-0.078,-0.162,-1.32,0.58,-0.339,0.1924,1.0,0.999,0.516,0.891,2.407,0.131,track
4,1667,0.023,-0.53,0.001,-0.078,-0.162,-1.32,0.574,-0.344,0.1943,1.0,1.0,0.521,0.898,2.419,0.139,track
4,1668,0.023,-0.53,0.0,-0.078,-0.162,-1.32,0.573,-0.344,0.1924,1.0,0.999,0.524,0.891,2.415,0.136,track
4,1669,0.023,-0.53,-0.0,-0.078,-0.162,-1.32,0.572,-0.344,0.1914,1.0,1.0,0.526,0.888,2.413,0.156,track
4,1670,0.023,-0.53,-0.001,-0.078,-0.162,-1.32,0.571,-0.343,0.1904,1.0,0.999,0.528,0.884,2.412,0.172,track
4,1671,0.023,-0.529,-0.001,-0.078,-0.162,-1.32,0.569,-0.342,0.1885,1.0,1.0,0.533,0.877,2.409,0.19,track
4,1672,0.023,-0.529,-0.002,-0.078,-0.162,-1.32,0.567,-0.34,0.1875,1.0,0.999,0.539,0.873,2.411,0.217,track
4,1673,0.023,-0.529,-0.002,-0.078,-0.162,-1.32,0.561,-0.335,0.1865,1.0,0.999,0.556,0.869,2.425,0.226,track
4,1674,0.023,-0.529,-0.003,-0.078,-0.162,-1.32,0.555,-0.336,0.1846,1.0,0.999,0.566,0.862,2.426,0.259,track
4,1675,0.023,-0.529,-0.004,-0.078,-0.162,-1.32,0.555,-0.336,0.1836,1.0,0.999,0.567,0.858,2.424,0.272,track
4,1676,0.023,-0.528,-0.004,-0.078,-0.162,-1.32,0.554,-0.333,0.1826,1.0,0.999,0.571,0.854,2.424,0.262,track
4,1677,0.023,-0.528,-0.005,-0.078,-0.162,-1.32,0.552,-0.336,0.1807,1.0,0.999,0.572,0.846,2.417,0.264,track
4,1678,0.023,-0.528,-0.005,-0.078,-0.162,-1.32,0.549,-0.34,0.1826,1.0,0.999,0.572,0.854,2.425,0.263,track
4,1679,0.023,-0.528,-0.006,-0.078,-0.162,-1.32,0.547,-0.338,0.1816,1.0,0.999,0.579,0.85,2.429,0.281,track
4,1680,0.023,-0.528,-0.006,-0.078,-0.162,-1.32,0.546,-0.341,0.1807,1.0,0.999,0.577,0.846,2.422,0.282,track
4,1681,0.023,-0.528,-0.007,-0.078,-0.162,-1.32,0.54,-0.34,0.1768,1.0,0.999,0.589,0.83,2.418,0.286,track
4,1682,0.023,-0.528,-0.007,-0.078,-0.162,-1.32,0.532,-0.338,0.1758,1.0,0.999,0.607,0.826,2.431,0.287,track
4,1683,0.024,-0.527,-0.007,-0.078,-0.162,-1.32,0.53,-0.337,0.1729,1.0,0.999,0.613,0.813,2.426,0.274,track
4,1684,0.024,-0.527,-0.008,-0.078,-0.162,-1.32,0.527,-0.335,0.1729,1.0,0.999,0.621,0.813,2.433,0.268,track
4,1685,0.024,-0.527,-0.008,-0.078,-0.162,-1.32,0.524,-0.334,0.1699,1.0,0.999,0.628,0.8,2.427,0.264,track
4,1686,0.024,-0.527,-0.009,-0.078,-0.162,-1.32,0.523,-0.341,0.1699,1.0,0.999,0.622,0.8,2.421,0.273,track
4,1687,0.024,-0.527,-0.009,-0.078,-0.162,-1.32,0.522,-0.338,0.1689,1.0,0.999,0.627,0.796,2.422,0.289,track
4,1688,0.024,-0.527,-0.009,-0.078,-0.162,-1.32,0.522,-0.337,0.168,1.0,0.999,0.628,0.792,2.419,0.276,track
4,1689,0.024,-0.527,-0.01,-0.078,-0.162,-1.32,0.522,-0.337,0.168,1.0,0.999,0.628,0.792,2.419,0.265,track
4,1690,0.024,-0.527,-0.01,-0.078,-0.162,-1.32,0.521,-0.334,0.167,1.0,0.999,0.633,0.787,2.42,0.253,track
4,1691,0.024,-0.527,-0.01,-0.078,-0.162,-1.32,0.519,-0.331,0.166,1.0,0.999,0.643,0.783,2.425,0.238,track
4,1692,0.024,-0.527,-0.011,-0.078,-0.162,-1.32,0.516,-0.335,0.165,1.0,0.999,0.643,0.778,2.42,0.257,track
4,1693,0.024,-0.526,-0.011,-0.078,-0.162,-1.32,0.514,-0.331,0.1641,1.0,0.999,0.652,0.774,2.424,0.27,track
4,1694,0.024,-0.526,-0.011,-0.078,-0.162,-1.32,0.514,-0.331,0.1641,1.0,0.999,0.652,0.774,2.424,0.269,track
4,1695,0.024,-0.526,-0.011,-0.078,-0.162,-1.32,0.514,-0.331,0.1641,1.0,0.999,0.652,0.774,2.424,0.272,track
4,1696,0.024,-0.526,-0.012,-0.078,-0.162,-1.32,0.512,-0.328,0.1631,1.0,0.999,0.66,0.769,2.428,0.262,track
4,1697,0.024,-0.526,-0.012,-0.078,-0.162,-1.32,0.512,-0.328,0.1631,1.0,0.999,0.66,0.769,2.428,0.248,track
4,1698,0.024,-0.526,-0.012,-0.078,-0.162,-1.32,0.512,-0.328,0.1631,1.0,0.999,0.66,0.769,2.428,0.248,track
4,1699,0.024,-0.526,-0.012,-0.078,-0.162,-1.32,0.512,-0.328,0.1631,1.0,0.999,0.66,0.769,2.428,0.254,track
4,1700,0.024,-0.526,-0.012,-0.078,-0.162,-1.32,0.512,-0.326,0.1621,1.0,0.999,0.662,0.765,2.426,0.255,track
4,1701,0.024,-0.526,-0.012,-0.078,-0.162,-1.32,0.51,-0.323,0.1611,1.0,0.999,0.67,0.76,2.429,0.255,track
4,1702,0.024,-0.526,-0.013,-0.078,-0.162,-1.32,0.51,-0.323,0.1611,1.0,0.999,0.67,0.76,2.429,0.273,track
4,1703,0.024,-0.526,-0.013,-0.078,-0.162,-1.32,0.51,-0.323,0.1611,1.0,0.999,0.67,0.76,2.429,0.282,track
4,1704,0.024,-0.526,-0.013,-0.078,-0.162,-1.32,0.51,-0.323,0.1611,1.0,0.999,0.67,0.76,2.429,0.276,track
4,1705,0.024,-0.526,-0.013,-0.078,-0.162,-1.32,0.51,-0.323,0.1611,1.0,0.999,0.67,0.76,2.429,0.279,track
4,1706,0.024,-0.527,-0.013,-0.078,-0.162,-1.32,0.51,-0.323,0.1611,1.0,0.999,0.67,0.76,2.429,0.268,track
4,1707,0.024,-0.527,-0.013,-0.078,-0.162,-1.32,0.51,-0.326,0.1602,1.0,0.999,0.665,0.756,2.42,0.266,track
4,1708,0.024,-0.527,-0.013,-0.078,-0.162,-1.32,0.51,-0.326,0.1602,1.0,0.999,0.665,0.756,2.42,0.251,track
4,1709,0.024,-0.527,-0.013,-0.078,-0.162,-1.32,0.51,-0.326,0.1602,1.0,0.999,0.665,0.756,2.42,0.25,track
4,1710,0.024,-0.527,-0.013,-0.078,-0.162,-1.32,0.512,-0.327,0.1592,1.0,0.999,0.661,0.751,2.411,0.241,track
4,1711,0.024,-0.527,-0.013,-0.078,-0.162,-1.32,0.512,-0.327,0.1592,1.0,0.999,0.661,0.751,2.411,0.235,track
4,1712,0.024,-0.527,-0.013,-0.078,-0.162,-1.32,0.513,-0.328,0.1602,1.0,0.999,0.658,0.756,2.413,0.224,track
4,1713,0.024,-0.527,-0.013,-0.078,-0.162,-1.32,0.513,-0.328,0.1602,1.0,0.999,0.658,0.756,2.413,0.218,track
4,1714,0.024,-0.527,-0.013,-0.078,-0.162,-1.32,0.515,-0.326,0.1592,1.0,1.0,0.657,0.751,2.407,0.203,track
4,1715,0.024,-0.527,-0.013,-0.078,-0.162,-1.32,0.515,-0.326,0.1592,1.0,0.999,0.657,0.751,2.407,0.183,track
4,1716,0.023,-0.528,-0.013,-0.078,-0.162,-1.32,0.515,-0.326,0.1592,1.0,1.0,0.657,0.751,2.407,0.167,track
4,1717,0.023,-0.528,-0.012,-0.078,-0.162,-1.32,0.515,-0.326,0.1592,1.0,0.999,0.657,0.751,2.407,0.15,track
4,1718,0.023,-0.528,-0.012,-0.078,-0.162,-1.32,0.515,-0.326,0.1592,1.0,1.0,0.657,0.751,2.407,0.131,track
4,1719,0.023,-0.528,-0.012,-0.078,-0.162,-1.32,0.516,-0.329,0.1592,1.0,1.0,0.649,0.751,2.4,0.12,track
4,1720,0.023,-0.528,-0.012,-0.078,-0.162,-1.32,0.516,-0.329,0.1592,1.0,1.0,0.649,0.751,2.4,0.101,track
4,1721,0.023,-0.528,-0.011,-0.078,-0.162,-1.32,0.516,-0.329,0.1592,1.0,1.0,0.649,0.751,2.4,0.091,track
4,1722,0.023,-0.529,-0.011,-0.078,-0.162,-1.32,0.518,-0.336,0.1592,1.0,1.0,0.639,0.751,2.389,0.082,track
4,1723,0.023,-0.529,-0.011,-0.078,-0.162,-1.32,0.521,-0.338,0.1592,1.0,1.0,0.629,0.751,2.38,0.085,track
4,1724,0.023,-0.529,-0.01,-0.078,-0.162,-1.32,0.525,-0.337,0.1602,1.0,1.0,0.622,0.756,2.377,0.075,track
4,1725,0.023,-0.529,-0.01,-0.078,-0.162,-1.32,0.525,-0.337,0.1602,1.0,1.0,0.622,0.756,2.377,0.068,track
4,1726,0.022,-0.529,-0.01,-0.078,-0.162,-1.32,0.527,-0.337,0.1602,1.0,1.0,0.618,0.756,2.373,0.066,track
4,1727,0.022,-0.53,-0.009,-0.078,-0.162,-1.32,0.529,-0.336,0.1621,1.0,1.0,0.615,0.765,2.38,0.057,track
4,1728,0.022,-0.53,-0.009,-0.078,-0.162,-1.32,0.533,-0.339,0.1621,1.0,1.0,0.605,0.765,2.369,0.05,track
4,1729,0.022,-0.53,-0.008,-0.078,-0.162,-1.32,0.534,-0.341,0.1641,1.0,1.0,0.6,0.774,2.373,0.045,track
4,1730,0.022,-0.53,-0.008,-0.078,-0.162,-1.32,0.536,-0.342,0.1631,1.0,1.0,0.595,0.769,2.364,0.048,track
4,1731,0.022,-0.531,-0.007,-0.078,-0.162,-1.32,0.538,-0.345,0.165,1.0,1.0,0.586,0.778,2.364,0.039,track
4,1732,0.022,-0.531,-0.007,-0.078,-0.162,-1.32,0.54,-0.35,0.165,1.0,1.0,0.577,0.778,2.355,0.044,track
4,1733,0.021,-0.531,-0.006,-0.078,-0.162,-1.32,0.548,-0.354,0.1641,1.0,1.0,0.559,0.774,2.332,0.044,track
4,1734,0.021,-0.531,-0.005,-0.078,-0.162,-1.32,0.55,-0.354,0.1631,1.0,1.0,0.555,0.769,2.324,0.059,track
4,1735,0.021,-0.531,-0.005,-0.078,-0.162,-1.32,0.552,-0.354,0.165,1.0,1.0,0.551,0.778,2.329,0.052,track
4,1736,0.021,-0.532,-0.004,-0.078,-0.162,-1.32,0.556,-0.351,0.166,1.0,1.0,0.547,0.783,2.33,0.034,track
4,1737,0.021,-0.532,-0.003,-0.078,-0.162,-1.32,0.558,-0.353,0.168,1.0,1.0,0.541,0.792,2.332,0.039,track
4,1738,0.02,-0.532,-0.002,-0.078,-0.162,-1.32,0.559,-0.354,0.1709,1.0,1.0,0.538,0.805,2.342,0.023,track
4,1739,0.02,-0.532,-0.001,-0.078,-0.162,-1.32,0.564,-0.352,0.1729,1.0,1.0,0.531,0.813,2.344,0.021,track
4,1740,0.02,-0.532,-0.001,-0.078,-0.162,-1.32,0.568,-0.355,0.1738,1.0,1.0,0.52,0.818,2.338,0.023,track
4,1741,0.02,-0.533,0.0,-0.078,-0.162,-1.32,0.57,-0.36,0.1758,1.0,1.0,0.511,0.826,2.336,0.015,track
4,1742,0.02,-0.533,0.001,-0.078,-0.162,-1.32,0.573,-0.364,0.1777,1.0,1.0,0.502,0.834,2.335,0.016,track
4,1743,0.019,-0.533,0.002,-0.078,-0.162,-1.32,0.575,-0.362,0.1768,1.0,1.0,0.501,0.83,2.33,0.023,track
4,1744,0.019,-0.533,0.002,-0.078,-0.162,-1.32,0.576,-0.363,0.1777,1.0,1.0,0.498,0.834,2.332,0.022,track
4,1745,0.019,-0.533,0.003,-0.078,-0.162,-1.32,0.581,-0.363,0.1797,1.0,1.0,0.489,0.842,2.331,0.013,track
4,1746,0.019,-0.534,0.004,-0.078,-0.162,-1.32,0.585,-0.359,0.1855,1.0,1.0,0.488,0.866,2.353,0.016,track
4,1747,0.019,-0.534,0.005,-0.078,-0.162,-1.32,0.59,-0.359,0.1836,1.0,0.999,0.477,0.858,2.335,0.048,track
4,1748,0.018,-0.534,0.005,-0.078,-0.162,-1.32,0.593,-0.358,0.1855,1.0,0.999,0.475,0.866,2.34,0.044,track
4,1749,0.018,-0.534,0.006,-0.078,-0.162,-1.32,0.597,-0.359,0.1865,1.0,0.999,0.467,0.869,2.336,0.037,track
4,1750,0.018,-0.534,0.007,-0.078,-0.162,-1.32,0.6,-0.356,0.1875,1.0,0.999,0.463,0.873,2.336,0.029,track
4,1751,0.018,-0.534,0.007,-0.078,-0.162,-1.32,0.601,-0.358,0.1885,1.0,0.999,0.461,0.877,2.337,0.029,track
4,1752,0.017,-0.535,0.008,-0.078,-0.162,-1.32,0.603,-0.351,0.1885,1.0,0.999,0.464,0.877,2.34,0.028,track
4,1753,0.017,-0.535,0.008,-0.078,-0.162,-1.32,0.605,-0.354,0.1904,1.0,0.999,0.458,0.884,2.341,0.045,track
4,1754,0.017,-0.535,0.009,-0.078,-0.162,-1.32,0.613,-0.353,0.1914,1.0,0.999,0.446,0.888,2.333,0.044,track
4,1755,0.017,-0.535,0.009,-0.078,-0.162,-1.32,0.615,-0.351,0.1924,1.0,0.999,0.446,0.891,2.336,0.031,track
4,1756,0.016,-0.535,0.01,-0.078,-0.162,-1.32,0.615,-0.351,0.1934,1.0,0.999,0.444,0.895,2.338,0.036,track
4,1757,0.016,-0.535,0.01,-0.078,-0.162,-1.32,0.614,-0.348,0.1943,1.0,0.999,0.448,0.898,2.345,0.039,track
4,1758,0.016,-0.535,0.011,-0.078,-0.162,-1.32,0.615,-0.348,0.1953,1.0,0.999,0.447,0.901,2.348,0.048,track
4,1759,0.016,-0.535,0.011,-0.078,-0.162,-1.32,0.617,-0.348,0.1953,1.0,0.999,0.444,0.901,2.345,0.048,track
4,1760,0.015,-0.535,0.011,-0.078,-0.162,-1.32,0.619,-0.34,0.1963,1.0,0.999,0.448,0.905,2.352,0.041,track
4,1761,0.015,-0.535,0.012,-0.078,-0.162,-1.32,0.62,-0.342,0.1973,1.0,0.999,0.444,0.908,2.351,0.052,track
4,1762,0.015,-0.535,0.012,-0.078,-0.162,-1.32,0.621,-0.341,0.1992,1.0,0.999,0.443,0.914,2.357,0.052,track
4,1763,0.015,-0.535,0.012,-0.078,-0.162,-1.32,0.62,-0.34,0.2002,1.0,0.999,0.447,0.917,2.364,0.05,track
4,1764,0.015,-0.535,0.012,-0.078,-0.162,-1.32,0.62,-0.337,0.1992,1.0,0.999,0.448,0.914,2.362,0.058,track
4,1765,0.014,-0.535,0.012,-0.078,-0.162,-1.32,0.62,-0.329,0.2021,1.0,0.999,0.457,0.924,2.38,0.051,track
4,1766,0.014,-0.535,0.012,-0.078,-0.162,-1.32,0.62,-0.329,0.2021,1.0,0.999,0.457,0.924,2.38,0.069,track
4,1767,0.014,-0.535,0.012,-0.078,-0.162,-1.32,0.619,-0.331,0.2041,1.0,0.999,0.457,0.929,2.386,0.07,track
4,1768,0.014,-0.535,0.012,-0.078,-0.162,-1.32,0.62,-0.327,0.2051,1.0,0.999,0.458,0.932,2.39,0.075,track
4,1769,0.014,-0.534,0.012,-0.078,-0.162,-1.32,0.62,-0.327,0.2051,1.0,0.999,0.458,0.932,2.39,0.071,track
4,1770,0.014,-0.534,0.012,-0.078,-0.162,-1.32,0.62,-0.327,0.2051,1.0,0.999,0.458,0.932,2.39,0.074,track
4,1771,0.013,-0.534,0.012,-0.078,-0.162,-1.32,0.619,-0.323,0.207,1.0,0.999,0.463,0.938,2.4,0.073,track
4,1772,0.013,-0.534,0.011,-0.078,-0.162,-1.32,0.619,-0.323,0.207,1.0,0.999,0.463,0.938,2.4,0.082,track
4,1773,0.013,-0.534,0.011,-0.078,-0.162,-1.32,0.619,-0.323,0.207,1.0,0.999,0.463,0.938,2.4,0.083,track
4,1774,0.013,-0.534,0.01,-0.078,-0.162,-1.32,0.615,-0.315,0.209,1.0,0.999,0.478,0.943,2.42,0.085,track
4,1775,0.013,-0.534,0.01,-0.078,-0.162,-1.32,0.615,-0.315,0.209,1.0,0.999,0.478,0.943,2.42,0.092,track
4,1776,0.013,-0.533,0.009,-0.078,-0.162,-1.32,0.61,-0.317,0.2061,1.0,0.999,0.486,0.935,2.42,0.089,track
4,1777,0.013,-0.533,0.009,-0.078,-0.162,-1.32,0.608,-0.317,0.208,1.0,0.999,0.488,0.941,2.428,0.081,track
4,1778,0.013,-0.533,0.008,-0.078,-0.162,-1.32,0.606,-0.315,0.208,1.0,0.999,0.493,0.941,2.433,0.083,track
4,1779,0.013,-0.533,0.008,-0.078,-0.162,-1.32,0.603,-0.314,0.21,1.0,0.999,0.5,0.946,2.445,0.075,track
4,1780,0.013,-0.533,0.007,-0.078,-0.162,-1.32,0.601,-0.316,0.21,1.0,0.999,0.501,0.946,2.447,0.084,track
4,1781,0.012,-0.532,0.006,-0.078,-0.162,-1.32,0.601,-0.316,0.21,1.0,0.999,0.501,0.946,2.447,0.073,track
4,1782,0.012,-0.532,0.005,-0.078,-0.162,-1.32,0.599,-0.318,0.208,1.0,1.0,0.503,0.941,2.443,0.067,track
4,1783,0.012,-0.532,0.004,-0.078,-0.162,-1.32,0.592,-0.318,0.2041,1.0,0.999,0.516,0.929,2.445,0.054,track
4,1784,0.012,-0.532,0.003,-0.078,-0.162,-1.32,0.588,-0.314,0.2031,1.0,0.999,0.528,0.927,2.454,0.055,track
4,1785,0.012,-0.532,0.002,-0.078,-0.162,-1.32,0.586,-0.312,0.2012,1.0,0.999,0.533,0.921,2.452,0.047,track
4,1786,0.012,-0.531,0.001,-0.078,-0.162,-1.32,0.583,-0.316,0.2002,1.0,0.999,0.534,0.917,2.451,0.037,track
4,1787,0.012,-0.531,0.0,-0.078,-0.162,-1.32,0.579,-0.317,0.2002,1.0,0.999,0.54,0.917,2.457,0.043,track
4,1788,0.012,-0.531,-0.001,-0.078,-0.162,-1.32,0.577,-0.323,0.1992,1.0,0.999,0.538,0.914,2.452,0.023,track
4,1789,0.012,-0.531,-0.002,-0.078,-0.162,-1.32,0.569,-0.32,0.1973,1.0,1.0,0.556,0.908,2.464,0.06,track
4,1790,0.012,-0.53,-0.003,-0.078,-0.162,-1.32,0.563,-0.324,0.1934,1.0,0.999,0.563,0.895,2.457,0.09,track
4,1791,0.012,-0.53,-0.004,-0.078,-0.162,-1.32,0.558,-0.326,0.1885,1.0,0.999,0.571,0.877,2.447,0.125,track
4,1792,0.013,-0.53,-0.005,-0.078,-0.162,-1.32,0.558,-0.327,0.1865,1.0,0.999,0.57,0.869,2.439,0.132,track
4,1793,0.013,-0.53,-0.006,-0.078,-0.162,-1.32,0.55,-0.333,0.1846,1.0,0.999,0.579,0.862,2.44,0.173,track
4,1794,0.013,-0.53,-0.006,-0.078,-0.162,-1.32,0.547,-0.327,0.1816,1.0,0.999,0.592,0.85,2.442,0.189,track
4,1795,0.013,-0.53,-0.007,-0.078,-0.162,-1.32,0.544,-0.32,0.1787,1.0,0.999,0.605,0.838,2.442,0.188,track
4,1796,0.013,-0.529,-0.008,-0.078,-0.162,-1.32,0.54,-0.321,0.1797,1.0,0.999,0.612,0.842,2.453,0.24,track
4,1797,0.013,-0.529,-0.008,-0.078,-0.162,-1.32,0.539,-0.325,0.1787,1.0,0.999,0.61,0.838,2.447,0.259,track
4,1798,0.013,-0.529,-0.009,-0.078,-0.162,-1.32,0.536,-0.322,0.1777,1.0,0.999,0.619,0.834,2.452,0.256,track
4,1799,0.013,-0.529,-0.01,-0.078,-0.162,-1.32,0.535,-0.32,0.1758,1.0,0.999,0.623,0.826,2.449,0.258,track
4,1800,0.013,-0.529,-0.01,-0.078,-0.162,-1.32,0.529,-0.318,0.1729,1.0,0.999,0.638,0.813,2.45,0.276,track
4,1801,0.013,-0.529,-0.011,-0.078,-0.162,-1.32,0.525,-0.319,0.1709,1.0,0.999,0.645,0.805,2.449,0.273,track
4,1802,0.013,-0.528,-0.011,-0.078,-0.162,-1.32,0.522,-0.317,0.1709,1.0,0.998,0.652,0.805,2.455,0.275,track
4,1803,0.013,-0.528,-0.012,-0.078,-0.162,-1.32,0.521,-0.313,0.1689,1.0,0.999,0.66,0.796,2.455,0.289,track
4,1804,0.013,-0.528,-0.012,-0.078,-0.162,-1.32,0.519,-0.315,0.168,1.0,0.998,0.662,0.792,2.452,0.305,track
4,1805,0.013,-0.528,-0.013,-0.078,-0.162,-1.32,0.517,-0.315,0.168,1.0,0.999,0.666,0.792,2.456,0.314,track
4,1806,0.013,-0.528,-0.013,-0.078,-0.162,-1.32,0.515,-0.318,0.166,1.0,0.998,0.667,0.783,2.448,0.304,track
4,1807,0.013,-0.528,-0.013,-0.078,-0.162,-1.32,0.515,-0.318,0.166,1.0,0.999,0.667,0.783,2.448,0.311,track
4,1808,0.013,-0.528,-0.014,-0.078,-0.162,-1.32,0.512,-0.318,0.1641,1.0,0.999,0.673,0.774,2.446,0.295,track
4,1809,0.013,-0.528,-0.014,-0.078,-0.162,-1.32,0.511,-0.323,0.1641,1.0,0.999,0.669,0.774,2.442,0.289,track
4,1810,0.013,-0.528,-0.014,-0.078,-0.162,-1.32,0.511,-0.323,0.1641,1.0,0.999,0.669,0.774,2.442,0.266,track
4,1811,0.013,-0.528,-0.015,-0.078,-0.162,-1.32,0.509,-0.325,0.1621,1.0,0.999,0.67,0.765,2.433,0.269,track
4,1812,0.013,-0.528,-0.015,-0.078,-0.162,-1.32,0.509,-0.331,0.1621,1.0,0.999,0.663,0.765,2.426,0.268,track
4,1813,0.013,-0.528,-0.015,-0.078,-0.162,-1.32,0.509,-0.331,0.1621,1.0,0.999,0.663,0.765,2.426,0.279,track
4,1814,0.013,-0.528,-0.015,-0.078,-0.162,-1.32,0.51,-0.329,0.1631,1.0,0.999,0.661,0.769,2.429,0.265,track
4,1815,0.013,-0.528,-0.015,-0.078,-0.162,-1.32,0.508,-0.326,0.1621,1.0,0.999,0.671,0.765,2.434,0.252,track
4,1816,0.013,-0.528,-0.015,-0.078,-0.162,-1.32,0.508,-0.326,0.1621,1.0,0.999,0.671,0.765,2.435,0.26,track
4,1817,0.013,-0.528,-0.015,-0.078,-0.162,-1.32,0.51,-0.324,0.1611,1.0,0.999,0.669,0.76,2.428,0.245,track
4,1818,0.013,-0.528,-0.015,-0.078,-0.162,-1.32,0.51,-0.324,0.1611,1.0,0.999,0.669,0.76,2.429,0.23,track
4,1819,0.013,-0.528,-0.015,-0.078,-0.162,-1.32,0.511,-0.326,0.1602,1.0,0.999,0.664,0.756,2.418,0.209,track
4,1820,0.013,-0.528,-0.015,-0.078,-0.162,-1.32,0.513,-0.322,0.1592,1.0,1.0,0.665,0.751,2.415,0.185,track
4,1821,0.013,-0.528,-0.015,-0.078,-0.162,-1.32,0.513,-0.324,0.1602,1.0,0.999,0.662,0.756,2.417,0.16,track
4,1822,0.013,-0.528,-0.015,-0.078,-0.162,-1.32,0.513,-0.324,0.1602,1.0,1.0,0.662,0.756,2.417,0.134,track
4,1823,0.013,-0.528,-0.015,-0.078,-0.162,-1.32,0.513,-0.324,0.1602,1.0,0.999,0.662,0.756,2.417,0.122,track
4,1824,0.013,-0.528,-0.015,-0.078,-0.162,-1.32,0.513,-0.324,0.1602,1.0,1.0,0.662,0.756,2.418,0.108,track
4,1825,0.013,-0.528,-0.014,-0.078,-0.162,-1.32,0.515,-0.323,0.1611,1.0,1.0,0.661,0.76,2.421,0.099,track
4,1826,0.013,-0.528,-0.014,-0.078,-0.162,-1.32,0.515,-0.323,0.1611,1.0,1.0,0.661,0.76,2.421,0.085,track
4,1827,0.013,-0.529,-0.014,-0.078,-0.162,-1.32,0.515,-0.324,0.1621,1.0,1.0,0.659,0.765,2.423,0.077,track
4,1828,0.013,-0.529,-0.014,-0.078,-0.162,-1.32,0.519,-0.323,0.1602,1.0,1.0,0.652,0.756,2.407,0.066,track
4,1829,0.013,-0.529,-0.013,-0.078,-0.162,-1.32,0.52,-0.322,0.1611,1.0,1.0,0.651,0.76,2.411,0.056,track
4,1830,0.013,-0.529,-0.013,-0.078,-0.162,-1.32,0.523,-0.322,0.1631,1.0,1.0,0.645,0.769,2.414,0.051,track
4,1831,0.013,-0.529,-0.013,-0.078,-0.162,-1.32,0.526,-0.326,0.1641,1.0,1.0,0.635,0.774,2.409,0.055,track
4,1832,0.013,-0.529,-0.012,-0.078,-0.162,-1.32,0.529,-0.324,0.1641,1.0,1.0,0.63,0.774,2.404,0.046,track
4,1833,0.013,-0.529,-0.012,-0.078,-0.162,-1.32,0.53,-0.324,0.165,1.0,1.0,0.63,0.778,2.408,0.036,track
4,1834,0.012,-0.53,-0.012,-0.078,-0.162,-1.32,0.532,-0.325,0.165,1.0,1.0,0.622,0.778,2.401,0.039,track
4,1835,0.012,-0.53,-0.011,-0.078,-0.162,-1.32,0.532,-0.326,0.166,1.0,1.0,0.622,0.783,2.404,0.033,track
4,1836,0.012,-0.53,-0.011,-0.078,-0.162,-1.32,0.532,-0.326,0.166,1.0,1.0,0.622,0.783,2.404,0.041,track
4,1837,0.012,-0.53,-0.01,-0.078,-0.162,-1.32,0.534,-0.326,0.165,1.0,1.0,0.618,0.778,2.396,0.027,track
4,1838,0.012,-0.53,-0.01,-0.078,-0.162,-1.32,0.536,-0.325,0.167,1.0,1.0,0.615,0.787,2.403,0.038,track
4,1839,0.012,-0.53,-0.01,-0.078,-0.162,-1.32,0.539,-0.32,0.165,1.0,1.0,0.615,0.778,2.393,0.03,track
4,1840,0.012,-0.531,-0.009,-0.078,-0.162,-1.32,0.539,-0.32,0.165,1.0,1.0,0.615,0.778,2.393,0.041,track
4,1841,0.012,-0.531,-0.009,-0.078,-0.162,-1.32,0.54,-0.322,0.166,1.0,1.0,0.611,0.783,2.394,0.031,track
4,1842,0.012,-0.531,-0.008,-0.078,-0.162,-1.32,0.541,-0.319,0.165,1.0,1.0,0.611,0.778,2.39,0.025,track
4,1843,0.011,-0.531,-0.008,-0.078,-0.162,-1.32,0.542,-0.322,0.166,1.0,1.0,0.606,0.783,2.389,0.013,track
4,1844,0.011,-0.531,-0.007,-0.078,-0.162,-1.32,0.543,-0.324,0.167,1.0,1.0,0.603,0.787,2.39,0.011,track
4,1845,0.011,-0.531,-0.007,-0.078,-0.162,-1.32,0.548,-0.326,0.168,1.0,1.0,0.591,0.792,2.383,0.013,track
4,1846,0.011,-0.532,-0.006,-0.078,-0.162,-1.32,0.55,-0.323,0.1699,1.0,1.0,0.59,0.8,2.39,0.02,track
4,1847,0.011,-0.532,-0.006,-0.078,-0.162,-1.32,0.553,-0.325,0.1719,1.0,1.0,0.582,0.809,2.391,0.013,track
4,1848,0.011,-0.532,-0.005,-0.078,-0.162,-1.32,0.556,-0.329,0.1748,1.0,1.0,0.572,0.822,2.393,0.019,track
4,1849,0.011,-0.532,-0.005,-0.078,-0.162,-1.32,0.561,-0.328,0.1748,1.0,1.0,0.564,0.822,2.386,0.018,track
4,1850,0.01,-0.532,-0.004,-0.078,-0.162,-1.32,0.563,-0.33,0.1768,1.0,1.0,0.557,0.83,2.386,0.018,track
4,1851,0.01,-0.532,-0.003,-0.078,-0.162,-1.32,0.567,-0.327,0.1787,1.0,1.0,0.553,0.838,2.391,0.021,track
4,1852,0.01,-0.533,-0.003,-0.078,-0.162,-1.32,0.567,-0.327,0.1787,1.0,1.0,0.553,0.838,2.391,0.019,track
4,1853,0.01,-0.533,-0.003,-0.078,-0.162,-1.32,0.57,-0.327,0.1787,1.0,1.0,0.548,0.838,2.386,0.016,track
4,1854,0.01,-0.533,-0.002,-0.078,-0.162,-1.32,0.57,-0.329,0.1797,1.0,1.0,0.545,0.842,2.387,0.012,track
4,1855,0.01,-0.533,-0.002,-0.078,-0.162,-1.32,0.572,-0.328,0.1797,1.0,1.0,0.542,0.842,2.384,0.013,track
4,1856,0.009,-0.533,-0.001,-0.078,-0.162,-1.32,0.573,-0.33,0.1807,1.0,1.0,0.539,0.846,2.385,0.015,track
4,1857,0.009,-0.533,-0.001,-0.078,-0.162,-1.32,0.576,-0.331,0.1807,1.0,1.0,0.532,0.846,2.378,0.014,track
4,1858,0.009,-0.534,-0.0,-0.078,-0.162,-1.32,0.58,-0.331,0.1836,1.0,1.0,0.524,0.858,2.382,0.011,track
4,1859,0.009,-0.534,0.0,-0.078,-0.162,-1.32,0.582,-0.334,0.1826,1.0,1.0,0.519,0.854,2.373,0.022,track
4,1860,0.009,-0.534,0.001,-0.078,-0.162,-1.32,0.584,-0.333,0.1826,1.0,1.0,0.516,0.854,2.37,0.028,track
4,1861,0.009,-0.534,0.001,-0.078,-0.162,-1.32,0.585,-0.333,0.1836,1.0,1.0,0.514,0.858,2.371,0.016,track
4,1862,0.008,-0.534,0.001,-0.078,-0.162,-1.32,0.587,-0.334,0.1826,1.0,1.0,0.51,0.854,2.364,0.014,track
4,1863,0.008,-0.534,0.002,-0.078,-0.162,-1.32,0.589,-0.334,0.1846,1.0,1.0,0.506,0.862,2.368,0.005,track
4,1864,0.008,-0.534,0.002,-0.078,-0.162,-1.32,0.592,-0.334,0.1855,1.0,1.0,0.499,0.866,2.365,0.005,track
4,1865,0.008,-0.534,0.003,-0.078,-0.162,-1.32,0.594,-0.334,0.1885,1.0,1.0,0.497,0.877,2.373,0.006,track
4,1866,0.008,-0.534,0.003,-0.078,-0.162,-1.32,0.594,-0.334,0.1885,1.0,1.0,0.497,0.877,2.373,0.015,track
4,1867,0.008,-0.534,0.004,-0.078,-0.162,-1.32,0.595,-0.336,0.1895,1.0,1.0,0.492,0.88,2.373,0.019,track
4,1868,0.008,-0.534,0.004,-0.078,-0.162,-1.32,0.597,-0.33,0.1895,1.0,1.0,0.495,0.88,2.375,0.019,track
4,1869,0.007,-0.535,0.004,-0.078,-0.162,-1.32,0.599,-0.334,0.1914,1.0,1.0,0.487,0.888,2.375,0.029,track
4,1870,0.007,-0.535,0.005,-0.078,-0.162,-1.32,0.601,-0.336,0.1924,1.0,1.0,0.482,0.891,2.373,0.035,track
4,1871,0.007,-0.535,0.005,-0.078,-0.162,-1.32,0.601,-0.336,0.1924,1.0,1.0,0.482,0.891,2.373,0.028,track
4,1872,0.007,-0.535,0.005,-0.078,-0.162,-1.32,0.602,-0.337,0.1934,1.0,1.0,0.48,0.895,2.374,0.027,track
4,1873,0.007,-0.535,0.006,-0.078,-0.162,-1.32,0.602,-0.334,0.1943,1.0,1.0,0.483,0.898,2.381,0.019,track
4,1874,0.007,-0.535,0.006,-0.078,-0.162,-1.32,0.605,-0.33,0.1924,1.0,1.0,0.481,0.891,2.372,0.032,track
4,1875,0.006,-0.535,0.006,-0.078,-0.162,-1.32,0.606,-0.328,0.1943,1.0,1.0,0.481,0.898,2.379,0.029,track
4,1876,0.006,-0.535,0.006,-0.078,-0.162,-1.32,0.606,-0.328,0.1943,1.0,1.0,0.481,0.898,2.379,0.036,track
4,1877,0.006,-0.535,0.007,-0.078,-0.162,-1.32,0.606,-0.328,0.1943,1.0,1.0,0.481,0.898,2.379,0.034,track
4,1878,0.006,-0.535,0.007,-0.078,-0.162,-1.32,0.609,-0.326,0.1963,1.0,1.0,0.479,0.905,2.383,0.042,track
4,1879,0.006,-0.534,0.007,-0.078,-0.162,-1.32,0.609,-0.326,0.1963,1.0,1.0,0.479,0.905,2.383,0.037,track
4,1880,0.006,-0.534,0.007,-0.078,-0.162,-1.32,0.607,-0.326,0.1982,1.0,1.0,0.481,0.911,2.391,0.04,track
4,1881,0.006,-0.534,0.007,-0.078,-0.162,-1.32,0.609,-0.328,0.1992,1.0,1.0,0.477,0.914,2.391,0.048,track
4,1882,0.006,-0.534,0.007,-0.078,-0.162,-1.32,0.61,-0.324,0.2002,1.0,1.0,0.478,0.917,2.395,0.039,track
4,1883,0.006,-0.534,0.007,-0.078,-0.162,-1.32,0.607,-0.32,0.2021,1.0,1.0,0.486,0.924,2.409,0.044,track
4,1884,0.005,-0.534,0.007,-0.078,-0.162,-1.32,0.609,-0.322,0.2031,1.0,1.0,0.482,0.927,2.408,0.065,track
4,1885,0.005,-0.534,0.007,-0.078,-0.162,-1.32,0.609,-0.316,0.2031,1.0,1.0,0.487,0.927,2.413,0.056,track
4,1886,0.005,-0.534,0.007,-0.078,-0.162,-1.32,0.609,-0.313,0.2041,1.0,1.0,0.491,0.929,2.42,0.063,track
4,1887,0.005,-0.534,0.007,-0.078,-0.162,-1.32,0.608,-0.312,0.2031,1.0,1.0,0.493,0.927,2.419,0.069,track
4,1888,0.005,-0.534,0.006,-0.078,-0.162,-1.32,0.606,-0.313,0.2041,1.0,1.0,0.495,0.929,2.424,0.066,track
4,1889,0.005,-0.533,0.006,-0.078,-0.162,-1.32,0.604,-0.312,0.2051,1.0,1.0,0.499,0.932,2.431,0.076,track
4,1890,0.005,-0.533,0.006,-0.078,-0.162,-1.32,0.601,-0.311,0.2031,1.0,1.0,0.506,0.927,2.432,0.068,track
4,1891,0.005,-0.533,0.005,-0.078,-0.162,-1.32,0.6,-0.312,0.2031,1.0,0.999,0.507,0.927,2.433,0.069,track
4,1892,0.005,-0.533,0.005,-0.078,-0.162,-1.32,0.597,-0.309,0.2031,1.0,1.0,0.516,0.927,2.442,0.062,track
4,1893,0.005,-0.533,0.004,-0.078,-0.162,-1.32,0.597,-0.309,0.2031,1.0,0.999,0.516,0.927,2.442,0.059,track
4,1894,0.005,-0.533,0.004,-0.078,-0.162,-1.32,0.594,-0.308,0.2031,1.0,1.0,0.521,0.927,2.447,0.057,track
4,1895,0.005,-0.533,0.003,-0.078,-0.162,-1.32,0.593,-0.306,0.2012,1.0,1.0,0.526,0.921,2.446,0.051,track
4,1896,0.005,-0.532,0.002,-0.078,-0.162,-1.32,0.59,-0.307,0.2012,1.0,1.0,0.529,0.921,2.45,0.048,track
4,1897,0.005,-0.532,0.002,-0.078,-0.162,-1.32,0.588,-0.309,0.2012,1.0,1.0,0.532,0.921,2.452,0.045,track
4,1898,0.005,-0.532,0.001,-0.078,-0.162,-1.32,0.587,-0.306,0.1992,1.0,1.0,0.537,0.914,2.451,0.039,track
4,1899,0.005,-0.532,0.0,-0.078,-0.162,-1.32,0.584,-0.309,0.1982,1.0,1.0,0.539,0.911,2.45,0.031,track
4,1900,0.005,-0.532,-0.001,-0.078,-0.162,-1.32,0.58,-0.312,0.1963,1.0,1.0,0.545,0.905,2.449,0.03,track
4,1901,0.005,-0.531,-0.001,-0.078,-0.162,-1.32,0.576,-0.313,0.1953,1.0,1.0,0.551,0.901,2.452,0.023,track
4,1902,0.005,-0.531,-0.002,-0.078,-0.162,-1.32,0.574,-0.313,0.1963,1.0,1.0,0.554,0.905,2.459,0.023,track
4,1903,0.005,-0.531,-0.003,-0.078,-0.162,-1.32,0.57,-0.307,0.1934,1.0,1.0,0.568,0.895,2.462,0.011,track
4,1904,0.005,-0.531,-0.004,-0.078,-0.162,-1.32,0.564,-0.312,0.1914,1.0,1.0,0.574,0.888,2.461,0.013,track
4,1905,0.005,-0.531,-0.004,-0.078,-0.162,-1.32,0.561,-0.31,0.1904,1.0,1.0,0.582,0.884,2.466,0.027,track
4,1906,0.005,-0.531,-0.005,-0.078,-0.162,-1.32,0.559,-0.308,0.1904,1.0,1.0,0.59,0.884,2.474,0.014,track
4,1907,0.006,-0.53,-0.006,-0.078,-0.162,-1.32,0.556,-0.314,0.1885,1.0,1.0,0.588,0.877,2.465,0.019,track
4,1908,0.006,-0.53,-0.007,-0.078,-0.162,-1.32,0.552,-0.313,0.1865,1.0,1.0,0.597,0.869,2.466,0.021,track
4,1909,0.006,-0.53,-0.007,-0.078,-0.162,-1.32,0.549,-0.315,0.1865,1.0,1.0,0.601,0.869,2.47,0.02,track
4,1910,0.006,-0.53,-0.008,-0.078,-0.162,-1.32,0.543,-0.316,0.1816,1.0,1.0,0.613,0.85,2.463,0.019,track
4,1911,0.006,-0.53,-0.009,-0.078,-0.162,-1.32,0.539,-0.318,0.1797,1.0,1.0,0.618,0.842,2.46,0.034,track
4,1912,0.006,-0.53,-0.009,-0.078,-0.162,-1.32,0.537,-0.312,0.1777,1.0,1.0,0.629,0.834,2.463,0.049,track
4,1913,0.006,-0.53,-0.01,-0.078,-0.162,-1.32,0.536,-0.31,0.1758,1.0,1.0,0.632,0.826,2.458,0.074,track
4,1914,0.006,-0.529,-0.011,-0.078,-0.162,-1.32,0.534,-0.311,0.1768,1.0,1.0,0.635,0.83,2.465,0.085,track
4,1915,0.006,-0.529,-0.011,-0.078,-0.162,-1.32,0.532,-0.312,0.1768,1.0,1.0,0.639,0.83,2.469,0.083,track
4,1916,0.006,-0.529,-0.012,-0.078,-0.162,-1.32,0.532,-0.311,0.1758,1.0,1.0,0.64,0.826,2.465,0.09,track
4,1917,0.006,-0.529,-0.012,-0.078,-0.162,-1.32,0.531,-0.315,0.1748,1.0,1.0,0.636,0.822,2.458,0.082,track
4,1918,0.006,-0.529,-0.012,-0.078,-0.162,-1.32,0.531,-0.315,0.1748,1.0,1.0,0.636,0.822,2.458,0.091,track
4,1919,0.007,-0.529,-0.013,-0.078,-0.162,-1.32,0.529,-0.309,0.1729,1.0,1.0,0.649,0.813,2.462,0.082,track
4,1920,0.007,-0.529,-0.013,-0.078,-0.162,-1.32,0.527,-0.306,0.1719,1.0,1.0,0.657,0.809,2.466,0.063,track
4,1921,0.007,-0.529,-0.014,-0.078,-0.162,-1.32,0.526,-0.305,0.1709,1.0,1.0,0.658,0.805,2.463,0.06,track
4,1922,0.007,-0.529,-0.014,-0.078,-0.162,-1.32,0.526,-0.305,0.1709,1.0,1.0,0.658,0.805,2.463,0.059,track
4,1923,0.007,-0.529,-0.014,-0.078,-0.162,-1.32,0.525,-0.306,0.1689,1.0,1.0,0.661,0.796,2.457,0.049,track
4,1924,0.007,-0.529,-0.014,-0.078,-0.162,-1.32,0.525,-0.306,0.1689,1.0,1.0,0.661,0.796,2.457,0.042,track
4,1925,0.007,-0.529,-0.015,-0.078,-0.162,-1.32,0.525,-0.306,0.1689,1.0,1.0,0.661,0.796,2.457,0.046,track
4,1926,0.007,-0.529,-0.015,-0.078,-0.162,-1.32,0.524,-0.302,0.168,1.0,1.0,0.668,0.792,2.459,0.035,track
4,1927,0.007,-0.529,-0.015,-0.078,-0.162,-1.32,0.523,-0.306,0.1689,1.0,1.0,0.665,0.796,2.461,0.04,track
4,1928,0.007,-0.529,-0.015,-0.078,-0.162,-1.32,0.523,-0.306,0.1689,1.0,1.0,0.665,0.796,2.461,0.048,track
4,1929,0.007,-0.529,-0.015,-0.078,-0.162,-1.32,0.523,-0.306,0.1689,1.0,1.0,0.665,0.796,2.461,0.043,track
4,1930,0.007,-0.529,-0.015,-0.078,-0.162,-1.32,0.522,-0.303,0.168,1.0,1.0,0.671,0.792,2.462,0.041,track
4,1931,0.007,-0.529,-0.015,-0.078,-0.162,-1.32,0.522,-0.303,0.168,1.0,1.0,0.671,0.792,2.462,0.049,track
4,1932,0.007,-0.529,-0.016,-0.078,-0.162,-1.32,0.522,-0.306,0.167,1.0,1.0,0.666,0.787,2.453,0.045,track
4,1933,0.007,-0.529,-0.016,-0.078,-0.162,-1.32,0.522,-0.306,0.167,1.0,1.0,0.666,0.787,2.453,0.043,track
4,1934,0.008,-0.529,-0.016,-0.078,-0.162,-1.32,0.524,-0.308,0.166,1.0,1.0,0.66,0.783,2.443,0.037,track
4,1935,0.008,-0.529,-0.016,-0.078,-0.162,-1.32,0.525,-0.304,0.165,1.0,1.0,0.663,0.778,2.442,0.046,track
4,1936,0.008,-0.529,-0.016,-0.078,-0.162,-1.32,0.525,-0.304,0.165,1.0,1.0,0.663,0.778,2.442,0.035,track
4,1937,0.008,-0.529,-0.016,-0.078,-0.162,-1.32,0.526,-0.307,0.1641,1.0,1.0,0.658,0.774,2.432,0.035,track
4,1938,0.008,-0.529,-0.015,-0.078,-0.162,-1.32,0.527,-0.31,0.1631,1.0,1.0,0.652,0.769,2.421,0.041,track
4,1939,0.008,-0.529,-0.015,-0.078,-0.162,-1.32,0.529,-0.308,0.1621,1.0,1.0,0.649,0.765,2.414,0.05,track
4,1940,0.008,-0.53,-0.015,-0.078,-0.162,-1.32,0.529,-0.308,0.1621,1.0,1.0,0.649,0.765,2.414,0.053,track
4,1941,0.008,-0.53,-0.015,-0.078,-0.162,-1.32,0.529,-0.308,0.1621,1.0,1.0,0.649,0.765,2.414,0.046,track
4,1942,0.008,-0.53,-0.015,-0.078,-0.162,-1.32,0.529,-0.309,0.1631,1.0,1.0,0.648,0.769,2.417,0.04,track
4,1943,0.008,-0.53,-0.014,-0.078,-0.162,-1.32,0.529,-0.309,0.1631,1.0,1.0,0.648,0.769,2.417,0.03,track
4,1944,0.008,-0.53,-0.014,-0.078,-0.162,-1.32,0.531,-0.309,0.1621,1.0,1.0,0.643,0.765,2.408,0.025,track
4,1945,0.008,-0.53,-0.014,-0.078,-0.162,-1.32,0.534,-0.314,0.1621,1.0,1.0,0.633,0.765,2.398,0.035,track
4,1946,0.008,-0.53,-0.013,-0.078,-0.162,-1.32,0.534,-0.314,0.1621,1.0,1.0,0.633,0.765,2.398,0.044,track
4,1947,0.008,-0.531,-0.013,-0.078,-0.162,-1.32,0.535,-0.313,0.1641,1.0,1.0,0.631,0.774,2.405,0.034,track
4,1948,0.008,-0.531,-0.012,-0.078,-0.162,-1.32,0.536,-0.313,0.165,1.0,1.0,0.631,0.778,2.409,0.021,track
4,1949,0.008,-0.531,-0.012,-0.078,-0.162,-1.32,0.536,-0.315,0.166,1.0,1.0,0.627,0.783,2.409,0.02,track
4,1950,0.008,-0.531,-0.011,-0.078,-0.162,-1.32,0.54,-0.317,0.167,1.0,1.0,0.617,0.787,2.404,0.021,track
4,1951,0.008,-0.531,-0.011,-0.078,-0.162,-1.32,0.542,-0.314,0.166,1.0,1.0,0.617,0.783,2.399,0.023,track
4,1952,0.008,-0.531,-0.01,-0.078,-0.162,-1.32,0.545,-0.313,0.166,1.0,1.0,0.612,0.783,2.394,0.012,track
4,1953,0.008,-0.532,-0.01,-0.078,-0.162,-1.32,0.547,-0.319,0.168,1.0,1.0,0.602,0.792,2.393,0.016,track
4,1954,0.008,-0.532,-0.009,-0.078,-0.162,-1.32,0.547,-0.318,0.1689,1.0,1.0,0.602,0.796,2.397,0.014,track
4,1955,0.007,-0.532,-0.009,-0.078,-0.162,-1.32,0.547,-0.32,0.1699,1.0,1.0,0.599,0.8,2.399,0.025,track
4,1956,0.007,-0.532,-0.008,-0.078,-0.162,-1.32,0.551,-0.323,0.1699,1.0,1.0,0.588,0.8,2.389,0.02,track
4,1957,0.007,-0.532,-0.008,-0.078,-0.162,-1.32,0.551,-0.323,0.1699,1.0,1.0,0.588,0.8,2.389,0.023,track
4,1958,0.007,-0.532,-0.007,-0.078,-0.162,-1.32,0.551,-0.324,0.1709,1.0,1.0,0.586,0.805,2.391,0.017,track
4,1959,0.007,-0.533,-0.007,-0.078,-0.162,-1.32,0.555,-0.325,0.1709,1.0,1.0,0.578,0.805,2.383,0.017,track
4,1960,0.007,-0.533,-0.006,-0.078,-0.162,-1.32,0.557,-0.323,0.1709,1.0,1.0,0.577,0.805,2.382,0.019,track
4,1961,0.007,-0.533,-0.006,-0.078,-0.162,-1.32,0.559,-0.326,0.1719,1.0,1.0,0.57,0.809,2.378,0.015,track
4,1962,0.007,-0.533,-0.005,-0.078,-0.162,-1.32,0.561,-0.325,0.1738,1.0,1.0,0.566,0.818,2.384,0.014,track
4,1963,0.007,-0.533,-0.004,-0.078,-0.162,-1.32,0.563,-0.327,0.1758,1.0,1.0,0.561,0.826,2.386,0.021,track
4,1964,0.007,-0.533,-0.004,-0.078,-0.162,-1.32,0.568,-0.325,0.1758,1.0,1.0,0.553,0.826,2.379,0.025,track
4,1965,0.007,-0.534,-0.003,-0.078,-0.162,-1.32,0.57,-0.324,0.1768,1.0,1.0,0.55,0.83,2.38,0.021,track
4,1966,0.007,-0.534,-0.003,-0.078,-0.162,-1.32,0.571,-0.324,0.1777,1.0,1.0,0.55,0.834,2.383,0.015,track
4,1967,0.007,-0.534,-0.002,-0.078,-0.162,-1.32,0.574,-0.325,0.1807,1.0,1.0,0.542,0.846,2.388,0.021,track
4,1968,0.007,-0.534,-0.002,-0.078,-0.162,-1.32,0.576,-0.328,0.1816,1.0,1.0,0.536,0.85,2.386,0.029,track
4,1969,0.006,-0.534,-0.001,-0.078,-0.162,-1.32,0.58,-0.33,0.1826,1.0,1.0,0.526,0.854,2.38,0.029,track
4,1970,0.006,-0.534,-0.001,-0.078,-0.162,-1.32,0.581,-0.328,0.1826,1.0,1.0,0.526,0.854,2.38,0.023,track
4,1971,0.006,-0.535,-0.0,-0.078,-0.162,-1.32,0.583,-0.33,0.1836,1.0,1.0,0.52,0.858,2.378,0.033,track
4,1972,0.006,-0.535,0.0,-0.078,-0.162,-1.32,0.583,-0.331,0.1846,1.0,1.0,0.518,0.862,2.38,0.026,track
4,1973,0.006,-0.535,0.001,-0.078,-0.162,-1.32,0.585,-0.333,0.1836,1.0,1.0,0.514,0.858,2.371,0.03,track
4,1974,0.006,-0.535,0.001,-0.078,-0.162,-1.32,0.587,-0.332,0.1826,1.0,1.0,0.512,0.854,2.366,0.011,track
4,1975,0.006,-0.535,0.002,-0.078,-0.162,-1.32,0.589,-0.334,0.1826,1.0,1.0,0.506,0.854,2.36,0.021,track
4,1976,0.006,-0.535,0.002,-0.078,-0.162,-1.32,0.59,-0.336,0.1836,1.0,1.0,0.502,0.858,2.36,0.017,track
4,1977,0.006,-0.535,0.002,-0.078,-0.162,-1.32,0.592,-0.333,0.1836,1.0,1.0,0.501,0.858,2.359,0.01,track
4,1978,0.006,-0.535,0.003,-0.078,-0.162,-1.32,0.595,-0.331,0.1875,1.0,1.0,0.497,0.873,2.37,0.003,track
4,1979,0.005,-0.535,0.003,-0.078,-0.162,-1.32,0.599,-0.332,0.1904,1.0,1.0,0.49,0.884,2.374,0.021,track
4,1980,0.005,-0.536,0.004,-0.078,-0.162,-1.32,0.599,-0.334,0.1914,1.0,1.0,0.487,0.888,2.375,0.017,track
4,1981,0.005,-0.536,0.004,-0.078,-0.162,-1.32,0.601,-0.336,0.1924,1.0,1.0,0.482,0.891,2.373,0.021,track
4,1982,0.005,-0.536,0.005,-0.078,-0.162,-1.32,0.603,-0.331,0.1924,1.0,1.0,0.483,0.891,2.374,0.02,track
4,1983,0.005,-0.536,0.005,-0.078,-0.162,-1.32,0.606,-0.326,0.1934,1.0,1.0,0.483,0.895,2.378,0.023,track
4,1984,0.005,-0.536,0.005,-0.078,-0.162,-1.32,0.606,-0.326,0.1934,1.0,1.0,0.483,0.895,2.378,0.029,track
4,1985,0.005,-0.536,0.006,-0.078,-0.162,-1.32,0.606,-0.328,0.1943,1.0,1.0,0.481,0.898,2.379,0.031,track
4,1986,0.005,-0.536,0.006,-0.078,-0.162,-1.32,0.608,-0.324,0.1953,1.0,1.0,0.482,0.901,2.383,0.038,track
4,1987,0.005,-0.536,0.006,-0.078,-0.162,-1.32,0.608,-0.324,0.1953,1.0,1.0,0.482,0.901,2.383,0.038,track
4,1988,0.005,-0.536,0.006,-0.078,-0.162,-1.32,0.608,-0.321,0.1943,1.0,1.0,0.484,0.898,2.381,0.041,track
4,1989,0.005,-0.536,0.007,-0.078,-0.162,-1.32,0.61,-0.324,0.1963,1.0,1.0,0.478,0.905,2.383,0.04,track
4,1990,0.005,-0.536,0.007,-0.078,-0.162,-1.32,0.611,-0.32,0.1973,1.0,1.0,0.479,0.908,2.387,0.046,track
4,1991,0.004,-0.536,0.007,-0.078,-0.162,-1.32,0.613,-0.322,0.1982,1.0,1.0,0.475,0.911,2.386,0.044,track
4,1992,0.004,-0.536,0.007,-0.078,-0.162,-1.32,0.613,-0.322,0.1982,1.0,1.0,0.475,0.911,2.386,0.048,track
4,1993,0.004,-0.536,0.007,-0.078,-0.162,-1.32,0.611,-0.321,0.2012,1.0,1.0,0.479,0.921,2.399,0.04,track
4,1994,0.004,-0.536,0.007,-0.078,-0.162,-1.32,0.611,-0.318,0.2021,1.0,1.0,0.483,0.924,2.406,0.066,track
4,1995,0.004,-0.536,0.007,-0.078,-0.162,-1.32,0.611,-0.318,0.2021,1.0,1.0,0.483,0.924,2.406,0.062,track
4,1996,0.004,-0.535,0.007,-0.078,-0.162,-1.32,0.612,-0.312,0.2041,1.0,1.0,0.487,0.929,2.416,0.061,track
4,1997,0.004,-0.535,0.007,-0.078,-0.162,-1.32,0.61,-0.31,0.2051,1.0,1.0,0.491,0.932,2.423,0.071,track
4,1998,0.004,-0.535,0.007,-0.078,-0.162,-1.32,0.61,-0.31,0.2051,1.0,1.0,0.491,0.932,2.423,0.072,track
4,1999,0.004,-0.535,0.006,-0.078,-0.162,-1.32,0.61,-0.31,0.2051,1.0,1.0,0.491,0.932,2.423,0.065,track
4,2000,0.004,-0.535,0.006,-0.078,-0.162,-1.32,0.608,-0.311,0.2031,1.0,1.0,0.493,0.927,2.419,0.069,track
5,1,0.02,-0.124,0.189,0.019,-0.125,-1.205,0.09,0.018,0.2793,1.0,0.981,1.95,0.888,3.819,0.7,track
5,2,0.021,-0.123,0.19,0.019,-0.125,-1.205,0.095,0.061,0.2803,1.0,0.961,1.925,0.88,3.766,0.813,track
5,3,0.021,-0.123,0.19,0.019,-0.125,-1.205,0.07,0.102,0.2773,1.0,0.935,1.91,0.901,3.746,0.744,track
5,4,0.022,-0.122,0.19,0.019,-0.125,-1.205,0.057,0.145,0.2754,1.0,0.953,1.859,0.914,3.727,0.326,track
5,5,0.023,-0.121,0.19,0.019,-0.125,-1.205,0.03,0.188,0.2803,1.0,0.958,1.794,0.88,3.632,0.378,track
5,6,0.023,-0.12,0.19,0.019,-0.125,-1.205,0.0,0.216,0.2764,1.0,0.965,1.738,0.908,3.611,0.295,track
5,7,0.024,-0.12,0.189,0.019,-0.125,-1.205,-0.015,0.248,0.2764,1.0,0.972,1.663,0.908,3.542,0.224,track
5,8,0.025,-0.119,0.189,0.019,-0.125,-1.205,-0.037,0.259,0.2812,1.0,0.976,1.628,0.873,3.477,0.197,track
5,9,0.026,-0.118,0.189,0.019,-0.125,-1.205,-0.062,0.274,0.2744,1.0,0.979,1.579,0.921,3.479,0.179,track
5,10,0.026,-0.118,0.188,0.019,-0.125,-1.205,-0.067,0.286,0.2725,1.0,0.983,1.544,0.932,3.46,0.168,track
5,11,0.027,-0.118,0.188,0.019,-0.125,-1.205,-0.089,0.297,0.2773,1.0,0.983,1.499,0.901,3.383,0.198,track
5,12,0.028,-0.117,0.187,0.019,-0.125,-1.205,-0.098,0.306,0.2764,1.0,0.984,1.467,0.908,3.359,0.164,track
5,13,0.029,-0.117,0.187,0.019,-0.125,-1.205,-0.109,0.31,0.2754,1.0,0.984,1.446,0.914,3.344,0.165,track
5,14,0.029,-0.117,0.187,0.019,-0.125,-1.205,-0.122,0.316,0.2695,1.0,0.984,1.417,0.948,3.349,0.156,track
5,15,0.03,-0.117,0.186,0.019,-0.125,-1.205,-0.125,0.316,0.2695,1.0,0.984,1.415,0.948,3.347,0.138,track
5,16,0.031,-0.117,0.186,0.019,-0.125,-1.205,-0.131,0.319,0.2715,1.0,0.983,1.399,0.938,3.32,0.156,track
5,17,0.031,-0.117,0.185,0.019,-0.125,-1.205,-0.139,0.316,0.2744,1.0,0.983,1.398,0.921,3.302,0.139,track
5,18,0.032,-0.117,0.185,0.019,-0.125,-1.205,-0.144,0.317,0.2773,1.0,0.983,1.391,0.901,3.275,0.138,track
5,19,0.032,-0.117,0.184,0.019,-0.125,-1.205,-0.151,0.313,0.2793,1.0,0.982,1.391,0.888,3.261,0.126,track
5,20,0.033,-0.117,0.184,0.019,-0.125,-1.205,-0.158,0.307,0.2793,1.0,0.982,1.399,0.888,3.268,0.106,track
5,21,0.033,-0.117,0.183,0.019,-0.125,-1.205,-0.165,0.31,0.2793,1.0,0.981,1.383,0.888,3.252,0.092,track
5,22,0.034,-0.118,0.182,0.019,-0.125,-1.205,-0.165,0.307,0.2803,1.0,0.981,1.388,0.88,3.25,0.075,track
5,23,0.034,-0.118,0.181,0.019,-0.125,-1.205,-0.178,0.302,0.2744,1.0,0.981,1.384,0.921,3.285,0.063,track
5,24,0.034,-0.119,0.18,0.019,-0.125,-1.205,-0.183,0.29,0.2783,1.0,0.98,1.405,0.895,3.28,0.072,track
5,25,0.035,-0.119,0.179,0.019,-0.125,-1.205,-0.187,0.287,0.2754,1.0,0.98,1.407,0.914,3.302,0.083,track
5,26,0.035,-0.12,0.178,0.019,-0.125,-1.205,-0.19,0.277,0.2764,1.0,0.98,1.426,0.908,3.315,0.063,track
5,27,0.035,-0.121,0.177,0.019,-0.125,-1.205,-0.197,0.274,0.2803,1.0,0.98,1.422,0.88,3.283,0.072,track
5,28,0.035,-0.122,0.176,0.019,-0.125,-1.205,-0.207,0.266,0.2842,1.0,0.98,1.422,0.85,3.252,0.078,track
5,29,0.035,-0.123,0.175,0.019,-0.125,-1.205,-0.212,0.26,0.2861,1.0,0.979,1.427,0.834,3.24,0.106,track
5,30,0.036,-0.123,0.174,0.019,-0.125,-1.205,-0.219,0.25,0.2891,1.0,0.979,1.436,0.809,3.224,0.102,track
5,31,0.036,-0.124,0.172,0.019,-0.125,-1.205,-0.222,0.245,0.2881,1.0,0.979,1.44,0.818,3.236,0.112,track
5,32,0.036,-0.126,0.171,0.019,-0.125,-1.205,-0.227,0.237,0.29,1.0,0.978,1.448,0.8,3.227,0.102,track
5,33,0.036,-0.127,0.169,0.019,-0.125,-1.205,-0.236,0.229,0.2891,1.0,0.978,1.446,0.809,3.233,0.109,track
5,34,0.035,-0.128,0.167,0.019,-0.125,-1.205,-0.242,0.221,0.2881,1.0,0.978,1.448,0.818,3.244,0.122,track
5,35,0.035,-0.129,0.165,0.019,-0.125,-1.205,-0.255,0.215,0.2871,1.0,0.978,1.432,0.826,3.235,0.133,track
5,36,0.035,-0.13,0.163,0.019,-0.125,-1.205,-0.26,0.205,0.292,1.0,0.977,1.439,0.783,3.199,0.152,track
5,37,0.035,-0.132,0.161,0.019,-0.125,-1.205,-0.266,0.199,0.293,1.0,0.978,1.436,0.774,3.188,0.172,track
5,38,0.034,-0.133,0.159,0.019,-0.125,-1.205,-0.269,0.192,0.2949,1.0,0.977,1.441,0.756,3.174,0.167,track
5,39,0.034,-0.134,0.156,0.019,-0.125,-1.205,-0.274,0.185,0.2969,1.0,0.977,1.442,0.737,3.156,0.164,track
5,40,0.034,-0.136,0.153,0.019,-0.125,-1.205,-0.275,0.178,0.2979,1.0,0.977,1.45,0.728,3.155,0.163,track
5,41,0.033,-0.137,0.151,0.019,-0.125,-1.205,-0.278,0.17,0.2979,1.0,0.977,1.454,0.728,3.159,0.138,track
5,42,0.032,-0.139,0.148,0.019,-0.125,-1.205,-0.279,0.164,0.3008,1.0,0.977,1.462,0.699,3.138,0.111,track
5,43,0.032,-0.14,0.144,0.019,-0.125,-1.205,-0.281,0.161,0.3018,1.0,0.977,1.46,0.689,3.126,0.1,track
5,44,0.031,-0.142,0.141,0.019,-0.125,-1.205,-0.281,0.154,0.2979,1.0,0.977,1.471,0.728,3.175,0.102,track
5,45,0.03,-0.144,0.138,0.019,-0.125,-1.205,-0.279,0.15,0.2939,1.0,0.977,1.48,0.765,3.221,0.092,track
5,46,0.029,-0.146,0.135,0.019,-0.125,-1.205,-0.275,0.143,0.293,1.0,0.977,1.5,0.774,3.251,0.083,track
5,47,0.028,-0.147,0.131,0.019,-0.125,-1.205,-0.272,0.125,0.2861,1.0,0.977,1.527,0.834,3.338,0.061,track
5,48,0.027,-0.149,0.128,0.019,-0.125,-1.205,-0.269,0.113,0.2783,1.0,0.977,1.549,0.895,3.421,0.075,track
5,49,0.026,-0.151,0.125,0.019,-0.125,-1.205,-0.256,0.098,0.2734,1.0,0.977,1.596,0.927,3.5,0.039,track
5,50,0.025,-0.153,0.121,0.019,-0.125,-1.205,-0.237,0.087,0.2627,1.0,0.978,1.651,0.978,3.607,0.057,track
5,51,0.024,-0.155,0.118,0.019,-0.125,-1.205,-0.225,0.075,0.2539,1.0,0.978,1.688,0.998,3.664,0.091,track
5,52,0.023,-0.157,0.115,0.019,-0.125,-1.205,-0.211,0.064,0.2471,1.0,0.978,1.729,1.0,3.707,0.072,track
5,53,0.021,-0.159,0.111,0.019,-0.125,-1.205,-0.208,0.054,0.2373,1.0,0.978,1.741,0.994,3.714,0.076,track
5,54,0.02,-0.162,0.108,0.019,-0.125,-1.205,-0.183,0.04,0.2344,1.0,0.98,1.8,0.992,3.771,0.088,track
5,55,0.018,-0.164,0.105,0.019,-0.125,-1.205,-0.167,0.035,0.2246,1.0,0.981,1.834,0.978,3.792,0.087,track
5,56,0.017,-0.166,0.102,0.019,-0.125,-1.205,-0.155,0.016,0.2148,1.0,0.981,1.859,0.958,3.798,0.115,track
5,57,0.015,-0.169,0.1,0.019,-0.125,-1.205,-0.15,-0.005,0.2139,1.0,0.983,1.87,0.956,3.808,0.157,track
5,58,0.013,-0.171,0.097,0.019,-0.125,-1.205,-0.127,-0.012,0.2158,1.0,0.983,1.904,0.96,3.848,0.175,track
5,59,0.012,-0.173,0.094,0.019,-0.125,-1.205,-0.115,-0.028,0.2051,1.0,0.985,1.918,0.932,3.836,0.206,track
5,60,0.01,-0.176,0.092,0.019,-0.125,-1.205,-0.094,-0.051,0.2012,1.0,0.985,1.933,0.921,3.839,0.226,track
5,61,0.008,-0.178,0.09,0.019,-0.125,-1.205,-0.077,-0.061,0.2002,1.0,0.986,1.942,0.917,3.845,0.256,track
5,62,0.006,-0.181,0.088,0.019,-0.125,-1.205,-0.063,-0.079,0.2012,1.0,0.987,1.94,0.921,3.847,0.269,track
5,63,0.005,-0.184,0.086,0.019,-0.125,-1.205,-0.058,-0.099,0.1982,1.0,0.988,1.922,0.911,3.821,0.279,track
5,64,0.003,-0.186,0.084,0.019,-0.125,-1.205,-0.034,-0.124,0.1855,1.0,0.988,1.903,0.866,3.757,0.255,track
5,65,0.001,-0.189,0.083,0.019,-0.125,-1.205,-0.007,-0.126,0.1895,1.0,0.987,1.907,0.88,3.775,0.264,track
5,66,-0.001,-0.192,0.082,0.019,-0.125,-1.205,-0.001,-0.146,0.1895,1.0,0.988,1.876,0.88,3.745,0.24,track
5,67,-0.003,-0.194,0.08,0.019,-0.125,-1.205,0.006,-0.173,0.1875,1.0,0.988,1.828,0.873,3.689,0.247,track
5,68,-0.005,-0.197,0.079,0.019,-0.125,-1.205,0.028,-0.171,0.1777,1.0,0.986,1.828,0.834,3.648,0.26,track
5,69,-0.007,-0.2,0.079,0.019,-0.125,-1.205,0.053,-0.211,0.1846,1.0,0.988,1.736,0.862,3.586,0.193,track
5,70,-0.009,-0.203,0.078,0.019,-0.125,-1.205,0.053,-0.237,0.1826,1.0,0.983,1.676,0.854,3.513,0.278,track
5,71,-0.011,-0.206,0.078,0.019,-0.125,-1.205,0.06,-0.246,0.1797,1.0,0.982,1.65,0.842,3.474,0.285,track
5,72,-0.012,-0.208,0.078,0.019,-0.125,-1.205,0.077,-0.257,0.1699,1.0,0.984,1.612,0.8,3.396,0.243,track
5,73,-0.014,-0.211,0.078,0.019,-0.125,-1.205,0.099,-0.271,0.167,1.0,0.983,1.558,0.787,3.328,0.23,track
5,74,-0.016,-0.214,0.078,0.019,-0.125,-1.205,0.105,-0.27,0.1611,1.0,0.982,1.555,0.76,3.297,0.236,track
5,75,-0.018,-0.217,0.078,0.019,-0.125,-1.205,0.107,-0.275,0.1543,1.0,0.983,1.542,0.728,3.252,0.178,track
5,76,-0.02,-0.219,0.079,0.019,-0.125,-1.205,0.113,-0.269,0.1494,1.0,0.983,1.549,0.704,3.236,0.146,track
5,77,-0.022,-0.222,0.08,0.019,-0.125,-1.205,0.108,-0.28,0.1514,1.0,0.986,1.525,0.713,3.225,0.166,track
5,78,-0.023,-0.225,0.081,0.019,-0.125,-1.205,0.126,-0.296,0.1504,1.0,0.985,1.465,0.709,3.159,0.059,track
5,79,-0.025,-0.227,0.082,0.019,-0.125,-1.205,0.153,-0.309,0.1455,1.0,0.985,1.401,0.684,3.071,0.127,track
5,80,-0.027,-0.23,0.083,0.019,-0.125,-1.205,0.152,-0.304,0.1426,1.0,0.983,1.414,0.67,3.066,0.199,track
5,81,-0.029,-0.232,0.084,0.019,-0.125,-1.205,0.158,-0.322,0.1406,1.0,0.985,1.359,0.66,3.004,0.169,track
5,82,-0.03,-0.235,0.085,0.019,-0.125,-1.205,0.157,-0.339,0.1406,1.0,0.981,1.317,0.66,2.959,0.181,track
5,83,-0.032,-0.237,0.086,0.019,-0.125,-1.205,0.161,-0.352,0.1426,1.0,0.98,1.276,0.67,2.927,0.148,track
5,84,-0.034,-0.24,0.087,0.019,-0.125,-1.205,0.165,-0.364,0.1436,1.0,0.979,1.24,0.675,2.894,0.175,track
5,85,-0.035,-0.242,0.088,0.019,-0.125,-1.205,0.169,-0.369,0.1396,1.0,0.979,1.22,0.655,2.855,0.102,track
5,86,-0.037,-0.244,0.089,0.019,-0.125,-1.205,0.185,-0.378,0.1387,1.0,0.978,1.177,0.65,2.805,0.126,track
5,87,-0.038,-0.246,0.09,0.019,-0.125,-1.205,0.206,-0.387,0.1377,1.0,0.978,1.125,0.645,2.748,0.095,track
5,88,-0.04,-0.248,0.092,0.019,-0.125,-1.205,0.212,-0.398,0.1348,1.0,0.977,1.086,0.631,2.694,0.095,track
5,89,-0.042,-0.25,0.093,0.019,-0.125,-1.205,0.209,-0.417,0.1357,1.0,0.976,1.042,0.636,2.653,0.057,track
5,90,-0.043,-0.252,0.094,0.019,-0.125,-1.205,0.208,-0.43,0.1377,1.0,0.974,1.007,0.645,2.626,0.074,track
5,91,-0.045,-0.254,0.096,0.019,-0.125,-1.205,0.215,-0.434,0.1377,1.0,0.972,0.991,0.645,2.608,0.067,track
5,92,-0.046,-0.256,0.097,0.019,-0.125,-1.205,0.22,-0.433,0.1328,1.0,0.972,0.984,0.621,2.578,0.08,track
5,93,-0.048,-0.258,0.098,0.019,-0.125,-1.205,0.232,-0.438,0.1338,1.0,0.972,0.957,0.626,2.555,0.057,track
5,94,-0.049,-0.259,0.1,0.019,-0.125,-1.205,0.248,-0.446,0.1367,1.0,0.972,0.917,0.64,2.53,0.076,track
5,95,-0.05,-0.261,0.101,0.019,-0.125,-1.205,0.264,-0.467,0.1396,1.0,0.972,0.842,0.655,2.47,0.085,track
5,96,-0.052,-0.262,0.102,0.019,-0.125,-1.205,0.272,-0.472,0.1387,1.0,0.97,0.82,0.65,2.441,0.129,track
5,97,-0.053,-0.263,0.103,0.019,-0.125,-1.205,0.275,-0.475,0.1377,1.0,0.97,0.81,0.645,2.426,0.095,track
5,98,-0.055,-0.265,0.105,0.019,-0.125,-1.205,0.276,-0.47,0.1367,1.0,0.969,0.821,0.64,2.431,0.078,track
5,99,-0.056,-0.266,0.106,0.019,-0.125,-1.205,0.286,-0.466,0.1367,1.0,0.969,0.817,0.64,2.426,0.065,track
5,100,-0.057,-0.267,0.107,0.019,-0.125,-1.205,0.289,-0.477,0.1367,1.0,0.968,0.786,0.64,2.395,0.066,track
5,101,-0.059,-0.268,0.107,0.019,-0.125,-1.205,0.313,-0.493,0.1406,1.0,0.968,0.719,0.66,2.347,0.1,track
5,102,-0.06,-0.269,0.108,0.019,-0.125,-1.205,0.327,-0.494,0.1367,1.0,0.966,0.698,0.64,2.304,0.213,track
5,103,-0.061,-0.27,0.109,0.019,-0.125,-1.205,0.325,-0.487,0.1348,1.0,0.966,0.716,0.631,2.312,0.193,track
5,104,-0.063,-0.27,0.11,0.019,-0.125,-1.205,0.328,-0.48,0.1387,1.0,0.965,0.725,0.65,2.34,0.102,track
5,105,-0.064,-0.271,0.11,0.019,-0.125,-1.205,0.334,-0.476,0.1387,1.0,0.965,0.725,0.65,2.34,0.085,track
5,106,-0.065,-0.272,0.111,0.019,-0.125,-1.205,0.339,-0.474,0.1396,1.0,0.964,0.722,0.655,2.341,0.049,track
5,107,-0.066,-0.272,0.111,0.019,-0.125,-1.205,0.344,-0.474,0.1406,1.0,0.964,0.715,0.66,2.339,0.059,track
5,108,-0.067,-0.272,0.112,0.019,-0.125,-1.205,0.345,-0.475,0.1396,1.0,0.964,0.711,0.655,2.33,0.062,track
5,109,-0.068,-0.272,0.112,0.019,-0.125,-1.205,0.374,-0.492,0.1406,1.0,0.964,0.636,0.66,2.26,0.067,track
5,110,-0.069,-0.273,0.112,0.019,-0.125,-1.205,0.384,-0.494,0.1406,1.0,0.963,0.617,0.66,2.24,0.154,track
5,111,-0.07,-0.273,0.113,0.019,-0.125,-1.205,0.396,-0.485,0.1396,1.0,0.963,0.616,0.655,2.234,0.142,track
5,112,-0.071,-0.273,0.113,0.019,-0.125,-1.205,0.398,-0.478,0.1377,1.0,0.963,0.627,0.645,2.235,0.09,track
5,113,-0.072,-0.272,0.113,0.019,-0.125,-1.205,0.395,-0.466,0.1416,1.0,0.963,0.652,0.665,2.28,0.109,track
5,114,-0.073,-0.272,0.114,0.019,-0.125,-1.205,0.396,-0.456,0.1445,1.0,0.963,0.669,0.68,2.312,0.104,track
5,115,-0.074,-0.272,0.114,0.019,-0.125,-1.205,0.391,-0.455,0.1465,1.0,0.963,0.68,0.689,2.332,0.116,track
5,116,-0.075,-0.271,0.114,0.019,-0.125,-1.205,0.404,-0.445,0.1484,1.0,0.963,0.677,0.699,2.34,0.082,track
5,117,-0.076,-0.271,0.114,0.019,-0.125,-1.205,0.395,-0.446,0.1494,1.0,0.964,0.689,0.704,2.357,0.108,track
5,118,-0.077,-0.27,0.114,0.019,-0.125,-1.205,0.401,-0.426,0.1533,1.0,0.965,0.716,0.723,2.404,0.143,track
5,119,-0.078,-0.269,0.114,0.019,-0.125,-1.205,0.41,-0.421,0.1543,1.0,0.965,0.71,0.728,2.403,0.139,track
5,120,-0.079,-0.269,0.114,0.019,-0.125,-1.205,0.4,-0.412,0.1523,1.0,0.966,0.744,0.718,2.428,0.174,track
5,121,-0.079,-0.268,0.114,0.019,-0.125,-1.205,0.403,-0.411,0.1543,1.0,0.968,0.739,0.728,2.435,0.186,track
5,122,-0.08,-0.267,0.113,0.019,-0.125,-1.205,0.412,-0.394,0.1602,1.0,0.969,0.755,0.756,2.48,0.138,track
5,123,-0.081,-0.266,0.113,0.019,-0.125,-1.205,0.411,-0.386,0.1582,1.0,0.969,0.77,0.746,2.486,0.189,track
5,124,-0.081,-0.265,0.112,0.019,-0.125,-1.205,0.409,-0.381,0.1611,1.0,0.971,0.784,0.76,2.515,0.199,track
5,125,-0.082,-0.263,0.112,0.019,-0.125,-1.205,0.41,-0.36,0.1592,1.0,0.972,0.817,0.751,2.54,0.186,track
5,126,-0.082,-0.262,0.111,0.019,-0.125,-1.205,0.406,-0.347,0.1631,1.0,0.972,0.849,0.769,2.591,0.207,track
5,127,-0.083,-0.261,0.111,0.019,-0.125,-1.205,0.409,-0.345,0.166,1.0,0.974,0.847,0.783,2.603,0.215,track
5,128,-0.083,-0.259,0.11,0.019,-0.125,-1.205,0.401,-0.339,0.166,1.0,0.975,0.875,0.783,2.633,0.205,track
5,129,-0.084,-0.258,0.109,0.019,-0.125,-1.205,0.407,-0.332,0.1729,1.0,0.976,0.875,0.813,2.664,0.17,track
5,130,-0.084,-0.256,0.109,0.019,-0.125,-1.205,0.402,-0.32,0.1758,1.0,0.978,0.907,0.826,2.71,0.156,track
5,131,-0.085,-0.254,0.108,0.019,-0.125,-1.205,0.408,-0.33,0.1826,1.0,0.978,0.875,0.854,2.707,0.166,track
5,132,-0.085,-0.253,0.107,0.019,-0.125,-1.205,0.404,-0.311,0.1816,1.0,0.98,0.917,0.85,2.747,0.145,track
5,133,-0.085,-0.251,0.106,0.019,-0.125,-1.205,0.405,-0.322,0.1875,1.0,0.981,0.896,0.873,2.75,0.117,track
5,134,-0.086,-0.249,0.104,0.019,-0.125,-1.205,0.402,-0.313,0.1895,1.0,0.983,0.919,0.88,2.782,0.134,track
5,135,-0.086,-0.247,0.103,0.019,-0.125,-1.205,0.394,-0.303,0.1904,1.0,0.984,0.953,0.884,2.821,0.116,track
5,136,-0.086,-0.246,0.102,0.019,-0.125,-1.205,0.399,-0.298,0.1973,1.0,0.983,0.951,0.908,2.842,0.086,track
5,137,-0.086,-0.244,0.1,0.019,-0.125,-1.205,0.392,-0.277,0.2002,1.0,0.983,1.002,0.917,2.902,0.133,track
5,138,-0.086,-0.242,0.098,0.019,-0.125,-1.205,0.376,-0.27,0.2012,1.0,0.983,1.052,0.921,2.956,0.129,track
5,139,-0.086,-0.24,0.097,0.019,-0.125,-1.205,0.366,-0.267,0.2002,1.0,0.985,1.081,0.917,2.984,0.136,track
5,140,-0.086,-0.238,0.095,0.019,-0.125,-1.205,0.362,-0.234,0.1992,1.0,0.987,1.145,0.914,3.046,0.11,track
5,141,-0.086,-0.236,0.093,0.019,-0.125,-1.205,0.351,-0.224,0.1982,1.0,0.985,1.189,0.911,3.085,0.164,track
5,142,-0.087,-0.234,0.091,0.019,-0.125,-1.205,0.348,-0.185,0.1934,1.0,0.987,1.255,0.895,3.138,0.138,track
5,143,-0.086,-0.232,0.09,0.019,-0.125,-1.205,0.342,-0.162,0.1953,1.0,0.983,1.3,0.901,3.185,0.149,track
5,144,-0.086,-0.23,0.088,0.019,-0.125,-1.205,0.329,-0.135,0.1934,1.0,0.982,1.368,0.895,3.245,0.166,track
5,145,-0.086,-0.227,0.086,0.019,-0.125,-1.205,0.33,-0.106,0.1904,1.0,0.982,1.395,0.884,3.261,0.187,track
5,146,-0.086,-0.225,0.085,0.019,-0.125,-1.205,0.322,-0.071,0.1875,1.0,0.98,1.444,0.873,3.296,0.244,track
5,147,-0.086,-0.223,0.084,0.019,-0.125,-1.205,0.309,-0.057,0.1885,1.0,0.979,1.488,0.877,3.344,0.253,track
5,148,-0.086,-0.221,0.083,0.019,-0.125,-1.205,0.294,-0.002,0.1836,1.0,0.979,1.544,0.858,3.382,0.221,track
5,149,-0.086,-0.219,0.082,0.019,-0.125,-1.205,0.281,0.012,0.1855,1.0,0.972,1.578,0.866,3.415,0.263,track
5,150,-0.085,-0.217,0.081,0.019,-0.125,-1.205,0.278,0.059,0.1865,1.0,0.978,1.569,0.869,3.417,0.344,track
5,151,-0.085,-0.215,0.08,0.019,-0.125,-1.205,0.266,0.092,0.1826,1.0,0.972,1.577,0.854,3.403,0.331,track
5,152,-0.084,-0.213,0.08,0.019,-0.125,-1.205,0.259,0.11,0.1816,1.0,0.982,1.578,0.85,3.411,0.309,track
5,153,-0.084,-0.212,0.08,0.019,-0.125,-1.205,0.243,0.135,0.1855,1.0,0.983,1.587,0.866,3.435,0.217,track
5,154,-0.084,-0.21,0.079,0.019,-0.125,-1.205,0.229,0.162,0.1797,1.0,0.988,1.58,0.842,3.411,0.229,track
5,155,-0.083,-0.208,0.079,0.019,-0.125,-1.205,0.217,0.167,0.1797,1.0,0.986,1.597,0.842,3.426,0.193,track
5,156,-0.083,-0.206,0.079,0.019,-0.125,-1.205,0.21,0.177,0.1797,1.0,0.99,1.595,0.842,3.427,0.245,track
5,157,-0.082,-0.205,0.079,0.019,-0.125,-1.205,0.214,0.177,0.1816,1.0,0.988,1.587,0.85,3.426,0.103,track
5,158,-0.081,-0.203,0.079,0.019,-0.125,-1.205,0.204,0.186,0.1855,1.0,0.99,1.592,0.866,3.448,0.126,track
5,159,-0.081,-0.202,0.079,0.019,-0.125,-1.205,0.191,0.179,0.1826,1.0,0.989,1.628,0.854,3.472,0.079,track
5,160,-0.08,-0.201,0.08,0.019,-0.125,-1.205,0.186,0.181,0.1836,1.0,0.989,1.634,0.858,3.481,0.106,track
5,161,-0.079,-0.199,0.08,0.019,-0.125,-1.205,0.173,0.189,0.1807,1.0,0.989,1.644,0.846,3.479,0.098,track
5,162,-0.079,-0.198,0.08,0.019,-0.125,-1.205,0.172,0.19,0.1816,1.0,0.989,1.642,0.85,3.482,0.099,track
5,163,-0.078,-0.197,0.08,0.019,-0.125,-1.205,0.168,0.189,0.1826,1.0,0.989,1.651,0.854,3.494,0.087,track
5,164,-0.077,-0.196,0.08,0.019,-0.125,-1.205,0.16,0.179,0.1777,1.0,0.989,1.683,0.834,3.506,0.116,track
5,165,-0.076,-0.195,0.08,0.019,-0.125,-1.205,0.162,0.183,0.1797,1.0,0.989,1.671,0.842,3.502,0.103,track
5,166,-0.075,-0.194,0.08,0.019,-0.125,-1.205,0.159,0.182,0.1787,1.0,0.989,1.678,0.838,3.505,0.095,track
5,167,-0.075,-0.193,0.08,0.019,-0.125,-1.205,0.163,0.188,0.1816,1.0,0.989,1.662,0.85,3.501,0.088,track
5,168,-0.074,-0.192,0.08,0.019,-0.125,-1.205,0.162,0.194,0.1826,1.0,0.989,1.652,0.854,3.495,0.081,track
5,169,-0.073,-0.191,0.079,0.019,-0.125,-1.205,0.153,0.19,0.1797,1.0,0.989,1.674,0.842,3.505,0.084,track
5,170,-0.072,-0.191,0.079,0.019,-0.125,-1.205,0.154,0.187,0.1807,1.0,0.989,1.678,0.846,3.513,0.113,track
5,171,-0.071,-0.19,0.078,0.019,-0.125,-1.205,0.153,0.189,0.1787,1.0,0.988,1.675,0.838,3.501,0.124,track
5,172,-0.07,-0.189,0.078,0.019,-0.125,-1.205,0.151,0.198,0.1738,1.0,0.988,1.661,0.818,3.467,0.13,track
5,173,-0.069,-0.189,0.077,0.019,-0.125,-1.205,0.137,0.186,0.1719,1.0,0.988,1.703,0.809,3.5,0.117,track
5,174,-0.068,-0.188,0.076,0.019,-0.125,-1.205,0.129,0.187,0.168,1.0,0.988,1.713,0.792,3.493,0.16,track
5,175,-0.067,-0.188,0.075,0.019,-0.125,-1.205,0.121,0.187,0.165,1.0,0.987,1.724,0.778,3.489,0.151,track
5,176,-0.066,-0.187,0.074,0.019,-0.125,-1.205,0.117,0.173,0.166,1.0,0.987,1.755,0.783,3.525,0.157,track
5,177,-0.065,-0.187,0.072,0.019,-0.125,-1.205,0.111,0.179,0.168,1.0,0.987,1.751,0.792,3.529,0.174,track
5,178,-0.064,-0.187,0.071,0.019,-0.125,-1.205,0.104,0.172,0.168,1.0,0.987,1.772,0.792,3.551,0.168,track
5,179,-0.063,-0.187,0.069,0.019,-0.125,-1.205,0.101,0.18,0.1621,1.0,0.987,1.76,0.765,3.511,0.175,track
5,180,-0.062,-0.187,0.067,0.019,-0.125,-1.205,0.101,0.18,0.1553,1.0,0.987,1.759,0.732,3.478,0.157,track
5,181,-0.061,-0.187,0.065,0.019,-0.125,-1.205,0.095,0.158,0.1494,1.0,0.986,1.806,0.704,3.496,0.159,track
5,182,-0.06,-0.187,0.063,0.019,-0.125,-1.205,0.095,0.159,0.1475,1.0,0.986,1.804,0.694,3.485,0.171,track
5,183,-0.059,-0.187,0.061,0.019,-0.125,-1.205,0.094,0.154,0.1445,1.0,0.986,1.815,0.68,3.48,0.127,track
5,184,-0.058,-0.187,0.058,0.019,-0.125,-1.205,0.09,0.154,0.1387,1.0,0.986,1.817,0.65,3.454,0.114,track
5,185,-0.057,-0.187,0.056,0.019,-0.125,-1.205,0.084,0.167,0.1338,1.0,0.986,1.8,0.626,3.412,0.092,track
5,186,-0.056,-0.187,0.053,0.019,-0.125,-1.205,0.078,0.15,0.1318,1.0,0.987,1.835,0.616,3.438,0.081,track
5,187,-0.055,-0.187,0.05,0.019,-0.125,-1.205,0.084,0.14,0.1289,1.0,0.987,1.847,0.601,3.434,0.101,track
5,188,-0.054,-0.188,0.047,0.019,-0.125,-1.205,0.078,0.128,0.123,1.0,0.987,1.869,0.571,3.428,0.086,track
5,189,-0.053,-0.188,0.044,0.019,-0.125,-1.205,0.065,0.099,0.123,1.0,0.987,1.917,0.571,3.476,0.078,track
5,190,-0.051,-0.189,0.041,0.019,-0.125,-1.205,0.074,0.101,0.1182,1.0,0.987,1.908,0.547,3.442,0.131,track
5,191,-0.05,-0.189,0.038,0.019,-0.125,-1.205,0.069,0.092,0.1113,1.0,0.988,1.922,0.513,3.423,0.093,track
5,192,-0.049,-0.19,0.035,0.019,-0.125,-1.205,0.083,0.088,0.1064,1.0,0.988,1.915,0.489,3.392,0.081,track
5,193,-0.048,-0.191,0.032,0.019,-0.125,-1.205,0.091,0.038,0.1035,1.0,0.988,1.942,0.475,3.405,0.073,track
5,194,-0.047,-0.191,0.029,0.019,-0.125,-1.205,0.079,0.037,0.0928,1.0,0.986,1.955,0.424,3.365,0.178,track
5,195,-0.046,-0.192,0.026,0.019,-0.125,-1.205,0.056,0.04,0.0898,1.0,0.985,1.972,0.41,3.368,0.181,track
5,196,-0.045,-0.193,0.022,0.019,-0.125,-1.205,0.081,0.017,0.0859,1.0,0.988,1.959,0.393,3.341,0.165,track
5,197,-0.044,-0.194,0.019,0.019,-0.125,-1.205,0.079,-0.018,0.0801,1.0,0.987,1.962,0.367,3.316,0.182,track
5,198,-0.042,-0.195,0.016,0.019,-0.125,-1.205,0.091,-0.015,0.0635,1.0,0.985,1.949,0.299,3.233,0.272,track
5,199,-0.041,-0.196,0.013,0.019,-0.125,-1.205,0.111,-0.08,0.0645,1.0,0.987,1.891,0.303,3.18,0.329,track
5,200,-0.04,-0.197,0.011,0.019,-0.125,-1.205,0.102,-0.086,0.0586,1.0,0.982,1.895,0.28,3.157,0.437,track
5,201,-0.039,-0.198,0.009,0.019,-0.125,-1.205,0.094,-0.142,0.042,1.0,0.987,1.832,0.223,3.041,0.456,track
5,202,-0.038,-0.199,0.007,0.019,-0.125,-1.205,0.036,-0.104,0.0469,1.0,0.985,1.928,0.239,3.152,0.409,track
5,203,-0.037,-0.2,0.006,0.019,-0.125,-1.205,0.01,-0.034,0.0361,1.0,0.99,1.993,0.204,3.186,0.368,track
5,204,-0.036,-0.201,0.005,0.019,-0.125,-1.205,-0.109,-0.037,0.0264,1.0,0.994,1.922,0.176,3.093,0.245,track
5,205,-0.035,-0.203,0.004,0.019,-0.125,-1.205,-0.127,0.029,0.0273,1.0,0.996,1.9,0.179,3.075,0.628,track
5,206,-0.034,-0.204,0.003,0.019,-0.125,-1.205,-0.158,-0.004,0.0273,1.0,0.997,1.855,0.179,3.03,0.594,track
5,207,-0.033,-0.205,0.002,0.019,-0.125,-1.205,-0.188,0.049,0.0264,1.0,0.996,1.787,0.176,2.959,0.644,track
5,208,-0.032,-0.206,0.002,0.019,-0.125,-1.205,-0.154,-0.018,0.0234,1.0,0.995,1.861,0.168,3.024,0.628,track
5,209,-0.031,-0.208,0.001,0.019,-0.125,-1.205,-0.168,-0.035,0.0244,1.0,0.994,1.832,0.171,2.997,0.608,track
5,210,-0.03,-0.209,0.001,0.019,-0.125,-1.205,-0.183,0.029,0.0254,1.0,0.996,1.805,0.173,2.975,0.507,track
5,211,-0.03,-0.21,0.0,0.019,-0.125,-1.205,-0.18,0.038,0.0254,1.0,0.993,1.806,0.173,2.973,0.429,track
5,212,-0.029,-0.212,-0.0,0.019,-0.125,-1.205,-0.164,0.052,0.0234,1.0,0.994,1.83,0.168,2.992,0.401,track
5,213,-0.028,-0.213,-0.001,0.019,-0.125,-1.205,-0.16,0.035,0.0225,1.0,0.995,1.845,0.166,3.005,0.285,track
5,214,-0.027,-0.215,-0.001,0.019,-0.125,-1.205,-0.155,0.057,0.0225,1.0,0.996,1.843,0.166,3.004,0.239,track
5,215,-0.026,-0.216,-0.002,0.019,-0.125,-1.205,-0.155,0.079,0.0225,1.0,0.995,1.827,0.166,2.987,0.169,track
5,216,-0.026,-0.218,-0.003,0.019,-0.125,-1.205,-0.152,0.098,0.0205,1.0,0.995,1.813,0.161,2.969,0.166,track
5,217,-0.025,-0.219,-0.004,0.019,-0.125,-1.205,-0.185,0.065,0.0215,1.0,0.995,1.783,0.163,2.941,0.139,track
5,218,-0.024,-0.221,-0.005,0.019,-0.125,-1.205,-0.188,0.086,0.0205,1.0,0.994,1.76,0.161,2.915,0.139,track
5,219,-0.023,-0.222,-0.006,0.019,-0.125,-1.205,-0.168,0.069,0.0186,1.0,0.995,1.812,0.156,2.963,0.125,track
5,220,-0.023,-0.224,-0.007,0.019,-0.125,-1.205,-0.217,0.103,0.0166,1.0,0.995,1.682,0.151,2.828,0.076,track
5,221,-0.022,-0.226,-0.008,0.019,-0.125,-1.205,-0.204,0.141,0.0186,1.0,0.995,1.663,0.156,2.813,0.043,track
5,222,-0.021,-0.227,-0.009,0.019,-0.125,-1.205,-0.15,0.144,0.0195,1.0,0.995,1.757,0.158,2.91,0.139,track
5,223,-0.021,-0.229,-0.011,0.019,-0.125,-1.205,-0.154,0.107,0.0166,1.0,0.995,1.8,0.151,2.945,0.117,track
5,224,-0.02,-0.231,-0.012,0.019,-0.125,-1.205,-0.168,0.178,0.0127,1.0,0.995,1.671,0.142,2.807,0.052,track
5,225,-0.019,-0.233,-0.013,0.019,-0.125,-1.205,-0.176,0.188,0.0166,1.0,0.993,1.639,0.151,2.783,0.199,track
5,226,-0.019,-0.234,-0.015,0.019,-0.125,-1.205,-0.148,0.184,0.0156,1.0,0.996,1.692,0.148,2.836,0.179,track
5,227,-0.018,-0.236,-0.016,0.019,-0.125,-1.205,-0.16,0.082,0.0156,1.0,0.995,1.815,0.148,2.958,0.123,track
5,228,-0.018,-0.238,-0.017,0.019,-0.125,-1.205,-0.142,0.112,0.0146,1.0,0.995,1.813,0.146,2.954,0.257,track
5,229,-0.017,-0.24,-0.019,0.019,-0.125,-1.205,-0.154,0.075,0.0146,1.0,0.994,1.831,0.146,2.972,0.329,track
5,230,-0.017,-0.242,-0.02,0.019,-0.125,-1.205,-0.179,-0.013,0.0137,1.0,0.996,1.817,0.144,2.956,0.303,track
5,231,-0.016,-0.244,-0.022,0.019,-0.125,-1.205,-0.196,0.179,0.0137,1.0,0.994,1.619,0.144,2.756,0.25,track
5,232,-0.016,-0.247,-0.023,0.019,-0.125,-1.205,-0.178,0.106,0.0127,1.0,0.994,1.759,0.142,2.895,0.435,track
5,233,-0.016,-0.249,-0.024,0.019,-0.125,-1.205,-0.178,0.106,0.0127,1.0,0.995,1.759,0.142,2.895,0.476,track
5,234,-0.015,-0.251,-0.025,0.019,-0.125,-1.205,-0.151,-0.01,0.0117,1.0,0.997,1.867,0.139,3.003,0.244,track
5,235,-0.015,-0.253,-0.027,0.019,-0.125,-1.205,-0.151,-0.016,0.0117,1.0,0.993,1.866,0.139,2.998,0.311,track
5,236,-0.014,-0.255,-0.028,0.019,-0.125,-1.205,-0.182,0.205,0.0107,1.0,0.996,1.598,0.137,2.73,0.224,track
5,237,-0.014,-0.257,-0.029,0.019,-0.125,-1.205,-0.104,0.174,0.0088,1.0,0.987,1.769,0.133,2.888,0.743,track
5,238,-0.014,-0.26,-0.03,0.019,-0.125,-1.205,-0.212,-0.075,0.0098,1.0,0.997,1.717,0.135,2.849,0.656,track
5,239,-0.014,-0.262,-0.031,0.019,-0.125,-1.205,-0.074,0.193,0.0107,1.0,0.986,1.759,0.137,2.883,0.419,track
5,240,-0.013,-0.264,-0.032,0.019,-0.125,-1.205,-0.072,0.163,0.0127,1.0,0.991,1.817,0.142,2.95,0.83,track
5,241,-0.013,-0.267,-0.034,0.019,-0.125,-1.205,-0.106,0.115,0.0127,1.0,0.997,1.858,0.142,2.997,0.256,track
5,242,-0.013,-0.269,-0.035,0.019,-0.125,-1.205,-0.111,0.056,0.0088,1.0,0.997,1.91,0.133,3.039,0.146,track
5,243,-0.013,-0.271,-0.036,0.019,-0.125,-1.205,-0.138,0.031,0.0098,1.0,0.998,1.884,0.135,3.017,0.31,track
5,244,-0.012,-0.274,-0.038,0.019,-0.125,-1.205,-0.142,0.045,0.0107,1.0,0.998,1.871,0.137,3.006,0.077,track
5,245,-0.012,-0.276,-0.039,0.019,-0.125,-1.205,-0.142,0.034,0.0107,1.0,0.999,1.876,0.137,3.012,0.124,track
5,246,-0.012,-0.279,-0.04,0.019,-0.125,-1.205,-0.078,0.094,0.0078,1.0,0.998,1.913,0.13,3.041,0.115,track
5,247,-0.012,-0.281,-0.041,0.019,-0.125,-1.205,-0.078,0.094,0.0078,1.0,0.994,1.913,0.13,3.037,0.481,track
5,248,-0.012,-0.284,-0.043,0.019,-0.125,-1.205,0.019,0.144,0.0098,1.0,0.997,1.878,0.135,3.01,0.33,track
5,249,-0.012,-0.286,-0.044,0.019,-0.125,-1.205,-0.098,0.196,0.0068,1.0,0.993,1.731,0.128,2.852,0.289,track
5,250,-0.012,-0.289,-0.046,0.019,-0.125,-1.205,-0.102,0.094,0.0078,1.0,0.997,1.889,0.13,3.016,0.183,track
5,251,-0.012,-0.291,-0.047,0.019,-0.125,-1.205,-0.102,0.094,0.0078,1.0,0.998,1.889,0.13,3.017,0.412,track
5,252,-0.012,-0.294,-0.049,0.019,-0.125,-1.205,-0.125,-0.039,0.0078,1.0,0.998,1.9,0.13,3.028,0.325,track
5,253,-0.012,-0.296,-0.05,0.019,-0.125,-1.205,-0.098,0.054,0.0068,1.0,0.991,1.926,0.128,3.045,0.628,track
5,254,-0.012,-0.299,-0.052,0.019,-0.125,-1.205,-0.1,-0.138,0.0049,1.0,0.999,1.834,0.124,2.957,0.518,track
5,255,-0.012,-0.301,-0.053,0.019,-0.125,-1.205,-0.028,0.056,0.0088,1.0,0.985,1.977,0.133,3.095,0.646,track
5,256,-0.012,-0.304,-0.055,0.019,-0.125,-1.205,-0.062,0.125,0.0059,1.0,0.996,1.886,0.126,3.008,0.802,track
5,257,-0.012,-0.306,-0.056,0.019,-0.125,-1.205,-0.062,0.125,0.0059,1.0,0.992,1.886,0.126,3.004,0.371,track
5,258,-0.012,-0.309,-0.057,0.019,-0.125,-1.205,-0.062,0.141,0.0039,1.0,0.998,1.863,0.122,2.983,0.449,track
5,259,-0.012,-0.312,-0.059,0.019,-0.125,-1.205,-0.062,0.141,0.0039,1.0,0.996,1.863,0.122,2.981,0.248,track
5,260,-0.012,-0.314,-0.06,0.019,-0.125,-1.205,0.042,0.271,0.0029,1.0,0.998,1.597,0.12,2.715,0.288,track
5,261,-0.012,-0.317,-0.062,0.019,-0.125,-1.205,-0.01,0.125,0.0059,1.0,0.985,1.908,0.126,3.019,0.459,track
5,262,-0.012,-0.319,-0.064,0.019,-0.125,-1.205,-0.188,-0.083,0.0029,1.0,0.999,1.763,0.12,2.882,0.653,track
5,263,-0.012,-0.322,-0.066,0.019,-0.125,-1.205,0.062,0.172,0.0039,1.0,0.977,1.809,0.122,2.908,0.716,track
5,264,-0.012,-0.325,-0.067,0.019,-0.125,-1.205,0.0,0.0,0.0,0.0,0.998,0.0,0.0,-0.002,0.901,track
5,265,-0.012,-0.327,-0.069,0.019,-0.125,-1.205,0.0,0.042,0.0029,1.0,0.984,1.99,0.12,3.094,0.889,track
5,266,-0.012,-0.33,-0.07,0.019,-0.125,-1.205,0.0,0.042,0.0029,1.0,0.999,1.99,0.12,3.109,0.642,track
5,267,-0.012,-0.333,-0.071,0.019,-0.125,-1.205,0.0,0.0,0.0,0.0,0.999,0.0,0.0,-0.001,0.08,track
5,268,-0.012,-0.335,-0.071,0.019,-0.125,-1.205,0.0,0.0,0.0,0.0,0.987,0.0,0.0,-0.013,0.885,track
5,269,-0.012,-0.338,-0.072,0.019,-0.125,-1.205,0.021,-0.021,0.0029,1.0,0.968,1.995,0.12,3.083,0.711,track
5,270,-0.012,-0.34,-0.071,0.019,-0.125,-1.205,0.021,-0.062,0.0029,1.0,0.996,1.974,0.12,3.09,0.651,track
5,271,-0.013,-0.343,-0.071,0.019,-0.125,-1.205,0.0,0.0,0.0,0.0,0.996,0.0,0.0,-0.004,0.37,track
5,272,-0.013,-0.346,-0.07,0.019,-0.125,-1.205,0.021,-0.083,0.0029,1.0,0.989,1.956,0.12,3.065,0.844,track
5,273,-0.013,-0.348,-0.069,0.019,-0.125,-1.205,0.083,0.042,0.0029,1.0,0.997,1.949,0.12,3.066,0.515,track
5,274,-0.013,-0.351,-0.067,0.019,-0.125,-1.205,0.0,0.0,0.0,0.0,0.981,0.0,0.0,-0.019,0.674,track
5,275,-0.013,-0.353,-0.066,0.019,-0.125,-1.205,0.125,-0.016,0.0039,1.0,0.998,1.907,0.122,3.027,0.902,track
5,276,-0.014,-0.356,-0.064,0.019,-0.125,-1.205,0.125,-0.016,0.0039,1.0,0.991,1.907,0.122,3.021,0.471,track
5,277,-0.014,-0.358,-0.063,0.019,-0.125,-1.205,0.125,0.021,0.0059,1.0,0.996,1.906,0.126,3.028,0.371,track
5,278,-0.014,-0.361,-0.062,0.019,-0.125,-1.205,0.152,-0.045,0.0068,1.0,0.991,1.855,0.128,2.975,0.419,track
5,279,-0.015,-0.363,-0.06,0.019,-0.125,-1.205,0.118,-0.132,0.0088,1.0,0.998,1.82,0.133,2.951,0.593,track
5,280,-0.015,-0.366,-0.059,0.019,-0.125,-1.205,0.106,-0.138,0.0098,1.0,0.988,1.827,0.135,2.949,0.485,track
5,281,-0.015,-0.368,-0.058,0.019,-0.125,-1.205,0.091,-0.04,0.0107,1.0,0.995,1.942,0.137,3.074,0.389,track
5,282,-0.016,-0.371,-0.056,0.019,-0.125,-1.205,0.062,-0.12,0.0117,1.0,0.995,1.893,0.139,3.028,0.523,track
5,283,-0.016,-0.373,-0.054,0.019,-0.125,-1.205,0.096,-0.12,0.0127,1.0,0.992,1.863,0.142,2.997,0.687,track
5,284,-0.016,-0.376,-0.053,0.019,-0.125,-1.205,0.071,-0.142,0.0146,1.0,0.996,1.855,0.146,2.997,0.258,track
5,285,-0.017,-0.378,-0.051,0.019,-0.125,-1.205,0.102,-0.141,0.0156,1.0,0.994,1.827,0.148,2.97,0.163,track
5,286,-0.017,-0.38,-0.049,0.019,-0.125,-1.205,0.058,-0.188,0.0137,1.0,0.996,1.782,0.144,2.921,0.215,track
5,287,-0.018,-0.383,-0.047,0.019,-0.125,-1.205,0.09,-0.191,0.0176,1.0,0.992,1.749,0.153,2.894,0.234,track
5,288,-0.018,-0.385,-0.044,0.019,-0.125,-1.205,0.087,-0.212,0.0176,1.0,0.994,1.709,0.153,2.857,0.294,track
5,289,-0.019,-0.388,-0.042,0.019,-0.125,-1.205,0.15,-0.212,0.0195,1.0,0.993,1.633,0.158,2.784,0.182,track
5,290,-0.019,-0.39,-0.039,0.019,-0.125,-1.205,0.106,-0.234,0.0195,1.0,0.995,1.64,0.158,2.792,0.295,track
5,291,-0.02,-0.392,-0.036,0.019,-0.125,-1.205,0.109,-0.243,0.0186,1.0,0.993,1.616,0.156,2.765,0.107,track
5,292,-0.021,-0.395,-0.033,0.019,-0.125,-1.205,0.122,-0.277,0.0205,1.0,0.993,1.52,0.161,2.674,0.133,track
5,293,-0.021,-0.397,-0.029,0.019,-0.125,-1.205,0.168,-0.272,0.0244,1.0,0.991,1.471,0.171,2.633,0.255,track
5,294,-0.022,-0.399,-0.026,0.019,-0.125,-1.205,0.155,-0.285,0.0244,1.0,0.993,1.458,0.171,2.623,0.358,track
5,295,-0.023,-0.402,-0.023,0.019,-0.125,-1.205,0.139,-0.329,0.0254,1.0,0.993,1.363,0.173,2.53,0.079,track
5,296,-0.024,-0.404,-0.019,0.019,-0.125,-1.205,0.125,-0.353,0.0254,1.0,0.99,1.312,0.173,2.475,0.258,track
5,297,-0.025,-0.406,-0.015,0.019,-0.125,-1.205,0.169,-0.375,0.0322,1.0,0.989,1.204,0.193,2.386,0.218,track
5,298,-0.026,-0.408,-0.012,0.019,-0.125,-1.205,0.161,-0.394,0.0352,1.0,0.989,1.161,0.201,2.351,0.246,track
5,299,-0.027,-0.41,-0.008,0.019,-0.125,-1.205,0.211,-0.367,0.0312,1.0,0.989,1.168,0.19,2.347,0.215,track
5,300,-0.028,-0.412,-0.004,0.019,-0.125,-1.205,0.224,-0.379,0.0332,1.0,0.99,1.119,0.196,2.304,0.246,track
5,301,-0.029,-0.415,-0.0,0.019,-0.125,-1.205,0.24,-0.38,0.0371,1.0,0.992,1.091,0.207,2.29,0.142,track
5,302,-0.03,-0.417,0.004,0.019,-0.125,-1.205,0.226,-0.393,0.04,1.0,0.991,1.079,0.216,2.287,0.118,track
5,303,-0.031,-0.419,0.007,0.019,-0.125,-1.205,0.248,-0.405,0.0391,1.0,0.992,1.017,0.213,2.223,0.167,track
5,304,-0.033,-0.421,0.011,0.019,-0.125,-1.205,0.257,-0.406,0.0439,1.0,0.992,1.002,0.229,2.223,0.097,track
5,305,-0.034,-0.422,0.014,0.019,-0.125,-1.205,0.31,-0.368,0.0459,1.0,0.992,0.998,0.235,2.226,0.094,track
5,306,-0.035,-0.424,0.018,0.019,-0.125,-1.205,0.316,-0.376,0.0459,1.0,0.988,0.968,0.235,2.192,0.239,track
5,307,-0.037,-0.426,0.021,0.019,-0.125,-1.205,0.336,-0.384,0.0547,1.0,0.992,0.916,0.266,2.174,0.174,track
5,308,-0.038,-0.428,0.025,0.019,-0.125,-1.205,0.327,-0.402,0.0586,1.0,0.99,0.893,0.28,2.163,0.178,track
5,309,-0.039,-0.43,0.028,0.019,-0.125,-1.205,0.332,-0.387,0.0557,1.0,0.993,0.916,0.269,2.178,0.257,track
5,310,-0.041,-0.432,0.031,0.019,-0.125,-1.205,0.355,-0.377,0.0605,1.0,0.991,0.895,0.288,2.174,0.142,track
5,311,-0.042,-0.433,0.034,0.019,-0.125,-1.205,0.362,-0.385,0.0635,1.0,0.99,0.867,0.299,2.156,0.103,track
5,312,-0.044,-0.435,0.037,0.019,-0.125,-1.205,0.354,-0.392,0.0654,1.0,0.991,0.866,0.306,2.163,0.12,track
5,313,-0.045,-0.437,0.04,0.019,-0.125,-1.205,0.368,-0.397,0.0703,1.0,0.992,0.831,0.326,2.149,0.155,track
5,314,-0.047,-0.438,0.043,0.019,-0.125,-1.205,0.386,-0.389,0.0723,1.0,0.991,0.813,0.334,2.138,0.152,track
5,315,-0.048,-0.44,0.046,0.019,-0.125,-1.205,0.405,-0.379,0.0723,1.0,0.99,0.793,0.334,2.118,0.103,track
5,316,-0.05,-0.441,0.049,0.019,-0.125,-1.205,0.405,-0.379,0.0732,1.0,0.989,0.794,0.338,2.122,0.095,track
5,317,-0.051,-0.443,0.051,0.019,-0.125,-1.205,0.407,-0.39,0.0791,1.0,0.99,0.771,0.363,2.124,0.13,track
5,318,-0.053,-0.444,0.054,0.019,-0.125,-1.205,0.417,-0.39,0.0791,1.0,0.99,0.751,0.363,2.104,0.114,track
5,319,-0.055,-0.445,0.056,0.019,-0.125,-1.205,0.431,-0.375,0.0801,1.0,0.99,0.75,0.367,2.108,0.127,track
5,320,-0.056,-0.447,0.059,0.019,-0.125,-1.205,0.444,-0.376,0.083,1.0,0.99,0.723,0.38,2.093,0.048,track
5,321,-0.058,-0.448,0.061,0.019,-0.125,-1.205,0.449,-0.381,0.0859,1.0,0.99,0.707,0.393,2.09,0.063,track
5,322,-0.059,-0.449,0.064,0.019,-0.125,-1.205,0.452,-0.374,0.085,1.0,0.99,0.713,0.388,2.092,0.079,track
5,323,-0.061,-0.45,0.066,0.019,-0.125,-1.205,0.459,-0.374,0.0879,1.0,0.99,0.699,0.402,2.091,0.075,track
5,324,-0.063,-0.452,0.068,0.019,-0.125,-1.205,0.461,-0.388,0.0918,1.0,0.99,0.674,0.419,2.083,0.061,track
5,325,-0.064,-0.453,0.071,0.019,-0.125,-1.205,0.468,-0.387,0.0947,1.0,0.99,0.662,0.433,2.084,0.111,track
5,326,-0.066,-0.454,0.073,0.019,-0.125,-1.205,0.476,-0.38,0.0938,1.0,0.99,0.657,0.428,2.075,0.117,track
5,327,-0.067,-0.455,0.075,0.019,-0.125,-1.205,0.482,-0.371,0.0938,1.0,0.99,0.659,0.428,2.077,0.078,track
5,328,-0.069,-0.456,0.077,0.019,-0.125,-1.205,0.491,-0.375,0.0977,1.0,0.989,0.636,0.447,2.072,0.049,track
5,329,-0.07,-0.457,0.08,0.019,-0.125,-1.205,0.498,-0.373,0.1006,1.0,0.989,0.627,0.461,2.077,0.064,track
5,330,-0.072,-0.457,0.082,0.019,-0.125,-1.205,0.504,-0.376,0.1016,1.0,0.989,0.612,0.465,2.067,0.047,track
5,331,-0.074,-0.458,0.084,0.019,-0.125,-1.205,0.508,-0.371,0.1025,1.0,0.989,0.61,0.47,2.07,0.056,track
5,332,-0.075,-0.459,0.086,0.019,-0.125,-1.205,0.513,-0.365,0.1064,1.0,0.989,0.608,0.489,2.086,0.04,track
5,333,-0.077,-0.46,0.088,0.019,-0.125,-1.205,0.519,-0.362,0.1064,1.0,0.989,0.6,0.489,2.078,0.062,track
5,334,-0.078,-0.46,0.089,0.019,-0.125,-1.205,0.521,-0.368,0.1123,1.0,0.989,0.59,0.518,2.097,0.057,track
5,335,-0.08,-0.461,0.091,0.019,-0.125,-1.205,0.53,-0.367,0.1133,1.0,0.989,0.576,0.523,2.087,0.088,track
5,336,-0.081,-0.462,0.093,0.019,-0.125,-1.205,0.53,-0.362,0.1123,1.0,0.989,0.581,0.518,2.088,0.076,track
5,337,-0.083,-0.462,0.095,0.019,-0.125,-1.205,0.535,-0.364,0.1113,1.0,0.989,0.569,0.513,2.071,0.052,track
5,338,-0.084,-0.463,0.096,0.019,-0.125,-1.205,0.54,-0.363,0.1113,1.0,0.99,0.562,0.513,2.064,0.047,track
5,339,-0.086,-0.463,0.098,0.019,-0.125,-1.205,0.543,-0.357,0.1162,1.0,0.99,0.563,0.537,2.09,0.034,track
5,340,-0.087,-0.464,0.1,0.019,-0.125,-1.205,0.551,-0.359,0.1191,1.0,0.989,0.547,0.552,2.088,0.086,track
5,341,-0.089,-0.464,0.101,0.019,-0.125,-1.205,0.558,-0.354,0.1211,1.0,0.99,0.539,0.562,2.09,0.06,track
5,342,-0.09,-0.464,0.103,0.019,-0.125,-1.205,0.565,-0.346,0.124,1.0,0.989,0.536,0.576,2.101,0.063,track
5,343,-0.092,-0.464,0.104,0.019,-0.125,-1.205,0.57,-0.342,0.124,1.0,0.989,0.531,0.576,2.096,0.072,track
5,344,-0.093,-0.465,0.105,0.019,-0.125,-1.205,0.573,-0.348,0.1279,1.0,0.99,0.519,0.596,2.105,0.06,track
5,345,-0.094,-0.465,0.107,0.019,-0.125,-1.205,0.573,-0.345,0.127,1.0,0.99,0.524,0.591,2.105,0.076,track
5,346,-0.096,-0.465,0.108,0.019,-0.125,-1.205,0.584,-0.338,0.1279,1.0,0.991,0.509,0.596,2.096,0.071,track
5,347,-0.097,-0.465,0.109,0.019,-0.125,-1.205,0.589,-0.347,0.1318,1.0,0.99,0.492,0.616,2.098,0.095,track
5,348,-0.099,-0.465,0.111,0.019,-0.125,-1.205,0.591,-0.342,0.1338,1.0,0.991,0.494,0.626,2.11,0.095,track
5,349,-0.1,-0.465,0.112,0.019,-0.125,-1.205,0.593,-0.343,0.1367,1.0,0.991,0.489,0.64,2.12,0.065,track
5,350,-0.101,-0.465,0.113,0.019,-0.125,-1.205,0.601,-0.336,0.1396,1.0,0.991,0.482,0.655,2.128,0.071,track
5,351,-0.102,-0.465,0.114,0.019,-0.125,-1.205,0.612,-0.316,0.1426,1.0,0.99,0.482,0.67,2.143,0.085,track
5,352,-0.104,-0.465,0.115,0.019,-0.125,-1.205,0.614,-0.318,0.1396,1.0,0.99,0.477,0.655,2.122,0.088,track
5,353,-0.105,-0.464,0.116,0.019,-0.125,-1.205,0.62,-0.332,0.1416,1.0,0.992,0.453,0.665,2.11,0.149,track
5,354,-0.106,-0.464,0.117,0.019,-0.125,-1.205,0.624,-0.332,0.1426,1.0,0.992,0.447,0.67,2.108,0.059,track
5,355,-0.107,-0.464,0.118,0.019,-0.125,-1.205,0.626,-0.327,0.1455,1.0,0.992,0.448,0.684,2.125,0.069,track
5,356,-0.108,-0.463,0.119,0.019,-0.125,-1.205,0.636,-0.312,0.1523,1.0,0.992,0.443,0.718,2.153,0.084,track
5,357,-0.109,-0.463,0.12,0.019,-0.125,-1.205,0.642,-0.3,0.1543,1.0,0.991,0.443,0.728,2.161,0.082,track
5,358,-0.11,-0.463,0.121,0.019,-0.125,-1.205,0.642,-0.309,0.1543,1.0,0.991,0.437,0.728,2.155,0.084,track
5,359,-0.111,-0.462,0.122,0.019,-0.125,-1.205,0.646,-0.307,0.1533,1.0,0.992,0.432,0.723,2.146,0.144,track
5,360,-0.112,-0.462,0.123,0.019,-0.125,-1.205,0.647,-0.3,0.1533,1.0,0.991,0.435,0.723,2.149,0.095,track
5,361,-0.113,-0.461,0.124,0.019,-0.125,-1.205,0.653,-0.287,0.1572,1.0,0.991,0.435,0.742,2.169,0.09,track
5,362,-0.114,-0.46,0.125,0.019,-0.125,-1.205,0.657,-0.283,0.1582,1.0,0.991,0.431,0.746,2.168,0.106,track
5,363,-0.115,-0.46,0.126,0.019,-0.125,-1.205,0.656,-0.268,0.165,1.0,0.991,0.443,0.778,2.212,0.11,track
5,364,-0.115,-0.459,0.126,0.019,-0.125,-1.205,0.659,-0.268,0.1641,1.0,0.99,0.438,0.774,2.202,0.134,track
5,365,-0.116,-0.458,0.127,0.019,-0.125,-1.205,0.661,-0.263,0.1631,1.0,0.991,0.438,0.769,2.198,0.161,track
5,366,-0.117,-0.458,0.128,0.019,-0.125,-1.205,0.664,-0.243,0.1689,1.0,0.99,0.446,0.796,2.232,0.144,track
5,367,-0.118,-0.457,0.128,0.019,-0.125,-1.205,0.666,-0.226,0.1729,1.0,0.989,0.453,0.813,2.255,0.251,track
5,368,-0.118,-0.456,0.129,0.019,-0.125,-1.205,0.665,-0.221,0.1738,1.0,0.988,0.458,0.818,2.263,0.2,track
5,369,-0.119,-0.455,0.129,0.019,-0.125,-1.205,0.664,-0.211,0.1719,1.0,0.989,0.466,0.809,2.264,0.201,track
5,370,-0.119,-0.454,0.129,0.019,-0.125,-1.205,0.665,-0.178,0.1758,1.0,0.987,0.482,0.826,2.295,0.278,track
5,371,-0.12,-0.453,0.13,0.019,-0.125,-1.205,0.661,-0.165,0.1797,1.0,0.987,0.498,0.842,2.327,0.293,track
5,372,-0.12,-0.452,0.13,0.019,-0.125,-1.205,0.656,-0.152,0.1787,1.0,0.987,0.512,0.838,2.338,0.248,track
5,373,-0.121,-0.451,0.131,0.019,-0.125,-1.205,0.656,-0.153,0.1836,1.0,0.988,0.514,0.858,2.36,0.246,track
5,374,-0.121,-0.45,0.131,0.019,-0.125,-1.205,0.654,-0.126,0.1885,1.0,0.989,0.528,0.877,2.394,0.177,track
5,375,-0.121,-0.449,0.131,0.019,-0.125,-1.205,0.649,-0.11,0.1924,1.0,0.988,0.546,0.891,2.425,0.14,track
5,376,-0.122,-0.448,0.132,0.019,-0.125,-1.205,0.651,-0.099,0.1934,1.0,0.989,0.546,0.895,2.43,0.169,track
5,377,-0.122,-0.447,0.132,0.019,-0.125,-1.205,0.647,-0.08,0.1924,1.0,0.989,0.559,0.891,2.439,0.11,track
5,378,-0.122,-0.446,0.132,0.019,-0.125,-1.205,0.641,-0.076,0.1963,1.0,0.989,0.574,0.905,2.468,0.14,track
5,379,-0.122,-0.445,0.133,0.019,-0.125,-1.205,0.642,-0.077,0.1973,1.0,0.99,0.571,0.908,2.469,0.122,track
5,380,-0.122,-0.444,0.133,0.019,-0.125,-1.205,0.64,-0.065,0.2021,1.0,0.99,0.578,0.924,2.492,0.072,track
5,381,-0.122,-0.442,0.133,0.019,-0.125,-1.205,0.635,-0.054,0.2061,1.0,0.991,0.591,0.935,2.517,0.054,track
5,382,-0.122,-0.441,0.134,0.019,-0.125,-1.205,0.632,-0.043,0.2109,1.0,0.991,0.6,0.948,2.54,0.049,track
5,383,-0.122,-0.44,0.134,0.019,-0.125,-1.205,0.625,-0.036,0.2148,1.0,0.992,0.617,0.958,2.567,0.055,track
5,384,-0.121,-0.439,0.134,0.019,-0.125,-1.205,0.62,-0.035,0.2158,1.0,0.992,0.629,0.96,2.581,0.072,track
5,385,-0.121,-0.438,0.134,0.019,-0.125,-1.205,0.618,-0.032,0.2217,1.0,0.992,0.634,0.973,2.599,0.075,track
5,386,-0.121,-0.437,0.135,0.019,-0.125,-1.205,0.617,-0.034,0.2256,1.0,0.993,0.636,0.98,2.609,0.1,track
5,387,-0.121,-0.436,0.135,0.019,-0.125,-1.205,0.615,-0.033,0.2275,1.0,0.993,0.642,0.983,2.618,0.118,track
5,388,-0.12,-0.434,0.134,0.019,-0.125,-1.205,0.612,-0.029,0.2275,1.0,0.994,0.649,0.983,2.625,0.124,track
5,389,-0.12,-0.433,0.134,0.019,-0.125,-1.205,0.61,-0.029,0.2305,1.0,0.994,0.652,0.987,2.633,0.116,track
5,390,-0.119,-0.432,0.134,0.019,-0.125,-1.205,0.606,-0.027,0.2314,1.0,0.994,0.662,0.988,2.645,0.131,track
5,391,-0.119,-0.431,0.133,0.019,-0.125,-1.205,0.601,-0.027,0.2305,1.0,0.994,0.676,0.987,2.657,0.133,track
5,392,-0.118,-0.43,0.133,0.019,-0.125,-1.205,0.594,-0.021,0.2344,1.0,0.994,0.692,0.992,2.678,0.136,track
5,393,-0.118,-0.429,0.132,0.019,-0.125,-1.205,0.595,-0.021,0.2344,1.0,0.994,0.69,0.992,2.676,0.156,track
5,394,-0.117,-0.428,0.131,0.019,-0.125,-1.205,0.594,-0.021,0.2334,1.0,0.995,0.692,0.99,2.677,0.15,track
5,395,-0.116,-0.426,0.13,0.019,-0.125,-1.205,0.587,-0.018,0.2363,1.0,0.995,0.71,0.994,2.698,0.138,track
5,396,-0.116,-0.425,0.129,0.019,-0.125,-1.205,0.587,-0.017,0.2354,1.0,0.995,0.712,0.993,2.699,0.165,track
5,397,-0.115,-0.424,0.127,0.019,-0.125,-1.205,0.58,-0.016,0.2305,1.0,0.995,0.729,0.987,2.71,0.152,track
5,398,-0.114,-0.423,0.126,0.019,-0.125,-1.205,0.575,-0.017,0.2295,1.0,0.995,0.741,0.986,2.721,0.129,track
5,399,-0.113,-0.422,0.124,0.019,-0.125,-1.205,0.568,-0.017,0.2295,1.0,0.995,0.76,0.986,2.741,0.13,track
5,400,-0.113,-0.421,0.122,0.019,-0.125,-1.205,0.563,-0.027,0.2305,1.0,0.995,0.77,0.987,2.752,0.14,track
5,401,-0.112,-0.42,0.12,0.019,-0.125,-1.205,0.55,-0.024,0.2285,1.0,0.996,0.804,0.984,2.784,0.175,track
5,402,-0.111,-0.419,0.118,0.019,-0.125,-1.205,0.545,-0.023,0.2207,1.0,0.995,0.82,0.971,2.786,0.172,track
5,403,-0.11,-0.418,0.116,0.019,-0.125,-1.205,0.538,-0.022,0.2227,1.0,0.995,0.838,0.974,2.807,0.143,track
5,404,-0.109,-0.417,0.114,0.019,-0.125,-1.205,0.533,-0.019,0.2188,1.0,0.996,0.852,0.967,2.815,0.161,track
5,405,-0.108,-0.416,0.111,0.019,-0.125,-1.205,0.519,-0.029,0.2129,1.0,0.995,0.889,0.953,2.837,0.137,track
5,406,-0.107,-0.415,0.108,0.019,-0.125,-1.205,0.507,-0.034,0.2109,1.0,0.995,0.921,0.948,2.865,0.156,track
5,407,-0.106,-0.414,0.106,0.019,-0.125,-1.205,0.497,-0.032,0.2031,1.0,0.994,0.949,0.927,2.87,0.135,track
5,408,-0.105,-0.413,0.103,0.019,-0.125,-1.205,0.491,-0.032,0.2031,1.0,0.993,0.967,0.927,2.887,0.108,track
5,409,-0.104,-0.412,0.1,0.019,-0.125,-1.205,0.483,-0.036,0.2031,1.0,0.995,0.988,0.927,2.909,0.145,track
5,410,-0.103,-0.411,0.096,0.019,-0.125,-1.205,0.474,-0.047,0.2021,1.0,0.995,1.013,0.924,2.932,0.115,track
5,411,-0.102,-0.41,0.093,0.019,-0.125,-1.205,0.468,-0.048,0.1992,1.0,0.995,1.03,0.914,2.939,0.131,track
5,412,-0.101,-0.409,0.09,0.019,-0.125,-1.205,0.46,-0.053,0.1963,1.0,0.994,1.052,0.905,2.952,0.094,track
5,413,-0.1,-0.409,0.086,0.019,-0.125,-1.205,0.453,-0.048,0.1904,1.0,0.995,1.074,0.884,2.953,0.098,track
5,414,-0.099,-0.408,0.083,0.019,-0.125,-1.205,0.445,-0.058,0.1895,1.0,0.994,1.093,0.88,2.968,0.078,track
5,415,-0.097,-0.407,0.079,0.019,-0.125,-1.205,0.434,-0.064,0.1846,1.0,0.995,1.122,0.862,2.979,0.125,track
5,416,-0.096,-0.406,0.076,0.019,-0.125,-1.205,0.425,-0.058,0.1787,1.0,0.994,1.153,0.838,2.985,0.066,track
5,417,-0.095,-0.406,0.072,0.019,-0.125,-1.205,0.422,-0.062,0.1729,1.0,0.995,1.158,0.813,2.966,0.082,track
5,418,-0.094,-0.405,0.068,0.019,-0.125,-1.205,0.414,-0.085,0.1738,1.0,0.994,1.17,0.818,2.982,0.041,track
5,419,-0.093,-0.404,0.065,0.019,-0.125,-1.205,0.409,-0.09,0.1689,1.0,0.995,1.182,0.796,2.973,0.112,track
5,420,-0.092,-0.404,0.061,0.019,-0.125,-1.205,0.397,-0.093,0.1592,1.0,0.994,1.214,0.751,2.959,0.095,track
5,421,-0.09,-0.403,0.058,0.019,-0.125,-1.205,0.398,-0.088,0.1543,1.0,0.995,1.215,0.728,2.937,0.087,track
5,422,-0.089,-0.403,0.054,0.019,-0.125,-1.205,0.384,-0.109,0.1514,1.0,0.995,1.241,0.713,2.949,0.121,track
5,423,-0.088,-0.402,0.051,0.019,-0.125,-1.205,0.368,-0.117,0.1455,1.0,0.995,1.279,0.684,2.959,0.126,track
5,424,-0.087,-0.402,0.048,0.019,-0.125,-1.205,0.362,-0.139,0.1377,1.0,0.995,1.273,0.645,2.914,0.146,track
5,425,-0.086,-0.402,0.045,0.019,-0.125,-1.205,0.379,-0.135,0.1328,1.0,0.994,1.231,0.621,2.846,0.203,track
5,426,-0.085,-0.401,0.042,0.019,-0.125,-1.205,0.368,-0.124,0.1299,1.0,0.995,1.273,0.606,2.874,0.289,track
5,427,-0.084,-0.401,0.039,0.019,-0.125,-1.205,0.356,-0.114,0.123,1.0,0.996,1.315,0.571,2.883,0.24,track
5,428,-0.083,-0.401,0.037,0.019,-0.125,-1.205,0.35,-0.132,0.1191,1.0,0.996,1.314,0.552,2.863,0.212,track
5,429,-0.081,-0.401,0.035,0.019,-0.125,-1.205,0.346,-0.168,0.1162,1.0,0.996,1.284,0.537,2.818,0.213,track
5,430,-0.08,-0.4,0.033,0.019,-0.125,-1.205,0.339,-0.181,0.1143,1.0,0.996,1.285,0.527,2.808,0.244,track
5,431,-0.079,-0.4,0.031,0.019,-0.125,-1.205,0.348,-0.173,0.1104,1.0,0.996,1.27,0.508,2.774,0.272,track
5,432,-0.078,-0.4,0.03,0.019,-0.125,-1.205,0.332,-0.194,0.1064,1.0,0.996,1.284,0.489,2.769,0.302,track
5,433,-0.077,-0.4,0.029,0.019,-0.125,-1.205,0.331,-0.169,0.1045,1.0,0.995,1.322,0.479,2.797,0.243,track
5,434,-0.076,-0.4,0.028,0.019,-0.125,-1.205,0.33,-0.163,0.1035,1.0,0.996,1.333,0.475,2.804,0.228,track
5,435,-0.075,-0.4,0.027,0.019,-0.125,-1.205,0.334,-0.17,0.0996,1.0,0.996,1.313,0.456,2.765,0.153,track
5,436,-0.075,-0.401,0.027,0.019,-0.125,-1.205,0.333,-0.17,0.0957,1.0,0.997,1.316,0.438,2.75,0.157,track
5,437,-0.074,-0.401,0.026,0.019,-0.125,-1.205,0.334,-0.173,0.0957,1.0,0.997,1.308,0.438,2.742,0.153,track
5,438,-0.073,-0.401,0.026,0.019,-0.125,-1.205,0.32,-0.172,0.0947,1.0,0.997,1.347,0.433,2.777,0.123,track
5,439,-0.072,-0.401,0.026,0.019,-0.125,-1.205,0.319,-0.185,0.0928,1.0,0.997,1.33,0.424,2.751,0.105,track
5,440,-0.071,-0.401,0.026,0.019,-0.125,-1.205,0.326,-0.186,0.0918,1.0,0.997,1.311,0.419,2.727,0.063,track
5,441,-0.07,-0.402,0.026,0.019,-0.125,-1.205,0.328,-0.16,0.0918,1.0,0.997,1.34,0.419,2.756,0.091,track
5,442,-0.07,-0.402,0.026,0.019,-0.125,-1.205,0.32,-0.143,0.0908,1.0,0.997,1.384,0.415,2.795,0.149,track
5,443,-0.069,-0.402,0.026,0.019,-0.125,-1.205,0.311,-0.165,0.0938,1.0,0.997,1.38,0.428,2.805,0.269,track
5,444,-0.068,-0.402,0.026,0.019,-0.125,-1.205,0.309,-0.167,0.0947,1.0,0.997,1.382,0.433,2.813,0.208,track
5,445,-0.068,-0.403,0.026,0.019,-0.125,-1.205,0.314,-0.175,0.0957,1.0,0.998,1.357,0.438,2.792,0.062,track
5,446,-0.067,-0.403,0.026,0.019,-0.125,-1.205,0.314,-0.166,0.0918,1.0,0.997,1.369,0.419,2.786,0.057,track
5,447,-0.066,-0.404,0.026,0.019,-0.125,-1.205,0.31,-0.156,0.0898,1.0,0.998,1.394,0.41,2.802,0.088,track
5,448,-0.066,-0.404,0.026,0.019,-0.125,-1.205,0.31,-0.156,0.0898,1.0,0.998,1.394,0.41,2.802,0.141,track
5,449,-0.065,-0.404,0.026,0.019,-0.125,-1.205,0.31,-0.156,0.0898,1.0,0.998,1.394,0.41,2.802,0.119,track
5,450,-0.064,-0.405,0.026,0.019,-0.125,-1.205,0.318,-0.169,0.0898,1.0,0.998,1.355,0.41,2.764,0.105,track
5,451,-0.064,-0.405,0.025,0.019,-0.125,-1.205,0.312,-0.161,0.0889,1.0,0.998,1.382,0.406,2.785,0.045,track
5,452,-0.063,-0.406,0.025,0.019,-0.125,-1.205,0.311,-0.158,0.0898,1.0,0.998,1.388,0.41,2.797,0.044,track
5,453,-0.063,-0.406,0.025,0.019,-0.125,-1.205,0.314,-0.166,0.0879,1.0,0.998,1.37,0.402,2.77,0.065,track
5,454,-0.062,-0.407,0.025,0.019,-0.125,-1.205,0.318,-0.15,0.0898,1.0,0.998,1.38,0.41,2.789,0.061,track
5,455,-0.062,-0.407,0.025,0.019,-0.125,-1.205,0.311,-0.147,0.0898,1.0,0.998,1.401,0.41,2.809,0.123,track
5,456,-0.062,-0.408,0.026,0.019,-0.125,-1.205,0.308,-0.144,0.0889,1.0,0.998,1.414,0.406,2.818,0.103,track
5,457,-0.061,-0.409,0.026,0.019,-0.125,-1.205,0.31,-0.144,0.0859,1.0,0.998,1.409,0.393,2.8,0.109,track
5,458,-0.061,-0.409,0.026,0.019,-0.125,-1.205,0.31,-0.147,0.0859,1.0,0.998,1.404,0.393,2.795,0.127,track
5,459,-0.06,-0.41,0.025,0.019,-0.125,-1.205,0.31,-0.147,0.0859,1.0,0.998,1.404,0.393,2.795,0.133,track
5,460,-0.06,-0.41,0.025,0.019,-0.125,-1.205,0.315,-0.141,0.0869,1.0,0.998,1.4,0.397,2.795,0.139,track
5,461,-0.06,-0.411,0.025,0.019,-0.125,-1.205,0.311,-0.154,0.085,1.0,0.998,1.394,0.388,2.78,0.169,track
5,462,-0.059,-0.412,0.025,0.019,-0.125,-1.205,0.317,-0.133,0.085,1.0,0.998,1.404,0.388,2.79,0.24,track
5,463,-0.059,-0.413,0.025,0.019,-0.125,-1.205,0.314,-0.117,0.085,1.0,0.997,1.428,0.388,2.814,0.295,track
5,464,-0.059,-0.413,0.025,0.019,-0.125,-1.205,0.31,-0.123,0.084,1.0,0.998,1.434,0.384,2.816,0.216,track
5,465,-0.059,-0.414,0.025,0.019,-0.125,-1.205,0.312,-0.131,0.085,1.0,0.998,1.419,0.388,2.805,0.211,track
5,466,-0.058,-0.415,0.025,0.019,-0.125,-1.205,0.322,-0.136,0.0859,1.0,0.998,1.387,0.393,2.777,0.267,track
5,467,-0.058,-0.416,0.025,0.019,-0.125,-1.205,0.324,-0.133,0.084,1.0,0.998,1.384,0.384,2.766,0.215,track
5,468,-0.058,-0.416,0.025,0.019,-0.125,-1.205,0.327,-0.136,0.083,1.0,0.998,1.372,0.38,2.75,0.225,track
5,469,-0.058,-0.417,0.025,0.019,-0.125,-1.205,0.336,-0.143,0.084,1.0,0.998,1.341,0.384,2.723,0.211,track
5,470,-0.058,-0.418,0.026,0.019,-0.125,-1.205,0.331,-0.131,0.084,1.0,0.998,1.369,0.384,2.751,0.199,track
5,471,-0.058,-0.419,0.026,0.019,-0.125,-1.205,0.326,-0.124,0.083,1.0,0.998,1.388,0.38,2.765,0.218,track
5,472,-0.058,-0.42,0.026,0.019,-0.125,-1.205,0.342,-0.097,0.082,1.0,0.999,1.37,0.375,2.744,0.136,track
5,473,-0.057,-0.421,0.026,0.019,-0.125,-1.205,0.34,-0.126,0.084,1.0,0.998,1.348,0.384,2.73,0.216,track
5,474,-0.057,-0.422,0.027,0.019,-0.125,-1.205,0.335,-0.13,0.0879,1.0,0.999,1.359,0.402,2.759,0.202,track
5,475,-0.057,-0.423,0.027,0.019,-0.125,-1.205,0.335,-0.146,0.085,1.0,0.998,1.339,0.388,2.725,0.159,track
5,476,-0.057,-0.424,0.028,0.019,-0.125,-1.205,0.328,-0.136,0.085,1.0,0.998,1.369,0.388,2.755,0.205,track
5,477,-0.057,-0.424,0.028,0.019,-0.125,-1.205,0.328,-0.147,0.085,1.0,0.998,1.356,0.388,2.743,0.205,track
5,478,-0.057,-0.425,0.029,0.019,-0.125,-1.205,0.325,-0.15,0.0869,1.0,0.999,1.361,0.397,2.757,0.165,track
5,479,-0.057,-0.426,0.029,0.019,-0.125,-1.205,0.33,-0.159,0.0889,1.0,0.998,1.338,0.406,2.742,0.147,track
5,480,-0.057,-0.427,0.03,0.019,-0.125,-1.205,0.337,-0.156,0.0879,1.0,0.999,1.323,0.402,2.724,0.12,track
5,481,-0.057,-0.428,0.03,0.019,-0.125,-1.205,0.336,-0.156,0.084,1.0,0.998,1.324,0.384,2.707,0.119,track
5,482,-0.058,-0.43,0.031,0.019,-0.125,-1.205,0.336,-0.156,0.085,1.0,0.999,1.325,0.388,2.712,0.091,track
5,483,-0.058,-0.431,0.031,0.019,-0.125,-1.205,0.341,-0.162,0.085,1.0,0.998,1.303,0.388,2.69,0.085,track
5,484,-0.058,-0.432,0.032,0.019,-0.125,-1.205,0.347,-0.161,0.0859,1.0,0.999,1.291,0.393,2.683,0.108,track
5,485,-0.058,-0.433,0.033,0.019,-0.125,-1.205,0.342,-0.17,0.085,1.0,0.998,1.291,0.388,2.678,0.108,track
5,486,-0.058,-0.434,0.034,0.019,-0.125,-1.205,0.351,-0.151,0.0869,1.0,0.999,1.29,0.397,2.686,0.133,track
5,487,-0.058,-0.435,0.035,0.019,-0.125,-1.205,0.358,-0.146,0.0869,1.0,0.998,1.277,0.397,2.671,0.179,track
5,488,-0.059,-0.436,0.035,0.019,-0.125,-1.205,0.365,-0.16,0.0898,1.0,0.999,1.24,0.41,2.65,0.161,track
5,489,-0.059,-0.437,0.036,0.019,-0.125,-1.205,0.37,-0.153,0.0938,1.0,0.998,1.235,0.428,2.661,0.163,track
5,490,-0.059,-0.438,0.037,0.019,-0.125,-1.205,0.382,-0.134,0.0928,1.0,0.999,1.222,0.424,2.645,0.18,track
5,491,-0.059,-0.439,0.038,0.019,-0.125,-1.205,0.379,-0.138,0.0918,1.0,0.997,1.228,0.419,2.645,0.21,track
5,492,-0.06,-0.44,0.039,0.019,-0.125,-1.205,0.378,-0.143,0.0938,1.0,0.999,1.226,0.428,2.654,0.225,track
5,493,-0.06,-0.441,0.04,0.019,-0.125,-1.205,0.385,-0.173,0.0938,1.0,0.998,1.172,0.428,2.599,0.223,track
5,494,-0.06,-0.442,0.041,0.019,-0.125,-1.205,0.39,-0.172,0.0977,1.0,0.999,1.159,0.447,2.604,0.306,track
5,495,-0.061,-0.444,0.042,0.019,-0.125,-1.205,0.39,-0.17,0.0996,1.0,0.999,1.161,0.456,2.616,0.237,track
5,496,-0.061,-0.445,0.044,0.019,-0.125,-1.205,0.387,-0.192,0.1016,1.0,0.999,1.142,0.465,2.607,0.159,track
5,497,-0.061,-0.446,0.045,0.019,-0.125,-1.205,0.398,-0.186,0.1016,1.0,0.999,1.122,0.465,2.586,0.195,track
5,498,-0.062,-0.447,0.046,0.019,-0.125,-1.205,0.407,-0.189,0.1025,1.0,0.999,1.094,0.47,2.563,0.22,track
5,499,-0.062,-0.448,0.047,0.019,-0.125,-1.205,0.416,-0.173,0.0986,1.0,0.999,1.088,0.451,2.538,0.17,track
5,500,-0.062,-0.449,0.049,0.019,-0.125,-1.205,0.421,-0.177,0.1025,1.0,0.999,1.07,0.47,2.539,0.136,track
5,501,-0.063,-0.45,0.05,0.019,-0.125,-1.205,0.43,-0.181,0.1025,1.0,0.998,1.04,0.47,2.508,0.085,track
5,502,-0.063,-0.451,0.051,0.019,-0.125,-1.205,0.436,-0.186,0.1055,1.0,0.999,1.019,0.484,2.503,0.106,track
5,503,-0.064,-0.452,0.053,0.019,-0.125,-1.205,0.439,-0.184,0.1104,1.0,0.999,1.015,0.508,2.522,0.078,track
5,504,-0.064,-0.453,0.054,0.019,-0.125,-1.205,0.443,-0.205,0.1143,1.0,0.999,0.979,0.527,2.506,0.091,track
5,505,-0.065,-0.455,0.056,0.019,-0.125,-1.205,0.453,-0.209,0.1162,1.0,0.998,0.947,0.537,2.482,0.133,track
5,506,-0.065,-0.456,0.057,0.019,-0.125,-1.205,0.455,-0.203,0.1162,1.0,0.999,0.949,0.537,2.485,0.207,track
5,507,-0.065,-0.457,0.059,0.019,-0.125,-1.205,0.467,-0.209,0.1162,1.0,0.998,0.913,0.537,2.448,0.12,track
5,508,-0.066,-0.458,0.06,0.019,-0.125,-1.205,0.473,-0.218,0.1182,1.0,0.998,0.885,0.547,2.431,0.143,track
5,509,-0.066,-0.459,0.062,0.019,-0.125,-1.205,0.481,-0.221,0.123,1.0,0.998,0.862,0.571,2.431,0.119,track
5,510,-0.067,-0.46,0.064,0.019,-0.125,-1.205,0.485,-0.223,0.123,1.0,0.998,0.851,0.571,2.42,0.15,track
5,511,-0.067,-0.461,0.065,0.019,-0.125,-1.205,0.498,-0.226,0.1221,1.0,0.997,0.817,0.567,2.381,0.099,track
5,512,-0.068,-0.462,0.067,0.019,-0.125,-1.205,0.506,-0.214,0.1221,1.0,0.998,0.807,0.567,2.371,0.11,track
5,513,-0.068,-0.463,0.069,0.019,-0.125,-1.205,0.512,-0.222,0.1279,1.0,0.997,0.784,0.596,2.378,0.049,track
5,514,-0.069,-0.464,0.07,0.019,-0.125,-1.205,0.512,-0.224,0.1289,1.0,0.997,0.782,0.601,2.38,0.057,track
5,515,-0.069,-0.465,0.072,0.019,-0.125,-1.205,0.523,-0.23,0.1309,1.0,0.997,0.752,0.611,2.36,0.091,track
5,516,-0.07,-0.466,0.074,0.019,-0.125,-1.205,0.53,-0.241,0.1357,1.0,0.996,0.723,0.636,2.355,0.087,track
5,517,-0.071,-0.467,0.075,0.019,-0.125,-1.205,0.54,-0.227,0.1348,1.0,0.997,0.713,0.631,2.341,0.124,track
5,518,-0.071,-0.467,0.077,0.019,-0.125,-1.205,0.547,-0.229,0.1348,1.0,0.996,0.697,0.631,2.324,0.055,track
5,519,-0.072,-0.468,0.079,0.019,-0.125,-1.205,0.552,-0.228,0.1357,1.0,0.996,0.686,0.636,2.318,0.042,track
5,520,-0.072,-0.469,0.08,0.019,-0.125,-1.205,0.562,-0.24,0.1396,1.0,0.997,0.653,0.655,2.305,0.053,track
5,521,-0.073,-0.47,0.082,0.019,-0.125,-1.205,0.57,-0.223,0.1387,1.0,0.996,0.651,0.65,2.297,0.104,track
5,522,-0.073,-0.471,0.084,0.019,-0.125,-1.205,0.575,-0.229,0.1406,1.0,0.996,0.633,0.66,2.29,0.206,track
5,523,-0.074,-0.471,0.085,0.019,-0.125,-1.205,0.579,-0.223,0.1416,1.0,0.996,0.629,0.665,2.29,0.199,track
5,524,-0.074,-0.472,0.087,0.019,-0.125,-1.205,0.582,-0.229,0.1445,1.0,0.996,0.618,0.68,2.294,0.212,track
5,525,-0.075,-0.473,0.088,0.019,-0.125,-1.205,0.585,-0.22,0.1426,1.0,0.996,0.619,0.67,2.285,0.205,track
5,526,-0.075,-0.474,0.089,0.019,-0.125,-1.205,0.592,-0.212,0.1455,1.0,0.996,0.611,0.684,2.292,0.246,track
5,527,-0.076,-0.474,0.091,0.019,-0.125,-1.205,0.596,-0.204,0.1484,1.0,0.996,0.607,0.699,2.303,0.163,track
5,528,-0.076,-0.475,0.092,0.019,-0.125,-1.205,0.6,-0.209,0.1533,1.0,0.996,0.595,0.723,2.314,0.152,track
5,529,-0.077,-0.475,0.093,0.019,-0.125,-1.205,0.6,-0.185,0.1504,1.0,0.996,0.613,0.709,2.318,0.174,track
5,530,-0.077,-0.476,0.095,0.019,-0.125,-1.205,0.605,-0.179,0.1533,1.0,0.995,0.607,0.723,2.325,0.275,track
5,531,-0.078,-0.477,0.096,0.019,-0.125,-1.205,0.607,-0.173,0.1523,1.0,0.996,0.606,0.718,2.32,0.262,track
5,532,-0.078,-0.477,0.097,0.019,-0.125,-1.205,0.608,-0.171,0.1543,1.0,0.996,0.603,0.728,2.326,0.227,track
5,533,-0.078,-0.478,0.098,0.019,-0.125,-1.205,0.612,-0.162,0.1543,1.0,0.997,0.6,0.728,2.325,0.226,track
5,534,-0.079,-0.478,0.099,0.019,-0.125,-1.205,0.613,-0.165,0.1572,1.0,0.995,0.596,0.742,2.334,0.231,track
5,535,-0.079,-0.479,0.1,0.019,-0.125,-1.205,0.613,-0.138,0.1572,1.0,0.997,0.613,0.742,2.351,0.264,track
5,536,-0.08,-0.479,0.101,0.019,-0.125,-1.205,0.613,-0.128,0.1592,1.0,0.994,0.616,0.751,2.361,0.323,track
5,537,-0.08,-0.479,0.103,0.019,-0.125,-1.205,0.614,-0.119,0.1582,1.0,0.997,0.618,0.746,2.361,0.357,track
5,538,-0.08,-0.48,0.104,0.019,-0.125,-1.205,0.615,-0.107,0.1621,1.0,0.994,0.622,0.765,2.381,0.307,track
5,539,-0.081,-0.48,0.105,0.019,-0.125,-1.205,0.617,-0.11,0.165,1.0,0.997,0.615,0.778,2.391,0.343,track
5,540,-0.081,-0.48,0.106,0.019,-0.125,-1.205,0.614,-0.106,0.167,1.0,0.996,0.624,0.787,2.407,0.236,track
5,541,-0.081,-0.481,0.107,0.019,-0.125,-1.205,0.616,-0.099,0.1689,1.0,0.997,0.622,0.796,2.416,0.259,track
5,542,-0.081,-0.481,0.109,0.019,-0.125,-1.205,0.615,-0.096,0.1709,1.0,0.996,0.625,0.805,2.425,0.237,track
5,543,-0.082,-0.481,0.11,0.019,-0.125,-1.205,0.618,-0.095,0.1738,1.0,0.998,0.62,0.818,2.435,0.256,track
5,544,-0.082,-0.481,0.111,0.019,-0.125,-1.205,0.615,-0.084,0.1729,1.0,0.996,0.629,0.813,2.439,0.221,track
5,545,-0.082,-0.482,0.112,0.019,-0.125,-1.205,0.618,-0.084,0.1758,1.0,0.998,0.623,0.826,2.446,0.193,track
5,546,-0.082,-0.482,0.113,0.019,-0.125,-1.205,0.618,-0.082,0.1777,1.0,0.997,0.622,0.834,2.453,0.166,track
5,547,-0.082,-0.482,0.114,0.019,-0.125,-1.205,0.619,-0.078,0.1787,1.0,0.998,0.623,0.838,2.459,0.187,track
5,548,-0.082,-0.482,0.115,0.019,-0.125,-1.205,0.621,-0.082,0.1807,1.0,0.997,0.616,0.846,2.46,0.181,track
5,549,-0.082,-0.483,0.116,0.019,-0.125,-1.205,0.624,-0.08,0.1826,1.0,0.998,0.611,0.854,2.463,0.212,track
5,550,-0.082,-0.483,0.117,0.019,-0.125,-1.205,0.626,-0.073,0.1836,1.0,0.997,0.607,0.858,2.463,0.19,track
5,551,-0.082,-0.483,0.118,0.019,-0.125,-1.205,0.627,-0.075,0.1846,1.0,0.998,0.605,0.862,2.464,0.162,track
5,552,-0.082,-0.483,0.119,0.019,-0.125,-1.205,0.628,-0.076,0.1855,1.0,0.998,0.603,0.866,2.466,0.147,track
5,553,-0.082,-0.483,0.12,0.019,-0.125,-1.205,0.631,-0.076,0.1875,1.0,0.998,0.596,0.873,2.467,0.138,track
5,554,-0.082,-0.483,0.121,0.019,-0.125,-1.205,0.637,-0.076,0.1963,1.0,0.998,0.582,0.905,2.484,0.131,track
5,555,-0.082,-0.484,0.121,0.019,-0.125,-1.205,0.637,-0.076,0.1963,1.0,0.997,0.582,0.905,2.483,0.207,track
5,556,-0.082,-0.484,0.122,0.019,-0.125,-1.205,0.637,-0.072,0.1953,1.0,0.998,0.583,0.901,2.482,0.226,track
5,557,-0.082,-0.484,0.123,0.019,-0.125,-1.205,0.638,-0.07,0.1973,1.0,0.997,0.581,0.908,2.486,0.137,track
5,558,-0.082,-0.484,0.123,0.019,-0.125,-1.205,0.638,-0.07,0.1973,1.0,0.997,0.581,0.908,2.486,0.164,track
5,559,-0.082,-0.484,0.124,0.019,-0.125,-1.205,0.639,-0.068,0.1982,1.0,0.997,0.578,0.911,2.487,0.117,track
5,560,-0.081,-0.484,0.124,0.019,-0.125,-1.205,0.642,-0.068,0.1982,1.0,0.997,0.572,0.911,2.481,0.146,track
5,561,-0.081,-0.484,0.124,0.019,-0.125,-1.205,0.642,-0.068,0.1982,1.0,0.997,0.572,0.911,2.481,0.111,track
5,562,-0.081,-0.484,0.125,0.019,-0.125,-1.205,0.641,-0.07,0.1992,1.0,0.997,0.575,0.914,2.486,0.136,track
5,563,-0.081,-0.484,0.125,0.019,-0.125,-1.205,0.641,-0.07,0.1992,1.0,0.997,0.575,0.914,2.487,0.113,track
5,564,-0.08,-0.484,0.125,0.019,-0.125,-1.205,0.64,-0.069,0.2012,1.0,0.997,0.576,0.921,2.494,0.146,track
5,565,-0.08,-0.484,0.126,0.019,-0.125,-1.205,0.64,-0.069,0.2012,1.0,0.998,0.576,0.921,2.494,0.129,track
5,566,-0.08,-0.484,0.126,0.019,-0.125,-1.205,0.64,-0.069,0.2012,1.0,0.997,0.576,0.921,2.494,0.16,track
5,567,-0.079,-0.484,0.126,0.019,-0.125,-1.205,0.641,-0.069,0.2021,1.0,0.998,0.574,0.924,2.495,0.131,track
5,568,-0.079,-0.484,0.126,0.019,-0.125,-1.205,0.64,-0.062,0.2051,1.0,0.997,0.577,0.932,2.507,0.145,track
5,569,-0.079,-0.484,0.126,0.019,-0.125,-1.205,0.64,-0.062,0.2051,1.0,0.998,0.577,0.932,2.507,0.132,track
5,570,-0.078,-0.484,0.126,0.019,-0.125,-1.205,0.64,-0.062,0.2051,1.0,0.997,0.577,0.932,2.507,0.154,track
5,571,-0.078,-0.484,0.126,0.019,-0.125,-1.205,0.639,-0.064,0.2061,1.0,0.998,0.581,0.935,2.513,0.131,track
5,572,-0.077,-0.484,0.126,0.019,-0.125,-1.205,0.639,-0.064,0.2061,1.0,0.998,0.581,0.935,2.513,0.142,track
5,573,-0.077,-0.484,0.125,0.019,-0.125,-1.205,0.639,-0.064,0.2061,1.0,0.998,0.581,0.935,2.514,0.118,track
5,574,-0.076,-0.484,0.125,0.019,-0.125,-1.205,0.638,-0.065,0.2051,1.0,0.998,0.583,0.932,2.513,0.128,track
5,575,-0.076,-0.484,0.125,0.019,-0.125,-1.205,0.635,-0.071,0.2041,1.0,0.998,0.587,0.929,2.514,0.109,track
5,576,-0.075,-0.484,0.125,0.019,-0.125,-1.205,0.635,-0.071,0.2041,1.0,0.998,0.587,0.929,2.514,0.115,track
5,577,-0.075,-0.484,0.124,0.019,-0.125,-1.205,0.634,-0.075,0.2041,1.0,0.998,0.588,0.929,2.516,0.098,track
5,578,-0.074,-0.484,0.124,0.019,-0.125,-1.205,0.632,-0.076,0.2051,1.0,0.998,0.592,0.932,2.522,0.092,track
5,579,-0.073,-0.484,0.123,0.019,-0.125,-1.205,0.63,-0.076,0.2051,1.0,0.998,0.598,0.932,2.529,0.089,track
5,580,-0.073,-0.484,0.123,0.019,-0.125,-1.205,0.627,-0.08,0.207,1.0,0.998,0.603,0.938,2.539,0.096,track
5,581,-0.072,-0.484,0.122,0.019,-0.125,-1.205,0.623,-0.081,0.208,1.0,0.998,0.612,0.941,2.551,0.108,track
5,582,-0.071,-0.483,0.122,0.019,-0.125,-1.205,0.617,-0.084,0.2021,1.0,0.998,0.626,0.924,2.548,0.124,track
5,583,-0.071,-0.483,0.121,0.019,-0.125,-1.205,0.611,-0.085,0.2051,1.0,0.998,0.638,0.932,2.569,0.095,track
5,584,-0.07,-0.483,0.12,0.019,-0.125,-1.205,0.608,-0.086,0.2041,1.0,0.998,0.646,0.929,2.574,0.063,track
5,585,-0.069,-0.483,0.119,0.019,-0.125,-1.205,0.605,-0.089,0.2061,1.0,0.999,0.651,0.935,2.585,0.066,track
5,586,-0.069,-0.483,0.118,0.019,-0.125,-1.205,0.605,-0.09,0.2041,1.0,0.999,0.651,0.929,2.579,0.072,track
5,587,-0.068,-0.483,0.117,0.019,-0.125,-1.205,0.601,-0.09,0.2041,1.0,0.999,0.661,0.929,2.589,0.058,track
5,588,-0.067,-0.483,0.116,0.019,-0.125,-1.205,0.597,-0.091,0.2051,1.0,0.999,0.67,0.932,2.601,0.06,track
5,589,-0.066,-0.483,0.115,0.019,-0.125,-1.205,0.593,-0.093,0.207,1.0,0.999,0.678,0.938,2.615,0.07,track
5,590,-0.065,-0.483,0.114,0.019,-0.125,-1.205,0.589,-0.09,0.1992,1.0,0.999,0.689,0.914,2.602,0.083,track
5,591,-0.065,-0.482,0.113,0.019,-0.125,-1.205,0.586,-0.096,0.1963,1.0,0.998,0.695,0.905,2.598,0.085,track
5,592,-0.064,-0.482,0.112,0.019,-0.125,-1.205,0.581,-0.101,0.1943,1.0,0.999,0.705,0.898,2.602,0.087,track
5,593,-0.063,-0.482,0.111,0.019,-0.125,-1.205,0.58,-0.11,0.1973,1.0,0.998,0.702,0.908,2.608,0.092,track
5,594,-0.062,-0.482,0.109,0.019,-0.125,-1.205,0.577,-0.109,0.1963,1.0,0.999,0.711,0.905,2.615,0.174,track
5,595,-0.061,-0.482,0.108,0.019,-0.125,-1.205,0.574,-0.118,0.1963,1.0,0.998,0.713,0.905,2.616,0.193,track
5,596,-0.061,-0.482,0.107,0.019,-0.125,-1.205,0.566,-0.119,0.1826,1.0,0.999,0.733,0.854,2.586,0.218,track
5,597,-0.06,-0.482,0.105,0.019,-0.125,-1.205,0.566,-0.119,0.1826,1.0,0.997,0.733,0.854,2.584,0.253,track
5,598,-0.059,-0.482,0.104,0.019,-0.125,-1.205,0.563,-0.121,0.1816,1.0,0.999,0.739,0.85,2.588,0.246,track
5,599,-0.058,-0.482,0.103,0.019,-0.125,-1.205,0.559,-0.125,0.1826,1.0,0.998,0.746,0.854,2.598,0.193,track
5,600,-0.057,-0.481,0.101,0.019,-0.125,-1.205,0.554,-0.136,0.1846,1.0,0.999,0.754,0.862,2.615,0.203,track
5,601,-0.056,-0.481,0.1,0.019,-0.125,-1.205,0.55,-0.135,0.1836,1.0,0.999,0.764,0.858,2.621,0.138,track
5,602,-0.056,-0.481,0.099,0.019,-0.125,-1.205,0.548,-0.136,0.1836,1.0,0.999,0.77,0.858,2.627,0.119,track
5,603,-0.055,-0.481,0.098,0.019,-0.125,-1.205,0.546,-0.137,0.1846,1.0,0.999,0.774,0.862,2.635,0.103,track
5,604,-0.054,-0.481,0.096,0.019,-0.125,-1.205,0.54,-0.139,0.1826,1.0,0.999,0.786,0.854,2.639,0.103,track
5,605,-0.053,-0.481,0.095,0.019,-0.125,-1.205,0.538,-0.142,0.1826,1.0,0.999,0.789,0.854,2.642,0.109,track
5,606,-0.052,-0.481,0.094,0.019,-0.125,-1.205,0.539,-0.144,0.1787,1.0,0.999,0.787,0.838,2.625,0.104,track
5,607,-0.051,-0.481,0.092,0.019,-0.125,-1.205,0.539,-0.145,0.1768,1.0,0.999,0.787,0.83,2.616,0.107,track
5,608,-0.05,-0.481,0.091,0.019,-0.125,-1.205,0.534,-0.149,0.1729,1.0,0.999,0.797,0.813,2.609,0.096,track
5,609,-0.049,-0.481,0.09,0.019,-0.125,-1.205,0.534,-0.149,0.1729,1.0,0.999,0.797,0.813,2.609,0.096,track
5,610,-0.049,-0.481,0.089,0.019,-0.125,-1.205,0.529,-0.147,0.1738,1.0,0.999,0.81,0.818,2.627,0.096,track
5,611,-0.048,-0.481,0.088,0.019,-0.125,-1.205,0.526,-0.148,0.1719,1.0,0.999,0.816,0.809,2.625,0.093,track
5,612,-0.047,-0.481,0.087,0.019,-0.125,-1.205,0.521,-0.145,0.1689,1.0,0.999,0.831,0.796,2.626,0.085,track
5,613,-0.046,-0.481,0.086,0.019,-0.125,-1.205,0.52,-0.156,0.167,1.0,0.999,0.825,0.787,2.611,0.103,track
5,614,-0.045,-0.481,0.085,0.019,-0.125,-1.205,0.52,-0.169,0.168,1.0,0.999,0.816,0.792,2.606,0.143,track
5,615,-0.044,-0.481,0.084,0.019,-0.125,-1.205,0.519,-0.166,0.167,1.0,0.999,0.82,0.787,2.607,0.089,track
5,616,-0.043,-0.481,0.083,0.019,-0.125,-1.205,0.519,-0.169,0.1641,1.0,0.999,0.818,0.774,2.591,0.043,track
5,617,-0.043,-0.482,0.082,0.019,-0.125,-1.205,0.519,-0.173,0.1631,1.0,0.999,0.814,0.769,2.582,0.064,track
5,618,-0.042,-0.482,0.081,0.019,-0.125,-1.205,0.522,-0.175,0.1631,1.0,0.999,0.806,0.769,2.575,0.066,track
5,619,-0.041,-0.482,0.08,0.019,-0.125,-1.205,0.523,-0.175,0.1611,1.0,0.999,0.804,0.76,2.563,0.068,track
5,620,-0.04,-0.482,0.08,0.019,-0.125,-1.205,0.52,-0.176,0.1611,1.0,0.999,0.809,0.76,2.568,0.068,track
5,621,-0.039,-0.482,0.079,0.019,-0.125,-1.205,0.522,-0.179,0.1611,1.0,0.999,0.803,0.76,2.563,0.053,track
5,622,-0.038,-0.482,0.078,0.019,-0.125,-1.205,0.521,-0.172,0.1572,1.0,0.999,0.811,0.742,2.552,0.049,track
5,623,-0.038,-0.482,0.078,0.019,-0.125,-1.205,0.521,-0.172,0.1572,1.0,0.999,0.811,0.742,2.552,0.081,track
5,624,-0.037,-0.482,0.077,0.019,-0.125,-1.205,0.521,-0.181,0.1592,1.0,0.999,0.804,0.751,2.554,0.093,track
5,625,-0.036,-0.483,0.077,0.019,-0.125,-1.205,0.519,-0.185,0.1582,1.0,0.999,0.805,0.746,2.551,0.038,track
5,626,-0.035,-0.483,0.077,0.019,-0.125,-1.205,0.517,-0.182,0.1572,1.0,0.999,0.811,0.742,2.552,0.03,track
5,627,-0.034,-0.483,0.076,0.019,-0.125,-1.205,0.519,-0.187,0.1582,1.0,0.999,0.803,0.746,2.548,0.038,track
5,628,-0.034,-0.483,0.076,0.019,-0.125,-1.205,0.519,-0.191,0.1553,1.0,0.999,0.799,0.732,2.53,0.065,track
5,629,-0.033,-0.483,0.076,0.019,-0.125,-1.205,0.521,-0.2,0.1543,1.0,0.999,0.787,0.728,2.514,0.06,track
5,630,-0.032,-0.483,0.075,0.019,-0.125,-1.205,0.521,-0.197,0.1553,1.0,0.999,0.788,0.732,2.519,0.076,track
5,631,-0.031,-0.484,0.075,0.019,-0.125,-1.205,0.529,-0.197,0.1562,1.0,0.999,0.768,0.737,2.504,0.073,track
5,632,-0.03,-0.484,0.075,0.019,-0.125,-1.205,0.529,-0.197,0.1562,1.0,0.999,0.768,0.737,2.504,0.101,track
5,633,-0.03,-0.484,0.075,0.019,-0.125,-1.205,0.531,-0.195,0.1553,1.0,0.999,0.766,0.732,2.498,0.078,track
5,634,-0.029,-0.484,0.075,0.019,-0.125,-1.205,0.531,-0.195,0.1553,1.0,0.999,0.766,0.732,2.498,0.073,track
5,635,-0.028,-0.484,0.075,0.019,-0.125,-1.205,0.531,-0.195,0.1553,1.0,0.999,0.766,0.732,2.498,0.06,track
5,636,-0.027,-0.485,0.075,0.019,-0.125,-1.205,0.526,-0.203,0.1533,1.0,0.999,0.77,0.723,2.492,0.055,track
5,637,-0.027,-0.485,0.075,0.019,-0.125,-1.205,0.53,-0.202,0.1543,1.0,0.999,0.763,0.728,2.49,0.058,track
5,638,-0.026,-0.485,0.074,0.019,-0.125,-1.205,0.531,-0.199,0.1553,1.0,0.999,0.762,0.732,2.494,0.051,track
5,639,-0.025,-0.485,0.074,0.019,-0.125,-1.205,0.531,-0.199,0.1553,1.0,0.999,0.762,0.732,2.494,0.038,track
5,640,-0.024,-0.486,0.074,0.019,-0.125,-1.205,0.531,-0.199,0.1553,1.0,0.999,0.762,0.732,2.494,0.042,track
5,641,-0.024,-0.486,0.074,0.019,-0.125,-1.205,0.534,-0.195,0.1533,1.0,0.999,0.758,0.723,2.48,0.031,track
5,642,-0.023,-0.486,0.074,0.019,-0.125,-1.205,0.534,-0.195,0.1533,1.0,0.999,0.758,0.723,2.48,0.049,track
5,643,-0.022,-0.486,0.074,0.019,-0.125,-1.205,0.535,-0.199,0.1523,1.0,0.999,0.753,0.718,2.47,0.049,track
5,644,-0.022,-0.486,0.074,0.019,-0.125,-1.205,0.537,-0.201,0.1514,1.0,0.999,0.746,0.713,2.459,0.04,track
5,645,-0.021,-0.487,0.074,0.019,-0.125,-1.205,0.537,-0.201,0.1514,1.0,0.999,0.746,0.713,2.459,0.037,track
5,646,-0.02,-0.487,0.074,0.019,-0.125,-1.205,0.534,-0.202,0.1514,1.0,0.999,0.753,0.713,2.465,0.036,track
5,647,-0.019,-0.487,0.074,0.019,-0.125,-1.205,0.536,-0.207,0.1523,1.0,0.999,0.742,0.718,2.459,0.033,track
5,648,-0.019,-0.487,0.074,0.019,-0.125,-1.205,0.535,-0.208,0.1523,1.0,0.999,0.744,0.718,2.462,0.037,track
5,649,-0.018,-0.488,0.074,0.019,-0.125,-1.205,0.532,-0.217,0.1523,1.0,0.999,0.742,0.718,2.459,0.028,track
5,650,-0.017,-0.488,0.074,0.019,-0.125,-1.205,0.534,-0.225,0.1504,1.0,0.999,0.731,0.709,2.439,0.043,track
5,651,-0.017,-0.488,0.074,0.019,-0.125,-1.205,0.534,-0.225,0.1504,1.0,0.999,0.731,0.709,2.439,0.05,track
5,652,-0.016,-0.488,0.074,0.019,-0.125,-1.205,0.533,-0.231,0.1475,1.0,0.999,0.728,0.694,2.421,0.03,track
5,653,-0.015,-0.489,0.074,0.019,-0.125,-1.205,0.533,-0.231,0.1475,1.0,0.999,0.728,0.694,2.421,0.053,track
5,654,-0.015,-0.489,0.074,0.019,-0.125,-1.205,0.534,-0.228,0.1484,1.0,0.999,0.728,0.699,2.426,0.039,track
5,655,-0.014,-0.489,0.075,0.019,-0.125,-1.205,0.534,-0.228,0.1484,1.0,0.999,0.728,0.699,2.427,0.037,track
5,656,-0.014,-0.49,0.075,0.019,-0.125,-1.205,0.534,-0.228,0.1484,1.0,0.999,0.728,0.699,2.427,0.014,track
5,657,-0.013,-0.49,0.075,0.019,-0.125,-1.205,0.534,-0.228,0.1484,1.0,0.999,0.728,0.699,2.427,0.016,track
5,658,-0.012,-0.49,0.075,0.019,-0.125,-1.205,0.536,-0.225,0.1494,1.0,0.999,0.727,0.704,2.43,0.008,track
5,659,-0.012,-0.49,0.075,0.019,-0.125,-1.205,0.537,-0.221,0.1484,1.0,0.999,0.728,0.699,2.427,0.019,track
5,660,-0.011,-0.491,0.076,0.019,-0.125,-1.205,0.537,-0.221,0.1484,1.0,0.999,0.728,0.699,2.427,0.028,track
5,661,-0.011,-0.491,0.076,0.019,-0.125,-1.205,0.537,-0.223,0.1494,1.0,0.999,0.725,0.704,2.429,0.033,track
5,662,-0.01,-0.491,0.076,0.019,-0.125,-1.205,0.537,-0.221,0.1504,1.0,0.999,0.726,0.709,2.434,0.024,track
5,663,-0.009,-0.491,0.076,0.019,-0.125,-1.205,0.538,-0.219,0.1514,1.0,0.999,0.728,0.713,2.44,0.031,track
5,664,-0.009,-0.492,0.076,0.019,-0.125,-1.205,0.538,-0.223,0.1523,1.0,0.999,0.722,0.718,2.44,0.039,track
5,665,-0.008,-0.492,0.076,0.019,-0.125,-1.205,0.538,-0.223,0.1523,1.0,0.999,0.722,0.718,2.44,0.03,track
5,666,-0.008,-0.492,0.076,0.019,-0.125,-1.205,0.542,-0.222,0.1504,1.0,0.999,0.715,0.709,2.423,0.027,track
5,667,-0.007,-0.492,0.077,0.019,-0.125,-1.205,0.542,-0.222,0.1504,1.0,0.999,0.715,0.709,2.424,0.031,track
5,668,-0.007,-0.493,0.077,0.019,-0.125,-1.205,0.544,-0.225,0.1514,1.0,1.0,0.707,0.713,2.42,0.035,track
5,669,-0.006,-0.493,0.077,0.019,-0.125,-1.205,0.544,-0.225,0.1514,1.0,1.0,0.707,0.713,2.42,0.025,track
5,670,-0.006,-0.493,0.077,0.019,-0.125,-1.205,0.544,-0.225,0.1514,1.0,1.0,0.707,0.713,2.42,0.023,track
5,671,-0.005,-0.494,0.077,0.019,-0.125,-1.205,0.544,-0.225,0.1514,1.0,1.0,0.707,0.713,2.42,0.028,track
5,672,-0.005,-0.494,0.077,0.019,-0.125,-1.205,0.544,-0.225,0.1514,1.0,1.0,0.707,0.713,2.42,0.024,track
5,673,-0.004,-0.494,0.077,0.019,-0.125,-1.205,0.544,-0.228,0.1523,1.0,1.0,0.705,0.718,2.422,0.029,track
5,674,-0.004,-0.494,0.077,0.019,-0.125,-1.205,0.544,-0.228,0.1523,1.0,1.0,0.705,0.718,2.422,0.021,track
5,675,-0.003,-0.495,0.077,0.019,-0.125,-1.205,0.544,-0.228,0.1523,1.0,1.0,0.705,0.718,2.422,0.02,track
5,676,-0.003,-0.495,0.077,0.019,-0.125,-1.205,0.544,-0.228,0.1523,1.0,1.0,0.705,0.718,2.422,0.023,track
5,677,-0.002,-0.495,0.077,0.019,-0.125,-1.205,0.544,-0.232,0.1514,1.0,1.0,0.7,0.713,2.413,0.023,track
5,678,-0.002,-0.495,0.077,0.019,-0.125,-1.205,0.544,-0.232,0.1514,1.0,1.0,0.7,0.713,2.413,0.012,track
5,679,-0.001,-0.496,0.077,0.019,-0.125,-1.205,0.544,-0.232,0.1514,1.0,1.0,0.7,0.713,2.413,0.014,track
5,680,-0.001,-0.496,0.077,0.019,-0.125,-1.205,0.544,-0.232,0.1514,1.0,1.0,0.7,0.713,2.413,0.016,track
5,681,-0.0,-0.496,0.077,0.019,-0.125,-1.205,0.544,-0.232,0.1514,1.0,1.0,0.7,0.713,2.413,0.015,track
5,682,0.0,-0.496,0.077,0.019,-0.125,-1.205,0.546,-0.23,0.1504,1.0,1.0,0.697,0.709,2.406,0.018,track
5,683,0.001,-0.497,0.077,0.019,-0.125,-1.205,0.546,-0.23,0.1504,1.0,1.0,0.697,0.709,2.406,0.024,track
5,684,0.001,-0.497,0.077,0.019,-0.125,-1.205,0.546,-0.23,0.1504,1.0,1.0,0.697,0.709,2.406,0.03,track
5,685,0.001,-0.497,0.077,0.019,-0.125,-1.205,0.546,-0.23,0.1504,1.0,1.0,0.697,0.709,2.406,0.028,track
5,686,0.002,-0.497,0.077,0.019,-0.125,-1.205,0.546,-0.23,0.1504,1.0,1.0,0.697,0.709,2.406,0.031,track
5,687,0.002,-0.498,0.078,0.019,-0.125,-1.205,0.546,-0.23,0.1504,1.0,1.0,0.697,0.709,2.406,0.03,track
5,688,0.003,-0.498,0.078,0.019,-0.125,-1.205,0.546,-0.23,0.1504,1.0,1.0,0.697,0.709,2.406,0.031,track
5,689,0.003,-0.498,0.078,0.019,-0.125,-1.205,0.546,-0.23,0.1504,1.0,1.0,0.697,0.709,2.406,0.03,track
5,690,0.004,-0.498,0.078,0.019,-0.125,-1.205,0.546,-0.23,0.1504,1.0,1.0,0.697,0.709,2.406,0.031,track
5,691,0.004,-0.499,0.078,0.019,-0.125,-1.205,0.546,-0.23,0.1504,1.0,1.0,0.697,0.709,2.406,0.03,track
5,692,0.004,-0.499,0.078,0.019,-0.125,-1.205,0.546,-0.228,0.1514,1.0,1.0,0.699,0.713,2.412,0.031,track
5,693,0.005,-0.499,0.078,0.019,-0.125,-1.205,0.548,-0.227,0.1533,1.0,1.0,0.696,0.723,2.419,0.034,track
5,694,0.005,-0.499,0.078,0.019,-0.125,-1.205,0.548,-0.227,0.1533,1.0,1.0,0.696,0.723,2.419,0.035,track
5,695,0.006,-0.5,0.078,0.019,-0.125,-1.205,0.548,-0.227,0.1533,1.0,1.0,0.696,0.723,2.419,0.032,track
5,696,0.006,-0.5,0.078,0.019,-0.125,-1.205,0.548,-0.227,0.1533,1.0,1.0,0.696,0.723,2.419,0.033,track
5,697,0.006,-0.5,0.078,0.019,-0.125,-1.205,0.548,-0.227,0.1533,1.0,1.0,0.696,0.723,2.419,0.031,track
5,698,0.007,-0.5,0.078,0.019,-0.125,-1.205,0.549,-0.23,0.1523,1.0,1.0,0.69,0.718,2.408,0.031,track
5,699,0.007,-0.501,0.078,0.019,-0.125,-1.205,0.549,-0.23,0.1523,1.0,1.0,0.69,0.718,2.408,0.021,track
5,700,0.008,-0.501,0.078,0.019,-0.125,-1.205,0.549,-0.23,0.1523,1.0,1.0,0.69,0.718,2.408,0.022,track
5,701,0.008,-0.501,0.077,0.019,-0.125,-1.205,0.549,-0.23,0.1523,1.0,1.0,0.69,0.718,2.408,0.023,track
5,702,0.008,-0.501,0.077,0.019,-0.125,-1.205,0.549,-0.23,0.1523,1.0,1.0,0.69,0.718,2.408,0.021,track
5,703,0.009,-0.502,0.077,0.019,-0.125,-1.205,0.549,-0.23,0.1523,1.0,1.0,0.69,0.718,2.408,0.021,track
5,704,0.009,-0.502,0.077,0.019,-0.125,-1.205,0.551,-0.231,0.1514,1.0,1.0,0.685,0.713,2.398,0.019,track
5,705,0.009,-0.502,0.077,0.019,-0.125,-1.205,0.551,-0.233,0.1523,1.0,1.0,0.683,0.718,2.401,0.016,track
5,706,0.01,-0.502,0.077,0.019,-0.125,-1.205,0.551,-0.233,0.1523,1.0,1.0,0.683,0.718,2.401,0.013,track
5,707,0.01,-0.503,0.077,0.019,-0.125,-1.205,0.553,-0.231,0.1514,1.0,1.0,0.68,0.713,2.394,0.011,track
5,708,0.01,-0.503,0.077,0.019,-0.125,-1.205,0.554,-0.228,0.1514,1.0,1.0,0.682,0.713,2.395,0.014,track
5,709,0.011,-0.503,0.077,0.019,-0.125,-1.205,0.555,-0.232,0.1504,1.0,1.0,0.676,0.709,2.385,0.023,track
5,710,0.011,-0.503,0.077,0.019,-0.125,-1.205,0.555,-0.232,0.1504,1.0,1.0,0.676,0.709,2.385,0.024,track
5,711,0.011,-0.504,0.077,0.019,-0.125,-1.205,0.555,-0.232,0.1504,1.0,1.0,0.676,0.709,2.385,0.022,track
5,712,0.012,-0.504,0.077,0.019,-0.125,-1.205,0.556,-0.235,0.1494,1.0,1.0,0.67,0.704,2.374,0.021,track
5,713,0.012,-0.504,0.077,0.019,-0.125,-1.205,0.556,-0.236,0.1504,1.0,1.0,0.67,0.709,2.378,0.027,track
5,714,0.012,-0.505,0.077,0.019,-0.125,-1.205,0.556,-0.236,0.1504,1.0,1.0,0.67,0.709,2.378,0.014,track
5,715,0.013,-0.505,0.077,0.019,-0.125,-1.205,0.554,-0.241,0.1494,1.0,1.0,0.671,0.704,2.374,0.011,track
5,716,0.013,-0.505,0.077,0.019,-0.125,-1.205,0.554,-0.241,0.1494,1.0,1.0,0.671,0.704,2.374,0.019,track
5,717,0.013,-0.505,0.078,0.019,-0.125,-1.205,0.556,-0.232,0.1504,1.0,1.0,0.674,0.709,2.383,0.014,track
5,718,0.014,-0.506,0.078,0.019,-0.125,-1.205,0.556,-0.232,0.1504,1.0,1.0,0.674,0.709,2.383,0.029,track
5,719,0.014,-0.506,0.078,0.019,-0.125,-1.205,0.556,-0.24,0.1504,1.0,1.0,0.666,0.709,2.374,0.027,track
5,720,0.014,-0.506,0.078,0.019,-0.125,-1.205,0.558,-0.239,0.1494,1.0,1.0,0.663,0.704,2.366,0.016,track
5,721,0.015,-0.506,0.078,0.019,-0.125,-1.205,0.558,-0.239,0.1494,1.0,1.0,0.663,0.704,2.366,0.017,track
5,722,0.015,-0.507,0.078,0.019,-0.125,-1.205,0.558,-0.237,0.1514,1.0,1.0,0.663,0.713,2.376,0.016,track
5,723,0.015,-0.507,0.078,0.019,-0.125,-1.205,0.559,-0.24,0.1523,1.0,1.0,0.66,0.718,2.378,0.014,track
5,724,0.015,-0.507,0.078,0.019,-0.125,-1.205,0.559,-0.24,0.1523,1.0,1.0,0.66,0.718,2.378,0.015,track
5,725,0.016,-0.508,0.079,0.019,-0.125,-1.205,0.559,-0.238,0.1533,1.0,1.0,0.661,0.723,2.383,0.015,track
5,726,0.016,-0.508,0.079,0.019,-0.125,-1.205,0.559,-0.238,0.1533,1.0,1.0,0.661,0.723,2.383,0.016,track
5,727,0.016,-0.508,0.079,0.019,-0.125,-1.205,0.561,-0.237,0.1533,1.0,1.0,0.658,0.723,2.38,0.012,track
5,728,0.016,-0.508,0.079,0.019,-0.125,-1.205,0.562,-0.239,0.1523,1.0,1.0,0.652,0.718,2.37,0.011,track
5,729,0.017,-0.509,0.079,0.019,-0.125,-1.205,0.562,-0.239,0.1533,1.0,1.0,0.652,0.723,2.375,0.01,track
5,730,0.017,-0.509,0.079,0.019,-0.125,-1.205,0.562,-0.239,0.1533,1.0,1.0,0.652,0.723,2.375,0.006,track
5,731,0.017,-0.509,0.079,0.019,-0.125,-1.205,0.562,-0.239,0.1533,1.0,1.0,0.652,0.723,2.375,0.006,track
5,732,0.017,-0.51,0.079,0.019,-0.125,-1.205,0.562,-0.239,0.1533,1.0,1.0,0.652,0.723,2.375,0.007,track
5,733,0.018,-0.51,0.079,0.019,-0.125,-1.205,0.562,-0.239,0.1533,1.0,1.0,0.652,0.723,2.375,0.008,track
5,734,0.018,-0.51,0.079,0.019,-0.125,-1.205,0.565,-0.238,0.1523,1.0,1.0,0.648,0.718,2.366,0.008,track
5,735,0.018,-0.51,0.079,0.019,-0.125,-1.205,0.565,-0.238,0.1523,1.0,1.0,0.648,0.718,2.366,0.009,track
5,736,0.018,-0.511,0.08,0.019,-0.125,-1.205,0.565,-0.238,0.1523,1.0,1.0,0.648,0.718,2.366,0.011,track
5,737,0.019,-0.511,0.08,0.019,-0.125,-1.205,0.567,-0.234,0.1533,1.0,1.0,0.647,0.723,2.37,0.01,track
5,738,0.019,-0.511,0.08,0.019,-0.125,-1.205,0.573,-0.232,0.1523,1.0,1.0,0.637,0.718,2.355,0.019,track
5,739,0.019,-0.512,0.08,0.019,-0.125,-1.205,0.574,-0.229,0.1514,1.0,1.0,0.637,0.713,2.35,0.019,track
5,740,0.019,-0.512,0.08,0.019,-0.125,-1.205,0.574,-0.229,0.1514,1.0,1.0,0.637,0.713,2.35,0.029,track
5,741,0.019,-0.512,0.08,0.019,-0.125,-1.205,0.574,-0.231,0.1523,1.0,1.0,0.634,0.718,2.352,0.035,track
5,742,0.02,-0.513,0.08,0.019,-0.125,-1.205,0.574,-0.231,0.1523,1.0,1.0,0.634,0.718,2.352,0.024,track
5,743,0.02,-0.513,0.08,0.019,-0.125,-1.205,0.574,-0.231,0.1523,1.0,1.0,0.634,0.718,2.352,0.022,track
5,744,0.02,-0.513,0.08,0.019,-0.125,-1.205,0.576,-0.235,0.1533,1.0,1.0,0.626,0.723,2.348,0.022,track
5,745,0.02,-0.513,0.08,0.019,-0.125,-1.205,0.576,-0.235,0.1533,1.0,1.0,0.626,0.723,2.348,0.02,track
5,746,0.021,-0.514,0.081,0.019,-0.125,-1.205,0.577,-0.23,0.1523,1.0,1.0,0.628,0.718,2.346,0.015,track
5,747,0.021,-0.514,0.081,0.019,-0.125,-1.205,0.577,-0.23,0.1523,1.0,1.0,0.628,0.718,2.346,0.02,track
5,748,0.021,-0.514,0.081,0.019,-0.125,-1.205,0.579,-0.227,0.1533,1.0,1.0,0.626,0.723,2.349,0.022,track
5,749,0.021,-0.515,0.081,0.019,-0.125,-1.205,0.579,-0.227,0.1533,1.0,1.0,0.626,0.723,2.349,0.022,track
5,750,0.021,-0.515,0.081,0.019,-0.125,-1.205,0.579,-0.227,0.1533,1.0,1.0,0.626,0.723,2.349,0.025,track
5,751,0.022,-0.515,0.081,0.019,-0.125,-1.205,0.579,-0.227,0.1533,1.0,1.0,0.626,0.723,2.349,0.02,track
5,752,0.022,-0.515,0.081,0.019,-0.125,-1.205,0.578,-0.23,0.1533,1.0,1.0,0.627,0.723,2.349,0.02,track
5,753,0.022,-0.516,0.082,0.019,-0.125,-1.205,0.578,-0.23,0.1533,1.0,1.0,0.627,0.723,2.349,0.012,track
5,754,0.022,-0.516,0.082,0.019,-0.125,-1.205,0.578,-0.23,0.1533,1.0,1.0,0.627,0.723,2.349,0.008,track
5,755,0.022,-0.516,0.082,0.019,-0.125,-1.205,0.578,-0.23,0.1533,1.0,1.0,0.627,0.723,2.349,0.008,track
5,756,0.023,-0.517,0.082,0.019,-0.125,-1.205,0.578,-0.23,0.1533,1.0,1.0,0.627,0.723,2.349,0.006,track
5,757,0.023,-0.517,0.082,0.019,-0.125,-1.205,0.578,-0.23,0.1533,1.0,1.0,0.627,0.723,2.349,0.005,track
5,758,0.023,-0.517,0.082,0.019,-0.125,-1.205,0.578,-0.228,0.1543,1.0,1.0,0.627,0.728,2.355,0.004,track
5,759,0.023,-0.518,0.082,0.019,-0.125,-1.205,0.579,-0.23,0.1553,1.0,1.0,0.625,0.732,2.357,0.01,track
5,760,0.023,-0.518,0.082,0.019,-0.125,-1.205,0.579,-0.23,0.1553,1.0,1.0,0.625,0.732,2.357,0.009,track
5,761,0.023,-0.518,0.083,0.019,-0.125,-1.205,0.58,-0.233,0.1543,1.0,1.0,0.619,0.728,2.347,0.01,track
5,762,0.024,-0.519,0.083,0.019,-0.125,-1.205,0.58,-0.238,0.1533,1.0,1.0,0.615,0.723,2.338,0.012,track
5,763,0.024,-0.519,0.083,0.019,-0.125,-1.205,0.583,-0.236,0.1533,1.0,1.0,0.61,0.723,2.333,0.022,track
5,764,0.024,-0.519,0.083,0.019,-0.125,-1.205,0.585,-0.24,0.1533,1.0,1.0,0.603,0.723,2.326,0.022,track
5,765,0.024,-0.52,0.083,0.019,-0.125,-1.205,0.587,-0.24,0.1523,1.0,1.0,0.598,0.718,2.316,0.032,track
5,766,0.024,-0.52,0.083,0.019,-0.125,-1.205,0.587,-0.24,0.1523,1.0,1.0,0.598,0.718,2.316,0.037,track
5,767,0.024,-0.52,0.083,0.019,-0.125,-1.205,0.587,-0.24,0.1523,1.0,1.0,0.598,0.718,2.316,0.03,track
5,768,0.025,-0.52,0.084,0.019,-0.125,-1.205,0.587,-0.242,0.1533,1.0,1.0,0.597,0.723,2.319,0.024,track
5,769,0.025,-0.521,0.084,0.019,-0.125,-1.205,0.589,-0.239,0.1543,1.0,1.0,0.595,0.728,2.323,0.016,track
5,770,0.025,-0.521,0.084,0.019,-0.125,-1.205,0.589,-0.239,0.1543,1.0,1.0,0.595,0.728,2.323,0.011,track
5,771,0.025,-0.521,0.085,0.019,-0.125,-1.205,0.59,-0.243,0.1562,1.0,1.0,0.589,0.737,2.326,0.009,track
5,772,0.025,-0.522,0.085,0.019,-0.125,-1.205,0.59,-0.243,0.1562,1.0,1.0,0.589,0.737,2.326,0.005,track
5,773,0.025,-0.522,0.085,0.019,-0.125,-1.205,0.592,-0.241,0.1553,1.0,1.0,0.588,0.732,2.32,0.012,track
5,774,0.025,-0.522,0.085,0.019,-0.125,-1.205,0.593,-0.245,0.1553,1.0,1.0,0.582,0.732,2.314,0.002,track
5,775,0.026,-0.523,0.086,0.019,-0.125,-1.205,0.593,-0.245,0.1553,1.0,1.0,0.582,0.732,2.314,0.013,track
5,776,0.026,-0.523,0.086,0.019,-0.125,-1.205,0.594,-0.247,0.1572,1.0,1.0,0.579,0.742,2.321,0.009,track
5,777,0.026,-0.523,0.086,0.019,-0.125,-1.205,0.596,-0.241,0.1582,1.0,1.0,0.579,0.746,2.325,0.017,track
5,778,0.026,-0.524,0.087,0.019,-0.125,-1.205,0.596,-0.241,0.1582,1.0,1.0,0.579,0.746,2.325,0.023,track
5,779,0.026,-0.524,0.087,0.019,-0.125,-1.205,0.596,-0.241,0.1582,1.0,1.0,0.579,0.746,2.325,0.019,track
5,780,0.026,-0.524,0.087,0.019,-0.125,-1.205,0.598,-0.243,0.1582,1.0,1.0,0.574,0.746,2.32,0.019,track
5,781,0.026,-0.525,0.087,0.019,-0.125,-1.205,0.598,-0.242,0.1592,1.0,1.0,0.574,0.751,2.325,0.021,track
5,782,0.027,-0.525,0.088,0.019,-0.125,-1.205,0.598,-0.242,0.1592,1.0,1.0,0.574,0.751,2.325,0.021,track
5,783,0.027,-0.525,0.088,0.019,-0.125,-1.205,0.599,-0.241,0.1592,1.0,1.0,0.573,0.751,2.324,0.018,track
5,784,0.027,-0.526,0.088,0.019,-0.125,-1.205,0.599,-0.241,0.1592,1.0,1.0,0.573,0.751,2.324,0.02,track
5,785,0.027,-0.526,0.088,0.019,-0.125,-1.205,0.599,-0.241,0.1592,1.0,1.0,0.573,0.751,2.324,0.017,track
5,786,0.027,-0.526,0.088,0.019,-0.125,-1.205,0.599,-0.241,0.1592,1.0,1.0,0.573,0.751,2.324,0.017,track
5,787,0.027,-0.527,0.089,0.019,-0.125,-1.205,0.6,-0.239,0.1602,1.0,1.0,0.573,0.756,2.328,0.015,track
5,788,0.027,-0.527,0.089,0.019,-0.125,-1.205,0.602,-0.237,0.1592,1.0,1.0,0.571,0.751,2.322,0.015,track
5,789,0.028,-0.527,0.089,0.019,-0.125,-1.205,0.602,-0.237,0.1592,1.0,1.0,0.571,0.751,2.322,0.012,track
5,790,0.028,-0.527,0.089,0.019,-0.125,-1.205,0.602,-0.239,0.1602,1.0,1.0,0.568,0.756,2.323,0.01,track
5,791,0.028,-0.528,0.089,0.019,-0.125,-1.205,0.602,-0.239,0.1602,1.0,1.0,0.568,0.756,2.323,0.012,track
5,792,0.028,-0.528,0.09,0.019,-0.125,-1.205,0.604,-0.241,0.1592,1.0,1.0,0.563,0.751,2.314,0.013,track
5,793,0.028,-0.528,0.09,0.019,-0.125,-1.205,0.604,-0.241,0.1592,1.0,1.0,0.563,0.751,2.314,0.015,track
5,794,0.028,-0.529,0.09,0.019,-0.125,-1.205,0.604,-0.239,0.1602,1.0,1.0,0.563,0.756,2.318,0.013,track
5,795,0.028,-0.529,0.09,0.019,-0.125,-1.205,0.604,-0.239,0.1602,1.0,1.0,0.563,0.756,2.318,0.013,track
5,796,0.029,-0.529,0.09,0.019,-0.125,-1.205,0.604,-0.239,0.1602,1.0,1.0,0.563,0.756,2.318,0.011,track
5,797,0.029,-0.53,0.091,0.019,-0.125,-1.205,0.604,-0.239,0.1602,1.0,1.0,0.563,0.756,2.318,0.009,track
5,798,0.029,-0.53,0.091,0.019,-0.125,-1.205,0.61,-0.24,0.1602,1.0,1.0,0.551,0.756,2.307,0.009,track
5,799,0.029,-0.53,0.091,0.019,-0.125,-1.205,0.611,-0.244,0.1611,1.0,1.0,0.545,0.76,2.306,0.02,track
5,800,0.029,-0.53,0.091,0.019,-0.125,-1.205,0.611,-0.244,0.1611,1.0,1.0,0.545,0.76,2.306,0.015,track
5,801,0.029,-0.531,0.091,0.019,-0.125,-1.205,0.611,-0.244,0.1611,1.0,1.0,0.545,0.76,2.306,0.009,track
5,802,0.029,-0.531,0.092,0.019,-0.125,-1.205,0.611,-0.248,0.1602,1.0,1.0,0.543,0.756,2.298,0.007,track
5,803,0.03,-0.531,0.092,0.019,-0.125,-1.205,0.611,-0.25,0.1611,1.0,1.0,0.541,0.76,2.301,0.02,track
5,804,0.03,-0.532,0.092,0.019,-0.125,-1.205,0.613,-0.247,0.1602,1.0,1.0,0.54,0.756,2.295,0.012,track
5,805,0.03,-0.532,0.092,0.019,-0.125,-1.205,0.613,-0.243,0.1592,1.0,1.0,0.542,0.751,2.293,0.014,track
5,806,0.03,-0.532,0.093,0.019,-0.125,-1.205,0.615,-0.241,0.1602,1.0,1.0,0.54,0.756,2.296,0.013,track
5,807,0.03,-0.532,0.093,0.019,-0.125,-1.205,0.616,-0.242,0.1611,1.0,1.0,0.538,0.76,2.298,0.019,track
5,808,0.03,-0.533,0.093,0.019,-0.125,-1.205,0.616,-0.242,0.1611,1.0,1.0,0.538,0.76,2.298,0.016,track
5,809,0.03,-0.533,0.093,0.019,-0.125,-1.205,0.616,-0.242,0.1611,1.0,1.0,0.538,0.76,2.298,0.015,track
5,810,0.031,-0.533,0.094,0.019,-0.125,-1.205,0.617,-0.241,0.1602,1.0,1.0,0.536,0.756,2.291,0.016,track
5,811,0.031,-0.534,0.094,0.019,-0.125,-1.205,0.618,-0.242,0.1611,1.0,1.0,0.534,0.76,2.294,0.014,track
5,812,0.031,-0.534,0.094,0.019,-0.125,-1.205,0.62,-0.245,0.1621,1.0,1.0,0.528,0.765,2.293,0.018,track
5,813,0.031,-0.534,0.095,0.019,-0.125,-1.205,0.621,-0.243,0.1631,1.0,1.0,0.527,0.769,2.296,0.005,track
5,814,0.031,-0.534,0.095,0.019,-0.125,-1.205,0.621,-0.243,0.1631,1.0,1.0,0.527,0.769,2.296,0.011,track
5,815,0.031,-0.535,0.095,0.019,-0.125,-1.205,0.621,-0.243,0.1631,1.0,1.0,0.527,0.769,2.296,0.011,track
5,816,0.031,-0.535,0.095,0.019,-0.125,-1.205,0.621,-0.247,0.1631,1.0,1.0,0.523,0.769,2.292,0.009,track
5,817,0.032,-0.535,0.096,0.019,-0.125,-1.205,0.621,-0.247,0.1631,1.0,1.0,0.523,0.769,2.292,0.009,track
5,818,0.032,-0.535,0.096,0.019,-0.125,-1.205,0.624,-0.251,0.1631,1.0,1.0,0.515,0.769,2.284,0.01,track
5,819,0.032,-0.536,0.096,0.019,-0.125,-1.205,0.622,-0.256,0.1621,1.0,1.0,0.514,0.765,2.279,0.018,track
5,820,0.032,-0.536,0.096,0.019,-0.125,-1.205,0.624,-0.253,0.1641,1.0,1.0,0.514,0.774,2.288,0.022,track
5,821,0.032,-0.536,0.097,0.019,-0.125,-1.205,0.624,-0.253,0.165,1.0,1.0,0.513,0.778,2.292,0.024,track
5,822,0.032,-0.537,0.097,0.019,-0.125,-1.205,0.624,-0.253,0.165,1.0,1.0,0.513,0.778,2.292,0.016,track
5,823,0.033,-0.537,0.097,0.019,-0.125,-1.205,0.624,-0.253,0.165,1.0,1.0,0.513,0.778,2.292,0.018,track
5,824,0.033,-0.537,0.098,0.019,-0.125,-1.205,0.626,-0.252,0.1641,1.0,1.0,0.51,0.774,2.284,0.017,track
5,825,0.033,-0.537,0.098,0.019,-0.125,-1.205,0.626,-0.252,0.165,1.0,1.0,0.51,0.778,2.288,0.008,track
5,826,0.033,-0.538,0.098,0.019,-0.125,-1.205,0.628,-0.254,0.1641,1.0,1.0,0.506,0.774,2.279,0.007,track
5,827,0.033,-0.538,0.099,0.019,-0.125,-1.205,0.628,-0.254,0.1641,1.0,1.0,0.506,0.774,2.279,0.013,track
5,828,0.033,-0.538,0.099,0.019,-0.125,-1.205,0.63,-0.251,0.166,1.0,1.0,0.504,0.783,2.286,0.009,track
5,829,0.034,-0.538,0.099,0.019,-0.125,-1.205,0.63,-0.251,0.166,1.0,1.0,0.504,0.783,2.286,0.016,track
5,830,0.034,-0.539,0.099,0.019,-0.125,-1.205,0.63,-0.251,0.166,1.0,1.0,0.504,0.783,2.286,0.009,track
5,831,0.034,-0.539,0.1,0.019,-0.125,-1.205,0.63,-0.251,0.166,1.0,1.0,0.504,0.783,2.286,0.011,track
5,832,0.034,-0.539,0.1,0.019,-0.125,-1.205,0.63,-0.251,0.166,1.0,1.0,0.504,0.783,2.286,0.01,track
5,833,0.034,-0.539,0.1,0.019,-0.125,-1.205,0.63,-0.251,0.166,1.0,1.0,0.504,0.783,2.286,0.01,track
5,834,0.034,-0.54,0.1,0.019,-0.125,-1.205,0.63,-0.253,0.167,1.0,1.0,0.501,0.787,2.288,0.008,track
5,835,0.035,-0.54,0.101,0.019,-0.125,-1.205,0.632,-0.253,0.166,1.0,1.0,0.497,0.783,2.28,0.011,track
5,836,0.035,-0.54,0.101,0.019,-0.125,-1.205,0.634,-0.251,0.167,1.0,1.0,0.496,0.787,2.283,0.013,track
5,837,0.035,-0.54,0.101,0.019,-0.125,-1.205,0.634,-0.251,0.167,1.0,1.0,0.496,0.787,2.283,0.013,track
5,838,0.035,-0.541,0.101,0.019,-0.125,-1.205,0.634,-0.251,0.167,1.0,1.0,0.496,0.787,2.283,0.01,track
5,839,0.035,-0.541,0.102,0.019,-0.125,-1.205,0.634,-0.253,0.168,1.0,1.0,0.493,0.792,2.285,0.013,track
5,840,0.035,-0.541,0.102,0.019,-0.125,-1.205,0.635,-0.257,0.167,1.0,1.0,0.49,0.787,2.277,0.007,track
5,841,0.036,-0.541,0.102,0.019,-0.125,-1.205,0.635,-0.257,0.167,1.0,1.0,0.49,0.787,2.277,0.011,track
5,842,0.036,-0.541,0.102,0.019,-0.125,-1.205,0.635,-0.257,0.167,1.0,1.0,0.49,0.787,2.277,0.008,track
5,843,0.036,-0.542,0.103,0.019,-0.125,-1.205,0.635,-0.257,0.167,1.0,1.0,0.49,0.787,2.277,0.006,track
5,844,0.036,-0.542,0.103,0.019,-0.125,-1.205,0.636,-0.255,0.168,1.0,1.0,0.489,0.792,2.281,0.005,track
5,845,0.036,-0.542,0.103,0.019,-0.125,-1.205,0.636,-0.255,0.168,1.0,1.0,0.489,0.792,2.281,0.008,track
5,846,0.037,-0.542,0.103,0.019,-0.125,-1.205,0.638,-0.259,0.1699,1.0,1.0,0.483,0.8,2.283,0.006,track
5,847,0.037,-0.543,0.103,0.019,-0.125,-1.205,0.638,-0.259,0.1699,1.0,1.0,0.483,0.8,2.283,0.022,track
5,848,0.037,-0.543,0.104,0.019,-0.125,-1.205,0.638,-0.255,0.1689,1.0,1.0,0.485,0.796,2.281,0.022,track
5,849,0.037,-0.543,0.104,0.019,-0.125,-1.205,0.638,-0.255,0.1689,1.0,1.0,0.485,0.796,2.281,0.01,track
5,850,0.037,-0.543,0.104,0.019,-0.125,-1.205,0.64,-0.258,0.168,1.0,1.0,0.48,0.792,2.272,0.007,track
5,851,0.038,-0.543,0.104,0.019,-0.125,-1.205,0.64,-0.258,0.168,1.0,1.0,0.48,0.792,2.272,0.012,track
5,852,0.038,-0.544,0.104,0.019,-0.125,-1.205,0.641,-0.262,0.168,1.0,1.0,0.474,0.792,2.265,0.007,track
5,853,0.038,-0.544,0.105,0.019,-0.125,-1.205,0.641,-0.262,0.168,1.0,1.0,0.474,0.792,2.265,0.021,track
5,854,0.038,-0.544,0.105,0.019,-0.125,-1.205,0.641,-0.262,0.168,1.0,1.0,0.474,0.792,2.265,0.017,track
5,855,0.039,-0.544,0.105,0.019,-0.125,-1.205,0.641,-0.262,0.168,1.0,1.0,0.474,0.792,2.265,0.012,track
5,856,0.039,-0.544,0.105,0.019,-0.125,-1.205,0.641,-0.262,0.168,1.0,1.0,0.474,0.792,2.265,0.013,track
5,857,0.039,-0.545,0.106,0.019,-0.125,-1.205,0.641,-0.267,0.167,1.0,1.0,0.471,0.787,2.259,0.008,track
5,858,0.039,-0.545,0.106,0.019,-0.125,-1.205,0.641,-0.267,0.167,1.0,1.0,0.471,0.787,2.259,0.022,track
5,859,0.039,-0.545,0.106,0.019,-0.125,-1.205,0.642,-0.275,0.168,1.0,1.0,0.464,0.792,2.255,0.018,track
5,860,0.04,-0.545,0.107,0.019,-0.125,-1.205,0.643,-0.273,0.1689,1.0,1.0,0.462,0.796,2.258,0.038,track
5,861,0.04,-0.545,0.107,0.019,-0.125,-1.205,0.643,-0.273,0.1689,1.0,1.0,0.462,0.796,2.258,0.037,track
5,862,0.04,-0.545,0.107,0.019,-0.125,-1.205,0.643,-0.273,0.1689,1.0,1.0,0.462,0.796,2.258,0.026,track
5,863,0.04,-0.546,0.107,0.019,-0.125,-1.205,0.646,-0.27,0.167,1.0,1.0,0.46,0.787,2.247,0.028,track
5,864,0.041,-0.546,0.108,0.019,-0.125,-1.205,0.646,-0.27,0.168,1.0,1.0,0.459,0.792,2.25,0.016,track
5,865,0.041,-0.546,0.108,0.019,-0.125,-1.205,0.646,-0.27,0.168,1.0,1.0,0.459,0.792,2.25,0.007,track
5,866,0.041,-0.546,0.108,0.019,-0.125,-1.205,0.649,-0.271,0.1699,1.0,1.0,0.453,0.8,2.254,0.009,track
5,867,0.041,-0.546,0.109,0.019,-0.125,-1.205,0.651,-0.268,0.1699,1.0,1.0,0.452,0.8,2.253,0.019,track
5,868,0.042,-0.546,0.109,0.019,-0.125,-1.205,0.652,-0.27,0.1689,1.0,1.0,0.448,0.796,2.244,0.019,track
5,869,0.042,-0.547,0.109,0.019,-0.125,-1.205,0.654,-0.27,0.168,1.0,1.0,0.444,0.792,2.236,0.011,track
5,870,0.042,-0.547,0.11,0.019,-0.125,-1.205,0.656,-0.268,0.1709,1.0,1.0,0.443,0.805,2.247,0.021,track
5,871,0.042,-0.547,0.11,0.019,-0.125,-1.205,0.658,-0.27,0.1719,1.0,1.0,0.438,0.809,2.247,0.023,track
5,872,0.043,-0.547,0.11,0.019,-0.125,-1.205,0.658,-0.27,0.1719,1.0,1.0,0.438,0.809,2.247,0.01,track
5,873,0.043,-0.547,0.111,0.019,-0.125,-1.205,0.658,-0.27,0.1719,1.0,1.0,0.438,0.809,2.247,0.013,track
5,874,0.043,-0.547,0.111,0.019,-0.125,-1.205,0.659,-0.272,0.1729,1.0,1.0,0.435,0.813,2.249,0.011,track
5,875,0.043,-0.548,0.111,0.019,-0.125,-1.205,0.659,-0.272,0.1729,1.0,1.0,0.435,0.813,2.249,0.012,track
5,876,0.044,-0.548,0.111,0.019,-0.125,-1.205,0.659,-0.272,0.1729,1.0,1.0,0.435,0.813,2.249,0.016,track
5,877,0.044,-0.548,0.112,0.019,-0.125,-1.205,0.66,-0.274,0.1738,1.0,1.0,0.433,0.818,2.25,0.013,track
5,878,0.044,-0.548,0.112,0.019,-0.125,-1.205,0.66,-0.274,0.1738,1.0,1.0,0.433,0.818,2.25,0.011,track
5,879,0.045,-0.548,0.112,0.019,-0.125,-1.205,0.66,-0.274,0.1738,1.0,1.0,0.433,0.818,2.25,0.012,track
5,880,0.045,-0.548,0.112,0.019,-0.125,-1.205,0.661,-0.275,0.1748,1.0,1.0,0.43,0.822,2.252,0.012,track
5,881,0.045,-0.548,0.113,0.019,-0.125,-1.205,0.662,-0.274,0.1758,1.0,1.0,0.429,0.826,2.255,0.013,track
5,882,0.045,-0.548,0.113,0.019,-0.125,-1.205,0.662,-0.274,0.1758,1.0,1.0,0.429,0.826,2.255,0.016,track
5,883,0.046,-0.549,0.113,0.019,-0.125,-1.205,0.662,-0.274,0.1758,1.0,1.0,0.429,0.826,2.255,0.017,track
5,884,0.046,-0.549,0.113,0.019,-0.125,-1.205,0.663,-0.272,0.1768,1.0,1.0,0.428,0.83,2.258,0.016,track
5,885,0.046,-0.549,0.113,0.019,-0.125,-1.205,0.664,-0.273,0.1777,1.0,1.0,0.426,0.834,2.26,0.019,track
5,886,0.047,-0.549,0.113,0.019,-0.125,-1.205,0.664,-0.273,0.1777,1.0,1.0,0.426,0.834,2.26,0.02,track
5,887,0.047,-0.549,0.114,0.019,-0.125,-1.205,0.664,-0.273,0.1777,1.0,1.0,0.426,0.834,2.26,0.02,track
5,888,0.047,-0.549,0.114,0.019,-0.125,-1.205,0.664,-0.273,0.1777,1.0,1.0,0.426,0.834,2.26,0.018,track
5,889,0.048,-0.549,0.114,0.019,-0.125,-1.205,0.664,-0.273,0.1777,1.0,1.0,0.426,0.834,2.26,0.015,track
5,890,0.048,-0.549,0.114,0.019,-0.125,-1.205,0.665,-0.273,0.1787,1.0,1.0,0.425,0.838,2.263,0.015,track
5,891,0.048,-0.549,0.114,0.019,-0.125,-1.205,0.665,-0.273,0.1787,1.0,1.0,0.425,0.838,2.263,0.017,track
5,892,0.049,-0.549,0.114,0.019,-0.125,-1.205,0.665,-0.273,0.1787,1.0,1.0,0.425,0.838,2.263,0.015,track
5,893,0.049,-0.55,0.114,0.019,-0.125,-1.205,0.665,-0.273,0.1787,1.0,1.0,0.425,0.838,2.263,0.016,track
5,894,0.049,-0.55,0.114,0.019,-0.125,-1.205,0.665,-0.273,0.1787,1.0,1.0,0.425,0.838,2.263,0.014,track
5,895,0.05,-0.55,0.114,0.019,-0.125,-1.205,0.665,-0.273,0.1787,1.0,1.0,0.425,0.838,2.263,0.014,track
5,896,0.05,-0.55,0.114,0.019,-0.125,-1.205,0.665,-0.273,0.1787,1.0,1.0,0.425,0.838,2.263,0.014,track
5,897,0.051,-0.55,0.114,0.019,-0.125,-1.205,0.665,-0.273,0.1787,1.0,1.0,0.425,0.838,2.263,0.014,track
5,898,0.051,-0.55,0.114,0.019,-0.125,-1.205,0.665,-0.273,0.1787,1.0,1.0,0.425,0.838,2.263,0.014,track
5,899,0.051,-0.55,0.114,0.019,-0.125,-1.205,0.664,-0.275,0.1797,1.0,1.0,0.425,0.842,2.267,0.014,track
5,900,0.052,-0.55,0.114,0.019,-0.125,-1.205,0.664,-0.275,0.1797,1.0,1.0,0.425,0.842,2.267,0.013,track
5,901,0.052,-0.55,0.114,0.019,-0.125,-1.205,0.664,-0.275,0.1797,1.0,1.0,0.425,0.842,2.267,0.01,track
5,902,0.053,-0.55,0.114,0.019,-0.125,-1.205,0.664,-0.275,0.1797,1.0,1.0,0.425,0.842,2.267,0.009,track
5,903,0.053,-0.55,0.114,0.019,-0.125,-1.205,0.664,-0.275,0.1797,1.0,1.0,0.425,0.842,2.267,0.009,track
5,904,0.053,-0.55,0.114,0.019,-0.125,-1.205,0.661,-0.282,0.1826,1.0,1.0,0.425,0.854,2.279,0.008,track
5,905,0.054,-0.55,0.113,0.019,-0.125,-1.205,0.661,-0.282,0.1826,1.0,1.0,0.425,0.854,2.279,0.027,track
5,906,0.054,-0.55,0.113,0.019,-0.125,-1.205,0.661,-0.282,0.1826,1.0,1.0,0.425,0.854,2.279,0.028,track
5,907,0.055,-0.55,0.113,0.019,-0.125,-1.205,0.66,-0.281,0.1816,1.0,1.0,0.427,0.85,2.277,0.025,track
5,908,0.055,-0.55,0.113,0.019,-0.125,-1.205,0.66,-0.285,0.1807,1.0,1.0,0.424,0.846,2.27,0.023,track
5,909,0.055,-0.551,0.113,0.019,-0.125,-1.205,0.66,-0.285,0.1807,1.0,1.0,0.424,0.846,2.27,0.022,track
5,910,0.056,-0.551,0.113,0.019,-0.125,-1.205,0.66,-0.285,0.1807,1.0,1.0,0.424,0.846,2.27,0.021,track
5,911,0.056,-0.551,0.113,0.019,-0.125,-1.205,0.66,-0.285,0.1807,1.0,1.0,0.424,0.846,2.27,0.02,track
5,912,0.057,-0.551,0.112,0.019,-0.125,-1.205,0.66,-0.285,0.1807,1.0,1.0,0.424,0.846,2.27,0.018,track
5,913,0.057,-0.551,0.112,0.019,-0.125,-1.205,0.659,-0.284,0.1797,1.0,1.0,0.426,0.842,2.268,0.017,track
5,914,0.058,-0.551,0.112,0.019,-0.125,-1.205,0.661,-0.284,0.1787,1.0,1.0,0.423,0.838,2.261,0.021,track
5,915,0.058,-0.551,0.112,0.019,-0.125,-1.205,0.659,-0.284,0.1797,1.0,1.0,0.426,0.842,2.268,0.021,track
5,916,0.059,-0.551,0.112,0.019,-0.125,-1.205,0.656,-0.284,0.1797,1.0,1.0,0.431,0.842,2.273,0.02,track
5,917,0.059,-0.551,0.112,0.019,-0.125,-1.205,0.655,-0.288,0.1787,1.0,1.0,0.431,0.838,2.269,0.017,track
5,918,0.06,-0.551,0.112,0.019,-0.125,-1.205,0.655,-0.288,0.1787,1.0,1.0,0.431,0.838,2.269,0.017,track
5,919,0.06,-0.551,0.112,0.019,-0.125,-1.205,0.652,-0.286,0.1787,1.0,1.0,0.437,0.838,2.275,0.016,track
5,920,0.06,-0.551,0.111,0.019,-0.125,-1.205,0.65,-0.287,0.1787,1.0,1.0,0.44,0.838,2.278,0.019,track
5,921,0.061,-0.551,0.111,0.019,-0.125,-1.205,0.649,-0.295,0.1768,1.0,1.0,0.436,0.83,2.266,0.021,track
5,922,0.061,-0.551,0.111,0.019,-0.125,-1.205,0.649,-0.295,0.1768,1.0,1.0,0.436,0.83,2.266,0.031,track
5,923,0.062,-0.551,0.111,0.019,-0.125,-1.205,0.649,-0.295,0.1768,1.0,1.0,0.436,0.83,2.266,0.032,track
5,924,0.062,-0.551,0.111,0.019,-0.125,-1.205,0.651,-0.295,0.1758,1.0,1.0,0.432,0.826,2.258,0.03,track
5,925,0.063,-0.551,0.111,0.019,-0.125,-1.205,0.648,-0.3,0.1758,1.0,1.0,0.434,0.826,2.259,0.029,track
5,926,0.063,-0.551,0.111,0.019,-0.125,-1.205,0.647,-0.298,0.1748,1.0,1.0,0.437,0.822,2.258,0.035,track
5,927,0.064,-0.551,0.111,0.019,-0.125,-1.205,0.647,-0.298,0.1748,1.0,1.0,0.437,0.822,2.258,0.032,track
5,928,0.064,-0.551,0.111,0.019,-0.125,-1.205,0.647,-0.298,0.1748,1.0,1.0,0.437,0.822,2.258,0.028,track
5,929,0.065,-0.551,0.111,0.019,-0.125,-1.205,0.647,-0.301,0.1738,1.0,1.0,0.433,0.818,2.251,0.025,track
5,930,0.065,-0.552,0.111,0.019,-0.125,-1.205,0.647,-0.305,0.1729,1.0,1.0,0.431,0.813,2.244,0.031,track
5,931,0.066,-0.552,0.111,0.019,-0.125,-1.205,0.647,-0.305,0.1729,1.0,1.0,0.431,0.813,2.244,0.041,track
5,932,0.066,-0.552,0.111,0.019,-0.125,-1.205,0.648,-0.307,0.1719,1.0,1.0,0.427,0.809,2.236,0.039,track
5,933,0.067,-0.552,0.111,0.019,-0.125,-1.205,0.65,-0.306,0.1729,1.0,1.0,0.425,0.813,2.238,0.042,track
5,934,0.067,-0.552,0.111,0.019,-0.125,-1.205,0.65,-0.306,0.1729,1.0,1.0,0.425,0.813,2.238,0.034,track
5,935,0.068,-0.552,0.111,0.019,-0.125,-1.205,0.649,-0.309,0.1738,1.0,1.0,0.425,0.818,2.242,0.029,track
5,936,0.068,-0.552,0.111,0.019,-0.125,-1.205,0.652,-0.316,0.1729,1.0,1.0,0.414,0.813,2.227,0.03,track
5,937,0.069,-0.552,0.111,0.019,-0.125,-1.205,0.653,-0.315,0.1738,1.0,1.0,0.413,0.818,2.23,0.049,track
5,938,0.069,-0.552,0.111,0.019,-0.125,-1.205,0.654,-0.312,0.1729,1.0,1.0,0.413,0.813,2.226,0.047,track
5,939,0.07,-0.552,0.112,0.019,-0.125,-1.205,0.656,-0.313,0.1719,1.0,1.0,0.41,0.809,2.218,0.031,track
5,940,0.07,-0.552,0.112,0.019,-0.125,-1.205,0.656,-0.313,0.1719,1.0,1.0,0.41,0.809,2.218,0.025,track
5,941,0.071,-0.552,0.112,0.019,-0.125,-1.205,0.657,-0.312,0.1729,1.0,1.0,0.409,0.813,2.222,0.019,track
5,942,0.071,-0.552,0.112,0.019,-0.125,-1.205,0.658,-0.314,0.1738,1.0,1.0,0.406,0.818,2.224,0.011,track
5,943,0.072,-0.552,0.112,0.019,-0.125,-1.205,0.66,-0.314,0.1729,1.0,1.0,0.403,0.813,2.216,0.012,track
5,944,0.072,-0.552,0.113,0.019,-0.125,-1.205,0.66,-0.314,0.1729,1.0,1.0,0.403,0.813,2.216,0.011,track
5,945,0.073,-0.552,0.113,0.019,-0.125,-1.205,0.66,-0.314,0.1729,1.0,1.0,0.403,0.813,2.216,0.005,track
5,946,0.073,-0.552,0.113,0.019,-0.125,-1.205,0.661,-0.315,0.1738,1.0,1.0,0.401,0.818,2.218,0.005,track
5,947,0.074,-0.552,0.113,0.019,-0.125,-1.205,0.661,-0.315,0.1738,1.0,1.0,0.401,0.818,2.218,0.007,track
5,948,0.074,-0.552,0.114,0.019,-0.125,-1.205,0.661,-0.315,0.1738,1.0,1.0,0.401,0.818,2.218,0.01,track
5,949,0.075,-0.552,0.114,0.019,-0.125,-1.205,0.661,-0.315,0.1738,1.0,1.0,0.401,0.818,2.218,0.009,track
5,950,0.075,-0.552,0.114,0.019,-0.125,-1.205,0.661,-0.315,0.1738,1.0,1.0,0.401,0.818,2.218,0.008,track
5,951,0.076,-0.552,0.114,0.019,-0.125,-1.205,0.662,-0.315,0.1748,1.0,1.0,0.399,0.822,2.221,0.011,track
5,952,0.076,-0.552,0.114,0.019,-0.125,-1.205,0.662,-0.315,0.1748,1.0,1.0,0.399,0.822,2.221,0.012,track
5,953,0.077,-0.552,0.115,0.019,-0.125,-1.205,0.662,-0.315,0.1748,1.0,1.0,0.399,0.822,2.221,0.013,track
5,954,0.077,-0.552,0.115,0.019,-0.125,-1.205,0.662,-0.315,0.1748,1.0,1.0,0.399,0.822,2.221,0.013,track
5,955,0.078,-0.552,0.115,0.019,-0.125,-1.205,0.662,-0.315,0.1748,1.0,1.0,0.399,0.822,2.221,0.012,track
5,956,0.078,-0.552,0.115,0.019,-0.125,-1.205,0.663,-0.314,0.1758,1.0,1.0,0.397,0.826,2.223,0.014,track
5,957,0.079,-0.552,0.115,0.019,-0.125,-1.205,0.663,-0.314,0.1758,1.0,1.0,0.397,0.826,2.223,0.02,track
5,958,0.079,-0.552,0.115,0.019,-0.125,-1.205,0.664,-0.315,0.1768,1.0,1.0,0.396,0.83,2.226,0.02,track
5,959,0.08,-0.552,0.115,0.019,-0.125,-1.205,0.665,-0.314,0.1777,1.0,1.0,0.395,0.834,2.229,0.019,track
5,960,0.08,-0.552,0.116,0.019,-0.125,-1.205,0.665,-0.314,0.1777,1.0,1.0,0.395,0.834,2.229,0.023,track
5,961,0.081,-0.552,0.116,0.019,-0.125,-1.205,0.665,-0.314,0.1777,1.0,1.0,0.395,0.834,2.229,0.021,track
5,962,0.081,-0.552,0.116,0.019,-0.125,-1.205,0.664,-0.317,0.1787,1.0,1.0,0.395,0.838,2.233,0.02,track
5,963,0.082,-0.552,0.116,0.019,-0.125,-1.205,0.665,-0.316,0.1797,1.0,1.0,0.394,0.842,2.236,0.022,track
5,964,0.082,-0.552,0.116,0.019,-0.125,-1.205,0.665,-0.316,0.1797,1.0,1.0,0.394,0.842,2.236,0.02,track
5,965,0.083,-0.552,0.116,0.019,-0.125,-1.205,0.665,-0.316,0.1797,1.0,1.0,0.394,0.842,2.236,0.019,track
5,966,0.083,-0.552,0.116,0.019,-0.125,-1.205,0.665,-0.316,0.1797,1.0,1.0,0.394,0.842,2.236,0.016,track
5,967,0.084,-0.552,0.116,0.019,-0.125,-1.205,0.665,-0.316,0.1797,1.0,1.0,0.394,0.842,2.236,0.016,track
5,968,0.084,-0.552,0.116,0.019,-0.125,-1.205,0.665,-0.316,0.1797,1.0,1.0,0.394,0.842,2.236,0.014,track
5,969,0.085,-0.552,0.115,0.019,-0.125,-1.205,0.664,-0.316,0.1787,1.0,1.0,0.395,0.838,2.233,0.016,track
5,970,0.085,-0.552,0.115,0.019,-0.125,-1.205,0.664,-0.316,0.1787,1.0,1.0,0.395,0.838,2.233,0.017,track
5,971,0.086,-0.552,0.115,0.019,-0.125,-1.205,0.662,-0.316,0.1797,1.0,1.0,0.398,0.842,2.24,0.019,track
5,972,0.087,-0.552,0.115,0.019,-0.125,-1.205,0.662,-0.316,0.1797,1.0,1.0,0.398,0.842,2.24,0.017,track
5,973,0.087,-0.552,0.115,0.019,-0.125,-1.205,0.662,-0.316,0.1797,1.0,1.0,0.398,0.842,2.24,0.017,track
5,974,0.088,-0.552,0.115,0.019,-0.125,-1.205,0.662,-0.316,0.1797,1.0,1.0,0.398,0.842,2.24,0.017,track
5,975,0.088,-0.552,0.115,0.019,-0.125,-1.205,0.662,-0.316,0.1797,1.0,1.0,0.398,0.842,2.24,0.018,track
5,976,0.089,-0.552,0.115,0.019,-0.125,-1.205,0.662,-0.316,0.1797,1.0,1.0,0.398,0.842,2.24,0.018,track
5,977,0.089,-0.552,0.115,0.019,-0.125,-1.205,0.662,-0.316,0.1797,1.0,1.0,0.398,0.842,2.24,0.019,track
5,978,0.09,-0.552,0.114,0.019,-0.125,-1.205,0.661,-0.319,0.1797,1.0,1.0,0.398,0.842,2.24,0.018,track
5,979,0.09,-0.552,0.114,0.019,-0.125,-1.205,0.659,-0.323,0.1787,1.0,1.0,0.397,0.838,2.236,0.014,track
5,980,0.091,-0.552,0.114,0.019,-0.125,-1.205,0.659,-0.323,0.1787,1.0,1.0,0.397,0.838,2.236,0.011,track
5,981,0.091,-0.552,0.114,0.019,-0.125,-1.205,0.658,-0.325,0.1797,1.0,1.0,0.398,0.842,2.24,0.01,track
5,982,0.092,-0.552,0.114,0.019,-0.125,-1.205,0.657,-0.329,0.1787,1.0,1.0,0.395,0.838,2.233,0.011,track
5,983,0.093,-0.552,0.114,0.019,-0.125,-1.205,0.655,-0.33,0.1768,1.0,1.0,0.398,0.83,2.228,0.02,track
5,984,0.093,-0.552,0.114,0.019,-0.125,-1.205,0.654,-0.33,0.1758,1.0,1.0,0.401,0.826,2.226,0.028,track
5,985,0.094,-0.552,0.114,0.019,-0.125,-1.205,0.654,-0.333,0.1748,1.0,1.0,0.397,0.822,2.219,0.032,track
5,986,0.094,-0.552,0.113,0.019,-0.125,-1.205,0.652,-0.335,0.1729,1.0,1.0,0.399,0.813,2.213,0.044,track
5,987,0.095,-0.552,0.113,0.019,-0.125,-1.205,0.651,-0.338,0.1738,1.0,1.0,0.398,0.818,2.215,0.038,track
5,988,0.095,-0.552,0.113,0.019,-0.125,-1.205,0.651,-0.341,0.1729,1.0,1.0,0.395,0.813,2.208,0.039,track
5,989,0.096,-0.552,0.114,0.019,-0.125,-1.205,0.651,-0.346,0.1719,1.0,1.0,0.392,0.809,2.201,0.043,track
5,990,0.097,-0.552,0.114,0.019,-0.125,-1.205,0.652,-0.349,0.1709,1.0,1.0,0.388,0.805,2.193,0.052,track
5,991,0.097,-0.552,0.114,0.019,-0.125,-1.205,0.652,-0.349,0.1709,1.0,1.0,0.388,0.805,2.193,0.051,track
5,992,0.098,-0.552,0.114,0.019,-0.125,-1.205,0.652,-0.349,0.1709,1.0,1.0,0.388,0.805,2.193,0.057,track
5,993,0.098,-0.552,0.114,0.019,-0.125,-1.205,0.653,-0.351,0.1699,1.0,1.0,0.384,0.8,2.184,0.052,track
5,994,0.099,-0.552,0.114,0.019,-0.125,-1.205,0.653,-0.351,0.1699,1.0,1.0,0.384,0.8,2.184,0.061,track
5,995,0.099,-0.552,0.114,0.019,-0.125,-1.205,0.653,-0.351,0.1699,1.0,1.0,0.384,0.8,2.184,0.066,track
5,996,0.1,-0.552,0.115,0.019,-0.125,-1.205,0.655,-0.349,0.1689,1.0,1.0,0.384,0.796,2.179,0.098,track
5,997,0.1,-0.552,0.115,0.019,-0.125,-1.205,0.656,-0.35,0.1699,1.0,1.0,0.382,0.8,2.182,0.109,track
5,998,0.101,-0.552,0.115,0.019,-0.125,-1.205,0.656,-0.35,0.1699,1.0,1.0,0.382,0.8,2.182,0.145,track
5,999,0.102,-0.552,0.115,0.019,-0.125,-1.205,0.656,-0.35,0.1699,1.0,0.999,0.382,0.8,2.181,0.17,track
5,1000,0.102,-0.552,0.115,0.019,-0.125,-1.205,0.656,-0.35,0.1699,1.0,0.999,0.382,0.8,2.181,0.21,track
5,1001,0.103,-0.551,0.115,0.019,-0.125,-1.205,0.656,-0.35,0.1699,1.0,0.999,0.382,0.8,2.181,0.239,track
5,1002,0.103,-0.551,0.116,0.019,-0.125,-1.205,0.656,-0.35,0.1699,1.0,0.999,0.382,0.8,2.181,0.267,track
5,1003,0.104,-0.551,0.116,0.019,-0.125,-1.205,0.656,-0.35,0.1699,1.0,0.999,0.382,0.8,2.181,0.284,track
5,1004,0.104,-0.551,0.116,0.019,-0.125,-1.205,0.656,-0.35,0.1709,1.0,0.999,0.38,0.805,2.183,0.296,track
5,1005,0.105,-0.551,0.116,0.019,-0.125,-1.205,0.658,-0.35,0.1719,1.0,0.999,0.379,0.809,2.186,0.306,track
5,1006,0.105,-0.551,0.116,0.019,-0.125,-1.205,0.66,-0.349,0.1738,1.0,0.999,0.376,0.818,2.192,0.313,track
5,1007,0.106,-0.551,0.116,0.019,-0.125,-1.205,0.66,-0.349,0.1738,1.0,0.999,0.376,0.818,2.192,0.308,track
5,1008,0.106,-0.551,0.116,0.019,-0.125,-1.205,0.662,-0.35,0.1729,1.0,0.999,0.372,0.813,2.184,0.312,track
5,1009,0.107,-0.551,0.116,0.019,-0.125,-1.205,0.662,-0.35,0.1729,1.0,0.999,0.372,0.813,2.184,0.319,track
5,1010,0.108,-0.551,0.116,0.019,-0.125,-1.205,0.662,-0.35,0.1729,1.0,0.999,0.372,0.813,2.184,0.314,track
5,1011,0.108,-0.551,0.116,0.019,-0.125,-1.205,0.662,-0.35,0.1729,1.0,0.999,0.372,0.813,2.184,0.312,track
5,1012,0.109,-0.551,0.117,0.019,-0.125,-1.205,0.662,-0.35,0.1729,1.0,0.999,0.372,0.813,2.184,0.306,track
5,1013,0.109,-0.551,0.117,0.019,-0.125,-1.205,0.662,-0.35,0.1729,1.0,0.999,0.372,0.813,2.184,0.306,track
5,1014,0.11,-0.55,0.117,0.019,-0.125,-1.205,0.662,-0.35,0.1729,1.0,0.999,0.372,0.813,2.184,0.303,track
5,1015,0.11,-0.55,0.117,0.019,-0.125,-1.205,0.66,-0.349,0.1738,1.0,0.999,0.376,0.818,2.192,0.304,track
5,1016,0.111,-0.55,0.117,0.019,-0.125,-1.205,0.66,-0.349,0.1738,1.0,0.999,0.376,0.818,2.192,0.314,track
5,1017,0.111,-0.55,0.117,0.019,-0.125,-1.205,0.66,-0.349,0.1738,1.0,0.999,0.376,0.818,2.192,0.316,track
5,1018,0.112,-0.55,0.117,0.019,-0.125,-1.205,0.66,-0.349,0.1738,1.0,0.999,0.376,0.818,2.192,0.31,track
5,1019,0.112,-0.55,0.117,0.019,-0.125,-1.205,0.657,-0.352,0.1758,1.0,0.999,0.378,0.826,2.203,0.311,track
5,1020,0.113,-0.55,0.116,0.019,-0.125,-1.205,0.655,-0.353,0.1758,1.0,0.999,0.38,0.826,2.205,0.306,track
5,1021,0.114,-0.55,0.116,0.019,-0.125,-1.205,0.655,-0.353,0.1758,1.0,0.999,0.38,0.826,2.205,0.322,track
5,1022,0.114,-0.55,0.116,0.019,-0.125,-1.205,0.655,-0.353,0.1758,1.0,0.999,0.38,0.826,2.205,0.32,track
5,1023,0.115,-0.549,0.116,0.019,-0.125,-1.205,0.655,-0.353,0.1758,1.0,0.999,0.38,0.826,2.205,0.323,track
5,1024,0.115,-0.549,0.116,0.019,-0.125,-1.205,0.655,-0.353,0.1758,1.0,0.999,0.38,0.826,2.205,0.331,track
5,1025,0.116,-0.549,0.116,0.019,-0.125,-1.205,0.655,-0.353,0.1758,1.0,0.999,0.38,0.826,2.205,0.326,track
5,1026,0.116,-0.549,0.116,0.019,-0.125,-1.205,0.655,-0.353,0.1758,1.0,0.999,0.38,0.826,2.205,0.328,track
5,1027,0.117,-0.549,0.115,0.019,-0.125,-1.205,0.654,-0.353,0.1748,1.0,0.999,0.382,0.822,2.203,0.323,track
5,1028,0.117,-0.549,0.115,0.019,-0.125,-1.205,0.654,-0.353,0.1748,1.0,0.999,0.382,0.822,2.203,0.326,track
5,1029,0.118,-0.549,0.115,0.019,-0.125,-1.205,0.654,-0.353,0.1748,1.0,0.999,0.382,0.822,2.203,0.33,track
5,1030,0.118,-0.548,0.115,0.019,-0.125,-1.205,0.654,-0.35,0.1729,1.0,0.999,0.384,0.813,2.196,0.329,track
5,1031,0.119,-0.548,0.115,0.019,-0.125,-1.205,0.654,-0.35,0.1729,1.0,0.999,0.384,0.813,2.196,0.331,track
5,1032,0.12,-0.548,0.114,0.019,-0.125,-1.205,0.652,-0.346,0.1709,1.0,0.999,0.39,0.805,2.194,0.338,track
5,1033,0.12,-0.548,0.114,0.019,-0.125,-1.205,0.652,-0.346,0.1709,1.0,0.999,0.39,0.805,2.194,0.322,track
5,1034,0.121,-0.548,0.114,0.019,-0.125,-1.205,0.65,-0.346,0.1719,1.0,0.999,0.393,0.809,2.201,0.32,track
5,1035,0.121,-0.548,0.114,0.019,-0.125,-1.205,0.646,-0.35,0.1719,1.0,0.999,0.395,0.809,2.203,0.317,track
5,1036,0.122,-0.548,0.114,0.019,-0.125,-1.205,0.644,-0.352,0.1719,1.0,0.999,0.398,0.809,2.206,0.3,track
5,1037,0.122,-0.547,0.113,0.019,-0.125,-1.205,0.642,-0.355,0.1709,1.0,0.999,0.397,0.805,2.201,0.311,track
5,1038,0.123,-0.547,0.113,0.019,-0.125,-1.205,0.642,-0.359,0.1699,1.0,0.999,0.394,0.8,2.194,0.293,track
5,1039,0.123,-0.547,0.113,0.019,-0.125,-1.205,0.641,-0.365,0.168,1.0,0.999,0.39,0.792,2.181,0.323,track
5,1040,0.124,-0.547,0.113,0.019,-0.125,-1.205,0.642,-0.371,0.166,1.0,0.999,0.384,0.783,2.166,0.311,track
5,1041,0.124,-0.547,0.113,0.019,-0.125,-1.205,0.642,-0.371,0.166,1.0,0.998,0.384,0.783,2.165,0.341,track
5,1042,0.125,-0.547,0.112,0.019,-0.125,-1.205,0.639,-0.375,0.165,1.0,0.999,0.385,0.778,2.162,0.356,track
5,1043,0.126,-0.546,0.112,0.019,-0.125,-1.205,0.637,-0.37,0.1631,1.0,0.998,0.393,0.769,2.16,0.351,track
5,1044,0.126,-0.546,0.112,0.019,-0.125,-1.205,0.637,-0.377,0.1621,1.0,0.999,0.387,0.765,2.151,0.383,track
5,1045,0.127,-0.546,0.112,0.019,-0.125,-1.205,0.638,-0.38,0.1611,1.0,0.998,0.384,0.76,2.142,0.398,track
5,1046,0.127,-0.546,0.112,0.019,-0.125,-1.205,0.638,-0.38,0.1611,1.0,0.999,0.384,0.76,2.143,0.376,track
5,1047,0.128,-0.546,0.113,0.019,-0.125,-1.205,0.638,-0.38,0.1611,1.0,0.998,0.384,0.76,2.142,0.352,track
5,1048,0.128,-0.545,0.113,0.019,-0.125,-1.205,0.638,-0.38,0.1611,1.0,0.999,0.384,0.76,2.143,0.359,track
5,1049,0.129,-0.545,0.113,0.019,-0.125,-1.205,0.638,-0.38,0.1611,1.0,0.999,0.384,0.76,2.142,0.338,track
5,1050,0.129,-0.545,0.113,0.019,-0.125,-1.205,0.638,-0.38,0.1611,1.0,0.999,0.384,0.76,2.143,0.346,track
5,1051,0.13,-0.545,0.113,0.019,-0.125,-1.205,0.636,-0.383,0.1621,1.0,0.999,0.383,0.765,2.147,0.337,track
5,1052,0.13,-0.545,0.113,0.019,-0.125,-1.205,0.636,-0.383,0.1621,1.0,0.999,0.383,0.765,2.147,0.332,track
5,1053,0.13,-0.545,0.113,0.019,-0.125,-1.205,0.636,-0.383,0.1621,1.0,0.999,0.383,0.765,2.147,0.328,track
5,1054,0.131,-0.544,0.114,0.019,-0.125,-1.205,0.636,-0.383,0.1621,1.0,0.999,0.383,0.765,2.147,0.328,track
5,1055,0.131,-0.544,0.114,0.019,-0.125,-1.205,0.636,-0.383,0.1621,1.0,0.999,0.383,0.765,2.147,0.322,track
5,1056,0.132,-0.544,0.114,0.019,-0.125,-1.205,0.636,-0.383,0.1621,1.0,0.999,0.383,0.765,2.147,0.324,track
5,1057,0.132,-0.544,0.114,0.019,-0.125,-1.205,0.636,-0.383,0.1621,1.0,0.999,0.383,0.765,2.147,0.322,track
5,1058,0.133,-0.543,0.114,0.019,-0.125,-1.205,0.636,-0.383,0.1621,1.0,0.999,0.383,0.765,2.147,0.326,track
5,1059,0.133,-0.543,0.114,0.019,-0.125,-1.205,0.636,-0.383,0.1621,1.0,0.999,0.383,0.765,2.147,0.327,track
5,1060,0.134,-0.543,0.114,0.019,-0.125,-1.205,0.636,-0.383,0.1621,1.0,0.999,0.383,0.765,2.147,0.331,track
5,1061,0.134,-0.543,0.114,0.019,-0.125,-1.205,0.636,-0.383,0.1621,1.0,0.999,0.383,0.765,2.147,0.333,track
5,1062,0.134,-0.543,0.114,0.019,-0.125,-1.205,0.636,-0.383,0.1621,1.0,0.999,0.383,0.765,2.147,0.337,track
5,1063,0.135,-0.542,0.114,0.019,-0.125,-1.205,0.636,-0.383,0.1621,1.0,0.999,0.383,0.765,2.147,0.339,track
5,1064,0.135,-0.542,0.114,0.019,-0.125,-1.205,0.636,-0.383,0.1621,1.0,0.999,0.383,0.765,2.147,0.343,track
5,1065,0.136,-0.542,0.114,0.019,-0.125,-1.205,0.636,-0.383,0.1621,1.0,0.999,0.383,0.765,2.147,0.345,track
5,1066,0.136,-0.542,0.114,0.019,-0.125,-1.205,0.636,-0.383,0.1621,1.0,0.999,0.383,0.765,2.147,0.348,track
5,1067,0.136,-0.541,0.114,0.019,-0.125,-1.205,0.634,-0.386,0.1611,1.0,0.999,0.383,0.76,2.141,0.35,track
5,1068,0.137,-0.541,0.114,0.019,-0.125,-1.205,0.633,-0.384,0.1602,1.0,0.999,0.386,0.756,2.141,0.334,track
5,1069,0.137,-0.541,0.114,0.019,-0.125,-1.205,0.631,-0.385,0.1611,1.0,0.999,0.388,0.76,2.147,0.331,track
5,1070,0.138,-0.541,0.114,0.019,-0.125,-1.205,0.631,-0.385,0.1611,1.0,0.999,0.388,0.76,2.147,0.343,track
5,1071,0.138,-0.54,0.114,0.019,-0.125,-1.205,0.63,-0.389,0.1602,1.0,0.999,0.387,0.756,2.141,0.349,track
5,1072,0.138,-0.54,0.114,0.019,-0.125,-1.205,0.631,-0.388,0.1611,1.0,0.999,0.385,0.76,2.144,0.334,track
5,1073,0.139,-0.54,0.114,0.019,-0.125,-1.205,0.631,-0.388,0.1611,1.0,0.999,0.385,0.76,2.144,0.335,track
5,1074,0.139,-0.54,0.114,0.019,-0.125,-1.205,0.63,-0.392,0.1602,1.0,0.999,0.383,0.756,2.138,0.345,track
5,1075,0.139,-0.539,0.114,0.019,-0.125,-1.205,0.626,-0.39,0.1592,1.0,0.999,0.392,0.751,2.141,0.351,track
5,1076,0.14,-0.539,0.114,0.019,-0.125,-1.205,0.625,-0.389,0.1582,1.0,0.999,0.394,0.746,2.139,0.365,track
5,1077,0.14,-0.539,0.114,0.019,-0.125,-1.205,0.625,-0.389,0.1582,1.0,0.999,0.394,0.746,2.139,0.365,track
5,1078,0.14,-0.538,0.114,0.019,-0.125,-1.205,0.622,-0.393,0.1553,1.0,0.999,0.393,0.732,2.124,0.36,track
5,1079,0.141,-0.538,0.114,0.019,-0.125,-1.205,0.623,-0.393,0.1562,1.0,0.999,0.392,0.737,2.127,0.366,track
5,1080,0.141,-0.538,0.114,0.019,-0.125,-1.205,0.623,-0.394,0.1582,1.0,0.999,0.391,0.746,2.136,0.349,track
5,1081,0.141,-0.538,0.114,0.019,-0.125,-1.205,0.622,-0.397,0.1592,1.0,0.999,0.39,0.751,2.14,0.332,track
5,1082,0.142,-0.537,0.114,0.019,-0.125,-1.205,0.622,-0.397,0.1592,1.0,0.999,0.39,0.751,2.14,0.316,track
5,1083,0.142,-0.537,0.113,0.019,-0.125,-1.205,0.62,-0.396,0.1572,1.0,0.999,0.394,0.742,2.134,0.301,track
5,1084,0.142,-0.537,0.113,0.019,-0.125,-1.205,0.619,-0.393,0.1562,1.0,0.999,0.399,0.737,2.135,0.309,track
5,1085,0.142,-0.536,0.113,0.019,-0.125,-1.205,0.619,-0.393,0.1562,1.0,0.999,0.399,0.737,2.135,0.299,track
5,1086,0.143,-0.536,0.113,0.019,-0.125,-1.205,0.619,-0.393,0.1562,1.0,0.999,0.399,0.737,2.135,0.307,track
5,1087,0.143,-0.536,0.113,0.019,-0.125,-1.205,0.617,-0.393,0.1553,1.0,0.999,0.401,0.732,2.132,0.314,track
5,1088,0.143,-0.535,0.113,0.019,-0.125,-1.205,0.616,-0.394,0.1543,1.0,0.999,0.403,0.728,2.129,0.319,track
5,1089,0.143,-0.535,0.113,0.019,-0.125,-1.205,0.615,-0.392,0.1533,1.0,0.999,0.405,0.723,2.127,0.325,track
5,1090,0.144,-0.535,0.113,0.019,-0.125,-1.205,0.615,-0.392,0.1533,1.0,0.999,0.405,0.723,2.127,0.327,track
5,1091,0.144,-0.534,0.113,0.019,-0.125,-1.205,0.613,-0.394,0.1543,1.0,0.999,0.406,0.728,2.133,0.326,track
5,1092,0.144,-0.534,0.113,0.019,-0.125,-1.205,0.613,-0.394,0.1543,1.0,0.999,0.406,0.728,2.133,0.32,track
5,1093,0.144,-0.534,0.113,0.019,-0.125,-1.205,0.613,-0.394,0.1543,1.0,0.999,0.406,0.728,2.133,0.312,track
5,1094,0.145,-0.533,0.113,0.019,-0.125,-1.205,0.61,-0.392,0.1543,1.0,0.999,0.413,0.728,2.14,0.298,track
5,1095,0.145,-0.533,0.113,0.019,-0.125,-1.205,0.61,-0.392,0.1543,1.0,0.999,0.413,0.728,2.14,0.278,track
5,1096,0.145,-0.533,0.112,0.019,-0.125,-1.205,0.609,-0.392,0.1533,1.0,0.999,0.415,0.723,2.137,0.273,track
5,1097,0.145,-0.532,0.112,0.019,-0.125,-1.205,0.609,-0.392,0.1533,1.0,0.999,0.415,0.723,2.137,0.269,track
5,1098,0.145,-0.532,0.112,0.019,-0.125,-1.205,0.608,-0.39,0.1523,1.0,0.999,0.419,0.718,2.136,0.254,track
5,1099,0.146,-0.531,0.112,0.019,-0.125,-1.205,0.606,-0.392,0.1533,1.0,0.999,0.419,0.723,2.141,0.245,track
5,1100,0.146,-0.531,0.112,0.019,-0.125,-1.205,0.602,-0.386,0.1533,1.0,0.999,0.431,0.723,2.153,0.241,track
5,1101,0.146,-0.531,0.112,0.019,-0.125,-1.205,0.601,-0.383,0.1523,1.0,0.999,0.435,0.718,2.152,0.224,track
5,1102,0.146,-0.53,0.111,0.019,-0.125,-1.205,0.601,-0.383,0.1523,1.0,0.999,0.435,0.718,2.152,0.253,track
5,1103,0.146,-0.53,0.111,0.019,-0.125,-1.205,0.6,-0.379,0.1514,1.0,0.999,0.442,0.713,2.154,0.27,track
5,1104,0.146,-0.529,0.111,0.019,-0.125,-1.205,0.6,-0.379,0.1514,1.0,0.999,0.442,0.713,2.154,0.289,track
5,1105,0.147,-0.529,0.111,0.019,-0.125,-1.205,0.594,-0.379,0.1514,1.0,0.999,0.451,0.713,2.164,0.298,track
5,1106,0.147,-0.529,0.111,0.019,-0.125,-1.205,0.592,-0.377,0.1514,1.0,0.999,0.457,0.713,2.169,0.303,track
5,1107,0.147,-0.528,0.11,0.019,-0.125,-1.205,0.591,-0.374,0.1504,1.0,0.999,0.462,0.709,2.17,0.302,track
5,1108,0.147,-0.528,0.11,0.019,-0.125,-1.205,0.591,-0.374,0.1504,1.0,0.999,0.462,0.709,2.169,0.293,track
5,1109,0.147,-0.528,0.11,0.019,-0.125,-1.205,0.586,-0.379,0.1494,1.0,0.999,0.464,0.704,2.167,0.292,track
5,1110,0.147,-0.527,0.109,0.019,-0.125,-1.205,0.585,-0.375,0.1484,1.0,0.999,0.47,0.699,2.168,0.271,track
5,1111,0.147,-0.527,0.109,0.019,-0.125,-1.205,0.582,-0.375,0.1484,1.0,0.999,0.476,0.699,2.174,0.267,track
5,1112,0.147,-0.526,0.109,0.019,-0.125,-1.205,0.58,-0.378,0.1475,1.0,0.999,0.475,0.694,2.168,0.264,track
5,1113,0.148,-0.526,0.109,0.019,-0.125,-1.205,0.579,-0.376,0.1465,1.0,0.999,0.478,0.689,2.167,0.259,track
5,1114,0.148,-0.526,0.108,0.019,-0.125,-1.205,0.575,-0.381,0.1484,1.0,0.999,0.479,0.699,2.177,0.23,track
5,1115,0.148,-0.525,0.108,0.019,-0.125,-1.205,0.574,-0.385,0.1475,1.0,0.999,0.478,0.694,2.171,0.21,track
5,1116,0.148,-0.525,0.108,0.019,-0.125,-1.205,0.573,-0.382,0.1465,1.0,0.999,0.482,0.689,2.17,0.171,track
5,1117,0.148,-0.524,0.107,0.019,-0.125,-1.205,0.573,-0.382,0.1465,1.0,0.999,0.482,0.689,2.17,0.154,track
5,1118,0.148,-0.524,0.107,0.019,-0.125,-1.205,0.57,-0.382,0.1465,1.0,0.999,0.487,0.689,2.175,0.131,track
5,1119,0.148,-0.524,0.107,0.019,-0.125,-1.205,0.568,-0.383,0.1445,1.0,0.999,0.489,0.68,2.168,0.101,track
5,1120,0.148,-0.523,0.106,0.019,-0.125,-1.205,0.568,-0.383,0.1445,1.0,1.0,0.489,0.68,2.168,0.075,track
5,1121,0.148,-0.523,0.106,0.019,-0.125,-1.205,0.566,-0.385,0.1455,1.0,0.999,0.491,0.684,2.174,0.058,track
5,1122,0.148,-0.522,0.106,0.019,-0.125,-1.205,0.563,-0.38,0.1455,1.0,1.0,0.5,0.684,2.184,0.049,track
5,1123,0.148,-0.522,0.105,0.019,-0.125,-1.205,0.563,-0.38,0.1455,1.0,1.0,0.5,0.684,2.184,0.028,track
5,1124,0.148,-0.522,0.105,0.019,-0.125,-1.205,0.561,-0.384,0.1436,1.0,1.0,0.499,0.675,2.173,0.023,track
5,1125,0.148,-0.521,0.105,0.019,-0.125,-1.205,0.561,-0.384,0.1436,1.0,1.0,0.499,0.675,2.173,0.018,track
5,1126,0.148,-0.521,0.104,0.019,-0.125,-1.205,0.56,-0.38,0.1416,1.0,1.0,0.507,0.665,2.171,0.008,track
5,1127,0.148,-0.521,0.104,0.019,-0.125,-1.205,0.559,-0.384,0.1406,1.0,1.0,0.503,0.66,2.162,0.017,track
5,1128,0.148,-0.52,0.104,0.019,-0.125,-1.205,0.556,-0.39,0.1426,1.0,1.0,0.502,0.67,2.171,0.027,track
5,1129,0.148,-0.52,0.103,0.019,-0.125,-1.205,0.552,-0.385,0.1396,1.0,1.0,0.513,0.655,2.168,0.02,track
5,1130,0.148,-0.519,0.103,0.019,-0.125,-1.205,0.552,-0.385,0.1396,1.0,0.999,0.513,0.655,2.168,0.013,track
5,1131,0.148,-0.519,0.103,0.019,-0.125,-1.205,0.552,-0.385,0.1396,1.0,0.999,0.513,0.655,2.168,0.011,track
5,1132,0.148,-0.519,0.103,0.019,-0.125,-1.205,0.552,-0.383,0.1387,1.0,0.999,0.516,0.65,2.166,0.014,track
5,1133,0.148,-0.518,0.102,0.019,-0.125,-1.205,0.552,-0.383,0.1387,1.0,0.999,0.516,0.65,2.166,0.012,track
5,1134,0.147,-0.518,0.102,0.019,-0.125,-1.205,0.55,-0.383,0.1396,1.0,0.999,0.52,0.655,2.174,0.011,track
5,1135,0.147,-0.518,0.102,0.019,-0.125,-1.205,0.545,-0.387,0.1396,1.0,0.999,0.523,0.655,2.178,0.01,track
5,1136,0.147,-0.517,0.101,0.019,-0.125,-1.205,0.545,-0.385,0.1387,1.0,0.999,0.526,0.65,2.176,0.024,track
5,1137,0.147,-0.517,0.101,0.019,-0.125,-1.205,0.545,-0.385,0.1387,1.0,1.0,0.526,0.65,2.176,0.013,track
5,1138,0.147,-0.517,0.101,0.019,-0.125,-1.205,0.545,-0.385,0.1387,1.0,1.0,0.526,0.65,2.176,0.009,track
5,1139,0.147,-0.516,0.101,0.019,-0.125,-1.205,0.545,-0.385,0.1387,1.0,1.0,0.526,0.65,2.176,0.011,track
5,1140,0.147,-0.516,0.1,0.019,-0.125,-1.205,0.544,-0.382,0.1377,1.0,1.0,0.531,0.645,2.176,0.011,track
5,1141,0.146,-0.516,0.1,0.019,-0.125,-1.205,0.544,-0.382,0.1377,1.0,1.0,0.531,0.645,2.176,0.006,track
5,1142,0.146,-0.515,0.1,0.019,-0.125,-1.205,0.544,-0.382,0.1377,1.0,1.0,0.531,0.645,2.176,0.005,track
5,1143,0.146,-0.515,0.099,0.019,-0.125,-1.205,0.542,-0.385,0.1387,1.0,1.0,0.531,0.65,2.18,0.007,track
5,1144,0.146,-0.515,0.099,0.019,-0.125,-1.205,0.542,-0.382,0.1377,1.0,1.0,0.535,0.645,2.18,0.016,track
5,1145,0.146,-0.514,0.099,0.019,-0.125,-1.205,0.542,-0.382,0.1377,1.0,1.0,0.535,0.645,2.18,0.011,track
5,1146,0.145,-0.514,0.098,0.019,-0.125,-1.205,0.541,-0.382,0.1367,1.0,1.0,0.537,0.64,2.177,0.01,track
5,1147,0.145,-0.514,0.098,0.019,-0.125,-1.205,0.539,-0.38,0.1377,1.0,1.0,0.542,0.645,2.187,0.01,track
5,1148,0.145,-0.513,0.098,0.019,-0.125,-1.205,0.539,-0.376,0.1367,1.0,1.0,0.547,0.64,2.187,0.013,track
5,1149,0.145,-0.513,0.097,0.019,-0.125,-1.205,0.538,-0.376,0.1357,1.0,1.0,0.549,0.636,2.184,0.01,track
5,1150,0.144,-0.513,0.097,0.019,-0.125,-1.205,0.538,-0.376,0.1357,1.0,1.0,0.549,0.636,2.184,0.006,track
5,1151,0.144,-0.512,0.097,0.019,-0.125,-1.205,0.538,-0.372,0.1367,1.0,1.0,0.553,0.64,2.193,0.007,track
5,1152,0.144,-0.512,0.096,0.019,-0.125,-1.205,0.536,-0.372,0.1367,1.0,1.0,0.558,0.64,2.198,0.008,track
5,1153,0.144,-0.512,0.096,0.019,-0.125,-1.205,0.534,-0.372,0.1357,1.0,1.0,0.561,0.636,2.196,0.016,track
5,1154,0.143,-0.511,0.096,0.019,-0.125,-1.205,0.534,-0.372,0.1357,1.0,1.0,0.561,0.636,2.196,0.015,track
5,1155,0.143,-0.511,0.096,0.019,-0.125,-1.205,0.534,-0.372,0.1357,1.0,1.0,0.561,0.636,2.196,0.002,track
5,1156,0.143,-0.511,0.095,0.019,-0.125,-1.205,0.534,-0.368,0.1348,1.0,1.0,0.568,0.631,2.198,0.005,track
5,1157,0.142,-0.51,0.095,0.019,-0.125,-1.205,0.529,-0.368,0.1348,1.0,1.0,0.574,0.631,2.205,0.012,track
5,1158,0.142,-0.51,0.095,0.019,-0.125,-1.205,0.529,-0.367,0.1338,1.0,1.0,0.576,0.626,2.201,0.009,track
5,1159,0.142,-0.51,0.094,0.019,-0.125,-1.205,0.527,-0.37,0.1338,1.0,1.0,0.577,0.626,2.202,0.007,track
5,1160,0.141,-0.509,0.094,0.019,-0.125,-1.205,0.527,-0.37,0.1338,1.0,1.0,0.577,0.626,2.202,0.008,track
5,1161,0.141,-0.509,0.094,0.019,-0.125,-1.205,0.527,-0.37,0.1338,1.0,1.0,0.577,0.626,2.202,0.012,track
5,1162,0.141,-0.509,0.093,0.019,-0.125,-1.205,0.527,-0.37,0.1338,1.0,1.0,0.577,0.626,2.202,0.016,track
5,1163,0.14,-0.509,0.093,0.019,-0.125,-1.205,0.524,-0.369,0.1318,1.0,1.0,0.583,0.616,2.198,0.015,track
5,1164,0.14,-0.508,0.093,0.019,-0.125,-1.205,0.524,-0.369,0.1318,1.0,1.0,0.583,0.616,2.198,0.018,track
5,1165,0.14,-0.508,0.092,0.019,-0.125,-1.205,0.524,-0.369,0.1318,1.0,1.0,0.583,0.616,2.198,0.024,track
5,1166,0.139,-0.508,0.092,0.019,-0.125,-1.205,0.517,-0.369,0.1299,1.0,1.0,0.595,0.606,2.201,0.026,track
5,1167,0.139,-0.507,0.092,0.019,-0.125,-1.205,0.517,-0.369,0.1289,1.0,1.0,0.596,0.601,2.197,0.016,track
5,1168,0.138,-0.507,0.091,0.019,-0.125,-1.205,0.515,-0.368,0.1299,1.0,1.0,0.601,0.606,2.207,0.02,track
5,1169,0.138,-0.507,0.091,0.019,-0.125,-1.205,0.515,-0.368,0.1299,1.0,1.0,0.601,0.606,2.207,0.02,track
5,1170,0.138,-0.507,0.091,0.019,-0.125,-1.205,0.514,-0.362,0.1299,1.0,1.0,0.611,0.606,2.217,0.021,track
5,1171,0.137,-0.506,0.09,0.019,-0.125,-1.205,0.512,-0.363,0.1289,1.0,1.0,0.613,0.601,2.214,0.023,track
5,1172,0.137,-0.506,0.09,0.019,-0.125,-1.205,0.512,-0.363,0.1289,1.0,1.0,0.613,0.601,2.214,0.011,track
5,1173,0.136,-0.506,0.09,0.019,-0.125,-1.205,0.512,-0.356,0.1309,1.0,1.0,0.622,0.611,2.233,0.011,track
5,1174,0.136,-0.506,0.089,0.019,-0.125,-1.205,0.51,-0.357,0.1299,1.0,1.0,0.624,0.606,2.23,0.022,track
5,1175,0.135,-0.505,0.089,0.019,-0.125,-1.205,0.508,-0.355,0.1299,1.0,1.0,0.632,0.606,2.238,0.017,track
5,1176,0.135,-0.505,0.089,0.019,-0.125,-1.205,0.505,-0.353,0.1318,1.0,1.0,0.641,0.616,2.257,0.023,track
5,1177,0.134,-0.505,0.088,0.019,-0.125,-1.205,0.505,-0.353,0.1318,1.0,1.0,0.641,0.616,2.257,0.045,track
5,1178,0.134,-0.505,0.088,0.019,-0.125,-1.205,0.502,-0.354,0.1309,1.0,1.0,0.644,0.611,2.255,0.034,track
5,1179,0.134,-0.505,0.087,0.019,-0.125,-1.205,0.502,-0.35,0.1299,1.0,1.0,0.65,0.606,2.256,0.025,track
5,1180,0.133,-0.504,0.087,0.019,-0.125,-1.205,0.502,-0.35,0.1299,1.0,1.0,0.65,0.606,2.256,0.015,track
5,1181,0.133,-0.504,0.086,0.019,-0.125,-1.205,0.504,-0.346,0.1309,1.0,1.0,0.652,0.611,2.263,0.01,track
5,1182,0.132,-0.504,0.086,0.019,-0.125,-1.205,0.502,-0.338,0.1289,1.0,1.0,0.667,0.601,2.267,0.012,track
5,1183,0.132,-0.504,0.085,0.019,-0.125,-1.205,0.502,-0.338,0.1289,1.0,1.0,0.667,0.601,2.267,0.02,track
5,1184,0.131,-0.504,0.085,0.019,-0.125,-1.205,0.5,-0.337,0.1299,1.0,1.0,0.672,0.606,2.278,0.016,track
5,1185,0.131,-0.503,0.084,0.019,-0.125,-1.205,0.499,-0.338,0.1289,1.0,1.0,0.674,0.601,2.275,0.016,track
5,1186,0.13,-0.503,0.084,0.019,-0.125,-1.205,0.496,-0.339,0.1279,1.0,1.0,0.678,0.596,2.273,0.018,track
5,1187,0.129,-0.503,0.083,0.019,-0.125,-1.205,0.496,-0.339,0.1279,1.0,1.0,0.678,0.596,2.273,0.014,track
5,1188,0.129,-0.503,0.083,0.019,-0.125,-1.205,0.494,-0.34,0.127,1.0,1.0,0.68,0.591,2.271,0.019,track
5,1189,0.128,-0.503,0.082,0.019,-0.125,-1.205,0.494,-0.34,0.127,1.0,1.0,0.68,0.591,2.271,0.021,track
5,1190,0.128,-0.503,0.082,0.019,-0.125,-1.205,0.49,-0.331,0.1289,1.0,1.0,0.701,0.601,2.301,0.023,track
5,1191,0.127,-0.502,0.081,0.019,-0.125,-1.205,0.49,-0.327,0.1309,1.0,1.0,0.705,0.611,2.316,0.045,track
5,1192,0.127,-0.502,0.081,0.019,-0.125,-1.205,0.488,-0.326,0.1279,1.0,1.0,0.713,0.596,2.308,0.043,track
5,1193,0.126,-0.502,0.08,0.019,-0.125,-1.205,0.487,-0.323,0.1289,1.0,1.0,0.719,0.601,2.319,0.047,track
5,1194,0.126,-0.502,0.079,0.019,-0.125,-1.205,0.483,-0.325,0.127,1.0,1.0,0.725,0.591,2.316,0.049,track
5,1195,0.125,-0.502,0.079,0.019,-0.125,-1.205,0.481,-0.323,0.125,1.0,1.0,0.73,0.581,2.311,0.05,track
5,1196,0.125,-0.502,0.078,0.019,-0.125,-1.205,0.481,-0.322,0.124,1.0,1.0,0.732,0.576,2.308,0.065,track
5,1197,0.124,-0.502,0.078,0.019,-0.125,-1.205,0.481,-0.322,0.124,1.0,1.0,0.732,0.576,2.308,0.057,track
5,1198,0.123,-0.502,0.077,0.019,-0.125,-1.205,0.479,-0.32,0.1211,1.0,1.0,0.739,0.562,2.3,0.067,track
5,1199,0.123,-0.502,0.076,0.019,-0.125,-1.205,0.479,-0.32,0.1211,1.0,1.0,0.739,0.562,2.3,0.071,track
5,1200,0.122,-0.501,0.076,0.019,-0.125,-1.205,0.479,-0.32,0.1211,1.0,1.0,0.739,0.562,2.3,0.084,track
5,1201,0.122,-0.501,0.075,0.019,-0.125,-1.205,0.479,-0.316,0.1201,1.0,1.0,0.744,0.557,2.301,0.082,track
5,1202,0.121,-0.501,0.075,0.019,-0.125,-1.205,0.477,-0.314,0.1201,1.0,1.0,0.753,0.557,2.309,0.081,track
5,1203,0.121,-0.501,0.074,0.019,-0.125,-1.205,0.478,-0.313,0.1221,1.0,0.999,0.752,0.567,2.318,0.097,track
5,1204,0.12,-0.501,0.074,0.019,-0.125,-1.205,0.477,-0.309,0.1211,1.0,1.0,0.758,0.562,2.319,0.106,track
5,1205,0.119,-0.501,0.073,0.019,-0.125,-1.205,0.478,-0.304,0.1221,1.0,0.999,0.762,0.567,2.328,0.117,track
5,1206,0.119,-0.501,0.073,0.019,-0.125,-1.205,0.478,-0.304,0.1221,1.0,1.0,0.762,0.567,2.328,0.116,track
5,1207,0.118,-0.501,0.072,0.019,-0.125,-1.205,0.475,-0.307,0.1201,1.0,0.999,0.767,0.557,2.323,0.119,track
5,1208,0.117,-0.501,0.072,0.019,-0.125,-1.205,0.474,-0.302,0.1191,1.0,1.0,0.774,0.552,2.325,0.123,track
5,1209,0.117,-0.501,0.071,0.019,-0.125,-1.205,0.474,-0.302,0.1191,1.0,0.999,0.774,0.552,2.325,0.119,track
5,1210,0.116,-0.501,0.071,0.019,-0.125,-1.205,0.473,-0.303,0.1182,1.0,1.0,0.776,0.547,2.322,0.128,track
5,1211,0.116,-0.501,0.07,0.019,-0.125,-1.205,0.47,-0.305,0.1172,1.0,0.999,0.779,0.542,2.32,0.127,track
5,1212,0.115,-0.501,0.07,0.019,-0.125,-1.205,0.47,-0.305,0.1172,1.0,0.999,0.779,0.542,2.32,0.135,track
5,1213,0.114,-0.501,0.07,0.019,-0.125,-1.205,0.47,-0.305,0.1162,1.0,0.999,0.78,0.537,2.316,0.125,track
5,1214,0.114,-0.501,0.069,0.019,-0.125,-1.205,0.47,-0.301,0.1172,1.0,0.999,0.785,0.542,2.326,0.133,track
5,1215,0.113,-0.501,0.069,0.019,-0.125,-1.205,0.466,-0.303,0.1172,1.0,0.999,0.792,0.542,2.333,0.144,track
5,1216,0.112,-0.501,0.068,0.019,-0.125,-1.205,0.466,-0.303,0.1172,1.0,0.999,0.792,0.542,2.333,0.134,track
5,1217,0.112,-0.502,0.068,0.019,-0.125,-1.205,0.466,-0.303,0.1172,1.0,0.999,0.792,0.542,2.333,0.123,track
5,1218,0.111,-0.502,0.068,0.019,-0.125,-1.205,0.464,-0.3,0.1172,1.0,0.999,0.8,0.542,2.342,0.13,track
5,1219,0.11,-0.502,0.067,0.019,-0.125,-1.205,0.464,-0.3,0.1172,1.0,0.999,0.8,0.542,2.342,0.145,track
5,1220,0.11,-0.502,0.067,0.019,-0.125,-1.205,0.464,-0.3,0.1172,1.0,0.999,0.8,0.542,2.342,0.153,track
5,1221,0.109,-0.502,0.067,0.019,-0.125,-1.205,0.466,-0.298,0.1172,1.0,0.999,0.8,0.542,2.341,0.152,track
5,1222,0.108,-0.502,0.066,0.019,-0.125,-1.205,0.468,-0.295,0.1162,1.0,0.999,0.799,0.537,2.336,0.157,track
5,1223,0.108,-0.502,0.066,0.019,-0.125,-1.205,0.468,-0.295,0.1162,1.0,0.999,0.799,0.537,2.336,0.155,track
5,1224,0.107,-0.503,0.066,0.019,-0.125,-1.205,0.468,-0.295,0.1162,1.0,0.999,0.799,0.537,2.336,0.15,track
5,1225,0.106,-0.503,0.065,0.019,-0.125,-1.205,0.468,-0.295,0.1162,1.0,1.0,0.799,0.537,2.336,0.147,track
5,1226,0.106,-0.503,0.065,0.019,-0.125,-1.205,0.472,-0.285,0.1162,1.0,0.999,0.804,0.537,2.34,0.148,track
5,1227,0.105,-0.503,0.065,0.019,-0.125,-1.205,0.472,-0.285,0.1162,1.0,1.0,0.804,0.537,2.34,0.154,track
5,1228,0.104,-0.503,0.064,0.019,-0.125,-1.205,0.472,-0.285,0.1162,1.0,1.0,0.804,0.537,2.34,0.14,track
5,1229,0.104,-0.504,0.064,0.019,-0.125,-1.205,0.471,-0.281,0.1143,1.0,1.0,0.812,0.527,2.339,0.141,track
5,1230,0.103,-0.504,0.064,0.019,-0.125,-1.205,0.47,-0.282,0.1133,1.0,1.0,0.813,0.523,2.335,0.132,track
5,1231,0.102,-0.504,0.064,0.019,-0.125,-1.205,0.47,-0.282,0.1133,1.0,1.0,0.813,0.523,2.335,0.123,track
5,1232,0.101,-0.504,0.063,0.019,-0.125,-1.205,0.473,-0.277,0.1133,1.0,1.0,0.812,0.523,2.335,0.128,track
5,1233,0.101,-0.505,0.063,0.019,-0.125,-1.205,0.47,-0.28,0.1123,1.0,1.0,0.816,0.518,2.333,0.12,track
5,1234,0.1,-0.505,0.063,0.019,-0.125,-1.205,0.47,-0.28,0.1123,1.0,1.0,0.816,0.518,2.333,0.111,track
5,1235,0.099,-0.505,0.063,0.019,-0.125,-1.205,0.465,-0.282,0.1113,1.0,1.0,0.822,0.513,2.335,0.099,track
5,1236,0.099,-0.505,0.063,0.019,-0.125,-1.205,0.466,-0.282,0.1094,1.0,1.0,0.822,0.503,2.325,0.096,track
5,1237,0.098,-0.506,0.063,0.019,-0.125,-1.205,0.466,-0.282,0.1094,1.0,1.0,0.822,0.503,2.325,0.075,track
5,1238,0.097,-0.506,0.063,0.019,-0.125,-1.205,0.468,-0.281,0.1094,1.0,1.0,0.819,0.503,2.322,0.077,track
5,1239,0.096,-0.506,0.063,0.019,-0.125,-1.205,0.47,-0.28,0.1084,1.0,1.0,0.814,0.498,2.312,0.072,track
5,1240,0.096,-0.507,0.063,0.019,-0.125,-1.205,0.474,-0.276,0.1094,1.0,1.0,0.812,0.503,2.315,0.077,track
5,1241,0.095,-0.507,0.063,0.019,-0.125,-1.205,0.476,-0.274,0.1084,1.0,1.0,0.809,0.498,2.307,0.085,track
5,1242,0.094,-0.507,0.063,0.019,-0.125,-1.205,0.476,-0.274,0.1084,1.0,1.0,0.809,0.498,2.307,0.078,track
5,1243,0.093,-0.508,0.063,0.019,-0.125,-1.205,0.476,-0.274,0.1084,1.0,1.0,0.809,0.498,2.307,0.076,track
5,1244,0.093,-0.508,0.063,0.019,-0.125,-1.205,0.476,-0.274,0.1084,1.0,1.0,0.809,0.498,2.307,0.068,track
5,1245,0.092,-0.508,0.064,0.019,-0.125,-1.205,0.479,-0.275,0.1094,1.0,1.0,0.801,0.503,2.304,0.052,track
5,1246,0.091,-0.509,0.064,0.019,-0.125,-1.205,0.481,-0.275,0.1094,1.0,1.0,0.797,0.503,2.3,0.054,track
5,1247,0.09,-0.509,0.064,0.019,-0.125,-1.205,0.483,-0.269,0.1113,1.0,1.0,0.799,0.513,2.312,0.047,track
5,1248,0.089,-0.51,0.064,0.019,-0.125,-1.205,0.49,-0.264,0.1113,1.0,1.0,0.791,0.513,2.304,0.033,track
5,1249,0.089,-0.51,0.065,0.019,-0.125,-1.205,0.49,-0.268,0.1123,1.0,1.0,0.785,0.518,2.303,0.037,track
5,1250,0.088,-0.511,0.065,0.019,-0.125,-1.205,0.49,-0.272,0.1143,1.0,1.0,0.78,0.527,2.307,0.019,track
5,1251,0.087,-0.511,0.065,0.019,-0.125,-1.205,0.491,-0.267,0.1152,1.0,1.0,0.784,0.532,2.316,0.025,track
5,1252,0.086,-0.511,0.066,0.019,-0.125,-1.205,0.495,-0.265,0.1172,1.0,1.0,0.776,0.542,2.318,0.022,track
5,1253,0.085,-0.512,0.066,0.019,-0.125,-1.205,0.495,-0.268,0.1182,1.0,1.0,0.773,0.547,2.319,0.013,track
5,1254,0.085,-0.512,0.066,0.019,-0.125,-1.205,0.496,-0.276,0.1211,1.0,1.0,0.759,0.562,2.321,0.02,track
5,1255,0.084,-0.513,0.067,0.019,-0.125,-1.205,0.498,-0.273,0.1211,1.0,1.0,0.759,0.562,2.32,0.037,track
5,1256,0.083,-0.513,0.067,0.019,-0.125,-1.205,0.501,-0.272,0.1201,1.0,1.0,0.755,0.557,2.312,0.038,track
5,1257,0.082,-0.514,0.067,0.019,-0.125,-1.205,0.501,-0.272,0.1201,1.0,1.0,0.755,0.557,2.312,0.033,track
5,1258,0.081,-0.514,0.068,0.019,-0.125,-1.205,0.503,-0.268,0.1201,1.0,1.0,0.755,0.557,2.311,0.03,track
5,1259,0.081,-0.515,0.068,0.019,-0.125,-1.205,0.503,-0.266,0.1201,1.0,1.0,0.757,0.557,2.314,0.021,track
5,1260,0.08,-0.515,0.068,0.019,-0.125,-1.205,0.509,-0.262,0.1182,1.0,1.0,0.747,0.547,2.294,0.021,track
5,1261,0.079,-0.516,0.068,0.019,-0.125,-1.205,0.51,-0.266,0.1172,1.0,1.0,0.741,0.542,2.283,0.04,track
5,1262,0.078,-0.516,0.069,0.019,-0.125,-1.205,0.513,-0.265,0.1182,1.0,1.0,0.735,0.547,2.282,0.04,track
5,1263,0.077,-0.517,0.069,0.019,-0.125,-1.205,0.518,-0.266,0.1201,1.0,1.0,0.724,0.557,2.281,0.047,track
5,1264,0.076,-0.517,0.069,0.019,-0.125,-1.205,0.52,-0.267,0.1201,1.0,1.0,0.716,0.557,2.273,0.042,track
5,1265,0.076,-0.518,0.07,0.019,-0.125,-1.205,0.522,-0.262,0.1191,1.0,1.0,0.72,0.552,2.272,0.046,track
5,1266,0.075,-0.518,0.07,0.019,-0.125,-1.205,0.524,-0.263,0.1191,1.0,1.0,0.713,0.552,2.264,0.049,track
5,1267,0.074,-0.519,0.071,0.019,-0.125,-1.205,0.526,-0.272,0.1211,1.0,1.0,0.698,0.562,2.259,0.051,track
5,1268,0.073,-0.519,0.071,0.019,-0.125,-1.205,0.526,-0.272,0.1211,1.0,1.0,0.698,0.562,2.259,0.046,track
5,1269,0.072,-0.52,0.072,0.019,-0.125,-1.205,0.532,-0.264,0.1221,1.0,1.0,0.694,0.567,2.26,0.046,track
5,1270,0.071,-0.52,0.073,0.019,-0.125,-1.205,0.539,-0.267,0.124,1.0,1.0,0.675,0.576,2.251,0.047,track
5,1271,0.071,-0.521,0.073,0.019,-0.125,-1.205,0.543,-0.274,0.127,1.0,1.0,0.659,0.591,2.25,0.055,track
5,1272,0.07,-0.521,0.074,0.019,-0.125,-1.205,0.546,-0.274,0.126,1.0,1.0,0.654,0.586,2.24,0.053,track
5,1273,0.069,-0.522,0.074,0.019,-0.125,-1.205,0.551,-0.277,0.1299,1.0,1.0,0.638,0.606,2.244,0.056,track
5,1274,0.068,-0.523,0.075,0.019,-0.125,-1.205,0.553,-0.273,0.1289,1.0,1.0,0.64,0.601,2.241,0.051,track
5,1275,0.067,-0.523,0.076,0.019,-0.125,-1.205,0.558,-0.278,0.1289,1.0,1.0,0.624,0.601,2.225,0.032,track
5,1276,0.067,-0.524,0.076,0.019,-0.125,-1.205,0.559,-0.283,0.1299,1.0,1.0,0.616,0.606,2.221,0.039,track
5,1277,0.066,-0.524,0.077,0.019,-0.125,-1.205,0.564,-0.278,0.1309,1.0,1.0,0.611,0.611,2.222,0.044,track
5,1278,0.065,-0.525,0.078,0.019,-0.125,-1.205,0.566,-0.278,0.1309,1.0,1.0,0.608,0.611,2.218,0.039,track
5,1279,0.064,-0.525,0.079,0.019,-0.125,-1.205,0.569,-0.284,0.1338,1.0,1.0,0.595,0.626,2.22,0.022,track
5,1280,0.063,-0.526,0.079,0.019,-0.125,-1.205,0.573,-0.28,0.1357,1.0,1.0,0.591,0.636,2.226,0.029,track
5,1281,0.062,-0.526,0.08,0.019,-0.125,-1.205,0.577,-0.278,0.1367,1.0,1.0,0.584,0.64,2.224,0.029,track
5,1282,0.062,-0.526,0.081,0.019,-0.125,-1.205,0.578,-0.274,0.1367,1.0,1.0,0.586,0.64,2.226,0.026,track
5,1283,0.061,-0.527,0.081,0.019,-0.125,-1.205,0.583,-0.277,0.1387,1.0,1.0,0.573,0.65,2.223,0.019,track
5,1284,0.06,-0.527,0.082,0.019,-0.125,-1.205,0.585,-0.285,0.1416,1.0,1.0,0.56,0.665,2.225,0.008,track
5,1285,0.059,-0.528,0.083,0.019,-0.125,-1.205,0.591,-0.28,0.1406,1.0,1.0,0.555,0.66,2.214,0.025,track
5,1286,0.058,-0.528,0.084,0.019,-0.125,-1.205,0.592,-0.271,0.1426,1.0,1.0,0.561,0.67,2.231,0.018,track
5,1287,0.058,-0.529,0.084,0.019,-0.125,-1.205,0.596,-0.277,0.1436,1.0,1.0,0.548,0.675,2.222,0.034,track
5,1288,0.057,-0.529,0.085,0.019,-0.125,-1.205,0.596,-0.277,0.1426,1.0,1.0,0.546,0.67,2.216,0.025,track
5,1289,0.056,-0.53,0.085,0.019,-0.125,-1.205,0.6,-0.278,0.1426,1.0,1.0,0.539,0.67,2.208,0.034,track
5,1290,0.055,-0.53,0.086,0.019,-0.125,-1.205,0.602,-0.273,0.1406,1.0,1.0,0.539,0.66,2.198,0.047,track
5,1291,0.055,-0.53,0.087,0.019,-0.125,-1.205,0.608,-0.278,0.1445,1.0,1.0,0.523,0.68,2.202,0.062,track
5,1292,0.054,-0.531,0.088,0.019,-0.125,-1.205,0.609,-0.276,0.1465,1.0,1.0,0.523,0.689,2.212,0.083,track
5,1293,0.053,-0.531,0.088,0.019,-0.125,-1.205,0.613,-0.273,0.1465,1.0,0.999,0.518,0.689,2.207,0.111,track
5,1294,0.052,-0.532,0.089,0.019,-0.125,-1.205,0.616,-0.27,0.1484,1.0,0.999,0.516,0.699,2.214,0.128,track
5,1295,0.052,-0.532,0.09,0.019,-0.125,-1.205,0.619,-0.267,0.1484,1.0,0.999,0.512,0.699,2.21,0.154,track
5,1296,0.051,-0.532,0.09,0.019,-0.125,-1.205,0.619,-0.267,0.1484,1.0,0.999,0.512,0.699,2.21,0.167,track
5,1297,0.05,-0.533,0.091,0.019,-0.125,-1.205,0.623,-0.271,0.1494,1.0,0.999,0.501,0.704,2.203,0.194,track
5,1298,0.05,-0.533,0.092,0.019,-0.125,-1.205,0.624,-0.274,0.1504,1.0,0.999,0.497,0.709,2.204,0.229,track
5,1299,0.049,-0.533,0.093,0.019,-0.125,-1.205,0.625,-0.27,0.1523,1.0,0.999,0.498,0.718,2.215,0.241,track
5,1300,0.048,-0.534,0.093,0.019,-0.125,-1.205,0.626,-0.27,0.1533,1.0,0.999,0.495,0.723,2.217,0.244,track
5,1301,0.048,-0.534,0.094,0.019,-0.125,-1.205,0.627,-0.267,0.1533,1.0,0.999,0.496,0.723,2.218,0.245,track
5,1302,0.047,-0.534,0.095,0.019,-0.125,-1.205,0.63,-0.267,0.1533,1.0,0.999,0.492,0.723,2.214,0.236,track
5,1303,0.046,-0.535,0.095,0.019,-0.125,-1.205,0.63,-0.267,0.1533,1.0,0.999,0.492,0.723,2.213,0.24,track
5,1304,0.046,-0.535,0.096,0.019,-0.125,-1.205,0.634,-0.269,0.1553,1.0,0.999,0.483,0.732,2.214,0.241,track
5,1305,0.045,-0.535,0.097,0.019,-0.125,-1.205,0.634,-0.268,0.1572,1.0,0.999,0.484,0.742,2.224,0.232,track
5,1306,0.044,-0.536,0.097,0.019,-0.125,-1.205,0.634,-0.263,0.1562,1.0,0.999,0.487,0.737,2.223,0.231,track
5,1307,0.044,-0.536,0.098,0.019,-0.125,-1.205,0.637,-0.257,0.1592,1.0,0.999,0.486,0.751,2.236,0.243,track
5,1308,0.043,-0.536,0.098,0.019,-0.125,-1.205,0.639,-0.25,0.1572,1.0,0.999,0.488,0.742,2.229,0.238,track
5,1309,0.042,-0.536,0.099,0.019,-0.125,-1.205,0.641,-0.255,0.1592,1.0,0.999,0.48,0.751,2.229,0.255,track
5,1310,0.042,-0.536,0.099,0.019,-0.125,-1.205,0.643,-0.25,0.1602,1.0,0.999,0.48,0.756,2.235,0.267,track
5,1311,0.041,-0.537,0.1,0.019,-0.125,-1.205,0.641,-0.248,0.1611,1.0,0.999,0.485,0.76,2.243,0.268,track
5,1312,0.041,-0.537,0.1,0.019,-0.125,-1.205,0.641,-0.247,0.1631,1.0,0.999,0.486,0.769,2.254,0.255,track
5,1313,0.04,-0.537,0.101,0.019,-0.125,-1.205,0.641,-0.242,0.1621,1.0,0.999,0.489,0.765,2.253,0.246,track
5,1314,0.04,-0.537,0.101,0.019,-0.125,-1.205,0.642,-0.237,0.165,1.0,0.999,0.49,0.778,2.267,0.231,track
5,1315,0.039,-0.538,0.102,0.019,-0.125,-1.205,0.642,-0.237,0.165,1.0,0.999,0.49,0.778,2.267,0.226,track
5,1316,0.039,-0.538,0.102,0.019,-0.125,-1.205,0.643,-0.239,0.166,1.0,0.999,0.487,0.783,2.269,0.223,track
5,1317,0.038,-0.538,0.102,0.019,-0.125,-1.205,0.643,-0.239,0.166,1.0,0.999,0.487,0.783,2.269,0.214,track
5,1318,0.038,-0.538,0.103,0.019,-0.125,-1.205,0.644,-0.242,0.167,1.0,0.999,0.483,0.787,2.269,0.22,track
5,1319,0.037,-0.538,0.103,0.019,-0.125,-1.205,0.644,-0.242,0.167,1.0,0.999,0.483,0.787,2.269,0.213,track
5,1320,0.037,-0.538,0.103,0.019,-0.125,-1.205,0.644,-0.238,0.168,1.0,0.999,0.486,0.792,2.277,0.221,track
5,1321,0.036,-0.539,0.104,0.019,-0.125,-1.205,0.644,-0.238,0.168,1.0,0.999,0.486,0.792,2.276,0.229,track
5,1322,0.036,-0.539,0.104,0.019,-0.125,-1.205,0.644,-0.238,0.168,1.0,0.999,0.486,0.792,2.277,0.232,track
5,1323,0.035,-0.539,0.104,0.019,-0.125,-1.205,0.642,-0.238,0.1689,1.0,0.999,0.49,0.796,2.284,0.233,track
5,1324,0.035,-0.539,0.104,0.019,-0.125,-1.205,0.645,-0.241,0.1709,1.0,0.999,0.483,0.805,2.287,0.233,track
5,1325,0.035,-0.539,0.104,0.019,-0.125,-1.205,0.645,-0.241,0.1709,1.0,0.999,0.483,0.805,2.286,0.215,track
5,1326,0.034,-0.539,0.105,0.019,-0.125,-1.205,0.645,-0.241,0.1709,1.0,0.999,0.483,0.805,2.287,0.209,track
5,1327,0.034,-0.539,0.105,0.019,-0.125,-1.205,0.646,-0.239,0.1699,1.0,0.999,0.481,0.8,2.281,0.209,track
5,1328,0.033,-0.539,0.105,0.019,-0.125,-1.205,0.644,-0.238,0.1709,1.0,0.999,0.486,0.805,2.29,0.211,track
5,1329,0.033,-0.54,0.105,0.019,-0.125,-1.205,0.645,-0.234,0.1719,1.0,0.999,0.488,0.809,2.296,0.217,track
5,1330,0.033,-0.54,0.105,0.019,-0.125,-1.205,0.643,-0.234,0.1729,1.0,0.999,0.492,0.813,2.304,0.213,track
5,1331,0.032,-0.54,0.105,0.019,-0.125,-1.205,0.642,-0.229,0.1719,1.0,0.999,0.496,0.809,2.304,0.211,track
5,1332,0.032,-0.54,0.105,0.019,-0.125,-1.205,0.642,-0.229,0.1719,1.0,0.999,0.496,0.809,2.304,0.197,track
5,1333,0.032,-0.54,0.105,0.019,-0.125,-1.205,0.642,-0.229,0.1719,1.0,0.999,0.496,0.809,2.304,0.195,track
5,1334,0.031,-0.54,0.105,0.019,-0.125,-1.205,0.641,-0.232,0.1729,1.0,0.999,0.497,0.813,2.31,0.198,track
5,1335,0.031,-0.54,0.105,0.019,-0.125,-1.205,0.641,-0.232,0.1729,1.0,0.999,0.497,0.813,2.31,0.189,track
5,1336,0.031,-0.54,0.105,0.019,-0.125,-1.205,0.641,-0.232,0.1729,1.0,0.999,0.497,0.813,2.31,0.188,track
5,1337,0.031,-0.54,0.105,0.019,-0.125,-1.205,0.64,-0.23,0.1719,1.0,0.999,0.499,0.809,2.308,0.182,track
5,1338,0.03,-0.54,0.104,0.019,-0.125,-1.205,0.64,-0.23,0.1719,1.0,1.0,0.499,0.809,2.308,0.179,track
5,1339,0.03,-0.54,0.104,0.019,-0.125,-1.205,0.641,-0.235,0.1729,1.0,0.999,0.495,0.813,2.308,0.176,track
5,1340,0.03,-0.54,0.104,0.019,-0.125,-1.205,0.641,-0.235,0.1729,1.0,0.999,0.495,0.813,2.308,0.189,track
5,1341,0.03,-0.541,0.104,0.019,-0.125,-1.205,0.641,-0.235,0.1729,1.0,0.999,0.495,0.813,2.308,0.184,track
5,1342,0.029,-0.541,0.104,0.019,-0.125,-1.205,0.641,-0.235,0.1729,1.0,1.0,0.495,0.813,2.308,0.181,track
5,1343,0.029,-0.541,0.104,0.019,-0.125,-1.205,0.641,-0.235,0.1729,1.0,0.999,0.495,0.813,2.308,0.176,track
5,1344,0.029,-0.541,0.104,0.019,-0.125,-1.205,0.641,-0.235,0.1729,1.0,1.0,0.495,0.813,2.308,0.172,track
5,1345,0.029,-0.541,0.104,0.019,-0.125,-1.205,0.641,-0.235,0.1729,1.0,1.0,0.495,0.813,2.308,0.168,track
5,1346,0.029,-0.541,0.103,0.019,-0.125,-1.205,0.641,-0.235,0.1729,1.0,1.0,0.495,0.813,2.308,0.163,track
5,1347,0.028,-0.541,0.103,0.019,-0.125,-1.205,0.641,-0.235,0.1729,1.0,1.0,0.495,0.813,2.308,0.158,track
5,1348,0.028,-0.541,0.103,0.019,-0.125,-1.205,0.641,-0.235,0.1729,1.0,1.0,0.495,0.813,2.308,0.152,track
5,1349,0.028,-0.541,0.103,0.019,-0.125,-1.205,0.64,-0.233,0.1719,1.0,1.0,0.497,0.809,2.306,0.145,track
5,1350,0.028,-0.541,0.103,0.019,-0.125,-1.205,0.64,-0.233,0.1719,1.0,1.0,0.497,0.809,2.306,0.134,track
5,1351,0.028,-0.541,0.103,0.019,-0.125,-1.205,0.64,-0.233,0.1719,1.0,1.0,0.497,0.809,2.306,0.128,track
5,1352,0.028,-0.541,0.103,0.019,-0.125,-1.205,0.64,-0.233,0.1719,1.0,1.0,0.497,0.809,2.306,0.125,track
5,1353,0.028,-0.541,0.103,0.019,-0.125,-1.205,0.64,-0.233,0.1719,1.0,1.0,0.497,0.809,2.306,0.118,track
5,1354,0.028,-0.542,0.102,0.019,-0.125,-1.205,0.64,-0.233,0.1719,1.0,1.0,0.497,0.809,2.306,0.113,track
5,1355,0.027,-0.542,0.102,0.019,-0.125,-1.205,0.64,-0.233,0.1719,1.0,1.0,0.497,0.809,2.306,0.105,track
5,1356,0.027,-0.542,0.102,0.019,-0.125,-1.205,0.64,-0.233,0.1719,1.0,1.0,0.497,0.809,2.306,0.097,track
5,1357,0.027,-0.542,0.102,0.019,-0.125,-1.205,0.64,-0.233,0.1719,1.0,1.0,0.497,0.809,2.306,0.087,track
5,1358,0.027,-0.542,0.102,0.019,-0.125,-1.205,0.64,-0.233,0.1719,1.0,1.0,0.497,0.809,2.306,0.079,track
5,1359,0.027,-0.542,0.102,0.019,-0.125,-1.205,0.64,-0.233,0.1719,1.0,1.0,0.497,0.809,2.306,0.069,track
5,1360,0.027,-0.542,0.102,0.019,-0.125,-1.205,0.638,-0.231,0.1709,1.0,1.0,0.502,0.805,2.307,0.064,track
5,1361,0.027,-0.542,0.102,0.019,-0.125,-1.205,0.638,-0.231,0.1709,1.0,1.0,0.502,0.805,2.307,0.065,track
5,1362,0.027,-0.542,0.102,0.019,-0.125,-1.205,0.638,-0.231,0.1709,1.0,1.0,0.502,0.805,2.307,0.061,track
5,1363,0.027,-0.542,0.102,0.019,-0.125,-1.205,0.638,-0.231,0.1709,1.0,1.0,0.502,0.805,2.307,0.053,track
5,1364,0.027,-0.542,0.102,0.019,-0.125,-1.205,0.638,-0.231,0.1709,1.0,1.0,0.502,0.805,2.307,0.049,track
5,1365,0.027,-0.542,0.102,0.019,-0.125,-1.205,0.638,-0.231,0.1709,1.0,1.0,0.502,0.805,2.307,0.043,track
5,1366,0.027,-0.542,0.102,0.019,-0.125,-1.205,0.638,-0.231,0.1709,1.0,1.0,0.502,0.805,2.307,0.04,track
5,1367,0.027,-0.542,0.102,0.019,-0.125,-1.205,0.638,-0.231,0.1709,1.0,1.0,0.502,0.805,2.307,0.035,track
5,1368,0.027,-0.543,0.102,0.019,-0.125,-1.205,0.638,-0.231,0.1709,1.0,1.0,0.502,0.805,2.307,0.032,track
5,1369,0.027,-0.543,0.102,0.019,-0.125,-1.205,0.638,-0.231,0.1709,1.0,1.0,0.502,0.805,2.307,0.029,track
5,1370,0.027,-0.543,0.102,0.019,-0.125,-1.205,0.638,-0.235,0.1699,1.0,1.0,0.5,0.8,2.3,0.026,track
5,1371,0.027,-0.543,0.102,0.019,-0.125,-1.205,0.638,-0.235,0.1699,1.0,1.0,0.5,0.8,2.3,0.024,track
5,1372,0.027,-0.543,0.102,0.019,-0.125,-1.205,0.638,-0.235,0.1699,1.0,1.0,0.5,0.8,2.3,0.023,track
5,1373,0.027,-0.543,0.102,0.019,-0.125,-1.205,0.638,-0.235,0.1699,1.0,1.0,0.5,0.8,2.3,0.025,track
5,1374,0.027,-0.543,0.102,0.019,-0.125,-1.205,0.638,-0.235,0.1699,1.0,1.0,0.5,0.8,2.3,0.017,track
5,1375,0.027,-0.543,0.102,0.019,-0.125,-1.205,0.64,-0.24,0.168,1.0,1.0,0.493,0.792,2.284,0.021,track
5,1376,0.027,-0.543,0.102,0.019,-0.125,-1.205,0.638,-0.244,0.167,1.0,1.0,0.493,0.787,2.28,0.037,track
5,1377,0.027,-0.543,0.102,0.019,-0.125,-1.205,0.638,-0.244,0.167,1.0,1.0,0.493,0.787,2.28,0.04,track
5,1378,0.027,-0.543,0.102,0.019,-0.125,-1.205,0.64,-0.242,0.168,1.0,1.0,0.492,0.792,2.283,0.034,track
5,1379,0.027,-0.543,0.102,0.019,-0.125,-1.205,0.638,-0.24,0.1689,1.0,1.0,0.496,0.796,2.292,0.031,track
5,1380,0.027,-0.544,0.103,0.019,-0.125,-1.205,0.64,-0.242,0.168,1.0,1.0,0.492,0.792,2.283,0.013,track
5,1381,0.028,-0.544,0.103,0.019,-0.125,-1.205,0.64,-0.242,0.168,1.0,1.0,0.492,0.792,2.283,0.016,track
5,1382,0.028,-0.544,0.103,0.019,-0.125,-1.205,0.64,-0.242,0.168,1.0,1.0,0.492,0.792,2.283,0.011,track
5,1383,0.028,-0.544,0.103,0.019,-0.125,-1.205,0.64,-0.244,0.1689,1.0,1.0,0.489,0.796,2.285,0.008,track
5,1384,0.028,-0.544,0.103,0.019,-0.125,-1.205,0.64,-0.244,0.1689,1.0,1.0,0.489,0.796,2.285,0.008,track
5,1385,0.028,-0.544,0.104,0.019,-0.125,-1.205,0.64,-0.244,0.1689,1.0,1.0,0.489,0.796,2.285,0.01,track
5,1386,0.028,-0.544,0.104,0.019,-0.125,-1.205,0.64,-0.244,0.1689,1.0,1.0,0.489,0.796,2.285,0.005,track
5,1387,0.028,-0.544,0.104,0.019,-0.125,-1.205,0.64,-0.244,0.1689,1.0,1.0,0.489,0.796,2.285,0.008,track
5,1388,0.028,-0.544,0.104,0.019,-0.125,-1.205,0.641,-0.242,0.1699,1.0,1.0,0.488,0.8,2.289,0.003,track
5,1389,0.028,-0.544,0.104,0.019,-0.125,-1.205,0.642,-0.244,0.1709,1.0,1.0,0.487,0.805,2.291,0.009,track
5,1390,0.029,-0.544,0.105,0.019,-0.125,-1.205,0.642,-0.244,0.1709,1.0,1.0,0.487,0.805,2.291,0.012,track
5,1391,0.029,-0.545,0.105,0.019,-0.125,-1.205,0.642,-0.244,0.1709,1.0,1.0,0.487,0.805,2.291,0.015,track
5,1392,0.029,-0.545,0.105,0.019,-0.125,-1.205,0.642,-0.244,0.1709,1.0,1.0,0.487,0.805,2.291,0.012,track
5,1393,0.029,-0.545,0.105,0.019,-0.125,-1.205,0.642,-0.244,0.1709,1.0,1.0,0.487,0.805,2.291,0.012,track
5,1394,0.029,-0.545,0.105,0.019,-0.125,-1.205,0.642,-0.244,0.1709,1.0,1.0,0.487,0.805,2.291,0.01,track
5,1395,0.029,-0.545,0.106,0.019,-0.125,-1.205,0.642,-0.244,0.1709,1.0,1.0,0.487,0.805,2.291,0.009,track
5,1396,0.029,-0.545,0.106,0.019,-0.125,-1.205,0.64,-0.248,0.1699,1.0,1.0,0.486,0.8,2.286,0.008,track
5,1397,0.03,-0.545,0.106,0.019,-0.125,-1.205,0.64,-0.248,0.1699,1.0,1.0,0.486,0.8,2.286,0.013,track
5,1398,0.03,-0.545,0.106,0.019,-0.125,-1.205,0.641,-0.251,0.1719,1.0,1.0,0.482,0.809,2.291,0.009,track
5,1399,0.03,-0.545,0.106,0.019,-0.125,-1.205,0.642,-0.252,0.1729,1.0,1.0,0.48,0.813,2.294,0.025,track
5,1400,0.03,-0.545,0.106,0.019,-0.125,-1.205,0.642,-0.252,0.1729,1.0,1.0,0.48,0.813,2.294,0.023,track
5,1401,0.03,-0.545,0.106,0.019,-0.125,-1.205,0.642,-0.255,0.1719,1.0,1.0,0.477,0.809,2.286,0.019,track
5,1402,0.031,-0.546,0.107,0.019,-0.125,-1.205,0.644,-0.255,0.1709,1.0,1.0,0.473,0.805,2.278,0.028,track
5,1403,0.031,-0.546,0.107,0.019,-0.125,-1.205,0.645,-0.258,0.1699,1.0,1.0,0.469,0.8,2.269,0.027,track
5,1404,0.031,-0.546,0.107,0.019,-0.125,-1.205,0.645,-0.262,0.1709,1.0,1.0,0.467,0.805,2.272,0.032,track
5,1405,0.031,-0.546,0.107,0.019,-0.125,-1.205,0.645,-0.262,0.1709,1.0,1.0,0.467,0.805,2.272,0.039,track
5,1406,0.031,-0.546,0.107,0.019,-0.125,-1.205,0.647,-0.26,0.1719,1.0,1.0,0.466,0.809,2.274,0.04,track
5,1407,0.032,-0.546,0.108,0.019,-0.125,-1.205,0.646,-0.265,0.1709,1.0,1.0,0.464,0.805,2.269,0.028,track
5,1408,0.032,-0.546,0.108,0.019,-0.125,-1.205,0.646,-0.265,0.1719,1.0,1.0,0.463,0.809,2.272,0.04,track
5,1409,0.032,-0.546,0.108,0.019,-0.125,-1.205,0.646,-0.265,0.1719,1.0,1.0,0.463,0.809,2.272,0.036,track
5,1410,0.032,-0.546,0.108,0.019,-0.125,-1.205,0.646,-0.265,0.1719,1.0,1.0,0.463,0.809,2.272,0.035,track
5,1411,0.032,-0.546,0.108,0.019,-0.125,-1.205,0.649,-0.267,0.1738,1.0,1.0,0.457,0.818,2.275,0.028,track
5,1412,0.033,-0.546,0.109,0.019,-0.125,-1.205,0.648,-0.268,0.1719,1.0,1.0,0.457,0.809,2.266,0.034,track
5,1413,0.033,-0.547,0.109,0.019,-0.125,-1.205,0.65,-0.266,0.1729,1.0,1.0,0.456,0.813,2.269,0.036,track
5,1414,0.033,-0.547,0.109,0.019,-0.125,-1.205,0.65,-0.266,0.1729,1.0,1.0,0.456,0.813,2.269,0.025,track
5,1415,0.033,-0.547,0.109,0.019,-0.125,-1.205,0.652,-0.266,0.1729,1.0,1.0,0.451,0.813,2.264,0.023,track
5,1416,0.034,-0.547,0.11,0.019,-0.125,-1.205,0.652,-0.266,0.1729,1.0,1.0,0.451,0.813,2.264,0.015,track
5,1417,0.034,-0.547,0.11,0.019,-0.125,-1.205,0.653,-0.265,0.1738,1.0,1.0,0.451,0.818,2.268,0.017,track
5,1418,0.034,-0.547,0.11,0.019,-0.125,-1.205,0.653,-0.265,0.1738,1.0,1.0,0.451,0.818,2.268,0.015,track
5,1419,0.035,-0.547,0.11,0.019,-0.125,-1.205,0.654,-0.264,0.1748,1.0,1.0,0.45,0.822,2.272,0.018,track
5,1420,0.035,-0.547,0.11,0.019,-0.125,-1.205,0.655,-0.266,0.1738,1.0,1.0,0.446,0.818,2.263,0.017,track
5,1421,0.035,-0.547,0.111,0.019,-0.125,-1.205,0.656,-0.268,0.1748,1.0,1.0,0.443,0.822,2.265,0.014,track
5,1422,0.035,-0.547,0.111,0.019,-0.125,-1.205,0.656,-0.268,0.1748,1.0,1.0,0.443,0.822,2.265,0.013,track
5,1423,0.036,-0.547,0.111,0.019,-0.125,-1.205,0.656,-0.268,0.1748,1.0,1.0,0.443,0.822,2.265,0.018,track
5,1424,0.036,-0.547,0.111,0.019,-0.125,-1.205,0.656,-0.268,0.1748,1.0,1.0,0.443,0.822,2.265,0.009,track
5,1425,0.036,-0.547,0.111,0.019,-0.125,-1.205,0.656,-0.268,0.1748,1.0,1.0,0.443,0.822,2.265,0.011,track
5,1426,0.037,-0.547,0.111,0.019,-0.125,-1.205,0.656,-0.268,0.1748,1.0,1.0,0.443,0.822,2.265,0.008,track
5,1427,0.037,-0.547,0.112,0.019,-0.125,-1.205,0.656,-0.268,0.1748,1.0,1.0,0.443,0.822,2.265,0.006,track
5,1428,0.037,-0.547,0.112,0.019,-0.125,-1.205,0.657,-0.271,0.1738,1.0,1.0,0.439,0.818,2.257,0.009,track
5,1429,0.038,-0.547,0.112,0.019,-0.125,-1.205,0.658,-0.273,0.1748,1.0,1.0,0.437,0.822,2.258,0.01,track
5,1430,0.038,-0.547,0.112,0.019,-0.125,-1.205,0.658,-0.273,0.1748,1.0,1.0,0.437,0.822,2.258,0.008,track
5,1431,0.038,-0.548,0.112,0.019,-0.125,-1.205,0.658,-0.273,0.1748,1.0,1.0,0.437,0.822,2.258,0.008,track
5,1432,0.039,-0.548,0.112,0.019,-0.125,-1.205,0.658,-0.273,0.1748,1.0,1.0,0.437,0.822,2.258,0.006,track
5,1433,0.039,-0.548,0.112,0.019,-0.125,-1.205,0.656,-0.269,0.1777,1.0,1.0,0.443,0.834,2.277,0.005,track
5,1434,0.039,-0.548,0.113,0.019,-0.125,-1.205,0.656,-0.269,0.1777,1.0,1.0,0.443,0.834,2.277,0.035,track
5,1435,0.04,-0.548,0.113,0.019,-0.125,-1.205,0.657,-0.271,0.1768,1.0,1.0,0.439,0.83,2.269,0.029,track
5,1436,0.04,-0.548,0.113,0.019,-0.125,-1.205,0.657,-0.271,0.1768,1.0,1.0,0.439,0.83,2.269,0.014,track
5,1437,0.04,-0.548,0.113,0.019,-0.125,-1.205,0.658,-0.272,0.1777,1.0,1.0,0.436,0.834,2.27,0.012,track
5,1438,0.041,-0.548,0.113,0.019,-0.125,-1.205,0.658,-0.272,0.1777,1.0,1.0,0.436,0.834,2.27,0.013,track
5,1439,0.041,-0.548,0.113,0.019,-0.125,-1.205,0.658,-0.272,0.1777,1.0,1.0,0.436,0.834,2.27,0.012,track
5,1440,0.041,-0.548,0.113,0.019,-0.125,-1.205,0.658,-0.272,0.1777,1.0,1.0,0.436,0.834,2.27,0.013,track
5,1441,0.042,-0.548,0.113,0.019,-0.125,-1.205,0.659,-0.271,0.1787,1.0,1.0,0.435,0.838,2.273,0.01,track
5,1442,0.042,-0.548,0.113,0.019,-0.125,-1.205,0.658,-0.274,0.1797,1.0,1.0,0.435,0.842,2.277,0.015,track
5,1443,0.043,-0.548,0.113,0.019,-0.125,-1.205,0.658,-0.274,0.1797,1.0,1.0,0.435,0.842,2.277,0.019,track
5,1444,0.043,-0.548,0.113,0.019,-0.125,-1.205,0.658,-0.274,0.1797,1.0,1.0,0.435,0.842,2.277,0.018,track
5,1445,0.043,-0.548,0.113,0.019,-0.125,-1.205,0.658,-0.277,0.1807,1.0,1.0,0.434,0.846,2.28,0.015,track
5,1446,0.044,-0.548,0.113,0.019,-0.125,-1.205,0.657,-0.276,0.1797,1.0,1.0,0.436,0.842,2.278,0.015,track
5,1447,0.044,-0.548,0.113,0.019,-0.125,-1.205,0.657,-0.276,0.1797,1.0,1.0,0.436,0.842,2.278,0.02,track
5,1448,0.045,-0.548,0.113,0.019,-0.125,-1.205,0.657,-0.276,0.1797,1.0,1.0,0.436,0.842,2.278,0.013,track
5,1449,0.045,-0.548,0.113,0.019,-0.125,-1.205,0.657,-0.276,0.1797,1.0,1.0,0.436,0.842,2.278,0.011,track
5,1450,0.045,-0.548,0.113,0.019,-0.125,-1.205,0.657,-0.276,0.1797,1.0,1.0,0.436,0.842,2.278,0.009,track
5,1451,0.046,-0.548,0.113,0.019,-0.125,-1.205,0.657,-0.276,0.1797,1.0,1.0,0.436,0.842,2.278,0.008,track
5,1452,0.046,-0.548,0.112,0.019,-0.125,-1.205,0.654,-0.274,0.1816,1.0,1.0,0.443,0.85,2.293,0.007,track
5,1453,0.047,-0.548,0.112,0.019,-0.125,-1.205,0.654,-0.274,0.1816,1.0,1.0,0.443,0.85,2.293,0.033,track
5,1454,0.047,-0.548,0.112,0.019,-0.125,-1.205,0.653,-0.277,0.1816,1.0,1.0,0.443,0.85,2.293,0.026,track
5,1455,0.048,-0.548,0.112,0.019,-0.125,-1.205,0.654,-0.278,0.1807,1.0,1.0,0.439,0.846,2.285,0.02,track
5,1456,0.048,-0.548,0.112,0.019,-0.125,-1.205,0.654,-0.278,0.1807,1.0,1.0,0.439,0.846,2.285,0.006,track
5,1457,0.049,-0.548,0.112,0.019,-0.125,-1.205,0.654,-0.278,0.1807,1.0,1.0,0.439,0.846,2.285,0.005,track
5,1458,0.049,-0.548,0.111,0.019,-0.125,-1.205,0.654,-0.278,0.1807,1.0,1.0,0.439,0.846,2.285,0.003,track
5,1459,0.05,-0.548,0.111,0.019,-0.125,-1.205,0.653,-0.276,0.1797,1.0,1.0,0.442,0.842,2.284,0.002,track
5,1460,0.05,-0.548,0.111,0.019,-0.125,-1.205,0.652,-0.278,0.1787,1.0,1.0,0.443,0.838,2.281,0.009,track
5,1461,0.051,-0.548,0.111,0.019,-0.125,-1.205,0.649,-0.274,0.1787,1.0,1.0,0.452,0.838,2.29,0.006,track
5,1462,0.051,-0.547,0.111,0.019,-0.125,-1.205,0.647,-0.276,0.1797,1.0,1.0,0.453,0.842,2.295,0.017,track
5,1463,0.051,-0.547,0.11,0.019,-0.125,-1.205,0.646,-0.276,0.1807,1.0,1.0,0.456,0.846,2.302,0.022,track
5,1464,0.052,-0.547,0.11,0.019,-0.125,-1.205,0.644,-0.28,0.1807,1.0,1.0,0.455,0.846,2.301,0.022,track
5,1465,0.052,-0.547,0.11,0.019,-0.125,-1.205,0.643,-0.278,0.1797,1.0,1.0,0.459,0.842,2.301,0.022,track
5,1466,0.053,-0.547,0.11,0.019,-0.125,-1.205,0.643,-0.281,0.1787,1.0,1.0,0.457,0.838,2.295,0.026,track
5,1467,0.053,-0.547,0.11,0.019,-0.125,-1.205,0.642,-0.282,0.1777,1.0,1.0,0.458,0.834,2.292,0.031,track
5,1468,0.054,-0.547,0.109,0.019,-0.125,-1.205,0.641,-0.286,0.1768,1.0,1.0,0.457,0.83,2.287,0.03,track
5,1469,0.054,-0.547,0.109,0.019,-0.125,-1.205,0.64,-0.283,0.1758,1.0,1.0,0.461,0.826,2.287,0.034,track
5,1470,0.055,-0.547,0.109,0.019,-0.125,-1.205,0.639,-0.283,0.1748,1.0,1.0,0.462,0.822,2.284,0.035,track
5,1471,0.056,-0.547,0.109,0.019,-0.125,-1.205,0.639,-0.283,0.1748,1.0,1.0,0.462,0.822,2.284,0.032,track
5,1472,0.056,-0.547,0.108,0.019,-0.125,-1.205,0.636,-0.288,0.1748,1.0,1.0,0.464,0.822,2.286,0.026,track
5,1473,0.057,-0.547,0.108,0.019,-0.125,-1.205,0.636,-0.288,0.1748,1.0,1.0,0.464,0.822,2.286,0.03,track
5,1474,0.057,-0.547,0.108,0.019,-0.125,-1.205,0.634,-0.29,0.1748,1.0,1.0,0.465,0.822,2.287,0.028,track
5,1475,0.058,-0.547,0.108,0.019,-0.125,-1.205,0.634,-0.29,0.1748,1.0,1.0,0.465,0.822,2.287,0.028,track
5,1476,0.058,-0.547,0.108,0.019,-0.125,-1.205,0.633,-0.298,0.1729,1.0,1.0,0.46,0.813,2.274,0.028,track
5,1477,0.059,-0.547,0.108,0.019,-0.125,-1.205,0.633,-0.3,0.1719,1.0,1.0,0.459,0.809,2.268,0.047,track
5,1478,0.059,-0.547,0.108,0.019,-0.125,-1.205,0.633,-0.3,0.1719,1.0,1.0,0.459,0.809,2.268,0.051,track
5,1479,0.06,-0.547,0.108,0.019,-0.125,-1.205,0.634,-0.299,0.1729,1.0,1.0,0.458,0.813,2.271,0.044,track
5,1480,0.06,-0.547,0.107,0.019,-0.125,-1.205,0.634,-0.298,0.1699,1.0,1.0,0.46,0.8,2.26,0.046,track
5,1481,0.061,-0.547,0.107,0.019,-0.125,-1.205,0.633,-0.302,0.1689,1.0,1.0,0.457,0.796,2.253,0.03,track
5,1482,0.061,-0.547,0.107,0.019,-0.125,-1.205,0.633,-0.302,0.1689,1.0,1.0,0.457,0.796,2.253,0.041,track
5,1483,0.062,-0.547,0.107,0.019,-0.125,-1.205,0.633,-0.302,0.1689,1.0,1.0,0.457,0.796,2.253,0.034,track
5,1484,0.062,-0.547,0.108,0.019,-0.125,-1.205,0.633,-0.302,0.1689,1.0,1.0,0.457,0.796,2.253,0.028,track
5,1485,0.063,-0.547,0.108,0.019,-0.125,-1.205,0.633,-0.302,0.1689,1.0,1.0,0.457,0.796,2.253,0.024,track
5,1486,0.063,-0.547,0.108,0.019,-0.125,-1.205,0.634,-0.301,0.1699,1.0,1.0,0.456,0.8,2.257,0.019,track
5,1487,0.064,-0.547,0.108,0.019,-0.125,-1.205,0.635,-0.305,0.1699,1.0,1.0,0.451,0.8,2.251,0.013,track
5,1488,0.064,-0.547,0.108,0.019,-0.125,-1.205,0.635,-0.305,0.1699,1.0,1.0,0.451,0.8,2.251,0.023,track
5,1489,0.065,-0.547,0.108,0.019,-0.125,-1.205,0.635,-0.305,0.1699,1.0,1.0,0.451,0.8,2.251,0.023,track
5,1490,0.065,-0.547,0.108,0.019,-0.125,-1.205,0.635,-0.305,0.1699,1.0,1.0,0.451,0.8,2.251,0.015,track
5,1491,0.066,-0.547,0.108,0.019,-0.125,-1.205,0.636,-0.305,0.1709,1.0,1.0,0.45,0.805,2.255,0.014,track
5,1492,0.066,-0.547,0.108,0.019,-0.125,-1.205,0.636,-0.305,0.1709,1.0,1.0,0.45,0.805,2.255,0.014,track
5,1493,0.067,-0.547,0.109,0.019,-0.125,-1.205,0.636,-0.305,0.1709,1.0,1.0,0.45,0.805,2.255,0.013,track
5,1494,0.068,-0.547,0.109,0.019,-0.125,-1.205,0.636,-0.305,0.1709,1.0,1.0,0.45,0.805,2.255,0.011,track
5,1495,0.068,-0.547,0.109,0.019,-0.125,-1.205,0.636,-0.305,0.1709,1.0,1.0,0.45,0.805,2.255,0.01,track
5,1496,0.069,-0.547,0.109,0.019,-0.125,-1.205,0.636,-0.305,0.1719,1.0,1.0,0.449,0.809,2.258,0.01,track
5,1497,0.069,-0.547,0.109,0.019,-0.125,-1.205,0.638,-0.306,0.1709,1.0,1.0,0.445,0.805,2.25,0.014,track
5,1498,0.07,-0.548,0.109,0.019,-0.125,-1.205,0.641,-0.309,0.1689,1.0,1.0,0.438,0.796,2.234,0.004,track
5,1499,0.07,-0.548,0.109,0.019,-0.125,-1.205,0.641,-0.309,0.1689,1.0,1.0,0.438,0.796,2.234,0.026,track
5,1500,0.071,-0.548,0.109,0.019,-0.125,-1.205,0.641,-0.309,0.1689,1.0,1.0,0.438,0.796,2.234,0.018,track
5,1501,0.071,-0.548,0.109,0.019,-0.125,-1.205,0.641,-0.309,0.1689,1.0,1.0,0.438,0.796,2.234,0.013,track
5,1502,0.072,-0.548,0.109,0.019,-0.125,-1.205,0.639,-0.309,0.1699,1.0,1.0,0.441,0.8,2.241,0.011,track
5,1503,0.072,-0.548,0.109,0.019,-0.125,-1.205,0.639,-0.309,0.1699,1.0,1.0,0.441,0.8,2.241,0.011,track
5,1504,0.073,-0.548,0.11,0.019,-0.125,-1.205,0.639,-0.309,0.1699,1.0,1.0,0.441,0.8,2.241,0.008,track
5,1505,0.073,-0.548,0.11,0.019,-0.125,-1.205,0.64,-0.312,0.1689,1.0,1.0,0.437,0.796,2.233,0.01,track
5,1506,0.074,-0.548,0.11,0.019,-0.125,-1.205,0.639,-0.314,0.1699,1.0,1.0,0.437,0.8,2.238,0.01,track
5,1507,0.074,-0.548,0.11,0.019,-0.125,-1.205,0.639,-0.314,0.1699,1.0,1.0,0.437,0.8,2.238,0.005,track
5,1508,0.075,-0.548,0.11,0.019,-0.125,-1.205,0.64,-0.313,0.1709,1.0,1.0,0.436,0.805,2.24,0.005,track
5,1509,0.075,-0.548,0.11,0.019,-0.125,-1.205,0.641,-0.313,0.1719,1.0,1.0,0.435,0.809,2.244,0.013,track
5,1510,0.076,-0.548,0.11,0.019,-0.125,-1.205,0.641,-0.313,0.1719,1.0,1.0,0.435,0.809,2.244,0.014,track
5,1511,0.076,-0.548,0.11,0.019,-0.125,-1.205,0.642,-0.315,0.1709,1.0,1.0,0.431,0.805,2.235,0.015,track
5,1512,0.077,-0.548,0.11,0.019,-0.125,-1.205,0.642,-0.315,0.1709,1.0,1.0,0.431,0.805,2.235,0.002,track
5,1513,0.077,-0.548,0.11,0.019,-0.125,-1.205,0.642,-0.315,0.1709,1.0,1.0,0.431,0.805,2.235,0.005,track
5,1514,0.078,-0.548,0.111,0.019,-0.125,-1.205,0.644,-0.314,0.1719,1.0,1.0,0.429,0.809,2.238,0.006,track
5,1515,0.078,-0.548,0.111,0.019,-0.125,-1.205,0.644,-0.314,0.1719,1.0,1.0,0.429,0.809,2.238,0.013,track
5,1516,0.079,-0.548,0.111,0.019,-0.125,-1.205,0.644,-0.314,0.1719,1.0,1.0,0.429,0.809,2.238,0.013,track
5,1517,0.079,-0.548,0.111,0.019,-0.125,-1.205,0.644,-0.313,0.1729,1.0,1.0,0.429,0.813,2.242,0.013,track
5,1518,0.08,-0.548,0.111,0.019,-0.125,-1.205,0.644,-0.313,0.1729,1.0,1.0,0.429,0.813,2.242,0.016,track
5,1519,0.08,-0.548,0.111,0.019,-0.125,-1.205,0.644,-0.313,0.1729,1.0,1.0,0.429,0.813,2.242,0.015,track
5,1520,0.081,-0.548,0.111,0.019,-0.125,-1.205,0.644,-0.313,0.1729,1.0,1.0,0.429,0.813,2.242,0.016,track
5,1521,0.081,-0.548,0.111,0.019,-0.125,-1.205,0.645,-0.312,0.1738,1.0,1.0,0.428,0.818,2.245,0.016,track
5,1522,0.082,-0.548,0.111,0.019,-0.125,-1.205,0.645,-0.312,0.1738,1.0,1.0,0.428,0.818,2.245,0.02,track
5,1523,0.082,-0.548,0.111,0.019,-0.125,-1.205,0.645,-0.312,0.1738,1.0,1.0,0.428,0.818,2.245,0.021,track
5,1524,0.083,-0.548,0.111,0.019,-0.125,-1.205,0.645,-0.312,0.1738,1.0,1.0,0.428,0.818,2.245,0.022,track
5,1525,0.083,-0.548,0.111,0.019,-0.125,-1.205,0.645,-0.312,0.1738,1.0,1.0,0.428,0.818,2.245,0.022,track
5,1526,0.084,-0.548,0.111,0.019,-0.125,-1.205,0.645,-0.312,0.1738,1.0,1.0,0.428,0.818,2.245,0.023,track
5,1527,0.084,-0.548,0.11,0.019,-0.125,-1.205,0.645,-0.312,0.1738,1.0,1.0,0.428,0.818,2.245,0.023,track
5,1528,0.085,-0.548,0.11,0.019,-0.125,-1.205,0.645,-0.312,0.1738,1.0,1.0,0.428,0.818,2.245,0.024,track
5,1529,0.085,-0.548,0.11,0.019,-0.125,-1.205,0.645,-0.312,0.1729,1.0,1.0,0.429,0.813,2.242,0.023,track
5,1530,0.086,-0.548,0.11,0.019,-0.125,-1.205,0.643,-0.311,0.1738,1.0,1.0,0.433,0.818,2.25,0.024,track
5,1531,0.087,-0.548,0.11,0.019,-0.125,-1.205,0.642,-0.315,0.1729,1.0,1.0,0.432,0.813,2.245,0.028,track
5,1532,0.087,-0.548,0.11,0.019,-0.125,-1.205,0.641,-0.318,0.1738,1.0,1.0,0.431,0.818,2.248,0.017,track
5,1533,0.088,-0.548,0.11,0.019,-0.125,-1.205,0.64,-0.316,0.1729,1.0,1.0,0.434,0.813,2.248,0.022,track
5,1534,0.088,-0.548,0.11,0.019,-0.125,-1.205,0.64,-0.316,0.1729,1.0,1.0,0.434,0.813,2.247,0.043,track
5,1535,0.089,-0.548,0.11,0.019,-0.125,-1.205,0.64,-0.316,0.1729,1.0,1.0,0.434,0.813,2.247,0.06,track
5,1536,0.089,-0.548,0.11,0.019,-0.125,-1.205,0.637,-0.32,0.1729,1.0,1.0,0.436,0.813,2.249,0.072,track
5,1537,0.09,-0.548,0.109,0.019,-0.125,-1.205,0.636,-0.32,0.1719,1.0,1.0,0.437,0.809,2.246,0.1,track
5,1538,0.09,-0.548,0.109,0.019,-0.125,-1.205,0.636,-0.32,0.1719,1.0,1.0,0.437,0.809,2.246,0.115,track
5,1539,0.091,-0.548,0.109,0.019,-0.125,-1.205,0.637,-0.326,0.1699,1.0,1.0,0.43,0.8,2.23,0.132,track
5,1540,0.091,-0.548,0.109,0.019,-0.125,-1.205,0.636,-0.33,0.1689,1.0,1.0,0.428,0.796,2.224,0.124,track
5,1541,0.092,-0.548,0.109,0.019,-0.125,-1.205,0.636,-0.33,0.1689,1.0,1.0,0.428,0.796,2.224,0.145,track
5,1542,0.092,-0.548,0.109,0.019,-0.125,-1.205,0.633,-0.33,0.1689,1.0,1.0,0.433,0.796,2.229,0.163,track
5,1543,0.093,-0.548,0.109,0.019,-0.125,-1.205,0.633,-0.33,0.1689,1.0,0.999,0.433,0.796,2.228,0.176,track
5,1544,0.093,-0.548,0.109,0.019,-0.125,-1.205,0.633,-0.338,0.167,1.0,1.0,0.427,0.787,2.214,0.203,track
5,1545,0.094,-0.548,0.109,0.019,-0.125,-1.205,0.631,-0.335,0.166,1.0,0.999,0.432,0.783,2.214,0.248,track
5,1546,0.094,-0.548,0.109,0.019,-0.125,-1.205,0.632,-0.339,0.165,1.0,0.999,0.428,0.778,2.206,0.284,track
5,1547,0.095,-0.548,0.109,0.019,-0.125,-1.205,0.634,-0.339,0.1641,1.0,0.999,0.425,0.774,2.197,0.301,track
5,1548,0.095,-0.548,0.109,0.019,-0.125,-1.205,0.634,-0.339,0.1641,1.0,0.999,0.425,0.774,2.198,0.304,track
5,1549,0.096,-0.548,0.11,0.019,-0.125,-1.205,0.635,-0.339,0.1631,1.0,0.999,0.422,0.769,2.19,0.291,track
5,1550,0.096,-0.548,0.11,0.019,-0.125,-1.205,0.635,-0.339,0.1631,1.0,0.999,0.422,0.769,2.191,0.299,track
5,1551,0.097,-0.548,0.11,0.019,-0.125,-1.205,0.635,-0.339,0.1631,1.0,0.999,0.422,0.769,2.19,0.288,track
5,1552,0.097,-0.548,0.11,0.019,-0.125,-1.205,0.636,-0.342,0.1621,1.0,0.999,0.418,0.765,2.182,0.295,track
5,1553,0.098,-0.548,0.11,0.019,-0.125,-1.205,0.637,-0.342,0.1631,1.0,0.999,0.417,0.769,2.185,0.307,track
5,1554,0.098,-0.548,0.11,0.019,-0.125,-1.205,0.637,-0.342,0.1631,1.0,0.999,0.417,0.769,2.185,0.309,track
5,1555,0.099,-0.548,0.111,0.019,-0.125,-1.205,0.637,-0.342,0.1631,1.0,0.999,0.417,0.769,2.185,0.305,track
5,1556,0.099,-0.548,0.111,0.019,-0.125,-1.205,0.637,-0.342,0.1631,1.0,0.999,0.417,0.769,2.185,0.311,track
5,1557,0.1,-0.548,0.111,0.019,-0.125,-1.205,0.64,-0.343,0.166,1.0,0.999,0.411,0.783,2.192,0.309,track
5,1558,0.1,-0.548,0.111,0.019,-0.125,-1.205,0.642,-0.342,0.167,1.0,0.999,0.409,0.787,2.195,0.304,track
5,1559,0.101,-0.548,0.111,0.019,-0.125,-1.205,0.643,-0.345,0.168,1.0,0.999,0.405,0.792,2.195,0.299,track
5,1560,0.101,-0.548,0.112,0.019,-0.125,-1.205,0.644,-0.344,0.1689,1.0,0.999,0.404,0.796,2.199,0.301,track
5,1561,0.102,-0.548,0.112,0.019,-0.125,-1.205,0.645,-0.347,0.168,1.0,0.999,0.399,0.792,2.19,0.303,track
5,1562,0.102,-0.548,0.112,0.019,-0.125,-1.205,0.645,-0.347,0.168,1.0,0.999,0.399,0.792,2.19,0.301,track
5,1563,0.102,-0.548,0.112,0.019,-0.125,-1.205,0.646,-0.349,0.1689,1.0,0.999,0.396,0.796,2.191,0.304,track
5,1564,0.103,-0.548,0.112,0.019,-0.125,-1.205,0.646,-0.349,0.1689,1.0,0.999,0.396,0.796,2.191,0.303,track
5,1565,0.103,-0.548,0.112,0.019,-0.125,-1.205,0.646,-0.349,0.1689,1.0,0.999,0.396,0.796,2.191,0.308,track
5,1566,0.104,-0.548,0.112,0.019,-0.125,-1.205,0.646,-0.349,0.1689,1.0,0.999,0.396,0.796,2.191,0.319,track
5,1567,0.104,-0.548,0.112,0.019,-0.125,-1.205,0.646,-0.349,0.1689,1.0,0.999,0.396,0.796,2.191,0.321,track
5,1568,0.105,-0.548,0.113,0.019,-0.125,-1.205,0.646,-0.349,0.1689,1.0,0.999,0.396,0.796,2.191,0.327,track
5,1569,0.105,-0.548,0.113,0.019,-0.125,-1.205,0.646,-0.349,0.1689,1.0,0.999,0.396,0.796,2.191,0.326,track
5,1570,0.106,-0.548,0.113,0.019,-0.125,-1.205,0.646,-0.349,0.1689,1.0,0.999,0.396,0.796,2.191,0.329,track
5,1571,0.106,-0.548,0.113,0.019,-0.125,-1.205,0.646,-0.349,0.1689,1.0,0.999,0.396,0.796,2.191,0.328,track
5,1572,0.107,-0.548,0.113,0.019,-0.125,-1.205,0.646,-0.349,0.1689,1.0,0.999,0.396,0.796,2.191,0.329,track
5,1573,0.107,-0.548,0.113,0.019,-0.125,-1.205,0.646,-0.349,0.1689,1.0,0.999,0.396,0.796,2.191,0.328,track
5,1574,0.107,-0.548,0.113,0.019,-0.125,-1.205,0.646,-0.349,0.1689,1.0,0.999,0.396,0.796,2.191,0.328,track
5,1575,0.108,-0.548,0.113,0.019,-0.125,-1.205,0.646,-0.349,0.1689,1.0,0.999,0.396,0.796,2.191,0.328,track
5,1576,0.108,-0.548,0.113,0.019,-0.125,-1.205,0.646,-0.349,0.1689,1.0,0.999,0.396,0.796,2.191,0.328,track
5,1577,0.109,-0.548,0.113,0.019,-0.125,-1.205,0.646,-0.349,0.1689,1.0,0.999,0.396,0.796,2.191,0.33,track
5,1578,0.109,-0.548,0.113,0.019,-0.125,-1.205,0.646,-0.349,0.1689,1.0,0.999,0.396,0.796,2.191,0.332,track
5,1579,0.11,-0.547,0.113,0.019,-0.125,-1.205,0.646,-0.349,0.1689,1.0,0.999,0.396,0.796,2.191,0.335,track
5,1580,0.11,-0.547,0.113,0.019,-0.125,-1.205,0.645,-0.346,0.168,1.0,0.999,0.401,0.792,2.191,0.338,track
5,1581,0.111,-0.547,0.113,0.019,-0.125,-1.205,0.645,-0.346,0.168,1.0,0.999,0.401,0.792,2.191,0.329,track
5,1582,0.111,-0.547,0.113,0.019,-0.125,-1.205,0.645,-0.346,0.168,1.0,0.999,0.401,0.792,2.191,0.33,track
5,1583,0.112,-0.547,0.113,0.019,-0.125,-1.205,0.645,-0.346,0.168,1.0,0.999,0.401,0.792,2.191,0.339,track
5,1584,0.112,-0.547,0.112,0.019,-0.125,-1.205,0.645,-0.346,0.168,1.0,0.999,0.401,0.792,2.191,0.343,track
5,1585,0.112,-0.547,0.112,0.019,-0.125,-1.205,0.645,-0.346,0.168,1.0,0.999,0.401,0.792,2.191,0.35,track
5,1586,0.113,-0.547,0.112,0.019,-0.125,-1.205,0.645,-0.346,0.168,1.0,0.999,0.401,0.792,2.191,0.354,track
5,1587,0.113,-0.547,0.112,0.019,-0.125,-1.205,0.645,-0.346,0.168,1.0,0.999,0.401,0.792,2.191,0.357,track
5,1588,0.114,-0.547,0.112,0.019,-0.125,-1.205,0.644,-0.344,0.167,1.0,0.999,0.404,0.787,2.19,0.359,track
5,1589,0.114,-0.547,0.112,0.019,-0.125,-1.205,0.644,-0.344,0.167,1.0,0.999,0.404,0.787,2.19,0.35,track
5,1590,0.115,-0.547,0.112,0.019,-0.125,-1.205,0.642,-0.345,0.168,1.0,0.999,0.406,0.792,2.197,0.35,track
5,1591,0.115,-0.546,0.112,0.019,-0.125,-1.205,0.642,-0.345,0.168,1.0,0.999,0.406,0.792,2.197,0.345,track
5,1592,0.116,-0.546,0.112,0.019,-0.125,-1.205,0.641,-0.348,0.1689,1.0,0.999,0.407,0.796,2.201,0.338,track
5,1593,0.116,-0.546,0.112,0.019,-0.125,-1.205,0.641,-0.348,0.1689,1.0,0.999,0.407,0.796,2.201,0.346,track
5,1594,0.117,-0.546,0.112,0.019,-0.125,-1.205,0.641,-0.348,0.1689,1.0,0.999,0.407,0.796,2.201,0.337,track
5,1595,0.117,-0.546,0.112,0.019,-0.125,-1.205,0.641,-0.348,0.1689,1.0,0.999,0.407,0.796,2.201,0.337,track
5,1596,0.117,-0.546,0.112,0.019,-0.125,-1.205,0.637,-0.349,0.166,1.0,0.999,0.411,0.783,2.192,0.338,track
5,1597,0.118,-0.546,0.111,0.019,-0.125,-1.205,0.637,-0.349,0.166,1.0,0.999,0.411,0.783,2.192,0.341,track
5,1598,0.118,-0.546,0.111,0.019,-0.125,-1.205,0.637,-0.349,0.166,1.0,0.999,0.411,0.783,2.192,0.336,track
5,1599,0.119,-0.546,0.111,0.019,-0.125,-1.205,0.635,-0.357,0.166,1.0,0.999,0.407,0.783,2.189,0.34,track
5,1600,0.119,-0.546,0.111,0.019,-0.125,-1.205,0.635,-0.357,0.166,1.0,0.999,0.407,0.783,2.189,0.319,track
5,1601,0.12,-0.545,0.111,0.019,-0.125,-1.205,0.631,-0.355,0.1631,1.0,0.999,0.415,0.769,2.183,0.326,track
5,1602,0.12,-0.545,0.111,0.019,-0.125,-1.205,0.63,-0.358,0.1611,1.0,0.999,0.414,0.76,2.173,0.354,track
5,1603,0.12,-0.545,0.111,0.019,-0.125,-1.205,0.627,-0.356,0.1611,1.0,0.998,0.421,0.76,2.18,0.382,track
5,1604,0.121,-0.545,0.111,0.019,-0.125,-1.205,0.625,-0.364,0.1611,1.0,0.999,0.417,0.76,2.176,0.404,track
5,1605,0.121,-0.545,0.111,0.019,-0.125,-1.205,0.625,-0.364,0.1611,1.0,0.998,0.417,0.76,2.175,0.422,track
5,1606,0.122,-0.545,0.111,0.019,-0.125,-1.205,0.627,-0.364,0.1602,1.0,0.999,0.414,0.756,2.168,0.405,track
5,1607,0.122,-0.545,0.111,0.019,-0.125,-1.205,0.628,-0.37,0.1582,1.0,0.998,0.407,0.746,2.151,0.394,track
5,1608,0.122,-0.545,0.111,0.019,-0.125,-1.205,0.627,-0.366,0.1572,1.0,0.999,0.411,0.742,2.152,0.371,track
5,1609,0.123,-0.544,0.111,0.019,-0.125,-1.205,0.626,-0.366,0.1562,1.0,0.999,0.413,0.737,2.149,0.342,track
5,1610,0.123,-0.544,0.111,0.019,-0.125,-1.205,0.626,-0.366,0.1562,1.0,0.999,0.413,0.737,2.149,0.362,track
5,1611,0.124,-0.544,0.111,0.019,-0.125,-1.205,0.628,-0.372,0.1543,1.0,0.999,0.405,0.728,2.131,0.362,track
5,1612,0.124,-0.544,0.111,0.019,-0.125,-1.205,0.629,-0.377,0.1553,1.0,0.999,0.399,0.732,2.13,0.332,track
5,1613,0.124,-0.544,0.111,0.019,-0.125,-1.205,0.632,-0.376,0.1572,1.0,0.998,0.396,0.742,2.136,0.341,track
5,1614,0.125,-0.544,0.111,0.019,-0.125,-1.205,0.632,-0.376,0.1582,1.0,0.999,0.395,0.746,2.14,0.35,track
5,1615,0.125,-0.544,0.112,0.019,-0.125,-1.205,0.633,-0.377,0.1592,1.0,0.999,0.393,0.751,2.143,0.323,track
5,1616,0.125,-0.543,0.112,0.019,-0.125,-1.205,0.633,-0.377,0.1592,1.0,0.999,0.393,0.751,2.143,0.33,track
5,1617,0.126,-0.543,0.112,0.019,-0.125,-1.205,0.633,-0.377,0.1592,1.0,0.999,0.393,0.751,2.143,0.322,track
5,1618,0.126,-0.543,0.112,0.019,-0.125,-1.205,0.633,-0.377,0.1592,1.0,0.999,0.393,0.751,2.143,0.325,track
5,1619,0.126,-0.543,0.112,0.019,-0.125,-1.205,0.633,-0.377,0.1592,1.0,0.999,0.393,0.751,2.143,0.324,track
5,1620,0.127,-0.543,0.112,0.019,-0.125,-1.205,0.634,-0.38,0.1602,1.0,0.999,0.388,0.756,2.143,0.326,track
5,1621,0.127,-0.543,0.113,0.019,-0.125,-1.205,0.634,-0.38,0.1602,1.0,0.999,0.388,0.756,2.143,0.334,track
5,1622,0.127,-0.543,0.113,0.019,-0.125,-1.205,0.634,-0.38,0.1602,1.0,0.999,0.388,0.756,2.143,0.331,track
5,1623,0.128,-0.542,0.113,0.019,-0.125,-1.205,0.634,-0.38,0.1602,1.0,0.999,0.388,0.756,2.143,0.325,track
5,1624,0.128,-0.542,0.113,0.019,-0.125,-1.205,0.634,-0.38,0.1602,1.0,0.999,0.388,0.756,2.143,0.327,track
5,1625,0.128,-0.542,0.113,0.019,-0.125,-1.205,0.634,-0.38,0.1602,1.0,0.999,0.388,0.756,2.143,0.325,track
5,1626,0.129,-0.542,0.113,0.019,-0.125,-1.205,0.634,-0.38,0.1602,1.0,0.999,0.388,0.756,2.143,0.328,track
5,1627,0.129,-0.542,0.113,0.019,-0.125,-1.205,0.634,-0.38,0.1602,1.0,0.999,0.388,0.756,2.143,0.328,track
5,1628,0.129,-0.542,0.113,0.019,-0.125,-1.205,0.634,-0.38,0.1602,1.0,0.999,0.388,0.756,2.143,0.332,track
5,1629,0.129,-0.541,0.114,0.019,-0.125,-1.205,0.634,-0.38,0.1602,1.0,0.999,0.388,0.756,2.143,0.334,track
5,1630,0.13,-0.541,0.114,0.019,-0.125,-1.205,0.634,-0.38,0.1602,1.0,0.999,0.388,0.756,2.143,0.338,track
5,1631,0.13,-0.541,0.114,0.019,-0.125,-1.205,0.634,-0.38,0.1602,1.0,0.999,0.388,0.756,2.143,0.339,track
5,1632,0.13,-0.541,0.114,0.019,-0.125,-1.205,0.634,-0.38,0.1602,1.0,0.999,0.388,0.756,2.143,0.343,track
5,1633,0.131,-0.541,0.114,0.019,-0.125,-1.205,0.634,-0.38,0.1602,1.0,0.999,0.388,0.756,2.143,0.344,track
5,1634,0.131,-0.54,0.114,0.019,-0.125,-1.205,0.634,-0.38,0.1602,1.0,0.999,0.388,0.756,2.143,0.347,track
5,1635,0.131,-0.54,0.114,0.019,-0.125,-1.205,0.634,-0.38,0.1602,1.0,0.999,0.388,0.756,2.143,0.348,track
5,1636,0.131,-0.54,0.114,0.019,-0.125,-1.205,0.632,-0.381,0.1611,1.0,0.999,0.39,0.76,2.149,0.35,track
5,1637,0.131,-0.54,0.114,0.019,-0.125,-1.205,0.632,-0.381,0.1611,1.0,0.999,0.39,0.76,2.149,0.346,track
5,1638,0.132,-0.539,0.114,0.019,-0.125,-1.205,0.632,-0.381,0.1611,1.0,0.999,0.39,0.76,2.149,0.34,track
5,1639,0.132,-0.539,0.114,0.019,-0.125,-1.205,0.632,-0.381,0.1611,1.0,0.999,0.39,0.76,2.149,0.343,track
5,1640,0.132,-0.539,0.114,0.019,-0.125,-1.205,0.632,-0.381,0.1611,1.0,0.999,0.39,0.76,2.149,0.346,track
5,1641,0.132,-0.539,0.114,0.019,-0.125,-1.205,0.631,-0.378,0.1602,1.0,0.999,0.395,0.756,2.149,0.347,track
5,1642,0.133,-0.538,0.114,0.019,-0.125,-1.205,0.631,-0.378,0.1602,1.0,0.998,0.395,0.756,2.149,0.366,track
5,1643,0.133,-0.538,0.114,0.019,-0.125,-1.205,0.629,-0.382,0.1592,1.0,0.999,0.394,0.751,2.144,0.371,track
5,1644,0.133,-0.538,0.114,0.019,-0.125,-1.205,0.628,-0.381,0.1582,1.0,0.999,0.396,0.746,2.141,0.35,track
5,1645,0.133,-0.538,0.114,0.019,-0.125,-1.205,0.628,-0.381,0.1582,1.0,0.999,0.396,0.746,2.141,0.353,track
5,1646,0.133,-0.537,0.114,0.019,-0.125,-1.205,0.628,-0.381,0.1582,1.0,0.999,0.396,0.746,2.141,0.358,track
5,1647,0.134,-0.537,0.113,0.019,-0.125,-1.205,0.627,-0.38,0.1592,1.0,0.999,0.399,0.751,2.149,0.357,track
5,1648,0.134,-0.537,0.113,0.019,-0.125,-1.205,0.622,-0.389,0.1602,1.0,0.999,0.398,0.756,2.152,0.368,track
5,1649,0.134,-0.537,0.113,0.019,-0.125,-1.205,0.622,-0.389,0.1602,1.0,0.999,0.398,0.756,2.152,0.368,track
5,1650,0.134,-0.536,0.113,0.019,-0.125,-1.205,0.621,-0.388,0.1592,1.0,0.999,0.4,0.751,2.15,0.319,track
5,1651,0.134,-0.536,0.113,0.019,-0.125,-1.205,0.619,-0.385,0.1582,1.0,0.999,0.406,0.746,2.151,0.311,track
5,1652,0.135,-0.536,0.113,0.019,-0.125,-1.205,0.618,-0.389,0.1572,1.0,0.999,0.404,0.742,2.144,0.342,track
5,1653,0.135,-0.535,0.113,0.019,-0.125,-1.205,0.618,-0.389,0.1572,1.0,0.999,0.404,0.742,2.144,0.348,track
5,1654,0.135,-0.535,0.113,0.019,-0.125,-1.205,0.616,-0.386,0.1562,1.0,0.999,0.41,0.737,2.146,0.328,track
5,1655,0.135,-0.535,0.113,0.019,-0.125,-1.205,0.615,-0.389,0.1572,1.0,0.999,0.409,0.742,2.149,0.312,track
5,1656,0.135,-0.535,0.113,0.019,-0.125,-1.205,0.611,-0.382,0.1562,1.0,0.999,0.421,0.737,2.157,0.307,track
5,1657,0.135,-0.534,0.113,0.019,-0.125,-1.205,0.611,-0.382,0.1562,1.0,0.999,0.421,0.737,2.157,0.279,track
5,1658,0.135,-0.534,0.112,0.019,-0.125,-1.205,0.609,-0.384,0.1572,1.0,0.999,0.422,0.742,2.162,0.293,track
5,1659,0.136,-0.534,0.112,0.019,-0.125,-1.205,0.609,-0.388,0.1562,1.0,0.999,0.419,0.737,2.155,0.307,track
5,1660,0.136,-0.533,0.112,0.019,-0.125,-1.205,0.608,-0.386,0.1553,1.0,0.999,0.422,0.732,2.154,0.287,track
5,1661,0.136,-0.533,0.112,0.019,-0.125,-1.205,0.608,-0.386,0.1553,1.0,0.999,0.422,0.732,2.154,0.291,track
5,1662,0.136,-0.533,0.112,0.019,-0.125,-1.205,0.608,-0.386,0.1553,1.0,0.999,0.422,0.732,2.154,0.3,track
5,1663,0.136,-0.532,0.112,0.019,-0.125,-1.205,0.607,-0.384,0.1543,1.0,0.999,0.426,0.728,2.153,0.299,track
5,1664,0.136,-0.532,0.111,0.019,-0.125,-1.205,0.606,-0.388,0.1533,1.0,0.999,0.423,0.723,2.145,0.312,track
5,1665,0.136,-0.532,0.111,0.019,-0.125,-1.205,0.606,-0.388,0.1533,1.0,0.999,0.423,0.723,2.145,0.314,track
5,1666,0.136,-0.531,0.111,0.019,-0.125,-1.205,0.605,-0.385,0.1523,1.0,0.999,0.427,0.718,2.144,0.283,track
5,1667,0.137,-0.531,0.111,0.019,-0.125,-1.205,0.604,-0.387,0.1533,1.0,0.999,0.428,0.723,2.15,0.265,track
5,1668,0.137,-0.531,0.111,0.019,-0.125,-1.205,0.604,-0.387,0.1533,1.0,0.999,0.428,0.723,2.15,0.256,track
5,1669,0.137,-0.53,0.11,0.019,-0.125,-1.205,0.604,-0.387,0.1533,1.0,0.999,0.428,0.723,2.15,0.243,track
5,1670,0.137,-0.53,0.11,0.019,-0.125,-1.205,0.603,-0.384,0.1523,1.0,0.999,0.432,0.718,2.15,0.226,track
5,1671,0.137,-0.529,0.11,0.019,-0.125,-1.205,0.598,-0.379,0.1514,1.0,0.999,0.445,0.713,2.158,0.205,track
5,1672,0.137,-0.529,0.11,0.019,-0.125,-1.205,0.597,-0.379,0.1504,1.0,0.999,0.446,0.709,2.154,0.243,track
5,1673,0.137,-0.529,0.11,0.019,-0.125,-1.205,0.595,-0.375,0.1484,1.0,0.999,0.453,0.699,2.152,0.256,track
5,1674,0.137,-0.528,0.109,0.019,-0.125,-1.205,0.592,-0.378,0.1484,1.0,0.999,0.455,0.699,2.153,0.265,track
5,1675,0.137,-0.528,0.109,0.019,-0.125,-1.205,0.592,-0.378,0.1484,1.0,0.999,0.455,0.699,2.153,0.265,track
5,1676,0.137,-0.528,0.109,0.019,-0.125,-1.205,0.59,-0.372,0.1465,1.0,0.999,0.465,0.689,2.153,0.23,track
5,1677,0.137,-0.527,0.109,0.019,-0.125,-1.205,0.59,-0.372,0.1465,1.0,0.999,0.465,0.689,2.154,0.207,track
5,1678,0.137,-0.527,0.109,0.019,-0.125,-1.205,0.586,-0.372,0.1465,1.0,0.999,0.471,0.689,2.16,0.191,track
5,1679,0.137,-0.526,0.109,0.019,-0.125,-1.205,0.584,-0.374,0.1465,1.0,1.0,0.472,0.689,2.161,0.172,track
5,1680,0.137,-0.526,0.108,0.019,-0.125,-1.205,0.58,-0.376,0.1465,1.0,0.999,0.477,0.689,2.166,0.154,track
5,1681,0.137,-0.526,0.108,0.019,-0.125,-1.205,0.575,-0.378,0.1465,1.0,1.0,0.483,0.689,2.172,0.14,track
5,1682,0.137,-0.525,0.108,0.019,-0.125,-1.205,0.572,-0.37,0.1455,1.0,1.0,0.498,0.684,2.182,0.124,track
5,1683,0.137,-0.525,0.108,0.019,-0.125,-1.205,0.572,-0.37,0.1455,1.0,1.0,0.498,0.684,2.182,0.1,track
5,1684,0.137,-0.524,0.107,0.019,-0.125,-1.205,0.572,-0.37,0.1455,1.0,1.0,0.498,0.684,2.182,0.09,track
5,1685,0.137,-0.524,0.107,0.019,-0.125,-1.205,0.567,-0.372,0.1465,1.0,1.0,0.503,0.689,2.192,0.084,track
5,1686,0.137,-0.524,0.107,0.019,-0.125,-1.205,0.567,-0.372,0.1465,1.0,1.0,0.503,0.689,2.191,0.083,track
5,1687,0.137,-0.523,0.107,0.019,-0.125,-1.205,0.567,-0.372,0.1465,1.0,1.0,0.503,0.689,2.192,0.085,track
5,1688,0.137,-0.523,0.106,0.019,-0.125,-1.205,0.562,-0.373,0.1455,1.0,1.0,0.511,0.684,2.195,0.068,track
5,1689,0.137,-0.523,0.106,0.019,-0.125,-1.205,0.562,-0.373,0.1455,1.0,1.0,0.511,0.684,2.195,0.048,track
5,1690,0.137,-0.522,0.106,0.019,-0.125,-1.205,0.562,-0.373,0.1455,1.0,1.0,0.511,0.684,2.195,0.018,track
5,1691,0.137,-0.522,0.105,0.019,-0.125,-1.205,0.559,-0.372,0.1455,1.0,1.0,0.518,0.684,2.202,0.015,track
5,1692,0.137,-0.521,0.105,0.019,-0.125,-1.205,0.559,-0.372,0.1455,1.0,1.0,0.518,0.684,2.202,0.022,track
5,1693,0.137,-0.521,0.104,0.019,-0.125,-1.205,0.559,-0.372,0.1455,1.0,1.0,0.518,0.684,2.202,0.02,track
5,1694,0.137,-0.521,0.104,0.019,-0.125,-1.205,0.557,-0.367,0.1436,1.0,1.0,0.526,0.675,2.2,0.013,track
5,1695,0.137,-0.52,0.104,0.019,-0.125,-1.205,0.557,-0.367,0.1436,1.0,1.0,0.526,0.675,2.2,0.021,track
5,1696,0.136,-0.52,0.103,0.019,-0.125,-1.205,0.555,-0.371,0.1426,1.0,1.0,0.525,0.67,2.195,0.019,track
5,1697,0.136,-0.52,0.103,0.019,-0.125,-1.205,0.554,-0.366,0.1406,1.0,1.0,0.533,0.66,2.193,0.011,track
5,1698,0.136,-0.519,0.102,0.019,-0.125,-1.205,0.55,-0.365,0.1416,1.0,1.0,0.542,0.665,2.206,0.024,track
5,1699,0.136,-0.519,0.102,0.019,-0.125,-1.205,0.549,-0.365,0.1406,1.0,0.999,0.544,0.66,2.203,0.018,track
5,1700,0.136,-0.518,0.102,0.019,-0.125,-1.205,0.549,-0.365,0.1406,1.0,0.999,0.544,0.66,2.203,0.019,track
5,1701,0.136,-0.518,0.101,0.019,-0.125,-1.205,0.548,-0.363,0.1396,1.0,0.999,0.547,0.655,2.201,0.01,track
5,1702,0.136,-0.518,0.101,0.019,-0.125,-1.205,0.548,-0.363,0.1396,1.0,0.999,0.547,0.655,2.201,0.013,track
5,1703,0.135,-0.517,0.101,0.019,-0.125,-1.205,0.545,-0.366,0.1396,1.0,0.999,0.549,0.655,2.204,0.013,track
5,1704,0.135,-0.517,0.1,0.019,-0.125,-1.205,0.544,-0.364,0.1387,1.0,0.999,0.553,0.65,2.203,0.005,track
5,1705,0.135,-0.517,0.1,0.019,-0.125,-1.205,0.542,-0.368,0.1377,1.0,0.999,0.552,0.645,2.197,0.01,track
5,1706,0.135,-0.516,0.1,0.019,-0.125,-1.205,0.54,-0.372,0.1387,1.0,0.999,0.549,0.65,2.199,0.013,track
5,1707,0.135,-0.516,0.099,0.019,-0.125,-1.205,0.54,-0.37,0.1377,1.0,0.999,0.554,0.645,2.198,0.02,track
5,1708,0.135,-0.516,0.099,0.019,-0.125,-1.205,0.538,-0.373,0.1387,1.0,0.999,0.553,0.65,2.203,0.021,track
5,1709,0.134,-0.515,0.099,0.019,-0.125,-1.205,0.535,-0.371,0.1387,1.0,0.999,0.561,0.65,2.211,0.024,track
5,1710,0.134,-0.515,0.098,0.019,-0.125,-1.205,0.534,-0.368,0.1377,1.0,0.999,0.566,0.645,2.211,0.023,track
5,1711,0.134,-0.515,0.098,0.019,-0.125,-1.205,0.532,-0.368,0.1387,1.0,0.999,0.57,0.65,2.22,0.015,track
5,1712,0.134,-0.514,0.098,0.019,-0.125,-1.205,0.532,-0.368,0.1387,1.0,0.999,0.57,0.65,2.22,0.022,track
5,1713,0.133,-0.514,0.097,0.019,-0.125,-1.205,0.532,-0.368,0.1387,1.0,0.999,0.57,0.65,2.22,0.023,track
5,1714,0.133,-0.514,0.097,0.019,-0.125,-1.205,0.529,-0.365,0.1367,1.0,0.999,0.579,0.64,2.219,0.018,track
5,1715,0.133,-0.514,0.097,0.019,-0.125,-1.205,0.529,-0.365,0.1367,1.0,0.999,0.579,0.64,2.219,0.017,track
5,1716,0.133,-0.513,0.096,0.019,-0.125,-1.205,0.527,-0.369,0.1377,1.0,1.0,0.578,0.645,2.223,0.014,track
5,1717,0.132,-0.513,0.096,0.019,-0.125,-1.205,0.526,-0.365,0.1367,1.0,1.0,0.584,0.64,2.224,0.026,track
5,1718,0.132,-0.513,0.095,0.019,-0.125,-1.205,0.526,-0.365,0.1367,1.0,1.0,0.584,0.64,2.224,0.021,track
5,1719,0.132,-0.512,0.095,0.019,-0.125,-1.205,0.526,-0.365,0.1357,1.0,1.0,0.586,0.636,2.221,0.021,track
5,1720,0.131,-0.512,0.095,0.019,-0.125,-1.205,0.525,-0.362,0.1367,1.0,1.0,0.591,0.64,2.231,0.022,track
5,1721,0.131,-0.512,0.094,0.019,-0.125,-1.205,0.525,-0.362,0.1367,1.0,1.0,0.591,0.64,2.231,0.019,track
5,1722,0.131,-0.512,0.094,0.019,-0.125,-1.205,0.524,-0.361,0.1348,1.0,1.0,0.594,0.631,2.225,0.017,track
5,1723,0.13,-0.511,0.093,0.019,-0.125,-1.205,0.525,-0.352,0.1348,1.0,1.0,0.603,0.631,2.233,0.019,track
5,1724,0.13,-0.511,0.093,0.019,-0.125,-1.205,0.525,-0.352,0.1348,1.0,1.0,0.603,0.631,2.233,0.009,track
5,1725,0.13,-0.511,0.092,0.019,-0.125,-1.205,0.525,-0.352,0.1338,1.0,1.0,0.604,0.626,2.23,0.01,track
5,1726,0.129,-0.511,0.092,0.019,-0.125,-1.205,0.523,-0.351,0.1318,1.0,1.0,0.609,0.616,2.224,0.013,track
5,1727,0.129,-0.51,0.092,0.019,-0.125,-1.205,0.521,-0.35,0.1328,1.0,1.0,0.614,0.621,2.234,0.021,track
5,1728,0.129,-0.51,0.091,0.019,-0.125,-1.205,0.521,-0.347,0.1338,1.0,1.0,0.619,0.626,2.244,0.005,track
5,1729,0.128,-0.51,0.091,0.019,-0.125,-1.205,0.519,-0.343,0.1338,1.0,1.0,0.627,0.626,2.253,0.005,track
5,1730,0.128,-0.51,0.091,0.019,-0.125,-1.205,0.517,-0.344,0.1328,1.0,1.0,0.63,0.621,2.25,0.016,track
5,1731,0.127,-0.509,0.09,0.019,-0.125,-1.205,0.517,-0.344,0.1328,1.0,1.0,0.63,0.621,2.25,0.011,track
5,1732,0.127,-0.509,0.09,0.019,-0.125,-1.205,0.517,-0.344,0.1328,1.0,1.0,0.63,0.621,2.25,0.005,track
5,1733,0.127,-0.509,0.089,0.019,-0.125,-1.205,0.516,-0.341,0.1318,1.0,1.0,0.634,0.616,2.25,0.006,track
5,1734,0.126,-0.509,0.089,0.019,-0.125,-1.205,0.516,-0.341,0.1318,1.0,1.0,0.634,0.616,2.25,0.006,track
5,1735,0.126,-0.509,0.089,0.019,-0.125,-1.205,0.514,-0.342,0.1328,1.0,1.0,0.638,0.621,2.258,0.008,track
5,1736,0.125,-0.508,0.088,0.019,-0.125,-1.205,0.513,-0.342,0.1318,1.0,1.0,0.639,0.616,2.255,0.014,track
5,1737,0.125,-0.508,0.088,0.019,-0.125,-1.205,0.51,-0.341,0.1299,1.0,1.0,0.647,0.606,2.253,0.013,track
5,1738,0.124,-0.508,0.088,0.019,-0.125,-1.205,0.509,-0.34,0.1289,1.0,1.0,0.648,0.601,2.249,0.015,track
5,1739,0.124,-0.508,0.087,0.019,-0.125,-1.205,0.51,-0.336,0.1299,1.0,1.0,0.653,0.606,2.258,0.021,track
5,1740,0.124,-0.508,0.087,0.019,-0.125,-1.205,0.507,-0.338,0.1309,1.0,1.0,0.656,0.611,2.267,0.018,track
5,1741,0.123,-0.508,0.086,0.019,-0.125,-1.205,0.504,-0.339,0.1299,1.0,1.0,0.661,0.606,2.267,0.014,track
5,1742,0.123,-0.507,0.086,0.019,-0.125,-1.205,0.504,-0.339,0.1299,1.0,1.0,0.661,0.606,2.267,0.018,track
5,1743,0.122,-0.507,0.086,0.019,-0.125,-1.205,0.5,-0.341,0.1289,1.0,1.0,0.666,0.601,2.266,0.022,track
5,1744,0.122,-0.507,0.085,0.019,-0.125,-1.205,0.503,-0.337,0.1299,1.0,1.0,0.665,0.606,2.271,0.03,track
5,1745,0.121,-0.507,0.085,0.019,-0.125,-1.205,0.5,-0.325,0.1289,1.0,1.0,0.688,0.601,2.288,0.027,track
5,1746,0.121,-0.507,0.084,0.019,-0.125,-1.205,0.499,-0.323,0.1299,1.0,1.0,0.694,0.606,2.299,0.061,track
5,1747,0.12,-0.507,0.084,0.019,-0.125,-1.205,0.499,-0.323,0.1299,1.0,1.0,0.694,0.606,2.3,0.05,track
5,1748,0.12,-0.507,0.084,0.019,-0.125,-1.205,0.497,-0.32,0.1299,1.0,1.0,0.701,0.606,2.306,0.047,track
5,1749,0.119,-0.507,0.083,0.019,-0.125,-1.205,0.497,-0.32,0.1299,1.0,1.0,0.701,0.606,2.306,0.044,track
5,1750,0.119,-0.506,0.083,0.019,-0.125,-1.205,0.497,-0.32,0.1299,1.0,1.0,0.701,0.606,2.306,0.034,track
5,1751,0.118,-0.506,0.082,0.019,-0.125,-1.205,0.497,-0.315,0.1289,1.0,1.0,0.708,0.601,2.309,0.045,track
5,1752,0.118,-0.506,0.082,0.019,-0.125,-1.205,0.492,-0.313,0.1289,1.0,1.0,0.72,0.601,2.321,0.051,track
5,1753,0.117,-0.506,0.081,0.019,-0.125,-1.205,0.492,-0.313,0.1289,1.0,1.0,0.72,0.601,2.321,0.036,track
5,1754,0.117,-0.506,0.08,0.019,-0.125,-1.205,0.492,-0.313,0.1289,1.0,1.0,0.72,0.601,2.321,0.022,track
5,1755,0.116,-0.506,0.08,0.019,-0.125,-1.205,0.492,-0.313,0.1289,1.0,1.0,0.72,0.601,2.321,0.032,track
5,1756,0.116,-0.506,0.079,0.019,-0.125,-1.205,0.491,-0.314,0.1279,1.0,1.0,0.722,0.596,2.318,0.024,track
5,1757,0.115,-0.506,0.079,0.019,-0.125,-1.205,0.496,-0.306,0.1299,1.0,1.0,0.723,0.606,2.328,0.031,track
5,1758,0.114,-0.506,0.078,0.019,-0.125,-1.205,0.496,-0.304,0.1289,1.0,1.0,0.725,0.601,2.325,0.029,track
5,1759,0.114,-0.506,0.078,0.019,-0.125,-1.205,0.491,-0.308,0.127,1.0,1.0,0.731,0.591,2.322,0.017,track
5,1760,0.113,-0.506,0.077,0.019,-0.125,-1.205,0.491,-0.308,0.127,1.0,1.0,0.731,0.591,2.321,0.022,track
5,1761,0.113,-0.506,0.077,0.019,-0.125,-1.205,0.491,-0.306,0.126,1.0,1.0,0.734,0.586,2.319,0.043,track
5,1762,0.112,-0.506,0.076,0.019,-0.125,-1.205,0.491,-0.305,0.125,1.0,1.0,0.735,0.581,2.316,0.041,track
5,1763,0.112,-0.506,0.076,0.019,-0.125,-1.205,0.491,-0.3,0.125,1.0,1.0,0.741,0.581,2.322,0.044,track
5,1764,0.111,-0.506,0.075,0.019,-0.125,-1.205,0.491,-0.3,0.125,1.0,1.0,0.741,0.581,2.322,0.056,track
5,1765,0.111,-0.506,0.075,0.019,-0.125,-1.205,0.484,-0.302,0.1221,1.0,1.0,0.753,0.567,2.319,0.059,track
5,1766,0.11,-0.506,0.074,0.019,-0.125,-1.205,0.482,-0.304,0.123,1.0,1.0,0.755,0.571,2.326,0.075,track
5,1767,0.109,-0.506,0.074,0.019,-0.125,-1.205,0.482,-0.304,0.1221,1.0,1.0,0.756,0.567,2.322,0.092,track
5,1768,0.109,-0.506,0.073,0.019,-0.125,-1.205,0.48,-0.299,0.1201,1.0,1.0,0.767,0.557,2.323,0.083,track
5,1769,0.108,-0.506,0.073,0.019,-0.125,-1.205,0.48,-0.299,0.1201,1.0,1.0,0.767,0.557,2.323,0.076,track
5,1770,0.108,-0.506,0.073,0.019,-0.125,-1.205,0.482,-0.292,0.1201,1.0,1.0,0.772,0.557,2.329,0.075,track
5,1771,0.107,-0.506,0.072,0.019,-0.125,-1.205,0.482,-0.292,0.1201,1.0,1.0,0.772,0.557,2.329,0.066,track
5,1772,0.106,-0.506,0.072,0.019,-0.125,-1.205,0.482,-0.292,0.1201,1.0,1.0,0.772,0.557,2.329,0.075,track
5,1773,0.106,-0.506,0.072,0.019,-0.125,-1.205,0.48,-0.293,0.1191,1.0,1.0,0.774,0.552,2.326,0.079,track
5,1774,0.105,-0.507,0.071,0.019,-0.125,-1.205,0.482,-0.291,0.1182,1.0,1.0,0.772,0.547,2.318,0.077,track
5,1775,0.105,-0.507,0.071,0.019,-0.125,-1.205,0.482,-0.291,0.1182,1.0,1.0,0.772,0.547,2.318,0.095,track
5,1776,0.104,-0.507,0.071,0.019,-0.125,-1.205,0.482,-0.291,0.1182,1.0,1.0,0.772,0.547,2.318,0.098,track
5,1777,0.103,-0.507,0.071,0.019,-0.125,-1.205,0.482,-0.291,0.1182,1.0,1.0,0.772,0.547,2.318,0.101,track
5,1778,0.103,-0.507,0.07,0.019,-0.125,-1.205,0.482,-0.291,0.1182,1.0,1.0,0.772,0.547,2.319,0.097,track
5,1779,0.102,-0.507,0.07,0.019,-0.125,-1.205,0.484,-0.292,0.1201,1.0,1.0,0.767,0.557,2.324,0.098,track
5,1780,0.101,-0.508,0.07,0.019,-0.125,-1.205,0.486,-0.288,0.1211,1.0,1.0,0.767,0.562,2.328,0.088,track
5,1781,0.101,-0.508,0.07,0.019,-0.125,-1.205,0.486,-0.284,0.1191,1.0,1.0,0.774,0.552,2.326,0.083,track
5,1782,0.1,-0.508,0.07,0.019,-0.125,-1.205,0.486,-0.284,0.1191,1.0,1.0,0.774,0.552,2.326,0.098,track
5,1783,0.099,-0.508,0.07,0.019,-0.125,-1.205,0.488,-0.282,0.1182,1.0,1.0,0.771,0.547,2.317,0.096,track
5,1784,0.099,-0.508,0.07,0.019,-0.125,-1.205,0.488,-0.282,0.1182,1.0,1.0,0.771,0.547,2.317,0.085,track
5,1785,0.098,-0.509,0.07,0.019,-0.125,-1.205,0.488,-0.285,0.1191,1.0,1.0,0.766,0.552,2.318,0.08,track
5,1786,0.098,-0.509,0.069,0.019,-0.125,-1.205,0.485,-0.288,0.1182,1.0,1.0,0.77,0.547,2.317,0.069,track
5,1787,0.097,-0.509,0.069,0.019,-0.125,-1.205,0.488,-0.283,0.1191,1.0,1.0,0.769,0.552,2.32,0.068,track
5,1788,0.096,-0.509,0.069,0.019,-0.125,-1.205,0.487,-0.284,0.1172,1.0,1.0,0.77,0.542,2.312,0.058,track
5,1789,0.096,-0.51,0.069,0.019,-0.125,-1.205,0.487,-0.284,0.1172,1.0,1.0,0.77,0.542,2.312,0.052,track
5,1790,0.095,-0.51,0.069,0.019,-0.125,-1.205,0.489,-0.282,0.1172,1.0,1.0,0.768,0.542,2.31,0.055,track
5,1791,0.094,-0.51,0.07,0.019,-0.125,-1.205,0.489,-0.282,0.1172,1.0,1.0,0.768,0.542,2.31,0.053,track
5,1792,0.093,-0.511,0.07,0.019,-0.125,-1.205,0.489,-0.282,0.1172,1.0,1.0,0.768,0.542,2.31,0.056,track
5,1793,0.093,-0.511,0.07,0.019,-0.125,-1.205,0.492,-0.282,0.1162,1.0,1.0,0.764,0.537,2.301,0.053,track
5,1794,0.092,-0.511,0.07,0.019,-0.125,-1.205,0.492,-0.289,0.1182,1.0,1.0,0.752,0.547,2.299,0.057,track
5,1795,0.091,-0.511,0.07,0.019,-0.125,-1.205,0.494,-0.285,0.1201,1.0,1.0,0.754,0.557,2.31,0.063,track
5,1796,0.091,-0.512,0.07,0.019,-0.125,-1.205,0.495,-0.285,0.1211,1.0,1.0,0.752,0.562,2.313,0.06,track
5,1797,0.09,-0.512,0.07,0.019,-0.125,-1.205,0.495,-0.286,0.1221,1.0,1.0,0.75,0.567,2.317,0.054,track
5,1798,0.089,-0.513,0.071,0.019,-0.125,-1.205,0.496,-0.278,0.1221,1.0,1.0,0.76,0.567,2.326,0.054,track
5,1799,0.089,-0.513,0.071,0.019,-0.125,-1.205,0.497,-0.283,0.123,1.0,1.0,0.75,0.571,2.322,0.049,track
5,1800,0.088,-0.513,0.071,0.019,-0.125,-1.205,0.5,-0.279,0.126,1.0,1.0,0.749,0.586,2.335,0.039,track
5,1801,0.087,-0.514,0.071,0.019,-0.125,-1.205,0.502,-0.274,0.125,1.0,1.0,0.749,0.581,2.33,0.049,track
5,1802,0.086,-0.514,0.071,0.019,-0.125,-1.205,0.501,-0.276,0.124,1.0,1.0,0.75,0.576,2.326,0.033,track
5,1803,0.086,-0.514,0.071,0.019,-0.125,-1.205,0.504,-0.272,0.1221,1.0,1.0,0.749,0.567,2.315,0.029,track
5,1804,0.085,-0.515,0.071,0.019,-0.125,-1.205,0.506,-0.267,0.123,1.0,1.0,0.749,0.571,2.32,0.024,track
5,1805,0.084,-0.515,0.071,0.019,-0.125,-1.205,0.508,-0.268,0.123,1.0,1.0,0.743,0.571,2.314,0.015,track
5,1806,0.084,-0.516,0.072,0.019,-0.125,-1.205,0.508,-0.268,0.123,1.0,1.0,0.743,0.571,2.314,0.013,track
5,1807,0.083,-0.516,0.072,0.019,-0.125,-1.205,0.515,-0.264,0.1211,1.0,1.0,0.732,0.562,2.293,0.015,track
5,1808,0.082,-0.516,0.072,0.019,-0.125,-1.205,0.515,-0.264,0.1211,1.0,1.0,0.732,0.562,2.293,0.044,track
5,1809,0.081,-0.517,0.072,0.019,-0.125,-1.205,0.516,-0.27,0.124,1.0,1.0,0.724,0.576,2.3,0.033,track
5,1810,0.081,-0.517,0.072,0.019,-0.125,-1.205,0.518,-0.267,0.123,1.0,1.0,0.723,0.571,2.294,0.027,track
5,1811,0.08,-0.518,0.072,0.019,-0.125,-1.205,0.518,-0.27,0.124,1.0,1.0,0.718,0.576,2.294,0.025,track
5,1812,0.079,-0.518,0.073,0.019,-0.125,-1.205,0.521,-0.266,0.125,1.0,1.0,0.716,0.581,2.297,0.027,track
5,1813,0.078,-0.519,0.073,0.019,-0.125,-1.205,0.525,-0.272,0.123,1.0,1.0,0.7,0.571,2.271,0.023,track
5,1814,0.078,-0.519,0.073,0.019,-0.125,-1.205,0.525,-0.272,0.123,1.0,1.0,0.7,0.571,2.271,0.06,track
5,1815,0.077,-0.52,0.074,0.019,-0.125,-1.205,0.526,-0.274,0.125,1.0,1.0,0.696,0.581,2.277,0.051,track
5,1816,0.076,-0.52,0.074,0.019,-0.125,-1.205,0.531,-0.277,0.126,1.0,1.0,0.682,0.586,2.268,0.05,track
5,1817,0.076,-0.52,0.074,0.019,-0.125,-1.205,0.532,-0.284,0.1289,1.0,1.0,0.672,0.601,2.273,0.052,track
5,1818,0.075,-0.521,0.075,0.019,-0.125,-1.205,0.535,-0.284,0.1299,1.0,1.0,0.665,0.606,2.271,0.043,track
5,1819,0.074,-0.521,0.075,0.019,-0.125,-1.205,0.538,-0.285,0.1299,1.0,1.0,0.658,0.606,2.264,0.046,track
5,1820,0.073,-0.522,0.076,0.019,-0.125,-1.205,0.545,-0.277,0.1309,1.0,1.0,0.651,0.611,2.262,0.048,track
5,1821,0.073,-0.522,0.076,0.019,-0.125,-1.205,0.55,-0.281,0.1299,1.0,1.0,0.637,0.606,2.243,0.054,track
5,1822,0.072,-0.523,0.077,0.019,-0.125,-1.205,0.55,-0.281,0.1299,1.0,1.0,0.637,0.606,2.242,0.059,track
5,1823,0.071,-0.523,0.077,0.019,-0.125,-1.205,0.556,-0.277,0.1309,1.0,1.0,0.628,0.611,2.239,0.08,track
5,1824,0.07,-0.524,0.078,0.019,-0.125,-1.205,0.556,-0.277,0.1309,1.0,1.0,0.628,0.611,2.238,0.092,track
5,1825,0.07,-0.524,0.078,0.019,-0.125,-1.205,0.561,-0.285,0.1318,1.0,1.0,0.611,0.616,2.226,0.121,track
5,1826,0.069,-0.525,0.079,0.019,-0.125,-1.205,0.561,-0.285,0.1318,1.0,0.999,0.611,0.616,2.226,0.152,track
5,1827,0.068,-0.525,0.079,0.019,-0.125,-1.205,0.566,-0.284,0.1338,1.0,1.0,0.601,0.626,2.226,0.175,track
5,1828,0.068,-0.525,0.08,0.019,-0.125,-1.205,0.569,-0.286,0.1348,1.0,0.999,0.592,0.631,2.221,0.198,track
5,1829,0.067,-0.526,0.081,0.019,-0.125,-1.205,0.569,-0.286,0.1348,1.0,1.0,0.592,0.631,2.222,0.221,track
5,1830,0.066,-0.526,0.081,0.019,-0.125,-1.205,0.574,-0.284,0.1387,1.0,0.999,0.584,0.65,2.234,0.229,track
5,1831,0.065,-0.527,0.082,0.019,-0.125,-1.205,0.576,-0.283,0.1387,1.0,0.999,0.581,0.65,2.231,0.24,track
5,1832,0.065,-0.527,0.083,0.019,-0.125,-1.205,0.578,-0.28,0.1396,1.0,0.999,0.58,0.655,2.234,0.241,track
5,1833,0.064,-0.528,0.083,0.019,-0.125,-1.205,0.583,-0.287,0.1416,1.0,0.999,0.563,0.665,2.227,0.26,track
5,1834,0.063,-0.528,0.084,0.019,-0.125,-1.205,0.585,-0.285,0.1416,1.0,0.999,0.56,0.665,2.224,0.279,track
5,1835,0.063,-0.528,0.084,0.019,-0.125,-1.205,0.586,-0.285,0.1436,1.0,0.999,0.559,0.675,2.233,0.288,track
5,1836,0.062,-0.529,0.085,0.019,-0.125,-1.205,0.59,-0.284,0.1416,1.0,0.999,0.553,0.665,2.217,0.279,track
5,1837,0.061,-0.529,0.086,0.019,-0.125,-1.205,0.593,-0.284,0.1436,1.0,0.999,0.548,0.675,2.222,0.283,track
5,1838,0.061,-0.53,0.086,0.019,-0.125,-1.205,0.594,-0.279,0.1445,1.0,0.999,0.55,0.68,2.229,0.285,track
5,1839,0.06,-0.53,0.087,0.019,-0.125,-1.205,0.598,-0.281,0.1445,1.0,0.999,0.54,0.68,2.219,0.299,track
5,1840,0.059,-0.53,0.087,0.019,-0.125,-1.205,0.598,-0.281,0.1445,1.0,0.999,0.54,0.68,2.219,0.302,track
5,1841,0.059,-0.531,0.088,0.019,-0.125,-1.205,0.601,-0.276,0.1455,1.0,0.999,0.538,0.684,2.222,0.307,track
5,1842,0.058,-0.531,0.089,0.019,-0.125,-1.205,0.607,-0.284,0.1465,1.0,0.999,0.52,0.689,2.208,0.3,track
5,1843,0.057,-0.531,0.089,0.019,-0.125,-1.205,0.609,-0.278,0.1465,1.0,0.999,0.521,0.689,2.209,0.287,track
5,1844,0.057,-0.532,0.09,0.019,-0.125,-1.205,0.611,-0.275,0.1484,1.0,0.999,0.519,0.699,2.217,0.281,track
5,1845,0.056,-0.532,0.09,0.019,-0.125,-1.205,0.611,-0.275,0.1484,1.0,0.999,0.519,0.699,2.217,0.296,track
5,1846,0.055,-0.532,0.091,0.019,-0.125,-1.205,0.613,-0.28,0.1504,1.0,0.999,0.511,0.709,2.219,0.291,track
5,1847,0.055,-0.533,0.092,0.019,-0.125,-1.205,0.617,-0.275,0.1504,1.0,0.999,0.508,0.709,2.216,0.28,track
5,1848,0.054,-0.533,0.092,0.019,-0.125,-1.205,0.621,-0.266,0.1504,1.0,0.999,0.509,0.709,2.216,0.276,track
5,1849,0.053,-0.533,0.093,0.019,-0.125,-1.205,0.623,-0.269,0.1514,1.0,0.999,0.503,0.713,2.215,0.298,track
5,1850,0.053,-0.534,0.093,0.019,-0.125,-1.205,0.623,-0.271,0.1533,1.0,0.999,0.502,0.723,2.224,0.301,track
5,1851,0.052,-0.534,0.094,0.019,-0.125,-1.205,0.626,-0.272,0.1553,1.0,0.999,0.494,0.732,2.225,0.292,track
5,1852,0.052,-0.534,0.095,0.019,-0.125,-1.205,0.627,-0.272,0.1562,1.0,0.999,0.493,0.737,2.229,0.29,track
5,1853,0.051,-0.534,0.095,0.019,-0.125,-1.205,0.627,-0.271,0.1562,1.0,0.999,0.494,0.737,2.23,0.28,track
5,1854,0.051,-0.535,0.096,0.019,-0.125,-1.205,0.627,-0.271,0.1562,1.0,0.999,0.494,0.737,2.23,0.263,track
5,1855,0.05,-0.535,0.096,0.019,-0.125,-1.205,0.629,-0.265,0.1553,1.0,0.999,0.494,0.732,2.225,0.258,track
5,1856,0.049,-0.535,0.097,0.019,-0.125,-1.205,0.631,-0.267,0.1572,1.0,0.999,0.49,0.742,2.231,0.249,track
5,1857,0.049,-0.535,0.097,0.019,-0.125,-1.205,0.63,-0.264,0.1592,1.0,0.999,0.494,0.751,2.244,0.243,track
5,1858,0.048,-0.536,0.098,0.019,-0.125,-1.205,0.63,-0.264,0.1592,1.0,0.999,0.494,0.751,2.244,0.233,track
5,1859,0.048,-0.536,0.098,0.019,-0.125,-1.205,0.632,-0.27,0.1611,1.0,0.999,0.485,0.76,2.245,0.226,track
5,1860,0.047,-0.536,0.099,0.019,-0.125,-1.205,0.631,-0.266,0.1621,1.0,0.999,0.49,0.765,2.254,0.235,track
5,1861,0.047,-0.536,0.099,0.019,-0.125,-1.205,0.631,-0.262,0.1611,1.0,0.999,0.493,0.76,2.252,0.229,track
5,1862,0.046,-0.536,0.099,0.019,-0.125,-1.205,0.632,-0.257,0.1621,1.0,0.999,0.495,0.765,2.259,0.209,track
5,1863,0.046,-0.537,0.1,0.019,-0.125,-1.205,0.632,-0.257,0.1641,1.0,0.999,0.494,0.774,2.267,0.209,track
5,1864,0.045,-0.537,0.1,0.019,-0.125,-1.205,0.634,-0.255,0.166,1.0,0.999,0.493,0.783,2.275,0.206,track
5,1865,0.045,-0.537,0.1,0.019,-0.125,-1.205,0.634,-0.255,0.166,1.0,0.999,0.493,0.783,2.274,0.193,track
5,1866,0.045,-0.537,0.101,0.019,-0.125,-1.205,0.634,-0.255,0.166,1.0,0.999,0.493,0.783,2.275,0.178,track
5,1867,0.044,-0.537,0.101,0.019,-0.125,-1.205,0.636,-0.248,0.1641,1.0,0.999,0.495,0.774,2.268,0.17,track
5,1868,0.044,-0.538,0.101,0.019,-0.125,-1.205,0.634,-0.246,0.1641,1.0,1.0,0.5,0.774,2.273,0.162,track
5,1869,0.043,-0.538,0.101,0.019,-0.125,-1.205,0.634,-0.246,0.1641,1.0,0.999,0.5,0.774,2.273,0.174,track
5,1870,0.043,-0.538,0.101,0.019,-0.125,-1.205,0.634,-0.246,0.1641,1.0,0.999,0.5,0.774,2.273,0.188,track
5,1871,0.042,-0.538,0.102,0.019,-0.125,-1.205,0.635,-0.241,0.165,1.0,0.999,0.5,0.778,2.277,0.193,track
5,1872,0.042,-0.538,0.102,0.019,-0.125,-1.205,0.636,-0.243,0.167,1.0,0.999,0.499,0.787,2.285,0.206,track
5,1873,0.042,-0.538,0.102,0.019,-0.125,-1.205,0.637,-0.247,0.1689,1.0,0.999,0.492,0.796,2.288,0.204,track
5,1874,0.041,-0.538,0.102,0.019,-0.125,-1.205,0.638,-0.244,0.168,1.0,0.999,0.492,0.792,2.283,0.213,track
5,1875,0.041,-0.539,0.102,0.019,-0.125,-1.205,0.637,-0.246,0.167,1.0,0.999,0.494,0.787,2.28,0.218,track
5,1876,0.041,-0.539,0.102,0.019,-0.125,-1.205,0.637,-0.246,0.167,1.0,0.999,0.494,0.787,2.28,0.216,track
5,1877,0.04,-0.539,0.103,0.019,-0.125,-1.205,0.637,-0.242,0.166,1.0,0.999,0.497,0.783,2.279,0.216,track
5,1878,0.04,-0.539,0.103,0.019,-0.125,-1.205,0.638,-0.24,0.167,1.0,0.999,0.496,0.787,2.283,0.22,track
5,1879,0.04,-0.539,0.103,0.019,-0.125,-1.205,0.638,-0.24,0.167,1.0,0.999,0.496,0.787,2.282,0.225,track
5,1880,0.039,-0.539,0.103,0.019,-0.125,-1.205,0.635,-0.243,0.1689,1.0,0.999,0.499,0.796,2.295,0.236,track
5,1881,0.039,-0.539,0.103,0.019,-0.125,-1.205,0.635,-0.243,0.1689,1.0,0.999,0.499,0.796,2.295,0.231,track
5,1882,0.039,-0.539,0.103,0.019,-0.125,-1.205,0.635,-0.243,0.1689,1.0,0.999,0.499,0.796,2.295,0.225,track
5,1883,0.038,-0.54,0.103,0.019,-0.125,-1.205,0.633,-0.242,0.1699,1.0,0.999,0.504,0.8,2.303,0.222,track
5,1884,0.038,-0.54,0.103,0.019,-0.125,-1.205,0.633,-0.242,0.1699,1.0,0.999,0.504,0.8,2.304,0.215,track
5,1885,0.038,-0.54,0.103,0.019,-0.125,-1.205,0.633,-0.242,0.1699,1.0,0.999,0.504,0.8,2.303,0.208,track
5,1886,0.038,-0.54,0.103,0.019,-0.125,-1.205,0.635,-0.245,0.1709,1.0,1.0,0.499,0.805,2.303,0.205,track
5,1887,0.037,-0.54,0.103,0.019,-0.125,-1.205,0.635,-0.245,0.1709,1.0,0.999,0.499,0.805,2.303,0.191,track
5,1888,0.037,-0.54,0.103,0.019,-0.125,-1.205,0.635,-0.245,0.1709,1.0,1.0,0.499,0.805,2.303,0.186,track
5,1889,0.037,-0.54,0.103,0.019,-0.125,-1.205,0.635,-0.245,0.1709,1.0,0.999,0.499,0.805,2.303,0.182,track
5,1890,0.037,-0.54,0.103,0.019,-0.125,-1.205,0.635,-0.245,0.1709,1.0,1.0,0.499,0.805,2.304,0.179,track
5,1891,0.036,-0.54,0.103,0.019,-0.125,-1.205,0.635,-0.245,0.1709,1.0,1.0,0.499,0.805,2.303,0.175,track
5,1892,0.036,-0.54,0.103,0.019,-0.125,-1.205,0.635,-0.245,0.1709,1.0,1.0,0.499,0.805,2.304,0.173,track
5,1893,0.036,-0.541,0.103,0.019,-0.125,-1.205,0.633,-0.242,0.1699,1.0,1.0,0.504,0.8,2.304,0.168,track
5,1894,0.036,-0.541,0.103,0.019,-0.125,-1.205,0.633,-0.246,0.1709,1.0,1.0,0.502,0.805,2.306,0.158,track
5,1895,0.036,-0.541,0.102,0.019,-0.125,-1.205,0.633,-0.246,0.1709,1.0,1.0,0.502,0.805,2.306,0.145,track
5,1896,0.035,-0.541,0.102,0.019,-0.125,-1.205,0.633,-0.246,0.1709,1.0,1.0,0.502,0.805,2.306,0.139,track
5,1897,0.035,-0.541,0.102,0.019,-0.125,-1.205,0.632,-0.244,0.1699,1.0,1.0,0.504,0.8,2.304,0.132,track
5,1898,0.035,-0.541,0.102,0.019,-0.125,-1.205,0.632,-0.249,0.1709,1.0,1.0,0.5,0.805,2.305,0.121,track
5,1899,0.035,-0.541,0.102,0.019,-0.125,-1.205,0.632,-0.249,0.1709,1.0,1.0,0.5,0.805,2.305,0.104,track
5,1900,0.035,-0.541,0.102,0.019,-0.125,-1.205,0.632,-0.249,0.1709,1.0,1.0,0.5,0.805,2.305,0.095,track
5,1901,0.035,-0.541,0.102,0.019,-0.125,-1.205,0.632,-0.249,0.1709,1.0,1.0,0.5,0.805,2.305,0.086,track
5,1902,0.035,-0.541,0.102,0.019,-0.125,-1.205,0.631,-0.25,0.1699,1.0,1.0,0.502,0.8,2.302,0.077,track
5,1903,0.034,-0.542,0.102,0.019,-0.125,-1.205,0.633,-0.251,0.1689,1.0,1.0,0.497,0.796,2.293,0.07,track
5,1904,0.034,-0.542,0.102,0.019,-0.125,-1.205,0.634,-0.25,0.1699,1.0,1.0,0.496,0.8,2.296,0.067,track
5,1905,0.034,-0.542,0.102,0.019,-0.125,-1.205,0.634,-0.25,0.1699,1.0,1.0,0.496,0.8,2.296,0.055,track
5,1906,0.034,-0.542,0.102,0.019,-0.125,-1.205,0.634,-0.25,0.1699,1.0,1.0,0.496,0.8,2.296,0.051,track
5,1907,0.034,-0.542,0.102,0.019,-0.125,-1.205,0.634,-0.25,0.1699,1.0,1.0,0.496,0.8,2.296,0.046,track
5,1908,0.034,-0.542,0.102,0.019,-0.125,-1.205,0.634,-0.25,0.1699,1.0,1.0,0.496,0.8,2.296,0.041,track
5,1909,0.034,-0.542,0.102,0.019,-0.125,-1.205,0.634,-0.25,0.1699,1.0,1.0,0.496,0.8,2.296,0.037,track
5,1910,0.034,-0.542,0.102,0.019,-0.125,-1.205,0.635,-0.251,0.1709,1.0,1.0,0.494,0.805,2.298,0.033,track
5,1911,0.034,-0.542,0.102,0.019,-0.125,-1.205,0.637,-0.251,0.1699,1.0,1.0,0.49,0.8,2.291,0.027,track
5,1912,0.034,-0.542,0.102,0.019,-0.125,-1.205,0.637,-0.251,0.1699,1.0,1.0,0.49,0.8,2.291,0.023,track
5,1913,0.034,-0.543,0.102,0.019,-0.125,-1.205,0.637,-0.251,0.1699,1.0,1.0,0.49,0.8,2.291,0.022,track
5,1914,0.034,-0.543,0.102,0.019,-0.125,-1.205,0.638,-0.248,0.1689,1.0,1.0,0.49,0.796,2.286,0.018,track
5,1915,0.034,-0.543,0.102,0.019,-0.125,-1.205,0.638,-0.244,0.168,1.0,1.0,0.492,0.792,2.284,0.021,track
5,1916,0.033,-0.543,0.102,0.019,-0.125,-1.205,0.638,-0.244,0.168,1.0,1.0,0.492,0.792,2.284,0.014,track
5,1917,0.033,-0.543,0.102,0.019,-0.125,-1.205,0.638,-0.248,0.1689,1.0,1.0,0.49,0.796,2.286,0.014,track
5,1918,0.033,-0.543,0.102,0.019,-0.125,-1.205,0.638,-0.248,0.1689,1.0,1.0,0.49,0.796,2.286,0.016,track
5,1919,0.033,-0.543,0.102,0.019,-0.125,-1.205,0.638,-0.248,0.1689,1.0,1.0,0.49,0.796,2.286,0.015,track
5,1920,0.033,-0.543,0.102,0.019,-0.125,-1.205,0.638,-0.248,0.1689,1.0,1.0,0.49,0.796,2.286,0.013,track
5,1921,0.033,-0.543,0.103,0.019,-0.125,-1.205,0.638,-0.248,0.1689,1.0,1.0,0.49,0.796,2.286,0.012,track
5,1922,0.033,-0.543,0.103,0.019,-0.125,-1.205,0.638,-0.248,0.1689,1.0,1.0,0.49,0.796,2.286,0.011,track
5,1923,0.033,-0.544,0.103,0.019,-0.125,-1.205,0.637,-0.253,0.168,1.0,1.0,0.49,0.792,2.281,0.01,track
5,1924,0.033,-0.544,0.103,0.019,-0.125,-1.205,0.636,-0.257,0.1699,1.0,1.0,0.487,0.8,2.288,0.018,track
5,1925,0.033,-0.544,0.103,0.019,-0.125,-1.205,0.637,-0.255,0.1709,1.0,1.0,0.487,0.805,2.291,0.021,track
5,1926,0.034,-0.544,0.103,0.019,-0.125,-1.205,0.637,-0.255,0.1709,1.0,1.0,0.487,0.805,2.291,0.021,track
5,1927,0.034,-0.544,0.103,0.019,-0.125,-1.205,0.637,-0.255,0.1709,1.0,1.0,0.487,0.805,2.291,0.017,track
5,1928,0.034,-0.544,0.104,0.019,-0.125,-1.205,0.638,-0.253,0.1699,1.0,1.0,0.487,0.8,2.287,0.016,track
5,1929,0.034,-0.544,0.104,0.019,-0.125,-1.205,0.638,-0.253,0.1699,1.0,1.0,0.487,0.8,2.287,0.01,track
5,1930,0.034,-0.544,0.104,0.019,-0.125,-1.205,0.639,-0.249,0.1689,1.0,1.0,0.489,0.796,2.285,0.005,track
5,1931,0.034,-0.544,0.104,0.019,-0.125,-1.205,0.639,-0.249,0.1689,1.0,1.0,0.489,0.796,2.285,0.015,track
5,1932,0.034,-0.544,0.104,0.019,-0.125,-1.205,0.639,-0.249,0.1689,1.0,1.0,0.489,0.796,2.285,0.014,track
5,1933,0.034,-0.545,0.104,0.019,-0.125,-1.205,0.639,-0.249,0.1689,1.0,1.0,0.489,0.796,2.285,0.013,track
5,1934,0.034,-0.545,0.104,0.019,-0.125,-1.205,0.639,-0.257,0.1699,1.0,1.0,0.481,0.8,2.281,0.012,track
5,1935,0.034,-0.545,0.105,0.019,-0.125,-1.205,0.639,-0.257,0.1699,1.0,1.0,0.481,0.8,2.281,0.016,track
5,1936,0.034,-0.545,0.105,0.019,-0.125,-1.205,0.639,-0.257,0.1699,1.0,1.0,0.481,0.8,2.281,0.02,track
5,1937,0.034,-0.545,0.105,0.019,-0.125,-1.205,0.639,-0.259,0.1719,1.0,1.0,0.481,0.809,2.29,0.018,track
5,1938,0.034,-0.545,0.105,0.019,-0.125,-1.205,0.639,-0.259,0.1719,1.0,1.0,0.481,0.809,2.29,0.022,track
5,1939,0.034,-0.545,0.105,0.019,-0.125,-1.205,0.641,-0.259,0.1699,1.0,1.0,0.476,0.8,2.277,0.021,track
5,1940,0.035,-0.545,0.105,0.019,-0.125,-1.205,0.642,-0.261,0.1709,1.0,1.0,0.472,0.805,2.277,0.021,track
5,1941,0.035,-0.545,0.106,0.019,-0.125,-1.205,0.642,-0.261,0.1709,1.0,1.0,0.472,0.805,2.277,0.023,track
5,1942,0.035,-0.545,0.106,0.019,-0.125,-1.205,0.642,-0.261,0.1709,1.0,1.0,0.472,0.805,2.277,0.025,track
5,1943,0.035,-0.545,0.106,0.019,-0.125,-1.205,0.645,-0.258,0.1699,1.0,1.0,0.469,0.8,2.269,0.021,track
5,1944,0.035,-0.546,0.106,0.019,-0.125,-1.205,0.645,-0.258,0.1699,1.0,1.0,0.469,0.8,2.269,0.024,track
5,1945,0.035,-0.546,0.106,0.019,-0.125,-1.205,0.645,-0.258,0.1699,1.0,1.0,0.469,0.8,2.269,0.012,track
5,1946,0.035,-0.546,0.106,0.019,-0.125,-1.205,0.645,-0.258,0.1699,1.0,1.0,0.469,0.8,2.269,0.011,track
5,1947,0.035,-0.546,0.107,0.019,-0.125,-1.205,0.645,-0.258,0.1699,1.0,1.0,0.469,0.8,2.269,0.008,track
5,1948,0.036,-0.546,0.107,0.019,-0.125,-1.205,0.645,-0.258,0.1699,1.0,1.0,0.469,0.8,2.269,0.007,track
5,1949,0.036,-0.546,0.107,0.019,-0.125,-1.205,0.645,-0.263,0.1689,1.0,1.0,0.468,0.796,2.264,0.004,track
5,1950,0.036,-0.546,0.107,0.019,-0.125,-1.205,0.646,-0.261,0.1699,1.0,1.0,0.466,0.8,2.266,0.02,track
5,1951,0.036,-0.546,0.107,0.019,-0.125,-1.205,0.646,-0.261,0.1699,1.0,1.0,0.466,0.8,2.266,0.012,track
5,1952,0.036,-0.546,0.108,0.019,-0.125,-1.205,0.647,-0.261,0.1709,1.0,1.0,0.465,0.805,2.269,0.007,track
5,1953,0.036,-0.546,0.108,0.019,-0.125,-1.205,0.647,-0.261,0.1709,1.0,1.0,0.465,0.805,2.269,0.013,track
5,1954,0.037,-0.546,0.108,0.019,-0.125,-1.205,0.647,-0.261,0.1709,1.0,1.0,0.465,0.805,2.269,0.011,track
5,1955,0.037,-0.546,0.108,0.019,-0.125,-1.205,0.648,-0.263,0.1719,1.0,1.0,0.46,0.809,2.269,0.007,track
5,1956,0.037,-0.547,0.109,0.019,-0.125,-1.205,0.65,-0.266,0.1729,1.0,1.0,0.456,0.813,2.269,0.013,track
5,1957,0.037,-0.547,0.109,0.019,-0.125,-1.205,0.65,-0.266,0.1729,1.0,1.0,0.456,0.813,2.269,0.021,track
5,1958,0.037,-0.547,0.109,0.019,-0.125,-1.205,0.65,-0.266,0.1729,1.0,1.0,0.456,0.813,2.269,0.021,track
5,1959,0.038,-0.547,0.109,0.019,-0.125,-1.205,0.65,-0.266,0.1729,1.0,1.0,0.456,0.813,2.269,0.016,track
5,1960,0.038,-0.547,0.109,0.019,-0.125,-1.205,0.65,-0.266,0.1738,1.0,1.0,0.455,0.818,2.272,0.014,track
5,1961,0.038,-0.547,0.11,0.019,-0.125,-1.205,0.65,-0.266,0.1738,1.0,1.0,0.455,0.818,2.272,0.017,track
5,1962,0.038,-0.547,0.11,0.019,-0.125,-1.205,0.652,-0.264,0.1758,1.0,1.0,0.454,0.826,2.28,0.016,track
5,1963,0.038,-0.547,0.11,0.019,-0.125,-1.205,0.653,-0.267,0.1748,1.0,1.0,0.45,0.822,2.272,0.024,track
5,1964,0.039,-0.547,0.11,0.019,-0.125,-1.205,0.653,-0.267,0.1748,1.0,1.0,0.45,0.822,2.272,0.021,track
5,1965,0.039,-0.547,0.11,0.019,-0.125,-1.205,0.654,-0.268,0.1738,1.0,1.0,0.446,0.818,2.264,0.01,track
5,1966,0.039,-0.547,0.11,0.019,-0.125,-1.205,0.654,-0.268,0.1738,1.0,1.0,0.446,0.818,2.264,0.01,track
5,1967,0.039,-0.547,0.11,0.019,-0.125,-1.205,0.654,-0.268,0.1738,1.0,1.0,0.446,0.818,2.264,0.006,track
5,1968,0.04,-0.547,0.11,0.019,-0.125,-1.205,0.653,-0.267,0.1748,1.0,1.0,0.45,0.822,2.272,0.005,track
5,1969,0.04,-0.547,0.111,0.019,-0.125,-1.205,0.653,-0.269,0.1758,1.0,1.0,0.447,0.826,2.273,0.014,track
5,1970,0.04,-0.547,0.111,0.019,-0.125,-1.205,0.653,-0.269,0.1758,1.0,1.0,0.447,0.826,2.273,0.013,track
5,1971,0.04,-0.547,0.111,0.019,-0.125,-1.205,0.655,-0.271,0.1748,1.0,1.0,0.443,0.822,2.265,0.012,track
5,1972,0.041,-0.547,0.111,0.019,-0.125,-1.205,0.655,-0.271,0.1748,1.0,1.0,0.443,0.822,2.265,0.01,track
5,1973,0.041,-0.548,0.111,0.019,-0.125,-1.205,0.653,-0.269,0.1758,1.0,1.0,0.447,0.826,2.273,0.007,track
5,1974,0.041,-0.548,0.111,0.019,-0.125,-1.205,0.655,-0.271,0.1748,1.0,1.0,0.443,0.822,2.265,0.014,track
5,1975,0.041,-0.548,0.111,0.019,-0.125,-1.205,0.655,-0.271,0.1748,1.0,1.0,0.443,0.822,2.265,0.005,track
5,1976,0.042,-0.548,0.111,0.019,-0.125,-1.205,0.653,-0.269,0.1758,1.0,1.0,0.447,0.826,2.273,0.002,track
5,1977,0.042,-0.548,0.111,0.019,-0.125,-1.205,0.652,-0.272,0.1768,1.0,1.0,0.447,0.83,2.277,0.015,track
5,1978,0.042,-0.548,0.111,0.019,-0.125,-1.205,0.654,-0.274,0.1758,1.0,1.0,0.443,0.826,2.269,0.019,track
5,1979,0.043,-0.548,0.111,0.019,-0.125,-1.205,0.652,-0.272,0.1768,1.0,1.0,0.447,0.83,2.277,0.014,track
5,1980,0.043,-0.548,0.111,0.019,-0.125,-1.205,0.652,-0.275,0.1777,1.0,1.0,0.445,0.834,2.279,0.018,track
5,1981,0.043,-0.548,0.111,0.019,-0.125,-1.205,0.653,-0.277,0.1768,1.0,1.0,0.441,0.83,2.271,0.018,track
5,1982,0.044,-0.548,0.112,0.019,-0.125,-1.205,0.653,-0.277,0.1768,1.0,1.0,0.441,0.83,2.271,0.02,track
5,1983,0.044,-0.548,0.112,0.019,-0.125,-1.205,0.655,-0.276,0.1777,1.0,1.0,0.44,0.834,2.274,0.015,track
5,1984,0.044,-0.548,0.112,0.019,-0.125,-1.205,0.655,-0.276,0.1777,1.0,1.0,0.44,0.834,2.274,0.011,track
5,1985,0.045,-0.548,0.112,0.019,-0.125,-1.205,0.655,-0.276,0.1777,1.0,1.0,0.44,0.834,2.274,0.008,track
5,1986,0.045,-0.548,0.112,0.019,-0.125,-1.205,0.655,-0.276,0.1777,1.0,1.0,0.44,0.834,2.274,0.009,track
5,1987,0.045,-0.548,0.112,0.019,-0.125,-1.205,0.655,-0.276,0.1777,1.0,1.0,0.44,0.834,2.274,0.007,track
5,1988,0.046,-0.548,0.112,0.019,-0.125,-1.205,0.655,-0.276,0.1777,1.0,1.0,0.44,0.834,2.274,0.007,track
5,1989,0.046,-0.548,0.111,0.019,-0.125,-1.205,0.655,-0.276,0.1777,1.0,1.0,0.44,0.834,2.274,0.006,track
5,1990,0.046,-0.548,0.111,0.019,-0.125,-1.205,0.655,-0.276,0.1777,1.0,1.0,0.44,0.834,2.274,0.006,track
5,1991,0.047,-0.548,0.111,0.019,-0.125,-1.205,0.655,-0.276,0.1777,1.0,1.0,0.44,0.834,2.274,0.005,track
5,1992,0.047,-0.548,0.111,0.019,-0.125,-1.205,0.655,-0.276,0.1777,1.0,1.0,0.44,0.834,2.274,0.005,track
5,1993,0.047,-0.548,0.111,0.019,-0.125,-1.205,0.655,-0.276,0.1777,1.0,1.0,0.44,0.834,2.274,0.005,track
5,1994,0.048,-0.548,0.111,0.019,-0.125,-1.205,0.655,-0.28,0.1787,1.0,1.0,0.437,0.838,2.275,0.005,track
5,1995,0.048,-0.548,0.111,0.019,-0.125,-1.205,0.655,-0.28,0.1787,1.0,1.0,0.437,0.838,2.275,0.012,track
5,1996,0.049,-0.548,0.111,0.019,-0.125,-1.205,0.655,-0.28,0.1787,1.0,1.0,0.437,0.838,2.275,0.015,track
5,1997,0.049,-0.548,0.111,0.019,-0.125,-1.205,0.653,-0.28,0.1797,1.0,1.0,0.44,0.842,2.283,0.011,track
5,1998,0.049,-0.548,0.111,0.019,-0.125,-1.205,0.653,-0.28,0.1797,1.0,1.0,0.44,0.842,2.283,0.017,track
5,1999,0.05,-0.548,0.111,0.019,-0.125,-1.205,0.654,-0.279,0.1777,1.0,1.0,0.44,0.834,2.274,0.014,track
5,2000,0.05,-0.548,0.111,0.019,-0.125,-1.205,0.654,-0.279,0.1777,1.0,1.0,0.44,0.834,2.274,0.013,track
