episode,step,drone_x,drone_y,drone_z,target_x,target_y,dist_to_target,target_visible,centering_reward,scale_reward,target_fraction,reward,terminated_reason
1,1,0.472,-1.701,-1.715,1.43,-1.238,1.064,True,2.382,0.439,0.0117,2.857,
1,2,0.462,-1.691,-1.713,1.449,-1.25,1.081,True,2.476,0.293,0.0078,3.001,
1,3,0.452,-1.682,-1.711,1.468,-1.262,1.099,True,2.407,0.256,0.0068,2.988,
1,4,0.443,-1.672,-1.708,1.488,-1.274,1.118,True,2.426,0.22,0.0059,3.011,
1,5,0.434,-1.661,-1.706,1.507,-1.286,1.137,True,2.278,0.33,0.0088,2.989,
1,6,0.425,-1.651,-1.704,1.526,-1.298,1.156,True,2.223,0.256,0.0068,2.868,
1,7,0.417,-1.64,-1.702,1.546,-1.31,1.176,True,2.088,0.293,0.0078,2.774,
1,8,0.409,-1.63,-1.7,1.566,-1.322,1.197,True,1.983,0.33,0.0088,2.708,
1,9,0.402,-1.619,-1.698,1.586,-1.333,1.218,True,1.931,0.256,0.0068,2.583,
1,10,0.395,-1.608,-1.696,1.606,-1.345,1.239,True,1.799,0.256,0.0068,2.453,
1,11,0.388,-1.597,-1.694,1.625,-1.356,1.261,True,1.686,0.293,0.0078,2.377,
1,12,0.382,-1.586,-1.692,1.646,-1.367,1.283,True,1.587,0.366,0.0098,2.354,
1,13,0.376,-1.575,-1.691,1.666,-1.379,1.305,True,1.512,0.293,0.0078,2.207,
1,14,0.37,-1.563,-1.689,1.686,-1.39,1.328,True,1.406,0.293,0.0078,2.104,
1,15,0.364,-1.552,-1.687,1.706,-1.401,1.351,True,1.368,0.293,0.0078,2.067,
1,16,0.359,-1.541,-1.685,1.727,-1.412,1.374,True,1.262,0.33,0.0088,1.998,
1,17,0.354,-1.53,-1.683,1.748,-1.422,1.397,True,1.237,0.293,0.0078,1.937,
1,18,0.35,-1.518,-1.681,1.768,-1.433,1.421,True,1.131,0.33,0.0088,1.866,
1,19,0.345,-1.507,-1.68,1.789,-1.444,1.445,True,1.106,0.293,0.0078,1.804,
1,20,0.341,-1.496,-1.678,1.81,-1.454,1.469,True,1.085,0.256,0.0068,1.744,
1,21,0.337,-1.485,-1.676,1.831,-1.464,1.494,True,1.059,0.22,0.0059,1.678,
1,22,0.334,-1.474,-1.675,1.852,-1.474,1.518,True,1.042,0.183,0.0049,1.621,
1,23,0.33,-1.463,-1.673,1.873,-1.485,1.543,True,1.027,0.146,0.0039,1.564,
1,24,0.327,-1.452,-1.671,1.895,-1.494,1.568,True,0.994,0.11,0.0029,1.49,
1,25,0.324,-1.441,-1.67,1.916,-1.504,1.593,True,0.994,0.11,0.0029,1.484,
1,26,0.322,-1.43,-1.668,1.938,-1.514,1.618,True,0.994,0.11,0.0029,1.478,
1,27,0.319,-1.419,-1.666,1.959,-1.524,1.644,False,0.0,0.0,0.0,-0.132,
1,28,0.317,-1.408,-1.665,1.981,-1.533,1.669,False,0.0,0.0,0.0,-0.138,
1,29,0.314,-1.398,-1.663,2.003,-1.542,1.695,False,0.0,0.0,0.0,-0.145,
1,30,0.312,-1.387,-1.661,2.025,-1.551,1.72,False,0.0,0.0,0.0,-0.152,
1,31,0.31,-1.376,-1.66,2.047,-1.56,1.746,False,0.0,0.0,0.0,-0.16,
1,32,0.309,-1.366,-1.658,2.069,-1.569,1.772,False,0.0,0.0,0.0,-0.167,
1,33,0.307,-1.356,-1.657,2.091,-1.578,1.798,False,0.0,0.0,0.0,-0.174,
1,34,0.306,-1.345,-1.655,2.114,-1.586,1.824,False,0.0,0.0,0.0,-0.18,
1,35,0.304,-1.335,-1.653,2.136,-1.595,1.85,False,0.0,0.0,0.0,-0.187,
1,36,0.303,-1.325,-1.652,2.159,-1.603,1.877,False,0.0,0.0,0.0,-0.193,
1,37,0.302,-1.315,-1.65,2.182,-1.611,1.903,False,0.0,0.0,0.0,-0.199,
1,38,0.301,-1.305,-1.648,2.205,-1.619,1.929,False,0.0,0.0,0.0,-0.205,
1,39,0.3,-1.296,-1.647,2.227,-1.627,1.956,True,1.007,0.11,0.0029,1.406,
1,40,0.299,-1.286,-1.645,2.25,-1.634,1.982,True,1.007,0.11,0.0029,1.401,
1,41,0.298,-1.276,-1.643,2.274,-1.642,2.009,True,1.007,0.11,0.0029,1.396,
1,42,0.298,-1.267,-1.642,2.297,-1.649,2.035,True,1.007,0.11,0.0029,1.392,
1,43,0.297,-1.257,-1.64,2.32,-1.656,2.062,True,1.007,0.11,0.0029,1.387,
1,44,0.297,-1.248,-1.638,2.344,-1.663,2.089,True,1.007,0.11,0.0029,1.383,
1,45,0.296,-1.239,-1.636,2.367,-1.67,2.115,True,1.007,0.11,0.0029,1.379,
1,46,0.296,-1.23,-1.635,2.391,-1.676,2.142,True,1.007,0.11,0.0029,1.375,
1,47,0.296,-1.221,-1.633,2.415,-1.682,2.169,True,1.04,0.146,0.0039,1.441,
1,48,0.295,-1.212,-1.631,2.439,-1.688,2.195,True,1.04,0.146,0.0039,1.437,
1,49,0.295,-1.203,-1.629,2.463,-1.694,2.222,True,1.061,0.183,0.0049,1.491,
1,50,0.295,-1.194,-1.627,2.487,-1.7,2.249,True,1.054,0.22,0.0059,1.517,
1,51,0.295,-1.186,-1.626,2.511,-1.706,2.276,True,1.054,0.22,0.0059,1.514,
1,52,0.295,-1.177,-1.624,2.535,-1.711,2.303,True,1.054,0.22,0.0059,1.511,
1,53,0.295,-1.169,-1.622,2.559,-1.716,2.33,True,1.054,0.22,0.0059,1.507,
1,54,0.295,-1.16,-1.62,2.584,-1.721,2.356,True,1.054,0.22,0.0059,1.504,
1,55,0.295,-1.152,-1.618,2.608,-1.725,2.383,True,1.054,0.22,0.0059,1.502,
1,56,0.295,-1.144,-1.616,2.633,-1.73,2.41,True,1.049,0.256,0.0068,1.53,
1,57,0.296,-1.136,-1.615,2.658,-1.734,2.437,True,1.049,0.256,0.0068,1.528,
1,58,0.296,-1.128,-1.613,2.683,-1.738,2.464,True,1.07,0.33,0.0088,1.619,
1,59,0.296,-1.12,-1.611,2.708,-1.742,2.49,True,1.061,0.293,0.0078,1.571,
1,60,0.296,-1.112,-1.609,2.733,-1.745,2.517,True,1.07,0.33,0.0088,1.614,
1,61,0.297,-1.104,-1.607,2.758,-1.749,2.544,True,1.1,0.33,0.0088,1.642,
1,62,0.297,-1.096,-1.605,2.783,-1.752,2.571,True,1.117,0.366,0.0098,1.694,
1,63,0.297,-1.089,-1.603,2.808,-1.754,2.597,True,1.117,0.366,0.0098,1.692,
1,64,0.298,-1.081,-1.601,2.834,-1.757,2.624,True,1.129,0.33,0.0088,1.664,
1,65,0.298,-1.074,-1.599,2.859,-1.759,2.651,True,1.129,0.33,0.0088,1.662,
1,66,0.299,-1.066,-1.597,2.884,-1.761,2.677,True,1.129,0.33,0.0088,1.66,
1,67,0.299,-1.059,-1.595,2.91,-1.763,2.704,True,1.129,0.33,0.0088,1.658,
1,68,0.3,-1.052,-1.594,2.936,-1.764,2.73,True,1.129,0.33,0.0088,1.656,
1,69,0.3,-1.045,-1.592,2.961,-1.766,2.757,True,1.127,0.293,0.0078,1.616,
1,70,0.301,-1.038,-1.59,2.987,-1.767,2.783,True,1.127,0.293,0.0078,1.614,
1,71,0.301,-1.031,-1.588,3.013,-1.767,2.81,True,1.144,0.33,0.0088,1.666,
1,72,0.302,-1.024,-1.586,3.039,-1.768,2.836,True,1.144,0.33,0.0088,1.664,
1,73,0.303,-1.017,-1.584,3.065,-1.768,2.862,True,1.144,0.366,0.0098,1.699,
1,74,0.303,-1.01,-1.582,3.091,-1.768,2.889,True,1.144,0.33,0.0088,1.66,
1,75,0.304,-1.004,-1.58,3.117,-1.767,2.915,True,1.144,0.33,0.0088,1.659,
1,76,0.305,-0.997,-1.578,3.143,-1.766,2.941,True,1.144,0.366,0.0098,1.693,
1,77,0.305,-0.99,-1.576,3.169,-1.765,2.967,True,1.144,0.366,0.0098,1.692,
1,78,0.306,-0.984,-1.574,3.195,-1.764,2.993,True,1.144,0.33,0.0088,1.654,
1,79,0.307,-0.978,-1.572,3.222,-1.762,3.019,True,1.144,0.33,0.0088,1.652,
1,80,0.307,-0.971,-1.571,3.248,-1.76,3.044,True,1.144,0.366,0.0098,1.687,
1,81,0.308,-0.965,-1.569,3.274,-1.758,3.07,True,1.144,0.33,0.0088,1.649,
1,82,0.309,-0.959,-1.567,3.301,-1.755,3.096,True,1.16,0.293,0.0078,1.627,
1,83,0.31,-0.953,-1.565,3.327,-1.752,3.121,True,1.16,0.293,0.0078,1.626,
1,84,0.311,-0.947,-1.563,3.353,-1.749,3.147,True,1.158,0.33,0.0088,1.658,
1,85,0.311,-0.941,-1.561,3.38,-1.746,3.172,True,1.158,0.33,0.0088,1.657,
1,86,0.312,-0.935,-1.559,3.406,-1.742,3.197,True,1.155,0.366,0.0098,1.69,
1,87,0.313,-0.929,-1.557,3.432,-1.738,3.222,True,1.155,0.366,0.0098,1.688,
1,88,0.314,-0.923,-1.556,3.459,-1.733,3.247,True,1.155,0.366,0.0098,1.687,
1,89,0.315,-0.918,-1.554,3.485,-1.728,3.272,True,1.155,0.366,0.0098,1.685,
1,90,0.316,-0.912,-1.552,3.512,-1.723,3.297,True,1.155,0.366,0.0098,1.684,
1,91,0.317,-0.907,-1.55,3.538,-1.717,3.322,True,1.165,0.403,0.0107,1.729,
1,92,0.318,-0.901,-1.548,3.564,-1.711,3.346,True,1.186,0.439,0.0117,1.784,
1,93,0.318,-0.896,-1.547,3.591,-1.705,3.371,True,1.186,0.439,0.0117,1.783,
1,94,0.319,-0.89,-1.545,3.617,-1.698,3.395,True,1.203,0.476,0.0127,1.834,
1,95,0.32,-0.885,-1.543,3.643,-1.691,3.419,True,1.203,0.476,0.0127,1.833,
1,96,0.321,-0.88,-1.541,3.669,-1.684,3.443,True,1.207,0.439,0.0117,1.799,
1,97,0.322,-0.875,-1.54,3.696,-1.676,3.467,True,1.207,0.439,0.0117,1.797,
1,98,0.323,-0.87,-1.538,3.722,-1.668,3.491,True,1.207,0.439,0.0117,1.796,
1,99,0.324,-0.865,-1.536,3.748,-1.66,3.515,True,1.224,0.403,0.0107,1.775,
1,100,0.325,-0.86,-1.534,3.774,-1.651,3.538,True,1.228,0.33,0.0088,1.704,
1,101,0.326,-0.855,-1.533,3.8,-1.642,3.561,True,1.205,0.293,0.0078,1.643,
1,102,0.328,-0.85,-1.531,3.826,-1.632,3.584,True,1.234,0.366,0.0098,1.743,
1,103,0.329,-0.845,-1.529,3.851,-1.622,3.607,True,1.228,0.33,0.0088,1.699,
1,104,0.33,-0.841,-1.528,3.877,-1.612,3.63,True,1.205,0.293,0.0078,1.638,
1,105,0.331,-0.836,-1.526,3.903,-1.601,3.653,True,1.234,0.256,0.0068,1.628,
1,106,0.332,-0.831,-1.525,3.928,-1.59,3.675,True,1.234,0.256,0.0068,1.627,
1,107,0.333,-0.827,-1.523,3.954,-1.579,3.698,True,1.234,0.256,0.0068,1.625,
1,108,0.334,-0.822,-1.521,3.979,-1.567,3.72,True,1.234,0.256,0.0068,1.624,
1,109,0.335,-0.818,-1.52,4.004,-1.555,3.742,True,1.234,0.256,0.0068,1.622,
1,110,0.337,-0.814,-1.518,4.029,-1.542,3.764,True,1.234,0.256,0.0068,1.621,
1,111,0.338,-0.809,-1.517,4.054,-1.529,3.785,True,1.253,0.293,0.0078,1.676,
1,112,0.339,-0.805,-1.515,4.078,-1.516,3.806,True,1.271,0.33,0.0088,1.729,
1,113,0.34,-0.801,-1.514,4.103,-1.502,3.828,True,1.271,0.33,0.0088,1.727,
1,114,0.341,-0.797,-1.512,4.127,-1.488,3.849,True,1.271,0.33,0.0088,1.725,
1,115,0.343,-0.793,-1.511,4.152,-1.473,3.869,True,1.271,0.33,0.0088,1.724,
1,116,0.344,-0.789,-1.509,4.176,-1.458,3.89,True,1.271,0.33,0.0088,1.722,
1,117,0.345,-0.785,-1.508,4.2,-1.443,3.91,True,1.268,0.366,0.0098,1.753,
1,118,0.347,-0.781,-1.506,4.223,-1.427,3.93,True,1.268,0.366,0.0098,1.752,
1,119,0.348,-0.777,-1.505,4.247,-1.411,3.95,True,1.28,0.33,0.0088,1.726,
1,120,0.349,-0.773,-1.503,4.27,-1.395,3.97,True,1.28,0.33,0.0088,1.724,
1,121,0.351,-0.769,-1.502,4.293,-1.378,3.989,True,1.277,0.366,0.0098,1.755,
1,122,0.352,-0.766,-1.501,4.316,-1.361,4.008,True,1.277,0.366,0.0098,1.753,
1,123,0.353,-0.762,-1.499,4.338,-1.343,4.027,True,1.277,0.366,0.0098,1.751,
1,124,0.355,-0.758,-1.498,4.361,-1.325,4.046,True,1.277,0.366,0.0098,1.749,
1,125,0.356,-0.755,-1.496,4.383,-1.307,4.064,True,1.3,0.403,0.0107,1.807,
1,126,0.357,-0.751,-1.495,4.405,-1.288,4.083,True,1.306,0.439,0.0117,1.848,
1,127,0.359,-0.748,-1.494,4.426,-1.269,4.101,True,1.306,0.439,0.0117,1.846,
1,128,0.36,-0.744,-1.493,4.448,-1.25,4.118,True,1.306,0.439,0.0117,1.844,
1,129,0.362,-0.741,-1.491,4.469,-1.23,4.136,True,1.306,0.439,0.0117,1.842,
1,130,0.363,-0.738,-1.49,4.489,-1.21,4.153,True,1.306,0.439,0.0117,1.84,
1,131,0.365,-0.734,-1.489,4.51,-1.189,4.17,True,1.306,0.439,0.0117,1.838,
1,132,0.366,-0.731,-1.487,4.53,-1.168,4.187,True,1.306,0.439,0.0117,1.836,
1,133,0.368,-0.728,-1.486,4.55,-1.147,4.203,True,1.306,0.439,0.0117,1.835,
1,134,0.369,-0.725,-1.485,4.569,-1.125,4.219,True,1.363,0.366,0.0098,1.817,
1,135,0.371,-0.721,-1.484,4.588,-1.103,4.235,True,1.363,0.366,0.0098,1.815,
1,136,0.372,-0.718,-1.482,4.607,-1.081,4.25,True,1.379,0.33,0.0088,1.793,
1,137,0.374,-0.715,-1.481,4.625,-1.058,4.266,True,1.379,0.33,0.0088,1.791,
1,138,0.375,-0.712,-1.48,4.643,-1.035,4.28,True,1.379,0.33,0.0088,1.79,
1,139,0.377,-0.709,-1.479,4.661,-1.012,4.295,True,1.379,0.33,0.0088,1.788,
1,140,0.378,-0.706,-1.478,4.679,-0.988,4.309,True,1.379,0.33,0.0088,1.787,
1,141,0.38,-0.703,-1.476,4.696,-0.964,4.323,True,1.379,0.33,0.0088,1.785,
1,142,0.382,-0.701,-1.475,4.712,-0.94,4.337,True,1.379,0.33,0.0088,1.784,
1,143,0.383,-0.698,-1.474,4.728,-0.915,4.351,True,1.379,0.33,0.0088,1.782,
1,144,0.385,-0.695,-1.473,4.744,-0.89,4.364,True,1.379,0.33,0.0088,1.781,
1,145,0.386,-0.692,-1.472,4.759,-0.865,4.376,True,1.379,0.33,0.0088,1.779,
1,146,0.388,-0.69,-1.471,4.774,-0.84,4.389,True,1.379,0.33,0.0088,1.778,
1,147,0.39,-0.687,-1.47,4.789,-0.814,4.401,True,1.387,0.33,0.0088,1.785,
1,148,0.391,-0.684,-1.468,4.803,-0.788,4.413,True,1.406,0.293,0.0078,1.766,
1,149,0.393,-0.682,-1.467,4.817,-0.762,4.424,True,1.406,0.293,0.0078,1.764,
1,150,0.395,-0.679,-1.466,4.83,-0.735,4.435,True,1.406,0.293,0.0078,1.763,
1,151,0.396,-0.677,-1.465,4.843,-0.708,4.446,True,1.406,0.293,0.0078,1.762,
1,152,0.398,-0.674,-1.464,4.855,-0.681,4.457,True,1.406,0.293,0.0078,1.761,
1,153,0.4,-0.672,-1.463,4.867,-0.654,4.467,True,1.406,0.293,0.0078,1.76,
1,154,0.402,-0.669,-1.462,4.878,-0.627,4.477,True,1.399,0.33,0.0088,1.788,
1,155,0.403,-0.667,-1.461,4.889,-0.599,4.486,True,1.399,0.33,0.0088,1.787,
1,156,0.405,-0.664,-1.46,4.899,-0.571,4.495,True,1.399,0.33,0.0088,1.786,
1,157,0.407,-0.662,-1.459,4.909,-0.543,4.504,True,1.399,0.33,0.0088,1.785,
1,158,0.409,-0.66,-1.458,4.919,-0.515,4.512,True,1.399,0.33,0.0088,1.783,
1,159,0.411,-0.657,-1.457,4.928,-0.486,4.52,True,1.399,0.33,0.0088,1.782,
1,160,0.412,-0.655,-1.456,4.936,-0.457,4.528,True,1.424,0.366,0.0098,1.843,
1,161,0.414,-0.653,-1.455,4.944,-0.429,4.535,True,1.424,0.366,0.0098,1.842,
1,162,0.416,-0.651,-1.454,4.951,-0.4,4.542,True,1.414,0.293,0.0078,1.757,
1,163,0.418,-0.649,-1.453,4.958,-0.371,4.549,True,1.414,0.293,0.0078,1.756,
1,164,0.42,-0.646,-1.452,4.965,-0.341,4.555,True,1.44,0.33,0.0088,1.818,
1,165,0.422,-0.644,-1.451,4.971,-0.312,4.561,True,1.44,0.33,0.0088,1.817,
1,166,0.423,-0.642,-1.45,4.976,-0.282,4.567,True,1.452,0.293,0.0078,1.792,
1,167,0.425,-0.64,-1.449,4.981,-0.253,4.572,True,1.452,0.293,0.0078,1.791,
1,168,0.427,-0.638,-1.448,4.985,-0.223,4.577,True,1.437,0.33,0.0088,1.811,
1,169,0.429,-0.636,-1.448,4.989,-0.193,4.581,True,1.437,0.33,0.0088,1.81,
1,170,0.431,-0.634,-1.447,4.992,-0.164,4.585,True,1.437,0.33,0.0088,1.809,
1,171,0.433,-0.632,-1.446,4.995,-0.134,4.589,True,1.437,0.33,0.0088,1.808,
1,172,0.435,-0.63,-1.445,4.997,-0.104,4.592,True,1.459,0.293,0.0078,1.793,
1,173,0.437,-0.628,-1.444,4.998,-0.074,4.595,True,1.437,0.33,0.0088,1.807,
1,174,0.439,-0.626,-1.443,4.999,-0.044,4.598,True,1.459,0.293,0.0078,1.792,
1,175,0.44,-0.625,-1.442,5.0,-0.014,4.6,True,1.459,0.293,0.0078,1.791,
1,176,0.442,-0.623,-1.441,5.0,0.016,4.602,True,1.459,0.293,0.0078,1.79,
1,177,0.444,-0.621,-1.441,4.999,0.046,4.604,True,1.459,0.293,0.0078,1.789,
1,178,0.446,-0.619,-1.44,4.998,0.076,4.605,True,1.459,0.293,0.0078,1.788,
1,179,0.448,-0.617,-1.439,4.997,0.106,4.606,True,1.477,0.33,0.0088,1.842,
1,180,0.45,-0.616,-1.438,4.994,0.136,4.606,True,1.477,0.33,0.0088,1.841,
1,181,0.452,-0.614,-1.437,4.992,0.166,4.606,True,1.498,0.293,0.0078,1.825,
1,182,0.454,-0.612,-1.437,4.988,0.196,4.606,True,1.498,0.293,0.0078,1.825,
1,183,0.456,-0.61,-1.436,4.985,0.225,4.605,True,1.498,0.293,0.0078,1.824,
1,184,0.458,-0.609,-1.435,4.98,0.255,4.604,True,1.498,0.293,0.0078,1.823,
1,185,0.46,-0.607,-1.434,4.976,0.284,4.603,True,1.498,0.293,0.0078,1.822,
1,186,0.462,-0.605,-1.434,4.97,0.314,4.601,True,1.498,0.293,0.0078,1.822,
1,187,0.464,-0.604,-1.433,4.964,0.343,4.599,True,1.518,0.33,0.0088,1.877,
1,188,0.466,-0.602,-1.432,4.958,0.373,4.597,True,1.518,0.33,0.0088,1.876,
1,189,0.468,-0.601,-1.431,4.951,0.402,4.594,True,1.518,0.33,0.0088,1.876,
1,190,0.47,-0.599,-1.431,4.944,0.431,4.591,True,1.51,0.366,0.0098,1.904,
1,191,0.472,-0.598,-1.43,4.936,0.459,4.587,True,1.51,0.366,0.0098,1.903,
1,192,0.474,-0.596,-1.429,4.927,0.488,4.583,True,1.51,0.366,0.0098,1.903,
1,193,0.476,-0.595,-1.429,4.918,0.516,4.579,True,1.51,0.366,0.0098,1.902,
1,194,0.478,-0.593,-1.428,4.909,0.545,4.575,True,1.51,0.366,0.0098,1.902,
1,195,0.48,-0.592,-1.427,4.899,0.573,4.57,True,1.52,0.33,0.0088,1.875,
1,196,0.482,-0.59,-1.427,4.888,0.601,4.565,True,1.52,0.33,0.0088,1.874,
1,197,0.484,-0.589,-1.426,4.877,0.628,4.559,True,1.52,0.33,0.0088,1.874,
1,198,0.485,-0.587,-1.426,4.866,0.656,4.554,True,1.52,0.33,0.0088,1.873,
1,199,0.487,-0.586,-1.425,4.854,0.683,4.547,True,1.52,0.33,0.0088,1.873,
1,200,0.489,-0.585,-1.424,4.842,0.71,4.541,True,1.52,0.33,0.0088,1.872,
1,201,0.491,-0.583,-1.424,4.829,0.737,4.534,True,1.52,0.33,0.0088,1.871,
1,202,0.493,-0.582,-1.423,4.816,0.763,4.527,True,1.52,0.33,0.0088,1.871,
1,203,0.495,-0.581,-1.423,4.802,0.79,4.52,True,1.514,0.366,0.0098,1.901,
1,204,0.497,-0.579,-1.422,4.788,0.816,4.512,True,1.514,0.366,0.0098,1.901,
1,205,0.499,-0.578,-1.421,4.773,0.841,4.504,True,1.514,0.366,0.0098,1.9,
1,206,0.501,-0.577,-1.421,4.758,0.867,4.495,True,1.514,0.366,0.0098,1.9,
1,207,0.503,-0.576,-1.42,4.743,0.892,4.487,True,1.514,0.366,0.0098,1.899,
1,208,0.505,-0.574,-1.42,4.727,0.917,4.478,True,1.514,0.366,0.0098,1.899,
1,209,0.507,-0.573,-1.419,4.711,0.941,4.469,True,1.514,0.366,0.0098,1.898,
1,210,0.509,-0.572,-1.419,4.694,0.966,4.459,True,1.514,0.366,0.0098,1.898,
1,211,0.511,-0.571,-1.418,4.677,0.99,4.449,True,1.514,0.366,0.0098,1.898,
1,212,0.513,-0.57,-1.418,4.66,1.013,4.439,True,1.538,0.403,0.0107,1.958,
1,213,0.515,-0.568,-1.417,4.642,1.037,4.429,True,1.538,0.403,0.0107,1.957,
1,214,0.516,-0.567,-1.417,4.624,1.06,4.418,True,1.538,0.403,0.0107,1.957,
1,215,0.518,-0.566,-1.416,4.606,1.082,4.407,True,1.538,0.403,0.0107,1.957,
1,216,0.52,-0.565,-1.416,4.587,1.105,4.396,True,1.514,0.366,0.0098,1.896,
1,217,0.522,-0.564,-1.416,4.568,1.127,4.385,True,1.514,0.366,0.0098,1.895,
1,218,0.524,-0.563,-1.415,4.548,1.148,4.373,True,1.514,0.366,0.0098,1.895,
1,219,0.526,-0.562,-1.415,4.528,1.169,4.361,True,1.514,0.366,0.0098,1.895,
1,220,0.528,-0.561,-1.414,4.508,1.19,4.349,True,1.514,0.366,0.0098,1.895,
1,221,0.53,-0.56,-1.414,4.488,1.211,4.336,True,1.514,0.366,0.0098,1.894,
1,222,0.531,-0.558,-1.413,4.467,1.231,4.323,True,1.514,0.366,0.0098,1.894,
1,223,0.533,-0.557,-1.413,4.446,1.251,4.311,True,1.514,0.366,0.0098,1.894,
1,224,0.535,-0.556,-1.413,4.425,1.27,4.297,True,1.514,0.366,0.0098,1.893,
1,225,0.537,-0.555,-1.412,4.403,1.289,4.284,True,1.514,0.366,0.0098,1.893,
1,226,0.539,-0.554,-1.412,4.381,1.308,4.27,True,1.514,0.366,0.0098,1.893,
1,227,0.54,-0.553,-1.412,4.359,1.327,4.256,True,1.538,0.403,0.0107,1.953,
1,228,0.542,-0.553,-1.411,4.337,1.344,4.242,True,1.542,0.439,0.0117,1.994,
1,229,0.544,-0.552,-1.411,4.314,1.362,4.228,True,1.542,0.439,0.0117,1.993,
1,230,0.546,-0.551,-1.411,4.291,1.379,4.214,True,1.542,0.439,0.0117,1.993,
1,231,0.548,-0.55,-1.41,4.268,1.396,4.199,True,1.542,0.439,0.0117,1.993,
1,232,0.549,-0.549,-1.41,4.245,1.413,4.184,True,1.542,0.439,0.0117,1.993,
1,233,0.551,-0.548,-1.41,4.222,1.429,4.169,True,1.542,0.439,0.0117,1.993,
1,234,0.553,-0.547,-1.409,4.198,1.444,4.154,True,1.542,0.439,0.0117,1.993,
1,235,0.555,-0.546,-1.409,4.174,1.459,4.138,True,1.542,0.439,0.0117,1.992,
1,236,0.556,-0.545,-1.409,4.15,1.474,4.122,True,1.559,0.403,0.0107,1.972,
1,237,0.558,-0.544,-1.409,4.126,1.489,4.107,True,1.559,0.403,0.0107,1.972,
1,238,0.56,-0.544,-1.408,4.101,1.503,4.09,True,1.559,0.403,0.0107,1.972,
1,239,0.561,-0.543,-1.408,4.077,1.517,4.074,True,1.559,0.403,0.0107,1.972,
1,240,0.563,-0.542,-1.408,4.052,1.53,4.058,True,1.559,0.403,0.0107,1.972,
1,241,0.565,-0.541,-1.408,4.027,1.543,4.041,True,1.559,0.403,0.0107,1.972,
1,242,0.566,-0.54,-1.407,4.002,1.556,4.025,True,1.559,0.403,0.0107,1.972,
1,243,0.568,-0.54,-1.407,3.977,1.568,4.008,True,1.559,0.403,0.0107,1.972,
1,244,0.57,-0.539,-1.407,3.952,1.58,3.991,True,1.559,0.403,0.0107,1.972,
1,245,0.571,-0.538,-1.407,3.926,1.591,3.974,True,1.559,0.403,0.0107,1.972,
1,246,0.573,-0.537,-1.407,3.901,1.602,3.956,True,1.559,0.403,0.0107,1.971,
1,247,0.574,-0.537,-1.407,3.875,1.613,3.939,True,1.559,0.403,0.0107,1.971,
1,248,0.576,-0.536,-1.406,3.85,1.623,3.921,True,1.559,0.403,0.0107,1.971,
1,249,0.578,-0.535,-1.406,3.824,1.633,3.904,True,1.559,0.403,0.0107,1.971,
1,250,0.579,-0.535,-1.406,3.798,1.642,3.886,True,1.559,0.403,0.0107,1.971,
1,251,0.581,-0.534,-1.406,3.772,1.652,3.868,True,1.559,0.403,0.0107,1.971,
1,252,0.582,-0.533,-1.406,3.746,1.66,3.85,True,1.559,0.403,0.0107,1.971,
1,253,0.584,-0.533,-1.406,3.72,1.669,3.832,True,1.559,0.403,0.0107,1.971,
1,254,0.585,-0.532,-1.406,3.694,1.677,3.813,True,1.575,0.366,0.0098,1.951,
1,255,0.587,-0.531,-1.405,3.668,1.685,3.795,True,1.575,0.366,0.0098,1.951,
1,256,0.588,-0.531,-1.405,3.641,1.692,3.776,True,1.575,0.366,0.0098,1.951,
1,257,0.59,-0.53,-1.405,3.615,1.699,3.758,True,1.577,0.33,0.0088,1.916,
1,258,0.591,-0.529,-1.405,3.589,1.705,3.739,True,1.594,0.366,0.0098,1.969,
1,259,0.593,-0.529,-1.405,3.563,1.712,3.72,True,1.594,0.366,0.0098,1.969,
1,260,0.594,-0.528,-1.405,3.536,1.718,3.701,True,1.594,0.366,0.0098,1.969,
1,261,0.596,-0.528,-1.405,3.51,1.723,3.682,True,1.594,0.366,0.0098,1.969,
1,262,0.597,-0.527,-1.405,3.483,1.728,3.663,True,1.594,0.366,0.0098,1.969,
1,263,0.598,-0.527,-1.405,3.457,1.733,3.644,True,1.594,0.366,0.0098,1.969,
1,264,0.6,-0.526,-1.405,3.431,1.738,3.625,True,1.594,0.366,0.0098,1.969,
1,265,0.601,-0.526,-1.405,3.404,1.742,3.605,True,1.594,0.366,0.0098,1.969,
1,266,0.603,-0.525,-1.405,3.378,1.746,3.586,True,1.594,0.366,0.0098,1.969,
1,267,0.604,-0.525,-1.405,3.351,1.749,3.567,True,1.594,0.366,0.0098,1.968,
1,268,0.605,-0.524,-1.405,3.325,1.753,3.547,True,1.594,0.366,0.0098,1.968,
1,269,0.607,-0.524,-1.405,3.299,1.756,3.527,True,1.594,0.366,0.0098,1.968,
1,270,0.608,-0.523,-1.405,3.272,1.758,3.508,True,1.594,0.366,0.0098,1.968,
1,271,0.609,-0.523,-1.405,3.246,1.76,3.488,True,1.591,0.403,0.0107,2.001,
1,272,0.611,-0.522,-1.405,3.22,1.762,3.468,True,1.594,0.366,0.0098,1.968,
1,273,0.612,-0.522,-1.405,3.194,1.764,3.448,True,1.594,0.366,0.0098,1.968,
1,274,0.613,-0.521,-1.405,3.167,1.765,3.428,True,1.594,0.366,0.0098,1.968,
1,275,0.614,-0.521,-1.405,3.141,1.766,3.408,True,1.594,0.366,0.0098,1.968,
1,276,0.616,-0.52,-1.405,3.115,1.767,3.388,True,1.594,0.366,0.0098,1.967,
1,277,0.617,-0.52,-1.405,3.089,1.768,3.368,True,1.594,0.366,0.0098,1.967,
1,278,0.618,-0.52,-1.405,3.063,1.768,3.348,True,1.594,0.366,0.0098,1.967,
1,279,0.619,-0.519,-1.405,3.037,1.768,3.328,True,1.594,0.366,0.0098,1.967,
1,280,0.62,-0.519,-1.405,3.011,1.767,3.308,True,1.594,0.366,0.0098,1.967,
1,281,0.622,-0.519,-1.405,2.985,1.767,3.288,True,1.594,0.366,0.0098,1.967,
1,282,0.623,-0.518,-1.405,2.96,1.766,3.268,True,1.594,0.366,0.0098,1.966,
1,283,0.624,-0.518,-1.405,2.934,1.764,3.247,True,1.594,0.366,0.0098,1.966,
1,284,0.625,-0.518,-1.405,2.908,1.763,3.227,True,1.594,0.366,0.0098,1.966,
1,285,0.626,-0.517,-1.405,2.883,1.761,3.207,True,1.594,0.366,0.0098,1.966,
1,286,0.627,-0.517,-1.405,2.857,1.759,3.186,True,1.594,0.366,0.0098,1.966,
1,287,0.628,-0.517,-1.405,2.832,1.757,3.166,True,1.594,0.366,0.0098,1.966,
1,288,0.629,-0.516,-1.405,2.806,1.754,3.145,True,1.594,0.366,0.0098,1.965,
1,289,0.631,-0.516,-1.405,2.781,1.751,3.125,True,1.594,0.366,0.0098,1.965,
1,290,0.632,-0.516,-1.406,2.756,1.748,3.105,True,1.61,0.33,0.0088,1.944,
1,291,0.633,-0.515,-1.406,2.731,1.745,3.084,True,1.61,0.33,0.0088,1.944,
1,292,0.634,-0.515,-1.406,2.706,1.742,3.064,True,1.61,0.33,0.0088,1.944,
1,293,0.635,-0.515,-1.406,2.681,1.738,3.043,True,1.61,0.33,0.0088,1.944,
1,294,0.636,-0.515,-1.406,2.656,1.734,3.023,True,1.61,0.33,0.0088,1.944,
1,295,0.637,-0.514,-1.406,2.631,1.73,3.002,True,1.61,0.33,0.0088,1.943,
1,296,0.638,-0.514,-1.406,2.607,1.725,2.982,True,1.61,0.33,0.0088,1.943,
1,297,0.639,-0.514,-1.406,2.582,1.72,2.961,True,1.61,0.33,0.0088,1.943,
1,298,0.64,-0.514,-1.407,2.558,1.716,2.941,True,1.61,0.33,0.0088,1.943,
1,299,0.641,-0.513,-1.407,2.533,1.71,2.92,True,1.61,0.33,0.0088,1.943,
1,300,0.642,-0.513,-1.407,2.509,1.705,2.9,True,1.633,0.293,0.0078,1.93,
1,301,0.643,-0.513,-1.407,2.485,1.7,2.879,True,1.633,0.293,0.0078,1.929,
1,302,0.644,-0.513,-1.407,2.461,1.694,2.859,True,1.633,0.293,0.0078,1.929,
1,303,0.645,-0.513,-1.407,2.437,1.688,2.838,True,1.633,0.293,0.0078,1.929,
1,304,0.645,-0.513,-1.407,2.413,1.682,2.818,True,1.633,0.293,0.0078,1.929,
1,305,0.646,-0.512,-1.408,2.389,1.676,2.797,True,1.633,0.293,0.0078,1.929,
1,306,0.647,-0.512,-1.408,2.366,1.669,2.777,True,1.633,0.293,0.0078,1.929,
1,307,0.648,-0.512,-1.408,2.342,1.662,2.756,True,1.633,0.293,0.0078,1.929,
1,308,0.649,-0.512,-1.408,2.319,1.656,2.736,True,1.633,0.293,0.0078,1.928,
1,309,0.65,-0.512,-1.408,2.295,1.648,2.716,True,1.633,0.293,0.0078,1.928,
1,310,0.651,-0.512,-1.409,2.272,1.641,2.695,True,1.633,0.293,0.0078,1.928,
1,311,0.652,-0.512,-1.409,2.249,1.634,2.675,True,1.633,0.293,0.0078,1.928,
1,312,0.652,-0.511,-1.409,2.226,1.626,2.654,True,1.633,0.293,0.0078,1.928,
1,313,0.653,-0.511,-1.409,2.203,1.618,2.634,True,1.633,0.293,0.0078,1.927,
1,314,0.654,-0.511,-1.409,2.18,1.611,2.614,True,1.633,0.293,0.0078,1.927,
1,315,0.655,-0.511,-1.41,2.157,1.602,2.593,True,1.633,0.293,0.0078,1.927,
1,316,0.656,-0.511,-1.41,2.135,1.594,2.573,True,1.633,0.293,0.0078,1.927,
1,317,0.656,-0.511,-1.41,2.112,1.586,2.553,True,1.633,0.293,0.0078,1.927,
1,318,0.657,-0.511,-1.41,2.09,1.577,2.532,True,1.633,0.293,0.0078,1.926,
1,319,0.658,-0.511,-1.41,2.068,1.569,2.512,True,1.633,0.293,0.0078,1.926,
1,320,0.659,-0.511,-1.411,2.045,1.56,2.492,True,1.633,0.293,0.0078,1.926,
1,321,0.66,-0.511,-1.411,2.023,1.551,2.472,True,1.633,0.293,0.0078,1.926,
1,322,0.66,-0.511,-1.411,2.001,1.542,2.452,True,1.633,0.293,0.0078,1.925,
1,323,0.661,-0.51,-1.411,1.98,1.532,2.431,True,1.633,0.293,0.0078,1.925,
1,324,0.662,-0.51,-1.411,1.958,1.523,2.411,True,1.633,0.293,0.0078,1.925,
1,325,0.662,-0.51,-1.412,1.936,1.513,2.391,True,1.633,0.293,0.0078,1.925,
1,326,0.663,-0.51,-1.412,1.915,1.504,2.371,True,1.633,0.293,0.0078,1.924,
1,327,0.664,-0.51,-1.412,1.893,1.494,2.351,True,1.633,0.293,0.0078,1.924,
1,328,0.665,-0.51,-1.412,1.872,1.484,2.331,True,1.633,0.293,0.0078,1.924,
1,329,0.665,-0.51,-1.413,1.851,1.474,2.311,True,1.633,0.293,0.0078,1.924,
1,330,0.666,-0.51,-1.413,1.83,1.464,2.291,True,1.633,0.293,0.0078,1.924,
1,331,0.667,-0.51,-1.413,1.809,1.453,2.271,True,1.633,0.293,0.0078,1.923,
1,332,0.667,-0.51,-1.413,1.788,1.443,2.252,True,1.633,0.293,0.0078,1.923,
1,333,0.668,-0.51,-1.414,1.767,1.432,2.232,True,1.633,0.293,0.0078,1.923,
1,334,0.669,-0.51,-1.414,1.746,1.422,2.212,True,1.633,0.293,0.0078,1.923,
1,335,0.669,-0.51,-1.414,1.726,1.411,2.192,True,1.633,0.293,0.0078,1.923,
1,336,0.67,-0.51,-1.414,1.705,1.4,2.173,True,1.633,0.293,0.0078,1.922,
1,337,0.671,-0.51,-1.415,1.685,1.389,2.153,True,1.624,0.33,0.0088,1.949,
1,338,0.671,-0.51,-1.415,1.664,1.378,2.133,True,1.624,0.33,0.0088,1.949,
1,339,0.672,-0.51,-1.415,1.644,1.367,2.114,True,1.624,0.33,0.0088,1.949,
1,340,0.672,-0.51,-1.415,1.624,1.355,2.094,True,1.624,0.33,0.0088,1.949,
1,341,0.673,-0.51,-1.416,1.604,1.344,2.075,True,1.624,0.33,0.0088,1.949,
1,342,0.674,-0.51,-1.416,1.584,1.332,2.056,True,1.624,0.33,0.0088,1.949,
1,343,0.674,-0.51,-1.416,1.564,1.321,2.036,True,1.624,0.33,0.0088,1.948,
1,344,0.675,-0.51,-1.416,1.545,1.309,2.017,True,1.624,0.33,0.0088,1.948,
1,345,0.675,-0.511,-1.417,1.525,1.297,1.998,True,1.624,0.33,0.0088,1.948,
1,346,0.676,-0.511,-1.417,1.506,1.285,1.978,True,1.624,0.33,0.0088,1.948,
1,347,0.677,-0.511,-1.417,1.486,1.274,1.959,True,1.624,0.33,0.0088,1.948,
1,348,0.677,-0.511,-1.418,1.467,1.261,1.94,True,1.624,0.33,0.0088,1.948,
1,349,0.678,-0.511,-1.418,1.448,1.249,1.921,True,1.624,0.33,0.0088,1.948,
1,350,0.678,-0.511,-1.418,1.429,1.237,1.902,True,1.624,0.33,0.0088,1.947,
1,351,0.679,-0.511,-1.418,1.41,1.225,1.883,True,1.624,0.33,0.0088,1.947,
1,352,0.679,-0.511,-1.419,1.391,1.213,1.864,True,1.624,0.33,0.0088,1.947,
1,353,0.68,-0.511,-1.419,1.372,1.2,1.846,True,1.624,0.33,0.0088,1.947,
1,354,0.68,-0.511,-1.419,1.353,1.188,1.827,True,1.624,0.33,0.0088,1.947,
1,355,0.681,-0.511,-1.419,1.334,1.175,1.808,True,1.624,0.33,0.0088,1.947,
1,356,0.681,-0.511,-1.42,1.316,1.162,1.79,True,1.624,0.33,0.0088,1.947,
1,357,0.682,-0.511,-1.42,1.297,1.15,1.771,True,1.624,0.33,0.0088,1.947,
1,358,0.682,-0.511,-1.42,1.279,1.137,1.753,True,1.624,0.33,0.0088,1.947,
1,359,0.683,-0.511,-1.421,1.26,1.124,1.734,True,1.624,0.33,0.0088,1.947,
1,360,0.683,-0.512,-1.421,1.242,1.111,1.716,True,1.624,0.33,0.0088,1.946,
1,361,0.684,-0.512,-1.421,1.224,1.098,1.698,True,1.624,0.33,0.0088,1.946,
1,362,0.684,-0.512,-1.422,1.206,1.085,1.68,True,1.624,0.33,0.0088,1.946,
1,363,0.685,-0.512,-1.422,1.188,1.072,1.662,True,1.624,0.33,0.0088,1.946,
1,364,0.685,-0.512,-1.422,1.17,1.059,1.644,True,1.624,0.33,0.0088,1.946,
1,365,0.686,-0.512,-1.422,1.152,1.045,1.626,True,1.96,0.439,0.0117,2.393,
1,366,0.686,-0.512,-1.423,1.134,1.032,1.608,True,1.983,0.806,0.0215,2.781,
1,367,0.687,-0.512,-1.423,1.117,1.019,1.59,True,1.668,1.318,0.0352,2.979,
1,368,0.687,-0.512,-1.423,1.099,1.005,1.573,True,1.59,1.611,0.043,3.194,
1,369,0.688,-0.512,-1.424,1.081,0.992,1.555,True,1.591,1.758,0.0469,3.342,
1,370,0.688,-0.513,-1.424,1.064,0.978,1.538,True,1.656,1.648,0.0439,3.296,
1,371,0.689,-0.513,-1.424,1.046,0.965,1.52,True,1.737,1.538,0.041,3.267,
1,372,0.689,-0.513,-1.425,1.029,0.951,1.503,True,1.789,1.355,0.0361,3.136,
1,373,0.689,-0.513,-1.425,1.012,0.938,1.486,True,1.806,1.355,0.0361,3.153,
1,374,0.69,-0.513,-1.425,0.995,0.924,1.469,True,1.883,1.135,0.0303,3.01,
1,375,0.69,-0.513,-1.425,0.978,0.91,1.452,True,1.966,1.025,0.0273,2.984,
1,376,0.691,-0.513,-1.426,0.96,0.896,1.435,True,1.946,0.989,0.0264,2.927,
1,377,0.691,-0.513,-1.426,0.943,0.882,1.418,True,1.999,0.696,0.0186,2.687,
1,378,0.692,-0.514,-1.426,0.927,0.869,1.402,True,1.976,0.513,0.0137,2.481,
1,379,0.692,-0.514,-1.427,0.91,0.855,1.385,True,1.745,0.476,0.0127,2.213,
1,380,0.692,-0.514,-1.427,0.893,0.841,1.369,True,1.678,0.403,0.0107,2.073,
1,381,0.693,-0.514,-1.427,0.876,0.827,1.353,True,1.643,0.366,0.0098,2.001,
1,382,0.693,-0.514,-1.428,0.859,0.813,1.337,True,1.643,0.366,0.0098,2.001,
1,383,0.693,-0.514,-1.428,0.843,0.799,1.321,True,1.643,0.366,0.0098,2.001,
1,384,0.694,-0.514,-1.428,0.826,0.784,1.305,True,1.643,0.366,0.0098,2.001,
1,385,0.694,-0.514,-1.429,0.81,0.77,1.29,True,1.643,0.366,0.0098,2.001,
1,386,0.695,-0.515,-1.429,0.793,0.756,1.274,True,1.643,0.366,0.0098,2.001,
1,387,0.695,-0.515,-1.429,0.777,0.742,1.259,True,1.643,0.366,0.0098,2.001,
1,388,0.695,-0.515,-1.429,0.761,0.728,1.244,True,1.643,0.366,0.0098,2.001,
1,389,0.696,-0.515,-1.43,0.744,0.713,1.229,True,1.643,0.366,0.0098,2.001,
1,390,0.696,-0.515,-1.43,0.728,0.699,1.214,True,1.643,0.366,0.0098,2.001,
1,391,0.696,-0.515,-1.43,0.712,0.685,1.2,True,1.643,0.366,0.0098,2.001,
1,392,0.697,-0.515,-1.431,0.696,0.67,1.186,True,1.643,0.366,0.0098,2.001,
1,393,0.697,-0.516,-1.431,0.68,0.656,1.171,True,1.643,0.366,0.0098,2.001,
1,394,0.697,-0.516,-1.431,0.664,0.641,1.157,True,1.643,0.366,0.0098,2.001,
1,395,0.698,-0.516,-1.432,0.648,0.627,1.144,True,1.643,0.366,0.0098,2.002,
1,396,0.698,-0.516,-1.432,0.632,0.612,1.13,True,1.643,0.366,0.0098,2.002,
1,397,0.698,-0.516,-1.432,0.616,0.598,1.117,True,1.643,0.366,0.0098,2.002,
1,398,0.699,-0.516,-1.433,0.6,0.583,1.104,True,1.643,0.366,0.0098,2.002,
1,399,0.699,-0.516,-1.433,0.584,0.569,1.091,True,1.643,0.366,0.0098,2.002,
1,400,0.699,-0.517,-1.433,0.568,0.554,1.079,True,1.643,0.366,0.0098,2.002,
1,401,0.7,-0.517,-1.434,0.553,0.54,1.066,True,1.643,0.366,0.0098,2.002,
1,402,0.7,-0.517,-1.434,0.537,0.525,1.054,True,1.643,0.366,0.0098,2.002,
1,403,0.7,-0.517,-1.434,0.521,0.51,1.043,True,1.643,0.366,0.0098,2.002,
1,404,0.7,-0.517,-1.435,0.506,0.496,1.031,True,1.643,0.366,0.0098,2.002,
1,405,0.701,-0.517,-1.435,0.49,0.481,1.02,True,1.643,0.366,0.0098,2.002,
1,406,0.701,-0.517,-1.435,0.474,0.466,1.009,True,1.643,0.366,0.0098,2.002,
1,407,0.701,-0.518,-1.436,0.459,0.451,0.999,True,1.643,0.366,0.0098,2.002,
1,408,0.701,-0.518,-1.436,0.443,0.437,0.989,True,1.643,0.366,0.0098,2.002,
1,409,0.702,-0.518,-1.436,0.428,0.422,0.979,True,1.643,0.366,0.0098,2.002,
1,410,0.702,-0.518,-1.436,0.413,0.407,0.969,True,1.643,0.366,0.0098,2.002,
1,411,0.702,-0.518,-1.437,0.397,0.392,0.96,True,1.643,0.366,0.0098,2.002,
1,412,0.703,-0.518,-1.437,0.382,0.378,0.951,True,1.643,0.366,0.0098,2.002,
1,413,0.703,-0.518,-1.437,0.367,0.363,0.943,True,1.643,0.366,0.0098,2.002,
1,414,0.703,-0.519,-1.438,0.351,0.348,0.935,True,1.643,0.366,0.0098,2.002,
1,415,0.703,-0.519,-1.438,0.336,0.333,0.928,True,1.643,0.366,0.0098,2.002,
1,416,0.703,-0.519,-1.438,0.321,0.318,0.92,True,1.643,0.366,0.0098,2.002,
1,417,0.704,-0.519,-1.439,0.305,0.303,0.914,True,1.643,0.366,0.0098,2.002,
1,418,0.704,-0.519,-1.439,0.29,0.288,0.907,True,1.643,0.366,0.0098,2.002,
1,419,0.704,-0.519,-1.439,0.275,0.273,0.901,True,1.643,0.366,0.0098,2.002,
1,420,0.704,-0.52,-1.44,0.26,0.259,0.896,True,1.667,0.403,0.0107,2.063,
1,421,0.705,-0.52,-1.44,0.245,0.244,0.891,True,1.667,0.403,0.0107,2.063,
1,422,0.705,-0.52,-1.44,0.23,0.229,0.887,True,1.667,0.403,0.0107,2.063,
1,423,0.705,-0.52,-1.441,0.214,0.214,0.883,True,1.667,0.403,0.0107,2.063,
1,424,0.705,-0.52,-1.441,0.199,0.199,0.879,True,1.667,0.403,0.0107,2.063,
1,425,0.705,-0.52,-1.441,0.184,0.184,0.876,True,1.667,0.403,0.0107,2.063,
1,426,0.706,-0.52,-1.442,0.169,0.169,0.873,True,1.667,0.403,0.0107,2.063,
1,427,0.706,-0.521,-1.442,0.154,0.154,0.871,True,1.667,0.403,0.0107,2.063,
1,428,0.706,-0.521,-1.442,0.139,0.139,0.87,True,1.667,0.403,0.0107,2.063,
1,429,0.706,-0.521,-1.442,0.124,0.124,0.869,True,1.667,0.403,0.0107,2.063,
1,430,0.706,-0.521,-1.443,0.109,0.109,0.868,True,1.667,0.403,0.0107,2.063,
1,431,0.706,-0.521,-1.443,0.094,0.094,0.868,True,1.667,0.403,0.0107,2.063,
1,432,0.707,-0.521,-1.443,0.079,0.079,0.869,True,1.667,0.403,0.0107,2.063,
1,433,0.707,-0.522,-1.444,0.064,0.064,0.869,True,1.667,0.403,0.0107,2.063,
1,434,0.707,-0.522,-1.444,0.049,0.049,0.871,True,1.667,0.403,0.0107,2.063,
1,435,0.707,-0.522,-1.444,0.034,0.034,0.873,True,1.667,0.403,0.0107,2.063,
1,436,0.707,-0.522,-1.445,0.019,0.019,0.875,True,1.667,0.403,0.0107,2.064,
1,437,0.707,-0.522,-1.445,0.004,0.004,0.878,True,1.667,0.403,0.0107,2.064,
1,438,0.708,-0.522,-1.445,-0.011,-0.011,0.882,True,1.667,0.403,0.0107,2.064,
1,439,0.708,-0.522,-1.446,-0.026,-0.026,0.886,True,1.667,0.403,0.0107,2.064,
1,440,0.708,-0.523,-1.446,-0.041,-0.041,0.89,True,1.667,0.403,0.0107,2.064,
1,441,0.708,-0.523,-1.446,-0.056,-0.056,0.895,True,1.667,0.403,0.0107,2.064,
1,442,0.708,-0.523,-1.447,-0.071,-0.071,0.901,True,1.667,0.403,0.0107,2.064,
1,443,0.708,-0.523,-1.447,-0.086,-0.086,0.907,True,1.667,0.403,0.0107,2.064,
1,444,0.708,-0.523,-1.447,-0.101,-0.101,0.913,True,1.675,0.366,0.0098,2.035,
1,445,0.708,-0.523,-1.447,-0.116,-0.116,0.92,True,1.675,0.366,0.0098,2.035,
1,446,0.709,-0.524,-1.448,-0.131,-0.131,0.927,True,1.675,0.366,0.0098,2.035,
1,447,0.709,-0.524,-1.448,-0.146,-0.146,0.935,True,1.675,0.366,0.0098,2.036,
1,448,0.709,-0.524,-1.448,-0.161,-0.161,0.943,True,1.675,0.366,0.0098,2.036,
1,449,0.709,-0.524,-1.449,-0.176,-0.176,0.951,True,1.675,0.366,0.0098,2.036,
1,450,0.709,-0.524,-1.449,-0.191,-0.191,0.96,True,1.675,0.366,0.0098,2.036,
1,451,0.709,-0.524,-1.449,-0.206,-0.206,0.969,True,1.675,0.366,0.0098,2.036,
1,452,0.709,-0.524,-1.45,-0.222,-0.221,0.979,True,1.675,0.366,0.0098,2.036,
1,453,0.709,-0.525,-1.45,-0.237,-0.236,0.989,True,1.675,0.366,0.0098,2.036,
1,454,0.709,-0.525,-1.45,-0.252,-0.251,1.0,True,1.675,0.366,0.0098,2.036,
1,455,0.709,-0.525,-1.45,-0.267,-0.266,1.01,True,1.675,0.366,0.0098,2.036,
1,456,0.71,-0.525,-1.451,-0.282,-0.28,1.022,True,1.675,0.366,0.0098,2.036,
1,457,0.71,-0.525,-1.451,-0.297,-0.295,1.033,True,1.675,0.366,0.0098,2.036,
1,458,0.71,-0.525,-1.451,-0.313,-0.31,1.045,True,1.675,0.366,0.0098,2.036,
1,459,0.71,-0.525,-1.452,-0.328,-0.325,1.057,True,1.675,0.366,0.0098,2.036,
1,460,0.71,-0.526,-1.452,-0.343,-0.34,1.069,True,1.675,0.366,0.0098,2.036,
1,461,0.71,-0.526,-1.452,-0.358,-0.355,1.082,True,1.675,0.366,0.0098,2.036,
1,462,0.71,-0.526,-1.453,-0.374,-0.37,1.095,True,1.675,0.366,0.0098,2.036,
1,463,0.71,-0.526,-1.453,-0.389,-0.384,1.108,True,1.675,0.366,0.0098,2.036,
1,464,0.71,-0.526,-1.453,-0.404,-0.399,1.122,True,1.675,0.366,0.0098,2.036,
1,465,0.71,-0.526,-1.453,-0.42,-0.414,1.136,True,1.675,0.366,0.0098,2.036,
1,466,0.71,-0.526,-1.454,-0.435,-0.429,1.15,True,1.675,0.366,0.0098,2.036,
1,467,0.71,-0.527,-1.454,-0.451,-0.444,1.164,True,1.675,0.366,0.0098,2.036,
1,468,0.71,-0.527,-1.454,-0.466,-0.458,1.179,True,1.675,0.366,0.0098,2.036,
1,469,0.71,-0.527,-1.455,-0.482,-0.473,1.193,True,1.675,0.366,0.0098,2.036,
1,470,0.71,-0.527,-1.455,-0.497,-0.488,1.208,True,1.675,0.366,0.0098,2.036,
1,471,0.711,-0.527,-1.455,-0.513,-0.502,1.224,True,1.675,0.366,0.0098,2.036,
1,472,0.711,-0.527,-1.455,-0.529,-0.517,1.239,True,1.675,0.366,0.0098,2.036,
1,473,0.711,-0.527,-1.456,-0.544,-0.532,1.255,True,1.675,0.366,0.0098,2.036,
1,474,0.711,-0.528,-1.456,-0.56,-0.546,1.271,True,1.675,0.366,0.0098,2.036,
1,475,0.711,-0.528,-1.456,-0.576,-0.561,1.287,True,1.675,0.366,0.0098,2.036,
1,476,0.711,-0.528,-1.457,-0.591,-0.576,1.303,True,1.675,0.366,0.0098,2.036,
1,477,0.711,-0.528,-1.457,-0.607,-0.59,1.32,True,1.675,0.366,0.0098,2.037,
1,478,0.711,-0.528,-1.457,-0.623,-0.605,1.336,True,1.675,0.366,0.0098,2.037,
1,479,0.711,-0.528,-1.457,-0.639,-0.619,1.353,True,1.675,0.366,0.0098,2.037,
1,480,0.711,-0.528,-1.458,-0.655,-0.634,1.37,True,1.675,0.366,0.0098,2.037,
1,481,0.711,-0.529,-1.458,-0.671,-0.648,1.387,True,1.675,0.366,0.0098,2.037,
1,482,0.711,-0.529,-1.458,-0.687,-0.663,1.404,True,1.675,0.366,0.0098,2.037,
1,483,0.711,-0.529,-1.459,-0.703,-0.677,1.422,True,1.696,0.33,0.0088,2.021,
1,484,0.711,-0.529,-1.459,-0.719,-0.691,1.439,True,1.696,0.33,0.0088,2.021,
1,485,0.711,-0.529,-1.459,-0.736,-0.706,1.457,True,1.696,0.33,0.0088,2.021,
1,486,0.711,-0.529,-1.459,-0.752,-0.72,1.475,True,1.696,0.33,0.0088,2.021,
1,487,0.711,-0.529,-1.46,-0.768,-0.734,1.493,True,1.696,0.33,0.0088,2.021,
1,488,0.711,-0.529,-1.46,-0.785,-0.748,1.511,True,1.696,0.33,0.0088,2.021,
1,489,0.711,-0.53,-1.46,-0.801,-0.763,1.53,True,1.696,0.33,0.0088,2.021,
1,490,0.711,-0.53,-1.46,-0.817,-0.777,1.548,True,1.696,0.33,0.0088,2.021,
1,491,0.711,-0.53,-1.461,-0.834,-0.791,1.567,True,1.696,0.33,0.0088,2.021,
1,492,0.711,-0.53,-1.461,-0.851,-0.805,1.586,True,1.696,0.33,0.0088,2.021,
1,493,0.711,-0.53,-1.461,-0.867,-0.819,1.604,True,1.696,0.33,0.0088,2.021,
1,494,0.711,-0.53,-1.461,-0.884,-0.833,1.623,True,1.696,0.33,0.0088,2.021,
1,495,0.711,-0.53,-1.462,-0.901,-0.847,1.642,True,1.696,0.33,0.0088,2.021,
1,496,0.711,-0.53,-1.462,-0.918,-0.861,1.662,True,1.696,0.33,0.0088,2.021,
1,497,0.711,-0.531,-1.462,-0.934,-0.875,1.681,True,1.696,0.33,0.0088,2.021,
1,498,0.711,-0.531,-1.463,-0.951,-0.889,1.7,True,1.696,0.33,0.0088,2.021,
1,499,0.711,-0.531,-1.463,-0.968,-0.903,1.72,True,1.696,0.33,0.0088,2.021,
1,500,0.711,-0.531,-1.463,-0.986,-0.917,1.74,True,1.696,0.33,0.0088,2.021,
1,501,0.711,-0.531,-1.463,-1.003,-0.93,1.759,True,1.696,0.33,0.0088,2.021,
1,502,0.711,-0.531,-1.464,-1.02,-0.944,1.779,True,1.696,0.33,0.0088,2.021,
1,503,0.711,-0.531,-1.464,-1.037,-0.958,1.799,True,1.696,0.33,0.0088,2.022,
1,504,0.711,-0.531,-1.464,-1.055,-0.971,1.819,True,1.696,0.33,0.0088,2.022,
1,505,0.711,-0.531,-1.464,-1.072,-0.985,1.839,True,1.696,0.33,0.0088,2.022,
1,506,0.711,-0.532,-1.465,-1.09,-0.998,1.86,True,1.696,0.33,0.0088,2.022,
1,507,0.711,-0.532,-1.465,-1.107,-1.012,1.88,True,1.696,0.33,0.0088,2.022,
1,508,0.711,-0.532,-1.465,-1.125,-1.025,1.901,True,1.696,0.33,0.0088,2.022,
1,509,0.711,-0.532,-1.465,-1.143,-1.038,1.921,True,1.696,0.33,0.0088,2.022,
1,510,0.711,-0.532,-1.466,-1.16,-1.052,1.942,True,1.696,0.33,0.0088,2.022,
1,511,0.711,-0.532,-1.466,-1.178,-1.065,1.962,True,1.696,0.33,0.0088,2.022,
1,512,0.71,-0.532,-1.466,-1.196,-1.078,1.983,True,1.696,0.33,0.0088,2.022,
1,513,0.71,-0.532,-1.466,-1.214,-1.091,2.004,True,1.696,0.33,0.0088,2.022,
1,514,0.71,-0.532,-1.467,-1.232,-1.104,2.025,True,1.696,0.33,0.0088,2.022,
1,515,0.71,-0.533,-1.467,-1.251,-1.117,2.046,True,1.696,0.33,0.0088,2.022,
1,516,0.71,-0.533,-1.467,-1.269,-1.13,2.067,True,1.696,0.33,0.0088,2.022,
1,517,0.71,-0.533,-1.467,-1.287,-1.143,2.089,True,1.696,0.33,0.0088,2.022,
1,518,0.71,-0.533,-1.468,-1.306,-1.156,2.11,True,1.696,0.33,0.0088,2.022,
1,519,0.71,-0.533,-1.468,-1.324,-1.168,2.131,True,1.696,0.33,0.0088,2.022,
1,520,0.71,-0.533,-1.468,-1.343,-1.181,2.153,True,1.696,0.33,0.0088,2.022,
1,521,0.71,-0.533,-1.468,-1.362,-1.193,2.174,True,1.696,0.33,0.0088,2.022,
1,522,0.71,-0.533,-1.468,-1.381,-1.206,2.196,True,1.696,0.33,0.0088,2.022,
1,523,0.71,-0.533,-1.469,-1.399,-1.218,2.218,True,1.696,0.33,0.0088,2.022,
1,524,0.71,-0.533,-1.469,-1.418,-1.231,2.24,True,1.696,0.33,0.0088,2.022,
1,525,0.71,-0.534,-1.469,-1.438,-1.243,2.262,True,1.696,0.33,0.0088,2.022,
1,526,0.71,-0.534,-1.469,-1.457,-1.255,2.283,True,1.696,0.33,0.0088,2.022,
1,527,0.71,-0.534,-1.47,-1.476,-1.267,2.306,True,1.696,0.33,0.0088,2.022,
1,528,0.71,-0.534,-1.47,-1.495,-1.279,2.328,True,1.696,0.33,0.0088,2.022,
1,529,0.71,-0.534,-1.47,-1.515,-1.291,2.35,True,1.696,0.33,0.0088,2.022,
1,530,0.71,-0.534,-1.47,-1.534,-1.303,2.372,True,1.696,0.33,0.0088,2.022,
1,531,0.71,-0.534,-1.471,-1.554,-1.315,2.394,True,1.696,0.33,0.0088,2.023,
1,532,0.71,-0.534,-1.471,-1.574,-1.326,2.417,True,1.696,0.33,0.0088,2.023,
1,533,0.709,-0.534,-1.471,-1.594,-1.338,2.439,True,1.696,0.33,0.0088,2.023,
1,534,0.709,-0.534,-1.471,-1.614,-1.349,2.462,True,1.696,0.33,0.0088,2.023,
1,535,0.709,-0.534,-1.471,-1.634,-1.361,2.484,True,1.696,0.33,0.0088,2.023,
1,536,0.709,-0.535,-1.472,-1.654,-1.372,2.507,True,1.696,0.33,0.0088,2.023,
1,537,0.709,-0.535,-1.472,-1.674,-1.383,2.53,True,1.696,0.33,0.0088,2.023,
1,538,0.709,-0.535,-1.472,-1.694,-1.394,2.552,True,1.696,0.33,0.0088,2.023,
1,539,0.709,-0.535,-1.472,-1.715,-1.405,2.575,True,1.696,0.33,0.0088,2.023,
1,540,0.709,-0.535,-1.472,-1.735,-1.416,2.598,True,1.696,0.33,0.0088,2.023,
1,541,0.709,-0.535,-1.473,-1.756,-1.427,2.621,True,1.696,0.33,0.0088,2.023,
1,542,0.709,-0.535,-1.473,-1.777,-1.437,2.644,True,1.696,0.33,0.0088,2.023,
1,543,0.709,-0.535,-1.473,-1.797,-1.448,2.667,True,1.696,0.33,0.0088,2.023,
1,544,0.709,-0.535,-1.473,-1.818,-1.458,2.69,True,1.696,0.33,0.0088,2.023,
1,545,0.709,-0.535,-1.474,-1.839,-1.468,2.714,True,1.675,0.366,0.0098,2.039,
1,546,0.709,-0.535,-1.474,-1.861,-1.479,2.737,True,1.675,0.366,0.0098,2.039,
1,547,0.708,-0.535,-1.474,-1.882,-1.489,2.76,True,1.696,0.33,0.0088,2.023,
1,548,0.708,-0.536,-1.474,-1.903,-1.498,2.784,True,1.696,0.33,0.0088,2.023,
1,549,0.708,-0.536,-1.474,-1.925,-1.508,2.807,True,1.696,0.33,0.0088,2.023,
1,550,0.708,-0.536,-1.475,-1.946,-1.518,2.83,True,1.696,0.33,0.0088,2.023,
1,551,0.708,-0.536,-1.475,-1.968,-1.527,2.854,True,1.696,0.33,0.0088,2.023,
1,552,0.708,-0.536,-1.475,-1.99,-1.537,2.878,True,1.696,0.33,0.0088,2.023,
1,553,0.708,-0.536,-1.475,-2.012,-1.546,2.901,True,1.696,0.33,0.0088,2.023,
1,554,0.708,-0.536,-1.475,-2.034,-1.555,2.925,True,1.696,0.33,0.0088,2.023,
1,555,0.708,-0.536,-1.476,-2.056,-1.564,2.949,True,1.696,0.33,0.0088,2.023,
1,556,0.708,-0.536,-1.476,-2.078,-1.573,2.972,True,1.696,0.33,0.0088,2.023,
1,557,0.708,-0.536,-1.476,-2.1,-1.581,2.996,True,1.675,0.366,0.0098,2.039,
1,558,0.708,-0.536,-1.476,-2.123,-1.59,3.02,True,1.675,0.366,0.0098,2.039,
1,559,0.708,-0.536,-1.476,-2.145,-1.598,3.044,True,1.675,0.366,0.0098,2.039,
1,560,0.707,-0.536,-1.476,-2.168,-1.606,3.068,True,1.675,0.366,0.0098,2.039,
1,561,0.707,-0.536,-1.477,-2.191,-1.614,3.092,True,1.675,0.366,0.0098,2.039,
1,562,0.707,-0.537,-1.477,-2.214,-1.622,3.116,True,1.675,0.366,0.0098,2.039,
1,563,0.707,-0.537,-1.477,-2.237,-1.63,3.14,True,1.675,0.366,0.0098,2.039,
1,564,0.707,-0.537,-1.477,-2.26,-1.637,3.164,True,1.675,0.366,0.0098,2.039,
1,565,0.707,-0.537,-1.477,-2.283,-1.645,3.189,True,1.696,0.33,0.0088,2.024,
1,566,0.707,-0.537,-1.478,-2.306,-1.652,3.213,True,1.696,0.33,0.0088,2.024,
1,567,0.707,-0.537,-1.478,-2.33,-1.659,3.237,True,1.696,0.33,0.0088,2.024,
1,568,0.707,-0.537,-1.478,-2.353,-1.666,3.261,True,1.696,0.33,0.0088,2.024,
1,569,0.707,-0.537,-1.478,-2.377,-1.672,3.286,True,1.696,0.33,0.0088,2.024,
1,570,0.707,-0.537,-1.478,-2.4,-1.679,3.31,True,1.696,0.33,0.0088,2.024,
1,571,0.707,-0.537,-1.479,-2.424,-1.685,3.335,True,1.696,0.33,0.0088,2.024,
1,572,0.706,-0.537,-1.479,-2.448,-1.691,3.359,True,1.696,0.33,0.0088,2.024,
1,573,0.706,-0.537,-1.479,-2.472,-1.697,3.383,True,1.696,0.33,0.0088,2.024,
1,574,0.706,-0.537,-1.479,-2.496,-1.702,3.408,True,1.696,0.33,0.0088,2.024,
1,575,0.706,-0.537,-1.479,-2.521,-1.708,3.432,True,1.696,0.33,0.0088,2.024,
1,576,0.706,-0.537,-1.479,-2.545,-1.713,3.457,True,1.696,0.33,0.0088,2.024,
1,577,0.706,-0.537,-1.48,-2.569,-1.718,3.482,True,1.696,0.33,0.0088,2.024,
1,578,0.706,-0.537,-1.48,-2.594,-1.723,3.506,True,1.696,0.33,0.0088,2.024,
1,579,0.706,-0.538,-1.48,-2.618,-1.727,3.531,True,1.696,0.33,0.0088,2.024,
1,580,0.706,-0.538,-1.48,-2.643,-1.732,3.555,True,1.696,0.33,0.0088,2.024,
1,581,0.706,-0.538,-1.48,-2.668,-1.736,3.58,True,1.696,0.33,0.0088,2.024,
1,582,0.706,-0.538,-1.48,-2.693,-1.74,3.605,True,1.696,0.33,0.0088,2.024,
1,583,0.705,-0.538,-1.481,-2.718,-1.743,3.629,True,1.696,0.33,0.0088,2.024,
1,584,0.705,-0.538,-1.481,-2.743,-1.747,3.654,True,1.696,0.33,0.0088,2.024,
1,585,0.705,-0.538,-1.481,-2.768,-1.75,3.679,True,1.696,0.33,0.0088,2.024,
1,586,0.705,-0.538,-1.481,-2.793,-1.753,3.703,True,1.696,0.33,0.0088,2.024,
1,587,0.705,-0.538,-1.481,-2.818,-1.755,3.728,True,1.696,0.33,0.0088,2.024,
1,588,0.705,-0.538,-1.481,-2.844,-1.758,3.753,True,1.696,0.33,0.0088,2.024,
1,589,0.705,-0.538,-1.482,-2.869,-1.76,3.777,True,1.696,0.33,0.0088,2.024,
1,590,0.705,-0.538,-1.482,-2.895,-1.762,3.802,True,1.696,0.33,0.0088,2.024,
1,591,0.705,-0.538,-1.482,-2.92,-1.764,3.827,True,1.696,0.33,0.0088,2.024,
1,592,0.705,-0.538,-1.482,-2.946,-1.765,3.851,True,1.696,0.33,0.0088,2.024,
1,593,0.705,-0.538,-1.482,-2.972,-1.766,3.876,True,1.696,0.33,0.0088,2.024,
1,594,0.705,-0.538,-1.482,-2.997,-1.767,3.901,True,1.696,0.33,0.0088,2.024,
1,595,0.704,-0.538,-1.482,-3.023,-1.767,3.925,True,1.696,0.33,0.0088,2.024,
1,596,0.704,-0.538,-1.483,-3.049,-1.768,3.95,True,1.696,0.33,0.0088,2.024,
1,597,0.704,-0.538,-1.483,-3.075,-1.768,3.974,True,1.696,0.33,0.0088,2.024,
1,598,0.704,-0.538,-1.483,-3.101,-1.767,3.999,True,1.696,0.33,0.0088,2.024,
1,599,0.704,-0.538,-1.483,-3.127,-1.767,4.024,True,1.696,0.33,0.0088,2.024,
1,600,0.704,-0.538,-1.483,-3.154,-1.766,4.048,True,1.696,0.33,0.0088,2.024,
1,601,0.704,-0.538,-1.483,-3.18,-1.765,4.073,True,1.696,0.33,0.0088,2.024,
1,602,0.704,-0.539,-1.483,-3.206,-1.763,4.097,True,1.696,0.33,0.0088,2.024,
1,603,0.704,-0.539,-1.484,-3.232,-1.762,4.121,True,1.696,0.33,0.0088,2.024,
1,604,0.704,-0.539,-1.484,-3.258,-1.759,4.146,True,1.696,0.33,0.0088,2.024,
1,605,0.703,-0.539,-1.484,-3.285,-1.757,4.17,True,1.696,0.33,0.0088,2.024,
1,606,0.703,-0.539,-1.484,-3.311,-1.754,4.195,True,1.696,0.33,0.0088,2.025,
1,607,0.703,-0.539,-1.484,-3.337,-1.751,4.219,True,1.696,0.33,0.0088,2.025,
1,608,0.703,-0.539,-1.484,-3.364,-1.748,4.243,True,1.696,0.33,0.0088,2.025,
1,609,0.703,-0.539,-1.484,-3.39,-1.744,4.267,True,1.696,0.33,0.0088,2.025,
1,610,0.703,-0.539,-1.485,-3.417,-1.74,4.291,True,1.696,0.33,0.0088,2.025,
1,611,0.703,-0.539,-1.485,-3.443,-1.736,4.315,True,1.696,0.33,0.0088,2.025,
1,612,0.703,-0.539,-1.485,-3.469,-1.731,4.339,True,1.696,0.33,0.0088,2.025,
1,613,0.703,-0.539,-1.485,-3.496,-1.726,4.363,True,1.696,0.33,0.0088,2.025,
1,614,0.703,-0.539,-1.485,-3.522,-1.721,4.387,True,1.696,0.33,0.0088,2.025,
1,615,0.703,-0.539,-1.485,-3.549,-1.715,4.411,True,1.696,0.33,0.0088,2.025,
1,616,0.702,-0.539,-1.485,-3.575,-1.709,4.435,True,1.696,0.33,0.0088,2.025,
1,617,0.702,-0.539,-1.485,-3.601,-1.702,4.458,True,1.696,0.33,0.0088,2.025,
1,618,0.702,-0.539,-1.486,-3.628,-1.696,4.482,True,1.696,0.33,0.0088,2.025,
1,619,0.702,-0.539,-1.486,-3.654,-1.688,4.505,True,1.696,0.33,0.0088,2.025,
1,620,0.702,-0.539,-1.486,-3.68,-1.681,4.528,True,1.696,0.33,0.0088,2.025,
1,621,0.702,-0.539,-1.486,-3.706,-1.673,4.552,True,1.696,0.33,0.0088,2.025,
1,622,0.702,-0.539,-1.486,-3.732,-1.665,4.575,True,1.696,0.33,0.0088,2.025,
1,623,0.702,-0.539,-1.486,-3.758,-1.656,4.598,True,1.696,0.33,0.0088,2.025,
1,624,0.702,-0.539,-1.486,-3.784,-1.647,4.621,True,1.696,0.33,0.0088,2.025,
1,625,0.702,-0.539,-1.486,-3.81,-1.638,4.644,True,1.696,0.33,0.0088,2.025,
1,626,0.702,-0.539,-1.487,-3.836,-1.628,4.666,True,1.696,0.33,0.0088,2.025,
1,627,0.701,-0.539,-1.487,-3.862,-1.618,4.689,True,1.696,0.33,0.0088,2.025,
1,628,0.701,-0.539,-1.487,-3.887,-1.608,4.712,True,1.696,0.33,0.0088,2.025,
1,629,0.701,-0.539,-1.487,-3.913,-1.597,4.734,True,1.696,0.33,0.0088,2.025,
1,630,0.701,-0.539,-1.487,-3.938,-1.586,4.756,True,1.696,0.33,0.0088,2.025,
1,631,0.701,-0.539,-1.487,-3.964,-1.574,4.778,True,1.696,0.33,0.0088,2.025,
1,632,0.701,-0.539,-1.487,-3.989,-1.562,4.8,True,1.696,0.33,0.0088,2.025,
1,633,0.701,-0.539,-1.487,-4.014,-1.55,4.822,True,1.696,0.33,0.0088,2.025,
1,634,0.701,-0.539,-1.487,-4.039,-1.537,4.844,True,1.696,0.33,0.0088,2.025,
1,635,0.701,-0.539,-1.488,-4.064,-1.524,4.865,True,1.696,0.33,0.0088,2.025,
1,636,0.701,-0.539,-1.488,-4.088,-1.51,4.886,True,1.696,0.33,0.0088,2.025,
1,637,0.701,-0.539,-1.488,-4.113,-1.496,4.908,True,1.696,0.33,0.0088,2.025,
1,638,0.701,-0.539,-1.488,-4.137,-1.482,4.929,True,1.696,0.33,0.0088,2.025,
1,639,0.7,-0.539,-1.488,-4.161,-1.467,4.95,True,1.696,0.33,0.0088,2.025,
1,640,0.7,-0.539,-1.488,-4.185,-1.452,4.97,True,1.696,0.33,0.0088,2.025,
1,641,0.7,-0.539,-1.488,-4.209,-1.437,4.991,True,1.696,0.33,0.0088,2.025,
1,642,0.7,-0.54,-1.488,-4.233,-1.421,5.011,True,1.696,0.33,0.0088,2.025,
1,643,0.7,-0.54,-1.488,-4.256,-1.405,5.031,True,1.696,0.33,0.0088,2.025,
1,644,0.7,-0.54,-1.489,-4.279,-1.388,5.051,True,1.696,0.33,0.0088,2.025,
1,645,0.7,-0.54,-1.489,-4.302,-1.371,5.071,True,1.696,0.33,0.0088,2.025,
1,646,0.7,-0.54,-1.489,-4.325,-1.354,5.09,True,1.696,0.33,0.0088,2.025,
1,647,0.7,-0.54,-1.489,-4.347,-1.336,5.11,True,1.696,0.33,0.0088,2.025,
1,648,0.7,-0.54,-1.489,-4.37,-1.318,5.129,True,1.696,0.33,0.0088,2.025,
1,649,0.7,-0.54,-1.489,-4.392,-1.299,5.148,True,1.696,0.33,0.0088,2.025,
1,650,0.699,-0.54,-1.489,-4.413,-1.281,5.166,True,1.696,0.33,0.0088,2.025,
1,651,0.699,-0.54,-1.489,-4.435,-1.261,5.185,True,1.696,0.33,0.0088,2.025,
1,652,0.699,-0.54,-1.489,-4.456,-1.242,5.203,True,1.696,0.33,0.0088,2.025,
1,653,0.699,-0.54,-1.489,-4.477,-1.222,5.221,True,1.696,0.33,0.0088,2.025,
1,654,0.699,-0.54,-1.49,-4.497,-1.201,5.239,True,1.696,0.33,0.0088,2.025,
1,655,0.699,-0.54,-1.49,-4.518,-1.181,5.256,True,1.696,0.33,0.0088,2.025,
1,656,0.699,-0.54,-1.49,-4.538,-1.159,5.273,True,1.696,0.33,0.0088,2.025,
1,657,0.699,-0.54,-1.49,-4.557,-1.138,5.29,True,1.696,0.33,0.0088,2.025,
1,658,0.699,-0.54,-1.49,-4.577,-1.116,5.307,True,1.696,0.33,0.0088,2.025,
1,659,0.699,-0.54,-1.49,-4.596,-1.094,5.323,True,1.696,0.33,0.0088,2.025,
1,660,0.699,-0.54,-1.49,-4.614,-1.072,5.34,True,1.696,0.33,0.0088,2.025,
1,661,0.699,-0.54,-1.49,-4.633,-1.049,5.356,True,1.696,0.33,0.0088,2.025,
1,662,0.699,-0.54,-1.49,-4.651,-1.026,5.371,True,1.696,0.33,0.0088,2.025,
1,663,0.698,-0.54,-1.49,-4.668,-1.002,5.387,True,1.696,0.33,0.0088,2.025,
1,664,0.698,-0.54,-1.49,-4.685,-0.978,5.402,True,1.696,0.33,0.0088,2.025,
1,665,0.698,-0.54,-1.491,-4.702,-0.954,5.416,True,1.696,0.33,0.0088,2.025,
1,666,0.698,-0.54,-1.491,-4.719,-0.93,5.431,True,1.696,0.33,0.0088,2.025,
1,667,0.698,-0.54,-1.491,-4.735,-0.905,5.445,True,1.696,0.33,0.0088,2.025,
1,668,0.698,-0.54,-1.491,-4.75,-0.88,5.459,True,1.696,0.33,0.0088,2.025,
1,669,0.698,-0.54,-1.491,-4.765,-0.855,5.473,True,1.696,0.33,0.0088,2.025,
1,670,0.698,-0.54,-1.491,-4.78,-0.829,5.486,True,1.696,0.33,0.0088,2.025,
1,671,0.698,-0.54,-1.491,-4.795,-0.804,5.499,True,1.696,0.33,0.0088,2.025,
1,672,0.698,-0.54,-1.491,-4.809,-0.777,5.511,True,1.696,0.33,0.0088,2.025,
1,673,0.698,-0.54,-1.491,-4.822,-0.751,5.524,True,1.696,0.33,0.0088,2.025,
1,674,0.698,-0.54,-1.491,-4.835,-0.724,5.536,True,1.696,0.33,0.0088,2.025,
1,675,0.698,-0.54,-1.491,-4.848,-0.698,5.547,True,1.696,0.33,0.0088,2.025,
1,676,0.697,-0.54,-1.491,-4.86,-0.67,5.559,True,1.696,0.33,0.0088,2.025,
1,677,0.697,-0.54,-1.491,-4.871,-0.643,5.57,True,1.696,0.33,0.0088,2.025,
1,678,0.697,-0.54,-1.492,-4.883,-0.615,5.58,True,1.696,0.33,0.0088,2.025,
1,679,0.697,-0.54,-1.492,-4.893,-0.588,5.591,True,1.696,0.33,0.0088,2.026,
1,680,0.697,-0.54,-1.492,-4.903,-0.56,5.601,True,1.696,0.33,0.0088,2.026,
1,681,0.697,-0.54,-1.492,-4.913,-0.531,5.61,True,1.696,0.33,0.0088,2.026,
1,682,0.697,-0.54,-1.492,-4.922,-0.503,5.62,True,1.696,0.33,0.0088,2.026,
1,683,0.697,-0.54,-1.492,-4.931,-0.475,5.628,True,1.696,0.33,0.0088,2.026,
1,684,0.697,-0.54,-1.492,-4.939,-0.446,5.637,True,1.696,0.33,0.0088,2.026,
1,685,0.697,-0.54,-1.492,-4.947,-0.417,5.645,True,1.696,0.33,0.0088,2.026,
1,686,0.697,-0.54,-1.492,-4.954,-0.388,5.653,True,1.696,0.33,0.0088,2.026,
1,687,0.697,-0.54,-1.492,-4.961,-0.359,5.661,True,1.696,0.33,0.0088,2.026,
1,688,0.697,-0.54,-1.492,-4.967,-0.33,5.668,True,1.696,0.33,0.0088,2.026,
1,689,0.697,-0.54,-1.492,-4.973,-0.3,5.674,True,1.696,0.33,0.0088,2.026,
1,690,0.696,-0.54,-1.492,-4.978,-0.271,5.681,True,1.696,0.33,0.0088,2.026,
1,691,0.696,-0.54,-1.492,-4.982,-0.241,5.687,True,1.696,0.33,0.0088,2.026,
1,692,0.696,-0.54,-1.493,-4.987,-0.211,5.692,True,1.696,0.33,0.0088,2.026,
1,693,0.696,-0.54,-1.493,-4.99,-0.182,5.698,True,1.696,0.33,0.0088,2.026,
1,694,0.696,-0.54,-1.493,-4.993,-0.152,5.702,True,1.696,0.33,0.0088,2.026,
1,695,0.696,-0.54,-1.493,-4.996,-0.122,5.707,True,1.696,0.33,0.0088,2.026,
1,696,0.696,-0.54,-1.493,-4.997,-0.092,5.711,True,1.696,0.33,0.0088,2.026,
1,697,0.696,-0.54,-1.493,-4.999,-0.062,5.715,True,1.696,0.33,0.0088,2.026,
1,698,0.696,-0.54,-1.493,-5.0,-0.032,5.718,True,1.696,0.33,0.0088,2.026,
1,699,0.696,-0.54,-1.493,-5.0,-0.002,5.721,True,1.696,0.33,0.0088,2.026,
1,700,0.696,-0.54,-1.493,-5.0,0.028,5.724,True,1.696,0.33,0.0088,2.026,
1,701,0.696,-0.54,-1.493,-4.999,0.058,5.726,True,1.696,0.33,0.0088,2.026,
1,702,0.696,-0.54,-1.493,-4.998,0.088,5.728,True,1.696,0.33,0.0088,2.026,
1,703,0.696,-0.54,-1.493,-4.996,0.118,5.729,True,1.696,0.33,0.0088,2.026,
1,704,0.696,-0.54,-1.493,-4.993,0.148,5.73,True,1.696,0.33,0.0088,2.026,
1,705,0.695,-0.54,-1.493,-4.991,0.178,5.731,True,1.696,0.33,0.0088,2.026,
1,706,0.695,-0.54,-1.493,-4.987,0.207,5.731,True,1.696,0.33,0.0088,2.026,
1,707,0.695,-0.54,-1.493,-4.983,0.237,5.731,True,1.696,0.33,0.0088,2.026,
1,708,0.695,-0.54,-1.493,-4.979,0.267,5.731,True,1.696,0.33,0.0088,2.026,
1,709,0.695,-0.54,-1.494,-4.973,0.296,5.73,True,1.696,0.33,0.0088,2.026,
1,710,0.695,-0.54,-1.494,-4.968,0.326,5.729,True,1.696,0.33,0.0088,2.026,
1,711,0.695,-0.54,-1.494,-4.962,0.355,5.727,True,1.696,0.33,0.0088,2.026,
1,712,0.695,-0.54,-1.494,-4.955,0.384,5.725,True,1.696,0.33,0.0088,2.026,
1,713,0.695,-0.54,-1.494,-4.948,0.413,5.723,True,1.696,0.33,0.0088,2.026,
1,714,0.695,-0.54,-1.494,-4.94,0.442,5.72,True,1.696,0.33,0.0088,2.026,
1,715,0.695,-0.54,-1.494,-4.932,0.471,5.717,True,1.696,0.33,0.0088,2.026,
1,716,0.695,-0.54,-1.494,-4.924,0.499,5.714,True,1.696,0.33,0.0088,2.026,
1,717,0.695,-0.54,-1.494,-4.914,0.528,5.71,True,1.696,0.33,0.0088,2.026,
1,718,0.695,-0.54,-1.494,-4.905,0.556,5.706,True,1.696,0.33,0.0088,2.026,
1,719,0.695,-0.54,-1.494,-4.895,0.584,5.701,True,1.696,0.33,0.0088,2.026,
1,720,0.695,-0.54,-1.494,-4.884,0.612,5.696,True,1.696,0.33,0.0088,2.026,
1,721,0.695,-0.54,-1.494,-4.873,0.639,5.691,True,1.696,0.33,0.0088,2.026,
1,722,0.694,-0.54,-1.494,-4.861,0.667,5.685,True,1.696,0.33,0.0088,2.026,
1,723,0.694,-0.54,-1.494,-4.849,0.694,5.679,True,1.696,0.33,0.0088,2.026,
1,724,0.694,-0.54,-1.494,-4.837,0.721,5.673,True,1.696,0.33,0.0088,2.026,
1,725,0.694,-0.54,-1.494,-4.824,0.748,5.666,True,1.696,0.33,0.0088,2.026,
1,726,0.694,-0.539,-1.494,-4.81,0.774,5.659,True,1.696,0.33,0.0088,2.026,
1,727,0.694,-0.539,-1.494,-4.796,0.8,5.652,True,1.696,0.33,0.0088,2.026,
1,728,0.694,-0.539,-1.494,-4.782,0.826,5.644,True,1.696,0.33,0.0088,2.026,
1,729,0.694,-0.539,-1.495,-4.767,0.852,5.636,True,1.696,0.33,0.0088,2.026,
1,730,0.694,-0.539,-1.495,-4.752,0.877,5.628,True,1.696,0.33,0.0088,2.026,
1,731,0.694,-0.539,-1.495,-4.737,0.902,5.619,True,1.696,0.33,0.0088,2.026,
1,732,0.694,-0.539,-1.495,-4.721,0.927,5.61,True,1.696,0.33,0.0088,2.026,
1,733,0.694,-0.539,-1.495,-4.704,0.951,5.6,True,1.696,0.33,0.0088,2.026,
1,734,0.694,-0.539,-1.495,-4.688,0.975,5.591,True,1.696,0.33,0.0088,2.026,
1,735,0.694,-0.539,-1.495,-4.67,0.999,5.581,True,1.696,0.33,0.0088,2.026,
1,736,0.694,-0.539,-1.495,-4.653,1.023,5.57,True,1.696,0.33,0.0088,2.026,
1,737,0.694,-0.539,-1.495,-4.635,1.046,5.56,True,1.696,0.33,0.0088,2.026,
1,738,0.694,-0.539,-1.495,-4.617,1.069,5.549,True,1.696,0.33,0.0088,2.026,
1,739,0.694,-0.539,-1.495,-4.598,1.091,5.537,True,1.696,0.33,0.0088,2.026,
1,740,0.694,-0.539,-1.495,-4.579,1.113,5.526,True,1.696,0.33,0.0088,2.026,
1,741,0.694,-0.539,-1.495,-4.56,1.135,5.514,True,1.696,0.33,0.0088,2.026,
1,742,0.693,-0.539,-1.495,-4.54,1.157,5.502,True,1.696,0.33,0.0088,2.026,
1,743,0.693,-0.539,-1.495,-4.52,1.178,5.489,True,1.696,0.33,0.0088,2.026,
1,744,0.693,-0.539,-1.495,-4.5,1.199,5.477,True,1.696,0.33,0.0088,2.026,
1,745,0.693,-0.539,-1.495,-4.48,1.219,5.464,True,1.696,0.33,0.0088,2.026,
1,746,0.693,-0.539,-1.495,-4.459,1.239,5.45,True,1.696,0.33,0.0088,2.026,
1,747,0.693,-0.539,-1.495,-4.438,1.259,5.437,True,1.696,0.33,0.0088,2.026,
1,748,0.693,-0.539,-1.495,-4.416,1.278,5.423,True,1.696,0.33,0.0088,2.026,
1,749,0.693,-0.539,-1.495,-4.394,1.297,5.409,True,1.696,0.33,0.0088,2.026,
1,750,0.693,-0.539,-1.495,-4.372,1.316,5.394,True,1.696,0.33,0.0088,2.026,
1,751,0.693,-0.539,-1.495,-4.35,1.334,5.38,True,1.696,0.33,0.0088,2.026,
1,752,0.693,-0.539,-1.495,-4.328,1.352,5.365,True,1.696,0.33,0.0088,2.026,
1,753,0.693,-0.539,-1.495,-4.305,1.369,5.35,True,1.696,0.33,0.0088,2.026,
1,754,0.693,-0.539,-1.495,-4.282,1.386,5.335,True,1.696,0.33,0.0088,2.026,
1,755,0.693,-0.539,-1.496,-4.259,1.403,5.319,True,1.696,0.33,0.0088,2.026,
1,756,0.693,-0.539,-1.496,-4.236,1.419,5.303,True,1.696,0.33,0.0088,2.026,
1,757,0.693,-0.539,-1.496,-4.212,1.435,5.287,True,1.696,0.33,0.0088,2.026,
1,758,0.693,-0.539,-1.496,-4.188,1.45,5.271,True,1.696,0.33,0.0088,2.026,
1,759,0.693,-0.539,-1.496,-4.164,1.466,5.255,True,1.696,0.33,0.0088,2.026,
1,760,0.693,-0.539,-1.496,-4.14,1.48,5.238,True,1.696,0.33,0.0088,2.026,
1,761,0.693,-0.539,-1.496,-4.116,1.495,5.221,True,1.696,0.33,0.0088,2.026,
1,762,0.693,-0.539,-1.496,-4.092,1.509,5.204,True,1.696,0.33,0.0088,2.026,
1,763,0.693,-0.539,-1.496,-4.067,1.522,5.187,True,1.696,0.33,0.0088,2.026,
1,764,0.693,-0.539,-1.496,-4.042,1.535,5.169,True,1.696,0.33,0.0088,2.026,
1,765,0.693,-0.539,-1.496,-4.017,1.548,5.151,True,1.696,0.33,0.0088,2.026,
1,766,0.692,-0.539,-1.496,-3.992,1.561,5.134,True,1.696,0.33,0.0088,2.026,
1,767,0.692,-0.539,-1.496,-3.967,1.573,5.116,True,1.696,0.33,0.0088,2.026,
1,768,0.692,-0.539,-1.496,-3.942,1.584,5.097,True,1.696,0.33,0.0088,2.026,
1,769,0.692,-0.539,-1.496,-3.916,1.595,5.079,True,1.696,0.33,0.0088,2.026,
1,770,0.692,-0.539,-1.496,-3.891,1.606,5.06,True,1.696,0.33,0.0088,2.026,
1,771,0.692,-0.539,-1.496,-3.865,1.617,5.042,True,1.696,0.33,0.0088,2.026,
1,772,0.692,-0.539,-1.496,-3.839,1.627,5.023,True,1.696,0.33,0.0088,2.026,
1,773,0.692,-0.539,-1.496,-3.814,1.637,5.004,True,1.696,0.33,0.0088,2.026,
1,774,0.692,-0.539,-1.496,-3.788,1.646,4.984,True,1.696,0.33,0.0088,2.026,
1,775,0.692,-0.539,-1.496,-3.762,1.655,4.965,True,1.696,0.33,0.0088,2.026,
1,776,0.692,-0.539,-1.496,-3.736,1.664,4.945,True,1.696,0.33,0.0088,2.026,
1,777,0.692,-0.539,-1.496,-3.71,1.672,4.926,True,1.696,0.33,0.0088,2.026,
1,778,0.692,-0.539,-1.496,-3.683,1.68,4.906,True,1.696,0.33,0.0088,2.026,
1,779,0.692,-0.539,-1.496,-3.657,1.688,4.886,True,1.696,0.33,0.0088,2.026,
1,780,0.692,-0.539,-1.496,-3.631,1.695,4.866,True,1.696,0.33,0.0088,2.026,
1,781,0.692,-0.539,-1.496,-3.605,1.702,4.846,True,1.696,0.33,0.0088,2.026,
1,782,0.692,-0.539,-1.496,-3.578,1.708,4.825,True,1.696,0.33,0.0088,2.026,
1,783,0.692,-0.539,-1.496,-3.552,1.714,4.805,True,1.696,0.33,0.0088,2.026,
1,784,0.692,-0.539,-1.496,-3.526,1.72,4.784,True,1.696,0.33,0.0088,2.026,
1,785,0.692,-0.539,-1.496,-3.499,1.725,4.764,True,1.696,0.33,0.0088,2.026,
1,786,0.692,-0.539,-1.496,-3.473,1.73,4.743,True,1.696,0.33,0.0088,2.026,
1,787,0.692,-0.539,-1.496,-3.446,1.735,4.722,True,1.696,0.33,0.0088,2.026,
1,788,0.692,-0.539,-1.496,-3.42,1.74,4.701,True,1.696,0.33,0.0088,2.026,
1,789,0.692,-0.539,-1.496,-3.394,1.744,4.68,True,1.696,0.33,0.0088,2.026,
1,790,0.692,-0.539,-1.496,-3.367,1.747,4.658,True,1.696,0.33,0.0088,2.026,
1,791,0.692,-0.539,-1.496,-3.341,1.751,4.637,True,1.696,0.33,0.0088,2.026,
1,792,0.692,-0.539,-1.496,-3.314,1.754,4.616,True,1.696,0.33,0.0088,2.026,
1,793,0.692,-0.539,-1.497,-3.288,1.757,4.594,True,1.696,0.33,0.0088,2.026,
1,794,0.692,-0.539,-1.497,-3.262,1.759,4.573,True,1.696,0.33,0.0088,2.026,
1,795,0.692,-0.539,-1.497,-3.236,1.761,4.551,True,1.696,0.33,0.0088,2.026,
1,796,0.692,-0.539,-1.497,-3.209,1.763,4.529,True,1.696,0.33,0.0088,2.026,
1,797,0.692,-0.539,-1.497,-3.183,1.765,4.507,True,1.696,0.33,0.0088,2.026,
1,798,0.691,-0.539,-1.497,-3.157,1.766,4.486,True,1.696,0.33,0.0088,2.026,
1,799,0.691,-0.538,-1.497,-3.131,1.767,4.464,True,1.696,0.33,0.0088,2.026,
1,800,0.691,-0.538,-1.497,-3.105,1.767,4.442,True,1.696,0.33,0.0088,2.026,
1,801,0.691,-0.538,-1.497,-3.079,1.768,4.419,True,1.696,0.33,0.0088,2.026,
1,802,0.691,-0.538,-1.497,-3.053,1.768,4.397,True,1.696,0.33,0.0088,2.026,
1,803,0.691,-0.538,-1.497,-3.027,1.768,4.375,True,1.696,0.33,0.0088,2.026,
1,804,0.691,-0.538,-1.497,-3.001,1.767,4.353,True,1.696,0.33,0.0088,2.026,
1,805,0.691,-0.538,-1.497,-2.975,1.766,4.33,True,1.696,0.33,0.0088,2.026,
1,806,0.691,-0.538,-1.497,-2.949,1.765,4.308,True,1.696,0.33,0.0088,2.026,
1,807,0.691,-0.538,-1.497,-2.924,1.764,4.286,True,1.696,0.33,0.0088,2.026,
1,808,0.691,-0.538,-1.497,-2.898,1.762,4.263,True,1.696,0.33,0.0088,2.026,
1,809,0.691,-0.538,-1.497,-2.872,1.76,4.241,True,1.696,0.33,0.0088,2.026,
1,810,0.691,-0.538,-1.497,-2.847,1.758,4.218,True,1.696,0.33,0.0088,2.026,
1,811,0.691,-0.538,-1.497,-2.822,1.756,4.195,True,1.696,0.33,0.0088,2.026,
1,812,0.691,-0.538,-1.497,-2.796,1.753,4.173,True,1.696,0.33,0.0088,2.026,
1,813,0.691,-0.538,-1.497,-2.771,1.75,4.15,True,1.696,0.33,0.0088,2.026,
1,814,0.691,-0.538,-1.497,-2.746,1.747,4.127,True,1.696,0.33,0.0088,2.026,
1,815,0.691,-0.538,-1.497,-2.721,1.744,4.105,True,1.696,0.33,0.0088,2.026,
1,816,0.691,-0.538,-1.497,-2.696,1.74,4.082,True,1.696,0.33,0.0088,2.026,
1,817,0.691,-0.538,-1.497,-2.671,1.736,4.059,True,1.696,0.33,0.0088,2.026,
1,818,0.691,-0.538,-1.497,-2.646,1.732,4.036,True,1.696,0.33,0.0088,2.026,
1,819,0.691,-0.538,-1.497,-2.622,1.728,4.013,True,1.696,0.33,0.0088,2.026,
1,820,0.691,-0.538,-1.497,-2.597,1.723,3.991,True,1.696,0.33,0.0088,2.026,
1,821,0.691,-0.538,-1.497,-2.572,1.719,3.968,True,1.696,0.33,0.0088,2.026,
1,822,0.691,-0.538,-1.497,-2.548,1.714,3.945,True,1.696,0.33,0.0088,2.026,
1,823,0.691,-0.538,-1.497,-2.524,1.708,3.922,True,1.696,0.33,0.0088,2.026,
1,824,0.691,-0.538,-1.497,-2.499,1.703,3.899,True,1.696,0.33,0.0088,2.026,
1,825,0.691,-0.538,-1.497,-2.475,1.697,3.876,True,1.696,0.33,0.0088,2.026,
1,826,0.691,-0.538,-1.497,-2.451,1.692,3.853,True,1.696,0.33,0.0088,2.026,
1,827,0.691,-0.538,-1.497,-2.427,1.686,3.83,True,1.696,0.33,0.0088,2.026,
1,828,0.691,-0.538,-1.497,-2.404,1.679,3.807,True,1.696,0.33,0.0088,2.026,
1,829,0.691,-0.538,-1.497,-2.38,1.673,3.784,True,1.696,0.33,0.0088,2.026,
1,830,0.691,-0.538,-1.497,-2.356,1.666,3.761,True,1.696,0.33,0.0088,2.026,
1,831,0.691,-0.538,-1.497,-2.333,1.66,3.738,True,1.696,0.33,0.0088,2.026,
1,832,0.691,-0.538,-1.497,-2.309,1.653,3.715,True,1.696,0.33,0.0088,2.026,
1,833,0.691,-0.538,-1.497,-2.286,1.646,3.692,True,1.696,0.33,0.0088,2.026,
1,834,0.691,-0.538,-1.497,-2.263,1.638,3.669,True,1.696,0.33,0.0088,2.026,
1,835,0.691,-0.538,-1.497,-2.24,1.631,3.646,True,1.696,0.33,0.0088,2.026,
1,836,0.691,-0.538,-1.497,-2.217,1.623,3.623,True,1.696,0.33,0.0088,2.026,
1,837,0.691,-0.538,-1.497,-2.194,1.615,3.6,True,1.696,0.33,0.0088,2.026,
1,838,0.691,-0.538,-1.497,-2.171,1.607,3.576,True,1.696,0.33,0.0088,2.026,
1,839,0.691,-0.538,-1.497,-2.148,1.599,3.553,True,1.696,0.33,0.0088,2.026,
1,840,0.691,-0.538,-1.497,-2.126,1.591,3.53,True,1.696,0.33,0.0088,2.026,
1,841,0.691,-0.538,-1.497,-2.103,1.582,3.507,True,1.696,0.33,0.0088,2.026,
1,842,0.691,-0.538,-1.497,-2.081,1.574,3.484,True,1.696,0.33,0.0088,2.026,
1,843,0.691,-0.538,-1.497,-2.059,1.565,3.461,True,1.696,0.33,0.0088,2.026,
1,844,0.691,-0.538,-1.497,-2.037,1.556,3.438,True,1.696,0.33,0.0088,2.026,
1,845,0.691,-0.538,-1.497,-2.015,1.547,3.415,True,1.696,0.33,0.0088,2.026,
1,846,0.691,-0.538,-1.497,-1.993,1.538,3.392,True,1.696,0.33,0.0088,2.026,
1,847,0.691,-0.538,-1.497,-1.971,1.529,3.369,True,1.696,0.33,0.0088,2.026,
1,848,0.691,-0.538,-1.497,-1.949,1.519,3.346,True,1.696,0.33,0.0088,2.026,
1,849,0.691,-0.538,-1.497,-1.928,1.509,3.323,True,1.696,0.33,0.0088,2.026,
1,850,0.691,-0.538,-1.497,-1.906,1.5,3.3,True,1.696,0.33,0.0088,2.026,
1,851,0.691,-0.538,-1.497,-1.885,1.49,3.278,True,1.696,0.33,0.0088,2.026,
1,852,0.691,-0.538,-1.497,-1.863,1.48,3.255,True,1.696,0.33,0.0088,2.026,
1,853,0.69,-0.538,-1.497,-1.842,1.47,3.232,True,1.696,0.33,0.0088,2.026,
1,854,0.69,-0.538,-1.497,-1.821,1.459,3.209,True,1.696,0.33,0.0088,2.026,
1,855,0.69,-0.538,-1.497,-1.8,1.449,3.186,True,1.696,0.33,0.0088,2.026,
1,856,0.69,-0.538,-1.497,-1.779,1.439,3.163,True,1.696,0.33,0.0088,2.026,
1,857,0.69,-0.538,-1.497,-1.759,1.428,3.14,True,1.696,0.33,0.0088,2.026,
1,858,0.69,-0.538,-1.497,-1.738,1.417,3.117,True,1.696,0.33,0.0088,2.026,
1,859,0.69,-0.538,-1.497,-1.717,1.406,3.095,True,1.696,0.33,0.0088,2.026,
1,860,0.69,-0.538,-1.497,-1.697,1.396,3.072,True,1.696,0.33,0.0088,2.026,
1,861,0.69,-0.538,-1.497,-1.677,1.384,3.049,True,1.696,0.33,0.0088,2.026,
1,862,0.69,-0.538,-1.497,-1.656,1.373,3.026,True,1.696,0.33,0.0088,2.026,
1,863,0.69,-0.538,-1.497,-1.636,1.362,3.004,True,1.696,0.33,0.0088,2.026,
1,864,0.69,-0.538,-1.497,-1.616,1.351,2.981,True,1.696,0.33,0.0088,2.026,
1,865,0.69,-0.538,-1.497,-1.596,1.339,2.958,True,1.696,0.33,0.0088,2.026,
1,866,0.69,-0.537,-1.497,-1.576,1.328,2.935,True,1.696,0.33,0.0088,2.026,
1,867,0.69,-0.537,-1.497,-1.557,1.316,2.913,True,1.696,0.33,0.0088,2.026,
1,868,0.69,-0.537,-1.497,-1.537,1.304,2.89,True,1.696,0.33,0.0088,2.026,
1,869,0.69,-0.537,-1.497,-1.517,1.293,2.868,True,1.696,0.33,0.0088,2.026,
1,870,0.69,-0.537,-1.497,-1.498,1.281,2.845,True,1.696,0.33,0.0088,2.026,
1,871,0.69,-0.537,-1.497,-1.478,1.269,2.822,True,1.696,0.33,0.0088,2.026,
1,872,0.69,-0.537,-1.497,-1.459,1.257,2.8,True,1.696,0.33,0.0088,2.026,
1,873,0.69,-0.537,-1.497,-1.44,1.244,2.777,True,1.696,0.33,0.0088,2.026,
1,874,0.69,-0.537,-1.497,-1.421,1.232,2.755,True,1.696,0.33,0.0088,2.026,
1,875,0.69,-0.537,-1.498,-1.402,1.22,2.732,True,1.696,0.33,0.0088,2.026,
1,876,0.69,-0.537,-1.498,-1.383,1.208,2.71,True,1.696,0.33,0.0088,2.026,
1,877,0.69,-0.537,-1.498,-1.364,1.195,2.687,True,1.696,0.33,0.0088,2.026,
1,878,0.69,-0.537,-1.498,-1.345,1.183,2.665,True,1.696,0.33,0.0088,2.026,
1,879,0.69,-0.537,-1.498,-1.327,1.17,2.643,True,1.696,0.33,0.0088,2.026,
1,880,0.69,-0.537,-1.498,-1.308,1.157,2.62,True,1.696,0.33,0.0088,2.026,
1,881,0.69,-0.537,-1.498,-1.29,1.144,2.598,True,1.696,0.33,0.0088,2.026,
1,882,0.69,-0.537,-1.498,-1.271,1.132,2.575,True,1.696,0.33,0.0088,2.026,
1,883,0.69,-0.537,-1.498,-1.253,1.119,2.553,True,1.696,0.33,0.0088,2.026,
1,884,0.69,-0.537,-1.498,-1.235,1.106,2.531,True,1.696,0.33,0.0088,2.026,
1,885,0.69,-0.537,-1.498,-1.217,1.093,2.509,True,1.696,0.33,0.0088,2.026,
1,886,0.69,-0.537,-1.498,-1.199,1.08,2.486,True,1.696,0.33,0.0088,2.026,
1,887,0.69,-0.537,-1.498,-1.181,1.067,2.464,True,1.696,0.33,0.0088,2.026,
1,888,0.69,-0.537,-1.498,-1.163,1.053,2.442,True,1.696,0.33,0.0088,2.026,
1,889,0.69,-0.537,-1.498,-1.145,1.04,2.42,True,1.696,0.33,0.0088,2.026,
1,890,0.69,-0.537,-1.498,-1.127,1.027,2.398,True,1.696,0.33,0.0088,2.026,
1,891,0.69,-0.537,-1.498,-1.109,1.013,2.375,True,1.696,0.33,0.0088,2.026,
1,892,0.69,-0.537,-1.498,-1.092,1.0,2.353,True,1.696,0.33,0.0088,2.026,
1,893,0.69,-0.537,-1.498,-1.074,0.986,2.331,True,1.696,0.33,0.0088,2.026,
1,894,0.69,-0.537,-1.498,-1.057,0.973,2.309,True,1.696,0.33,0.0088,2.026,
1,895,0.69,-0.537,-1.498,-1.039,0.959,2.287,True,1.696,0.33,0.0088,2.026,
1,896,0.69,-0.537,-1.498,-1.022,0.946,2.265,True,1.696,0.33,0.0088,2.026,
1,897,0.69,-0.537,-1.498,-1.005,0.932,2.243,True,1.696,0.33,0.0088,2.026,
1,898,0.69,-0.537,-1.498,-0.988,0.918,2.221,True,1.696,0.33,0.0088,2.026,
1,899,0.69,-0.537,-1.498,-0.971,0.905,2.199,True,1.696,0.33,0.0088,2.026,
1,900,0.69,-0.537,-1.498,-0.954,0.891,2.177,True,1.696,0.33,0.0088,2.026,
1,901,0.69,-0.537,-1.498,-0.937,0.877,2.155,True,1.696,0.33,0.0088,2.026,
1,902,0.69,-0.537,-1.498,-0.92,0.863,2.133,True,1.783,0.366,0.0098,2.149,
1,903,0.69,-0.537,-1.498,-0.903,0.849,2.112,True,1.833,0.439,0.0117,2.272,
1,904,0.69,-0.537,-1.498,-0.886,0.835,2.09,True,1.803,0.513,0.0137,2.316,
1,905,0.69,-0.537,-1.498,-0.869,0.821,2.068,True,1.747,0.586,0.0156,2.333,
1,906,0.69,-0.537,-1.498,-0.853,0.807,2.046,True,1.685,0.659,0.0176,2.345,
1,907,0.69,-0.537,-1.498,-0.836,0.793,2.024,True,1.627,0.732,0.0195,2.359,
1,908,0.69,-0.537,-1.498,-0.82,0.779,2.003,True,1.573,0.806,0.0215,2.379,
1,909,0.69,-0.537,-1.498,-0.803,0.765,1.981,True,1.525,0.879,0.0234,2.404,
1,910,0.69,-0.537,-1.498,-0.787,0.75,1.959,True,1.511,0.916,0.0244,2.426,
1,911,0.69,-0.537,-1.498,-0.77,0.736,1.937,True,1.455,1.025,0.0273,2.48,
1,912,0.69,-0.537,-1.498,-0.754,0.722,1.916,True,1.441,1.062,0.0283,2.504,
1,913,0.69,-0.537,-1.498,-0.738,0.708,1.894,True,1.375,1.245,0.0332,2.62,
1,914,0.69,-0.537,-1.498,-0.722,0.693,1.872,True,1.355,1.318,0.0352,2.674,
1,915,0.69,-0.537,-1.498,-0.705,0.679,1.851,True,1.33,1.428,0.0381,2.759,
1,916,0.69,-0.537,-1.498,-0.689,0.664,1.829,True,1.315,1.501,0.04,2.817,
1,917,0.69,-0.537,-1.498,-0.673,0.65,1.808,True,1.282,1.648,0.0439,2.93,
1,918,0.69,-0.537,-1.498,-0.657,0.636,1.786,True,1.264,1.758,0.0469,3.022,
1,919,0.69,-0.537,-1.498,-0.641,0.621,1.764,True,1.249,1.904,0.0508,3.154,
1,920,0.69,-0.537,-1.498,-0.625,0.607,1.743,True,1.228,2.087,0.0557,3.316,
1,921,0.69,-0.537,-1.498,-0.609,0.592,1.721,True,1.22,2.197,0.0586,3.417,
1,922,0.69,-0.537,-1.498,-0.594,0.577,1.7,True,1.209,2.307,0.0615,3.516,
1,923,0.69,-0.537,-1.498,-0.578,0.563,1.678,True,1.203,2.454,0.0654,3.656,
1,924,0.69,-0.537,-1.498,-0.562,0.548,1.657,True,1.19,2.637,0.0703,3.827,
1,925,0.69,-0.537,-1.498,-0.546,0.534,1.635,True,1.181,2.747,0.0732,3.928,
1,926,0.69,-0.537,-1.498,-0.531,0.519,1.614,True,1.172,2.966,0.0791,4.138,
1,927,0.69,-0.537,-1.498,-0.515,0.504,1.593,True,1.213,2.71,0.0723,3.923,
1,928,0.69,-0.537,-1.498,-0.499,0.49,1.571,True,1.246,2.637,0.0703,3.883,
1,929,0.69,-0.537,-1.498,-0.484,0.475,1.55,True,1.297,2.417,0.0645,3.714,
1,930,0.69,-0.537,-1.498,-0.468,0.46,1.528,True,1.354,2.124,0.0566,3.478,
1,931,0.69,-0.537,-1.498,-0.453,0.446,1.507,True,1.406,1.868,0.0498,3.274,
1,932,0.69,-0.537,-1.498,-0.437,0.431,1.486,True,1.469,1.538,0.041,3.007,
1,933,0.69,-0.537,-1.498,-0.422,0.416,1.464,True,1.541,1.318,0.0352,2.859,
1,934,0.69,-0.537,-1.498,-0.406,0.401,1.443,True,1.625,1.062,0.0283,2.688,
1,935,0.69,-0.537,-1.498,-0.391,0.386,1.422,True,1.631,0.952,0.0254,2.583,
1,936,0.69,-0.537,-1.498,-0.376,0.372,1.4,True,1.926,0.549,0.0146,2.475,
1,937,0.69,-0.537,-1.498,-0.36,0.357,1.379,True,1.968,0.366,0.0098,2.334,
1,938,0.69,-0.537,-1.498,-0.345,0.342,1.358,True,1.696,0.33,0.0088,2.025,
1,939,0.69,-0.537,-1.498,-0.33,0.327,1.336,True,1.696,0.33,0.0088,2.025,
1,940,0.69,-0.537,-1.498,-0.315,0.312,1.315,True,1.696,0.33,0.0088,2.025,
1,941,0.69,-0.537,-1.498,-0.299,0.297,1.294,True,1.696,0.33,0.0088,2.025,
1,942,0.69,-0.537,-1.498,-0.284,0.282,1.273,True,1.696,0.33,0.0088,2.025,
1,943,0.69,-0.537,-1.498,-0.269,0.267,1.252,True,1.696,0.33,0.0088,2.025,
1,944,0.69,-0.537,-1.498,-0.254,0.253,1.23,True,1.696,0.33,0.0088,2.025,
1,945,0.69,-0.537,-1.498,-0.239,0.238,1.209,True,1.696,0.33,0.0088,2.025,
1,946,0.69,-0.537,-1.498,-0.224,0.223,1.188,True,1.696,0.33,0.0088,2.025,
1,947,0.69,-0.537,-1.498,-0.208,0.208,1.167,True,1.696,0.33,0.0088,2.025,
1,948,0.69,-0.537,-1.498,-0.193,0.193,1.146,True,1.696,0.33,0.0088,2.025,
1,949,0.69,-0.537,-1.498,-0.178,0.178,1.124,True,1.696,0.33,0.0088,2.025,
1,950,0.69,-0.537,-1.498,-0.163,0.163,1.103,True,1.696,0.33,0.0088,2.025,
1,951,0.69,-0.537,-1.498,-0.148,0.148,1.082,True,1.696,0.33,0.0088,2.025,
1,952,0.69,-0.537,-1.498,-0.133,0.133,1.061,True,1.696,0.33,0.0088,2.025,
1,953,0.69,-0.536,-1.498,-0.118,0.118,1.04,True,1.696,0.33,0.0088,2.025,
1,954,0.69,-0.536,-1.498,-0.103,0.103,1.019,True,1.696,0.33,0.0088,2.025,
1,955,0.69,-0.536,-1.498,-0.088,0.088,0.998,True,1.696,0.33,0.0088,2.025,
1,956,0.69,-0.536,-1.498,-0.073,0.073,0.977,True,1.696,0.33,0.0088,2.025,
1,957,0.69,-0.536,-1.498,-0.058,0.058,0.955,True,1.696,0.33,0.0088,2.025,
1,958,0.69,-0.536,-1.498,-0.043,0.043,0.934,True,1.696,0.33,0.0088,2.025,
1,959,0.69,-0.536,-1.498,-0.028,0.028,0.913,True,1.696,0.33,0.0088,2.025,
1,960,0.69,-0.536,-1.498,-0.013,0.013,0.892,True,1.696,0.33,0.0088,2.025,
1,961,0.69,-0.536,-1.498,0.002,-0.002,0.871,True,1.696,0.33,0.0088,2.025,
1,962,0.69,-0.536,-1.498,0.017,-0.017,0.85,True,1.696,0.33,0.0088,2.025,
1,963,0.69,-0.536,-1.498,0.032,-0.032,0.829,True,1.696,0.33,0.0088,2.025,
1,964,0.69,-0.536,-1.498,0.047,-0.047,0.808,True,1.696,0.33,0.0088,2.025,
1,965,0.69,-0.536,-1.498,0.062,-0.062,0.787,True,1.696,0.33,0.0088,2.025,
1,966,0.69,-0.536,-1.498,0.077,-0.077,0.766,True,1.696,0.33,0.0088,2.025,
1,967,0.69,-0.536,-1.498,0.092,-0.092,0.745,True,1.696,0.33,0.0088,2.025,
1,968,0.69,-0.536,-1.498,0.107,-0.107,0.724,True,1.696,0.33,0.0088,2.025,
1,969,0.69,-0.536,-1.498,0.122,-0.122,0.703,True,1.696,0.33,0.0088,2.025,
1,970,0.69,-0.536,-1.498,0.137,-0.137,0.682,True,1.696,0.33,0.0088,2.025,
1,971,0.69,-0.536,-1.498,0.152,-0.152,0.661,True,1.696,0.33,0.0088,2.025,
1,972,0.69,-0.536,-1.498,0.167,-0.167,0.64,True,1.696,0.33,0.0088,2.025,
1,973,0.69,-0.536,-1.498,0.182,-0.182,0.619,True,1.696,0.33,0.0088,2.025,
1,974,0.69,-0.536,-1.498,0.197,-0.197,0.598,True,1.696,0.33,0.0088,2.025,
1,975,0.69,-0.536,-1.498,0.213,-0.212,0.577,True,1.696,0.33,0.0088,2.025,
1,976,0.69,-0.536,-1.498,0.228,-0.227,0.557,True,1.696,0.33,0.0088,2.025,
1,977,0.69,-0.536,-1.498,0.243,-0.242,0.536,True,1.696,0.33,0.0088,2.025,
1,978,0.69,-0.536,-1.498,0.258,-0.257,0.515,True,1.696,0.33,0.0088,2.025,
1,979,0.69,-0.536,-1.498,0.273,-0.272,0.494,True,1.696,0.33,0.0088,2.025,
1,980,0.69,-0.536,-1.498,0.288,-0.286,0.473,True,1.696,0.33,0.0088,2.025,
1,981,0.69,-0.536,-1.498,0.304,-0.301,0.452,True,1.696,0.33,0.0088,2.025,
1,982,0.69,-0.536,-1.498,0.319,-0.316,0.432,True,1.696,0.33,0.0088,2.025,
1,983,0.69,-0.536,-1.498,0.334,-0.331,0.411,True,1.696,0.33,0.0088,2.025,
1,984,0.69,-0.536,-1.498,0.349,-0.346,0.39,True,1.696,0.33,0.0088,2.025,
1,985,0.69,-0.536,-1.498,0.365,-0.361,0.37,True,1.696,0.33,0.0088,2.025,
1,986,0.69,-0.536,-1.498,0.38,-0.376,0.349,True,1.696,0.33,0.0088,2.025,
1,987,0.69,-0.536,-1.498,0.395,-0.39,0.329,True,1.696,0.33,0.0088,2.025,
1,988,0.69,-0.536,-1.498,0.411,-0.405,0.309,True,1.696,0.33,0.0088,2.025,
1,989,0.69,-0.536,-1.498,0.426,-0.42,0.289,True,1.696,0.33,0.0088,2.025,
1,990,0.69,-0.536,-1.498,0.441,-0.435,0.269,True,1.696,0.33,0.0088,2.025,
1,991,0.69,-0.536,-1.498,0.457,-0.45,0.249,True,1.696,0.33,0.0088,2.025,
1,992,0.69,-0.536,-1.498,0.472,-0.464,0.229,True,1.696,0.33,0.0088,2.025,
1,993,0.69,-0.536,-1.498,0.488,-0.479,0.21,True,1.696,0.33,0.0088,2.025,
1,994,0.69,-0.536,-1.498,0.504,-0.494,0.191,True,1.696,0.33,0.0088,2.025,
1,995,0.69,-0.536,-1.498,0.519,-0.508,0.173,True,1.696,0.33,0.0088,2.025,
1,996,0.69,-0.536,-1.498,0.535,-0.523,0.156,True,1.696,0.33,0.0088,2.025,
1,997,0.69,-0.536,-1.498,0.551,-0.538,0.14,True,1.696,0.33,0.0088,2.025,
1,998,0.69,-0.536,-1.498,0.566,-0.552,0.125,True,1.696,0.33,0.0088,2.025,
1,999,0.69,-0.536,-1.498,0.582,-0.567,0.112,True,1.696,0.33,0.0088,2.025,
1,1000,0.69,-0.536,-1.498,0.598,-0.581,0.103,True,1.696,0.33,0.0088,2.025,
1,1001,0.69,-0.536,-1.498,0.614,-0.596,0.097,True,1.696,0.33,0.0088,2.025,
1,1002,0.69,-0.536,-1.498,0.63,-0.611,0.096,True,1.696,0.33,0.0088,2.025,
1,1003,0.69,-0.536,-1.498,0.646,-0.625,0.099,True,1.696,0.33,0.0088,2.025,
1,1004,0.69,-0.536,-1.498,0.662,-0.639,0.107,True,1.696,0.33,0.0088,2.025,
1,1005,0.69,-0.536,-1.498,0.678,-0.654,0.118,True,1.696,0.33,0.0088,2.025,
1,1006,0.69,-0.536,-1.498,0.694,-0.668,0.132,True,1.696,0.33,0.0088,2.025,
1,1007,0.69,-0.536,-1.498,0.71,-0.683,0.148,True,1.696,0.33,0.0088,2.025,
1,1008,0.69,-0.536,-1.498,0.726,-0.697,0.165,True,1.696,0.33,0.0088,2.025,
1,1009,0.69,-0.536,-1.498,0.742,-0.711,0.183,True,1.696,0.33,0.0088,2.025,
1,1010,0.69,-0.536,-1.498,0.758,-0.726,0.202,True,1.696,0.33,0.0088,2.025,
1,1011,0.69,-0.536,-1.498,0.775,-0.74,0.221,True,1.696,0.33,0.0088,2.025,
1,1012,0.69,-0.536,-1.498,0.791,-0.754,0.24,True,1.696,0.33,0.0088,2.025,
1,1013,0.69,-0.536,-1.498,0.808,-0.768,0.26,True,1.696,0.33,0.0088,2.025,
1,1014,0.69,-0.536,-1.498,0.824,-0.783,0.28,True,1.696,0.33,0.0088,2.025,
1,1015,0.69,-0.536,-1.498,0.841,-0.797,0.301,True,1.696,0.33,0.0088,2.025,
1,1016,0.69,-0.536,-1.498,0.857,-0.811,0.322,True,1.696,0.33,0.0088,2.025,
1,1017,0.69,-0.536,-1.498,0.874,-0.825,0.342,True,1.696,0.33,0.0088,2.025,
1,1018,0.69,-0.536,-1.498,0.891,-0.839,0.363,True,1.696,0.33,0.0088,2.025,
1,1019,0.69,-0.536,-1.498,0.907,-0.853,0.384,True,1.696,0.33,0.0088,2.025,
1,1020,0.69,-0.536,-1.498,0.924,-0.867,0.405,True,1.696,0.33,0.0088,2.025,
1,1021,0.69,-0.536,-1.498,0.941,-0.881,0.426,True,1.696,0.33,0.0088,2.025,
1,1022,0.69,-0.536,-1.498,0.958,-0.894,0.448,True,1.696,0.33,0.0088,2.025,
1,1023,0.69,-0.536,-1.498,0.975,-0.908,0.469,True,1.696,0.33,0.0088,2.025,
1,1024,0.69,-0.536,-1.498,0.992,-0.922,0.49,True,1.696,0.33,0.0088,2.025,
1,1025,0.69,-0.536,-1.498,1.01,-0.936,0.512,True,1.696,0.33,0.0088,2.025,
1,1026,0.69,-0.536,-1.498,1.027,-0.949,0.533,True,1.696,0.33,0.0088,2.025,
1,1027,0.69,-0.536,-1.498,1.044,-0.963,0.555,True,1.696,0.33,0.0088,2.025,
1,1028,0.69,-0.536,-1.498,1.062,-0.977,0.576,True,1.696,0.33,0.0088,2.025,
1,1029,0.69,-0.536,-1.498,1.079,-0.99,0.598,True,1.696,0.33,0.0088,2.025,
1,1030,0.69,-0.536,-1.498,1.097,-1.004,0.62,True,1.696,0.33,0.0088,2.025,
1,1031,0.69,-0.536,-1.498,1.114,-1.017,0.641,True,1.696,0.33,0.0088,2.025,
1,1032,0.69,-0.536,-1.498,1.132,-1.03,0.663,True,1.696,0.33,0.0088,2.025,
1,1033,0.69,-0.536,-1.498,1.15,-1.044,0.685,True,1.696,0.33,0.0088,2.025,
1,1034,0.69,-0.536,-1.498,1.168,-1.057,0.707,True,1.696,0.33,0.0088,2.025,
1,1035,0.69,-0.536,-1.498,1.185,-1.07,0.728,True,1.696,0.33,0.0088,2.025,
1,1036,0.69,-0.536,-1.498,1.203,-1.083,0.75,True,1.696,0.33,0.0088,2.025,
1,1037,0.69,-0.536,-1.498,1.222,-1.096,0.772,True,1.696,0.33,0.0088,2.025,
1,1038,0.69,-0.536,-1.498,1.24,-1.109,0.794,True,1.696,0.33,0.0088,2.025,
1,1039,0.69,-0.536,-1.498,1.258,-1.122,0.816,True,1.696,0.33,0.0088,2.025,
1,1040,0.69,-0.536,-1.498,1.276,-1.135,0.838,True,1.696,0.33,0.0088,2.025,
1,1041,0.69,-0.536,-1.498,1.295,-1.148,0.86,True,1.696,0.33,0.0088,2.025,
1,1042,0.69,-0.536,-1.498,1.313,-1.161,0.882,True,1.696,0.33,0.0088,2.025,
1,1043,0.69,-0.536,-1.498,1.332,-1.173,0.904,True,1.696,0.33,0.0088,2.025,
1,1044,0.69,-0.536,-1.498,1.351,-1.186,0.926,True,1.696,0.33,0.0088,2.025,
1,1045,0.69,-0.536,-1.498,1.369,-1.198,0.949,True,1.696,0.33,0.0088,2.025,
1,1046,0.69,-0.536,-1.498,1.388,-1.211,0.971,True,1.696,0.33,0.0088,2.025,
1,1047,0.69,-0.536,-1.498,1.407,-1.223,0.993,True,1.696,0.33,0.0088,2.025,
1,1048,0.69,-0.536,-1.498,1.426,-1.236,1.015,True,1.696,0.33,0.0088,2.025,
1,1049,0.69,-0.536,-1.498,1.445,-1.248,1.038,True,1.696,0.33,0.0088,2.025,
1,1050,0.69,-0.536,-1.498,1.464,-1.26,1.06,True,1.696,0.33,0.0088,2.025,
1,1051,0.69,-0.536,-1.498,1.484,-1.272,1.082,True,1.696,0.33,0.0088,2.025,
1,1052,0.69,-0.536,-1.498,1.503,-1.284,1.105,True,1.696,0.33,0.0088,2.025,
1,1053,0.69,-0.536,-1.498,1.523,-1.296,1.127,True,1.696,0.33,0.0088,2.025,
1,1054,0.69,-0.536,-1.498,1.542,-1.308,1.149,True,1.696,0.33,0.0088,2.025,
1,1055,0.69,-0.536,-1.498,1.562,-1.319,1.172,True,1.696,0.33,0.0088,2.025,
1,1056,0.69,-0.536,-1.498,1.582,-1.331,1.194,True,1.696,0.33,0.0088,2.025,
1,1057,0.69,-0.536,-1.498,1.602,-1.342,1.217,True,1.696,0.33,0.0088,2.025,
1,1058,0.69,-0.536,-1.498,1.622,-1.354,1.239,True,1.696,0.33,0.0088,2.025,
1,1059,0.69,-0.536,-1.498,1.642,-1.365,1.262,True,1.696,0.33,0.0088,2.025,
1,1060,0.69,-0.536,-1.498,1.662,-1.376,1.285,True,1.696,0.33,0.0088,2.025,
1,1061,0.69,-0.536,-1.498,1.682,-1.387,1.307,True,1.696,0.33,0.0088,2.025,
1,1062,0.69,-0.536,-1.498,1.702,-1.399,1.33,True,1.696,0.33,0.0088,2.025,
1,1063,0.69,-0.536,-1.498,1.723,-1.409,1.352,True,1.696,0.33,0.0088,2.025,
1,1064,0.69,-0.536,-1.498,1.744,-1.42,1.375,True,1.696,0.33,0.0088,2.025,
1,1065,0.69,-0.536,-1.498,1.764,-1.431,1.398,True,1.696,0.33,0.0088,2.025,
1,1066,0.69,-0.536,-1.498,1.785,-1.441,1.421,True,1.696,0.33,0.0088,2.025,
1,1067,0.69,-0.536,-1.498,1.806,-1.452,1.443,True,1.696,0.33,0.0088,2.025,
1,1068,0.69,-0.536,-1.498,1.827,-1.462,1.466,True,1.696,0.33,0.0088,2.025,
1,1069,0.69,-0.536,-1.498,1.848,-1.472,1.489,True,1.696,0.33,0.0088,2.025,
1,1070,0.69,-0.536,-1.498,1.869,-1.483,1.512,True,1.696,0.33,0.0088,2.025,
1,1071,0.69,-0.536,-1.498,1.89,-1.493,1.535,True,1.696,0.33,0.0088,2.025,
1,1072,0.69,-0.536,-1.498,1.912,-1.502,1.558,True,1.696,0.33,0.0088,2.025,
1,1073,0.69,-0.536,-1.498,1.933,-1.512,1.581,True,1.696,0.33,0.0088,2.025,
1,1074,0.69,-0.536,-1.498,1.955,-1.522,1.603,True,1.696,0.33,0.0088,2.025,
1,1075,0.69,-0.536,-1.498,1.977,-1.531,1.626,True,1.696,0.33,0.0088,2.025,
1,1076,0.69,-0.536,-1.498,1.999,-1.54,1.649,True,1.696,0.33,0.0088,2.025,
1,1077,0.69,-0.536,-1.498,2.021,-1.55,1.672,True,1.696,0.33,0.0088,2.025,
1,1078,0.69,-0.536,-1.498,2.043,-1.559,1.695,True,1.696,0.33,0.0088,2.025,
1,1079,0.69,-0.536,-1.498,2.065,-1.567,1.718,True,1.696,0.33,0.0088,2.025,
1,1080,0.69,-0.536,-1.498,2.087,-1.576,1.742,True,1.696,0.33,0.0088,2.025,
1,1081,0.69,-0.536,-1.498,2.109,-1.585,1.765,True,1.696,0.33,0.0088,2.025,
1,1082,0.69,-0.536,-1.498,2.132,-1.593,1.788,True,1.696,0.33,0.0088,2.025,
1,1083,0.69,-0.536,-1.498,2.155,-1.601,1.811,True,1.696,0.33,0.0088,2.025,
1,1084,0.69,-0.536,-1.498,2.177,-1.61,1.834,True,1.696,0.33,0.0088,2.025,
1,1085,0.69,-0.536,-1.498,2.2,-1.617,1.857,True,1.696,0.33,0.0088,2.025,
1,1086,0.69,-0.536,-1.498,2.223,-1.625,1.88,True,1.696,0.33,0.0088,2.025,
1,1087,0.69,-0.536,-1.498,2.246,-1.633,1.903,True,1.696,0.33,0.0088,2.025,
1,1088,0.69,-0.536,-1.498,2.269,-1.64,1.927,True,1.696,0.33,0.0088,2.025,
1,1089,0.69,-0.536,-1.498,2.292,-1.648,1.95,True,1.696,0.33,0.0088,2.025,
1,1090,0.69,-0.536,-1.498,2.316,-1.655,1.973,True,1.696,0.33,0.0088,2.025,
1,1091,0.691,-0.536,-1.498,2.339,-1.662,1.996,True,1.696,0.33,0.0088,2.025,
1,1092,0.691,-0.536,-1.498,2.363,-1.668,2.02,True,1.696,0.33,0.0088,2.025,
1,1093,0.691,-0.536,-1.498,2.386,-1.675,2.043,True,1.696,0.33,0.0088,2.025,
1,1094,0.691,-0.536,-1.498,2.41,-1.681,2.066,True,1.696,0.33,0.0088,2.025,
1,1095,0.691,-0.536,-1.498,2.434,-1.687,2.089,True,1.696,0.33,0.0088,2.025,
1,1096,0.691,-0.536,-1.498,2.458,-1.693,2.113,True,1.696,0.33,0.0088,2.025,
1,1097,0.691,-0.536,-1.498,2.482,-1.699,2.136,True,1.696,0.33,0.0088,2.025,
1,1098,0.691,-0.536,-1.498,2.506,-1.704,2.159,True,1.696,0.33,0.0088,2.025,
1,1099,0.691,-0.536,-1.498,2.53,-1.71,2.182,True,1.696,0.33,0.0088,2.025,
1,1100,0.691,-0.536,-1.498,2.555,-1.715,2.206,True,1.696,0.33,0.0088,2.025,
1,1101,0.691,-0.536,-1.498,2.579,-1.72,2.229,True,1.696,0.33,0.0088,2.025,
1,1102,0.691,-0.536,-1.498,2.604,-1.725,2.252,True,1.696,0.33,0.0088,2.025,
1,1103,0.691,-0.536,-1.498,2.628,-1.729,2.276,True,1.696,0.33,0.0088,2.025,
1,1104,0.691,-0.536,-1.498,2.653,-1.733,2.299,True,1.696,0.33,0.0088,2.025,
1,1105,0.691,-0.536,-1.498,2.678,-1.737,2.322,True,1.696,0.33,0.0088,2.025,
1,1106,0.691,-0.536,-1.498,2.703,-1.741,2.346,True,1.696,0.33,0.0088,2.025,
1,1107,0.691,-0.536,-1.498,2.728,-1.745,2.369,True,1.696,0.33,0.0088,2.025,
1,1108,0.691,-0.536,-1.498,2.753,-1.748,2.392,True,1.696,0.33,0.0088,2.025,
1,1109,0.691,-0.536,-1.498,2.778,-1.751,2.415,True,1.696,0.33,0.0088,2.025,
1,1110,0.691,-0.536,-1.498,2.803,-1.754,2.439,True,1.696,0.33,0.0088,2.025,
1,1111,0.691,-0.536,-1.498,2.828,-1.756,2.462,True,1.696,0.33,0.0088,2.025,
1,1112,0.691,-0.536,-1.498,2.854,-1.759,2.485,True,1.696,0.33,0.0088,2.025,
1,1113,0.691,-0.536,-1.498,2.879,-1.761,2.508,True,1.696,0.33,0.0088,2.025,
1,1114,0.691,-0.536,-1.498,2.905,-1.763,2.532,True,1.696,0.33,0.0088,2.025,
1,1115,0.691,-0.536,-1.498,2.931,-1.764,2.555,True,1.696,0.33,0.0088,2.025,
1,1116,0.691,-0.536,-1.498,2.956,-1.765,2.578,True,1.696,0.33,0.0088,2.025,
1,1117,0.691,-0.536,-1.498,2.982,-1.766,2.601,True,1.696,0.33,0.0088,2.025,
1,1118,0.691,-0.536,-1.498,3.008,-1.767,2.624,True,1.696,0.33,0.0088,2.025,
1,1119,0.691,-0.536,-1.498,3.034,-1.768,2.647,True,1.696,0.33,0.0088,2.025,
1,1120,0.691,-0.536,-1.498,3.06,-1.768,2.67,True,1.696,0.33,0.0088,2.025,
1,1121,0.691,-0.536,-1.498,3.086,-1.768,2.693,True,1.696,0.33,0.0088,2.025,
1,1122,0.691,-0.536,-1.498,3.112,-1.767,2.716,True,1.696,0.33,0.0088,2.025,
1,1123,0.691,-0.536,-1.498,3.138,-1.767,2.739,True,1.696,0.33,0.0088,2.025,
1,1124,0.691,-0.536,-1.498,3.164,-1.766,2.762,True,1.696,0.33,0.0088,2.025,
1,1125,0.691,-0.536,-1.498,3.19,-1.764,2.785,True,1.696,0.33,0.0088,2.025,
1,1126,0.691,-0.536,-1.498,3.216,-1.763,2.808,True,1.696,0.33,0.0088,2.025,
1,1127,0.691,-0.536,-1.498,3.243,-1.761,2.831,True,1.696,0.33,0.0088,2.025,
1,1128,0.691,-0.536,-1.498,3.269,-1.758,2.854,True,1.696,0.33,0.0088,2.025,
1,1129,0.691,-0.536,-1.498,3.295,-1.756,2.876,True,1.696,0.33,0.0088,2.025,
1,1130,0.691,-0.536,-1.498,3.322,-1.753,2.899,True,1.696,0.33,0.0088,2.025,
1,1131,0.691,-0.536,-1.498,3.348,-1.75,2.922,True,1.696,0.33,0.0088,2.025,
1,1132,0.691,-0.536,-1.498,3.374,-1.746,2.944,True,1.696,0.33,0.0088,2.025,
1,1133,0.691,-0.536,-1.498,3.401,-1.743,2.967,True,1.696,0.33,0.0088,2.025,
1,1134,0.691,-0.536,-1.498,3.427,-1.738,2.989,True,1.696,0.33,0.0088,2.025,
1,1135,0.691,-0.536,-1.498,3.454,-1.734,3.012,True,1.696,0.33,0.0088,2.025,
1,1136,0.691,-0.536,-1.498,3.48,-1.729,3.034,True,1.696,0.33,0.0088,2.025,
1,1137,0.691,-0.536,-1.498,3.506,-1.724,3.056,True,1.696,0.33,0.0088,2.025,
1,1138,0.691,-0.536,-1.498,3.533,-1.718,3.078,True,1.696,0.33,0.0088,2.025,
1,1139,0.691,-0.536,-1.498,3.559,-1.713,3.101,True,1.696,0.33,0.0088,2.025,
1,1140,0.691,-0.536,-1.498,3.585,-1.706,3.123,True,1.696,0.33,0.0088,2.025,
1,1141,0.691,-0.536,-1.498,3.612,-1.7,3.145,True,1.696,0.33,0.0088,2.025,
1,1142,0.691,-0.536,-1.498,3.638,-1.693,3.166,True,1.696,0.33,0.0088,2.025,
1,1143,0.691,-0.536,-1.498,3.664,-1.686,3.188,True,1.696,0.33,0.0088,2.025,
1,1144,0.691,-0.536,-1.498,3.69,-1.678,3.21,True,1.696,0.33,0.0088,2.025,
1,1145,0.691,-0.536,-1.498,3.717,-1.67,3.232,True,1.696,0.33,0.0088,2.025,
1,1146,0.691,-0.536,-1.498,3.743,-1.662,3.253,True,1.696,0.33,0.0088,2.025,
1,1147,0.691,-0.536,-1.498,3.769,-1.653,3.275,True,1.696,0.33,0.0088,2.025,
1,1148,0.691,-0.536,-1.498,3.795,-1.644,3.296,True,1.696,0.33,0.0088,2.025,
1,1149,0.691,-0.536,-1.498,3.821,-1.634,3.317,True,1.696,0.33,0.0088,2.025,
1,1150,0.691,-0.536,-1.498,3.846,-1.624,3.338,True,1.696,0.33,0.0088,2.025,
1,1151,0.691,-0.536,-1.498,3.872,-1.614,3.359,True,1.696,0.33,0.0088,2.025,
1,1152,0.691,-0.536,-1.498,3.898,-1.603,3.38,True,1.696,0.33,0.0088,2.025,
1,1153,0.691,-0.536,-1.498,3.923,-1.592,3.401,True,1.696,0.33,0.0088,2.025,
1,1154,0.691,-0.536,-1.498,3.949,-1.581,3.422,True,1.696,0.33,0.0088,2.025,
1,1155,0.691,-0.536,-1.498,3.974,-1.569,3.442,True,1.696,0.33,0.0088,2.025,
1,1156,0.691,-0.536,-1.498,3.999,-1.557,3.462,True,1.696,0.33,0.0088,2.025,
1,1157,0.691,-0.536,-1.498,4.024,-1.545,3.483,True,1.696,0.33,0.0088,2.025,
1,1158,0.691,-0.536,-1.498,4.049,-1.532,3.503,True,1.696,0.33,0.0088,2.025,
1,1159,0.691,-0.536,-1.498,4.074,-1.518,3.523,True,1.696,0.33,0.0088,2.025,
1,1160,0.691,-0.536,-1.498,4.098,-1.505,3.543,True,1.696,0.33,0.0088,2.025,
1,1161,0.691,-0.536,-1.498,4.123,-1.491,3.562,True,1.696,0.33,0.0088,2.025,
1,1162,0.691,-0.536,-1.498,4.147,-1.476,3.582,True,1.696,0.33,0.0088,2.025,
1,1163,0.691,-0.536,-1.498,4.171,-1.461,3.601,True,1.696,0.33,0.0088,2.025,
1,1164,0.691,-0.536,-1.498,4.195,-1.446,3.621,True,1.696,0.33,0.0088,2.025,
1,1165,0.691,-0.536,-1.498,4.219,-1.431,3.64,True,1.696,0.33,0.0088,2.025,
1,1166,0.691,-0.536,-1.498,4.242,-1.415,3.659,True,1.696,0.33,0.0088,2.025,
1,1167,0.691,-0.536,-1.498,4.265,-1.398,3.677,True,1.696,0.33,0.0088,2.025,
1,1168,0.691,-0.536,-1.498,4.288,-1.381,3.696,True,1.696,0.33,0.0088,2.025,
1,1169,0.691,-0.536,-1.498,4.311,-1.364,3.714,True,1.696,0.33,0.0088,2.025,
1,1170,0.691,-0.536,-1.498,4.334,-1.347,3.732,True,1.696,0.33,0.0088,2.025,
1,1171,0.691,-0.536,-1.498,4.356,-1.329,3.751,True,1.696,0.33,0.0088,2.025,
1,1172,0.691,-0.536,-1.498,4.378,-1.311,3.768,True,1.696,0.33,0.0088,2.025,
1,1173,0.691,-0.536,-1.498,4.4,-1.292,3.786,True,1.696,0.33,0.0088,2.025,
1,1174,0.691,-0.536,-1.498,4.422,-1.273,3.803,True,1.696,0.33,0.0088,2.025,
1,1175,0.691,-0.536,-1.498,4.443,-1.253,3.821,True,1.696,0.33,0.0088,2.025,
1,1176,0.691,-0.536,-1.498,4.464,-1.234,3.838,True,1.696,0.33,0.0088,2.025,
1,1177,0.691,-0.536,-1.498,4.485,-1.214,3.855,True,1.696,0.33,0.0088,2.025,
1,1178,0.691,-0.536,-1.498,4.506,-1.193,3.871,True,1.696,0.33,0.0088,2.025,
1,1179,0.691,-0.536,-1.498,4.526,-1.172,3.888,True,1.696,0.33,0.0088,2.025,
1,1180,0.691,-0.536,-1.498,4.546,-1.151,3.904,True,1.696,0.33,0.0088,2.025,
1,1181,0.691,-0.536,-1.498,4.565,-1.129,3.92,True,1.696,0.33,0.0088,2.025,
1,1182,0.691,-0.536,-1.498,4.584,-1.107,3.935,True,1.696,0.33,0.0088,2.025,
1,1183,0.691,-0.536,-1.498,4.603,-1.085,3.951,True,1.696,0.33,0.0088,2.025,
1,1184,0.691,-0.536,-1.498,4.622,-1.063,3.966,True,1.696,0.33,0.0088,2.025,
1,1185,0.691,-0.536,-1.498,4.64,-1.04,3.981,True,1.696,0.33,0.0088,2.025,
1,1186,0.691,-0.536,-1.498,4.658,-1.016,3.996,True,1.696,0.33,0.0088,2.025,
1,1187,0.691,-0.536,-1.498,4.675,-0.993,4.011,True,1.696,0.33,0.0088,2.025,
1,1188,0.691,-0.536,-1.498,4.692,-0.969,4.025,True,1.696,0.33,0.0088,2.025,
1,1189,0.691,-0.536,-1.498,4.709,-0.945,4.039,True,1.696,0.33,0.0088,2.025,
1,1190,0.691,-0.536,-1.498,4.725,-0.92,4.053,True,1.696,0.33,0.0088,2.025,
1,1191,0.691,-0.536,-1.498,4.741,-0.895,4.066,True,1.696,0.33,0.0088,2.025,
1,1192,0.691,-0.536,-1.498,4.756,-0.87,4.079,True,1.696,0.33,0.0088,2.025,
1,1193,0.691,-0.536,-1.498,4.771,-0.845,4.092,True,1.696,0.33,0.0088,2.025,
1,1194,0.691,-0.536,-1.498,4.786,-0.819,4.105,True,1.696,0.33,0.0088,2.025,
1,1195,0.691,-0.536,-1.498,4.8,-0.793,4.118,True,1.696,0.33,0.0088,2.025,
1,1196,0.691,-0.536,-1.498,4.814,-0.767,4.13,True,1.696,0.33,0.0088,2.025,
1,1197,0.691,-0.536,-1.498,4.827,-0.74,4.142,True,1.696,0.33,0.0088,2.025,
1,1198,0.691,-0.536,-1.498,4.84,-0.714,4.153,True,1.696,0.33,0.0088,2.025,
1,1199,0.691,-0.536,-1.498,4.853,-0.687,4.165,True,1.696,0.33,0.0088,2.025,
1,1200,0.691,-0.536,-1.498,4.864,-0.659,4.176,True,1.696,0.33,0.0088,2.025,
1,1201,0.691,-0.536,-1.498,4.876,-0.632,4.186,True,1.696,0.33,0.0088,2.025,
1,1202,0.691,-0.536,-1.498,4.887,-0.604,4.197,True,1.696,0.33,0.0088,2.025,
1,1203,0.691,-0.536,-1.498,4.897,-0.576,4.207,True,1.696,0.33,0.0088,2.025,
1,1204,0.691,-0.536,-1.498,4.907,-0.548,4.217,True,1.696,0.33,0.0088,2.025,
1,1205,0.691,-0.536,-1.498,4.917,-0.52,4.226,True,1.696,0.33,0.0088,2.025,
1,1206,0.691,-0.536,-1.498,4.926,-0.492,4.235,True,1.696,0.33,0.0088,2.025,
1,1207,0.691,-0.536,-1.498,4.934,-0.463,4.244,True,1.696,0.33,0.0088,2.025,
1,1208,0.691,-0.536,-1.498,4.943,-0.434,4.253,True,1.696,0.33,0.0088,2.025,
1,1209,0.691,-0.536,-1.498,4.95,-0.405,4.261,True,1.696,0.33,0.0088,2.025,
1,1210,0.691,-0.536,-1.498,4.957,-0.376,4.269,True,1.696,0.33,0.0088,2.025,
1,1211,0.691,-0.536,-1.498,4.963,-0.347,4.277,True,1.696,0.33,0.0088,2.025,
1,1212,0.691,-0.536,-1.498,4.969,-0.318,4.284,True,1.696,0.33,0.0088,2.025,
1,1213,0.691,-0.536,-1.498,4.975,-0.288,4.291,True,1.696,0.33,0.0088,2.025,
1,1214,0.691,-0.536,-1.498,4.98,-0.259,4.298,True,1.696,0.33,0.0088,2.025,
1,1215,0.691,-0.536,-1.498,4.984,-0.229,4.304,True,1.696,0.33,0.0088,2.025,
1,1216,0.691,-0.536,-1.498,4.988,-0.199,4.31,True,1.696,0.33,0.0088,2.025,
1,1217,0.691,-0.536,-1.498,4.991,-0.17,4.316,True,1.696,0.33,0.0088,2.025,
1,1218,0.691,-0.536,-1.498,4.994,-0.14,4.322,True,1.696,0.33,0.0088,2.025,
1,1219,0.691,-0.536,-1.498,4.996,-0.11,4.327,True,1.696,0.33,0.0088,2.025,
1,1220,0.691,-0.536,-1.498,4.998,-0.08,4.331,True,1.696,0.33,0.0088,2.025,
1,1221,0.691,-0.536,-1.498,4.999,-0.05,4.336,True,1.696,0.33,0.0088,2.025,
1,1222,0.691,-0.536,-1.498,5.0,-0.02,4.34,True,1.696,0.33,0.0088,2.025,
1,1223,0.691,-0.536,-1.498,5.0,0.01,4.344,True,1.696,0.33,0.0088,2.025,
1,1224,0.691,-0.536,-1.498,5.0,0.04,4.347,True,1.696,0.33,0.0088,2.025,
1,1225,0.691,-0.536,-1.498,4.999,0.07,4.35,True,1.696,0.33,0.0088,2.025,
1,1226,0.691,-0.536,-1.498,4.997,0.1,4.353,True,1.696,0.33,0.0088,2.025,
1,1227,0.691,-0.536,-1.498,4.995,0.13,4.355,True,1.696,0.33,0.0088,2.025,
1,1228,0.691,-0.536,-1.498,4.992,0.16,4.357,True,1.696,0.33,0.0088,2.025,
1,1229,0.691,-0.536,-1.498,4.989,0.19,4.359,True,1.696,0.33,0.0088,2.025,
1,1230,0.691,-0.536,-1.498,4.986,0.219,4.361,True,1.696,0.33,0.0088,2.025,
1,1231,0.691,-0.536,-1.498,4.981,0.249,4.362,True,1.696,0.33,0.0088,2.025,
1,1232,0.691,-0.536,-1.498,4.977,0.279,4.362,True,1.696,0.33,0.0088,2.025,
1,1233,0.691,-0.536,-1.498,4.971,0.308,4.363,True,1.696,0.33,0.0088,2.025,
1,1234,0.691,-0.536,-1.498,4.965,0.337,4.363,True,1.696,0.33,0.0088,2.025,
1,1235,0.691,-0.536,-1.498,4.959,0.367,4.363,True,1.696,0.33,0.0088,2.025,
1,1236,0.691,-0.536,-1.498,4.952,0.396,4.362,True,1.696,0.33,0.0088,2.025,
1,1237,0.691,-0.536,-1.498,4.945,0.425,4.361,True,1.696,0.33,0.0088,2.025,
1,1238,0.691,-0.536,-1.498,4.937,0.454,4.36,True,1.696,0.33,0.0088,2.025,
1,1239,0.691,-0.536,-1.498,4.929,0.482,4.359,True,1.696,0.33,0.0088,2.025,
1,1240,0.691,-0.536,-1.498,4.92,0.511,4.357,True,1.696,0.33,0.0088,2.025,
1,1241,0.691,-0.536,-1.498,4.911,0.539,4.354,True,1.696,0.33,0.0088,2.025,
1,1242,0.691,-0.536,-1.498,4.901,0.567,4.352,True,1.696,0.33,0.0088,2.025,
1,1243,0.691,-0.536,-1.498,4.89,0.595,4.349,True,1.696,0.33,0.0088,2.025,
1,1244,0.691,-0.536,-1.498,4.88,0.623,4.346,True,1.696,0.33,0.0088,2.025,
1,1245,0.691,-0.536,-1.498,4.868,0.65,4.343,True,1.696,0.33,0.0088,2.025,
1,1246,0.691,-0.536,-1.498,4.856,0.678,4.339,True,1.696,0.33,0.0088,2.025,
1,1247,0.691,-0.536,-1.498,4.844,0.705,4.335,True,1.696,0.33,0.0088,2.025,
1,1248,0.691,-0.536,-1.498,4.832,0.732,4.33,True,1.696,0.33,0.0088,2.025,
1,1249,0.691,-0.536,-1.498,4.818,0.758,4.326,True,1.696,0.33,0.0088,2.025,
1,1250,0.691,-0.536,-1.498,4.805,0.785,4.321,True,1.696,0.33,0.0088,2.025,
1,1251,0.691,-0.536,-1.498,4.791,0.811,4.315,True,1.696,0.33,0.0088,2.025,
1,1252,0.691,-0.536,-1.498,4.776,0.836,4.31,True,1.696,0.33,0.0088,2.025,
1,1253,0.691,-0.536,-1.498,4.761,0.862,4.304,True,1.696,0.33,0.0088,2.025,
1,1254,0.691,-0.536,-1.498,4.746,0.887,4.298,True,1.696,0.33,0.0088,2.025,
1,1255,0.691,-0.536,-1.498,4.73,0.912,4.291,True,1.696,0.33,0.0088,2.025,
1,1256,0.691,-0.536,-1.498,4.714,0.937,4.284,True,1.696,0.33,0.0088,2.025,
1,1257,0.691,-0.536,-1.498,4.698,0.961,4.277,True,1.696,0.33,0.0088,2.025,
1,1258,0.691,-0.536,-1.498,4.681,0.985,4.27,True,1.696,0.33,0.0088,2.025,
1,1259,0.691,-0.536,-1.498,4.663,1.009,4.262,True,1.696,0.33,0.0088,2.025,
1,1260,0.691,-0.536,-1.498,4.646,1.032,4.254,True,1.696,0.33,0.0088,2.025,
1,1261,0.691,-0.536,-1.498,4.628,1.055,4.246,True,1.696,0.33,0.0088,2.025,
1,1262,0.691,-0.536,-1.498,4.609,1.078,4.238,True,1.696,0.33,0.0088,2.025,
1,1263,0.691,-0.536,-1.498,4.591,1.1,4.229,True,1.696,0.33,0.0088,2.025,
1,1264,0.691,-0.536,-1.498,4.572,1.122,4.22,True,1.696,0.33,0.0088,2.025,
1,1265,0.691,-0.536,-1.498,4.552,1.144,4.211,True,1.696,0.33,0.0088,2.025,
1,1266,0.691,-0.536,-1.498,4.532,1.165,4.201,True,1.696,0.33,0.0088,2.025,
1,1267,0.691,-0.536,-1.498,4.512,1.186,4.191,True,1.696,0.33,0.0088,2.025,
1,1268,0.691,-0.536,-1.498,4.492,1.207,4.181,True,1.696,0.33,0.0088,2.025,
1,1269,0.691,-0.536,-1.498,4.471,1.227,4.171,True,1.696,0.33,0.0088,2.025,
1,1270,0.691,-0.536,-1.498,4.45,1.247,4.161,True,1.696,0.33,0.0088,2.025,
1,1271,0.691,-0.536,-1.498,4.429,1.267,4.15,True,1.696,0.33,0.0088,2.025,
1,1272,0.691,-0.536,-1.498,4.407,1.286,4.139,True,1.696,0.33,0.0088,2.025,
1,1273,0.691,-0.536,-1.498,4.386,1.305,4.128,True,1.696,0.33,0.0088,2.025,
1,1274,0.691,-0.536,-1.498,4.364,1.323,4.116,True,1.696,0.33,0.0088,2.025,
1,1275,0.691,-0.536,-1.498,4.341,1.341,4.105,True,1.696,0.33,0.0088,2.025,
1,1276,0.691,-0.536,-1.498,4.319,1.359,4.093,True,1.696,0.33,0.0088,2.025,
1,1277,0.691,-0.536,-1.498,4.296,1.376,4.08,True,1.696,0.33,0.0088,2.025,
1,1278,0.691,-0.536,-1.498,4.273,1.393,4.068,True,1.696,0.33,0.0088,2.025,
1,1279,0.691,-0.536,-1.498,4.25,1.409,4.056,True,1.696,0.33,0.0088,2.025,
1,1280,0.691,-0.536,-1.498,4.226,1.425,4.043,True,1.696,0.33,0.0088,2.025,
1,1281,0.691,-0.536,-1.498,4.203,1.441,4.03,True,1.696,0.33,0.0088,2.025,
1,1282,0.691,-0.536,-1.498,4.179,1.457,4.017,True,1.696,0.33,0.0088,2.025,
1,1283,0.691,-0.536,-1.498,4.155,1.471,4.003,True,1.696,0.33,0.0088,2.025,
1,1284,0.691,-0.536,-1.498,4.131,1.486,3.99,True,1.696,0.33,0.0088,2.025,
1,1285,0.691,-0.536,-1.498,4.106,1.5,3.976,True,1.696,0.33,0.0088,2.025,
1,1286,0.691,-0.536,-1.498,4.082,1.514,3.962,True,1.696,0.33,0.0088,2.025,
1,1287,0.691,-0.536,-1.498,4.057,1.527,3.948,True,1.696,0.33,0.0088,2.025,
1,1288,0.691,-0.536,-1.498,4.032,1.541,3.934,True,1.696,0.33,0.0088,2.025,
1,1289,0.691,-0.536,-1.498,4.007,1.553,3.919,True,1.696,0.33,0.0088,2.025,
1,1290,0.691,-0.536,-1.498,3.982,1.565,3.905,True,1.696,0.33,0.0088,2.025,
1,1291,0.691,-0.536,-1.498,3.957,1.577,3.89,True,1.696,0.33,0.0088,2.025,
1,1292,0.691,-0.536,-1.498,3.931,1.589,3.875,True,1.696,0.33,0.0088,2.025,
1,1293,0.691,-0.536,-1.498,3.906,1.6,3.86,True,1.696,0.33,0.0088,2.025,
1,1294,0.691,-0.536,-1.498,3.88,1.611,3.844,True,1.696,0.33,0.0088,2.025,
1,1295,0.691,-0.536,-1.498,3.855,1.621,3.829,True,1.696,0.33,0.0088,2.025,
1,1296,0.691,-0.536,-1.498,3.829,1.631,3.813,True,1.696,0.33,0.0088,2.025,
1,1297,0.691,-0.536,-1.498,3.803,1.641,3.798,True,1.696,0.33,0.0088,2.025,
1,1298,0.691,-0.536,-1.498,3.777,1.65,3.782,True,1.696,0.33,0.0088,2.025,
1,1299,0.691,-0.536,-1.498,3.751,1.659,3.766,True,1.696,0.33,0.0088,2.025,
1,1300,0.691,-0.536,-1.498,3.725,1.667,3.75,True,1.696,0.33,0.0088,2.025,
1,1301,0.691,-0.536,-1.498,3.699,1.675,3.733,True,1.696,0.33,0.0088,2.025,
1,1302,0.691,-0.536,-1.498,3.673,1.683,3.717,True,1.696,0.33,0.0088,2.025,
1,1303,0.691,-0.536,-1.498,3.647,1.69,3.7,True,1.696,0.33,0.0088,2.025,
1,1304,0.691,-0.536,-1.498,3.62,1.698,3.684,True,1.696,0.33,0.0088,2.025,
1,1305,0.691,-0.536,-1.498,3.594,1.704,3.667,True,1.696,0.33,0.0088,2.025,
1,1306,0.691,-0.536,-1.498,3.568,1.711,3.65,True,1.696,0.33,0.0088,2.025,
1,1307,0.691,-0.536,-1.498,3.541,1.717,3.633,True,1.696,0.33,0.0088,2.025,
1,1308,0.691,-0.536,-1.498,3.515,1.722,3.616,True,1.696,0.33,0.0088,2.025,
1,1309,0.691,-0.536,-1.498,3.489,1.727,3.598,True,1.696,0.33,0.0088,2.025,
1,1310,0.691,-0.536,-1.498,3.462,1.732,3.581,True,1.696,0.33,0.0088,2.025,
1,1311,0.691,-0.536,-1.498,3.436,1.737,3.564,True,1.696,0.33,0.0088,2.025,
1,1312,0.691,-0.536,-1.498,3.409,1.741,3.546,True,1.696,0.33,0.0088,2.025,
1,1313,0.691,-0.536,-1.498,3.383,1.745,3.528,True,1.696,0.33,0.0088,2.025,
1,1314,0.691,-0.536,-1.498,3.357,1.749,3.511,True,1.696,0.33,0.0088,2.025,
1,1315,0.691,-0.535,-1.498,3.33,1.752,3.493,True,1.696,0.33,0.0088,2.025,
1,1316,0.691,-0.535,-1.498,3.304,1.755,3.475,True,1.696,0.33,0.0088,2.025,
1,1317,0.691,-0.535,-1.498,3.278,1.758,3.457,True,1.696,0.33,0.0088,2.025,
1,1318,0.691,-0.535,-1.498,3.251,1.76,3.439,True,1.696,0.33,0.0088,2.025,
1,1319,0.691,-0.535,-1.498,3.225,1.762,3.421,True,1.696,0.33,0.0088,2.025,
1,1320,0.691,-0.535,-1.498,3.199,1.764,3.402,True,1.696,0.33,0.0088,2.025,
1,1321,0.691,-0.535,-1.498,3.173,1.765,3.384,True,1.696,0.33,0.0088,2.025,
1,1322,0.691,-0.535,-1.498,3.146,1.766,3.366,True,1.696,0.33,0.0088,2.025,
1,1323,0.691,-0.535,-1.498,3.12,1.767,3.347,True,1.696,0.33,0.0088,2.025,
1,1324,0.691,-0.535,-1.498,3.094,1.768,3.329,True,1.696,0.33,0.0088,2.025,
1,1325,0.691,-0.535,-1.498,3.068,1.768,3.31,True,1.696,0.33,0.0088,2.025,
1,1326,0.691,-0.535,-1.498,3.042,1.768,3.291,True,1.696,0.33,0.0088,2.025,
1,1327,0.691,-0.535,-1.498,3.016,1.767,3.273,True,1.696,0.33,0.0088,2.025,
1,1328,0.691,-0.535,-1.498,2.99,1.767,3.254,True,1.696,0.33,0.0088,2.025,
1,1329,0.691,-0.535,-1.498,2.965,1.766,3.235,True,1.696,0.33,0.0088,2.025,
1,1330,0.691,-0.535,-1.498,2.939,1.765,3.216,True,1.696,0.33,0.0088,2.025,
1,1331,0.691,-0.535,-1.498,2.913,1.763,3.197,True,1.696,0.33,0.0088,2.025,
1,1332,0.691,-0.535,-1.498,2.888,1.761,3.178,True,1.696,0.33,0.0088,2.025,
1,1333,0.691,-0.535,-1.498,2.862,1.759,3.159,True,1.696,0.33,0.0088,2.025,
1,1334,0.691,-0.535,-1.498,2.837,1.757,3.14,True,1.696,0.33,0.0088,2.025,
1,1335,0.691,-0.535,-1.498,2.811,1.755,3.121,True,1.696,0.33,0.0088,2.025,
1,1336,0.691,-0.535,-1.498,2.786,1.752,3.102,True,1.696,0.33,0.0088,2.025,
1,1337,0.691,-0.535,-1.498,2.761,1.749,3.083,True,1.696,0.33,0.0088,2.025,
1,1338,0.691,-0.535,-1.498,2.736,1.746,3.064,True,1.696,0.33,0.0088,2.025,
1,1339,0.691,-0.535,-1.498,2.711,1.742,3.044,True,1.696,0.33,0.0088,2.025,
1,1340,0.691,-0.535,-1.498,2.686,1.739,3.025,True,1.696,0.33,0.0088,2.025,
1,1341,0.691,-0.535,-1.498,2.661,1.735,3.006,True,1.696,0.33,0.0088,2.025,
1,1342,0.691,-0.535,-1.498,2.636,1.73,2.986,True,1.696,0.33,0.0088,2.025,
1,1343,0.691,-0.535,-1.498,2.612,1.726,2.967,True,1.696,0.33,0.0088,2.025,
1,1344,0.691,-0.535,-1.498,2.587,1.721,2.948,True,1.696,0.33,0.0088,2.025,
1,1345,0.691,-0.535,-1.498,2.563,1.717,2.928,True,1.696,0.33,0.0088,2.025,
1,1346,0.691,-0.535,-1.498,2.538,1.712,2.909,True,1.696,0.33,0.0088,2.025,
1,1347,0.691,-0.535,-1.498,2.514,1.706,2.889,True,1.696,0.33,0.0088,2.025,
1,1348,0.691,-0.535,-1.498,2.49,1.701,2.87,True,1.696,0.33,0.0088,2.025,
1,1349,0.691,-0.535,-1.498,2.466,1.695,2.851,True,1.696,0.33,0.0088,2.025,
1,1350,0.691,-0.535,-1.498,2.442,1.689,2.831,True,1.696,0.33,0.0088,2.025,
1,1351,0.691,-0.535,-1.498,2.418,1.683,2.811,True,1.696,0.33,0.0088,2.025,
1,1352,0.691,-0.535,-1.498,2.394,1.677,2.792,True,1.696,0.33,0.0088,2.025,
1,1353,0.691,-0.535,-1.498,2.37,1.67,2.772,True,1.696,0.33,0.0088,2.025,
1,1354,0.691,-0.535,-1.498,2.347,1.664,2.753,True,1.696,0.33,0.0088,2.025,
1,1355,0.691,-0.535,-1.498,2.323,1.657,2.733,True,1.696,0.33,0.0088,2.025,
1,1356,0.691,-0.535,-1.498,2.3,1.65,2.714,True,1.696,0.33,0.0088,2.025,
1,1357,0.691,-0.535,-1.498,2.277,1.643,2.694,True,1.696,0.33,0.0088,2.025,
1,1358,0.691,-0.535,-1.498,2.253,1.635,2.675,True,1.696,0.33,0.0088,2.025,
1,1359,0.691,-0.535,-1.498,2.23,1.628,2.655,True,1.696,0.33,0.0088,2.025,
1,1360,0.691,-0.535,-1.498,2.207,1.62,2.636,True,1.696,0.33,0.0088,2.025,
1,1361,0.691,-0.535,-1.498,2.185,1.612,2.616,True,1.696,0.33,0.0088,2.025,
1,1362,0.691,-0.535,-1.498,2.162,1.604,2.596,True,1.696,0.33,0.0088,2.025,
1,1363,0.691,-0.535,-1.498,2.139,1.596,2.577,True,1.696,0.33,0.0088,2.025,
1,1364,0.691,-0.535,-1.498,2.117,1.588,2.557,True,1.696,0.33,0.0088,2.025,
1,1365,0.691,-0.535,-1.498,2.094,1.579,2.538,True,1.696,0.33,0.0088,2.025,
1,1366,0.691,-0.535,-1.498,2.072,1.57,2.518,True,1.696,0.33,0.0088,2.025,
1,1367,0.691,-0.535,-1.498,2.05,1.561,2.499,True,1.696,0.33,0.0088,2.025,
1,1368,0.691,-0.535,-1.498,2.028,1.553,2.479,True,1.696,0.33,0.0088,2.025,
1,1369,0.691,-0.535,-1.498,2.006,1.543,2.46,True,1.696,0.33,0.0088,2.025,
1,1370,0.691,-0.535,-1.498,1.984,1.534,2.44,True,1.696,0.33,0.0088,2.025,
1,1371,0.691,-0.535,-1.498,1.962,1.525,2.421,True,1.696,0.33,0.0088,2.025,
1,1372,0.691,-0.535,-1.498,1.94,1.515,2.401,True,1.696,0.33,0.0088,2.025,
1,1373,0.691,-0.535,-1.498,1.919,1.506,2.382,True,1.696,0.33,0.0088,2.025,
1,1374,0.691,-0.535,-1.498,1.897,1.496,2.363,True,1.696,0.33,0.0088,2.025,
1,1375,0.691,-0.535,-1.498,1.876,1.486,2.343,True,1.696,0.33,0.0088,2.025,
1,1376,0.691,-0.535,-1.498,1.855,1.476,2.324,True,1.696,0.33,0.0088,2.025,
1,1377,0.691,-0.535,-1.498,1.834,1.466,2.304,True,1.696,0.33,0.0088,2.025,
1,1378,0.691,-0.535,-1.498,1.813,1.455,2.285,True,1.696,0.33,0.0088,2.025,
1,1379,0.691,-0.535,-1.498,1.792,1.445,2.266,True,1.696,0.33,0.0088,2.025,
1,1380,0.691,-0.535,-1.498,1.771,1.434,2.247,True,1.696,0.33,0.0088,2.025,
1,1381,0.691,-0.535,-1.498,1.75,1.424,2.227,True,1.696,0.33,0.0088,2.025,
1,1382,0.691,-0.535,-1.498,1.73,1.413,2.208,True,1.696,0.33,0.0088,2.025,
1,1383,0.691,-0.535,-1.498,1.709,1.402,2.189,True,1.696,0.33,0.0088,2.025,
1,1384,0.691,-0.535,-1.498,1.689,1.391,2.17,True,1.696,0.33,0.0088,2.025,
1,1385,0.691,-0.535,-1.498,1.668,1.38,2.151,True,1.696,0.33,0.0088,2.025,
1,1386,0.691,-0.535,-1.498,1.648,1.369,2.131,True,1.696,0.33,0.0088,2.025,
1,1387,0.691,-0.535,-1.498,1.628,1.358,2.112,True,1.696,0.33,0.0088,2.025,
1,1388,0.691,-0.535,-1.498,1.608,1.346,2.093,True,1.696,0.33,0.0088,2.025,
1,1389,0.691,-0.535,-1.498,1.588,1.335,2.074,True,1.696,0.33,0.0088,2.025,
1,1390,0.691,-0.535,-1.498,1.568,1.323,2.055,True,1.696,0.33,0.0088,2.025,
1,1391,0.691,-0.535,-1.498,1.549,1.311,2.036,True,1.696,0.33,0.0088,2.025,
1,1392,0.691,-0.535,-1.498,1.529,1.3,2.018,True,1.696,0.33,0.0088,2.025,
1,1393,0.691,-0.535,-1.498,1.509,1.288,1.999,True,1.696,0.33,0.0088,2.025,
1,1394,0.691,-0.535,-1.498,1.49,1.276,1.98,True,1.696,0.33,0.0088,2.025,
1,1395,0.691,-0.535,-1.498,1.471,1.264,1.961,True,1.696,0.33,0.0088,2.025,
1,1396,0.691,-0.535,-1.498,1.451,1.252,1.942,True,1.696,0.33,0.0088,2.025,
1,1397,0.691,-0.535,-1.498,1.432,1.24,1.924,True,1.696,0.33,0.0088,2.025,
1,1398,0.691,-0.535,-1.498,1.413,1.227,1.905,True,1.696,0.33,0.0088,2.025,
1,1399,0.691,-0.535,-1.498,1.394,1.215,1.887,True,1.696,0.33,0.0088,2.025,
1,1400,0.691,-0.535,-1.498,1.375,1.203,1.868,True,1.696,0.33,0.0088,2.025,
1,1401,0.691,-0.535,-1.498,1.357,1.19,1.85,True,1.696,0.33,0.0088,2.025,
1,1402,0.691,-0.535,-1.498,1.338,1.177,1.831,True,1.696,0.33,0.0088,2.025,
1,1403,0.691,-0.535,-1.498,1.319,1.165,1.813,True,1.696,0.33,0.0088,2.025,
1,1404,0.691,-0.535,-1.498,1.301,1.152,1.794,True,1.696,0.33,0.0088,2.025,
1,1405,0.691,-0.535,-1.498,1.282,1.139,1.776,True,1.696,0.33,0.0088,2.025,
1,1406,0.691,-0.535,-1.498,1.264,1.126,1.758,True,1.696,0.33,0.0088,2.025,
1,1407,0.691,-0.535,-1.498,1.246,1.114,1.74,True,1.696,0.33,0.0088,2.025,
1,1408,0.691,-0.535,-1.498,1.227,1.101,1.722,True,1.696,0.33,0.0088,2.025,
1,1409,0.691,-0.535,-1.498,1.209,1.088,1.704,True,1.696,0.33,0.0088,2.025,
1,1410,0.691,-0.535,-1.498,1.191,1.074,1.686,True,1.696,0.33,0.0088,2.025,
1,1411,0.691,-0.535,-1.498,1.173,1.061,1.668,True,1.696,0.33,0.0088,2.025,
1,1412,0.691,-0.535,-1.498,1.156,1.048,1.65,True,1.696,0.33,0.0088,2.025,
1,1413,0.691,-0.535,-1.498,1.138,1.035,1.633,True,2.055,0.659,0.0176,2.714,
1,1414,0.691,-0.535,-1.498,1.12,1.021,1.615,True,1.723,1.062,0.0283,2.785,
1,1415,0.691,-0.535,-1.498,1.102,1.008,1.597,True,1.514,1.611,0.043,3.126,
1,1416,0.691,-0.535,-1.498,1.085,0.995,1.58,True,1.491,1.868,0.0498,3.359,
1,1417,0.691,-0.535,-1.498,1.067,0.981,1.563,True,1.527,1.904,0.0508,3.432,
1,1418,0.691,-0.535,-1.498,1.05,0.967,1.545,True,1.607,1.794,0.0479,3.402,
1,1419,0.691,-0.535,-1.498,1.033,0.954,1.528,True,1.665,1.758,0.0469,3.423,
1,1420,0.691,-0.535,-1.498,1.015,0.94,1.511,True,1.774,1.538,0.041,3.312,
1,1421,0.691,-0.535,-1.498,0.998,0.927,1.494,True,1.816,1.428,0.0381,3.244,
1,1422,0.691,-0.535,-1.498,0.981,0.913,1.477,True,1.917,1.245,0.0332,3.162,
1,1423,0.691,-0.535,-1.498,0.964,0.899,1.46,True,1.968,1.062,0.0283,3.03,
1,1424,0.691,-0.535,-1.498,0.947,0.885,1.444,True,1.967,0.989,0.0264,2.955,
1,1425,0.691,-0.535,-1.498,0.93,0.871,1.427,True,2.08,0.769,0.0205,2.849,
1,1426,0.691,-0.535,-1.498,0.913,0.857,1.41,True,2.206,0.549,0.0146,2.755,
1,1427,0.691,-0.535,-1.498,0.896,0.843,1.394,True,2.034,0.513,0.0137,2.547,
1,1428,0.691,-0.535,-1.498,0.879,0.829,1.378,True,1.778,0.403,0.0107,2.181,
1,1429,0.691,-0.535,-1.498,0.863,0.815,1.362,True,1.696,0.33,0.0088,2.025,
1,1430,0.691,-0.535,-1.498,0.846,0.801,1.346,True,1.736,0.366,0.0098,2.102,
1,1431,0.691,-0.535,-1.498,0.829,0.787,1.33,True,1.696,0.33,0.0088,2.025,
1,1432,0.691,-0.535,-1.498,0.813,0.773,1.314,True,1.696,0.33,0.0088,2.025,
1,1433,0.691,-0.535,-1.498,0.797,0.759,1.299,True,1.696,0.33,0.0088,2.025,
1,1434,0.691,-0.535,-1.498,0.78,0.745,1.283,True,1.696,0.33,0.0088,2.025,
1,1435,0.691,-0.535,-1.498,0.764,0.73,1.268,True,1.696,0.33,0.0088,2.025,
1,1436,0.691,-0.535,-1.498,0.747,0.716,1.253,True,1.696,0.33,0.0088,2.025,
1,1437,0.691,-0.535,-1.498,0.731,0.702,1.238,True,1.696,0.33,0.0088,2.025,
1,1438,0.691,-0.535,-1.498,0.715,0.687,1.223,True,1.696,0.33,0.0088,2.025,
1,1439,0.691,-0.535,-1.498,0.699,0.673,1.209,True,1.696,0.33,0.0088,2.025,
1,1440,0.691,-0.535,-1.498,0.683,0.659,1.194,True,1.696,0.33,0.0088,2.025,
1,1441,0.691,-0.535,-1.498,0.667,0.644,1.18,True,1.696,0.33,0.0088,2.025,
1,1442,0.691,-0.535,-1.498,0.651,0.63,1.166,True,1.696,0.33,0.0088,2.025,
1,1443,0.691,-0.535,-1.498,0.635,0.615,1.152,True,1.696,0.33,0.0088,2.025,
1,1444,0.691,-0.535,-1.498,0.619,0.601,1.138,True,1.696,0.33,0.0088,2.025,
1,1445,0.691,-0.535,-1.498,0.603,0.586,1.125,True,1.696,0.33,0.0088,2.025,
1,1446,0.691,-0.535,-1.498,0.587,0.572,1.112,True,1.696,0.33,0.0088,2.025,
1,1447,0.691,-0.535,-1.498,0.571,0.557,1.099,True,1.696,0.33,0.0088,2.025,
1,1448,0.691,-0.535,-1.498,0.556,0.542,1.086,True,1.696,0.33,0.0088,2.025,
1,1449,0.691,-0.535,-1.498,0.54,0.528,1.074,True,1.696,0.33,0.0088,2.025,
1,1450,0.691,-0.535,-1.498,0.524,0.513,1.062,True,1.696,0.33,0.0088,2.025,
1,1451,0.691,-0.535,-1.498,0.509,0.498,1.05,True,1.696,0.33,0.0088,2.025,
1,1452,0.691,-0.535,-1.498,0.493,0.484,1.038,True,1.696,0.33,0.0088,2.025,
1,1453,0.691,-0.535,-1.498,0.478,0.469,1.027,True,1.696,0.33,0.0088,2.025,
1,1454,0.691,-0.535,-1.498,0.462,0.454,1.016,True,1.696,0.33,0.0088,2.025,
1,1455,0.691,-0.535,-1.498,0.447,0.44,1.005,True,1.696,0.33,0.0088,2.025,
1,1456,0.691,-0.535,-1.498,0.431,0.425,0.995,True,1.696,0.33,0.0088,2.025,
1,1457,0.691,-0.535,-1.498,0.416,0.41,0.985,True,1.696,0.33,0.0088,2.025,
1,1458,0.691,-0.535,-1.498,0.4,0.395,0.975,True,1.696,0.33,0.0088,2.025,
1,1459,0.691,-0.535,-1.498,0.385,0.38,0.966,True,1.696,0.33,0.0088,2.025,
1,1460,0.691,-0.535,-1.498,0.37,0.366,0.957,True,1.696,0.33,0.0088,2.025,
1,1461,0.691,-0.535,-1.498,0.354,0.351,0.948,True,1.696,0.33,0.0088,2.025,
1,1462,0.691,-0.535,-1.498,0.339,0.336,0.94,True,1.696,0.33,0.0088,2.025,
1,1463,0.691,-0.535,-1.498,0.324,0.321,0.932,True,1.696,0.33,0.0088,2.025,
1,1464,0.691,-0.535,-1.498,0.308,0.306,0.924,True,1.696,0.33,0.0088,2.025,
1,1465,0.691,-0.535,-1.498,0.293,0.291,0.917,True,1.696,0.33,0.0088,2.025,
1,1466,0.691,-0.535,-1.498,0.278,0.276,0.911,True,1.696,0.33,0.0088,2.025,
1,1467,0.691,-0.535,-1.498,0.263,0.261,0.905,True,1.696,0.33,0.0088,2.025,
1,1468,0.691,-0.535,-1.498,0.248,0.247,0.899,True,1.696,0.33,0.0088,2.025,
1,1469,0.691,-0.535,-1.498,0.233,0.232,0.894,True,1.696,0.33,0.0088,2.025,
1,1470,0.691,-0.535,-1.498,0.217,0.217,0.889,True,1.696,0.33,0.0088,2.025,
1,1471,0.691,-0.535,-1.498,0.202,0.202,0.884,True,1.696,0.33,0.0088,2.025,
1,1472,0.691,-0.535,-1.498,0.187,0.187,0.88,True,1.696,0.33,0.0088,2.025,
1,1473,0.691,-0.535,-1.498,0.172,0.172,0.877,True,1.696,0.33,0.0088,2.025,
1,1474,0.691,-0.535,-1.498,0.157,0.157,0.874,True,1.696,0.33,0.0088,2.025,
1,1475,0.691,-0.535,-1.498,0.142,0.142,0.872,True,1.696,0.33,0.0088,2.025,
1,1476,0.691,-0.535,-1.498,0.127,0.127,0.87,True,1.696,0.33,0.0088,2.025,
1,1477,0.691,-0.535,-1.498,0.112,0.112,0.868,True,1.696,0.33,0.0088,2.025,
1,1478,0.691,-0.535,-1.498,0.097,0.097,0.868,True,1.696,0.33,0.0088,2.025,
1,1479,0.691,-0.535,-1.498,0.082,0.082,0.867,True,1.696,0.33,0.0088,2.025,
1,1480,0.691,-0.535,-1.498,0.067,0.067,0.867,True,1.696,0.33,0.0088,2.025,
1,1481,0.691,-0.535,-1.498,0.052,0.052,0.868,True,1.696,0.33,0.0088,2.025,
1,1482,0.691,-0.535,-1.498,0.037,0.037,0.869,True,1.696,0.33,0.0088,2.025,
1,1483,0.691,-0.535,-1.498,0.022,0.022,0.871,True,1.696,0.33,0.0088,2.025,
1,1484,0.691,-0.535,-1.498,0.007,0.007,0.873,True,1.696,0.33,0.0088,2.025,
1,1485,0.691,-0.535,-1.498,-0.008,-0.008,0.876,True,1.696,0.33,0.0088,2.025,
1,1486,0.691,-0.535,-1.498,-0.023,-0.023,0.879,True,1.696,0.33,0.0088,2.025,
1,1487,0.691,-0.535,-1.498,-0.038,-0.038,0.882,True,1.696,0.33,0.0088,2.025,
1,1488,0.691,-0.535,-1.498,-0.053,-0.053,0.887,True,1.696,0.33,0.0088,2.025,
1,1489,0.691,-0.535,-1.498,-0.068,-0.068,0.891,True,1.696,0.33,0.0088,2.025,
1,1490,0.691,-0.535,-1.498,-0.083,-0.083,0.896,True,1.696,0.33,0.0088,2.025,
1,1491,0.691,-0.535,-1.498,-0.098,-0.098,0.902,True,1.696,0.33,0.0088,2.025,
1,1492,0.691,-0.535,-1.498,-0.113,-0.113,0.908,True,1.696,0.33,0.0088,2.025,
1,1493,0.691,-0.535,-1.498,-0.128,-0.128,0.915,True,1.696,0.33,0.0088,2.025,
1,1494,0.691,-0.535,-1.498,-0.143,-0.143,0.922,True,1.696,0.33,0.0088,2.025,
1,1495,0.691,-0.535,-1.498,-0.158,-0.158,0.929,True,1.696,0.33,0.0088,2.025,
1,1496,0.691,-0.535,-1.498,-0.173,-0.173,0.937,True,1.696,0.33,0.0088,2.025,
1,1497,0.691,-0.535,-1.498,-0.188,-0.188,0.945,True,1.696,0.33,0.0088,2.025,
1,1498,0.691,-0.535,-1.498,-0.204,-0.203,0.954,True,1.696,0.33,0.0088,2.025,
1,1499,0.691,-0.535,-1.498,-0.219,-0.218,0.963,True,1.696,0.33,0.0088,2.025,
1,1500,0.691,-0.535,-1.498,-0.234,-0.233,0.973,True,1.696,0.33,0.0088,2.025,
1,1501,0.691,-0.535,-1.498,-0.249,-0.248,0.983,True,1.696,0.33,0.0088,2.025,
1,1502,0.691,-0.535,-1.498,-0.264,-0.263,0.993,True,1.696,0.33,0.0088,2.025,
1,1503,0.691,-0.535,-1.498,-0.279,-0.277,1.004,True,1.696,0.33,0.0088,2.025,
1,1504,0.691,-0.535,-1.498,-0.294,-0.292,1.015,True,1.696,0.33,0.0088,2.025,
1,1505,0.691,-0.535,-1.498,-0.31,-0.307,1.026,True,1.696,0.33,0.0088,2.025,
1,1506,0.691,-0.535,-1.498,-0.325,-0.322,1.038,True,1.696,0.33,0.0088,2.025,
1,1507,0.691,-0.535,-1.498,-0.34,-0.337,1.05,True,1.696,0.33,0.0088,2.025,
1,1508,0.691,-0.535,-1.498,-0.355,-0.352,1.062,True,1.696,0.33,0.0088,2.025,
1,1509,0.691,-0.535,-1.498,-0.371,-0.367,1.075,True,1.696,0.33,0.0088,2.025,
1,1510,0.691,-0.535,-1.498,-0.386,-0.382,1.088,True,1.696,0.33,0.0088,2.025,
1,1511,0.691,-0.535,-1.498,-0.401,-0.396,1.101,True,1.696,0.33,0.0088,2.025,
1,1512,0.691,-0.535,-1.498,-0.417,-0.411,1.115,True,1.696,0.33,0.0088,2.025,
1,1513,0.691,-0.535,-1.498,-0.432,-0.426,1.128,True,1.696,0.33,0.0088,2.025,
1,1514,0.691,-0.535,-1.498,-0.448,-0.441,1.142,True,1.696,0.33,0.0088,2.025,
1,1515,0.691,-0.535,-1.498,-0.463,-0.455,1.157,True,1.696,0.33,0.0088,2.025,
1,1516,0.691,-0.535,-1.498,-0.479,-0.47,1.171,True,1.696,0.33,0.0088,2.025,
1,1517,0.691,-0.535,-1.498,-0.494,-0.485,1.186,True,1.696,0.33,0.0088,2.025,
1,1518,0.691,-0.535,-1.498,-0.51,-0.5,1.201,True,1.696,0.33,0.0088,2.025,
1,1519,0.691,-0.535,-1.498,-0.525,-0.514,1.217,True,1.696,0.33,0.0088,2.025,
1,1520,0.691,-0.535,-1.498,-0.541,-0.529,1.232,True,1.696,0.33,0.0088,2.025,
1,1521,0.691,-0.535,-1.498,-0.557,-0.544,1.248,True,1.696,0.33,0.0088,2.025,
1,1522,0.691,-0.535,-1.498,-0.573,-0.558,1.264,True,1.696,0.33,0.0088,2.025,
1,1523,0.691,-0.535,-1.498,-0.588,-0.573,1.28,True,1.696,0.33,0.0088,2.025,
1,1524,0.691,-0.535,-1.498,-0.604,-0.587,1.296,True,1.696,0.33,0.0088,2.025,
1,1525,0.691,-0.535,-1.498,-0.62,-0.602,1.313,True,1.696,0.33,0.0088,2.025,
1,1526,0.691,-0.535,-1.498,-0.636,-0.616,1.329,True,1.696,0.33,0.0088,2.025,
1,1527,0.691,-0.535,-1.498,-0.652,-0.631,1.346,True,1.696,0.33,0.0088,2.025,
1,1528,0.691,-0.535,-1.498,-0.668,-0.645,1.363,True,1.696,0.33,0.0088,2.025,
1,1529,0.691,-0.535,-1.498,-0.684,-0.66,1.38,True,1.696,0.33,0.0088,2.025,
1,1530,0.691,-0.535,-1.498,-0.7,-0.674,1.398,True,1.696,0.33,0.0088,2.025,
1,1531,0.691,-0.535,-1.498,-0.716,-0.688,1.415,True,1.696,0.33,0.0088,2.025,
1,1532,0.691,-0.535,-1.498,-0.732,-0.703,1.433,True,1.696,0.33,0.0088,2.025,
1,1533,0.691,-0.535,-1.498,-0.749,-0.717,1.451,True,1.696,0.33,0.0088,2.025,
1,1534,0.691,-0.535,-1.498,-0.765,-0.731,1.469,True,1.696,0.33,0.0088,2.025,
1,1535,0.691,-0.535,-1.498,-0.781,-0.746,1.487,True,1.696,0.33,0.0088,2.025,
1,1536,0.691,-0.535,-1.498,-0.798,-0.76,1.505,True,1.696,0.33,0.0088,2.025,
1,1537,0.691,-0.535,-1.498,-0.814,-0.774,1.524,True,1.696,0.33,0.0088,2.025,
1,1538,0.691,-0.535,-1.498,-0.831,-0.788,1.542,True,1.696,0.33,0.0088,2.025,
1,1539,0.691,-0.535,-1.498,-0.847,-0.802,1.561,True,1.696,0.33,0.0088,2.025,
1,1540,0.691,-0.535,-1.498,-0.864,-0.816,1.58,True,1.696,0.33,0.0088,2.025,
1,1541,0.691,-0.535,-1.498,-0.881,-0.83,1.599,True,1.696,0.33,0.0088,2.025,
1,1542,0.691,-0.535,-1.498,-0.897,-0.844,1.618,True,1.696,0.33,0.0088,2.025,
1,1543,0.691,-0.535,-1.498,-0.914,-0.858,1.637,True,1.696,0.33,0.0088,2.025,
1,1544,0.691,-0.535,-1.498,-0.931,-0.872,1.657,True,1.696,0.33,0.0088,2.025,
1,1545,0.691,-0.535,-1.498,-0.948,-0.886,1.676,True,1.696,0.33,0.0088,2.025,
1,1546,0.691,-0.535,-1.498,-0.965,-0.9,1.696,True,1.696,0.33,0.0088,2.025,
1,1547,0.691,-0.535,-1.498,-0.982,-0.914,1.715,True,1.696,0.33,0.0088,2.025,
1,1548,0.691,-0.535,-1.498,-0.999,-0.928,1.735,True,1.696,0.33,0.0088,2.025,
1,1549,0.691,-0.535,-1.498,-1.017,-0.941,1.755,True,1.696,0.33,0.0088,2.025,
1,1550,0.691,-0.535,-1.498,-1.034,-0.955,1.775,True,1.696,0.33,0.0088,2.025,
1,1551,0.691,-0.535,-1.498,-1.051,-0.969,1.795,True,1.696,0.33,0.0088,2.025,
1,1552,0.691,-0.535,-1.498,-1.069,-0.982,1.815,True,1.696,0.33,0.0088,2.025,
1,1553,0.691,-0.535,-1.498,-1.086,-0.996,1.836,True,1.696,0.33,0.0088,2.025,
1,1554,0.691,-0.535,-1.498,-1.104,-1.009,1.856,True,1.696,0.33,0.0088,2.025,
1,1555,0.691,-0.535,-1.498,-1.121,-1.022,1.876,True,1.696,0.33,0.0088,2.025,
1,1556,0.691,-0.535,-1.498,-1.139,-1.036,1.897,True,1.696,0.33,0.0088,2.025,
1,1557,0.691,-0.535,-1.498,-1.157,-1.049,1.918,True,1.696,0.33,0.0088,2.025,
1,1558,0.691,-0.535,-1.498,-1.175,-1.062,1.939,True,1.696,0.33,0.0088,2.025,
1,1559,0.691,-0.535,-1.498,-1.193,-1.075,1.959,True,1.696,0.33,0.0088,2.025,
1,1560,0.691,-0.535,-1.498,-1.211,-1.088,1.98,True,1.696,0.33,0.0088,2.025,
1,1561,0.691,-0.535,-1.498,-1.229,-1.102,2.001,True,1.696,0.33,0.0088,2.025,
1,1562,0.691,-0.535,-1.498,-1.247,-1.115,2.023,True,1.696,0.33,0.0088,2.025,
1,1563,0.691,-0.535,-1.498,-1.265,-1.127,2.044,True,1.696,0.33,0.0088,2.025,
1,1564,0.691,-0.535,-1.498,-1.284,-1.14,2.065,True,1.696,0.33,0.0088,2.025,
1,1565,0.691,-0.535,-1.498,-1.302,-1.153,2.086,True,1.696,0.33,0.0088,2.025,
1,1566,0.691,-0.535,-1.498,-1.321,-1.166,2.108,True,1.696,0.33,0.0088,2.025,
1,1567,0.691,-0.535,-1.498,-1.339,-1.178,2.13,True,1.696,0.33,0.0088,2.025,
1,1568,0.691,-0.535,-1.498,-1.358,-1.191,2.151,True,1.696,0.33,0.0088,2.025,
1,1569,0.691,-0.535,-1.498,-1.377,-1.203,2.173,True,1.696,0.33,0.0088,2.025,
1,1570,0.691,-0.535,-1.498,-1.396,-1.216,2.195,True,1.696,0.33,0.0088,2.025,
1,1571,0.691,-0.535,-1.498,-1.415,-1.228,2.217,True,1.696,0.33,0.0088,2.025,
1,1572,0.691,-0.535,-1.498,-1.434,-1.24,2.239,True,1.696,0.33,0.0088,2.025,
1,1573,0.691,-0.535,-1.498,-1.453,-1.253,2.261,True,1.696,0.33,0.0088,2.025,
1,1574,0.691,-0.535,-1.498,-1.472,-1.265,2.283,True,1.696,0.33,0.0088,2.025,
1,1575,0.691,-0.535,-1.498,-1.492,-1.277,2.305,True,1.696,0.33,0.0088,2.025,
1,1576,0.691,-0.535,-1.498,-1.511,-1.289,2.327,True,1.696,0.33,0.0088,2.025,
1,1577,0.691,-0.535,-1.498,-1.53,-1.301,2.349,True,1.696,0.33,0.0088,2.025,
1,1578,0.691,-0.535,-1.498,-1.55,-1.312,2.372,True,1.696,0.33,0.0088,2.025,
1,1579,0.691,-0.535,-1.498,-1.57,-1.324,2.394,True,1.696,0.33,0.0088,2.025,
1,1580,0.691,-0.535,-1.498,-1.59,-1.336,2.417,True,1.696,0.33,0.0088,2.025,
1,1581,0.691,-0.535,-1.498,-1.61,-1.347,2.439,True,1.696,0.33,0.0088,2.025,
1,1582,0.691,-0.535,-1.498,-1.63,-1.358,2.462,True,1.696,0.33,0.0088,2.025,
1,1583,0.691,-0.535,-1.498,-1.65,-1.37,2.485,True,1.696,0.33,0.0088,2.025,
1,1584,0.691,-0.535,-1.498,-1.67,-1.381,2.508,True,1.696,0.33,0.0088,2.025,
1,1585,0.691,-0.535,-1.498,-1.69,-1.392,2.53,True,1.696,0.33,0.0088,2.025,
1,1586,0.691,-0.535,-1.498,-1.711,-1.403,2.553,True,1.696,0.33,0.0088,2.025,
1,1587,0.691,-0.535,-1.498,-1.731,-1.414,2.576,True,1.696,0.33,0.0088,2.025,
1,1588,0.691,-0.535,-1.498,-1.752,-1.425,2.599,True,1.696,0.33,0.0088,2.025,
1,1589,0.691,-0.535,-1.498,-1.773,-1.435,2.623,True,1.696,0.33,0.0088,2.025,
1,1590,0.691,-0.535,-1.498,-1.793,-1.446,2.646,True,1.696,0.33,0.0088,2.025,
1,1591,0.691,-0.535,-1.498,-1.814,-1.456,2.669,True,1.696,0.33,0.0088,2.025,
1,1592,0.691,-0.535,-1.498,-1.835,-1.466,2.692,True,1.696,0.33,0.0088,2.025,
1,1593,0.691,-0.535,-1.498,-1.856,-1.477,2.716,True,1.696,0.33,0.0088,2.025,
1,1594,0.691,-0.535,-1.498,-1.878,-1.487,2.739,True,1.696,0.33,0.0088,2.025,
1,1595,0.691,-0.535,-1.498,-1.899,-1.496,2.762,True,1.696,0.33,0.0088,2.025,
1,1596,0.691,-0.535,-1.498,-1.921,-1.506,2.786,True,1.696,0.33,0.0088,2.025,
1,1597,0.691,-0.535,-1.498,-1.942,-1.516,2.81,True,1.696,0.33,0.0088,2.025,
1,1598,0.691,-0.535,-1.498,-1.964,-1.525,2.833,True,1.696,0.33,0.0088,2.025,
1,1599,0.691,-0.535,-1.498,-1.986,-1.535,2.857,True,1.696,0.33,0.0088,2.025,
1,1600,0.691,-0.535,-1.498,-2.007,-1.544,2.881,True,1.696,0.33,0.0088,2.025,
1,1601,0.691,-0.535,-1.498,-2.029,-1.553,2.904,True,1.696,0.33,0.0088,2.025,
1,1602,0.691,-0.535,-1.498,-2.052,-1.562,2.928,True,1.696,0.33,0.0088,2.025,
1,1603,0.691,-0.535,-1.498,-2.074,-1.571,2.952,True,1.696,0.33,0.0088,2.025,
1,1604,0.691,-0.535,-1.498,-2.096,-1.58,2.976,True,1.696,0.33,0.0088,2.025,
1,1605,0.691,-0.535,-1.498,-2.118,-1.588,3.0,True,1.696,0.33,0.0088,2.025,
1,1606,0.691,-0.535,-1.498,-2.141,-1.596,3.024,True,1.696,0.33,0.0088,2.025,
1,1607,0.691,-0.535,-1.498,-2.164,-1.605,3.048,True,1.696,0.33,0.0088,2.025,
1,1608,0.691,-0.535,-1.498,-2.186,-1.613,3.072,True,1.696,0.33,0.0088,2.025,
1,1609,0.691,-0.535,-1.498,-2.209,-1.621,3.096,True,1.696,0.33,0.0088,2.025,
1,1610,0.691,-0.535,-1.498,-2.232,-1.628,3.121,True,1.696,0.33,0.0088,2.025,
1,1611,0.691,-0.535,-1.498,-2.255,-1.636,3.145,True,1.696,0.33,0.0088,2.025,
1,1612,0.691,-0.535,-1.498,-2.278,-1.643,3.169,True,1.696,0.33,0.0088,2.025,
1,1613,0.691,-0.535,-1.498,-2.302,-1.65,3.193,True,1.696,0.33,0.0088,2.025,
1,1614,0.691,-0.535,-1.498,-2.325,-1.657,3.218,True,1.696,0.33,0.0088,2.025,
1,1615,0.691,-0.535,-1.498,-2.348,-1.664,3.242,True,1.696,0.33,0.0088,2.025,
1,1616,0.691,-0.535,-1.498,-2.372,-1.671,3.267,True,1.696,0.33,0.0088,2.025,
1,1617,0.691,-0.535,-1.498,-2.396,-1.677,3.291,True,1.696,0.33,0.0088,2.025,
1,1618,0.691,-0.535,-1.498,-2.42,-1.684,3.316,True,1.696,0.33,0.0088,2.025,
1,1619,0.691,-0.535,-1.498,-2.443,-1.69,3.34,True,1.696,0.33,0.0088,2.025,
1,1620,0.691,-0.535,-1.498,-2.467,-1.696,3.365,True,1.696,0.33,0.0088,2.025,
1,1621,0.691,-0.535,-1.498,-2.492,-1.701,3.389,True,1.696,0.33,0.0088,2.025,
1,1622,0.691,-0.535,-1.498,-2.516,-1.707,3.414,True,1.696,0.33,0.0088,2.025,
1,1623,0.691,-0.535,-1.498,-2.54,-1.712,3.438,True,1.696,0.33,0.0088,2.025,
1,1624,0.691,-0.535,-1.498,-2.564,-1.717,3.463,True,1.696,0.33,0.0088,2.025,
1,1625,0.691,-0.535,-1.498,-2.589,-1.722,3.488,True,1.696,0.33,0.0088,2.025,
1,1626,0.691,-0.535,-1.498,-2.613,-1.726,3.512,True,1.696,0.33,0.0088,2.025,
1,1627,0.691,-0.535,-1.498,-2.638,-1.731,3.537,True,1.696,0.33,0.0088,2.025,
1,1628,0.691,-0.535,-1.498,-2.663,-1.735,3.562,True,1.696,0.33,0.0088,2.025,
1,1629,0.691,-0.535,-1.498,-2.688,-1.739,3.587,True,1.696,0.33,0.0088,2.025,
1,1630,0.691,-0.535,-1.498,-2.713,-1.743,3.611,True,1.696,0.33,0.0088,2.025,
1,1631,0.691,-0.535,-1.498,-2.738,-1.746,3.636,True,1.696,0.33,0.0088,2.025,
1,1632,0.691,-0.535,-1.498,-2.763,-1.749,3.661,True,1.696,0.33,0.0088,2.025,
1,1633,0.691,-0.535,-1.498,-2.788,-1.752,3.686,True,1.696,0.33,0.0088,2.025,
1,1634,0.691,-0.535,-1.498,-2.813,-1.755,3.71,True,1.696,0.33,0.0088,2.025,
1,1635,0.691,-0.535,-1.498,-2.839,-1.757,3.735,True,1.696,0.33,0.0088,2.025,
1,1636,0.691,-0.535,-1.498,-2.864,-1.76,3.76,True,1.696,0.33,0.0088,2.025,
1,1637,0.691,-0.535,-1.498,-2.89,-1.762,3.785,True,1.696,0.33,0.0088,2.025,
1,1638,0.691,-0.535,-1.498,-2.915,-1.763,3.809,True,1.696,0.33,0.0088,2.025,
1,1639,0.691,-0.535,-1.498,-2.941,-1.765,3.834,True,1.696,0.33,0.0088,2.025,
1,1640,0.691,-0.535,-1.498,-2.967,-1.766,3.859,True,1.696,0.33,0.0088,2.025,
1,1641,0.691,-0.535,-1.498,-2.992,-1.767,3.884,True,1.696,0.33,0.0088,2.025,
1,1642,0.691,-0.535,-1.498,-3.018,-1.767,3.908,True,1.696,0.33,0.0088,2.025,
1,1643,0.691,-0.535,-1.498,-3.044,-1.768,3.933,True,1.696,0.33,0.0088,2.025,
1,1644,0.691,-0.535,-1.498,-3.07,-1.768,3.958,True,1.696,0.33,0.0088,2.025,
1,1645,0.691,-0.535,-1.498,-3.096,-1.768,3.982,True,1.696,0.33,0.0088,2.025,
1,1646,0.691,-0.535,-1.498,-3.122,-1.767,4.007,True,1.696,0.33,0.0088,2.025,
1,1647,0.691,-0.535,-1.498,-3.148,-1.766,4.032,True,1.696,0.33,0.0088,2.025,
1,1648,0.691,-0.535,-1.498,-3.175,-1.765,4.056,True,1.696,0.33,0.0088,2.025,
1,1649,0.691,-0.535,-1.498,-3.201,-1.764,4.081,True,1.696,0.33,0.0088,2.025,
1,1650,0.691,-0.535,-1.498,-3.227,-1.762,4.105,True,1.696,0.33,0.0088,2.025,
1,1651,0.691,-0.535,-1.498,-3.253,-1.76,4.13,True,1.696,0.33,0.0088,2.025,
1,1652,0.691,-0.535,-1.498,-3.28,-1.758,4.154,True,1.696,0.33,0.0088,2.025,
1,1653,0.691,-0.535,-1.498,-3.306,-1.755,4.179,True,1.696,0.33,0.0088,2.025,
1,1654,0.691,-0.535,-1.498,-3.332,-1.752,4.203,True,1.696,0.33,0.0088,2.025,
1,1655,0.691,-0.535,-1.498,-3.359,-1.749,4.227,True,1.696,0.33,0.0088,2.025,
1,1656,0.691,-0.535,-1.498,-3.385,-1.745,4.252,True,1.696,0.33,0.0088,2.025,
1,1657,0.691,-0.535,-1.498,-3.411,-1.741,4.276,True,1.696,0.33,0.0088,2.025,
1,1658,0.691,-0.535,-1.498,-3.438,-1.737,4.3,True,1.696,0.33,0.0088,2.025,
1,1659,0.691,-0.535,-1.498,-3.464,-1.732,4.324,True,1.696,0.33,0.0088,2.025,
1,1660,0.691,-0.535,-1.498,-3.491,-1.727,4.348,True,1.696,0.33,0.0088,2.025,
1,1661,0.691,-0.535,-1.498,-3.517,-1.722,4.372,True,1.696,0.33,0.0088,2.025,
1,1662,0.691,-0.535,-1.498,-3.543,-1.716,4.396,True,1.696,0.33,0.0088,2.025,
1,1663,0.691,-0.535,-1.498,-3.57,-1.71,4.42,True,1.696,0.33,0.0088,2.025,
1,1664,0.691,-0.535,-1.498,-3.596,-1.704,4.443,True,1.696,0.33,0.0088,2.025,
1,1665,0.691,-0.535,-1.498,-3.622,-1.697,4.467,True,1.696,0.33,0.0088,2.025,
1,1666,0.691,-0.535,-1.498,-3.649,-1.69,4.49,True,1.696,0.33,0.0088,2.025,
1,1667,0.691,-0.535,-1.498,-3.675,-1.683,4.514,True,1.696,0.33,0.0088,2.025,
1,1668,0.691,-0.535,-1.498,-3.701,-1.675,4.537,True,1.696,0.33,0.0088,2.025,
1,1669,0.691,-0.535,-1.498,-3.727,-1.667,4.56,True,1.696,0.33,0.0088,2.025,
1,1670,0.691,-0.535,-1.498,-3.753,-1.658,4.584,True,1.696,0.33,0.0088,2.025,
1,1671,0.691,-0.535,-1.498,-3.779,-1.649,4.607,True,1.696,0.33,0.0088,2.025,
1,1672,0.691,-0.535,-1.498,-3.805,-1.64,4.63,True,1.696,0.33,0.0088,2.025,
1,1673,0.691,-0.535,-1.498,-3.831,-1.63,4.652,True,1.696,0.33,0.0088,2.025,
1,1674,0.691,-0.535,-1.498,-3.857,-1.62,4.675,True,1.696,0.33,0.0088,2.025,
1,1675,0.691,-0.535,-1.498,-3.882,-1.61,4.698,True,1.696,0.33,0.0088,2.025,
1,1676,0.691,-0.535,-1.498,-3.908,-1.599,4.72,True,1.696,0.33,0.0088,2.025,
1,1677,0.691,-0.535,-1.498,-3.933,-1.588,4.742,True,1.696,0.33,0.0088,2.025,
1,1678,0.691,-0.535,-1.498,-3.959,-1.576,4.765,True,1.696,0.33,0.0088,2.025,
1,1679,0.691,-0.535,-1.498,-3.984,-1.565,4.787,True,1.696,0.33,0.0088,2.025,
1,1680,0.691,-0.535,-1.498,-4.009,-1.552,4.809,True,1.696,0.33,0.0088,2.025,
1,1681,0.691,-0.535,-1.498,-4.034,-1.54,4.83,True,1.696,0.33,0.0088,2.025,
1,1682,0.691,-0.535,-1.498,-4.059,-1.526,4.852,True,1.696,0.33,0.0088,2.025,
1,1683,0.691,-0.535,-1.498,-4.084,-1.513,4.873,True,1.696,0.33,0.0088,2.025,
1,1684,0.691,-0.535,-1.498,-4.108,-1.499,4.895,True,1.696,0.33,0.0088,2.025,
1,1685,0.691,-0.535,-1.498,-4.132,-1.485,4.916,True,1.696,0.33,0.0088,2.025,
1,1686,0.691,-0.535,-1.498,-4.157,-1.47,4.937,True,1.696,0.33,0.0088,2.025,
1,1687,0.691,-0.535,-1.498,-4.181,-1.455,4.958,True,1.696,0.33,0.0088,2.025,
1,1688,0.691,-0.535,-1.498,-4.204,-1.44,4.978,True,1.696,0.33,0.0088,2.025,
1,1689,0.691,-0.535,-1.498,-4.228,-1.424,4.999,True,1.696,0.33,0.0088,2.025,
1,1690,0.691,-0.535,-1.498,-4.251,-1.408,5.019,True,1.696,0.33,0.0088,2.025,
1,1691,0.691,-0.535,-1.498,-4.275,-1.392,5.039,True,1.696,0.33,0.0088,2.025,
1,1692,0.691,-0.535,-1.498,-4.298,-1.375,5.059,True,1.696,0.33,0.0088,2.025,
1,1693,0.691,-0.535,-1.498,-4.32,-1.357,5.078,True,1.696,0.33,0.0088,2.025,
1,1694,0.691,-0.535,-1.498,-4.343,-1.34,5.098,True,1.696,0.33,0.0088,2.025,
1,1695,0.691,-0.535,-1.498,-4.365,-1.322,5.117,True,1.696,0.33,0.0088,2.025,
1,1696,0.691,-0.535,-1.498,-4.387,-1.303,5.136,True,1.696,0.33,0.0088,2.025,
1,1697,0.691,-0.535,-1.498,-4.409,-1.284,5.155,True,1.696,0.33,0.0088,2.025,
1,1698,0.691,-0.535,-1.498,-4.431,-1.265,5.173,True,1.696,0.33,0.0088,2.025,
1,1699,0.691,-0.535,-1.498,-4.452,-1.246,5.191,True,1.696,0.33,0.0088,2.025,
1,1700,0.691,-0.535,-1.498,-4.473,-1.226,5.21,True,1.696,0.33,0.0088,2.025,
1,1701,0.691,-0.535,-1.498,-4.493,-1.205,5.227,True,1.696,0.33,0.0088,2.025,
1,1702,0.691,-0.535,-1.498,-4.514,-1.185,5.245,True,1.696,0.33,0.0088,2.025,
1,1703,0.691,-0.535,-1.498,-4.534,-1.164,5.262,True,1.696,0.33,0.0088,2.025,
1,1704,0.691,-0.535,-1.498,-4.554,-1.142,5.279,True,1.696,0.33,0.0088,2.025,
1,1705,0.691,-0.535,-1.498,-4.573,-1.121,5.296,True,1.696,0.33,0.0088,2.025,
1,1706,0.691,-0.535,-1.498,-4.592,-1.099,5.313,True,1.696,0.33,0.0088,2.025,
1,1707,0.691,-0.535,-1.498,-4.611,-1.076,5.329,True,1.696,0.33,0.0088,2.025,
1,1708,0.691,-0.535,-1.498,-4.629,-1.053,5.345,True,1.696,0.33,0.0088,2.025,
1,1709,0.691,-0.535,-1.498,-4.647,-1.03,5.361,True,1.696,0.33,0.0088,2.025,
1,1710,0.691,-0.535,-1.498,-4.665,-1.007,5.376,True,1.696,0.33,0.0088,2.025,
1,1711,0.691,-0.535,-1.498,-4.682,-0.983,5.392,True,1.696,0.33,0.0088,2.025,
1,1712,0.691,-0.535,-1.498,-4.699,-0.959,5.406,True,1.696,0.33,0.0088,2.025,
1,1713,0.691,-0.535,-1.498,-4.715,-0.935,5.421,True,1.696,0.33,0.0088,2.025,
1,1714,0.691,-0.535,-1.498,-4.732,-0.91,5.435,True,1.696,0.33,0.0088,2.025,
1,1715,0.691,-0.535,-1.498,-4.747,-0.885,5.449,True,1.696,0.33,0.0088,2.025,
1,1716,0.691,-0.535,-1.498,-4.763,-0.86,5.463,True,1.696,0.33,0.0088,2.025,
1,1717,0.691,-0.535,-1.498,-4.777,-0.834,5.476,True,1.696,0.33,0.0088,2.025,
1,1718,0.691,-0.535,-1.498,-4.792,-0.809,5.489,True,1.696,0.33,0.0088,2.025,
1,1719,0.691,-0.535,-1.498,-4.806,-0.783,5.502,True,1.696,0.33,0.0088,2.025,
1,1720,0.691,-0.535,-1.498,-4.819,-0.756,5.515,True,1.696,0.33,0.0088,2.025,
1,1721,0.691,-0.535,-1.498,-4.833,-0.73,5.527,True,1.696,0.33,0.0088,2.025,
1,1722,0.691,-0.535,-1.498,-4.845,-0.703,5.539,True,1.696,0.33,0.0088,2.025,
1,1723,0.691,-0.535,-1.498,-4.857,-0.676,5.55,True,1.696,0.33,0.0088,2.025,
1,1724,0.691,-0.535,-1.498,-4.869,-0.648,5.561,True,1.696,0.33,0.0088,2.025,
1,1725,0.691,-0.535,-1.498,-4.88,-0.621,5.572,True,1.696,0.33,0.0088,2.025,
1,1726,0.691,-0.535,-1.498,-4.891,-0.593,5.582,True,1.696,0.33,0.0088,2.025,
1,1727,0.691,-0.535,-1.498,-4.901,-0.565,5.592,True,1.696,0.33,0.0088,2.025,
1,1728,0.691,-0.535,-1.498,-4.911,-0.537,5.602,True,1.696,0.33,0.0088,2.025,
1,1729,0.691,-0.535,-1.498,-4.921,-0.509,5.612,True,1.696,0.33,0.0088,2.025,
1,1730,0.691,-0.535,-1.498,-4.929,-0.48,5.621,True,1.696,0.33,0.0088,2.025,
1,1731,0.691,-0.535,-1.498,-4.938,-0.452,5.629,True,1.696,0.33,0.0088,2.025,
1,1732,0.691,-0.535,-1.498,-4.946,-0.423,5.638,True,1.696,0.33,0.0088,2.025,
1,1733,0.691,-0.535,-1.498,-4.953,-0.394,5.646,True,1.696,0.33,0.0088,2.025,
1,1734,0.691,-0.535,-1.498,-4.96,-0.365,5.653,True,1.696,0.33,0.0088,2.025,
1,1735,0.691,-0.535,-1.498,-4.966,-0.335,5.66,True,1.696,0.33,0.0088,2.025,
1,1736,0.691,-0.535,-1.498,-4.972,-0.306,5.667,True,1.696,0.33,0.0088,2.025,
1,1737,0.691,-0.535,-1.498,-4.977,-0.276,5.674,True,1.696,0.33,0.0088,2.025,
1,1738,0.691,-0.535,-1.498,-4.982,-0.247,5.68,True,1.696,0.33,0.0088,2.025,
1,1739,0.691,-0.535,-1.498,-4.986,-0.217,5.686,True,1.696,0.33,0.0088,2.025,
1,1740,0.691,-0.535,-1.498,-4.989,-0.187,5.691,True,1.696,0.33,0.0088,2.025,
1,1741,0.691,-0.535,-1.498,-4.993,-0.158,5.696,True,1.696,0.33,0.0088,2.025,
1,1742,0.691,-0.535,-1.498,-4.995,-0.128,5.701,True,1.696,0.33,0.0088,2.025,
1,1743,0.691,-0.535,-1.498,-4.997,-0.098,5.705,True,1.696,0.33,0.0088,2.025,
1,1744,0.691,-0.535,-1.498,-4.999,-0.068,5.709,True,1.696,0.33,0.0088,2.025,
1,1745,0.691,-0.535,-1.498,-5.0,-0.038,5.712,True,1.696,0.33,0.0088,2.025,
1,1746,0.691,-0.535,-1.498,-5.0,-0.008,5.715,True,1.696,0.33,0.0088,2.025,
1,1747,0.691,-0.535,-1.498,-5.0,0.022,5.718,True,1.696,0.33,0.0088,2.025,
1,1748,0.691,-0.535,-1.498,-4.999,0.052,5.72,True,1.696,0.33,0.0088,2.025,
1,1749,0.691,-0.535,-1.498,-4.998,0.082,5.722,True,1.696,0.33,0.0088,2.025,
1,1750,0.691,-0.535,-1.498,-4.996,0.112,5.724,True,1.696,0.33,0.0088,2.025,
1,1751,0.691,-0.535,-1.498,-4.994,0.142,5.725,True,1.696,0.33,0.0088,2.025,
1,1752,0.691,-0.535,-1.498,-4.991,0.172,5.726,True,1.696,0.33,0.0088,2.025,
1,1753,0.691,-0.535,-1.498,-4.988,0.202,5.726,True,1.696,0.33,0.0088,2.025,
1,1754,0.691,-0.535,-1.498,-4.984,0.231,5.726,True,1.696,0.33,0.0088,2.025,
1,1755,0.691,-0.535,-1.498,-4.979,0.261,5.726,True,1.696,0.33,0.0088,2.025,
1,1756,0.691,-0.535,-1.498,-4.975,0.29,5.725,True,1.696,0.33,0.0088,2.025,
1,1757,0.691,-0.535,-1.498,-4.969,0.32,5.724,True,1.696,0.33,0.0088,2.025,
1,1758,0.691,-0.535,-1.498,-4.963,0.349,5.723,True,1.696,0.33,0.0088,2.025,
1,1759,0.691,-0.535,-1.498,-4.957,0.378,5.721,True,1.696,0.33,0.0088,2.025,
1,1760,0.691,-0.535,-1.498,-4.949,0.408,5.719,True,1.696,0.33,0.0088,2.025,
1,1761,0.691,-0.535,-1.498,-4.942,0.436,5.716,True,1.696,0.33,0.0088,2.025,
1,1762,0.691,-0.535,-1.498,-4.934,0.465,5.713,True,1.696,0.33,0.0088,2.025,
1,1763,0.691,-0.535,-1.498,-4.925,0.494,5.71,True,1.696,0.33,0.0088,2.025,
1,1764,0.691,-0.535,-1.498,-4.916,0.522,5.706,True,1.696,0.33,0.0088,2.025,
1,1765,0.691,-0.535,-1.498,-4.907,0.55,5.702,True,1.696,0.33,0.0088,2.025,
1,1766,0.691,-0.535,-1.498,-4.897,0.579,5.697,True,1.696,0.33,0.0088,2.025,
1,1767,0.691,-0.535,-1.498,-4.886,0.606,5.693,True,1.696,0.33,0.0088,2.025,
1,1768,0.691,-0.535,-1.498,-4.875,0.634,5.687,True,1.696,0.33,0.0088,2.025,
1,1769,0.691,-0.535,-1.498,-4.864,0.661,5.682,True,1.696,0.33,0.0088,2.025,
1,1770,0.691,-0.535,-1.498,-4.852,0.689,5.676,True,1.696,0.33,0.0088,2.025,
1,1771,0.691,-0.535,-1.498,-4.839,0.716,5.67,True,1.696,0.33,0.0088,2.025,
1,1772,0.691,-0.535,-1.498,-4.826,0.742,5.663,True,1.696,0.33,0.0088,2.025,
1,1773,0.691,-0.535,-1.498,-4.813,0.769,5.656,True,1.696,0.33,0.0088,2.025,
1,1774,0.691,-0.535,-1.498,-4.799,0.795,5.649,True,1.696,0.33,0.0088,2.025,
1,1775,0.691,-0.535,-1.498,-4.785,0.821,5.641,True,1.696,0.33,0.0088,2.025,
1,1776,0.691,-0.535,-1.498,-4.77,0.847,5.633,True,1.696,0.33,0.0088,2.025,
1,1777,0.691,-0.535,-1.498,-4.755,0.872,5.625,True,1.696,0.33,0.0088,2.025,
1,1778,0.691,-0.535,-1.498,-4.74,0.897,5.616,True,1.696,0.33,0.0088,2.025,
1,1779,0.691,-0.535,-1.498,-4.724,0.922,5.607,True,1.696,0.33,0.0088,2.025,
1,1780,0.691,-0.535,-1.498,-4.708,0.946,5.598,True,1.696,0.33,0.0088,2.025,
1,1781,0.691,-0.535,-1.498,-4.691,0.971,5.589,True,1.696,0.33,0.0088,2.025,
1,1782,0.691,-0.535,-1.498,-4.674,0.995,5.579,True,1.696,0.33,0.0088,2.025,
1,1783,0.691,-0.535,-1.498,-4.656,1.018,5.568,True,1.696,0.33,0.0088,2.025,
1,1784,0.691,-0.535,-1.498,-4.639,1.041,5.558,True,1.696,0.33,0.0088,2.025,
1,1785,0.691,-0.535,-1.498,-4.62,1.064,5.547,True,1.696,0.33,0.0088,2.025,
1,1786,0.691,-0.535,-1.498,-4.602,1.087,5.536,True,1.696,0.33,0.0088,2.025,
1,1787,0.691,-0.535,-1.498,-4.583,1.109,5.524,True,1.696,0.33,0.0088,2.025,
1,1788,0.691,-0.535,-1.498,-4.564,1.131,5.513,True,1.696,0.33,0.0088,2.025,
1,1789,0.691,-0.535,-1.498,-4.544,1.153,5.5,True,1.696,0.33,0.0088,2.025,
1,1790,0.691,-0.535,-1.498,-4.524,1.174,5.488,True,1.696,0.33,0.0088,2.025,
1,1791,0.691,-0.535,-1.498,-4.504,1.195,5.475,True,1.696,0.33,0.0088,2.025,
1,1792,0.691,-0.535,-1.498,-4.484,1.215,5.463,True,1.696,0.33,0.0088,2.025,
1,1793,0.691,-0.535,-1.498,-4.463,1.235,5.449,True,1.696,0.33,0.0088,2.025,
1,1794,0.691,-0.535,-1.498,-4.442,1.255,5.436,True,1.696,0.33,0.0088,2.025,
1,1795,0.691,-0.535,-1.498,-4.42,1.274,5.422,True,1.696,0.33,0.0088,2.025,
1,1796,0.691,-0.535,-1.498,-4.399,1.293,5.408,True,1.696,0.33,0.0088,2.025,
1,1797,0.691,-0.535,-1.498,-4.377,1.312,5.394,True,1.696,0.33,0.0088,2.025,
1,1798,0.691,-0.535,-1.498,-4.355,1.33,5.379,True,1.696,0.33,0.0088,2.025,
1,1799,0.691,-0.535,-1.498,-4.332,1.348,5.365,True,1.696,0.33,0.0088,2.025,
1,1800,0.691,-0.535,-1.498,-4.31,1.366,5.35,True,1.696,0.33,0.0088,2.025,
1,1801,0.691,-0.535,-1.498,-4.287,1.383,5.334,True,1.696,0.33,0.0088,2.025,
1,1802,0.691,-0.535,-1.498,-4.264,1.399,5.319,True,1.696,0.33,0.0088,2.025,
1,1803,0.691,-0.535,-1.498,-4.24,1.416,5.303,True,1.696,0.33,0.0088,2.025,
1,1804,0.691,-0.535,-1.498,-4.217,1.432,5.287,True,1.696,0.33,0.0088,2.025,
1,1805,0.691,-0.535,-1.498,-4.193,1.447,5.271,True,1.696,0.33,0.0088,2.025,
1,1806,0.691,-0.535,-1.498,-4.169,1.463,5.255,True,1.696,0.33,0.0088,2.025,
1,1807,0.691,-0.535,-1.498,-4.145,1.477,5.238,True,1.696,0.33,0.0088,2.025,
1,1808,0.691,-0.535,-1.498,-4.121,1.492,5.221,True,1.696,0.33,0.0088,2.025,
1,1809,0.691,-0.535,-1.498,-4.096,1.506,5.204,True,1.696,0.33,0.0088,2.025,
1,1810,0.691,-0.535,-1.498,-4.072,1.519,5.187,True,1.696,0.33,0.0088,2.025,
1,1811,0.691,-0.535,-1.498,-4.047,1.533,5.17,True,1.696,0.33,0.0088,2.025,
1,1812,0.691,-0.535,-1.498,-4.022,1.546,5.152,True,1.696,0.33,0.0088,2.025,
1,1813,0.691,-0.535,-1.498,-3.997,1.558,5.134,True,1.696,0.33,0.0088,2.025,
1,1814,0.691,-0.535,-1.498,-3.972,1.57,5.116,True,1.696,0.33,0.0088,2.025,
1,1815,0.691,-0.535,-1.498,-3.947,1.582,5.098,True,1.696,0.33,0.0088,2.025,
1,1816,0.691,-0.535,-1.498,-3.921,1.593,5.08,True,1.696,0.33,0.0088,2.025,
1,1817,0.691,-0.535,-1.498,-3.896,1.604,5.061,True,1.696,0.33,0.0088,2.025,
1,1818,0.691,-0.535,-1.498,-3.87,1.615,5.042,True,1.696,0.33,0.0088,2.025,
1,1819,0.691,-0.535,-1.498,-3.844,1.625,5.024,True,1.696,0.33,0.0088,2.025,
1,1820,0.691,-0.535,-1.498,-3.819,1.635,5.005,True,1.696,0.33,0.0088,2.025,
1,1821,0.691,-0.535,-1.498,-3.793,1.644,4.985,True,1.696,0.33,0.0088,2.025,
1,1822,0.691,-0.535,-1.498,-3.767,1.653,4.966,True,1.696,0.33,0.0088,2.025,
1,1823,0.691,-0.535,-1.498,-3.741,1.662,4.947,True,1.696,0.33,0.0088,2.025,
1,1824,0.691,-0.535,-1.498,-3.715,1.67,4.927,True,1.696,0.33,0.0088,2.025,
1,1825,0.691,-0.535,-1.498,-3.689,1.678,4.907,True,1.696,0.33,0.0088,2.025,
1,1826,0.691,-0.535,-1.498,-3.662,1.686,4.887,True,1.696,0.33,0.0088,2.025,
1,1827,0.691,-0.535,-1.498,-3.636,1.693,4.867,True,1.696,0.33,0.0088,2.025,
1,1828,0.691,-0.535,-1.498,-3.61,1.7,4.847,True,1.696,0.33,0.0088,2.025,
1,1829,0.691,-0.535,-1.498,-3.584,1.707,4.827,True,1.696,0.33,0.0088,2.025,
1,1830,0.691,-0.535,-1.498,-3.557,1.713,4.806,True,1.696,0.33,0.0088,2.025,
1,1831,0.691,-0.535,-1.498,-3.531,1.719,4.786,True,1.696,0.33,0.0088,2.025,
1,1832,0.691,-0.535,-1.498,-3.504,1.724,4.765,True,1.696,0.33,0.0088,2.025,
1,1833,0.691,-0.535,-1.498,-3.478,1.729,4.744,True,1.696,0.33,0.0088,2.025,
1,1834,0.691,-0.535,-1.498,-3.452,1.734,4.724,True,1.696,0.33,0.0088,2.025,
1,1835,0.691,-0.535,-1.498,-3.425,1.739,4.703,True,1.696,0.33,0.0088,2.025,
1,1836,0.691,-0.535,-1.498,-3.399,1.743,4.681,True,1.696,0.33,0.0088,2.025,
1,1837,0.691,-0.535,-1.498,-3.372,1.747,4.66,True,1.696,0.33,0.0088,2.025,
1,1838,0.691,-0.535,-1.498,-3.346,1.75,4.639,True,1.696,0.33,0.0088,2.025,
1,1839,0.691,-0.535,-1.498,-3.32,1.753,4.618,True,1.696,0.33,0.0088,2.025,
1,1840,0.691,-0.535,-1.498,-3.293,1.756,4.596,True,1.696,0.33,0.0088,2.025,
1,1841,0.691,-0.535,-1.498,-3.267,1.759,4.575,True,1.696,0.33,0.0088,2.025,
1,1842,0.691,-0.535,-1.498,-3.241,1.761,4.553,True,1.696,0.33,0.0088,2.025,
1,1843,0.691,-0.535,-1.498,-3.214,1.763,4.531,True,1.696,0.33,0.0088,2.025,
1,1844,0.691,-0.535,-1.498,-3.188,1.764,4.51,True,1.696,0.33,0.0088,2.025,
1,1845,0.691,-0.535,-1.498,-3.162,1.766,4.488,True,1.696,0.33,0.0088,2.025,
1,1846,0.691,-0.535,-1.498,-3.136,1.767,4.466,True,1.696,0.33,0.0088,2.025,
1,1847,0.691,-0.535,-1.498,-3.11,1.767,4.444,True,1.696,0.33,0.0088,2.025,
1,1848,0.691,-0.535,-1.498,-3.084,1.768,4.422,True,1.696,0.33,0.0088,2.025,
1,1849,0.691,-0.535,-1.498,-3.058,1.768,4.4,True,1.696,0.33,0.0088,2.025,
1,1850,0.691,-0.535,-1.498,-3.032,1.768,4.377,True,1.696,0.33,0.0088,2.025,
1,1851,0.691,-0.535,-1.498,-3.006,1.767,4.355,True,1.696,0.33,0.0088,2.025,
1,1852,0.691,-0.535,-1.498,-2.98,1.766,4.333,True,1.696,0.33,0.0088,2.025,
1,1853,0.691,-0.535,-1.498,-2.954,1.765,4.311,True,1.696,0.33,0.0088,2.025,
1,1854,0.691,-0.535,-1.498,-2.929,1.764,4.288,True,1.696,0.33,0.0088,2.025,
1,1855,0.691,-0.535,-1.498,-2.903,1.762,4.266,True,1.696,0.33,0.0088,2.025,
1,1856,0.691,-0.535,-1.498,-2.877,1.761,4.243,True,1.696,0.33,0.0088,2.025,
1,1857,0.691,-0.535,-1.498,-2.852,1.759,4.221,True,1.696,0.33,0.0088,2.025,
1,1858,0.691,-0.535,-1.498,-2.827,1.756,4.198,True,1.696,0.33,0.0088,2.025,
1,1859,0.691,-0.535,-1.498,-2.801,1.754,4.176,True,1.696,0.33,0.0088,2.025,
1,1860,0.691,-0.535,-1.498,-2.776,1.751,4.153,True,1.696,0.33,0.0088,2.025,
1,1861,0.691,-0.535,-1.498,-2.751,1.748,4.13,True,1.696,0.33,0.0088,2.025,
1,1862,0.691,-0.535,-1.498,-2.726,1.744,4.107,True,1.696,0.33,0.0088,2.025,
1,1863,0.691,-0.535,-1.498,-2.701,1.741,4.085,True,1.696,0.33,0.0088,2.025,
1,1864,0.691,-0.535,-1.498,-2.676,1.737,4.062,True,1.696,0.33,0.0088,2.025,
1,1865,0.691,-0.535,-1.498,-2.651,1.733,4.039,True,1.696,0.33,0.0088,2.025,
1,1866,0.691,-0.535,-1.498,-2.626,1.729,4.016,True,1.696,0.33,0.0088,2.025,
1,1867,0.691,-0.535,-1.498,-2.602,1.724,3.993,True,1.696,0.33,0.0088,2.025,
1,1868,0.691,-0.535,-1.498,-2.577,1.719,3.971,True,1.696,0.33,0.0088,2.025,
1,1869,0.691,-0.535,-1.498,-2.553,1.715,3.948,True,1.696,0.33,0.0088,2.025,
1,1870,0.691,-0.535,-1.498,-2.528,1.709,3.925,True,1.696,0.33,0.0088,2.025,
1,1871,0.691,-0.535,-1.498,-2.504,1.704,3.902,True,1.696,0.33,0.0088,2.025,
1,1872,0.691,-0.535,-1.498,-2.48,1.699,3.879,True,1.696,0.33,0.0088,2.025,
1,1873,0.691,-0.535,-1.498,-2.456,1.693,3.856,True,1.696,0.33,0.0088,2.025,
1,1874,0.691,-0.535,-1.498,-2.432,1.687,3.833,True,1.696,0.33,0.0088,2.025,
1,1875,0.691,-0.535,-1.498,-2.408,1.681,3.81,True,1.696,0.33,0.0088,2.025,
1,1876,0.691,-0.535,-1.498,-2.384,1.674,3.787,True,1.696,0.33,0.0088,2.025,
1,1877,0.691,-0.535,-1.498,-2.361,1.668,3.764,True,1.696,0.33,0.0088,2.025,
1,1878,0.691,-0.535,-1.498,-2.337,1.661,3.741,True,1.696,0.33,0.0088,2.025,
1,1879,0.691,-0.535,-1.498,-2.314,1.654,3.718,True,1.696,0.33,0.0088,2.025,
1,1880,0.691,-0.535,-1.498,-2.291,1.647,3.695,True,1.696,0.33,0.0088,2.025,
1,1881,0.691,-0.535,-1.498,-2.267,1.64,3.672,True,1.696,0.33,0.0088,2.025,
1,1882,0.691,-0.535,-1.498,-2.244,1.632,3.649,True,1.696,0.33,0.0088,2.025,
1,1883,0.691,-0.535,-1.498,-2.221,1.625,3.626,True,1.696,0.33,0.0088,2.025,
1,1884,0.691,-0.535,-1.498,-2.198,1.617,3.603,True,1.696,0.33,0.0088,2.025,
1,1885,0.691,-0.535,-1.498,-2.175,1.609,3.58,True,1.696,0.33,0.0088,2.025,
1,1886,0.691,-0.535,-1.498,-2.153,1.601,3.557,True,1.696,0.33,0.0088,2.025,
1,1887,0.691,-0.535,-1.498,-2.13,1.593,3.534,True,1.696,0.33,0.0088,2.025,
1,1888,0.691,-0.535,-1.498,-2.108,1.584,3.511,True,1.696,0.33,0.0088,2.025,
1,1889,0.691,-0.535,-1.498,-2.085,1.576,3.488,True,1.696,0.33,0.0088,2.025,
1,1890,0.691,-0.535,-1.498,-2.063,1.567,3.465,True,1.696,0.33,0.0088,2.025,
1,1891,0.691,-0.535,-1.498,-2.041,1.558,3.442,True,1.696,0.33,0.0088,2.025,
1,1892,0.691,-0.535,-1.498,-2.019,1.549,3.419,True,1.696,0.33,0.0088,2.025,
1,1893,0.691,-0.535,-1.498,-1.997,1.54,3.396,True,1.696,0.33,0.0088,2.025,
1,1894,0.691,-0.535,-1.498,-1.975,1.53,3.373,True,1.696,0.33,0.0088,2.025,
1,1895,0.691,-0.535,-1.498,-1.953,1.521,3.35,True,1.696,0.33,0.0088,2.025,
1,1896,0.691,-0.535,-1.498,-1.932,1.511,3.327,True,1.696,0.33,0.0088,2.025,
1,1897,0.691,-0.535,-1.498,-1.91,1.502,3.304,True,1.696,0.33,0.0088,2.025,
1,1898,0.691,-0.535,-1.498,-1.889,1.492,3.281,True,1.696,0.33,0.0088,2.025,
1,1899,0.691,-0.535,-1.498,-1.868,1.482,3.258,True,1.696,0.33,0.0088,2.025,
1,1900,0.691,-0.535,-1.498,-1.846,1.472,3.235,True,1.696,0.33,0.0088,2.025,
1,1901,0.691,-0.535,-1.498,-1.825,1.461,3.212,True,1.696,0.33,0.0088,2.025,
1,1902,0.691,-0.535,-1.498,-1.804,1.451,3.189,True,1.696,0.33,0.0088,2.025,
1,1903,0.691,-0.535,-1.498,-1.783,1.441,3.167,True,1.696,0.33,0.0088,2.025,
1,1904,0.691,-0.535,-1.498,-1.763,1.43,3.144,True,1.696,0.33,0.0088,2.025,
1,1905,0.691,-0.535,-1.498,-1.742,1.419,3.121,True,1.696,0.33,0.0088,2.025,
1,1906,0.691,-0.535,-1.498,-1.721,1.409,3.098,True,1.696,0.33,0.0088,2.025,
1,1907,0.691,-0.535,-1.498,-1.701,1.398,3.075,True,1.696,0.33,0.0088,2.025,
1,1908,0.691,-0.535,-1.498,-1.681,1.387,3.053,True,1.696,0.33,0.0088,2.025,
1,1909,0.691,-0.535,-1.498,-1.66,1.376,3.03,True,1.696,0.33,0.0088,2.025,
1,1910,0.691,-0.535,-1.498,-1.64,1.364,3.007,True,1.696,0.33,0.0088,2.025,
1,1911,0.691,-0.535,-1.498,-1.62,1.353,2.984,True,1.696,0.33,0.0088,2.025,
1,1912,0.691,-0.535,-1.498,-1.6,1.342,2.962,True,1.696,0.33,0.0088,2.025,
1,1913,0.691,-0.535,-1.498,-1.58,1.33,2.939,True,1.696,0.33,0.0088,2.025,
1,1914,0.691,-0.535,-1.498,-1.56,1.318,2.916,True,1.696,0.33,0.0088,2.025,
1,1915,0.691,-0.535,-1.498,-1.541,1.307,2.894,True,1.696,0.33,0.0088,2.025,
1,1916,0.691,-0.535,-1.498,-1.521,1.295,2.871,True,1.696,0.33,0.0088,2.025,
1,1917,0.691,-0.535,-1.498,-1.502,1.283,2.849,True,1.696,0.33,0.0088,2.025,
1,1918,0.691,-0.535,-1.498,-1.482,1.271,2.826,True,1.696,0.33,0.0088,2.025,
1,1919,0.691,-0.535,-1.498,-1.463,1.259,2.803,True,1.696,0.33,0.0088,2.025,
1,1920,0.691,-0.535,-1.498,-1.444,1.247,2.781,True,1.696,0.33,0.0088,2.025,
1,1921,0.691,-0.535,-1.498,-1.425,1.235,2.758,True,1.696,0.33,0.0088,2.025,
1,1922,0.691,-0.535,-1.498,-1.406,1.222,2.736,True,1.696,0.33,0.0088,2.025,
1,1923,0.691,-0.535,-1.498,-1.387,1.21,2.713,True,1.696,0.33,0.0088,2.025,
1,1924,0.691,-0.535,-1.498,-1.368,1.198,2.691,True,1.696,0.33,0.0088,2.025,
1,1925,0.691,-0.535,-1.498,-1.349,1.185,2.669,True,1.696,0.33,0.0088,2.025,
1,1926,0.691,-0.535,-1.498,-1.33,1.172,2.646,True,1.696,0.33,0.0088,2.025,
1,1927,0.691,-0.535,-1.498,-1.312,1.16,2.624,True,1.696,0.33,0.0088,2.025,
1,1928,0.691,-0.535,-1.498,-1.293,1.147,2.601,True,1.696,0.33,0.0088,2.025,
1,1929,0.691,-0.535,-1.498,-1.275,1.134,2.579,True,1.696,0.33,0.0088,2.025,
1,1930,0.691,-0.535,-1.498,-1.257,1.121,2.557,True,1.696,0.33,0.0088,2.025,
1,1931,0.691,-0.535,-1.498,-1.238,1.108,2.535,True,1.696,0.33,0.0088,2.025,
1,1932,0.691,-0.535,-1.498,-1.22,1.095,2.512,True,1.696,0.33,0.0088,2.025,
1,1933,0.691,-0.535,-1.498,-1.202,1.082,2.49,True,1.696,0.33,0.0088,2.025,
1,1934,0.691,-0.535,-1.498,-1.184,1.069,2.468,True,1.696,0.33,0.0088,2.025,
1,1935,0.691,-0.535,-1.498,-1.166,1.056,2.446,True,1.696,0.33,0.0088,2.025,
1,1936,0.691,-0.535,-1.498,-1.148,1.043,2.423,True,1.696,0.33,0.0088,2.025,
1,1937,0.691,-0.535,-1.498,-1.131,1.029,2.401,True,1.696,0.33,0.0088,2.025,
1,1938,0.691,-0.535,-1.498,-1.113,1.016,2.379,True,1.696,0.33,0.0088,2.025,
1,1939,0.691,-0.535,-1.498,-1.095,1.003,2.357,True,1.696,0.33,0.0088,2.025,
1,1940,0.691,-0.535,-1.498,-1.078,0.989,2.335,True,1.696,0.33,0.0088,2.025,
1,1941,0.691,-0.535,-1.498,-1.06,0.976,2.313,True,1.696,0.33,0.0088,2.025,
1,1942,0.691,-0.535,-1.498,-1.043,0.962,2.291,True,1.696,0.33,0.0088,2.025,
1,1943,0.691,-0.535,-1.498,-1.026,0.948,2.269,True,1.696,0.33,0.0088,2.025,
1,1944,0.691,-0.535,-1.498,-1.008,0.935,2.247,True,1.696,0.33,0.0088,2.025,
1,1945,0.691,-0.535,-1.498,-0.991,0.921,2.225,True,1.696,0.33,0.0088,2.025,
1,1946,0.691,-0.535,-1.498,-0.974,0.907,2.203,True,1.696,0.33,0.0088,2.025,
1,1947,0.691,-0.535,-1.498,-0.957,0.893,2.181,True,1.696,0.33,0.0088,2.025,
1,1948,0.691,-0.535,-1.498,-0.94,0.88,2.159,True,1.696,0.33,0.0088,2.025,
1,1949,0.691,-0.535,-1.498,-0.923,0.866,2.137,True,1.783,0.366,0.0098,2.149,
1,1950,0.691,-0.535,-1.498,-0.906,0.852,2.115,True,1.833,0.403,0.0107,2.236,
1,1951,0.691,-0.535,-1.498,-0.889,0.838,2.094,True,1.837,0.476,0.0127,2.313,
1,1952,0.691,-0.535,-1.498,-0.873,0.824,2.072,True,1.79,0.549,0.0146,2.34,
1,1953,0.691,-0.535,-1.498,-0.856,0.81,2.05,True,1.729,0.623,0.0166,2.352,
1,1954,0.691,-0.535,-1.498,-0.839,0.796,2.028,True,1.667,0.696,0.0186,2.363,
1,1955,0.691,-0.535,-1.498,-0.823,0.782,2.006,True,1.61,0.769,0.0205,2.379,
1,1956,0.691,-0.535,-1.498,-0.806,0.767,1.985,True,1.557,0.842,0.0225,2.4,
1,1957,0.691,-0.535,-1.498,-0.79,0.753,1.963,True,1.511,0.916,0.0244,2.426,
1,1958,0.691,-0.535,-1.498,-0.774,0.739,1.941,True,1.469,0.989,0.0264,2.458,
1,1959,0.691,-0.535,-1.498,-0.757,0.725,1.92,True,1.441,1.062,0.0283,2.503,
1,1960,0.691,-0.535,-1.498,-0.741,0.71,1.898,True,1.416,1.135,0.0303,2.552,
1,1961,0.691,-0.535,-1.498,-0.725,0.696,1.876,True,1.365,1.282,0.0342,2.647,
1,1962,0.691,-0.535,-1.498,-0.709,0.682,1.855,True,1.347,1.355,0.0361,2.702,
1,1963,0.691,-0.535,-1.498,-0.692,0.667,1.833,True,1.33,1.428,0.0381,2.759,
1,1964,0.691,-0.535,-1.498,-0.676,0.653,1.811,True,1.288,1.611,0.043,2.9,
1,1965,0.691,-0.535,-1.498,-0.66,0.638,1.79,True,1.276,1.685,0.0449,2.961,
1,1966,0.691,-0.535,-1.498,-0.644,0.624,1.768,True,1.264,1.758,0.0469,3.022,
1,1967,0.691,-0.535,-1.498,-0.628,0.609,1.747,True,1.237,1.978,0.0527,3.215,
1,1968,0.691,-0.535,-1.498,-0.613,0.595,1.725,True,1.223,2.124,0.0566,3.347,
1,1969,0.691,-0.535,-1.498,-0.597,0.58,1.704,True,1.218,2.234,0.0596,3.451,
1,1970,0.691,-0.535,-1.498,-0.581,0.566,1.682,True,1.205,2.38,0.0635,3.586,
1,1971,0.691,-0.535,-1.498,-0.565,0.551,1.661,True,1.193,2.563,0.0684,3.756,
1,1972,0.691,-0.535,-1.498,-0.549,0.537,1.639,True,1.183,2.673,0.0713,3.856,
1,1973,0.691,-0.535,-1.498,-0.534,0.522,1.618,True,1.179,2.856,0.0762,4.035,
1,1974,0.691,-0.535,-1.498,-0.518,0.507,1.596,True,1.197,2.783,0.0742,3.98,
1,1975,0.691,-0.535,-1.498,-0.502,0.493,1.575,True,1.246,2.563,0.0684,3.81,
1,1976,0.691,-0.535,-1.498,-0.487,0.478,1.554,True,1.291,2.344,0.0625,3.635,
1,1977,0.691,-0.535,-1.498,-0.471,0.463,1.532,True,1.327,2.271,0.0605,3.597,
1,1978,0.691,-0.535,-1.498,-0.456,0.448,1.511,True,1.414,1.794,0.0479,3.209,
1,1979,0.691,-0.535,-1.498,-0.44,0.434,1.49,True,1.454,1.611,0.043,3.066,
1,1980,0.691,-0.535,-1.498,-0.425,0.419,1.468,True,1.52,1.355,0.0361,2.875,
1,1981,0.691,-0.535,-1.498,-0.409,0.404,1.447,True,1.586,1.172,0.0312,2.757,
1,1982,0.691,-0.535,-1.498,-0.394,0.389,1.426,True,1.624,0.989,0.0264,2.613,
1,1983,0.691,-0.535,-1.498,-0.379,0.374,1.404,True,1.807,0.659,0.0176,2.466,
1,1984,0.691,-0.535,-1.498,-0.363,0.36,1.383,True,2.031,0.439,0.0117,2.47,
1,1985,0.691,-0.535,-1.498,-0.348,0.345,1.362,True,1.696,0.33,0.0088,2.025,
1,1986,0.691,-0.535,-1.498,-0.333,0.33,1.34,True,1.696,0.33,0.0088,2.025,
1,1987,0.691,-0.535,-1.498,-0.318,0.315,1.319,True,1.696,0.33,0.0088,2.025,
1,1988,0.691,-0.535,-1.498,-0.302,0.3,1.298,True,1.696,0.33,0.0088,2.025,
1,1989,0.691,-0.535,-1.498,-0.287,0.285,1.277,True,1.696,0.33,0.0088,2.025,
1,1990,0.691,-0.535,-1.498,-0.272,0.27,1.256,True,1.696,0.33,0.0088,2.025,
1,1991,0.691,-0.535,-1.498,-0.257,0.255,1.234,True,1.696,0.33,0.0088,2.025,
1,1992,0.691,-0.535,-1.498,-0.242,0.241,1.213,True,1.696,0.33,0.0088,2.025,
1,1993,0.691,-0.535,-1.498,-0.227,0.226,1.192,True,1.696,0.33,0.0088,2.025,
1,1994,0.691,-0.535,-1.498,-0.211,0.211,1.171,True,1.696,0.33,0.0088,2.025,
1,1995,0.691,-0.535,-1.498,-0.196,0.196,1.15,True,1.696,0.33,0.0088,2.025,
1,1996,0.691,-0.535,-1.498,-0.181,0.181,1.128,True,1.696,0.33,0.0088,2.025,
1,1997,0.691,-0.535,-1.498,-0.166,0.166,1.107,True,1.696,0.33,0.0088,2.025,
1,1998,0.691,-0.535,-1.498,-0.151,0.151,1.086,True,1.696,0.33,0.0088,2.025,
1,1999,0.691,-0.535,-1.498,-0.136,0.136,1.065,True,1.696,0.33,0.0088,2.025,
1,2000,0.691,-0.535,-1.498,-0.121,0.121,1.044,True,1.696,0.33,0.0088,2.025,
2,1,-0.99,0.13,-0.358,0.577,-0.562,1.713,True,1.177,0.916,0.0244,1.119,
2,2,-0.995,0.134,-0.367,0.593,-0.577,1.741,True,1.177,1.025,0.0273,1.447,
2,3,-1.002,0.139,-0.375,0.609,-0.592,1.768,True,1.237,0.879,0.0234,1.492,
2,4,-1.008,0.144,-0.383,0.625,-0.606,1.797,True,1.38,1.099,0.0293,1.949,
2,5,-1.015,0.149,-0.39,0.641,-0.621,1.826,True,1.284,0.879,0.0234,1.707,
2,6,-1.022,0.155,-0.397,0.657,-0.635,1.855,True,1.404,0.952,0.0254,1.967,
2,7,-1.029,0.161,-0.404,0.673,-0.65,1.885,True,1.541,1.135,0.0303,2.353,
2,8,-1.037,0.168,-0.41,0.689,-0.664,1.916,True,1.704,1.062,0.0283,2.507,
2,9,-1.045,0.175,-0.415,0.705,-0.678,1.947,True,1.753,1.245,0.0332,2.8,
2,10,-1.053,0.183,-0.42,0.721,-0.693,1.978,True,1.661,1.135,0.0303,2.684,
2,11,-1.061,0.19,-0.424,0.737,-0.707,2.01,True,1.79,1.208,0.0322,2.954,
2,12,-1.07,0.198,-0.428,0.754,-0.721,2.042,True,1.66,1.428,0.0381,3.013,
2,13,-1.079,0.206,-0.431,0.77,-0.736,2.074,True,1.657,1.282,0.0342,2.697,
2,14,-1.088,0.214,-0.434,0.786,-0.75,2.107,True,1.536,0.952,0.0254,1.954,
2,15,-1.097,0.221,-0.437,0.803,-0.764,2.14,True,1.59,0.476,0.0127,1.234,
2,16,-1.106,0.229,-0.439,0.819,-0.778,2.173,True,1.274,0.33,0.0088,0.574,
2,17,-1.116,0.236,-0.44,0.836,-0.792,2.206,True,1.522,0.256,0.0068,0.658,
2,18,-1.125,0.243,-0.442,0.852,-0.807,2.239,True,1.454,0.183,0.0049,0.494,
2,19,-1.135,0.25,-0.443,0.869,-0.821,2.272,True,1.019,0.183,0.0049,0.064,
2,20,-1.145,0.256,-0.443,0.886,-0.835,2.305,True,1.25,0.146,0.0039,0.288,
2,21,-1.154,0.262,-0.444,0.902,-0.849,2.337,False,0.0,0.0,0.0,-1.562,
2,22,-1.164,0.267,-0.444,0.919,-0.863,2.369,False,0.0,0.0,0.0,-1.513,
2,23,-1.173,0.272,-0.444,0.936,-0.876,2.401,False,0.0,0.0,0.0,-1.454,
2,24,-1.182,0.276,-0.444,0.953,-0.89,2.433,False,0.0,0.0,0.0,-1.388,
2,25,-1.191,0.279,-0.444,0.97,-0.904,2.464,False,0.0,0.0,0.0,-1.315,
2,26,-1.2,0.282,-0.444,0.987,-0.918,2.495,False,0.0,0.0,0.0,-1.229,
2,27,-1.208,0.284,-0.444,1.004,-0.932,2.525,False,0.0,0.0,0.0,-1.109,
2,28,-1.216,0.286,-0.443,1.022,-0.945,2.554,False,0.0,0.0,0.0,-0.977,
2,29,-1.224,0.286,-0.443,1.039,-0.959,2.583,False,0.0,0.0,0.0,-0.857,
2,30,-1.231,0.286,-0.443,1.056,-0.973,2.611,False,0.0,0.0,0.0,-1.068,
2,31,-1.238,0.286,-0.443,1.074,-0.986,2.638,False,0.0,0.0,0.0,-2.492,
2,32,-1.244,0.285,-0.443,1.091,-1.0,2.665,False,0.0,0.0,0.0,-2.415,
2,33,-1.249,0.283,-0.443,1.109,-1.013,2.691,False,0.0,0.0,0.0,-2.318,
2,34,-1.254,0.281,-0.444,1.127,-1.026,2.716,False,0.0,0.0,0.0,-2.214,
2,35,-1.258,0.278,-0.444,1.144,-1.04,2.74,False,0.0,0.0,0.0,-2.108,
2,36,-1.262,0.275,-0.445,1.162,-1.053,2.764,False,0.0,0.0,0.0,-2.005,
2,37,-1.265,0.271,-0.447,1.18,-1.066,2.787,False,0.0,0.0,0.0,-1.902,
2,38,-1.267,0.267,-0.448,1.198,-1.079,2.809,False,0.0,0.0,0.0,-1.779,
2,39,-1.268,0.263,-0.45,1.216,-1.092,2.83,False,0.0,0.0,0.0,-1.672,
2,40,-1.268,0.258,-0.452,1.234,-1.105,2.85,False,0.0,0.0,0.0,-1.575,
2,41,-1.267,0.253,-0.454,1.253,-1.118,2.869,False,0.0,0.0,0.0,-1.454,
2,42,-1.266,0.248,-0.456,1.271,-1.131,2.887,False,0.0,0.0,0.0,-1.353,
2,43,-1.264,0.242,-0.458,1.289,-1.144,2.905,False,0.0,0.0,0.0,-1.289,
2,44,-1.26,0.237,-0.46,1.308,-1.157,2.922,False,0.0,0.0,0.0,-1.256,
2,45,-1.256,0.231,-0.463,1.326,-1.17,2.938,False,0.0,0.0,0.0,-1.244,
2,46,-1.251,0.225,-0.465,1.345,-1.182,2.953,False,0.0,0.0,0.0,-1.237,
2,47,-1.245,0.219,-0.467,1.364,-1.195,2.967,False,0.0,0.0,0.0,-1.185,
2,48,-1.238,0.214,-0.47,1.382,-1.207,2.981,True,0.477,0.183,0.0049,0.054,
2,49,-1.231,0.208,-0.472,1.401,-1.22,2.994,True,0.616,0.293,0.0078,0.369,
2,50,-1.222,0.203,-0.474,1.42,-1.232,3.007,True,0.773,0.366,0.0098,0.656,
2,51,-1.213,0.197,-0.476,1.439,-1.244,3.019,True,0.958,0.366,0.0098,0.889,
2,52,-1.203,0.192,-0.477,1.459,-1.256,3.031,True,1.117,0.476,0.0127,1.199,
2,53,-1.193,0.187,-0.479,1.478,-1.268,3.042,True,1.25,0.366,0.0098,1.255,
2,54,-1.182,0.182,-0.48,1.497,-1.28,3.053,True,1.358,0.403,0.0107,1.428,
2,55,-1.171,0.178,-0.481,1.517,-1.292,3.064,True,1.461,0.33,0.0088,1.48,
2,56,-1.159,0.174,-0.482,1.536,-1.304,3.074,True,1.548,0.33,0.0088,1.584,
2,57,-1.147,0.169,-0.483,1.556,-1.316,3.084,True,1.633,0.33,0.0088,1.682,
2,58,-1.134,0.165,-0.483,1.576,-1.327,3.094,True,1.67,0.439,0.0117,1.837,
2,59,-1.122,0.162,-0.484,1.596,-1.339,3.104,True,1.734,0.366,0.0098,1.831,
2,60,-1.108,0.158,-0.484,1.616,-1.35,3.114,True,1.744,0.366,0.0098,1.845,
2,61,-1.095,0.155,-0.483,1.636,-1.362,3.124,True,1.744,0.366,0.0098,1.848,
2,62,-1.082,0.152,-0.482,1.656,-1.373,3.133,True,1.744,0.366,0.0098,1.852,
2,63,-1.068,0.149,-0.482,1.676,-1.384,3.143,True,1.729,0.33,0.0088,1.804,
2,64,-1.054,0.147,-0.48,1.696,-1.395,3.153,True,1.688,0.33,0.0088,1.774,
2,65,-1.04,0.144,-0.479,1.717,-1.406,3.163,True,1.688,0.33,0.0088,1.836,
2,66,-1.026,0.142,-0.477,1.737,-1.417,3.173,True,1.64,0.293,0.0078,1.802,
2,67,-1.012,0.14,-0.475,1.758,-1.428,3.183,True,1.591,0.33,0.0088,1.828,
2,68,-0.999,0.138,-0.473,1.779,-1.438,3.193,True,1.548,0.33,0.0088,1.812,
2,69,-0.985,0.136,-0.47,1.8,-1.449,3.203,True,1.488,0.33,0.0088,1.77,
2,70,-0.971,0.134,-0.467,1.821,-1.459,3.214,True,1.467,0.366,0.0098,1.794,
2,71,-0.957,0.132,-0.465,1.842,-1.469,3.224,True,1.382,0.33,0.0088,1.675,
2,72,-0.943,0.131,-0.461,1.863,-1.48,3.235,True,1.353,0.33,0.0088,1.649,
2,73,-0.929,0.129,-0.458,1.884,-1.49,3.246,True,1.271,0.33,0.0088,1.571,
2,74,-0.916,0.128,-0.455,1.905,-1.499,3.257,True,1.278,0.403,0.0107,1.659,
2,75,-0.902,0.126,-0.451,1.927,-1.509,3.268,True,1.205,0.439,0.0117,1.635,
2,76,-0.889,0.125,-0.447,1.949,-1.519,3.279,True,1.162,0.403,0.0107,1.572,
2,77,-0.875,0.123,-0.444,1.97,-1.528,3.29,True,1.132,0.439,0.0117,1.598,
2,78,-0.862,0.122,-0.44,1.992,-1.538,3.301,True,1.096,0.33,0.0088,1.473,
2,79,-0.849,0.121,-0.436,2.014,-1.547,3.313,True,1.047,0.513,0.0137,1.628,
2,80,-0.836,0.119,-0.431,2.036,-1.556,3.325,True,1.016,0.403,0.0107,1.508,
2,81,-0.823,0.118,-0.427,2.058,-1.565,3.336,True,0.97,0.366,0.0098,1.446,
2,82,-0.81,0.116,-0.423,2.08,-1.574,3.348,True,0.981,0.33,0.0088,1.44,
2,83,-0.797,0.115,-0.419,2.103,-1.582,3.36,True,0.989,0.33,0.0088,1.468,
2,84,-0.785,0.113,-0.414,2.125,-1.591,3.372,True,0.969,0.293,0.0078,1.429,
2,85,-0.772,0.112,-0.41,2.148,-1.599,3.384,True,0.925,0.256,0.0068,1.365,
2,86,-0.76,0.11,-0.405,2.17,-1.607,3.396,True,0.933,0.256,0.0068,1.389,
2,87,-0.747,0.109,-0.401,2.193,-1.615,3.408,True,0.945,0.256,0.0068,1.415,
2,88,-0.735,0.107,-0.396,2.216,-1.623,3.421,True,0.951,0.293,0.0078,1.471,
2,89,-0.723,0.106,-0.392,2.239,-1.631,3.433,True,0.951,0.293,0.0078,1.484,
2,90,-0.711,0.104,-0.387,2.262,-1.638,3.446,True,0.951,0.293,0.0078,1.495,
2,91,-0.699,0.102,-0.382,2.285,-1.645,3.458,True,0.969,0.256,0.0068,1.488,
2,92,-0.687,0.1,-0.378,2.309,-1.653,3.471,True,0.962,0.183,0.0049,1.417,
2,93,-0.676,0.099,-0.373,2.332,-1.659,3.484,True,0.972,0.22,0.0059,1.472,
2,94,-0.664,0.097,-0.369,2.356,-1.666,3.497,True,0.972,0.22,0.0059,1.48,
2,95,-0.653,0.095,-0.364,2.379,-1.673,3.509,True,0.973,0.256,0.0068,1.525,
2,96,-0.641,0.093,-0.36,2.403,-1.679,3.522,True,0.973,0.256,0.0068,1.531,
2,97,-0.63,0.091,-0.355,2.427,-1.685,3.535,True,0.966,0.22,0.0059,1.492,
2,98,-0.619,0.089,-0.35,2.451,-1.691,3.548,True,0.966,0.22,0.0059,1.497,
2,99,-0.608,0.087,-0.346,2.475,-1.697,3.561,True,0.986,0.183,0.0049,1.484,
2,100,-0.597,0.085,-0.342,2.499,-1.703,3.575,True,0.974,0.146,0.0039,1.439,
2,101,-0.586,0.083,-0.337,2.523,-1.708,3.588,True,0.974,0.146,0.0039,1.442,
2,102,-0.575,0.081,-0.333,2.547,-1.713,3.601,True,0.987,0.183,0.0049,1.493,
2,103,-0.564,0.079,-0.328,2.572,-1.718,3.614,True,0.987,0.183,0.0049,1.494,
2,104,-0.553,0.077,-0.324,2.596,-1.723,3.627,True,1.001,0.22,0.0059,1.546,
2,105,-0.543,0.074,-0.32,2.621,-1.728,3.641,True,1.001,0.22,0.0059,1.546,
2,106,-0.532,0.072,-0.315,2.646,-1.732,3.654,True,1.001,0.22,0.0059,1.545,
2,107,-0.522,0.07,-0.311,2.67,-1.736,3.667,True,1.001,0.22,0.0059,1.544,
2,108,-0.511,0.067,-0.307,2.695,-1.74,3.681,True,1.018,0.183,0.0049,1.524,
2,109,-0.501,0.065,-0.303,2.72,-1.744,3.694,True,1.004,0.146,0.0039,1.471,
2,110,-0.49,0.063,-0.299,2.745,-1.747,3.707,True,1.004,0.146,0.0039,1.469,
2,111,-0.48,0.06,-0.295,2.77,-1.75,3.721,True,1.029,0.183,0.0049,1.527,
2,112,-0.47,0.058,-0.291,2.796,-1.753,3.734,True,1.031,0.22,0.0059,1.563,
2,113,-0.46,0.056,-0.287,2.821,-1.756,3.748,True,1.029,0.256,0.0068,1.594,
2,114,-0.45,0.053,-0.283,2.846,-1.758,3.761,True,1.027,0.22,0.0059,1.553,
2,115,-0.44,0.051,-0.279,2.872,-1.76,3.774,True,1.027,0.22,0.0059,1.549,
2,116,-0.43,0.048,-0.276,2.897,-1.762,3.788,True,1.027,0.22,0.0059,1.545,
2,117,-0.42,0.046,-0.272,2.923,-1.764,3.801,True,1.042,0.183,0.0049,1.519,
2,118,-0.41,0.043,-0.269,2.949,-1.765,3.814,True,1.027,0.146,0.0039,1.462,
2,119,-0.4,0.041,-0.265,2.974,-1.766,3.828,True,1.05,0.183,0.0049,1.516,
2,120,-0.39,0.038,-0.262,3.0,-1.767,3.841,True,1.047,0.22,0.0059,1.546,
2,121,-0.381,0.035,-0.258,3.026,-1.767,3.854,True,1.045,0.22,0.0059,1.538,
2,122,-0.371,0.033,-0.255,3.052,-1.768,3.868,True,1.045,0.22,0.0059,1.533,
2,123,-0.361,0.03,-0.252,3.078,-1.768,3.881,True,1.045,0.22,0.0059,1.527,
2,124,-0.352,0.028,-0.248,3.104,-1.767,3.894,True,1.043,0.256,0.0068,1.556,
2,125,-0.342,0.025,-0.245,3.13,-1.767,3.907,True,1.061,0.256,0.0068,1.568,
2,126,-0.333,0.022,-0.242,3.156,-1.766,3.92,True,1.073,0.22,0.0059,1.538,
2,127,-0.323,0.02,-0.239,3.182,-1.765,3.933,True,1.067,0.256,0.0068,1.563,
2,128,-0.314,0.017,-0.236,3.209,-1.763,3.946,True,1.055,0.22,0.0059,1.509,
2,129,-0.304,0.014,-0.234,3.235,-1.761,3.959,True,1.049,0.256,0.0068,1.533,
2,130,-0.295,0.012,-0.231,3.261,-1.759,3.972,True,1.049,0.256,0.0068,1.528,
2,131,-0.285,0.009,-0.228,3.287,-1.757,3.985,True,1.061,0.293,0.0078,1.57,
2,132,-0.276,0.006,-0.225,3.314,-1.754,3.998,True,1.061,0.293,0.0078,1.565,
2,133,-0.266,0.004,-0.223,3.34,-1.751,4.011,True,1.061,0.293,0.0078,1.559,
2,134,-0.257,0.001,-0.22,3.367,-1.748,4.023,True,1.067,0.256,0.0068,1.523,
2,135,-0.248,-0.002,-0.218,3.393,-1.744,4.036,True,1.067,0.256,0.0068,1.517,
2,136,-0.239,-0.005,-0.216,3.419,-1.74,4.048,True,1.067,0.256,0.0068,1.512,
2,137,-0.229,-0.007,-0.214,3.446,-1.735,4.061,True,1.059,0.293,0.0078,1.535,
2,138,-0.22,-0.01,-0.211,3.472,-1.731,4.073,True,1.067,0.33,0.0088,1.574,
2,139,-0.211,-0.013,-0.209,3.499,-1.726,4.086,True,1.076,0.293,0.0078,1.541,
2,140,-0.202,-0.016,-0.207,3.525,-1.72,4.098,True,1.056,0.293,0.0078,1.515,
2,141,-0.193,-0.018,-0.205,3.551,-1.714,4.11,True,1.101,0.256,0.0068,1.518,
2,142,-0.183,-0.021,-0.204,3.578,-1.708,4.122,True,1.085,0.293,0.0078,1.533,
2,143,-0.174,-0.024,-0.202,3.604,-1.702,4.134,True,1.085,0.293,0.0078,1.527,
2,144,-0.165,-0.026,-0.2,3.63,-1.695,4.146,True,1.085,0.293,0.0078,1.521,
2,145,-0.156,-0.029,-0.198,3.656,-1.688,4.158,True,1.074,0.33,0.0088,1.54,
2,146,-0.147,-0.032,-0.197,3.683,-1.68,4.17,True,1.094,0.403,0.0107,1.627,
2,147,-0.138,-0.035,-0.195,3.709,-1.672,4.181,True,1.094,0.403,0.0107,1.62,
2,148,-0.129,-0.037,-0.194,3.735,-1.664,4.193,True,1.107,0.366,0.0098,1.59,
2,149,-0.12,-0.04,-0.193,3.761,-1.655,4.204,True,1.116,0.33,0.0088,1.555,
2,150,-0.112,-0.043,-0.191,3.787,-1.646,4.215,True,1.116,0.33,0.0088,1.548,
2,151,-0.103,-0.045,-0.19,3.813,-1.637,4.227,True,1.099,0.366,0.0098,1.559,
2,152,-0.094,-0.048,-0.189,3.839,-1.627,4.238,True,1.106,0.366,0.0098,1.558,
2,153,-0.085,-0.051,-0.188,3.864,-1.617,4.249,True,1.087,0.33,0.0088,1.494,
2,154,-0.076,-0.054,-0.187,3.89,-1.607,4.259,True,1.084,0.366,0.0098,1.519,
2,155,-0.068,-0.056,-0.186,3.916,-1.596,4.27,True,1.083,0.403,0.0107,1.546,
2,156,-0.059,-0.059,-0.186,3.941,-1.585,4.281,True,1.099,0.366,0.0098,1.516,
2,157,-0.05,-0.062,-0.185,3.966,-1.573,4.291,True,1.114,0.293,0.0078,1.448,
2,158,-0.041,-0.064,-0.184,3.991,-1.561,4.302,True,1.096,0.33,0.0088,1.457,
2,159,-0.033,-0.067,-0.184,4.017,-1.548,4.312,True,1.102,0.403,0.0107,1.526,
2,160,-0.024,-0.07,-0.183,4.041,-1.536,4.322,True,1.102,0.403,0.0107,1.516,
2,161,-0.016,-0.072,-0.183,4.066,-1.523,4.332,True,1.102,0.403,0.0107,1.506,
2,162,-0.007,-0.075,-0.182,4.091,-1.509,4.342,True,1.102,0.403,0.0107,1.497,
2,163,0.001,-0.078,-0.182,4.115,-1.495,4.351,True,1.096,0.366,0.0098,1.445,
2,164,0.01,-0.08,-0.182,4.14,-1.481,4.361,True,1.093,0.366,0.0098,1.432,
2,165,0.018,-0.083,-0.182,4.164,-1.466,4.37,True,1.093,0.366,0.0098,1.424,
2,166,0.027,-0.086,-0.182,4.188,-1.451,4.379,True,1.093,0.366,0.0098,1.415,
2,167,0.035,-0.088,-0.182,4.211,-1.435,4.388,True,1.088,0.403,0.0107,1.439,
2,168,0.043,-0.091,-0.182,4.235,-1.419,4.397,True,1.096,0.366,0.0098,1.403,
2,169,0.052,-0.093,-0.182,4.258,-1.403,4.406,True,1.096,0.366,0.0098,1.396,
2,170,0.06,-0.096,-0.182,4.282,-1.387,4.415,True,1.096,0.366,0.0098,1.389,
2,171,0.068,-0.099,-0.182,4.304,-1.369,4.423,True,1.102,0.403,0.0107,1.425,
2,172,0.076,-0.101,-0.183,4.327,-1.352,4.431,True,1.102,0.403,0.0107,1.42,
2,173,0.084,-0.104,-0.183,4.35,-1.334,4.439,True,1.112,0.366,0.0098,1.387,
2,174,0.092,-0.106,-0.183,4.372,-1.316,4.447,True,1.086,0.366,0.0098,1.356,
2,175,0.101,-0.109,-0.184,4.394,-1.298,4.455,True,1.095,0.33,0.0088,1.324,
2,176,0.109,-0.111,-0.184,4.416,-1.279,4.462,True,1.095,0.33,0.0088,1.32,
2,177,0.117,-0.114,-0.185,4.437,-1.259,4.47,True,1.09,0.293,0.0078,1.274,
2,178,0.125,-0.116,-0.186,4.458,-1.24,4.477,True,1.1,0.366,0.0098,1.354,
2,179,0.133,-0.119,-0.187,4.479,-1.22,4.484,True,1.116,0.33,0.0088,1.33,
2,180,0.14,-0.121,-0.187,4.5,-1.199,4.49,True,1.113,0.33,0.0088,1.324,
2,181,0.148,-0.124,-0.188,4.52,-1.178,4.497,True,1.113,0.33,0.0088,1.321,
2,182,0.156,-0.126,-0.189,4.54,-1.157,4.503,True,1.113,0.33,0.0088,1.318,
2,183,0.164,-0.129,-0.19,4.559,-1.136,4.509,True,1.113,0.33,0.0088,1.316,
2,184,0.172,-0.131,-0.191,4.579,-1.114,4.515,True,1.113,0.33,0.0088,1.314,
2,185,0.179,-0.134,-0.192,4.598,-1.092,4.521,True,1.113,0.33,0.0088,1.312,
2,186,0.187,-0.136,-0.193,4.616,-1.069,4.526,True,1.113,0.33,0.0088,1.311,
2,187,0.195,-0.139,-0.195,4.635,-1.047,4.532,True,1.13,0.366,0.0098,1.363,
2,188,0.202,-0.141,-0.196,4.652,-1.023,4.537,True,1.13,0.366,0.0098,1.361,
2,189,0.21,-0.143,-0.197,4.67,-1.0,4.542,True,1.129,0.403,0.0107,1.395,
2,190,0.217,-0.146,-0.198,4.687,-0.976,4.546,True,1.129,0.403,0.0107,1.394,
2,191,0.225,-0.148,-0.2,4.704,-0.952,4.551,True,1.132,0.403,0.0107,1.397,
2,192,0.232,-0.151,-0.201,4.72,-0.927,4.555,True,1.147,0.366,0.0098,1.374,
2,193,0.24,-0.153,-0.203,4.736,-0.903,4.559,True,1.147,0.366,0.0098,1.373,
2,194,0.247,-0.155,-0.204,4.752,-0.878,4.562,True,1.176,0.293,0.0078,1.328,
2,195,0.254,-0.158,-0.206,4.767,-0.852,4.566,True,1.146,0.366,0.0098,1.371,
2,196,0.262,-0.16,-0.208,4.782,-0.827,4.569,True,1.164,0.33,0.0088,1.351,
2,197,0.269,-0.162,-0.209,4.796,-0.801,4.572,True,1.164,0.33,0.0088,1.351,
2,198,0.276,-0.164,-0.211,4.81,-0.775,4.575,True,1.176,0.293,0.0078,1.326,
2,199,0.283,-0.167,-0.213,4.823,-0.748,4.577,True,1.176,0.293,0.0078,1.326,
2,200,0.29,-0.169,-0.215,4.836,-0.722,4.579,True,1.164,0.33,0.0088,1.35,
2,201,0.298,-0.171,-0.217,4.849,-0.695,4.581,True,1.164,0.33,0.0088,1.35,
2,202,0.305,-0.173,-0.218,4.861,-0.668,4.583,True,1.164,0.33,0.0088,1.35,
2,203,0.312,-0.176,-0.22,4.873,-0.64,4.585,True,1.183,0.33,0.0088,1.37,
2,204,0.319,-0.178,-0.222,4.884,-0.613,4.586,True,1.183,0.33,0.0088,1.37,
2,205,0.325,-0.18,-0.224,4.894,-0.585,4.587,True,1.183,0.33,0.0088,1.37,
2,206,0.332,-0.182,-0.227,4.904,-0.557,4.587,True,1.183,0.33,0.0088,1.37,
2,207,0.339,-0.184,-0.229,4.914,-0.529,4.588,True,1.183,0.33,0.0088,1.37,
2,208,0.346,-0.186,-0.231,4.923,-0.5,4.588,True,1.17,0.366,0.0098,1.395,
2,209,0.353,-0.188,-0.233,4.932,-0.472,4.588,True,1.17,0.366,0.0098,1.395,
2,210,0.36,-0.191,-0.235,4.94,-0.443,4.588,True,1.17,0.366,0.0098,1.396,
2,211,0.366,-0.193,-0.238,4.948,-0.414,4.587,True,1.17,0.366,0.0098,1.396,
2,212,0.373,-0.195,-0.24,4.955,-0.385,4.586,True,1.17,0.366,0.0098,1.396,
2,213,0.379,-0.197,-0.242,4.962,-0.356,4.585,True,1.17,0.366,0.0098,1.396,
2,214,0.386,-0.199,-0.245,4.968,-0.327,4.583,True,1.17,0.366,0.0098,1.397,
2,215,0.393,-0.201,-0.247,4.973,-0.297,4.582,True,1.17,0.366,0.0098,1.397,
2,216,0.399,-0.203,-0.249,4.978,-0.268,4.58,True,1.17,0.366,0.0098,1.397,
2,217,0.405,-0.205,-0.252,4.983,-0.238,4.578,True,1.17,0.366,0.0098,1.398,
2,218,0.412,-0.207,-0.255,4.987,-0.208,4.575,True,1.17,0.366,0.0098,1.398,
2,219,0.418,-0.209,-0.257,4.99,-0.179,4.572,True,1.17,0.366,0.0098,1.399,
2,220,0.424,-0.211,-0.26,4.993,-0.149,4.569,True,1.17,0.366,0.0098,1.4,
2,221,0.431,-0.213,-0.262,4.996,-0.119,4.566,True,1.17,0.366,0.0098,1.4,
2,222,0.437,-0.215,-0.265,4.998,-0.089,4.562,True,1.17,0.366,0.0098,1.401,
2,223,0.443,-0.217,-0.268,4.999,-0.059,4.559,True,1.17,0.366,0.0098,1.401,
2,224,0.449,-0.219,-0.271,5.0,-0.029,4.554,True,1.17,0.366,0.0098,1.402,
2,225,0.455,-0.22,-0.273,5.0,0.001,4.55,True,1.17,0.366,0.0098,1.403,
2,226,0.461,-0.222,-0.276,5.0,0.031,4.545,True,1.17,0.366,0.0098,1.404,
2,227,0.467,-0.224,-0.279,4.999,0.061,4.541,True,1.17,0.366,0.0098,1.404,
2,228,0.473,-0.226,-0.282,4.998,0.091,4.535,True,1.17,0.366,0.0098,1.405,
2,229,0.479,-0.228,-0.285,4.996,0.121,4.53,True,1.17,0.366,0.0098,1.406,
2,230,0.485,-0.23,-0.288,4.993,0.151,4.524,True,1.17,0.366,0.0098,1.407,
2,231,0.491,-0.232,-0.291,4.99,0.181,4.518,True,1.17,0.366,0.0098,1.408,
2,232,0.497,-0.233,-0.294,4.987,0.21,4.512,True,1.17,0.366,0.0098,1.409,
2,233,0.502,-0.235,-0.297,4.983,0.24,4.505,True,1.183,0.33,0.0088,1.385,
2,234,0.508,-0.237,-0.3,4.978,0.27,4.499,True,1.183,0.33,0.0088,1.386,
2,235,0.514,-0.239,-0.303,4.973,0.299,4.492,True,1.183,0.33,0.0088,1.387,
2,236,0.519,-0.24,-0.306,4.967,0.329,4.484,True,1.183,0.33,0.0088,1.387,
2,237,0.525,-0.242,-0.309,4.961,0.358,4.477,True,1.183,0.33,0.0088,1.388,
2,238,0.53,-0.244,-0.312,4.954,0.387,4.469,True,1.17,0.366,0.0098,1.413,
2,239,0.536,-0.246,-0.315,4.947,0.416,4.461,True,1.17,0.366,0.0098,1.414,
2,240,0.541,-0.247,-0.318,4.94,0.445,4.452,True,1.183,0.33,0.0088,1.39,
2,241,0.547,-0.249,-0.322,4.931,0.474,4.444,True,1.183,0.33,0.0088,1.391,
2,242,0.552,-0.251,-0.325,4.923,0.502,4.435,True,1.183,0.33,0.0088,1.392,
2,243,0.557,-0.252,-0.328,4.913,0.531,4.426,True,1.183,0.33,0.0088,1.392,
2,244,0.563,-0.254,-0.331,4.904,0.559,4.417,True,1.183,0.33,0.0088,1.393,
2,245,0.568,-0.256,-0.335,4.894,0.587,4.407,True,1.183,0.33,0.0088,1.394,
2,246,0.573,-0.257,-0.338,4.883,0.615,4.397,True,1.183,0.33,0.0088,1.394,
2,247,0.578,-0.259,-0.341,4.872,0.642,4.387,True,1.183,0.33,0.0088,1.395,
2,248,0.583,-0.261,-0.345,4.86,0.67,4.377,True,1.183,0.33,0.0088,1.396,
2,249,0.588,-0.262,-0.348,4.848,0.697,4.367,True,1.183,0.33,0.0088,1.397,
2,250,0.593,-0.264,-0.351,4.835,0.724,4.356,True,1.183,0.33,0.0088,1.397,
2,251,0.598,-0.266,-0.355,4.822,0.75,4.345,True,1.183,0.33,0.0088,1.398,
2,252,0.603,-0.267,-0.358,4.809,0.777,4.334,True,1.183,0.33,0.0088,1.399,
2,253,0.608,-0.269,-0.362,4.795,0.803,4.322,True,1.183,0.33,0.0088,1.4,
2,254,0.612,-0.27,-0.365,4.781,0.829,4.311,True,1.183,0.33,0.0088,1.401,
2,255,0.617,-0.272,-0.369,4.766,0.854,4.299,True,1.183,0.33,0.0088,1.402,
2,256,0.622,-0.273,-0.372,4.751,0.88,4.287,True,1.183,0.33,0.0088,1.403,
2,257,0.627,-0.275,-0.376,4.735,0.905,4.275,True,1.183,0.33,0.0088,1.404,
2,258,0.631,-0.277,-0.379,4.719,0.929,4.262,True,1.183,0.33,0.0088,1.405,
2,259,0.636,-0.278,-0.383,4.703,0.954,4.249,True,1.201,0.366,0.0098,1.461,
2,260,0.64,-0.28,-0.386,4.686,0.978,4.237,True,1.201,0.366,0.0098,1.461,
2,261,0.645,-0.281,-0.39,4.669,1.002,4.223,True,1.201,0.366,0.0098,1.462,
2,262,0.649,-0.283,-0.394,4.651,1.025,4.21,True,1.201,0.366,0.0098,1.462,
2,263,0.654,-0.284,-0.397,4.633,1.048,4.197,True,1.201,0.366,0.0098,1.463,
2,264,0.658,-0.286,-0.401,4.615,1.071,4.183,True,1.201,0.366,0.0098,1.464,
2,265,0.662,-0.287,-0.405,4.596,1.094,4.169,True,1.201,0.366,0.0098,1.465,
2,266,0.666,-0.289,-0.408,4.577,1.116,4.155,True,1.22,0.403,0.0107,1.521,
2,267,0.671,-0.29,-0.412,4.558,1.137,4.141,True,1.201,0.366,0.0098,1.467,
2,268,0.675,-0.292,-0.416,4.538,1.159,4.127,True,1.201,0.366,0.0098,1.467,
2,269,0.679,-0.293,-0.419,4.518,1.18,4.112,True,1.22,0.403,0.0107,1.523,
2,270,0.683,-0.295,-0.423,4.498,1.201,4.098,True,1.217,0.366,0.0098,1.485,
2,271,0.687,-0.296,-0.427,4.477,1.221,4.083,True,1.217,0.366,0.0098,1.486,
2,272,0.691,-0.298,-0.431,4.457,1.241,4.068,True,1.217,0.366,0.0098,1.488,
2,273,0.695,-0.299,-0.434,4.435,1.261,4.053,True,1.217,0.366,0.0098,1.489,
2,274,0.699,-0.3,-0.438,4.414,1.28,4.037,True,1.217,0.366,0.0098,1.49,
2,275,0.703,-0.302,-0.442,4.392,1.299,4.022,True,1.217,0.366,0.0098,1.491,
2,276,0.707,-0.303,-0.446,4.37,1.317,4.006,True,1.217,0.366,0.0098,1.492,
2,277,0.71,-0.305,-0.45,4.348,1.336,3.99,True,1.201,0.366,0.0098,1.477,
2,278,0.714,-0.306,-0.453,4.326,1.353,3.975,True,1.183,0.33,0.0088,1.422,
2,279,0.718,-0.308,-0.457,4.303,1.371,3.959,True,1.183,0.33,0.0088,1.423,
2,280,0.721,-0.309,-0.461,4.28,1.388,3.942,True,1.183,0.33,0.0088,1.424,
2,281,0.725,-0.311,-0.465,4.257,1.404,3.926,True,1.183,0.33,0.0088,1.424,
2,282,0.729,-0.312,-0.469,4.233,1.421,3.91,True,1.183,0.33,0.0088,1.425,
2,283,0.732,-0.313,-0.473,4.21,1.436,3.893,True,1.183,0.33,0.0088,1.425,
2,284,0.735,-0.315,-0.476,4.186,1.452,3.876,True,1.183,0.33,0.0088,1.426,
2,285,0.739,-0.316,-0.48,4.162,1.467,3.86,True,1.183,0.33,0.0088,1.426,
2,286,0.742,-0.318,-0.484,4.138,1.482,3.843,True,1.183,0.33,0.0088,1.426,
2,287,0.746,-0.319,-0.488,4.114,1.496,3.826,True,1.183,0.33,0.0088,1.427,
2,288,0.749,-0.321,-0.492,4.089,1.51,3.809,True,1.183,0.33,0.0088,1.427,
2,289,0.752,-0.322,-0.496,4.064,1.523,3.792,True,1.183,0.33,0.0088,1.427,
2,290,0.755,-0.323,-0.5,4.04,1.537,3.774,True,1.17,0.366,0.0098,1.452,
2,291,0.759,-0.325,-0.504,4.015,1.549,3.757,True,1.17,0.366,0.0098,1.452,
2,292,0.762,-0.326,-0.508,3.99,1.562,3.74,True,1.17,0.366,0.0098,1.452,
2,293,0.765,-0.328,-0.512,3.964,1.574,3.722,True,1.17,0.366,0.0098,1.452,
2,294,0.768,-0.329,-0.515,3.939,1.585,3.704,True,1.183,0.33,0.0088,1.428,
2,295,0.771,-0.331,-0.519,3.914,1.597,3.687,True,1.183,0.33,0.0088,1.429,
2,296,0.774,-0.332,-0.523,3.888,1.607,3.669,True,1.17,0.366,0.0098,1.453,
2,297,0.777,-0.333,-0.527,3.862,1.618,3.651,True,1.17,0.366,0.0098,1.454,
2,298,0.78,-0.335,-0.531,3.837,1.628,3.633,True,1.17,0.366,0.0098,1.454,
2,299,0.782,-0.336,-0.535,3.811,1.638,3.615,True,1.17,0.366,0.0098,1.454,
2,300,0.785,-0.338,-0.539,3.785,1.647,3.597,True,1.17,0.366,0.0098,1.454,
2,301,0.788,-0.339,-0.543,3.759,1.656,3.579,True,1.17,0.366,0.0098,1.454,
2,302,0.791,-0.341,-0.547,3.733,1.665,3.561,True,1.17,0.366,0.0098,1.455,
2,303,0.793,-0.342,-0.551,3.707,1.673,3.543,True,1.17,0.366,0.0098,1.455,
2,304,0.796,-0.344,-0.555,3.681,1.681,3.524,True,1.17,0.366,0.0098,1.455,
2,305,0.799,-0.345,-0.559,3.655,1.688,3.506,True,1.17,0.366,0.0098,1.455,
2,306,0.801,-0.347,-0.563,3.628,1.695,3.488,True,1.17,0.366,0.0098,1.455,
2,307,0.804,-0.348,-0.567,3.602,1.702,3.469,True,1.17,0.366,0.0098,1.456,
2,308,0.806,-0.35,-0.571,3.576,1.709,3.451,True,1.183,0.33,0.0088,1.431,
2,309,0.809,-0.352,-0.575,3.549,1.715,3.432,True,1.17,0.366,0.0098,1.456,
2,310,0.811,-0.353,-0.578,3.523,1.72,3.414,True,1.183,0.33,0.0088,1.432,
2,311,0.813,-0.355,-0.582,3.497,1.726,3.395,True,1.183,0.33,0.0088,1.432,
2,312,0.816,-0.356,-0.586,3.47,1.731,3.377,True,1.183,0.33,0.0088,1.433,
2,313,0.818,-0.358,-0.59,3.444,1.736,3.358,True,1.183,0.33,0.0088,1.433,
2,314,0.82,-0.359,-0.594,3.417,1.74,3.339,True,1.183,0.33,0.0088,1.433,
2,315,0.823,-0.361,-0.598,3.391,1.744,3.321,True,1.183,0.33,0.0088,1.434,
2,316,0.825,-0.363,-0.602,3.365,1.748,3.302,True,1.183,0.33,0.0088,1.434,
2,317,0.827,-0.364,-0.606,3.338,1.751,3.284,True,1.183,0.33,0.0088,1.434,
2,318,0.829,-0.366,-0.61,3.312,1.754,3.265,True,1.183,0.33,0.0088,1.434,
2,319,0.831,-0.368,-0.614,3.285,1.757,3.246,True,1.17,0.366,0.0098,1.459,
2,320,0.833,-0.369,-0.618,3.259,1.759,3.227,True,1.17,0.366,0.0098,1.46,
2,321,0.835,-0.371,-0.622,3.233,1.761,3.209,True,1.17,0.366,0.0098,1.46,
2,322,0.837,-0.373,-0.626,3.207,1.763,3.19,True,1.183,0.33,0.0088,1.436,
2,323,0.839,-0.375,-0.63,3.18,1.765,3.171,True,1.17,0.366,0.0098,1.46,
2,324,0.841,-0.376,-0.634,3.154,1.766,3.153,True,1.17,0.366,0.0098,1.46,
2,325,0.843,-0.378,-0.638,3.128,1.767,3.134,True,1.17,0.366,0.0098,1.461,
2,326,0.845,-0.38,-0.642,3.102,1.767,3.115,True,1.17,0.366,0.0098,1.461,
2,327,0.847,-0.382,-0.646,3.076,1.768,3.097,True,1.17,0.366,0.0098,1.461,
2,328,0.849,-0.383,-0.65,3.05,1.768,3.078,True,1.17,0.366,0.0098,1.461,
2,329,0.85,-0.385,-0.654,3.024,1.767,3.059,True,1.17,0.366,0.0098,1.461,
2,330,0.852,-0.387,-0.658,2.998,1.767,3.041,True,1.17,0.366,0.0098,1.461,
2,331,0.854,-0.389,-0.661,2.972,1.766,3.022,True,1.17,0.366,0.0098,1.461,
2,332,0.855,-0.391,-0.665,2.947,1.765,3.003,True,1.17,0.366,0.0098,1.461,
2,333,0.857,-0.392,-0.669,2.921,1.764,2.985,True,1.164,0.33,0.0088,1.418,
2,334,0.859,-0.394,-0.673,2.895,1.762,2.966,True,1.184,0.366,0.0098,1.475,
2,335,0.86,-0.396,-0.677,2.87,1.76,2.947,True,1.184,0.366,0.0098,1.475,
2,336,0.862,-0.398,-0.681,2.844,1.758,2.929,True,1.184,0.366,0.0098,1.475,
2,337,0.863,-0.4,-0.685,2.819,1.755,2.91,True,1.184,0.366,0.0098,1.475,
2,338,0.865,-0.402,-0.689,2.794,1.753,2.892,True,1.184,0.366,0.0098,1.475,
2,339,0.867,-0.404,-0.693,2.769,1.75,2.873,True,1.184,0.366,0.0098,1.475,
2,340,0.868,-0.406,-0.697,2.743,1.747,2.855,True,1.184,0.366,0.0098,1.475,
2,341,0.869,-0.407,-0.701,2.718,1.743,2.836,True,1.184,0.366,0.0098,1.475,
2,342,0.871,-0.409,-0.705,2.693,1.74,2.818,True,1.208,0.403,0.0107,1.536,
2,343,0.872,-0.411,-0.709,2.668,1.736,2.799,True,1.208,0.403,0.0107,1.536,
2,344,0.874,-0.413,-0.713,2.644,1.732,2.781,True,1.208,0.403,0.0107,1.536,
2,345,0.875,-0.415,-0.716,2.619,1.727,2.763,True,1.239,0.33,0.0088,1.493,
2,346,0.876,-0.417,-0.72,2.594,1.723,2.744,True,1.256,0.366,0.0098,1.546,
2,347,0.878,-0.419,-0.724,2.57,1.718,2.726,True,1.256,0.366,0.0098,1.546,
2,348,0.879,-0.421,-0.728,2.545,1.713,2.708,True,1.256,0.366,0.0098,1.546,
2,349,0.88,-0.423,-0.732,2.521,1.708,2.689,True,1.256,0.366,0.0098,1.546,
2,350,0.881,-0.425,-0.736,2.497,1.702,2.671,True,1.256,0.366,0.0098,1.546,
2,351,0.883,-0.427,-0.74,2.473,1.697,2.653,True,1.276,0.33,0.0088,1.53,
2,352,0.884,-0.429,-0.744,2.449,1.691,2.635,True,1.276,0.33,0.0088,1.529,
2,353,0.885,-0.431,-0.748,2.425,1.685,2.617,True,1.302,0.293,0.0078,1.519,
2,354,0.886,-0.433,-0.752,2.401,1.679,2.599,True,1.302,0.293,0.0078,1.519,
2,355,0.887,-0.435,-0.755,2.377,1.672,2.581,True,1.323,0.33,0.0088,1.576,
2,356,0.889,-0.437,-0.759,2.354,1.666,2.563,True,1.323,0.33,0.0088,1.576,
2,357,0.89,-0.439,-0.763,2.33,1.659,2.545,True,1.323,0.33,0.0088,1.576,
2,358,0.891,-0.441,-0.767,2.307,1.652,2.527,True,1.323,0.33,0.0088,1.576,
2,359,0.892,-0.443,-0.771,2.284,1.645,2.509,True,1.323,0.33,0.0088,1.576,
2,360,0.893,-0.445,-0.775,2.26,1.638,2.491,True,1.314,0.366,0.0098,1.604,
2,361,0.894,-0.447,-0.779,2.237,1.63,2.473,True,1.314,0.366,0.0098,1.604,
2,362,0.895,-0.449,-0.782,2.214,1.622,2.456,True,1.314,0.366,0.0098,1.604,
2,363,0.896,-0.451,-0.786,2.191,1.615,2.438,True,1.314,0.366,0.0098,1.603,
2,364,0.897,-0.453,-0.79,2.169,1.607,2.42,True,1.314,0.366,0.0098,1.603,
2,365,0.898,-0.455,-0.794,2.146,1.598,2.403,True,1.303,0.403,0.0107,1.628,
2,366,0.899,-0.457,-0.798,2.124,1.59,2.385,True,1.318,0.366,0.0098,1.606,
2,367,0.9,-0.459,-0.802,2.101,1.582,2.368,True,1.332,0.33,0.0088,1.584,
2,368,0.901,-0.461,-0.806,2.079,1.573,2.35,True,1.332,0.33,0.0088,1.584,
2,369,0.902,-0.463,-0.809,2.056,1.564,2.333,True,1.332,0.33,0.0088,1.583,
2,370,0.903,-0.465,-0.813,2.034,1.555,2.315,True,1.318,0.366,0.0098,1.606,
2,371,0.904,-0.467,-0.817,2.012,1.546,2.298,True,1.318,0.366,0.0098,1.606,
2,372,0.905,-0.469,-0.821,1.99,1.537,2.281,True,1.344,0.293,0.0078,1.558,
2,373,0.905,-0.471,-0.825,1.969,1.528,2.264,True,1.332,0.33,0.0088,1.583,
2,374,0.906,-0.473,-0.828,1.947,1.518,2.247,True,1.332,0.33,0.0088,1.583,
2,375,0.907,-0.475,-0.832,1.925,1.508,2.229,True,1.344,0.293,0.0078,1.558,
2,376,0.908,-0.477,-0.836,1.904,1.499,2.212,True,1.37,0.33,0.0088,1.621,
2,377,0.909,-0.479,-0.84,1.883,1.489,2.195,True,1.365,0.33,0.0088,1.616,
2,378,0.91,-0.481,-0.843,1.861,1.479,2.178,True,1.393,0.439,0.0117,1.754,
2,379,0.91,-0.483,-0.847,1.84,1.469,2.162,True,1.393,0.439,0.0117,1.755,
2,380,0.911,-0.485,-0.851,1.819,1.458,2.145,True,1.393,0.439,0.0117,1.755,
2,381,0.912,-0.487,-0.855,1.798,1.448,2.128,True,1.428,0.366,0.0098,1.717,
2,382,0.913,-0.489,-0.858,1.777,1.438,2.111,True,1.428,0.366,0.0098,1.717,
2,383,0.913,-0.491,-0.862,1.756,1.427,2.095,True,1.428,0.366,0.0098,1.717,
2,384,0.914,-0.493,-0.866,1.736,1.416,2.078,True,1.444,0.33,0.0088,1.698,
2,385,0.915,-0.495,-0.87,1.715,1.405,2.062,True,1.47,0.293,0.0078,1.687,
2,386,0.915,-0.496,-0.873,1.695,1.394,2.045,True,1.47,0.293,0.0078,1.687,
2,387,0.916,-0.498,-0.877,1.674,1.383,2.029,True,1.47,0.293,0.0078,1.688,
2,388,0.917,-0.5,-0.881,1.654,1.372,2.013,True,1.47,0.293,0.0078,1.688,
2,389,0.917,-0.502,-0.884,1.634,1.361,1.996,True,1.47,0.293,0.0078,1.688,
2,390,0.918,-0.504,-0.888,1.614,1.35,1.98,True,1.458,0.33,0.0088,1.714,
2,391,0.918,-0.506,-0.892,1.594,1.338,1.964,True,1.458,0.33,0.0088,1.714,
2,392,0.919,-0.508,-0.895,1.574,1.327,1.948,True,1.458,0.33,0.0088,1.715,
2,393,0.92,-0.51,-0.899,1.555,1.315,1.932,True,1.478,0.366,0.0098,1.772,
2,394,0.92,-0.512,-0.903,1.535,1.303,1.916,True,1.478,0.366,0.0098,1.773,
2,395,0.921,-0.514,-0.906,1.515,1.291,1.9,True,1.478,0.366,0.0098,1.773,
2,396,0.921,-0.515,-0.91,1.496,1.279,1.885,True,1.478,0.366,0.0098,1.774,
2,397,0.922,-0.517,-0.914,1.477,1.267,1.869,True,1.486,0.33,0.0088,1.745,
2,398,0.922,-0.519,-0.917,1.457,1.255,1.854,True,1.486,0.33,0.0088,1.746,
2,399,0.923,-0.521,-0.921,1.438,1.243,1.838,True,1.486,0.33,0.0088,1.746,
2,400,0.923,-0.523,-0.924,1.419,1.231,1.823,True,1.486,0.33,0.0088,1.747,
2,401,0.923,-0.525,-0.928,1.4,1.219,1.807,True,2.143,0.549,0.0146,2.624,
2,402,0.924,-0.526,-0.932,1.381,1.206,1.792,True,1.889,0.879,0.0234,2.701,
2,403,0.924,-0.528,-0.935,1.362,1.194,1.777,True,1.648,1.318,0.0352,2.9,
2,404,0.925,-0.53,-0.939,1.344,1.181,1.762,True,1.514,1.758,0.0469,3.206,
2,405,0.925,-0.532,-0.942,1.325,1.169,1.747,True,1.395,2.234,0.0596,3.564,
2,406,0.925,-0.534,-0.946,1.306,1.156,1.732,True,1.356,2.82,0.0752,4.111,
2,407,0.926,-0.535,-0.949,1.288,1.143,1.717,True,1.345,2.631,0.0898,3.911,
2,408,0.926,-0.537,-0.953,1.269,1.13,1.703,True,1.34,2.045,0.1055,3.321,
2,409,0.926,-0.539,-0.956,1.251,1.117,1.688,True,1.353,1.349,0.124,2.639,
2,410,0.926,-0.541,-0.96,1.233,1.104,1.673,True,1.45,1.349,0.124,2.736,
2,411,0.927,-0.542,-0.963,1.215,1.091,1.659,True,1.537,1.532,0.1191,3.007,
2,412,0.927,-0.544,-0.967,1.197,1.078,1.645,True,1.62,1.569,0.1182,3.127,
2,413,0.927,-0.546,-0.97,1.179,1.065,1.631,True,1.711,1.752,0.1133,3.402,
2,414,0.927,-0.547,-0.974,1.161,1.052,1.616,True,1.795,2.082,0.1045,3.817,
2,415,0.928,-0.549,-0.977,1.143,1.039,1.602,True,1.892,2.265,0.0996,4.097,
2,416,0.928,-0.551,-0.981,1.125,1.025,1.589,True,1.995,2.558,0.0918,4.494,
2,417,0.928,-0.552,-0.984,1.108,1.012,1.575,True,2.072,2.96,0.0811,4.975,
2,418,0.928,-0.554,-0.987,1.09,0.999,1.561,True,2.186,2.93,0.0781,5.058,
2,419,0.928,-0.556,-0.991,1.073,0.985,1.548,True,2.317,2.673,0.0713,4.934,
2,420,0.928,-0.557,-0.994,1.055,0.972,1.534,True,2.395,2.38,0.0635,4.72,
2,421,0.928,-0.559,-0.998,1.038,0.958,1.521,True,2.49,2.161,0.0576,4.595,
2,422,0.928,-0.561,-1.001,1.02,0.944,1.508,True,2.609,1.904,0.0508,4.458,
2,423,0.928,-0.562,-1.004,1.003,0.931,1.495,True,2.721,1.648,0.0439,4.315,
2,424,0.929,-0.564,-1.008,0.986,0.917,1.482,True,2.786,1.428,0.0381,4.16,
2,425,0.929,-0.565,-1.011,0.969,0.903,1.469,True,2.834,1.245,0.0332,4.027,
2,426,0.929,-0.567,-1.014,0.952,0.889,1.456,True,2.774,0.916,0.0244,3.638,
2,427,0.929,-0.568,-1.018,0.935,0.875,1.444,True,2.596,0.769,0.0205,3.313,
2,428,0.928,-0.57,-1.021,0.918,0.862,1.431,True,2.529,0.586,0.0156,3.064,
2,429,0.928,-0.571,-1.024,0.901,0.848,1.419,True,2.335,0.476,0.0127,2.761,
2,430,0.928,-0.573,-1.027,0.884,0.834,1.407,True,2.318,0.476,0.0127,2.745,
2,431,0.928,-0.574,-1.031,0.868,0.82,1.395,True,2.116,0.403,0.0107,2.47,
2,432,0.928,-0.576,-1.034,0.851,0.806,1.383,True,2.11,0.403,0.0107,2.465,
2,433,0.928,-0.577,-1.037,0.834,0.791,1.372,True,2.092,0.403,0.0107,2.448,
2,434,0.928,-0.579,-1.04,0.818,0.777,1.36,True,2.162,0.513,0.0137,2.628,
2,435,0.928,-0.58,-1.044,0.801,0.763,1.349,True,1.791,0.366,0.0098,2.111,
2,436,0.928,-0.581,-1.047,0.785,0.749,1.338,True,1.624,0.33,0.0088,1.908,
2,437,0.927,-0.583,-1.05,0.769,0.735,1.327,True,1.624,0.33,0.0088,1.909,
2,438,0.927,-0.584,-1.053,0.752,0.72,1.316,True,1.624,0.33,0.0088,1.909,
2,439,0.927,-0.586,-1.056,0.736,0.706,1.306,True,1.624,0.33,0.0088,1.91,
2,440,0.927,-0.587,-1.06,0.72,0.692,1.295,True,1.624,0.33,0.0088,1.911,
2,441,0.926,-0.588,-1.063,0.704,0.677,1.285,True,1.624,0.33,0.0088,1.911,
2,442,0.926,-0.59,-1.066,0.688,0.663,1.275,True,1.624,0.33,0.0088,1.912,
2,443,0.926,-0.591,-1.069,0.672,0.649,1.265,True,1.624,0.33,0.0088,1.913,
2,444,0.926,-0.592,-1.072,0.656,0.634,1.256,True,1.643,0.366,0.0098,1.969,
2,445,0.925,-0.593,-1.075,0.64,0.62,1.246,True,1.643,0.366,0.0098,1.97,
2,446,0.925,-0.595,-1.078,0.624,0.605,1.237,True,1.643,0.366,0.0098,1.97,
2,447,0.925,-0.596,-1.081,0.608,0.591,1.228,True,1.643,0.366,0.0098,1.971,
2,448,0.924,-0.597,-1.084,0.592,0.576,1.219,True,1.643,0.366,0.0098,1.971,
2,449,0.924,-0.598,-1.087,0.576,0.561,1.211,True,1.643,0.366,0.0098,1.972,
2,450,0.923,-0.6,-1.09,0.56,0.547,1.202,True,1.643,0.366,0.0098,1.972,
2,451,0.923,-0.601,-1.093,0.545,0.532,1.194,True,1.643,0.366,0.0098,1.973,
2,452,0.922,-0.602,-1.096,0.529,0.518,1.187,True,1.643,0.366,0.0098,1.974,
2,453,0.922,-0.603,-1.099,0.513,0.503,1.179,True,1.643,0.366,0.0098,1.974,
2,454,0.922,-0.604,-1.102,0.498,0.488,1.172,True,1.643,0.366,0.0098,1.975,
2,455,0.921,-0.605,-1.105,0.482,0.473,1.165,True,1.643,0.366,0.0098,1.975,
2,456,0.921,-0.606,-1.108,0.467,0.459,1.158,True,1.643,0.366,0.0098,1.976,
2,457,0.92,-0.608,-1.111,0.451,0.444,1.151,True,1.643,0.366,0.0098,1.976,
2,458,0.92,-0.609,-1.114,0.436,0.429,1.145,True,1.643,0.366,0.0098,1.977,
2,459,0.919,-0.61,-1.117,0.42,0.414,1.139,True,1.643,0.366,0.0098,1.977,
2,460,0.918,-0.611,-1.12,0.405,0.4,1.133,True,1.649,0.33,0.0088,1.948,
2,461,0.918,-0.612,-1.123,0.39,0.385,1.128,True,1.649,0.33,0.0088,1.948,
2,462,0.917,-0.613,-1.125,0.374,0.37,1.123,True,1.649,0.33,0.0088,1.949,
2,463,0.917,-0.614,-1.128,0.359,0.355,1.118,True,1.649,0.33,0.0088,1.949,
2,464,0.916,-0.615,-1.131,0.344,0.34,1.114,True,1.649,0.33,0.0088,1.95,
2,465,0.915,-0.616,-1.134,0.328,0.326,1.109,True,1.649,0.33,0.0088,1.95,
2,466,0.915,-0.617,-1.137,0.313,0.311,1.105,True,1.649,0.33,0.0088,1.951,
2,467,0.914,-0.618,-1.139,0.298,0.296,1.102,True,1.649,0.33,0.0088,1.951,
2,468,0.913,-0.619,-1.142,0.283,0.281,1.099,True,1.649,0.33,0.0088,1.952,
2,469,0.913,-0.62,-1.145,0.267,0.266,1.096,True,1.649,0.33,0.0088,1.952,
2,470,0.912,-0.621,-1.148,0.252,0.251,1.093,True,1.649,0.33,0.0088,1.953,
2,471,0.911,-0.621,-1.15,0.237,0.236,1.091,True,1.67,0.293,0.0078,1.936,
2,472,0.911,-0.622,-1.153,0.222,0.221,1.089,True,1.67,0.293,0.0078,1.937,
2,473,0.91,-0.623,-1.156,0.207,0.206,1.087,True,1.67,0.293,0.0078,1.937,
2,474,0.909,-0.624,-1.159,0.192,0.191,1.086,True,1.67,0.293,0.0078,1.938,
2,475,0.908,-0.625,-1.161,0.177,0.176,1.085,True,1.67,0.293,0.0078,1.938,
2,476,0.907,-0.626,-1.164,0.162,0.161,1.084,True,1.67,0.293,0.0078,1.939,
2,477,0.907,-0.627,-1.166,0.147,0.146,1.084,True,1.67,0.293,0.0078,1.939,
2,478,0.906,-0.627,-1.169,0.132,0.131,1.084,True,1.67,0.293,0.0078,1.94,
2,479,0.905,-0.628,-1.172,0.117,0.116,1.084,True,1.67,0.293,0.0078,1.94,
2,480,0.904,-0.629,-1.174,0.101,0.101,1.085,True,1.67,0.293,0.0078,1.94,
2,481,0.903,-0.63,-1.177,0.086,0.086,1.086,True,1.67,0.293,0.0078,1.941,
2,482,0.902,-0.63,-1.179,0.071,0.071,1.088,True,1.67,0.293,0.0078,1.941,
2,483,0.902,-0.631,-1.182,0.056,0.056,1.09,True,1.67,0.293,0.0078,1.942,
2,484,0.901,-0.632,-1.185,0.041,0.041,1.092,True,1.67,0.293,0.0078,1.942,
2,485,0.9,-0.633,-1.187,0.026,0.026,1.094,True,1.66,0.33,0.0088,1.97,
2,486,0.899,-0.633,-1.19,0.011,0.011,1.097,True,1.66,0.33,0.0088,1.97,
2,487,0.898,-0.634,-1.192,-0.004,-0.004,1.1,True,1.66,0.33,0.0088,1.97,
2,488,0.897,-0.635,-1.195,-0.019,-0.019,1.104,True,1.66,0.33,0.0088,1.971,
2,489,0.896,-0.635,-1.197,-0.034,-0.034,1.107,True,1.685,0.256,0.0068,1.923,
2,490,0.895,-0.636,-1.2,-0.049,-0.049,1.112,True,1.685,0.256,0.0068,1.923,
2,491,0.894,-0.637,-1.202,-0.064,-0.064,1.116,True,1.685,0.256,0.0068,1.923,
2,492,0.893,-0.637,-1.204,-0.079,-0.079,1.121,True,1.66,0.33,0.0088,1.972,
2,493,0.892,-0.638,-1.207,-0.094,-0.094,1.126,True,1.67,0.293,0.0078,1.945,
2,494,0.891,-0.638,-1.209,-0.109,-0.109,1.132,True,1.67,0.293,0.0078,1.946,
2,495,0.89,-0.639,-1.212,-0.124,-0.124,1.138,True,1.67,0.293,0.0078,1.946,
2,496,0.889,-0.64,-1.214,-0.139,-0.138,1.144,True,1.67,0.293,0.0078,1.946,
2,497,0.888,-0.64,-1.216,-0.154,-0.153,1.15,True,1.67,0.293,0.0078,1.947,
2,498,0.887,-0.641,-1.219,-0.169,-0.168,1.157,True,1.67,0.293,0.0078,1.947,
2,499,0.886,-0.641,-1.221,-0.184,-0.183,1.164,True,1.66,0.33,0.0088,1.974,
2,500,0.885,-0.642,-1.223,-0.199,-0.198,1.171,True,1.66,0.33,0.0088,1.975,
2,501,0.884,-0.642,-1.226,-0.214,-0.213,1.179,True,1.66,0.33,0.0088,1.975,
2,502,0.883,-0.643,-1.228,-0.229,-0.228,1.187,True,1.66,0.33,0.0088,1.975,
2,503,0.882,-0.643,-1.23,-0.244,-0.243,1.195,True,1.66,0.33,0.0088,1.976,
2,504,0.881,-0.644,-1.233,-0.259,-0.258,1.204,True,1.673,0.293,0.0078,1.953,
2,505,0.88,-0.644,-1.235,-0.275,-0.273,1.213,True,1.673,0.293,0.0078,1.953,
2,506,0.879,-0.645,-1.237,-0.29,-0.288,1.222,True,1.673,0.293,0.0078,1.953,
2,507,0.878,-0.645,-1.239,-0.305,-0.303,1.231,True,1.685,0.256,0.0068,1.929,
2,508,0.877,-0.646,-1.242,-0.32,-0.318,1.241,True,1.685,0.256,0.0068,1.929,
2,509,0.876,-0.646,-1.244,-0.336,-0.333,1.251,True,1.685,0.256,0.0068,1.929,
2,510,0.874,-0.647,-1.246,-0.351,-0.347,1.261,True,1.673,0.293,0.0078,1.955,
2,511,0.873,-0.647,-1.248,-0.366,-0.362,1.272,True,1.673,0.293,0.0078,1.955,
2,512,0.872,-0.647,-1.25,-0.381,-0.377,1.282,True,1.673,0.293,0.0078,1.955,
2,513,0.871,-0.648,-1.252,-0.397,-0.392,1.293,True,1.673,0.293,0.0078,1.955,
2,514,0.87,-0.648,-1.255,-0.412,-0.407,1.305,True,1.673,0.293,0.0078,1.956,
2,515,0.869,-0.649,-1.257,-0.428,-0.421,1.316,True,1.673,0.293,0.0078,1.956,
2,516,0.868,-0.649,-1.259,-0.443,-0.436,1.328,True,1.685,0.256,0.0068,1.931,
2,517,0.867,-0.649,-1.261,-0.459,-0.451,1.34,True,1.685,0.256,0.0068,1.932,
2,518,0.865,-0.65,-1.263,-0.474,-0.466,1.352,True,1.685,0.256,0.0068,1.932,
2,519,0.864,-0.65,-1.265,-0.49,-0.48,1.364,True,1.673,0.293,0.0078,1.957,
2,520,0.863,-0.65,-1.267,-0.505,-0.495,1.377,True,1.673,0.293,0.0078,1.957,
2,521,0.862,-0.65,-1.269,-0.521,-0.51,1.39,True,1.673,0.293,0.0078,1.958,
2,522,0.861,-0.651,-1.271,-0.536,-0.524,1.403,True,1.673,0.293,0.0078,1.958,
2,523,0.86,-0.651,-1.273,-0.552,-0.539,1.416,True,1.659,0.33,0.0088,1.981,
2,524,0.858,-0.651,-1.275,-0.568,-0.554,1.43,True,1.673,0.293,0.0078,1.959,
2,525,0.857,-0.652,-1.277,-0.584,-0.568,1.443,True,1.659,0.33,0.0088,1.981,
2,526,0.856,-0.652,-1.279,-0.599,-0.583,1.457,True,1.659,0.33,0.0088,1.982,
2,527,0.855,-0.652,-1.281,-0.615,-0.597,1.471,True,1.659,0.33,0.0088,1.982,
2,528,0.854,-0.652,-1.283,-0.631,-0.612,1.485,True,1.659,0.33,0.0088,1.982,
2,529,0.852,-0.653,-1.285,-0.647,-0.626,1.5,True,1.659,0.33,0.0088,1.983,
2,530,0.851,-0.653,-1.287,-0.663,-0.641,1.514,True,1.659,0.33,0.0088,1.983,
2,531,0.85,-0.653,-1.289,-0.679,-0.655,1.529,True,1.659,0.33,0.0088,1.983,
2,532,0.849,-0.653,-1.291,-0.695,-0.67,1.544,True,1.659,0.33,0.0088,1.983,
2,533,0.848,-0.653,-1.292,-0.711,-0.684,1.559,True,1.659,0.33,0.0088,1.983,
2,534,0.846,-0.654,-1.294,-0.728,-0.699,1.575,True,1.659,0.33,0.0088,1.984,
2,535,0.845,-0.654,-1.296,-0.744,-0.713,1.59,True,1.659,0.33,0.0088,1.984,
2,536,0.844,-0.654,-1.298,-0.76,-0.727,1.606,True,1.659,0.33,0.0088,1.984,
2,537,0.843,-0.654,-1.3,-0.776,-0.741,1.622,True,1.659,0.33,0.0088,1.984,
2,538,0.842,-0.654,-1.302,-0.793,-0.756,1.638,True,1.659,0.33,0.0088,1.985,
2,539,0.84,-0.654,-1.303,-0.809,-0.77,1.654,True,1.659,0.33,0.0088,1.985,
2,540,0.839,-0.654,-1.305,-0.826,-0.784,1.67,True,1.659,0.33,0.0088,1.985,
2,541,0.838,-0.655,-1.307,-0.842,-0.798,1.686,True,1.659,0.33,0.0088,1.985,
2,542,0.837,-0.655,-1.309,-0.859,-0.812,1.703,True,1.659,0.33,0.0088,1.985,
2,543,0.836,-0.655,-1.311,-0.876,-0.826,1.72,True,1.659,0.33,0.0088,1.986,
2,544,0.834,-0.655,-1.312,-0.892,-0.84,1.737,True,1.659,0.33,0.0088,1.986,
2,545,0.833,-0.655,-1.314,-0.909,-0.854,1.754,True,1.659,0.33,0.0088,1.986,
2,546,0.832,-0.655,-1.316,-0.926,-0.868,1.771,True,1.659,0.33,0.0088,1.986,
2,547,0.831,-0.655,-1.317,-0.943,-0.882,1.788,True,1.659,0.33,0.0088,1.986,
2,548,0.83,-0.655,-1.319,-0.96,-0.896,1.806,True,1.659,0.33,0.0088,1.987,
2,549,0.828,-0.655,-1.321,-0.977,-0.91,1.823,True,1.659,0.33,0.0088,1.987,
2,550,0.827,-0.655,-1.322,-0.994,-0.923,1.841,True,1.659,0.33,0.0088,1.987,
2,551,0.826,-0.655,-1.324,-1.011,-0.937,1.859,True,1.659,0.33,0.0088,1.987,
2,552,0.825,-0.655,-1.326,-1.029,-0.951,1.877,True,1.659,0.33,0.0088,1.987,
2,553,0.823,-0.655,-1.327,-1.046,-0.964,1.895,True,1.659,0.33,0.0088,1.988,
2,554,0.822,-0.655,-1.329,-1.063,-0.978,1.913,True,1.659,0.33,0.0088,1.988,
2,555,0.821,-0.655,-1.331,-1.081,-0.992,1.931,True,1.659,0.33,0.0088,1.988,
2,556,0.82,-0.655,-1.332,-1.098,-1.005,1.95,True,1.659,0.33,0.0088,1.988,
2,557,0.819,-0.655,-1.334,-1.116,-1.018,1.968,True,1.659,0.33,0.0088,1.988,
2,558,0.817,-0.655,-1.335,-1.134,-1.032,1.987,True,1.659,0.33,0.0088,1.988,
2,559,0.816,-0.655,-1.337,-1.152,-1.045,2.006,True,1.659,0.33,0.0088,1.989,
2,560,0.815,-0.655,-1.338,-1.169,-1.058,2.025,True,1.659,0.33,0.0088,1.989,
2,561,0.814,-0.655,-1.34,-1.187,-1.071,2.044,True,1.659,0.33,0.0088,1.989,
2,562,0.813,-0.655,-1.341,-1.205,-1.085,2.063,True,1.659,0.33,0.0088,1.989,
2,563,0.811,-0.655,-1.343,-1.223,-1.098,2.082,True,1.659,0.33,0.0088,1.989,
2,564,0.81,-0.655,-1.344,-1.242,-1.111,2.102,True,1.659,0.33,0.0088,1.989,
2,565,0.809,-0.655,-1.346,-1.26,-1.124,2.121,True,1.659,0.33,0.0088,1.99,
2,566,0.808,-0.655,-1.347,-1.278,-1.136,2.141,True,1.659,0.33,0.0088,1.99,
2,567,0.807,-0.655,-1.349,-1.297,-1.149,2.16,True,1.659,0.33,0.0088,1.99,
2,568,0.805,-0.655,-1.35,-1.315,-1.162,2.18,True,1.659,0.33,0.0088,1.99,
2,569,0.804,-0.655,-1.352,-1.334,-1.175,2.2,True,1.659,0.33,0.0088,1.99,
2,570,0.803,-0.655,-1.353,-1.352,-1.187,2.22,True,1.659,0.33,0.0088,1.99,
2,571,0.802,-0.654,-1.354,-1.371,-1.2,2.24,True,1.659,0.33,0.0088,1.99,
2,572,0.801,-0.654,-1.356,-1.39,-1.212,2.261,True,1.659,0.33,0.0088,1.991,
2,573,0.799,-0.654,-1.357,-1.409,-1.225,2.281,True,1.659,0.33,0.0088,1.991,
2,574,0.798,-0.654,-1.358,-1.428,-1.237,2.301,True,1.659,0.33,0.0088,1.991,
2,575,0.797,-0.654,-1.36,-1.447,-1.249,2.322,True,1.659,0.33,0.0088,1.991,
2,576,0.796,-0.654,-1.361,-1.466,-1.261,2.342,True,1.659,0.33,0.0088,1.991,
2,577,0.795,-0.654,-1.363,-1.486,-1.273,2.363,True,1.659,0.33,0.0088,1.991,
2,578,0.794,-0.654,-1.364,-1.505,-1.285,2.384,True,1.659,0.33,0.0088,1.991,
2,579,0.792,-0.653,-1.365,-1.525,-1.297,2.405,True,1.659,0.33,0.0088,1.991,
2,580,0.791,-0.653,-1.366,-1.544,-1.309,2.426,True,1.659,0.33,0.0088,1.992,
2,581,0.79,-0.653,-1.368,-1.564,-1.32,2.447,True,1.659,0.33,0.0088,1.992,
2,582,0.789,-0.653,-1.369,-1.584,-1.332,2.468,True,1.659,0.33,0.0088,1.992,
2,583,0.788,-0.653,-1.37,-1.604,-1.344,2.489,True,1.659,0.33,0.0088,1.992,
2,584,0.787,-0.653,-1.372,-1.624,-1.355,2.51,True,1.667,0.293,0.0078,1.963,
2,585,0.785,-0.652,-1.373,-1.644,-1.366,2.532,True,1.667,0.293,0.0078,1.964,
2,586,0.784,-0.652,-1.374,-1.664,-1.378,2.553,True,1.667,0.293,0.0078,1.964,
2,587,0.783,-0.652,-1.375,-1.684,-1.389,2.575,True,1.667,0.293,0.0078,1.964,
2,588,0.782,-0.652,-1.376,-1.705,-1.4,2.597,True,1.667,0.293,0.0078,1.964,
2,589,0.781,-0.652,-1.378,-1.725,-1.411,2.618,True,1.659,0.33,0.0088,1.993,
2,590,0.78,-0.651,-1.379,-1.746,-1.421,2.64,True,1.659,0.33,0.0088,1.993,
2,591,0.779,-0.651,-1.38,-1.766,-1.432,2.662,True,1.659,0.33,0.0088,1.993,
2,592,0.778,-0.651,-1.381,-1.787,-1.443,2.684,True,1.659,0.33,0.0088,1.993,
2,593,0.777,-0.651,-1.382,-1.808,-1.453,2.706,True,1.659,0.33,0.0088,1.993,
2,594,0.775,-0.651,-1.383,-1.829,-1.463,2.728,True,1.659,0.33,0.0088,1.993,
2,595,0.774,-0.65,-1.385,-1.85,-1.473,2.75,True,1.659,0.33,0.0088,1.993,
2,596,0.773,-0.65,-1.386,-1.871,-1.484,2.773,True,1.659,0.33,0.0088,1.993,
2,597,0.772,-0.65,-1.387,-1.893,-1.494,2.795,True,1.659,0.33,0.0088,1.994,
2,598,0.771,-0.65,-1.388,-1.914,-1.503,2.818,True,1.659,0.33,0.0088,1.994,
2,599,0.77,-0.649,-1.389,-1.936,-1.513,2.84,True,1.659,0.33,0.0088,1.994,
2,600,0.769,-0.649,-1.39,-1.957,-1.523,2.863,True,1.659,0.33,0.0088,1.994,
2,601,0.768,-0.649,-1.391,-1.979,-1.532,2.885,True,1.659,0.33,0.0088,1.994,
2,602,0.767,-0.649,-1.392,-2.001,-1.541,2.908,True,1.659,0.33,0.0088,1.994,
2,603,0.766,-0.648,-1.393,-2.023,-1.55,2.931,True,1.659,0.33,0.0088,1.994,
2,604,0.765,-0.648,-1.394,-2.045,-1.559,2.954,True,1.659,0.33,0.0088,1.994,
2,605,0.764,-0.648,-1.395,-2.067,-1.568,2.977,True,1.659,0.33,0.0088,1.994,
2,606,0.763,-0.647,-1.396,-2.089,-1.577,3.0,True,1.659,0.33,0.0088,1.994,
2,607,0.762,-0.647,-1.397,-2.112,-1.586,3.023,True,1.659,0.33,0.0088,1.995,
2,608,0.761,-0.647,-1.398,-2.134,-1.594,3.046,True,1.659,0.33,0.0088,1.995,
2,609,0.759,-0.647,-1.399,-2.157,-1.602,3.069,True,1.659,0.33,0.0088,1.995,
2,610,0.758,-0.646,-1.4,-2.18,-1.61,3.092,True,1.659,0.33,0.0088,1.995,
2,611,0.757,-0.646,-1.401,-2.202,-1.618,3.115,True,1.659,0.33,0.0088,1.995,
2,612,0.756,-0.646,-1.402,-2.225,-1.626,3.139,True,1.659,0.33,0.0088,1.995,
2,613,0.755,-0.645,-1.403,-2.248,-1.634,3.162,True,1.667,0.293,0.0078,1.966,
2,614,0.754,-0.645,-1.404,-2.271,-1.641,3.186,True,1.667,0.293,0.0078,1.967,
2,615,0.753,-0.645,-1.405,-2.295,-1.648,3.209,True,1.659,0.33,0.0088,1.995,
2,616,0.752,-0.644,-1.406,-2.318,-1.655,3.233,True,1.667,0.293,0.0078,1.967,
2,617,0.751,-0.644,-1.407,-2.341,-1.662,3.256,True,1.667,0.293,0.0078,1.967,
2,618,0.751,-0.644,-1.408,-2.365,-1.669,3.28,True,1.667,0.293,0.0078,1.967,
2,619,0.75,-0.644,-1.409,-2.389,-1.675,3.304,True,1.667,0.293,0.0078,1.967,
2,620,0.749,-0.643,-1.41,-2.412,-1.682,3.327,True,1.667,0.293,0.0078,1.967,
2,621,0.748,-0.643,-1.411,-2.436,-1.688,3.351,True,1.667,0.293,0.0078,1.967,
2,622,0.747,-0.643,-1.412,-2.46,-1.694,3.375,True,1.667,0.293,0.0078,1.967,
2,623,0.746,-0.642,-1.412,-2.484,-1.7,3.399,True,1.667,0.293,0.0078,1.967,
2,624,0.745,-0.642,-1.413,-2.508,-1.705,3.423,True,1.667,0.293,0.0078,1.967,
2,625,0.744,-0.642,-1.414,-2.533,-1.71,3.447,True,1.667,0.293,0.0078,1.967,
2,626,0.743,-0.641,-1.415,-2.557,-1.715,3.47,True,1.667,0.293,0.0078,1.967,
2,627,0.742,-0.641,-1.416,-2.582,-1.72,3.495,True,1.667,0.293,0.0078,1.967,
2,628,0.741,-0.64,-1.417,-2.606,-1.725,3.519,True,1.667,0.293,0.0078,1.968,
2,629,0.74,-0.64,-1.418,-2.631,-1.729,3.543,True,1.659,0.33,0.0088,1.996,
2,630,0.739,-0.64,-1.418,-2.655,-1.734,3.567,True,1.659,0.33,0.0088,1.996,
2,631,0.738,-0.639,-1.419,-2.68,-1.738,3.591,True,1.659,0.33,0.0088,1.996,
2,632,0.738,-0.639,-1.42,-2.705,-1.741,3.615,True,1.659,0.33,0.0088,1.996,
2,633,0.737,-0.639,-1.421,-2.73,-1.745,3.639,True,1.659,0.33,0.0088,1.996,
2,634,0.736,-0.638,-1.422,-2.755,-1.748,3.663,True,1.659,0.33,0.0088,1.996,
2,635,0.735,-0.638,-1.422,-2.78,-1.751,3.687,True,1.659,0.33,0.0088,1.997,
2,636,0.734,-0.638,-1.423,-2.806,-1.754,3.712,True,1.659,0.33,0.0088,1.997,
2,637,0.733,-0.637,-1.424,-2.831,-1.757,3.736,True,1.659,0.33,0.0088,1.997,
2,638,0.732,-0.637,-1.425,-2.856,-1.759,3.76,True,1.659,0.33,0.0088,1.997,
2,639,0.732,-0.637,-1.425,-2.882,-1.761,3.784,True,1.659,0.33,0.0088,1.997,
2,640,0.731,-0.636,-1.426,-2.908,-1.763,3.809,True,1.659,0.33,0.0088,1.997,
2,641,0.73,-0.636,-1.427,-2.933,-1.764,3.833,True,1.659,0.33,0.0088,1.997,
2,642,0.729,-0.635,-1.427,-2.959,-1.766,3.857,True,1.659,0.33,0.0088,1.997,
2,643,0.728,-0.635,-1.428,-2.985,-1.767,3.881,True,1.659,0.33,0.0088,1.997,
2,644,0.727,-0.635,-1.429,-3.01,-1.767,3.906,True,1.659,0.33,0.0088,1.997,
2,645,0.727,-0.634,-1.43,-3.036,-1.768,3.93,True,1.659,0.33,0.0088,1.997,
2,646,0.726,-0.634,-1.43,-3.062,-1.768,3.954,True,1.659,0.33,0.0088,1.997,
2,647,0.725,-0.633,-1.431,-3.088,-1.768,3.978,True,1.659,0.33,0.0088,1.997,
2,648,0.724,-0.633,-1.432,-3.114,-1.767,4.003,True,1.659,0.33,0.0088,1.997,
2,649,0.724,-0.633,-1.432,-3.141,-1.766,4.027,True,1.659,0.33,0.0088,1.997,
2,650,0.723,-0.632,-1.433,-3.167,-1.765,4.051,True,1.659,0.33,0.0088,1.997,
2,651,0.722,-0.632,-1.434,-3.193,-1.764,4.075,True,1.659,0.33,0.0088,1.997,
2,652,0.721,-0.632,-1.434,-3.219,-1.762,4.099,True,1.659,0.33,0.0088,1.997,
2,653,0.72,-0.631,-1.435,-3.245,-1.761,4.124,True,1.659,0.33,0.0088,1.997,
2,654,0.72,-0.631,-1.435,-3.272,-1.758,4.148,True,1.659,0.33,0.0088,1.997,
2,655,0.719,-0.63,-1.436,-3.298,-1.756,4.172,True,1.659,0.33,0.0088,1.997,
2,656,0.718,-0.63,-1.437,-3.324,-1.753,4.196,True,1.659,0.33,0.0088,1.997,
2,657,0.718,-0.63,-1.437,-3.351,-1.75,4.22,True,1.659,0.33,0.0088,1.997,
2,658,0.717,-0.629,-1.438,-3.377,-1.746,4.244,True,1.659,0.33,0.0088,1.997,
2,659,0.716,-0.629,-1.439,-3.403,-1.742,4.267,True,1.659,0.33,0.0088,1.997,
2,660,0.715,-0.628,-1.439,-3.43,-1.738,4.291,True,1.659,0.33,0.0088,1.997,
2,661,0.715,-0.628,-1.44,-3.456,-1.733,4.315,True,1.659,0.33,0.0088,1.997,
2,662,0.714,-0.628,-1.44,-3.483,-1.729,4.339,True,1.659,0.33,0.0088,1.997,
2,663,0.713,-0.627,-1.441,-3.509,-1.723,4.362,True,1.659,0.33,0.0088,1.997,
2,664,0.713,-0.627,-1.441,-3.535,-1.718,4.386,True,1.659,0.33,0.0088,1.997,
2,665,0.712,-0.626,-1.442,-3.562,-1.712,4.41,True,1.659,0.33,0.0088,1.997,
2,666,0.711,-0.626,-1.443,-3.588,-1.706,4.433,True,1.659,0.33,0.0088,1.997,
2,667,0.711,-0.625,-1.443,-3.614,-1.699,4.456,True,1.659,0.33,0.0088,1.997,
2,668,0.71,-0.625,-1.444,-3.641,-1.692,4.48,True,1.659,0.33,0.0088,1.997,
2,669,0.709,-0.625,-1.444,-3.667,-1.685,4.503,True,1.659,0.33,0.0088,1.997,
2,670,0.709,-0.624,-1.445,-3.693,-1.677,4.526,True,1.659,0.33,0.0088,1.997,
2,671,0.708,-0.624,-1.445,-3.719,-1.669,4.549,True,1.659,0.33,0.0088,1.997,
2,672,0.708,-0.623,-1.446,-3.745,-1.661,4.572,True,1.659,0.33,0.0088,1.997,
2,673,0.707,-0.623,-1.446,-3.771,-1.652,4.595,True,1.667,0.293,0.0078,1.969,
2,674,0.706,-0.623,-1.447,-3.797,-1.643,4.618,True,1.667,0.293,0.0078,1.969,
2,675,0.706,-0.622,-1.447,-3.823,-1.633,4.64,True,1.667,0.293,0.0078,1.969,
2,676,0.705,-0.622,-1.448,-3.849,-1.623,4.663,True,1.667,0.293,0.0078,1.969,
2,677,0.705,-0.621,-1.448,-3.875,-1.613,4.685,True,1.667,0.293,0.0078,1.969,
2,678,0.704,-0.621,-1.449,-3.9,-1.602,4.708,True,1.667,0.293,0.0078,1.969,
2,679,0.703,-0.621,-1.449,-3.926,-1.591,4.73,True,1.667,0.293,0.0078,1.969,
2,680,0.703,-0.62,-1.45,-3.951,-1.58,4.752,True,1.667,0.293,0.0078,1.968,
2,681,0.702,-0.62,-1.45,-3.976,-1.568,4.774,True,1.667,0.293,0.0078,1.968,
2,682,0.702,-0.619,-1.45,-4.002,-1.556,4.796,True,1.667,0.293,0.0078,1.968,
2,683,0.701,-0.619,-1.451,-4.027,-1.543,4.817,True,1.659,0.33,0.0088,1.997,
2,684,0.701,-0.618,-1.451,-4.051,-1.53,4.839,True,1.659,0.33,0.0088,1.997,
2,685,0.7,-0.618,-1.452,-4.076,-1.517,4.86,True,1.659,0.33,0.0088,1.997,
2,686,0.699,-0.618,-1.452,-4.101,-1.503,4.881,True,1.659,0.33,0.0088,1.997,
2,687,0.699,-0.617,-1.453,-4.125,-1.489,4.902,True,1.659,0.33,0.0088,1.997,
2,688,0.698,-0.617,-1.453,-4.149,-1.475,4.923,True,1.659,0.33,0.0088,1.997,
2,689,0.698,-0.616,-1.454,-4.173,-1.46,4.944,True,1.659,0.33,0.0088,1.997,
2,690,0.697,-0.616,-1.454,-4.197,-1.445,4.964,True,1.659,0.33,0.0088,1.997,
2,691,0.697,-0.616,-1.454,-4.221,-1.429,4.985,True,1.659,0.33,0.0088,1.997,
2,692,0.696,-0.615,-1.455,-4.244,-1.413,5.005,True,1.659,0.33,0.0088,1.997,
2,693,0.696,-0.615,-1.455,-4.268,-1.397,5.025,True,1.659,0.33,0.0088,1.997,
2,694,0.695,-0.614,-1.456,-4.291,-1.38,5.045,True,1.659,0.33,0.0088,1.997,
2,695,0.695,-0.614,-1.456,-4.314,-1.363,5.064,True,1.659,0.33,0.0088,1.997,
2,696,0.694,-0.614,-1.456,-4.336,-1.345,5.084,True,1.659,0.33,0.0088,1.997,
2,697,0.694,-0.613,-1.457,-4.359,-1.327,5.103,True,1.659,0.33,0.0088,1.997,
2,698,0.694,-0.613,-1.457,-4.381,-1.309,5.122,True,1.659,0.33,0.0088,1.997,
2,699,0.693,-0.612,-1.457,-4.403,-1.29,5.141,True,1.659,0.33,0.0088,1.997,
2,700,0.693,-0.612,-1.458,-4.424,-1.271,5.159,True,1.659,0.33,0.0088,1.997,
2,701,0.692,-0.611,-1.458,-4.445,-1.251,5.177,True,1.659,0.33,0.0088,1.997,
2,702,0.692,-0.611,-1.459,-4.467,-1.232,5.195,True,1.659,0.33,0.0088,1.997,
2,703,0.691,-0.611,-1.459,-4.487,-1.211,5.213,True,1.659,0.33,0.0088,1.996,
2,704,0.691,-0.61,-1.459,-4.508,-1.191,5.231,True,1.642,0.366,0.0098,2.016,
2,705,0.69,-0.61,-1.46,-4.528,-1.17,5.248,True,1.642,0.366,0.0098,2.016,
2,706,0.69,-0.609,-1.46,-4.548,-1.149,5.265,True,1.642,0.366,0.0098,2.016,
2,707,0.69,-0.609,-1.46,-4.567,-1.127,5.282,True,1.659,0.33,0.0088,1.996,
2,708,0.689,-0.609,-1.461,-4.586,-1.105,5.299,True,1.659,0.33,0.0088,1.996,
2,709,0.689,-0.608,-1.461,-4.605,-1.083,5.315,True,1.642,0.366,0.0098,2.016,
2,710,0.688,-0.608,-1.461,-4.624,-1.06,5.331,True,1.659,0.33,0.0088,1.996,
2,711,0.688,-0.607,-1.462,-4.642,-1.037,5.347,True,1.659,0.33,0.0088,1.996,
2,712,0.688,-0.607,-1.462,-4.66,-1.014,5.363,True,1.659,0.33,0.0088,1.996,
2,713,0.687,-0.607,-1.462,-4.677,-0.99,5.378,True,1.659,0.33,0.0088,1.996,
2,714,0.687,-0.606,-1.463,-4.694,-0.966,5.393,True,1.642,0.366,0.0098,2.016,
2,715,0.687,-0.606,-1.463,-4.711,-0.942,5.408,True,1.642,0.366,0.0098,2.016,
2,716,0.686,-0.605,-1.463,-4.727,-0.918,5.422,True,1.642,0.366,0.0098,2.016,
2,717,0.686,-0.605,-1.463,-4.743,-0.893,5.436,True,1.642,0.366,0.0098,2.016,
2,718,0.686,-0.604,-1.464,-4.758,-0.868,5.45,True,1.642,0.366,0.0098,2.016,
2,719,0.685,-0.604,-1.464,-4.773,-0.842,5.463,True,1.642,0.366,0.0098,2.016,
2,720,0.685,-0.604,-1.464,-4.788,-0.816,5.477,True,1.642,0.366,0.0098,2.015,
2,721,0.685,-0.603,-1.465,-4.802,-0.79,5.489,True,1.642,0.366,0.0098,2.015,
2,722,0.684,-0.603,-1.465,-4.815,-0.764,5.502,True,1.642,0.366,0.0098,2.015,
2,723,0.684,-0.602,-1.465,-4.829,-0.738,5.514,True,1.642,0.366,0.0098,2.015,
2,724,0.684,-0.602,-1.465,-4.841,-0.711,5.526,True,1.642,0.366,0.0098,2.015,
2,725,0.683,-0.602,-1.466,-4.854,-0.684,5.538,True,1.642,0.366,0.0098,2.015,
2,726,0.683,-0.601,-1.466,-4.866,-0.657,5.549,True,1.642,0.366,0.0098,2.015,
2,727,0.683,-0.601,-1.466,-4.877,-0.629,5.56,True,1.642,0.366,0.0098,2.015,
2,728,0.682,-0.6,-1.466,-4.888,-0.602,5.57,True,1.642,0.366,0.0098,2.015,
2,729,0.682,-0.6,-1.467,-4.898,-0.574,5.581,True,1.642,0.366,0.0098,2.015,
2,730,0.682,-0.6,-1.467,-4.908,-0.546,5.59,True,1.642,0.366,0.0098,2.015,
2,731,0.681,-0.599,-1.467,-4.918,-0.517,5.6,True,1.642,0.366,0.0098,2.015,
2,732,0.681,-0.599,-1.467,-4.927,-0.489,5.609,True,1.642,0.366,0.0098,2.015,
2,733,0.681,-0.599,-1.468,-4.935,-0.46,5.618,True,1.642,0.366,0.0098,2.015,
2,734,0.681,-0.598,-1.468,-4.943,-0.431,5.626,True,1.642,0.366,0.0098,2.015,
2,735,0.68,-0.598,-1.468,-4.951,-0.402,5.635,True,1.642,0.366,0.0098,2.015,
2,736,0.68,-0.597,-1.468,-4.958,-0.373,5.642,True,1.642,0.366,0.0098,2.015,
2,737,0.68,-0.597,-1.469,-4.964,-0.344,5.65,True,1.642,0.366,0.0098,2.015,
2,738,0.68,-0.597,-1.469,-4.97,-0.315,5.657,True,1.642,0.366,0.0098,2.015,
2,739,0.679,-0.596,-1.469,-4.975,-0.285,5.663,True,1.642,0.366,0.0098,2.014,
2,740,0.679,-0.596,-1.469,-4.98,-0.256,5.67,True,1.642,0.366,0.0098,2.014,
2,741,0.679,-0.595,-1.47,-4.985,-0.226,5.676,True,1.642,0.366,0.0098,2.014,
2,742,0.679,-0.595,-1.47,-4.988,-0.196,5.681,True,1.642,0.366,0.0098,2.014,
2,743,0.678,-0.595,-1.47,-4.992,-0.167,5.686,True,1.642,0.366,0.0098,2.014,
2,744,0.678,-0.594,-1.47,-4.994,-0.137,5.691,True,1.642,0.366,0.0098,2.014,
2,745,0.678,-0.594,-1.47,-4.997,-0.107,5.695,True,1.642,0.366,0.0098,2.014,
2,746,0.678,-0.593,-1.471,-4.998,-0.077,5.699,True,1.642,0.366,0.0098,2.014,
2,747,0.678,-0.593,-1.471,-4.999,-0.047,5.703,True,1.642,0.366,0.0098,2.014,
2,748,0.677,-0.593,-1.471,-5.0,-0.017,5.706,True,1.642,0.366,0.0098,2.014,
2,749,0.677,-0.592,-1.471,-5.0,0.013,5.709,True,1.642,0.366,0.0098,2.014,
2,750,0.677,-0.592,-1.471,-4.999,0.043,5.712,True,1.642,0.366,0.0098,2.014,
2,751,0.677,-0.592,-1.472,-4.998,0.073,5.714,True,1.642,0.366,0.0098,2.014,
2,752,0.677,-0.591,-1.472,-4.997,0.103,5.716,True,1.642,0.366,0.0098,2.014,
2,753,0.676,-0.591,-1.472,-4.995,0.133,5.717,True,1.642,0.366,0.0098,2.014,
2,754,0.676,-0.59,-1.472,-4.992,0.163,5.718,True,1.642,0.366,0.0098,2.014,
2,755,0.676,-0.59,-1.472,-4.989,0.193,5.719,True,1.642,0.366,0.0098,2.014,
2,756,0.676,-0.59,-1.472,-4.985,0.222,5.719,True,1.642,0.366,0.0098,2.014,
2,757,0.676,-0.589,-1.473,-4.981,0.252,5.719,True,1.635,0.403,0.0107,2.042,
2,758,0.676,-0.589,-1.473,-4.976,0.282,5.718,True,1.635,0.403,0.0107,2.042,
2,759,0.675,-0.589,-1.473,-4.971,0.311,5.717,True,1.635,0.403,0.0107,2.042,
2,760,0.675,-0.588,-1.473,-4.965,0.34,5.716,True,1.635,0.403,0.0107,2.042,
2,761,0.675,-0.588,-1.473,-4.959,0.37,5.714,True,1.635,0.403,0.0107,2.042,
2,762,0.675,-0.588,-1.473,-4.952,0.399,5.712,True,1.635,0.403,0.0107,2.042,
2,763,0.675,-0.587,-1.474,-4.944,0.428,5.71,True,1.635,0.403,0.0107,2.042,
2,764,0.675,-0.587,-1.474,-4.936,0.457,5.707,True,1.635,0.403,0.0107,2.042,
2,765,0.674,-0.586,-1.474,-4.928,0.485,5.704,True,1.635,0.403,0.0107,2.042,
2,766,0.674,-0.586,-1.474,-4.919,0.514,5.7,True,1.635,0.403,0.0107,2.042,
2,767,0.674,-0.586,-1.474,-4.91,0.542,5.697,True,1.635,0.403,0.0107,2.042,
2,768,0.674,-0.585,-1.474,-4.9,0.57,5.692,True,1.635,0.403,0.0107,2.042,
2,769,0.674,-0.585,-1.475,-4.889,0.598,5.688,True,1.635,0.403,0.0107,2.042,
2,770,0.674,-0.585,-1.475,-4.878,0.626,5.683,True,1.635,0.403,0.0107,2.042,
2,771,0.674,-0.584,-1.475,-4.867,0.653,5.677,True,1.635,0.403,0.0107,2.042,
2,772,0.674,-0.584,-1.475,-4.855,0.681,5.672,True,1.635,0.403,0.0107,2.042,
2,773,0.673,-0.584,-1.475,-4.843,0.708,5.666,True,1.635,0.403,0.0107,2.042,
2,774,0.673,-0.583,-1.475,-4.83,0.734,5.659,True,1.635,0.403,0.0107,2.042,
2,775,0.673,-0.583,-1.475,-4.817,0.761,5.652,True,1.635,0.403,0.0107,2.042,
2,776,0.673,-0.583,-1.476,-4.803,0.787,5.645,True,1.635,0.403,0.0107,2.042,
2,777,0.673,-0.582,-1.476,-4.789,0.813,5.638,True,1.635,0.403,0.0107,2.042,
2,778,0.673,-0.582,-1.476,-4.775,0.839,5.63,True,1.635,0.403,0.0107,2.042,
2,779,0.673,-0.582,-1.476,-4.76,0.864,5.622,True,1.649,0.33,0.0088,1.983,
2,780,0.673,-0.581,-1.476,-4.744,0.89,5.613,True,1.649,0.33,0.0088,1.983,
2,781,0.673,-0.581,-1.476,-4.729,0.915,5.605,True,1.67,0.293,0.0078,1.966,
2,782,0.673,-0.581,-1.476,-4.713,0.939,5.595,True,1.67,0.293,0.0078,1.966,
2,783,0.673,-0.58,-1.476,-4.696,0.963,5.586,True,1.67,0.293,0.0078,1.966,
2,784,0.672,-0.58,-1.477,-4.679,0.987,5.576,True,1.67,0.293,0.0078,1.966,
2,785,0.672,-0.58,-1.477,-4.662,1.011,5.566,True,1.67,0.293,0.0078,1.966,
2,786,0.672,-0.579,-1.477,-4.644,1.034,5.556,True,1.649,0.33,0.0088,1.983,
2,787,0.672,-0.579,-1.477,-4.626,1.057,5.545,True,1.67,0.293,0.0078,1.966,
2,788,0.672,-0.579,-1.477,-4.607,1.08,5.534,True,1.67,0.293,0.0078,1.966,
2,789,0.672,-0.578,-1.477,-4.589,1.102,5.523,True,1.67,0.293,0.0078,1.966,
2,790,0.672,-0.578,-1.477,-4.57,1.124,5.511,True,1.67,0.293,0.0078,1.966,
2,791,0.672,-0.578,-1.477,-4.55,1.146,5.499,True,1.649,0.33,0.0088,1.982,
2,792,0.672,-0.577,-1.477,-4.53,1.167,5.487,True,1.649,0.33,0.0088,1.982,
2,793,0.672,-0.577,-1.478,-4.51,1.188,5.475,True,1.649,0.33,0.0088,1.982,
2,794,0.672,-0.577,-1.478,-4.49,1.209,5.462,True,1.649,0.33,0.0088,1.982,
2,795,0.672,-0.576,-1.478,-4.469,1.229,5.449,True,1.649,0.33,0.0088,1.982,
2,796,0.672,-0.576,-1.478,-4.448,1.249,5.435,True,1.649,0.33,0.0088,1.982,
2,797,0.672,-0.576,-1.478,-4.427,1.269,5.422,True,1.649,0.33,0.0088,1.982,
2,798,0.672,-0.575,-1.478,-4.405,1.288,5.408,True,1.649,0.33,0.0088,1.982,
2,799,0.672,-0.575,-1.478,-4.383,1.306,5.394,True,1.649,0.33,0.0088,1.982,
2,800,0.672,-0.575,-1.478,-4.361,1.325,5.379,True,1.649,0.33,0.0088,1.982,
2,801,0.671,-0.575,-1.478,-4.339,1.343,5.365,True,1.649,0.33,0.0088,1.982,
2,802,0.671,-0.574,-1.478,-4.316,1.36,5.35,True,1.649,0.33,0.0088,1.982,
2,803,0.671,-0.574,-1.479,-4.294,1.378,5.335,True,1.649,0.33,0.0088,1.982,
2,804,0.671,-0.574,-1.479,-4.271,1.394,5.319,True,1.649,0.33,0.0088,1.982,
2,805,0.671,-0.573,-1.479,-4.247,1.411,5.304,True,1.649,0.33,0.0088,1.982,
2,806,0.671,-0.573,-1.479,-4.224,1.427,5.288,True,1.649,0.33,0.0088,1.982,
2,807,0.671,-0.573,-1.479,-4.2,1.443,5.272,True,1.649,0.33,0.0088,1.982,
2,808,0.671,-0.572,-1.479,-4.176,1.458,5.256,True,1.649,0.33,0.0088,1.982,
2,809,0.671,-0.572,-1.479,-4.152,1.473,5.239,True,1.649,0.33,0.0088,1.982,
2,810,0.671,-0.572,-1.479,-4.128,1.488,5.223,True,1.649,0.33,0.0088,1.982,
2,811,0.671,-0.572,-1.479,-4.104,1.502,5.206,True,1.649,0.33,0.0088,1.982,
2,812,0.671,-0.571,-1.479,-4.079,1.515,5.189,True,1.649,0.33,0.0088,1.982,
2,813,0.671,-0.571,-1.479,-4.054,1.529,5.171,True,1.649,0.33,0.0088,1.982,
2,814,0.671,-0.571,-1.48,-4.03,1.542,5.154,True,1.649,0.33,0.0088,1.981,
2,815,0.671,-0.57,-1.48,-4.005,1.554,5.136,True,1.643,0.366,0.0098,2.012,
2,816,0.671,-0.57,-1.48,-3.979,1.567,5.118,True,1.643,0.366,0.0098,2.012,
2,817,0.671,-0.57,-1.48,-3.954,1.578,5.1,True,1.643,0.366,0.0098,2.011,
2,818,0.671,-0.57,-1.48,-3.929,1.59,5.082,True,1.643,0.366,0.0098,2.011,
2,819,0.671,-0.569,-1.48,-3.903,1.601,5.063,True,1.643,0.366,0.0098,2.011,
2,820,0.671,-0.569,-1.48,-3.878,1.612,5.045,True,1.643,0.366,0.0098,2.011,
2,821,0.671,-0.569,-1.48,-3.852,1.622,5.026,True,1.643,0.366,0.0098,2.011,
2,822,0.671,-0.568,-1.48,-3.826,1.632,5.007,True,1.643,0.366,0.0098,2.011,
2,823,0.671,-0.568,-1.48,-3.801,1.642,4.988,True,1.643,0.366,0.0098,2.011,
2,824,0.671,-0.568,-1.48,-3.775,1.651,4.969,True,1.643,0.366,0.0098,2.011,
2,825,0.671,-0.568,-1.48,-3.749,1.66,4.949,True,1.643,0.366,0.0098,2.011,
2,826,0.671,-0.567,-1.48,-3.723,1.668,4.93,True,1.643,0.366,0.0098,2.011,
2,827,0.671,-0.567,-1.48,-3.696,1.676,4.91,True,1.643,0.366,0.0098,2.011,
2,828,0.671,-0.567,-1.481,-3.67,1.684,4.89,True,1.643,0.366,0.0098,2.011,
2,829,0.671,-0.567,-1.481,-3.644,1.691,4.87,True,1.643,0.366,0.0098,2.011,
2,830,0.671,-0.566,-1.481,-3.618,1.698,4.85,True,1.643,0.366,0.0098,2.011,
2,831,0.671,-0.566,-1.481,-3.591,1.705,4.83,True,1.649,0.33,0.0088,1.981,
2,832,0.671,-0.566,-1.481,-3.565,1.711,4.81,True,1.649,0.33,0.0088,1.981,
2,833,0.671,-0.566,-1.481,-3.539,1.717,4.789,True,1.643,0.366,0.0098,2.011,
2,834,0.671,-0.565,-1.481,-3.512,1.723,4.769,True,1.643,0.366,0.0098,2.011,
2,835,0.671,-0.565,-1.481,-3.486,1.728,4.748,True,1.643,0.366,0.0098,2.011,
2,836,0.671,-0.565,-1.481,-3.46,1.733,4.727,True,1.643,0.366,0.0098,2.011,
2,837,0.672,-0.565,-1.481,-3.433,1.737,4.706,True,1.643,0.366,0.0098,2.011,
2,838,0.672,-0.564,-1.481,-3.407,1.742,4.685,True,1.643,0.366,0.0098,2.011,
2,839,0.672,-0.564,-1.481,-3.38,1.746,4.664,True,1.649,0.33,0.0088,1.981,
2,840,0.672,-0.564,-1.481,-3.354,1.749,4.643,True,1.649,0.33,0.0088,1.981,
2,841,0.672,-0.564,-1.481,-3.328,1.752,4.621,True,1.649,0.33,0.0088,1.981,
2,842,0.672,-0.563,-1.481,-3.301,1.755,4.6,True,1.649,0.33,0.0088,1.981,
2,843,0.672,-0.563,-1.481,-3.275,1.758,4.579,True,1.649,0.33,0.0088,1.981,
2,844,0.672,-0.563,-1.481,-3.249,1.76,4.557,True,1.649,0.33,0.0088,1.981,
2,845,0.672,-0.563,-1.482,-3.222,1.762,4.535,True,1.649,0.33,0.0088,1.981,
2,846,0.672,-0.562,-1.482,-3.196,1.764,4.514,True,1.649,0.33,0.0088,1.98,
2,847,0.672,-0.562,-1.482,-3.17,1.765,4.492,True,1.649,0.33,0.0088,1.98,
2,848,0.672,-0.562,-1.482,-3.144,1.766,4.47,True,1.649,0.33,0.0088,1.98,
2,849,0.672,-0.562,-1.482,-3.118,1.767,4.448,True,1.649,0.33,0.0088,1.98,
2,850,0.672,-0.561,-1.482,-3.092,1.768,4.426,True,1.649,0.33,0.0088,1.98,
2,851,0.672,-0.561,-1.482,-3.066,1.768,4.404,True,1.649,0.33,0.0088,1.98,
2,852,0.672,-0.561,-1.482,-3.04,1.768,4.382,True,1.649,0.33,0.0088,1.98,
2,853,0.672,-0.561,-1.482,-3.014,1.767,4.36,True,1.649,0.33,0.0088,1.98,
2,854,0.672,-0.561,-1.482,-2.988,1.767,4.337,True,1.649,0.33,0.0088,1.98,
2,855,0.672,-0.56,-1.482,-2.962,1.766,4.315,True,1.649,0.33,0.0088,1.98,
2,856,0.672,-0.56,-1.482,-2.936,1.764,4.293,True,1.649,0.33,0.0088,1.98,
2,857,0.672,-0.56,-1.482,-2.911,1.763,4.27,True,1.649,0.33,0.0088,1.98,
2,858,0.672,-0.56,-1.482,-2.885,1.761,4.248,True,1.649,0.33,0.0088,1.98,
2,859,0.673,-0.559,-1.482,-2.86,1.759,4.225,True,1.649,0.33,0.0088,1.98,
2,860,0.673,-0.559,-1.482,-2.834,1.757,4.203,True,1.649,0.33,0.0088,1.98,
2,861,0.673,-0.559,-1.482,-2.809,1.754,4.18,True,1.649,0.33,0.0088,1.98,
2,862,0.673,-0.559,-1.482,-2.784,1.752,4.157,True,1.649,0.33,0.0088,1.98,
2,863,0.673,-0.559,-1.482,-2.758,1.749,4.135,True,1.649,0.33,0.0088,1.98,
2,864,0.673,-0.558,-1.482,-2.733,1.745,4.112,True,1.649,0.33,0.0088,1.98,
2,865,0.673,-0.558,-1.483,-2.708,1.742,4.089,True,1.649,0.33,0.0088,1.98,
2,866,0.673,-0.558,-1.483,-2.683,1.738,4.067,True,1.649,0.33,0.0088,1.98,
2,867,0.673,-0.558,-1.483,-2.659,1.734,4.044,True,1.649,0.33,0.0088,1.98,
2,868,0.673,-0.558,-1.483,-2.634,1.73,4.021,True,1.649,0.33,0.0088,1.98,
2,869,0.673,-0.557,-1.483,-2.609,1.726,3.998,True,1.649,0.33,0.0088,1.98,
2,870,0.673,-0.557,-1.483,-2.585,1.721,3.975,True,1.649,0.33,0.0088,1.98,
2,871,0.673,-0.557,-1.483,-2.56,1.716,3.952,True,1.649,0.33,0.0088,1.98,
2,872,0.673,-0.557,-1.483,-2.536,1.711,3.929,True,1.649,0.33,0.0088,1.98,
2,873,0.673,-0.557,-1.483,-2.511,1.706,3.907,True,1.649,0.33,0.0088,1.98,
2,874,0.673,-0.556,-1.483,-2.487,1.7,3.884,True,1.649,0.33,0.0088,1.98,
2,875,0.674,-0.556,-1.483,-2.463,1.695,3.861,True,1.649,0.33,0.0088,1.98,
2,876,0.674,-0.556,-1.483,-2.439,1.689,3.838,True,1.649,0.33,0.0088,1.98,
2,877,0.674,-0.556,-1.483,-2.415,1.683,3.815,True,1.649,0.33,0.0088,1.98,
2,878,0.674,-0.556,-1.483,-2.392,1.676,3.792,True,1.649,0.33,0.0088,1.98,
2,879,0.674,-0.555,-1.483,-2.368,1.67,3.769,True,1.649,0.33,0.0088,1.98,
2,880,0.674,-0.555,-1.483,-2.344,1.663,3.746,True,1.649,0.33,0.0088,1.98,
2,881,0.674,-0.555,-1.483,-2.321,1.656,3.723,True,1.649,0.33,0.0088,1.98,
2,882,0.674,-0.555,-1.483,-2.298,1.649,3.7,True,1.649,0.33,0.0088,1.98,
2,883,0.674,-0.555,-1.483,-2.274,1.642,3.677,True,1.649,0.33,0.0088,1.98,
2,884,0.674,-0.555,-1.483,-2.251,1.635,3.654,True,1.675,0.366,0.0098,2.042,
2,885,0.674,-0.554,-1.483,-2.228,1.627,3.631,True,1.675,0.366,0.0098,2.042,
2,886,0.674,-0.554,-1.483,-2.205,1.619,3.608,True,1.675,0.366,0.0098,2.042,
2,887,0.674,-0.554,-1.483,-2.182,1.611,3.585,True,1.675,0.366,0.0098,2.042,
2,888,0.674,-0.554,-1.483,-2.16,1.603,3.562,True,1.675,0.366,0.0098,2.042,
2,889,0.675,-0.554,-1.483,-2.137,1.595,3.539,True,1.675,0.366,0.0098,2.042,
2,890,0.675,-0.554,-1.484,-2.114,1.587,3.516,True,1.675,0.366,0.0098,2.042,
2,891,0.675,-0.553,-1.484,-2.092,1.578,3.493,True,1.675,0.366,0.0098,2.042,
2,892,0.675,-0.553,-1.484,-2.07,1.569,3.47,True,1.675,0.366,0.0098,2.042,
2,893,0.675,-0.553,-1.484,-2.048,1.561,3.447,True,1.675,0.366,0.0098,2.042,
2,894,0.675,-0.553,-1.484,-2.026,1.552,3.424,True,1.675,0.366,0.0098,2.042,
2,895,0.675,-0.553,-1.484,-2.004,1.542,3.401,True,1.675,0.366,0.0098,2.042,
2,896,0.675,-0.553,-1.484,-1.982,1.533,3.378,True,1.675,0.366,0.0098,2.042,
2,897,0.675,-0.552,-1.484,-1.96,1.524,3.355,True,1.675,0.366,0.0098,2.042,
2,898,0.675,-0.552,-1.484,-1.938,1.514,3.332,True,1.675,0.366,0.0098,2.042,
2,899,0.675,-0.552,-1.484,-1.917,1.505,3.309,True,1.675,0.366,0.0098,2.042,
2,900,0.675,-0.552,-1.484,-1.895,1.495,3.286,True,1.675,0.366,0.0098,2.042,
2,901,0.675,-0.552,-1.484,-1.874,1.485,3.263,True,1.675,0.366,0.0098,2.042,
2,902,0.676,-0.552,-1.484,-1.853,1.475,3.24,True,1.675,0.366,0.0098,2.042,
2,903,0.676,-0.551,-1.484,-1.832,1.465,3.217,True,1.675,0.366,0.0098,2.042,
2,904,0.676,-0.551,-1.484,-1.811,1.454,3.194,True,1.675,0.366,0.0098,2.042,
2,905,0.676,-0.551,-1.484,-1.79,1.444,3.172,True,1.675,0.366,0.0098,2.042,
2,906,0.676,-0.551,-1.484,-1.769,1.433,3.149,True,1.675,0.366,0.0098,2.042,
2,907,0.676,-0.551,-1.484,-1.748,1.423,3.126,True,1.675,0.366,0.0098,2.042,
2,908,0.676,-0.551,-1.484,-1.728,1.412,3.103,True,1.675,0.366,0.0098,2.041,
2,909,0.676,-0.551,-1.484,-1.707,1.401,3.08,True,1.675,0.366,0.0098,2.041,
2,910,0.676,-0.55,-1.484,-1.687,1.39,3.057,True,1.675,0.366,0.0098,2.041,
2,911,0.676,-0.55,-1.484,-1.666,1.379,3.035,True,1.675,0.366,0.0098,2.041,
2,912,0.676,-0.55,-1.484,-1.646,1.368,3.012,True,1.675,0.366,0.0098,2.041,
2,913,0.677,-0.55,-1.484,-1.626,1.356,2.989,True,1.675,0.366,0.0098,2.041,
2,914,0.677,-0.55,-1.484,-1.606,1.345,2.967,True,1.675,0.366,0.0098,2.041,
2,915,0.677,-0.55,-1.484,-1.586,1.334,2.944,True,1.675,0.366,0.0098,2.041,
2,916,0.677,-0.55,-1.484,-1.566,1.322,2.921,True,1.675,0.366,0.0098,2.041,
2,917,0.677,-0.549,-1.484,-1.547,1.31,2.899,True,1.675,0.366,0.0098,2.041,
2,918,0.677,-0.549,-1.484,-1.527,1.298,2.876,True,1.675,0.366,0.0098,2.041,
2,919,0.677,-0.549,-1.484,-1.508,1.287,2.853,True,1.675,0.366,0.0098,2.041,
2,920,0.677,-0.549,-1.485,-1.488,1.275,2.831,True,1.675,0.366,0.0098,2.041,
2,921,0.677,-0.549,-1.485,-1.469,1.263,2.808,True,1.675,0.366,0.0098,2.041,
2,922,0.677,-0.549,-1.485,-1.45,1.251,2.786,True,1.675,0.366,0.0098,2.041,
2,923,0.677,-0.549,-1.485,-1.43,1.238,2.763,True,1.675,0.366,0.0098,2.041,
2,924,0.677,-0.548,-1.485,-1.411,1.226,2.741,True,1.675,0.366,0.0098,2.041,
2,925,0.678,-0.548,-1.485,-1.392,1.214,2.718,True,1.675,0.366,0.0098,2.041,
2,926,0.678,-0.548,-1.485,-1.374,1.201,2.696,True,1.675,0.366,0.0098,2.041,
2,927,0.678,-0.548,-1.485,-1.355,1.189,2.673,True,1.675,0.366,0.0098,2.041,
2,928,0.678,-0.548,-1.485,-1.336,1.176,2.651,True,1.675,0.366,0.0098,2.041,
2,929,0.678,-0.548,-1.485,-1.317,1.164,2.629,True,1.675,0.366,0.0098,2.041,
2,930,0.678,-0.548,-1.485,-1.299,1.151,2.606,True,1.675,0.366,0.0098,2.041,
2,931,0.678,-0.548,-1.485,-1.28,1.138,2.584,True,1.675,0.366,0.0098,2.041,
2,932,0.678,-0.547,-1.485,-1.262,1.125,2.562,True,1.675,0.366,0.0098,2.041,
2,933,0.678,-0.547,-1.485,-1.244,1.112,2.539,True,1.675,0.366,0.0098,2.041,
2,934,0.678,-0.547,-1.485,-1.226,1.099,2.517,True,1.675,0.366,0.0098,2.041,
2,935,0.678,-0.547,-1.485,-1.208,1.086,2.495,True,1.675,0.366,0.0098,2.041,
2,936,0.678,-0.547,-1.485,-1.19,1.073,2.473,True,1.675,0.366,0.0098,2.041,
2,937,0.679,-0.547,-1.485,-1.172,1.06,2.45,True,1.675,0.366,0.0098,2.041,
2,938,0.679,-0.547,-1.485,-1.154,1.047,2.428,True,1.675,0.366,0.0098,2.041,
2,939,0.679,-0.547,-1.485,-1.136,1.033,2.406,True,1.675,0.366,0.0098,2.041,
2,940,0.679,-0.547,-1.485,-1.118,1.02,2.384,True,1.675,0.366,0.0098,2.041,
2,941,0.679,-0.546,-1.485,-1.101,1.007,2.362,True,1.675,0.366,0.0098,2.041,
2,942,0.679,-0.546,-1.485,-1.083,0.993,2.34,True,1.675,0.366,0.0098,2.041,
2,943,0.679,-0.546,-1.485,-1.066,0.98,2.318,True,1.675,0.366,0.0098,2.041,
2,944,0.679,-0.546,-1.485,-1.048,0.966,2.296,True,1.675,0.366,0.0098,2.041,
2,945,0.679,-0.546,-1.485,-1.031,0.953,2.274,True,1.675,0.366,0.0098,2.041,
2,946,0.679,-0.546,-1.485,-1.013,0.939,2.252,True,1.675,0.366,0.0098,2.041,
2,947,0.679,-0.546,-1.485,-0.996,0.925,2.23,True,1.675,0.366,0.0098,2.041,
2,948,0.68,-0.546,-1.485,-0.979,0.911,2.208,True,1.675,0.366,0.0098,2.041,
2,949,0.68,-0.546,-1.485,-0.962,0.898,2.186,True,1.758,0.403,0.0107,2.16,
2,950,0.68,-0.545,-1.485,-0.945,0.884,2.164,True,1.817,0.476,0.0127,2.292,
2,951,0.68,-0.545,-1.486,-0.928,0.87,2.142,True,1.802,0.549,0.0146,2.35,
2,952,0.68,-0.545,-1.486,-0.911,0.856,2.12,True,1.757,0.623,0.0166,2.38,
2,953,0.68,-0.545,-1.486,-0.894,0.842,2.098,True,1.705,0.696,0.0186,2.4,
2,954,0.68,-0.545,-1.486,-0.878,0.828,2.076,True,1.651,0.769,0.0205,2.42,
2,955,0.68,-0.545,-1.486,-0.861,0.814,2.055,True,1.601,0.842,0.0225,2.443,
2,956,0.68,-0.545,-1.486,-0.844,0.8,2.033,True,1.556,0.916,0.0244,2.471,
2,957,0.68,-0.545,-1.486,-0.828,0.786,2.011,True,1.543,0.952,0.0254,2.495,
2,958,0.68,-0.545,-1.486,-0.811,0.772,1.989,True,1.488,1.062,0.0283,2.549,
2,959,0.68,-0.545,-1.486,-0.795,0.757,1.968,True,1.474,1.099,0.0293,2.573,
2,960,0.681,-0.544,-1.486,-0.778,0.743,1.946,True,1.404,1.172,0.0312,2.575,
2,961,0.681,-0.544,-1.486,-0.762,0.729,1.924,True,1.377,1.245,0.0332,2.621,
2,962,0.681,-0.544,-1.486,-0.746,0.715,1.903,True,1.347,1.355,0.0361,2.702,
2,963,0.681,-0.544,-1.486,-0.73,0.7,1.881,True,1.315,1.501,0.04,2.816,
2,964,0.681,-0.544,-1.486,-0.713,0.686,1.859,True,1.301,1.575,0.042,2.875,
2,965,0.681,-0.544,-1.486,-0.697,0.672,1.838,True,1.271,1.721,0.0459,2.991,
2,966,0.681,-0.544,-1.486,-0.681,0.657,1.816,True,1.26,1.794,0.0479,3.054,
2,967,0.681,-0.544,-1.486,-0.665,0.643,1.795,True,1.243,1.978,0.0527,3.22,
2,968,0.681,-0.544,-1.486,-0.649,0.628,1.773,True,1.227,2.124,0.0566,3.35,
2,969,0.681,-0.544,-1.486,-0.633,0.614,1.751,True,1.217,2.271,0.0605,3.487,
2,970,0.681,-0.544,-1.486,-0.617,0.599,1.73,True,1.213,2.344,0.0625,3.556,
2,971,0.681,-0.544,-1.486,-0.601,0.585,1.708,True,1.2,2.49,0.0664,3.69,
2,972,0.682,-0.543,-1.486,-0.586,0.57,1.687,True,1.19,2.673,0.0713,3.863,
2,973,0.682,-0.543,-1.486,-0.57,0.556,1.665,True,1.186,2.783,0.0742,3.968,
2,974,0.682,-0.543,-1.486,-0.554,0.541,1.644,True,1.178,2.966,0.0791,4.143,
2,975,0.682,-0.543,-1.486,-0.538,0.526,1.623,True,1.171,2.851,0.084,4.021,
2,976,0.682,-0.543,-1.486,-0.523,0.512,1.601,True,1.207,2.96,0.0811,4.167,
2,977,0.682,-0.543,-1.486,-0.507,0.497,1.58,True,1.248,2.856,0.0762,4.104,
2,978,0.682,-0.543,-1.486,-0.492,0.482,1.558,True,1.311,2.527,0.0674,3.837,
2,979,0.682,-0.543,-1.486,-0.476,0.468,1.537,True,1.361,2.234,0.0596,3.594,
2,980,0.682,-0.543,-1.486,-0.46,0.453,1.516,True,1.409,2.087,0.0557,3.495,
2,981,0.682,-0.543,-1.487,-0.445,0.438,1.494,True,1.451,1.868,0.0498,3.318,
2,982,0.682,-0.543,-1.487,-0.43,0.423,1.473,True,1.513,1.538,0.041,3.05,
2,983,0.682,-0.543,-1.487,-0.414,0.409,1.452,True,1.551,1.245,0.0332,2.795,
2,984,0.682,-0.543,-1.487,-0.399,0.394,1.43,True,1.636,0.916,0.0244,2.551,
2,985,0.683,-0.542,-1.487,-0.383,0.379,1.409,True,1.812,0.769,0.0205,2.58,
2,986,0.683,-0.542,-1.487,-0.368,0.364,1.388,True,1.958,0.549,0.0146,2.507,
2,987,0.683,-0.542,-1.487,-0.353,0.349,1.366,True,1.667,0.366,0.0098,2.032,
2,988,0.683,-0.542,-1.487,-0.337,0.334,1.345,True,1.696,0.33,0.0088,2.025,
2,989,0.683,-0.542,-1.487,-0.322,0.32,1.324,True,1.696,0.33,0.0088,2.025,
2,990,0.683,-0.542,-1.487,-0.307,0.305,1.303,True,1.696,0.33,0.0088,2.025,
2,991,0.683,-0.542,-1.487,-0.292,0.29,1.281,True,1.696,0.33,0.0088,2.025,
2,992,0.683,-0.542,-1.487,-0.277,0.275,1.26,True,1.696,0.33,0.0088,2.025,
2,993,0.683,-0.542,-1.487,-0.261,0.26,1.239,True,1.696,0.33,0.0088,2.025,
2,994,0.683,-0.542,-1.487,-0.246,0.245,1.218,True,1.696,0.33,0.0088,2.025,
2,995,0.683,-0.542,-1.487,-0.231,0.23,1.197,True,1.696,0.33,0.0088,2.025,
2,996,0.683,-0.542,-1.487,-0.216,0.215,1.175,True,1.696,0.33,0.0088,2.025,
2,997,0.683,-0.542,-1.487,-0.201,0.2,1.154,True,1.696,0.33,0.0088,2.025,
2,998,0.683,-0.542,-1.487,-0.186,0.185,1.133,True,1.696,0.33,0.0088,2.025,
2,999,0.684,-0.541,-1.487,-0.171,0.17,1.112,True,1.696,0.33,0.0088,2.025,
2,1000,0.684,-0.541,-1.487,-0.156,0.155,1.091,True,1.696,0.33,0.0088,2.025,
2,1001,0.684,-0.541,-1.487,-0.141,0.14,1.07,True,1.696,0.33,0.0088,2.025,
2,1002,0.684,-0.541,-1.487,-0.126,0.125,1.049,True,1.696,0.33,0.0088,2.025,
2,1003,0.684,-0.541,-1.487,-0.11,0.11,1.027,True,1.696,0.33,0.0088,2.025,
2,1004,0.684,-0.541,-1.487,-0.095,0.095,1.006,True,1.696,0.33,0.0088,2.025,
2,1005,0.684,-0.541,-1.487,-0.08,0.08,0.985,True,1.696,0.33,0.0088,2.025,
2,1006,0.684,-0.541,-1.487,-0.065,0.065,0.964,True,1.696,0.33,0.0088,2.025,
2,1007,0.684,-0.541,-1.487,-0.05,0.05,0.943,True,1.696,0.33,0.0088,2.025,
2,1008,0.684,-0.541,-1.487,-0.035,0.035,0.922,True,1.696,0.33,0.0088,2.025,
2,1009,0.684,-0.541,-1.487,-0.02,0.02,0.901,True,1.696,0.33,0.0088,2.025,
2,1010,0.684,-0.541,-1.487,-0.005,0.005,0.88,True,1.696,0.33,0.0088,2.025,
2,1011,0.684,-0.541,-1.488,0.01,-0.01,0.859,True,1.696,0.33,0.0088,2.025,
2,1012,0.684,-0.541,-1.488,0.025,-0.025,0.838,True,1.696,0.33,0.0088,2.025,
2,1013,0.685,-0.541,-1.488,0.04,-0.04,0.817,True,1.696,0.33,0.0088,2.025,
2,1014,0.685,-0.541,-1.488,0.055,-0.055,0.796,True,1.696,0.33,0.0088,2.025,
2,1015,0.685,-0.541,-1.488,0.07,-0.07,0.775,True,1.696,0.33,0.0088,2.025,
2,1016,0.685,-0.541,-1.488,0.085,-0.085,0.754,True,1.696,0.33,0.0088,2.025,
2,1017,0.685,-0.54,-1.488,0.1,-0.1,0.733,True,1.696,0.33,0.0088,2.025,
2,1018,0.685,-0.54,-1.488,0.115,-0.115,0.712,True,1.696,0.33,0.0088,2.025,
2,1019,0.685,-0.54,-1.488,0.13,-0.13,0.691,True,1.696,0.33,0.0088,2.025,
2,1020,0.685,-0.54,-1.488,0.145,-0.144,0.67,True,1.696,0.33,0.0088,2.025,
2,1021,0.685,-0.54,-1.488,0.16,-0.159,0.649,True,1.696,0.33,0.0088,2.025,
2,1022,0.685,-0.54,-1.488,0.175,-0.174,0.628,True,1.696,0.33,0.0088,2.025,
2,1023,0.685,-0.54,-1.488,0.19,-0.189,0.607,True,1.696,0.33,0.0088,2.025,
2,1024,0.685,-0.54,-1.488,0.205,-0.204,0.586,True,1.696,0.33,0.0088,2.025,
2,1025,0.685,-0.54,-1.488,0.22,-0.219,0.565,True,1.696,0.33,0.0088,2.025,
2,1026,0.685,-0.54,-1.488,0.235,-0.234,0.544,True,1.696,0.33,0.0088,2.025,
2,1027,0.685,-0.54,-1.488,0.25,-0.249,0.523,True,1.696,0.33,0.0088,2.025,
2,1028,0.685,-0.54,-1.488,0.266,-0.264,0.502,True,1.696,0.33,0.0088,2.025,
2,1029,0.686,-0.54,-1.488,0.281,-0.279,0.482,True,1.696,0.33,0.0088,2.025,
2,1030,0.686,-0.54,-1.488,0.296,-0.294,0.461,True,1.696,0.33,0.0088,2.025,
2,1031,0.686,-0.54,-1.488,0.311,-0.309,0.44,True,1.696,0.33,0.0088,2.025,
2,1032,0.686,-0.54,-1.488,0.326,-0.324,0.419,True,1.696,0.33,0.0088,2.025,
2,1033,0.686,-0.54,-1.488,0.342,-0.339,0.399,True,1.696,0.33,0.0088,2.025,
2,1034,0.686,-0.54,-1.488,0.357,-0.353,0.378,True,1.696,0.33,0.0088,2.025,
2,1035,0.686,-0.54,-1.488,0.372,-0.368,0.357,True,1.696,0.33,0.0088,2.025,
2,1036,0.686,-0.54,-1.488,0.388,-0.383,0.337,True,1.696,0.33,0.0088,2.025,
2,1037,0.686,-0.54,-1.488,0.403,-0.398,0.317,True,1.696,0.33,0.0088,2.025,
2,1038,0.686,-0.539,-1.488,0.418,-0.413,0.296,True,1.696,0.33,0.0088,2.025,
2,1039,0.686,-0.539,-1.488,0.434,-0.427,0.276,True,1.696,0.33,0.0088,2.025,
2,1040,0.686,-0.539,-1.489,0.449,-0.442,0.256,True,1.696,0.33,0.0088,2.025,
2,1041,0.686,-0.539,-1.489,0.465,-0.457,0.236,True,1.696,0.33,0.0088,2.025,
2,1042,0.686,-0.539,-1.489,0.48,-0.472,0.217,True,1.696,0.33,0.0088,2.025,
2,1043,0.686,-0.539,-1.489,0.496,-0.486,0.198,True,1.696,0.33,0.0088,2.025,
2,1044,0.686,-0.539,-1.489,0.511,-0.501,0.179,True,1.696,0.33,0.0088,2.025,
2,1045,0.686,-0.539,-1.489,0.527,-0.516,0.161,True,1.696,0.33,0.0088,2.025,
2,1046,0.687,-0.539,-1.489,0.543,-0.53,0.144,True,1.696,0.33,0.0088,2.025,
2,1047,0.687,-0.539,-1.489,0.558,-0.545,0.128,True,1.696,0.33,0.0088,2.025,
2,1048,0.687,-0.539,-1.489,0.574,-0.56,0.114,True,1.696,0.33,0.0088,2.025,
2,1049,0.687,-0.539,-1.489,0.59,-0.574,0.103,True,1.696,0.33,0.0088,2.025,
2,1050,0.687,-0.539,-1.489,0.606,-0.589,0.095,True,1.696,0.33,0.0088,2.025,
2,1051,0.687,-0.539,-1.489,0.622,-0.603,0.092,True,1.696,0.33,0.0088,2.025,
2,1052,0.687,-0.539,-1.489,0.638,-0.618,0.093,True,1.696,0.33,0.0088,2.025,
2,1053,0.687,-0.539,-1.489,0.654,-0.632,0.099,True,1.696,0.33,0.0088,2.025,
2,1054,0.687,-0.539,-1.489,0.67,-0.647,0.109,True,1.696,0.33,0.0088,2.025,
2,1055,0.687,-0.539,-1.489,0.686,-0.661,0.122,True,1.696,0.33,0.0088,2.025,
2,1056,0.687,-0.539,-1.489,0.702,-0.676,0.138,True,1.696,0.33,0.0088,2.025,
2,1057,0.687,-0.539,-1.489,0.718,-0.69,0.154,True,1.696,0.33,0.0088,2.025,
2,1058,0.687,-0.539,-1.489,0.734,-0.704,0.172,True,1.696,0.33,0.0088,2.025,
2,1059,0.687,-0.539,-1.489,0.75,-0.719,0.191,True,1.696,0.33,0.0088,2.025,
2,1060,0.687,-0.539,-1.489,0.767,-0.733,0.21,True,1.696,0.33,0.0088,2.025,
2,1061,0.687,-0.539,-1.489,0.783,-0.747,0.229,True,1.696,0.33,0.0088,2.025,
2,1062,0.687,-0.539,-1.489,0.799,-0.761,0.249,True,1.696,0.33,0.0088,2.025,
2,1063,0.687,-0.539,-1.489,0.816,-0.776,0.27,True,1.696,0.33,0.0088,2.025,
2,1064,0.687,-0.539,-1.489,0.832,-0.79,0.29,True,1.696,0.33,0.0088,2.025,
2,1065,0.687,-0.539,-1.489,0.849,-0.804,0.311,True,1.696,0.33,0.0088,2.025,
2,1066,0.688,-0.539,-1.489,0.866,-0.818,0.331,True,1.696,0.33,0.0088,2.025,
2,1067,0.688,-0.538,-1.489,0.882,-0.832,0.352,True,1.696,0.33,0.0088,2.025,
2,1068,0.688,-0.538,-1.489,0.899,-0.846,0.373,True,1.696,0.33,0.0088,2.025,
2,1069,0.688,-0.538,-1.49,0.916,-0.86,0.394,True,1.696,0.33,0.0088,2.025,
2,1070,0.688,-0.538,-1.49,0.933,-0.874,0.415,True,1.696,0.33,0.0088,2.025,
2,1071,0.688,-0.538,-1.49,0.95,-0.888,0.437,True,1.696,0.33,0.0088,2.025,
2,1072,0.688,-0.538,-1.49,0.967,-0.901,0.458,True,1.696,0.33,0.0088,2.025,
2,1073,0.688,-0.538,-1.49,0.984,-0.915,0.479,True,1.696,0.33,0.0088,2.025,
2,1074,0.688,-0.538,-1.49,1.001,-0.929,0.501,True,1.696,0.33,0.0088,2.025,
2,1075,0.688,-0.538,-1.49,1.018,-0.943,0.522,True,1.696,0.33,0.0088,2.025,
2,1076,0.688,-0.538,-1.49,1.036,-0.956,0.544,True,1.696,0.33,0.0088,2.025,
2,1077,0.688,-0.538,-1.49,1.053,-0.97,0.565,True,1.696,0.33,0.0088,2.025,
2,1078,0.688,-0.538,-1.49,1.07,-0.983,0.587,True,1.696,0.33,0.0088,2.025,
2,1079,0.688,-0.538,-1.49,1.088,-0.997,0.609,True,1.696,0.33,0.0088,2.025,
2,1080,0.688,-0.538,-1.49,1.105,-1.01,0.63,True,1.696,0.33,0.0088,2.025,
2,1081,0.688,-0.538,-1.49,1.123,-1.024,0.652,True,1.696,0.33,0.0088,2.025,
2,1082,0.688,-0.538,-1.49,1.141,-1.037,0.674,True,1.696,0.33,0.0088,2.025,
2,1083,0.688,-0.538,-1.49,1.159,-1.05,0.695,True,1.696,0.33,0.0088,2.025,
2,1084,0.688,-0.538,-1.49,1.177,-1.064,0.717,True,1.696,0.33,0.0088,2.025,
2,1085,0.688,-0.538,-1.49,1.195,-1.077,0.739,True,1.696,0.33,0.0088,2.025,
2,1086,0.688,-0.538,-1.49,1.213,-1.09,0.761,True,1.696,0.33,0.0088,2.025,
2,1087,0.688,-0.538,-1.49,1.231,-1.103,0.783,True,1.696,0.33,0.0088,2.025,
2,1088,0.688,-0.538,-1.49,1.249,-1.116,0.805,True,1.696,0.33,0.0088,2.025,
2,1089,0.689,-0.538,-1.49,1.267,-1.129,0.827,True,1.696,0.33,0.0088,2.025,
2,1090,0.689,-0.538,-1.49,1.286,-1.142,0.849,True,1.696,0.33,0.0088,2.025,
2,1091,0.689,-0.538,-1.49,1.304,-1.154,0.871,True,1.696,0.33,0.0088,2.025,
2,1092,0.689,-0.538,-1.49,1.323,-1.167,0.893,True,1.696,0.33,0.0088,2.025,
2,1093,0.689,-0.538,-1.49,1.341,-1.18,0.915,True,1.696,0.33,0.0088,2.025,
2,1094,0.689,-0.538,-1.49,1.36,-1.192,0.937,True,1.696,0.33,0.0088,2.025,
2,1095,0.689,-0.538,-1.49,1.379,-1.205,0.96,True,1.696,0.33,0.0088,2.025,
2,1096,0.689,-0.538,-1.49,1.398,-1.217,0.982,True,1.696,0.33,0.0088,2.025,
2,1097,0.689,-0.538,-1.49,1.417,-1.229,1.004,True,1.696,0.33,0.0088,2.025,
2,1098,0.689,-0.538,-1.491,1.436,-1.242,1.026,True,1.696,0.33,0.0088,2.025,
2,1099,0.689,-0.538,-1.491,1.455,-1.254,1.049,True,1.696,0.33,0.0088,2.025,
2,1100,0.689,-0.538,-1.491,1.474,-1.266,1.071,True,1.696,0.33,0.0088,2.025,
2,1101,0.689,-0.538,-1.491,1.493,-1.278,1.093,True,1.696,0.33,0.0088,2.025,
2,1102,0.689,-0.538,-1.491,1.513,-1.29,1.116,True,1.696,0.33,0.0088,2.025,
2,1103,0.689,-0.538,-1.491,1.532,-1.302,1.138,True,1.696,0.33,0.0088,2.025,
2,1104,0.689,-0.538,-1.491,1.552,-1.314,1.161,True,1.696,0.33,0.0088,2.025,
2,1105,0.689,-0.538,-1.491,1.572,-1.325,1.183,True,1.696,0.33,0.0088,2.025,
2,1106,0.689,-0.538,-1.491,1.592,-1.337,1.205,True,1.696,0.33,0.0088,2.025,
2,1107,0.689,-0.538,-1.491,1.612,-1.348,1.228,True,1.696,0.33,0.0088,2.025,
2,1108,0.689,-0.538,-1.491,1.632,-1.36,1.251,True,1.696,0.33,0.0088,2.025,
2,1109,0.689,-0.538,-1.491,1.652,-1.371,1.273,True,1.696,0.33,0.0088,2.025,
2,1110,0.689,-0.538,-1.491,1.672,-1.382,1.296,True,1.696,0.33,0.0088,2.025,
2,1111,0.689,-0.537,-1.491,1.692,-1.393,1.318,True,1.696,0.33,0.0088,2.025,
2,1112,0.689,-0.537,-1.491,1.713,-1.404,1.341,True,1.696,0.33,0.0088,2.025,
2,1113,0.689,-0.537,-1.491,1.733,-1.415,1.364,True,1.696,0.33,0.0088,2.025,
2,1114,0.689,-0.537,-1.491,1.754,-1.426,1.386,True,1.696,0.33,0.0088,2.025,
2,1115,0.689,-0.537,-1.491,1.775,-1.436,1.409,True,1.696,0.33,0.0088,2.025,
2,1116,0.689,-0.537,-1.491,1.795,-1.447,1.432,True,1.696,0.33,0.0088,2.025,
2,1117,0.689,-0.537,-1.491,1.816,-1.457,1.455,True,1.696,0.33,0.0088,2.025,
2,1118,0.689,-0.537,-1.491,1.837,-1.467,1.477,True,1.696,0.33,0.0088,2.025,
2,1119,0.69,-0.537,-1.491,1.859,-1.478,1.5,True,1.696,0.33,0.0088,2.025,
2,1120,0.69,-0.537,-1.491,1.88,-1.488,1.523,True,1.696,0.33,0.0088,2.025,
2,1121,0.69,-0.537,-1.491,1.901,-1.497,1.546,True,1.696,0.33,0.0088,2.025,
2,1122,0.69,-0.537,-1.491,1.923,-1.507,1.569,True,1.696,0.33,0.0088,2.025,
2,1123,0.69,-0.537,-1.491,1.944,-1.517,1.592,True,1.696,0.33,0.0088,2.025,
2,1124,0.69,-0.537,-1.491,1.966,-1.526,1.615,True,1.696,0.33,0.0088,2.025,
2,1125,0.69,-0.537,-1.491,1.988,-1.536,1.638,True,1.696,0.33,0.0088,2.025,
2,1126,0.69,-0.537,-1.491,2.01,-1.545,1.661,True,1.696,0.33,0.0088,2.025,
2,1127,0.69,-0.537,-1.491,2.032,-1.554,1.684,True,1.696,0.33,0.0088,2.025,
2,1128,0.69,-0.537,-1.492,2.054,-1.563,1.707,True,1.696,0.33,0.0088,2.025,
2,1129,0.69,-0.537,-1.492,2.076,-1.572,1.73,True,1.696,0.33,0.0088,2.025,
2,1130,0.69,-0.537,-1.492,2.098,-1.58,1.753,True,1.696,0.33,0.0088,2.025,
2,1131,0.69,-0.537,-1.492,2.121,-1.589,1.776,True,1.696,0.33,0.0088,2.025,
2,1132,0.69,-0.537,-1.492,2.143,-1.597,1.799,True,1.696,0.33,0.0088,2.025,
2,1133,0.69,-0.537,-1.492,2.166,-1.606,1.822,True,1.696,0.33,0.0088,2.025,
2,1134,0.69,-0.537,-1.492,2.189,-1.614,1.845,True,1.696,0.33,0.0088,2.025,
2,1135,0.69,-0.537,-1.492,2.212,-1.621,1.868,True,1.696,0.33,0.0088,2.025,
2,1136,0.69,-0.537,-1.492,2.234,-1.629,1.892,True,1.696,0.33,0.0088,2.025,
2,1137,0.69,-0.537,-1.492,2.258,-1.637,1.915,True,1.696,0.33,0.0088,2.025,
2,1138,0.69,-0.537,-1.492,2.281,-1.644,1.938,True,1.696,0.33,0.0088,2.025,
2,1139,0.69,-0.537,-1.492,2.304,-1.651,1.961,True,1.696,0.33,0.0088,2.025,
2,1140,0.69,-0.537,-1.492,2.327,-1.658,1.984,True,1.696,0.33,0.0088,2.025,
2,1141,0.69,-0.537,-1.492,2.351,-1.665,2.008,True,1.696,0.33,0.0088,2.025,
2,1142,0.69,-0.537,-1.492,2.374,-1.672,2.031,True,1.696,0.33,0.0088,2.025,
2,1143,0.69,-0.537,-1.492,2.398,-1.678,2.054,True,1.696,0.33,0.0088,2.025,
2,1144,0.69,-0.537,-1.492,2.422,-1.684,2.077,True,1.696,0.33,0.0088,2.025,
2,1145,0.69,-0.537,-1.492,2.446,-1.69,2.101,True,1.696,0.33,0.0088,2.025,
2,1146,0.69,-0.537,-1.492,2.47,-1.696,2.124,True,1.696,0.33,0.0088,2.025,
2,1147,0.69,-0.537,-1.492,2.494,-1.702,2.147,True,1.696,0.33,0.0088,2.025,
2,1148,0.69,-0.537,-1.492,2.518,-1.707,2.17,True,1.696,0.33,0.0088,2.025,
2,1149,0.69,-0.537,-1.492,2.542,-1.712,2.194,True,1.696,0.33,0.0088,2.025,
2,1150,0.69,-0.537,-1.492,2.567,-1.717,2.217,True,1.696,0.33,0.0088,2.025,
2,1151,0.69,-0.537,-1.492,2.591,-1.722,2.24,True,1.696,0.33,0.0088,2.025,
2,1152,0.69,-0.537,-1.492,2.616,-1.727,2.264,True,1.696,0.33,0.0088,2.025,
2,1153,0.69,-0.537,-1.492,2.641,-1.731,2.287,True,1.696,0.33,0.0088,2.025,
2,1154,0.69,-0.537,-1.492,2.665,-1.735,2.31,True,1.696,0.33,0.0088,2.025,
2,1155,0.69,-0.537,-1.492,2.69,-1.739,2.333,True,1.696,0.33,0.0088,2.025,
2,1156,0.69,-0.537,-1.492,2.715,-1.743,2.357,True,1.696,0.33,0.0088,2.025,
2,1157,0.69,-0.537,-1.492,2.74,-1.746,2.38,True,1.696,0.33,0.0088,2.025,
2,1158,0.69,-0.537,-1.492,2.765,-1.75,2.403,True,1.696,0.33,0.0088,2.025,
2,1159,0.69,-0.537,-1.492,2.791,-1.752,2.427,True,1.696,0.33,0.0088,2.025,
2,1160,0.69,-0.537,-1.493,2.816,-1.755,2.45,True,1.696,0.33,0.0088,2.025,
2,1161,0.69,-0.537,-1.493,2.841,-1.758,2.473,True,1.696,0.33,0.0088,2.025,
2,1162,0.69,-0.537,-1.493,2.867,-1.76,2.496,True,1.696,0.33,0.0088,2.025,
2,1163,0.691,-0.537,-1.493,2.892,-1.762,2.52,True,1.696,0.33,0.0088,2.025,
2,1164,0.691,-0.537,-1.493,2.918,-1.763,2.543,True,1.696,0.33,0.0088,2.025,
2,1165,0.691,-0.537,-1.493,2.943,-1.765,2.566,True,1.696,0.33,0.0088,2.025,
2,1166,0.691,-0.537,-1.493,2.969,-1.766,2.589,True,1.696,0.33,0.0088,2.025,
2,1167,0.691,-0.537,-1.493,2.995,-1.767,2.612,True,1.696,0.33,0.0088,2.025,
2,1168,0.691,-0.537,-1.493,3.021,-1.767,2.635,True,1.696,0.33,0.0088,2.025,
2,1169,0.691,-0.537,-1.493,3.047,-1.768,2.658,True,1.696,0.33,0.0088,2.025,
2,1170,0.691,-0.537,-1.493,3.073,-1.768,2.681,True,1.696,0.33,0.0088,2.025,
2,1171,0.691,-0.537,-1.493,3.099,-1.767,2.704,True,1.696,0.33,0.0088,2.025,
2,1172,0.691,-0.537,-1.493,3.125,-1.767,2.727,True,1.696,0.33,0.0088,2.025,
2,1173,0.691,-0.537,-1.493,3.151,-1.766,2.75,True,1.696,0.33,0.0088,2.025,
2,1174,0.691,-0.537,-1.493,3.177,-1.765,2.773,True,1.696,0.33,0.0088,2.025,
2,1175,0.691,-0.537,-1.493,3.203,-1.763,2.796,True,1.696,0.33,0.0088,2.025,
2,1176,0.691,-0.537,-1.493,3.23,-1.762,2.819,True,1.696,0.33,0.0088,2.025,
2,1177,0.691,-0.537,-1.493,3.256,-1.76,2.842,True,1.696,0.33,0.0088,2.025,
2,1178,0.691,-0.537,-1.493,3.282,-1.757,2.865,True,1.696,0.33,0.0088,2.025,
2,1179,0.691,-0.537,-1.493,3.309,-1.755,2.887,True,1.696,0.33,0.0088,2.025,
2,1180,0.691,-0.537,-1.493,3.335,-1.752,2.91,True,1.675,0.366,0.0098,2.041,
2,1181,0.691,-0.537,-1.493,3.361,-1.748,2.932,True,1.675,0.366,0.0098,2.041,
2,1182,0.691,-0.537,-1.493,3.388,-1.745,2.955,True,1.675,0.366,0.0098,2.041,
2,1183,0.691,-0.537,-1.493,3.414,-1.741,2.978,True,1.675,0.366,0.0098,2.041,
2,1184,0.691,-0.537,-1.493,3.44,-1.736,3.0,True,1.675,0.366,0.0098,2.041,
2,1185,0.691,-0.537,-1.493,3.467,-1.732,3.022,True,1.675,0.366,0.0098,2.041,
2,1186,0.691,-0.537,-1.493,3.493,-1.727,3.045,True,1.675,0.366,0.0098,2.041,
2,1187,0.691,-0.537,-1.493,3.52,-1.721,3.067,True,1.675,0.366,0.0098,2.041,
2,1188,0.691,-0.537,-1.493,3.546,-1.715,3.089,True,1.675,0.366,0.0098,2.041,
2,1189,0.691,-0.537,-1.493,3.572,-1.709,3.111,True,1.675,0.366,0.0098,2.041,
2,1190,0.691,-0.537,-1.493,3.599,-1.703,3.133,True,1.675,0.366,0.0098,2.041,
2,1191,0.691,-0.537,-1.493,3.625,-1.696,3.155,True,1.675,0.366,0.0098,2.041,
2,1192,0.691,-0.537,-1.493,3.651,-1.689,3.177,True,1.675,0.366,0.0098,2.041,
2,1193,0.691,-0.537,-1.493,3.677,-1.682,3.199,True,1.675,0.366,0.0098,2.041,
2,1194,0.691,-0.537,-1.493,3.704,-1.674,3.22,True,1.675,0.366,0.0098,2.041,
2,1195,0.691,-0.537,-1.494,3.73,-1.666,3.242,True,1.675,0.366,0.0098,2.041,
2,1196,0.691,-0.537,-1.494,3.756,-1.657,3.263,True,1.675,0.366,0.0098,2.041,
2,1197,0.691,-0.537,-1.494,3.782,-1.648,3.285,True,1.675,0.366,0.0098,2.041,
2,1198,0.691,-0.537,-1.494,3.808,-1.639,3.306,True,1.696,0.33,0.0088,2.025,
2,1199,0.691,-0.537,-1.494,3.834,-1.629,3.327,True,1.696,0.33,0.0088,2.025,
2,1200,0.691,-0.537,-1.494,3.859,-1.619,3.348,True,1.696,0.33,0.0088,2.025,
2,1201,0.691,-0.537,-1.494,3.885,-1.609,3.369,True,1.696,0.33,0.0088,2.025,
2,1202,0.691,-0.537,-1.494,3.91,-1.598,3.39,True,1.696,0.33,0.0088,2.025,
2,1203,0.691,-0.537,-1.494,3.936,-1.587,3.411,True,1.696,0.33,0.0088,2.025,
2,1204,0.691,-0.537,-1.494,3.961,-1.575,3.431,True,1.696,0.33,0.0088,2.025,
2,1205,0.691,-0.537,-1.494,3.986,-1.563,3.452,True,1.696,0.33,0.0088,2.025,
2,1206,0.691,-0.537,-1.494,4.012,-1.551,3.472,True,1.696,0.33,0.0088,2.025,
2,1207,0.691,-0.537,-1.494,4.037,-1.538,3.492,True,1.696,0.33,0.0088,2.025,
2,1208,0.691,-0.537,-1.494,4.061,-1.525,3.512,True,1.696,0.33,0.0088,2.025,
2,1209,0.691,-0.537,-1.494,4.086,-1.512,3.532,True,1.696,0.33,0.0088,2.025,
2,1210,0.691,-0.537,-1.494,4.111,-1.498,3.552,True,1.696,0.33,0.0088,2.025,
2,1211,0.691,-0.537,-1.494,4.135,-1.484,3.572,True,1.696,0.33,0.0088,2.025,
2,1212,0.691,-0.537,-1.494,4.159,-1.469,3.591,True,1.696,0.33,0.0088,2.025,
2,1213,0.691,-0.537,-1.494,4.183,-1.454,3.61,True,1.696,0.33,0.0088,2.025,
2,1214,0.691,-0.537,-1.494,4.207,-1.438,3.63,True,1.696,0.33,0.0088,2.025,
2,1215,0.691,-0.537,-1.494,4.23,-1.423,3.649,True,1.696,0.33,0.0088,2.025,
2,1216,0.691,-0.537,-1.494,4.254,-1.406,3.667,True,1.696,0.33,0.0088,2.025,
2,1217,0.691,-0.537,-1.494,4.277,-1.39,3.686,True,1.696,0.33,0.0088,2.025,
2,1218,0.691,-0.537,-1.494,4.3,-1.373,3.705,True,1.696,0.33,0.0088,2.025,
2,1219,0.691,-0.537,-1.494,4.323,-1.356,3.723,True,1.696,0.33,0.0088,2.025,
2,1220,0.691,-0.536,-1.494,4.345,-1.338,3.741,True,1.696,0.33,0.0088,2.025,
2,1221,0.691,-0.536,-1.494,4.368,-1.32,3.759,True,1.696,0.33,0.0088,2.025,
2,1222,0.691,-0.536,-1.494,4.39,-1.301,3.777,True,1.696,0.33,0.0088,2.025,
2,1223,0.691,-0.536,-1.494,4.411,-1.282,3.794,True,1.696,0.33,0.0088,2.025,
2,1224,0.691,-0.536,-1.494,4.433,-1.263,3.811,True,1.696,0.33,0.0088,2.025,
2,1225,0.691,-0.536,-1.494,4.454,-1.244,3.829,True,1.696,0.33,0.0088,2.025,
2,1226,0.691,-0.536,-1.494,4.475,-1.224,3.846,True,1.696,0.33,0.0088,2.025,
2,1227,0.691,-0.536,-1.494,4.495,-1.203,3.862,True,1.696,0.33,0.0088,2.025,
2,1228,0.691,-0.536,-1.494,4.516,-1.183,3.879,True,1.696,0.33,0.0088,2.025,
2,1229,0.691,-0.536,-1.494,4.536,-1.162,3.895,True,1.696,0.33,0.0088,2.025,
2,1230,0.691,-0.536,-1.494,4.556,-1.14,3.911,True,1.696,0.33,0.0088,2.025,
2,1231,0.691,-0.536,-1.494,4.575,-1.118,3.927,True,1.696,0.33,0.0088,2.025,
2,1232,0.691,-0.536,-1.494,4.594,-1.096,3.943,True,1.696,0.33,0.0088,2.025,
2,1233,0.691,-0.536,-1.494,4.613,-1.074,3.958,True,1.696,0.33,0.0088,2.025,
2,1234,0.691,-0.536,-1.494,4.631,-1.051,3.973,True,1.696,0.33,0.0088,2.025,
2,1235,0.691,-0.536,-1.495,4.649,-1.028,3.988,True,1.696,0.33,0.0088,2.025,
2,1236,0.691,-0.536,-1.495,4.667,-1.005,4.003,True,1.696,0.33,0.0088,2.025,
2,1237,0.691,-0.536,-1.495,4.684,-0.981,4.017,True,1.696,0.33,0.0088,2.025,
2,1238,0.691,-0.536,-1.495,4.701,-0.957,4.031,True,1.696,0.33,0.0088,2.025,
2,1239,0.691,-0.536,-1.495,4.717,-0.932,4.045,True,1.696,0.33,0.0088,2.025,
2,1240,0.691,-0.536,-1.495,4.733,-0.908,4.059,True,1.696,0.33,0.0088,2.025,
2,1241,0.691,-0.536,-1.495,4.749,-0.883,4.072,True,1.696,0.33,0.0088,2.025,
2,1242,0.691,-0.536,-1.495,4.764,-0.857,4.085,True,1.696,0.33,0.0088,2.025,
2,1243,0.691,-0.536,-1.495,4.779,-0.832,4.098,True,1.696,0.33,0.0088,2.025,
2,1244,0.691,-0.536,-1.495,4.793,-0.806,4.111,True,1.696,0.33,0.0088,2.025,
2,1245,0.691,-0.536,-1.495,4.807,-0.78,4.123,True,1.696,0.33,0.0088,2.025,
2,1246,0.691,-0.536,-1.495,4.821,-0.754,4.135,True,1.696,0.33,0.0088,2.025,
2,1247,0.691,-0.536,-1.495,4.834,-0.727,4.147,True,1.696,0.33,0.0088,2.025,
2,1248,0.691,-0.536,-1.495,4.846,-0.7,4.158,True,1.696,0.33,0.0088,2.025,
2,1249,0.691,-0.536,-1.495,4.859,-0.673,4.17,True,1.696,0.33,0.0088,2.025,
2,1250,0.691,-0.536,-1.495,4.87,-0.646,4.18,True,1.696,0.33,0.0088,2.025,
2,1251,0.691,-0.536,-1.495,4.881,-0.618,4.191,True,1.696,0.33,0.0088,2.025,
2,1252,0.691,-0.536,-1.495,4.892,-0.59,4.201,True,1.696,0.33,0.0088,2.025,
2,1253,0.691,-0.536,-1.495,4.902,-0.562,4.211,True,1.696,0.33,0.0088,2.025,
2,1254,0.691,-0.536,-1.495,4.912,-0.534,4.221,True,1.696,0.33,0.0088,2.025,
2,1255,0.691,-0.536,-1.495,4.922,-0.506,4.23,True,1.696,0.33,0.0088,2.025,
2,1256,0.691,-0.536,-1.495,4.93,-0.477,4.239,True,1.696,0.33,0.0088,2.025,
2,1257,0.691,-0.536,-1.495,4.939,-0.449,4.248,True,1.696,0.33,0.0088,2.025,
2,1258,0.691,-0.536,-1.495,4.946,-0.42,4.257,True,1.696,0.33,0.0088,2.025,
2,1259,0.691,-0.536,-1.495,4.954,-0.391,4.265,True,1.696,0.33,0.0088,2.025,
2,1260,0.691,-0.536,-1.495,4.96,-0.362,4.273,True,1.696,0.33,0.0088,2.025,
2,1261,0.691,-0.536,-1.495,4.967,-0.332,4.28,True,1.696,0.33,0.0088,2.025,
2,1262,0.691,-0.536,-1.495,4.972,-0.303,4.287,True,1.696,0.33,0.0088,2.025,
2,1263,0.691,-0.536,-1.495,4.977,-0.273,4.294,True,1.696,0.33,0.0088,2.025,
2,1264,0.691,-0.536,-1.495,4.982,-0.244,4.301,True,1.696,0.33,0.0088,2.025,
2,1265,0.691,-0.536,-1.495,4.986,-0.214,4.307,True,1.696,0.33,0.0088,2.025,
2,1266,0.691,-0.536,-1.495,4.99,-0.184,4.313,True,1.696,0.33,0.0088,2.025,
2,1267,0.691,-0.536,-1.495,4.993,-0.155,4.318,True,1.696,0.33,0.0088,2.025,
2,1268,0.691,-0.536,-1.495,4.995,-0.125,4.324,True,1.696,0.33,0.0088,2.025,
2,1269,0.691,-0.536,-1.495,4.997,-0.095,4.329,True,1.696,0.33,0.0088,2.025,
2,1270,0.691,-0.536,-1.495,4.999,-0.065,4.333,True,1.696,0.33,0.0088,2.025,
2,1271,0.691,-0.536,-1.495,5.0,-0.035,4.337,True,1.696,0.33,0.0088,2.025,
2,1272,0.691,-0.536,-1.495,5.0,-0.005,4.341,True,1.696,0.33,0.0088,2.025,
2,1273,0.691,-0.536,-1.495,5.0,0.025,4.345,True,1.696,0.33,0.0088,2.025,
2,1274,0.691,-0.536,-1.495,4.999,0.055,4.348,True,1.696,0.33,0.0088,2.025,
2,1275,0.691,-0.536,-1.495,4.998,0.085,4.351,True,1.696,0.33,0.0088,2.025,
2,1276,0.691,-0.536,-1.495,4.996,0.115,4.354,True,1.696,0.33,0.0088,2.025,
2,1277,0.691,-0.536,-1.495,4.994,0.145,4.356,True,1.696,0.33,0.0088,2.025,
2,1278,0.691,-0.536,-1.495,4.991,0.175,4.358,True,1.696,0.33,0.0088,2.025,
2,1279,0.691,-0.536,-1.495,4.987,0.205,4.359,True,1.696,0.33,0.0088,2.025,
2,1280,0.691,-0.536,-1.495,4.983,0.234,4.361,True,1.696,0.33,0.0088,2.025,
2,1281,0.691,-0.536,-1.495,4.979,0.264,4.362,True,1.696,0.33,0.0088,2.025,
2,1282,0.691,-0.536,-1.495,4.974,0.293,4.362,True,1.696,0.33,0.0088,2.025,
2,1283,0.691,-0.536,-1.495,4.968,0.323,4.363,True,1.696,0.33,0.0088,2.025,
2,1284,0.691,-0.536,-1.496,4.962,0.352,4.362,True,1.696,0.33,0.0088,2.025,
2,1285,0.691,-0.536,-1.496,4.956,0.381,4.362,True,1.696,0.33,0.0088,2.025,
2,1286,0.691,-0.536,-1.496,4.949,0.41,4.361,True,1.696,0.33,0.0088,2.025,
2,1287,0.691,-0.536,-1.496,4.941,0.439,4.36,True,1.696,0.33,0.0088,2.025,
2,1288,0.691,-0.536,-1.496,4.933,0.468,4.359,True,1.696,0.33,0.0088,2.025,
2,1289,0.691,-0.536,-1.496,4.924,0.497,4.357,True,1.696,0.33,0.0088,2.025,
2,1290,0.691,-0.536,-1.496,4.915,0.525,4.355,True,1.696,0.33,0.0088,2.025,
2,1291,0.691,-0.536,-1.496,4.906,0.553,4.353,True,1.696,0.33,0.0088,2.025,
2,1292,0.691,-0.536,-1.496,4.896,0.581,4.35,True,1.696,0.33,0.0088,2.025,
2,1293,0.691,-0.536,-1.496,4.885,0.609,4.347,True,1.696,0.33,0.0088,2.025,
2,1294,0.691,-0.536,-1.496,4.874,0.637,4.344,True,1.696,0.33,0.0088,2.025,
2,1295,0.691,-0.536,-1.496,4.862,0.664,4.34,True,1.696,0.33,0.0088,2.025,
2,1296,0.691,-0.536,-1.496,4.85,0.691,4.336,True,1.696,0.33,0.0088,2.025,
2,1297,0.691,-0.536,-1.496,4.838,0.718,4.332,True,1.696,0.33,0.0088,2.025,
2,1298,0.691,-0.536,-1.496,4.825,0.745,4.328,True,1.696,0.33,0.0088,2.025,
2,1299,0.691,-0.536,-1.496,4.812,0.771,4.323,True,1.696,0.33,0.0088,2.025,
2,1300,0.691,-0.536,-1.496,4.798,0.798,4.318,True,1.696,0.33,0.0088,2.025,
2,1301,0.691,-0.536,-1.496,4.784,0.824,4.312,True,1.696,0.33,0.0088,2.025,
2,1302,0.691,-0.536,-1.496,4.769,0.849,4.306,True,1.696,0.33,0.0088,2.025,
2,1303,0.691,-0.536,-1.496,4.754,0.875,4.3,True,1.696,0.33,0.0088,2.025,
2,1304,0.691,-0.536,-1.496,4.738,0.9,4.294,True,1.696,0.33,0.0088,2.025,
2,1305,0.691,-0.536,-1.496,4.722,0.924,4.287,True,1.696,0.33,0.0088,2.025,
2,1306,0.691,-0.536,-1.496,4.706,0.949,4.281,True,1.696,0.33,0.0088,2.025,
2,1307,0.691,-0.536,-1.496,4.689,0.973,4.273,True,1.696,0.33,0.0088,2.025,
2,1308,0.691,-0.536,-1.496,4.672,0.997,4.266,True,1.696,0.33,0.0088,2.025,
2,1309,0.691,-0.536,-1.496,4.655,1.02,4.258,True,1.696,0.33,0.0088,2.025,
2,1310,0.691,-0.536,-1.496,4.637,1.044,4.25,True,1.696,0.33,0.0088,2.025,
2,1311,0.691,-0.536,-1.496,4.619,1.067,4.242,True,1.696,0.33,0.0088,2.025,
2,1312,0.691,-0.536,-1.496,4.6,1.089,4.233,True,1.696,0.33,0.0088,2.025,
2,1313,0.691,-0.536,-1.496,4.581,1.111,4.224,True,1.696,0.33,0.0088,2.025,
2,1314,0.691,-0.536,-1.496,4.562,1.133,4.215,True,1.696,0.33,0.0088,2.025,
2,1315,0.691,-0.536,-1.496,4.542,1.155,4.206,True,1.696,0.33,0.0088,2.025,
2,1316,0.691,-0.536,-1.496,4.522,1.176,4.196,True,1.696,0.33,0.0088,2.025,
2,1317,0.691,-0.536,-1.496,4.502,1.197,4.186,True,1.696,0.33,0.0088,2.025,
2,1318,0.691,-0.536,-1.496,4.482,1.217,4.176,True,1.696,0.33,0.0088,2.025,
2,1319,0.691,-0.536,-1.496,4.461,1.237,4.166,True,1.696,0.33,0.0088,2.025,
2,1320,0.691,-0.536,-1.496,4.44,1.257,4.155,True,1.696,0.33,0.0088,2.025,
2,1321,0.691,-0.536,-1.496,4.418,1.276,4.144,True,1.696,0.33,0.0088,2.025,
2,1322,0.691,-0.536,-1.496,4.397,1.295,4.133,True,1.696,0.33,0.0088,2.025,
2,1323,0.691,-0.536,-1.496,4.375,1.314,4.122,True,1.696,0.33,0.0088,2.025,
2,1324,0.691,-0.536,-1.496,4.352,1.332,4.11,True,1.696,0.33,0.0088,2.025,
2,1325,0.691,-0.536,-1.496,4.33,1.35,4.098,True,1.696,0.33,0.0088,2.025,
2,1326,0.691,-0.536,-1.496,4.307,1.367,4.086,True,1.696,0.33,0.0088,2.025,
2,1327,0.691,-0.536,-1.496,4.284,1.384,4.074,True,1.696,0.33,0.0088,2.025,
2,1328,0.691,-0.536,-1.496,4.261,1.401,4.062,True,1.696,0.33,0.0088,2.025,
2,1329,0.691,-0.536,-1.496,4.238,1.417,4.049,True,1.696,0.33,0.0088,2.025,
2,1330,0.691,-0.536,-1.496,4.214,1.433,4.036,True,1.696,0.33,0.0088,2.025,
2,1331,0.691,-0.536,-1.496,4.191,1.449,4.023,True,1.696,0.33,0.0088,2.025,
2,1332,0.691,-0.536,-1.496,4.167,1.464,4.01,True,1.696,0.33,0.0088,2.025,
2,1333,0.691,-0.536,-1.496,4.143,1.479,3.997,True,1.696,0.33,0.0088,2.025,
2,1334,0.691,-0.536,-1.496,4.118,1.493,3.983,True,1.696,0.33,0.0088,2.025,
2,1335,0.691,-0.536,-1.496,4.094,1.507,3.969,True,1.696,0.33,0.0088,2.025,
2,1336,0.691,-0.536,-1.496,4.069,1.521,3.955,True,1.696,0.33,0.0088,2.025,
2,1337,0.691,-0.536,-1.496,4.045,1.534,3.941,True,1.696,0.33,0.0088,2.025,
2,1338,0.691,-0.536,-1.496,4.02,1.547,3.926,True,1.696,0.33,0.0088,2.025,
2,1339,0.691,-0.536,-1.496,3.995,1.559,3.912,True,1.696,0.33,0.0088,2.025,
2,1340,0.691,-0.536,-1.496,3.969,1.571,3.897,True,1.696,0.33,0.0088,2.025,
2,1341,0.691,-0.536,-1.496,3.944,1.583,3.882,True,1.696,0.33,0.0088,2.025,
2,1342,0.691,-0.536,-1.496,3.919,1.594,3.867,True,1.696,0.33,0.0088,2.025,
2,1343,0.691,-0.536,-1.496,3.893,1.605,3.852,True,1.696,0.33,0.0088,2.025,
2,1344,0.691,-0.536,-1.496,3.868,1.616,3.837,True,1.696,0.33,0.0088,2.025,
2,1345,0.691,-0.536,-1.496,3.842,1.626,3.821,True,1.696,0.33,0.0088,2.025,
2,1346,0.691,-0.536,-1.496,3.816,1.636,3.805,True,1.696,0.33,0.0088,2.025,
2,1347,0.691,-0.536,-1.496,3.79,1.645,3.79,True,1.696,0.33,0.0088,2.025,
2,1348,0.691,-0.536,-1.496,3.764,1.654,3.774,True,1.696,0.33,0.0088,2.025,
2,1349,0.691,-0.536,-1.497,3.738,1.663,3.758,True,1.696,0.33,0.0088,2.025,
2,1350,0.691,-0.536,-1.497,3.712,1.671,3.741,True,1.696,0.33,0.0088,2.025,
2,1351,0.691,-0.536,-1.497,3.686,1.679,3.725,True,1.696,0.33,0.0088,2.025,
2,1352,0.691,-0.536,-1.497,3.66,1.687,3.709,True,1.696,0.33,0.0088,2.025,
2,1353,0.691,-0.536,-1.497,3.633,1.694,3.692,True,1.696,0.33,0.0088,2.025,
2,1354,0.691,-0.536,-1.497,3.607,1.701,3.675,True,1.696,0.33,0.0088,2.025,
2,1355,0.691,-0.536,-1.497,3.581,1.707,3.658,True,1.696,0.33,0.0088,2.025,
2,1356,0.691,-0.536,-1.497,3.555,1.714,3.641,True,1.696,0.33,0.0088,2.025,
2,1357,0.691,-0.536,-1.497,3.528,1.719,3.624,True,1.696,0.33,0.0088,2.025,
2,1358,0.691,-0.536,-1.497,3.502,1.725,3.607,True,1.696,0.33,0.0088,2.025,
2,1359,0.691,-0.536,-1.497,3.475,1.73,3.59,True,1.696,0.33,0.0088,2.025,
2,1360,0.691,-0.536,-1.497,3.449,1.735,3.572,True,1.696,0.33,0.0088,2.025,
2,1361,0.691,-0.536,-1.497,3.423,1.739,3.555,True,1.696,0.33,0.0088,2.025,
2,1362,0.691,-0.536,-1.497,3.396,1.743,3.537,True,1.696,0.33,0.0088,2.025,
2,1363,0.691,-0.536,-1.497,3.37,1.747,3.52,True,1.696,0.33,0.0088,2.025,
2,1364,0.691,-0.536,-1.497,3.343,1.751,3.502,True,1.696,0.33,0.0088,2.025,
2,1365,0.691,-0.536,-1.497,3.317,1.754,3.484,True,1.696,0.33,0.0088,2.025,
2,1366,0.691,-0.536,-1.497,3.291,1.756,3.466,True,1.696,0.33,0.0088,2.025,
2,1367,0.691,-0.536,-1.497,3.264,1.759,3.448,True,1.696,0.33,0.0088,2.025,
2,1368,0.691,-0.536,-1.497,3.238,1.761,3.43,True,1.696,0.33,0.0088,2.025,
2,1369,0.691,-0.536,-1.497,3.212,1.763,3.412,True,1.696,0.33,0.0088,2.025,
2,1370,0.691,-0.536,-1.497,3.186,1.764,3.393,True,1.696,0.33,0.0088,2.025,
2,1371,0.691,-0.536,-1.497,3.159,1.766,3.375,True,1.696,0.33,0.0088,2.025,
2,1372,0.691,-0.536,-1.497,3.133,1.767,3.357,True,1.696,0.33,0.0088,2.025,
2,1373,0.691,-0.536,-1.497,3.107,1.767,3.338,True,1.696,0.33,0.0088,2.025,
2,1374,0.691,-0.536,-1.497,3.081,1.768,3.32,True,1.696,0.33,0.0088,2.025,
2,1375,0.691,-0.536,-1.497,3.055,1.768,3.301,True,1.696,0.33,0.0088,2.025,
2,1376,0.691,-0.536,-1.497,3.029,1.768,3.282,True,1.696,0.33,0.0088,2.025,
2,1377,0.691,-0.536,-1.497,3.003,1.767,3.263,True,1.696,0.33,0.0088,2.025,
2,1378,0.691,-0.536,-1.497,2.977,1.766,3.245,True,1.696,0.33,0.0088,2.025,
2,1379,0.691,-0.536,-1.497,2.952,1.765,3.226,True,1.696,0.33,0.0088,2.025,
2,1380,0.691,-0.536,-1.497,2.926,1.764,3.207,True,1.696,0.33,0.0088,2.025,
2,1381,0.691,-0.536,-1.497,2.9,1.762,3.188,True,1.696,0.33,0.0088,2.025,
2,1382,0.691,-0.536,-1.497,2.875,1.76,3.169,True,1.696,0.33,0.0088,2.025,
2,1383,0.691,-0.536,-1.497,2.849,1.758,3.15,True,1.696,0.33,0.0088,2.025,
2,1384,0.691,-0.536,-1.497,2.824,1.756,3.131,True,1.696,0.33,0.0088,2.025,
2,1385,0.691,-0.536,-1.497,2.799,1.753,3.112,True,1.696,0.33,0.0088,2.025,
2,1386,0.691,-0.536,-1.497,2.773,1.75,3.093,True,1.696,0.33,0.0088,2.025,
2,1387,0.691,-0.536,-1.497,2.748,1.747,3.073,True,1.696,0.33,0.0088,2.025,
2,1388,0.691,-0.536,-1.497,2.723,1.744,3.054,True,1.696,0.33,0.0088,2.025,
2,1389,0.691,-0.536,-1.497,2.698,1.74,3.035,True,1.696,0.33,0.0088,2.025,
2,1390,0.691,-0.536,-1.497,2.673,1.737,3.016,True,1.696,0.33,0.0088,2.025,
2,1391,0.691,-0.536,-1.497,2.649,1.733,2.996,True,1.696,0.33,0.0088,2.025,
2,1392,0.691,-0.536,-1.497,2.624,1.728,2.977,True,1.696,0.33,0.0088,2.025,
2,1393,0.691,-0.536,-1.497,2.599,1.724,2.958,True,1.696,0.33,0.0088,2.025,
2,1394,0.691,-0.536,-1.497,2.575,1.719,2.938,True,1.696,0.33,0.0088,2.025,
2,1395,0.691,-0.536,-1.497,2.55,1.714,2.919,True,1.696,0.33,0.0088,2.025,
2,1396,0.691,-0.536,-1.497,2.526,1.709,2.899,True,1.696,0.33,0.0088,2.025,
2,1397,0.691,-0.536,-1.497,2.502,1.704,2.88,True,1.696,0.33,0.0088,2.025,
2,1398,0.691,-0.536,-1.497,2.478,1.698,2.86,True,1.696,0.33,0.0088,2.025,
2,1399,0.691,-0.536,-1.497,2.454,1.692,2.841,True,1.696,0.33,0.0088,2.025,
2,1400,0.691,-0.536,-1.497,2.43,1.686,2.821,True,1.696,0.33,0.0088,2.025,
2,1401,0.691,-0.536,-1.497,2.406,1.68,2.802,True,1.696,0.33,0.0088,2.025,
2,1402,0.691,-0.536,-1.497,2.382,1.674,2.782,True,1.696,0.33,0.0088,2.025,
2,1403,0.691,-0.536,-1.497,2.358,1.667,2.763,True,1.696,0.33,0.0088,2.025,
2,1404,0.691,-0.536,-1.497,2.335,1.66,2.743,True,1.696,0.33,0.0088,2.025,
2,1405,0.691,-0.536,-1.497,2.312,1.653,2.724,True,1.696,0.33,0.0088,2.025,
2,1406,0.691,-0.536,-1.497,2.288,1.646,2.704,True,1.696,0.33,0.0088,2.025,
2,1407,0.691,-0.536,-1.497,2.265,1.639,2.685,True,1.696,0.33,0.0088,2.025,
2,1408,0.691,-0.536,-1.497,2.242,1.632,2.665,True,1.696,0.33,0.0088,2.025,
2,1409,0.691,-0.536,-1.497,2.219,1.624,2.646,True,1.696,0.33,0.0088,2.025,
2,1410,0.691,-0.536,-1.497,2.196,1.616,2.626,True,1.696,0.33,0.0088,2.025,
2,1411,0.691,-0.536,-1.497,2.173,1.608,2.606,True,1.696,0.33,0.0088,2.025,
2,1412,0.691,-0.536,-1.497,2.151,1.6,2.587,True,1.696,0.33,0.0088,2.025,
2,1413,0.691,-0.536,-1.497,2.128,1.592,2.567,True,1.696,0.33,0.0088,2.025,
2,1414,0.691,-0.536,-1.497,2.105,1.583,2.548,True,1.696,0.33,0.0088,2.025,
2,1415,0.691,-0.536,-1.497,2.083,1.575,2.528,True,1.696,0.33,0.0088,2.025,
2,1416,0.691,-0.536,-1.497,2.061,1.566,2.509,True,1.696,0.33,0.0088,2.025,
2,1417,0.691,-0.536,-1.497,2.039,1.557,2.489,True,1.696,0.33,0.0088,2.025,
2,1418,0.691,-0.536,-1.497,2.017,1.548,2.47,True,1.696,0.33,0.0088,2.025,
2,1419,0.691,-0.536,-1.497,1.995,1.539,2.45,True,1.696,0.33,0.0088,2.025,
2,1420,0.691,-0.536,-1.497,1.973,1.529,2.431,True,1.696,0.33,0.0088,2.025,
2,1421,0.691,-0.536,-1.497,1.951,1.52,2.411,True,1.696,0.33,0.0088,2.025,
2,1422,0.691,-0.536,-1.497,1.93,1.51,2.392,True,1.696,0.33,0.0088,2.025,
2,1423,0.691,-0.536,-1.497,1.908,1.501,2.373,True,1.696,0.33,0.0088,2.025,
2,1424,0.691,-0.536,-1.497,1.887,1.491,2.353,True,1.696,0.33,0.0088,2.025,
2,1425,0.691,-0.536,-1.497,1.865,1.481,2.334,True,1.696,0.33,0.0088,2.025,
2,1426,0.691,-0.536,-1.497,1.844,1.471,2.314,True,1.696,0.33,0.0088,2.025,
2,1427,0.691,-0.536,-1.497,1.823,1.46,2.295,True,1.696,0.33,0.0088,2.025,
2,1428,0.691,-0.536,-1.497,1.802,1.45,2.276,True,1.696,0.33,0.0088,2.025,
2,1429,0.691,-0.536,-1.497,1.781,1.44,2.256,True,1.696,0.33,0.0088,2.025,
2,1430,0.691,-0.536,-1.497,1.761,1.429,2.237,True,1.696,0.33,0.0088,2.025,
2,1431,0.691,-0.536,-1.497,1.74,1.418,2.218,True,1.696,0.33,0.0088,2.025,
2,1432,0.691,-0.536,-1.497,1.719,1.407,2.199,True,1.696,0.33,0.0088,2.025,
2,1433,0.691,-0.536,-1.497,1.699,1.397,2.18,True,1.696,0.33,0.0088,2.025,
2,1434,0.691,-0.536,-1.497,1.678,1.386,2.16,True,1.696,0.33,0.0088,2.025,
2,1435,0.691,-0.536,-1.497,1.658,1.374,2.141,True,1.696,0.33,0.0088,2.025,
2,1436,0.691,-0.536,-1.497,1.638,1.363,2.122,True,1.696,0.33,0.0088,2.025,
2,1437,0.691,-0.536,-1.497,1.618,1.352,2.103,True,1.696,0.33,0.0088,2.025,
2,1438,0.691,-0.536,-1.497,1.598,1.34,2.084,True,1.696,0.33,0.0088,2.025,
2,1439,0.691,-0.536,-1.497,1.578,1.329,2.065,True,1.696,0.33,0.0088,2.025,
2,1440,0.691,-0.536,-1.497,1.558,1.317,2.046,True,1.696,0.33,0.0088,2.025,
2,1441,0.691,-0.536,-1.497,1.539,1.306,2.027,True,1.696,0.33,0.0088,2.025,
2,1442,0.691,-0.536,-1.497,1.519,1.294,2.008,True,1.696,0.33,0.0088,2.025,
2,1443,0.691,-0.536,-1.497,1.5,1.282,1.99,True,1.696,0.33,0.0088,2.025,
2,1444,0.691,-0.536,-1.497,1.48,1.27,1.971,True,1.696,0.33,0.0088,2.025,
2,1445,0.691,-0.536,-1.497,1.461,1.258,1.952,True,1.696,0.33,0.0088,2.025,
2,1446,0.691,-0.536,-1.497,1.442,1.246,1.933,True,1.696,0.33,0.0088,2.025,
2,1447,0.691,-0.536,-1.497,1.423,1.233,1.915,True,1.696,0.33,0.0088,2.025,
2,1448,0.691,-0.536,-1.497,1.404,1.221,1.896,True,1.696,0.33,0.0088,2.025,
2,1449,0.691,-0.536,-1.497,1.385,1.209,1.878,True,1.696,0.33,0.0088,2.025,
2,1450,0.691,-0.536,-1.497,1.366,1.196,1.859,True,1.696,0.33,0.0088,2.025,
2,1451,0.691,-0.536,-1.497,1.347,1.184,1.841,True,1.696,0.33,0.0088,2.025,
2,1452,0.691,-0.536,-1.497,1.329,1.171,1.822,True,1.696,0.33,0.0088,2.025,
2,1453,0.691,-0.536,-1.497,1.31,1.158,1.804,True,1.696,0.33,0.0088,2.025,
2,1454,0.691,-0.536,-1.497,1.291,1.146,1.786,True,1.696,0.33,0.0088,2.025,
2,1455,0.691,-0.536,-1.497,1.273,1.133,1.767,True,1.696,0.33,0.0088,2.025,
2,1456,0.691,-0.536,-1.497,1.255,1.12,1.749,True,1.696,0.33,0.0088,2.025,
2,1457,0.691,-0.536,-1.497,1.237,1.107,1.731,True,1.696,0.33,0.0088,2.025,
2,1458,0.691,-0.536,-1.498,1.218,1.094,1.713,True,1.696,0.33,0.0088,2.025,
2,1459,0.691,-0.536,-1.498,1.2,1.081,1.695,True,1.696,0.33,0.0088,2.025,
2,1460,0.691,-0.536,-1.498,1.182,1.068,1.677,True,1.696,0.33,0.0088,2.025,
2,1461,0.691,-0.536,-1.498,1.164,1.055,1.659,True,1.696,0.33,0.0088,2.025,
2,1462,0.691,-0.536,-1.498,1.147,1.041,1.642,True,2.129,0.476,0.0127,2.605,
2,1463,0.691,-0.536,-1.498,1.129,1.028,1.624,True,1.914,0.806,0.0215,2.719,
2,1464,0.691,-0.536,-1.498,1.111,1.015,1.606,True,1.576,1.392,0.0371,2.968,
2,1465,0.691,-0.536,-1.498,1.094,1.001,1.589,True,1.457,1.868,0.0498,3.325,
2,1466,0.691,-0.536,-1.498,1.076,0.988,1.572,True,1.486,2.014,0.0537,3.5,
2,1467,0.691,-0.536,-1.498,1.059,0.974,1.554,True,1.552,1.904,0.0508,3.456,
2,1468,0.691,-0.536,-1.498,1.041,0.961,1.537,True,1.647,1.794,0.0479,3.442,
2,1469,0.691,-0.536,-1.498,1.024,0.947,1.52,True,1.707,1.758,0.0469,3.465,
2,1470,0.691,-0.536,-1.498,1.007,0.933,1.503,True,1.794,1.428,0.0381,3.222,
2,1471,0.691,-0.536,-1.498,0.989,0.92,1.486,True,1.857,1.318,0.0352,3.175,
2,1472,0.691,-0.536,-1.498,0.972,0.906,1.469,True,1.926,1.172,0.0312,3.098,
2,1473,0.691,-0.536,-1.498,0.955,0.892,1.452,True,2.005,1.099,0.0293,3.104,
2,1474,0.691,-0.536,-1.498,0.938,0.878,1.436,True,2.013,0.916,0.0244,2.929,
2,1475,0.691,-0.536,-1.498,0.921,0.864,1.419,True,2.173,0.696,0.0186,2.869,
2,1476,0.691,-0.536,-1.498,0.905,0.85,1.403,True,1.845,0.513,0.0137,2.358,
2,1477,0.691,-0.536,-1.498,0.888,0.836,1.386,True,1.796,0.439,0.0117,2.235,
2,1478,0.691,-0.536,-1.498,0.871,0.822,1.37,True,1.754,0.403,0.0107,2.156,
2,1479,0.691,-0.536,-1.498,0.854,0.808,1.354,True,1.736,0.366,0.0098,2.102,
2,1480,0.691,-0.536,-1.498,0.838,0.794,1.338,True,1.696,0.33,0.0088,2.025,
2,1481,0.691,-0.536,-1.498,0.821,0.78,1.322,True,1.696,0.33,0.0088,2.025,
2,1482,0.691,-0.536,-1.498,0.805,0.766,1.307,True,1.696,0.33,0.0088,2.025,
2,1483,0.691,-0.536,-1.498,0.788,0.752,1.291,True,1.696,0.33,0.0088,2.025,
2,1484,0.691,-0.536,-1.498,0.772,0.737,1.276,True,1.696,0.33,0.0088,2.025,
2,1485,0.691,-0.536,-1.498,0.756,0.723,1.261,True,1.696,0.33,0.0088,2.025,
2,1486,0.691,-0.536,-1.498,0.739,0.709,1.246,True,1.696,0.33,0.0088,2.025,
2,1487,0.691,-0.536,-1.498,0.723,0.695,1.231,True,1.696,0.33,0.0088,2.025,
2,1488,0.691,-0.536,-1.498,0.707,0.68,1.216,True,1.696,0.33,0.0088,2.025,
2,1489,0.691,-0.536,-1.498,0.691,0.666,1.202,True,1.696,0.33,0.0088,2.025,
2,1490,0.691,-0.536,-1.498,0.675,0.651,1.187,True,1.696,0.33,0.0088,2.025,
2,1491,0.691,-0.536,-1.498,0.659,0.637,1.173,True,1.696,0.33,0.0088,2.025,
2,1492,0.691,-0.536,-1.498,0.643,0.622,1.159,True,1.696,0.33,0.0088,2.025,
2,1493,0.691,-0.536,-1.498,0.627,0.608,1.146,True,1.696,0.33,0.0088,2.025,
2,1494,0.691,-0.536,-1.498,0.611,0.593,1.132,True,1.696,0.33,0.0088,2.025,
2,1495,0.691,-0.536,-1.498,0.595,0.579,1.119,True,1.696,0.33,0.0088,2.025,
2,1496,0.691,-0.536,-1.498,0.579,0.564,1.106,True,1.696,0.33,0.0088,2.025,
2,1497,0.691,-0.536,-1.498,0.563,0.55,1.093,True,1.696,0.33,0.0088,2.025,
2,1498,0.691,-0.536,-1.498,0.548,0.535,1.08,True,1.696,0.33,0.0088,2.025,
2,1499,0.691,-0.536,-1.498,0.532,0.52,1.068,True,1.696,0.33,0.0088,2.025,
2,1500,0.691,-0.536,-1.498,0.516,0.506,1.056,True,1.696,0.33,0.0088,2.025,
2,1501,0.691,-0.536,-1.498,0.501,0.491,1.044,True,1.696,0.33,0.0088,2.025,
2,1502,0.691,-0.536,-1.498,0.485,0.476,1.033,True,1.696,0.33,0.0088,2.025,
2,1503,0.691,-0.536,-1.498,0.47,0.462,1.022,True,1.696,0.33,0.0088,2.025,
2,1504,0.691,-0.536,-1.498,0.454,0.447,1.011,True,1.696,0.33,0.0088,2.025,
2,1505,0.691,-0.536,-1.498,0.439,0.432,1.0,True,1.696,0.33,0.0088,2.025,
2,1506,0.691,-0.536,-1.498,0.423,0.417,0.99,True,1.696,0.33,0.0088,2.025,
2,1507,0.691,-0.536,-1.498,0.408,0.403,0.98,True,1.696,0.33,0.0088,2.025,
2,1508,0.691,-0.536,-1.498,0.393,0.388,0.971,True,1.696,0.33,0.0088,2.025,
2,1509,0.691,-0.536,-1.498,0.377,0.373,0.961,True,1.696,0.33,0.0088,2.025,
2,1510,0.691,-0.536,-1.498,0.362,0.358,0.953,True,1.696,0.33,0.0088,2.025,
2,1511,0.691,-0.536,-1.498,0.347,0.343,0.944,True,1.696,0.33,0.0088,2.025,
2,1512,0.691,-0.536,-1.498,0.331,0.328,0.936,True,1.696,0.33,0.0088,2.025,
2,1513,0.691,-0.536,-1.498,0.316,0.314,0.928,True,1.696,0.33,0.0088,2.025,
2,1514,0.691,-0.536,-1.498,0.301,0.299,0.921,True,1.696,0.33,0.0088,2.025,
2,1515,0.691,-0.536,-1.498,0.286,0.284,0.914,True,1.696,0.33,0.0088,2.025,
2,1516,0.691,-0.536,-1.498,0.27,0.269,0.908,True,1.696,0.33,0.0088,2.025,
2,1517,0.691,-0.536,-1.498,0.255,0.254,0.902,True,1.696,0.33,0.0088,2.025,
2,1518,0.691,-0.536,-1.498,0.24,0.239,0.896,True,1.696,0.33,0.0088,2.025,
2,1519,0.691,-0.536,-1.498,0.225,0.224,0.891,True,1.696,0.33,0.0088,2.025,
2,1520,0.691,-0.536,-1.498,0.21,0.209,0.887,True,1.696,0.33,0.0088,2.025,
2,1521,0.691,-0.536,-1.498,0.195,0.194,0.883,True,1.696,0.33,0.0088,2.025,
2,1522,0.691,-0.536,-1.498,0.18,0.179,0.879,True,1.696,0.33,0.0088,2.025,
2,1523,0.691,-0.536,-1.498,0.165,0.164,0.876,True,1.696,0.33,0.0088,2.025,
2,1524,0.691,-0.536,-1.498,0.15,0.149,0.873,True,1.696,0.33,0.0088,2.025,
2,1525,0.691,-0.536,-1.498,0.135,0.134,0.871,True,1.696,0.33,0.0088,2.025,
2,1526,0.691,-0.536,-1.498,0.119,0.119,0.869,True,1.696,0.33,0.0088,2.025,
2,1527,0.691,-0.536,-1.498,0.104,0.104,0.868,True,1.696,0.33,0.0088,2.025,
2,1528,0.691,-0.536,-1.498,0.089,0.089,0.868,True,1.696,0.33,0.0088,2.025,
2,1529,0.691,-0.536,-1.498,0.074,0.074,0.867,True,1.696,0.33,0.0088,2.025,
2,1530,0.691,-0.536,-1.498,0.059,0.059,0.868,True,1.696,0.33,0.0088,2.025,
2,1531,0.691,-0.536,-1.498,0.044,0.044,0.869,True,1.696,0.33,0.0088,2.025,
2,1532,0.691,-0.536,-1.498,0.029,0.029,0.87,True,1.696,0.33,0.0088,2.025,
2,1533,0.691,-0.536,-1.498,0.014,0.014,0.872,True,1.696,0.33,0.0088,2.025,
2,1534,0.691,-0.536,-1.498,-0.001,-0.001,0.874,True,1.696,0.33,0.0088,2.025,
2,1535,0.691,-0.536,-1.498,-0.016,-0.016,0.877,True,1.696,0.33,0.0088,2.025,
2,1536,0.691,-0.536,-1.498,-0.031,-0.031,0.881,True,1.696,0.33,0.0088,2.025,
2,1537,0.691,-0.536,-1.498,-0.046,-0.046,0.885,True,1.696,0.33,0.0088,2.025,
2,1538,0.691,-0.536,-1.498,-0.061,-0.061,0.889,True,1.696,0.33,0.0088,2.025,
2,1539,0.691,-0.536,-1.498,-0.076,-0.076,0.894,True,1.696,0.33,0.0088,2.025,
2,1540,0.691,-0.536,-1.498,-0.091,-0.091,0.899,True,1.696,0.33,0.0088,2.025,
2,1541,0.691,-0.536,-1.498,-0.106,-0.106,0.905,True,1.696,0.33,0.0088,2.025,
2,1542,0.691,-0.536,-1.498,-0.121,-0.121,0.912,True,1.696,0.33,0.0088,2.025,
2,1543,0.691,-0.536,-1.498,-0.136,-0.136,0.918,True,1.696,0.33,0.0088,2.025,
2,1544,0.691,-0.536,-1.498,-0.151,-0.151,0.926,True,1.696,0.33,0.0088,2.025,
2,1545,0.691,-0.536,-1.498,-0.166,-0.165,0.933,True,1.696,0.33,0.0088,2.025,
2,1546,0.691,-0.536,-1.498,-0.181,-0.18,0.941,True,1.696,0.33,0.0088,2.025,
2,1547,0.691,-0.536,-1.498,-0.196,-0.195,0.95,True,1.696,0.33,0.0088,2.025,
2,1548,0.691,-0.536,-1.498,-0.211,-0.21,0.959,True,1.696,0.33,0.0088,2.025,
2,1549,0.691,-0.536,-1.498,-0.226,-0.225,0.968,True,1.696,0.33,0.0088,2.025,
2,1550,0.691,-0.536,-1.498,-0.241,-0.24,0.978,True,1.696,0.33,0.0088,2.025,
2,1551,0.691,-0.536,-1.498,-0.256,-0.255,0.988,True,1.696,0.33,0.0088,2.025,
2,1552,0.691,-0.536,-1.498,-0.272,-0.27,0.999,True,1.696,0.33,0.0088,2.025,
2,1553,0.691,-0.536,-1.498,-0.287,-0.285,1.009,True,1.696,0.33,0.0088,2.025,
2,1554,0.691,-0.536,-1.498,-0.302,-0.3,1.021,True,1.696,0.33,0.0088,2.025,
2,1555,0.691,-0.536,-1.498,-0.317,-0.315,1.032,True,1.696,0.33,0.0088,2.025,
2,1556,0.691,-0.536,-1.498,-0.333,-0.33,1.044,True,1.696,0.33,0.0088,2.025,
2,1557,0.691,-0.536,-1.498,-0.348,-0.344,1.056,True,1.696,0.33,0.0088,2.025,
2,1558,0.691,-0.536,-1.498,-0.363,-0.359,1.069,True,1.696,0.33,0.0088,2.025,
2,1559,0.691,-0.536,-1.498,-0.378,-0.374,1.081,True,1.696,0.33,0.0088,2.025,
2,1560,0.691,-0.536,-1.498,-0.394,-0.389,1.095,True,1.696,0.33,0.0088,2.025,
2,1561,0.691,-0.536,-1.498,-0.409,-0.404,1.108,True,1.696,0.33,0.0088,2.025,
2,1562,0.691,-0.536,-1.498,-0.425,-0.419,1.122,True,1.696,0.33,0.0088,2.025,
2,1563,0.691,-0.536,-1.498,-0.44,-0.433,1.135,True,1.696,0.33,0.0088,2.025,
2,1564,0.691,-0.536,-1.498,-0.455,-0.448,1.15,True,1.696,0.33,0.0088,2.025,
2,1565,0.691,-0.536,-1.498,-0.471,-0.463,1.164,True,1.696,0.33,0.0088,2.025,
2,1566,0.691,-0.536,-1.498,-0.487,-0.478,1.179,True,1.696,0.33,0.0088,2.025,
2,1567,0.691,-0.536,-1.498,-0.502,-0.492,1.194,True,1.696,0.33,0.0088,2.025,
2,1568,0.691,-0.536,-1.498,-0.518,-0.507,1.209,True,1.696,0.33,0.0088,2.025,
2,1569,0.691,-0.536,-1.498,-0.533,-0.522,1.224,True,1.696,0.33,0.0088,2.025,
2,1570,0.691,-0.536,-1.498,-0.549,-0.536,1.24,True,1.696,0.33,0.0088,2.025,
2,1571,0.691,-0.536,-1.498,-0.565,-0.551,1.256,True,1.696,0.33,0.0088,2.025,
2,1572,0.691,-0.536,-1.498,-0.581,-0.565,1.272,True,1.696,0.33,0.0088,2.025,
2,1573,0.691,-0.536,-1.498,-0.596,-0.58,1.288,True,1.696,0.33,0.0088,2.025,
2,1574,0.691,-0.536,-1.498,-0.612,-0.595,1.304,True,1.696,0.33,0.0088,2.025,
2,1575,0.691,-0.536,-1.498,-0.628,-0.609,1.321,True,1.696,0.33,0.0088,2.025,
2,1576,0.691,-0.536,-1.498,-0.644,-0.624,1.338,True,1.696,0.33,0.0088,2.025,
2,1577,0.691,-0.536,-1.498,-0.66,-0.638,1.355,True,1.696,0.33,0.0088,2.025,
2,1578,0.691,-0.536,-1.498,-0.676,-0.653,1.372,True,1.696,0.33,0.0088,2.025,
2,1579,0.691,-0.536,-1.498,-0.692,-0.667,1.389,True,1.696,0.33,0.0088,2.025,
2,1580,0.691,-0.536,-1.498,-0.708,-0.681,1.407,True,1.696,0.33,0.0088,2.025,
2,1581,0.691,-0.536,-1.498,-0.724,-0.696,1.424,True,1.696,0.33,0.0088,2.025,
2,1582,0.691,-0.536,-1.498,-0.741,-0.71,1.442,True,1.696,0.33,0.0088,2.025,
2,1583,0.691,-0.536,-1.498,-0.757,-0.724,1.46,True,1.696,0.33,0.0088,2.025,
2,1584,0.691,-0.536,-1.498,-0.773,-0.739,1.478,True,1.696,0.33,0.0088,2.025,
2,1585,0.691,-0.536,-1.498,-0.79,-0.753,1.496,True,1.696,0.33,0.0088,2.025,
2,1586,0.691,-0.536,-1.498,-0.806,-0.767,1.515,True,1.696,0.33,0.0088,2.025,
2,1587,0.691,-0.536,-1.498,-0.822,-0.781,1.533,True,1.696,0.33,0.0088,2.025,
2,1588,0.691,-0.536,-1.498,-0.839,-0.795,1.552,True,1.696,0.33,0.0088,2.025,
2,1589,0.691,-0.536,-1.498,-0.856,-0.809,1.571,True,1.696,0.33,0.0088,2.025,
2,1590,0.691,-0.536,-1.498,-0.872,-0.823,1.589,True,1.696,0.33,0.0088,2.025,
2,1591,0.691,-0.536,-1.498,-0.889,-0.837,1.608,True,1.696,0.33,0.0088,2.025,
2,1592,0.691,-0.536,-1.498,-0.906,-0.851,1.628,True,1.696,0.33,0.0088,2.025,
2,1593,0.691,-0.536,-1.498,-0.923,-0.865,1.647,True,1.696,0.33,0.0088,2.025,
2,1594,0.691,-0.536,-1.498,-0.94,-0.879,1.666,True,1.696,0.33,0.0088,2.025,
2,1595,0.691,-0.536,-1.498,-0.957,-0.893,1.686,True,1.696,0.33,0.0088,2.025,
2,1596,0.691,-0.536,-1.498,-0.974,-0.907,1.705,True,1.696,0.33,0.0088,2.025,
2,1597,0.691,-0.536,-1.498,-0.991,-0.921,1.725,True,1.696,0.33,0.0088,2.025,
2,1598,0.691,-0.536,-1.498,-1.008,-0.934,1.745,True,1.696,0.33,0.0088,2.025,
2,1599,0.691,-0.536,-1.498,-1.025,-0.948,1.765,True,1.696,0.33,0.0088,2.025,
2,1600,0.691,-0.536,-1.498,-1.043,-0.962,1.785,True,1.696,0.33,0.0088,2.025,
2,1601,0.691,-0.536,-1.498,-1.06,-0.975,1.805,True,1.696,0.33,0.0088,2.025,
2,1602,0.691,-0.536,-1.498,-1.077,-0.989,1.825,True,1.696,0.33,0.0088,2.025,
2,1603,0.691,-0.536,-1.498,-1.095,-1.002,1.846,True,1.696,0.33,0.0088,2.025,
2,1604,0.691,-0.536,-1.498,-1.113,-1.016,1.866,True,1.696,0.33,0.0088,2.025,
2,1605,0.691,-0.536,-1.498,-1.13,-1.029,1.887,True,1.696,0.33,0.0088,2.025,
2,1606,0.691,-0.536,-1.498,-1.148,-1.042,1.907,True,1.696,0.33,0.0088,2.025,
2,1607,0.691,-0.536,-1.498,-1.166,-1.056,1.928,True,1.696,0.33,0.0088,2.025,
2,1608,0.691,-0.536,-1.498,-1.184,-1.069,1.949,True,1.696,0.33,0.0088,2.025,
2,1609,0.691,-0.536,-1.498,-1.202,-1.082,1.97,True,1.696,0.33,0.0088,2.025,
2,1610,0.691,-0.536,-1.498,-1.22,-1.095,1.991,True,1.696,0.33,0.0088,2.025,
2,1611,0.691,-0.536,-1.498,-1.238,-1.108,2.012,True,1.696,0.33,0.0088,2.025,
2,1612,0.691,-0.536,-1.498,-1.256,-1.121,2.033,True,1.696,0.33,0.0088,2.025,
2,1613,0.691,-0.536,-1.498,-1.275,-1.134,2.054,True,1.696,0.33,0.0088,2.025,
2,1614,0.691,-0.536,-1.498,-1.293,-1.147,2.076,True,1.696,0.33,0.0088,2.025,
2,1615,0.691,-0.536,-1.498,-1.311,-1.159,2.097,True,1.696,0.33,0.0088,2.025,
2,1616,0.691,-0.536,-1.498,-1.33,-1.172,2.119,True,1.696,0.33,0.0088,2.025,
2,1617,0.691,-0.536,-1.498,-1.349,-1.185,2.14,True,1.696,0.33,0.0088,2.025,
2,1618,0.691,-0.536,-1.498,-1.367,-1.197,2.162,True,1.696,0.33,0.0088,2.025,
2,1619,0.691,-0.536,-1.498,-1.386,-1.21,2.184,True,1.696,0.33,0.0088,2.025,
2,1620,0.691,-0.536,-1.498,-1.405,-1.222,2.206,True,1.696,0.33,0.0088,2.025,
2,1621,0.691,-0.536,-1.498,-1.424,-1.234,2.228,True,1.696,0.33,0.0088,2.025,
2,1622,0.691,-0.536,-1.498,-1.443,-1.247,2.25,True,1.696,0.33,0.0088,2.025,
2,1623,0.691,-0.536,-1.498,-1.463,-1.259,2.272,True,1.696,0.33,0.0088,2.025,
2,1624,0.691,-0.536,-1.498,-1.482,-1.271,2.294,True,1.696,0.33,0.0088,2.025,
2,1625,0.691,-0.536,-1.498,-1.501,-1.283,2.316,True,1.696,0.33,0.0088,2.025,
2,1626,0.691,-0.536,-1.498,-1.521,-1.295,2.338,True,1.696,0.33,0.0088,2.025,
2,1627,0.691,-0.536,-1.498,-1.54,-1.306,2.361,True,1.696,0.33,0.0088,2.025,
2,1628,0.691,-0.536,-1.498,-1.56,-1.318,2.383,True,1.696,0.33,0.0088,2.025,
2,1629,0.691,-0.536,-1.498,-1.58,-1.33,2.405,True,1.696,0.33,0.0088,2.025,
2,1630,0.691,-0.536,-1.498,-1.6,-1.341,2.428,True,1.696,0.33,0.0088,2.025,
2,1631,0.691,-0.536,-1.498,-1.62,-1.353,2.451,True,1.696,0.33,0.0088,2.025,
2,1632,0.691,-0.536,-1.498,-1.64,-1.364,2.473,True,1.696,0.33,0.0088,2.025,
2,1633,0.691,-0.536,-1.498,-1.66,-1.375,2.496,True,1.696,0.33,0.0088,2.025,
2,1634,0.691,-0.536,-1.498,-1.68,-1.386,2.519,True,1.696,0.33,0.0088,2.025,
2,1635,0.691,-0.536,-1.498,-1.7,-1.397,2.542,True,1.696,0.33,0.0088,2.025,
2,1636,0.691,-0.536,-1.498,-1.721,-1.408,2.565,True,1.696,0.33,0.0088,2.025,
2,1637,0.691,-0.536,-1.498,-1.742,-1.419,2.588,True,1.696,0.33,0.0088,2.025,
2,1638,0.691,-0.536,-1.498,-1.762,-1.43,2.611,True,1.696,0.33,0.0088,2.025,
2,1639,0.691,-0.536,-1.498,-1.783,-1.44,2.634,True,1.696,0.33,0.0088,2.025,
2,1640,0.691,-0.536,-1.498,-1.804,-1.451,2.657,True,1.696,0.33,0.0088,2.025,
2,1641,0.691,-0.536,-1.498,-1.825,-1.461,2.681,True,1.696,0.33,0.0088,2.025,
2,1642,0.691,-0.536,-1.498,-1.846,-1.471,2.704,True,1.696,0.33,0.0088,2.025,
2,1643,0.691,-0.536,-1.498,-1.867,-1.482,2.727,True,1.696,0.33,0.0088,2.025,
2,1644,0.691,-0.536,-1.498,-1.888,-1.492,2.751,True,1.696,0.33,0.0088,2.025,
2,1645,0.691,-0.536,-1.498,-1.91,-1.501,2.774,True,1.696,0.33,0.0088,2.025,
2,1646,0.691,-0.536,-1.498,-1.931,-1.511,2.798,True,1.696,0.33,0.0088,2.025,
2,1647,0.691,-0.536,-1.498,-1.953,-1.521,2.821,True,1.696,0.33,0.0088,2.025,
2,1648,0.691,-0.536,-1.498,-1.975,-1.53,2.845,True,1.696,0.33,0.0088,2.025,
2,1649,0.691,-0.536,-1.498,-1.997,-1.539,2.869,True,1.696,0.33,0.0088,2.025,
2,1650,0.691,-0.536,-1.498,-2.018,-1.549,2.892,True,1.696,0.33,0.0088,2.025,
2,1651,0.691,-0.536,-1.498,-2.04,-1.558,2.916,True,1.696,0.33,0.0088,2.025,
2,1652,0.691,-0.536,-1.498,-2.063,-1.567,2.94,True,1.696,0.33,0.0088,2.025,
2,1653,0.691,-0.536,-1.498,-2.085,-1.575,2.964,True,1.696,0.33,0.0088,2.025,
2,1654,0.691,-0.536,-1.498,-2.107,-1.584,2.988,True,1.696,0.33,0.0088,2.025,
2,1655,0.691,-0.536,-1.498,-2.13,-1.592,3.012,True,1.696,0.33,0.0088,2.025,
2,1656,0.691,-0.536,-1.498,-2.152,-1.601,3.036,True,1.696,0.33,0.0088,2.025,
2,1657,0.691,-0.536,-1.498,-2.175,-1.609,3.06,True,1.696,0.33,0.0088,2.025,
2,1658,0.691,-0.536,-1.498,-2.198,-1.617,3.084,True,1.696,0.33,0.0088,2.025,
2,1659,0.691,-0.536,-1.498,-2.221,-1.625,3.108,True,1.696,0.33,0.0088,2.025,
2,1660,0.691,-0.536,-1.498,-2.244,-1.632,3.133,True,1.696,0.33,0.0088,2.025,
2,1661,0.691,-0.536,-1.498,-2.267,-1.64,3.157,True,1.696,0.33,0.0088,2.025,
2,1662,0.691,-0.536,-1.498,-2.29,-1.647,3.181,True,1.696,0.33,0.0088,2.025,
2,1663,0.691,-0.536,-1.498,-2.313,-1.654,3.206,True,1.696,0.33,0.0088,2.025,
2,1664,0.691,-0.536,-1.498,-2.337,-1.661,3.23,True,1.696,0.33,0.0088,2.025,
2,1665,0.691,-0.536,-1.498,-2.36,-1.668,3.254,True,1.696,0.33,0.0088,2.025,
2,1666,0.691,-0.536,-1.498,-2.384,-1.674,3.279,True,1.696,0.33,0.0088,2.025,
2,1667,0.691,-0.536,-1.498,-2.408,-1.681,3.303,True,1.696,0.33,0.0088,2.025,
2,1668,0.691,-0.536,-1.498,-2.432,-1.687,3.328,True,1.696,0.33,0.0088,2.025,
2,1669,0.691,-0.536,-1.498,-2.455,-1.693,3.352,True,1.696,0.33,0.0088,2.025,
2,1670,0.691,-0.536,-1.498,-2.48,-1.698,3.377,True,1.696,0.33,0.0088,2.025,
2,1671,0.691,-0.536,-1.498,-2.504,-1.704,3.401,True,1.696,0.33,0.0088,2.025,
2,1672,0.691,-0.536,-1.498,-2.528,-1.709,3.426,True,1.696,0.33,0.0088,2.025,
2,1673,0.691,-0.536,-1.498,-2.552,-1.714,3.451,True,1.696,0.33,0.0088,2.025,
2,1674,0.691,-0.536,-1.498,-2.577,-1.719,3.475,True,1.696,0.33,0.0088,2.025,
2,1675,0.691,-0.536,-1.498,-2.601,-1.724,3.5,True,1.696,0.33,0.0088,2.025,
2,1676,0.691,-0.536,-1.498,-2.626,-1.729,3.525,True,1.696,0.33,0.0088,2.025,
2,1677,0.691,-0.536,-1.498,-2.651,-1.733,3.549,True,1.696,0.33,0.0088,2.025,
2,1678,0.691,-0.536,-1.498,-2.675,-1.737,3.574,True,1.696,0.33,0.0088,2.025,
2,1679,0.691,-0.536,-1.498,-2.7,-1.741,3.599,True,1.696,0.33,0.0088,2.025,
2,1680,0.691,-0.536,-1.498,-2.725,-1.744,3.624,True,1.696,0.33,0.0088,2.025,
2,1681,0.691,-0.536,-1.498,-2.75,-1.748,3.648,True,1.696,0.33,0.0088,2.025,
2,1682,0.691,-0.536,-1.498,-2.775,-1.751,3.673,True,1.696,0.33,0.0088,2.025,
2,1683,0.691,-0.536,-1.498,-2.801,-1.754,3.698,True,1.696,0.33,0.0088,2.025,
2,1684,0.691,-0.536,-1.498,-2.826,-1.756,3.723,True,1.696,0.33,0.0088,2.025,
2,1685,0.691,-0.536,-1.498,-2.851,-1.759,3.747,True,1.696,0.33,0.0088,2.025,
2,1686,0.691,-0.536,-1.498,-2.877,-1.761,3.772,True,1.696,0.33,0.0088,2.025,
2,1687,0.691,-0.536,-1.498,-2.902,-1.762,3.797,True,1.696,0.33,0.0088,2.025,
2,1688,0.691,-0.536,-1.498,-2.928,-1.764,3.822,True,1.696,0.33,0.0088,2.025,
2,1689,0.691,-0.536,-1.498,-2.954,-1.765,3.846,True,1.696,0.33,0.0088,2.025,
2,1690,0.691,-0.536,-1.498,-2.98,-1.766,3.871,True,1.696,0.33,0.0088,2.025,
2,1691,0.691,-0.536,-1.498,-3.005,-1.767,3.896,True,1.696,0.33,0.0088,2.025,
2,1692,0.691,-0.536,-1.498,-3.031,-1.768,3.921,True,1.696,0.33,0.0088,2.025,
2,1693,0.691,-0.536,-1.498,-3.057,-1.768,3.945,True,1.696,0.33,0.0088,2.025,
2,1694,0.691,-0.536,-1.498,-3.083,-1.768,3.97,True,1.696,0.33,0.0088,2.025,
2,1695,0.691,-0.536,-1.498,-3.109,-1.767,3.995,True,1.696,0.33,0.0088,2.025,
2,1696,0.691,-0.536,-1.498,-3.135,-1.767,4.019,True,1.696,0.33,0.0088,2.025,
2,1697,0.691,-0.536,-1.498,-3.161,-1.766,4.044,True,1.696,0.33,0.0088,2.025,
2,1698,0.691,-0.536,-1.498,-3.188,-1.764,4.068,True,1.696,0.33,0.0088,2.025,
2,1699,0.691,-0.536,-1.498,-3.214,-1.763,4.093,True,1.696,0.33,0.0088,2.025,
2,1700,0.691,-0.536,-1.498,-3.24,-1.761,4.118,True,1.696,0.33,0.0088,2.025,
2,1701,0.691,-0.536,-1.498,-3.266,-1.759,4.142,True,1.696,0.33,0.0088,2.025,
2,1702,0.691,-0.536,-1.498,-3.293,-1.756,4.166,True,1.696,0.33,0.0088,2.025,
2,1703,0.691,-0.536,-1.498,-3.319,-1.753,4.191,True,1.696,0.33,0.0088,2.025,
2,1704,0.691,-0.536,-1.498,-3.346,-1.75,4.215,True,1.696,0.33,0.0088,2.025,
2,1705,0.691,-0.536,-1.498,-3.372,-1.747,4.239,True,1.696,0.33,0.0088,2.025,
2,1706,0.691,-0.536,-1.498,-3.398,-1.743,4.264,True,1.696,0.33,0.0088,2.025,
2,1707,0.691,-0.536,-1.498,-3.425,-1.739,4.288,True,1.696,0.33,0.0088,2.025,
2,1708,0.691,-0.536,-1.498,-3.451,-1.734,4.312,True,1.696,0.33,0.0088,2.025,
2,1709,0.691,-0.536,-1.498,-3.477,-1.73,4.336,True,1.696,0.33,0.0088,2.025,
2,1710,0.691,-0.536,-1.498,-3.504,-1.724,4.36,True,1.696,0.33,0.0088,2.025,
2,1711,0.691,-0.536,-1.498,-3.53,-1.719,4.384,True,1.696,0.33,0.0088,2.025,
2,1712,0.691,-0.536,-1.498,-3.557,-1.713,4.408,True,1.696,0.33,0.0088,2.025,
2,1713,0.691,-0.536,-1.498,-3.583,-1.707,4.431,True,1.696,0.33,0.0088,2.025,
2,1714,0.691,-0.536,-1.498,-3.609,-1.7,4.455,True,1.696,0.33,0.0088,2.025,
2,1715,0.691,-0.536,-1.498,-3.636,-1.693,4.479,True,1.696,0.33,0.0088,2.025,
2,1716,0.691,-0.536,-1.498,-3.662,-1.686,4.502,True,1.696,0.33,0.0088,2.025,
2,1717,0.691,-0.536,-1.498,-3.688,-1.679,4.526,True,1.696,0.33,0.0088,2.025,
2,1718,0.691,-0.536,-1.498,-3.714,-1.671,4.549,True,1.696,0.33,0.0088,2.025,
2,1719,0.691,-0.536,-1.498,-3.74,-1.662,4.572,True,1.696,0.33,0.0088,2.025,
2,1720,0.691,-0.536,-1.498,-3.766,-1.654,4.595,True,1.696,0.33,0.0088,2.025,
2,1721,0.691,-0.536,-1.498,-3.792,-1.645,4.618,True,1.696,0.33,0.0088,2.025,
2,1722,0.691,-0.536,-1.498,-3.818,-1.635,4.641,True,1.696,0.33,0.0088,2.025,
2,1723,0.691,-0.536,-1.498,-3.844,-1.625,4.664,True,1.696,0.33,0.0088,2.025,
2,1724,0.691,-0.536,-1.498,-3.87,-1.615,4.686,True,1.696,0.33,0.0088,2.025,
2,1725,0.691,-0.536,-1.498,-3.895,-1.604,4.709,True,1.696,0.33,0.0088,2.025,
2,1726,0.691,-0.536,-1.498,-3.921,-1.594,4.731,True,1.696,0.33,0.0088,2.025,
2,1727,0.691,-0.536,-1.498,-3.946,-1.582,4.754,True,1.696,0.33,0.0088,2.025,
2,1728,0.691,-0.536,-1.498,-3.971,-1.57,4.776,True,1.696,0.33,0.0088,2.025,
2,1729,0.691,-0.536,-1.498,-3.997,-1.558,4.798,True,1.696,0.33,0.0088,2.025,
2,1730,0.691,-0.536,-1.498,-4.022,-1.546,4.82,True,1.696,0.33,0.0088,2.025,
2,1731,0.691,-0.536,-1.498,-4.046,-1.533,4.841,True,1.696,0.33,0.0088,2.025,
2,1732,0.691,-0.536,-1.498,-4.071,-1.52,4.863,True,1.696,0.33,0.0088,2.025,
2,1733,0.691,-0.536,-1.498,-4.096,-1.506,4.884,True,1.696,0.33,0.0088,2.025,
2,1734,0.691,-0.536,-1.498,-4.12,-1.492,4.905,True,1.696,0.33,0.0088,2.025,
2,1735,0.691,-0.536,-1.498,-4.145,-1.478,4.926,True,1.696,0.33,0.0088,2.025,
2,1736,0.691,-0.536,-1.498,-4.169,-1.463,4.947,True,1.696,0.33,0.0088,2.025,
2,1737,0.691,-0.536,-1.498,-4.193,-1.448,4.968,True,1.696,0.33,0.0088,2.025,
2,1738,0.691,-0.536,-1.498,-4.216,-1.432,4.988,True,1.696,0.33,0.0088,2.025,
2,1739,0.691,-0.536,-1.498,-4.24,-1.416,5.009,True,1.696,0.33,0.0088,2.025,
2,1740,0.691,-0.536,-1.498,-4.263,-1.4,5.029,True,1.696,0.33,0.0088,2.025,
2,1741,0.691,-0.536,-1.498,-4.286,-1.383,5.049,True,1.696,0.33,0.0088,2.025,
2,1742,0.691,-0.536,-1.498,-4.309,-1.366,5.068,True,1.696,0.33,0.0088,2.025,
2,1743,0.691,-0.536,-1.498,-4.332,-1.348,5.088,True,1.696,0.33,0.0088,2.025,
2,1744,0.691,-0.536,-1.498,-4.354,-1.331,5.107,True,1.696,0.33,0.0088,2.025,
2,1745,0.691,-0.536,-1.498,-4.376,-1.312,5.126,True,1.696,0.33,0.0088,2.025,
2,1746,0.691,-0.536,-1.498,-4.398,-1.294,5.145,True,1.696,0.33,0.0088,2.025,
2,1747,0.691,-0.536,-1.498,-4.42,-1.275,5.164,True,1.696,0.33,0.0088,2.025,
2,1748,0.691,-0.536,-1.498,-4.441,-1.255,5.182,True,1.696,0.33,0.0088,2.025,
2,1749,0.691,-0.536,-1.498,-4.462,-1.236,5.201,True,1.696,0.33,0.0088,2.025,
2,1750,0.691,-0.536,-1.498,-4.483,-1.215,5.218,True,1.696,0.33,0.0088,2.025,
2,1751,0.691,-0.536,-1.498,-4.504,-1.195,5.236,True,1.696,0.33,0.0088,2.025,
2,1752,0.691,-0.536,-1.498,-4.524,-1.174,5.254,True,1.696,0.33,0.0088,2.025,
2,1753,0.691,-0.536,-1.498,-4.544,-1.153,5.271,True,1.696,0.33,0.0088,2.025,
2,1754,0.691,-0.536,-1.498,-4.563,-1.131,5.288,True,1.696,0.33,0.0088,2.025,
2,1755,0.691,-0.536,-1.498,-4.583,-1.11,5.305,True,1.696,0.33,0.0088,2.025,
2,1756,0.691,-0.536,-1.498,-4.601,-1.087,5.321,True,1.696,0.33,0.0088,2.025,
2,1757,0.691,-0.536,-1.498,-4.62,-1.065,5.337,True,1.696,0.33,0.0088,2.025,
2,1758,0.691,-0.536,-1.498,-4.638,-1.042,5.353,True,1.696,0.33,0.0088,2.025,
2,1759,0.691,-0.536,-1.498,-4.656,-1.019,5.369,True,1.696,0.33,0.0088,2.025,
2,1760,0.691,-0.536,-1.498,-4.673,-0.995,5.384,True,1.696,0.33,0.0088,2.025,
2,1761,0.691,-0.536,-1.498,-4.691,-0.971,5.399,True,1.696,0.33,0.0088,2.025,
2,1762,0.691,-0.536,-1.498,-4.707,-0.947,5.414,True,1.696,0.33,0.0088,2.025,
2,1763,0.691,-0.536,-1.498,-4.724,-0.922,5.428,True,1.696,0.33,0.0088,2.025,
2,1764,0.691,-0.536,-1.498,-4.739,-0.898,5.442,True,1.696,0.33,0.0088,2.025,
2,1765,0.691,-0.536,-1.498,-4.755,-0.873,5.456,True,1.696,0.33,0.0088,2.025,
2,1766,0.691,-0.536,-1.498,-4.77,-0.847,5.47,True,1.696,0.33,0.0088,2.025,
2,1767,0.691,-0.536,-1.498,-4.785,-0.822,5.483,True,1.696,0.33,0.0088,2.025,
2,1768,0.691,-0.536,-1.498,-4.799,-0.796,5.496,True,1.696,0.33,0.0088,2.025,
2,1769,0.691,-0.536,-1.498,-4.813,-0.769,5.508,True,1.696,0.33,0.0088,2.025,
2,1770,0.691,-0.536,-1.498,-4.826,-0.743,5.521,True,1.696,0.33,0.0088,2.025,
2,1771,0.691,-0.536,-1.498,-4.839,-0.716,5.533,True,1.696,0.33,0.0088,2.025,
2,1772,0.691,-0.536,-1.498,-4.851,-0.689,5.544,True,1.696,0.33,0.0088,2.025,
2,1773,0.691,-0.536,-1.498,-4.863,-0.662,5.556,True,1.696,0.33,0.0088,2.025,
2,1774,0.691,-0.536,-1.498,-4.875,-0.635,5.567,True,1.696,0.33,0.0088,2.025,
2,1775,0.691,-0.536,-1.498,-4.886,-0.607,5.577,True,1.696,0.33,0.0088,2.025,
2,1776,0.691,-0.536,-1.498,-4.896,-0.579,5.587,True,1.696,0.33,0.0088,2.025,
2,1777,0.691,-0.536,-1.498,-4.906,-0.551,5.597,True,1.696,0.33,0.0088,2.025,
2,1778,0.691,-0.536,-1.498,-4.916,-0.523,5.607,True,1.696,0.33,0.0088,2.025,
2,1779,0.691,-0.536,-1.498,-4.925,-0.494,5.616,True,1.696,0.33,0.0088,2.025,
2,1780,0.691,-0.536,-1.498,-4.934,-0.466,5.625,True,1.696,0.33,0.0088,2.025,
2,1781,0.691,-0.536,-1.498,-4.942,-0.437,5.633,True,1.696,0.33,0.0088,2.025,
2,1782,0.691,-0.536,-1.498,-4.949,-0.408,5.642,True,1.696,0.33,0.0088,2.025,
2,1783,0.691,-0.536,-1.498,-4.956,-0.379,5.649,True,1.696,0.33,0.0088,2.025,
2,1784,0.691,-0.536,-1.498,-4.963,-0.35,5.657,True,1.696,0.33,0.0088,2.025,
2,1785,0.691,-0.536,-1.498,-4.969,-0.321,5.664,True,1.696,0.33,0.0088,2.025,
2,1786,0.691,-0.536,-1.498,-4.974,-0.291,5.67,True,1.696,0.33,0.0088,2.025,
2,1787,0.691,-0.536,-1.498,-4.979,-0.262,5.677,True,1.696,0.33,0.0088,2.025,
2,1788,0.691,-0.536,-1.498,-4.984,-0.232,5.683,True,1.696,0.33,0.0088,2.025,
2,1789,0.691,-0.536,-1.498,-4.988,-0.202,5.688,True,1.696,0.33,0.0088,2.025,
2,1790,0.691,-0.536,-1.498,-4.991,-0.172,5.693,True,1.696,0.33,0.0088,2.025,
2,1791,0.691,-0.536,-1.498,-4.994,-0.143,5.698,True,1.696,0.33,0.0088,2.025,
2,1792,0.691,-0.536,-1.498,-4.996,-0.113,5.703,True,1.696,0.33,0.0088,2.025,
2,1793,0.691,-0.536,-1.498,-4.998,-0.083,5.707,True,1.696,0.33,0.0088,2.025,
2,1794,0.691,-0.536,-1.498,-4.999,-0.053,5.71,True,1.696,0.33,0.0088,2.025,
2,1795,0.691,-0.536,-1.498,-5.0,-0.023,5.714,True,1.696,0.33,0.0088,2.025,
2,1796,0.691,-0.536,-1.498,-5.0,0.007,5.717,True,1.696,0.33,0.0088,2.025,
2,1797,0.691,-0.536,-1.498,-5.0,0.037,5.719,True,1.696,0.33,0.0088,2.025,
2,1798,0.691,-0.536,-1.498,-4.999,0.067,5.721,True,1.696,0.33,0.0088,2.025,
2,1799,0.691,-0.536,-1.498,-4.997,0.097,5.723,True,1.696,0.33,0.0088,2.025,
2,1800,0.691,-0.536,-1.498,-4.995,0.127,5.724,True,1.696,0.33,0.0088,2.025,
2,1801,0.691,-0.536,-1.498,-4.993,0.157,5.725,True,1.696,0.33,0.0088,2.025,
2,1802,0.691,-0.536,-1.498,-4.99,0.187,5.726,True,1.696,0.33,0.0088,2.025,
2,1803,0.691,-0.536,-1.498,-4.986,0.217,5.726,True,1.696,0.33,0.0088,2.025,
2,1804,0.691,-0.536,-1.498,-4.982,0.246,5.726,True,1.696,0.33,0.0088,2.025,
2,1805,0.691,-0.536,-1.498,-4.977,0.276,5.726,True,1.696,0.33,0.0088,2.025,
2,1806,0.691,-0.536,-1.498,-4.972,0.305,5.725,True,1.696,0.33,0.0088,2.025,
2,1807,0.691,-0.536,-1.498,-4.966,0.335,5.723,True,1.696,0.33,0.0088,2.025,
2,1808,0.691,-0.536,-1.498,-4.96,0.364,5.722,True,1.696,0.33,0.0088,2.025,
2,1809,0.691,-0.536,-1.498,-4.953,0.393,5.72,True,1.696,0.33,0.0088,2.025,
2,1810,0.691,-0.536,-1.498,-4.946,0.422,5.717,True,1.696,0.33,0.0088,2.025,
2,1811,0.691,-0.536,-1.498,-4.938,0.451,5.715,True,1.696,0.33,0.0088,2.025,
2,1812,0.691,-0.536,-1.498,-4.93,0.48,5.711,True,1.696,0.33,0.0088,2.025,
2,1813,0.691,-0.536,-1.498,-4.921,0.508,5.708,True,1.696,0.33,0.0088,2.025,
2,1814,0.691,-0.536,-1.498,-4.911,0.536,5.704,True,1.696,0.33,0.0088,2.025,
2,1815,0.691,-0.536,-1.498,-4.902,0.565,5.7,True,1.696,0.33,0.0088,2.025,
2,1816,0.691,-0.536,-1.498,-4.891,0.593,5.695,True,1.696,0.33,0.0088,2.025,
2,1817,0.691,-0.536,-1.498,-4.881,0.62,5.69,True,1.696,0.33,0.0088,2.025,
2,1818,0.691,-0.536,-1.498,-4.869,0.648,5.685,True,1.696,0.33,0.0088,2.025,
2,1819,0.691,-0.536,-1.498,-4.858,0.675,5.679,True,1.696,0.33,0.0088,2.025,
2,1820,0.691,-0.536,-1.498,-4.845,0.702,5.673,True,1.696,0.33,0.0088,2.025,
2,1821,0.691,-0.536,-1.498,-4.833,0.729,5.667,True,1.696,0.33,0.0088,2.025,
2,1822,0.691,-0.536,-1.498,-4.82,0.756,5.66,True,1.696,0.33,0.0088,2.025,
2,1823,0.691,-0.536,-1.498,-4.806,0.782,5.653,True,1.696,0.33,0.0088,2.025,
2,1824,0.691,-0.536,-1.498,-4.792,0.808,5.645,True,1.696,0.33,0.0088,2.025,
2,1825,0.691,-0.536,-1.498,-4.778,0.834,5.637,True,1.696,0.33,0.0088,2.025,
2,1826,0.691,-0.536,-1.498,-4.763,0.859,5.629,True,1.696,0.33,0.0088,2.025,
2,1827,0.691,-0.536,-1.498,-4.748,0.885,5.621,True,1.696,0.33,0.0088,2.025,
2,1828,0.691,-0.536,-1.498,-4.732,0.91,5.612,True,1.696,0.33,0.0088,2.025,
2,1829,0.691,-0.536,-1.498,-4.716,0.934,5.603,True,1.696,0.33,0.0088,2.025,
2,1830,0.691,-0.536,-1.498,-4.699,0.959,5.593,True,1.696,0.33,0.0088,2.025,
2,1831,0.691,-0.536,-1.498,-4.682,0.983,5.584,True,1.696,0.33,0.0088,2.025,
2,1832,0.691,-0.536,-1.498,-4.665,1.006,5.574,True,1.696,0.33,0.0088,2.025,
2,1833,0.691,-0.536,-1.498,-4.648,1.03,5.563,True,1.696,0.33,0.0088,2.025,
2,1834,0.691,-0.536,-1.498,-4.629,1.053,5.552,True,1.696,0.33,0.0088,2.025,
2,1835,0.691,-0.536,-1.498,-4.611,1.076,5.541,True,1.696,0.33,0.0088,2.025,
2,1836,0.691,-0.536,-1.498,-4.592,1.098,5.53,True,1.696,0.33,0.0088,2.025,
2,1837,0.691,-0.536,-1.498,-4.573,1.12,5.518,True,1.696,0.33,0.0088,2.025,
2,1838,0.691,-0.536,-1.498,-4.554,1.142,5.506,True,1.696,0.33,0.0088,2.025,
2,1839,0.691,-0.536,-1.498,-4.534,1.163,5.494,True,1.696,0.33,0.0088,2.025,
2,1840,0.691,-0.536,-1.498,-4.514,1.184,5.482,True,1.696,0.33,0.0088,2.025,
2,1841,0.691,-0.536,-1.498,-4.494,1.205,5.469,True,1.696,0.33,0.0088,2.025,
2,1842,0.691,-0.536,-1.498,-4.473,1.225,5.456,True,1.696,0.33,0.0088,2.025,
2,1843,0.691,-0.536,-1.498,-4.452,1.245,5.443,True,1.696,0.33,0.0088,2.025,
2,1844,0.691,-0.536,-1.498,-4.431,1.265,5.429,True,1.696,0.33,0.0088,2.025,
2,1845,0.691,-0.536,-1.498,-4.41,1.284,5.415,True,1.696,0.33,0.0088,2.025,
2,1846,0.691,-0.536,-1.498,-4.388,1.303,5.401,True,1.696,0.33,0.0088,2.025,
2,1847,0.691,-0.536,-1.498,-4.366,1.321,5.387,True,1.696,0.33,0.0088,2.025,
2,1848,0.691,-0.536,-1.498,-4.343,1.339,5.372,True,1.696,0.33,0.0088,2.025,
2,1849,0.691,-0.536,-1.498,-4.321,1.357,5.357,True,1.696,0.33,0.0088,2.025,
2,1850,0.691,-0.536,-1.498,-4.298,1.374,5.342,True,1.696,0.33,0.0088,2.025,
2,1851,0.691,-0.536,-1.498,-4.275,1.391,5.327,True,1.696,0.33,0.0088,2.025,
2,1852,0.691,-0.536,-1.498,-4.252,1.408,5.311,True,1.696,0.33,0.0088,2.025,
2,1853,0.691,-0.536,-1.498,-4.229,1.424,5.295,True,1.696,0.33,0.0088,2.025,
2,1854,0.691,-0.536,-1.498,-4.205,1.44,5.279,True,1.696,0.33,0.0088,2.025,
2,1855,0.691,-0.536,-1.498,-4.181,1.455,5.263,True,1.696,0.33,0.0088,2.025,
2,1856,0.691,-0.536,-1.498,-4.157,1.47,5.246,True,1.696,0.33,0.0088,2.025,
2,1857,0.691,-0.536,-1.498,-4.133,1.485,5.23,True,1.696,0.33,0.0088,2.025,
2,1858,0.691,-0.536,-1.498,-4.109,1.499,5.213,True,1.696,0.33,0.0088,2.025,
2,1859,0.691,-0.536,-1.498,-4.084,1.513,5.196,True,1.696,0.33,0.0088,2.025,
2,1860,0.691,-0.535,-1.498,-4.059,1.526,5.178,True,1.696,0.33,0.0088,2.025,
2,1861,0.691,-0.535,-1.498,-4.035,1.539,5.161,True,1.696,0.33,0.0088,2.025,
2,1862,0.691,-0.535,-1.498,-4.01,1.552,5.143,True,1.696,0.33,0.0088,2.025,
2,1863,0.691,-0.535,-1.498,-3.984,1.564,5.125,True,1.696,0.33,0.0088,2.025,
2,1864,0.691,-0.535,-1.498,-3.959,1.576,5.107,True,1.696,0.33,0.0088,2.025,
2,1865,0.691,-0.535,-1.498,-3.934,1.588,5.089,True,1.696,0.33,0.0088,2.025,
2,1866,0.691,-0.535,-1.498,-3.908,1.599,5.07,True,1.696,0.33,0.0088,2.025,
2,1867,0.691,-0.535,-1.498,-3.883,1.61,5.052,True,1.696,0.33,0.0088,2.025,
2,1868,0.691,-0.535,-1.498,-3.857,1.62,5.033,True,1.696,0.33,0.0088,2.025,
2,1869,0.691,-0.535,-1.498,-3.831,1.63,5.014,True,1.696,0.33,0.0088,2.025,
2,1870,0.691,-0.535,-1.498,-3.806,1.64,4.995,True,1.696,0.33,0.0088,2.025,
2,1871,0.691,-0.535,-1.498,-3.78,1.649,4.976,True,1.696,0.33,0.0088,2.025,
2,1872,0.691,-0.535,-1.498,-3.754,1.658,4.956,True,1.696,0.33,0.0088,2.025,
2,1873,0.691,-0.535,-1.498,-3.728,1.666,4.937,True,1.696,0.33,0.0088,2.025,
2,1874,0.691,-0.535,-1.498,-3.702,1.675,4.917,True,1.696,0.33,0.0088,2.025,
2,1875,0.691,-0.535,-1.498,-3.675,1.682,4.897,True,1.696,0.33,0.0088,2.025,
2,1876,0.691,-0.535,-1.498,-3.649,1.69,4.877,True,1.696,0.33,0.0088,2.025,
2,1877,0.691,-0.535,-1.498,-3.623,1.697,4.857,True,1.696,0.33,0.0088,2.025,
2,1878,0.691,-0.535,-1.498,-3.597,1.704,4.837,True,1.696,0.33,0.0088,2.025,
2,1879,0.691,-0.535,-1.498,-3.57,1.71,4.817,True,1.696,0.33,0.0088,2.025,
2,1880,0.691,-0.535,-1.498,-3.544,1.716,4.796,True,1.696,0.33,0.0088,2.025,
2,1881,0.691,-0.535,-1.498,-3.518,1.722,4.775,True,1.696,0.33,0.0088,2.025,
2,1882,0.691,-0.535,-1.498,-3.491,1.727,4.755,True,1.696,0.33,0.0088,2.025,
2,1883,0.691,-0.535,-1.498,-3.465,1.732,4.734,True,1.696,0.33,0.0088,2.025,
2,1884,0.691,-0.535,-1.498,-3.438,1.737,4.713,True,1.696,0.33,0.0088,2.025,
2,1885,0.691,-0.535,-1.498,-3.412,1.741,4.692,True,1.696,0.33,0.0088,2.025,
2,1886,0.691,-0.535,-1.498,-3.386,1.745,4.671,True,1.696,0.33,0.0088,2.025,
2,1887,0.691,-0.535,-1.498,-3.359,1.748,4.65,True,1.696,0.33,0.0088,2.025,
2,1888,0.691,-0.535,-1.498,-3.333,1.752,4.628,True,1.696,0.33,0.0088,2.025,
2,1889,0.691,-0.535,-1.498,-3.306,1.755,4.607,True,1.696,0.33,0.0088,2.025,
2,1890,0.691,-0.535,-1.498,-3.28,1.757,4.585,True,1.696,0.33,0.0088,2.025,
2,1891,0.691,-0.535,-1.498,-3.254,1.76,4.564,True,1.696,0.33,0.0088,2.025,
2,1892,0.691,-0.535,-1.498,-3.228,1.762,4.542,True,1.696,0.33,0.0088,2.025,
2,1893,0.691,-0.535,-1.498,-3.201,1.764,4.52,True,1.696,0.33,0.0088,2.025,
2,1894,0.691,-0.535,-1.498,-3.175,1.765,4.499,True,1.696,0.33,0.0088,2.025,
2,1895,0.691,-0.535,-1.498,-3.149,1.766,4.477,True,1.696,0.33,0.0088,2.025,
2,1896,0.691,-0.535,-1.498,-3.123,1.767,4.455,True,1.696,0.33,0.0088,2.025,
2,1897,0.691,-0.535,-1.498,-3.097,1.768,4.433,True,1.696,0.33,0.0088,2.025,
2,1898,0.691,-0.535,-1.498,-3.071,1.768,4.411,True,1.696,0.33,0.0088,2.025,
2,1899,0.691,-0.535,-1.498,-3.045,1.768,4.389,True,1.696,0.33,0.0088,2.025,
2,1900,0.691,-0.535,-1.498,-3.019,1.767,4.366,True,1.696,0.33,0.0088,2.025,
2,1901,0.691,-0.535,-1.498,-2.993,1.767,4.344,True,1.696,0.33,0.0088,2.025,
2,1902,0.691,-0.535,-1.498,-2.967,1.766,4.322,True,1.696,0.33,0.0088,2.025,
2,1903,0.691,-0.535,-1.498,-2.941,1.765,4.299,True,1.696,0.33,0.0088,2.025,
2,1904,0.691,-0.535,-1.498,-2.916,1.763,4.277,True,1.696,0.33,0.0088,2.025,
2,1905,0.691,-0.535,-1.498,-2.89,1.762,4.254,True,1.696,0.33,0.0088,2.025,
2,1906,0.691,-0.535,-1.498,-2.865,1.76,4.232,True,1.696,0.33,0.0088,2.025,
2,1907,0.691,-0.535,-1.498,-2.839,1.757,4.209,True,1.696,0.33,0.0088,2.025,
2,1908,0.691,-0.535,-1.498,-2.814,1.755,4.187,True,1.696,0.33,0.0088,2.025,
2,1909,0.691,-0.535,-1.498,-2.789,1.752,4.164,True,1.696,0.33,0.0088,2.025,
2,1910,0.691,-0.535,-1.498,-2.763,1.749,4.141,True,1.696,0.33,0.0088,2.025,
2,1911,0.691,-0.535,-1.498,-2.738,1.746,4.119,True,1.696,0.33,0.0088,2.025,
2,1912,0.691,-0.535,-1.498,-2.713,1.743,4.096,True,1.696,0.33,0.0088,2.025,
2,1913,0.691,-0.535,-1.498,-2.688,1.739,4.073,True,1.696,0.33,0.0088,2.025,
2,1914,0.691,-0.535,-1.498,-2.663,1.735,4.05,True,1.696,0.33,0.0088,2.025,
2,1915,0.691,-0.535,-1.498,-2.639,1.731,4.028,True,1.696,0.33,0.0088,2.025,
2,1916,0.691,-0.535,-1.498,-2.614,1.726,4.005,True,1.696,0.33,0.0088,2.025,
2,1917,0.691,-0.535,-1.498,-2.589,1.722,3.982,True,1.696,0.33,0.0088,2.025,
2,1918,0.691,-0.535,-1.498,-2.565,1.717,3.959,True,1.696,0.33,0.0088,2.025,
2,1919,0.691,-0.535,-1.498,-2.541,1.712,3.936,True,1.696,0.33,0.0088,2.025,
2,1920,0.691,-0.535,-1.498,-2.516,1.707,3.913,True,1.696,0.33,0.0088,2.025,
2,1921,0.691,-0.535,-1.498,-2.492,1.701,3.89,True,1.696,0.33,0.0088,2.025,
2,1922,0.691,-0.535,-1.498,-2.468,1.696,3.867,True,1.696,0.33,0.0088,2.025,
2,1923,0.691,-0.535,-1.498,-2.444,1.69,3.844,True,1.696,0.33,0.0088,2.025,
2,1924,0.691,-0.535,-1.498,-2.42,1.684,3.821,True,1.696,0.33,0.0088,2.025,
2,1925,0.691,-0.535,-1.498,-2.396,1.677,3.798,True,1.696,0.33,0.0088,2.025,
2,1926,0.691,-0.535,-1.498,-2.373,1.671,3.775,True,1.696,0.33,0.0088,2.025,
2,1927,0.691,-0.535,-1.498,-2.349,1.664,3.752,True,1.696,0.33,0.0088,2.025,
2,1928,0.691,-0.535,-1.498,-2.326,1.658,3.729,True,1.696,0.33,0.0088,2.025,
2,1929,0.691,-0.535,-1.498,-2.302,1.651,3.706,True,1.696,0.33,0.0088,2.025,
2,1930,0.691,-0.535,-1.498,-2.279,1.643,3.683,True,1.696,0.33,0.0088,2.025,
2,1931,0.691,-0.535,-1.498,-2.256,1.636,3.66,True,1.696,0.33,0.0088,2.025,
2,1932,0.691,-0.535,-1.498,-2.233,1.628,3.637,True,1.696,0.33,0.0088,2.025,
2,1933,0.691,-0.535,-1.498,-2.21,1.621,3.614,True,1.696,0.33,0.0088,2.025,
2,1934,0.691,-0.535,-1.498,-2.187,1.613,3.591,True,1.696,0.33,0.0088,2.025,
2,1935,0.691,-0.535,-1.498,-2.164,1.605,3.568,True,1.696,0.33,0.0088,2.025,
2,1936,0.691,-0.535,-1.498,-2.141,1.597,3.545,True,1.696,0.33,0.0088,2.025,
2,1937,0.691,-0.535,-1.498,-2.119,1.588,3.522,True,1.696,0.33,0.0088,2.025,
2,1938,0.691,-0.535,-1.498,-2.096,1.58,3.499,True,1.696,0.33,0.0088,2.025,
2,1939,0.691,-0.535,-1.498,-2.074,1.571,3.476,True,1.696,0.33,0.0088,2.025,
2,1940,0.691,-0.535,-1.498,-2.052,1.562,3.453,True,1.696,0.33,0.0088,2.025,
2,1941,0.691,-0.535,-1.498,-2.03,1.553,3.43,True,1.696,0.33,0.0088,2.025,
2,1942,0.691,-0.535,-1.498,-2.008,1.544,3.407,True,1.696,0.33,0.0088,2.025,
2,1943,0.691,-0.535,-1.498,-1.986,1.535,3.384,True,1.696,0.33,0.0088,2.025,
2,1944,0.691,-0.535,-1.498,-1.964,1.526,3.361,True,1.696,0.33,0.0088,2.025,
2,1945,0.691,-0.535,-1.498,-1.943,1.516,3.338,True,1.696,0.33,0.0088,2.025,
2,1946,0.691,-0.535,-1.498,-1.921,1.506,3.315,True,1.696,0.33,0.0088,2.025,
2,1947,0.691,-0.535,-1.498,-1.9,1.497,3.292,True,1.696,0.33,0.0088,2.025,
2,1948,0.691,-0.535,-1.498,-1.878,1.487,3.269,True,1.696,0.33,0.0088,2.025,
2,1949,0.691,-0.535,-1.498,-1.857,1.477,3.247,True,1.696,0.33,0.0088,2.025,
2,1950,0.691,-0.535,-1.498,-1.836,1.467,3.224,True,1.696,0.33,0.0088,2.025,
2,1951,0.691,-0.535,-1.498,-1.815,1.456,3.201,True,1.696,0.33,0.0088,2.025,
2,1952,0.691,-0.535,-1.498,-1.794,1.446,3.178,True,1.696,0.33,0.0088,2.025,
2,1953,0.691,-0.535,-1.498,-1.773,1.435,3.155,True,1.696,0.33,0.0088,2.025,
2,1954,0.691,-0.535,-1.498,-1.752,1.425,3.132,True,1.696,0.33,0.0088,2.025,
2,1955,0.691,-0.535,-1.498,-1.732,1.414,3.109,True,1.696,0.33,0.0088,2.025,
2,1956,0.691,-0.535,-1.498,-1.711,1.403,3.087,True,1.696,0.33,0.0088,2.025,
2,1957,0.691,-0.535,-1.498,-1.691,1.392,3.064,True,1.696,0.33,0.0088,2.025,
2,1958,0.691,-0.535,-1.498,-1.67,1.381,3.041,True,1.696,0.33,0.0088,2.025,
2,1959,0.691,-0.535,-1.498,-1.65,1.37,3.018,True,1.696,0.33,0.0088,2.025,
2,1960,0.691,-0.535,-1.498,-1.63,1.359,2.996,True,1.696,0.33,0.0088,2.025,
2,1961,0.691,-0.535,-1.498,-1.61,1.347,2.973,True,1.696,0.33,0.0088,2.025,
2,1962,0.691,-0.535,-1.498,-1.59,1.336,2.95,True,1.696,0.33,0.0088,2.025,
2,1963,0.691,-0.535,-1.498,-1.57,1.324,2.928,True,1.696,0.33,0.0088,2.025,
2,1964,0.691,-0.535,-1.498,-1.551,1.313,2.905,True,1.696,0.33,0.0088,2.025,
2,1965,0.691,-0.535,-1.498,-1.531,1.301,2.882,True,1.696,0.33,0.0088,2.025,
2,1966,0.691,-0.535,-1.498,-1.511,1.289,2.86,True,1.696,0.33,0.0088,2.025,
2,1967,0.691,-0.535,-1.498,-1.492,1.277,2.837,True,1.696,0.33,0.0088,2.025,
2,1968,0.691,-0.535,-1.498,-1.473,1.265,2.815,True,1.696,0.33,0.0088,2.025,
2,1969,0.691,-0.535,-1.498,-1.453,1.253,2.792,True,1.696,0.33,0.0088,2.025,
2,1970,0.691,-0.535,-1.498,-1.434,1.241,2.77,True,1.696,0.33,0.0088,2.025,
2,1971,0.691,-0.535,-1.498,-1.415,1.228,2.747,True,1.696,0.33,0.0088,2.025,
2,1972,0.691,-0.535,-1.498,-1.396,1.216,2.725,True,1.696,0.33,0.0088,2.025,
2,1973,0.691,-0.535,-1.498,-1.377,1.204,2.702,True,1.696,0.33,0.0088,2.025,
2,1974,0.691,-0.535,-1.498,-1.358,1.191,2.68,True,1.696,0.33,0.0088,2.025,
2,1975,0.691,-0.535,-1.498,-1.34,1.179,2.657,True,1.696,0.33,0.0088,2.025,
2,1976,0.691,-0.535,-1.498,-1.321,1.166,2.635,True,1.696,0.33,0.0088,2.025,
2,1977,0.691,-0.535,-1.498,-1.303,1.153,2.613,True,1.696,0.33,0.0088,2.025,
2,1978,0.691,-0.535,-1.498,-1.284,1.141,2.59,True,1.696,0.33,0.0088,2.025,
2,1979,0.691,-0.535,-1.498,-1.266,1.128,2.568,True,1.696,0.33,0.0088,2.025,
2,1980,0.691,-0.535,-1.498,-1.247,1.115,2.546,True,1.696,0.33,0.0088,2.025,
2,1981,0.691,-0.535,-1.498,-1.229,1.102,2.523,True,1.696,0.33,0.0088,2.025,
2,1982,0.691,-0.535,-1.498,-1.211,1.089,2.501,True,1.696,0.33,0.0088,2.025,
2,1983,0.691,-0.535,-1.498,-1.193,1.076,2.479,True,1.696,0.33,0.0088,2.025,
2,1984,0.691,-0.535,-1.498,-1.175,1.063,2.457,True,1.696,0.33,0.0088,2.025,
2,1985,0.691,-0.535,-1.498,-1.157,1.049,2.435,True,1.696,0.33,0.0088,2.025,
2,1986,0.691,-0.535,-1.498,-1.139,1.036,2.412,True,1.696,0.33,0.0088,2.025,
2,1987,0.691,-0.535,-1.498,-1.122,1.023,2.39,True,1.696,0.33,0.0088,2.025,
2,1988,0.691,-0.535,-1.498,-1.104,1.009,2.368,True,1.696,0.33,0.0088,2.025,
2,1989,0.691,-0.535,-1.498,-1.086,0.996,2.346,True,1.696,0.33,0.0088,2.025,
2,1990,0.691,-0.535,-1.498,-1.069,0.982,2.324,True,1.696,0.33,0.0088,2.025,
2,1991,0.691,-0.535,-1.498,-1.052,0.969,2.302,True,1.696,0.33,0.0088,2.025,
2,1992,0.691,-0.535,-1.498,-1.034,0.955,2.28,True,1.696,0.33,0.0088,2.025,
2,1993,0.691,-0.535,-1.498,-1.017,0.942,2.258,True,1.696,0.33,0.0088,2.025,
2,1994,0.691,-0.535,-1.498,-1.0,0.928,2.236,True,1.696,0.33,0.0088,2.025,
2,1995,0.691,-0.535,-1.498,-0.983,0.914,2.214,True,1.696,0.33,0.0088,2.025,
2,1996,0.691,-0.535,-1.498,-0.965,0.9,2.192,True,1.696,0.33,0.0088,2.025,
2,1997,0.691,-0.535,-1.498,-0.948,0.887,2.17,True,1.696,0.33,0.0088,2.025,
2,1998,0.691,-0.535,-1.498,-0.931,0.873,2.148,True,1.696,0.33,0.0088,2.025,
2,1999,0.691,-0.535,-1.498,-0.915,0.859,2.126,True,1.783,0.366,0.0098,2.149,
2,2000,0.691,-0.535,-1.498,-0.898,0.845,2.104,True,1.833,0.439,0.0117,2.272,
3,1,-2.29,0.561,-1.624,-1.074,0.987,1.288,True,0.937,1.025,0.0273,1.156,
3,2,-2.3,0.573,-1.612,-1.057,0.973,1.306,True,0.879,0.806,0.0215,1.099,
3,3,-2.311,0.585,-1.6,-1.04,0.959,1.326,True,0.982,0.586,0.0156,1.146,
3,4,-2.322,0.598,-1.588,-1.022,0.946,1.346,True,1.238,0.366,0.0098,1.323,
3,5,-2.333,0.611,-1.575,-1.005,0.932,1.366,True,2.209,0.11,0.0029,2.161,
3,6,-2.344,0.624,-1.562,-0.988,0.918,1.388,True,2.271,0.146,0.0039,2.358,
3,7,-2.355,0.638,-1.548,-0.971,0.905,1.41,True,2.185,0.146,0.0039,2.426,
3,8,-2.366,0.652,-1.535,-0.954,0.891,1.432,True,2.0,0.11,0.0029,2.243,
3,9,-2.377,0.665,-1.521,-0.937,0.877,1.455,True,1.63,0.146,0.0039,1.714,
3,10,-2.387,0.679,-1.506,-0.92,0.863,1.479,True,1.221,0.11,0.0029,0.762,
3,11,-2.398,0.693,-1.492,-0.903,0.849,1.503,False,0.0,0.0,0.0,-1.567,
3,12,-2.408,0.707,-1.477,-0.886,0.835,1.527,False,0.0,0.0,0.0,-1.837,
3,13,-2.418,0.721,-1.462,-0.87,0.821,1.552,False,0.0,0.0,0.0,-1.979,
3,14,-2.428,0.734,-1.446,-0.853,0.807,1.577,False,0.0,0.0,0.0,-2.069,
3,15,-2.438,0.748,-1.43,-0.836,0.793,1.602,False,0.0,0.0,0.0,-2.132,
3,16,-2.448,0.76,-1.415,-0.82,0.779,1.628,False,0.0,0.0,0.0,-2.178,
3,17,-2.457,0.773,-1.399,-0.803,0.765,1.653,False,0.0,0.0,0.0,-2.213,
3,18,-2.465,0.785,-1.383,-0.787,0.75,1.679,False,0.0,0.0,0.0,-2.236,
3,19,-2.474,0.797,-1.367,-0.77,0.736,1.704,False,0.0,0.0,0.0,-2.247,
3,20,-2.482,0.808,-1.35,-0.754,0.722,1.73,False,0.0,0.0,0.0,-2.245,
3,21,-2.489,0.819,-1.334,-0.738,0.708,1.755,False,0.0,0.0,0.0,-2.228,
3,22,-2.496,0.829,-1.318,-0.722,0.693,1.78,False,0.0,0.0,0.0,-2.2,
3,23,-2.503,0.838,-1.302,-0.705,0.679,1.804,False,0.0,0.0,0.0,-2.166,
3,24,-2.509,0.847,-1.287,-0.689,0.665,1.829,False,0.0,0.0,0.0,-2.12,
3,25,-2.514,0.855,-1.271,-0.673,0.65,1.852,False,0.0,0.0,0.0,-2.064,
3,26,-2.519,0.863,-1.256,-0.657,0.636,1.876,False,0.0,0.0,0.0,-1.997,
3,27,-2.523,0.87,-1.241,-0.641,0.621,1.898,False,0.0,0.0,0.0,-1.92,
3,28,-2.527,0.876,-1.226,-0.625,0.607,1.92,False,0.0,0.0,0.0,-1.83,
3,29,-2.53,0.882,-1.212,-0.609,0.592,1.942,False,0.0,0.0,0.0,-1.722,
3,30,-2.532,0.887,-1.198,-0.594,0.578,1.963,False,0.0,0.0,0.0,-1.596,
3,31,-2.534,0.891,-1.184,-0.578,0.563,1.983,False,0.0,0.0,0.0,-1.46,
3,32,-2.534,0.895,-1.171,-0.562,0.548,2.003,False,0.0,0.0,0.0,-1.319,
3,33,-2.535,0.898,-1.159,-0.546,0.534,2.021,False,0.0,0.0,0.0,-1.177,
3,34,-2.534,0.901,-1.146,-0.531,0.519,2.039,False,0.0,0.0,0.0,-1.036,
3,35,-2.533,0.903,-1.135,-0.515,0.504,2.056,False,0.0,0.0,0.0,-0.898,
3,36,-2.53,0.905,-1.123,-0.499,0.49,2.073,False,0.0,0.0,0.0,-0.767,
3,37,-2.527,0.906,-1.113,-0.484,0.475,2.088,False,0.0,0.0,0.0,-0.648,
3,38,-2.523,0.906,-1.102,-0.468,0.46,2.103,False,0.0,0.0,0.0,-0.542,
3,39,-2.519,0.906,-1.092,-0.453,0.446,2.117,False,0.0,0.0,0.0,-0.449,
3,40,-2.513,0.906,-1.083,-0.437,0.431,2.13,False,0.0,0.0,0.0,-0.368,
3,41,-2.507,0.905,-1.073,-0.422,0.416,2.142,False,0.0,0.0,0.0,-0.296,
3,42,-2.5,0.904,-1.065,-0.407,0.401,2.153,False,0.0,0.0,0.0,-0.234,
3,43,-2.492,0.902,-1.056,-0.391,0.386,2.163,False,0.0,0.0,0.0,-0.181,
3,44,-2.483,0.9,-1.048,-0.376,0.372,2.172,False,0.0,0.0,0.0,-0.132,
3,45,-2.473,0.898,-1.04,-0.361,0.357,2.18,False,0.0,0.0,0.0,-0.085,
3,46,-2.462,0.895,-1.032,-0.345,0.342,2.188,False,0.0,0.0,0.0,-0.039,
3,47,-2.45,0.892,-1.024,-0.33,0.327,2.194,False,0.0,0.0,0.0,0.004,
3,48,-2.438,0.889,-1.016,-0.315,0.312,2.2,False,0.0,0.0,0.0,0.044,
3,49,-2.425,0.886,-1.008,-0.299,0.297,2.205,False,0.0,0.0,0.0,0.071,
3,50,-2.411,0.882,-1.001,-0.284,0.282,2.21,False,0.0,0.0,0.0,0.091,
3,51,-2.396,0.878,-0.993,-0.269,0.268,2.213,False,0.0,0.0,0.0,0.106,
3,52,-2.381,0.874,-0.985,-0.254,0.253,2.216,False,0.0,0.0,0.0,0.118,
3,53,-2.365,0.87,-0.977,-0.239,0.238,2.219,False,0.0,0.0,0.0,0.127,
3,54,-2.349,0.866,-0.969,-0.224,0.223,2.22,False,0.0,0.0,0.0,0.137,
3,55,-2.332,0.862,-0.96,-0.209,0.208,2.222,False,0.0,0.0,0.0,0.146,
3,56,-2.315,0.857,-0.952,-0.193,0.193,2.223,False,0.0,0.0,0.0,0.154,
3,57,-2.297,0.853,-0.943,-0.178,0.178,2.224,False,0.0,0.0,0.0,0.16,
3,58,-2.279,0.848,-0.934,-0.163,0.163,2.224,False,0.0,0.0,0.0,0.164,
3,59,-2.261,0.844,-0.924,-0.148,0.148,2.225,False,0.0,0.0,0.0,0.161,
3,60,-2.243,0.839,-0.915,-0.133,0.133,2.225,False,0.0,0.0,0.0,0.137,
3,61,-2.225,0.834,-0.905,-0.118,0.118,2.225,False,0.0,0.0,0.0,0.01,
3,62,-2.206,0.83,-0.895,-0.103,0.103,2.225,False,0.0,0.0,0.0,-0.558,
3,63,-2.188,0.825,-0.884,-0.088,0.088,2.226,False,0.0,0.0,0.0,-1.146,
3,64,-2.17,0.82,-0.874,-0.073,0.073,2.226,False,0.0,0.0,0.0,-1.215,
3,65,-2.152,0.815,-0.863,-0.058,0.058,2.226,False,0.0,0.0,0.0,-1.154,
3,66,-2.134,0.81,-0.852,-0.043,0.043,2.227,False,0.0,0.0,0.0,-1.063,
3,67,-2.116,0.805,-0.841,-0.028,0.028,2.228,False,0.0,0.0,0.0,-0.967,
3,68,-2.099,0.8,-0.83,-0.013,0.013,2.229,False,0.0,0.0,0.0,-0.871,
3,69,-2.081,0.795,-0.818,0.002,-0.002,2.23,False,0.0,0.0,0.0,-0.777,
3,70,-2.064,0.79,-0.807,0.017,-0.017,2.232,False,0.0,0.0,0.0,-0.686,
3,71,-2.048,0.784,-0.795,0.032,-0.032,2.234,False,0.0,0.0,0.0,-0.6,
3,72,-2.031,0.779,-0.783,0.047,-0.047,2.236,False,0.0,0.0,0.0,-0.517,
3,73,-2.015,0.773,-0.771,0.062,-0.062,2.239,False,0.0,0.0,0.0,-0.44,
3,74,-2.0,0.767,-0.759,0.077,-0.077,2.242,False,0.0,0.0,0.0,-0.368,
3,75,-1.984,0.761,-0.747,0.092,-0.092,2.245,False,0.0,0.0,0.0,-0.301,
3,76,-1.969,0.755,-0.735,0.107,-0.107,2.248,False,0.0,0.0,0.0,-0.239,
3,77,-1.955,0.749,-0.724,0.122,-0.122,2.252,False,0.0,0.0,0.0,-0.182,
3,78,-1.94,0.743,-0.711,0.137,-0.137,2.256,False,0.0,0.0,0.0,-0.131,
3,79,-1.927,0.736,-0.699,0.152,-0.152,2.26,False,0.0,0.0,0.0,-0.085,
3,80,-1.913,0.729,-0.687,0.167,-0.167,2.265,False,0.0,0.0,0.0,-0.044,
3,81,-1.9,0.722,-0.675,0.182,-0.182,2.27,False,0.0,0.0,0.0,-0.008,
3,82,-1.887,0.715,-0.663,0.197,-0.197,2.275,False,0.0,0.0,0.0,0.022,
3,83,-1.874,0.708,-0.651,0.212,-0.212,2.28,False,0.0,0.0,0.0,0.048,
3,84,-1.862,0.701,-0.64,0.228,-0.227,2.286,False,0.0,0.0,0.0,0.07,
3,85,-1.85,0.693,-0.628,0.243,-0.242,2.292,False,0.0,0.0,0.0,0.087,
3,86,-1.838,0.685,-0.616,0.258,-0.256,2.298,False,0.0,0.0,0.0,0.101,
3,87,-1.827,0.677,-0.604,0.273,-0.271,2.304,False,0.0,0.0,0.0,0.11,
3,88,-1.815,0.669,-0.592,0.288,-0.286,2.31,False,0.0,0.0,0.0,0.116,
3,89,-1.804,0.661,-0.58,0.303,-0.301,2.317,False,0.0,0.0,0.0,0.118,
3,90,-1.793,0.653,-0.568,0.319,-0.316,2.324,False,0.0,0.0,0.0,0.116,
3,91,-1.783,0.644,-0.556,0.334,-0.331,2.33,False,0.0,0.0,0.0,0.11,
3,92,-1.772,0.635,-0.544,0.349,-0.346,2.337,False,0.0,0.0,0.0,0.101,
3,93,-1.762,0.627,-0.533,0.364,-0.361,2.344,False,0.0,0.0,0.0,0.088,
3,94,-1.751,0.618,-0.521,0.38,-0.375,2.351,False,0.0,0.0,0.0,0.071,
3,95,-1.741,0.609,-0.509,0.395,-0.39,2.358,False,0.0,0.0,0.0,0.051,
3,96,-1.731,0.6,-0.497,0.411,-0.405,2.366,False,0.0,0.0,0.0,0.027,
3,97,-1.721,0.59,-0.485,0.426,-0.42,2.373,False,0.0,0.0,0.0,-0.002,
3,98,-1.711,0.581,-0.474,0.441,-0.435,2.38,False,0.0,0.0,0.0,-0.039,
3,99,-1.701,0.572,-0.462,0.457,-0.449,2.387,False,0.0,0.0,0.0,-0.087,
3,100,-1.691,0.562,-0.45,0.472,-0.464,2.395,False,0.0,0.0,0.0,-0.15,
3,101,-1.681,0.553,-0.439,0.488,-0.479,2.402,False,0.0,0.0,0.0,-0.229,
3,102,-1.671,0.543,-0.427,0.503,-0.494,2.409,False,0.0,0.0,0.0,-0.317,
3,103,-1.661,0.534,-0.415,0.519,-0.508,2.416,False,0.0,0.0,0.0,-0.397,
3,104,-1.651,0.524,-0.404,0.535,-0.523,2.424,False,0.0,0.0,0.0,-0.453,
3,105,-1.641,0.515,-0.392,0.55,-0.538,2.431,False,0.0,0.0,0.0,-0.483,
3,106,-1.631,0.505,-0.381,0.566,-0.552,2.438,False,0.0,0.0,0.0,-0.495,
3,107,-1.621,0.495,-0.369,0.582,-0.567,2.445,False,0.0,0.0,0.0,-0.495,
3,108,-1.61,0.486,-0.358,0.598,-0.581,2.452,False,0.0,0.0,0.0,-0.487,
3,109,-1.6,0.476,-0.347,0.614,-0.596,2.459,False,0.0,0.0,0.0,-0.474,
3,110,-1.589,0.466,-0.335,0.629,-0.61,2.466,False,0.0,0.0,0.0,-0.458,
3,111,-1.579,0.457,-0.324,0.645,-0.625,2.473,False,0.0,0.0,0.0,-0.44,
3,112,-1.568,0.447,-0.313,0.661,-0.639,2.48,False,0.0,0.0,0.0,-0.421,
3,113,-1.557,0.437,-0.302,0.677,-0.654,2.487,False,0.0,0.0,0.0,-0.401,
3,114,-1.546,0.428,-0.291,0.694,-0.668,2.494,False,0.0,0.0,0.0,-0.381,
3,115,-1.535,0.418,-0.28,0.71,-0.683,2.5,False,0.0,0.0,0.0,-0.36,
3,116,-1.524,0.409,-0.269,0.726,-0.697,2.507,False,0.0,0.0,0.0,-0.341,
3,117,-1.513,0.399,-0.258,0.742,-0.711,2.514,True,0.61,0.11,0.0029,0.897,
3,118,-1.502,0.39,-0.247,0.758,-0.726,2.52,True,0.572,0.146,0.0039,0.915,
3,119,-1.49,0.38,-0.236,0.775,-0.74,2.527,True,0.572,0.146,0.0039,0.931,
3,120,-1.479,0.371,-0.226,0.791,-0.754,2.533,True,0.572,0.146,0.0039,0.947,
3,121,-1.467,0.361,-0.215,0.807,-0.768,2.539,True,0.572,0.146,0.0039,0.962,
3,122,-1.455,0.352,-0.204,0.824,-0.782,2.546,True,0.602,0.183,0.0049,1.042,
3,123,-1.443,0.343,-0.194,0.841,-0.797,2.552,True,0.602,0.183,0.0049,1.055,
3,124,-1.431,0.333,-0.184,0.857,-0.811,2.558,True,0.637,0.146,0.0039,1.065,
3,125,-1.419,0.324,-0.173,0.874,-0.825,2.565,True,0.637,0.146,0.0039,1.076,
3,126,-1.407,0.315,-0.163,0.891,-0.839,2.571,True,0.637,0.146,0.0039,1.086,
3,127,-1.394,0.306,-0.153,0.907,-0.853,2.577,True,0.661,0.183,0.0049,1.155,
3,128,-1.382,0.297,-0.142,0.924,-0.867,2.583,True,0.683,0.22,0.0059,1.221,
3,129,-1.369,0.287,-0.132,0.941,-0.881,2.589,True,0.683,0.22,0.0059,1.228,
3,130,-1.357,0.278,-0.122,0.958,-0.894,2.595,True,0.683,0.22,0.0059,1.234,
3,131,-1.344,0.269,-0.112,0.975,-0.908,2.601,True,0.675,0.183,0.0049,1.195,
3,132,-1.332,0.26,-0.102,0.992,-0.922,2.607,True,0.675,0.183,0.0049,1.2,
3,133,-1.319,0.251,-0.093,1.009,-0.936,2.613,True,0.709,0.146,0.0039,1.201,
3,134,-1.306,0.242,-0.083,1.027,-0.949,2.619,True,0.709,0.146,0.0039,1.204,
3,135,-1.293,0.233,-0.073,1.044,-0.963,2.625,True,0.752,0.22,0.0059,1.323,
3,136,-1.28,0.225,-0.064,1.061,-0.977,2.631,True,0.752,0.22,0.0059,1.325,
3,137,-1.267,0.216,-0.054,1.079,-0.99,2.638,True,0.752,0.22,0.0059,1.326,
3,138,-1.254,0.207,-0.045,1.096,-1.004,2.644,True,0.752,0.22,0.0059,1.327,
3,139,-1.241,0.198,-0.035,1.114,-1.017,2.65,True,0.744,0.183,0.0049,1.282,
3,140,-1.227,0.189,-0.026,1.132,-1.03,2.656,True,0.775,0.146,0.0039,1.276,
3,141,-1.214,0.181,-0.017,1.15,-1.044,2.662,True,0.805,0.183,0.0049,1.342,
3,142,-1.201,0.172,-0.007,1.167,-1.057,2.668,True,0.816,0.22,0.0059,1.388,
3,143,-1.188,0.163,0.002,1.185,-1.07,2.674,True,0.816,0.22,0.0059,1.386,
3,144,-1.174,0.155,0.011,1.203,-1.083,2.681,True,0.816,0.22,0.0059,1.384,
3,145,-1.161,0.146,0.02,1.221,-1.096,2.687,True,0.816,0.22,0.0059,1.381,
3,146,-1.148,0.138,0.029,1.24,-1.109,2.693,True,0.816,0.22,0.0059,1.378,
3,147,-1.134,0.129,0.038,1.258,-1.122,2.7,True,0.84,0.256,0.0068,1.435,
3,148,-1.121,0.12,0.046,1.276,-1.135,2.706,True,0.865,0.183,0.0049,1.383,
3,149,-1.107,0.112,0.055,1.295,-1.148,2.712,True,0.873,0.22,0.0059,1.424,
3,150,-1.094,0.104,0.064,1.313,-1.161,2.719,True,0.873,0.22,0.0059,1.419,
3,151,-1.081,0.095,0.072,1.332,-1.173,2.725,True,0.873,0.22,0.0059,1.415,
3,152,-1.067,0.087,0.08,1.35,-1.186,2.732,True,0.904,0.293,0.0078,1.515,
3,153,-1.054,0.078,0.089,1.369,-1.198,2.739,True,0.896,0.256,0.0068,1.466,
3,154,-1.04,0.07,0.097,1.388,-1.211,2.745,True,0.896,0.256,0.0068,1.462,
3,155,-1.027,0.062,0.105,1.407,-1.223,2.752,True,0.932,0.256,0.0068,1.495,
3,156,-1.013,0.053,0.113,1.426,-1.235,2.759,True,0.932,0.256,0.0068,1.491,
3,157,-1.0,0.045,0.121,1.445,-1.248,2.766,True,0.934,0.293,0.0078,1.528,
3,158,-0.986,0.037,0.129,1.464,-1.26,2.773,True,0.934,0.293,0.0078,1.525,
3,159,-0.973,0.029,0.137,1.484,-1.272,2.78,True,0.951,0.293,0.0078,1.54,
3,160,-0.96,0.02,0.145,1.503,-1.284,2.787,True,0.951,0.293,0.0078,1.537,
3,161,-0.946,0.012,0.152,1.522,-1.296,2.794,True,0.951,0.293,0.0078,1.535,
3,162,-0.933,0.004,0.16,1.542,-1.308,2.801,True,0.993,0.256,0.0068,1.539,
3,163,-0.919,-0.004,0.167,1.562,-1.319,2.808,True,0.993,0.256,0.0068,1.537,
3,164,-0.906,-0.012,0.174,1.582,-1.331,2.815,True,0.998,0.293,0.0078,1.576,
3,165,-0.893,-0.02,0.182,1.601,-1.342,2.823,True,0.993,0.293,0.0078,1.568,
3,166,-0.879,-0.028,0.189,1.621,-1.354,2.83,True,1.025,0.366,0.0098,1.671,
3,167,-0.866,-0.036,0.196,1.641,-1.365,2.838,True,1.025,0.366,0.0098,1.668,
3,168,-0.852,-0.044,0.203,1.662,-1.376,2.845,True,1.043,0.33,0.0088,1.646,
3,169,-0.839,-0.052,0.209,1.682,-1.387,2.853,True,1.043,0.33,0.0088,1.643,
3,170,-0.826,-0.06,0.216,1.702,-1.398,2.861,True,1.062,0.366,0.0098,1.696,
3,171,-0.812,-0.067,0.223,1.723,-1.409,2.868,True,1.07,0.33,0.0088,1.663,
3,172,-0.799,-0.075,0.229,1.743,-1.42,2.876,True,1.08,0.366,0.0098,1.706,
3,173,-0.786,-0.083,0.236,1.764,-1.431,2.884,True,1.085,0.403,0.0107,1.744,
3,174,-0.772,-0.09,0.242,1.785,-1.441,2.892,True,1.103,0.366,0.0098,1.721,
3,175,-0.759,-0.098,0.248,1.806,-1.452,2.9,True,1.117,0.403,0.0107,1.768,
3,176,-0.746,-0.106,0.254,1.827,-1.462,2.908,True,1.112,0.366,0.0098,1.722,
3,177,-0.733,-0.113,0.26,1.848,-1.472,2.916,True,1.119,0.33,0.0088,1.689,
3,178,-0.719,-0.121,0.266,1.869,-1.482,2.925,True,1.142,0.33,0.0088,1.707,
3,179,-0.706,-0.128,0.271,1.89,-1.492,2.933,True,1.166,0.293,0.0078,1.691,
3,180,-0.693,-0.136,0.277,1.912,-1.502,2.941,True,1.166,0.293,0.0078,1.687,
3,181,-0.68,-0.143,0.282,1.933,-1.512,2.95,True,1.191,0.33,0.0088,1.745,
3,182,-0.666,-0.15,0.287,1.955,-1.522,2.958,True,1.196,0.403,0.0107,1.819,
3,183,-0.653,-0.157,0.293,1.977,-1.531,2.967,True,1.234,0.33,0.0088,1.78,
3,184,-0.64,-0.165,0.298,1.998,-1.54,2.976,True,1.252,0.366,0.0098,1.83,
3,185,-0.627,-0.172,0.302,2.02,-1.549,2.984,True,1.256,0.403,0.0107,1.867,
3,186,-0.614,-0.179,0.307,2.042,-1.559,2.993,True,1.26,0.366,0.0098,1.83,
3,187,-0.601,-0.186,0.312,2.065,-1.567,3.002,True,1.256,0.33,0.0088,1.785,
3,188,-0.587,-0.193,0.316,2.087,-1.576,3.011,True,1.256,0.33,0.0088,1.78,
3,189,-0.574,-0.2,0.321,2.109,-1.585,3.02,True,1.275,0.293,0.0078,1.758,
3,190,-0.561,-0.207,0.325,2.132,-1.593,3.029,True,1.302,0.403,0.0107,1.89,
3,191,-0.548,-0.213,0.329,2.154,-1.601,3.038,True,1.311,0.439,0.0117,1.931,
3,192,-0.535,-0.22,0.333,2.177,-1.609,3.047,True,1.339,0.403,0.0107,1.917,
3,193,-0.522,-0.227,0.337,2.2,-1.617,3.057,True,1.339,0.403,0.0107,1.912,
3,194,-0.509,-0.234,0.34,2.223,-1.625,3.066,True,1.342,0.33,0.0088,1.838,
3,195,-0.496,-0.24,0.344,2.246,-1.633,3.076,True,1.337,0.293,0.0078,1.791,
3,196,-0.484,-0.247,0.347,2.269,-1.64,3.085,True,1.361,0.33,0.0088,1.846,
3,197,-0.471,-0.253,0.35,2.292,-1.647,3.095,True,1.361,0.33,0.0088,1.842,
3,198,-0.458,-0.26,0.354,2.315,-1.655,3.104,True,1.392,0.33,0.0088,1.868,
3,199,-0.445,-0.266,0.357,2.339,-1.661,3.114,True,1.409,0.33,0.0088,1.88,
3,200,-0.432,-0.272,0.359,2.362,-1.668,3.124,True,1.409,0.33,0.0088,1.875,
3,201,-0.42,-0.278,0.362,2.386,-1.675,3.134,True,1.422,0.366,0.0098,1.921,
3,202,-0.407,-0.285,0.365,2.41,-1.681,3.144,True,1.422,0.366,0.0098,1.916,
3,203,-0.394,-0.291,0.367,2.434,-1.687,3.154,True,1.424,0.33,0.0088,1.876,
3,204,-0.382,-0.297,0.369,2.458,-1.693,3.164,True,1.409,0.366,0.0098,1.893,
3,205,-0.369,-0.303,0.371,2.482,-1.699,3.174,True,1.409,0.33,0.0088,1.852,
3,206,-0.357,-0.309,0.373,2.506,-1.704,3.185,True,1.425,0.293,0.0078,1.828,
3,207,-0.344,-0.315,0.375,2.53,-1.71,3.195,True,1.42,0.366,0.0098,1.893,
3,208,-0.332,-0.32,0.377,2.554,-1.715,3.205,True,1.42,0.366,0.0098,1.89,
3,209,-0.319,-0.326,0.378,2.579,-1.72,3.216,True,1.43,0.403,0.0107,1.933,
3,210,-0.307,-0.332,0.38,2.603,-1.725,3.227,True,1.43,0.403,0.0107,1.931,
3,211,-0.295,-0.337,0.381,2.628,-1.729,3.237,True,1.421,0.33,0.0088,1.846,
3,212,-0.283,-0.343,0.382,2.653,-1.733,3.248,True,1.421,0.293,0.0078,1.807,
3,213,-0.271,-0.349,0.383,2.678,-1.737,3.259,True,1.449,0.33,0.0088,1.869,
3,214,-0.259,-0.354,0.384,2.702,-1.741,3.27,True,1.47,0.293,0.0078,1.851,
3,215,-0.247,-0.359,0.385,2.727,-1.745,3.281,True,1.47,0.293,0.0078,1.848,
3,216,-0.235,-0.365,0.386,2.753,-1.748,3.292,True,1.47,0.293,0.0078,1.846,
3,217,-0.223,-0.37,0.386,2.778,-1.751,3.303,True,1.47,0.293,0.0078,1.844,
3,218,-0.211,-0.375,0.387,2.803,-1.754,3.314,True,1.459,0.33,0.0088,1.868,
3,219,-0.199,-0.38,0.387,2.828,-1.756,3.326,True,1.438,0.439,0.0117,1.954,
3,220,-0.188,-0.386,0.387,2.854,-1.759,3.337,True,1.438,0.439,0.0117,1.952,
3,221,-0.176,-0.391,0.387,2.879,-1.761,3.349,True,1.416,0.403,0.0107,1.892,
3,222,-0.165,-0.396,0.387,2.905,-1.763,3.36,True,1.423,0.366,0.0098,1.859,
3,223,-0.153,-0.401,0.387,2.93,-1.764,3.372,True,1.406,0.293,0.0078,1.767,
3,224,-0.142,-0.405,0.387,2.956,-1.765,3.383,True,1.406,0.293,0.0078,1.765,
3,225,-0.131,-0.41,0.386,2.982,-1.766,3.395,True,1.406,0.293,0.0078,1.763,
3,226,-0.12,-0.415,0.386,3.008,-1.767,3.407,True,1.406,0.293,0.0078,1.76,
3,227,-0.108,-0.42,0.385,3.034,-1.768,3.419,True,1.406,0.293,0.0078,1.758,
3,228,-0.097,-0.425,0.384,3.06,-1.768,3.431,True,1.424,0.256,0.0068,1.737,
3,229,-0.086,-0.429,0.384,3.086,-1.768,3.443,True,1.401,0.293,0.0078,1.748,
3,230,-0.076,-0.434,0.383,3.112,-1.767,3.455,True,1.401,0.293,0.0078,1.746,
3,231,-0.065,-0.438,0.382,3.138,-1.767,3.467,True,1.391,0.33,0.0088,1.77,
3,232,-0.054,-0.443,0.381,3.164,-1.766,3.479,True,1.385,0.366,0.0098,1.799,
3,233,-0.044,-0.447,0.379,3.19,-1.764,3.491,True,1.385,0.366,0.0098,1.796,
3,234,-0.033,-0.452,0.378,3.216,-1.763,3.504,True,1.367,0.33,0.0088,1.739,
3,235,-0.023,-0.456,0.377,3.243,-1.761,3.516,True,1.367,0.33,0.0088,1.737,
3,236,-0.012,-0.46,0.375,3.269,-1.759,3.529,True,1.367,0.33,0.0088,1.735,
3,237,-0.002,-0.464,0.374,3.295,-1.756,3.541,True,1.367,0.33,0.0088,1.733,
3,238,0.008,-0.469,0.372,3.321,-1.753,3.553,True,1.367,0.33,0.0088,1.731,
3,239,0.018,-0.473,0.37,3.348,-1.75,3.566,True,1.367,0.33,0.0088,1.729,
3,240,0.028,-0.477,0.369,3.374,-1.746,3.579,True,1.385,0.33,0.0088,1.745,
3,241,0.038,-0.481,0.367,3.401,-1.743,3.591,True,1.376,0.366,0.0098,1.772,
3,242,0.048,-0.485,0.365,3.427,-1.738,3.604,True,1.36,0.403,0.0107,1.791,
3,243,0.058,-0.489,0.363,3.453,-1.734,3.616,True,1.36,0.403,0.0107,1.789,
3,244,0.068,-0.493,0.361,3.48,-1.729,3.629,True,1.353,0.366,0.0098,1.744,
3,245,0.077,-0.497,0.358,3.506,-1.724,3.642,True,1.36,0.33,0.0088,1.713,
3,246,0.087,-0.501,0.356,3.533,-1.718,3.655,True,1.318,0.366,0.0098,1.706,
3,247,0.096,-0.505,0.354,3.559,-1.713,3.667,True,1.296,0.33,0.0088,1.645,
3,248,0.106,-0.508,0.351,3.585,-1.706,3.68,True,1.296,0.293,0.0078,1.606,
3,249,0.115,-0.512,0.349,3.612,-1.7,3.693,True,1.296,0.293,0.0078,1.604,
3,250,0.124,-0.516,0.346,3.638,-1.693,3.706,True,1.296,0.293,0.0078,1.602,
3,251,0.133,-0.52,0.344,3.664,-1.686,3.718,True,1.296,0.293,0.0078,1.6,
3,252,0.142,-0.523,0.341,3.69,-1.678,3.731,True,1.296,0.293,0.0078,1.597,
3,253,0.151,-0.527,0.338,3.716,-1.67,3.744,True,1.296,0.293,0.0078,1.595,
3,254,0.16,-0.53,0.335,3.743,-1.662,3.757,True,1.296,0.293,0.0078,1.593,
3,255,0.169,-0.534,0.333,3.769,-1.653,3.77,True,1.296,0.293,0.0078,1.591,
3,256,0.178,-0.537,0.33,3.794,-1.644,3.782,True,1.296,0.293,0.0078,1.588,
3,257,0.186,-0.541,0.327,3.82,-1.634,3.795,True,1.296,0.293,0.0078,1.586,
3,258,0.195,-0.544,0.324,3.846,-1.624,3.808,True,1.296,0.293,0.0078,1.584,
3,259,0.203,-0.548,0.32,3.872,-1.614,3.82,True,1.296,0.293,0.0078,1.581,
3,260,0.212,-0.551,0.317,3.897,-1.604,3.833,True,1.296,0.293,0.0078,1.579,
3,261,0.22,-0.554,0.314,3.923,-1.593,3.846,True,1.296,0.293,0.0078,1.577,
3,262,0.228,-0.557,0.311,3.948,-1.581,3.858,True,1.278,0.33,0.0088,1.593,
3,263,0.237,-0.561,0.308,3.974,-1.569,3.871,True,1.278,0.33,0.0088,1.591,
3,264,0.245,-0.564,0.304,3.999,-1.557,3.883,True,1.278,0.33,0.0088,1.589,
3,265,0.253,-0.567,0.301,4.024,-1.545,3.896,True,1.278,0.33,0.0088,1.587,
3,266,0.261,-0.57,0.297,4.049,-1.532,3.908,True,1.278,0.33,0.0088,1.585,
3,267,0.269,-0.573,0.294,4.073,-1.519,3.92,True,1.278,0.33,0.0088,1.583,
3,268,0.277,-0.576,0.29,4.098,-1.505,3.932,True,1.278,0.33,0.0088,1.581,
3,269,0.285,-0.579,0.287,4.122,-1.491,3.945,True,1.278,0.33,0.0088,1.58,
3,270,0.292,-0.582,0.283,4.147,-1.476,3.957,True,1.278,0.33,0.0088,1.578,
3,271,0.3,-0.585,0.279,4.171,-1.462,3.969,True,1.278,0.33,0.0088,1.576,
3,272,0.308,-0.588,0.276,4.195,-1.446,3.981,True,1.278,0.33,0.0088,1.575,
3,273,0.315,-0.591,0.272,4.218,-1.431,3.992,True,1.251,0.293,0.0078,1.51,
3,274,0.323,-0.594,0.268,4.242,-1.415,4.004,True,1.231,0.33,0.0088,1.525,
3,275,0.33,-0.597,0.264,4.265,-1.398,4.016,True,1.251,0.293,0.0078,1.507,
3,276,0.338,-0.599,0.26,4.288,-1.382,4.027,True,1.231,0.33,0.0088,1.522,
3,277,0.345,-0.602,0.256,4.311,-1.364,4.039,True,1.231,0.33,0.0088,1.521,
3,278,0.352,-0.605,0.252,4.334,-1.347,4.05,True,1.231,0.33,0.0088,1.519,
3,279,0.359,-0.607,0.248,4.356,-1.329,4.061,True,1.231,0.33,0.0088,1.518,
3,280,0.367,-0.61,0.244,4.378,-1.311,4.072,True,1.231,0.33,0.0088,1.517,
3,281,0.374,-0.613,0.24,4.4,-1.292,4.083,True,1.231,0.33,0.0088,1.515,
3,282,0.381,-0.615,0.236,4.422,-1.273,4.094,True,1.231,0.33,0.0088,1.514,
3,283,0.388,-0.618,0.232,4.443,-1.254,4.105,True,1.231,0.33,0.0088,1.513,
3,284,0.395,-0.62,0.227,4.464,-1.234,4.116,True,1.251,0.293,0.0078,1.495,
3,285,0.402,-0.623,0.223,4.485,-1.214,4.126,True,1.231,0.33,0.0088,1.51,
3,286,0.408,-0.625,0.219,4.506,-1.193,4.136,True,1.231,0.33,0.0088,1.509,
3,287,0.415,-0.627,0.215,4.526,-1.172,4.146,True,1.231,0.33,0.0088,1.508,
3,288,0.422,-0.63,0.21,4.546,-1.151,4.156,True,1.231,0.33,0.0088,1.506,
3,289,0.429,-0.632,0.206,4.565,-1.13,4.166,True,1.231,0.33,0.0088,1.505,
3,290,0.435,-0.634,0.201,4.584,-1.108,4.176,True,1.231,0.33,0.0088,1.504,
3,291,0.442,-0.637,0.197,4.603,-1.085,4.185,True,1.231,0.33,0.0088,1.504,
3,292,0.448,-0.639,0.192,4.622,-1.063,4.195,True,1.231,0.33,0.0088,1.503,
3,293,0.455,-0.641,0.188,4.64,-1.04,4.204,True,1.231,0.33,0.0088,1.502,
3,294,0.461,-0.643,0.183,4.658,-1.017,4.213,True,1.231,0.33,0.0088,1.502,
3,295,0.468,-0.645,0.179,4.675,-0.993,4.222,True,1.231,0.33,0.0088,1.501,
3,296,0.474,-0.647,0.174,4.692,-0.969,4.23,True,1.222,0.366,0.0098,1.528,
3,297,0.48,-0.649,0.17,4.709,-0.945,4.239,True,1.222,0.366,0.0098,1.528,
3,298,0.487,-0.651,0.165,4.725,-0.92,4.247,True,1.222,0.366,0.0098,1.528,
3,299,0.493,-0.653,0.16,4.741,-0.895,4.255,True,1.222,0.366,0.0098,1.527,
3,300,0.499,-0.655,0.155,4.756,-0.87,4.263,True,1.225,0.366,0.0098,1.53,
3,301,0.505,-0.657,0.151,4.771,-0.845,4.27,True,1.225,0.366,0.0098,1.53,
3,302,0.511,-0.659,0.146,4.786,-0.819,4.278,True,1.225,0.366,0.0098,1.53,
3,303,0.517,-0.661,0.141,4.8,-0.793,4.285,True,1.225,0.366,0.0098,1.529,
3,304,0.523,-0.663,0.136,4.814,-0.767,4.292,True,1.225,0.366,0.0098,1.529,
3,305,0.529,-0.665,0.131,4.827,-0.741,4.299,True,1.225,0.366,0.0098,1.528,
3,306,0.535,-0.667,0.127,4.84,-0.714,4.305,True,1.225,0.366,0.0098,1.528,
3,307,0.541,-0.668,0.122,4.852,-0.687,4.312,True,1.225,0.366,0.0098,1.527,
3,308,0.546,-0.67,0.117,4.864,-0.66,4.318,True,1.225,0.366,0.0098,1.527,
3,309,0.552,-0.672,0.112,4.876,-0.632,4.324,True,1.225,0.366,0.0098,1.526,
3,310,0.558,-0.674,0.107,4.887,-0.605,4.329,True,1.225,0.366,0.0098,1.526,
3,311,0.564,-0.675,0.102,4.897,-0.577,4.335,True,1.231,0.33,0.0088,1.495,
3,312,0.569,-0.677,0.097,4.907,-0.549,4.34,True,1.231,0.33,0.0088,1.494,
3,313,0.575,-0.679,0.092,4.917,-0.52,4.345,True,1.211,0.293,0.0078,1.437,
3,314,0.58,-0.68,0.087,4.926,-0.492,4.35,True,1.211,0.293,0.0078,1.436,
3,315,0.586,-0.682,0.082,4.934,-0.463,4.354,True,1.211,0.293,0.0078,1.436,
3,316,0.591,-0.683,0.077,4.942,-0.434,4.358,True,1.211,0.293,0.0078,1.435,
3,317,0.597,-0.685,0.071,4.95,-0.406,4.362,True,1.194,0.256,0.0068,1.381,
3,318,0.602,-0.687,0.066,4.957,-0.376,4.366,True,1.166,0.293,0.0078,1.389,
3,319,0.607,-0.688,0.061,4.963,-0.347,4.369,True,1.166,0.293,0.0078,1.389,
3,320,0.613,-0.69,0.056,4.969,-0.318,4.373,True,1.166,0.293,0.0078,1.388,
3,321,0.618,-0.691,0.051,4.975,-0.288,4.376,True,1.166,0.293,0.0078,1.388,
3,322,0.623,-0.693,0.045,4.98,-0.259,4.378,True,1.166,0.293,0.0078,1.388,
3,323,0.628,-0.694,0.04,4.984,-0.229,4.381,True,1.166,0.293,0.0078,1.387,
3,324,0.633,-0.696,0.035,4.988,-0.2,4.383,True,1.166,0.293,0.0078,1.387,
3,325,0.638,-0.697,0.03,4.991,-0.17,4.385,True,1.166,0.293,0.0078,1.387,
3,326,0.643,-0.698,0.024,4.994,-0.14,4.387,True,1.166,0.293,0.0078,1.387,
3,327,0.648,-0.7,0.019,4.996,-0.11,4.388,True,1.166,0.293,0.0078,1.387,
3,328,0.653,-0.701,0.014,4.998,-0.08,4.389,True,1.166,0.293,0.0078,1.387,
3,329,0.658,-0.703,0.008,4.999,-0.05,4.39,True,1.166,0.293,0.0078,1.387,
3,330,0.663,-0.704,0.003,5.0,-0.02,4.391,True,1.166,0.293,0.0078,1.387,
3,331,0.668,-0.705,-0.002,5.0,0.01,4.391,True,1.166,0.293,0.0078,1.387,
3,332,0.672,-0.707,-0.008,5.0,0.04,4.391,True,1.166,0.293,0.0078,1.387,
3,333,0.677,-0.708,-0.013,4.999,0.07,4.391,True,1.166,0.293,0.0078,1.388,
3,334,0.682,-0.709,-0.019,4.997,0.1,4.39,True,1.166,0.293,0.0078,1.388,
3,335,0.687,-0.711,-0.024,4.995,0.13,4.39,True,1.166,0.293,0.0078,1.389,
3,336,0.691,-0.712,-0.03,4.992,0.16,4.389,True,1.166,0.293,0.0078,1.39,
3,337,0.696,-0.713,-0.035,4.989,0.189,4.387,True,1.166,0.293,0.0078,1.391,
3,338,0.7,-0.715,-0.04,4.986,0.219,4.386,True,1.149,0.33,0.0088,1.411,
3,339,0.705,-0.716,-0.046,4.981,0.249,4.384,True,1.149,0.33,0.0088,1.411,
3,340,0.709,-0.717,-0.051,4.977,0.278,4.382,True,1.149,0.33,0.0088,1.411,
3,341,0.713,-0.719,-0.057,4.971,0.308,4.38,True,1.149,0.33,0.0088,1.412,
3,342,0.718,-0.72,-0.063,4.966,0.337,4.377,True,1.149,0.33,0.0088,1.412,
3,343,0.722,-0.721,-0.068,4.959,0.367,4.375,True,1.149,0.33,0.0088,1.412,
3,344,0.726,-0.722,-0.074,4.952,0.396,4.371,True,1.149,0.33,0.0088,1.413,
3,345,0.731,-0.724,-0.079,4.945,0.425,4.368,True,1.149,0.33,0.0088,1.413,
3,346,0.735,-0.725,-0.085,4.937,0.453,4.365,True,1.149,0.33,0.0088,1.413,
3,347,0.739,-0.726,-0.09,4.929,0.482,4.361,True,1.149,0.33,0.0088,1.413,
3,348,0.743,-0.727,-0.096,4.92,0.511,4.357,True,1.149,0.33,0.0088,1.413,
3,349,0.747,-0.729,-0.102,4.911,0.539,4.352,True,1.149,0.33,0.0088,1.414,
3,350,0.751,-0.73,-0.107,4.901,0.567,4.348,True,1.166,0.293,0.0078,1.394,
3,351,0.755,-0.731,-0.113,4.89,0.595,4.343,True,1.166,0.293,0.0078,1.395,
3,352,0.759,-0.732,-0.118,4.88,0.623,4.338,True,1.185,0.33,0.0088,1.45,
3,353,0.763,-0.733,-0.124,4.868,0.65,4.332,True,1.211,0.293,0.0078,1.44,
3,354,0.767,-0.735,-0.13,4.857,0.678,4.327,True,1.211,0.293,0.0078,1.44,
3,355,0.77,-0.736,-0.135,4.844,0.705,4.321,True,1.211,0.293,0.0078,1.44,
3,356,0.774,-0.737,-0.141,4.832,0.731,4.315,True,1.203,0.33,0.0088,1.469,
3,357,0.778,-0.738,-0.147,4.818,0.758,4.309,True,1.203,0.33,0.0088,1.469,
3,358,0.782,-0.739,-0.152,4.805,0.784,4.302,True,1.203,0.33,0.0088,1.469,
3,359,0.785,-0.741,-0.158,4.791,0.81,4.295,True,1.203,0.33,0.0088,1.469,
3,360,0.789,-0.742,-0.164,4.776,0.836,4.288,True,1.205,0.33,0.0088,1.472,
3,361,0.793,-0.743,-0.169,4.761,0.862,4.281,True,1.205,0.33,0.0088,1.472,
3,362,0.796,-0.744,-0.175,4.746,0.887,4.274,True,1.205,0.33,0.0088,1.472,
3,363,0.8,-0.745,-0.181,4.73,0.912,4.266,True,1.205,0.33,0.0088,1.472,
3,364,0.803,-0.746,-0.186,4.714,0.936,4.258,True,1.205,0.33,0.0088,1.473,
3,365,0.806,-0.748,-0.192,4.698,0.961,4.25,True,1.224,0.366,0.0098,1.529,
3,366,0.81,-0.749,-0.198,4.681,0.985,4.241,True,1.224,0.366,0.0098,1.529,
3,367,0.813,-0.75,-0.203,4.664,1.009,4.233,True,1.224,0.366,0.0098,1.529,
3,368,0.817,-0.751,-0.209,4.646,1.032,4.224,True,1.224,0.366,0.0098,1.53,
3,369,0.82,-0.752,-0.215,4.628,1.055,4.215,True,1.224,0.366,0.0098,1.53,
3,370,0.823,-0.753,-0.22,4.609,1.078,4.206,True,1.224,0.366,0.0098,1.531,
3,371,0.826,-0.754,-0.226,4.591,1.1,4.196,True,1.224,0.366,0.0098,1.531,
3,372,0.829,-0.755,-0.232,4.572,1.122,4.187,True,1.224,0.366,0.0098,1.531,
3,373,0.832,-0.756,-0.238,4.552,1.144,4.177,True,1.224,0.366,0.0098,1.532,
3,374,0.836,-0.757,-0.243,4.532,1.165,4.167,True,1.224,0.366,0.0098,1.532,
3,375,0.839,-0.758,-0.249,4.512,1.186,4.157,True,1.224,0.366,0.0098,1.532,
3,376,0.842,-0.759,-0.255,4.492,1.207,4.146,True,1.224,0.366,0.0098,1.533,
3,377,0.845,-0.76,-0.26,4.471,1.227,4.136,True,1.23,0.403,0.0107,1.575,
3,378,0.848,-0.761,-0.266,4.45,1.247,4.125,True,1.23,0.403,0.0107,1.576,
3,379,0.85,-0.762,-0.272,4.429,1.266,4.114,True,1.23,0.403,0.0107,1.576,
3,380,0.853,-0.763,-0.277,4.408,1.286,4.103,True,1.23,0.403,0.0107,1.576,
3,381,0.856,-0.764,-0.283,4.386,1.304,4.091,True,1.23,0.403,0.0107,1.576,
3,382,0.859,-0.765,-0.289,4.364,1.323,4.08,True,1.23,0.403,0.0107,1.576,
3,383,0.862,-0.766,-0.294,4.341,1.341,4.068,True,1.252,0.439,0.0117,1.635,
3,384,0.864,-0.767,-0.3,4.319,1.358,4.056,True,1.252,0.439,0.0117,1.635,
3,385,0.867,-0.768,-0.306,4.296,1.376,4.044,True,1.267,0.476,0.0127,1.687,
3,386,0.87,-0.769,-0.311,4.273,1.393,4.032,True,1.283,0.439,0.0117,1.667,
3,387,0.872,-0.77,-0.317,4.25,1.409,4.02,True,1.283,0.439,0.0117,1.667,
3,388,0.875,-0.771,-0.323,4.226,1.425,4.007,True,1.284,0.403,0.0107,1.632,
3,389,0.877,-0.772,-0.328,4.203,1.441,3.994,True,1.284,0.403,0.0107,1.632,
3,390,0.88,-0.773,-0.334,4.179,1.456,3.981,True,1.301,0.366,0.0098,1.612,
3,391,0.882,-0.774,-0.34,4.155,1.471,3.969,True,1.301,0.366,0.0098,1.612,
3,392,0.885,-0.774,-0.345,4.131,1.486,3.955,True,1.322,0.33,0.0088,1.597,
3,393,0.887,-0.775,-0.351,4.106,1.5,3.942,True,1.322,0.33,0.0088,1.598,
3,394,0.89,-0.776,-0.357,4.082,1.514,3.929,True,1.322,0.33,0.0088,1.598,
3,395,0.892,-0.777,-0.362,4.057,1.527,3.915,True,1.322,0.33,0.0088,1.599,
3,396,0.894,-0.778,-0.368,4.032,1.54,3.902,True,1.322,0.33,0.0088,1.599,
3,397,0.897,-0.779,-0.373,4.007,1.553,3.888,True,1.343,0.293,0.0078,1.583,
3,398,0.899,-0.78,-0.379,3.982,1.565,3.874,True,1.343,0.293,0.0078,1.583,
3,399,0.901,-0.78,-0.385,3.957,1.577,3.86,True,1.343,0.293,0.0078,1.584,
3,400,0.903,-0.781,-0.39,3.932,1.589,3.846,True,1.332,0.33,0.0088,1.61,
3,401,0.905,-0.782,-0.396,3.906,1.6,3.831,True,1.332,0.33,0.0088,1.61,
3,402,0.907,-0.783,-0.401,3.881,1.611,3.817,True,1.332,0.33,0.0088,1.61,
3,403,0.909,-0.784,-0.407,3.855,1.621,3.802,True,1.332,0.33,0.0088,1.61,
3,404,0.912,-0.784,-0.413,3.829,1.631,3.788,True,1.332,0.33,0.0088,1.611,
3,405,0.914,-0.785,-0.418,3.803,1.641,3.773,True,1.332,0.33,0.0088,1.611,
3,406,0.916,-0.786,-0.424,3.777,1.65,3.758,True,1.332,0.33,0.0088,1.611,
3,407,0.917,-0.787,-0.429,3.751,1.659,3.743,True,1.332,0.33,0.0088,1.611,
3,408,0.919,-0.787,-0.435,3.725,1.667,3.728,True,1.332,0.33,0.0088,1.611,
3,409,0.921,-0.788,-0.44,3.699,1.675,3.713,True,1.332,0.33,0.0088,1.611,
3,410,0.923,-0.789,-0.446,3.673,1.683,3.697,True,1.332,0.33,0.0088,1.611,
3,411,0.925,-0.789,-0.451,3.647,1.69,3.682,True,1.332,0.33,0.0088,1.611,
3,412,0.927,-0.79,-0.457,3.621,1.697,3.667,True,1.332,0.33,0.0088,1.611,
3,413,0.929,-0.791,-0.462,3.594,1.704,3.651,True,1.332,0.33,0.0088,1.61,
3,414,0.93,-0.791,-0.468,3.568,1.71,3.635,True,1.332,0.33,0.0088,1.61,
3,415,0.932,-0.792,-0.473,3.542,1.716,3.62,True,1.332,0.33,0.0088,1.61,
3,416,0.934,-0.793,-0.479,3.515,1.722,3.604,True,1.332,0.33,0.0088,1.61,
3,417,0.935,-0.793,-0.484,3.489,1.727,3.588,True,1.332,0.33,0.0088,1.61,
3,418,0.937,-0.794,-0.49,3.462,1.732,3.572,True,1.332,0.33,0.0088,1.61,
3,419,0.939,-0.795,-0.495,3.436,1.737,3.556,True,1.332,0.33,0.0088,1.61,
3,420,0.94,-0.795,-0.5,3.41,1.741,3.54,True,1.332,0.33,0.0088,1.609,
3,421,0.942,-0.796,-0.506,3.383,1.745,3.524,True,1.332,0.33,0.0088,1.609,
3,422,0.943,-0.796,-0.511,3.357,1.749,3.508,True,1.332,0.33,0.0088,1.608,
3,423,0.945,-0.797,-0.517,3.33,1.752,3.491,True,1.332,0.33,0.0088,1.608,
3,424,0.946,-0.797,-0.522,3.304,1.755,3.475,True,1.332,0.33,0.0088,1.608,
3,425,0.948,-0.798,-0.527,3.278,1.758,3.458,True,1.352,0.366,0.0098,1.664,
3,426,0.949,-0.799,-0.533,3.251,1.76,3.442,True,1.352,0.366,0.0098,1.663,
3,427,0.951,-0.799,-0.538,3.225,1.762,3.425,True,1.352,0.366,0.0098,1.663,
3,428,0.952,-0.8,-0.543,3.199,1.764,3.409,True,1.352,0.366,0.0098,1.663,
3,429,0.953,-0.8,-0.549,3.173,1.765,3.392,True,1.352,0.366,0.0098,1.663,
3,430,0.955,-0.801,-0.554,3.147,1.766,3.375,True,1.352,0.366,0.0098,1.662,
3,431,0.956,-0.801,-0.559,3.12,1.767,3.359,True,1.352,0.366,0.0098,1.662,
3,432,0.957,-0.802,-0.564,3.094,1.768,3.342,True,1.352,0.366,0.0098,1.662,
3,433,0.959,-0.802,-0.57,3.068,1.768,3.325,True,1.352,0.366,0.0098,1.662,
3,434,0.96,-0.802,-0.575,3.042,1.768,3.308,True,1.394,0.366,0.0098,1.704,
3,435,0.961,-0.803,-0.58,3.016,1.767,3.291,True,1.394,0.366,0.0098,1.704,
3,436,0.962,-0.803,-0.585,2.991,1.767,3.274,True,1.405,0.33,0.0088,1.68,
3,437,0.963,-0.804,-0.591,2.965,1.766,3.257,True,1.423,0.366,0.0098,1.734,
3,438,0.964,-0.804,-0.596,2.939,1.765,3.24,True,1.423,0.366,0.0098,1.734,
3,439,0.966,-0.804,-0.601,2.913,1.763,3.223,True,1.423,0.366,0.0098,1.734,
3,440,0.967,-0.805,-0.606,2.888,1.761,3.206,True,1.423,0.366,0.0098,1.735,
3,441,0.968,-0.805,-0.611,2.862,1.759,3.189,True,1.444,0.33,0.0088,1.719,
3,442,0.969,-0.806,-0.617,2.837,1.757,3.171,True,1.444,0.33,0.0088,1.719,
3,443,0.97,-0.806,-0.622,2.812,1.755,3.154,True,1.444,0.33,0.0088,1.72,
3,444,0.971,-0.806,-0.627,2.786,1.752,3.137,True,1.468,0.293,0.0078,1.708,
3,445,0.972,-0.807,-0.632,2.761,1.749,3.12,True,1.468,0.293,0.0078,1.708,
3,446,0.973,-0.807,-0.637,2.736,1.746,3.103,True,1.468,0.293,0.0078,1.708,
3,447,0.973,-0.807,-0.642,2.711,1.742,3.085,True,1.468,0.293,0.0078,1.709,
3,448,0.974,-0.807,-0.647,2.686,1.739,3.068,True,1.468,0.293,0.0078,1.709,
3,449,0.975,-0.808,-0.652,2.661,1.735,3.051,True,1.468,0.293,0.0078,1.71,
3,450,0.976,-0.808,-0.657,2.636,1.73,3.033,True,1.458,0.33,0.0088,1.737,
3,451,0.977,-0.808,-0.662,2.612,1.726,3.016,True,1.458,0.33,0.0088,1.737,
3,452,0.977,-0.808,-0.667,2.587,1.721,2.999,True,1.458,0.33,0.0088,1.737,
3,453,0.978,-0.809,-0.672,2.563,1.717,2.981,True,1.458,0.33,0.0088,1.738,
3,454,0.979,-0.809,-0.677,2.538,1.712,2.964,True,1.477,0.366,0.0098,1.795,
3,455,0.98,-0.809,-0.682,2.514,1.706,2.947,True,1.477,0.366,0.0098,1.795,
3,456,0.98,-0.809,-0.687,2.49,1.701,2.929,True,1.477,0.366,0.0098,1.795,
3,457,0.981,-0.809,-0.692,2.466,1.695,2.912,True,1.477,0.366,0.0098,1.796,
3,458,0.981,-0.81,-0.697,2.442,1.689,2.894,True,1.477,0.366,0.0098,1.796,
3,459,0.982,-0.81,-0.702,2.418,1.683,2.877,True,1.471,0.403,0.0107,1.828,
3,460,0.982,-0.81,-0.707,2.394,1.677,2.86,True,1.471,0.403,0.0107,1.828,
3,461,0.983,-0.81,-0.711,2.37,1.67,2.842,True,1.471,0.403,0.0107,1.828,
3,462,0.983,-0.81,-0.716,2.347,1.664,2.825,True,1.471,0.403,0.0107,1.829,
3,463,0.984,-0.81,-0.721,2.323,1.657,2.807,True,1.471,0.403,0.0107,1.829,
3,464,0.984,-0.81,-0.726,2.3,1.65,2.79,True,1.471,0.403,0.0107,1.83,
3,465,0.985,-0.81,-0.731,2.277,1.643,2.773,True,1.471,0.403,0.0107,1.83,
3,466,0.985,-0.811,-0.735,2.254,1.635,2.755,True,1.471,0.403,0.0107,1.831,
3,467,0.985,-0.811,-0.74,2.231,1.628,2.738,True,1.49,0.33,0.0088,1.777,
3,468,0.986,-0.811,-0.745,2.208,1.62,2.721,True,1.511,0.293,0.0078,1.762,
3,469,0.986,-0.811,-0.75,2.185,1.612,2.703,True,1.511,0.293,0.0078,1.762,
3,470,0.986,-0.811,-0.754,2.162,1.604,2.686,True,1.495,0.33,0.0088,1.784,
3,471,0.986,-0.811,-0.759,2.139,1.596,2.669,True,1.506,0.293,0.0078,1.758,
3,472,0.986,-0.811,-0.764,2.117,1.588,2.651,True,1.495,0.33,0.0088,1.784,
3,473,0.987,-0.811,-0.768,2.095,1.579,2.634,True,1.495,0.33,0.0088,1.785,
3,474,0.987,-0.811,-0.773,2.072,1.57,2.617,True,1.495,0.33,0.0088,1.786,
3,475,0.987,-0.811,-0.777,2.05,1.562,2.6,True,1.511,0.293,0.0078,1.765,
3,476,0.987,-0.811,-0.782,2.028,1.553,2.582,True,1.525,0.256,0.0068,1.743,
3,477,0.987,-0.811,-0.787,2.006,1.543,2.565,True,1.525,0.256,0.0068,1.744,
3,478,0.987,-0.811,-0.791,1.984,1.534,2.548,True,1.506,0.293,0.0078,1.762,
3,479,0.987,-0.81,-0.796,1.962,1.525,2.531,True,1.506,0.293,0.0078,1.763,
3,480,0.987,-0.81,-0.8,1.941,1.515,2.514,True,1.506,0.293,0.0078,1.763,
3,481,0.987,-0.81,-0.805,1.919,1.506,2.497,True,1.506,0.293,0.0078,1.764,
3,482,0.986,-0.81,-0.809,1.898,1.496,2.48,True,1.506,0.293,0.0078,1.765,
3,483,0.986,-0.81,-0.814,1.876,1.486,2.462,True,1.525,0.256,0.0068,1.747,
3,484,0.986,-0.81,-0.818,1.855,1.476,2.445,True,1.525,0.256,0.0068,1.748,
3,485,0.986,-0.81,-0.823,1.834,1.466,2.428,True,1.525,0.256,0.0068,1.748,
3,486,0.986,-0.81,-0.827,1.813,1.455,2.411,True,1.525,0.256,0.0068,1.749,
3,487,0.985,-0.809,-0.831,1.792,1.445,2.394,True,1.525,0.256,0.0068,1.749,
3,488,0.985,-0.809,-0.836,1.771,1.434,2.377,True,1.525,0.256,0.0068,1.75,
3,489,0.985,-0.809,-0.84,1.75,1.424,2.361,True,1.525,0.256,0.0068,1.75,
3,490,0.984,-0.809,-0.845,1.73,1.413,2.344,True,1.525,0.256,0.0068,1.751,
3,491,0.984,-0.809,-0.849,1.709,1.402,2.327,True,1.525,0.256,0.0068,1.751,
3,492,0.983,-0.809,-0.853,1.689,1.391,2.31,True,1.525,0.256,0.0068,1.752,
3,493,0.983,-0.808,-0.857,1.669,1.38,2.293,True,1.525,0.256,0.0068,1.752,
3,494,0.983,-0.808,-0.862,1.648,1.369,2.277,True,1.525,0.256,0.0068,1.752,
3,495,0.982,-0.808,-0.866,1.628,1.358,2.26,True,1.525,0.256,0.0068,1.753,
3,496,0.981,-0.808,-0.87,1.608,1.346,2.243,True,1.509,0.293,0.0078,1.774,
3,497,0.981,-0.807,-0.875,1.588,1.335,2.227,True,1.509,0.293,0.0078,1.774,
3,498,0.98,-0.807,-0.879,1.568,1.323,2.21,True,1.499,0.33,0.0088,1.801,
3,499,0.98,-0.807,-0.883,1.549,1.312,2.193,True,1.499,0.33,0.0088,1.801,
3,500,0.979,-0.806,-0.887,1.529,1.3,2.177,True,1.517,0.366,0.0098,1.857,
3,501,0.978,-0.806,-0.891,1.51,1.288,2.16,True,1.517,0.366,0.0098,1.857,
3,502,0.978,-0.806,-0.895,1.49,1.276,2.144,True,1.517,0.366,0.0098,1.858,
3,503,0.977,-0.806,-0.9,1.471,1.264,2.128,True,1.517,0.366,0.0098,1.858,
3,504,0.976,-0.805,-0.904,1.452,1.252,2.111,True,2.027,0.513,0.0137,2.515,
3,505,0.975,-0.805,-0.908,1.432,1.24,2.095,True,1.984,0.769,0.0205,2.729,
3,506,0.975,-0.805,-0.912,1.413,1.227,2.079,True,1.85,0.989,0.0264,2.815,
3,507,0.974,-0.804,-0.916,1.394,1.215,2.063,True,1.675,1.355,0.0361,3.007,
3,508,0.973,-0.804,-0.92,1.376,1.203,2.046,True,1.604,1.721,0.0459,3.303,
3,509,0.972,-0.803,-0.924,1.357,1.19,2.03,True,1.544,2.051,0.0547,3.573,
3,510,0.971,-0.803,-0.928,1.338,1.178,2.014,True,1.493,2.454,0.0654,3.926,
3,511,0.97,-0.803,-0.932,1.319,1.165,1.998,True,1.457,2.82,0.0752,4.256,
3,512,0.969,-0.802,-0.936,1.301,1.152,1.982,True,1.435,2.667,0.0889,4.082,
3,513,0.968,-0.802,-0.94,1.282,1.139,1.967,True,1.415,2.191,0.1016,3.587,
3,514,0.967,-0.802,-0.944,1.264,1.127,1.951,True,1.415,1.642,0.1162,3.038,
3,515,0.966,-0.801,-0.948,1.246,1.114,1.935,True,1.415,1.129,0.1299,2.526,
3,516,0.965,-0.801,-0.952,1.228,1.101,1.919,True,1.413,0.617,0.1436,2.011,
3,517,0.964,-0.8,-0.955,1.21,1.088,1.904,True,1.423,0.031,0.1592,1.436,
3,518,0.963,-0.8,-0.959,1.191,1.075,1.888,True,1.455,-0.519,0.1738,0.919,
3,519,0.962,-0.799,-0.963,1.174,1.061,1.873,True,1.472,-1.141,0.1904,0.313,
3,520,0.961,-0.799,-0.967,1.156,1.048,1.857,True,1.48,-1.617,0.2031,-0.201,
3,521,0.96,-0.799,-0.971,1.138,1.035,1.842,True,1.506,-2.276,0.2207,-1.097,
3,522,0.958,-0.798,-0.975,1.12,1.021,1.827,True,1.531,-2.899,0.2373,-1.943,
3,523,0.957,-0.798,-0.978,1.102,1.008,1.812,True,1.558,-3.0,0.2539,-2.267,
3,524,0.956,-0.797,-0.982,1.085,0.995,1.797,True,1.583,-3.0,0.2686,-2.461,
3,525,0.955,-0.797,-0.986,1.067,0.981,1.781,True,1.634,-3.0,0.2783,-2.556,
3,526,0.954,-0.796,-0.99,1.05,0.968,1.767,True,1.723,-3.0,0.2666,-2.29,
3,527,0.952,-0.796,-0.993,1.033,0.954,1.752,True,1.826,-3.0,0.2539,-1.997,
3,528,0.951,-0.795,-0.997,1.015,0.94,1.737,True,1.926,-2.862,0.2363,-1.496,
3,529,0.95,-0.795,-1.001,0.998,0.927,1.722,True,2.014,-2.276,0.2207,-0.586,
3,530,0.948,-0.794,-1.004,0.981,0.913,1.708,True,2.112,-1.764,0.207,0.23,
3,531,0.947,-0.794,-1.008,0.964,0.899,1.693,True,2.211,-1.178,0.1914,1.02,
3,532,0.946,-0.793,-1.012,0.947,0.885,1.679,True,2.313,-0.555,0.1748,1.746,
3,533,0.944,-0.793,-1.015,0.93,0.871,1.664,True,2.413,0.067,0.1582,2.468,
3,534,0.943,-0.793,-1.019,0.913,0.857,1.65,True,2.526,0.434,0.1484,2.948,
3,535,0.941,-0.792,-1.022,0.896,0.844,1.636,True,2.618,0.91,0.1357,3.517,
3,536,0.94,-0.792,-1.026,0.88,0.83,1.622,True,2.727,1.312,0.125,4.029,
3,537,0.939,-0.791,-1.029,0.863,0.815,1.608,True,2.821,1.605,0.1172,4.417,
3,538,0.937,-0.791,-1.033,0.846,0.801,1.595,True,2.882,2.082,0.1045,4.955,
3,539,0.936,-0.79,-1.036,0.83,0.787,1.581,True,2.892,2.521,0.0928,5.405,
3,540,0.934,-0.79,-1.04,0.813,0.773,1.567,True,2.795,2.814,0.085,5.601,
3,541,0.933,-0.789,-1.043,0.797,0.759,1.554,True,2.72,2.747,0.0732,5.459,
3,542,0.931,-0.789,-1.047,0.78,0.745,1.541,True,2.627,2.527,0.0674,5.147,
3,543,0.93,-0.788,-1.05,0.764,0.73,1.528,True,2.527,2.271,0.0605,4.791,
3,544,0.928,-0.788,-1.053,0.748,0.716,1.515,True,2.43,2.124,0.0566,4.548,
3,545,0.926,-0.787,-1.057,0.731,0.702,1.502,True,2.329,1.941,0.0518,4.265,
3,546,0.925,-0.787,-1.06,0.715,0.688,1.489,True,2.231,1.648,0.0439,3.874,
3,547,0.923,-0.786,-1.063,0.699,0.673,1.476,True,2.152,1.501,0.04,3.648,
3,548,0.922,-0.785,-1.067,0.683,0.659,1.464,True,2.074,1.428,0.0381,3.497,
3,549,0.92,-0.785,-1.07,0.667,0.644,1.452,True,2.027,1.062,0.0283,3.085,
3,550,0.919,-0.784,-1.073,0.651,0.63,1.439,True,1.985,0.879,0.0234,2.86,
3,551,0.917,-0.784,-1.076,0.635,0.615,1.427,True,1.942,0.769,0.0205,2.708,
3,552,0.915,-0.783,-1.08,0.619,0.601,1.416,True,1.865,0.513,0.0137,2.375,
3,553,0.914,-0.783,-1.083,0.603,0.586,1.404,True,1.771,0.366,0.0098,2.135,
3,554,0.912,-0.782,-1.086,0.587,0.572,1.392,True,1.54,0.293,0.0078,1.831,
3,555,0.91,-0.782,-1.089,0.572,0.557,1.381,True,1.54,0.293,0.0078,1.831,
3,556,0.909,-0.781,-1.092,0.556,0.543,1.37,True,1.54,0.293,0.0078,1.832,
3,557,0.907,-0.781,-1.096,0.54,0.528,1.359,True,1.544,0.293,0.0078,1.835,
3,558,0.905,-0.78,-1.099,0.524,0.513,1.348,True,1.544,0.293,0.0078,1.835,
3,559,0.904,-0.78,-1.102,0.509,0.499,1.338,True,1.555,0.256,0.0068,1.81,
3,560,0.902,-0.779,-1.105,0.493,0.484,1.327,True,1.54,0.293,0.0078,1.832,
3,561,0.9,-0.778,-1.108,0.478,0.469,1.317,True,1.54,0.293,0.0078,1.832,
3,562,0.899,-0.778,-1.111,0.462,0.454,1.307,True,1.54,0.293,0.0078,1.833,
3,563,0.897,-0.777,-1.114,0.447,0.44,1.298,True,1.54,0.293,0.0078,1.833,
3,564,0.895,-0.777,-1.117,0.431,0.425,1.288,True,1.54,0.293,0.0078,1.833,
3,565,0.893,-0.776,-1.12,0.416,0.41,1.279,True,1.54,0.293,0.0078,1.833,
3,566,0.892,-0.776,-1.123,0.4,0.395,1.27,True,1.54,0.293,0.0078,1.833,
3,567,0.89,-0.775,-1.126,0.385,0.381,1.261,True,1.555,0.256,0.0068,1.811,
3,568,0.888,-0.774,-1.129,0.37,0.366,1.253,True,1.544,0.293,0.0078,1.836,
3,569,0.887,-0.774,-1.131,0.354,0.351,1.244,True,1.555,0.256,0.0068,1.811,
3,570,0.885,-0.773,-1.134,0.339,0.336,1.236,True,1.555,0.256,0.0068,1.811,
3,571,0.883,-0.773,-1.137,0.324,0.321,1.228,True,1.555,0.256,0.0068,1.81,
3,572,0.881,-0.772,-1.14,0.309,0.306,1.221,True,1.555,0.256,0.0068,1.81,
3,573,0.88,-0.771,-1.143,0.293,0.291,1.214,True,1.555,0.256,0.0068,1.81,
3,574,0.878,-0.771,-1.146,0.278,0.276,1.207,True,1.555,0.256,0.0068,1.81,
3,575,0.876,-0.77,-1.148,0.263,0.262,1.2,True,1.555,0.256,0.0068,1.81,
3,576,0.874,-0.77,-1.151,0.248,0.247,1.194,True,1.555,0.256,0.0068,1.81,
3,577,0.873,-0.769,-1.154,0.233,0.232,1.188,True,1.583,0.293,0.0078,1.875,
3,578,0.871,-0.768,-1.157,0.218,0.217,1.182,True,1.583,0.293,0.0078,1.875,
3,579,0.869,-0.768,-1.159,0.202,0.202,1.177,True,1.583,0.293,0.0078,1.875,
3,580,0.867,-0.767,-1.162,0.187,0.187,1.172,True,1.57,0.33,0.0088,1.898,
3,581,0.866,-0.767,-1.165,0.172,0.172,1.167,True,1.583,0.293,0.0078,1.875,
3,582,0.864,-0.766,-1.167,0.157,0.157,1.162,True,1.583,0.293,0.0078,1.875,
3,583,0.862,-0.765,-1.17,0.142,0.142,1.158,True,1.583,0.293,0.0078,1.875,
3,584,0.861,-0.765,-1.172,0.127,0.127,1.154,True,1.583,0.293,0.0078,1.875,
3,585,0.859,-0.764,-1.175,0.112,0.112,1.151,True,1.595,0.33,0.0088,1.925,
3,586,0.857,-0.763,-1.178,0.097,0.097,1.148,True,1.595,0.33,0.0088,1.925,
3,587,0.855,-0.763,-1.18,0.082,0.082,1.145,True,1.595,0.33,0.0088,1.925,
3,588,0.854,-0.762,-1.183,0.067,0.067,1.143,True,1.621,0.293,0.0078,1.915,
3,589,0.852,-0.761,-1.185,0.052,0.052,1.141,True,1.621,0.293,0.0078,1.915,
3,590,0.85,-0.761,-1.188,0.037,0.037,1.139,True,1.621,0.293,0.0078,1.915,
3,591,0.848,-0.76,-1.19,0.022,0.022,1.138,True,1.621,0.293,0.0078,1.916,
3,592,0.847,-0.759,-1.193,0.007,0.007,1.137,True,1.621,0.293,0.0078,1.916,
3,593,0.845,-0.759,-1.195,-0.008,-0.008,1.136,True,1.621,0.293,0.0078,1.916,
3,594,0.843,-0.758,-1.197,-0.023,-0.023,1.136,True,1.621,0.293,0.0078,1.916,
3,595,0.842,-0.757,-1.2,-0.038,-0.038,1.136,True,1.621,0.293,0.0078,1.917,
3,596,0.84,-0.757,-1.202,-0.053,-0.053,1.137,True,1.621,0.293,0.0078,1.917,
3,597,0.838,-0.756,-1.205,-0.068,-0.068,1.138,True,1.621,0.293,0.0078,1.917,
3,598,0.837,-0.755,-1.207,-0.083,-0.083,1.139,True,1.605,0.33,0.0088,1.937,
3,599,0.835,-0.754,-1.209,-0.098,-0.098,1.141,True,1.605,0.33,0.0088,1.937,
3,600,0.833,-0.754,-1.212,-0.113,-0.113,1.143,True,1.605,0.33,0.0088,1.938,
3,601,0.832,-0.753,-1.214,-0.128,-0.128,1.145,True,1.605,0.33,0.0088,1.938,
3,602,0.83,-0.752,-1.216,-0.143,-0.143,1.148,True,1.605,0.33,0.0088,1.938,
3,603,0.828,-0.752,-1.218,-0.158,-0.158,1.151,True,1.605,0.33,0.0088,1.938,
3,604,0.827,-0.751,-1.221,-0.173,-0.173,1.155,True,1.605,0.33,0.0088,1.939,
3,605,0.825,-0.75,-1.223,-0.188,-0.188,1.159,True,1.624,0.366,0.0098,1.995,
3,606,0.823,-0.749,-1.225,-0.203,-0.203,1.163,True,1.624,0.366,0.0098,1.995,
3,607,0.822,-0.749,-1.227,-0.219,-0.218,1.168,True,1.624,0.366,0.0098,1.996,
3,608,0.82,-0.748,-1.229,-0.234,-0.233,1.173,True,1.624,0.366,0.0098,1.996,
3,609,0.818,-0.747,-1.232,-0.249,-0.248,1.178,True,1.624,0.366,0.0098,1.996,
3,610,0.817,-0.746,-1.234,-0.264,-0.262,1.184,True,1.624,0.366,0.0098,1.996,
3,611,0.815,-0.746,-1.236,-0.279,-0.277,1.19,True,1.624,0.366,0.0098,1.996,
3,612,0.814,-0.745,-1.238,-0.294,-0.292,1.197,True,1.624,0.366,0.0098,1.997,
3,613,0.812,-0.744,-1.24,-0.31,-0.307,1.204,True,1.624,0.366,0.0098,1.997,
3,614,0.81,-0.743,-1.242,-0.325,-0.322,1.211,True,1.624,0.366,0.0098,1.997,
3,615,0.809,-0.743,-1.244,-0.34,-0.337,1.218,True,1.624,0.366,0.0098,1.997,
3,616,0.807,-0.742,-1.246,-0.355,-0.352,1.226,True,1.624,0.366,0.0098,1.997,
3,617,0.806,-0.741,-1.248,-0.371,-0.367,1.234,True,1.624,0.366,0.0098,1.998,
3,618,0.804,-0.74,-1.25,-0.386,-0.381,1.243,True,1.624,0.366,0.0098,1.998,
3,619,0.802,-0.74,-1.252,-0.401,-0.396,1.252,True,1.624,0.366,0.0098,1.998,
3,620,0.801,-0.739,-1.254,-0.417,-0.411,1.261,True,1.624,0.366,0.0098,1.998,
3,621,0.799,-0.738,-1.256,-0.432,-0.426,1.27,True,1.624,0.366,0.0098,1.998,
3,622,0.798,-0.737,-1.258,-0.448,-0.441,1.28,True,1.624,0.366,0.0098,1.998,
3,623,0.796,-0.737,-1.26,-0.463,-0.455,1.29,True,1.624,0.366,0.0098,1.998,
3,624,0.795,-0.736,-1.262,-0.479,-0.47,1.301,True,1.624,0.366,0.0098,1.999,
3,625,0.793,-0.735,-1.264,-0.494,-0.485,1.311,True,1.624,0.366,0.0098,1.999,
3,626,0.792,-0.734,-1.266,-0.51,-0.499,1.322,True,1.624,0.366,0.0098,1.999,
3,627,0.79,-0.734,-1.268,-0.525,-0.514,1.334,True,1.624,0.366,0.0098,1.999,
3,628,0.789,-0.733,-1.27,-0.541,-0.529,1.345,True,1.624,0.366,0.0098,1.999,
3,629,0.787,-0.732,-1.271,-0.557,-0.543,1.357,True,1.624,0.366,0.0098,1.999,
3,630,0.786,-0.731,-1.273,-0.572,-0.558,1.369,True,1.624,0.366,0.0098,1.999,
3,631,0.784,-0.73,-1.275,-0.588,-0.573,1.382,True,1.624,0.366,0.0098,2.0,
3,632,0.783,-0.73,-1.277,-0.604,-0.587,1.394,True,1.624,0.366,0.0098,2.0,
3,633,0.781,-0.729,-1.279,-0.62,-0.602,1.407,True,1.624,0.366,0.0098,2.0,
3,634,0.78,-0.728,-1.28,-0.636,-0.616,1.42,True,1.624,0.366,0.0098,2.0,
3,635,0.778,-0.727,-1.282,-0.652,-0.631,1.433,True,1.624,0.366,0.0098,2.0,
3,636,0.777,-0.727,-1.284,-0.668,-0.645,1.447,True,1.624,0.366,0.0098,2.0,
3,637,0.775,-0.726,-1.286,-0.684,-0.66,1.461,True,1.624,0.366,0.0098,2.0,
3,638,0.774,-0.725,-1.287,-0.7,-0.674,1.475,True,1.624,0.366,0.0098,2.0,
3,639,0.773,-0.724,-1.289,-0.716,-0.688,1.489,True,1.624,0.366,0.0098,2.001,
3,640,0.771,-0.723,-1.291,-0.732,-0.703,1.504,True,1.624,0.366,0.0098,2.001,
3,641,0.77,-0.723,-1.292,-0.749,-0.717,1.518,True,1.624,0.366,0.0098,2.001,
3,642,0.768,-0.722,-1.294,-0.765,-0.731,1.533,True,1.624,0.366,0.0098,2.001,
3,643,0.767,-0.721,-1.296,-0.781,-0.746,1.549,True,1.624,0.366,0.0098,2.001,
3,644,0.766,-0.72,-1.297,-0.798,-0.76,1.564,True,1.624,0.366,0.0098,2.001,
3,645,0.764,-0.719,-1.299,-0.814,-0.774,1.579,True,1.624,0.366,0.0098,2.001,
3,646,0.763,-0.719,-1.3,-0.831,-0.788,1.595,True,1.624,0.366,0.0098,2.001,
3,647,0.762,-0.718,-1.302,-0.847,-0.802,1.611,True,1.624,0.366,0.0098,2.001,
3,648,0.76,-0.717,-1.304,-0.864,-0.816,1.627,True,1.624,0.366,0.0098,2.002,
3,649,0.759,-0.716,-1.305,-0.881,-0.83,1.644,True,1.641,0.33,0.0088,1.982,
3,650,0.758,-0.715,-1.307,-0.897,-0.844,1.66,True,1.641,0.33,0.0088,1.982,
3,651,0.756,-0.715,-1.308,-0.914,-0.858,1.677,True,1.641,0.33,0.0088,1.982,
3,652,0.755,-0.714,-1.31,-0.931,-0.872,1.694,True,1.641,0.33,0.0088,1.982,
3,653,0.754,-0.713,-1.311,-0.948,-0.886,1.711,True,1.641,0.33,0.0088,1.982,
3,654,0.753,-0.712,-1.313,-0.965,-0.9,1.728,True,1.641,0.33,0.0088,1.982,
3,655,0.751,-0.711,-1.314,-0.982,-0.914,1.745,True,1.641,0.33,0.0088,1.982,
3,656,0.75,-0.711,-1.316,-0.999,-0.927,1.763,True,1.641,0.33,0.0088,1.982,
3,657,0.749,-0.71,-1.317,-1.016,-0.941,1.78,True,1.641,0.33,0.0088,1.983,
3,658,0.748,-0.709,-1.318,-1.034,-0.955,1.798,True,1.641,0.33,0.0088,1.983,
3,659,0.746,-0.708,-1.32,-1.051,-0.968,1.816,True,1.641,0.33,0.0088,1.983,
3,660,0.745,-0.707,-1.321,-1.068,-0.982,1.834,True,1.641,0.33,0.0088,1.983,
3,661,0.744,-0.707,-1.323,-1.086,-0.995,1.852,True,1.641,0.33,0.0088,1.983,
3,662,0.743,-0.706,-1.324,-1.104,-1.009,1.871,True,1.641,0.33,0.0088,1.983,
3,663,0.741,-0.705,-1.325,-1.121,-1.022,1.889,True,1.641,0.33,0.0088,1.983,
3,664,0.74,-0.704,-1.327,-1.139,-1.036,1.908,True,1.641,0.33,0.0088,1.983,
3,665,0.739,-0.703,-1.328,-1.157,-1.049,1.927,True,1.641,0.33,0.0088,1.983,
3,666,0.738,-0.703,-1.329,-1.175,-1.062,1.946,True,1.641,0.33,0.0088,1.983,
3,667,0.737,-0.702,-1.331,-1.193,-1.075,1.965,True,1.641,0.33,0.0088,1.983,
3,668,0.736,-0.701,-1.332,-1.211,-1.088,1.984,True,1.641,0.33,0.0088,1.983,
3,669,0.735,-0.7,-1.333,-1.229,-1.101,2.004,True,1.641,0.33,0.0088,1.983,
3,670,0.733,-0.7,-1.335,-1.247,-1.114,2.023,True,1.641,0.33,0.0088,1.983,
3,671,0.732,-0.699,-1.336,-1.265,-1.127,2.043,True,1.641,0.33,0.0088,1.983,
3,672,0.731,-0.698,-1.337,-1.284,-1.14,2.063,True,1.641,0.33,0.0088,1.983,
3,673,0.73,-0.697,-1.338,-1.302,-1.153,2.083,True,1.641,0.33,0.0088,1.983,
3,674,0.729,-0.696,-1.34,-1.321,-1.166,2.103,True,1.641,0.33,0.0088,1.983,
3,675,0.728,-0.696,-1.341,-1.339,-1.178,2.123,True,1.641,0.33,0.0088,1.983,
3,676,0.727,-0.695,-1.342,-1.358,-1.191,2.143,True,1.641,0.33,0.0088,1.983,
3,677,0.726,-0.694,-1.343,-1.377,-1.203,2.163,True,1.641,0.33,0.0088,1.983,
3,678,0.725,-0.693,-1.345,-1.396,-1.216,2.184,True,1.641,0.33,0.0088,1.983,
3,679,0.724,-0.692,-1.346,-1.415,-1.228,2.204,True,1.641,0.33,0.0088,1.983,
3,680,0.723,-0.692,-1.347,-1.434,-1.24,2.225,True,1.641,0.33,0.0088,1.983,
3,681,0.722,-0.691,-1.348,-1.453,-1.253,2.246,True,1.641,0.33,0.0088,1.983,
3,682,0.721,-0.69,-1.349,-1.472,-1.265,2.267,True,1.641,0.33,0.0088,1.983,
3,683,0.72,-0.689,-1.35,-1.491,-1.277,2.288,True,1.635,0.293,0.0078,1.94,
3,684,0.719,-0.688,-1.352,-1.511,-1.289,2.309,True,1.635,0.293,0.0078,1.94,
3,685,0.718,-0.688,-1.353,-1.53,-1.3,2.33,True,1.635,0.293,0.0078,1.94,
3,686,0.717,-0.687,-1.354,-1.55,-1.312,2.351,True,1.635,0.293,0.0078,1.94,
3,687,0.716,-0.686,-1.355,-1.57,-1.324,2.373,True,1.635,0.293,0.0078,1.94,
3,688,0.715,-0.685,-1.356,-1.59,-1.335,2.394,True,1.635,0.293,0.0078,1.94,
3,689,0.714,-0.685,-1.357,-1.609,-1.347,2.416,True,1.613,0.33,0.0088,1.955,
3,690,0.713,-0.684,-1.358,-1.629,-1.358,2.438,True,1.613,0.33,0.0088,1.955,
3,691,0.712,-0.683,-1.359,-1.65,-1.37,2.459,True,1.613,0.33,0.0088,1.955,
3,692,0.711,-0.682,-1.36,-1.67,-1.381,2.481,True,1.613,0.33,0.0088,1.955,
3,693,0.71,-0.682,-1.361,-1.69,-1.392,2.503,True,1.635,0.293,0.0078,1.94,
3,694,0.709,-0.681,-1.362,-1.711,-1.403,2.525,True,1.635,0.293,0.0078,1.94,
3,695,0.709,-0.68,-1.363,-1.731,-1.414,2.548,True,1.635,0.293,0.0078,1.94,
3,696,0.708,-0.679,-1.364,-1.752,-1.424,2.57,True,1.635,0.293,0.0078,1.94,
3,697,0.707,-0.678,-1.365,-1.772,-1.435,2.592,True,1.635,0.293,0.0078,1.94,
3,698,0.706,-0.678,-1.366,-1.793,-1.446,2.614,True,1.635,0.293,0.0078,1.94,
3,699,0.705,-0.677,-1.367,-1.814,-1.456,2.637,True,1.635,0.293,0.0078,1.94,
3,700,0.704,-0.676,-1.368,-1.835,-1.466,2.66,True,1.635,0.293,0.0078,1.94,
3,701,0.704,-0.675,-1.369,-1.856,-1.476,2.682,True,1.635,0.293,0.0078,1.94,
3,702,0.703,-0.675,-1.37,-1.878,-1.486,2.705,True,1.635,0.293,0.0078,1.94,
3,703,0.702,-0.674,-1.371,-1.899,-1.496,2.728,True,1.635,0.293,0.0078,1.94,
3,704,0.701,-0.673,-1.372,-1.92,-1.506,2.751,True,1.635,0.293,0.0078,1.94,
3,705,0.7,-0.672,-1.373,-1.942,-1.516,2.774,True,1.635,0.293,0.0078,1.94,
3,706,0.7,-0.672,-1.374,-1.964,-1.525,2.797,True,1.635,0.293,0.0078,1.94,
3,707,0.699,-0.671,-1.375,-1.985,-1.535,2.82,True,1.635,0.293,0.0078,1.94,
3,708,0.698,-0.67,-1.376,-2.007,-1.544,2.843,True,1.635,0.293,0.0078,1.94,
3,709,0.697,-0.669,-1.377,-2.029,-1.553,2.866,True,1.635,0.293,0.0078,1.94,
3,710,0.697,-0.669,-1.377,-2.051,-1.562,2.89,True,1.635,0.293,0.0078,1.939,
3,711,0.696,-0.668,-1.378,-2.074,-1.571,2.913,True,1.635,0.293,0.0078,1.939,
3,712,0.695,-0.667,-1.379,-2.096,-1.58,2.936,True,1.635,0.293,0.0078,1.939,
3,713,0.694,-0.666,-1.38,-2.118,-1.588,2.96,True,1.635,0.293,0.0078,1.939,
3,714,0.694,-0.666,-1.381,-2.141,-1.596,2.983,True,1.635,0.293,0.0078,1.939,
3,715,0.693,-0.665,-1.382,-2.163,-1.605,3.007,True,1.635,0.293,0.0078,1.939,
3,716,0.692,-0.664,-1.383,-2.186,-1.613,3.031,True,1.635,0.293,0.0078,1.939,
3,717,0.692,-0.663,-1.383,-2.209,-1.621,3.055,True,1.635,0.293,0.0078,1.939,
3,718,0.691,-0.663,-1.384,-2.232,-1.628,3.078,True,1.635,0.293,0.0078,1.939,
3,719,0.69,-0.662,-1.385,-2.255,-1.636,3.102,True,1.635,0.293,0.0078,1.939,
3,720,0.69,-0.661,-1.386,-2.278,-1.643,3.126,True,1.635,0.293,0.0078,1.939,
3,721,0.689,-0.661,-1.387,-2.301,-1.65,3.15,True,1.613,0.33,0.0088,1.954,
3,722,0.689,-0.66,-1.387,-2.325,-1.657,3.174,True,1.613,0.33,0.0088,1.954,
3,723,0.688,-0.659,-1.388,-2.348,-1.664,3.198,True,1.613,0.33,0.0088,1.954,
3,724,0.687,-0.658,-1.389,-2.372,-1.671,3.222,True,1.613,0.33,0.0088,1.953,
3,725,0.687,-0.658,-1.39,-2.396,-1.677,3.247,True,1.613,0.33,0.0088,1.953,
3,726,0.686,-0.657,-1.39,-2.419,-1.684,3.271,True,1.613,0.33,0.0088,1.953,
3,727,0.686,-0.656,-1.391,-2.443,-1.69,3.295,True,1.613,0.33,0.0088,1.953,
3,728,0.685,-0.656,-1.392,-2.467,-1.695,3.319,True,1.613,0.33,0.0088,1.953,
3,729,0.685,-0.655,-1.393,-2.491,-1.701,3.344,True,1.613,0.33,0.0088,1.953,
3,730,0.684,-0.654,-1.393,-2.516,-1.707,3.368,True,1.613,0.33,0.0088,1.953,
3,731,0.683,-0.653,-1.394,-2.54,-1.712,3.393,True,1.613,0.33,0.0088,1.953,
3,732,0.683,-0.653,-1.395,-2.564,-1.717,3.417,True,1.613,0.33,0.0088,1.953,
3,733,0.682,-0.652,-1.396,-2.589,-1.722,3.442,True,1.613,0.33,0.0088,1.953,
3,734,0.682,-0.651,-1.396,-2.613,-1.726,3.466,True,1.613,0.33,0.0088,1.953,
3,735,0.681,-0.651,-1.397,-2.638,-1.731,3.491,True,1.613,0.33,0.0088,1.953,
3,736,0.681,-0.65,-1.398,-2.663,-1.735,3.515,True,1.613,0.33,0.0088,1.953,
3,737,0.68,-0.649,-1.398,-2.688,-1.739,3.54,True,1.613,0.33,0.0088,1.952,
3,738,0.68,-0.649,-1.399,-2.713,-1.742,3.564,True,1.613,0.33,0.0088,1.952,
3,739,0.679,-0.648,-1.4,-2.738,-1.746,3.589,True,1.613,0.33,0.0088,1.952,
3,740,0.679,-0.647,-1.4,-2.763,-1.749,3.614,True,1.613,0.33,0.0088,1.952,
3,741,0.679,-0.647,-1.401,-2.788,-1.752,3.638,True,1.613,0.33,0.0088,1.952,
3,742,0.678,-0.646,-1.402,-2.813,-1.755,3.663,True,1.613,0.33,0.0088,1.952,
3,743,0.678,-0.645,-1.402,-2.838,-1.757,3.688,True,1.613,0.33,0.0088,1.952,
3,744,0.677,-0.644,-1.403,-2.864,-1.76,3.713,True,1.613,0.33,0.0088,1.952,
3,745,0.677,-0.644,-1.404,-2.889,-1.762,3.737,True,1.613,0.33,0.0088,1.952,
3,746,0.676,-0.643,-1.404,-2.915,-1.763,3.762,True,1.613,0.33,0.0088,1.952,
3,747,0.676,-0.642,-1.405,-2.941,-1.765,3.787,True,1.613,0.33,0.0088,1.952,
3,748,0.676,-0.642,-1.405,-2.966,-1.766,3.812,True,1.613,0.33,0.0088,1.951,
3,749,0.675,-0.641,-1.406,-2.992,-1.767,3.836,True,1.613,0.33,0.0088,1.951,
3,750,0.675,-0.64,-1.407,-3.018,-1.767,3.861,True,1.627,0.366,0.0098,2.002,
3,751,0.674,-0.64,-1.407,-3.044,-1.768,3.886,True,1.627,0.366,0.0098,2.001,
3,752,0.674,-0.639,-1.408,-3.07,-1.768,3.91,True,1.627,0.366,0.0098,2.001,
3,753,0.674,-0.639,-1.408,-3.096,-1.768,3.935,True,1.627,0.366,0.0098,2.001,
3,754,0.673,-0.638,-1.409,-3.122,-1.767,3.96,True,1.627,0.366,0.0098,2.001,
3,755,0.673,-0.637,-1.409,-3.148,-1.766,3.984,True,1.627,0.366,0.0098,2.001,
3,756,0.673,-0.637,-1.41,-3.174,-1.765,4.009,True,1.627,0.366,0.0098,2.001,
3,757,0.672,-0.636,-1.411,-3.201,-1.764,4.034,True,1.627,0.366,0.0098,2.001,
3,758,0.672,-0.635,-1.411,-3.227,-1.762,4.058,True,1.648,0.33,0.0088,1.985,
3,759,0.672,-0.635,-1.412,-3.253,-1.76,4.083,True,1.648,0.33,0.0088,1.985,
3,760,0.671,-0.634,-1.412,-3.279,-1.758,4.107,True,1.648,0.33,0.0088,1.985,
3,761,0.671,-0.633,-1.413,-3.306,-1.755,4.132,True,1.648,0.33,0.0088,1.985,
3,762,0.671,-0.633,-1.413,-3.332,-1.752,4.156,True,1.648,0.33,0.0088,1.985,
3,763,0.67,-0.632,-1.414,-3.358,-1.749,4.181,True,1.648,0.33,0.0088,1.985,
3,764,0.67,-0.631,-1.414,-3.385,-1.745,4.205,True,1.648,0.33,0.0088,1.985,
3,765,0.67,-0.631,-1.415,-3.411,-1.741,4.229,True,1.648,0.33,0.0088,1.985,
3,766,0.67,-0.63,-1.415,-3.438,-1.737,4.254,True,1.648,0.33,0.0088,1.985,
3,767,0.669,-0.63,-1.416,-3.464,-1.732,4.278,True,1.648,0.33,0.0088,1.985,
3,768,0.669,-0.629,-1.416,-3.49,-1.727,4.302,True,1.648,0.33,0.0088,1.985,
3,769,0.669,-0.628,-1.417,-3.517,-1.722,4.326,True,1.648,0.33,0.0088,1.984,
3,770,0.669,-0.628,-1.417,-3.543,-1.716,4.35,True,1.648,0.33,0.0088,1.984,
3,771,0.668,-0.627,-1.418,-3.57,-1.71,4.374,True,1.648,0.33,0.0088,1.984,
3,772,0.668,-0.626,-1.418,-3.596,-1.704,4.398,True,1.648,0.33,0.0088,1.984,
3,773,0.668,-0.626,-1.419,-3.622,-1.697,4.422,True,1.648,0.33,0.0088,1.984,
3,774,0.668,-0.625,-1.419,-3.648,-1.69,4.445,True,1.648,0.33,0.0088,1.984,
3,775,0.667,-0.625,-1.42,-3.675,-1.683,4.469,True,1.648,0.33,0.0088,1.984,
3,776,0.667,-0.624,-1.42,-3.701,-1.675,4.493,True,1.648,0.33,0.0088,1.984,
3,777,0.667,-0.623,-1.421,-3.727,-1.667,4.516,True,1.648,0.33,0.0088,1.984,
3,778,0.667,-0.623,-1.421,-3.753,-1.658,4.539,True,1.648,0.33,0.0088,1.984,
3,779,0.667,-0.622,-1.422,-3.779,-1.649,4.563,True,1.648,0.33,0.0088,1.984,
3,780,0.666,-0.622,-1.422,-3.805,-1.64,4.586,True,1.648,0.33,0.0088,1.983,
3,781,0.666,-0.621,-1.423,-3.831,-1.63,4.609,True,1.648,0.33,0.0088,1.983,
3,782,0.666,-0.621,-1.423,-3.856,-1.62,4.632,True,1.648,0.33,0.0088,1.983,
3,783,0.666,-0.62,-1.423,-3.882,-1.61,4.655,True,1.648,0.33,0.0088,1.983,
3,784,0.666,-0.619,-1.424,-3.908,-1.599,4.677,True,1.648,0.33,0.0088,1.983,
3,785,0.666,-0.619,-1.424,-3.933,-1.588,4.7,True,1.648,0.33,0.0088,1.983,
3,786,0.665,-0.618,-1.425,-3.959,-1.577,4.722,True,1.648,0.33,0.0088,1.983,
3,787,0.665,-0.618,-1.425,-3.984,-1.565,4.744,True,1.648,0.33,0.0088,1.983,
3,788,0.665,-0.617,-1.426,-4.009,-1.552,4.767,True,1.648,0.33,0.0088,1.983,
3,789,0.665,-0.616,-1.426,-4.034,-1.54,4.789,True,1.648,0.33,0.0088,1.983,
3,790,0.665,-0.616,-1.426,-4.059,-1.527,4.81,True,1.648,0.33,0.0088,1.983,
3,791,0.665,-0.615,-1.427,-4.083,-1.513,4.832,True,1.648,0.33,0.0088,1.983,
3,792,0.665,-0.615,-1.427,-4.108,-1.499,4.854,True,1.648,0.33,0.0088,1.983,
3,793,0.664,-0.614,-1.428,-4.132,-1.485,4.875,True,1.648,0.33,0.0088,1.982,
3,794,0.664,-0.614,-1.428,-4.156,-1.47,4.896,True,1.648,0.33,0.0088,1.982,
3,795,0.664,-0.613,-1.428,-4.18,-1.455,4.917,True,1.648,0.33,0.0088,1.982,
3,796,0.664,-0.613,-1.429,-4.204,-1.44,4.938,True,1.648,0.33,0.0088,1.982,
3,797,0.664,-0.612,-1.429,-4.228,-1.424,4.959,True,1.648,0.33,0.0088,1.982,
3,798,0.664,-0.611,-1.43,-4.251,-1.408,4.979,True,1.648,0.33,0.0088,1.982,
3,799,0.664,-0.611,-1.43,-4.275,-1.392,5.0,True,1.648,0.33,0.0088,1.982,
3,800,0.664,-0.61,-1.43,-4.298,-1.375,5.02,True,1.648,0.33,0.0088,1.982,
3,801,0.664,-0.61,-1.431,-4.32,-1.357,5.04,True,1.648,0.33,0.0088,1.982,
3,802,0.663,-0.609,-1.431,-4.343,-1.34,5.059,True,1.648,0.33,0.0088,1.982,
3,803,0.663,-0.609,-1.431,-4.365,-1.322,5.079,True,1.648,0.33,0.0088,1.982,
3,804,0.663,-0.608,-1.432,-4.387,-1.303,5.098,True,1.648,0.33,0.0088,1.982,
3,805,0.663,-0.608,-1.432,-4.409,-1.284,5.117,True,1.648,0.33,0.0088,1.982,
3,806,0.663,-0.607,-1.432,-4.43,-1.265,5.136,True,1.648,0.33,0.0088,1.981,
3,807,0.663,-0.607,-1.433,-4.452,-1.246,5.155,True,1.648,0.33,0.0088,1.981,
3,808,0.663,-0.606,-1.433,-4.473,-1.226,5.173,True,1.648,0.33,0.0088,1.981,
3,809,0.663,-0.606,-1.434,-4.493,-1.205,5.191,True,1.648,0.33,0.0088,1.981,
3,810,0.663,-0.605,-1.434,-4.514,-1.185,5.209,True,1.648,0.33,0.0088,1.981,
3,811,0.663,-0.605,-1.434,-4.534,-1.164,5.227,True,1.648,0.33,0.0088,1.981,
3,812,0.663,-0.604,-1.435,-4.553,-1.142,5.244,True,1.648,0.33,0.0088,1.981,
3,813,0.663,-0.604,-1.435,-4.573,-1.121,5.261,True,1.648,0.33,0.0088,1.981,
3,814,0.663,-0.603,-1.435,-4.592,-1.099,5.278,True,1.648,0.33,0.0088,1.981,
3,815,0.663,-0.603,-1.436,-4.611,-1.076,5.295,True,1.648,0.33,0.0088,1.981,
3,816,0.663,-0.602,-1.436,-4.629,-1.054,5.311,True,1.648,0.33,0.0088,1.981,
3,817,0.663,-0.602,-1.436,-4.647,-1.03,5.327,True,1.648,0.33,0.0088,1.981,
3,818,0.663,-0.601,-1.436,-4.665,-1.007,5.343,True,1.648,0.33,0.0088,1.981,
3,819,0.663,-0.601,-1.437,-4.682,-0.983,5.358,True,1.648,0.33,0.0088,1.981,
3,820,0.663,-0.6,-1.437,-4.699,-0.959,5.373,True,1.648,0.33,0.0088,1.981,
3,821,0.663,-0.6,-1.437,-4.715,-0.935,5.388,True,1.648,0.33,0.0088,1.981,
3,822,0.663,-0.599,-1.438,-4.731,-0.91,5.403,True,1.648,0.33,0.0088,1.981,
3,823,0.663,-0.599,-1.438,-4.747,-0.885,5.417,True,1.648,0.33,0.0088,1.98,
3,824,0.663,-0.598,-1.438,-4.762,-0.86,5.431,True,1.648,0.33,0.0088,1.98,
3,825,0.663,-0.598,-1.439,-4.777,-0.835,5.445,True,1.648,0.33,0.0088,1.98,
3,826,0.663,-0.597,-1.439,-4.792,-0.809,5.458,True,1.648,0.33,0.0088,1.98,
3,827,0.663,-0.597,-1.439,-4.806,-0.783,5.471,True,1.648,0.33,0.0088,1.98,
3,828,0.663,-0.596,-1.44,-4.819,-0.756,5.484,True,1.648,0.33,0.0088,1.98,
3,829,0.663,-0.596,-1.44,-4.832,-0.73,5.497,True,1.648,0.33,0.0088,1.98,
3,830,0.663,-0.595,-1.44,-4.845,-0.703,5.509,True,1.648,0.33,0.0088,1.98,
3,831,0.663,-0.595,-1.44,-4.857,-0.676,5.52,True,1.648,0.33,0.0088,1.98,
3,832,0.663,-0.594,-1.441,-4.869,-0.649,5.532,True,1.648,0.33,0.0088,1.98,
3,833,0.663,-0.594,-1.441,-4.88,-0.621,5.543,True,1.648,0.33,0.0088,1.98,
3,834,0.663,-0.594,-1.441,-4.891,-0.593,5.554,True,1.648,0.33,0.0088,1.98,
3,835,0.663,-0.593,-1.442,-4.901,-0.565,5.564,True,1.648,0.33,0.0088,1.98,
3,836,0.663,-0.593,-1.442,-4.911,-0.537,5.574,True,1.648,0.33,0.0088,1.98,
3,837,0.663,-0.592,-1.442,-4.921,-0.509,5.584,True,1.648,0.33,0.0088,1.98,
3,838,0.663,-0.592,-1.442,-4.929,-0.48,5.593,True,1.648,0.33,0.0088,1.98,
3,839,0.663,-0.591,-1.443,-4.938,-0.452,5.602,True,1.648,0.33,0.0088,1.98,
3,840,0.663,-0.591,-1.443,-4.946,-0.423,5.611,True,1.648,0.33,0.0088,1.98,
3,841,0.663,-0.59,-1.443,-4.953,-0.394,5.619,True,1.648,0.33,0.0088,1.98,
3,842,0.663,-0.59,-1.443,-4.96,-0.365,5.627,True,1.648,0.33,0.0088,1.98,
3,843,0.663,-0.59,-1.444,-4.966,-0.336,5.635,True,1.648,0.33,0.0088,1.98,
3,844,0.663,-0.589,-1.444,-4.972,-0.306,5.642,True,1.648,0.33,0.0088,1.98,
3,845,0.663,-0.589,-1.444,-4.977,-0.277,5.649,True,1.648,0.33,0.0088,1.979,
3,846,0.663,-0.588,-1.444,-4.982,-0.247,5.655,True,1.648,0.33,0.0088,1.979,
3,847,0.663,-0.588,-1.445,-4.986,-0.217,5.661,True,1.648,0.33,0.0088,1.979,
3,848,0.663,-0.587,-1.445,-4.989,-0.188,5.667,True,1.648,0.33,0.0088,1.979,
3,849,0.663,-0.587,-1.445,-4.993,-0.158,5.672,True,1.648,0.33,0.0088,1.979,
3,850,0.663,-0.587,-1.445,-4.995,-0.128,5.677,True,1.648,0.33,0.0088,1.979,
3,851,0.663,-0.586,-1.446,-4.997,-0.098,5.682,True,1.648,0.33,0.0088,1.979,
3,852,0.663,-0.586,-1.446,-4.999,-0.068,5.686,True,1.648,0.33,0.0088,1.979,
3,853,0.664,-0.585,-1.446,-5.0,-0.038,5.689,True,1.648,0.33,0.0088,1.979,
3,854,0.664,-0.585,-1.446,-5.0,-0.008,5.693,True,1.648,0.33,0.0088,1.979,
3,855,0.664,-0.585,-1.447,-5.0,0.022,5.696,True,1.648,0.33,0.0088,1.979,
3,856,0.664,-0.584,-1.447,-4.999,0.052,5.699,True,1.648,0.33,0.0088,1.979,
3,857,0.664,-0.584,-1.447,-4.998,0.082,5.701,True,1.648,0.33,0.0088,1.979,
3,858,0.664,-0.583,-1.447,-4.996,0.112,5.703,True,1.648,0.33,0.0088,1.979,
3,859,0.664,-0.583,-1.448,-4.994,0.142,5.704,True,1.648,0.33,0.0088,1.979,
3,860,0.664,-0.583,-1.448,-4.991,0.172,5.705,True,1.64,0.366,0.0098,2.007,
3,861,0.664,-0.582,-1.448,-4.988,0.201,5.706,True,1.64,0.366,0.0098,2.007,
3,862,0.664,-0.582,-1.448,-4.984,0.231,5.706,True,1.64,0.366,0.0098,2.007,
3,863,0.664,-0.581,-1.448,-4.979,0.261,5.706,True,1.64,0.366,0.0098,2.007,
3,864,0.664,-0.581,-1.449,-4.975,0.29,5.706,True,1.64,0.366,0.0098,2.007,
3,865,0.664,-0.581,-1.449,-4.969,0.32,5.705,True,1.64,0.366,0.0098,2.007,
3,866,0.665,-0.58,-1.449,-4.963,0.349,5.704,True,1.64,0.366,0.0098,2.007,
3,867,0.665,-0.58,-1.449,-4.957,0.378,5.702,True,1.64,0.366,0.0098,2.007,
3,868,0.665,-0.58,-1.45,-4.95,0.407,5.7,True,1.64,0.366,0.0098,2.007,
3,869,0.665,-0.579,-1.45,-4.942,0.436,5.698,True,1.64,0.366,0.0098,2.007,
3,870,0.665,-0.579,-1.45,-4.934,0.465,5.695,True,1.64,0.366,0.0098,2.007,
3,871,0.665,-0.579,-1.45,-4.925,0.494,5.692,True,1.64,0.366,0.0098,2.007,
3,872,0.665,-0.578,-1.45,-4.916,0.522,5.689,True,1.64,0.366,0.0098,2.007,
3,873,0.665,-0.578,-1.451,-4.907,0.55,5.685,True,1.64,0.366,0.0098,2.007,
3,874,0.665,-0.577,-1.451,-4.897,0.578,5.681,True,1.64,0.366,0.0098,2.007,
3,875,0.665,-0.577,-1.451,-4.886,0.606,5.676,True,1.64,0.366,0.0098,2.007,
3,876,0.665,-0.577,-1.451,-4.875,0.634,5.671,True,1.64,0.366,0.0098,2.007,
3,877,0.666,-0.576,-1.451,-4.864,0.661,5.666,True,1.64,0.366,0.0098,2.007,
3,878,0.666,-0.576,-1.452,-4.852,0.688,5.66,True,1.64,0.366,0.0098,2.007,
3,879,0.666,-0.576,-1.452,-4.839,0.715,5.654,True,1.64,0.366,0.0098,2.007,
3,880,0.666,-0.575,-1.452,-4.826,0.742,5.648,True,1.64,0.366,0.0098,2.007,
3,881,0.666,-0.575,-1.452,-4.813,0.769,5.641,True,1.64,0.366,0.0098,2.007,
3,882,0.666,-0.575,-1.452,-4.799,0.795,5.634,True,1.64,0.366,0.0098,2.006,
3,883,0.666,-0.574,-1.453,-4.785,0.821,5.627,True,1.64,0.366,0.0098,2.006,
3,884,0.666,-0.574,-1.453,-4.77,0.846,5.619,True,1.64,0.366,0.0098,2.006,
3,885,0.666,-0.574,-1.453,-4.755,0.872,5.611,True,1.64,0.366,0.0098,2.006,
3,886,0.666,-0.573,-1.453,-4.74,0.897,5.603,True,1.64,0.366,0.0098,2.006,
3,887,0.667,-0.573,-1.453,-4.724,0.922,5.594,True,1.64,0.366,0.0098,2.006,
3,888,0.667,-0.573,-1.454,-4.708,0.946,5.585,True,1.64,0.366,0.0098,2.006,
3,889,0.667,-0.572,-1.454,-4.691,0.97,5.576,True,1.64,0.366,0.0098,2.006,
3,890,0.667,-0.572,-1.454,-4.674,0.994,5.566,True,1.64,0.366,0.0098,2.006,
3,891,0.667,-0.572,-1.454,-4.657,1.018,5.556,True,1.64,0.366,0.0098,2.006,
3,892,0.667,-0.572,-1.454,-4.639,1.041,5.545,True,1.64,0.366,0.0098,2.006,
3,893,0.667,-0.571,-1.455,-4.621,1.064,5.535,True,1.64,0.366,0.0098,2.006,
3,894,0.667,-0.571,-1.455,-4.602,1.087,5.524,True,1.64,0.366,0.0098,2.006,
3,895,0.667,-0.571,-1.455,-4.583,1.109,5.513,True,1.64,0.366,0.0098,2.006,
3,896,0.668,-0.57,-1.455,-4.564,1.131,5.501,True,1.64,0.366,0.0098,2.006,
3,897,0.668,-0.57,-1.455,-4.544,1.152,5.489,True,1.64,0.366,0.0098,2.006,
3,898,0.668,-0.57,-1.455,-4.524,1.174,5.477,True,1.64,0.366,0.0098,2.006,
3,899,0.668,-0.569,-1.456,-4.504,1.194,5.465,True,1.64,0.366,0.0098,2.006,
3,900,0.668,-0.569,-1.456,-4.484,1.215,5.452,True,1.64,0.366,0.0098,2.006,
3,901,0.668,-0.569,-1.456,-4.463,1.235,5.439,True,1.64,0.366,0.0098,2.006,
3,902,0.668,-0.569,-1.456,-4.442,1.255,5.426,True,1.64,0.366,0.0098,2.006,
3,903,0.668,-0.568,-1.456,-4.421,1.274,5.412,True,1.64,0.366,0.0098,2.006,
3,904,0.668,-0.568,-1.457,-4.399,1.293,5.398,True,1.64,0.366,0.0098,2.006,
3,905,0.669,-0.568,-1.457,-4.377,1.312,5.384,True,1.64,0.366,0.0098,2.006,
3,906,0.669,-0.567,-1.457,-4.355,1.33,5.37,True,1.64,0.366,0.0098,2.006,
3,907,0.669,-0.567,-1.457,-4.332,1.348,5.355,True,1.64,0.366,0.0098,2.006,
3,908,0.669,-0.567,-1.457,-4.31,1.365,5.341,True,1.64,0.366,0.0098,2.006,
3,909,0.669,-0.567,-1.457,-4.287,1.383,5.326,True,1.649,0.33,0.0088,1.979,
3,910,0.669,-0.566,-1.458,-4.264,1.399,5.31,True,1.649,0.33,0.0088,1.979,
3,911,0.669,-0.566,-1.458,-4.241,1.416,5.295,True,1.649,0.33,0.0088,1.979,
3,912,0.669,-0.566,-1.458,-4.217,1.432,5.279,True,1.649,0.33,0.0088,1.979,
3,913,0.67,-0.566,-1.458,-4.193,1.447,5.263,True,1.649,0.33,0.0088,1.979,
3,914,0.67,-0.565,-1.458,-4.169,1.462,5.247,True,1.649,0.33,0.0088,1.979,
3,915,0.67,-0.565,-1.458,-4.145,1.477,5.23,True,1.649,0.33,0.0088,1.979,
3,916,0.67,-0.565,-1.459,-4.121,1.492,5.214,True,1.649,0.33,0.0088,1.979,
3,917,0.67,-0.565,-1.459,-4.097,1.506,5.197,True,1.649,0.33,0.0088,1.979,
3,918,0.67,-0.564,-1.459,-4.072,1.519,5.18,True,1.649,0.33,0.0088,1.979,
3,919,0.67,-0.564,-1.459,-4.047,1.533,5.162,True,1.649,0.33,0.0088,1.979,
3,920,0.67,-0.564,-1.459,-4.022,1.546,5.145,True,1.649,0.33,0.0088,1.979,
3,921,0.671,-0.564,-1.459,-3.997,1.558,5.127,True,1.649,0.33,0.0088,1.979,
3,922,0.671,-0.563,-1.46,-3.972,1.57,5.109,True,1.649,0.33,0.0088,1.979,
3,923,0.671,-0.563,-1.46,-3.947,1.582,5.091,True,1.649,0.33,0.0088,1.979,
3,924,0.671,-0.563,-1.46,-3.921,1.593,5.073,True,1.649,0.33,0.0088,1.979,
3,925,0.671,-0.563,-1.46,-3.896,1.604,5.055,True,1.649,0.33,0.0088,1.979,
3,926,0.671,-0.562,-1.46,-3.87,1.615,5.036,True,1.649,0.33,0.0088,1.979,
3,927,0.671,-0.562,-1.46,-3.845,1.625,5.018,True,1.649,0.33,0.0088,1.979,
3,928,0.671,-0.562,-1.46,-3.819,1.635,4.999,True,1.649,0.33,0.0088,1.979,
3,929,0.672,-0.562,-1.461,-3.793,1.644,4.98,True,1.649,0.33,0.0088,1.979,
3,930,0.672,-0.561,-1.461,-3.767,1.653,4.961,True,1.649,0.33,0.0088,1.979,
3,931,0.672,-0.561,-1.461,-3.741,1.662,4.941,True,1.649,0.33,0.0088,1.979,
3,932,0.672,-0.561,-1.461,-3.715,1.67,4.922,True,1.649,0.33,0.0088,1.979,
3,933,0.672,-0.561,-1.461,-3.689,1.678,4.902,True,1.649,0.33,0.0088,1.979,
3,934,0.672,-0.56,-1.461,-3.663,1.686,4.882,True,1.649,0.33,0.0088,1.979,
3,935,0.672,-0.56,-1.461,-3.636,1.693,4.862,True,1.649,0.33,0.0088,1.979,
3,936,0.672,-0.56,-1.462,-3.61,1.7,4.842,True,1.649,0.33,0.0088,1.979,
3,937,0.673,-0.56,-1.462,-3.584,1.707,4.822,True,1.649,0.33,0.0088,1.979,
3,938,0.673,-0.56,-1.462,-3.557,1.713,4.802,True,1.649,0.33,0.0088,1.979,
3,939,0.673,-0.559,-1.462,-3.531,1.719,4.781,True,1.649,0.33,0.0088,1.979,
3,940,0.673,-0.559,-1.462,-3.505,1.724,4.761,True,1.649,0.33,0.0088,1.978,
3,941,0.673,-0.559,-1.462,-3.478,1.729,4.74,True,1.649,0.33,0.0088,1.978,
3,942,0.673,-0.559,-1.463,-3.452,1.734,4.72,True,1.649,0.33,0.0088,1.978,
3,943,0.673,-0.559,-1.463,-3.425,1.739,4.699,True,1.649,0.33,0.0088,1.978,
3,944,0.673,-0.558,-1.463,-3.399,1.743,4.678,True,1.649,0.33,0.0088,1.978,
3,945,0.674,-0.558,-1.463,-3.373,1.747,4.657,True,1.649,0.33,0.0088,1.978,
3,946,0.674,-0.558,-1.463,-3.346,1.75,4.635,True,1.649,0.33,0.0088,1.978,
3,947,0.674,-0.558,-1.463,-3.32,1.753,4.614,True,1.649,0.33,0.0088,1.978,
3,948,0.674,-0.558,-1.463,-3.294,1.756,4.593,True,1.649,0.33,0.0088,1.978,
3,949,0.674,-0.557,-1.464,-3.267,1.759,4.571,True,1.649,0.33,0.0088,1.978,
3,950,0.674,-0.557,-1.464,-3.241,1.761,4.55,True,1.649,0.33,0.0088,1.978,
3,951,0.674,-0.557,-1.464,-3.215,1.763,4.528,True,1.649,0.33,0.0088,1.978,
3,952,0.674,-0.557,-1.464,-3.188,1.764,4.507,True,1.649,0.33,0.0088,1.978,
3,953,0.675,-0.557,-1.464,-3.162,1.766,4.485,True,1.649,0.33,0.0088,1.978,
3,954,0.675,-0.556,-1.464,-3.136,1.767,4.463,True,1.649,0.33,0.0088,1.978,
3,955,0.675,-0.556,-1.464,-3.11,1.767,4.441,True,1.649,0.33,0.0088,1.978,
3,956,0.675,-0.556,-1.465,-3.084,1.768,4.419,True,1.649,0.33,0.0088,1.978,
3,957,0.675,-0.556,-1.465,-3.058,1.768,4.397,True,1.649,0.33,0.0088,1.978,
3,958,0.675,-0.556,-1.465,-3.032,1.768,4.375,True,1.649,0.33,0.0088,1.978,
3,959,0.675,-0.556,-1.465,-3.006,1.767,4.353,True,1.649,0.33,0.0088,1.978,
3,960,0.675,-0.555,-1.465,-2.98,1.766,4.331,True,1.649,0.33,0.0088,1.978,
3,961,0.676,-0.555,-1.465,-2.955,1.765,4.308,True,1.649,0.33,0.0088,1.978,
3,962,0.676,-0.555,-1.465,-2.929,1.764,4.286,True,1.649,0.33,0.0088,1.978,
3,963,0.676,-0.555,-1.465,-2.903,1.762,4.264,True,1.649,0.33,0.0088,1.978,
3,964,0.676,-0.555,-1.466,-2.878,1.761,4.241,True,1.649,0.33,0.0088,1.978,
3,965,0.676,-0.554,-1.466,-2.852,1.759,4.219,True,1.649,0.33,0.0088,1.978,
3,966,0.676,-0.554,-1.466,-2.827,1.756,4.196,True,1.649,0.33,0.0088,1.978,
3,967,0.676,-0.554,-1.466,-2.801,1.754,4.174,True,1.649,0.33,0.0088,1.978,
3,968,0.676,-0.554,-1.466,-2.776,1.751,4.151,True,1.649,0.33,0.0088,1.978,
3,969,0.677,-0.554,-1.466,-2.751,1.748,4.129,True,1.649,0.33,0.0088,1.978,
3,970,0.677,-0.554,-1.466,-2.726,1.744,4.106,True,1.649,0.33,0.0088,1.978,
3,971,0.677,-0.554,-1.467,-2.701,1.741,4.083,True,1.649,0.33,0.0088,1.978,
3,972,0.677,-0.553,-1.467,-2.676,1.737,4.061,True,1.649,0.33,0.0088,1.978,
3,973,0.677,-0.553,-1.467,-2.651,1.733,4.038,True,1.649,0.33,0.0088,1.978,
3,974,0.677,-0.553,-1.467,-2.627,1.729,4.015,True,1.649,0.33,0.0088,1.978,
3,975,0.677,-0.553,-1.467,-2.602,1.724,3.992,True,1.649,0.33,0.0088,1.978,
3,976,0.677,-0.553,-1.467,-2.577,1.72,3.969,True,1.649,0.33,0.0088,1.978,
3,977,0.678,-0.553,-1.467,-2.553,1.715,3.947,True,1.649,0.33,0.0088,1.978,
3,978,0.678,-0.552,-1.467,-2.529,1.709,3.924,True,1.649,0.33,0.0088,1.978,
3,979,0.678,-0.552,-1.468,-2.504,1.704,3.901,True,1.649,0.33,0.0088,1.978,
3,980,0.678,-0.552,-1.468,-2.48,1.699,3.878,True,1.649,0.33,0.0088,1.978,
3,981,0.678,-0.552,-1.468,-2.456,1.693,3.855,True,1.649,0.33,0.0088,1.978,
3,982,0.678,-0.552,-1.468,-2.432,1.687,3.832,True,1.649,0.33,0.0088,1.978,
3,983,0.678,-0.552,-1.468,-2.408,1.681,3.809,True,1.649,0.33,0.0088,1.978,
3,984,0.678,-0.552,-1.468,-2.385,1.674,3.786,True,1.649,0.33,0.0088,1.978,
3,985,0.678,-0.551,-1.468,-2.361,1.668,3.763,True,1.649,0.33,0.0088,1.978,
3,986,0.679,-0.551,-1.468,-2.337,1.661,3.74,True,1.649,0.33,0.0088,1.978,
3,987,0.679,-0.551,-1.469,-2.314,1.654,3.717,True,1.649,0.33,0.0088,1.978,
3,988,0.679,-0.551,-1.469,-2.291,1.647,3.695,True,1.649,0.33,0.0088,1.978,
3,989,0.679,-0.551,-1.469,-2.267,1.64,3.672,True,1.649,0.33,0.0088,1.978,
3,990,0.679,-0.551,-1.469,-2.244,1.632,3.649,True,1.649,0.33,0.0088,1.978,
3,991,0.679,-0.551,-1.469,-2.221,1.625,3.626,True,1.649,0.33,0.0088,1.978,
3,992,0.679,-0.55,-1.469,-2.198,1.617,3.603,True,1.649,0.33,0.0088,1.978,
3,993,0.679,-0.55,-1.469,-2.176,1.609,3.58,True,1.649,0.33,0.0088,1.978,
3,994,0.679,-0.55,-1.469,-2.153,1.601,3.557,True,1.649,0.33,0.0088,1.978,
3,995,0.68,-0.55,-1.47,-2.13,1.593,3.534,True,1.649,0.33,0.0088,1.978,
3,996,0.68,-0.55,-1.47,-2.108,1.584,3.511,True,1.649,0.33,0.0088,1.978,
3,997,0.68,-0.55,-1.47,-2.086,1.576,3.488,True,1.649,0.33,0.0088,1.978,
3,998,0.68,-0.55,-1.47,-2.063,1.567,3.465,True,1.649,0.33,0.0088,1.978,
3,999,0.68,-0.55,-1.47,-2.041,1.558,3.442,True,1.649,0.33,0.0088,1.978,
3,1000,0.68,-0.549,-1.47,-2.019,1.549,3.419,True,1.649,0.33,0.0088,1.978,
3,1001,0.68,-0.549,-1.47,-1.997,1.54,3.396,True,1.649,0.33,0.0088,1.978,
3,1002,0.68,-0.549,-1.47,-1.975,1.53,3.373,True,1.649,0.33,0.0088,1.978,
3,1003,0.68,-0.549,-1.47,-1.954,1.521,3.35,True,1.649,0.33,0.0088,1.978,
3,1004,0.681,-0.549,-1.471,-1.932,1.511,3.327,True,1.649,0.33,0.0088,1.978,
3,1005,0.681,-0.549,-1.471,-1.91,1.502,3.304,True,1.675,0.366,0.0098,2.04,
3,1006,0.681,-0.549,-1.471,-1.889,1.492,3.281,True,1.675,0.366,0.0098,2.04,
3,1007,0.681,-0.549,-1.471,-1.868,1.482,3.259,True,1.675,0.366,0.0098,2.04,
3,1008,0.681,-0.549,-1.471,-1.847,1.472,3.236,True,1.675,0.366,0.0098,2.04,
3,1009,0.681,-0.548,-1.471,-1.825,1.462,3.213,True,1.675,0.366,0.0098,2.04,
3,1010,0.681,-0.548,-1.471,-1.804,1.451,3.19,True,1.675,0.366,0.0098,2.04,
3,1011,0.681,-0.548,-1.471,-1.784,1.441,3.167,True,1.675,0.366,0.0098,2.04,
3,1012,0.681,-0.548,-1.472,-1.763,1.43,3.144,True,1.675,0.366,0.0098,2.04,
3,1013,0.681,-0.548,-1.472,-1.742,1.419,3.122,True,1.675,0.366,0.0098,2.04,
3,1014,0.682,-0.548,-1.472,-1.722,1.409,3.099,True,1.675,0.366,0.0098,2.04,
3,1015,0.682,-0.548,-1.472,-1.701,1.398,3.076,True,1.675,0.366,0.0098,2.04,
3,1016,0.682,-0.548,-1.472,-1.681,1.387,3.053,True,1.675,0.366,0.0098,2.04,
3,1017,0.682,-0.548,-1.472,-1.66,1.376,3.031,True,1.675,0.366,0.0098,2.04,
3,1018,0.682,-0.547,-1.472,-1.64,1.364,3.008,True,1.675,0.366,0.0098,2.04,
3,1019,0.682,-0.547,-1.472,-1.62,1.353,2.985,True,1.675,0.366,0.0098,2.04,
3,1020,0.682,-0.547,-1.472,-1.6,1.342,2.963,True,1.675,0.366,0.0098,2.04,
3,1021,0.682,-0.547,-1.473,-1.58,1.33,2.94,True,1.675,0.366,0.0098,2.04,
3,1022,0.682,-0.547,-1.473,-1.561,1.319,2.917,True,1.675,0.366,0.0098,2.04,
3,1023,0.682,-0.547,-1.473,-1.541,1.307,2.895,True,1.675,0.366,0.0098,2.04,
3,1024,0.683,-0.547,-1.473,-1.521,1.295,2.872,True,1.675,0.366,0.0098,2.04,
3,1025,0.683,-0.547,-1.473,-1.502,1.283,2.85,True,1.675,0.366,0.0098,2.04,
3,1026,0.683,-0.547,-1.473,-1.482,1.271,2.827,True,1.675,0.366,0.0098,2.04,
3,1027,0.683,-0.547,-1.473,-1.463,1.259,2.805,True,1.675,0.366,0.0098,2.04,
3,1028,0.683,-0.546,-1.473,-1.444,1.247,2.782,True,1.675,0.366,0.0098,2.04,
3,1029,0.683,-0.546,-1.473,-1.425,1.235,2.76,True,1.675,0.366,0.0098,2.04,
3,1030,0.683,-0.546,-1.474,-1.406,1.222,2.737,True,1.675,0.366,0.0098,2.04,
3,1031,0.683,-0.546,-1.474,-1.387,1.21,2.715,True,1.675,0.366,0.0098,2.04,
3,1032,0.683,-0.546,-1.474,-1.368,1.198,2.692,True,1.675,0.366,0.0098,2.04,
3,1033,0.683,-0.546,-1.474,-1.349,1.185,2.67,True,1.675,0.366,0.0098,2.04,
3,1034,0.683,-0.546,-1.474,-1.331,1.172,2.648,True,1.675,0.366,0.0098,2.04,
3,1035,0.684,-0.546,-1.474,-1.312,1.16,2.625,True,1.675,0.366,0.0098,2.04,
3,1036,0.684,-0.546,-1.474,-1.293,1.147,2.603,True,1.675,0.366,0.0098,2.04,
3,1037,0.684,-0.546,-1.474,-1.275,1.134,2.581,True,1.675,0.366,0.0098,2.04,
3,1038,0.684,-0.546,-1.474,-1.257,1.121,2.558,True,1.675,0.366,0.0098,2.04,
3,1039,0.684,-0.545,-1.475,-1.239,1.108,2.536,True,1.675,0.366,0.0098,2.04,
3,1040,0.684,-0.545,-1.475,-1.22,1.095,2.514,True,1.675,0.366,0.0098,2.04,
3,1041,0.684,-0.545,-1.475,-1.202,1.082,2.492,True,1.675,0.366,0.0098,2.04,
3,1042,0.684,-0.545,-1.475,-1.184,1.069,2.469,True,1.675,0.366,0.0098,2.04,
3,1043,0.684,-0.545,-1.475,-1.166,1.056,2.447,True,1.675,0.366,0.0098,2.04,
3,1044,0.684,-0.545,-1.475,-1.148,1.043,2.425,True,1.675,0.366,0.0098,2.04,
3,1045,0.684,-0.545,-1.475,-1.131,1.029,2.403,True,1.675,0.366,0.0098,2.04,
3,1046,0.685,-0.545,-1.475,-1.113,1.016,2.381,True,1.675,0.366,0.0098,2.04,
3,1047,0.685,-0.545,-1.475,-1.095,1.003,2.359,True,1.675,0.366,0.0098,2.04,
3,1048,0.685,-0.545,-1.475,-1.078,0.989,2.337,True,1.675,0.366,0.0098,2.04,
3,1049,0.685,-0.545,-1.476,-1.06,0.976,2.315,True,1.675,0.366,0.0098,2.04,
3,1050,0.685,-0.545,-1.476,-1.043,0.962,2.293,True,1.675,0.366,0.0098,2.04,
3,1051,0.685,-0.545,-1.476,-1.026,0.949,2.271,True,1.675,0.366,0.0098,2.04,
3,1052,0.685,-0.544,-1.476,-1.008,0.935,2.249,True,1.675,0.366,0.0098,2.04,
3,1053,0.685,-0.544,-1.476,-0.991,0.921,2.227,True,1.675,0.366,0.0098,2.04,
3,1054,0.685,-0.544,-1.476,-0.974,0.907,2.205,True,1.675,0.366,0.0098,2.04,
3,1055,0.685,-0.544,-1.476,-0.957,0.894,2.183,True,1.675,0.366,0.0098,2.04,
3,1056,0.685,-0.544,-1.476,-0.94,0.88,2.161,True,1.81,0.439,0.0117,2.248,
3,1057,0.685,-0.544,-1.476,-0.923,0.866,2.139,True,1.817,0.476,0.0127,2.291,
3,1058,0.685,-0.544,-1.476,-0.906,0.852,2.117,True,1.802,0.549,0.0146,2.35,
3,1059,0.686,-0.544,-1.477,-0.89,0.838,2.095,True,1.757,0.623,0.0166,2.379,
3,1060,0.686,-0.544,-1.477,-0.873,0.824,2.074,True,1.705,0.696,0.0186,2.399,
3,1061,0.686,-0.544,-1.477,-0.856,0.81,2.052,True,1.651,0.769,0.0205,2.419,
3,1062,0.686,-0.544,-1.477,-0.84,0.796,2.03,True,1.588,0.879,0.0234,2.466,
3,1063,0.686,-0.544,-1.477,-0.823,0.782,2.008,True,1.543,0.952,0.0254,2.494,
3,1064,0.686,-0.544,-1.477,-0.806,0.767,1.986,True,1.514,0.989,0.0264,2.502,
3,1065,0.686,-0.544,-1.477,-0.79,0.753,1.965,True,1.488,1.062,0.0283,2.548,
3,1066,0.686,-0.544,-1.477,-0.774,0.739,1.943,True,1.461,1.135,0.0303,2.595,
3,1067,0.686,-0.543,-1.477,-0.757,0.725,1.921,True,1.436,1.208,0.0322,2.643,
3,1068,0.686,-0.543,-1.477,-0.741,0.71,1.9,True,1.387,1.355,0.0361,2.741,
3,1069,0.686,-0.543,-1.478,-0.725,0.696,1.878,True,1.361,1.465,0.0391,2.825,
3,1070,0.686,-0.543,-1.478,-0.709,0.682,1.856,True,1.345,1.538,0.041,2.882,
3,1071,0.686,-0.543,-1.478,-0.693,0.667,1.835,True,1.311,1.685,0.0449,2.994,
3,1072,0.686,-0.543,-1.478,-0.676,0.653,1.813,True,1.292,1.794,0.0479,3.086,
3,1073,0.687,-0.543,-1.478,-0.66,0.638,1.792,True,1.281,1.868,0.0498,3.148,
3,1074,0.687,-0.543,-1.478,-0.644,0.624,1.77,True,1.259,2.087,0.0557,3.345,
3,1075,0.687,-0.543,-1.478,-0.629,0.61,1.749,True,1.244,2.234,0.0596,3.476,
3,1076,0.687,-0.543,-1.478,-0.613,0.595,1.727,True,1.24,2.307,0.0615,3.546,
3,1077,0.687,-0.543,-1.478,-0.597,0.58,1.706,True,1.225,2.49,0.0664,3.714,
3,1078,0.687,-0.543,-1.478,-0.581,0.566,1.684,True,1.211,2.673,0.0713,3.884,
3,1079,0.687,-0.543,-1.479,-0.565,0.551,1.663,True,1.209,2.747,0.0732,3.954,
3,1080,0.687,-0.543,-1.479,-0.549,0.537,1.641,True,1.199,2.93,0.0781,4.128,
3,1081,0.687,-0.543,-1.479,-0.534,0.522,1.62,True,1.191,2.924,0.082,4.113,
3,1082,0.687,-0.543,-1.479,-0.518,0.507,1.598,True,1.225,2.93,0.0781,4.153,
3,1083,0.687,-0.543,-1.479,-0.503,0.493,1.577,True,1.264,2.856,0.0762,4.119,
3,1084,0.687,-0.542,-1.479,-0.487,0.478,1.556,True,1.321,2.49,0.0664,3.81,
3,1085,0.687,-0.542,-1.479,-0.471,0.463,1.534,True,1.382,2.197,0.0586,3.578,
3,1086,0.687,-0.542,-1.479,-0.456,0.449,1.513,True,1.42,2.087,0.0557,3.506,
3,1087,0.687,-0.542,-1.479,-0.44,0.434,1.492,True,1.469,1.758,0.0469,3.226,
3,1088,0.687,-0.542,-1.479,-0.425,0.419,1.47,True,1.538,1.501,0.04,3.038,
3,1089,0.687,-0.542,-1.479,-0.41,0.404,1.449,True,1.602,1.208,0.0322,2.81,
3,1090,0.688,-0.542,-1.48,-0.394,0.389,1.428,True,1.63,1.025,0.0273,2.654,
3,1091,0.688,-0.542,-1.48,-0.379,0.375,1.406,True,1.685,0.769,0.0205,2.453,
3,1092,0.688,-0.542,-1.48,-0.364,0.36,1.385,True,1.92,0.513,0.0137,2.432,
3,1093,0.688,-0.542,-1.48,-0.348,0.345,1.364,True,1.675,0.366,0.0098,2.04,
3,1094,0.688,-0.542,-1.48,-0.333,0.33,1.342,True,1.675,0.366,0.0098,2.04,
3,1095,0.688,-0.542,-1.48,-0.318,0.315,1.321,True,1.675,0.366,0.0098,2.04,
3,1096,0.688,-0.542,-1.48,-0.302,0.3,1.3,True,1.675,0.366,0.0098,2.04,
3,1097,0.688,-0.542,-1.48,-0.287,0.285,1.279,True,1.696,0.33,0.0088,2.024,
3,1098,0.688,-0.542,-1.48,-0.272,0.27,1.258,True,1.696,0.33,0.0088,2.024,
3,1099,0.688,-0.542,-1.48,-0.257,0.256,1.236,True,1.696,0.33,0.0088,2.024,
3,1100,0.688,-0.542,-1.48,-0.242,0.241,1.215,True,1.696,0.33,0.0088,2.024,
3,1101,0.688,-0.542,-1.481,-0.227,0.226,1.194,True,1.696,0.33,0.0088,2.024,
3,1102,0.688,-0.542,-1.481,-0.212,0.211,1.173,True,1.696,0.33,0.0088,2.024,
3,1103,0.688,-0.542,-1.481,-0.196,0.196,1.152,True,1.696,0.33,0.0088,2.024,
3,1104,0.688,-0.542,-1.481,-0.181,0.181,1.131,True,1.696,0.33,0.0088,2.024,
3,1105,0.688,-0.541,-1.481,-0.166,0.166,1.109,True,1.696,0.33,0.0088,2.024,
3,1106,0.688,-0.541,-1.481,-0.151,0.151,1.088,True,1.696,0.33,0.0088,2.024,
3,1107,0.688,-0.541,-1.481,-0.136,0.136,1.067,True,1.696,0.33,0.0088,2.024,
3,1108,0.688,-0.541,-1.481,-0.121,0.121,1.046,True,1.696,0.33,0.0088,2.024,
3,1109,0.689,-0.541,-1.481,-0.106,0.106,1.025,True,1.696,0.33,0.0088,2.024,
3,1110,0.689,-0.541,-1.481,-0.091,0.091,1.004,True,1.696,0.33,0.0088,2.024,
3,1111,0.689,-0.541,-1.481,-0.076,0.076,0.983,True,1.696,0.33,0.0088,2.024,
3,1112,0.689,-0.541,-1.482,-0.061,0.061,0.962,True,1.696,0.33,0.0088,2.024,
3,1113,0.689,-0.541,-1.482,-0.046,0.046,0.941,True,1.696,0.33,0.0088,2.024,
3,1114,0.689,-0.541,-1.482,-0.031,0.031,0.919,True,1.696,0.33,0.0088,2.024,
3,1115,0.689,-0.541,-1.482,-0.016,0.016,0.898,True,1.696,0.33,0.0088,2.024,
3,1116,0.689,-0.541,-1.482,-0.001,0.001,0.877,True,1.696,0.33,0.0088,2.024,
3,1117,0.689,-0.541,-1.482,0.014,-0.014,0.856,True,1.696,0.33,0.0088,2.024,
3,1118,0.689,-0.541,-1.482,0.029,-0.029,0.835,True,1.696,0.33,0.0088,2.024,
3,1119,0.689,-0.541,-1.482,0.044,-0.044,0.814,True,1.696,0.33,0.0088,2.024,
3,1120,0.689,-0.541,-1.482,0.059,-0.059,0.793,True,1.696,0.33,0.0088,2.024,
3,1121,0.689,-0.541,-1.482,0.074,-0.074,0.772,True,1.696,0.33,0.0088,2.024,
3,1122,0.689,-0.541,-1.482,0.089,-0.089,0.751,True,1.696,0.33,0.0088,2.024,
3,1123,0.689,-0.541,-1.482,0.104,-0.104,0.73,True,1.696,0.33,0.0088,2.024,
3,1124,0.689,-0.541,-1.483,0.119,-0.119,0.709,True,1.696,0.33,0.0088,2.024,
3,1125,0.689,-0.541,-1.483,0.134,-0.134,0.688,True,1.696,0.33,0.0088,2.024,
3,1126,0.689,-0.541,-1.483,0.149,-0.149,0.667,True,1.696,0.33,0.0088,2.024,
3,1127,0.689,-0.541,-1.483,0.164,-0.164,0.646,True,1.696,0.33,0.0088,2.024,
3,1128,0.689,-0.541,-1.483,0.179,-0.179,0.625,True,1.696,0.33,0.0088,2.024,
3,1129,0.689,-0.541,-1.483,0.194,-0.194,0.604,True,1.696,0.33,0.0088,2.024,
3,1130,0.689,-0.541,-1.483,0.209,-0.209,0.583,True,1.696,0.33,0.0088,2.024,
3,1131,0.689,-0.54,-1.483,0.225,-0.224,0.563,True,1.696,0.33,0.0088,2.024,
3,1132,0.689,-0.54,-1.483,0.24,-0.239,0.542,True,1.696,0.33,0.0088,2.024,
3,1133,0.69,-0.54,-1.483,0.255,-0.254,0.521,True,1.696,0.33,0.0088,2.024,
3,1134,0.69,-0.54,-1.483,0.27,-0.268,0.5,True,1.696,0.33,0.0088,2.024,
3,1135,0.69,-0.54,-1.483,0.285,-0.283,0.479,True,1.696,0.33,0.0088,2.024,
3,1136,0.69,-0.54,-1.483,0.3,-0.298,0.458,True,1.696,0.33,0.0088,2.024,
3,1137,0.69,-0.54,-1.484,0.316,-0.313,0.438,True,1.696,0.33,0.0088,2.024,
3,1138,0.69,-0.54,-1.484,0.331,-0.328,0.417,True,1.696,0.33,0.0088,2.024,
3,1139,0.69,-0.54,-1.484,0.346,-0.343,0.396,True,1.696,0.33,0.0088,2.024,
3,1140,0.69,-0.54,-1.484,0.361,-0.358,0.376,True,1.696,0.33,0.0088,2.024,
3,1141,0.69,-0.54,-1.484,0.377,-0.373,0.355,True,1.696,0.33,0.0088,2.024,
3,1142,0.69,-0.54,-1.484,0.392,-0.387,0.335,True,1.696,0.33,0.0088,2.024,
3,1143,0.69,-0.54,-1.484,0.407,-0.402,0.314,True,1.696,0.33,0.0088,2.024,
3,1144,0.69,-0.54,-1.484,0.423,-0.417,0.294,True,1.696,0.33,0.0088,2.024,
3,1145,0.69,-0.54,-1.484,0.438,-0.432,0.274,True,1.696,0.33,0.0088,2.024,
3,1146,0.69,-0.54,-1.484,0.454,-0.447,0.254,True,1.696,0.33,0.0088,2.024,
3,1147,0.69,-0.54,-1.484,0.469,-0.461,0.234,True,1.696,0.33,0.0088,2.024,
3,1148,0.69,-0.54,-1.484,0.485,-0.476,0.215,True,1.696,0.33,0.0088,2.024,
3,1149,0.69,-0.54,-1.484,0.5,-0.491,0.196,True,1.696,0.33,0.0088,2.024,
3,1150,0.69,-0.54,-1.485,0.516,-0.505,0.177,True,1.696,0.33,0.0088,2.024,
3,1151,0.69,-0.54,-1.485,0.532,-0.52,0.16,True,1.696,0.33,0.0088,2.024,
3,1152,0.69,-0.54,-1.485,0.547,-0.535,0.143,True,1.696,0.33,0.0088,2.024,
3,1153,0.69,-0.54,-1.485,0.563,-0.549,0.127,True,1.696,0.33,0.0088,2.024,
3,1154,0.69,-0.54,-1.485,0.579,-0.564,0.114,True,1.696,0.33,0.0088,2.024,
3,1155,0.69,-0.54,-1.485,0.595,-0.578,0.103,True,1.696,0.33,0.0088,2.025,
3,1156,0.69,-0.54,-1.485,0.61,-0.593,0.096,True,1.696,0.33,0.0088,2.025,
3,1157,0.69,-0.54,-1.485,0.626,-0.608,0.093,True,1.696,0.33,0.0088,2.025,
3,1158,0.69,-0.54,-1.485,0.642,-0.622,0.095,True,1.696,0.33,0.0088,2.025,
3,1159,0.69,-0.54,-1.485,0.658,-0.637,0.102,True,1.696,0.33,0.0088,2.025,
3,1160,0.69,-0.54,-1.485,0.674,-0.651,0.112,True,1.696,0.33,0.0088,2.025,
3,1161,0.69,-0.54,-1.485,0.69,-0.665,0.126,True,1.696,0.33,0.0088,2.025,
3,1162,0.69,-0.54,-1.485,0.706,-0.68,0.141,True,1.696,0.33,0.0088,2.025,
3,1163,0.69,-0.54,-1.485,0.723,-0.694,0.158,True,1.696,0.33,0.0088,2.025,
3,1164,0.69,-0.54,-1.486,0.739,-0.708,0.176,True,1.696,0.33,0.0088,2.025,
3,1165,0.69,-0.54,-1.486,0.755,-0.723,0.194,True,1.696,0.33,0.0088,2.025,
3,1166,0.691,-0.54,-1.486,0.771,-0.737,0.213,True,1.696,0.33,0.0088,2.025,
3,1167,0.691,-0.539,-1.486,0.788,-0.751,0.233,True,1.696,0.33,0.0088,2.025,
3,1168,0.691,-0.539,-1.486,0.804,-0.765,0.253,True,1.696,0.33,0.0088,2.025,
3,1169,0.691,-0.539,-1.486,0.821,-0.78,0.273,True,1.696,0.33,0.0088,2.025,
3,1170,0.691,-0.539,-1.486,0.837,-0.794,0.294,True,1.696,0.33,0.0088,2.025,
3,1171,0.691,-0.539,-1.486,0.854,-0.808,0.314,True,1.696,0.33,0.0088,2.025,
3,1172,0.691,-0.539,-1.486,0.871,-0.822,0.335,True,1.696,0.33,0.0088,2.025,
3,1173,0.691,-0.539,-1.486,0.887,-0.836,0.356,True,1.696,0.33,0.0088,2.025,
3,1174,0.691,-0.539,-1.486,0.904,-0.85,0.377,True,1.696,0.33,0.0088,2.025,
3,1175,0.691,-0.539,-1.486,0.921,-0.864,0.398,True,1.696,0.33,0.0088,2.025,
3,1176,0.691,-0.539,-1.486,0.938,-0.878,0.419,True,1.696,0.33,0.0088,2.025,
3,1177,0.691,-0.539,-1.486,0.955,-0.892,0.44,True,1.696,0.33,0.0088,2.025,
3,1178,0.691,-0.539,-1.487,0.972,-0.905,0.462,True,1.696,0.33,0.0088,2.025,
3,1179,0.691,-0.539,-1.487,0.989,-0.919,0.483,True,1.696,0.33,0.0088,2.025,
3,1180,0.691,-0.539,-1.487,1.006,-0.933,0.504,True,1.696,0.33,0.0088,2.025,
3,1181,0.691,-0.539,-1.487,1.023,-0.947,0.526,True,1.696,0.33,0.0088,2.025,
3,1182,0.691,-0.539,-1.487,1.041,-0.96,0.547,True,1.696,0.33,0.0088,2.025,
3,1183,0.691,-0.539,-1.487,1.058,-0.974,0.569,True,1.696,0.33,0.0088,2.025,
3,1184,0.691,-0.539,-1.487,1.075,-0.987,0.591,True,1.696,0.33,0.0088,2.025,
3,1185,0.691,-0.539,-1.487,1.093,-1.001,0.612,True,1.696,0.33,0.0088,2.025,
3,1186,0.691,-0.539,-1.487,1.111,-1.014,0.634,True,1.696,0.33,0.0088,2.025,
3,1187,0.691,-0.539,-1.487,1.128,-1.028,0.656,True,1.696,0.33,0.0088,2.025,
3,1188,0.691,-0.539,-1.487,1.146,-1.041,0.678,True,1.696,0.33,0.0088,2.025,
3,1189,0.691,-0.539,-1.487,1.164,-1.054,0.699,True,1.696,0.33,0.0088,2.025,
3,1190,0.691,-0.539,-1.487,1.182,-1.067,0.721,True,1.696,0.33,0.0088,2.025,
3,1191,0.691,-0.539,-1.487,1.2,-1.081,0.743,True,1.696,0.33,0.0088,2.025,
3,1192,0.691,-0.539,-1.487,1.218,-1.094,0.765,True,1.696,0.33,0.0088,2.025,
3,1193,0.691,-0.539,-1.487,1.236,-1.107,0.787,True,1.696,0.33,0.0088,2.025,
3,1194,0.691,-0.539,-1.488,1.254,-1.12,0.809,True,1.696,0.33,0.0088,2.025,
3,1195,0.691,-0.539,-1.488,1.273,-1.132,0.831,True,1.696,0.33,0.0088,2.025,
3,1196,0.691,-0.539,-1.488,1.291,-1.145,0.853,True,1.696,0.33,0.0088,2.025,
3,1197,0.691,-0.539,-1.488,1.309,-1.158,0.875,True,1.696,0.33,0.0088,2.025,
3,1198,0.691,-0.539,-1.488,1.328,-1.171,0.897,True,1.696,0.33,0.0088,2.025,
3,1199,0.691,-0.539,-1.488,1.347,-1.183,0.919,True,1.696,0.33,0.0088,2.025,
3,1200,0.691,-0.539,-1.488,1.365,-1.196,0.941,True,1.696,0.33,0.0088,2.025,
3,1201,0.691,-0.539,-1.488,1.384,-1.208,0.964,True,1.696,0.33,0.0088,2.025,
3,1202,0.691,-0.539,-1.488,1.403,-1.221,0.986,True,1.696,0.33,0.0088,2.025,
3,1203,0.691,-0.539,-1.488,1.422,-1.233,1.008,True,1.696,0.33,0.0088,2.025,
3,1204,0.691,-0.539,-1.488,1.441,-1.245,1.03,True,1.696,0.33,0.0088,2.025,
3,1205,0.691,-0.539,-1.488,1.46,-1.257,1.053,True,1.696,0.33,0.0088,2.025,
3,1206,0.691,-0.539,-1.488,1.48,-1.27,1.075,True,1.696,0.33,0.0088,2.025,
3,1207,0.691,-0.539,-1.488,1.499,-1.282,1.097,True,1.696,0.33,0.0088,2.025,
3,1208,0.691,-0.539,-1.488,1.519,-1.293,1.12,True,1.696,0.33,0.0088,2.025,
3,1209,0.691,-0.539,-1.488,1.538,-1.305,1.142,True,1.696,0.33,0.0088,2.025,
3,1210,0.691,-0.539,-1.488,1.558,-1.317,1.165,True,1.696,0.33,0.0088,2.025,
3,1211,0.691,-0.539,-1.489,1.578,-1.329,1.187,True,1.696,0.33,0.0088,2.025,
3,1212,0.691,-0.539,-1.489,1.597,-1.34,1.21,True,1.696,0.33,0.0088,2.025,
3,1213,0.691,-0.539,-1.489,1.617,-1.352,1.232,True,1.696,0.33,0.0088,2.025,
3,1214,0.691,-0.539,-1.489,1.637,-1.363,1.255,True,1.696,0.33,0.0088,2.025,
3,1215,0.691,-0.539,-1.489,1.658,-1.374,1.277,True,1.696,0.33,0.0088,2.025,
3,1216,0.691,-0.539,-1.489,1.678,-1.385,1.3,True,1.696,0.33,0.0088,2.025,
3,1217,0.691,-0.539,-1.489,1.698,-1.396,1.323,True,1.696,0.33,0.0088,2.025,
3,1218,0.691,-0.539,-1.489,1.719,-1.407,1.345,True,1.696,0.33,0.0088,2.025,
3,1219,0.691,-0.539,-1.489,1.739,-1.418,1.368,True,1.696,0.33,0.0088,2.025,
3,1220,0.691,-0.539,-1.489,1.76,-1.429,1.391,True,1.696,0.33,0.0088,2.025,
3,1221,0.691,-0.538,-1.489,1.781,-1.439,1.414,True,1.696,0.33,0.0088,2.025,
3,1222,0.691,-0.538,-1.489,1.802,-1.45,1.436,True,1.696,0.33,0.0088,2.025,
3,1223,0.691,-0.538,-1.489,1.823,-1.46,1.459,True,1.696,0.33,0.0088,2.025,
3,1224,0.691,-0.538,-1.489,1.844,-1.47,1.482,True,1.696,0.33,0.0088,2.025,
3,1225,0.691,-0.538,-1.489,1.865,-1.48,1.505,True,1.696,0.33,0.0088,2.025,
3,1226,0.691,-0.538,-1.489,1.886,-1.49,1.528,True,1.696,0.33,0.0088,2.025,
3,1227,0.691,-0.538,-1.489,1.908,-1.5,1.551,True,1.696,0.33,0.0088,2.025,
3,1228,0.691,-0.538,-1.489,1.929,-1.51,1.573,True,1.696,0.33,0.0088,2.025,
3,1229,0.691,-0.538,-1.49,1.951,-1.52,1.596,True,1.696,0.33,0.0088,2.025,
3,1230,0.691,-0.538,-1.49,1.972,-1.529,1.619,True,1.696,0.33,0.0088,2.025,
3,1231,0.691,-0.538,-1.49,1.994,-1.538,1.642,True,1.696,0.33,0.0088,2.025,
3,1232,0.691,-0.538,-1.49,2.016,-1.548,1.665,True,1.696,0.33,0.0088,2.025,
3,1233,0.691,-0.538,-1.49,2.038,-1.557,1.688,True,1.696,0.33,0.0088,2.025,
3,1234,0.691,-0.538,-1.49,2.06,-1.566,1.711,True,1.696,0.33,0.0088,2.025,
3,1235,0.691,-0.538,-1.49,2.082,-1.574,1.734,True,1.696,0.33,0.0088,2.025,
3,1236,0.691,-0.538,-1.49,2.105,-1.583,1.758,True,1.696,0.33,0.0088,2.025,
3,1237,0.691,-0.538,-1.49,2.127,-1.591,1.781,True,1.696,0.33,0.0088,2.025,
3,1238,0.691,-0.538,-1.49,2.15,-1.6,1.804,True,1.696,0.33,0.0088,2.025,
3,1239,0.691,-0.538,-1.49,2.173,-1.608,1.827,True,1.696,0.33,0.0088,2.025,
3,1240,0.691,-0.538,-1.49,2.195,-1.616,1.85,True,1.696,0.33,0.0088,2.025,
3,1241,0.691,-0.538,-1.49,2.218,-1.624,1.873,True,1.696,0.33,0.0088,2.025,
3,1242,0.692,-0.538,-1.49,2.241,-1.631,1.896,True,1.696,0.33,0.0088,2.025,
3,1243,0.692,-0.538,-1.49,2.264,-1.639,1.92,True,1.696,0.33,0.0088,2.025,
3,1244,0.692,-0.538,-1.49,2.288,-1.646,1.943,True,1.696,0.33,0.0088,2.025,
3,1245,0.692,-0.538,-1.49,2.311,-1.653,1.966,True,1.696,0.33,0.0088,2.025,
3,1246,0.692,-0.538,-1.49,2.334,-1.66,1.989,True,1.696,0.33,0.0088,2.025,
3,1247,0.692,-0.538,-1.49,2.358,-1.667,2.013,True,1.696,0.33,0.0088,2.025,
3,1248,0.692,-0.538,-1.491,2.381,-1.673,2.036,True,1.696,0.33,0.0088,2.025,
3,1249,0.692,-0.538,-1.491,2.405,-1.68,2.059,True,1.696,0.33,0.0088,2.025,
3,1250,0.692,-0.538,-1.491,2.429,-1.686,2.082,True,1.696,0.33,0.0088,2.025,
3,1251,0.692,-0.538,-1.491,2.453,-1.692,2.106,True,1.696,0.33,0.0088,2.025,
3,1252,0.692,-0.538,-1.491,2.477,-1.698,2.129,True,1.696,0.33,0.0088,2.025,
3,1253,0.692,-0.538,-1.491,2.501,-1.703,2.152,True,1.696,0.33,0.0088,2.025,
3,1254,0.692,-0.538,-1.491,2.525,-1.709,2.176,True,1.696,0.33,0.0088,2.025,
3,1255,0.692,-0.538,-1.491,2.55,-1.714,2.199,True,1.696,0.33,0.0088,2.025,
3,1256,0.692,-0.538,-1.491,2.574,-1.719,2.222,True,1.696,0.33,0.0088,2.025,
3,1257,0.692,-0.538,-1.491,2.599,-1.724,2.245,True,1.696,0.33,0.0088,2.025,
3,1258,0.692,-0.538,-1.491,2.623,-1.728,2.269,True,1.696,0.33,0.0088,2.025,
3,1259,0.692,-0.538,-1.491,2.648,-1.732,2.292,True,1.696,0.33,0.0088,2.025,
3,1260,0.692,-0.538,-1.491,2.673,-1.736,2.315,True,1.696,0.33,0.0088,2.025,
3,1261,0.692,-0.538,-1.491,2.698,-1.74,2.339,True,1.696,0.33,0.0088,2.025,
3,1262,0.692,-0.538,-1.491,2.723,-1.744,2.362,True,1.696,0.33,0.0088,2.025,
3,1263,0.692,-0.538,-1.491,2.748,-1.747,2.385,True,1.696,0.33,0.0088,2.025,
3,1264,0.692,-0.538,-1.491,2.773,-1.75,2.409,True,1.696,0.33,0.0088,2.025,
3,1265,0.692,-0.538,-1.491,2.798,-1.753,2.432,True,1.696,0.33,0.0088,2.025,
3,1266,0.692,-0.538,-1.491,2.823,-1.756,2.455,True,1.696,0.33,0.0088,2.025,
3,1267,0.692,-0.538,-1.491,2.849,-1.758,2.478,True,1.696,0.33,0.0088,2.025,
3,1268,0.692,-0.538,-1.491,2.874,-1.76,2.502,True,1.696,0.33,0.0088,2.025,
3,1269,0.692,-0.538,-1.491,2.9,-1.762,2.525,True,1.696,0.33,0.0088,2.025,
3,1270,0.692,-0.538,-1.492,2.925,-1.764,2.548,True,1.696,0.33,0.0088,2.025,
3,1271,0.692,-0.538,-1.492,2.951,-1.765,2.571,True,1.696,0.33,0.0088,2.025,
3,1272,0.692,-0.538,-1.492,2.977,-1.766,2.594,True,1.696,0.33,0.0088,2.025,
3,1273,0.692,-0.538,-1.492,3.003,-1.767,2.618,True,1.696,0.33,0.0088,2.025,
3,1274,0.692,-0.538,-1.492,3.028,-1.768,2.641,True,1.696,0.33,0.0088,2.025,
3,1275,0.692,-0.538,-1.492,3.054,-1.768,2.664,True,1.696,0.33,0.0088,2.025,
3,1276,0.692,-0.538,-1.492,3.08,-1.768,2.687,True,1.696,0.33,0.0088,2.025,
3,1277,0.692,-0.538,-1.492,3.106,-1.767,2.71,True,1.696,0.33,0.0088,2.025,
3,1278,0.692,-0.538,-1.492,3.133,-1.767,2.733,True,1.696,0.33,0.0088,2.025,
3,1279,0.692,-0.538,-1.492,3.159,-1.766,2.756,True,1.696,0.33,0.0088,2.025,
3,1280,0.692,-0.538,-1.492,3.185,-1.765,2.779,True,1.696,0.33,0.0088,2.025,
3,1281,0.692,-0.538,-1.492,3.211,-1.763,2.802,True,1.696,0.33,0.0088,2.025,
3,1282,0.692,-0.538,-1.492,3.237,-1.761,2.824,True,1.696,0.33,0.0088,2.025,
3,1283,0.692,-0.538,-1.492,3.264,-1.759,2.847,True,1.696,0.33,0.0088,2.025,
3,1284,0.692,-0.538,-1.492,3.29,-1.757,2.87,True,1.696,0.33,0.0088,2.025,
3,1285,0.692,-0.538,-1.492,3.316,-1.754,2.893,True,1.696,0.33,0.0088,2.025,
3,1286,0.692,-0.538,-1.492,3.343,-1.751,2.915,True,1.696,0.33,0.0088,2.025,
3,1287,0.692,-0.538,-1.492,3.369,-1.747,2.938,True,1.696,0.33,0.0088,2.025,
3,1288,0.692,-0.538,-1.492,3.395,-1.743,2.96,True,1.696,0.33,0.0088,2.025,
3,1289,0.692,-0.538,-1.492,3.422,-1.739,2.983,True,1.696,0.33,0.0088,2.025,
3,1290,0.692,-0.538,-1.492,3.448,-1.735,3.005,True,1.696,0.33,0.0088,2.025,
3,1291,0.692,-0.538,-1.492,3.475,-1.73,3.028,True,1.696,0.33,0.0088,2.025,
3,1292,0.692,-0.538,-1.492,3.501,-1.725,3.05,True,1.696,0.33,0.0088,2.025,
3,1293,0.692,-0.538,-1.492,3.527,-1.72,3.072,True,1.696,0.33,0.0088,2.025,
3,1294,0.692,-0.538,-1.492,3.554,-1.714,3.094,True,1.696,0.33,0.0088,2.025,
3,1295,0.692,-0.538,-1.493,3.58,-1.708,3.116,True,1.696,0.33,0.0088,2.025,
3,1296,0.692,-0.538,-1.493,3.606,-1.701,3.138,True,1.696,0.33,0.0088,2.025,
3,1297,0.692,-0.538,-1.493,3.633,-1.694,3.16,True,1.696,0.33,0.0088,2.025,
3,1298,0.692,-0.538,-1.493,3.659,-1.687,3.182,True,1.696,0.33,0.0088,2.025,
3,1299,0.692,-0.538,-1.493,3.685,-1.679,3.204,True,1.696,0.33,0.0088,2.025,
3,1300,0.692,-0.538,-1.493,3.711,-1.672,3.226,True,1.696,0.33,0.0088,2.025,
3,1301,0.692,-0.538,-1.493,3.737,-1.663,3.247,True,1.696,0.33,0.0088,2.025,
3,1302,0.692,-0.538,-1.493,3.763,-1.655,3.269,True,1.696,0.33,0.0088,2.025,
3,1303,0.692,-0.538,-1.493,3.789,-1.646,3.29,True,1.696,0.33,0.0088,2.025,
3,1304,0.692,-0.538,-1.493,3.815,-1.636,3.311,True,1.696,0.33,0.0088,2.025,
3,1305,0.692,-0.538,-1.493,3.841,-1.626,3.332,True,1.696,0.33,0.0088,2.025,
3,1306,0.692,-0.538,-1.493,3.867,-1.616,3.353,True,1.696,0.33,0.0088,2.025,
3,1307,0.692,-0.538,-1.493,3.892,-1.606,3.374,True,1.696,0.33,0.0088,2.025,
3,1308,0.692,-0.538,-1.493,3.918,-1.595,3.395,True,1.696,0.33,0.0088,2.025,
3,1309,0.692,-0.538,-1.493,3.943,-1.583,3.416,True,1.696,0.33,0.0088,2.025,
3,1310,0.692,-0.538,-1.493,3.969,-1.572,3.436,True,1.696,0.33,0.0088,2.025,
3,1311,0.692,-0.538,-1.493,3.994,-1.56,3.457,True,1.696,0.33,0.0088,2.025,
3,1312,0.692,-0.537,-1.493,4.019,-1.547,3.477,True,1.696,0.33,0.0088,2.025,
3,1313,0.692,-0.537,-1.493,4.044,-1.534,3.497,True,1.696,0.33,0.0088,2.025,
3,1314,0.692,-0.537,-1.493,4.069,-1.521,3.517,True,1.696,0.33,0.0088,2.025,
3,1315,0.692,-0.537,-1.493,4.093,-1.508,3.537,True,1.696,0.33,0.0088,2.025,
3,1316,0.692,-0.537,-1.493,4.118,-1.494,3.557,True,1.696,0.33,0.0088,2.025,
3,1317,0.692,-0.537,-1.493,4.142,-1.479,3.577,True,1.696,0.33,0.0088,2.025,
3,1318,0.692,-0.537,-1.493,4.166,-1.465,3.596,True,1.696,0.33,0.0088,2.025,
3,1319,0.692,-0.537,-1.493,4.19,-1.449,3.615,True,1.696,0.33,0.0088,2.025,
3,1320,0.692,-0.537,-1.493,4.214,-1.434,3.634,True,1.696,0.33,0.0088,2.025,
3,1321,0.692,-0.537,-1.493,4.237,-1.418,3.653,True,1.696,0.33,0.0088,2.025,
3,1322,0.692,-0.537,-1.493,4.261,-1.402,3.672,True,1.696,0.33,0.0088,2.025,
3,1323,0.692,-0.537,-1.493,4.284,-1.385,3.691,True,1.696,0.33,0.0088,2.025,
3,1324,0.692,-0.537,-1.494,4.307,-1.368,3.709,True,1.696,0.33,0.0088,2.025,
3,1325,0.692,-0.537,-1.494,4.329,-1.35,3.728,True,1.696,0.33,0.0088,2.025,
3,1326,0.692,-0.537,-1.494,4.352,-1.333,3.746,True,1.696,0.33,0.0088,2.025,
3,1327,0.692,-0.537,-1.494,4.374,-1.314,3.764,True,1.696,0.33,0.0088,2.025,
3,1328,0.692,-0.537,-1.494,4.396,-1.296,3.781,True,1.696,0.33,0.0088,2.025,
3,1329,0.692,-0.537,-1.494,4.418,-1.277,3.799,True,1.696,0.33,0.0088,2.025,
3,1330,0.692,-0.537,-1.494,4.439,-1.257,3.816,True,1.696,0.33,0.0088,2.025,
3,1331,0.692,-0.537,-1.494,4.46,-1.238,3.833,True,1.696,0.33,0.0088,2.025,
3,1332,0.692,-0.537,-1.494,4.481,-1.218,3.85,True,1.696,0.33,0.0088,2.025,
3,1333,0.692,-0.537,-1.494,4.501,-1.197,3.867,True,1.696,0.33,0.0088,2.025,
3,1334,0.692,-0.537,-1.494,4.522,-1.176,3.883,True,1.696,0.33,0.0088,2.025,
3,1335,0.691,-0.537,-1.494,4.542,-1.155,3.899,True,1.696,0.33,0.0088,2.025,
3,1336,0.691,-0.537,-1.494,4.561,-1.134,3.915,True,1.696,0.33,0.0088,2.025,
3,1337,0.691,-0.537,-1.494,4.58,-1.112,3.931,True,1.696,0.33,0.0088,2.025,
3,1338,0.691,-0.537,-1.494,4.599,-1.09,3.947,True,1.696,0.33,0.0088,2.025,
3,1339,0.691,-0.537,-1.494,4.618,-1.067,3.962,True,1.696,0.33,0.0088,2.025,
3,1340,0.691,-0.537,-1.494,4.636,-1.044,3.977,True,1.696,0.33,0.0088,2.025,
3,1341,0.691,-0.537,-1.494,4.654,-1.021,3.992,True,1.696,0.33,0.0088,2.025,
3,1342,0.691,-0.537,-1.494,4.672,-0.998,4.007,True,1.696,0.33,0.0088,2.025,
3,1343,0.691,-0.537,-1.494,4.689,-0.974,4.021,True,1.696,0.33,0.0088,2.025,
3,1344,0.691,-0.537,-1.494,4.705,-0.95,4.035,True,1.696,0.33,0.0088,2.025,
3,1345,0.691,-0.537,-1.494,4.722,-0.925,4.049,True,1.696,0.33,0.0088,2.025,
3,1346,0.691,-0.537,-1.494,4.738,-0.9,4.063,True,1.696,0.33,0.0088,2.025,
3,1347,0.691,-0.537,-1.494,4.753,-0.875,4.076,True,1.696,0.33,0.0088,2.025,
3,1348,0.691,-0.537,-1.494,4.768,-0.85,4.089,True,1.696,0.33,0.0088,2.025,
3,1349,0.691,-0.537,-1.494,4.783,-0.824,4.102,True,1.696,0.33,0.0088,2.025,
3,1350,0.691,-0.537,-1.494,4.797,-0.798,4.114,True,1.696,0.33,0.0088,2.025,
3,1351,0.691,-0.537,-1.494,4.811,-0.772,4.126,True,1.696,0.33,0.0088,2.025,
3,1352,0.691,-0.537,-1.494,4.825,-0.746,4.138,True,1.696,0.33,0.0088,2.025,
3,1353,0.691,-0.537,-1.494,4.838,-0.719,4.15,True,1.696,0.33,0.0088,2.025,
3,1354,0.691,-0.537,-1.494,4.85,-0.692,4.161,True,1.696,0.33,0.0088,2.025,
3,1355,0.691,-0.537,-1.494,4.862,-0.665,4.173,True,1.696,0.33,0.0088,2.025,
3,1356,0.691,-0.537,-1.494,4.874,-0.638,4.183,True,1.696,0.33,0.0088,2.025,
3,1357,0.691,-0.537,-1.494,4.885,-0.61,4.194,True,1.696,0.33,0.0088,2.025,
3,1358,0.691,-0.537,-1.494,4.895,-0.582,4.204,True,1.696,0.33,0.0088,2.025,
3,1359,0.691,-0.537,-1.495,4.905,-0.554,4.214,True,1.696,0.33,0.0088,2.025,
3,1360,0.691,-0.537,-1.495,4.915,-0.526,4.224,True,1.696,0.33,0.0088,2.025,
3,1361,0.691,-0.537,-1.495,4.924,-0.498,4.233,True,1.696,0.33,0.0088,2.025,
3,1362,0.691,-0.537,-1.495,4.933,-0.469,4.242,True,1.696,0.33,0.0088,2.025,
3,1363,0.691,-0.537,-1.495,4.941,-0.44,4.251,True,1.696,0.33,0.0088,2.025,
3,1364,0.691,-0.537,-1.495,4.949,-0.411,4.259,True,1.696,0.33,0.0088,2.025,
3,1365,0.691,-0.537,-1.495,4.956,-0.382,4.267,True,1.696,0.33,0.0088,2.025,
3,1366,0.691,-0.537,-1.495,4.962,-0.353,4.275,True,1.696,0.33,0.0088,2.025,
3,1367,0.691,-0.537,-1.495,4.968,-0.324,4.282,True,1.696,0.33,0.0088,2.025,
3,1368,0.691,-0.537,-1.495,4.974,-0.294,4.289,True,1.696,0.33,0.0088,2.025,
3,1369,0.691,-0.537,-1.495,4.979,-0.265,4.296,True,1.696,0.33,0.0088,2.025,
3,1370,0.691,-0.537,-1.495,4.983,-0.235,4.303,True,1.696,0.33,0.0088,2.025,
3,1371,0.691,-0.537,-1.495,4.987,-0.205,4.309,True,1.696,0.33,0.0088,2.025,
3,1372,0.691,-0.537,-1.495,4.991,-0.176,4.315,True,1.696,0.33,0.0088,2.025,
3,1373,0.691,-0.537,-1.495,4.994,-0.146,4.32,True,1.696,0.33,0.0088,2.025,
3,1374,0.691,-0.537,-1.495,4.996,-0.116,4.325,True,1.696,0.33,0.0088,2.025,
3,1375,0.691,-0.537,-1.495,4.998,-0.086,4.33,True,1.696,0.33,0.0088,2.025,
3,1376,0.691,-0.537,-1.495,4.999,-0.056,4.334,True,1.696,0.33,0.0088,2.025,
3,1377,0.691,-0.537,-1.495,5.0,-0.026,4.339,True,1.696,0.33,0.0088,2.025,
3,1378,0.691,-0.537,-1.495,5.0,0.004,4.342,True,1.696,0.33,0.0088,2.025,
3,1379,0.691,-0.537,-1.495,5.0,0.034,4.346,True,1.696,0.33,0.0088,2.025,
3,1380,0.691,-0.537,-1.495,4.999,0.064,4.349,True,1.696,0.33,0.0088,2.025,
3,1381,0.691,-0.537,-1.495,4.997,0.094,4.352,True,1.696,0.33,0.0088,2.025,
3,1382,0.691,-0.537,-1.495,4.995,0.124,4.354,True,1.696,0.33,0.0088,2.025,
3,1383,0.691,-0.537,-1.495,4.993,0.154,4.357,True,1.696,0.33,0.0088,2.025,
3,1384,0.691,-0.537,-1.495,4.99,0.184,4.359,True,1.696,0.33,0.0088,2.025,
3,1385,0.691,-0.537,-1.495,4.986,0.213,4.36,True,1.696,0.33,0.0088,2.025,
3,1386,0.691,-0.537,-1.495,4.982,0.243,4.361,True,1.696,0.33,0.0088,2.025,
3,1387,0.691,-0.537,-1.495,4.978,0.273,4.362,True,1.696,0.33,0.0088,2.025,
3,1388,0.691,-0.537,-1.495,4.972,0.302,4.363,True,1.696,0.33,0.0088,2.025,
3,1389,0.691,-0.537,-1.495,4.967,0.331,4.363,True,1.696,0.33,0.0088,2.025,
3,1390,0.691,-0.537,-1.495,4.961,0.361,4.363,True,1.696,0.33,0.0088,2.025,
3,1391,0.691,-0.537,-1.495,4.954,0.39,4.362,True,1.696,0.33,0.0088,2.025,
3,1392,0.691,-0.537,-1.495,4.947,0.419,4.361,True,1.696,0.33,0.0088,2.025,
3,1393,0.691,-0.537,-1.495,4.939,0.448,4.36,True,1.696,0.33,0.0088,2.025,
3,1394,0.691,-0.537,-1.495,4.931,0.476,4.359,True,1.696,0.33,0.0088,2.025,
3,1395,0.691,-0.537,-1.495,4.922,0.505,4.357,True,1.696,0.33,0.0088,2.025,
3,1396,0.691,-0.537,-1.495,4.913,0.533,4.355,True,1.696,0.33,0.0088,2.025,
3,1397,0.691,-0.537,-1.495,4.903,0.562,4.352,True,1.696,0.33,0.0088,2.025,
3,1398,0.691,-0.537,-1.495,4.893,0.59,4.35,True,1.696,0.33,0.0088,2.025,
3,1399,0.691,-0.537,-1.495,4.882,0.617,4.347,True,1.696,0.33,0.0088,2.025,
3,1400,0.691,-0.537,-1.495,4.871,0.645,4.343,True,1.696,0.33,0.0088,2.025,
3,1401,0.691,-0.537,-1.495,4.859,0.672,4.339,True,1.696,0.33,0.0088,2.025,
3,1402,0.691,-0.537,-1.495,4.847,0.699,4.335,True,1.696,0.33,0.0088,2.025,
3,1403,0.691,-0.537,-1.495,4.834,0.726,4.331,True,1.696,0.33,0.0088,2.025,
3,1404,0.691,-0.537,-1.496,4.821,0.753,4.327,True,1.696,0.33,0.0088,2.025,
3,1405,0.691,-0.537,-1.496,4.808,0.779,4.322,True,1.696,0.33,0.0088,2.025,
3,1406,0.691,-0.537,-1.496,4.794,0.805,4.316,True,1.696,0.33,0.0088,2.025,
3,1407,0.691,-0.537,-1.496,4.779,0.831,4.311,True,1.696,0.33,0.0088,2.025,
3,1408,0.691,-0.537,-1.496,4.764,0.857,4.305,True,1.696,0.33,0.0088,2.025,
3,1409,0.691,-0.537,-1.496,4.749,0.882,4.299,True,1.696,0.33,0.0088,2.025,
3,1410,0.691,-0.537,-1.496,4.734,0.907,4.292,True,1.696,0.33,0.0088,2.025,
3,1411,0.691,-0.537,-1.496,4.718,0.932,4.286,True,1.696,0.33,0.0088,2.025,
3,1412,0.691,-0.537,-1.496,4.701,0.956,4.279,True,1.696,0.33,0.0088,2.025,
3,1413,0.691,-0.537,-1.496,4.684,0.98,4.271,True,1.696,0.33,0.0088,2.025,
3,1414,0.691,-0.537,-1.496,4.667,1.004,4.264,True,1.696,0.33,0.0088,2.025,
3,1415,0.691,-0.537,-1.496,4.649,1.027,4.256,True,1.696,0.33,0.0088,2.025,
3,1416,0.691,-0.537,-1.496,4.631,1.05,4.248,True,1.696,0.33,0.0088,2.025,
3,1417,0.691,-0.537,-1.496,4.613,1.073,4.24,True,1.696,0.33,0.0088,2.025,
3,1418,0.691,-0.537,-1.496,4.594,1.096,4.231,True,1.696,0.33,0.0088,2.025,
3,1419,0.691,-0.537,-1.496,4.575,1.118,4.222,True,1.696,0.33,0.0088,2.025,
3,1420,0.691,-0.537,-1.496,4.556,1.14,4.213,True,1.696,0.33,0.0088,2.025,
3,1421,0.691,-0.537,-1.496,4.536,1.161,4.203,True,1.696,0.33,0.0088,2.025,
3,1422,0.691,-0.537,-1.496,4.516,1.182,4.194,True,1.696,0.33,0.0088,2.025,
3,1423,0.691,-0.537,-1.496,4.496,1.203,4.184,True,1.696,0.33,0.0088,2.025,
3,1424,0.691,-0.537,-1.496,4.475,1.223,4.173,True,1.696,0.33,0.0088,2.025,
3,1425,0.691,-0.537,-1.496,4.455,1.243,4.163,True,1.696,0.33,0.0088,2.025,
3,1426,0.691,-0.537,-1.496,4.433,1.263,4.152,True,1.696,0.33,0.0088,2.025,
3,1427,0.691,-0.537,-1.496,4.412,1.282,4.141,True,1.696,0.33,0.0088,2.025,
3,1428,0.691,-0.537,-1.496,4.39,1.301,4.13,True,1.696,0.33,0.0088,2.025,
3,1429,0.691,-0.537,-1.496,4.368,1.319,4.119,True,1.696,0.33,0.0088,2.025,
3,1430,0.691,-0.537,-1.496,4.346,1.337,4.107,True,1.696,0.33,0.0088,2.025,
3,1431,0.691,-0.537,-1.496,4.323,1.355,4.095,True,1.696,0.33,0.0088,2.025,
3,1432,0.691,-0.537,-1.496,4.301,1.372,4.083,True,1.696,0.33,0.0088,2.025,
3,1433,0.691,-0.537,-1.496,4.278,1.389,4.071,True,1.696,0.33,0.0088,2.025,
3,1434,0.691,-0.537,-1.496,4.254,1.406,4.058,True,1.696,0.33,0.0088,2.025,
3,1435,0.691,-0.537,-1.496,4.231,1.422,4.046,True,1.696,0.33,0.0088,2.025,
3,1436,0.691,-0.537,-1.496,4.207,1.438,4.033,True,1.696,0.33,0.0088,2.025,
3,1437,0.691,-0.537,-1.496,4.184,1.453,4.02,True,1.696,0.33,0.0088,2.025,
3,1438,0.691,-0.537,-1.496,4.16,1.468,4.006,True,1.696,0.33,0.0088,2.025,
3,1439,0.691,-0.537,-1.496,4.136,1.483,3.993,True,1.696,0.33,0.0088,2.025,
3,1440,0.691,-0.537,-1.496,4.111,1.497,3.979,True,1.696,0.33,0.0088,2.025,
3,1441,0.691,-0.537,-1.496,4.087,1.511,3.965,True,1.696,0.33,0.0088,2.025,
3,1442,0.691,-0.537,-1.496,4.062,1.525,3.951,True,1.696,0.33,0.0088,2.025,
3,1443,0.691,-0.537,-1.496,4.037,1.538,3.937,True,1.696,0.33,0.0088,2.025,
3,1444,0.691,-0.537,-1.496,4.012,1.551,3.923,True,1.696,0.33,0.0088,2.025,
3,1445,0.691,-0.537,-1.496,3.987,1.563,3.908,True,1.696,0.33,0.0088,2.025,
3,1446,0.691,-0.537,-1.496,3.962,1.575,3.893,True,1.696,0.33,0.0088,2.025,
3,1447,0.691,-0.537,-1.496,3.937,1.586,3.878,True,1.696,0.33,0.0088,2.025,
3,1448,0.691,-0.537,-1.496,3.911,1.598,3.863,True,1.696,0.33,0.0088,2.025,
3,1449,0.691,-0.537,-1.496,3.886,1.608,3.848,True,1.696,0.33,0.0088,2.025,
3,1450,0.691,-0.537,-1.496,3.86,1.619,3.833,True,1.696,0.33,0.0088,2.025,
3,1451,0.691,-0.537,-1.496,3.834,1.629,3.817,True,1.696,0.33,0.0088,2.025,
3,1452,0.691,-0.537,-1.496,3.808,1.639,3.801,True,1.696,0.33,0.0088,2.025,
3,1453,0.691,-0.537,-1.496,3.783,1.648,3.785,True,1.696,0.33,0.0088,2.025,
3,1454,0.691,-0.537,-1.496,3.757,1.657,3.769,True,1.696,0.33,0.0088,2.025,
3,1455,0.691,-0.537,-1.496,3.73,1.665,3.753,True,1.696,0.33,0.0088,2.025,
3,1456,0.691,-0.537,-1.496,3.704,1.674,3.737,True,1.696,0.33,0.0088,2.025,
3,1457,0.691,-0.537,-1.496,3.678,1.682,3.721,True,1.696,0.33,0.0088,2.025,
3,1458,0.691,-0.537,-1.496,3.652,1.689,3.704,True,1.696,0.33,0.0088,2.025,
3,1459,0.691,-0.537,-1.496,3.626,1.696,3.687,True,1.696,0.33,0.0088,2.025,
3,1460,0.691,-0.537,-1.496,3.599,1.703,3.671,True,1.696,0.33,0.0088,2.025,
3,1461,0.691,-0.537,-1.496,3.573,1.709,3.654,True,1.696,0.33,0.0088,2.025,
3,1462,0.691,-0.537,-1.496,3.547,1.715,3.637,True,1.696,0.33,0.0088,2.025,
3,1463,0.691,-0.537,-1.496,3.52,1.721,3.62,True,1.696,0.33,0.0088,2.025,
3,1464,0.691,-0.536,-1.496,3.494,1.726,3.602,True,1.696,0.33,0.0088,2.025,
3,1465,0.691,-0.536,-1.496,3.468,1.731,3.585,True,1.696,0.33,0.0088,2.025,
3,1466,0.691,-0.536,-1.496,3.441,1.736,3.568,True,1.696,0.33,0.0088,2.025,
3,1467,0.691,-0.536,-1.496,3.415,1.74,3.55,True,1.696,0.33,0.0088,2.025,
3,1468,0.691,-0.536,-1.497,3.388,1.744,3.532,True,1.696,0.33,0.0088,2.025,
3,1469,0.691,-0.536,-1.497,3.362,1.748,3.515,True,1.696,0.33,0.0088,2.025,
3,1470,0.691,-0.536,-1.497,3.336,1.751,3.497,True,1.696,0.33,0.0088,2.025,
3,1471,0.691,-0.536,-1.497,3.309,1.754,3.479,True,1.696,0.33,0.0088,2.025,
3,1472,0.691,-0.536,-1.497,3.283,1.757,3.461,True,1.696,0.33,0.0088,2.025,
3,1473,0.691,-0.536,-1.497,3.257,1.76,3.443,True,1.696,0.33,0.0088,2.025,
3,1474,0.691,-0.536,-1.497,3.23,1.762,3.425,True,1.696,0.33,0.0088,2.025,
3,1475,0.691,-0.536,-1.497,3.204,1.763,3.407,True,1.696,0.33,0.0088,2.025,
3,1476,0.691,-0.536,-1.497,3.178,1.765,3.388,True,1.696,0.33,0.0088,2.025,
3,1477,0.691,-0.536,-1.497,3.152,1.766,3.37,True,1.696,0.33,0.0088,2.025,
3,1478,0.691,-0.536,-1.497,3.126,1.767,3.352,True,1.696,0.33,0.0088,2.025,
3,1479,0.691,-0.536,-1.497,3.1,1.767,3.333,True,1.696,0.33,0.0088,2.025,
3,1480,0.691,-0.536,-1.497,3.074,1.768,3.314,True,1.696,0.33,0.0088,2.025,
3,1481,0.691,-0.536,-1.497,3.048,1.768,3.296,True,1.696,0.33,0.0088,2.025,
3,1482,0.691,-0.536,-1.497,3.022,1.767,3.277,True,1.696,0.33,0.0088,2.025,
3,1483,0.691,-0.536,-1.497,2.996,1.767,3.258,True,1.696,0.33,0.0088,2.025,
3,1484,0.691,-0.536,-1.497,2.97,1.766,3.24,True,1.696,0.33,0.0088,2.025,
3,1485,0.691,-0.536,-1.497,2.944,1.765,3.221,True,1.696,0.33,0.0088,2.025,
3,1486,0.691,-0.536,-1.497,2.919,1.763,3.202,True,1.696,0.33,0.0088,2.025,
3,1487,0.691,-0.536,-1.497,2.893,1.762,3.183,True,1.696,0.33,0.0088,2.025,
3,1488,0.691,-0.536,-1.497,2.867,1.76,3.164,True,1.696,0.33,0.0088,2.025,
3,1489,0.691,-0.536,-1.497,2.842,1.758,3.145,True,1.696,0.33,0.0088,2.025,
3,1490,0.691,-0.536,-1.497,2.817,1.755,3.126,True,1.696,0.33,0.0088,2.025,
3,1491,0.691,-0.536,-1.497,2.791,1.753,3.107,True,1.696,0.33,0.0088,2.025,
3,1492,0.691,-0.536,-1.497,2.766,1.75,3.087,True,1.696,0.33,0.0088,2.025,
3,1493,0.691,-0.536,-1.497,2.741,1.746,3.068,True,1.696,0.33,0.0088,2.025,
3,1494,0.691,-0.536,-1.497,2.716,1.743,3.049,True,1.696,0.33,0.0088,2.025,
3,1495,0.691,-0.536,-1.497,2.691,1.739,3.03,True,1.696,0.33,0.0088,2.025,
3,1496,0.691,-0.536,-1.497,2.666,1.735,3.01,True,1.696,0.33,0.0088,2.025,
3,1497,0.691,-0.536,-1.497,2.641,1.731,2.991,True,1.696,0.33,0.0088,2.025,
3,1498,0.691,-0.536,-1.497,2.617,1.727,2.972,True,1.696,0.33,0.0088,2.025,
3,1499,0.691,-0.536,-1.497,2.592,1.722,2.952,True,1.696,0.33,0.0088,2.025,
3,1500,0.691,-0.536,-1.497,2.568,1.718,2.933,True,1.696,0.33,0.0088,2.025,
3,1501,0.691,-0.536,-1.497,2.543,1.713,2.913,True,1.696,0.33,0.0088,2.025,
3,1502,0.691,-0.536,-1.497,2.519,1.707,2.894,True,1.696,0.33,0.0088,2.025,
3,1503,0.691,-0.536,-1.497,2.495,1.702,2.875,True,1.696,0.33,0.0088,2.025,
3,1504,0.691,-0.536,-1.497,2.471,1.696,2.855,True,1.696,0.33,0.0088,2.025,
3,1505,0.691,-0.536,-1.497,2.447,1.69,2.836,True,1.696,0.33,0.0088,2.025,
3,1506,0.691,-0.536,-1.497,2.423,1.684,2.816,True,1.696,0.33,0.0088,2.025,
3,1507,0.691,-0.536,-1.497,2.399,1.678,2.797,True,1.696,0.33,0.0088,2.025,
3,1508,0.691,-0.536,-1.497,2.375,1.672,2.777,True,1.696,0.33,0.0088,2.025,
3,1509,0.691,-0.536,-1.497,2.352,1.665,2.757,True,1.696,0.33,0.0088,2.025,
3,1510,0.691,-0.536,-1.497,2.328,1.658,2.738,True,1.696,0.33,0.0088,2.025,
3,1511,0.691,-0.536,-1.497,2.305,1.651,2.718,True,1.696,0.33,0.0088,2.025,
3,1512,0.691,-0.536,-1.497,2.281,1.644,2.699,True,1.696,0.33,0.0088,2.025,
3,1513,0.691,-0.536,-1.497,2.258,1.637,2.679,True,1.696,0.33,0.0088,2.025,
3,1514,0.691,-0.536,-1.497,2.235,1.629,2.66,True,1.696,0.33,0.0088,2.025,
3,1515,0.691,-0.536,-1.497,2.212,1.622,2.64,True,1.696,0.33,0.0088,2.025,
3,1516,0.691,-0.536,-1.497,2.189,1.614,2.621,True,1.696,0.33,0.0088,2.025,
3,1517,0.691,-0.536,-1.497,2.167,1.606,2.601,True,1.696,0.33,0.0088,2.025,
3,1518,0.691,-0.536,-1.497,2.144,1.598,2.582,True,1.696,0.33,0.0088,2.025,
3,1519,0.691,-0.536,-1.497,2.121,1.589,2.562,True,1.696,0.33,0.0088,2.025,
3,1520,0.691,-0.536,-1.497,2.099,1.581,2.542,True,1.696,0.33,0.0088,2.025,
3,1521,0.691,-0.536,-1.497,2.077,1.572,2.523,True,1.696,0.33,0.0088,2.025,
3,1522,0.691,-0.536,-1.497,2.054,1.563,2.503,True,1.696,0.33,0.0088,2.025,
3,1523,0.691,-0.536,-1.497,2.032,1.554,2.484,True,1.696,0.33,0.0088,2.025,
3,1524,0.691,-0.536,-1.497,2.01,1.545,2.464,True,1.696,0.33,0.0088,2.025,
3,1525,0.691,-0.536,-1.497,1.988,1.536,2.445,True,1.696,0.33,0.0088,2.025,
3,1526,0.691,-0.536,-1.497,1.967,1.527,2.425,True,1.696,0.33,0.0088,2.025,
3,1527,0.691,-0.536,-1.497,1.945,1.517,2.406,True,1.696,0.33,0.0088,2.025,
3,1528,0.691,-0.536,-1.497,1.923,1.508,2.387,True,1.696,0.33,0.0088,2.025,
3,1529,0.691,-0.536,-1.497,1.902,1.498,2.367,True,1.696,0.33,0.0088,2.025,
3,1530,0.691,-0.536,-1.497,1.88,1.488,2.348,True,1.696,0.33,0.0088,2.025,
3,1531,0.691,-0.536,-1.497,1.859,1.478,2.328,True,1.696,0.33,0.0088,2.025,
3,1532,0.691,-0.536,-1.497,1.838,1.468,2.309,True,1.696,0.33,0.0088,2.025,
3,1533,0.691,-0.536,-1.497,1.817,1.457,2.29,True,1.696,0.33,0.0088,2.025,
3,1534,0.691,-0.536,-1.497,1.796,1.447,2.27,True,1.696,0.33,0.0088,2.025,
3,1535,0.691,-0.536,-1.497,1.775,1.437,2.251,True,1.696,0.33,0.0088,2.025,
3,1536,0.691,-0.536,-1.497,1.754,1.426,2.232,True,1.696,0.33,0.0088,2.025,
3,1537,0.691,-0.536,-1.497,1.734,1.415,2.213,True,1.696,0.33,0.0088,2.025,
3,1538,0.691,-0.536,-1.497,1.713,1.404,2.193,True,1.696,0.33,0.0088,2.025,
3,1539,0.691,-0.536,-1.497,1.693,1.393,2.174,True,1.696,0.33,0.0088,2.025,
3,1540,0.691,-0.536,-1.497,1.673,1.382,2.155,True,1.696,0.33,0.0088,2.025,
3,1541,0.691,-0.536,-1.497,1.652,1.371,2.136,True,1.696,0.33,0.0088,2.025,
3,1542,0.691,-0.536,-1.497,1.632,1.36,2.117,True,1.696,0.33,0.0088,2.025,
3,1543,0.691,-0.536,-1.497,1.612,1.349,2.098,True,1.696,0.33,0.0088,2.025,
3,1544,0.691,-0.536,-1.497,1.592,1.337,2.079,True,1.696,0.33,0.0088,2.025,
3,1545,0.691,-0.536,-1.497,1.572,1.325,2.06,True,1.696,0.33,0.0088,2.025,
3,1546,0.691,-0.536,-1.497,1.553,1.314,2.041,True,1.696,0.33,0.0088,2.025,
3,1547,0.691,-0.536,-1.497,1.533,1.302,2.022,True,1.696,0.33,0.0088,2.025,
3,1548,0.691,-0.536,-1.497,1.513,1.29,2.003,True,1.696,0.33,0.0088,2.025,
3,1549,0.691,-0.536,-1.497,1.494,1.278,1.984,True,1.696,0.33,0.0088,2.025,
3,1550,0.691,-0.536,-1.497,1.475,1.266,1.966,True,1.696,0.33,0.0088,2.025,
3,1551,0.691,-0.536,-1.497,1.455,1.254,1.947,True,1.696,0.33,0.0088,2.025,
3,1552,0.691,-0.536,-1.497,1.436,1.242,1.928,True,1.696,0.33,0.0088,2.025,
3,1553,0.691,-0.536,-1.497,1.417,1.23,1.909,True,1.696,0.33,0.0088,2.025,
3,1554,0.691,-0.536,-1.497,1.398,1.217,1.891,True,1.696,0.33,0.0088,2.025,
3,1555,0.691,-0.536,-1.497,1.379,1.205,1.872,True,1.696,0.33,0.0088,2.025,
3,1556,0.691,-0.536,-1.497,1.36,1.193,1.854,True,1.696,0.33,0.0088,2.025,
3,1557,0.691,-0.536,-1.497,1.342,1.18,1.835,True,1.696,0.33,0.0088,2.025,
3,1558,0.691,-0.536,-1.497,1.323,1.167,1.817,True,1.696,0.33,0.0088,2.025,
3,1559,0.691,-0.536,-1.497,1.305,1.155,1.799,True,1.696,0.33,0.0088,2.025,
3,1560,0.691,-0.536,-1.497,1.286,1.142,1.78,True,1.696,0.33,0.0088,2.025,
3,1561,0.691,-0.536,-1.497,1.268,1.129,1.762,True,1.696,0.33,0.0088,2.025,
3,1562,0.691,-0.536,-1.497,1.249,1.116,1.744,True,1.696,0.33,0.0088,2.025,
3,1563,0.691,-0.536,-1.497,1.231,1.103,1.726,True,1.696,0.33,0.0088,2.025,
3,1564,0.691,-0.536,-1.497,1.213,1.09,1.708,True,1.696,0.33,0.0088,2.025,
3,1565,0.691,-0.536,-1.497,1.195,1.077,1.69,True,1.696,0.33,0.0088,2.025,
3,1566,0.691,-0.536,-1.497,1.177,1.064,1.672,True,1.696,0.33,0.0088,2.025,
3,1567,0.691,-0.536,-1.497,1.159,1.051,1.654,True,1.696,0.33,0.0088,2.025,
3,1568,0.691,-0.536,-1.497,1.141,1.037,1.637,True,2.12,0.586,0.0156,2.706,
3,1569,0.691,-0.536,-1.497,1.124,1.024,1.619,True,1.793,0.952,0.0254,2.746,
3,1570,0.691,-0.536,-1.497,1.106,1.011,1.602,True,1.532,1.538,0.041,3.07,
3,1571,0.691,-0.536,-1.497,1.088,0.997,1.584,True,1.488,1.794,0.0479,3.282,
3,1572,0.691,-0.536,-1.497,1.071,0.984,1.567,True,1.519,1.904,0.0508,3.424,
3,1573,0.691,-0.536,-1.497,1.053,0.97,1.549,True,1.58,1.868,0.0498,3.448,
3,1574,0.691,-0.536,-1.497,1.036,0.957,1.532,True,1.672,1.721,0.0459,3.393,
3,1575,0.691,-0.536,-1.497,1.019,0.943,1.515,True,1.743,1.575,0.042,3.318,
3,1576,0.691,-0.536,-1.497,1.002,0.929,1.498,True,1.783,1.392,0.0371,3.175,
3,1577,0.691,-0.536,-1.497,0.984,0.916,1.481,True,1.855,1.318,0.0352,3.173,
3,1578,0.691,-0.536,-1.497,0.967,0.902,1.464,True,1.902,1.099,0.0293,3.0,
3,1579,0.691,-0.536,-1.497,0.95,0.888,1.447,True,2.05,0.989,0.0264,3.039,
3,1580,0.691,-0.536,-1.497,0.933,0.874,1.431,True,2.132,0.916,0.0244,3.047,
3,1581,0.691,-0.536,-1.497,0.916,0.86,1.414,True,2.195,0.586,0.0156,2.781,
3,1582,0.691,-0.536,-1.497,0.9,0.846,1.398,True,2.059,0.476,0.0127,2.535,
3,1583,0.691,-0.536,-1.497,0.883,0.832,1.382,True,1.816,0.476,0.0127,2.292,
3,1584,0.691,-0.536,-1.497,0.866,0.818,1.366,True,1.754,0.403,0.0107,2.157,
3,1585,0.691,-0.536,-1.497,0.849,0.804,1.35,True,1.736,0.366,0.0098,2.102,
3,1586,0.691,-0.536,-1.498,0.833,0.79,1.334,True,1.696,0.33,0.0088,2.025,
3,1587,0.691,-0.536,-1.498,0.816,0.776,1.318,True,1.696,0.33,0.0088,2.025,
3,1588,0.691,-0.536,-1.498,0.8,0.762,1.302,True,1.696,0.33,0.0088,2.025,
3,1589,0.691,-0.536,-1.498,0.783,0.748,1.287,True,1.696,0.33,0.0088,2.025,
3,1590,0.691,-0.536,-1.498,0.767,0.733,1.272,True,1.696,0.33,0.0088,2.025,
3,1591,0.691,-0.536,-1.498,0.751,0.719,1.256,True,1.696,0.33,0.0088,2.025,
3,1592,0.691,-0.536,-1.498,0.735,0.705,1.241,True,1.696,0.33,0.0088,2.025,
3,1593,0.691,-0.536,-1.498,0.718,0.69,1.227,True,1.696,0.33,0.0088,2.025,
3,1594,0.691,-0.536,-1.498,0.702,0.676,1.212,True,1.696,0.33,0.0088,2.025,
3,1595,0.691,-0.536,-1.498,0.686,0.662,1.198,True,1.696,0.33,0.0088,2.025,
3,1596,0.691,-0.536,-1.498,0.67,0.647,1.183,True,1.696,0.33,0.0088,2.025,
3,1597,0.691,-0.536,-1.498,0.654,0.633,1.169,True,1.696,0.33,0.0088,2.025,
3,1598,0.691,-0.536,-1.498,0.638,0.618,1.155,True,1.696,0.33,0.0088,2.025,
3,1599,0.691,-0.536,-1.498,0.622,0.604,1.142,True,1.696,0.33,0.0088,2.025,
3,1600,0.691,-0.536,-1.498,0.606,0.589,1.128,True,1.696,0.33,0.0088,2.025,
3,1601,0.691,-0.536,-1.498,0.59,0.575,1.115,True,1.696,0.33,0.0088,2.025,
3,1602,0.691,-0.536,-1.498,0.575,0.56,1.102,True,1.696,0.33,0.0088,2.025,
3,1603,0.691,-0.536,-1.498,0.559,0.545,1.089,True,1.696,0.33,0.0088,2.025,
3,1604,0.691,-0.536,-1.498,0.543,0.531,1.077,True,1.696,0.33,0.0088,2.025,
3,1605,0.691,-0.536,-1.498,0.528,0.516,1.065,True,1.696,0.33,0.0088,2.025,
3,1606,0.691,-0.536,-1.498,0.512,0.501,1.053,True,1.696,0.33,0.0088,2.025,
3,1607,0.691,-0.536,-1.498,0.496,0.487,1.041,True,1.696,0.33,0.0088,2.025,
3,1608,0.691,-0.536,-1.498,0.481,0.472,1.03,True,1.696,0.33,0.0088,2.025,
3,1609,0.691,-0.536,-1.498,0.465,0.457,1.019,True,1.696,0.33,0.0088,2.025,
3,1610,0.691,-0.536,-1.498,0.45,0.443,1.008,True,1.696,0.33,0.0088,2.025,
3,1611,0.691,-0.536,-1.498,0.434,0.428,0.997,True,1.696,0.33,0.0088,2.025,
3,1612,0.691,-0.536,-1.498,0.419,0.413,0.987,True,1.696,0.33,0.0088,2.025,
3,1613,0.691,-0.536,-1.498,0.403,0.398,0.977,True,1.696,0.33,0.0088,2.025,
3,1614,0.691,-0.536,-1.498,0.388,0.383,0.968,True,1.696,0.33,0.0088,2.025,
3,1615,0.691,-0.536,-1.498,0.373,0.369,0.959,True,1.696,0.33,0.0088,2.025,
3,1616,0.691,-0.536,-1.498,0.357,0.354,0.95,True,1.696,0.33,0.0088,2.025,
3,1617,0.691,-0.536,-1.498,0.342,0.339,0.942,True,1.696,0.33,0.0088,2.025,
3,1618,0.691,-0.536,-1.498,0.327,0.324,0.934,True,1.696,0.33,0.0088,2.025,
3,1619,0.691,-0.536,-1.498,0.312,0.309,0.926,True,1.696,0.33,0.0088,2.025,
3,1620,0.691,-0.536,-1.498,0.296,0.294,0.919,True,1.696,0.33,0.0088,2.025,
3,1621,0.691,-0.536,-1.498,0.281,0.279,0.912,True,1.696,0.33,0.0088,2.025,
3,1622,0.691,-0.536,-1.498,0.266,0.265,0.906,True,1.696,0.33,0.0088,2.025,
3,1623,0.691,-0.536,-1.498,0.251,0.25,0.9,True,1.696,0.33,0.0088,2.025,
3,1624,0.691,-0.536,-1.498,0.236,0.235,0.895,True,1.696,0.33,0.0088,2.025,
3,1625,0.691,-0.536,-1.498,0.221,0.22,0.89,True,1.696,0.33,0.0088,2.025,
3,1626,0.691,-0.536,-1.498,0.205,0.205,0.886,True,1.696,0.33,0.0088,2.025,
3,1627,0.691,-0.536,-1.498,0.19,0.19,0.882,True,1.696,0.33,0.0088,2.025,
3,1628,0.691,-0.536,-1.498,0.175,0.175,0.878,True,1.696,0.33,0.0088,2.025,
3,1629,0.691,-0.536,-1.498,0.16,0.16,0.875,True,1.696,0.33,0.0088,2.025,
3,1630,0.691,-0.536,-1.498,0.145,0.145,0.872,True,1.696,0.33,0.0088,2.025,
3,1631,0.691,-0.536,-1.498,0.13,0.13,0.87,True,1.696,0.33,0.0088,2.025,
3,1632,0.691,-0.536,-1.498,0.115,0.115,0.869,True,1.696,0.33,0.0088,2.025,
3,1633,0.691,-0.536,-1.498,0.1,0.1,0.868,True,1.696,0.33,0.0088,2.025,
3,1634,0.691,-0.536,-1.498,0.085,0.085,0.867,True,1.696,0.33,0.0088,2.025,
3,1635,0.691,-0.536,-1.498,0.07,0.07,0.867,True,1.696,0.33,0.0088,2.025,
3,1636,0.691,-0.536,-1.498,0.055,0.055,0.868,True,1.696,0.33,0.0088,2.025,
3,1637,0.691,-0.536,-1.498,0.04,0.04,0.869,True,1.696,0.33,0.0088,2.025,
3,1638,0.691,-0.536,-1.498,0.025,0.025,0.871,True,1.696,0.33,0.0088,2.025,
3,1639,0.691,-0.536,-1.498,0.01,0.01,0.873,True,1.696,0.33,0.0088,2.025,
3,1640,0.691,-0.536,-1.498,-0.005,-0.005,0.875,True,1.696,0.33,0.0088,2.025,
3,1641,0.691,-0.536,-1.498,-0.02,-0.02,0.878,True,1.696,0.33,0.0088,2.025,
3,1642,0.691,-0.536,-1.498,-0.035,-0.035,0.882,True,1.696,0.33,0.0088,2.025,
3,1643,0.691,-0.536,-1.498,-0.05,-0.05,0.886,True,1.696,0.33,0.0088,2.025,
3,1644,0.691,-0.536,-1.498,-0.065,-0.065,0.89,True,1.696,0.33,0.0088,2.025,
3,1645,0.691,-0.536,-1.498,-0.08,-0.08,0.896,True,1.696,0.33,0.0088,2.025,
3,1646,0.691,-0.536,-1.498,-0.095,-0.095,0.901,True,1.696,0.33,0.0088,2.025,
3,1647,0.691,-0.536,-1.498,-0.11,-0.11,0.907,True,1.696,0.33,0.0088,2.025,
3,1648,0.691,-0.536,-1.498,-0.125,-0.125,0.914,True,1.696,0.33,0.0088,2.025,
3,1649,0.691,-0.536,-1.498,-0.14,-0.14,0.92,True,1.696,0.33,0.0088,2.025,
3,1650,0.691,-0.536,-1.498,-0.155,-0.155,0.928,True,1.696,0.33,0.0088,2.025,
3,1651,0.691,-0.536,-1.498,-0.17,-0.17,0.936,True,1.696,0.33,0.0088,2.025,
3,1652,0.691,-0.536,-1.498,-0.185,-0.185,0.944,True,1.696,0.33,0.0088,2.025,
3,1653,0.691,-0.536,-1.498,-0.2,-0.2,0.952,True,1.696,0.33,0.0088,2.025,
3,1654,0.691,-0.536,-1.498,-0.216,-0.215,0.962,True,1.696,0.33,0.0088,2.025,
3,1655,0.691,-0.536,-1.498,-0.231,-0.23,0.971,True,1.696,0.33,0.0088,2.025,
3,1656,0.691,-0.536,-1.498,-0.246,-0.245,0.981,True,1.696,0.33,0.0088,2.025,
3,1657,0.691,-0.536,-1.498,-0.261,-0.26,0.991,True,1.696,0.33,0.0088,2.025,
3,1658,0.691,-0.536,-1.498,-0.276,-0.274,1.002,True,1.696,0.33,0.0088,2.025,
3,1659,0.691,-0.536,-1.498,-0.291,-0.289,1.013,True,1.696,0.33,0.0088,2.025,
3,1660,0.691,-0.536,-1.498,-0.307,-0.304,1.024,True,1.696,0.33,0.0088,2.025,
3,1661,0.691,-0.536,-1.498,-0.322,-0.319,1.035,True,1.696,0.33,0.0088,2.025,
3,1662,0.691,-0.536,-1.498,-0.337,-0.334,1.047,True,1.696,0.33,0.0088,2.025,
3,1663,0.691,-0.536,-1.498,-0.352,-0.349,1.06,True,1.696,0.33,0.0088,2.025,
3,1664,0.691,-0.536,-1.498,-0.368,-0.364,1.072,True,1.696,0.33,0.0088,2.025,
3,1665,0.691,-0.536,-1.498,-0.383,-0.379,1.085,True,1.696,0.33,0.0088,2.025,
3,1666,0.691,-0.536,-1.498,-0.398,-0.393,1.098,True,1.696,0.33,0.0088,2.025,
3,1667,0.691,-0.536,-1.498,-0.414,-0.408,1.112,True,1.696,0.33,0.0088,2.025,
3,1668,0.691,-0.536,-1.498,-0.429,-0.423,1.126,True,1.696,0.33,0.0088,2.025,
3,1669,0.691,-0.536,-1.498,-0.445,-0.438,1.14,True,1.696,0.33,0.0088,2.025,
3,1670,0.691,-0.536,-1.498,-0.46,-0.452,1.154,True,1.696,0.33,0.0088,2.025,
3,1671,0.691,-0.536,-1.498,-0.476,-0.467,1.168,True,1.696,0.33,0.0088,2.025,
3,1672,0.691,-0.536,-1.498,-0.491,-0.482,1.183,True,1.696,0.33,0.0088,2.025,
3,1673,0.691,-0.536,-1.498,-0.507,-0.497,1.198,True,1.696,0.33,0.0088,2.025,
3,1674,0.691,-0.536,-1.498,-0.522,-0.511,1.213,True,1.696,0.33,0.0088,2.025,
3,1675,0.691,-0.536,-1.498,-0.538,-0.526,1.229,True,1.696,0.33,0.0088,2.025,
3,1676,0.691,-0.536,-1.498,-0.554,-0.541,1.244,True,1.696,0.33,0.0088,2.025,
3,1677,0.691,-0.536,-1.498,-0.569,-0.555,1.26,True,1.696,0.33,0.0088,2.025,
3,1678,0.691,-0.536,-1.498,-0.585,-0.57,1.276,True,1.696,0.33,0.0088,2.025,
3,1679,0.691,-0.536,-1.498,-0.601,-0.584,1.293,True,1.696,0.33,0.0088,2.025,
3,1680,0.691,-0.536,-1.498,-0.617,-0.599,1.309,True,1.696,0.33,0.0088,2.025,
3,1681,0.691,-0.536,-1.498,-0.633,-0.613,1.326,True,1.696,0.33,0.0088,2.025,
3,1682,0.691,-0.536,-1.498,-0.649,-0.628,1.343,True,1.696,0.33,0.0088,2.025,
3,1683,0.691,-0.536,-1.498,-0.665,-0.642,1.36,True,1.696,0.33,0.0088,2.025,
3,1684,0.691,-0.536,-1.498,-0.681,-0.657,1.377,True,1.696,0.33,0.0088,2.025,
3,1685,0.691,-0.536,-1.498,-0.697,-0.671,1.394,True,1.696,0.33,0.0088,2.025,
3,1686,0.691,-0.536,-1.498,-0.713,-0.686,1.412,True,1.696,0.33,0.0088,2.025,
3,1687,0.691,-0.536,-1.498,-0.729,-0.7,1.429,True,1.696,0.33,0.0088,2.025,
3,1688,0.691,-0.536,-1.498,-0.745,-0.714,1.447,True,1.696,0.33,0.0088,2.025,
3,1689,0.691,-0.536,-1.498,-0.762,-0.729,1.465,True,1.696,0.33,0.0088,2.025,
3,1690,0.691,-0.536,-1.498,-0.778,-0.743,1.483,True,1.696,0.33,0.0088,2.025,
3,1691,0.691,-0.536,-1.498,-0.794,-0.757,1.502,True,1.696,0.33,0.0088,2.025,
3,1692,0.691,-0.536,-1.498,-0.811,-0.771,1.52,True,1.696,0.33,0.0088,2.025,
3,1693,0.691,-0.536,-1.498,-0.827,-0.785,1.539,True,1.696,0.33,0.0088,2.025,
3,1694,0.691,-0.536,-1.498,-0.844,-0.799,1.557,True,1.696,0.33,0.0088,2.025,
3,1695,0.691,-0.536,-1.498,-0.861,-0.814,1.576,True,1.696,0.33,0.0088,2.025,
3,1696,0.691,-0.536,-1.498,-0.877,-0.828,1.595,True,1.696,0.33,0.0088,2.025,
3,1697,0.691,-0.536,-1.498,-0.894,-0.842,1.614,True,1.696,0.33,0.0088,2.025,
3,1698,0.691,-0.536,-1.498,-0.911,-0.856,1.633,True,1.696,0.33,0.0088,2.025,
3,1699,0.691,-0.536,-1.498,-0.928,-0.869,1.652,True,1.696,0.33,0.0088,2.025,
3,1700,0.691,-0.536,-1.498,-0.945,-0.883,1.672,True,1.696,0.33,0.0088,2.025,
3,1701,0.691,-0.536,-1.498,-0.962,-0.897,1.691,True,1.696,0.33,0.0088,2.025,
3,1702,0.691,-0.536,-1.498,-0.979,-0.911,1.711,True,1.696,0.33,0.0088,2.025,
3,1703,0.691,-0.536,-1.498,-0.996,-0.925,1.731,True,1.696,0.33,0.0088,2.025,
3,1704,0.691,-0.536,-1.498,-1.013,-0.938,1.751,True,1.696,0.33,0.0088,2.025,
3,1705,0.691,-0.536,-1.498,-1.03,-0.952,1.771,True,1.696,0.33,0.0088,2.025,
3,1706,0.691,-0.536,-1.498,-1.048,-0.966,1.791,True,1.696,0.33,0.0088,2.025,
3,1707,0.691,-0.536,-1.498,-1.065,-0.979,1.811,True,1.696,0.33,0.0088,2.025,
3,1708,0.691,-0.536,-1.498,-1.083,-0.993,1.831,True,1.696,0.33,0.0088,2.025,
3,1709,0.691,-0.536,-1.498,-1.1,-1.006,1.852,True,1.696,0.33,0.0088,2.025,
3,1710,0.691,-0.536,-1.498,-1.118,-1.02,1.872,True,1.696,0.33,0.0088,2.025,
3,1711,0.691,-0.536,-1.498,-1.135,-1.033,1.893,True,1.696,0.33,0.0088,2.025,
3,1712,0.691,-0.536,-1.498,-1.153,-1.046,1.913,True,1.696,0.33,0.0088,2.025,
3,1713,0.691,-0.536,-1.498,-1.171,-1.06,1.934,True,1.696,0.33,0.0088,2.025,
3,1714,0.691,-0.536,-1.498,-1.189,-1.073,1.955,True,1.696,0.33,0.0088,2.025,
3,1715,0.691,-0.536,-1.498,-1.207,-1.086,1.976,True,1.696,0.33,0.0088,2.025,
3,1716,0.691,-0.536,-1.498,-1.225,-1.099,1.997,True,1.696,0.33,0.0088,2.025,
3,1717,0.691,-0.536,-1.498,-1.243,-1.112,2.018,True,1.696,0.33,0.0088,2.025,
3,1718,0.691,-0.536,-1.498,-1.262,-1.125,2.039,True,1.696,0.33,0.0088,2.025,
3,1719,0.691,-0.536,-1.498,-1.28,-1.138,2.061,True,1.696,0.33,0.0088,2.025,
3,1720,0.691,-0.536,-1.498,-1.298,-1.15,2.082,True,1.696,0.33,0.0088,2.025,
3,1721,0.691,-0.536,-1.498,-1.317,-1.163,2.103,True,1.696,0.33,0.0088,2.025,
3,1722,0.691,-0.536,-1.498,-1.335,-1.176,2.125,True,1.696,0.33,0.0088,2.025,
3,1723,0.691,-0.536,-1.498,-1.354,-1.188,2.147,True,1.696,0.33,0.0088,2.025,
3,1724,0.691,-0.536,-1.498,-1.373,-1.201,2.168,True,1.696,0.33,0.0088,2.025,
3,1725,0.691,-0.536,-1.498,-1.392,-1.213,2.19,True,1.696,0.33,0.0088,2.025,
3,1726,0.691,-0.536,-1.498,-1.411,-1.226,2.212,True,1.696,0.33,0.0088,2.025,
3,1727,0.691,-0.536,-1.498,-1.43,-1.238,2.234,True,1.696,0.33,0.0088,2.025,
3,1728,0.691,-0.536,-1.498,-1.449,-1.25,2.256,True,1.696,0.33,0.0088,2.025,
3,1729,0.691,-0.536,-1.498,-1.468,-1.262,2.278,True,1.696,0.33,0.0088,2.025,
3,1730,0.691,-0.536,-1.498,-1.488,-1.274,2.3,True,1.696,0.33,0.0088,2.025,
3,1731,0.691,-0.536,-1.498,-1.507,-1.286,2.322,True,1.696,0.33,0.0088,2.025,
3,1732,0.691,-0.536,-1.498,-1.526,-1.298,2.345,True,1.696,0.33,0.0088,2.025,
3,1733,0.691,-0.536,-1.498,-1.546,-1.31,2.367,True,1.696,0.33,0.0088,2.025,
3,1734,0.691,-0.536,-1.498,-1.566,-1.322,2.39,True,1.696,0.33,0.0088,2.025,
3,1735,0.691,-0.536,-1.498,-1.586,-1.333,2.412,True,1.696,0.33,0.0088,2.025,
3,1736,0.691,-0.536,-1.498,-1.605,-1.345,2.435,True,1.696,0.33,0.0088,2.025,
3,1737,0.691,-0.536,-1.498,-1.625,-1.356,2.457,True,1.696,0.33,0.0088,2.025,
3,1738,0.691,-0.536,-1.498,-1.646,-1.367,2.48,True,1.696,0.33,0.0088,2.025,
3,1739,0.691,-0.536,-1.498,-1.666,-1.379,2.503,True,1.696,0.33,0.0088,2.025,
3,1740,0.691,-0.536,-1.498,-1.686,-1.39,2.526,True,1.696,0.33,0.0088,2.025,
3,1741,0.691,-0.536,-1.498,-1.706,-1.401,2.549,True,1.696,0.33,0.0088,2.025,
3,1742,0.691,-0.536,-1.498,-1.727,-1.412,2.572,True,1.696,0.33,0.0088,2.025,
3,1743,0.691,-0.536,-1.498,-1.748,-1.422,2.595,True,1.696,0.33,0.0088,2.025,
3,1744,0.691,-0.536,-1.498,-1.768,-1.433,2.618,True,1.696,0.33,0.0088,2.025,
3,1745,0.691,-0.536,-1.498,-1.789,-1.444,2.641,True,1.696,0.33,0.0088,2.025,
3,1746,0.691,-0.536,-1.498,-1.81,-1.454,2.664,True,1.696,0.33,0.0088,2.025,
3,1747,0.691,-0.536,-1.498,-1.831,-1.464,2.687,True,1.696,0.33,0.0088,2.025,
3,1748,0.691,-0.536,-1.498,-1.852,-1.474,2.711,True,1.696,0.33,0.0088,2.025,
3,1749,0.691,-0.536,-1.498,-1.873,-1.485,2.734,True,1.696,0.33,0.0088,2.025,
3,1750,0.691,-0.536,-1.498,-1.895,-1.494,2.758,True,1.696,0.33,0.0088,2.025,
3,1751,0.691,-0.536,-1.498,-1.916,-1.504,2.781,True,1.696,0.33,0.0088,2.025,
3,1752,0.691,-0.536,-1.498,-1.938,-1.514,2.805,True,1.696,0.33,0.0088,2.025,
3,1753,0.691,-0.536,-1.498,-1.959,-1.524,2.828,True,1.696,0.33,0.0088,2.025,
3,1754,0.691,-0.536,-1.498,-1.981,-1.533,2.852,True,1.696,0.33,0.0088,2.025,
3,1755,0.691,-0.536,-1.498,-2.003,-1.542,2.876,True,1.696,0.33,0.0088,2.025,
3,1756,0.691,-0.536,-1.498,-2.025,-1.551,2.899,True,1.696,0.33,0.0088,2.025,
3,1757,0.691,-0.536,-1.498,-2.047,-1.56,2.923,True,1.696,0.33,0.0088,2.025,
3,1758,0.691,-0.536,-1.498,-2.069,-1.569,2.947,True,1.696,0.33,0.0088,2.025,
3,1759,0.691,-0.536,-1.498,-2.091,-1.578,2.971,True,1.696,0.33,0.0088,2.025,
3,1760,0.691,-0.536,-1.498,-2.114,-1.586,2.995,True,1.696,0.33,0.0088,2.025,
3,1761,0.691,-0.536,-1.498,-2.136,-1.595,3.019,True,1.696,0.33,0.0088,2.025,
3,1762,0.691,-0.536,-1.498,-2.159,-1.603,3.043,True,1.696,0.33,0.0088,2.025,
3,1763,0.691,-0.536,-1.498,-2.182,-1.611,3.067,True,1.696,0.33,0.0088,2.025,
3,1764,0.691,-0.536,-1.498,-2.204,-1.619,3.091,True,1.696,0.33,0.0088,2.025,
3,1765,0.691,-0.536,-1.498,-2.227,-1.627,3.116,True,1.696,0.33,0.0088,2.025,
3,1766,0.691,-0.536,-1.498,-2.25,-1.634,3.14,True,1.696,0.33,0.0088,2.025,
3,1767,0.691,-0.536,-1.498,-2.274,-1.642,3.164,True,1.696,0.33,0.0088,2.025,
3,1768,0.691,-0.536,-1.498,-2.297,-1.649,3.188,True,1.696,0.33,0.0088,2.025,
3,1769,0.691,-0.536,-1.498,-2.32,-1.656,3.213,True,1.696,0.33,0.0088,2.025,
3,1770,0.691,-0.536,-1.498,-2.344,-1.663,3.237,True,1.696,0.33,0.0088,2.025,
3,1771,0.691,-0.536,-1.498,-2.367,-1.67,3.261,True,1.696,0.33,0.0088,2.025,
3,1772,0.691,-0.536,-1.498,-2.391,-1.676,3.286,True,1.696,0.33,0.0088,2.025,
3,1773,0.691,-0.536,-1.498,-2.415,-1.682,3.31,True,1.696,0.33,0.0088,2.025,
3,1774,0.691,-0.536,-1.498,-2.439,-1.688,3.335,True,1.696,0.33,0.0088,2.025,
3,1775,0.691,-0.536,-1.498,-2.463,-1.694,3.359,True,1.696,0.33,0.0088,2.025,
3,1776,0.691,-0.536,-1.498,-2.487,-1.7,3.384,True,1.696,0.33,0.0088,2.025,
3,1777,0.691,-0.536,-1.498,-2.511,-1.706,3.409,True,1.696,0.33,0.0088,2.025,
3,1778,0.691,-0.536,-1.498,-2.535,-1.711,3.433,True,1.696,0.33,0.0088,2.025,
3,1779,0.691,-0.536,-1.498,-2.559,-1.716,3.458,True,1.696,0.33,0.0088,2.025,
3,1780,0.691,-0.536,-1.498,-2.584,-1.721,3.483,True,1.696,0.33,0.0088,2.025,
3,1781,0.691,-0.536,-1.498,-2.608,-1.725,3.507,True,1.696,0.33,0.0088,2.025,
3,1782,0.691,-0.536,-1.498,-2.633,-1.73,3.532,True,1.696,0.33,0.0088,2.025,
3,1783,0.691,-0.536,-1.498,-2.658,-1.734,3.557,True,1.696,0.33,0.0088,2.025,
3,1784,0.691,-0.536,-1.498,-2.683,-1.738,3.581,True,1.696,0.33,0.0088,2.025,
3,1785,0.691,-0.536,-1.498,-2.708,-1.742,3.606,True,1.696,0.33,0.0088,2.025,
3,1786,0.691,-0.536,-1.498,-2.733,-1.745,3.631,True,1.696,0.33,0.0088,2.025,
3,1787,0.691,-0.536,-1.498,-2.758,-1.749,3.656,True,1.696,0.33,0.0088,2.025,
3,1788,0.691,-0.536,-1.498,-2.783,-1.752,3.68,True,1.696,0.33,0.0088,2.025,
3,1789,0.691,-0.536,-1.498,-2.808,-1.754,3.705,True,1.696,0.33,0.0088,2.025,
3,1790,0.691,-0.536,-1.498,-2.833,-1.757,3.73,True,1.696,0.33,0.0088,2.025,
3,1791,0.691,-0.536,-1.498,-2.859,-1.759,3.755,True,1.696,0.33,0.0088,2.025,
3,1792,0.691,-0.536,-1.498,-2.884,-1.761,3.779,True,1.696,0.33,0.0088,2.025,
3,1793,0.691,-0.536,-1.498,-2.91,-1.763,3.804,True,1.696,0.33,0.0088,2.025,
3,1794,0.691,-0.536,-1.498,-2.936,-1.764,3.829,True,1.696,0.33,0.0088,2.025,
3,1795,0.691,-0.536,-1.498,-2.961,-1.766,3.854,True,1.696,0.33,0.0088,2.025,
3,1796,0.691,-0.536,-1.498,-2.987,-1.767,3.878,True,1.696,0.33,0.0088,2.025,
3,1797,0.691,-0.536,-1.498,-3.013,-1.767,3.903,True,1.696,0.33,0.0088,2.025,
3,1798,0.691,-0.536,-1.498,-3.039,-1.768,3.928,True,1.696,0.33,0.0088,2.025,
3,1799,0.691,-0.536,-1.498,-3.065,-1.768,3.953,True,1.696,0.33,0.0088,2.025,
3,1800,0.691,-0.536,-1.498,-3.091,-1.768,3.977,True,1.696,0.33,0.0088,2.025,
3,1801,0.691,-0.536,-1.498,-3.117,-1.767,4.002,True,1.696,0.33,0.0088,2.025,
3,1802,0.691,-0.536,-1.498,-3.143,-1.766,4.027,True,1.696,0.33,0.0088,2.025,
3,1803,0.691,-0.536,-1.498,-3.169,-1.765,4.051,True,1.696,0.33,0.0088,2.025,
3,1804,0.691,-0.536,-1.498,-3.195,-1.764,4.076,True,1.696,0.33,0.0088,2.025,
3,1805,0.691,-0.536,-1.498,-3.222,-1.762,4.1,True,1.696,0.33,0.0088,2.025,
3,1806,0.691,-0.536,-1.498,-3.248,-1.76,4.125,True,1.696,0.33,0.0088,2.025,
3,1807,0.691,-0.536,-1.498,-3.274,-1.758,4.149,True,1.696,0.33,0.0088,2.025,
3,1808,0.691,-0.536,-1.498,-3.301,-1.755,4.174,True,1.696,0.33,0.0088,2.025,
3,1809,0.691,-0.536,-1.498,-3.327,-1.753,4.198,True,1.696,0.33,0.0088,2.025,
3,1810,0.691,-0.536,-1.498,-3.353,-1.749,4.222,True,1.696,0.33,0.0088,2.025,
3,1811,0.691,-0.536,-1.498,-3.38,-1.746,4.246,True,1.696,0.33,0.0088,2.025,
3,1812,0.691,-0.536,-1.498,-3.406,-1.742,4.271,True,1.696,0.33,0.0088,2.025,
3,1813,0.691,-0.536,-1.498,-3.432,-1.738,4.295,True,1.696,0.33,0.0088,2.025,
3,1814,0.691,-0.536,-1.498,-3.459,-1.733,4.319,True,1.696,0.33,0.0088,2.025,
3,1815,0.691,-0.536,-1.498,-3.485,-1.728,4.343,True,1.696,0.33,0.0088,2.025,
3,1816,0.691,-0.536,-1.498,-3.512,-1.723,4.367,True,1.696,0.33,0.0088,2.025,
3,1817,0.691,-0.536,-1.498,-3.538,-1.717,4.391,True,1.696,0.33,0.0088,2.025,
3,1818,0.691,-0.536,-1.498,-3.564,-1.711,4.415,True,1.696,0.33,0.0088,2.025,
3,1819,0.691,-0.536,-1.498,-3.591,-1.705,4.438,True,1.696,0.33,0.0088,2.025,
3,1820,0.691,-0.536,-1.498,-3.617,-1.698,4.462,True,1.696,0.33,0.0088,2.025,
3,1821,0.691,-0.536,-1.498,-3.643,-1.691,4.486,True,1.696,0.33,0.0088,2.025,
3,1822,0.691,-0.536,-1.498,-3.669,-1.684,4.509,True,1.696,0.33,0.0088,2.025,
3,1823,0.691,-0.536,-1.498,-3.696,-1.676,4.532,True,1.696,0.33,0.0088,2.025,
3,1824,0.691,-0.536,-1.498,-3.722,-1.668,4.556,True,1.696,0.33,0.0088,2.025,
3,1825,0.691,-0.536,-1.498,-3.748,-1.66,4.579,True,1.696,0.33,0.0088,2.025,
3,1826,0.691,-0.536,-1.498,-3.774,-1.651,4.602,True,1.696,0.33,0.0088,2.025,
3,1827,0.691,-0.536,-1.498,-3.8,-1.642,4.625,True,1.696,0.33,0.0088,2.025,
3,1828,0.691,-0.536,-1.498,-3.826,-1.632,4.648,True,1.696,0.33,0.0088,2.025,
3,1829,0.691,-0.536,-1.498,-3.851,-1.622,4.67,True,1.696,0.33,0.0088,2.025,
3,1830,0.691,-0.536,-1.498,-3.877,-1.612,4.693,True,1.696,0.33,0.0088,2.025,
3,1831,0.691,-0.536,-1.498,-3.903,-1.601,4.715,True,1.696,0.33,0.0088,2.025,
3,1832,0.691,-0.536,-1.498,-3.928,-1.59,4.738,True,1.696,0.33,0.0088,2.025,
3,1833,0.691,-0.536,-1.498,-3.954,-1.579,4.76,True,1.696,0.33,0.0088,2.025,
3,1834,0.691,-0.536,-1.498,-3.979,-1.567,4.782,True,1.696,0.33,0.0088,2.025,
3,1835,0.691,-0.536,-1.498,-4.004,-1.555,4.804,True,1.696,0.33,0.0088,2.025,
3,1836,0.691,-0.536,-1.498,-4.029,-1.542,4.826,True,1.696,0.33,0.0088,2.025,
3,1837,0.691,-0.536,-1.498,-4.054,-1.529,4.847,True,1.696,0.33,0.0088,2.025,
3,1838,0.691,-0.536,-1.498,-4.078,-1.516,4.869,True,1.696,0.33,0.0088,2.025,
3,1839,0.691,-0.536,-1.498,-4.103,-1.502,4.89,True,1.696,0.33,0.0088,2.025,
3,1840,0.691,-0.536,-1.498,-4.127,-1.488,4.911,True,1.696,0.33,0.0088,2.025,
3,1841,0.691,-0.536,-1.498,-4.152,-1.473,4.932,True,1.696,0.33,0.0088,2.025,
3,1842,0.691,-0.536,-1.498,-4.176,-1.458,4.953,True,1.696,0.33,0.0088,2.025,
3,1843,0.691,-0.536,-1.498,-4.2,-1.443,4.974,True,1.696,0.33,0.0088,2.025,
3,1844,0.691,-0.536,-1.498,-4.223,-1.427,4.994,True,1.696,0.33,0.0088,2.025,
3,1845,0.691,-0.536,-1.498,-4.247,-1.411,5.015,True,1.696,0.33,0.0088,2.025,
3,1846,0.691,-0.536,-1.498,-4.27,-1.395,5.035,True,1.696,0.33,0.0088,2.025,
3,1847,0.691,-0.536,-1.498,-4.293,-1.378,5.055,True,1.696,0.33,0.0088,2.025,
3,1848,0.691,-0.536,-1.498,-4.316,-1.361,5.074,True,1.696,0.33,0.0088,2.025,
3,1849,0.691,-0.536,-1.498,-4.338,-1.343,5.094,True,1.696,0.33,0.0088,2.025,
3,1850,0.691,-0.536,-1.498,-4.361,-1.325,5.113,True,1.696,0.33,0.0088,2.025,
3,1851,0.691,-0.536,-1.498,-4.383,-1.307,5.132,True,1.696,0.33,0.0088,2.025,
3,1852,0.691,-0.536,-1.498,-4.405,-1.288,5.151,True,1.696,0.33,0.0088,2.025,
3,1853,0.691,-0.536,-1.498,-4.426,-1.269,5.169,True,1.696,0.33,0.0088,2.025,
3,1854,0.691,-0.536,-1.498,-4.447,-1.25,5.188,True,1.696,0.33,0.0088,2.025,
3,1855,0.691,-0.536,-1.498,-4.469,-1.23,5.206,True,1.696,0.33,0.0088,2.025,
3,1856,0.691,-0.536,-1.498,-4.489,-1.21,5.224,True,1.696,0.33,0.0088,2.025,
3,1857,0.691,-0.536,-1.498,-4.51,-1.189,5.241,True,1.696,0.33,0.0088,2.025,
3,1858,0.691,-0.536,-1.498,-4.53,-1.168,5.259,True,1.696,0.33,0.0088,2.025,
3,1859,0.691,-0.536,-1.498,-4.55,-1.147,5.276,True,1.696,0.33,0.0088,2.025,
3,1860,0.691,-0.536,-1.498,-4.569,-1.125,5.293,True,1.696,0.33,0.0088,2.025,
3,1861,0.691,-0.536,-1.498,-4.588,-1.103,5.309,True,1.696,0.33,0.0088,2.025,
3,1862,0.691,-0.536,-1.498,-4.607,-1.081,5.326,True,1.696,0.33,0.0088,2.025,
3,1863,0.691,-0.536,-1.498,-4.625,-1.058,5.342,True,1.696,0.33,0.0088,2.025,
3,1864,0.691,-0.536,-1.498,-4.643,-1.035,5.358,True,1.696,0.33,0.0088,2.025,
3,1865,0.691,-0.536,-1.498,-4.661,-1.012,5.373,True,1.696,0.33,0.0088,2.025,
3,1866,0.691,-0.536,-1.498,-4.679,-0.988,5.388,True,1.696,0.33,0.0088,2.025,
3,1867,0.691,-0.536,-1.498,-4.696,-0.964,5.403,True,1.696,0.33,0.0088,2.025,
3,1868,0.691,-0.536,-1.498,-4.712,-0.94,5.418,True,1.696,0.33,0.0088,2.025,
3,1869,0.691,-0.536,-1.498,-4.728,-0.915,5.432,True,1.696,0.33,0.0088,2.025,
3,1870,0.691,-0.536,-1.498,-4.744,-0.89,5.446,True,1.696,0.33,0.0088,2.025,
3,1871,0.691,-0.536,-1.498,-4.759,-0.865,5.46,True,1.696,0.33,0.0088,2.025,
3,1872,0.691,-0.536,-1.498,-4.774,-0.84,5.474,True,1.696,0.33,0.0088,2.025,
3,1873,0.691,-0.536,-1.498,-4.789,-0.814,5.487,True,1.696,0.33,0.0088,2.025,
3,1874,0.691,-0.536,-1.498,-4.803,-0.788,5.5,True,1.696,0.33,0.0088,2.025,
3,1875,0.691,-0.536,-1.498,-4.817,-0.762,5.512,True,1.696,0.33,0.0088,2.025,
3,1876,0.691,-0.536,-1.498,-4.83,-0.735,5.524,True,1.696,0.33,0.0088,2.025,
3,1877,0.691,-0.536,-1.498,-4.843,-0.708,5.536,True,1.696,0.33,0.0088,2.025,
3,1878,0.691,-0.536,-1.498,-4.855,-0.681,5.548,True,1.696,0.33,0.0088,2.025,
3,1879,0.691,-0.536,-1.498,-4.867,-0.654,5.559,True,1.696,0.33,0.0088,2.025,
3,1880,0.691,-0.536,-1.498,-4.878,-0.627,5.57,True,1.696,0.33,0.0088,2.025,
3,1881,0.691,-0.536,-1.498,-4.889,-0.599,5.58,True,1.696,0.33,0.0088,2.025,
3,1882,0.691,-0.536,-1.498,-4.899,-0.571,5.59,True,1.696,0.33,0.0088,2.025,
3,1883,0.691,-0.536,-1.498,-4.909,-0.543,5.6,True,1.696,0.33,0.0088,2.025,
3,1884,0.691,-0.536,-1.498,-4.919,-0.515,5.61,True,1.696,0.33,0.0088,2.025,
3,1885,0.691,-0.536,-1.498,-4.928,-0.486,5.619,True,1.696,0.33,0.0088,2.025,
3,1886,0.691,-0.536,-1.498,-4.936,-0.457,5.627,True,1.696,0.33,0.0088,2.025,
3,1887,0.691,-0.536,-1.498,-4.944,-0.429,5.636,True,1.696,0.33,0.0088,2.025,
3,1888,0.691,-0.536,-1.498,-4.951,-0.4,5.644,True,1.696,0.33,0.0088,2.025,
3,1889,0.691,-0.536,-1.498,-4.958,-0.371,5.652,True,1.696,0.33,0.0088,2.025,
3,1890,0.691,-0.536,-1.498,-4.965,-0.341,5.659,True,1.696,0.33,0.0088,2.025,
3,1891,0.691,-0.536,-1.498,-4.971,-0.312,5.666,True,1.696,0.33,0.0088,2.025,
3,1892,0.691,-0.536,-1.498,-4.976,-0.282,5.672,True,1.696,0.33,0.0088,2.025,
3,1893,0.691,-0.536,-1.498,-4.981,-0.253,5.679,True,1.696,0.33,0.0088,2.025,
3,1894,0.691,-0.536,-1.498,-4.985,-0.223,5.684,True,1.696,0.33,0.0088,2.025,
3,1895,0.691,-0.536,-1.498,-4.989,-0.194,5.69,True,1.696,0.33,0.0088,2.025,
3,1896,0.691,-0.536,-1.498,-4.992,-0.164,5.695,True,1.696,0.33,0.0088,2.025,
3,1897,0.691,-0.536,-1.498,-4.995,-0.134,5.7,True,1.696,0.33,0.0088,2.025,
3,1898,0.691,-0.536,-1.498,-4.997,-0.104,5.704,True,1.696,0.33,0.0088,2.025,
3,1899,0.691,-0.536,-1.498,-4.998,-0.074,5.708,True,1.696,0.33,0.0088,2.025,
3,1900,0.691,-0.536,-1.498,-4.999,-0.044,5.711,True,1.696,0.33,0.0088,2.025,
3,1901,0.691,-0.536,-1.498,-5.0,-0.014,5.715,True,1.696,0.33,0.0088,2.025,
3,1902,0.691,-0.536,-1.498,-5.0,0.016,5.717,True,1.696,0.33,0.0088,2.025,
3,1903,0.691,-0.536,-1.498,-4.999,0.046,5.72,True,1.696,0.33,0.0088,2.025,
3,1904,0.691,-0.536,-1.498,-4.998,0.076,5.722,True,1.696,0.33,0.0088,2.025,
3,1905,0.691,-0.536,-1.498,-4.997,0.106,5.724,True,1.696,0.33,0.0088,2.025,
3,1906,0.691,-0.536,-1.498,-4.994,0.136,5.725,True,1.696,0.33,0.0088,2.025,
3,1907,0.691,-0.536,-1.498,-4.992,0.166,5.726,True,1.696,0.33,0.0088,2.025,
3,1908,0.691,-0.536,-1.498,-4.988,0.195,5.726,True,1.696,0.33,0.0088,2.025,
3,1909,0.691,-0.536,-1.498,-4.985,0.225,5.726,True,1.696,0.33,0.0088,2.025,
3,1910,0.691,-0.536,-1.498,-4.98,0.255,5.726,True,1.696,0.33,0.0088,2.025,
3,1911,0.691,-0.536,-1.498,-4.976,0.284,5.725,True,1.696,0.33,0.0088,2.025,
3,1912,0.691,-0.536,-1.498,-4.97,0.314,5.724,True,1.696,0.33,0.0088,2.025,
3,1913,0.691,-0.536,-1.498,-4.964,0.343,5.723,True,1.696,0.33,0.0088,2.025,
3,1914,0.691,-0.536,-1.498,-4.958,0.372,5.721,True,1.696,0.33,0.0088,2.025,
3,1915,0.691,-0.536,-1.498,-4.951,0.402,5.719,True,1.696,0.33,0.0088,2.025,
3,1916,0.691,-0.536,-1.498,-4.944,0.431,5.717,True,1.696,0.33,0.0088,2.025,
3,1917,0.691,-0.536,-1.498,-4.936,0.459,5.714,True,1.696,0.33,0.0088,2.025,
3,1918,0.691,-0.536,-1.498,-4.927,0.488,5.71,True,1.696,0.33,0.0088,2.025,
3,1919,0.691,-0.536,-1.498,-4.918,0.516,5.707,True,1.696,0.33,0.0088,2.025,
3,1920,0.691,-0.536,-1.498,-4.909,0.545,5.703,True,1.696,0.33,0.0088,2.025,
3,1921,0.691,-0.536,-1.498,-4.899,0.573,5.698,True,1.696,0.33,0.0088,2.025,
3,1922,0.691,-0.536,-1.498,-4.888,0.601,5.694,True,1.696,0.33,0.0088,2.025,
3,1923,0.691,-0.536,-1.498,-4.877,0.628,5.689,True,1.696,0.33,0.0088,2.025,
3,1924,0.691,-0.536,-1.498,-4.866,0.656,5.683,True,1.696,0.33,0.0088,2.025,
3,1925,0.691,-0.536,-1.498,-4.854,0.683,5.677,True,1.696,0.33,0.0088,2.025,
3,1926,0.691,-0.536,-1.498,-4.842,0.71,5.671,True,1.696,0.33,0.0088,2.025,
3,1927,0.691,-0.536,-1.498,-4.829,0.737,5.665,True,1.696,0.33,0.0088,2.025,
3,1928,0.691,-0.536,-1.498,-4.816,0.763,5.658,True,1.696,0.33,0.0088,2.025,
3,1929,0.691,-0.536,-1.498,-4.802,0.79,5.65,True,1.696,0.33,0.0088,2.025,
3,1930,0.691,-0.536,-1.498,-4.788,0.816,5.643,True,1.696,0.33,0.0088,2.025,
3,1931,0.691,-0.536,-1.498,-4.773,0.841,5.635,True,1.696,0.33,0.0088,2.025,
3,1932,0.691,-0.536,-1.498,-4.758,0.867,5.627,True,1.696,0.33,0.0088,2.025,
3,1933,0.691,-0.536,-1.498,-4.743,0.892,5.618,True,1.696,0.33,0.0088,2.025,
3,1934,0.691,-0.536,-1.498,-4.727,0.917,5.609,True,1.696,0.33,0.0088,2.025,
3,1935,0.691,-0.536,-1.498,-4.711,0.941,5.6,True,1.696,0.33,0.0088,2.025,
3,1936,0.691,-0.536,-1.498,-4.694,0.966,5.591,True,1.696,0.33,0.0088,2.025,
3,1937,0.691,-0.536,-1.498,-4.677,0.99,5.581,True,1.696,0.33,0.0088,2.025,
3,1938,0.691,-0.536,-1.498,-4.66,1.013,5.57,True,1.696,0.33,0.0088,2.025,
3,1939,0.691,-0.536,-1.498,-4.642,1.037,5.56,True,1.696,0.33,0.0088,2.025,
3,1940,0.691,-0.536,-1.498,-4.624,1.06,5.549,True,1.696,0.33,0.0088,2.025,
3,1941,0.691,-0.536,-1.498,-4.606,1.082,5.538,True,1.696,0.33,0.0088,2.025,
3,1942,0.691,-0.536,-1.498,-4.587,1.105,5.527,True,1.696,0.33,0.0088,2.025,
3,1943,0.691,-0.536,-1.498,-4.568,1.127,5.515,True,1.696,0.33,0.0088,2.025,
3,1944,0.691,-0.536,-1.498,-4.548,1.148,5.503,True,1.696,0.33,0.0088,2.025,
3,1945,0.691,-0.536,-1.498,-4.528,1.169,5.491,True,1.696,0.33,0.0088,2.025,
3,1946,0.691,-0.536,-1.498,-4.508,1.19,5.478,True,1.696,0.33,0.0088,2.025,
3,1947,0.691,-0.536,-1.498,-4.488,1.211,5.465,True,1.696,0.33,0.0088,2.025,
3,1948,0.691,-0.536,-1.498,-4.467,1.231,5.452,True,1.696,0.33,0.0088,2.025,
3,1949,0.691,-0.536,-1.498,-4.446,1.251,5.439,True,1.696,0.33,0.0088,2.025,
3,1950,0.691,-0.536,-1.498,-4.425,1.27,5.425,True,1.696,0.33,0.0088,2.025,
3,1951,0.691,-0.536,-1.498,-4.403,1.289,5.411,True,1.696,0.33,0.0088,2.025,
3,1952,0.691,-0.536,-1.498,-4.381,1.308,5.397,True,1.696,0.33,0.0088,2.025,
3,1953,0.691,-0.536,-1.498,-4.359,1.327,5.382,True,1.696,0.33,0.0088,2.025,
3,1954,0.691,-0.536,-1.498,-4.337,1.344,5.368,True,1.696,0.33,0.0088,2.025,
3,1955,0.691,-0.536,-1.498,-4.314,1.362,5.353,True,1.696,0.33,0.0088,2.025,
3,1956,0.691,-0.536,-1.498,-4.291,1.379,5.338,True,1.696,0.33,0.0088,2.025,
3,1957,0.691,-0.536,-1.498,-4.268,1.396,5.322,True,1.696,0.33,0.0088,2.025,
3,1958,0.691,-0.536,-1.498,-4.245,1.412,5.306,True,1.696,0.33,0.0088,2.025,
3,1959,0.691,-0.536,-1.498,-4.222,1.429,5.291,True,1.696,0.33,0.0088,2.025,
3,1960,0.691,-0.536,-1.498,-4.198,1.444,5.274,True,1.696,0.33,0.0088,2.025,
3,1961,0.691,-0.536,-1.498,-4.174,1.459,5.258,True,1.696,0.33,0.0088,2.025,
3,1962,0.691,-0.536,-1.498,-4.15,1.474,5.242,True,1.696,0.33,0.0088,2.025,
3,1963,0.691,-0.536,-1.498,-4.126,1.489,5.225,True,1.696,0.33,0.0088,2.025,
3,1964,0.691,-0.536,-1.498,-4.101,1.503,5.208,True,1.696,0.33,0.0088,2.025,
3,1965,0.691,-0.536,-1.498,-4.077,1.517,5.191,True,1.696,0.33,0.0088,2.025,
3,1966,0.691,-0.536,-1.498,-4.052,1.53,5.173,True,1.696,0.33,0.0088,2.025,
3,1967,0.691,-0.536,-1.498,-4.027,1.543,5.156,True,1.696,0.33,0.0088,2.025,
3,1968,0.691,-0.536,-1.498,-4.002,1.556,5.138,True,1.696,0.33,0.0088,2.025,
3,1969,0.691,-0.536,-1.498,-3.977,1.568,5.12,True,1.696,0.33,0.0088,2.025,
3,1970,0.691,-0.536,-1.498,-3.952,1.58,5.102,True,1.696,0.33,0.0088,2.025,
3,1971,0.691,-0.536,-1.498,-3.926,1.591,5.083,True,1.696,0.33,0.0088,2.025,
3,1972,0.691,-0.536,-1.498,-3.901,1.602,5.065,True,1.696,0.33,0.0088,2.025,
3,1973,0.691,-0.536,-1.498,-3.875,1.613,5.046,True,1.696,0.33,0.0088,2.025,
3,1974,0.691,-0.536,-1.498,-3.85,1.623,5.027,True,1.696,0.33,0.0088,2.025,
3,1975,0.691,-0.536,-1.498,-3.824,1.633,5.008,True,1.696,0.33,0.0088,2.025,
3,1976,0.691,-0.536,-1.498,-3.798,1.642,4.989,True,1.696,0.33,0.0088,2.025,
3,1977,0.691,-0.536,-1.498,-3.772,1.652,4.97,True,1.696,0.33,0.0088,2.025,
3,1978,0.691,-0.536,-1.498,-3.746,1.66,4.951,True,1.696,0.33,0.0088,2.025,
3,1979,0.691,-0.536,-1.498,-3.72,1.669,4.931,True,1.696,0.33,0.0088,2.025,
3,1980,0.691,-0.536,-1.498,-3.694,1.677,4.911,True,1.696,0.33,0.0088,2.025,
3,1981,0.691,-0.536,-1.498,-3.668,1.685,4.891,True,1.696,0.33,0.0088,2.025,
3,1982,0.691,-0.536,-1.498,-3.641,1.692,4.871,True,1.696,0.33,0.0088,2.025,
3,1983,0.691,-0.536,-1.498,-3.615,1.699,4.851,True,1.696,0.33,0.0088,2.025,
3,1984,0.691,-0.536,-1.498,-3.589,1.705,4.831,True,1.696,0.33,0.0088,2.025,
3,1985,0.691,-0.536,-1.498,-3.563,1.712,4.811,True,1.696,0.33,0.0088,2.025,
3,1986,0.691,-0.536,-1.498,-3.536,1.718,4.79,True,1.696,0.33,0.0088,2.025,
3,1987,0.691,-0.536,-1.498,-3.51,1.723,4.769,True,1.696,0.33,0.0088,2.025,
3,1988,0.691,-0.536,-1.498,-3.483,1.728,4.749,True,1.696,0.33,0.0088,2.025,
3,1989,0.691,-0.536,-1.498,-3.457,1.733,4.728,True,1.696,0.33,0.0088,2.025,
3,1990,0.691,-0.536,-1.498,-3.431,1.738,4.707,True,1.696,0.33,0.0088,2.025,
3,1991,0.691,-0.536,-1.498,-3.404,1.742,4.686,True,1.696,0.33,0.0088,2.025,
3,1992,0.691,-0.535,-1.498,-3.378,1.746,4.665,True,1.696,0.33,0.0088,2.025,
3,1993,0.691,-0.535,-1.498,-3.351,1.749,4.643,True,1.696,0.33,0.0088,2.025,
3,1994,0.691,-0.535,-1.498,-3.325,1.753,4.622,True,1.696,0.33,0.0088,2.025,
3,1995,0.691,-0.535,-1.498,-3.299,1.756,4.601,True,1.696,0.33,0.0088,2.025,
3,1996,0.691,-0.535,-1.498,-3.272,1.758,4.579,True,1.696,0.33,0.0088,2.025,
3,1997,0.691,-0.535,-1.498,-3.246,1.76,4.558,True,1.696,0.33,0.0088,2.025,
3,1998,0.691,-0.535,-1.498,-3.22,1.762,4.536,True,1.696,0.33,0.0088,2.025,
3,1999,0.691,-0.535,-1.498,-3.194,1.764,4.514,True,1.696,0.33,0.0088,2.025,
3,2000,0.691,-0.535,-1.498,-3.167,1.765,4.492,True,1.696,0.33,0.0088,2.025,
