episode,timestep,reward,steps,visibility_pct,mean_centering_dist,mean_fraction,mean_action_mag,mean_action_jerk,r_stability,r_centering,r_scale,r_vel_damp,r_smooth,phase,target_speed,target_offset,init_pos,init_vel,init_ang
1,112,-109.08,112,31.2,0.75,0.1114,0.5092,0.6638,0.5688,0.2117,0.1668,0.2158,-0.7859,A,0.053,0.000-0.118,0.2,0.1,0.03
2,242,-98.89,130,60.8,1.0218,0.0864,0.5038,0.6742,0.4695,0.0127,0.2593,0.1469,-0.8123,A,0.0894,0.000-0.118,0.2,0.1,0.03
3,300,-28.07,58,69.0,0.8436,0.1201,0.5066,0.6986,0.4736,0.0493,0.3891,0.2822,-0.8321,A,0.0631,0.000-0.118,0.2,0.1,0.03
4,366,21.47,66,75.8,0.5869,0.2016,0.5093,0.6856,0.5774,0.642,0.6373,0.2745,-0.8478,A,0.0681,0.000-0.118,0.2,0.1,0.03
5,455,-72.47,89,36.0,0.7454,0.1768,0.4911,0.6665,0.3617,0.0845,0.2702,0.218,-0.7854,A,0.0668,0.000-0.118,0.201,0.1,0.03
6,548,-129.92,93,0.0,0.0,0.0,0.5032,0.6744,0.5743,0.0,0.0,0.2401,-0.8168,A,0.0822,0.000-0.118,0.201,0.1,0.03
7,599,-47.67,51,45.1,1.0816,0.0502,0.5138,0.6538,0.426,0.005,0.1198,0.2834,-0.7642,A,0.0907,0.000-0.118,0.201,0.1,0.03
8,663,-89.99,64,0.0,0.0,0.0,0.4831,0.6707,0.5079,0.0,0.0,0.2737,-0.7774,A,0.099,0.000-0.118,0.201,0.1,0.03
9,722,-77.21,59,0.0,0.0,0.0,0.4855,0.5896,0.4419,0.0,0.0,0.2796,-0.6397,A,0.0623,0.000-0.118,0.201,0.1,0.03
10,839,-173.75,117,0.0,0.0,0.0,0.5226,0.7428,0.6306,0.0,0.0,0.2469,-0.9618,A,0.0699,0.000-0.118,0.201,0.101,0.03
11,932,-103.34,93,34.4,0.9793,0.0468,0.4969,0.6328,0.3528,0.009,0.0851,0.1706,-0.7401,A,0.0869,0.000-0.118,0.201,0.101,0.03
12,1001,-39.57,69,55.1,0.8868,0.1363,0.491,0.6405,0.4651,0.0474,0.3468,0.232,-0.7643,A,0.0625,0.000-0.118,0.201,0.101,0.03
13,1060,-59.29,59,28.8,1.0345,0.0255,0.4735,0.6317,0.5244,0.0036,0.0506,0.3051,-0.7062,A,0.0604,0.000-0.118,0.201,0.101,0.03
14,1191,-215.16,131,0.0,0.0,0.0,0.504,0.6711,0.2815,0.0,0.0,0.1007,-0.8075,A,0.0666,0.000-0.118,0.201,0.101,0.03
15,1280,-47.83,89,43.8,0.7095,0.1886,0.4645,0.6487,0.3908,0.2102,0.3478,0.1954,-0.7313,A,0.0942,0.000-0.118,0.202,0.101,0.03
16,1385,-91.53,105,42.9,0.6028,0.1002,0.5117,0.653,0.487,0.3898,0.2003,0.2179,-0.763,A,0.0527,0.000-0.118,0.202,0.101,0.03
17,1463,-41.2,78,52.6,0.9032,0.1155,0.4978,0.6421,0.5475,0.0217,0.2854,0.271,-0.7556,A,0.0729,0.000-0.118,0.202,0.101,0.03
18,1516,-26.76,53,43.4,0.6017,0.2043,0.5202,0.7261,0.3767,0.4792,0.3063,0.2698,-0.907,A,0.0633,0.000-0.118,0.202,0.101,0.03
19,1585,-92.24,69,20.3,1.0403,0.0412,0.4905,0.6719,0.3042,0.0015,0.0454,0.1754,-0.7688,A,0.0697,0.000-0.118,0.202,0.101,0.03
20,1667,-76.22,82,45.1,1.0488,0.0389,0.504,0.6725,0.4856,0.009,0.101,0.2286,-0.8174,A,0.0963,0.000-0.118,0.202,0.101,0.03
21,1722,-74.13,55,0.0,0.0,0.0,0.4551,0.6718,0.5472,0.0,0.0,0.3332,-0.7728,A,0.0652,0.000-0.118,0.202,0.101,0.03
22,1833,66.91,111,65.8,0.595,0.2004,0.4933,0.6737,0.676,0.6106,0.5526,0.3703,-0.803,A,0.0959,0.000-0.118,0.202,0.101,0.03
23,1921,-83.1,88,39.8,0.9968,0.0914,0.5213,0.704,0.5006,0.008,0.1735,0.2632,-0.8721,A,0.0541,0.000-0.118,0.202,0.101,0.03
24,2024,-101.76,103,29.1,1.0869,0.0416,0.5014,0.6691,0.6055,0.001,0.0651,0.2453,-0.7947,A,0.0698,0.000-0.118,0.203,0.101,0.031
25,2113,-132.39,89,6.7,1.3282,0.0037,0.4888,0.6735,0.3601,0.0,0.0082,0.1856,-0.8083,A,0.0886,0.000-0.118,0.203,0.101,0.031
26,2210,-140.28,97,0.0,0.0,0.0,0.5007,0.6417,0.3547,0.0,0.0,0.1953,-0.7157,A,0.0862,0.000-0.118,0.203,0.101,0.031
27,2322,-165.33,112,0.0,0.0,0.0,0.4961,0.6843,0.5132,0.0,0.0,0.1948,-0.8383,A,0.0864,0.000-0.118,0.203,0.101,0.031
28,2497,-244.83,175,0.0,0.0,0.0,0.5023,0.6606,0.6443,0.0,0.0,0.1298,-0.7938,A,0.0591,0.000-0.118,0.203,0.102,0.031
29,2587,-92.24,90,58.9,0.7008,0.0676,0.5184,0.6924,0.3088,0.3572,0.189,0.1919,-0.8722,A,0.0741,0.000-0.118,0.203,0.102,0.031
30,2650,-90.46,63,0.0,0.0,0.0,0.4806,0.7005,0.4888,0.0,0.0,0.2998,-0.8212,A,0.0531,0.000-0.118,0.203,0.102,0.031
31,2723,-72.29,73,24.7,0.8559,0.0594,0.4899,0.6571,0.6084,0.0589,0.0724,0.3334,-0.7493,A,0.0591,0.000-0.118,0.203,0.102,0.031
32,2781,-37.49,58,58.6,1.1496,0.0271,0.4866,0.6457,0.535,0.0035,0.1074,0.3249,-0.7423,A,0.0754,0.000-0.118,0.203,0.102,0.031
33,2869,-62.79,88,67.0,0.7696,0.0577,0.5229,0.6354,0.3937,0.4582,0.1888,0.1738,-0.7417,A,0.0955,0.000-0.118,0.204,0.102,0.031
34,2991,73.45,122,68.0,0.5383,0.2167,0.4824,0.6581,0.6147,0.7172,0.5001,0.3015,-0.7547,A,0.0785,0.000-0.118,0.204,0.102,0.031
35,3080,-77.25,89,32.6,0.8558,0.1128,0.4954,0.6529,0.5704,0.0468,0.1763,0.3256,-0.7692,A,0.0813,0.000-0.118,0.204,0.102,0.031
36,3149,-94.28,69,0.0,0.0,0.0,0.4782,0.6782,0.5612,0.0,0.0,0.2998,-0.8019,A,0.0968,0.000-0.118,0.204,0.102,0.031
37,3294,-210.3,145,0.0,0.0,0.0,0.4996,0.6309,0.4592,0.0,0.0,0.1133,-0.7242,A,0.0682,0.000-0.118,0.204,0.102,0.031
38,3368,-102.66,74,0.0,0.0,0.0,0.5007,0.6658,0.5119,0.0,0.0,0.2994,-0.8075,A,0.0862,0.000-0.118,0.204,0.102,0.031
39,3428,-86.28,60,0.0,0.0,0.0,0.5149,0.7003,0.4945,0.0,0.0,0.3266,-0.8452,A,0.0622,0.000-0.118,0.204,0.102,0.031
40,3577,-19.39,149,57.7,0.6649,0.1685,0.4773,0.6212,0.5723,0.2978,0.4393,0.1556,-0.7041,A,0.0794,0.000-0.118,0.204,0.102,0.031
41,3654,-115.68,77,5.2,1.3264,0.0042,0.5224,0.6987,0.4522,0.0,0.0064,0.223,-0.8798,A,0.0904,0.000-0.118,0.205,0.102,0.031
42,3705,-73.85,51,0.0,0.0,0.0,0.4941,0.6827,0.4541,0.0,0.0,0.3104,-0.7894,A,0.0977,0.000-0.118,0.205,0.102,0.031
43,3828,13.65,123,72.4,0.7647,0.1954,0.5048,0.6186,0.5946,0.2273,0.6098,0.2288,-0.7216,A,0.0736,0.000-0.118,0.205,0.102,0.031
44,3908,-83.62,80,38.8,0.8885,0.0623,0.4956,0.6958,0.4626,0.0557,0.1198,0.2609,-0.8395,A,0.0723,0.000-0.118,0.205,0.102,0.031
45,3977,-108.01,69,10.1,1.0324,0.0219,0.5383,0.7824,0.4905,0.0014,0.0168,0.2694,-1.0366,A,0.0614,0.000-0.118,0.205,0.102,0.031
46,4131,-70.61,154,87.0,0.7641,0.1086,0.5093,0.6933,0.3519,0.4043,0.4463,0.1354,-0.8718,A,0.0752,0.000-0.118,0.205,0.103,0.031
47,4214,-124.53,83,0.0,0.0,0.0,0.4872,0.6472,0.3934,0.0,0.0,0.1831,-0.7596,A,0.0642,0.000-0.118,0.205,0.103,0.031
48,4377,-243.98,163,0.0,0.0,0.0,0.5247,0.6992,0.5597,0.0,0.0,0.1567,-0.872,A,0.057,0.000-0.118,0.205,0.103,0.031
49,4491,-156.87,114,7.9,1.127,0.0272,0.487,0.6475,0.4212,0.0002,0.0143,0.157,-0.7348,A,0.091,0.000-0.118,0.206,0.103,0.031
50,4603,-168.2,112,0.0,0.0,0.0,0.5072,0.6888,0.4921,0.0,0.0,0.1863,-0.8449,A,0.0986,0.000-0.118,0.206,0.103,0.031
51,4721,-179.42,118,0.0,0.0,0.0,0.496,0.6736,0.4283,0.0,0.0,0.1478,-0.7977,A,0.0789,0.000-0.118,0.206,0.103,0.031
52,4803,-64.39,82,36.6,0.6441,0.0749,0.4843,0.5964,0.5353,0.3878,0.1295,0.2816,-0.654,A,0.0661,0.000-0.118,0.206,0.103,0.031
53,4915,-67.87,112,58.9,0.9101,0.0822,0.5218,0.6748,0.5215,0.0475,0.2419,0.213,-0.834,A,0.0711,0.000-0.118,0.206,0.103,0.031
54,4972,-81.6,57,0.0,0.0,0.0,0.4965,0.6381,0.4029,0.0,0.0,0.2636,-0.7211,A,0.0551,0.000-0.118,0.206,0.103,0.031
55,5086,-165.27,114,0.0,0.0,0.0,0.5276,0.6761,0.5707,0.0,0.0,0.1987,-0.8461,A,0.0647,0.000-0.118,0.206,0.103,0.031
56,5145,-88.01,59,0.0,0.0,0.0,0.5247,0.7096,0.5226,0.0,0.0,0.3066,-0.89,A,0.0797,0.000-0.118,0.206,0.103,0.031
57,5213,-80.11,68,16.2,0.9139,0.0637,0.5075,0.6795,0.5755,0.0098,0.0491,0.3201,-0.808,A,0.0681,0.000-0.118,0.207,0.103,0.031
58,5306,-151.22,93,0.0,0.0,0.0,0.4985,0.7015,0.3768,0.0,0.0,0.153,-0.8598,A,0.0649,0.000-0.118,0.207,0.103,0.031
59,5375,-89.98,69,0.0,0.0,0.0,0.4996,0.633,0.5012,0.0,0.0,0.2986,-0.7083,A,0.0882,0.000-0.118,0.207,0.103,0.031
60,5478,-134.02,103,4.9,1.2272,0.0057,0.4882,0.6278,0.5188,0.0,0.0061,0.197,-0.7119,A,0.0738,0.000-0.118,0.207,0.103,0.031
61,5606,-60.86,128,50.0,0.6915,0.1632,0.5099,0.6695,0.6053,0.3389,0.3603,0.1461,-0.7948,A,0.0934,0.000-0.118,0.207,0.104,0.031
62,5708,-103.36,102,15.7,1.066,0.0197,0.4624,0.6254,0.6578,0.0013,0.0251,0.308,-0.7112,A,0.0945,0.000-0.118,0.207,0.104,0.031
63,5853,-121.68,145,40.7,0.8753,0.1085,0.4978,0.6811,0.3365,0.1849,0.1921,0.1374,-0.8094,A,0.0588,0.000-0.118,0.207,0.104,0.031
64,6002,-216.47,149,0.0,0.0,0.0,0.4945,0.6709,0.5289,0.0,0.0,0.1443,-0.7944,A,0.0699,0.000-0.118,0.208,0.104,0.032
65,6128,-168.92,126,7.1,1.3077,0.0051,0.5099,0.6908,0.5997,0.0,0.0089,0.2057,-0.846,A,0.0754,0.000-0.118,0.208,0.104,0.032
66,6247,-169.32,119,0.0,0.0,0.0,0.5083,0.6819,0.5564,0.0,0.0,0.221,-0.8381,A,0.0927,0.000-0.118,0.208,0.104,0.032
67,6304,-60.28,57,33.3,1.119,0.0616,0.5208,0.6939,0.4795,0.0017,0.1036,0.2996,-0.8539,A,0.0674,0.000-0.118,0.208,0.104,0.032
68,6381,-105.54,77,0.0,0.0,0.0,0.5232,0.6917,0.563,0.0,0.0,0.3298,-0.852,A,0.0789,0.000-0.118,0.208,0.104,0.032
69,6549,-260.24,168,0.0,0.0,0.0,0.5048,0.6807,0.3552,0.0,0.0,0.1505,-0.8176,A,0.0859,0.000-0.118,0.208,0.104,0.032
70,6640,-112.8,91,0.0,0.0,0.0,0.4778,0.6277,0.5857,0.0,0.0,0.2705,-0.693,A,0.0907,0.000-0.118,0.208,0.104,0.032
71,6812,-256.82,172,0.0,0.0,0.0,0.501,0.6517,0.4247,0.0,0.0,0.1174,-0.7647,A,0.0642,0.000-0.118,0.209,0.104,0.032
72,6885,-93.82,73,0.0,0.0,0.0,0.4826,0.6612,0.5744,0.0,0.0,0.3351,-0.7704,A,0.098,0.000-0.118,0.209,0.104,0.032
73,7040,-96.96,155,63.2,0.93,0.0967,0.4809,0.6327,0.4039,0.046,0.2959,0.129,-0.7327,A,0.0668,0.000-0.118,0.209,0.104,0.032
74,7145,-79.3,105,61.0,0.7248,0.1158,0.4947,0.7056,0.3503,0.3625,0.334,0.1861,-0.8562,A,0.0805,0.000-0.118,0.209,0.104,0.032
75,7223,-94.26,78,0.0,0.0,0.0,0.4884,0.6773,0.6666,0.0,0.0,0.3797,-0.7933,A,0.068,0.000-0.118,0.209,0.105,0.032
76,7386,-267.6,163,0.0,0.0,0.0,0.5168,0.6738,0.2687,0.0,0.0,0.0951,-0.8098,A,0.0804,0.000-0.118,0.209,0.105,0.032
77,7488,-150.26,102,0.0,0.0,0.0,0.4886,0.6849,0.46,0.0,0.0,0.2082,-0.8133,A,0.0795,0.000-0.118,0.209,0.105,0.032
78,7609,-112.21,121,38.0,1.0032,0.0891,0.5048,0.6775,0.4941,0.0096,0.1645,0.198,-0.8318,A,0.0939,0.000-0.118,0.21,0.105,0.032
79,7667,-82.59,58,0.0,0.0,0.0,0.4872,0.629,0.415,0.0,0.0,0.273,-0.732,A,0.0742,0.000-0.118,0.21,0.105,0.032
80,7833,-251.22,166,0.0,0.0,0.0,0.4896,0.6507,0.3197,0.0,0.0,0.138,-0.751,A,0.0816,0.000-0.118,0.21,0.105,0.032
81,7943,-155.21,110,0.0,0.0,0.0,0.4975,0.6763,0.5149,0.0,0.0,0.2216,-0.7992,A,0.0692,0.000-0.118,0.21,0.105,0.032
82,8053,-144.56,110,0.0,0.0,0.0,0.4867,0.6725,0.6773,0.0,0.0,0.2283,-0.7902,A,0.0792,0.000-0.118,0.21,0.105,0.032
83,8137,-111.13,84,10.7,1.2823,0.003,0.5442,0.6985,0.5505,0.0,0.0129,0.2647,-0.8638,A,0.0962,0.000-0.118,0.21,0.105,0.032
84,8197,-88.46,60,0.0,0.0,0.0,0.4807,0.6831,0.4234,0.0,0.0,0.2774,-0.7967,A,0.08,0.000-0.118,0.21,0.105,0.032
85,8333,-15.71,136,50.7,0.7048,0.2143,0.5009,0.6706,0.6767,0.1729,0.432,0.3365,-0.801,A,0.0665,0.000-0.118,0.21,0.105,0.032
86,8389,-79.84,56,0.0,0.0,0.0,0.4917,0.6668,0.4891,0.0,0.0,0.2816,-0.7732,A,0.0582,0.000-0.118,0.21,0.105,0.032
87,8487,-121.96,98,9.2,0.9847,0.0152,0.498,0.6717,0.5721,0.0018,0.0136,0.2956,-0.8163,A,0.0823,0.000-0.118,0.211,0.105,0.032
88,8603,-153.54,116,12.9,0.638,0.0609,0.501,0.6513,0.4409,0.1203,0.0383,0.1845,-0.7725,A,0.0777,0.000-0.118,0.211,0.105,0.032
89,8789,-275.77,186,0.0,0.0,0.0,0.4936,0.6903,0.5471,0.0,0.0,0.1448,-0.8472,A,0.0642,0.000-0.118,0.211,0.105,0.032
90,8916,-197.76,127,2.4,0.9621,0.0143,0.5222,0.705,0.4874,0.0004,0.0035,0.1388,-0.8847,A,0.0623,0.000-0.118,0.211,0.106,0.032
91,8977,-8.59,61,75.4,0.9196,0.1219,0.4899,0.6203,0.5781,0.0821,0.4275,0.2906,-0.691,A,0.0585,0.000-0.118,0.211,0.106,0.032
92,9041,-95.09,64,0.0,0.0,0.0,0.4715,0.6323,0.3147,0.0,0.0,0.2262,-0.7131,A,0.1,0.000-0.118,0.211,0.106,0.032
93,9118,19.41,77,75.3,0.6633,0.1372,0.5107,0.7107,0.549,0.6729,0.4214,0.2548,-0.8858,A,0.1045,0.000-0.118,0.211,0.106,0.032
94,9175,-56.08,57,47.4,0.6476,0.0643,0.4732,0.642,0.3105,0.3267,0.1464,0.2518,-0.7371,A,0.1035,0.000-0.118,0.211,0.106,0.032
95,9252,-101.22,77,0.0,0.0,0.0,0.5003,0.6423,0.519,0.0,0.0,0.2944,-0.7385,A,0.0814,0.000-0.118,0.212,0.106,0.032
96,9322,-30.1,70,45.7,0.6614,0.1971,0.5232,0.6334,0.4273,0.3014,0.2997,0.2361,-0.7309,A,0.094,0.000-0.118,0.212,0.106,0.032
97,9491,-125.38,169,45.6,0.7367,0.1228,0.5032,0.6779,0.5209,0.2137,0.2653,0.1586,-0.797,A,0.1049,0.000-0.118,0.212,0.106,0.032
98,9562,-105.73,71,0.0,0.0,0.0,0.4982,0.6231,0.3029,0.0,0.0,0.2018,-0.7015,A,0.0883,0.000-0.118,0.212,0.106,0.032
99,9712,-145.23,150,43.3,0.904,0.1181,0.5233,0.6921,0.3515,0.028,0.2426,0.1231,-0.8489,A,0.0627,0.000-0.118,0.212,0.106,0.032
100,9775,-88.58,63,0.0,0.0,0.0,0.4898,0.6156,0.3691,0.0,0.0,0.2372,-0.6691,A,0.0684,0.000-0.118,0.212,0.106,0.032
101,9877,-129.14,102,14.7,1.0926,0.033,0.4974,0.6853,0.5399,0.0013,0.0291,0.2188,-0.8147,A,0.1041,0.000-0.118,0.212,0.106,0.032
102,9997,-159.94,120,18.3,0.9884,0.0207,0.5122,0.6747,0.4922,0.0034,0.0297,0.1493,-0.8396,A,0.0609,0.000-0.118,0.212,0.106,0.032
103,10529,-423.91,532,0.0,0.0,0.0,0.3926,0.5821,0.9416,0.0,0.0,0.3634,-0.6122,A,0.0912,0.000-0.118,0.213,0.107,0.033
104,10867,-269.6,338,3.6,1.1345,0.0036,0.4096,0.5445,0.8848,0.0002,0.0043,0.2936,-0.5456,A,0.083,0.000-0.118,0.214,0.107,0.033
105,11341,-368.0,474,11.4,1.2381,0.0081,0.4256,0.5238,0.8562,0.0001,0.015,0.2075,-0.5212,A,0.1062,0.000-0.118,0.214,0.107,0.033
106,11596,691.48,255,91.0,0.3146,0.0946,0.3723,0.4369,0.907,2.0332,0.4019,0.3615,-0.3562,A,0.0677,0.000-0.118,0.214,0.107,0.033
107,11843,-1.32,247,57.5,0.9892,0.0241,0.4272,0.4716,0.8944,0.014,0.1008,0.3254,-0.4303,A,0.1055,0.000-0.118,0.215,0.107,0.033
108,12339,-315.65,496,8.9,0.9711,0.0485,0.393,0.4763,0.9016,0.0019,0.0223,0.2478,-0.4269,A,0.0964,0.000-0.118,0.215,0.108,0.033
109,12599,277.07,260,76.2,0.5761,0.0821,0.3994,0.4874,0.8455,0.8435,0.3002,0.2436,-0.4446,A,0.076,0.000-0.118,0.216,0.108,0.033
110,12902,-252.85,303,0.0,0.0,0.0,0.447,0.4927,0.7561,0.0,0.0,0.2856,-0.4652,A,0.0831,0.000-0.118,0.216,0.108,0.033
111,14665,-1111.75,1763,4.1,0.7868,0.0617,0.4305,0.5391,0.9281,0.0107,0.013,0.3891,-0.543,A,0.1083,0.000-0.118,0.218,0.109,0.034
112,15409,-579.24,744,7.4,1.2475,0.0133,0.445,0.5415,0.8974,0.0,0.0107,0.2483,-0.5467,A,0.1064,0.000-0.118,0.219,0.11,0.034
113,15831,917.94,422,91.5,0.4427,0.1204,0.4273,0.4584,0.899,1.4249,0.4911,0.3418,-0.4006,A,0.0801,0.000-0.118,0.22,0.11,0.034
114,17046,-797.67,1215,6.4,1.2013,0.0178,0.478,0.5136,0.8785,0.0001,0.01,0.3491,-0.5114,A,0.063,0.000-0.118,0.221,0.111,0.034
115,18309,-696.61,1263,13.9,0.9562,0.0714,0.4576,0.5571,0.9136,0.0067,0.0506,0.3841,-0.5807,A,0.1063,0.000-0.118,0.223,0.111,0.035
116,19309,-741.15,1000,0.0,0.0,0.0,0.435,0.6247,0.9749,0.0,0.0,0.4727,-0.7013,A,0.0776,0.000-0.118,0.224,0.112,0.035
117,20309,-663.36,1000,0.0,0.0,0.0,0.4377,0.5785,0.9658,0.0,0.0,0.4635,-0.6098,A,0.0831,0.000-0.118,0.225,0.113,0.035
118,21309,-732.44,1000,0.0,0.0,0.0,0.4631,0.5479,0.9132,0.0,0.0,0.3796,-0.5687,A,0.0886,0.000-0.118,0.227,0.113,0.035
119,22423,-495.24,1114,21.0,1.1401,0.0219,0.4361,0.5082,0.9174,0.0009,0.0352,0.3599,-0.5022,A,0.096,0.000-0.118,0.228,0.114,0.036
120,22857,-243.16,434,23.0,1.0948,0.019,0.4486,0.5139,0.8469,0.0014,0.0366,0.2795,-0.5099,A,0.0897,0.000-0.118,0.229,0.114,0.036
121,23835,-617.48,978,0.0,0.0,0.0,0.4232,0.511,0.8936,0.0,0.0,0.4176,-0.4855,A,0.0746,0.000-0.118,0.23,0.115,0.036
122,24308,-428.41,473,8.7,0.8625,0.0349,0.5399,0.4865,0.7348,0.034,0.0179,0.1597,-0.514,A,0.1023,0.000-0.118,0.23,0.115,0.036
123,25495,-118.45,1187,35.7,0.7451,0.1399,0.511,0.461,0.8472,0.1282,0.2247,0.2556,-0.4503,A,0.0822,0.000-0.118,0.232,0.116,0.036
124,26019,-493.62,524,3.2,1.2037,0.0138,0.4947,0.4632,0.716,0.0,0.0047,0.1176,-0.434,A,0.0803,0.000-0.118,0.233,0.116,0.037
125,26316,-320.01,297,0.0,0.0,0.0,0.5016,0.5408,0.789,0.0,0.0,0.119,-0.5574,A,0.0875,0.000-0.118,0.233,0.116,0.037
126,26529,308.14,213,93.0,0.5906,0.1463,0.508,0.4226,0.7951,0.7844,0.6193,0.2363,-0.3944,A,0.1097,0.000-0.118,0.233,0.117,0.037
127,26751,-168.16,222,19.4,1.0112,0.0528,0.5277,0.4372,0.6193,0.004,0.0516,0.1302,-0.4023,A,0.0713,0.000-0.118,0.233,0.117,0.037
128,26878,-114.36,127,33.9,1.0529,0.0246,0.4837,0.537,0.5528,0.0046,0.0589,0.0806,-0.5537,A,0.097,0.000-0.118,0.234,0.117,0.037
129,27395,-469.25,517,12.4,1.1165,0.0343,0.5143,0.5166,0.7629,0.0005,0.0258,0.1254,-0.5452,A,0.0731,0.000-0.118,0.234,0.117,0.037
130,27948,410.48,553,92.0,0.8738,0.1056,0.4783,0.5348,0.9129,0.1883,0.4687,0.2989,-0.5549,A,0.0829,0.000-0.118,0.235,0.117,0.037
131,28676,-7.28,728,43.5,0.7583,0.105,0.5291,0.4604,0.8087,0.2298,0.2207,0.1978,-0.4576,A,0.079,0.000-0.118,0.236,0.118,0.037
132,29353,-464.78,677,27.3,1.0122,0.0372,0.5441,0.5767,0.8775,0.0578,0.0649,0.1752,-0.6752,A,0.091,0.000-0.118,0.237,0.118,0.037
133,29661,-281.33,308,13.3,0.7859,0.1141,0.4818,0.5916,0.8033,0.0848,0.0732,0.0769,-0.6478,A,0.0927,0.000-0.118,0.237,0.119,0.037
134,30047,-344.99,386,11.9,1.1018,0.0308,0.4769,0.5547,0.8467,0.0005,0.0231,0.1528,-0.5827,A,0.0855,0.000-0.118,0.238,0.119,0.038
135,30402,-147.31,355,38.3,0.823,0.1295,0.4724,0.5371,0.841,0.0313,0.2336,0.1016,-0.5446,A,0.0919,0.000-0.118,0.238,0.119,0.038
136,30723,-332.58,321,3.4,1.0844,0.0104,0.4752,0.5671,0.8315,0.0011,0.0047,0.1479,-0.6045,A,0.0777,0.000-0.118,0.238,0.119,0.038
137,31005,362.78,282,93.3,0.7023,0.1613,0.4049,0.4796,0.8996,0.5226,0.6546,0.2454,-0.4515,A,0.0804,0.000-0.118,0.239,0.119,0.038
138,31349,-340.23,344,17.4,1.1637,0.0206,0.4873,0.5867,0.8663,0.001,0.0287,0.0565,-0.6535,A,0.0703,0.000-0.118,0.239,0.12,0.038
139,32083,-50.6,734,38.1,0.625,0.1313,0.4831,0.5851,0.9099,0.2783,0.2338,0.2847,-0.6571,A,0.103,0.000-0.118,0.24,0.12,0.038
140,32449,-323.72,366,6.0,1.1459,0.0257,0.4496,0.513,0.8752,0.0002,0.0107,0.139,-0.5043,A,0.0816,0.000-0.118,0.241,0.12,0.038
141,32848,544.61,399,91.5,0.6176,0.1415,0.4589,0.4909,0.8488,0.6108,0.6,0.3868,-0.4725,A,0.0993,0.000-0.118,0.241,0.121,0.038
142,33238,-384.67,390,2.8,1.1536,0.007,0.4587,0.5537,0.8828,0.0001,0.0036,0.1425,-0.5762,A,0.0782,0.000-0.118,0.242,0.121,0.038
143,33452,-184.55,214,14.0,1.1647,0.0087,0.4749,0.5236,0.813,0.0004,0.0186,0.1527,-0.5329,A,0.116,0.000-0.118,0.242,0.121,0.038
144,33719,349.34,267,97.8,0.6611,0.1597,0.4596,0.4141,0.7938,0.5115,0.6721,0.3065,-0.3474,A,0.1096,0.000-0.118,0.242,0.121,0.038
145,34340,-249.44,621,25.8,0.7891,0.0968,0.4325,0.5139,0.8867,0.0469,0.1168,0.2517,-0.5011,A,0.0891,0.000-0.118,0.243,0.121,0.039
146,35007,-549.94,667,2.5,0.7102,0.0245,0.4246,0.5096,0.8815,0.016,0.0044,0.2106,-0.4909,A,0.074,0.000-0.118,0.244,0.122,0.039
147,35608,-577.11,601,0.0,0.0,0.0,0.4232,0.5339,0.8957,0.0,0.0,0.1426,-0.5341,A,0.1149,0.000-0.118,0.245,0.122,0.039
148,36159,-563.63,551,0.0,0.0,0.0,0.4557,0.5643,0.9054,0.0,0.0,0.1318,-0.5893,A,0.1219,0.000-0.118,0.245,0.123,0.039
149,36517,161.66,358,72.3,0.772,0.094,0.4769,0.4914,0.8878,0.257,0.3182,0.2279,-0.469,A,0.1025,0.000-0.118,0.246,0.123,0.039
150,36970,-402.24,453,0.4,1.1131,0.0171,0.4442,0.563,0.9054,0.0,0.0007,0.2673,-0.5903,A,0.0964,0.000-0.118,0.246,0.123,0.039
151,37261,-237.33,291,0.0,0.0,0.0,0.4644,0.412,0.6086,0.0,0.0,0.2543,-0.3398,A,0.1214,0.000-0.118,0.247,0.123,0.039
152,39393,-994.44,2132,12.7,1.037,0.0203,0.4391,0.4971,0.9367,0.0029,0.021,0.3924,-0.4702,A,0.1011,0.000-0.118,0.249,0.125,0.04
153,39819,-288.86,426,10.1,0.8867,0.0254,0.4748,0.5325,0.8793,0.0045,0.0178,0.3304,-0.5386,A,0.1216,0.000-0.118,0.25,0.125,0.04
154,40182,-279.71,363,0.0,0.0,0.0,0.4761,0.4268,0.8218,0.0,0.0,0.2159,-0.3698,A,0.0866,0.000-0.118,0.25,0.125,0.04
155,40572,-278.6,390,0.0,0.0,0.0,0.4362,0.4502,0.8392,0.0,0.0,0.282,-0.3904,A,0.1081,0.000-0.118,0.251,0.125,0.04
156,40966,-229.4,394,19.8,1.0638,0.0204,0.4239,0.4821,0.8413,0.0014,0.0319,0.2398,-0.4485,A,0.0822,0.000-0.118,0.251,0.126,0.04
157,41319,-225.73,353,26.6,1.0887,0.0481,0.4616,0.447,0.6636,0.0011,0.0659,0.1305,-0.406,A,0.0903,0.000-0.118,0.252,0.126,0.04
158,42319,-857.49,1000,0.0,0.0,0.0,0.4523,0.5901,0.902,0.0,0.0,0.3358,-0.6443,A,0.1258,0.000-0.118,0.253,0.126,0.041
159,42700,570.53,381,88.5,0.6788,0.116,0.3951,0.5147,0.9096,0.8516,0.47,0.3544,-0.4902,A,0.1141,0.000-0.118,0.253,0.127,0.041
160,43388,-665.17,688,0.0,0.0,0.0,0.4439,0.627,0.8921,0.0,0.0,0.3153,-0.7137,A,0.098,0.000-0.118,0.254,0.127,0.041
161,43705,-340.24,317,0.0,0.0,0.0,0.445,0.6042,0.8587,0.0,0.0,0.1808,-0.652,A,0.1258,0.000-0.118,0.255,0.127,0.041
162,44082,-426.6,377,0.0,0.0,0.0,0.4585,0.658,0.886,0.0,0.0,0.2261,-0.7741,A,0.0848,0.000-0.118,0.255,0.128,0.041
163,44360,343.88,278,98.2,0.7508,0.1238,0.4396,0.426,0.8832,0.4794,0.5438,0.2793,-0.3569,A,0.0876,0.000-0.118,0.255,0.128,0.041
164,44841,-502.64,481,0.0,0.0,0.0,0.4616,0.645,0.901,0.0,0.0,0.2817,-0.7563,A,0.0997,0.000-0.118,0.256,0.128,0.041
165,45314,1156.8,473,94.5,0.4084,0.1623,0.3751,0.4765,0.9233,1.5021,0.6474,0.3778,-0.4253,A,0.0807,0.000-0.118,0.257,0.128,0.041
166,45731,-425.02,417,0.0,0.0,0.0,0.4212,0.5686,0.8336,0.0,0.0,0.1763,-0.5884,A,0.0876,0.000-0.118,0.257,0.129,0.041
167,46099,245.09,368,85.9,0.8956,0.1057,0.4403,0.5004,0.8846,0.1186,0.4244,0.3573,-0.488,A,0.0936,0.000-0.118,0.258,0.129,0.042
168,46570,-464.11,471,0.0,0.0,0.0,0.4184,0.5786,0.9321,0.0,0.0,0.1837,-0.6139,A,0.1113,0.000-0.118,0.258,0.129,0.042
169,47100,-498.12,530,0.0,0.0,0.0,0.4147,0.589,0.9497,0.0,0.0,0.2327,-0.6286,A,0.0825,0.000-0.118,0.259,0.129,0.042
170,47519,-422.87,419,0.0,0.0,0.0,0.4307,0.5781,0.9261,0.0,0.0,0.168,-0.6164,A,0.1001,0.000-0.118,0.259,0.13,0.042
171,48024,-405.16,505,12.1,1.2567,0.0135,0.4394,0.5685,0.938,0.0,0.0174,0.2058,-0.5957,A,0.108,0.000-0.118,0.26,0.13,0.042
172,48423,-241.84,399,21.6,1.1516,0.0122,0.4412,0.4799,0.9177,0.0005,0.0304,0.1573,-0.4458,A,0.1193,0.000-0.118,0.261,0.13,0.042
173,48602,76.69,179,67.0,0.7816,0.1245,0.4809,0.4057,0.6906,0.2501,0.3299,0.3181,-0.325,A,0.1264,0.000-0.118,0.261,0.13,0.042
174,49581,-831.09,979,0.0,0.0,0.0,0.4114,0.5131,0.8965,0.0,0.0,0.2054,-0.4923,A,0.1211,0.000-0.118,0.262,0.131,0.042
175,49939,310.88,358,86.6,0.6732,0.0989,0.4191,0.5477,0.8709,0.3885,0.3901,0.3835,-0.5488,A,0.1017,0.000-0.118,0.262,0.131,0.042
176,50350,-214.2,411,29.9,0.8511,0.0758,0.4649,0.5499,0.8223,0.0611,0.1139,0.2508,-0.5774,A,0.0873,0.000-0.118,0.263,0.131,0.043
177,50765,-388.71,415,0.0,0.0,0.0,0.4096,0.5147,0.9167,0.0,0.0,0.1165,-0.4874,A,0.1071,0.000-0.118,0.263,0.132,0.043
178,51418,-711.53,653,0.0,0.0,0.0,0.4753,0.6428,0.9586,0.0,0.0,0.2038,-0.7574,A,0.1306,0.000-0.118,0.264,0.132,0.043
179,51896,94.82,478,46.9,0.7534,0.1499,0.4202,0.5009,0.8893,0.1337,0.3008,0.3702,-0.4747,A,0.0993,0.000-0.118,0.265,0.132,0.043
180,52896,-830.09,1000,0.0,0.0,0.0,0.4052,0.5225,0.9168,0.0,0.0,0.2168,-0.5052,A,0.1197,0.000-0.118,0.266,0.133,0.043
181,52980,-17.93,84,72.6,1.0304,0.0483,0.5167,0.4346,0.509,0.0164,0.1822,0.1827,-0.3735,A,0.105,0.000-0.118,0.266,0.133,0.043
182,53525,-193.16,545,34.3,0.8733,0.1131,0.4082,0.5404,0.9416,0.0239,0.1867,0.1809,-0.538,A,0.1302,0.000-0.118,0.267,0.133,0.043
183,53932,-405.25,407,0.0,0.0,0.0,0.4075,0.5675,0.9358,0.0,0.0,0.1345,-0.5736,A,0.1165,0.000-0.118,0.267,0.134,0.043
184,54380,-412.69,448,0.0,0.0,0.0,0.4031,0.5367,0.9475,0.0,0.0,0.1602,-0.5328,A,0.0862,0.000-0.118,0.268,0.134,0.044
185,54855,-421.13,475,0.0,0.0,0.0,0.4043,0.5358,0.9651,0.0,0.0,0.1615,-0.5096,A,0.098,0.000-0.118,0.269,0.134,0.044
186,55384,-470.02,529,0.0,0.0,0.0,0.4391,0.5302,0.9419,0.0,0.0,0.1726,-0.5131,A,0.1167,0.000-0.118,0.269,0.135,0.044
187,56127,-81.87,743,35.1,0.5852,0.1059,0.4204,0.5393,0.9563,0.1919,0.1724,0.2554,-0.5432,A,0.1047,0.000-0.118,0.27,0.135,0.044
188,56527,-254.74,400,21.2,1.0056,0.0486,0.4488,0.4833,0.8112,0.0061,0.0563,0.1623,-0.4513,A,0.1191,0.000-0.118,0.271,0.135,0.044
189,57527,-689.63,1000,0.0,0.0,0.0,0.4118,0.5309,0.9723,0.0,0.0,0.3415,-0.5173,A,0.1105,0.000-0.118,0.272,0.136,0.044
190,57862,-258.64,335,21.8,1.0439,0.0482,0.4898,0.4569,0.649,0.0018,0.0546,0.1038,-0.4363,A,0.0914,0.000-0.118,0.272,0.136,0.044
191,58738,83.09,876,42.1,0.6097,0.0809,0.4109,0.5498,0.9354,0.3534,0.1623,0.266,-0.5628,A,0.1033,0.000-0.118,0.273,0.137,0.045
192,59170,-329.41,432,21.3,0.8432,0.0705,0.5306,0.4365,0.5651,0.057,0.0727,0.0537,-0.4013,A,0.1349,0.000-0.118,0.274,0.137,0.045
193,59524,-175.56,354,35.3,0.8951,0.0447,0.5202,0.4544,0.6862,0.1446,0.088,0.0919,-0.4385,A,0.1131,0.000-0.118,0.274,0.137,0.045
194,59732,118.95,208,100.0,0.7954,0.0609,0.4053,0.5609,0.8503,0.2339,0.3035,0.3162,-0.5628,A,0.1164,0.000-0.118,0.275,0.137,0.045
195,60032,-289.88,300,2.7,0.7487,0.0396,0.4419,0.563,0.9064,0.022,0.0058,0.174,-0.5868,A,0.1366,0.000-0.118,0.275,0.138,0.045
196,60490,-392.62,458,0.0,0.0,0.0,0.4384,0.5154,0.9012,0.0,0.0,0.2123,-0.4983,A,0.1026,0.000-0.118,0.276,0.138,0.045
197,60952,-122.78,462,38.7,0.8746,0.0415,0.441,0.5103,0.902,0.1417,0.09,0.2147,-0.4964,A,0.1137,0.000-0.118,0.276,0.138,0.045
198,61355,-65.92,403,37.0,0.7085,0.0493,0.4456,0.4896,0.8156,0.2823,0.0965,0.1681,-0.4612,A,0.1204,0.000-0.118,0.277,0.138,0.045
199,61679,-94.94,324,57.7,0.9365,0.0397,0.4591,0.502,0.7867,0.1373,0.1298,0.0867,-0.499,A,0.1057,0.000-0.118,0.277,0.139,0.045
200,61956,-124.4,277,35.0,0.9991,0.0654,0.4537,0.4999,0.8246,0.0042,0.1117,0.1841,-0.4664,A,0.1088,0.000-0.118,0.277,0.139,0.045
201,62366,-80.02,410,33.9,0.6612,0.0575,0.4393,0.5141,0.8305,0.3133,0.0982,0.1626,-0.4998,A,0.1252,0.000-0.118,0.278,0.139,0.046
202,62796,52.86,430,44.7,0.6023,0.0545,0.4355,0.4976,0.7807,0.5476,0.1236,0.1634,-0.4813,A,0.1289,0.000-0.118,0.278,0.139,0.046
203,63116,-280.86,320,11.9,1.0293,0.0342,0.4743,0.4695,0.7773,0.0018,0.025,0.0586,-0.4419,A,0.1264,0.000-0.118,0.279,0.139,0.046
204,63431,-128.89,315,39.7,0.8181,0.0412,0.4231,0.5033,0.7822,0.1616,0.0919,0.0815,-0.4813,A,0.0926,0.000-0.118,0.279,0.14,0.046
205,63729,-73.27,298,55.4,0.8823,0.0318,0.4173,0.5043,0.8251,0.1541,0.1111,0.0551,-0.4757,A,0.128,0.000-0.118,0.28,0.14,0.046
206,64041,-13.22,312,49.4,0.659,0.0354,0.4831,0.4378,0.8598,0.3711,0.1028,0.0477,-0.3827,A,0.0942,0.000-0.118,0.28,0.14,0.046
207,64340,-278.76,299,4.3,0.9983,0.009,0.4201,0.4771,0.854,0.0005,0.0058,0.0551,-0.4292,A,0.1264,0.000-0.118,0.28,0.14,0.046
208,64659,-270.17,319,10.3,1.0254,0.0082,0.4472,0.4852,0.9217,0.0009,0.0136,0.0615,-0.457,A,0.1367,0.000-0.118,0.281,0.14,0.046
209,64913,-260.23,254,0.0,0.0,0.0,0.4222,0.5273,0.9271,0.0,0.0,0.0579,-0.5066,A,0.1174,0.000-0.118,0.281,0.141,0.046
210,65287,146.36,374,79.7,0.6756,0.04,0.3872,0.4871,0.9669,0.3257,0.1788,0.0658,-0.4332,A,0.12,0.000-0.118,0.282,0.141,0.046
211,65564,-272.82,277,0.0,0.0,0.0,0.4353,0.5067,0.947,0.0,0.0,0.0546,-0.4769,A,0.1144,0.000-0.118,0.282,0.141,0.046
212,65879,-308.44,315,0.0,0.0,0.0,0.4614,0.49,0.9293,0.0,0.0,0.0581,-0.4702,A,0.1258,0.000-0.118,0.282,0.141,0.046
213,66187,-305.29,308,0.0,0.0,0.0,0.4748,0.515,0.9326,0.0,0.0,0.0802,-0.5052,A,0.0947,0.000-0.118,0.283,0.141,0.047
214,66469,-226.3,282,12.4,1.0015,0.0422,0.5275,0.4594,0.899,0.003,0.03,0.0626,-0.4367,A,0.1079,0.000-0.118,0.283,0.142,0.047
215,66842,-345.19,373,2.7,1.2061,0.0077,0.4698,0.4789,0.8646,0.0,0.0035,0.0858,-0.4486,A,0.1315,0.000-0.118,0.284,0.142,0.047
216,67293,-323.25,451,23.9,1.0866,0.036,0.4481,0.5266,0.87,0.001,0.0503,0.1101,-0.5311,A,0.1013,0.000-0.118,0.284,0.142,0.047
217,68121,242.39,828,51.0,0.7707,0.0416,0.4402,0.4829,0.9447,0.4614,0.116,0.2258,-0.4601,A,0.1268,0.000-0.118,0.285,0.143,0.047
218,68646,110.49,525,53.5,0.7251,0.0974,0.4019,0.4936,0.848,0.2194,0.2501,0.2712,-0.4628,A,0.1029,0.000-0.118,0.286,0.143,0.047
219,68998,-236.26,352,26.1,0.9145,0.0639,0.5144,0.5072,0.83,0.0075,0.0832,0.1206,-0.5282,A,0.1393,0.000-0.118,0.286,0.143,0.047
220,69451,-472.8,453,2.2,0.8404,0.0097,0.4489,0.5528,0.8745,0.0027,0.003,0.086,-0.5679,A,0.1208,0.000-0.118,0.287,0.143,0.047
221,69808,-284.11,357,17.4,1.0826,0.0196,0.4373,0.5332,0.8809,0.0014,0.0281,0.1197,-0.5313,A,0.1189,0.000-0.118,0.287,0.144,0.047
222,70150,-371.96,342,1.2,1.3347,0.0032,0.4738,0.5273,0.8211,0.0,0.0014,0.0541,-0.5361,A,0.1236,0.000-0.118,0.288,0.144,0.048
223,71098,-440.61,948,21.3,0.6837,0.0748,0.4216,0.5315,0.9269,0.1065,0.0763,0.2116,-0.5215,A,0.0962,0.000-0.118,0.289,0.144,0.048
224,71710,-257.95,612,32.7,0.8628,0.0365,0.4355,0.5199,0.8773,0.0601,0.0699,0.2143,-0.5071,A,0.1203,0.000-0.118,0.29,0.145,0.048
225,72052,-335.88,342,0.0,0.0,0.0,0.4427,0.5154,0.9382,0.0,0.0,0.0958,-0.5178,A,0.1235,0.000-0.118,0.29,0.145,0.048
226,72521,-73.61,469,51.0,1.0033,0.0524,0.46,0.452,0.7989,0.0197,0.1349,0.234,-0.4058,A,0.1259,0.000-0.118,0.291,0.145,0.048
227,72871,-363.44,350,0.9,1.3413,0.0029,0.481,0.5122,0.84,0.0,0.001,0.0805,-0.5199,A,0.1074,0.000-0.118,0.291,0.146,0.048
228,73225,401.13,354,97.7,0.7535,0.1337,0.4368,0.4531,0.8893,0.2678,0.5934,0.3416,-0.3958,A,0.0958,0.000-0.118,0.292,0.146,0.048
229,73552,-334.58,327,0.0,0.0,0.0,0.4621,0.4938,0.8126,0.0,0.0,0.0878,-0.4867,A,0.1093,0.000-0.118,0.292,0.146,0.048
230,73882,-232.5,330,21.5,1.0181,0.0518,0.4734,0.5017,0.8811,0.0017,0.0564,0.1116,-0.4987,A,0.101,0.000-0.118,0.292,0.146,0.048
231,74200,-332.2,318,0.0,0.0,0.0,0.4829,0.5074,0.8136,0.0,0.0,0.0874,-0.5074,A,0.112,0.000-0.118,0.293,0.146,0.049
232,74619,447.53,419,82.8,0.6096,0.0769,0.3945,0.525,0.9076,0.8059,0.2981,0.2443,-0.4942,A,0.134,0.000-0.118,0.293,0.147,0.049
233,75054,-411.03,435,1.4,1.2635,0.0065,0.4673,0.4868,0.82,0.0,0.0018,0.1309,-0.4779,A,0.136,0.000-0.118,0.294,0.147,0.049
234,76386,-751.0,1332,5.2,1.1621,0.0204,0.4911,0.4901,0.8984,0.0002,0.0084,0.4073,-0.4733,A,0.1353,0.000-0.118,0.295,0.148,0.049
235,76960,-331.69,574,16.7,1.0652,0.0321,0.4279,0.5136,0.884,0.0084,0.0329,0.295,-0.4956,A,0.1177,0.000-0.118,0.296,0.148,0.049
236,77595,-473.04,635,1.1,0.904,0.0254,0.4479,0.4932,0.831,0.001,0.0019,0.3109,-0.4667,A,0.1307,0.000-0.118,0.297,0.148,0.049
237,78411,-521.39,816,12.0,1.1842,0.023,0.414,0.5349,0.917,0.0002,0.0207,0.3091,-0.5354,A,0.1081,0.000-0.118,0.298,0.149,0.05
238,80010,-492.41,1599,19.5,0.6217,0.0853,0.433,0.549,0.9322,0.1975,0.0806,0.3287,-0.5546,B,0.101,0.118-0.322,0.3,0.15,0.05
239,80458,463.25,448,90.2,0.8071,0.1193,0.4065,0.4775,0.926,0.2753,0.5101,0.3953,-0.4351,B,0.148,0.118-0.322,0.3,0.15,0.05
240,80982,-528.74,524,0.0,0.0,0.0,0.458,0.5261,0.8033,0.0,0.0,0.1296,-0.5212,B,0.1391,0.118-0.322,0.301,0.151,0.05
241,81757,-517.63,775,0.8,1.237,0.0083,0.4012,0.477,0.8536,0.0,0.001,0.3416,-0.4313,B,0.1062,0.118-0.322,0.301,0.151,0.05
242,82926,97.97,1169,25.0,0.363,0.1561,0.4361,0.5117,0.9067,0.4571,0.1646,0.2702,-0.498,B,0.151,0.118-0.322,0.302,0.152,0.051
243,83633,-472.4,707,3.8,1.0275,0.0333,0.4107,0.5021,0.8476,0.0006,0.0076,0.3484,-0.4692,B,0.1449,0.118-0.322,0.303,0.152,0.051
244,84385,-572.11,752,0.0,0.0,0.0,0.3989,0.5145,0.8579,0.0,0.0,0.3103,-0.4868,B,0.1287,0.118-0.322,0.304,0.153,0.051
245,84649,291.63,264,97.3,0.8118,0.1486,0.434,0.4367,0.8723,0.2013,0.6235,0.344,-0.3804,B,0.126,0.118-0.322,0.304,0.153,0.051
246,85325,336.94,676,42.9,0.4553,0.039,0.434,0.5501,0.9269,0.7655,0.0937,0.3789,-0.5616,B,0.1446,0.118-0.322,0.304,0.153,0.051
247,85645,41.63,320,61.2,0.8807,0.085,0.4543,0.4301,0.841,0.0464,0.2472,0.2079,-0.355,B,0.1113,0.118-0.322,0.305,0.154,0.051
248,86595,743.95,950,60.2,0.6676,0.1436,0.345,0.4785,0.9508,0.3256,0.4021,0.4141,-0.424,B,0.1335,0.118-0.322,0.305,0.154,0.051
249,87592,-520.31,997,17.4,0.9316,0.0957,0.4531,0.5154,0.8691,0.0326,0.0798,0.2888,-0.516,B,0.1103,0.118-0.322,0.306,0.155,0.052
250,88379,-690.79,787,1.9,1.1524,0.0143,0.4539,0.5361,0.8648,0.0,0.0028,0.2226,-0.5418,B,0.129,0.118-0.322,0.307,0.155,0.052
251,88835,-312.07,456,3.7,1.0732,0.0361,0.4175,0.4817,0.8702,0.0003,0.0077,0.3032,-0.4408,B,0.1242,0.118-0.322,0.307,0.156,0.052
252,89612,-125.65,777,40.8,0.8443,0.0911,0.4206,0.5634,0.9205,0.0756,0.1737,0.3661,-0.5792,B,0.1078,0.118-0.322,0.308,0.156,0.052
253,90699,412.62,1087,53.3,0.7174,0.0885,0.3921,0.5477,0.9321,0.3381,0.2247,0.3742,-0.5482,B,0.1264,0.118-0.322,0.309,0.157,0.052
254,91380,-543.54,681,5.9,0.9981,0.0906,0.4443,0.5922,0.9308,0.019,0.0235,0.3203,-0.647,B,0.1374,0.118-0.322,0.309,0.157,0.052
255,91877,-279.94,497,17.1,0.9985,0.0367,0.4658,0.4662,0.8952,0.027,0.0373,0.2139,-0.4352,B,0.1465,0.118-0.322,0.31,0.157,0.052
256,92392,-516.08,515,0.0,0.0,0.0,0.4784,0.5023,0.703,0.0,0.0,0.1622,-0.4964,B,0.1054,0.118-0.322,0.31,0.158,0.053
257,93044,-603.66,652,0.3,1.3425,0.0068,0.4484,0.5938,0.903,0.0,0.0004,0.2818,-0.6469,B,0.1536,0.118-0.322,0.311,0.158,0.053
258,93785,151.24,741,52.0,0.6732,0.1057,0.4014,0.4748,0.9144,0.2217,0.2489,0.2083,-0.4278,B,0.1458,0.118-0.322,0.311,0.159,0.053
259,94256,-296.22,471,13.0,0.5753,0.1935,0.4468,0.548,0.8674,0.1487,0.091,0.2668,-0.5671,B,0.1424,0.118-0.322,0.312,0.159,0.053
260,95220,-700.78,964,0.0,0.0,0.0,0.4011,0.5486,0.903,0.0,0.0,0.3781,-0.5462,B,0.1097,0.118-0.322,0.313,0.16,0.053
261,95395,-34.79,175,44.0,1.0192,0.0701,0.4644,0.4994,0.8759,0.0749,0.1487,0.3455,-0.489,B,0.1457,0.118-0.322,0.313,0.16,0.053
262,95831,-272.23,436,18.8,1.1658,0.0166,0.4408,0.5415,0.8695,0.0002,0.0285,0.2952,-0.5488,B,0.1237,0.118-0.322,0.313,0.16,0.053
263,96285,753.58,454,97.1,0.5455,0.1336,0.4059,0.5578,0.9455,0.8282,0.5851,0.4276,-0.5812,B,0.151,0.118-0.322,0.314,0.16,0.053
264,97058,-638.02,773,2.2,0.705,0.1255,0.4128,0.5828,0.9052,0.0112,0.0132,0.3354,-0.6241,B,0.1265,0.118-0.322,0.314,0.161,0.054
265,97297,-18.53,239,56.9,0.8365,0.0394,0.5077,0.4626,0.7983,0.2279,0.1252,0.2445,-0.4553,B,0.1454,0.118-0.322,0.314,0.161,0.054
266,98265,500.28,968,52.0,0.5853,0.1438,0.3922,0.5406,0.9277,0.4543,0.3232,0.3361,-0.5373,B,0.1447,0.118-0.322,0.315,0.161,0.054
267,99147,-662.96,882,0.3,0.9536,0.0361,0.385,0.5889,0.9682,0.0001,0.0007,0.3968,-0.6247,B,0.1079,0.118-0.322,0.316,0.162,0.054
268,99870,-626.81,723,0.0,0.0,0.0,0.413,0.6067,0.9539,0.0,0.0,0.3418,-0.6719,B,0.142,0.118-0.322,0.317,0.162,0.054
269,101106,238.87,1236,51.1,0.7429,0.096,0.378,0.5704,0.9664,0.2214,0.2314,0.3381,-0.5821,B,0.1388,0.118-0.322,0.318,0.163,0.054
270,102158,-494.98,1052,14.3,0.9792,0.0224,0.3772,0.5171,0.9502,0.0141,0.0238,0.383,-0.5022,B,0.1508,0.118-0.322,0.318,0.164,0.055
271,102745,-390.05,587,5.8,1.1487,0.0212,0.4769,0.5065,0.9046,0.0002,0.0095,0.3361,-0.5027,B,0.1355,0.118-0.322,0.319,0.164,0.055
272,103457,-345.33,712,19.8,0.8486,0.089,0.4438,0.5761,0.9295,0.0466,0.0838,0.3655,-0.6087,B,0.1112,0.118-0.322,0.32,0.165,0.055
273,104067,907.87,610,93.4,0.661,0.1171,0.4339,0.5443,0.9495,0.7891,0.519,0.3809,-0.5592,B,0.1503,0.118-0.322,0.32,0.165,0.055
274,105026,852.75,959,61.7,0.5843,0.1105,0.3994,0.53,0.9663,0.6545,0.3216,0.34,-0.5134,B,0.1503,0.118-0.322,0.321,0.166,0.055
275,105446,-354.25,420,0.0,0.0,0.0,0.4556,0.5165,0.8685,0.0,0.0,0.2557,-0.5096,B,0.1176,0.118-0.322,0.321,0.166,0.055
276,105877,-187.93,431,18.8,0.6009,0.1646,0.4844,0.4782,0.755,0.1661,0.1443,0.2544,-0.4644,B,0.1514,0.118-0.322,0.322,0.166,0.055
277,106413,-324.72,536,4.3,0.7603,0.1013,0.4377,0.5165,0.9129,0.0326,0.0211,0.3979,-0.505,B,0.1607,0.118-0.322,0.322,0.167,0.056
278,107732,504.67,1319,43.4,0.6097,0.1112,0.4025,0.5552,0.974,0.3943,0.2265,0.4163,-0.5652,B,0.1422,0.118-0.322,0.323,0.167,0.056
279,108294,-354.56,562,7.3,1.0483,0.0605,0.4463,0.5032,0.8967,0.0006,0.0222,0.3267,-0.4847,B,0.1402,0.118-0.322,0.324,0.168,0.056
280,108568,148.97,274,79.9,0.7273,0.106,0.4153,0.4914,0.9077,0.2256,0.4038,0.2027,-0.4598,B,0.1339,0.118-0.322,0.324,0.168,0.056
281,109232,-389.82,664,5.7,0.9201,0.0377,0.4298,0.5122,0.917,0.0032,0.0123,0.389,-0.4902,B,0.1303,0.118-0.322,0.324,0.168,0.056
282,109700,-322.15,468,13.5,1.124,0.0227,0.4535,0.5331,0.856,0.0003,0.0227,0.2765,-0.529,B,0.1607,0.118-0.322,0.325,0.169,0.056
283,110249,-500.11,549,0.0,0.0,0.0,0.44,0.549,0.9151,0.0,0.0,0.2122,-0.5625,B,0.1325,0.118-0.322,0.325,0.169,0.056
284,110928,-52.48,679,36.7,0.7443,0.1363,0.4308,0.5761,0.9419,0.1521,0.2071,0.3773,-0.6199,B,0.1607,0.118-0.322,0.326,0.169,0.056
285,111589,-68.6,661,30.4,0.7408,0.1441,0.4164,0.542,0.9429,0.1417,0.1772,0.3869,-0.5575,B,0.1124,0.118-0.322,0.326,0.17,0.057
286,112359,-39.44,770,36.8,0.7873,0.1094,0.4171,0.5398,0.9529,0.1228,0.1893,0.3692,-0.5468,B,0.1623,0.118-0.322,0.327,0.17,0.057
287,113067,-219.36,708,32.3,0.7885,0.0892,0.4386,0.5387,0.8649,0.0532,0.1373,0.3155,-0.5445,B,0.1103,0.118-0.322,0.328,0.171,0.057
288,113581,-370.29,514,0.0,0.0,0.0,0.4266,0.5197,0.8806,0.0,0.0,0.363,-0.5042,B,0.1345,0.118-0.322,0.328,0.171,0.057
289,114068,-377.85,487,0.0,0.0,0.0,0.425,0.5519,0.9204,0.0,0.0,0.3434,-0.5589,B,0.1384,0.118-0.322,0.328,0.171,0.057
290,114666,-512.57,598,0.0,0.0,0.0,0.4244,0.5745,0.905,0.0,0.0,0.3025,-0.5954,B,0.1098,0.118-0.322,0.329,0.172,0.057
291,115045,-169.42,379,31.1,1.2101,0.0282,0.4409,0.523,0.8602,0.0003,0.0584,0.3119,-0.5342,B,0.1142,0.118-0.322,0.329,0.172,0.057
292,115511,-310.25,466,9.0,1.1407,0.0102,0.4483,0.5282,0.8535,0.0002,0.0123,0.3513,-0.5243,B,0.151,0.118-0.322,0.33,0.172,0.057
293,116170,-205.69,659,22.5,0.7566,0.1167,0.4464,0.5331,0.9307,0.0817,0.1235,0.3638,-0.5417,B,0.1436,0.118-0.322,0.33,0.173,0.058
294,116480,-286.08,310,2.3,0.8714,0.0412,0.4286,0.5561,0.8606,0.0061,0.0051,0.2367,-0.5804,B,0.1534,0.118-0.322,0.33,0.173,0.058
295,117043,1054.39,563,73.5,0.4229,0.1855,0.4169,0.4605,0.9532,1.1612,0.6058,0.365,-0.4229,B,0.1167,0.118-0.322,0.331,0.173,0.058
296,117606,-469.91,563,0.0,0.0,0.0,0.4569,0.547,0.9035,0.0,0.0,0.2908,-0.5595,B,0.1615,0.118-0.322,0.331,0.174,0.058
297,118033,-64.76,427,47.3,1.1373,0.0304,0.4637,0.5088,0.914,0.003,0.0925,0.3476,-0.5,B,0.1354,0.118-0.322,0.332,0.174,0.058
298,118701,275.11,668,69.2,0.816,0.0956,0.4229,0.545,0.922,0.1537,0.3174,0.3535,-0.5512,B,0.148,0.118-0.322,0.332,0.174,0.058
299,120058,-350.11,1357,27.5,0.7891,0.1015,0.4267,0.5572,0.9355,0.0617,0.134,0.3935,-0.5788,B,0.1239,0.118-0.322,0.333,0.175,0.058
300,121058,-811.3,1000,0.0,0.0,0.0,0.4232,0.6681,0.9817,0.0,0.0,0.471,-0.7731,B,0.1464,0.118-0.322,0.334,0.176,0.059
301,122005,281.19,947,39.1,0.6394,0.072,0.4562,0.5294,0.9184,0.4787,0.141,0.3945,-0.5462,B,0.1159,0.118-0.322,0.335,0.176,0.059
302,122474,-312.51,469,11.1,1.2147,0.0145,0.4487,0.5067,0.92,0.0001,0.0162,0.254,-0.4858,B,0.1586,0.118-0.322,0.335,0.177,0.059
303,123474,-778.43,1000,0.0,0.0,0.0,0.4413,0.6093,0.9212,0.0,0.0,0.4299,-0.6689,B,0.1416,0.118-0.322,0.336,0.177,0.059
304,124227,486.16,753,56.0,0.5663,0.1055,0.4482,0.5511,0.927,0.6178,0.2757,0.3697,-0.5833,B,0.1145,0.118-0.322,0.337,0.178,0.059
305,124501,-206.85,274,0.0,0.0,0.0,0.4754,0.4582,0.8792,0.0,0.0,0.2558,-0.4139,B,0.1645,0.118-0.322,0.337,0.178,0.059
306,125219,-422.08,718,12.4,0.9939,0.0607,0.444,0.5219,0.89,0.0014,0.0374,0.3302,-0.5117,B,0.1454,0.118-0.322,0.338,0.178,0.059
307,125573,387.38,354,96.0,0.7717,0.0999,0.425,0.5553,0.8813,0.5282,0.4457,0.4145,-0.5714,B,0.1458,0.118-0.322,0.338,0.178,0.059
308,125676,43.65,103,92.2,0.9867,0.0552,0.4995,0.4171,0.7381,0.1278,0.2627,0.3413,-0.3413,B,0.123,0.118-0.322,0.338,0.179,0.06
309,126911,30.37,1235,41.1,0.9124,0.1037,0.4134,0.5561,0.9511,0.1029,0.1993,0.4301,-0.5779,B,0.1375,0.118-0.322,0.339,0.179,0.06
310,127456,-425.74,545,0.4,0.7747,0.0791,0.4262,0.555,0.9321,0.0019,0.0014,0.3303,-0.5628,B,0.1624,0.118-0.322,0.34,0.18,0.06
311,128134,850.15,678,90.7,0.6207,0.1115,0.4113,0.5097,0.9051,0.6676,0.4658,0.3178,-0.4962,B,0.1622,0.118-0.322,0.34,0.18,0.06
312,128503,-334.89,369,0.0,0.0,0.0,0.4305,0.5751,0.9107,0.0,0.0,0.2759,-0.6118,B,0.1508,0.118-0.322,0.34,0.18,0.06
313,128914,-332.18,411,0.0,0.0,0.0,0.4475,0.4969,0.8863,0.0,0.0,0.2526,-0.4797,B,0.1365,0.118-0.322,0.341,0.181,0.06
314,129732,737.0,818,78.4,0.6504,0.1155,0.4425,0.557,0.9355,0.503,0.423,0.3534,-0.5888,B,0.1404,0.118-0.322,0.341,0.181,0.06
315,130057,-238.49,325,0.0,0.0,0.0,0.4412,0.4973,0.8741,0.0,0.0,0.3369,-0.477,B,0.1398,0.118-0.322,0.342,0.181,0.06
316,130950,134.39,893,50.8,0.8327,0.0897,0.4166,0.589,0.9589,0.2301,0.2252,0.362,-0.6354,B,0.1625,0.118-0.322,0.342,0.182,0.061
317,131747,846.31,797,91.7,0.7367,0.0872,0.4189,0.5422,0.9405,0.5617,0.3801,0.33,-0.5533,B,0.119,0.118-0.322,0.343,0.182,0.061
318,132788,1281.04,1041,87.5,0.6126,0.1014,0.3949,0.5533,0.9594,0.6777,0.4149,0.368,-0.5687,B,0.1253,0.118-0.322,0.344,0.183,0.061
319,133760,-162.33,972,29.0,0.7173,0.122,0.4006,0.5647,0.952,0.1394,0.167,0.3593,-0.5833,B,0.1408,0.118-0.322,0.345,0.184,0.061
320,134129,-320.27,369,0.0,0.0,0.0,0.4533,0.5256,0.8879,0.0,0.0,0.2414,-0.5262,B,0.1631,0.118-0.322,0.345,0.184,0.061
321,135599,-638.07,1470,15.4,0.7703,0.1128,0.4453,0.5573,0.9486,0.0681,0.0781,0.3833,-0.5764,B,0.151,0.118-0.322,0.346,0.185,0.062
322,135836,-150.23,237,8.4,1.2045,0.0067,0.4763,0.4464,0.8422,0.0002,0.0108,0.2848,-0.3953,B,0.1715,0.118-0.322,0.347,0.185,0.062
323,136095,-170.69,259,3.1,0.9128,0.0374,0.4409,0.4687,0.883,0.0013,0.0068,0.3286,-0.4275,B,0.149,0.118-0.322,0.347,0.185,0.062
324,136277,-180.95,182,0.0,0.0,0.0,0.4688,0.5957,0.809,0.0,0.0,0.3019,-0.6457,B,0.1224,0.118-0.322,0.347,0.185,0.062
325,136540,-217.86,263,0.0,0.0,0.0,0.4293,0.5204,0.8515,0.0,0.0,0.2874,-0.5034,B,0.1173,0.118-0.322,0.347,0.185,0.062
326,137540,-635.77,1000,0.0,0.0,0.0,0.4234,0.5167,0.9446,0.0,0.0,0.3902,-0.4983,B,0.1667,0.118-0.322,0.348,0.186,0.062
327,138242,-223.4,702,20.2,0.8746,0.0884,0.4114,0.4976,0.9342,0.0279,0.086,0.3959,-0.4672,B,0.1459,0.118-0.322,0.349,0.186,0.062
328,138572,556.19,330,97.9,0.6493,0.1602,0.434,0.4823,0.9078,0.703,0.6889,0.4112,-0.4486,B,0.1462,0.118-0.322,0.349,0.187,0.062
329,138726,-166.23,154,0.0,0.0,0.0,0.4684,0.5805,0.7527,0.0,0.0,0.2476,-0.6384,B,0.1263,0.118-0.322,0.349,0.187,0.062
330,139279,603.42,553,77.9,0.6868,0.158,0.4214,0.5977,0.949,0.5177,0.5613,0.4383,-0.6411,B,0.1662,0.118-0.322,0.349,0.187,0.062
331,140179,-840.89,900,0.0,0.0,0.0,0.4183,0.58,0.8858,0.0,0.0,0.2424,-0.6085,B,0.1481,0.118-0.322,0.35,0.188,0.063
332,140492,-231.67,313,3.5,1.1257,0.0172,0.4498,0.578,0.9115,0.0003,0.0054,0.4176,-0.6213,B,0.1355,0.118-0.322,0.35,0.188,0.063
333,141544,-398.41,1052,20.1,0.7565,0.142,0.4151,0.553,0.9514,0.0554,0.1223,0.347,-0.5652,B,0.1649,0.118-0.322,0.351,0.188,0.063
334,142057,-366.62,513,6.4,1.0269,0.0247,0.4149,0.574,0.9456,0.0006,0.0112,0.3523,-0.5973,B,0.1498,0.118-0.322,0.352,0.189,0.063
335,142557,-396.21,500,0.0,0.0,0.0,0.4384,0.571,0.9433,0.0,0.0,0.3512,-0.5953,B,0.1712,0.118-0.322,0.352,0.189,0.063
336,143344,-677.73,787,1.5,1.2696,0.0047,0.4215,0.6264,0.9581,0.0,0.0019,0.3512,-0.6959,B,0.1487,0.118-0.322,0.353,0.19,0.063
337,144166,-662.4,822,0.0,0.0,0.0,0.4017,0.6108,0.9653,0.0,0.0,0.37,-0.6463,B,0.1552,0.118-0.322,0.353,0.19,0.063
338,144879,291.0,713,43.9,0.6439,0.151,0.4139,0.547,0.9519,0.4154,0.2749,0.3919,-0.5494,B,0.1538,0.118-0.322,0.354,0.191,0.064
339,145282,-155.99,403,16.9,0.9183,0.1103,0.4606,0.537,0.943,0.0047,0.0885,0.4492,-0.5437,B,0.1575,0.118-0.322,0.354,0.191,0.064
340,145591,-275.9,309,0.0,0.0,0.0,0.4203,0.5046,0.8395,0.0,0.0,0.1954,-0.4757,B,0.1417,0.118-0.322,0.355,0.191,0.064
341,146087,886.61,496,100.0,0.4719,0.1231,0.4478,0.56,0.9695,1.1743,0.5422,0.2292,-0.5924,B,0.122,0.118-0.322,0.355,0.191,0.064
342,146222,34.99,135,53.3,0.6572,0.1689,0.5231,0.4949,0.7383,0.4198,0.4144,0.3276,-0.4993,B,0.1268,0.118-0.322,0.355,0.191,0.064
343,146703,-396.81,481,0.0,0.0,0.0,0.4673,0.5387,0.909,0.0,0.0,0.2899,-0.5486,B,0.1675,0.118-0.322,0.356,0.192,0.064
344,147195,-198.32,492,15.4,0.6485,0.0338,0.4611,0.4917,0.925,0.0882,0.0314,0.3642,-0.4723,B,0.1337,0.118-0.322,0.356,0.192,0.064
345,147310,-79.67,115,0.0,0.0,0.0,0.5279,0.4703,0.8146,0.0,0.0,0.4403,-0.4534,B,0.1312,0.118-0.322,0.356,0.192,0.064
346,147608,-270.87,298,0.0,0.0,0.0,0.4253,0.6239,0.9444,0.0,0.0,0.3527,-0.7002,B,0.1236,0.118-0.322,0.356,0.192,0.064
347,148974,526.77,1366,57.2,0.7766,0.0723,0.3797,0.5566,0.9649,0.309,0.2019,0.4071,-0.5692,B,0.1582,0.118-0.322,0.357,0.193,0.064
348,149424,-384.81,450,0.4,0.8746,0.0361,0.4431,0.6073,0.9495,0.0002,0.0009,0.3648,-0.6769,B,0.1705,0.118-0.322,0.358,0.193,0.064
349,149731,-290.53,307,0.0,0.0,0.0,0.4138,0.5893,0.8957,0.0,0.0,0.2653,-0.627,B,0.1306,0.118-0.322,0.358,0.194,0.065
350,150601,213.19,870,57.1,0.8057,0.0607,0.4419,0.5269,0.9305,0.2461,0.1768,0.3373,-0.5423,B,0.1702,0.118-0.322,0.359,0.194,0.065
351,150811,202.6,210,98.6,0.8166,0.1297,0.5012,0.4813,0.8835,0.2118,0.557,0.3157,-0.4645,B,0.1309,0.118-0.322,0.359,0.194,0.065
352,151269,-216.4,458,27.9,0.9146,0.0836,0.4973,0.5135,0.8622,0.0541,0.1159,0.2247,-0.5271,B,0.1337,0.118-0.322,0.359,0.195,0.065
353,151483,50.69,214,75.7,0.8931,0.0914,0.5324,0.5035,0.8652,0.051,0.3301,0.265,-0.5214,B,0.1246,0.118-0.322,0.36,0.195,0.065
354,153006,591.87,1523,43.7,0.6823,0.0979,0.3678,0.5352,0.9724,0.3594,0.1915,0.4554,-0.5208,B,0.13,0.118-0.322,0.361,0.196,0.065
355,153112,-35.66,106,42.5,1.1032,0.0337,0.6413,0.4623,0.8618,0.0018,0.0871,0.3291,-0.5182,B,0.1468,0.118-0.322,0.361,0.196,0.065
356,153700,-356.54,588,16.8,0.9809,0.0118,0.4727,0.6063,0.9638,0.0031,0.0244,0.4357,-0.6996,B,0.1212,0.118-0.322,0.361,0.196,0.065
357,154055,680.51,355,95.2,0.4844,0.1376,0.5211,0.4919,0.9183,1.2907,0.5978,0.2241,-0.5188,B,0.1303,0.118-0.322,0.362,0.196,0.065
358,154758,-205.73,703,33.3,0.9617,0.0517,0.4454,0.5446,0.9491,0.0124,0.0953,0.3598,-0.5525,B,0.1438,0.118-0.322,0.362,0.197,0.066
359,154973,121.87,215,99.5,1.0458,0.0493,0.4191,0.5348,0.9223,0.015,0.2519,0.4344,-0.5292,B,0.1516,0.118-0.322,0.362,0.197,0.066
360,155629,-443.36,656,0.9,0.5002,0.0535,0.4674,0.4893,0.9406,0.0128,0.0026,0.3295,-0.4697,B,0.1738,0.118-0.322,0.363,0.197,0.066
361,155723,-67.73,94,0.0,0.0,0.0,0.5095,0.479,0.8184,0.0,0.0,0.4355,-0.4588,B,0.1482,0.118-0.322,0.363,0.197,0.066
362,156219,824.7,496,98.4,0.586,0.1604,0.387,0.5075,0.9341,0.6794,0.6848,0.4162,-0.4793,B,0.1325,0.118-0.322,0.364,0.198,0.066
363,156935,1049.97,716,97.9,0.6543,0.16,0.3875,0.4917,0.9368,0.4494,0.7105,0.3802,-0.4477,B,0.1328,0.118-0.322,0.364,0.198,0.066
364,157395,-352.44,460,0.0,0.0,0.0,0.4724,0.4666,0.8209,0.0,0.0,0.2732,-0.4281,B,0.1423,0.118-0.322,0.364,0.198,0.066
365,157766,-120.43,371,38.0,1.1503,0.0355,0.4014,0.5662,0.9321,0.002,0.0795,0.3753,-0.5968,B,0.1626,0.118-0.322,0.365,0.199,0.066
366,158346,-121.02,580,38.4,0.8122,0.0656,0.4349,0.4954,0.9283,0.0877,0.1202,0.234,-0.4662,B,0.1283,0.118-0.322,0.365,0.199,0.066
367,159731,-1.3,1385,24.3,0.592,0.128,0.3884,0.5564,0.9675,0.2739,0.1284,0.4496,-0.5641,B,0.1214,0.118-0.322,0.366,0.2,0.067
368,161336,-234.76,1605,22.9,0.645,0.0768,0.4031,0.5905,0.9501,0.2536,0.0857,0.4445,-0.6258,B,0.1638,0.118-0.322,0.368,0.201,0.067
369,162786,-78.62,1450,33.2,0.7827,0.1186,0.4134,0.5682,0.9426,0.162,0.176,0.4175,-0.5969,B,0.1347,0.118-0.322,0.369,0.202,0.067
370,162847,22.23,61,85.2,0.7521,0.1063,0.5998,0.3964,0.8084,0.13,0.4203,0.1045,-0.3532,B,0.1515,0.118-0.322,0.369,0.202,0.067
371,163246,-289.79,399,0.5,1.2712,0.0044,0.454,0.5017,0.9016,0.0,0.0006,0.3248,-0.4824,B,0.1366,0.118-0.322,0.369,0.202,0.067
372,163635,-291.24,389,0.0,0.0,0.0,0.4638,0.5084,0.9035,0.0,0.0,0.3187,-0.4934,B,0.1548,0.118-0.322,0.37,0.202,0.067
373,164329,390.28,694,57.3,0.7801,0.1185,0.4485,0.4945,0.9331,0.3379,0.3142,0.3827,-0.4833,B,0.1505,0.118-0.322,0.37,0.203,0.068
374,165027,-501.29,698,0.0,0.0,0.0,0.3962,0.542,0.9359,0.0,0.0,0.3615,-0.5333,B,0.1327,0.118-0.322,0.371,0.203,0.068
375,165745,205.2,718,34.7,0.4397,0.1292,0.438,0.6069,0.9544,0.5596,0.2074,0.4576,-0.6782,B,0.1607,0.118-0.322,0.371,0.204,0.068
376,165962,-173.76,217,0.0,0.0,0.0,0.4981,0.4606,0.8338,0.0,0.0,0.2535,-0.425,B,0.1767,0.118-0.322,0.372,0.204,0.068
377,166315,522.61,353,90.4,0.5223,0.1081,0.4661,0.5416,0.8904,1.0129,0.4504,0.32,-0.569,B,0.1419,0.118-0.322,0.372,0.204,0.068
378,166817,-351.31,502,1.0,0.8206,0.0578,0.4653,0.521,0.9412,0.001,0.0029,0.3502,-0.5107,B,0.1555,0.118-0.322,0.372,0.204,0.068
379,166853,-23.5,36,0.0,0.0,0.0,0.6399,0.2716,0.6646,0.0,0.0,0.4544,-0.1616,B,0.1183,0.118-0.322,0.372,0.204,0.068
380,167784,-637.91,931,0.3,1.1181,0.0215,0.423,0.5521,0.9666,0.0,0.0005,0.3995,-0.5605,B,0.1375,0.118-0.322,0.373,0.205,0.068
381,168266,-350.32,482,0.0,0.0,0.0,0.4602,0.5237,0.9275,0.0,0.0,0.3447,-0.5145,B,0.1677,0.118-0.322,0.374,0.205,0.068
382,168624,96.8,358,54.7,0.8423,0.1348,0.4036,0.5436,0.9488,0.0485,0.3466,0.4455,-0.5419,B,0.1339,0.118-0.322,0.374,0.205,0.068
383,169189,286.38,565,69.6,0.7811,0.0885,0.4338,0.5266,0.9487,0.2944,0.2966,0.3029,-0.5275,B,0.1628,0.118-0.322,0.374,0.206,0.069
384,169653,-360.34,464,0.0,0.0,0.0,0.4364,0.5296,0.93,0.0,0.0,0.3076,-0.5277,B,0.1384,0.118-0.322,0.375,0.206,0.069
385,170389,-245.44,736,24.7,1.0553,0.051,0.4519,0.4938,0.9296,0.0038,0.0661,0.3759,-0.4725,B,0.174,0.118-0.322,0.375,0.206,0.069
386,171521,-297.19,1132,16.4,0.592,0.12,0.4232,0.5496,0.948,0.1865,0.0919,0.3946,-0.5634,B,0.1462,0.118-0.322,0.376,0.207,0.069
387,172114,-437.02,593,0.7,0.6402,0.0618,0.4421,0.5775,0.9561,0.0068,0.002,0.4028,-0.6077,B,0.1201,0.118-0.322,0.377,0.208,0.069
388,173429,-205.83,1315,21.2,0.6586,0.1504,0.423,0.5496,0.9616,0.1644,0.14,0.4152,-0.5546,B,0.1303,0.118-0.322,0.378,0.208,0.069
389,174429,-686.86,1000,0.0,0.0,0.0,0.4256,0.5585,0.9584,0.0,0.0,0.3994,-0.5654,B,0.1435,0.118-0.322,0.379,0.209,0.07
390,175854,-942.98,1425,2.3,0.9457,0.042,0.4279,0.5294,0.9593,0.0005,0.0054,0.3571,-0.5204,B,0.1565,0.118-0.322,0.38,0.21,0.07
391,176469,4.32,615,27.3,0.5893,0.1449,0.4416,0.5297,0.9144,0.3505,0.1839,0.3171,-0.5283,B,0.1576,0.118-0.322,0.38,0.21,0.07
392,178051,589.0,1582,49.6,0.7648,0.1441,0.401,0.5447,0.9635,0.229,0.3198,0.4062,-0.5444,B,0.1653,0.118-0.322,0.382,0.211,0.07
393,178275,-223.9,224,0.0,0.0,0.0,0.4489,0.576,0.8773,0.0,0.0,0.2197,-0.6132,B,0.1902,0.118-0.322,0.382,0.211,0.07
394,178591,-293.91,316,0.0,0.0,0.0,0.4338,0.5266,0.8636,0.0,0.0,0.1784,-0.5087,B,0.1661,0.118-0.322,0.382,0.212,0.071
395,178989,-372.6,398,0.0,0.0,0.0,0.4414,0.5202,0.8649,0.0,0.0,0.1638,-0.5073,B,0.1599,0.118-0.322,0.382,0.212,0.071
396,179546,-471.6,557,0.0,0.0,0.0,0.4396,0.5459,0.934,0.0,0.0,0.2458,-0.5415,B,0.1647,0.118-0.322,0.383,0.212,0.071
397,179721,-30.32,175,52.0,1.1014,0.0291,0.4399,0.5058,0.88,0.0474,0.1022,0.3205,-0.4913,B,0.1741,0.118-0.322,0.383,0.212,0.071
398,180162,-402.45,441,0.0,0.0,0.0,0.4692,0.5115,0.8763,0.0,0.0,0.1733,-0.5014,B,0.1891,0.118-0.322,0.383,0.213,0.071
399,180363,-181.27,201,0.0,0.0,0.0,0.4262,0.5889,0.8772,0.0,0.0,0.3232,-0.6139,B,0.135,0.118-0.322,0.384,0.213,0.071
400,181105,414.49,742,53.9,0.6574,0.046,0.4097,0.5356,0.9645,0.5614,0.1342,0.4101,-0.5499,B,0.1803,0.118-0.322,0.384,0.213,0.071
401,181408,-227.11,303,0.0,0.0,0.0,0.4006,0.5642,0.9214,0.0,0.0,0.392,-0.5692,B,0.1845,0.118-0.322,0.385,0.213,0.071
402,181873,544.42,465,93.8,0.729,0.1412,0.4262,0.5477,0.9516,0.3935,0.5915,0.3597,-0.5564,B,0.1361,0.118-0.322,0.385,0.214,0.071
403,182147,-205.53,274,0.0,0.0,0.0,0.4092,0.5773,0.9364,0.0,0.0,0.4148,-0.5966,B,0.137,0.118-0.322,0.385,0.214,0.071
404,182484,-225.56,337,11.3,1.0894,0.0065,0.4446,0.6165,0.944,0.0004,0.0144,0.4324,-0.6723,B,0.1828,0.118-0.322,0.385,0.214,0.071
405,182882,225.55,398,61.1,0.6311,0.0626,0.3929,0.5156,0.9096,0.4446,0.1923,0.3859,-0.496,B,0.1477,0.118-0.322,0.386,0.214,0.071
406,183095,-179.76,213,0.0,0.0,0.0,0.4204,0.5201,0.8826,0.0,0.0,0.2631,-0.5014,B,0.1755,0.118-0.322,0.386,0.214,0.071
407,183461,-289.55,366,0.0,0.0,0.0,0.409,0.6267,0.9508,0.0,0.0,0.4522,-0.6914,B,0.1506,0.118-0.322,0.386,0.215,0.072
408,183938,139.91,477,48.4,0.7477,0.1436,0.3856,0.5156,0.9333,0.1574,0.3235,0.3783,-0.49,B,0.1702,0.118-0.322,0.387,0.215,0.072
409,184288,-258.65,350,0.6,1.2277,0.0127,0.401,0.5642,0.919,0.0,0.0008,0.3847,-0.5604,B,0.1609,0.118-0.322,0.387,0.215,0.072
410,184694,277.4,406,53.2,0.5479,0.0379,0.4169,0.622,0.931,0.9171,0.1187,0.3536,-0.6866,B,0.1379,0.118-0.322,0.387,0.215,0.072
411,185268,271.61,574,60.3,0.7431,0.1481,0.4264,0.4889,0.93,0.1462,0.4152,0.3256,-0.4588,B,0.1742,0.118-0.322,0.388,0.216,0.072
412,186149,123.75,881,38.8,0.6735,0.1037,0.3914,0.5773,0.9557,0.2427,0.1884,0.4496,-0.591,B,0.1912,0.118-0.322,0.388,0.216,0.072
413,186758,580.75,609,82.3,0.7112,0.1272,0.4091,0.5847,0.9585,0.4318,0.4819,0.3704,-0.6122,B,0.1583,0.118-0.322,0.389,0.217,0.072
414,187011,-6.0,253,52.2,1.0575,0.0586,0.3912,0.5256,0.9307,0.0202,0.1498,0.3856,-0.503,B,0.1327,0.118-0.322,0.389,0.217,0.072
415,187924,205.1,913,36.3,0.6312,0.1072,0.3731,0.5184,0.9626,0.2635,0.1824,0.4302,-0.4847,B,0.175,0.118-0.322,0.39,0.217,0.072
416,188461,-364.0,537,3.5,0.8819,0.083,0.3959,0.5782,0.9586,0.019,0.015,0.4229,-0.6037,B,0.1329,0.118-0.322,0.39,0.218,0.073
417,188682,404.23,221,100.0,0.6941,0.1906,0.4089,0.4754,0.9218,0.7161,0.7536,0.4501,-0.4355,B,0.1684,0.118-0.322,0.391,0.218,0.073
418,189268,1065.73,586,79.2,0.428,0.1582,0.417,0.6018,0.9532,1.3386,0.5459,0.3775,-0.6512,B,0.1459,0.118-0.322,0.391,0.218,0.073
419,190027,268.2,759,44.4,0.5558,0.0293,0.398,0.5765,0.9584,0.5402,0.0844,0.4279,-0.6104,B,0.1502,0.118-0.322,0.392,0.219,0.073
420,190464,362.93,437,92.2,0.753,0.0954,0.4179,0.6115,0.9486,0.3078,0.4201,0.4051,-0.6743,B,0.1587,0.118-0.322,0.392,0.219,0.073
421,191517,-26.05,1053,42.5,0.8276,0.0941,0.3869,0.5522,0.9599,0.0485,0.1854,0.4089,-0.5559,B,0.1545,0.118-0.322,0.393,0.22,0.073
422,192047,54.89,530,41.7,0.9248,0.0967,0.3799,0.5013,0.9615,0.0521,0.1906,0.4431,-0.4587,B,0.1613,0.118-0.322,0.393,0.22,0.073
423,193748,175.62,1701,39.9,0.7323,0.1172,0.4001,0.5559,0.9641,0.2262,0.1994,0.3807,-0.5669,B,0.1604,0.118-0.322,0.395,0.221,0.074
424,196320,-11.22,2572,32.1,0.7939,0.106,0.3756,0.5253,0.977,0.108,0.1547,0.4408,-0.5091,B,0.1306,0.118-0.322,0.397,0.223,0.074
425,197896,687.02,1576,45.1,0.6992,0.0999,0.362,0.52,0.9782,0.3417,0.2095,0.4625,-0.4955,B,0.1398,0.118-0.322,0.398,0.224,0.075
426,198471,727.22,575,81.6,0.7398,0.0898,0.4348,0.5386,0.951,0.7925,0.3464,0.4072,-0.5526,B,0.176,0.118-0.322,0.399,0.224,0.075
427,199044,910.24,573,71.6,0.4765,0.1656,0.402,0.5408,0.9535,1.0615,0.508,0.4016,-0.5423,B,0.195,0.118-0.322,0.399,0.224,0.075
428,200671,-61.34,1627,41.2,0.8742,0.0896,0.4097,0.5581,0.9598,0.0684,0.1785,0.4079,-0.5684,B,0.1563,0.118-0.322,0.401,0.225,0.075
429,200969,272.74,298,98.3,0.7571,0.11,0.4405,0.6347,0.9262,0.3951,0.5097,0.362,-0.7355,B,0.1465,0.118-0.322,0.401,0.226,0.075
430,201171,151.86,202,87.6,0.8243,0.1257,0.4817,0.5137,0.9372,0.0722,0.5225,0.3884,-0.5162,B,0.1903,0.118-0.322,0.401,0.226,0.075
431,202329,700.56,1158,55.8,0.72,0.1094,0.3952,0.5568,0.9729,0.4081,0.2896,0.4488,-0.5644,B,0.1566,0.118-0.322,0.402,0.226,0.075
432,204598,555.64,2269,43.7,0.7253,0.1092,0.3716,0.5513,0.9775,0.2072,0.2217,0.4503,-0.5489,B,0.1743,0.118-0.322,0.404,0.228,0.076
433,207598,9.59,3000,32.9,0.8245,0.1167,0.3945,0.5629,0.9779,0.1365,0.1651,0.4624,-0.5752,B,0.1568,0.118-0.322,0.406,0.23,0.077
434,208299,297.52,701,54.2,0.7853,0.0971,0.4151,0.5706,0.9567,0.3205,0.2464,0.4501,-0.5855,B,0.1679,0.118-0.322,0.407,0.23,0.077
435,210232,86.34,1933,36.2,0.8101,0.1023,0.3911,0.5591,0.9775,0.1564,0.1627,0.4593,-0.5686,B,0.1292,0.118-0.322,0.409,0.231,0.077
436,212406,275.62,2174,41.5,0.8357,0.0572,0.402,0.5687,0.9763,0.2367,0.1224,0.4591,-0.5888,B,0.1625,0.118-0.322,0.41,0.233,0.078
437,214210,-65.27,1804,29.1,0.7905,0.0763,0.3885,0.5579,0.9761,0.1831,0.1091,0.4713,-0.5632,B,0.1481,0.118-0.322,0.412,0.234,0.078
438,215189,888.31,979,60.6,0.551,0.1097,0.4285,0.531,0.961,0.6804,0.3099,0.3813,-0.5286,B,0.1754,0.118-0.322,0.413,0.234,0.078
439,215729,496.75,540,69.3,0.6736,0.1552,0.4007,0.5557,0.9569,0.4359,0.4784,0.4309,-0.5628,B,0.1551,0.118-0.322,0.413,0.235,0.078
440,216729,-558.29,1000,0.0,0.0,0.0,0.3783,0.5454,0.9885,0.0,0.0,0.4786,-0.5312,B,0.1969,0.118-0.322,0.414,0.235,0.078
441,217441,408.89,712,49.3,0.6874,0.1383,0.3861,0.5318,0.9552,0.384,0.3156,0.4563,-0.5206,B,0.1505,0.118-0.322,0.415,0.236,0.079
442,219405,548.61,1964,42.9,0.695,0.1178,0.4278,0.5602,0.9618,0.3515,0.2214,0.4151,-0.585,B,0.1574,0.118-0.322,0.416,0.237,0.079
443,219667,415.24,262,84.7,0.5859,0.0803,0.4283,0.5054,0.923,1.065,0.3268,0.4451,-0.4849,B,0.1642,0.118-0.322,0.416,0.237,0.079
444,220014,-195.19,347,16.7,0.9395,0.0602,0.4336,0.595,0.9432,0.0177,0.0507,0.4164,-0.6454,B,0.1294,0.118-0.322,0.417,0.238,0.079
445,220717,443.62,703,61.0,0.6632,0.0766,0.4491,0.5214,0.9369,0.5119,0.2311,0.3698,-0.5231,B,0.1494,0.118-0.322,0.417,0.238,0.079
446,221717,-587.08,1000,0.0,0.0,0.0,0.3809,0.5678,0.9896,0.0,0.0,0.4886,-0.5705,B,0.1691,0.118-0.322,0.418,0.239,0.08
447,222717,-663.18,1000,0.0,0.0,0.0,0.3897,0.5964,0.9892,0.0,0.0,0.4661,-0.6239,B,0.17,0.118-0.322,0.419,0.239,0.08
448,224020,-870.01,1303,0.7,1.2592,0.004,0.3992,0.5906,0.98,0.0,0.0008,0.4665,-0.6243,B,0.1603,0.118-0.322,0.42,0.24,0.08
449,225020,-642.01,1000,0.0,0.0,0.0,0.3886,0.589,0.9903,0.0,0.0,0.4767,-0.6139,B,0.1442,0.118-0.322,0.421,0.241,0.08
450,225848,164.63,828,62.0,0.938,0.0692,0.4236,0.5749,0.9511,0.1089,0.2134,0.418,-0.6212,B,0.1626,0.118-0.322,0.422,0.241,0.08
451,226200,-251.17,352,0.0,0.0,0.0,0.4213,0.5068,0.8839,0.0,0.0,0.3611,-0.4882,B,0.2085,0.118-0.322,0.422,0.241,0.08
452,227293,-694.07,1093,3.7,0.5212,0.0131,0.4062,0.5954,0.9612,0.054,0.0052,0.4414,-0.6319,B,0.1685,0.118-0.322,0.423,0.242,0.081
453,228174,-674.29,881,0.0,0.0,0.0,0.4173,0.5692,0.9427,0.0,0.0,0.3677,-0.5931,B,0.2088,0.118-0.322,0.423,0.243,0.081
454,228490,466.71,316,87.0,0.6888,0.049,0.412,0.5502,0.9478,1.0571,0.2188,0.4407,-0.5566,B,0.2095,0.118-0.322,0.424,0.243,0.081
455,228914,144.25,424,71.5,0.8746,0.0891,0.5319,0.4857,0.9076,0.0743,0.2936,0.3532,-0.5073,B,0.1705,0.118-0.322,0.424,0.243,0.081
456,229990,223.12,1076,46.6,0.8506,0.1123,0.4097,0.5693,0.9629,0.2003,0.2413,0.4509,-0.6005,B,0.194,0.118-0.322,0.425,0.244,0.081
457,230886,-644.3,896,3.0,1.206,0.0245,0.4327,0.5167,0.8955,0.001,0.0061,0.3221,-0.5112,B,0.1483,0.118-0.322,0.426,0.244,0.081
458,231841,109.08,955,52.7,0.8805,0.0921,0.4014,0.5741,0.9626,0.0505,0.2341,0.4253,-0.5934,B,0.1744,0.118-0.322,0.427,0.245,0.082
459,232179,-258.01,338,0.0,0.0,0.0,0.4145,0.5499,0.9201,0.0,0.0,0.3578,-0.5516,B,0.1857,0.118-0.322,0.427,0.245,0.082
460,232712,-391.19,533,0.6,1.1882,0.0218,0.3999,0.574,0.9517,0.0,0.0009,0.3993,-0.5961,B,0.2088,0.118-0.322,0.427,0.245,0.082
461,233464,147.24,752,55.7,0.8461,0.11,0.4392,0.5734,0.9578,0.1199,0.2793,0.3998,-0.613,B,0.1752,0.118-0.322,0.428,0.246,0.082
462,233806,-269.62,342,1.2,1.102,0.0239,0.4133,0.5746,0.9004,0.0,0.002,0.3762,-0.5972,B,0.2041,0.118-0.322,0.428,0.246,0.082
463,234253,-156.46,447,29.1,0.9391,0.0957,0.4291,0.5864,0.9547,0.0118,0.1324,0.3959,-0.632,B,0.1817,0.118-0.322,0.429,0.246,0.082
464,234980,-462.28,727,7.7,0.8094,0.0123,0.4208,0.5725,0.9428,0.0107,0.0109,0.4046,-0.5976,B,0.1754,0.118-0.322,0.429,0.247,0.082
465,235419,142.4,439,61.3,0.9394,0.0491,0.4469,0.4913,0.9393,0.2593,0.1678,0.3128,-0.47,B,0.1903,0.118-0.322,0.43,0.247,0.082
466,236282,-262.03,863,30.5,0.9559,0.0777,0.4304,0.5367,0.8852,0.015,0.115,0.3722,-0.5392,B,0.1804,0.118-0.322,0.43,0.248,0.083
467,237124,-554.24,842,6.7,1.0975,0.0182,0.4348,0.5288,0.8672,0.0005,0.0106,0.3782,-0.5362,B,0.2045,0.118-0.322,0.431,0.248,0.083
468,237821,-256.3,697,18.4,0.8607,0.0888,0.4298,0.5553,0.9559,0.0736,0.0728,0.4171,-0.5725,B,0.1768,0.118-0.322,0.432,0.249,0.083
469,238463,-63.92,642,56.5,1.0013,0.0561,0.4635,0.5591,0.9166,0.0376,0.1701,0.3129,-0.6011,B,0.2142,0.118-0.322,0.432,0.249,0.083
470,238943,-341.93,480,0.0,0.0,0.0,0.4034,0.5582,0.9439,0.0,0.0,0.4008,-0.5643,B,0.1408,0.118-0.322,0.432,0.249,0.083
471,239243,736.09,300,99.7,0.3635,0.0791,0.4698,0.5837,0.9467,1.9479,0.3765,0.3979,-0.6509,B,0.1389,0.118-0.322,0.433,0.25,0.083
472,239533,-180.99,290,10.3,0.6166,0.0563,0.4183,0.5542,0.8967,0.0874,0.0296,0.3558,-0.5738,B,0.2124,0.118-0.322,0.433,0.25,0.083
473,240198,-461.43,665,0.0,0.0,0.0,0.3987,0.5656,0.9545,0.0,0.0,0.4187,-0.5748,B,0.197,0.118-0.322,0.433,0.25,0.083
474,240641,-281.6,443,8.1,1.0766,0.0135,0.4076,0.5662,0.9478,0.0003,0.0117,0.4056,-0.5862,B,0.201,0.118-0.322,0.434,0.25,0.083
475,241020,-159.3,379,28.8,0.9473,0.0429,0.457,0.5153,0.9107,0.0076,0.0677,0.2974,-0.5081,B,0.1923,0.118-0.322,0.434,0.251,0.084
476,241604,472.03,584,64.0,0.6873,0.1325,0.4653,0.5202,0.9421,0.4692,0.3885,0.4028,-0.5238,B,0.1706,0.118-0.322,0.435,0.251,0.084
477,242122,-347.07,518,9.3,0.599,0.0689,0.405,0.5939,0.8806,0.0853,0.0324,0.3196,-0.6151,B,0.1519,0.118-0.322,0.435,0.251,0.084
478,242457,225.46,335,73.1,0.7475,0.0304,0.4671,0.6135,0.9313,0.6467,0.1418,0.4168,-0.6911,B,0.2034,0.118-0.322,0.435,0.252,0.084
479,243288,-314.59,831,24.8,0.8896,0.0584,0.4042,0.5521,0.9317,0.0192,0.0711,0.3778,-0.5482,B,0.1823,0.118-0.322,0.436,0.252,0.084
480,243915,-141.68,627,23.8,0.5606,0.0531,0.4297,0.6145,0.9518,0.2617,0.0641,0.4457,-0.6727,B,0.1798,0.118-0.322,0.437,0.252,0.084
481,244051,83.04,136,97.8,0.8306,0.0801,0.4933,0.4793,0.8571,0.1927,0.3811,0.225,-0.474,B,0.2165,0.118-0.322,0.437,0.253,0.084
482,244527,211.98,476,34.5,0.3538,0.1001,0.4583,0.5686,0.9359,0.761,0.1556,0.4106,-0.599,B,0.1365,0.118-0.322,0.437,0.253,0.084
483,244919,-273.48,392,6.9,0.9004,0.0806,0.4326,0.5806,0.9193,0.0104,0.0279,0.3998,-0.63,B,0.198,0.118-0.322,0.437,0.253,0.084
484,245845,-687.82,926,1.9,0.7729,0.1293,0.4115,0.6281,0.973,0.0131,0.0092,0.4449,-0.6876,B,0.1781,0.118-0.322,0.438,0.254,0.085
485,246991,-289.75,1146,19.7,0.7377,0.1061,0.4222,0.5379,0.9558,0.1368,0.1003,0.3991,-0.5398,B,0.2051,0.118-0.322,0.439,0.254,0.085
486,247494,-321.85,503,0.0,0.0,0.0,0.3861,0.491,0.9413,0.0,0.0,0.3556,-0.4462,B,0.1509,0.118-0.322,0.44,0.255,0.085
487,248248,161.55,754,66.8,0.846,0.0938,0.4898,0.6181,0.9592,0.1252,0.3091,0.3773,-0.717,B,0.2028,0.118-0.322,0.44,0.255,0.085
488,249248,-669.18,1000,0.0,0.0,0.0,0.393,0.6075,0.9918,0.0,0.0,0.4811,-0.6462,B,0.2204,0.118-0.322,0.441,0.256,0.085
489,250693,373.32,1445,45.5,0.7422,0.1372,0.4095,0.5565,0.9619,0.228,0.2776,0.4139,-0.5679,B,0.2179,0.118-0.322,0.442,0.257,0.086
490,251354,83.63,661,35.2,0.6189,0.0716,0.4036,0.5397,0.9556,0.3096,0.122,0.447,-0.5456,B,0.1985,0.118-0.322,0.443,0.257,0.086
491,252532,-400.6,1178,22.0,0.918,0.0762,0.4139,0.5233,0.9484,0.0382,0.08,0.3701,-0.5104,B,0.136,0.118-0.322,0.444,0.258,0.086
492,253210,-428.36,678,2.8,0.7644,0.0351,0.3771,0.5202,0.952,0.0112,0.0057,0.3684,-0.4984,B,0.1449,0.118-0.322,0.444,0.258,0.086
493,253813,-389.23,603,2.3,1.0875,0.0163,0.3761,0.5326,0.9507,0.0001,0.0035,0.3933,-0.5241,B,0.1676,0.118-0.322,0.445,0.259,0.086
494,255780,-27.35,1967,27.1,0.5799,0.0913,0.4009,0.5782,0.9722,0.3074,0.1092,0.429,-0.5994,B,0.2222,0.118-0.322,0.446,0.26,0.087
495,256801,-244.33,1021,33.3,0.912,0.0541,0.3887,0.57,0.97,0.017,0.0942,0.4222,-0.5796,B,0.1813,0.118-0.322,0.447,0.26,0.087
496,257361,-261.8,560,23.4,1.0809,0.05,0.4155,0.574,0.9393,0.0011,0.0601,0.3891,-0.6028,B,0.18,0.118-0.322,0.448,0.261,0.087
497,257802,336.23,441,72.8,0.7365,0.1075,0.413,0.5985,0.9449,0.4548,0.3652,0.4381,-0.6426,B,0.1748,0.118-0.322,0.448,0.261,0.087
498,258340,-195.57,538,26.4,0.7641,0.0968,0.4222,0.6051,0.9443,0.0553,0.1211,0.4094,-0.6522,B,0.1558,0.118-0.322,0.449,0.261,0.087
499,259515,789.31,1175,59.1,0.6755,0.1051,0.4074,0.5595,0.9601,0.473,0.2856,0.4248,-0.5658,B,0.1836,0.118-0.322,0.45,0.262,0.087
500,259690,83.25,175,84.6,0.8597,0.1006,0.4803,0.579,0.8712,0.066,0.4122,0.4163,-0.628,B,0.211,0.118-0.322,0.45,0.262,0.087
501,260005,195.4,315,91.1,0.8435,0.1238,0.4468,0.617,0.9479,0.1185,0.52,0.3271,-0.691,B,0.2016,0.118-0.322,0.45,0.263,0.088
502,260357,453.12,352,87.2,0.5752,0.1327,0.4596,0.5695,0.9403,0.8019,0.4961,0.3334,-0.622,B,0.2164,0.118-0.322,0.45,0.263,0.088
503,260594,448.7,237,83.5,0.4964,0.1852,0.4476,0.5185,0.9202,1.2453,0.6484,0.3259,-0.5159,B,0.2035,0.118-0.322,0.45,0.263,0.088
504,260661,21.4,67,82.1,1.0199,0.0771,0.4524,0.4704,0.8004,0.0077,0.2958,0.4077,-0.4544,B,0.2075,0.118-0.322,0.451,0.263,0.088
505,261109,420.17,448,83.7,0.7568,0.1597,0.4398,0.555,0.9552,0.2687,0.6156,0.3379,-0.5661,B,0.145,0.118-0.322,0.451,0.263,0.088
506,261438,838.39,329,99.7,0.3621,0.0946,0.4183,0.5833,0.9541,2.0075,0.4187,0.342,-0.6147,B,0.1967,0.118-0.322,0.451,0.263,0.088
507,262301,354.6,863,48.8,0.6537,0.1465,0.3978,0.5646,0.9651,0.3139,0.3339,0.3971,-0.5742,B,0.2179,0.118-0.322,0.452,0.264,0.088
508,262806,128.17,505,51.1,0.8622,0.0982,0.3998,0.5619,0.9655,0.2021,0.2364,0.4357,-0.5768,B,0.2109,0.118-0.322,0.452,0.264,0.088
509,263237,555.1,431,97.2,0.7209,0.1684,0.4281,0.5454,0.9592,0.3914,0.707,0.3295,-0.5608,B,0.204,0.118-0.322,0.453,0.265,0.088
510,264884,-101.71,1647,42.5,0.8966,0.0771,0.4116,0.5798,0.9728,0.0377,0.1622,0.4435,-0.6074,B,0.2149,0.118-0.322,0.454,0.266,0.089
511,265126,245.52,242,70.7,0.6601,0.074,0.4138,0.5171,0.9414,0.7771,0.25,0.4026,-0.5066,B,0.158,0.118-0.322,0.454,0.266,0.089
512,265766,758.01,640,48.0,0.2942,0.0336,0.3901,0.5798,0.9668,1.2906,0.0962,0.4441,-0.5965,B,0.1973,0.118-0.322,0.455,0.266,0.089
513,266816,9.42,1050,47.4,0.8428,0.0713,0.3997,0.5955,0.9671,0.0798,0.1724,0.4417,-0.6329,B,0.2002,0.118-0.322,0.456,0.267,0.089
514,267786,86.62,970,36.7,0.7011,0.1156,0.3795,0.5636,0.9681,0.1855,0.1965,0.448,-0.5761,B,0.2122,0.118-0.322,0.456,0.267,0.089
515,268034,264.34,248,89.1,0.5911,0.0951,0.4841,0.6459,0.9402,0.7253,0.3905,0.401,-0.7565,B,0.2146,0.118-0.322,0.457,0.268,0.089
516,268609,186.87,575,51.5,0.713,0.0724,0.4261,0.5828,0.9646,0.4099,0.1821,0.3977,-0.6111,B,0.1414,0.118-0.322,0.457,0.268,0.089
517,269696,-122.6,1087,28.3,0.7802,0.0402,0.4073,0.5847,0.9727,0.2383,0.0648,0.4447,-0.6211,B,0.1566,0.118-0.322,0.458,0.269,0.09
518,269923,212.86,227,89.0,0.8421,0.1059,0.4867,0.4904,0.9002,0.3024,0.4173,0.4389,-0.4682,B,0.1811,0.118-0.322,0.458,0.269,0.09
519,270561,429.83,638,85.1,0.7978,0.08,0.4318,0.5209,0.9026,0.2435,0.3259,0.352,-0.5088,B,0.1411,0.118-0.322,0.459,0.269,0.09
520,271822,15.09,1261,35.8,0.7754,0.1242,0.3972,0.5945,0.9763,0.1667,0.2078,0.4244,-0.6181,B,0.1693,0.118-0.322,0.46,0.27,0.09
521,272353,180.12,531,60.8,0.7975,0.1032,0.3858,0.5816,0.9743,0.1596,0.289,0.4333,-0.6073,B,0.2012,0.118-0.322,0.46,0.27,0.09
522,272741,299.68,388,60.8,0.7196,0.0829,0.4141,0.5628,0.9612,0.6108,0.2417,0.4563,-0.5749,B,0.1715,0.118-0.322,0.461,0.27,0.09
523,273896,337.34,1155,45.8,0.6241,0.089,0.4125,0.6178,0.9745,0.4021,0.1933,0.438,-0.6762,B,0.2156,0.118-0.322,0.462,0.271,0.09
524,274181,235.06,285,74.7,0.6971,0.1043,0.3972,0.5159,0.9434,0.3525,0.362,0.4535,-0.49,B,0.1586,0.118-0.322,0.462,0.271,0.09
525,274615,503.94,434,84.1,0.6404,0.153,0.4165,0.5605,0.9624,0.5216,0.5803,0.3544,-0.5786,B,0.1882,0.118-0.322,0.462,0.272,0.091
526,274666,12.11,51,94.1,0.9374,0.0686,0.5449,0.4812,0.7207,0.0371,0.3134,0.3469,-0.4813,B,0.1946,0.118-0.322,0.462,0.272,0.091
527,275204,407.02,538,70.4,0.7171,0.1075,0.4,0.578,0.9679,0.4305,0.36,0.3968,-0.5975,B,0.1996,0.118-0.322,0.463,0.272,0.091
528,275662,16.32,458,52.6,0.8524,0.0484,0.4296,0.5822,0.9537,0.1563,0.1336,0.3863,-0.6193,B,0.2098,0.118-0.322,0.463,0.272,0.091
529,275968,206.06,306,74.5,0.8365,0.1331,0.3858,0.4913,0.9244,0.2012,0.4183,0.336,-0.4492,B,0.1987,0.118-0.322,0.463,0.272,0.091
530,276307,322.48,339,79.4,0.7975,0.1018,0.4364,0.5332,0.9405,0.4923,0.3534,0.4427,-0.5482,B,0.1631,0.118-0.322,0.464,0.273,0.091
531,276621,271.26,314,91.7,0.8829,0.0899,0.4227,0.4674,0.9248,0.1752,0.4115,0.3998,-0.4248,B,0.2127,0.118-0.322,0.464,0.273,0.091
532,277311,236.91,690,55.7,0.7221,0.0722,0.4257,0.6329,0.9765,0.3964,0.1949,0.4355,-0.7135,B,0.1717,0.118-0.322,0.464,0.273,0.091
533,277856,88.2,545,47.5,0.8123,0.1142,0.414,0.5581,0.9585,0.208,0.2477,0.3451,-0.567,B,0.179,0.118-0.322,0.465,0.274,0.091
534,277900,13.79,44,100.0,0.847,0.0806,0.5577,0.5081,0.7685,0.1906,0.3818,0.4276,-0.5275,B,0.1845,0.118-0.322,0.465,0.274,0.091
535,278619,185.99,719,53.7,0.7634,0.1071,0.4164,0.5765,0.9635,0.2195,0.274,0.3713,-0.6086,B,0.2064,0.118-0.322,0.466,0.274,0.091
536,278846,-175.99,227,0.0,0.0,0.0,0.4112,0.5867,0.9401,0.0,0.0,0.4148,-0.6161,B,0.1627,0.118-0.322,0.466,0.274,0.091
537,279307,631.1,461,93.9,0.599,0.1101,0.4421,0.5788,0.9566,0.7937,0.4828,0.334,-0.6218,B,0.2175,0.118-0.322,0.466,0.275,0.092
538,279642,-123.95,335,25.4,0.9077,0.0593,0.4307,0.5399,0.9422,0.0272,0.0793,0.3909,-0.5527,B,0.1857,0.118-0.322,0.466,0.275,0.092
539,280364,-27.59,722,42.1,0.8743,0.1116,0.4031,0.5632,0.9619,0.0527,0.2163,0.3943,-0.58,B,0.1927,0.118-0.322,0.467,0.275,0.092
540,280516,-24.86,152,34.9,0.6839,0.0781,0.4572,0.4854,0.9039,0.2559,0.1284,0.2636,-0.4537,B,0.1866,0.118-0.322,0.467,0.275,0.092
541,280959,67.24,443,44.2,0.8078,0.1461,0.4048,0.5666,0.9546,0.1947,0.2699,0.3821,-0.5763,B,0.1716,0.118-0.322,0.467,0.276,0.092
542,281191,-189.97,232,0.0,0.0,0.0,0.4048,0.5732,0.9339,0.0,0.0,0.3524,-0.595,B,0.2026,0.118-0.322,0.468,0.276,0.092
543,281369,285.25,178,100.0,0.5687,0.0849,0.4429,0.5815,0.932,1.0966,0.3668,0.449,-0.6382,B,0.2011,0.118-0.322,0.468,0.276,0.092
544,281699,-193.82,330,7.3,0.9278,0.0225,0.3839,0.5363,0.9569,0.0237,0.0123,0.3996,-0.5181,B,0.212,0.118-0.322,0.468,0.276,0.092
545,282474,-1.58,775,38.8,0.7954,0.0834,0.3951,0.5838,0.978,0.1383,0.1552,0.4553,-0.6079,B,0.1976,0.118-0.322,0.469,0.277,0.092
546,283639,-163.21,1165,31.2,0.6809,0.0981,0.4056,0.6242,0.9774,0.1737,0.1446,0.4496,-0.6886,B,0.1845,0.118-0.322,0.47,0.277,0.092
547,284007,411.12,368,87.8,0.7145,0.0948,0.4355,0.5332,0.9554,0.5804,0.3431,0.4045,-0.5299,B,0.1825,0.118-0.322,0.47,0.278,0.093
548,284397,-284.36,390,2.8,1.2377,0.016,0.4061,0.5752,0.947,0.0,0.0042,0.3832,-0.5926,B,0.2229,0.118-0.322,0.47,0.278,0.093
549,285129,116.24,732,38.0,0.6531,0.0877,0.4059,0.5832,0.9754,0.3113,0.1594,0.4471,-0.6067,B,0.1657,0.118-0.322,0.471,0.278,0.093
550,285581,254.6,452,77.7,0.962,0.1106,0.3882,0.5474,0.9604,0.0843,0.3832,0.4179,-0.5519,B,0.2113,0.118-0.322,0.471,0.278,0.093
551,285911,-272.63,330,0.0,0.0,0.0,0.4162,0.5728,0.9514,0.0,0.0,0.3214,-0.593,B,0.2237,0.118-0.322,0.472,0.279,0.093
552,286512,-292.79,601,28.3,0.9939,0.0315,0.4375,0.591,0.966,0.0264,0.0585,0.3374,-0.6373,B,0.1567,0.118-0.322,0.472,0.279,0.093
553,286671,-108.73,159,3.1,0.5447,0.0385,0.4043,0.5208,0.9119,0.0419,0.0068,0.3768,-0.4855,B,0.1759,0.118-0.322,0.472,0.279,0.093
554,287580,297.43,909,55.2,0.8623,0.0517,0.3806,0.5699,0.9796,0.3103,0.1495,0.4242,-0.5753,B,0.2058,0.118-0.322,0.473,0.28,0.093
555,288167,229.51,587,75.8,0.9857,0.0762,0.3935,0.5178,0.9563,0.0299,0.2743,0.3579,-0.4903,B,0.1647,0.118-0.322,0.473,0.28,0.093
556,288669,353.17,502,67.1,0.6836,0.0708,0.3851,0.5174,0.9614,0.5394,0.2324,0.2994,-0.493,B,0.2098,0.118-0.322,0.474,0.28,0.093
557,290006,183.41,1337,44.7,0.8511,0.078,0.4028,0.5579,0.9728,0.19,0.1718,0.4217,-0.5718,B,0.2265,0.118-0.322,0.475,0.281,0.094
558,290612,479.55,606,64.5,0.6834,0.1092,0.4076,0.5358,0.9541,0.5555,0.3208,0.3701,-0.5376,B,0.1839,0.118-0.322,0.476,0.282,0.094
559,290825,-149.71,213,2.8,1.0152,0.0192,0.397,0.52,0.9342,0.0005,0.0044,0.3509,-0.5027,B,0.1815,0.118-0.322,0.476,0.282,0.094
560,292695,9.82,1870,38.8,0.8016,0.1089,0.3892,0.572,0.9765,0.102,0.1987,0.4217,-0.5875,B,0.214,0.118-0.322,0.477,0.283,0.094
561,292958,-201.09,263,0.0,0.0,0.0,0.4386,0.5489,0.9269,0.0,0.0,0.3616,-0.5516,B,0.1775,0.118-0.322,0.477,0.283,0.094
562,293308,-209.69,350,8.6,0.9786,0.0437,0.4177,0.4908,0.8838,0.0023,0.0206,0.3424,-0.4502,B,0.1521,0.118-0.322,0.478,0.283,0.094
563,293549,115.31,241,89.2,1.047,0.0583,0.4083,0.5072,0.932,0.0075,0.2645,0.3978,-0.4901,B,0.1775,0.118-0.322,0.478,0.283,0.094
564,294048,-286.1,499,0.0,0.0,0.0,0.3655,0.5314,0.9749,0.0,0.0,0.4695,-0.5103,B,0.2249,0.118-0.322,0.478,0.284,0.095
565,294913,537.16,865,63.7,0.7369,0.0865,0.4131,0.5448,0.9567,0.4402,0.2649,0.3769,-0.5467,B,0.1947,0.118-0.322,0.479,0.284,0.095
566,295239,461.05,326,89.3,0.6577,0.1384,0.471,0.4675,0.9373,0.6751,0.5308,0.3617,-0.4567,B,0.1616,0.118-0.322,0.479,0.285,0.095
567,295687,306.01,448,55.1,0.5372,0.0687,0.4378,0.5463,0.9136,0.7913,0.1854,0.3286,-0.5553,B,0.1898,0.118-0.322,0.48,0.285,0.095
568,296447,221.18,760,53.8,0.954,0.0679,0.377,0.5608,0.9772,0.2359,0.188,0.4248,-0.5686,B,0.1626,0.118-0.322,0.48,0.285,0.095
569,296916,-141.11,469,38.0,0.8354,0.0692,0.4354,0.576,0.9453,0.0448,0.1294,0.3272,-0.632,B,0.1841,0.118-0.322,0.481,0.286,0.095
570,297955,-370.92,1039,21.6,0.9603,0.0615,0.4094,0.5434,0.9725,0.0059,0.0697,0.4202,-0.5442,B,0.1701,0.118-0.322,0.482,0.286,0.095
571,298101,84.34,146,99.3,0.9806,0.0513,0.4649,0.4667,0.9034,0.0255,0.266,0.3525,-0.4297,B,0.2366,0.118-0.322,0.482,0.286,0.095
572,299105,639.74,1004,39.7,0.4335,0.0947,0.3736,0.5637,0.9723,0.762,0.18,0.4046,-0.5695,B,0.2313,0.118-0.322,0.483,0.287,0.096
573,299341,-226.62,236,0.0,0.0,0.0,0.4557,0.5399,0.8963,0.0,0.0,0.1879,-0.5539,B,0.2051,0.118-0.322,0.483,0.287,0.096
574,300156,395.09,815,39.0,0.4844,0.0731,0.3886,0.5762,0.9732,0.6608,0.1348,0.4357,-0.596,B,0.1827,0.118-0.322,0.483,0.288,0.096
575,300662,-229.12,506,27.9,0.9553,0.0739,0.4481,0.6156,0.9289,0.0237,0.1048,0.399,-0.7026,B,0.2155,0.118-0.322,0.484,0.288,0.096
576,301547,69.36,885,47.8,0.8067,0.0869,0.4265,0.5628,0.959,0.1329,0.2024,0.3871,-0.5863,B,0.1969,0.118-0.322,0.485,0.288,0.096
577,302814,-290.83,1267,22.7,0.7148,0.1249,0.3921,0.5805,0.9723,0.1295,0.1337,0.4118,-0.6075,B,0.1615,0.118-0.322,0.486,0.289,0.096
578,303488,213.48,674,56.1,0.8001,0.1405,0.4202,0.5511,0.97,0.0725,0.363,0.4261,-0.5641,B,0.172,0.118-0.322,0.486,0.29,0.097
579,303884,-96.99,396,31.3,1.0648,0.0683,0.3939,0.5562,0.9596,0.0216,0.1034,0.453,-0.5591,B,0.1981,0.118-0.322,0.487,0.29,0.097
580,304467,-189.76,583,23.0,0.9644,0.0429,0.3681,0.5382,0.9609,0.0044,0.0533,0.4426,-0.5178,B,0.241,0.118-0.322,0.487,0.29,0.097
581,305881,371.15,1414,44.8,0.7235,0.0969,0.4051,0.5634,0.9734,0.3045,0.2077,0.4179,-0.5853,B,0.1746,0.118-0.322,0.488,0.291,0.097
582,305983,20.52,102,91.2,1.0133,0.0632,0.4695,0.5145,0.8616,0.0114,0.2832,0.1778,-0.5009,B,0.1661,0.118-0.322,0.488,0.291,0.097
583,306312,219.07,329,87.8,0.6994,0.0978,0.4269,0.5232,0.9319,0.2774,0.4016,0.2069,-0.5174,B,0.1582,0.118-0.322,0.489,0.291,0.097
584,306593,-215.47,281,0.0,0.0,0.0,0.4103,0.5217,0.9264,0.0,0.0,0.312,-0.5064,B,0.1841,0.118-0.322,0.489,0.292,0.097
585,307524,146.21,931,38.1,0.6795,0.0696,0.3706,0.5488,0.984,0.2643,0.1267,0.4507,-0.543,B,0.1602,0.118-0.322,0.49,0.292,0.097
586,308250,418.74,726,47.8,0.5486,0.0942,0.3965,0.6032,0.9702,0.6207,0.2121,0.4538,-0.6393,B,0.1476,0.118-0.322,0.49,0.293,0.098
587,308442,-137.79,192,0.0,0.0,0.0,0.4328,0.5429,0.922,0.0,0.0,0.4085,-0.5351,B,0.1668,0.118-0.322,0.49,0.293,0.098
588,309253,270.85,811,50.1,0.7154,0.1662,0.385,0.6197,0.9802,0.2066,0.3391,0.4738,-0.6637,B,0.1826,0.118-0.322,0.491,0.293,0.098
589,309891,193.83,638,40.1,0.6349,0.1242,0.3868,0.5632,0.9782,0.3441,0.218,0.4462,-0.5661,B,0.1658,0.118-0.322,0.492,0.294,0.098
590,310763,58.42,872,30.4,0.7451,0.1357,0.3791,0.5517,0.9788,0.181,0.1883,0.4666,-0.5451,B,0.1773,0.118-0.322,0.492,0.294,0.098
591,310946,236.12,183,95.1,0.7704,0.1214,0.459,0.4485,0.8956,0.6492,0.5157,0.2469,-0.4077,B,0.1926,0.118-0.322,0.492,0.294,0.098
592,311588,-363.78,642,6.9,1.0024,0.0367,0.3748,0.5248,0.9666,0.0114,0.0144,0.3891,-0.5054,B,0.2453,0.118-0.322,0.493,0.295,0.098
593,311980,223.12,392,89.8,0.8727,0.0886,0.4298,0.5911,0.9493,0.1017,0.378,0.374,-0.6274,B,0.226,0.118-0.322,0.493,0.295,0.098
594,312083,-89.77,103,0.0,0.0,0.0,0.4432,0.5039,0.8771,0.0,0.0,0.2645,-0.4775,B,0.2035,0.118-0.322,0.493,0.295,0.098
595,312465,696.55,382,96.9,0.4547,0.0982,0.4436,0.6489,0.956,1.4277,0.446,0.3132,-0.754,B,0.1633,0.118-0.322,0.494,0.295,0.098
596,313442,276.48,977,53.7,0.8863,0.0703,0.4016,0.5619,0.9515,0.2564,0.1952,0.4113,-0.5764,B,0.1893,0.118-0.322,0.495,0.296,0.099
597,313492,-42.14,50,0.0,0.0,0.0,0.5063,0.45,0.7326,0.0,0.0,0.3816,-0.3907,B,0.1833,0.118-0.322,0.495,0.296,0.099
598,313982,333.92,490,99.2,0.812,0.0766,0.4233,0.6122,0.9528,0.1636,0.3676,0.3868,-0.6779,B,0.1685,0.118-0.322,0.495,0.296,0.099
599,314519,-304.9,537,7.8,1.1458,0.0385,0.3898,0.5624,0.9701,0.0007,0.0188,0.4395,-0.5707,B,0.1688,0.118-0.322,0.495,0.297,0.099
600,315186,229.69,667,39.9,0.6605,0.1588,0.3901,0.5357,0.9709,0.285,0.2787,0.4474,-0.51,B,0.234,0.118-0.322,0.496,0.297,0.099
601,316589,290.46,1403,45.6,0.7661,0.0865,0.4136,0.5702,0.9643,0.2557,0.1942,0.4423,-0.5986,B,0.1865,0.118-0.322,0.497,0.298,0.099
602,316743,139.42,154,96.1,0.8836,0.1083,0.4038,0.4779,0.9211,0.0863,0.4986,0.4402,-0.4375,B,0.1845,0.118-0.322,0.497,0.298,0.099
603,316910,-114.41,167,3.0,0.5212,0.0613,0.4086,0.5096,0.9226,0.0412,0.0088,0.3737,-0.4909,B,0.2375,0.118-0.322,0.497,0.298,0.099
604,317946,662.17,1036,62.0,0.7143,0.099,0.3973,0.5397,0.9499,0.4137,0.2809,0.4148,-0.5349,B,0.1583,0.118-0.322,0.498,0.299,0.1
605,318679,854.47,733,85.1,0.667,0.1231,0.4037,0.534,0.9628,0.55,0.461,0.3975,-0.5238,B,0.1518,0.118-0.322,0.499,0.299,0.1
606,318869,-132.99,190,0.0,0.0,0.0,0.3942,0.4898,0.9262,0.0,0.0,0.3322,-0.4426,B,0.1897,0.118-0.322,0.499,0.299,0.1
607,319736,659.31,867,62.1,0.6171,0.0816,0.4024,0.5645,0.9641,0.6338,0.2409,0.3759,-0.5723,B,0.233,0.118-0.322,0.5,0.3,0.1
608,322736,-847.63,3000,14.2,0.6741,0.0778,0.3745,0.5621,0.9877,0.1137,0.0544,0.4778,-0.5617,C,0.1945,0.322-0.372,0.51,0.31,0.102
609,322994,506.46,258,88.4,0.6054,0.1634,0.398,0.4812,0.9324,1.0439,0.6223,0.4359,-0.4381,C,0.2186,0.322-0.372,0.511,0.311,0.102
610,323113,42.99,119,84.0,0.8766,0.1069,0.4821,0.5966,0.9057,0.0429,0.4219,0.3933,-0.6603,C,0.1972,0.322-0.372,0.512,0.312,0.102
611,323612,453.84,499,83.8,0.7945,0.0929,0.3886,0.5479,0.972,0.3845,0.3679,0.4147,-0.56,C,0.2038,0.322-0.372,0.514,0.314,0.102
612,323930,-205.47,318,17.0,0.9172,0.016,0.4443,0.6098,0.9562,0.0044,0.0254,0.3832,-0.6756,C,0.1633,0.322-0.372,0.515,0.315,0.102
613,325841,-74.22,1911,33.0,0.8386,0.0855,0.3866,0.5708,0.9815,0.139,0.1355,0.4596,-0.5829,C,0.1835,0.322-0.372,0.522,0.322,0.104
614,326214,615.8,373,91.7,0.6175,0.1313,0.4054,0.5055,0.9552,0.879,0.4774,0.4179,-0.4801,C,0.1697,0.322-0.372,0.523,0.323,0.104
615,326287,-41.73,73,19.2,0.9648,0.0995,0.5011,0.5034,0.8066,0.0093,0.0924,0.426,-0.4944,C,0.2051,0.322-0.372,0.524,0.324,0.104
616,326705,376.63,418,76.8,0.7558,0.0377,0.4635,0.5922,0.9589,0.7581,0.1738,0.3987,-0.6516,C,0.1714,0.322-0.372,0.525,0.325,0.104
617,327254,253.79,549,63.4,0.8283,0.1316,0.4246,0.5118,0.9445,0.1165,0.359,0.422,-0.4985,C,0.1744,0.322-0.372,0.527,0.327,0.105
618,328683,43.66,1429,44.4,0.8769,0.102,0.4068,0.5785,0.9764,0.0598,0.2157,0.4445,-0.6021,C,0.1989,0.322-0.372,0.533,0.333,0.105
619,329403,146.12,720,33.8,0.6201,0.1386,0.4015,0.5639,0.9723,0.326,0.2121,0.4543,-0.5715,C,0.2234,0.322-0.372,0.535,0.335,0.106
620,329978,-83.36,575,32.3,0.7879,0.1121,0.4162,0.5807,0.9567,0.0846,0.168,0.4345,-0.6143,C,0.1893,0.322-0.372,0.537,0.337,0.106
621,330435,-85.83,457,29.5,0.7414,0.1282,0.4107,0.5763,0.9593,0.0531,0.1774,0.4334,-0.5943,C,0.1914,0.322-0.372,0.539,0.339,0.107
622,330831,460.41,396,98.0,0.7225,0.1469,0.3841,0.5689,0.9623,0.2607,0.6556,0.3909,-0.5684,C,0.2179,0.322-0.372,0.541,0.341,0.107
623,331905,362.98,1074,61.8,0.8796,0.093,0.3902,0.5666,0.976,0.1038,0.2777,0.4443,-0.5842,C,0.239,0.322-0.372,0.545,0.345,0.107
624,332716,185.84,811,52.8,0.9373,0.0829,0.3836,0.5157,0.9749,0.0578,0.2089,0.4538,-0.4851,C,0.228,0.322-0.372,0.548,0.348,0.108
625,332735,-21.69,19,0.0,0.0,0.0,0.6194,0.3596,0.4806,0.0,0.0,0.4156,-0.2712,C,0.2053,0.322-0.372,0.548,0.348,0.108
626,333231,-183.29,496,27.6,1.0194,0.0685,0.461,0.5676,0.9523,0.0053,0.0909,0.419,-0.6142,C,0.1785,0.322-0.372,0.55,0.35,0.108
627,333617,191.01,386,85.2,0.9074,0.0827,0.4438,0.5856,0.9511,0.0744,0.3395,0.411,-0.632,C,0.1733,0.322-0.372,0.551,0.351,0.109
628,333674,-50.58,57,0.0,0.0,0.0,0.5108,0.4741,0.7909,0.0,0.0,0.3339,-0.4412,C,0.1764,0.322-0.372,0.551,0.351,0.109
629,333862,-136.07,188,5.3,1.1142,0.035,0.4471,0.5624,0.9373,0.0005,0.011,0.3847,-0.582,C,0.1991,0.322-0.372,0.552,0.352,0.109
630,334240,507.81,378,98.1,0.6929,0.117,0.4706,0.4444,0.9072,0.5948,0.5347,0.3309,-0.4096,C,0.1799,0.322-0.372,0.553,0.353,0.109
631,334560,333.65,320,96.6,0.756,0.1204,0.4051,0.5452,0.9244,0.2734,0.5522,0.4016,-0.5501,C,0.19,0.322-0.372,0.555,0.355,0.109
632,335041,558.27,481,87.3,0.6164,0.1683,0.446,0.6164,0.9438,0.565,0.662,0.3458,-0.6948,C,0.2487,0.322-0.372,0.556,0.356,0.109
633,335105,12.21,64,100.0,1.0094,0.0678,0.5065,0.6389,0.8344,0.0652,0.3329,0.4345,-0.7523,C,0.1848,0.322-0.372,0.557,0.357,0.109
634,335189,-66.23,84,0.0,0.0,0.0,0.5218,0.4023,0.7791,0.0,0.0,0.2991,-0.358,C,0.2422,0.322-0.372,0.557,0.357,0.109
635,335645,401.85,456,82.5,0.8052,0.1295,0.4013,0.5486,0.9592,0.284,0.4978,0.3904,-0.5639,C,0.1738,0.322-0.372,0.559,0.359,0.11
636,335954,621.55,309,94.8,0.5414,0.0933,0.4138,0.4977,0.9382,1.2945,0.4189,0.3952,-0.4702,C,0.2041,0.322-0.372,0.56,0.36,0.11
637,335995,0.75,41,75.6,0.9998,0.0573,0.6038,0.3657,0.657,0.2452,0.2413,0.3391,-0.3485,C,0.2201,0.322-0.372,0.56,0.36,0.11
638,336018,-27.36,23,0.0,0.0,0.0,0.6773,0.3919,0.5321,0.0,0.0,0.3664,-0.3872,C,0.249,0.322-0.372,0.56,0.36,0.11
639,336540,336.07,522,71.5,0.7229,0.1095,0.4048,0.5776,0.965,0.3049,0.3684,0.404,-0.6046,C,0.2368,0.322-0.372,0.562,0.362,0.11
640,336561,-23.91,21,0.0,0.0,0.0,0.6577,0.358,0.4591,0.0,0.0,0.4526,-0.3446,C,0.2358,0.322-0.372,0.562,0.362,0.11
641,337434,142.55,873,48.3,0.8398,0.0942,0.3981,0.5494,0.9636,0.1336,0.2078,0.425,-0.5496,C,0.1995,0.322-0.372,0.565,0.365,0.111
642,337989,326.62,555,70.3,0.7877,0.0585,0.4227,0.5746,0.9627,0.4109,0.2042,0.4121,-0.6036,C,0.1748,0.322-0.372,0.567,0.367,0.111
643,338315,745.41,326,96.9,0.4339,0.1741,0.4193,0.5785,0.9331,1.4833,0.7389,0.3049,-0.6001,C,0.2176,0.322-0.372,0.569,0.369,0.111
644,338411,-58.54,96,8.3,0.7052,0.0696,0.4518,0.4741,0.8637,0.0689,0.028,0.4196,-0.4434,C,0.1851,0.322-0.372,0.569,0.369,0.112
645,338928,352.06,517,82.4,0.8764,0.1018,0.4351,0.5172,0.9302,0.143,0.4004,0.3844,-0.4987,C,0.1909,0.322-0.372,0.571,0.371,0.112
646,339673,386.75,745,47.8,0.6658,0.1797,0.3822,0.5367,0.9705,0.2993,0.3527,0.4465,-0.5253,C,0.1757,0.322-0.372,0.574,0.374,0.112
647,339869,144.91,196,84.7,0.8279,0.1273,0.5633,0.5001,0.8678,0.2001,0.4919,0.3569,-0.5128,C,0.2147,0.322-0.372,0.575,0.375,0.112
648,339910,8.62,41,97.6,0.9493,0.0531,0.5656,0.5387,0.7692,0.0227,0.2654,0.4381,-0.584,C,0.2232,0.322-0.372,0.575,0.375,0.112
649,340008,84.69,98,92.9,0.8915,0.1008,0.4401,0.5162,0.8993,0.2505,0.4392,0.4307,-0.5084,C,0.18,0.322-0.372,0.575,0.375,0.113
650,340149,-95.15,141,5.7,1.0924,0.0475,0.4446,0.5404,0.8771,0.0006,0.0141,0.4366,-0.5383,C,0.196,0.322-0.372,0.576,0.376,0.113
651,340475,-246.67,326,0.9,0.9678,0.0036,0.3984,0.5622,0.9473,0.0001,0.0011,0.3617,-0.5706,C,0.2128,0.322-0.372,0.577,0.377,0.113
652,340505,-30.22,30,0.0,0.0,0.0,0.6019,0.3506,0.6259,0.0,0.0,0.3088,-0.2958,C,0.1671,0.322-0.372,0.577,0.377,0.113
653,340530,-20.01,25,28.0,1.1467,0.0266,0.6898,0.4177,0.5364,0.0005,0.0499,0.4164,-0.4081,C,0.2426,0.322-0.372,0.577,0.377,0.113
654,340582,-51.07,52,0.0,0.0,0.0,0.5137,0.5025,0.7775,0.0,0.0,0.2925,-0.4711,C,0.2364,0.322-0.372,0.577,0.377,0.113
655,341042,859.44,460,99.6,0.5992,0.1059,0.4327,0.5639,0.9506,1.1928,0.4688,0.3605,-0.5812,C,0.1774,0.322-0.372,0.579,0.379,0.113
656,341085,-34.34,43,20.9,1.1439,0.0189,0.5262,0.4862,0.7161,0.0008,0.033,0.3465,-0.4884,C,0.23,0.322-0.372,0.579,0.379,0.113
657,341339,357.5,254,100.0,0.7483,0.0716,0.4442,0.5396,0.9433,0.7695,0.3438,0.4597,-0.5398,C,0.2225,0.322-0.372,0.58,0.38,0.113
658,342061,-234.42,722,26.0,1.0356,0.0905,0.4097,0.57,0.9696,0.006,0.1124,0.4108,-0.5841,C,0.1787,0.322-0.372,0.583,0.383,0.114
659,342148,-75.53,87,0.0,0.0,0.0,0.5055,0.5548,0.866,0.0,0.0,0.416,-0.6022,C,0.2062,0.322-0.372,0.583,0.383,0.114
660,342237,-64.22,89,0.0,0.0,0.0,0.4823,0.4994,0.86,0.0,0.0,0.4416,-0.4807,C,0.2457,0.322-0.372,0.583,0.383,0.114
661,343086,-379.24,849,17.0,0.9861,0.095,0.3842,0.5772,0.9684,0.0058,0.0768,0.4302,-0.6012,C,0.1897,0.322-0.372,0.587,0.387,0.114
662,343340,464.08,254,76.0,0.3524,0.0883,0.4799,0.5244,0.9077,1.5827,0.308,0.35,-0.5345,C,0.231,0.322-0.372,0.588,0.388,0.115
663,343371,-37.91,31,0.0,0.0,0.0,0.6266,0.5289,0.5712,0.0,0.0,0.3967,-0.5827,C,0.2101,0.322-0.372,0.588,0.388,0.115
664,343938,90.92,567,36.7,0.5852,0.1446,0.4225,0.6026,0.9556,0.2966,0.2491,0.4489,-0.6485,C,0.2262,0.322-0.372,0.59,0.39,0.115
665,344930,706.25,992,61.0,0.6371,0.0959,0.4115,0.5925,0.9656,0.5664,0.2772,0.4282,-0.6309,C,0.2064,0.322-0.372,0.593,0.393,0.116
666,345517,36.75,587,39.7,0.7025,0.1303,0.4107,0.5974,0.9644,0.1634,0.24,0.4541,-0.648,C,0.2496,0.322-0.372,0.596,0.396,0.116
667,345588,-58.24,71,0.0,0.0,0.0,0.4844,0.5247,0.8472,0.0,0.0,0.4179,-0.521,C,0.2055,0.322-0.372,0.596,0.396,0.116
668,346592,112.19,1004,53.2,0.8378,0.0694,0.4117,0.5724,0.9621,0.1072,0.1802,0.4301,-0.5989,C,0.2048,0.322-0.372,0.6,0.4,0.117
669,346811,481.01,219,97.3,0.4747,0.1924,0.4241,0.5548,0.9401,1.3348,0.7944,0.2885,-0.5763,C,0.1711,0.322-0.372,0.601,0.401,0.117
670,346996,253.06,185,95.1,0.5488,0.117,0.4014,0.4675,0.9309,0.707,0.5159,0.2143,-0.4157,C,0.1795,0.322-0.372,0.601,0.401,0.117
671,347067,22.56,71,93.0,0.9675,0.0488,0.4722,0.5765,0.8866,0.0303,0.2358,0.4418,-0.6188,C,0.2058,0.322-0.372,0.601,0.401,0.117
672,347441,-264.35,374,0.0,0.0,0.0,0.38,0.5441,0.9551,0.0,0.0,0.3772,-0.5348,C,0.2486,0.322-0.372,0.603,0.403,0.117
673,347584,265.51,143,100.0,0.6037,0.1954,0.4963,0.453,0.9161,0.7226,0.8104,0.4356,-0.4388,C,0.2073,0.322-0.372,0.603,0.403,0.117
674,347970,379.04,386,96.1,0.7692,0.1131,0.5031,0.5035,0.9457,0.2942,0.4982,0.3294,-0.5277,C,0.2351,0.322-0.372,0.605,0.405,0.117
675,348199,224.57,229,97.8,0.8053,0.089,0.4783,0.469,0.9257,0.2655,0.4037,0.377,-0.4424,C,0.1919,0.322-0.372,0.606,0.406,0.118
676,348214,-3.4,15,100.0,0.7748,0.1077,0.7862,0.3109,0.4187,0.474,0.5178,0.3496,-0.3306,C,0.2156,0.322-0.372,0.606,0.406,0.118
677,348285,-56.98,71,0.0,0.0,0.0,0.5271,0.5107,0.8284,0.0,0.0,0.4473,-0.5232,C,0.1746,0.322-0.372,0.606,0.406,0.118
678,348303,-25.04,18,0.0,0.0,0.0,0.6642,0.4461,0.4425,0.0,0.0,0.3622,-0.4192,C,0.1813,0.322-0.372,0.606,0.406,0.118
679,348335,-33.99,32,0.0,0.0,0.0,0.5019,0.476,0.7065,0.0,0.0,0.3293,-0.4321,C,0.2136,0.322-0.372,0.606,0.406,0.118
680,348720,195.85,385,53.8,0.5962,0.1042,0.4368,0.6203,0.9573,0.4899,0.2621,0.4609,-0.6766,C,0.2291,0.322-0.372,0.608,0.408,0.118
681,348738,-21.36,18,16.7,1.099,0.0101,0.6616,0.446,0.5257,0.0012,0.0226,0.3863,-0.4492,C,0.1777,0.322-0.372,0.608,0.408,0.118
682,348893,90.0,155,97.4,0.9736,0.0757,0.4875,0.4661,0.9204,0.017,0.3498,0.2901,-0.4403,C,0.176,0.322-0.372,0.608,0.408,0.118
683,349499,362.95,606,68.8,0.7321,0.1369,0.4065,0.559,0.9582,0.1949,0.44,0.3935,-0.5718,C,0.1693,0.322-0.372,0.611,0.411,0.118
684,350077,-4.7,578,49.5,0.8752,0.0949,0.3846,0.6002,0.9684,0.0323,0.2212,0.4142,-0.637,C,0.2029,0.322-0.372,0.613,0.413,0.119
685,350555,640.62,478,94.6,0.6971,0.0842,0.4103,0.5419,0.9587,0.6629,0.3914,0.4305,-0.5376,C,0.2433,0.322-0.372,0.615,0.415,0.119
686,350812,288.75,257,75.5,0.7207,0.0873,0.4704,0.5207,0.9551,0.7715,0.3234,0.3883,-0.545,C,0.1896,0.322-0.372,0.616,0.416,0.119
687,351534,-303.61,722,26.9,0.8656,0.0601,0.4165,0.6164,0.9656,0.0146,0.0805,0.4316,-0.6775,C,0.2161,0.322-0.372,0.618,0.418,0.12
688,351906,269.55,372,78.2,0.8728,0.1113,0.4441,0.5236,0.9323,0.211,0.4005,0.4175,-0.5114,C,0.2054,0.322-0.372,0.62,0.42,0.12
689,352065,-121.77,159,10.1,0.9086,0.0751,0.4519,0.5854,0.9099,0.0084,0.0373,0.3498,-0.6217,C,0.2275,0.322-0.372,0.62,0.42,0.12
690,352524,-159.98,459,26.8,1.0845,0.048,0.4116,0.5359,0.9402,0.0119,0.0719,0.4014,-0.5409,C,0.2498,0.322-0.372,0.622,0.422,0.12
691,352952,391.43,428,79.7,0.8276,0.1455,0.4037,0.553,0.9627,0.2595,0.5276,0.445,-0.5689,C,0.1707,0.322-0.372,0.624,0.424,0.121
692,353545,256.7,593,65.1,0.8174,0.0683,0.3829,0.5154,0.9606,0.1795,0.2201,0.4101,-0.4866,C,0.231,0.322-0.372,0.626,0.426,0.121
693,353610,-60.53,65,0.0,0.0,0.0,0.5228,0.514,0.7857,0.0,0.0,0.3673,-0.5375,C,0.2478,0.322-0.372,0.626,0.426,0.121
694,353626,-19.81,16,0.0,0.0,0.0,0.6936,0.3503,0.4872,0.0,0.0,0.4742,-0.3308,C,0.2304,0.322-0.372,0.626,0.426,0.121
695,353853,194.68,227,96.5,0.8106,0.1123,0.4532,0.5094,0.8697,0.2439,0.5086,0.3536,-0.504,C,0.2087,0.322-0.372,0.627,0.427,0.121
696,354065,-110.38,212,19.8,1.0697,0.0263,0.493,0.539,0.9142,0.0015,0.0374,0.4274,-0.5915,C,0.2256,0.322-0.372,0.628,0.428,0.121
697,354089,2.39,24,87.5,1.0128,0.0449,0.7628,0.3096,0.6374,0.0113,0.207,0.4338,-0.2952,C,0.2113,0.322-0.372,0.628,0.428,0.121
698,354293,129.27,204,100.0,0.7341,0.0513,0.4026,0.4078,0.9655,0.2189,0.2706,0.0378,-0.3237,C,0.1721,0.322-0.372,0.629,0.429,0.121
699,354999,253.74,706,44.2,0.6052,0.0878,0.4178,0.5862,0.9716,0.492,0.1799,0.4188,-0.6296,C,0.1824,0.322-0.372,0.631,0.431,0.122
700,355468,383.47,469,70.1,0.6336,0.149,0.4496,0.5416,0.9308,0.4336,0.4597,0.3666,-0.5559,C,0.2076,0.322-0.372,0.633,0.433,0.122
701,355978,487.56,510,53.1,0.4808,0.0749,0.4303,0.6017,0.9662,0.9624,0.1928,0.4597,-0.6468,C,0.2308,0.322-0.372,0.635,0.435,0.122
702,356439,-331.51,461,1.3,1.0231,0.0312,0.4,0.6154,0.9714,0.0001,0.0025,0.4685,-0.6649,C,0.2163,0.322-0.372,0.637,0.437,0.123
703,357026,168.35,587,44.0,0.6404,0.1798,0.3988,0.5786,0.966,0.2182,0.338,0.4247,-0.5923,C,0.2116,0.322-0.372,0.639,0.439,0.123
704,357481,294.51,455,61.5,0.7346,0.1289,0.4126,0.5721,0.9497,0.4047,0.3713,0.4125,-0.5976,C,0.2165,0.322-0.372,0.641,0.441,0.123
705,360481,-1751.75,3000,3.6,0.7577,0.0444,0.3796,0.6053,0.9903,0.0354,0.0094,0.4784,-0.6376,C,0.1919,0.322-0.372,0.652,0.452,0.125
706,360619,-100.08,138,0.0,0.0,0.0,0.4401,0.5561,0.9201,0.0,0.0,0.4618,-0.5746,C,0.2351,0.322-0.372,0.652,0.452,0.125
707,360637,-6.65,18,66.7,1.0608,0.0166,0.6843,0.2503,0.4245,0.0059,0.1008,0.4242,-0.183,C,0.1894,0.322-0.372,0.652,0.452,0.125
708,360790,178.66,153,90.8,0.6211,0.1402,0.4293,0.495,0.9198,0.4225,0.6004,0.3208,-0.4667,C,0.2264,0.322-0.372,0.653,0.453,0.125
709,361633,-35.3,843,34.3,0.6978,0.1306,0.4069,0.5814,0.9679,0.0958,0.209,0.4515,-0.6051,C,0.2428,0.322-0.372,0.656,0.456,0.126
710,362381,19.83,748,40.6,0.8884,0.0819,0.4334,0.5782,0.9637,0.1733,0.1672,0.4296,-0.6184,C,0.2062,0.322-0.372,0.659,0.459,0.126
711,362710,14.3,329,52.6,0.8981,0.0521,0.4549,0.5485,0.9344,0.1614,0.1407,0.3529,-0.574,C,0.2006,0.322-0.372,0.66,0.46,0.127
712,363383,482.11,673,53.0,0.5654,0.0768,0.3829,0.5704,0.9738,0.6845,0.1943,0.4251,-0.5888,C,0.2022,0.322-0.372,0.663,0.463,0.127
713,363895,402.71,512,58.8,0.5657,0.1195,0.3973,0.5756,0.9683,0.5808,0.3286,0.4322,-0.604,C,0.1874,0.322-0.372,0.665,0.465,0.127
714,363918,-10.38,23,56.5,1.1927,0.0258,0.5964,0.3658,0.5246,0.0005,0.099,0.4317,-0.3612,C,0.237,0.322-0.372,0.665,0.465,0.127
715,364162,274.48,244,70.1,0.651,0.1896,0.4538,0.4792,0.9136,0.4996,0.5547,0.417,-0.4431,C,0.2088,0.322-0.372,0.666,0.466,0.128
716,364179,-24.23,17,0.0,0.0,0.0,0.6686,0.373,0.4433,0.0,0.0,0.3555,-0.4144,C,0.2376,0.322-0.372,0.666,0.466,0.128
717,365179,-702.7,1000,0.0,0.0,0.0,0.3878,0.6215,0.9879,0.0,0.0,0.4764,-0.673,C,0.194,0.322-0.372,0.669,0.469,0.128
718,365321,178.42,142,98.6,0.6849,0.1609,0.4274,0.5064,0.9231,0.3192,0.7468,0.3655,-0.4955,C,0.1895,0.322-0.372,0.67,0.47,0.128
719,365919,80.26,598,51.3,0.8784,0.1107,0.4158,0.5909,0.9653,0.0831,0.268,0.4435,-0.6363,C,0.2257,0.322-0.372,0.672,0.472,0.129
720,366472,316.89,553,56.1,0.7006,0.1406,0.395,0.5345,0.9553,0.2989,0.3681,0.4113,-0.5225,C,0.2364,0.322-0.372,0.674,0.474,0.129
721,366516,-1.72,44,63.6,0.9029,0.0853,0.5732,0.4119,0.7419,0.0366,0.2616,0.369,-0.3942,C,0.2397,0.322-0.372,0.674,0.474,0.129
722,366923,59.7,407,37.3,0.6307,0.1709,0.4196,0.5673,0.9485,0.2754,0.2696,0.4071,-0.5851,C,0.2225,0.322-0.372,0.676,0.476,0.129
723,367102,130.31,179,90.5,1.0069,0.0752,0.429,0.4625,0.9128,0.1347,0.3401,0.4001,-0.4231,C,0.2401,0.322-0.372,0.677,0.477,0.129
724,367316,-203.71,214,2.8,1.2986,0.0046,0.4991,0.5602,0.9182,0.0,0.0035,0.2156,-0.6105,C,0.2442,0.322-0.372,0.677,0.477,0.13
725,367360,-20.65,44,50.0,1.1816,0.0065,0.5909,0.4722,0.7295,0.001,0.0639,0.2823,-0.4718,C,0.2284,0.322-0.372,0.678,0.478,0.13
726,367544,-154.77,184,2.2,1.0135,0.0237,0.4333,0.5165,0.9131,0.0002,0.0038,0.2417,-0.5069,C,0.2121,0.322-0.372,0.678,0.478,0.13
727,367865,329.03,321,97.8,0.8446,0.0851,0.4115,0.55,0.9374,0.377,0.3935,0.4209,-0.5745,C,0.191,0.322-0.372,0.679,0.479,0.13
728,367887,-26.87,22,4.5,0.9882,0.0049,0.6786,0.435,0.5196,0.0005,0.0056,0.4085,-0.4862,C,0.231,0.322-0.372,0.68,0.48,0.13
729,368314,-168.39,427,24.4,0.8536,0.0862,0.4353,0.5414,0.9259,0.0592,0.0906,0.3519,-0.5575,C,0.1906,0.322-0.372,0.681,0.481,0.13
730,368329,-20.32,15,0.0,0.0,0.0,0.6849,0.3171,0.4218,0.0,0.0,0.3471,-0.2463,C,0.2063,0.322-0.372,0.681,0.481,0.13
731,369227,276.32,898,37.4,0.7089,0.1513,0.3879,0.5274,0.9742,0.2447,0.2616,0.465,-0.5108,C,0.2074,0.322-0.372,0.685,0.485,0.131
732,369305,49.92,78,92.3,0.9064,0.1149,0.538,0.444,0.8167,0.0287,0.4919,0.3689,-0.4074,C,0.2423,0.322-0.372,0.685,0.485,0.131
733,369376,52.99,71,95.8,0.8217,0.139,0.5127,0.4888,0.7741,0.1576,0.5877,0.426,-0.4958,C,0.235,0.322-0.372,0.685,0.485,0.131
734,370203,88.05,827,39.3,0.6801,0.0934,0.4082,0.5577,0.9578,0.2376,0.1743,0.4282,-0.572,C,0.2153,0.322-0.372,0.688,0.488,0.131
735,370529,-263.32,326,0.0,0.0,0.0,0.4302,0.5974,0.9307,0.0,0.0,0.4039,-0.6463,C,0.2055,0.322-0.372,0.689,0.489,0.132
736,370752,276.55,223,97.8,0.7282,0.1504,0.4748,0.514,0.8981,0.4127,0.6191,0.387,-0.5071,C,0.2025,0.322-0.372,0.69,0.49,0.132
737,371791,601.62,1039,46.9,0.4969,0.1294,0.4092,0.5667,0.9615,0.5985,0.2657,0.381,-0.579,C,0.2404,0.322-0.372,0.694,0.494,0.132
738,372791,-653.18,1000,0.0,0.0,0.0,0.3786,0.5995,0.9873,0.0,0.0,0.4769,-0.6238,C,0.2277,0.322-0.372,0.698,0.498,0.133
739,372823,-24.44,32,18.8,1.254,0.0098,0.7077,0.3868,0.6058,0.0001,0.0253,0.4337,-0.3983,C,0.2481,0.322-0.372,0.698,0.498,0.133
740,373459,-79.54,636,40.9,0.9101,0.0769,0.4257,0.5822,0.9624,0.0385,0.1521,0.4314,-0.62,C,0.2403,0.322-0.372,0.7,0.5,0.133
741,373486,-27.38,27,0.0,0.0,0.0,0.5885,0.4265,0.5942,0.0,0.0,0.4584,-0.3991,C,0.2363,0.322-0.372,0.701,0.501,0.133
742,374486,-709.45,1000,0.0,0.0,0.0,0.3919,0.6334,0.9923,0.0,0.0,0.488,-0.6936,C,0.1941,0.322-0.372,0.704,0.504,0.134
743,375039,133.77,553,40.1,0.7038,0.0876,0.3879,0.5809,0.9745,0.3226,0.1721,0.473,-0.597,C,0.1947,0.322-0.372,0.706,0.506,0.134
744,375062,-26.81,23,0.0,0.0,0.0,0.6823,0.3599,0.5473,0.0,0.0,0.3013,-0.3059,C,0.1935,0.322-0.372,0.706,0.506,0.134
745,375832,281.39,770,51.9,0.8137,0.1053,0.4183,0.5479,0.9474,0.281,0.2616,0.4059,-0.5563,C,0.2272,0.322-0.372,0.709,0.509,0.135
746,376416,153.37,584,42.1,0.7131,0.1338,0.412,0.5765,0.9704,0.2674,0.261,0.4532,-0.6048,C,0.2169,0.322-0.372,0.712,0.512,0.135
747,376761,581.91,345,84.3,0.5778,0.1493,0.4114,0.5268,0.9429,0.9632,0.5894,0.3944,-0.5247,C,0.2132,0.322-0.372,0.713,0.513,0.135
748,376808,-40.75,47,0.0,0.0,0.0,0.5616,0.4373,0.767,0.0,0.0,0.3662,-0.4039,C,0.1989,0.322-0.372,0.713,0.513,0.136
749,377196,134.58,388,66.5,0.8345,0.0997,0.4557,0.5991,0.9349,0.1595,0.3212,0.4242,-0.6617,C,0.2484,0.322-0.372,0.714,0.514,0.136
750,377221,-28.91,25,0.0,0.0,0.0,0.6323,0.4554,0.5588,0.0,0.0,0.4214,-0.4574,C,0.1893,0.322-0.372,0.715,0.515,0.136
751,377239,-22.56,18,16.7,1.1764,0.0133,0.7622,0.3991,0.4165,0.0003,0.0239,0.3737,-0.4487,C,0.2165,0.322-0.372,0.715,0.515,0.136
752,377266,-35.13,27,0.0,0.0,0.0,0.5983,0.5241,0.5781,0.0,0.0,0.3838,-0.6036,C,0.2245,0.322-0.372,0.715,0.515,0.136
753,377280,-2.6,14,100.0,0.8133,0.0939,0.7796,0.1844,0.4084,0.1279,0.4539,0.3071,-0.1333,C,0.2374,0.322-0.372,0.715,0.515,0.136
754,377538,328.4,258,84.9,0.7059,0.1444,0.4605,0.4793,0.9124,0.5402,0.5427,0.3936,-0.4474,C,0.2343,0.322-0.372,0.716,0.516,0.136
755,377746,330.38,208,97.6,0.5729,0.1428,0.4573,0.5599,0.911,0.8572,0.6379,0.3823,-0.598,C,0.2128,0.322-0.372,0.717,0.517,0.136
756,377825,-66.51,79,0.0,0.0,0.0,0.4623,0.5202,0.8325,0.0,0.0,0.3833,-0.5149,C,0.2196,0.322-0.372,0.717,0.517,0.136
757,377842,-19.71,17,23.5,0.8643,0.0911,0.7457,0.3289,0.4545,0.0202,0.1005,0.3179,-0.3528,C,0.1879,0.322-0.372,0.717,0.517,0.136
758,377863,-17.39,21,19.0,1.0485,0.0308,0.6524,0.2486,0.5437,0.004,0.0366,0.3475,-0.1641,C,0.2044,0.322-0.372,0.717,0.517,0.136
759,378521,208.93,658,49.5,0.7404,0.1611,0.3988,0.5976,0.9683,0.2099,0.3418,0.4447,-0.6361,C,0.2133,0.322-0.372,0.719,0.519,0.137
760,378540,0.6,19,78.9,0.7868,0.1102,0.6758,0.3079,0.5003,0.1264,0.4145,0.3246,-0.2532,C,0.2242,0.322-0.372,0.72,0.52,0.137
761,378571,-6.95,31,58.1,0.7148,0.1287,0.6634,0.4019,0.662,0.4115,0.356,0.2951,-0.3911,C,0.2001,0.322-0.372,0.72,0.52,0.137
762,378588,-23.61,17,0.0,0.0,0.0,0.7152,0.3602,0.3827,0.0,0.0,0.3738,-0.3654,C,0.1928,0.322-0.372,0.72,0.52,0.137
763,379123,-357.65,535,3.7,0.8914,0.0771,0.4159,0.6125,0.9692,0.0194,0.0146,0.4794,-0.6616,C,0.1937,0.322-0.372,0.722,0.522,0.137
764,379139,-21.39,16,0.0,0.0,0.0,0.7541,0.3077,0.4074,0.0,0.0,0.3766,-0.2919,C,0.2242,0.322-0.372,0.722,0.522,0.137
765,379157,-28.71,18,0.0,0.0,0.0,0.7779,0.4247,0.4054,0.0,0.0,0.2869,-0.5292,C,0.2008,0.322-0.372,0.722,0.522,0.137
766,379364,205.43,207,99.0,0.7459,0.153,0.4495,0.5827,0.9235,0.195,0.6897,0.3601,-0.6317,C,0.212,0.322-0.372,0.723,0.523,0.137
767,379412,-40.38,48,0.0,0.0,0.0,0.5429,0.4357,0.7531,0.0,0.0,0.4025,-0.412,C,0.2314,0.322-0.372,0.723,0.523,0.137
768,380310,125.99,898,56.7,0.8985,0.0855,0.4114,0.5312,0.942,0.0364,0.2318,0.3797,-0.5279,C,0.2068,0.322-0.372,0.726,0.526,0.138
769,380999,-23.07,689,23.2,0.4931,0.0901,0.418,0.5985,0.9638,0.3368,0.1017,0.4685,-0.6348,C,0.229,0.322-0.372,0.729,0.529,0.138
770,381095,-71.04,96,0.0,0.0,0.0,0.4649,0.5103,0.8523,0.0,0.0,0.4351,-0.4971,C,0.1892,0.322-0.372,0.729,0.529,0.138
771,381118,3.59,23,78.3,0.8424,0.1013,0.7017,0.2576,0.5057,0.0856,0.3703,0.4201,-0.1936,C,0.2249,0.322-0.372,0.729,0.529,0.138
772,381217,-63.15,99,24.2,1.1789,0.0212,0.5061,0.5543,0.8323,0.0003,0.0399,0.3679,-0.5982,C,0.1895,0.322-0.372,0.73,0.53,0.138
773,381235,-15.39,18,50.0,0.821,0.1185,0.6843,0.4186,0.4323,0.0701,0.2811,0.3931,-0.4425,C,0.2422,0.322-0.372,0.73,0.53,0.138
774,381279,-40.31,44,0.0,0.0,0.0,0.5282,0.4419,0.6904,0.0,0.0,0.3696,-0.4036,C,0.2314,0.322-0.372,0.73,0.53,0.138
775,381295,-21.6,16,0.0,0.0,0.0,0.7836,0.2397,0.3562,0.0,0.0,0.3397,-0.2426,C,0.2289,0.322-0.372,0.73,0.53,0.138
776,381471,78.31,176,95.5,0.8429,0.0606,0.4234,0.5022,0.9177,0.0584,0.2803,0.2343,-0.4773,C,0.2345,0.322-0.372,0.731,0.531,0.138
777,381487,-23.2,16,0.0,0.0,0.0,0.7705,0.3426,0.4192,0.0,0.0,0.3475,-0.3819,C,0.2107,0.322-0.372,0.731,0.531,0.138
778,382172,-102.14,685,27.9,0.6531,0.0822,0.4169,0.5917,0.9686,0.1578,0.1079,0.4586,-0.621,C,0.2134,0.322-0.372,0.733,0.533,0.139
779,382366,247.37,194,95.9,0.7683,0.1649,0.4197,0.5335,0.9321,0.3895,0.6266,0.4268,-0.5216,C,0.2174,0.322-0.372,0.734,0.534,0.139
780,382891,272.31,525,60.2,0.81,0.1275,0.4184,0.5583,0.9606,0.2631,0.3472,0.4141,-0.5609,C,0.2117,0.322-0.372,0.736,0.536,0.139
781,382930,-45.27,39,0.0,0.0,0.0,0.5737,0.5493,0.7145,0.0,0.0,0.3725,-0.6342,C,0.239,0.322-0.372,0.736,0.536,0.139
782,383151,100.51,221,66.5,0.7739,0.0718,0.4267,0.5303,0.9392,0.2007,0.2288,0.4547,-0.5151,C,0.1941,0.322-0.372,0.737,0.537,0.139
783,383201,-46.16,50,0.0,0.0,0.0,0.5152,0.5316,0.7897,0.0,0.0,0.4385,-0.5565,C,0.1957,0.322-0.372,0.737,0.537,0.14
784,383296,113.13,95,92.6,0.6643,0.1529,0.5025,0.4564,0.8271,0.5041,0.6434,0.3409,-0.4278,C,0.2036,0.322-0.372,0.737,0.537,0.14
785,384000,129.35,704,45.3,0.8226,0.12,0.4198,0.5903,0.9703,0.1994,0.2445,0.4449,-0.6284,C,0.2365,0.322-0.372,0.74,0.54,0.14
786,384168,190.03,168,79.8,0.6958,0.1885,0.5122,0.5087,0.8728,0.5569,0.5732,0.4306,-0.5297,C,0.2447,0.322-0.372,0.741,0.541,0.14
787,384182,-20.11,14,0.0,0.0,0.0,0.788,0.2651,0.3956,0.0,0.0,0.3106,-0.2307,C,0.1941,0.322-0.372,0.741,0.541,0.14
788,384252,-62.96,70,0.0,0.0,0.0,0.5179,0.4883,0.8249,0.0,0.0,0.3076,-0.4767,C,0.23,0.322-0.372,0.741,0.541,0.14
789,384331,-60.48,79,0.0,0.0,0.0,0.4883,0.4762,0.8551,0.0,0.0,0.3841,-0.4507,C,0.2235,0.322-0.372,0.741,0.541,0.14
790,384346,-18.83,15,6.7,1.1062,0.0293,0.8019,0.2432,0.4518,0.0002,0.0123,0.3331,-0.2146,C,0.2323,0.322-0.372,0.741,0.541,0.14
791,384582,129.76,236,67.8,0.7352,0.129,0.4592,0.5158,0.9109,0.1749,0.4083,0.4288,-0.5112,C,0.2029,0.322-0.372,0.742,0.542,0.14
792,385045,102.95,463,50.8,0.7934,0.062,0.4084,0.5796,0.9521,0.2962,0.1549,0.4186,-0.6069,C,0.2107,0.322-0.372,0.744,0.544,0.141
793,385117,-52.66,72,5.6,1.0264,0.0449,0.5258,0.488,0.8339,0.0059,0.0135,0.4369,-0.5023,C,0.1983,0.322-0.372,0.744,0.544,0.141
794,385371,362.73,254,94.9,0.7683,0.0867,0.447,0.5561,0.9359,0.8762,0.3771,0.3885,-0.5639,C,0.2308,0.322-0.372,0.745,0.545,0.141
795,385386,-19.78,15,0.0,0.0,0.0,0.792,0.2415,0.3569,0.0,0.0,0.3793,-0.2097,C,0.2432,0.322-0.372,0.745,0.545,0.141
796,385495,143.0,109,96.3,0.6545,0.1564,0.5486,0.3743,0.8367,0.3903,0.705,0.3476,-0.306,C,0.2168,0.322-0.372,0.746,0.546,0.141
797,385579,33.6,84,96.4,1.0997,0.0273,0.512,0.4526,0.8527,0.0052,0.1767,0.3718,-0.4184,C,0.2015,0.322-0.372,0.746,0.546,0.141
798,385601,-25.35,22,0.0,0.0,0.0,0.6543,0.3947,0.5512,0.0,0.0,0.3658,-0.3393,C,0.1915,0.322-0.372,0.746,0.546,0.141
799,385707,-50.99,106,43.4,1.0766,0.0227,0.5672,0.5368,0.8478,0.0065,0.0736,0.2688,-0.6061,C,0.1956,0.322-0.372,0.746,0.546,0.141
800,386239,-184.09,532,27.8,0.9319,0.0861,0.4128,0.5928,0.9412,0.029,0.1163,0.4341,-0.6301,C,0.2432,0.322-0.372,0.748,0.548,0.141
801,386714,228.57,475,67.8,0.8621,0.0975,0.4038,0.5529,0.9593,0.1604,0.3149,0.435,-0.5562,C,0.2015,0.322-0.372,0.75,0.55,0.142
802,386901,66.96,187,64.7,0.8248,0.0845,0.4902,0.4662,0.9035,0.1202,0.2553,0.3664,-0.4285,C,0.2111,0.322-0.372,0.751,0.551,0.142
803,386960,-1.55,59,72.9,1.0623,0.048,0.4994,0.446,0.7842,0.0157,0.199,0.2198,-0.3993,C,0.1981,0.322-0.372,0.751,0.551,0.142
804,386980,-25.18,20,0.0,0.0,0.0,0.6725,0.3144,0.4939,0.0,0.0,0.2494,-0.2551,C,0.23,0.322-0.372,0.751,0.551,0.142
805,387001,-19.86,21,38.1,0.7833,0.1215,0.6153,0.446,0.513,0.1009,0.2199,0.3167,-0.4442,C,0.2369,0.322-0.372,0.751,0.551,0.142
806,387017,-21.14,16,0.0,0.0,0.0,0.7427,0.2879,0.4374,0.0,0.0,0.3323,-0.2474,C,0.241,0.322-0.372,0.751,0.551,0.142
807,387037,-18.77,20,60.0,0.9961,0.0775,0.7166,0.4545,0.3487,0.0293,0.2323,0.2809,-0.5316,C,0.2427,0.322-0.372,0.751,0.551,0.142
808,387058,-24.31,21,0.0,0.0,0.0,0.7033,0.3112,0.4295,0.0,0.0,0.3541,-0.2505,C,0.2161,0.322-0.372,0.751,0.551,0.142
809,387087,-34.14,29,0.0,0.0,0.0,0.5844,0.4664,0.6304,0.0,0.0,0.2764,-0.424,C,0.2161,0.322-0.372,0.752,0.552,0.142
810,387288,372.99,201,98.5,0.533,0.2136,0.4752,0.5185,0.9244,0.9197,0.8371,0.2919,-0.5365,C,0.2208,0.322-0.372,0.752,0.552,0.142
811,387480,189.71,192,98.4,0.8171,0.1181,0.4921,0.461,0.9084,0.1576,0.541,0.3757,-0.4374,C,0.2143,0.322-0.372,0.753,0.553,0.142
812,387728,362.37,248,89.5,0.6625,0.0859,0.423,0.565,0.9386,0.9546,0.3685,0.4097,-0.5942,C,0.2021,0.322-0.372,0.754,0.554,0.142
813,387745,-24.45,17,0.0,0.0,0.0,0.7899,0.3217,0.3716,0.0,0.0,0.3403,-0.376,C,0.239,0.322-0.372,0.754,0.554,0.142
814,387878,149.05,133,97.0,0.7014,0.137,0.5086,0.5133,0.8703,0.4132,0.5995,0.3856,-0.5165,C,0.208,0.322-0.372,0.755,0.555,0.142
815,387909,10.44,31,100.0,0.8535,0.1111,0.5896,0.3565,0.6621,0.4631,0.5266,0.1988,-0.3087,C,0.2262,0.322-0.372,0.755,0.555,0.142
816,388089,-114.71,180,3.3,0.9812,0.0509,0.4433,0.5089,0.9143,0.0006,0.0086,0.428,-0.5017,C,0.2408,0.322-0.372,0.755,0.555,0.143
817,388107,4.07,18,100.0,0.735,0.1249,0.7579,0.234,0.5113,0.3708,0.5857,0.4021,-0.1825,C,0.2387,0.322-0.372,0.755,0.555,0.143
818,388135,-35.13,28,0.0,0.0,0.0,0.6018,0.4544,0.5048,0.0,0.0,0.3054,-0.4553,C,0.2357,0.322-0.372,0.755,0.555,0.143
819,388445,65.35,310,45.2,0.7204,0.1024,0.4434,0.5125,0.9312,0.2076,0.2225,0.442,-0.5045,C,0.2321,0.322-0.372,0.757,0.557,0.143
820,388755,796.71,310,97.7,0.3839,0.1601,0.4363,0.5939,0.9361,1.8888,0.6743,0.3024,-0.6332,C,0.2217,0.322-0.372,0.758,0.558,0.143
821,388967,191.57,212,92.0,0.8276,0.1425,0.4673,0.6584,0.9319,0.3848,0.5625,0.4162,-0.7784,C,0.2313,0.322-0.372,0.759,0.559,0.143
822,389681,152.58,714,35.4,0.6815,0.0968,0.3919,0.5499,0.9763,0.3243,0.1631,0.4663,-0.5547,C,0.1936,0.322-0.372,0.761,0.561,0.144
823,390034,79.69,353,47.9,0.7292,0.0498,0.4124,0.555,0.9459,0.3155,0.1256,0.4442,-0.5625,C,0.2471,0.322-0.372,0.763,0.563,0.144
824,390057,-21.52,23,26.1,0.7492,0.0729,0.7102,0.3892,0.4572,0.0774,0.0921,0.4551,-0.448,C,0.1946,0.322-0.372,0.763,0.563,0.144
825,390206,137.45,149,98.0,0.718,0.105,0.4297,0.4862,0.9186,0.2226,0.4683,0.3569,-0.4633,C,0.2418,0.322-0.372,0.763,0.563,0.144
826,390842,238.2,636,71.1,0.8979,0.0612,0.4018,0.5606,0.9504,0.19,0.2142,0.3907,-0.5814,C,0.2121,0.322-0.372,0.766,0.566,0.144
827,390900,-48.0,58,0.0,0.0,0.0,0.5095,0.4058,0.7596,0.0,0.0,0.3458,-0.3808,C,0.2306,0.322-0.372,0.766,0.566,0.144
828,391711,151.03,811,42.7,0.7033,0.1103,0.4098,0.5731,0.9741,0.2251,0.2177,0.436,-0.5908,C,0.2228,0.322-0.372,0.769,0.569,0.145
829,391728,-23.12,17,0.0,0.0,0.0,0.7104,0.3318,0.4556,0.0,0.0,0.3286,-0.3283,C,0.2429,0.322-0.372,0.769,0.569,0.145
830,392310,265.42,582,45.7,0.5631,0.0897,0.4382,0.6419,0.9684,0.6071,0.195,0.47,-0.7361,C,0.1975,0.322-0.372,0.771,0.571,0.145
831,392331,-26.07,21,0.0,0.0,0.0,0.7219,0.301,0.4702,0.0,0.0,0.2839,-0.2844,C,0.2342,0.322-0.372,0.771,0.571,0.145
832,392811,60.1,480,49.6,0.803,0.0933,0.4373,0.5867,0.954,0.1984,0.2256,0.4033,-0.6363,C,0.2,0.322-0.372,0.773,0.573,0.146
833,392882,-62.2,71,0.0,0.0,0.0,0.5376,0.4669,0.7733,0.0,0.0,0.3379,-0.4598,C,0.2271,0.322-0.372,0.773,0.573,0.146
834,392898,-23.1,16,0.0,0.0,0.0,0.671,0.3883,0.3778,0.0,0.0,0.3441,-0.3517,C,0.219,0.322-0.372,0.773,0.573,0.146
835,392915,-17.76,17,29.4,0.9147,0.0492,0.7823,0.3517,0.4998,0.009,0.076,0.3837,-0.3873,C,0.2336,0.322-0.372,0.773,0.573,0.146
836,393049,266.24,134,94.0,0.4754,0.1676,0.495,0.4143,0.8763,1.1284,0.6408,0.3583,-0.3544,C,0.232,0.322-0.372,0.774,0.574,0.146
837,393065,-21.27,16,0.0,0.0,0.0,0.8138,0.2903,0.3708,0.0,0.0,0.4374,-0.3274,C,0.2419,0.322-0.372,0.774,0.574,0.146
838,393086,-16.08,21,33.3,1.0303,0.0504,0.689,0.3346,0.4114,0.0023,0.0874,0.4001,-0.2377,C,0.2106,0.322-0.372,0.774,0.574,0.146
839,393099,0.99,13,100.0,0.72,0.175,0.8452,0.2038,0.3897,0.2412,0.7873,0.3504,-0.1775,C,0.2275,0.322-0.372,0.774,0.574,0.146
840,393435,385.46,336,96.4,0.7623,0.1144,0.4211,0.4887,0.9165,0.3239,0.5163,0.388,-0.4489,C,0.2389,0.322-0.372,0.775,0.575,0.146
841,393644,-153.99,209,4.3,1.0688,0.0177,0.4433,0.5728,0.9168,0.0005,0.0067,0.4246,-0.616,C,0.2197,0.322-0.372,0.776,0.576,0.146
842,393659,-19.79,15,0.0,0.0,0.0,0.7993,0.233,0.3963,0.0,0.0,0.3364,-0.1869,C,0.2009,0.322-0.372,0.776,0.576,0.146
843,393678,-28.59,19,0.0,0.0,0.0,0.7564,0.4632,0.4085,0.0,0.0,0.3461,-0.5287,C,0.2173,0.322-0.372,0.776,0.576,0.146
844,393716,5.09,38,78.9,1.05,0.0664,0.5557,0.431,0.715,0.0046,0.2466,0.4337,-0.4122,C,0.2467,0.322-0.372,0.776,0.576,0.146
845,394328,132.34,612,35.0,0.533,0.064,0.4114,0.6066,0.9725,0.4945,0.1097,0.449,-0.6548,C,0.2036,0.322-0.372,0.779,0.579,0.146
846,395259,-403.62,931,21.4,1.0995,0.0725,0.3993,0.5986,0.9655,0.0055,0.0776,0.4435,-0.6431,C,0.2353,0.322-0.372,0.782,0.582,0.147
847,396088,-265.97,829,29.7,0.968,0.067,0.4214,0.601,0.976,0.0135,0.1028,0.443,-0.6518,C,0.2477,0.322-0.372,0.785,0.585,0.148
848,396104,-20.08,16,0.0,0.0,0.0,0.7367,0.2585,0.4578,0.0,0.0,0.3282,-0.1873,C,0.2267,0.322-0.372,0.785,0.585,0.148
849,396121,-21.04,17,0.0,0.0,0.0,0.7947,0.2086,0.3486,0.0,0.0,0.3068,-0.1304,C,0.2124,0.322-0.372,0.785,0.585,0.148
850,396138,-18.32,17,41.2,0.6835,0.1024,0.8001,0.2908,0.4162,0.4701,0.202,0.1944,-0.3182,C,0.2293,0.322-0.372,0.786,0.586,0.148
851,396267,91.34,129,100.0,0.9304,0.0786,0.4512,0.4893,0.8968,0.1302,0.3766,0.4104,-0.4535,C,0.2282,0.322-0.372,0.786,0.586,0.148
852,396348,-63.29,81,0.0,0.0,0.0,0.5148,0.4226,0.8554,0.0,0.0,0.2718,-0.3573,C,0.198,0.322-0.372,0.786,0.586,0.148
853,396433,-61.97,85,20.0,1.3075,0.0047,0.6365,0.5195,0.8232,0.0,0.0248,0.4048,-0.6512,C,0.2427,0.322-0.372,0.787,0.587,0.148
854,396514,8.2,81,76.5,0.9095,0.0362,0.5648,0.4316,0.8068,0.0324,0.1669,0.3002,-0.4335,C,0.2167,0.322-0.372,0.787,0.587,0.148
855,397363,-11.32,849,37.6,0.8466,0.0952,0.4119,0.5765,0.9728,0.1268,0.171,0.4597,-0.6033,C,0.2243,0.322-0.372,0.79,0.59,0.148
856,397392,-32.66,29,0.0,0.0,0.0,0.574,0.3572,0.4964,0.0,0.0,0.2448,-0.2745,C,0.218,0.322-0.372,0.79,0.59,0.148
857,397407,-13.91,15,40.0,0.6459,0.0985,0.7456,0.2433,0.395,0.3233,0.1926,0.2778,-0.1602,C,0.2475,0.322-0.372,0.79,0.59,0.148
858,397525,127.19,118,72.0,0.5774,0.0623,0.6095,0.3747,0.8481,0.8661,0.2223,0.3207,-0.3339,C,0.2154,0.322-0.372,0.791,0.591,0.148
859,397562,-42.22,37,0.0,0.0,0.0,0.5713,0.5146,0.6927,0.0,0.0,0.3238,-0.5409,C,0.1996,0.322-0.372,0.791,0.591,0.148
860,397602,-49.14,40,0.0,0.0,0.0,0.6268,0.5167,0.7032,0.0,0.0,0.2897,-0.6196,C,0.2441,0.322-0.372,0.791,0.591,0.149
861,397825,235.21,223,91.9,0.7183,0.1808,0.4451,0.575,0.9402,0.2287,0.747,0.4147,-0.6113,C,0.2477,0.322-0.372,0.792,0.592,0.149
862,398048,156.48,223,93.7,0.8475,0.1038,0.4604,0.5487,0.9007,0.1709,0.4241,0.3475,-0.5593,C,0.2289,0.322-0.372,0.793,0.593,0.149
863,398063,-19.25,15,0.0,0.0,0.0,0.872,0.1879,0.3106,0.0,0.0,0.3704,-0.1424,C,0.2052,0.322-0.372,0.793,0.593,0.149
864,398548,1019.75,485,99.8,0.4262,0.0923,0.4234,0.5715,0.9359,1.6859,0.4364,0.237,-0.6021,C,0.2255,0.322-0.372,0.795,0.595,0.149
865,398629,-77.99,81,0.0,0.0,0.0,0.4965,0.5405,0.8342,0.0,0.0,0.2788,-0.5353,C,0.2155,0.322-0.372,0.795,0.595,0.149
866,398675,83.67,46,87.0,0.3438,0.1427,0.5949,0.3146,0.6907,1.7738,0.5006,0.2183,-0.2379,C,0.211,0.322-0.372,0.795,0.595,0.149
867,398692,-22.28,17,0.0,0.0,0.0,0.8217,0.2462,0.4452,0.0,0.0,0.3053,-0.2501,C,0.2164,0.322-0.372,0.795,0.595,0.149
868,399290,-3.24,598,40.3,0.7813,0.0908,0.4068,0.5457,0.9507,0.1169,0.1724,0.4085,-0.5603,C,0.2376,0.322-0.372,0.797,0.597,0.15
869,399308,-26.05,18,0.0,0.0,0.0,0.7878,0.3508,0.4314,0.0,0.0,0.2985,-0.406,C,0.2268,0.322-0.372,0.797,0.597,0.15
870,399335,-10.65,27,55.6,0.9508,0.0855,0.7307,0.368,0.5028,0.0105,0.2279,0.3288,-0.3743,C,0.2388,0.322-0.372,0.797,0.597,0.15
871,399492,67.31,157,94.3,0.951,0.111,0.4843,0.6089,0.9151,0.0205,0.4842,0.2955,-0.6958,C,0.2493,0.322-0.372,0.798,0.598,0.15
872,399507,-19.94,15,0.0,0.0,0.0,0.8355,0.2629,0.419,0.0,0.0,0.386,-0.2581,C,0.25,0.322-0.372,0.798,0.598,0.15
873,399988,145.44,481,50.5,0.6852,0.0968,0.4124,0.5852,0.9484,0.3725,0.2332,0.3904,-0.6334,C,0.2159,0.322-0.372,0.8,0.6,0.15
