episode,timestep,reward,steps,visibility_pct,mean_centering_dist,mean_fraction,mean_action_mag,mean_action_jerk,r_stability,r_centering,r_scale,r_vel_damp,r_smooth,phase,target_speed,target_offset,init_pos,init_vel,init_ang
1,112,-287.42,112,64.3,0.4209,0.2532,0.5092,0.6638,0.5688,1.0653,0.5456,0.2224,-0.7859,A,0.053,0.000-0.118,0.2,0.1,0.03
2,242,-476.09,130,66.2,0.708,0.1615,0.5038,0.6742,0.4695,0.3389,0.422,0.1527,-0.8123,A,0.0894,0.000-0.118,0.2,0.1,0.03
3,300,-188.96,58,56.9,0.5774,0.1904,0.5066,0.6986,0.4736,0.7917,0.4039,0.2683,-0.8321,A,0.0631,0.000-0.118,0.2,0.1,0.03
4,366,-231.87,66,57.6,0.6058,0.1601,0.5093,0.6856,0.5774,0.4829,0.3918,0.2745,-0.8478,A,0.0681,0.000-0.118,0.2,0.1,0.03
5,455,-306.77,89,40.4,0.537,0.2155,0.4911,0.6665,0.3617,0.6169,0.317,0.2268,-0.7854,A,0.0668,0.000-0.118,0.201,0.1,0.03
6,548,-306.8,93,46.2,0.4933,0.205,0.5032,0.6744,0.5743,0.7051,0.3495,0.2296,-0.8168,A,0.0822,0.000-0.118,0.201,0.1,0.03
7,599,-177.38,51,41.2,0.4793,0.2048,0.5138,0.6538,0.426,0.5908,0.319,0.2942,-0.7642,A,0.0907,0.000-0.118,0.201,0.1,0.03
8,663,-203.12,64,53.1,0.5638,0.2281,0.4831,0.6707,0.5079,0.499,0.4553,0.2852,-0.7774,A,0.099,0.000-0.118,0.201,0.1,0.03
9,722,-129.51,59,52.5,0.43,0.2241,0.4855,0.5896,0.4419,0.968,0.4344,0.2792,-0.6397,A,0.0623,0.000-0.118,0.201,0.1,0.03
10,839,-432.03,117,56.4,0.5206,0.2027,0.5226,0.7428,0.6306,0.7651,0.4288,0.2551,-0.9618,A,0.0699,0.000-0.118,0.201,0.101,0.03
11,932,-360.85,93,29.0,0.6864,0.1882,0.4969,0.6328,0.3528,0.2506,0.2026,0.1716,-0.7401,A,0.0869,0.000-0.118,0.201,0.101,0.03
12,1001,-217.32,69,40.6,0.4217,0.1981,0.491,0.6405,0.4651,0.7817,0.3067,0.2379,-0.7643,A,0.0625,0.000-0.118,0.201,0.101,0.03
13,1060,-177.49,59,49.2,0.6237,0.1878,0.4735,0.6317,0.5244,0.3208,0.3791,0.3059,-0.7062,A,0.0604,0.000-0.118,0.201,0.101,0.03
14,1167,-491.84,107,21.5,0.4718,0.2224,0.5093,0.6775,0.2753,0.3395,0.1735,0.1311,-0.8154,A,0.0666,0.000-0.118,0.201,0.101,0.03
15,1267,-253.83,100,94.0,0.6291,0.2086,0.47,0.6543,0.4782,0.779,0.7,0.2006,-0.7524,A,0.0941,0.000-0.118,0.202,0.101,0.03
16,1393,-517.27,126,23.8,0.4301,0.2152,0.5059,0.6463,0.3076,0.4488,0.1892,0.165,-0.7528,A,0.0527,0.000-0.118,0.202,0.101,0.03
17,1556,-697.2,163,30.1,0.516,0.2358,0.5011,0.6718,0.3961,0.3758,0.2623,0.1452,-0.8067,A,0.0729,0.000-0.118,0.202,0.101,0.03
18,1622,-246.14,66,39.4,0.6261,0.2189,0.4847,0.6785,0.4061,0.2964,0.3114,0.2333,-0.7795,A,0.0634,0.000-0.118,0.202,0.101,0.03
19,1700,-241.15,78,71.8,0.6982,0.1611,0.4886,0.6768,0.5035,0.6488,0.4307,0.2563,-0.8052,A,0.0698,0.000-0.118,0.202,0.101,0.03
20,1768,-262.72,68,44.1,0.565,0.2069,0.4972,0.7163,0.4426,0.6008,0.34,0.2545,-0.8898,A,0.0964,0.000-0.118,0.202,0.101,0.03
21,1838,-198.47,70,51.4,0.5009,0.2074,0.4845,0.6409,0.4725,0.6887,0.4065,0.2748,-0.735,A,0.0652,0.000-0.118,0.202,0.101,0.03
22,1923,-329.04,85,35.3,0.3977,0.2049,0.523,0.7051,0.4616,0.7303,0.2676,0.2438,-0.8782,A,0.096,0.000-0.118,0.202,0.101,0.03
23,2023,-278.5,100,74.0,0.5749,0.161,0.4998,0.6679,0.6187,0.665,0.4791,0.2733,-0.7914,A,0.0541,0.000-0.118,0.203,0.101,0.031
24,2108,-327.53,85,48.2,0.8098,0.1593,0.4882,0.6639,0.3746,0.3093,0.2811,0.1813,-0.7882,A,0.0698,0.000-0.118,0.203,0.101,0.031
25,2193,-248.32,85,43.5,0.4277,0.2215,0.4993,0.6534,0.4398,0.8631,0.3578,0.2263,-0.739,A,0.0887,0.000-0.118,0.203,0.101,0.031
26,2317,-472.88,124,35.5,0.5982,0.1799,0.4952,0.6627,0.4784,0.5098,0.2405,0.1454,-0.7864,A,0.0862,0.000-0.118,0.203,0.101,0.031
27,2432,-397.64,115,67.8,0.7168,0.141,0.5006,0.6691,0.5945,0.2804,0.4196,0.1715,-0.8132,A,0.0864,0.000-0.118,0.203,0.102,0.031
28,2508,-227.77,76,61.8,0.5684,0.2163,0.5125,0.6731,0.5074,0.7538,0.4618,0.2716,-0.8074,A,0.0591,0.000-0.118,0.203,0.102,0.031
29,2621,-300.76,113,70.8,0.4502,0.257,0.5067,0.6867,0.6724,1.0045,0.6295,0.2561,-0.8466,A,0.0742,0.000-0.118,0.203,0.102,0.031
30,2733,-172.28,112,78.6,0.3956,0.2352,0.4909,0.6747,0.7499,1.4946,0.699,0.3663,-0.7882,A,0.0531,0.000-0.118,0.203,0.102,0.031
31,2783,-129.0,50,52.0,0.4179,0.2312,0.4848,0.6364,0.4345,1.0659,0.4494,0.281,-0.7243,A,0.0591,0.000-0.118,0.203,0.102,0.031
32,2881,-323.16,98,92.9,0.6499,0.1295,0.522,0.6474,0.4418,0.5864,0.4845,0.1646,-0.7741,A,0.0755,0.000-0.118,0.204,0.102,0.031
33,2996,-267.9,115,64.3,0.5354,0.2315,0.4782,0.6423,0.6203,0.7657,0.5098,0.3133,-0.7189,A,0.0955,0.000-0.118,0.204,0.102,0.031
34,3078,-206.07,82,50.0,0.3764,0.2319,0.4999,0.6584,0.5131,1.1484,0.4085,0.3169,-0.7764,A,0.0785,0.000-0.118,0.204,0.102,0.031
35,3149,-253.25,71,46.5,0.6379,0.1797,0.4746,0.6786,0.5512,0.2668,0.3542,0.3005,-0.8005,A,0.0813,0.000-0.118,0.204,0.102,0.031
36,3294,-489.37,145,49.7,0.5658,0.1954,0.4996,0.6309,0.4687,0.5915,0.3681,0.1333,-0.7242,A,0.0969,0.000-0.118,0.204,0.102,0.031
37,3368,-268.69,74,45.9,0.6447,0.1841,0.5007,0.6658,0.4977,0.3923,0.3262,0.2756,-0.8075,A,0.0683,0.000-0.118,0.204,0.102,0.031
38,3430,-158.43,62,61.3,0.4166,0.2246,0.5145,0.6915,0.4999,1.2757,0.4667,0.3466,-0.8294,A,0.0862,0.000-0.118,0.204,0.102,0.031
39,3563,-298.77,133,66.9,0.4798,0.2155,0.476,0.6184,0.5457,1.0256,0.5878,0.1478,-0.6969,A,0.0623,0.000-0.118,0.204,0.102,0.031
40,3685,-434.21,122,69.7,0.7051,0.1906,0.5112,0.7019,0.5659,0.4634,0.5248,0.1598,-0.866,A,0.0795,0.000-0.118,0.205,0.102,0.031
41,3776,-222.54,91,91.2,0.7952,0.1297,0.4923,0.6048,0.4424,0.5881,0.4698,0.1898,-0.6803,A,0.0905,0.000-0.118,0.205,0.102,0.031
42,3942,-680.83,166,75.3,0.6772,0.1187,0.51,0.6913,0.4835,0.5202,0.3982,0.1497,-0.8552,A,0.0979,0.000-0.118,0.205,0.102,0.031
43,4042,-364.94,100,63.0,0.573,0.2046,0.5322,0.7352,0.469,0.8432,0.4994,0.2244,-0.9387,A,0.0737,0.000-0.118,0.205,0.103,0.031
44,4132,-304.46,90,68.9,0.6903,0.1553,0.4985,0.6908,0.4937,0.6642,0.4152,0.2399,-0.8656,A,0.0725,0.000-0.118,0.205,0.103,0.031
45,4217,-339.98,85,27.1,0.6976,0.1774,0.4913,0.6491,0.4408,0.2278,0.1847,0.1992,-0.7645,A,0.0615,0.000-0.118,0.205,0.103,0.031
46,4305,-405.49,88,26.1,0.4693,0.2015,0.5396,0.7161,0.433,0.4169,0.2031,0.1687,-0.913,A,0.0754,0.000-0.118,0.205,0.103,0.031
47,4347,-158.08,42,35.7,0.5262,0.1941,0.5142,0.6783,0.3553,0.4736,0.2724,0.3122,-0.7904,A,0.0643,0.000-0.118,0.205,0.103,0.031
48,4423,-238.89,76,51.3,0.521,0.2311,0.4931,0.641,0.4287,0.6726,0.3971,0.2493,-0.7536,A,0.057,0.000-0.118,0.206,0.103,0.031
49,4591,-660.24,168,52.4,0.7661,0.1304,0.4976,0.6712,0.4162,0.2099,0.2945,0.1311,-0.7911,A,0.091,0.000-0.118,0.206,0.103,0.031
50,4743,-374.96,152,82.9,0.4806,0.2055,0.5002,0.6813,0.5736,1.3012,0.6705,0.1772,-0.8222,A,0.0987,0.000-0.118,0.206,0.103,0.031
51,4819,-171.47,76,52.6,0.4609,0.2212,0.48,0.6052,0.5044,0.8693,0.3973,0.2638,-0.6567,A,0.079,0.000-0.118,0.206,0.103,0.031
52,4903,-226.03,84,73.8,0.5604,0.2249,0.5269,0.6592,0.546,0.8811,0.5695,0.3029,-0.8125,A,0.0662,0.000-0.118,0.206,0.103,0.031
53,4982,-246.49,79,51.9,0.5523,0.2219,0.5011,0.6441,0.4416,0.4775,0.424,0.2782,-0.7455,A,0.0712,0.000-0.118,0.206,0.103,0.031
54,5081,-275.29,99,81.8,0.59,0.1937,0.5268,0.6858,0.6841,0.75,0.6358,0.2998,-0.8664,A,0.0551,0.000-0.118,0.206,0.103,0.031
55,5135,-191.47,54,51.9,0.4562,0.2255,0.534,0.7152,0.4689,0.8781,0.413,0.2996,-0.8983,A,0.0647,0.000-0.118,0.206,0.103,0.031
56,5198,-148.74,63,73.0,0.5828,0.1957,0.4971,0.6692,0.5666,1.1113,0.5232,0.3036,-0.7858,A,0.0797,0.000-0.118,0.206,0.103,0.031
57,5275,-295.79,77,37.7,0.6346,0.1804,0.499,0.6886,0.4529,0.3849,0.2748,0.2361,-0.8162,A,0.0681,0.000-0.118,0.207,0.103,0.031
58,5333,-162.28,58,62.1,0.4863,0.2093,0.491,0.6704,0.5183,0.9918,0.4991,0.3158,-0.8084,A,0.0649,0.000-0.118,0.207,0.103,0.031
59,5393,-172.7,60,53.3,0.6399,0.1866,0.5128,0.6175,0.4855,0.4435,0.3955,0.293,-0.6869,A,0.0882,0.000-0.118,0.207,0.103,0.031
60,5490,-291.17,97,52.6,0.5739,0.1929,0.4846,0.64,0.4326,0.7175,0.3624,0.1975,-0.7304,A,0.0739,0.000-0.118,0.207,0.103,0.031
61,5634,-572.49,144,30.6,0.3662,0.2185,0.5087,0.6642,0.3472,0.627,0.2386,0.1419,-0.7765,A,0.0934,0.000-0.118,0.207,0.104,0.031
62,5715,-160.06,81,63.0,0.3891,0.2206,0.4536,0.6333,0.6063,1.2938,0.5009,0.3129,-0.7395,A,0.0945,0.000-0.118,0.207,0.104,0.031
63,5826,-374.24,111,59.5,0.7108,0.1693,0.4995,0.6689,0.415,0.5156,0.394,0.1867,-0.7748,A,0.0588,0.000-0.118,0.207,0.104,0.031
64,5987,-370.66,161,68.9,0.3372,0.1717,0.4994,0.6828,0.7009,1.4728,0.3992,0.273,-0.8271,A,0.0699,0.000-0.118,0.207,0.104,0.031
65,6186,-765.06,199,52.8,0.5739,0.2316,0.4993,0.6774,0.5622,0.5238,0.4165,0.1145,-0.8174,A,0.0755,0.000-0.118,0.208,0.104,0.032
66,6332,-669.11,146,32.2,0.5428,0.1986,0.5277,0.6971,0.445,0.3624,0.2191,0.1418,-0.8695,A,0.0928,0.000-0.118,0.208,0.104,0.032
67,6424,-327.46,92,46.7,0.6026,0.2106,0.5056,0.6681,0.4988,0.3948,0.3969,0.2398,-0.8066,A,0.0675,0.000-0.118,0.208,0.104,0.032
68,6566,-394.77,142,78.9,0.728,0.1671,0.5031,0.6797,0.6343,0.6402,0.5126,0.2753,-0.8113,A,0.079,0.000-0.118,0.208,0.104,0.032
69,6665,-240.86,99,67.7,0.641,0.1854,0.4994,0.6324,0.634,0.5076,0.5043,0.3783,-0.7234,A,0.086,0.000-0.118,0.208,0.104,0.032
70,6732,-178.52,67,68.7,0.5282,0.2386,0.4947,0.6824,0.5495,0.9272,0.5753,0.31,-0.8073,A,0.0908,0.000-0.118,0.208,0.104,0.032
71,6797,-207.25,65,40.0,0.5095,0.217,0.4978,0.6366,0.3628,0.6547,0.3235,0.2303,-0.7188,A,0.0642,0.000-0.118,0.208,0.104,0.032
72,6889,-309.06,92,43.5,0.6283,0.1646,0.4748,0.6471,0.5229,0.3742,0.2882,0.2251,-0.7418,A,0.098,0.000-0.118,0.209,0.104,0.032
73,6978,-298.86,89,39.3,0.5893,0.1597,0.4768,0.6319,0.4752,0.409,0.2543,0.2147,-0.727,A,0.0667,0.000-0.118,0.209,0.104,0.032
74,7060,-184.06,82,61.0,0.3926,0.2302,0.4951,0.6564,0.5663,1.2443,0.4431,0.3148,-0.768,A,0.0804,0.000-0.118,0.209,0.104,0.032
75,7222,-535.37,162,58.0,0.5392,0.2057,0.4914,0.6877,0.6492,0.7531,0.4448,0.1703,-0.8248,A,0.068,0.000-0.118,0.209,0.105,0.032
76,7391,-855.65,169,23.1,0.6442,0.1721,0.5146,0.6737,0.2621,0.2755,0.1383,0.0975,-0.8102,A,0.0804,0.000-0.118,0.209,0.105,0.032
77,7502,-225.9,111,73.0,0.4803,0.1984,0.4904,0.669,0.6851,1.2127,0.5552,0.2842,-0.7874,A,0.0795,0.000-0.118,0.209,0.105,0.032
78,7587,-355.8,85,41.2,0.7135,0.2051,0.5059,0.7017,0.4604,0.2245,0.3077,0.2268,-0.8683,A,0.0939,0.000-0.118,0.209,0.105,0.032
79,7648,-137.15,61,54.1,0.5129,0.2157,0.478,0.5868,0.4834,0.8236,0.4425,0.3018,-0.6497,A,0.0742,0.000-0.118,0.21,0.105,0.032
80,7714,-235.07,66,50.0,0.5269,0.2119,0.5223,0.7015,0.4773,0.8083,0.3714,0.2681,-0.8768,A,0.0815,0.000-0.118,0.21,0.105,0.032
81,7780,-174.19,66,43.9,0.4526,0.2014,0.4741,0.6313,0.507,0.7594,0.3325,0.2848,-0.6884,A,0.0691,0.000-0.118,0.21,0.105,0.032
82,7828,-137.77,48,54.2,0.4586,0.2036,0.4879,0.6526,0.4274,1.0064,0.3892,0.2833,-0.7446,A,0.0791,0.000-0.118,0.21,0.105,0.032
83,7935,-275.88,107,57.9,0.4215,0.229,0.4965,0.6707,0.5417,1.057,0.5011,0.2651,-0.7937,A,0.0961,0.000-0.118,0.21,0.105,0.032
84,8051,-134.49,116,90.5,0.4058,0.2384,0.4849,0.6697,0.7363,1.703,0.857,0.3224,-0.78,A,0.0799,0.000-0.118,0.21,0.105,0.032
85,8134,-260.4,83,63.9,0.5349,0.1646,0.5414,0.6984,0.5765,0.9116,0.3969,0.2541,-0.8621,A,0.0664,0.000-0.118,0.21,0.105,0.032
86,8188,-206.31,54,50.0,0.6712,0.1998,0.4951,0.6999,0.4087,0.3315,0.4069,0.2838,-0.8256,A,0.0581,0.000-0.118,0.21,0.105,0.032
87,8278,-259.38,90,78.9,0.6576,0.2022,0.508,0.6683,0.4721,0.6788,0.6527,0.1892,-0.7957,A,0.0822,0.000-0.118,0.21,0.105,0.032
88,8362,-168.9,84,70.2,0.3641,0.2108,0.489,0.6673,0.6416,1.4707,0.5339,0.3045,-0.7847,A,0.0776,0.000-0.118,0.21,0.105,0.032
89,8512,-503.66,150,66.7,0.6009,0.1181,0.4909,0.6603,0.5329,0.5232,0.3265,0.1966,-0.7866,A,0.064,0.000-0.118,0.211,0.105,0.032
90,8594,-322.22,82,42.7,0.646,0.1379,0.5006,0.6488,0.3972,0.2984,0.2465,0.1714,-0.7663,A,0.0621,0.000-0.118,0.211,0.105,0.032
91,8762,-649.61,168,67.3,0.7494,0.1502,0.4995,0.6919,0.5078,0.3922,0.4233,0.1283,-0.8525,A,0.0584,0.000-0.118,0.211,0.105,0.032
92,8902,-553.65,140,47.9,0.5306,0.1961,0.5089,0.6848,0.5419,0.5198,0.3711,0.2355,-0.845,A,0.0999,0.000-0.118,0.211,0.106,0.032
93,8951,-178.23,49,44.9,0.5258,0.2037,0.5129,0.714,0.4011,0.7204,0.3455,0.2931,-0.8566,A,0.1044,0.000-0.118,0.211,0.106,0.032
94,9029,-245.97,78,30.8,0.4966,0.2057,0.4741,0.5959,0.3666,0.4648,0.2439,0.2069,-0.6499,A,0.1034,0.000-0.118,0.211,0.106,0.032
95,9104,-297.09,75,42.7,0.5855,0.2042,0.5076,0.7045,0.45,0.4588,0.3388,0.2413,-0.8759,A,0.0813,0.000-0.118,0.211,0.106,0.032
96,9180,-215.1,76,53.9,0.5173,0.2037,0.4886,0.6564,0.4685,0.948,0.407,0.2837,-0.778,A,0.094,0.000-0.118,0.211,0.106,0.032
97,9289,-423.66,109,40.4,0.7817,0.1662,0.5072,0.6541,0.3995,0.1975,0.2693,0.175,-0.7639,A,0.1048,0.000-0.118,0.212,0.106,0.032
98,9355,-192.25,66,33.3,0.5398,0.1875,0.4868,0.5806,0.4055,0.3895,0.2478,0.2363,-0.6095,A,0.0881,0.000-0.118,0.212,0.106,0.032
99,9439,-342.24,84,36.9,0.7034,0.1893,0.5064,0.6979,0.3973,0.303,0.2441,0.2233,-0.827,A,0.0625,0.000-0.118,0.212,0.106,0.032
100,9496,-203.09,57,54.4,0.6023,0.1988,0.5258,0.7004,0.4044,0.6686,0.4073,0.2653,-0.853,A,0.0683,0.000-0.118,0.212,0.106,0.032
101,9572,-249.18,76,32.9,0.4654,0.1848,0.497,0.6301,0.4239,0.5416,0.2343,0.2052,-0.7101,A,0.1039,0.000-0.118,0.212,0.106,0.032
102,9697,-396.33,125,96.0,0.5648,0.1968,0.5246,0.7043,0.4863,0.7597,0.7825,0.1996,-0.8761,A,0.0607,0.000-0.118,0.212,0.106,0.032
103,9776,-183.56,79,50.6,0.4333,0.224,0.4973,0.6262,0.4562,0.9721,0.4329,0.2933,-0.691,A,0.0955,0.000-0.118,0.212,0.106,0.032
104,9878,-368.16,102,63.7,0.7428,0.158,0.4958,0.6813,0.4609,0.2951,0.4156,0.1817,-0.8061,A,0.0754,0.000-0.118,0.212,0.106,0.032
105,10001,-472.1,123,65.0,0.8601,0.1228,0.5141,0.6753,0.5363,0.1709,0.3317,0.1618,-0.8359,A,0.0792,0.000-0.118,0.213,0.106,0.033
106,10794,-3226.3,793,3.5,0.2517,0.1805,0.4725,0.5466,0.8788,0.0956,0.0228,0.1953,-0.5743,A,0.082,0.000-0.118,0.213,0.107,0.033
107,11602,-3485.26,808,6.3,0.3463,0.1073,0.438,0.5824,0.9404,0.1276,0.0275,0.231,-0.6284,A,0.0597,0.000-0.118,0.215,0.107,0.033
108,11648,-25.75,46,80.4,0.4818,0.1339,0.6022,0.3754,0.5838,0.9873,0.4523,0.2491,-0.3083,A,0.0962,0.000-0.118,0.215,0.107,0.033
109,12109,-1254.95,461,33.2,0.4172,0.1699,0.5459,0.456,0.55,0.5977,0.2447,0.0596,-0.4327,A,0.0584,0.000-0.118,0.215,0.108,0.033
110,12409,-591.68,300,85.0,0.8151,0.1048,0.5222,0.5353,0.8442,0.2743,0.4173,0.2103,-0.5669,A,0.1069,0.000-0.118,0.216,0.108,0.033
111,12465,-58.23,56,75.0,0.5064,0.1112,0.6426,0.3918,0.633,0.9286,0.3659,0.2291,-0.3688,A,0.0719,0.000-0.118,0.216,0.108,0.033
112,13090,-1596.53,625,18.2,0.6932,0.1522,0.5128,0.4488,0.6272,0.0791,0.1168,0.1053,-0.4147,A,0.0853,0.000-0.118,0.216,0.108,0.033
113,13167,-174.1,77,64.9,0.6765,0.0838,0.5056,0.5081,0.6444,0.3471,0.2475,0.2271,-0.5138,A,0.0875,0.000-0.118,0.216,0.108,0.033
114,13570,-1138.0,403,14.1,0.3551,0.132,0.4844,0.5131,0.7412,0.2804,0.083,0.1625,-0.5114,A,0.0909,0.000-0.118,0.217,0.108,0.033
115,13791,-488.91,221,57.5,0.6365,0.1474,0.5225,0.4879,0.8748,0.4412,0.374,0.1052,-0.4768,A,0.0844,0.000-0.118,0.217,0.109,0.033
116,13963,-269.82,172,61.6,0.6346,0.1271,0.544,0.4619,0.7739,0.4636,0.3405,0.1361,-0.4381,A,0.0631,0.000-0.118,0.217,0.109,0.033
117,14416,-1805.07,453,7.7,0.2347,0.1602,0.4282,0.5664,0.9673,0.2135,0.0499,0.1635,-0.5869,A,0.0768,0.000-0.118,0.218,0.109,0.034
118,14695,-712.29,279,48.0,0.7295,0.1385,0.5099,0.4951,0.6461,0.2191,0.2774,0.1603,-0.5057,A,0.0714,0.000-0.118,0.218,0.109,0.034
119,14887,-220.91,192,91.7,0.5591,0.1172,0.5378,0.4048,0.6347,0.9528,0.4926,0.1,-0.3565,A,0.0758,0.000-0.118,0.219,0.109,0.034
120,15209,-1161.68,322,10.2,0.5039,0.1394,0.428,0.5069,0.8899,0.1129,0.0578,0.0831,-0.4711,A,0.0932,0.000-0.118,0.219,0.11,0.034
121,15576,-1093.74,367,27.0,0.5186,0.1637,0.4691,0.5656,0.8204,0.3315,0.1942,0.0618,-0.6002,A,0.0807,0.000-0.118,0.219,0.11,0.034
122,15889,-788.24,313,51.4,0.5681,0.1604,0.4866,0.5681,0.8486,0.5417,0.3207,0.1617,-0.6101,A,0.1053,0.000-0.118,0.22,0.11,0.034
123,16214,-1054.56,325,26.8,0.5805,0.073,0.5095,0.5806,0.8826,0.4009,0.091,0.1728,-0.6506,A,0.0919,0.000-0.118,0.22,0.11,0.034
124,16433,-661.15,219,36.1,0.6184,0.1645,0.5064,0.5102,0.8485,0.2481,0.2597,0.0817,-0.5133,A,0.074,0.000-0.118,0.221,0.11,0.034
125,16697,-596.46,264,52.3,0.6088,0.1506,0.4545,0.499,0.8883,0.349,0.3578,0.0691,-0.4837,A,0.086,0.000-0.118,0.221,0.11,0.034
126,16979,-722.22,282,42.6,0.4964,0.1305,0.5012,0.536,0.8006,0.7124,0.2378,0.143,-0.5647,A,0.0855,0.000-0.118,0.221,0.111,0.034
127,17175,-629.63,196,37.2,0.8874,0.0682,0.5147,0.5232,0.8199,0.1196,0.1203,0.0628,-0.5403,A,0.0837,0.000-0.118,0.221,0.111,0.034
128,17305,56.08,130,96.9,0.2904,0.0854,0.4469,0.5216,0.8581,2.4171,0.4077,0.3493,-0.517,A,0.0908,0.000-0.118,0.222,0.111,0.034
129,17503,-490.77,198,37.9,0.8189,0.1099,0.5266,0.4141,0.7967,0.0923,0.1838,0.0651,-0.353,A,0.0927,0.000-0.118,0.222,0.111,0.034
130,17704,-467.98,201,37.3,0.497,0.1803,0.5258,0.4543,0.802,0.4232,0.2734,0.0945,-0.4196,A,0.0621,0.000-0.118,0.222,0.111,0.034
131,17947,-636.29,243,31.3,0.5604,0.0769,0.5002,0.5064,0.7931,0.388,0.1112,0.0714,-0.5037,A,0.085,0.000-0.118,0.222,0.111,0.034
132,18253,-704.53,306,38.2,0.5113,0.2169,0.4549,0.528,0.8608,0.4386,0.311,0.0777,-0.5253,A,0.0902,0.000-0.118,0.223,0.111,0.035
133,18452,-448.93,199,59.8,0.9007,0.0866,0.5521,0.42,0.7903,0.0819,0.2457,0.0864,-0.3799,A,0.1078,0.000-0.118,0.223,0.112,0.035
134,18715,-577.78,263,34.2,0.4303,0.215,0.4446,0.506,0.867,0.5138,0.3038,0.0857,-0.4845,A,0.1114,0.000-0.118,0.223,0.112,0.035
135,19070,-1136.47,355,20.0,0.471,0.1028,0.5151,0.5542,0.8429,0.3504,0.082,0.1454,-0.6161,A,0.0621,0.000-0.118,0.224,0.112,0.035
136,19181,125.42,111,96.4,0.3121,0.2683,0.4147,0.4875,0.8212,2.2547,0.857,0.3283,-0.4505,A,0.0627,0.000-0.118,0.224,0.112,0.035
137,19473,-629.84,292,41.8,0.3942,0.1208,0.4364,0.5624,0.8986,0.7933,0.2275,0.0916,-0.5688,A,0.0888,0.000-0.118,0.224,0.112,0.035
138,19890,-835.53,417,58.8,0.6419,0.0979,0.4538,0.5414,0.894,0.444,0.2736,0.2222,-0.5612,A,0.1051,0.000-0.118,0.225,0.112,0.035
139,20260,-1507.7,370,8.6,0.1613,0.1749,0.5059,0.5079,0.9108,0.2915,0.0546,0.0855,-0.5234,A,0.1022,0.000-0.118,0.225,0.113,0.035
140,20514,-384.63,254,52.8,0.4832,0.2324,0.4406,0.5241,0.842,0.7417,0.4863,0.1393,-0.4941,A,0.1077,0.000-0.118,0.226,0.113,0.035
141,20631,-146.76,117,94.0,0.9769,0.0774,0.5216,0.4231,0.582,0.2517,0.3585,0.1377,-0.3728,A,0.098,0.000-0.118,0.226,0.113,0.035
142,20881,-605.34,250,43.6,0.6849,0.1162,0.4609,0.5359,0.8403,0.3506,0.2354,0.0591,-0.5368,A,0.1034,0.000-0.118,0.226,0.113,0.035
143,21260,-1254.11,379,18.5,0.4245,0.1106,0.4301,0.5393,0.9548,0.2586,0.0922,0.1556,-0.529,A,0.0901,0.000-0.118,0.227,0.113,0.035
144,21566,-570.29,306,52.6,0.303,0.1565,0.4484,0.5433,0.9289,1.2779,0.3495,0.0992,-0.5477,A,0.0867,0.000-0.118,0.227,0.113,0.035
145,21699,96.28,133,99.2,0.3998,0.1563,0.4534,0.4888,0.8469,2.187,0.6831,0.2034,-0.4504,A,0.1058,0.000-0.118,0.227,0.114,0.035
146,22088,-1145.59,389,59.1,0.7657,0.1134,0.4438,0.5621,0.8798,0.2331,0.3079,0.1453,-0.5751,A,0.0761,0.000-0.118,0.228,0.114,0.036
147,22444,-691.46,356,29.5,0.5494,0.1742,0.4187,0.4541,0.8648,0.2523,0.2348,0.1053,-0.4019,A,0.1001,0.000-0.118,0.228,0.114,0.036
148,22826,-1156.75,382,30.9,0.8685,0.121,0.4358,0.5717,0.8973,0.1175,0.1479,0.1203,-0.5855,A,0.0885,0.000-0.118,0.229,0.114,0.036
149,23161,-881.99,335,34.9,0.7694,0.1357,0.4407,0.5783,0.9314,0.4571,0.1949,0.1463,-0.6059,A,0.0911,0.000-0.118,0.229,0.114,0.036
150,23551,-768.38,390,57.9,0.6838,0.1165,0.4174,0.5365,0.958,0.2665,0.3108,0.1611,-0.5207,A,0.088,0.000-0.118,0.229,0.115,0.036
151,23975,-1000.89,424,38.4,0.4959,0.1404,0.3938,0.5286,0.9574,0.5317,0.2387,0.1202,-0.5169,A,0.0682,0.000-0.118,0.23,0.115,0.036
152,24309,-73.36,334,94.6,0.5256,0.1729,0.4574,0.4986,0.8704,1.0376,0.6527,0.2893,-0.4764,A,0.0841,0.000-0.118,0.23,0.115,0.036
153,24649,-656.15,340,49.7,0.4796,0.1479,0.4221,0.5251,0.9256,0.8337,0.3284,0.144,-0.511,A,0.0791,0.000-0.118,0.231,0.115,0.036
154,24951,-715.68,302,42.7,0.4054,0.2014,0.4728,0.5873,0.8841,0.7693,0.3612,0.1623,-0.6376,A,0.0889,0.000-0.118,0.231,0.116,0.036
155,25099,-58.26,148,92.6,0.5844,0.1827,0.4516,0.4854,0.8054,0.9001,0.6993,0.1978,-0.4476,A,0.1013,0.000-0.118,0.231,0.116,0.036
156,25458,-602.93,359,48.5,0.5186,0.1606,0.4136,0.5016,0.8939,0.5363,0.3479,0.1224,-0.4751,A,0.0832,0.000-0.118,0.232,0.116,0.036
157,25857,-650.41,399,59.6,0.7802,0.1151,0.3974,0.4719,0.8878,0.2579,0.3087,0.1214,-0.4177,A,0.0681,0.000-0.118,0.232,0.116,0.036
158,26258,-1090.01,401,27.4,0.5884,0.1845,0.4689,0.5353,0.8319,0.2994,0.2038,0.1149,-0.5414,A,0.0688,0.000-0.118,0.233,0.116,0.037
159,26798,-1229.63,540,49.1,0.7003,0.1025,0.4254,0.4875,0.9241,0.412,0.2283,0.117,-0.4608,A,0.0825,0.000-0.118,0.233,0.117,0.037
160,27169,-1146.48,371,27.0,0.3773,0.1372,0.4244,0.5552,0.9532,0.5595,0.1389,0.1647,-0.569,A,0.1063,0.000-0.118,0.234,0.117,0.037
161,27606,-1093.63,437,50.3,0.6331,0.1341,0.4232,0.5379,0.9476,0.3645,0.304,0.1286,-0.5266,A,0.0807,0.000-0.118,0.235,0.117,0.037
162,28341,-1718.55,735,34.6,0.6737,0.1491,0.4204,0.5193,0.9384,0.3711,0.2299,0.2482,-0.5038,A,0.0914,0.000-0.118,0.235,0.118,0.037
163,28587,-59.84,246,93.5,0.4892,0.1415,0.4577,0.492,0.8989,1.4628,0.5983,0.1429,-0.4815,A,0.0817,0.000-0.118,0.236,0.118,0.037
164,29012,-917.88,425,39.3,0.5509,0.1872,0.4591,0.5194,0.8533,0.3661,0.3018,0.1421,-0.5149,A,0.0693,0.000-0.118,0.236,0.118,0.037
165,29701,-2001.69,689,19.0,0.6491,0.1709,0.4773,0.4944,0.7454,0.1538,0.1358,0.1005,-0.478,A,0.0834,0.000-0.118,0.237,0.119,0.037
166,29986,-424.99,285,61.4,0.3352,0.1435,0.4516,0.5643,0.7525,1.4653,0.389,0.1316,-0.5805,A,0.1031,0.000-0.118,0.237,0.119,0.037
167,30477,-1033.28,491,62.7,0.7723,0.1009,0.5112,0.5102,0.8599,0.3965,0.3016,0.2094,-0.5279,A,0.0877,0.000-0.118,0.238,0.119,0.038
168,31268,-2159.17,791,18.7,0.7615,0.1366,0.4709,0.4895,0.8037,0.0798,0.098,0.1225,-0.4695,A,0.108,0.000-0.118,0.239,0.12,0.038
169,31546,-251.79,278,75.2,0.4949,0.1077,0.5078,0.4484,0.8197,1.1226,0.3627,0.1481,-0.4067,A,0.0897,0.000-0.118,0.239,0.12,0.038
170,31980,-956.1,434,34.1,0.591,0.1888,0.4477,0.4838,0.8081,0.2843,0.2741,0.0997,-0.4506,A,0.0706,0.000-0.118,0.24,0.12,0.038
171,32282,-508.99,302,49.7,0.4912,0.1491,0.455,0.4985,0.9251,0.7363,0.2934,0.1647,-0.4816,A,0.0813,0.000-0.118,0.24,0.12,0.038
172,32396,-23.6,114,91.2,0.2937,0.1468,0.5266,0.5633,0.8315,2.2598,0.4957,0.2813,-0.6241,A,0.0705,0.000-0.118,0.24,0.12,0.038
173,32517,-21.84,121,95.9,0.5578,0.2021,0.4808,0.5126,0.835,1.1829,0.7718,0.2857,-0.4943,A,0.0965,0.000-0.118,0.241,0.12,0.038
174,32879,-1081.56,362,34.8,0.6266,0.1223,0.4497,0.5184,0.9068,0.2677,0.1879,0.1278,-0.5038,A,0.1173,0.000-0.118,0.241,0.121,0.038
175,33466,-1331.0,587,32.4,0.705,0.1509,0.437,0.4988,0.856,0.2576,0.201,0.139,-0.4679,A,0.1135,0.000-0.118,0.242,0.121,0.038
176,33911,-1082.34,445,38.2,0.6266,0.1592,0.4154,0.5369,0.9188,0.3543,0.2709,0.1471,-0.5286,A,0.1005,0.000-0.118,0.242,0.121,0.038
177,34452,-1605.26,541,25.0,0.5408,0.1591,0.4518,0.5019,0.9191,0.3656,0.177,0.0967,-0.4776,A,0.0775,0.000-0.118,0.243,0.122,0.039
178,35395,-2059.35,943,41.5,0.6635,0.1611,0.4351,0.5433,0.8735,0.441,0.2556,0.24,-0.5534,A,0.1155,0.000-0.118,0.244,0.122,0.039
179,35768,-877.04,373,32.4,0.5517,0.1672,0.452,0.5071,0.8683,0.3789,0.2302,0.156,-0.491,A,0.0847,0.000-0.118,0.245,0.122,0.039
180,36711,-2403.61,943,24.6,0.6251,0.1628,0.4397,0.5141,0.8716,0.2332,0.1778,0.1608,-0.496,A,0.0763,0.000-0.118,0.246,0.123,0.039
181,37216,-784.83,505,66.3,0.7194,0.125,0.4881,0.5037,0.8433,0.3685,0.3712,0.289,-0.4955,A,0.1149,0.000-0.118,0.247,0.123,0.039
182,37325,-111.41,109,88.1,0.5653,0.1224,0.4818,0.4862,0.7488,0.6548,0.4673,0.2292,-0.4523,A,0.0962,0.000-0.118,0.247,0.123,0.039
183,37845,-1095.23,520,27.9,0.595,0.1816,0.4275,0.5305,0.9499,0.4241,0.1964,0.2236,-0.5168,A,0.121,0.000-0.118,0.247,0.124,0.039
184,39142,-5749.74,1297,6.8,0.6043,0.1618,0.5123,0.4441,0.8458,0.0535,0.0492,0.2251,-0.4117,A,0.1179,0.000-0.118,0.249,0.124,0.04
185,39909,-1943.12,767,24.9,0.4651,0.0903,0.3994,0.5237,0.9097,0.322,0.098,0.2212,-0.5002,A,0.0823,0.000-0.118,0.25,0.125,0.04
186,40253,-923.1,344,31.7,0.7572,0.1607,0.4692,0.5181,0.8884,0.1935,0.2211,0.2159,-0.5184,A,0.1091,0.000-0.118,0.25,0.125,0.04
187,40664,-964.91,411,28.0,0.5372,0.1781,0.4267,0.5174,0.8864,0.4177,0.2179,0.124,-0.4872,A,0.0755,0.000-0.118,0.251,0.125,0.04
188,41463,-1133.45,799,53.2,0.5105,0.1439,0.4187,0.521,0.9113,0.8359,0.3325,0.2559,-0.5134,A,0.0824,0.000-0.118,0.252,0.126,0.04
189,41893,-992.64,430,27.2,0.6701,0.1717,0.475,0.4791,0.8663,0.2407,0.1998,0.118,-0.4505,A,0.0979,0.000-0.118,0.252,0.126,0.04
190,42555,-2042.24,662,17.1,0.3093,0.1747,0.4834,0.5251,0.8604,0.4488,0.1187,0.2441,-0.5424,A,0.0988,0.000-0.118,0.253,0.127,0.041
191,43629,-2853.42,1074,17.7,0.3007,0.1196,0.433,0.5433,0.8749,0.4469,0.0915,0.2631,-0.5528,A,0.114,0.000-0.118,0.255,0.127,0.041
192,44301,-1338.99,672,39.7,0.4625,0.113,0.4527,0.5096,0.8127,0.664,0.2097,0.158,-0.4983,A,0.0863,0.000-0.118,0.255,0.128,0.041
193,44415,-16.71,114,93.9,0.424,0.1099,0.4713,0.5088,0.7834,1.8291,0.4528,0.2256,-0.5082,A,0.1199,0.000-0.118,0.256,0.128,0.041
194,44972,-1363.71,557,21.5,0.5571,0.1319,0.4953,0.4942,0.8401,0.2945,0.1212,0.1769,-0.4945,A,0.0912,0.000-0.118,0.256,0.128,0.041
195,45344,-706.44,372,65.9,0.7815,0.1354,0.5078,0.5153,0.7852,0.2786,0.3429,0.2264,-0.5207,A,0.0826,0.000-0.118,0.257,0.128,0.041
196,45755,-791.3,411,34.5,0.4914,0.1202,0.4933,0.4634,0.6287,0.6194,0.1793,0.1264,-0.4354,A,0.1204,0.000-0.118,0.257,0.129,0.041
197,45835,-7.4,80,100.0,0.3639,0.1948,0.4985,0.4859,0.6759,1.9815,0.7533,0.2001,-0.4649,A,0.0882,0.000-0.118,0.257,0.129,0.041
198,46283,-951.94,448,29.0,0.4715,0.189,0.4409,0.5434,0.8563,0.5647,0.2353,0.2726,-0.5567,A,0.1002,0.000-0.118,0.258,0.129,0.042
199,46657,-426.63,374,74.3,0.5863,0.1557,0.4446,0.5197,0.7722,0.905,0.505,0.3014,-0.5144,A,0.1229,0.000-0.118,0.258,0.129,0.042
200,46788,116.98,131,100.0,0.362,0.2381,0.428,0.4783,0.8773,2.0562,0.7385,0.2987,-0.4396,A,0.0814,0.000-0.118,0.258,0.129,0.042
201,47270,-168.11,482,99.8,0.6195,0.1877,0.4122,0.5491,0.9498,0.9519,0.7537,0.3556,-0.5523,A,0.1284,0.000-0.118,0.259,0.13,0.042
202,47689,-1065.76,419,30.5,0.8307,0.1301,0.4601,0.5067,0.8612,0.1643,0.1713,0.1843,-0.4896,A,0.1244,0.000-0.118,0.26,0.13,0.042
203,47811,-78.86,122,95.1,0.708,0.1121,0.4599,0.4923,0.8343,1.0966,0.4645,0.19,-0.4699,A,0.1276,0.000-0.118,0.26,0.13,0.042
204,48307,-320.93,496,99.8,0.6216,0.1851,0.3932,0.547,0.9592,0.595,0.7725,0.3671,-0.541,A,0.1129,0.000-0.118,0.26,0.13,0.042
205,48697,-625.59,390,67.7,0.6479,0.1739,0.4285,0.5327,0.8805,0.4149,0.4711,0.2663,-0.5259,A,0.0862,0.000-0.118,0.261,0.13,0.042
206,48998,-337.7,301,67.8,0.6128,0.2127,0.4134,0.4615,0.7959,0.422,0.5573,0.227,-0.4105,A,0.1032,0.000-0.118,0.261,0.131,0.042
207,49179,-104.29,181,96.7,0.6949,0.1813,0.451,0.4691,0.8075,0.4513,0.7525,0.3105,-0.428,A,0.1195,0.000-0.118,0.261,0.131,0.042
208,49476,-696.57,297,32.0,0.5627,0.1955,0.486,0.5163,0.7724,0.3345,0.2465,0.1602,-0.5045,A,0.1133,0.000-0.118,0.262,0.131,0.042
209,49771,-588.76,295,35.3,0.5016,0.1706,0.4944,0.4895,0.7736,0.576,0.2286,0.1469,-0.4799,A,0.1006,0.000-0.118,0.262,0.131,0.042
210,50065,-491.47,294,62.2,0.6844,0.141,0.4419,0.516,0.7152,0.5146,0.3759,0.2692,-0.5064,A,0.0908,0.000-0.118,0.263,0.131,0.043
211,50474,-112.75,409,87.3,0.4313,0.1357,0.4454,0.5274,0.8841,1.6137,0.5229,0.3198,-0.5239,A,0.1294,0.000-0.118,0.263,0.132,0.043
212,50729,-583.11,255,36.1,0.5603,0.1729,0.5052,0.5284,0.7688,0.4846,0.2381,0.1831,-0.5299,A,0.0823,0.000-0.118,0.263,0.132,0.043
213,50988,-433.64,259,54.1,0.5094,0.1931,0.4347,0.5359,0.7735,0.6616,0.4538,0.2405,-0.5291,A,0.1294,0.000-0.118,0.264,0.132,0.043
214,51280,-592.32,292,50.0,0.6791,0.1369,0.5128,0.5383,0.8564,0.5193,0.2728,0.2956,-0.5602,A,0.1113,0.000-0.118,0.264,0.132,0.043
215,51608,-858.03,328,35.4,0.6141,0.1238,0.4568,0.514,0.8137,0.3476,0.1868,0.175,-0.4975,A,0.0973,0.000-0.118,0.265,0.132,0.043
216,51780,-122.9,172,99.4,0.6735,0.1498,0.4764,0.5037,0.8335,0.7725,0.6243,0.2928,-0.4884,A,0.1311,0.000-0.118,0.265,0.132,0.043
217,52055,132.26,275,98.9,0.448,0.234,0.4016,0.5011,0.9397,1.3198,0.933,0.3231,-0.4628,A,0.1114,0.000-0.118,0.265,0.133,0.043
218,52587,-1044.35,532,63.3,0.8169,0.1121,0.4612,0.4894,0.814,0.1756,0.3119,0.241,-0.4676,A,0.1328,0.000-0.118,0.266,0.133,0.043
219,53104,-1132.63,517,35.4,0.5524,0.2144,0.4295,0.5321,0.7938,0.4102,0.2954,0.2383,-0.5178,A,0.0836,0.000-0.118,0.266,0.133,0.043
220,53431,-405.92,327,76.5,0.4881,0.1426,0.4477,0.5345,0.8848,0.9602,0.4965,0.2132,-0.5339,A,0.115,0.000-0.118,0.267,0.133,0.043
221,53694,-410.87,263,57.0,0.5382,0.1907,0.5048,0.5023,0.7043,0.7046,0.4496,0.1715,-0.4993,A,0.1286,0.000-0.118,0.267,0.134,0.043
222,53928,-655.81,234,32.5,0.5297,0.1935,0.5272,0.5508,0.9097,0.3023,0.233,0.1842,-0.5856,A,0.1239,0.000-0.118,0.267,0.134,0.043
223,54398,-603.06,470,66.4,0.5804,0.195,0.4373,0.5043,0.8124,0.4727,0.5547,0.2925,-0.488,A,0.1174,0.000-0.118,0.268,0.134,0.044
224,55167,-1054.1,769,70.2,0.47,0.1463,0.4388,0.5567,0.8916,0.953,0.4576,0.2398,-0.5609,A,0.1021,0.000-0.118,0.269,0.134,0.044
225,55324,-532.69,157,26.8,0.7197,0.0714,0.459,0.5246,0.646,0.1146,0.0886,0.0733,-0.5174,A,0.1298,0.000-0.118,0.269,0.135,0.044
226,55509,-664.08,185,20.5,0.8155,0.1111,0.46,0.5438,0.6802,0.1126,0.0978,0.0597,-0.5637,A,0.1151,0.000-0.118,0.269,0.135,0.044
227,56192,-1090.89,683,75.4,0.6829,0.1025,0.4351,0.5398,0.8842,0.7702,0.3308,0.2043,-0.5416,A,0.1307,0.000-0.118,0.27,0.135,0.044
228,56424,-596.05,232,27.2,0.685,0.1661,0.4492,0.4984,0.8436,0.1673,0.1828,0.0914,-0.4706,A,0.1189,0.000-0.118,0.271,0.135,0.044
229,56674,-447.55,250,39.6,0.499,0.197,0.4188,0.5017,0.7916,0.6729,0.2731,0.1177,-0.4653,A,0.1103,0.000-0.118,0.271,0.135,0.044
230,57017,-434.33,343,55.7,0.419,0.2205,0.4401,0.5326,0.8476,0.9522,0.4938,0.2171,-0.5245,A,0.0987,0.000-0.118,0.271,0.136,0.044
231,57343,-257.58,326,97.9,0.4636,0.187,0.4578,0.628,0.924,1.4638,0.7657,0.4001,-0.7181,A,0.1074,0.000-0.118,0.272,0.136,0.044
232,57587,-573.0,244,37.3,0.5773,0.1867,0.4295,0.5175,0.7171,0.4206,0.2403,0.1091,-0.4778,A,0.0929,0.000-0.118,0.272,0.136,0.044
233,57963,-965.01,376,24.5,0.4841,0.1942,0.4596,0.5225,0.8556,0.4028,0.1677,0.2582,-0.5203,A,0.0941,0.000-0.118,0.272,0.136,0.044
234,58711,-1988.37,748,24.9,0.5167,0.1947,0.4343,0.5252,0.8224,0.299,0.1954,0.1479,-0.5191,A,0.1171,0.000-0.118,0.273,0.137,0.045
235,58842,-96.05,131,90.8,0.7172,0.1443,0.4612,0.5197,0.8549,0.8494,0.504,0.3447,-0.5108,A,0.126,0.000-0.118,0.274,0.137,0.045
236,59213,-794.0,371,38.0,0.6065,0.2293,0.4338,0.5003,0.739,0.2382,0.3447,0.1807,-0.4704,A,0.1284,0.000-0.118,0.274,0.137,0.045
237,59480,-26.81,267,95.9,0.5917,0.2009,0.4411,0.4983,0.8362,0.8709,0.8022,0.3517,-0.4641,A,0.1144,0.000-0.118,0.274,0.137,0.045
238,60126,-1577.9,646,23.7,0.4061,0.2057,0.4591,0.517,0.8533,0.4615,0.1973,0.1343,-0.5038,A,0.1145,0.000-0.118,0.275,0.138,0.045
239,60916,-1825.2,790,24.9,0.3662,0.255,0.4132,0.5335,0.8975,0.4951,0.2134,0.202,-0.5226,A,0.1072,0.000-0.118,0.276,0.138,0.045
240,61097,-537.61,181,27.6,0.7007,0.0915,0.4639,0.5019,0.7674,0.0883,0.1162,0.0863,-0.4732,A,0.0959,0.000-0.118,0.276,0.138,0.045
241,61281,-111.38,184,85.3,0.5809,0.1555,0.4333,0.5402,0.9067,1.1658,0.5297,0.2846,-0.5328,A,0.1337,0.000-0.118,0.277,0.138,0.045
242,61948,-1810.9,667,20.7,0.4564,0.109,0.4319,0.5128,0.8731,0.3188,0.0907,0.1622,-0.4929,A,0.0957,0.000-0.118,0.277,0.139,0.045
243,62888,-2610.02,940,16.3,0.6267,0.1389,0.4292,0.5161,0.8817,0.1248,0.0883,0.1861,-0.5035,A,0.0968,0.000-0.118,0.279,0.139,0.046
244,63113,-436.24,225,40.0,0.4976,0.1447,0.4604,0.5015,0.8982,0.4695,0.2542,0.2717,-0.4724,A,0.1161,0.000-0.118,0.279,0.139,0.046
245,63705,-852.11,592,48.0,0.3433,0.1304,0.4495,0.5121,0.7911,1.1164,0.2409,0.197,-0.5014,A,0.1057,0.000-0.118,0.28,0.14,0.046
246,63952,-472.19,247,63.6,0.7408,0.1418,0.449,0.5484,0.914,0.4211,0.3825,0.2275,-0.5429,A,0.108,0.000-0.118,0.28,0.14,0.046
247,64736,-2838.73,784,6.0,0.298,0.1496,0.4629,0.5335,0.8317,0.1405,0.038,0.1064,-0.544,A,0.113,0.000-0.118,0.281,0.14,0.046
248,65498,-2046.79,762,29.7,0.8016,0.0964,0.4324,0.5238,0.88,0.1539,0.1294,0.2338,-0.5075,A,0.133,0.000-0.118,0.282,0.141,0.046
249,67298,-7112.42,1800,9.7,0.7036,0.1373,0.4382,0.5783,0.9126,0.0426,0.0574,0.2089,-0.6124,A,0.1161,0.000-0.118,0.284,0.142,0.047
250,68162,-2837.44,864,17.4,0.7605,0.1286,0.4595,0.5197,0.891,0.1026,0.0964,0.2347,-0.5209,A,0.0992,0.000-0.118,0.285,0.143,0.047
251,69383,-4566.45,1221,8.8,0.3778,0.1768,0.4719,0.5661,0.8949,0.1618,0.059,0.2073,-0.6006,A,0.1357,0.000-0.118,0.287,0.143,0.047
252,69853,-1246.3,470,46.6,0.6667,0.1723,0.4204,0.5685,0.9231,0.2634,0.3609,0.2019,-0.5862,A,0.1253,0.000-0.118,0.287,0.144,0.047
253,70805,-4315.04,952,9.3,0.4253,0.1226,0.4412,0.5748,0.9358,0.1328,0.0474,0.2588,-0.6074,A,0.0979,0.000-0.118,0.289,0.144,0.048
254,71853,-2389.49,1048,31.6,0.315,0.1508,0.4243,0.5642,0.9486,0.7188,0.2125,0.1892,-0.5832,A,0.1109,0.000-0.118,0.29,0.145,0.048
255,74183,-9568.47,2330,6.4,0.6124,0.1506,0.4229,0.5849,0.9109,0.0438,0.0438,0.3096,-0.6213,A,0.1408,0.000-0.118,0.293,0.146,0.049
256,74656,-1904.37,473,30.0,0.7415,0.0927,0.4514,0.5503,0.8649,0.0774,0.1281,0.1449,-0.575,A,0.1333,0.000-0.118,0.293,0.147,0.049
257,75282,-2377.54,626,16.6,0.674,0.1619,0.4827,0.5178,0.7859,0.1967,0.1037,0.1725,-0.513,A,0.1164,0.000-0.118,0.294,0.147,0.049
258,76058,-3415.59,776,9.5,0.6931,0.1542,0.4196,0.5155,0.9256,0.0509,0.0632,0.1934,-0.4899,A,0.1143,0.000-0.118,0.295,0.148,0.049
259,76566,-1575.15,508,22.8,0.7052,0.142,0.5038,0.511,0.8241,0.2575,0.116,0.1583,-0.5076,A,0.1283,0.000-0.118,0.296,0.148,0.049
260,77430,-2393.21,864,19.3,0.5261,0.1487,0.4167,0.5578,0.9475,0.2393,0.1297,0.3377,-0.5682,A,0.1228,0.000-0.118,0.297,0.148,0.049
261,78135,-2692.19,705,25.1,0.6506,0.153,0.5083,0.4664,0.784,0.2508,0.162,0.1493,-0.4557,A,0.1156,0.000-0.118,0.298,0.149,0.05
262,78295,-104.03,160,90.0,0.4553,0.1651,0.4715,0.5438,0.751,1.6556,0.6044,0.1957,-0.5513,A,0.142,0.000-0.118,0.298,0.149,0.05
263,78383,61.07,88,100.0,0.3827,0.2524,0.5106,0.5034,0.8263,2.0873,0.8469,0.3018,-0.5039,A,0.1087,0.000-0.118,0.298,0.149,0.05
264,78617,-312.63,234,52.1,0.3865,0.1851,0.5087,0.4931,0.7025,1.2594,0.3949,0.1726,-0.4804,A,0.1023,0.000-0.118,0.298,0.149,0.05
265,79057,-1530.0,440,17.3,0.6974,0.1652,0.5284,0.4823,0.6965,0.1135,0.1243,0.0783,-0.474,A,0.1295,0.000-0.118,0.299,0.149,0.05
266,79283,-805.79,226,27.9,0.6344,0.1522,0.5036,0.4742,0.4527,0.3862,0.1802,0.0604,-0.4433,A,0.1131,0.000-0.118,0.299,0.15,0.05
267,79930,-2188.36,647,21.2,0.4011,0.2162,0.5416,0.5152,0.7097,0.3714,0.1883,0.1288,-0.5516,A,0.1417,0.000-0.118,0.3,0.15,0.05
268,80153,20.93,223,99.1,0.5989,0.1843,0.4769,0.488,0.7815,1.3436,0.653,0.2604,-0.466,B,0.1395,0.118-0.322,0.3,0.15,0.05
269,80316,-406.62,163,62.0,0.7291,0.1274,0.496,0.556,0.706,0.2866,0.3744,0.1492,-0.5841,B,0.131,0.118-0.322,0.3,0.15,0.05
270,80548,-563.29,232,37.5,0.7984,0.1236,0.5782,0.3947,0.5149,0.113,0.2166,0.0731,-0.3507,B,0.1321,0.118-0.322,0.301,0.15,0.05
271,80779,-572.05,231,48.1,0.5582,0.1582,0.4968,0.5204,0.5158,0.443,0.3248,0.1908,-0.5217,B,0.1391,0.118-0.322,0.301,0.151,0.05
272,81063,-640.53,284,85.6,0.8558,0.082,0.4797,0.5394,0.7334,0.1308,0.341,0.1647,-0.558,B,0.1345,0.118-0.322,0.301,0.151,0.05
273,81257,-319.98,194,57.7,0.4965,0.1814,0.4871,0.5083,0.5052,0.9538,0.4099,0.1566,-0.4829,B,0.1204,0.118-0.322,0.301,0.151,0.05
274,82177,-4186.44,920,7.5,0.8265,0.1277,0.4671,0.5155,0.87,0.0453,0.0438,0.2161,-0.514,B,0.1432,0.118-0.322,0.302,0.152,0.051
275,82320,-270.84,143,87.4,0.9834,0.0579,0.554,0.4516,0.3857,0.1766,0.2584,0.0878,-0.4175,B,0.1162,0.118-0.322,0.303,0.152,0.051
276,82507,-525.16,187,35.8,0.7859,0.1286,0.5379,0.3701,0.4307,0.1472,0.2002,0.0461,-0.3104,B,0.1324,0.118-0.322,0.303,0.152,0.051
277,82708,-681.81,201,22.9,0.6906,0.1883,0.4669,0.5423,0.6524,0.186,0.1723,0.1049,-0.5601,B,0.1132,0.118-0.322,0.303,0.152,0.051
278,82866,-397.04,158,75.3,0.9587,0.0602,0.5331,0.4888,0.409,0.0323,0.2335,0.0632,-0.4821,B,0.1217,0.118-0.322,0.303,0.152,0.051
279,83069,-293.47,203,80.8,0.6005,0.1673,0.4544,0.5444,0.6456,0.8144,0.5851,0.2025,-0.5533,B,0.1241,0.118-0.322,0.303,0.153,0.051
280,83213,-363.88,144,45.8,0.8289,0.1012,0.4577,0.4917,0.5176,0.109,0.222,0.1012,-0.4607,B,0.1153,0.118-0.322,0.304,0.153,0.051
281,83414,-528.65,201,57.2,0.6626,0.1642,0.5057,0.5386,0.5025,0.3939,0.419,0.1955,-0.5689,B,0.1089,0.118-0.322,0.304,0.153,0.051
282,83639,-513.03,225,75.6,0.8913,0.0945,0.4712,0.5327,0.69,0.0803,0.3227,0.1446,-0.5438,B,0.1353,0.118-0.322,0.304,0.153,0.051
283,83781,-309.18,142,88.0,0.5718,0.136,0.5316,0.5246,0.619,0.7977,0.5182,0.0732,-0.5488,B,0.1227,0.118-0.322,0.304,0.153,0.051
284,83946,-306.29,165,70.9,0.7474,0.1421,0.5201,0.4828,0.6391,0.2228,0.4566,0.1221,-0.4544,B,0.1331,0.118-0.322,0.304,0.153,0.051
285,84222,-473.77,276,37.3,0.3208,0.2461,0.4614,0.5148,0.7176,0.8873,0.3316,0.1616,-0.4925,B,0.1518,0.118-0.322,0.305,0.154,0.051
286,84414,-197.46,192,87.0,0.5218,0.1621,0.4443,0.5075,0.6404,1.0526,0.5974,0.1767,-0.4796,B,0.1416,0.118-0.322,0.305,0.154,0.051
287,84598,-518.42,184,37.5,0.6299,0.1961,0.4803,0.5143,0.4434,0.2106,0.2723,0.1653,-0.4971,B,0.146,0.118-0.322,0.305,0.154,0.051
288,84754,-346.66,156,55.1,0.8361,0.1386,0.5171,0.4529,0.445,0.0662,0.3398,0.0867,-0.4114,B,0.146,0.118-0.322,0.305,0.154,0.051
289,85007,-500.21,253,51.0,0.2524,0.1625,0.4712,0.5313,0.5965,1.4263,0.3529,0.0848,-0.5314,B,0.1425,0.118-0.322,0.306,0.154,0.051
290,85161,-290.13,154,56.5,0.6459,0.1519,0.5013,0.4863,0.4768,0.6851,0.3737,0.0747,-0.4597,B,0.1462,0.118-0.322,0.306,0.154,0.051
291,85345,-388.49,184,83.2,0.7911,0.1216,0.5316,0.4987,0.518,0.28,0.4523,0.145,-0.5047,B,0.112,0.118-0.322,0.306,0.154,0.051
292,85501,-458.92,156,31.4,0.9535,0.1167,0.5212,0.476,0.3166,0.042,0.162,0.0611,-0.4541,B,0.1462,0.118-0.322,0.306,0.155,0.052
293,85647,-392.94,146,71.9,0.8004,0.0853,0.5208,0.5338,0.5182,0.2505,0.2897,0.1025,-0.5548,B,0.1104,0.118-0.322,0.306,0.155,0.052
294,85925,-726.76,278,42.4,0.8845,0.117,0.4717,0.5396,0.8658,0.0916,0.2169,0.1339,-0.535,B,0.1233,0.118-0.322,0.307,0.155,0.052
295,86052,-348.97,127,31.5,1.0855,0.0538,0.5653,0.4528,0.4297,0.0033,0.0965,0.0757,-0.4441,B,0.1281,0.118-0.322,0.307,0.155,0.052
296,86203,-387.03,151,45.0,0.8565,0.0779,0.5427,0.4484,0.2967,0.1447,0.1714,0.0646,-0.4231,B,0.1524,0.118-0.322,0.307,0.155,0.052
297,86334,-439.41,131,32.1,0.7276,0.1424,0.5116,0.5266,0.2567,0.2032,0.2085,0.0881,-0.525,B,0.15,0.118-0.322,0.307,0.155,0.052
298,86516,-307.31,182,92.3,0.6603,0.0997,0.4612,0.5084,0.5413,0.4961,0.4301,0.1544,-0.4746,B,0.1251,0.118-0.322,0.307,0.155,0.052
299,86650,-388.27,134,37.3,0.7566,0.1268,0.5212,0.4737,0.2546,0.2389,0.219,0.0986,-0.4593,B,0.1125,0.118-0.322,0.307,0.156,0.052
300,86872,-317.24,222,68.0,0.5173,0.1942,0.5244,0.4904,0.5562,0.7426,0.5429,0.1841,-0.4755,B,0.1351,0.118-0.322,0.308,0.156,0.052
301,87033,-391.11,161,55.9,0.698,0.162,0.535,0.49,0.4464,0.1965,0.3961,0.07,-0.4737,B,0.1513,0.118-0.322,0.308,0.156,0.052
302,87176,-434.24,143,63.6,0.8425,0.1337,0.506,0.5731,0.4637,0.2164,0.3731,0.0759,-0.6176,B,0.1355,0.118-0.322,0.308,0.156,0.052
303,87302,-392.32,126,30.2,0.7939,0.118,0.5232,0.4997,0.2873,0.0929,0.1674,0.0841,-0.4661,B,0.1216,0.118-0.322,0.308,0.156,0.052
304,87461,-461.95,159,32.7,0.6763,0.1281,0.5,0.4903,0.4876,0.2957,0.1727,0.0945,-0.4679,B,0.1119,0.118-0.322,0.308,0.156,0.052
305,87624,-432.53,163,58.9,0.8269,0.1253,0.5015,0.5177,0.401,0.0537,0.3492,0.088,-0.5063,B,0.1201,0.118-0.322,0.308,0.156,0.052
306,87787,-400.5,163,66.3,0.7248,0.1243,0.5042,0.5177,0.4485,0.4521,0.3671,0.0673,-0.5081,B,0.142,0.118-0.322,0.309,0.156,0.052
307,87945,-386.59,158,45.6,0.8102,0.0932,0.5116,0.4626,0.4275,0.2554,0.1977,0.0893,-0.4277,B,0.1204,0.118-0.322,0.309,0.157,0.052
308,88144,-651.13,199,12.6,0.7411,0.1998,0.463,0.4908,0.6502,0.0292,0.0965,0.1056,-0.4625,B,0.1294,0.118-0.322,0.309,0.157,0.052
309,88338,-548.6,194,53.1,0.6997,0.1856,0.4757,0.5774,0.5628,0.287,0.404,0.148,-0.5973,B,0.1282,0.118-0.322,0.309,0.157,0.052
310,88494,-347.37,156,54.5,0.5156,0.1714,0.5024,0.4915,0.4659,0.6109,0.4058,0.0687,-0.4768,B,0.1427,0.118-0.322,0.309,0.157,0.052
311,88630,-473.38,136,39.0,0.8009,0.1326,0.5047,0.5741,0.4319,0.2156,0.2418,0.1025,-0.6206,B,0.116,0.118-0.322,0.31,0.157,0.052
312,88938,-581.62,308,70.5,0.9476,0.0928,0.5198,0.4777,0.7783,0.1002,0.2956,0.1702,-0.469,B,0.1177,0.118-0.322,0.31,0.157,0.052
313,89128,-318.69,190,58.9,0.5527,0.1507,0.5344,0.4389,0.7886,0.7113,0.3973,0.1078,-0.3837,B,0.104,0.118-0.322,0.31,0.158,0.053
314,89386,-241.7,258,75.6,0.4837,0.2037,0.4495,0.5008,0.7783,0.9698,0.6341,0.2453,-0.4723,B,0.1078,0.118-0.322,0.31,0.158,0.053
315,89544,-488.43,158,29.7,0.7707,0.1458,0.5221,0.4839,0.4599,0.1814,0.1821,0.0798,-0.4676,B,0.125,0.118-0.322,0.311,0.158,0.053
316,89751,-305.22,207,77.3,0.5176,0.1796,0.463,0.5401,0.6947,0.8521,0.6182,0.1553,-0.5319,B,0.1042,0.118-0.322,0.311,0.158,0.053
317,89929,-445.63,178,52.2,0.8169,0.12,0.5059,0.4906,0.4519,0.1649,0.2734,0.0694,-0.4697,B,0.1414,0.118-0.322,0.311,0.158,0.053
318,90084,-370.16,155,70.3,0.9287,0.1,0.5319,0.4705,0.473,0.0331,0.3252,0.0741,-0.4676,B,0.1382,0.118-0.322,0.311,0.158,0.053
319,90273,-307.38,189,79.4,0.6936,0.1726,0.4963,0.4896,0.6199,0.2717,0.561,0.1688,-0.4795,B,0.1553,0.118-0.322,0.311,0.159,0.053
320,90471,-496.56,198,47.0,0.7431,0.157,0.5207,0.4386,0.7373,0.2058,0.3082,0.0767,-0.3943,B,0.1403,0.118-0.322,0.312,0.159,0.053
321,90691,-286.49,220,64.1,0.4363,0.1959,0.461,0.5152,0.6236,1.164,0.4832,0.1672,-0.4993,B,0.1131,0.118-0.322,0.312,0.159,0.053
322,90826,-286.31,135,77.8,0.95,0.0629,0.5014,0.4588,0.409,0.1181,0.2565,0.1002,-0.4263,B,0.1331,0.118-0.322,0.312,0.159,0.053
323,91045,-350.45,219,65.3,0.5388,0.2186,0.4869,0.4927,0.6617,0.7201,0.5342,0.1334,-0.48,B,0.1303,0.118-0.322,0.312,0.159,0.053
324,91175,-394.73,130,54.6,0.9485,0.0615,0.5162,0.5257,0.3969,0.0254,0.1706,0.0674,-0.534,B,0.1111,0.118-0.322,0.312,0.159,0.053
325,91348,-343.25,173,59.0,0.5847,0.1709,0.5334,0.4746,0.4847,0.6477,0.4287,0.0744,-0.453,B,0.124,0.118-0.322,0.313,0.159,0.053
326,91511,-390.72,163,54.0,0.8748,0.1096,0.5107,0.4762,0.4682,0.0708,0.2769,0.0972,-0.4471,B,0.1176,0.118-0.322,0.313,0.16,0.053
327,91764,-93.26,253,66.8,0.3959,0.2276,0.4899,0.4635,0.8213,1.3039,0.5516,0.1855,-0.4298,B,0.1038,0.118-0.322,0.313,0.16,0.053
328,91962,-403.95,198,58.6,0.5956,0.0766,0.4611,0.4956,0.6587,0.6928,0.2212,0.0957,-0.4647,B,0.1326,0.118-0.322,0.313,0.16,0.053
329,92134,-405.63,172,63.4,0.675,0.1162,0.5297,0.4848,0.5249,0.5143,0.3423,0.0671,-0.4685,B,0.1549,0.118-0.322,0.313,0.16,0.053
330,92618,-1318.7,484,21.5,0.28,0.2268,0.4885,0.5126,0.7424,0.5212,0.1688,0.1046,-0.513,B,0.1464,0.118-0.322,0.314,0.161,0.054
331,92970,-816.29,352,30.7,0.6894,0.122,0.556,0.4201,0.7964,0.2874,0.1526,0.0796,-0.3809,B,0.1338,0.118-0.322,0.314,0.161,0.054
332,93162,-128.39,192,60.4,0.4143,0.2088,0.4353,0.5057,0.7885,1.1082,0.5102,0.2773,-0.4681,B,0.1334,0.118-0.322,0.315,0.161,0.054
333,93370,-241.34,208,69.7,0.4989,0.2141,0.4656,0.4928,0.8337,0.7292,0.5553,0.1978,-0.4687,B,0.1488,0.118-0.322,0.315,0.161,0.054
334,93791,-1196.82,421,14.5,0.5238,0.1399,0.4271,0.5166,0.8862,0.1163,0.0793,0.1085,-0.4936,B,0.123,0.118-0.322,0.315,0.161,0.054
335,94532,-2876.08,741,8.0,0.528,0.0916,0.445,0.5737,0.8076,0.0871,0.0356,0.2,-0.6061,B,0.1447,0.118-0.322,0.316,0.162,0.054
336,95068,-1653.09,536,9.0,0.5503,0.1184,0.499,0.4945,0.8011,0.0635,0.0491,0.1335,-0.4807,B,0.1202,0.118-0.322,0.317,0.163,0.054
337,95835,-2192.51,767,15.3,0.6624,0.167,0.4687,0.4937,0.8466,0.1221,0.1124,0.1874,-0.4691,B,0.1555,0.118-0.322,0.318,0.163,0.054
338,96190,-862.73,355,42.5,0.7266,0.1795,0.3933,0.4943,0.9378,0.1128,0.2993,0.2693,-0.4572,B,0.1347,0.118-0.322,0.318,0.163,0.054
339,96419,-522.86,229,42.4,0.5609,0.1984,0.4885,0.4672,0.7563,0.5205,0.3102,0.0784,-0.4447,B,0.1392,0.118-0.322,0.318,0.164,0.055
340,96659,-382.82,240,48.3,0.4153,0.2042,0.5314,0.4633,0.7355,0.9091,0.366,0.1051,-0.4359,B,0.1125,0.118-0.322,0.319,0.164,0.055
341,96954,-592.97,295,46.1,0.6652,0.1866,0.5079,0.4914,0.7144,0.2011,0.3748,0.1352,-0.4673,B,0.1571,0.118-0.322,0.319,0.164,0.055
342,97223,-804.0,269,51.3,0.761,0.1522,0.4266,0.5558,0.7034,0.0909,0.35,0.1178,-0.5564,B,0.131,0.118-0.322,0.319,0.164,0.055
343,97606,-779.81,383,61.1,0.5619,0.1069,0.4588,0.5094,0.8029,0.6476,0.2989,0.1633,-0.5011,B,0.1143,0.118-0.322,0.32,0.165,0.055
344,98480,-2982.62,874,6.9,0.455,0.1487,0.3988,0.5838,0.9456,0.1046,0.0408,0.3642,-0.6163,B,0.1121,0.118-0.322,0.321,0.165,0.055
345,98947,-948.03,467,30.6,0.4276,0.0912,0.4125,0.5099,0.9041,0.6082,0.1188,0.3266,-0.4892,B,0.1228,0.118-0.322,0.321,0.166,0.055
346,99293,-1245.65,346,16.5,0.3802,0.1807,0.4012,0.5177,0.9152,0.2902,0.1092,0.1452,-0.4911,B,0.1598,0.118-0.322,0.321,0.166,0.055
347,99633,-721.63,340,61.8,0.7127,0.1903,0.4653,0.5205,0.8149,0.204,0.478,0.1947,-0.5218,B,0.1188,0.118-0.322,0.322,0.166,0.055
348,99932,-739.18,299,30.1,0.5457,0.2002,0.476,0.491,0.7781,0.4211,0.2243,0.1,-0.4624,B,0.1205,0.118-0.322,0.322,0.167,0.056
349,100358,-1252.9,426,21.4,0.7147,0.148,0.4821,0.5182,0.8287,0.0879,0.1402,0.1189,-0.5177,B,0.1372,0.118-0.322,0.323,0.167,0.056
350,100574,-401.74,216,69.9,0.7332,0.1432,0.5105,0.5211,0.7496,0.2845,0.4278,0.2321,-0.5336,B,0.1075,0.118-0.322,0.323,0.167,0.056
351,100807,-417.53,233,57.1,0.4957,0.1748,0.4768,0.5268,0.7626,0.921,0.4127,0.1905,-0.5347,B,0.1285,0.118-0.322,0.323,0.167,0.056
352,101066,-485.83,259,73.0,0.6128,0.1568,0.45,0.5302,0.8315,0.4889,0.4974,0.1461,-0.5207,B,0.1572,0.118-0.322,0.323,0.168,0.056
353,101430,-1048.21,364,51.6,0.9906,0.0688,0.4672,0.5317,0.8002,0.1416,0.1705,0.1912,-0.5348,B,0.137,0.118-0.322,0.324,0.168,0.056
354,104430,-10022.25,3000,5.5,0.578,0.1611,0.417,0.5778,0.9574,0.0722,0.0394,0.4118,-0.6037,B,0.1222,0.118-0.322,0.327,0.17,0.057
355,105823,-5784.31,1393,12.4,0.7511,0.1531,0.4569,0.5818,0.8685,0.0351,0.0847,0.2137,-0.6294,B,0.1314,0.118-0.322,0.329,0.172,0.057
356,106380,-2550.8,557,14.4,0.7112,0.1627,0.452,0.6773,0.9414,0.0645,0.0897,0.3682,-0.8037,B,0.1199,0.118-0.322,0.329,0.172,0.057
357,108166,-7787.44,1786,9.5,0.809,0.1477,0.4412,0.6315,0.946,0.0308,0.06,0.3405,-0.7154,B,0.1446,0.118-0.322,0.331,0.173,0.058
358,111166,-11781.47,3000,4.2,0.847,0.0998,0.4372,0.6054,0.9248,0.0055,0.021,0.3342,-0.6638,B,0.1414,0.118-0.322,0.335,0.176,0.059
359,112956,-6139.28,1790,8.5,0.8411,0.1181,0.4176,0.6006,0.9048,0.0199,0.0467,0.352,-0.6449,B,0.1202,0.118-0.322,0.337,0.177,0.059
360,113823,-2946.87,867,14.4,0.8298,0.1397,0.4196,0.5898,0.92,0.0579,0.0849,0.3358,-0.6347,B,0.1329,0.118-0.322,0.338,0.178,0.059
361,114745,-2792.79,922,19.4,0.892,0.1435,0.4211,0.5592,0.9268,0.028,0.1238,0.2748,-0.5694,B,0.1656,0.118-0.322,0.339,0.179,0.06
362,115719,-3639.53,974,9.5,0.7785,0.0827,0.4004,0.6155,0.9548,0.0143,0.0393,0.363,-0.6707,B,0.1182,0.118-0.322,0.34,0.18,0.06
363,115911,-143.91,192,100.0,0.6527,0.1246,0.5283,0.422,0.8217,0.6486,0.567,0.2022,-0.3778,B,0.1669,0.118-0.322,0.34,0.18,0.06
364,116408,-1275.13,497,43.1,0.865,0.0587,0.4517,0.5194,0.8903,0.0416,0.136,0.298,-0.5158,B,0.125,0.118-0.322,0.34,0.18,0.06
365,116626,52.46,218,79.8,0.3851,0.1846,0.4524,0.46,0.8526,1.4888,0.6379,0.2893,-0.4168,B,0.1139,0.118-0.322,0.341,0.181,0.06
366,117583,-3086.3,957,11.9,0.6699,0.2241,0.403,0.5885,0.9501,0.0661,0.0989,0.3433,-0.617,B,0.1298,0.118-0.322,0.342,0.181,0.06
367,117736,-71.79,153,98.0,0.5514,0.1917,0.4372,0.5797,0.8748,1.2456,0.7365,0.3653,-0.5917,B,0.1519,0.118-0.322,0.342,0.181,0.06
368,118669,-3226.65,933,3.2,0.8839,0.0902,0.4137,0.5906,0.9369,0.0019,0.0138,0.346,-0.6216,B,0.1413,0.118-0.322,0.343,0.182,0.061
369,118817,-42.62,148,98.0,0.422,0.2185,0.4642,0.5854,0.8919,1.4584,0.8203,0.3823,-0.618,B,0.1152,0.118-0.322,0.343,0.182,0.061
370,120609,-6469.07,1792,5.1,0.8495,0.1173,0.4057,0.589,0.9587,0.0076,0.0276,0.3677,-0.6156,B,0.1182,0.118-0.322,0.345,0.184,0.061
371,120803,-293.65,194,99.5,0.7217,0.1694,0.4532,0.5874,0.9205,0.2772,0.7734,0.4075,-0.6196,B,0.1632,0.118-0.322,0.345,0.184,0.061
372,121069,-287.77,266,75.2,0.5196,0.1441,0.4453,0.5095,0.833,1.0189,0.4697,0.1592,-0.4866,B,0.1245,0.118-0.322,0.346,0.184,0.061
373,122007,-2798.88,938,9.6,0.248,0.1744,0.4007,0.5343,0.9573,0.2638,0.0641,0.2514,-0.5233,B,0.1257,0.118-0.322,0.347,0.185,0.062
374,122367,-1115.74,360,39.2,0.8269,0.0711,0.47,0.5302,0.8577,0.0584,0.1461,0.1295,-0.5523,B,0.1585,0.118-0.322,0.347,0.185,0.062
375,122737,-1115.33,370,24.3,0.799,0.1554,0.4948,0.4876,0.8324,0.0371,0.1751,0.0989,-0.4873,B,0.1314,0.118-0.322,0.347,0.186,0.062
376,123348,-2006.1,611,13.4,0.8595,0.0719,0.4298,0.5556,0.9187,0.0109,0.0481,0.2305,-0.5683,B,0.149,0.118-0.322,0.348,0.186,0.062
377,123671,-705.27,323,37.5,0.4722,0.1703,0.4476,0.5223,0.8984,0.5053,0.2324,0.2201,-0.531,B,0.1418,0.118-0.322,0.349,0.186,0.062
378,124096,-1356.43,425,32.0,0.916,0.0416,0.4363,0.558,0.9179,0.0203,0.0772,0.1705,-0.572,B,0.1228,0.118-0.322,0.349,0.187,0.062
379,124517,-1220.97,421,32.8,0.6177,0.1541,0.431,0.5357,0.8589,0.1895,0.2252,0.1419,-0.5301,B,0.1405,0.118-0.322,0.349,0.187,0.062
380,124924,-1202.9,407,15.2,0.4797,0.1364,0.4264,0.5553,0.9326,0.2147,0.0939,0.2075,-0.5624,B,0.1204,0.118-0.322,0.35,0.187,0.062
381,125191,-718.1,267,35.6,0.2827,0.206,0.4413,0.5736,0.91,0.8849,0.2721,0.104,-0.6109,B,0.1265,0.118-0.322,0.35,0.188,0.063
382,125588,-1111.88,397,25.4,0.6839,0.2082,0.4184,0.5444,0.9181,0.1284,0.2065,0.2194,-0.5416,B,0.1312,0.118-0.322,0.351,0.188,0.063
383,126029,-1217.39,441,26.8,0.8293,0.0981,0.425,0.5258,0.9302,0.0519,0.1257,0.2127,-0.5218,B,0.1459,0.118-0.322,0.351,0.188,0.063
384,126587,-1685.23,558,29.0,0.4052,0.1742,0.429,0.5944,0.9357,0.4445,0.1984,0.2631,-0.6433,B,0.1158,0.118-0.322,0.352,0.189,0.063
385,127059,-1470.67,472,42.2,0.8213,0.1163,0.4317,0.5958,0.9258,0.0609,0.236,0.2626,-0.6408,B,0.1536,0.118-0.322,0.352,0.189,0.063
386,127598,-1514.72,539,33.4,0.3616,0.1651,0.4279,0.6101,0.937,0.6374,0.2413,0.2969,-0.6686,B,0.1632,0.118-0.322,0.353,0.19,0.063
387,128181,-1553.67,583,36.0,0.8142,0.141,0.4142,0.5625,0.9352,0.1577,0.2301,0.2645,-0.5727,B,0.1246,0.118-0.322,0.354,0.19,0.063
388,128500,-841.3,319,29.2,0.8954,0.1514,0.425,0.4938,0.9236,0.0243,0.1985,0.2237,-0.463,B,0.1271,0.118-0.322,0.354,0.19,0.063
389,128965,-1218.93,465,15.3,0.4873,0.211,0.4026,0.5192,0.927,0.2265,0.1099,0.241,-0.4913,B,0.1462,0.118-0.322,0.354,0.191,0.064
390,129121,127.51,156,100.0,0.507,0.203,0.4344,0.4104,0.8955,1.3257,0.8713,0.307,-0.3458,B,0.1535,0.118-0.322,0.355,0.191,0.064
391,129483,-974.18,362,26.5,0.5998,0.1509,0.4332,0.567,0.9418,0.2309,0.1801,0.2701,-0.5892,B,0.1602,0.118-0.322,0.355,0.191,0.064
392,129611,-26.57,128,96.1,0.5337,0.2343,0.4389,0.5068,0.7787,1.0293,0.9188,0.2563,-0.4669,B,0.1237,0.118-0.322,0.355,0.191,0.064
393,129739,-127.28,128,82.0,0.7716,0.1698,0.4699,0.4368,0.7764,0.197,0.5692,0.2751,-0.3934,B,0.1455,0.118-0.322,0.355,0.191,0.064
394,130128,-959.0,389,48.8,0.7939,0.1129,0.4534,0.5601,0.9139,0.3139,0.2421,0.1683,-0.5857,B,0.1619,0.118-0.322,0.356,0.192,0.064
395,130499,-610.18,371,64.4,0.5407,0.2065,0.4205,0.5842,0.9337,0.6366,0.5366,0.363,-0.6122,B,0.1384,0.118-0.322,0.356,0.192,0.064
396,130981,-1175.53,482,32.8,0.7602,0.1242,0.4741,0.5113,0.8899,0.1292,0.1726,0.2201,-0.5016,B,0.1221,0.118-0.322,0.357,0.192,0.064
397,131316,-894.42,335,25.4,0.621,0.2183,0.448,0.5424,0.9199,0.1489,0.1927,0.3027,-0.5408,B,0.1608,0.118-0.322,0.357,0.193,0.064
398,131472,-288.0,156,91.0,0.7622,0.1088,0.4569,0.548,0.9173,0.1506,0.4676,0.3291,-0.5691,B,0.1641,0.118-0.322,0.357,0.193,0.064
399,131488,-9.44,16,81.2,0.6229,0.1904,0.7761,0.209,0.3103,0.7375,0.6491,0.4524,-0.1132,B,0.13,0.118-0.322,0.357,0.193,0.064
400,131726,-230.96,238,97.9,0.5694,0.1909,0.4424,0.6136,0.9199,0.9443,0.8489,0.4054,-0.6687,B,0.1632,0.118-0.322,0.357,0.193,0.064
401,131821,-30.51,95,95.8,0.4943,0.2182,0.4483,0.5323,0.8373,1.0685,0.9009,0.4154,-0.5321,B,0.1436,0.118-0.322,0.358,0.193,0.064
402,131957,-115.44,136,97.8,0.7276,0.1386,0.422,0.5178,0.9081,0.3038,0.632,0.454,-0.4925,B,0.1677,0.118-0.322,0.358,0.193,0.064
403,132030,-8.77,73,95.9,0.649,0.2014,0.503,0.4017,0.7809,0.5608,0.7996,0.3532,-0.331,B,0.1211,0.118-0.322,0.358,0.193,0.064
404,132131,-112.85,101,91.1,0.7372,0.13,0.4673,0.4818,0.8448,0.1747,0.557,0.3341,-0.4495,B,0.1621,0.118-0.322,0.358,0.193,0.064
405,132601,-820.46,470,97.4,0.7445,0.1022,0.4372,0.594,0.9485,0.3927,0.4839,0.377,-0.641,B,0.1313,0.118-0.322,0.358,0.194,0.065
406,132966,-1070.4,365,29.6,0.5432,0.1456,0.457,0.5809,0.9399,0.2277,0.1883,0.2655,-0.6243,B,0.1538,0.118-0.322,0.359,0.194,0.065
407,133239,-611.31,273,76.2,0.8607,0.0505,0.4429,0.5562,0.9365,0.0614,0.2105,0.3396,-0.5778,B,0.1536,0.118-0.322,0.359,0.194,0.065
408,133758,-1239.32,519,40.7,0.5496,0.1109,0.4193,0.5464,0.912,0.4059,0.2058,0.2283,-0.5529,B,0.1788,0.118-0.322,0.36,0.195,0.065
409,133868,55.75,110,94.5,0.4401,0.2324,0.4998,0.4364,0.7694,1.4242,0.8871,0.2974,-0.3803,B,0.1635,0.118-0.322,0.36,0.195,0.065
410,134007,-146.22,139,96.4,0.562,0.2181,0.4683,0.5755,0.8793,0.6213,0.891,0.4238,-0.6285,B,0.1577,0.118-0.322,0.36,0.195,0.065
411,134149,-212.07,142,86.6,0.9318,0.1066,0.43,0.4967,0.8073,0.0399,0.4395,0.3234,-0.4604,B,0.1794,0.118-0.322,0.36,0.195,0.065
412,134243,-76.59,94,95.7,0.6421,0.161,0.48,0.5064,0.8383,0.4725,0.6891,0.4385,-0.4836,B,0.135,0.118-0.322,0.36,0.195,0.065
413,134297,-6.12,54,92.6,0.4999,0.2157,0.5125,0.4699,0.7346,1.0252,0.8572,0.3951,-0.4297,B,0.1767,0.118-0.322,0.36,0.195,0.065
414,134382,-67.61,85,94.1,0.6196,0.2024,0.446,0.5159,0.8046,0.5412,0.8545,0.3187,-0.4966,B,0.1534,0.118-0.322,0.36,0.195,0.065
415,135040,-775.41,658,99.7,0.6041,0.153,0.409,0.5797,0.9712,0.6751,0.6758,0.3881,-0.6112,B,0.1554,0.118-0.322,0.361,0.196,0.065
416,135188,-190.84,148,100.0,0.7486,0.1559,0.4495,0.5378,0.8986,0.1893,0.7168,0.3551,-0.5445,B,0.1189,0.118-0.322,0.361,0.196,0.065
417,135291,103.16,103,95.1,0.271,0.2416,0.4563,0.519,0.7737,2.4878,0.9155,0.2896,-0.4963,B,0.1568,0.118-0.322,0.361,0.196,0.065
418,135419,46.8,128,96.1,0.4155,0.2431,0.4996,0.5039,0.8449,1.5457,0.9333,0.4301,-0.4947,B,0.13,0.118-0.322,0.362,0.196,0.065
419,135514,79.83,95,96.8,0.3731,0.2591,0.4812,0.5026,0.8667,1.8375,0.8968,0.4431,-0.4778,B,0.1225,0.118-0.322,0.362,0.196,0.065
420,135986,-456.16,472,52.1,0.1894,0.2377,0.442,0.5971,0.9453,1.6506,0.4198,0.3723,-0.6372,B,0.1604,0.118-0.322,0.362,0.197,0.066
421,136229,-679.67,243,36.2,0.8854,0.0716,0.4416,0.5438,0.923,0.0316,0.1342,0.3223,-0.5507,B,0.1531,0.118-0.322,0.362,0.197,0.066
422,136276,10.06,47,95.7,0.489,0.2378,0.6398,0.358,0.626,1.2598,0.8701,0.3688,-0.2874,B,0.1744,0.118-0.322,0.363,0.197,0.066
423,136360,-79.79,84,95.2,0.6567,0.1938,0.5085,0.4934,0.8601,0.4841,0.7676,0.3079,-0.4879,B,0.1476,0.118-0.322,0.363,0.197,0.066
424,136405,10.06,45,100.0,0.5573,0.2203,0.7181,0.2771,0.5974,0.9517,0.8029,0.3799,-0.2259,B,0.1631,0.118-0.322,0.363,0.197,0.066
425,136533,-240.83,128,92.2,0.8239,0.0879,0.4699,0.5399,0.8694,0.2366,0.381,0.2982,-0.5411,B,0.1525,0.118-0.322,0.363,0.197,0.066
426,136778,66.98,245,86.5,0.2474,0.103,0.4622,0.5499,0.8983,2.4579,0.3642,0.236,-0.5585,B,0.1317,0.118-0.322,0.363,0.197,0.066
427,136814,3.76,36,86.1,0.5228,0.2084,0.5762,0.3652,0.6377,1.0056,0.7702,0.4055,-0.2962,B,0.1402,0.118-0.322,0.363,0.197,0.066
428,137112,57.04,298,99.0,0.3901,0.2202,0.4194,0.5742,0.9455,1.6687,0.8664,0.4251,-0.6048,B,0.1351,0.118-0.322,0.363,0.198,0.066
429,137268,-177.35,156,64.7,0.7628,0.1766,0.4144,0.4804,0.8946,0.2946,0.4906,0.3744,-0.4462,B,0.1595,0.118-0.322,0.364,0.198,0.066
430,137399,-144.85,131,84.7,0.7344,0.1505,0.4047,0.4617,0.8521,0.1568,0.5895,0.3074,-0.4092,B,0.1402,0.118-0.322,0.364,0.198,0.066
431,137663,-399.34,264,96.6,0.6329,0.1347,0.4001,0.5532,0.9293,0.4294,0.5914,0.3141,-0.5504,B,0.1304,0.118-0.322,0.364,0.198,0.066
432,137711,2.61,48,91.7,0.3969,0.2245,0.5031,0.4865,0.7418,1.6365,0.8752,0.3639,-0.4652,B,0.1225,0.118-0.322,0.364,0.198,0.066
433,137849,-41.05,138,98.6,0.5815,0.2125,0.4612,0.5335,0.9049,0.8947,0.8855,0.4063,-0.5396,B,0.1298,0.118-0.322,0.364,0.198,0.066
434,137952,-27.27,103,98.1,0.5087,0.2344,0.452,0.5407,0.8563,1.1321,0.906,0.3335,-0.5491,B,0.1331,0.118-0.322,0.364,0.198,0.066
435,138145,-434.33,193,100.0,0.7018,0.0738,0.4768,0.6138,0.9082,0.4903,0.351,0.2161,-0.7073,B,0.1237,0.118-0.322,0.365,0.198,0.066
436,138494,-340.47,349,98.3,0.4773,0.2259,0.4449,0.6414,0.9291,1.2734,0.8491,0.3799,-0.7391,B,0.154,0.118-0.322,0.365,0.199,0.066
437,138797,-374.61,303,99.0,0.5375,0.2045,0.4451,0.6434,0.9425,0.9147,0.8585,0.4153,-0.7408,B,0.1333,0.118-0.322,0.365,0.199,0.066
438,138869,102.75,72,94.4,0.2927,0.2307,0.4277,0.467,0.8417,2.4208,0.8942,0.3365,-0.4089,B,0.1525,0.118-0.322,0.365,0.199,0.066
439,139149,-518.73,280,67.5,0.3721,0.2132,0.4717,0.6212,0.8703,1.1927,0.5151,0.2289,-0.7158,B,0.1612,0.118-0.322,0.366,0.199,0.066
440,139310,-109.16,161,98.8,0.6031,0.1769,0.4338,0.5031,0.9238,0.5335,0.7722,0.3611,-0.4813,B,0.1218,0.118-0.322,0.366,0.199,0.066
441,139443,-32.05,133,97.7,0.3955,0.2078,0.4528,0.6016,0.9042,1.6344,0.7534,0.4727,-0.6533,B,0.1577,0.118-0.322,0.366,0.2,0.067
442,139527,-67.7,84,98.8,0.7521,0.1072,0.4977,0.4319,0.7648,0.2636,0.498,0.3496,-0.3771,B,0.1276,0.118-0.322,0.366,0.2,0.067
443,140142,-274.63,615,99.7,0.4769,0.1747,0.4079,0.5826,0.9724,1.1789,0.7408,0.4247,-0.6103,B,0.1768,0.118-0.322,0.367,0.2,0.067
444,140253,22.25,111,98.2,0.3857,0.2699,0.4433,0.5531,0.8945,1.7191,0.8558,0.3704,-0.5715,B,0.1616,0.118-0.322,0.367,0.2,0.067
445,140462,-230.63,209,99.5,0.6588,0.1429,0.4274,0.5328,0.9492,0.3967,0.65,0.3801,-0.5181,B,0.1375,0.118-0.322,0.367,0.2,0.067
446,140582,13.42,120,98.3,0.418,0.1794,0.4401,0.5231,0.9168,1.5188,0.7702,0.3196,-0.4961,B,0.1413,0.118-0.322,0.367,0.2,0.067
447,140658,37.62,76,94.7,0.3586,0.2003,0.4754,0.5015,0.8626,1.9245,0.8183,0.2689,-0.4946,B,0.1754,0.118-0.322,0.367,0.201,0.067
448,140787,88.5,129,96.9,0.3876,0.2101,0.4358,0.4659,0.8646,1.7298,0.867,0.2776,-0.4227,B,0.1639,0.118-0.322,0.368,0.201,0.067
449,140989,119.4,202,97.0,0.2688,0.1499,0.4168,0.5691,0.933,2.6342,0.6557,0.3454,-0.5952,B,0.1631,0.118-0.322,0.368,0.201,0.067
450,141310,-943.76,321,67.0,0.7265,0.0918,0.4723,0.6232,0.9238,0.2681,0.2907,0.2148,-0.7114,B,0.1365,0.118-0.322,0.368,0.201,0.067
451,141893,-1648.87,583,20.6,0.4837,0.1817,0.4115,0.5421,0.9454,0.2438,0.1411,0.3159,-0.5374,B,0.1621,0.118-0.322,0.369,0.202,0.067
452,141983,-45.6,90,100.0,0.6526,0.2255,0.4669,0.478,0.8457,0.3776,0.9185,0.3396,-0.444,B,0.1746,0.118-0.322,0.369,0.202,0.067
453,142062,-90.07,79,96.2,0.6948,0.158,0.473,0.4973,0.8422,0.2321,0.7144,0.3805,-0.4784,B,0.1771,0.118-0.322,0.369,0.202,0.067
454,142115,10.01,53,96.2,0.413,0.2535,0.5099,0.497,0.802,1.5519,0.8894,0.4556,-0.4705,B,0.1822,0.118-0.322,0.369,0.202,0.067
455,142445,-285.91,330,67.0,0.4226,0.2456,0.4367,0.5575,0.8854,1.1456,0.6122,0.2916,-0.5701,B,0.1248,0.118-0.322,0.369,0.202,0.067
456,142654,283.32,209,98.1,0.217,0.1655,0.4025,0.5582,0.9436,2.9539,0.7276,0.3961,-0.5504,B,0.124,0.118-0.322,0.37,0.202,0.067
457,142837,22.1,183,98.4,0.3577,0.2446,0.4296,0.6031,0.9121,1.9968,0.8792,0.3469,-0.6597,B,0.1804,0.118-0.322,0.37,0.202,0.067
458,142894,-137.84,57,98.2,0.7289,0.1275,0.5292,0.6149,0.8225,0.2367,0.5849,0.4356,-0.7232,B,0.1366,0.118-0.322,0.37,0.202,0.067
459,143026,-48.89,132,87.9,0.5123,0.1879,0.4625,0.5328,0.8508,1.4784,0.6979,0.2287,-0.5394,B,0.1309,0.118-0.322,0.37,0.203,0.068
460,143103,-9.09,77,92.2,0.5045,0.2015,0.4842,0.4614,0.8133,1.0632,0.8032,0.2965,-0.4196,B,0.1456,0.118-0.322,0.37,0.203,0.068
461,143162,-17.12,59,94.9,0.5308,0.1907,0.4716,0.481,0.8087,1.0546,0.8256,0.3735,-0.4727,B,0.1497,0.118-0.322,0.37,0.203,0.068
462,143221,-51.6,59,89.8,0.6021,0.2073,0.5034,0.5031,0.7791,0.5178,0.8251,0.3543,-0.4957,B,0.1761,0.118-0.322,0.37,0.203,0.068
463,143302,-41.73,81,97.5,0.6548,0.1908,0.4652,0.4765,0.7442,0.7925,0.744,0.2803,-0.4349,B,0.1755,0.118-0.322,0.37,0.203,0.068
464,143697,-888.43,395,99.7,0.6979,0.1614,0.4394,0.6752,0.9612,0.2888,0.73,0.3973,-0.7908,B,0.1423,0.118-0.322,0.371,0.203,0.068
465,143813,236.04,116,96.6,0.2104,0.203,0.4285,0.468,0.8827,2.9436,0.8557,0.3899,-0.4187,B,0.1807,0.118-0.322,0.371,0.203,0.068
466,144130,-700.32,317,99.4,0.8106,0.089,0.4428,0.6202,0.9476,0.1229,0.421,0.3672,-0.6886,B,0.1593,0.118-0.322,0.371,0.203,0.068
467,144183,48.31,53,88.7,0.4057,0.2297,0.5054,0.3623,0.706,1.6384,0.8166,0.3696,-0.2944,B,0.1228,0.118-0.322,0.371,0.203,0.068
468,144548,-92.02,365,99.7,0.3171,0.209,0.4447,0.6811,0.9655,2.2039,0.8482,0.444,-0.8126,B,0.1732,0.118-0.322,0.372,0.204,0.068
469,144622,32.7,74,98.6,0.4552,0.2264,0.4823,0.448,0.8528,1.2787,0.9269,0.4034,-0.4054,B,0.1766,0.118-0.322,0.372,0.204,0.068
470,144647,18.53,25,96.0,0.4361,0.2441,0.6095,0.3369,0.6403,1.6403,0.8552,0.4761,-0.2471,B,0.185,0.118-0.322,0.372,0.204,0.068
471,144694,-16.59,47,95.7,0.5351,0.2296,0.4988,0.4589,0.7446,0.8717,0.915,0.4193,-0.419,B,0.1512,0.118-0.322,0.372,0.204,0.068
472,144823,-138.96,129,96.9,0.6948,0.1687,0.5026,0.5287,0.8428,0.2812,0.7497,0.4629,-0.5361,B,0.1485,0.118-0.322,0.372,0.204,0.068
473,144844,3.05,21,90.5,0.4875,0.228,0.641,0.3165,0.5295,1.3889,0.8092,0.4674,-0.2303,B,0.1373,0.118-0.322,0.372,0.204,0.068
474,144941,-13.69,97,100.0,0.7126,0.2062,0.4401,0.4549,0.8656,0.3012,0.8924,0.4818,-0.3856,B,0.1683,0.118-0.322,0.372,0.204,0.068
475,144980,-10.59,39,92.3,0.5251,0.2333,0.5668,0.4276,0.729,0.8667,0.879,0.4248,-0.3946,B,0.1364,0.118-0.322,0.372,0.204,0.068
476,144995,-27.8,15,80.0,0.6831,0.1907,0.6981,0.3305,0.3722,0.2479,0.6802,0.4187,-0.2899,B,0.1802,0.118-0.322,0.372,0.204,0.068
477,145010,-15.23,15,80.0,0.7363,0.1681,0.7291,0.2947,0.406,0.16,0.6206,0.4853,-0.2325,B,0.1832,0.118-0.322,0.372,0.204,0.068
478,145086,96.52,76,96.1,0.247,0.2374,0.4638,0.5417,0.8601,2.7171,0.9226,0.4523,-0.5422,B,0.1557,0.118-0.322,0.372,0.204,0.068
479,145193,-68.98,107,99.1,0.6786,0.2202,0.4436,0.5032,0.8862,0.3531,0.9424,0.4529,-0.4896,B,0.1562,0.118-0.322,0.372,0.204,0.068
480,145338,-67.98,145,97.9,0.5235,0.171,0.4192,0.5377,0.9135,0.9635,0.7522,0.3904,-0.5196,B,0.1207,0.118-0.322,0.373,0.204,0.068
481,145560,-272.2,222,99.5,0.5513,0.2052,0.4459,0.6438,0.9361,0.8677,0.9067,0.43,-0.7395,B,0.1473,0.118-0.322,0.373,0.205,0.068
482,145589,15.79,29,86.2,0.5086,0.2238,0.571,0.2926,0.5694,1.1056,0.7952,0.4411,-0.1877,B,0.1216,0.118-0.322,0.373,0.205,0.068
483,145690,40.51,101,97.0,0.3231,0.2707,0.5063,0.5578,0.8595,2.2035,0.8092,0.4185,-0.6132,B,0.1809,0.118-0.322,0.373,0.205,0.068
484,145734,-21.99,44,97.7,0.566,0.2069,0.499,0.4215,0.7253,0.757,0.8667,0.3516,-0.3561,B,0.1614,0.118-0.322,0.373,0.205,0.068
485,145779,-40.83,45,95.6,0.6757,0.1503,0.5039,0.4414,0.7533,0.2941,0.6632,0.4192,-0.3977,B,0.169,0.118-0.322,0.373,0.205,0.068
486,145837,9.5,58,96.6,0.4106,0.2327,0.4996,0.4696,0.7496,1.6175,0.9053,0.3592,-0.4408,B,0.1561,0.118-0.322,0.373,0.205,0.068
487,145885,-13.39,48,95.8,0.5742,0.1929,0.492,0.4217,0.8025,0.6078,0.8278,0.4838,-0.3754,B,0.1705,0.118-0.322,0.373,0.205,0.068
488,145924,-19.96,39,94.9,0.5205,0.2297,0.4813,0.4712,0.7156,0.9461,0.8909,0.449,-0.4407,B,0.1468,0.118-0.322,0.373,0.205,0.068
489,145981,-30.74,57,98.2,0.5508,0.2005,0.5064,0.4929,0.7836,0.8459,0.8459,0.3871,-0.4814,B,0.1707,0.118-0.322,0.373,0.205,0.068
490,146016,16.96,35,91.4,0.5283,0.227,0.5486,0.353,0.6399,1.0904,0.8483,0.4431,-0.2782,B,0.1315,0.118-0.322,0.373,0.205,0.068
491,146168,176.13,152,98.0,0.2846,0.193,0.4206,0.5243,0.9204,2.4513,0.8335,0.4152,-0.5087,B,0.1539,0.118-0.322,0.374,0.205,0.068
492,146297,105.84,129,98.4,0.3274,0.2441,0.4932,0.55,0.8921,2.2624,0.9445,0.3878,-0.5767,B,0.1269,0.118-0.322,0.374,0.205,0.068
493,146377,-24.14,80,85.0,0.5042,0.1969,0.476,0.4856,0.7633,1.1229,0.7114,0.2879,-0.4518,B,0.152,0.118-0.322,0.374,0.205,0.068
494,146466,27.71,89,98.9,0.4486,0.2397,0.4483,0.4839,0.7892,1.4991,0.9432,0.3608,-0.4461,B,0.1733,0.118-0.322,0.374,0.205,0.068
495,146662,10.29,196,98.5,0.4461,0.2228,0.4362,0.5605,0.8891,1.4517,0.893,0.3896,-0.5638,B,0.1187,0.118-0.322,0.374,0.206,0.069
496,146757,21.28,95,97.9,0.4591,0.2286,0.4237,0.4946,0.8555,1.2553,0.9378,0.3866,-0.4613,B,0.1591,0.118-0.322,0.374,0.206,0.069
497,146971,-323.99,214,97.7,0.5603,0.1947,0.4443,0.6354,0.939,0.6477,0.8588,0.4235,-0.7333,B,0.1678,0.118-0.322,0.374,0.206,0.069
498,147106,-181.38,135,97.8,0.6228,0.1615,0.4537,0.5742,0.9114,0.5433,0.6912,0.4095,-0.6152,B,0.13,0.118-0.322,0.375,0.206,0.069
499,147363,-208.89,257,99.6,0.5253,0.2255,0.4367,0.6287,0.9491,1.1215,0.876,0.4117,-0.7127,B,0.1744,0.118-0.322,0.375,0.206,0.069
500,147414,11.54,51,98.0,0.5572,0.214,0.482,0.3958,0.7987,0.7504,0.9011,0.4504,-0.3238,B,0.1472,0.118-0.322,0.375,0.206,0.069
501,147452,-16.64,38,92.1,0.6914,0.1916,0.5102,0.3839,0.7115,0.3897,0.7897,0.41,-0.3112,B,0.125,0.118-0.322,0.375,0.206,0.069
502,147757,-370.48,305,99.3,0.396,0.1626,0.4593,0.6921,0.9516,1.6116,0.6655,0.4494,-0.8419,B,0.1721,0.118-0.322,0.375,0.206,0.069
503,147772,-11.34,15,93.3,0.5445,0.2261,0.7191,0.2638,0.4103,1.0327,0.8331,0.4748,-0.184,B,0.1286,0.118-0.322,0.375,0.206,0.069
504,147811,-32.62,39,89.7,0.4887,0.2449,0.5215,0.4891,0.6822,1.1037,0.8212,0.3807,-0.4903,B,0.1646,0.118-0.322,0.375,0.207,0.069
505,147892,73.24,81,97.5,0.315,0.2657,0.4472,0.5244,0.8394,2.262,0.8723,0.412,-0.514,B,0.1567,0.118-0.322,0.375,0.207,0.069
506,147936,-0.81,44,95.5,0.4832,0.2329,0.5032,0.438,0.7422,1.1276,0.8753,0.3773,-0.3721,B,0.1685,0.118-0.322,0.375,0.207,0.069
507,148230,-350.45,294,99.0,0.4534,0.2134,0.4576,0.6948,0.9418,1.4534,0.8567,0.4118,-0.8468,B,0.1823,0.118-0.322,0.376,0.207,0.069
508,148359,-95.91,129,98.4,0.5037,0.1915,0.4489,0.5638,0.9065,1.0218,0.8479,0.3731,-0.61,B,0.184,0.118-0.322,0.376,0.207,0.069
509,148429,111.05,70,97.1,0.2859,0.2374,0.4757,0.4867,0.8569,2.5705,0.9243,0.462,-0.4653,B,0.161,0.118-0.322,0.376,0.207,0.069
510,148789,-414.89,360,99.4,0.4669,0.18,0.4436,0.678,0.9475,1.4687,0.7617,0.3869,-0.8174,B,0.1496,0.118-0.322,0.376,0.207,0.069
511,148977,-87.16,188,98.9,0.5813,0.1041,0.4803,0.5184,0.8915,1.1781,0.4513,0.2649,-0.5119,B,0.124,0.118-0.322,0.377,0.207,0.069
512,149033,-18.14,56,92.9,0.5012,0.2015,0.525,0.4743,0.7441,1.2609,0.8095,0.3021,-0.4713,B,0.1817,0.118-0.322,0.377,0.208,0.069
513,149080,-7.37,47,95.7,0.3857,0.2317,0.5465,0.5198,0.7334,1.924,0.8932,0.3476,-0.5457,B,0.1747,0.118-0.322,0.377,0.208,0.069
514,149127,-13.3,47,89.4,0.4393,0.2381,0.517,0.5087,0.7433,1.3855,0.8368,0.3905,-0.5159,B,0.1652,0.118-0.322,0.377,0.208,0.069
515,149427,-198.34,300,99.7,0.4855,0.1827,0.4463,0.5966,0.9264,1.2177,0.7243,0.3549,-0.6402,B,0.1821,0.118-0.322,0.377,0.208,0.069
516,149495,72.33,68,94.1,0.2322,0.2617,0.4909,0.5643,0.8136,2.8349,0.8495,0.3792,-0.5896,B,0.1218,0.118-0.322,0.377,0.208,0.069
517,149629,166.57,134,96.3,0.2035,0.2339,0.4365,0.5824,0.8781,3.0045,0.922,0.3535,-0.6181,B,0.1372,0.118-0.322,0.377,0.208,0.069
518,149643,-21.18,14,100.0,0.6561,0.2063,0.725,0.3467,0.4364,0.5441,0.8578,0.4726,-0.3122,B,0.1501,0.118-0.322,0.377,0.208,0.069
519,149661,8.55,18,88.9,0.3956,0.2394,0.6744,0.2515,0.4689,1.8191,0.791,0.4368,-0.1587,B,0.1317,0.118-0.322,0.377,0.208,0.069
520,149725,10.1,64,95.3,0.5001,0.2281,0.5095,0.422,0.7221,1.0527,0.8295,0.3281,-0.3581,B,0.1306,0.118-0.322,0.377,0.208,0.069
521,149777,94.85,52,94.2,0.2716,0.2506,0.4713,0.422,0.802,2.4837,0.8944,0.4739,-0.3718,B,0.1527,0.118-0.322,0.378,0.208,0.069
522,149953,173.84,176,98.3,0.3255,0.245,0.4055,0.547,0.9311,2.1217,0.91,0.4566,-0.5452,B,0.13,0.118-0.322,0.378,0.208,0.069
523,150101,125.83,148,96.6,0.2584,0.2255,0.4501,0.5844,0.9055,2.5994,0.9277,0.3872,-0.63,B,0.149,0.118-0.322,0.378,0.208,0.069
524,150250,79.4,149,95.3,0.4513,0.1855,0.4184,0.4673,0.9004,1.4282,0.7846,0.3465,-0.415,B,0.1621,0.118-0.322,0.378,0.209,0.07
525,150422,-11.81,172,99.4,0.3949,0.23,0.4427,0.5903,0.925,1.6288,0.9169,0.4116,-0.6326,B,0.1284,0.118-0.322,0.378,0.209,0.07
526,150500,-32.99,78,94.9,0.429,0.2523,0.4783,0.572,0.8465,1.457,0.761,0.453,-0.6363,B,0.1396,0.118-0.322,0.378,0.209,0.07
527,150572,-31.34,72,95.8,0.5159,0.204,0.5014,0.5359,0.8383,1.1635,0.8236,0.338,-0.5387,B,0.1285,0.118-0.322,0.378,0.209,0.07
528,150703,107.98,131,98.5,0.3301,0.2545,0.4364,0.5451,0.9003,2.1587,0.9417,0.4531,-0.5606,B,0.1353,0.118-0.322,0.379,0.209,0.07
529,150720,1.2,17,94.1,0.4655,0.2413,0.6231,0.3377,0.5073,1.2994,0.8277,0.4862,-0.2555,B,0.1361,0.118-0.322,0.379,0.209,0.07
530,150755,-46.39,35,88.6,0.5991,0.2086,0.5837,0.5125,0.6262,0.5442,0.7914,0.3387,-0.5194,B,0.1772,0.118-0.322,0.379,0.209,0.07
531,150791,13.57,36,97.2,0.4996,0.2537,0.5146,0.4083,0.7074,1.1799,0.918,0.4349,-0.3164,B,0.1545,0.118-0.322,0.379,0.209,0.07
532,150859,4.84,68,97.1,0.4022,0.2621,0.4817,0.5593,0.8406,1.7417,0.8464,0.463,-0.5957,B,0.1771,0.118-0.322,0.379,0.209,0.07
533,150957,88.2,98,96.9,0.402,0.2135,0.489,0.4813,0.8828,1.8165,0.8936,0.3977,-0.4514,B,0.1792,0.118-0.322,0.379,0.209,0.07
534,151030,16.55,73,97.3,0.4482,0.237,0.5028,0.4839,0.8207,1.3517,0.9174,0.4025,-0.4759,B,0.1411,0.118-0.322,0.379,0.209,0.07
535,151116,41.08,86,97.7,0.3724,0.2333,0.4756,0.5446,0.8685,1.9425,0.9281,0.3995,-0.5542,B,0.1258,0.118-0.322,0.379,0.209,0.07
536,151489,-334.71,373,99.5,0.3424,0.1618,0.4681,0.7028,0.9513,2.0419,0.6562,0.4451,-0.8676,B,0.1536,0.118-0.322,0.379,0.21,0.07
537,151643,59.0,154,98.1,0.3652,0.2579,0.4301,0.5667,0.8929,1.8841,0.9332,0.4336,-0.5963,B,0.1748,0.118-0.322,0.38,0.21,0.07
538,151661,-29.72,18,88.9,0.5938,0.2177,0.6484,0.4609,0.3985,0.8149,0.743,0.4627,-0.4368,B,0.1864,0.118-0.322,0.38,0.21,0.07
539,151726,-39.94,65,92.3,0.5109,0.2251,0.5157,0.5106,0.8252,0.8986,0.8569,0.3802,-0.5238,B,0.1297,0.118-0.322,0.38,0.21,0.07
540,151743,-21.8,17,100.0,0.6479,0.215,0.6998,0.3431,0.4442,0.5501,0.869,0.4423,-0.3073,B,0.1737,0.118-0.322,0.38,0.21,0.07
541,151813,-125.92,70,97.1,0.6865,0.16,0.5284,0.5669,0.8347,0.2996,0.6744,0.4522,-0.6485,B,0.1358,0.118-0.322,0.38,0.21,0.07
542,151829,-24.63,16,68.8,0.6939,0.1979,0.7597,0.2699,0.3716,0.2113,0.5864,0.4105,-0.2007,B,0.1538,0.118-0.322,0.38,0.21,0.07
543,151849,-18.82,20,90.0,0.5167,0.2179,0.6993,0.352,0.537,0.998,0.808,0.4663,-0.3489,B,0.1387,0.118-0.322,0.38,0.21,0.07
544,152021,-34.8,172,98.3,0.3981,0.1908,0.4467,0.6013,0.9324,1.6748,0.8517,0.4193,-0.6419,B,0.1502,0.118-0.322,0.38,0.21,0.07
545,152281,-274.22,260,99.6,0.4894,0.1733,0.4537,0.6479,0.925,1.3798,0.7193,0.4132,-0.7611,B,0.1319,0.118-0.322,0.38,0.21,0.07
546,152328,55.66,47,91.5,0.3063,0.2462,0.5383,0.4538,0.7328,2.3916,0.842,0.421,-0.4128,B,0.1747,0.118-0.322,0.38,0.21,0.07
547,152347,-15.35,19,84.2,0.4589,0.2282,0.6303,0.4087,0.4131,1.45,0.7318,0.4397,-0.368,B,0.1724,0.118-0.322,0.38,0.21,0.07
548,152561,-295.88,214,100.0,0.4677,0.137,0.4798,0.6608,0.9444,1.1988,0.6367,0.4629,-0.7857,B,0.1303,0.118-0.322,0.381,0.21,0.07
549,152980,-214.82,419,99.8,0.3747,0.1997,0.4531,0.6687,0.9535,1.8284,0.8129,0.4382,-0.7775,B,0.1357,0.118-0.322,0.381,0.211,0.07
550,153138,-60.77,158,98.1,0.4066,0.1987,0.4539,0.6155,0.9194,1.6208,0.7531,0.4596,-0.6864,B,0.1238,0.118-0.322,0.381,0.211,0.07
551,153429,-619.37,291,47.4,0.4572,0.187,0.471,0.5112,0.8127,0.6306,0.3495,0.1767,-0.5011,B,0.1452,0.118-0.322,0.382,0.211,0.07
552,153858,-1089.99,429,26.8,0.5973,0.206,0.4401,0.4894,0.8937,0.2228,0.2057,0.203,-0.4501,B,0.1816,0.118-0.322,0.382,0.212,0.071
553,153965,33.2,107,97.2,0.5015,0.2358,0.4237,0.4786,0.8746,1.0305,0.9362,0.439,-0.4273,B,0.1678,0.118-0.322,0.382,0.212,0.071
554,153984,-0.61,19,84.2,0.4497,0.2331,0.6366,0.3023,0.4359,1.5222,0.7419,0.4597,-0.2133,B,0.1734,0.118-0.322,0.382,0.212,0.071
555,154066,-19.66,82,91.5,0.5975,0.2448,0.4439,0.4816,0.8395,0.5464,0.863,0.3891,-0.4282,B,0.1888,0.118-0.322,0.382,0.212,0.071
556,154086,-9.37,20,85.0,0.5105,0.2272,0.6288,0.3918,0.4264,1.2292,0.7466,0.4436,-0.3295,B,0.1618,0.118-0.322,0.382,0.212,0.071
557,154116,20.97,30,86.7,0.4552,0.2323,0.6365,0.3021,0.5582,1.4175,0.7851,0.3617,-0.2171,B,0.1298,0.118-0.322,0.382,0.212,0.071
558,154677,-1632.26,561,33.9,0.4783,0.2309,0.4211,0.5743,0.9352,0.5225,0.2738,0.3063,-0.6059,B,0.1239,0.118-0.322,0.383,0.212,0.071
559,154820,123.07,143,94.4,0.4007,0.2419,0.399,0.5134,0.9071,1.6917,0.9068,0.4398,-0.4807,B,0.1882,0.118-0.322,0.383,0.212,0.071
560,154975,88.67,155,98.1,0.3694,0.2554,0.4704,0.5441,0.9036,1.8743,0.9386,0.4381,-0.5674,B,0.1227,0.118-0.322,0.383,0.212,0.071
561,155269,34.85,294,98.6,0.3728,0.1695,0.4219,0.6054,0.93,1.9977,0.7399,0.4092,-0.6534,B,0.1749,0.118-0.322,0.384,0.213,0.071
562,155361,76.99,92,100.0,0.4711,0.2473,0.4,0.4667,0.8901,1.4518,0.9598,0.4217,-0.4055,B,0.1755,0.118-0.322,0.384,0.213,0.071
563,155380,-14.21,19,84.2,0.5265,0.2285,0.5607,0.3392,0.4008,0.924,0.76,0.4204,-0.2303,B,0.1818,0.118-0.322,0.384,0.213,0.071
564,155453,100.56,73,94.5,0.3253,0.2471,0.4916,0.4469,0.8254,2.2311,0.8824,0.4298,-0.4002,B,0.1537,0.118-0.322,0.384,0.213,0.071
565,155492,-30.84,39,89.7,0.6552,0.1752,0.5906,0.4017,0.6658,0.3117,0.7107,0.379,-0.3607,B,0.1407,0.118-0.322,0.384,0.213,0.071
566,155580,-88.14,88,96.6,0.6889,0.1798,0.509,0.5137,0.8227,0.4563,0.749,0.4593,-0.5391,B,0.13,0.118-0.322,0.384,0.213,0.071
567,155594,-16.91,14,92.9,0.6,0.2082,0.782,0.2648,0.4359,0.6476,0.7912,0.4552,-0.2302,B,0.1486,0.118-0.322,0.384,0.213,0.071
568,155642,-13.05,48,95.8,0.4538,0.2523,0.4848,0.534,0.7756,1.299,0.8875,0.432,-0.5409,B,0.1753,0.118-0.322,0.384,0.213,0.071
569,156427,-3356.37,785,14.1,0.8138,0.1462,0.4186,0.5496,0.9092,0.0184,0.0954,0.2522,-0.5519,B,0.1539,0.118-0.322,0.385,0.214,0.071
570,157662,-5241.36,1235,6.9,0.5372,0.1669,0.4066,0.5477,0.9424,0.0615,0.0436,0.3287,-0.5477,B,0.1503,0.118-0.322,0.386,0.215,0.072
571,158716,-3722.06,1054,19.5,0.4747,0.2092,0.3974,0.5521,0.9331,0.2625,0.1424,0.321,-0.5514,B,0.1721,0.118-0.322,0.387,0.216,0.072
572,158877,205.3,161,99.4,0.2742,0.2153,0.4712,0.5354,0.9298,2.4836,0.8733,0.4504,-0.5479,B,0.1315,0.118-0.322,0.388,0.216,0.072
573,158911,5.74,34,85.3,0.4124,0.2549,0.5003,0.4459,0.6801,1.4579,0.7704,0.4737,-0.3843,B,0.1317,0.118-0.322,0.388,0.216,0.072
574,158932,-23.35,21,71.4,0.7306,0.183,0.6248,0.3459,0.4093,0.1697,0.571,0.4041,-0.2583,B,0.1644,0.118-0.322,0.388,0.216,0.072
575,159146,144.59,214,99.5,0.3789,0.2151,0.4074,0.5339,0.935,1.8014,0.9175,0.4216,-0.5235,B,0.1643,0.118-0.322,0.388,0.216,0.072
576,159205,90.07,59,96.6,0.293,0.2609,0.4372,0.4814,0.8309,2.4643,0.7935,0.4534,-0.4296,B,0.1367,0.118-0.322,0.388,0.216,0.072
577,159291,31.97,86,94.2,0.4044,0.2497,0.4343,0.5025,0.8532,1.5511,0.8933,0.4452,-0.4961,B,0.1877,0.118-0.322,0.388,0.216,0.072
578,159427,23.18,136,98.5,0.3701,0.2276,0.4889,0.57,0.9115,1.8565,0.8463,0.4087,-0.608,B,0.1701,0.118-0.322,0.388,0.216,0.072
579,159452,-15.91,25,88.0,0.4917,0.2292,0.6197,0.4091,0.5069,1.2667,0.7994,0.3872,-0.3651,B,0.1322,0.118-0.322,0.388,0.216,0.072
580,159476,-28.33,24,83.3,0.7202,0.1713,0.6783,0.3867,0.5614,0.3089,0.6411,0.3568,-0.3964,B,0.1511,0.118-0.322,0.388,0.216,0.072
581,159504,15.19,28,85.7,0.3376,0.2504,0.6269,0.3925,0.6044,1.9302,0.7698,0.4663,-0.3223,B,0.1519,0.118-0.322,0.388,0.216,0.072
582,159572,-90.84,68,94.1,0.6978,0.1171,0.5344,0.4841,0.7732,0.2748,0.5101,0.305,-0.4594,B,0.1403,0.118-0.322,0.388,0.216,0.072
583,159837,74.49,265,98.5,0.2884,0.1295,0.4294,0.6173,0.9461,2.4118,0.5669,0.4482,-0.6775,B,0.1432,0.118-0.322,0.389,0.217,0.072
584,159947,-48.52,110,97.3,0.4071,0.1227,0.481,0.5604,0.8511,1.7232,0.5354,0.3682,-0.6043,B,0.1306,0.118-0.322,0.389,0.217,0.072
585,159960,-8.96,13,92.3,0.5663,0.2093,0.8216,0.1849,0.4062,0.7994,0.7708,0.4714,-0.1351,B,0.1537,0.118-0.322,0.389,0.217,0.072
586,160918,-3365.58,958,10.5,0.2262,0.1237,0.3773,0.5586,0.9435,0.3037,0.0515,0.3171,-0.5671,B,0.1623,0.118-0.322,0.39,0.217,0.072
587,160933,-14.46,15,93.3,0.503,0.2343,0.7467,0.3255,0.4428,1.1823,0.8266,0.4678,-0.284,B,0.1831,0.118-0.322,0.39,0.217,0.072
588,161106,17.85,173,99.4,0.5215,0.2133,0.4287,0.501,0.9166,0.9631,0.9203,0.4302,-0.4632,B,0.1681,0.118-0.322,0.39,0.218,0.073
589,161122,-16.09,16,87.5,0.6708,0.1945,0.6654,0.3261,0.4283,0.3118,0.7461,0.4841,-0.2333,B,0.1672,0.118-0.322,0.39,0.218,0.073
590,161141,-23.91,19,78.9,0.7239,0.1995,0.6576,0.3946,0.5448,0.2415,0.6487,0.433,-0.3742,B,0.1588,0.118-0.322,0.39,0.218,0.073
591,161163,9.4,22,90.9,0.3329,0.2416,0.5054,0.4392,0.5668,2.1885,0.7999,0.4571,-0.3881,B,0.1695,0.118-0.322,0.39,0.218,0.073
592,161216,43.97,53,92.5,0.3832,0.2294,0.511,0.4321,0.7717,1.7029,0.8765,0.3872,-0.3607,B,0.1784,0.118-0.322,0.39,0.218,0.073
593,161503,-901.81,287,25.1,0.8454,0.1032,0.5152,0.4289,0.7249,0.0258,0.1215,0.1137,-0.3783,B,0.123,0.118-0.322,0.391,0.218,0.073
594,161526,-7.69,23,87.0,0.6056,0.2143,0.5168,0.3877,0.5014,0.7304,0.7488,0.4381,-0.2767,B,0.1896,0.118-0.322,0.391,0.218,0.073
595,161579,44.05,53,94.3,0.3854,0.262,0.4492,0.4452,0.7943,1.745,0.8048,0.3909,-0.3847,B,0.1339,0.118-0.322,0.391,0.218,0.073
596,161608,-39.87,29,75.9,0.5847,0.2117,0.5743,0.4568,0.4807,0.7227,0.6547,0.3681,-0.4199,B,0.1425,0.118-0.322,0.391,0.218,0.073
597,162056,-1641.8,448,17.6,0.7578,0.0653,0.4786,0.4989,0.8097,0.098,0.0594,0.1484,-0.4922,B,0.166,0.118-0.322,0.391,0.218,0.073
598,162156,11.93,100,97.0,0.3714,0.241,0.4551,0.5817,0.8882,1.7709,0.9446,0.442,-0.6185,B,0.1891,0.118-0.322,0.391,0.218,0.073
599,162190,-18.67,34,91.2,0.5049,0.2398,0.524,0.494,0.7184,0.9339,0.8499,0.3819,-0.4572,B,0.1947,0.118-0.322,0.391,0.218,0.073
600,162240,-35.64,50,94.0,0.6144,0.1789,0.5622,0.4764,0.8073,0.6523,0.6588,0.4072,-0.4648,B,0.1253,0.118-0.322,0.391,0.219,0.073
601,162338,126.62,98,96.9,0.3304,0.2483,0.4111,0.5101,0.891,2.1693,0.918,0.4509,-0.475,B,0.1926,0.118-0.322,0.391,0.219,0.073
602,162452,152.08,114,96.5,0.1887,0.2556,0.4482,0.6048,0.9028,3.0451,0.9253,0.4698,-0.653,B,0.1898,0.118-0.322,0.392,0.219,0.073
603,162558,-136.82,106,99.1,0.4783,0.058,0.5083,0.5792,0.8532,1.4074,0.2867,0.3931,-0.6512,B,0.17,0.118-0.322,0.392,0.219,0.073
604,162575,-30.83,17,76.5,0.6912,0.1622,0.6561,0.3773,0.4112,0.1976,0.5722,0.4647,-0.2833,B,0.1895,0.118-0.322,0.392,0.219,0.073
605,162590,2.06,15,93.3,0.4686,0.2213,0.6255,0.2729,0.3837,1.5008,0.7839,0.4247,-0.167,B,0.1397,0.118-0.322,0.392,0.219,0.073
606,162676,106.54,86,91.9,0.2986,0.2167,0.4464,0.4605,0.8471,2.2873,0.8422,0.3136,-0.416,B,0.1306,0.118-0.322,0.392,0.219,0.073
607,162715,-7.35,39,89.7,0.4946,0.2312,0.5172,0.4405,0.6591,1.245,0.7956,0.3663,-0.3998,B,0.1683,0.118-0.322,0.392,0.219,0.073
608,163051,-972.08,336,33.6,0.5176,0.0994,0.4784,0.5031,0.8054,0.3353,0.1398,0.168,-0.4863,B,0.1664,0.118-0.322,0.392,0.219,0.073
609,163131,47.95,80,92.5,0.294,0.207,0.5052,0.548,0.8345,2.392,0.8367,0.3172,-0.5706,B,0.1356,0.118-0.322,0.392,0.219,0.073
610,163145,-14.31,14,100.0,0.625,0.2165,0.7615,0.1849,0.4141,0.6902,0.8834,0.44,-0.1139,B,0.1602,0.118-0.322,0.392,0.219,0.073
611,163159,-15.63,14,85.7,0.7236,0.1755,0.7515,0.2731,0.4263,0.2048,0.6846,0.461,-0.2645,B,0.1943,0.118-0.322,0.392,0.219,0.073
612,163365,134.6,206,100.0,0.2983,0.1228,0.4344,0.5681,0.9395,2.4059,0.5143,0.4591,-0.5866,B,0.1597,0.118-0.322,0.393,0.219,0.073
613,163392,-9.14,27,88.9,0.5551,0.229,0.6159,0.3696,0.5863,0.7582,0.8147,0.4412,-0.3225,B,0.1819,0.118-0.322,0.393,0.219,0.073
614,163483,-78.61,91,95.6,0.4739,0.146,0.505,0.5651,0.8358,1.3024,0.5853,0.3637,-0.5969,B,0.1819,0.118-0.322,0.393,0.22,0.073
615,163501,-20.75,18,88.9,0.5074,0.2321,0.6138,0.4121,0.438,1.0584,0.7854,0.4616,-0.3601,B,0.1526,0.118-0.322,0.393,0.22,0.073
616,163698,261.33,197,97.5,0.2802,0.2709,0.4267,0.5473,0.9246,2.4849,0.8192,0.4519,-0.5359,B,0.1838,0.118-0.322,0.393,0.22,0.073
617,163727,-27.47,29,86.2,0.6422,0.2102,0.5903,0.427,0.6606,0.4818,0.7557,0.443,-0.4013,B,0.159,0.118-0.322,0.393,0.22,0.073
618,163744,-5.05,17,88.2,0.4668,0.2327,0.6277,0.3844,0.4331,1.3337,0.7742,0.4281,-0.2918,B,0.1288,0.118-0.322,0.393,0.22,0.073
619,163836,12.94,92,93.5,0.4278,0.2292,0.4647,0.5561,0.8599,1.5548,0.884,0.4183,-0.549,B,0.1911,0.118-0.322,0.393,0.22,0.073
620,163914,-15.02,78,97.4,0.4286,0.1535,0.4819,0.4722,0.7793,1.4848,0.5938,0.2801,-0.4587,B,0.1259,0.118-0.322,0.393,0.22,0.073
621,163948,-11.42,34,88.2,0.5238,0.2244,0.5529,0.422,0.609,0.9895,0.7896,0.3786,-0.3514,B,0.1556,0.118-0.322,0.393,0.22,0.073
622,163966,-13.85,18,88.9,0.5145,0.2248,0.6257,0.3551,0.4967,0.9875,0.7788,0.4815,-0.3056,B,0.1764,0.118-0.322,0.393,0.22,0.073
623,164009,-27.21,43,97.7,0.4488,0.2544,0.4982,0.5689,0.8041,1.2786,0.8651,0.4239,-0.607,B,0.1735,0.118-0.322,0.393,0.22,0.073
624,164319,-1105.65,310,18.7,0.634,0.1779,0.4765,0.5088,0.6591,0.0794,0.1546,0.1,-0.496,B,0.1463,0.118-0.322,0.394,0.22,0.073
625,164335,-9.5,16,93.8,0.5494,0.2326,0.6993,0.2953,0.4142,1.0708,0.8388,0.482,-0.2349,B,0.1634,0.118-0.322,0.394,0.22,0.073
626,164644,-1187.97,309,17.5,0.7371,0.101,0.4916,0.4997,0.7656,0.0386,0.0852,0.0767,-0.5113,B,0.1874,0.118-0.322,0.394,0.221,0.074
627,164671,-33.21,27,81.5,0.5928,0.2118,0.5314,0.4344,0.5436,0.6022,0.7092,0.375,-0.3895,B,0.1965,0.118-0.322,0.394,0.221,0.074
628,164758,-9.93,87,98.9,0.42,0.2201,0.4557,0.5314,0.8141,1.4387,0.8566,0.3664,-0.5224,B,0.1833,0.118-0.322,0.394,0.221,0.074
629,164772,-8.71,14,92.9,0.6461,0.1804,0.7596,0.2439,0.3865,0.4082,0.7375,0.4857,-0.1789,B,0.1659,0.118-0.322,0.394,0.221,0.074
630,164862,-146.71,90,95.6,0.5937,0.1726,0.5228,0.5972,0.8657,0.5413,0.7435,0.4333,-0.6788,B,0.1907,0.118-0.322,0.394,0.221,0.074
631,164917,20.71,55,96.4,0.3785,0.2505,0.4968,0.5263,0.7638,1.9431,0.8734,0.4352,-0.5276,B,0.1802,0.118-0.322,0.394,0.221,0.074
632,165013,11.97,96,96.9,0.4005,0.26,0.452,0.5619,0.848,1.6465,0.9023,0.4148,-0.5789,B,0.1586,0.118-0.322,0.394,0.221,0.074
633,165089,-93.66,76,96.1,0.6495,0.157,0.4797,0.5373,0.8061,0.3785,0.7035,0.3916,-0.5614,B,0.1513,0.118-0.322,0.395,0.221,0.074
634,165117,-29.16,28,78.6,0.7827,0.1491,0.5627,0.3864,0.6058,0.1576,0.5482,0.4443,-0.3146,B,0.1772,0.118-0.322,0.395,0.221,0.074
635,165134,-11.49,17,82.4,0.5913,0.2182,0.6556,0.3464,0.4398,0.5433,0.7278,0.4646,-0.2754,B,0.1654,0.118-0.322,0.395,0.221,0.074
636,165181,-75.21,47,89.4,0.7375,0.1352,0.5641,0.5367,0.7369,0.2241,0.5688,0.4124,-0.5493,B,0.1854,0.118-0.322,0.395,0.221,0.074
637,165234,-32.25,53,94.3,0.4862,0.2099,0.5199,0.4505,0.6079,1.0335,0.8069,0.2594,-0.415,B,0.1961,0.118-0.322,0.395,0.221,0.074
638,165255,-14.94,21,81.0,0.5531,0.2205,0.6826,0.3058,0.4863,0.7887,0.7354,0.3937,-0.2343,B,0.126,0.118-0.322,0.395,0.221,0.074
639,165367,-77.64,112,95.5,0.5038,0.1981,0.4491,0.5858,0.8952,1.0957,0.8122,0.4002,-0.6253,B,0.1582,0.118-0.322,0.395,0.221,0.074
640,165396,-9.85,29,82.8,0.6473,0.2087,0.499,0.3702,0.6246,0.3568,0.7286,0.4419,-0.2804,B,0.197,0.118-0.322,0.395,0.221,0.074
641,165422,2.52,26,84.6,0.5076,0.2182,0.6753,0.3186,0.5431,1.0517,0.7546,0.3434,-0.2573,B,0.1894,0.118-0.322,0.395,0.221,0.074
642,165439,-35.69,17,82.4,0.7073,0.1742,0.6389,0.4036,0.4086,0.1961,0.6515,0.4598,-0.3237,B,0.1579,0.118-0.322,0.395,0.221,0.074
643,165504,58.72,65,93.8,0.3817,0.2319,0.4643,0.4777,0.786,1.8767,0.8865,0.4059,-0.4319,B,0.147,0.118-0.322,0.395,0.221,0.074
644,165796,-969.5,292,14.7,0.3435,0.1317,0.487,0.4834,0.6723,0.31,0.0877,0.0776,-0.4614,B,0.1518,0.118-0.322,0.395,0.221,0.074
645,165817,9.7,21,90.5,0.4248,0.2354,0.6512,0.3394,0.5892,1.5958,0.8006,0.4402,-0.2899,B,0.1605,0.118-0.322,0.395,0.222,0.074
646,165977,64.93,160,98.1,0.3044,0.2194,0.4418,0.6228,0.9335,2.3739,0.9209,0.4228,-0.6978,B,0.1559,0.118-0.322,0.396,0.222,0.074
647,166095,8.4,118,96.6,0.4258,0.214,0.4369,0.5438,0.908,1.5258,0.8741,0.4173,-0.5739,B,0.1518,0.118-0.322,0.396,0.222,0.074
648,166259,-471.34,164,17.7,0.8454,0.1348,0.5071,0.448,0.6246,0.0552,0.0996,0.0722,-0.4079,B,0.1698,0.118-0.322,0.396,0.222,0.074
649,166277,-15.47,18,83.3,0.7473,0.1658,0.6615,0.328,0.4953,0.1602,0.6448,0.4643,-0.254,B,0.1954,0.118-0.322,0.396,0.222,0.074
650,166544,-773.88,267,29.6,0.6028,0.1889,0.4767,0.4964,0.7313,0.2221,0.1981,0.0751,-0.478,B,0.165,0.118-0.322,0.396,0.222,0.074
651,166563,-11.89,19,89.5,0.5183,0.2225,0.6514,0.3684,0.4369,1.1203,0.7842,0.4475,-0.3214,B,0.1604,0.118-0.322,0.396,0.222,0.074
652,166704,131.56,141,97.2,0.3012,0.2302,0.422,0.5916,0.9201,2.466,0.9268,0.4554,-0.6277,B,0.1346,0.118-0.322,0.396,0.222,0.074
653,166783,-15.51,79,94.9,0.4935,0.2295,0.4473,0.5418,0.8632,1.0089,0.9127,0.431,-0.5246,B,0.1414,0.118-0.322,0.396,0.222,0.074
654,166901,117.86,118,98.3,0.3202,0.237,0.4393,0.527,0.9152,2.1764,0.9622,0.4538,-0.5348,B,0.153,0.118-0.322,0.397,0.222,0.074
655,166982,100.59,81,93.8,0.3515,0.2316,0.4908,0.4737,0.8652,2.079,0.871,0.4352,-0.4383,B,0.1419,0.118-0.322,0.397,0.222,0.074
656,166996,-11.98,14,85.7,0.7469,0.162,0.7414,0.2455,0.4319,0.1581,0.6475,0.4639,-0.1925,B,0.1404,0.118-0.322,0.397,0.222,0.074
657,167014,-7.63,18,83.3,0.5099,0.2333,0.7301,0.2518,0.4202,1.0705,0.7574,0.422,-0.1628,B,0.1701,0.118-0.322,0.397,0.223,0.074
658,167168,-24.08,154,98.1,0.3206,0.1195,0.4798,0.6091,0.895,2.31,0.531,0.3528,-0.6779,B,0.1871,0.118-0.322,0.397,0.223,0.074
659,167252,45.43,84,95.2,0.3818,0.2288,0.4879,0.5389,0.877,1.88,0.8996,0.4065,-0.5428,B,0.1709,0.118-0.322,0.397,0.223,0.074
660,167443,-695.28,191,6.8,0.892,0.0816,0.4852,0.4916,0.6267,0.0034,0.0271,0.0496,-0.4794,B,0.1859,0.118-0.322,0.397,0.223,0.074
661,167467,23.3,24,87.5,0.4067,0.2336,0.6548,0.2511,0.5515,1.6219,0.7999,0.3511,-0.1469,B,0.181,0.118-0.322,0.397,0.223,0.074
662,167540,84.42,73,97.3,0.2922,0.2129,0.4551,0.4453,0.7716,2.3841,0.7096,0.355,-0.4002,B,0.1894,0.118-0.322,0.397,0.223,0.074
663,167572,-22.27,32,87.5,0.5688,0.2092,0.59,0.4506,0.6296,0.8336,0.7681,0.3971,-0.4279,B,0.1962,0.118-0.322,0.397,0.223,0.074
664,167593,-34.21,21,81.0,0.63,0.2003,0.665,0.4114,0.4528,0.422,0.6872,0.3574,-0.3996,B,0.1552,0.118-0.322,0.397,0.223,0.074
665,167638,-30.94,45,100.0,0.6627,0.229,0.5189,0.4454,0.8021,0.3771,0.9383,0.4403,-0.416,B,0.1633,0.118-0.322,0.397,0.223,0.074
666,167654,-27.26,16,81.2,0.714,0.18,0.7003,0.3743,0.4389,0.231,0.6669,0.4796,-0.3863,B,0.1351,0.118-0.322,0.397,0.223,0.074
667,167858,-614.51,204,31.9,0.7042,0.1225,0.5065,0.5006,0.7523,0.1037,0.1593,0.0833,-0.5029,B,0.1302,0.118-0.322,0.398,0.223,0.074
668,167964,-0.0,106,94.3,0.3536,0.1932,0.4573,0.5709,0.8788,1.91,0.8165,0.3441,-0.609,B,0.13,0.118-0.322,0.398,0.223,0.074
669,167984,-20.81,20,85.0,0.6981,0.1868,0.638,0.396,0.4761,0.3289,0.7049,0.4396,-0.3406,B,0.1371,0.118-0.322,0.398,0.223,0.074
670,168000,-10.85,16,93.8,0.4928,0.2355,0.682,0.3023,0.4397,1.1744,0.8223,0.4598,-0.2102,B,0.1728,0.118-0.322,0.398,0.223,0.074
671,168038,12.13,38,92.1,0.4244,0.2542,0.5369,0.4473,0.7541,1.4139,0.8614,0.4688,-0.4092,B,0.1846,0.118-0.322,0.398,0.223,0.074
672,168106,-12.19,68,98.5,0.56,0.2165,0.4692,0.4736,0.8613,0.7598,0.9171,0.4465,-0.4452,B,0.1917,0.118-0.322,0.398,0.223,0.074
673,168131,-24.18,25,84.0,0.6872,0.1595,0.5799,0.3661,0.4936,0.474,0.5478,0.3963,-0.3269,B,0.1862,0.118-0.322,0.398,0.223,0.074
674,168171,21.07,40,87.5,0.3601,0.2363,0.5659,0.4339,0.6864,1.8777,0.8091,0.2937,-0.3888,B,0.1644,0.118-0.322,0.398,0.223,0.074
675,168188,-11.61,17,88.2,0.5466,0.2268,0.6286,0.3216,0.4988,0.83,0.7489,0.4463,-0.2469,B,0.1588,0.118-0.322,0.398,0.223,0.074
676,168244,-29.31,56,76.8,0.5631,0.2013,0.5742,0.3902,0.5515,0.719,0.606,0.3148,-0.3163,B,0.143,0.118-0.322,0.398,0.224,0.075
677,168277,-37.24,33,84.8,0.6599,0.1784,0.5845,0.4183,0.6293,0.4405,0.6715,0.4061,-0.3866,B,0.1924,0.118-0.322,0.398,0.224,0.075
678,168461,-553.16,184,29.9,0.4973,0.2065,0.4782,0.5144,0.6626,0.4119,0.2185,0.0883,-0.5046,B,0.1295,0.118-0.322,0.398,0.224,0.075
679,168476,-8.47,15,93.3,0.5954,0.2222,0.7646,0.1956,0.423,0.5916,0.8141,0.4557,-0.1179,B,0.1765,0.118-0.322,0.398,0.224,0.075
680,168533,37.94,57,89.5,0.3963,0.2518,0.4449,0.4433,0.7771,1.5524,0.8445,0.3392,-0.3798,B,0.1897,0.118-0.322,0.398,0.224,0.075
681,168569,16.4,36,88.9,0.377,0.2415,0.5378,0.4131,0.6476,1.8734,0.8357,0.3802,-0.3704,B,0.1848,0.118-0.322,0.398,0.224,0.075
682,168834,-802.3,265,21.9,0.272,0.1415,0.4412,0.5297,0.8129,0.5545,0.1171,0.1104,-0.5259,B,0.146,0.118-0.322,0.399,0.224,0.075
683,168875,0.67,41,87.8,0.3893,0.24,0.5386,0.442,0.6564,1.6094,0.8306,0.4067,-0.4198,B,0.1797,0.118-0.322,0.399,0.224,0.075
684,168890,-18.2,15,73.3,0.8228,0.1435,0.7361,0.3182,0.4728,0.0847,0.4966,0.447,-0.2558,B,0.1781,0.118-0.322,0.399,0.224,0.075
685,168945,68.08,55,98.2,0.4081,0.2414,0.5492,0.4084,0.8297,1.6232,0.883,0.4676,-0.3326,B,0.1405,0.118-0.322,0.399,0.224,0.075
686,168960,-11.26,15,80.0,0.8462,0.1226,0.6944,0.2725,0.4394,0.0761,0.4625,0.4534,-0.1669,B,0.1933,0.118-0.322,0.399,0.224,0.075
687,168979,7.23,19,78.9,0.4713,0.2339,0.6559,0.3044,0.5129,1.2262,0.657,0.4354,-0.196,B,0.1621,0.118-0.322,0.399,0.224,0.075
688,169023,11.18,44,95.5,0.5499,0.218,0.4966,0.4026,0.7925,0.7527,0.8905,0.4735,-0.3399,B,0.1692,0.118-0.322,0.399,0.224,0.075
689,169088,-48.58,65,92.3,0.7195,0.1753,0.4521,0.4637,0.8038,0.2192,0.7436,0.4349,-0.422,B,0.1976,0.118-0.322,0.399,0.224,0.075
690,169136,-32.56,48,93.8,0.6003,0.185,0.5925,0.4404,0.7426,0.5726,0.7582,0.4035,-0.4091,B,0.18,0.118-0.322,0.399,0.224,0.075
691,169159,-32.24,23,78.3,0.5656,0.2228,0.6557,0.3935,0.4526,0.7543,0.6824,0.428,-0.3625,B,0.1604,0.118-0.322,0.399,0.224,0.075
692,169205,58.37,46,95.7,0.4061,0.2392,0.5059,0.3925,0.7882,1.7429,0.8865,0.4591,-0.3138,B,0.1687,0.118-0.322,0.399,0.224,0.075
693,169247,6.73,42,88.1,0.4198,0.2572,0.5328,0.4461,0.6869,1.4294,0.751,0.3945,-0.4131,B,0.173,0.118-0.322,0.399,0.224,0.075
694,169328,77.99,81,95.1,0.2963,0.2203,0.4812,0.5219,0.8741,2.3369,0.8926,0.4256,-0.5175,B,0.1521,0.118-0.322,0.399,0.224,0.075
695,169347,-8.52,19,78.9,0.5399,0.2269,0.5767,0.3138,0.4453,0.9077,0.6987,0.4002,-0.2031,B,0.1339,0.118-0.322,0.399,0.224,0.075
696,169383,8.52,36,94.4,0.4843,0.2329,0.6123,0.3989,0.7053,1.2097,0.8799,0.3629,-0.3456,B,0.1833,0.118-0.322,0.399,0.224,0.075
697,169423,-21.35,40,90.0,0.6808,0.1874,0.5366,0.4071,0.6456,0.3988,0.6606,0.4148,-0.335,B,0.1295,0.118-0.322,0.399,0.225,0.075
698,169458,-30.84,35,91.4,0.528,0.2258,0.5862,0.5004,0.7024,0.8596,0.8273,0.4488,-0.4826,B,0.159,0.118-0.322,0.399,0.225,0.075
699,169525,-1.81,67,95.5,0.5054,0.2178,0.4707,0.5111,0.8482,1.1225,0.8576,0.3892,-0.4744,B,0.1334,0.118-0.322,0.399,0.225,0.075
700,169570,34.84,45,93.3,0.3081,0.2269,0.5381,0.4667,0.7478,2.2984,0.8855,0.3622,-0.4617,B,0.1473,0.118-0.322,0.4,0.225,0.075
701,169655,66.43,85,95.3,0.3733,0.2522,0.4819,0.4949,0.847,1.8562,0.8931,0.449,-0.4716,B,0.1756,0.118-0.322,0.4,0.225,0.075
702,169929,-707.39,274,23.0,0.2261,0.1132,0.5114,0.4734,0.7196,0.6657,0.1106,0.0996,-0.4453,B,0.1579,0.118-0.322,0.4,0.225,0.075
703,169962,7.62,33,90.9,0.3998,0.2472,0.5216,0.4671,0.7059,1.5836,0.8446,0.4446,-0.4161,B,0.1646,0.118-0.322,0.4,0.225,0.075
704,170147,-571.92,185,15.1,0.7512,0.1739,0.4595,0.4932,0.6528,0.0428,0.1098,0.0957,-0.46,B,0.1867,0.118-0.322,0.4,0.225,0.075
705,170211,9.79,64,92.2,0.4449,0.2225,0.5373,0.4515,0.7972,1.2969,0.8393,0.2631,-0.4168,B,0.1302,0.118-0.322,0.4,0.225,0.075
706,170249,49.87,38,94.7,0.2847,0.2431,0.5997,0.3829,0.6905,2.4585,0.8987,0.4011,-0.3263,B,0.166,0.118-0.322,0.4,0.225,0.075
707,170282,-21.89,33,90.9,0.6032,0.2091,0.532,0.4377,0.644,0.683,0.766,0.3851,-0.4036,B,0.1415,0.118-0.322,0.4,0.225,0.075
708,170488,-599.58,206,23.3,0.5431,0.1826,0.5149,0.4921,0.6577,0.2914,0.1704,0.0753,-0.4758,B,0.136,0.118-0.322,0.401,0.225,0.075
709,170657,-528.94,169,27.8,0.6587,0.1936,0.5019,0.488,0.6116,0.1064,0.2218,0.1027,-0.4821,B,0.168,0.118-0.322,0.401,0.226,0.075
710,170762,101.9,105,97.1,0.2697,0.2213,0.4617,0.5646,0.9041,2.4954,0.9216,0.4361,-0.5856,B,0.1349,0.118-0.322,0.401,0.226,0.075
711,170778,-13.12,16,81.2,0.6599,0.2029,0.7316,0.3044,0.4511,0.3314,0.7222,0.4323,-0.249,B,0.1842,0.118-0.322,0.401,0.226,0.075
712,170860,145.27,82,96.3,0.2569,0.243,0.4469,0.4802,0.87,2.6784,0.9289,0.3781,-0.442,B,0.1544,0.118-0.322,0.401,0.226,0.075
713,170952,-32.1,92,92.4,0.3829,0.2241,0.4812,0.5896,0.8264,1.7692,0.8732,0.3787,-0.644,B,0.1401,0.118-0.322,0.401,0.226,0.075
714,170973,-16.54,21,90.5,0.5597,0.2082,0.707,0.395,0.4775,1.1255,0.7554,0.4102,-0.3993,B,0.1719,0.118-0.322,0.401,0.226,0.075
715,171009,0.65,36,88.9,0.4767,0.2348,0.5786,0.4316,0.6439,1.2518,0.8028,0.411,-0.3775,B,0.1391,0.118-0.322,0.401,0.226,0.075
716,171167,73.14,158,97.5,0.3272,0.1985,0.4495,0.5895,0.9193,2.1912,0.8327,0.4051,-0.6121,B,0.1901,0.118-0.322,0.401,0.226,0.075
717,171357,-579.07,190,25.8,0.8667,0.1753,0.4726,0.5147,0.522,0.0221,0.203,0.1358,-0.5014,B,0.1405,0.118-0.322,0.402,0.226,0.075
718,171370,-21.7,13,92.3,0.6175,0.193,0.8393,0.236,0.4152,0.5103,0.781,0.4558,-0.2483,B,0.1858,0.118-0.322,0.402,0.226,0.075
719,171421,19.51,51,94.1,0.4536,0.2263,0.5103,0.4393,0.7559,1.2894,0.8926,0.3733,-0.3703,B,0.1597,0.118-0.322,0.402,0.226,0.075
720,171593,-545.83,172,15.7,0.7658,0.1524,0.4803,0.476,0.5782,0.0449,0.1031,0.0492,-0.4492,B,0.1435,0.118-0.322,0.402,0.226,0.075
721,171607,-8.61,14,92.9,0.606,0.2055,0.7984,0.2189,0.447,0.5218,0.824,0.4508,-0.1448,B,0.1344,0.118-0.322,0.402,0.226,0.075
722,171770,-537.96,163,17.2,0.4867,0.1123,0.5119,0.4597,0.531,0.2607,0.0795,0.0539,-0.4476,B,0.1945,0.118-0.322,0.402,0.226,0.075
723,171810,5.79,40,87.5,0.4586,0.2455,0.5109,0.41,0.6707,1.2262,0.7872,0.3822,-0.3557,B,0.161,0.118-0.322,0.402,0.227,0.076
724,171988,-475.15,178,27.5,0.637,0.1872,0.5093,0.4845,0.6092,0.3148,0.2045,0.1002,-0.4686,B,0.1715,0.118-0.322,0.402,0.227,0.076
725,172160,-520.49,172,14.5,0.7973,0.1454,0.536,0.4314,0.5726,0.0487,0.0929,0.0559,-0.3871,B,0.1741,0.118-0.322,0.402,0.227,0.076
726,172253,57.76,93,96.8,0.3113,0.2415,0.4531,0.5658,0.8888,2.2604,0.9332,0.4404,-0.6045,B,0.1955,0.118-0.322,0.403,0.227,0.076
727,172268,-22.63,15,73.3,0.8846,0.1011,0.7396,0.3202,0.4464,0.0525,0.3472,0.4638,-0.2675,B,0.1642,0.118-0.322,0.403,0.227,0.076
728,172495,-656.11,227,34.4,0.6655,0.1947,0.4996,0.5134,0.7363,0.2249,0.2666,0.1082,-0.513,B,0.132,0.118-0.322,0.403,0.227,0.076
729,172679,-636.19,184,17.9,0.6124,0.1749,0.5172,0.4972,0.6594,0.1636,0.1245,0.0481,-0.4894,B,0.143,0.118-0.322,0.403,0.227,0.076
730,172908,-564.56,229,38.9,0.5131,0.2279,0.4562,0.5222,0.704,0.4668,0.3084,0.146,-0.5075,B,0.1948,0.118-0.322,0.403,0.227,0.076
731,173108,-598.55,200,26.0,0.6039,0.1999,0.4674,0.5194,0.6964,0.1576,0.2258,0.1429,-0.5182,B,0.1837,0.118-0.322,0.403,0.228,0.076
732,173177,52.21,69,94.2,0.3789,0.2478,0.4605,0.4928,0.8463,1.8996,0.8712,0.4547,-0.492,B,0.1365,0.118-0.322,0.404,0.228,0.076
733,173318,-467.15,141,24.8,0.7171,0.0788,0.5077,0.4845,0.5047,0.1333,0.0939,0.0665,-0.4729,B,0.1806,0.118-0.322,0.404,0.228,0.076
734,173498,-621.93,180,21.7,0.6753,0.1701,0.5018,0.5022,0.5922,0.1341,0.1449,0.0598,-0.4952,B,0.1319,0.118-0.322,0.404,0.228,0.076
735,173534,-38.4,36,83.3,0.6673,0.2176,0.5336,0.4802,0.6953,0.3001,0.7371,0.4413,-0.4344,B,0.1929,0.118-0.322,0.404,0.228,0.076
736,173671,-470.84,137,21.9,0.6742,0.1513,0.5105,0.4953,0.4315,0.1174,0.1322,0.0695,-0.5067,B,0.1659,0.118-0.322,0.404,0.228,0.076
737,173714,-20.7,43,86.0,0.5381,0.2172,0.4902,0.4954,0.6981,0.9333,0.7541,0.4199,-0.4651,B,0.1318,0.118-0.322,0.404,0.228,0.076
738,173892,-674.09,178,19.7,0.8016,0.1296,0.5011,0.5298,0.611,0.0558,0.1041,0.063,-0.5516,B,0.1956,0.118-0.322,0.404,0.228,0.076
739,174051,140.66,159,98.7,0.3306,0.2125,0.4633,0.5329,0.9157,2.176,0.8923,0.4421,-0.5396,B,0.128,0.118-0.322,0.404,0.228,0.076
740,174251,-768.66,200,19.5,0.5458,0.1353,0.481,0.5607,0.711,0.2414,0.1123,0.0571,-0.5823,B,0.1711,0.118-0.322,0.405,0.229,0.076
741,174311,80.02,60,93.3,0.2825,0.2363,0.4856,0.4945,0.8399,2.4641,0.8836,0.4662,-0.4786,B,0.1618,0.118-0.322,0.405,0.229,0.076
742,174495,-685.84,184,17.9,0.9237,0.1239,0.4777,0.5234,0.6245,0.0265,0.0881,0.0711,-0.5338,B,0.1409,0.118-0.322,0.405,0.229,0.076
743,174529,19.86,34,94.1,0.4266,0.2388,0.5037,0.4186,0.6799,1.6989,0.8528,0.4706,-0.3382,B,0.1898,0.118-0.322,0.405,0.229,0.076
744,174717,-748.17,188,8.0,1.0127,0.1146,0.4804,0.5242,0.6158,0.0019,0.0434,0.0672,-0.5147,B,0.1598,0.118-0.322,0.405,0.229,0.076
745,174736,-2.42,19,89.5,0.4544,0.2405,0.7226,0.3165,0.4809,1.4148,0.8209,0.4408,-0.3009,B,0.1577,0.118-0.322,0.405,0.229,0.076
746,174888,-464.16,152,29.6,0.5724,0.1225,0.4879,0.5122,0.5232,0.3438,0.1508,0.0937,-0.5013,B,0.1311,0.118-0.322,0.405,0.229,0.076
747,175060,-656.51,172,23.8,0.9117,0.1346,0.5074,0.5428,0.5925,0.0416,0.1444,0.066,-0.565,B,0.1282,0.118-0.322,0.406,0.229,0.076
748,175239,-612.52,179,29.6,0.8975,0.1441,0.4846,0.5155,0.5937,0.0489,0.169,0.0587,-0.5027,B,0.1656,0.118-0.322,0.406,0.229,0.076
749,175408,-258.19,169,53.8,0.374,0.2317,0.487,0.5044,0.6619,1.1442,0.4189,0.1241,-0.4823,B,0.1788,0.118-0.322,0.406,0.23,0.077
750,175537,-297.21,129,31.8,0.7059,0.1788,0.5179,0.4471,0.5171,0.2337,0.2224,0.1256,-0.4072,B,0.1565,0.118-0.322,0.406,0.23,0.077
751,175553,-0.4,16,100.0,0.5154,0.2249,0.7522,0.2865,0.4393,1.5033,0.8387,0.4542,-0.225,B,0.1818,0.118-0.322,0.406,0.23,0.077
752,175587,-9.5,34,82.4,0.4195,0.2344,0.5541,0.4773,0.6267,1.5807,0.7376,0.3648,-0.4782,B,0.1998,0.118-0.322,0.406,0.23,0.077
753,175853,-686.83,266,38.3,0.3742,0.2165,0.5089,0.521,0.7433,0.8394,0.3268,0.1427,-0.5445,B,0.1852,0.118-0.322,0.407,0.23,0.077
754,175871,-6.33,18,88.9,0.5871,0.2026,0.6514,0.2791,0.4743,0.7677,0.7197,0.4574,-0.1685,B,0.1708,0.118-0.322,0.407,0.23,0.077
755,175888,-11.15,17,88.2,0.6732,0.19,0.7134,0.2397,0.3727,0.4621,0.7213,0.4104,-0.1572,B,0.1859,0.118-0.322,0.407,0.23,0.077
756,176103,-854.52,215,17.2,0.8844,0.1005,0.4776,0.5458,0.6874,0.0292,0.0803,0.0514,-0.5721,B,0.1744,0.118-0.322,0.407,0.23,0.077
757,176255,-582.52,152,8.6,0.9412,0.1368,0.4856,0.539,0.562,0.0123,0.0521,0.0846,-0.5409,B,0.1679,0.118-0.322,0.407,0.23,0.077
758,176270,-2.79,15,100.0,0.4845,0.2346,0.7508,0.2339,0.4323,1.4224,0.8541,0.44,-0.1527,B,0.1809,0.118-0.322,0.407,0.23,0.077
759,176322,68.43,52,98.1,0.2661,0.2615,0.5069,0.4664,0.829,2.576,0.8323,0.443,-0.4243,B,0.1674,0.118-0.322,0.407,0.23,0.077
760,176505,-670.32,183,23.0,0.8304,0.1223,0.4999,0.5534,0.6915,0.1092,0.1146,0.0762,-0.5885,B,0.1335,0.118-0.322,0.407,0.23,0.077
761,176735,-714.49,230,23.0,0.8675,0.1383,0.484,0.5025,0.799,0.0482,0.1291,0.0546,-0.4796,B,0.1938,0.118-0.322,0.407,0.231,0.077
762,176751,-7.92,16,93.8,0.5109,0.2413,0.7081,0.2782,0.4404,1.1368,0.7909,0.4636,-0.1809,B,0.1597,0.118-0.322,0.407,0.231,0.077
763,177002,-831.81,251,23.5,0.6565,0.1833,0.4856,0.5218,0.8353,0.1984,0.1722,0.0644,-0.5263,B,0.1744,0.118-0.322,0.408,0.231,0.077
764,177262,-906.04,260,11.5,0.7044,0.0735,0.4167,0.501,0.8042,0.1073,0.0416,0.0497,-0.465,B,0.1851,0.118-0.322,0.408,0.231,0.077
765,177526,-807.5,264,20.1,0.7424,0.1819,0.4609,0.496,0.8384,0.0684,0.1482,0.1886,-0.4691,B,0.1479,0.118-0.322,0.408,0.231,0.077
766,177701,-613.39,175,17.1,0.6106,0.1296,0.4786,0.5182,0.6424,0.1463,0.0947,0.0545,-0.5311,B,0.1785,0.118-0.322,0.409,0.231,0.077
767,177895,-661.84,194,16.0,0.8271,0.1154,0.4675,0.4927,0.6937,0.0807,0.0792,0.0517,-0.4652,B,0.1758,0.118-0.322,0.409,0.232,0.077
768,178086,-535.45,191,47.6,0.9036,0.0961,0.476,0.4981,0.7053,0.0362,0.2127,0.1007,-0.4763,B,0.1751,0.118-0.322,0.409,0.232,0.077
769,178422,-1268.86,336,14.3,0.8812,0.0367,0.4315,0.5245,0.9039,0.0086,0.0327,0.1633,-0.5123,B,0.1421,0.118-0.322,0.409,0.232,0.077
770,178654,-769.53,232,21.1,0.7836,0.1638,0.5113,0.4877,0.7926,0.0564,0.1384,0.0534,-0.4718,B,0.1645,0.118-0.322,0.41,0.232,0.077
771,178885,-805.74,231,13.0,0.5923,0.0598,0.4622,0.5112,0.7695,0.1508,0.041,0.0495,-0.4857,B,0.1697,0.118-0.322,0.41,0.232,0.077
772,179118,-887.19,233,5.2,0.7956,0.1588,0.459,0.4935,0.7148,0.0136,0.0369,0.0576,-0.4813,B,0.1746,0.118-0.322,0.41,0.233,0.078
773,179312,-176.69,194,100.0,0.7482,0.1749,0.4175,0.5272,0.8997,0.255,0.735,0.3548,-0.5012,B,0.1942,0.118-0.322,0.41,0.233,0.078
774,179490,-545.29,178,20.8,0.8319,0.0886,0.5075,0.4872,0.7101,0.048,0.0835,0.0679,-0.4734,B,0.1877,0.118-0.322,0.411,0.233,0.078
775,179652,-451.85,162,24.1,0.6841,0.0903,0.5052,0.4693,0.6852,0.1837,0.0912,0.0726,-0.4419,B,0.1571,0.118-0.322,0.411,0.233,0.078
776,179830,-469.68,178,32.6,0.6661,0.1872,0.5271,0.4659,0.689,0.2042,0.2637,0.0727,-0.4339,B,0.1418,0.118-0.322,0.411,0.233,0.078
777,180037,-731.87,207,12.1,0.4772,0.0916,0.488,0.5017,0.7186,0.1881,0.0493,0.0447,-0.4896,B,0.1957,0.118-0.322,0.411,0.233,0.078
778,180217,-664.48,180,4.4,0.7353,0.1454,0.4621,0.5145,0.6903,0.0121,0.0297,0.0664,-0.5116,B,0.1922,0.118-0.322,0.411,0.234,0.078
779,180428,-758.05,211,14.7,0.7887,0.1297,0.4427,0.5367,0.7572,0.0528,0.0833,0.0772,-0.5349,B,0.2012,0.118-0.322,0.412,0.234,0.078
780,180443,-18.04,15,73.3,0.8298,0.1404,0.7397,0.2302,0.4123,0.1236,0.4861,0.4223,-0.1422,B,0.1433,0.118-0.322,0.412,0.234,0.078
781,180646,-728.05,203,5.9,0.9406,0.1453,0.464,0.5107,0.6951,0.0035,0.038,0.0592,-0.4835,B,0.1858,0.118-0.322,0.412,0.234,0.078
782,182740,-10951.84,2094,3.7,0.8065,0.134,0.4465,0.6053,0.9603,0.0062,0.0216,0.3685,-0.6706,B,0.1515,0.118-0.322,0.414,0.236,0.079
783,182965,-604.12,225,24.9,0.6357,0.2087,0.4883,0.478,0.8187,0.1817,0.1984,0.098,-0.4563,B,0.1737,0.118-0.322,0.414,0.236,0.079
784,183133,-554.61,168,6.5,0.8167,0.1102,0.4694,0.5232,0.7368,0.0073,0.0345,0.0725,-0.5097,B,0.1669,0.118-0.322,0.415,0.236,0.079
785,183337,-440.07,204,44.6,0.7095,0.1382,0.4624,0.4795,0.8422,0.208,0.2765,0.1664,-0.455,B,0.1639,0.118-0.322,0.415,0.236,0.079
786,184216,-4088.18,879,6.9,0.6013,0.1479,0.4352,0.5628,0.8758,0.0589,0.0446,0.2042,-0.5796,B,0.1398,0.118-0.322,0.416,0.237,0.079
787,184667,-1791.23,451,2.0,0.7159,0.1655,0.4619,0.5645,0.8604,0.0054,0.0141,0.1094,-0.5941,B,0.1805,0.118-0.322,0.416,0.237,0.079
788,185218,-1805.2,551,13.8,0.4428,0.2086,0.4066,0.4484,0.8438,0.1934,0.0968,0.2189,-0.3887,B,0.2038,0.118-0.322,0.417,0.238,0.079
789,185553,-1013.79,335,17.9,0.8593,0.1405,0.4803,0.52,0.8176,0.0673,0.1056,0.1425,-0.5199,B,0.1583,0.118-0.322,0.417,0.238,0.079
790,186642,-5452.5,1089,4.6,0.7128,0.0992,0.4154,0.5136,0.8743,0.0207,0.0194,0.1635,-0.4933,B,0.138,0.118-0.322,0.418,0.239,0.08
791,187066,-1348.85,424,16.7,0.708,0.1873,0.4639,0.5629,0.8866,0.0715,0.1327,0.2733,-0.5867,B,0.2007,0.118-0.322,0.419,0.239,0.08
792,187369,-1339.51,303,15.5,0.6378,0.1339,0.4433,0.5514,0.9135,0.0637,0.0855,0.1112,-0.5645,B,0.1902,0.118-0.322,0.419,0.239,0.08
793,187870,-1721.71,501,3.0,0.8051,0.116,0.4601,0.5183,0.868,0.0058,0.0166,0.1932,-0.4971,B,0.1917,0.118-0.322,0.42,0.24,0.08
794,188253,-1329.23,383,7.0,0.7964,0.121,0.4631,0.521,0.8143,0.0585,0.0359,0.1367,-0.511,B,0.169,0.118-0.322,0.42,0.24,0.08
795,188502,-868.43,249,20.9,0.3154,0.171,0.4298,0.5604,0.8768,0.4556,0.1299,0.1098,-0.5738,B,0.1672,0.118-0.322,0.421,0.24,0.08
796,188971,-1504.38,469,13.0,0.7053,0.158,0.4505,0.5638,0.8755,0.0617,0.0893,0.2534,-0.5788,B,0.1688,0.118-0.322,0.421,0.241,0.08
797,189261,-785.37,290,25.5,0.6619,0.1818,0.4657,0.5378,0.8254,0.1799,0.1897,0.1835,-0.5323,B,0.1747,0.118-0.322,0.421,0.241,0.08
798,189587,-1078.16,326,22.1,0.3969,0.1953,0.4032,0.4937,0.7971,0.3538,0.1678,0.0965,-0.4503,B,0.171,0.118-0.322,0.422,0.241,0.08
799,189945,-1068.42,358,22.9,0.7509,0.1606,0.4883,0.5246,0.7926,0.0979,0.1545,0.2085,-0.5289,B,0.1787,0.118-0.322,0.422,0.242,0.081
800,190765,-2914.65,820,12.6,0.6351,0.181,0.4385,0.5357,0.8208,0.1247,0.0917,0.174,-0.5298,B,0.1646,0.118-0.322,0.423,0.242,0.081
801,191092,-897.15,327,19.9,0.7386,0.1743,0.441,0.5226,0.8796,0.0733,0.1499,0.2158,-0.5119,B,0.1664,0.118-0.322,0.423,0.243,0.081
802,191725,-3011.84,633,9.3,0.6026,0.1146,0.4434,0.4546,0.6948,0.0557,0.0502,0.0624,-0.406,B,0.2058,0.118-0.322,0.424,0.243,0.081
803,192190,-1244.29,465,16.1,0.5843,0.1899,0.4227,0.5212,0.8796,0.1556,0.1332,0.199,-0.4968,B,0.1468,0.118-0.322,0.425,0.243,0.081
804,192589,-1868.21,399,10.5,0.7069,0.1268,0.4109,0.4921,0.8048,0.0247,0.0566,0.0512,-0.4468,B,0.1354,0.118-0.322,0.425,0.244,0.081
805,193757,-3509.66,1168,9.1,0.7864,0.1345,0.4069,0.5511,0.9283,0.021,0.054,0.2862,-0.5502,B,0.1661,0.118-0.322,0.426,0.245,0.082
806,194381,-2639.69,624,10.6,0.183,0.2268,0.5215,0.4057,0.6585,0.336,0.0854,0.0737,-0.3493,B,0.1462,0.118-0.322,0.427,0.245,0.082
807,195117,-4229.15,736,6.1,0.6722,0.1259,0.4482,0.5666,0.9086,0.0205,0.0359,0.095,-0.5954,B,0.1483,0.118-0.322,0.428,0.246,0.082
808,195821,-1976.02,704,14.5,0.7133,0.1754,0.4211,0.5405,0.9209,0.0921,0.0995,0.2936,-0.5331,B,0.2136,0.118-0.322,0.429,0.247,0.082
809,196171,-842.65,350,24.9,0.5215,0.2022,0.4634,0.525,0.9068,0.2638,0.216,0.2454,-0.5166,B,0.1403,0.118-0.322,0.429,0.247,0.082
810,197075,-3474.04,904,17.0,0.5904,0.2103,0.4397,0.5143,0.83,0.1167,0.1374,0.1349,-0.4926,B,0.2113,0.118-0.322,0.43,0.248,0.083
811,197420,-1308.24,345,12.8,0.4301,0.173,0.4681,0.5184,0.8267,0.191,0.0845,0.0502,-0.509,B,0.191,0.118-0.322,0.43,0.248,0.083
812,198141,-2834.33,721,8.7,0.5157,0.1885,0.472,0.513,0.8793,0.0984,0.069,0.0895,-0.5063,B,0.1727,0.118-0.322,0.431,0.248,0.083
813,198456,-993.62,315,19.0,0.7483,0.0965,0.4678,0.4682,0.8431,0.0828,0.0814,0.0781,-0.4301,B,0.1784,0.118-0.322,0.432,0.249,0.083
814,198597,142.48,141,99.3,0.3801,0.2119,0.5043,0.469,0.854,1.9593,0.9112,0.2715,-0.4277,B,0.1553,0.118-0.322,0.432,0.249,0.083
815,198643,-6.82,46,95.7,0.5758,0.2233,0.5748,0.4203,0.7463,0.6421,0.9121,0.404,-0.3567,B,0.1506,0.118-0.322,0.432,0.249,0.083
816,198757,-32.62,114,99.1,0.5219,0.2061,0.4481,0.5407,0.8971,0.912,0.8994,0.4624,-0.5432,B,0.1333,0.118-0.322,0.432,0.249,0.083
817,199716,-3751.19,959,9.5,0.6066,0.1818,0.4343,0.5334,0.9115,0.0728,0.0767,0.14,-0.529,B,0.2067,0.118-0.322,0.433,0.25,0.083
818,200468,-3350.22,752,10.5,0.5082,0.2144,0.4463,0.4903,0.8211,0.1455,0.0925,0.0645,-0.4672,B,0.2046,0.118-0.322,0.434,0.25,0.083
819,201386,-3612.66,918,18.2,0.5784,0.1628,0.4167,0.5371,0.9245,0.1873,0.1331,0.1214,-0.5249,B,0.1365,0.118-0.322,0.435,0.251,0.084
820,201686,-1281.48,300,15.0,0.4123,0.1834,0.448,0.4856,0.8109,0.2343,0.1143,0.0474,-0.4612,B,0.1775,0.118-0.322,0.435,0.251,0.084
821,201808,-4.7,122,99.2,0.4849,0.1965,0.4758,0.4976,0.8392,1.1967,0.8567,0.2796,-0.4786,B,0.1564,0.118-0.322,0.435,0.252,0.084
822,202161,-1369.79,353,10.8,0.7696,0.122,0.458,0.5288,0.887,0.0204,0.0566,0.0647,-0.5168,B,0.1893,0.118-0.322,0.436,0.252,0.084
823,202631,-1539.2,470,22.1,0.4699,0.2094,0.448,0.5537,0.912,0.3267,0.1901,0.1153,-0.5629,B,0.2101,0.118-0.322,0.436,0.252,0.084
824,203060,-2231.67,429,9.3,0.591,0.1763,0.4344,0.5606,0.8249,0.0516,0.061,0.0484,-0.584,B,0.1584,0.118-0.322,0.437,0.253,0.084
825,203226,-257.42,166,72.9,0.5999,0.1804,0.4702,0.5596,0.8432,0.6041,0.5702,0.2389,-0.5895,B,0.1935,0.118-0.322,0.437,0.253,0.084
826,204051,-3383.23,825,8.5,0.5709,0.204,0.4404,0.5667,0.9059,0.0642,0.0653,0.1514,-0.586,B,0.1346,0.118-0.322,0.438,0.253,0.084
827,204123,-58.16,72,95.8,0.5894,0.2251,0.5156,0.4892,0.7429,0.6062,0.9129,0.2621,-0.488,B,0.1572,0.118-0.322,0.438,0.253,0.084
828,204691,-1707.24,568,32.6,0.4837,0.1868,0.4187,0.5449,0.9043,0.395,0.2737,0.1632,-0.544,B,0.197,0.118-0.322,0.439,0.254,0.085
829,206859,-10144.87,2168,4.9,0.7411,0.1745,0.4134,0.5536,0.9119,0.0084,0.0382,0.2616,-0.5591,B,0.2109,0.118-0.322,0.441,0.256,0.085
830,207303,-2170.7,444,7.9,0.7666,0.1026,0.4412,0.5607,0.8774,0.01,0.0389,0.1779,-0.5895,B,0.1616,0.118-0.322,0.441,0.256,0.085
831,209341,-9849.2,2038,5.0,0.6435,0.1877,0.3987,0.5284,0.9244,0.0248,0.0403,0.2161,-0.517,B,0.1939,0.118-0.322,0.444,0.258,0.086
832,209705,-1457.16,364,14.0,0.2883,0.2027,0.4829,0.538,0.8228,0.36,0.0999,0.2024,-0.5618,B,0.1851,0.118-0.322,0.444,0.258,0.086
833,209793,3.78,88,100.0,0.5449,0.2143,0.4824,0.4391,0.8486,0.7647,0.9157,0.3511,-0.3949,B,0.1772,0.118-0.322,0.444,0.258,0.086
834,209887,-24.65,94,97.9,0.5584,0.1998,0.5218,0.4431,0.8075,0.654,0.8645,0.3599,-0.4069,B,0.1643,0.118-0.322,0.444,0.258,0.086
835,210620,-2770.65,733,22.6,0.499,0.173,0.411,0.5107,0.9286,0.2675,0.1752,0.2297,-0.4921,B,0.1496,0.118-0.322,0.445,0.259,0.086
836,210935,-1339.89,315,11.1,0.5474,0.1297,0.4619,0.4948,0.7871,0.083,0.0645,0.0634,-0.4873,B,0.1506,0.118-0.322,0.445,0.259,0.086
837,211596,-2927.51,661,8.0,0.3901,0.2327,0.4179,0.5748,0.8822,0.1698,0.0666,0.2583,-0.603,B,0.193,0.118-0.322,0.446,0.26,0.087
838,212182,-2900.07,586,10.6,0.6056,0.1586,0.4546,0.5884,0.9192,0.0663,0.0741,0.1415,-0.6467,B,0.1552,0.118-0.322,0.447,0.26,0.087
839,212310,-76.9,128,100.0,0.7131,0.1766,0.5235,0.4855,0.8835,0.447,0.7606,0.3673,-0.4552,B,0.1828,0.118-0.322,0.447,0.26,0.087
840,212430,-5.93,120,99.2,0.5541,0.2031,0.4519,0.4727,0.8865,0.8514,0.8875,0.4041,-0.4276,B,0.2165,0.118-0.322,0.447,0.26,0.087
841,212491,-25.98,61,96.7,0.6002,0.2278,0.6064,0.4055,0.6613,0.6411,0.8754,0.2894,-0.3597,B,0.1884,0.118-0.322,0.447,0.26,0.087
842,212836,-1507.77,345,7.5,0.8205,0.1182,0.4326,0.5146,0.8456,0.021,0.0402,0.0718,-0.5022,B,0.1482,0.118-0.322,0.448,0.261,0.087
843,213257,-1897.87,421,10.5,0.7824,0.088,0.4373,0.5642,0.8726,0.0229,0.0462,0.1112,-0.5742,B,0.2135,0.118-0.322,0.448,0.261,0.087
844,213635,-1676.73,378,11.4,0.6476,0.0802,0.439,0.5569,0.8891,0.07,0.0441,0.0955,-0.5747,B,0.2045,0.118-0.322,0.448,0.261,0.087
845,213723,-26.32,88,100.0,0.5445,0.2285,0.4314,0.4986,0.8693,0.8081,0.928,0.4463,-0.4724,B,0.1633,0.118-0.322,0.449,0.261,0.087
846,214226,-1997.72,503,5.4,0.7442,0.125,0.4507,0.463,0.8225,0.0115,0.0321,0.113,-0.423,B,0.1622,0.118-0.322,0.449,0.262,0.087
847,214901,-2067.86,675,29.3,0.5037,0.1672,0.4601,0.5212,0.7609,0.3838,0.2203,0.1974,-0.5245,B,0.1434,0.118-0.322,0.45,0.262,0.087
848,214938,-16.89,37,97.3,0.5422,0.2513,0.4953,0.4553,0.6901,0.7928,0.9042,0.3873,-0.403,B,0.1713,0.118-0.322,0.45,0.262,0.087
849,215178,-482.53,240,33.3,0.564,0.1905,0.5694,0.4351,0.6463,0.3811,0.2712,0.0952,-0.4215,B,0.2092,0.118-0.322,0.45,0.263,0.088
850,215721,-1514.71,543,41.1,0.639,0.2028,0.4332,0.5465,0.884,0.2496,0.3318,0.1936,-0.5492,B,0.1973,0.118-0.322,0.451,0.263,0.088
851,216073,-1185.05,352,19.9,0.4475,0.2221,0.456,0.5414,0.8749,0.3225,0.171,0.1148,-0.5434,B,0.1396,0.118-0.322,0.451,0.263,0.088
852,216122,29.07,49,95.9,0.4027,0.2384,0.6155,0.4121,0.7255,1.5942,0.9229,0.3907,-0.3647,B,0.2182,0.118-0.322,0.451,0.263,0.088
853,216797,-2332.97,675,21.5,0.6949,0.1756,0.4593,0.5077,0.8008,0.1135,0.1473,0.1709,-0.4931,B,0.1744,0.118-0.322,0.452,0.264,0.088
854,216964,94.01,167,98.8,0.3502,0.2008,0.4129,0.5503,0.9287,1.9414,0.8718,0.4373,-0.5555,B,0.2124,0.118-0.322,0.452,0.264,0.088
855,217389,-1582.79,425,9.9,0.5499,0.1202,0.4041,0.519,0.958,0.0887,0.057,0.1299,-0.4968,B,0.1482,0.118-0.322,0.453,0.264,0.088
856,217506,190.42,117,98.3,0.2455,0.2649,0.424,0.5215,0.8866,2.7042,0.9165,0.4286,-0.5031,B,0.1645,0.118-0.322,0.453,0.265,0.088
857,217814,-1248.5,308,11.7,0.5235,0.1591,0.4251,0.5585,0.9587,0.1111,0.0764,0.0763,-0.5669,B,0.2056,0.118-0.322,0.453,0.265,0.088
858,218231,-1727.86,417,5.3,0.8225,0.0561,0.4597,0.5025,0.9146,0.0043,0.0151,0.1,-0.4976,B,0.142,0.118-0.322,0.454,0.265,0.088
859,218368,-38.78,137,100.0,0.5089,0.2058,0.4449,0.5219,0.8906,1.0989,0.8026,0.3658,-0.5084,B,0.1738,0.118-0.322,0.454,0.265,0.088
860,218751,-1356.83,383,12.8,0.4093,0.1693,0.4084,0.5164,0.9392,0.2008,0.0805,0.1217,-0.492,B,0.1925,0.118-0.322,0.454,0.266,0.089
861,220671,-8714.59,1920,2.9,0.6844,0.131,0.4112,0.5604,0.9577,0.0125,0.0167,0.3867,-0.5706,B,0.2122,0.118-0.322,0.456,0.267,0.089
862,220689,-17.9,18,88.9,0.4713,0.2234,0.6593,0.3922,0.4055,1.5159,0.7623,0.4371,-0.3392,B,0.1632,0.118-0.322,0.456,0.267,0.089
863,221697,-3506.65,1008,9.9,0.6883,0.1296,0.4136,0.4967,0.9414,0.0947,0.0543,0.298,-0.4621,B,0.1704,0.118-0.322,0.457,0.268,0.089
864,222656,-4170.34,959,3.9,0.8776,0.0954,0.4276,0.5589,0.9073,0.0017,0.0177,0.2737,-0.5676,B,0.2185,0.118-0.322,0.459,0.269,0.09
865,222727,-47.24,71,94.4,0.6248,0.1699,0.5179,0.4362,0.8239,0.3917,0.7492,0.376,-0.4277,B,0.1567,0.118-0.322,0.459,0.269,0.09
866,223007,-332.65,280,96.8,0.5257,0.1473,0.4602,0.5941,0.9158,0.976,0.6645,0.3536,-0.6576,B,0.2158,0.118-0.322,0.459,0.269,0.09
867,223088,-40.84,81,100.0,0.5839,0.1778,0.6019,0.4445,0.6845,1.0987,0.7296,0.2419,-0.4297,B,0.1687,0.118-0.322,0.459,0.269,0.09
868,223823,-2927.43,735,6.0,0.4202,0.1965,0.4558,0.5197,0.8823,0.0903,0.0404,0.1574,-0.5126,B,0.173,0.118-0.322,0.46,0.27,0.09
869,224827,-3568.36,1004,14.7,0.5359,0.2068,0.4173,0.5473,0.9135,0.1325,0.1253,0.3468,-0.5489,B,0.1993,0.118-0.322,0.461,0.271,0.09
870,225745,-3580.67,918,12.1,0.7787,0.0956,0.4366,0.5762,0.9542,0.0545,0.0503,0.4109,-0.6015,B,0.1849,0.118-0.322,0.462,0.271,0.09
871,226631,-3528.36,886,2.8,0.7378,0.1819,0.4282,0.5588,0.9437,0.0077,0.0213,0.3601,-0.5694,B,0.1847,0.118-0.322,0.463,0.272,0.091
872,227582,-3922.5,951,3.2,0.7793,0.1723,0.4424,0.5679,0.9264,0.0062,0.0238,0.3636,-0.5938,B,0.186,0.118-0.322,0.464,0.273,0.091
873,228474,-3306.52,892,9.9,0.642,0.1436,0.442,0.553,0.9268,0.0568,0.0618,0.3312,-0.5622,B,0.1763,0.118-0.322,0.465,0.274,0.091
874,228628,25.15,154,100.0,0.4468,0.2442,0.4554,0.5492,0.9088,1.5991,0.9115,0.4016,-0.5734,B,0.1684,0.118-0.322,0.465,0.274,0.091
875,228701,10.62,73,95.9,0.6329,0.1611,0.5775,0.3726,0.809,0.6073,0.6885,0.3269,-0.3006,B,0.2221,0.118-0.322,0.465,0.274,0.091
876,228766,-44.27,65,90.8,0.6092,0.2125,0.524,0.4466,0.7501,0.4738,0.8375,0.3533,-0.4076,B,0.2022,0.118-0.322,0.465,0.274,0.091
877,229515,-2979.01,749,6.3,0.6942,0.1443,0.431,0.5263,0.9386,0.0343,0.0393,0.3525,-0.5166,B,0.1853,0.118-0.322,0.466,0.275,0.092
878,229535,-21.93,20,80.0,0.5447,0.2322,0.6383,0.3573,0.4314,0.8763,0.7236,0.4653,-0.2882,B,0.2091,0.118-0.322,0.466,0.275,0.092
879,229699,-352.8,164,44.5,0.569,0.1846,0.5709,0.4678,0.7936,0.4606,0.3273,0.11,-0.4547,B,0.1582,0.118-0.322,0.466,0.275,0.092
880,230142,-1511.81,443,17.8,0.7455,0.1708,0.4676,0.4989,0.9153,0.0552,0.1078,0.2793,-0.4784,B,0.219,0.118-0.322,0.467,0.275,0.092
881,230202,-5.57,60,93.3,0.5737,0.2017,0.596,0.4347,0.7412,0.7817,0.7641,0.3655,-0.3883,B,0.2293,0.118-0.322,0.467,0.275,0.092
882,230697,-1770.51,495,12.1,0.4852,0.2063,0.4468,0.5207,0.9318,0.1613,0.0895,0.2921,-0.5098,B,0.1429,0.118-0.322,0.467,0.276,0.092
883,230851,-324.94,154,48.1,0.7432,0.1122,0.5732,0.4455,0.7569,0.1815,0.2548,0.1239,-0.4336,B,0.1984,0.118-0.322,0.468,0.276,0.092
884,231833,-3775.68,982,7.5,0.8194,0.1167,0.4379,0.5365,0.9285,0.0373,0.0388,0.3798,-0.5404,B,0.2015,0.118-0.322,0.469,0.277,0.092
885,232205,-1010.39,372,22.6,0.4592,0.114,0.4724,0.5298,0.8965,0.339,0.1181,0.3604,-0.5251,B,0.1691,0.118-0.322,0.469,0.277,0.092
886,232231,-16.75,26,84.6,0.6572,0.1842,0.6009,0.3445,0.4838,0.5357,0.6152,0.3875,-0.2696,B,0.2061,0.118-0.322,0.469,0.277,0.092
887,232593,-1118.98,362,12.7,0.6797,0.1387,0.4504,0.5246,0.9216,0.0631,0.0787,0.3661,-0.5244,B,0.1785,0.118-0.322,0.47,0.277,0.092
888,232775,-557.89,182,36.8,0.7881,0.1421,0.4735,0.5673,0.903,0.0568,0.2266,0.1931,-0.5977,B,0.1797,0.118-0.322,0.47,0.277,0.092
889,232854,111.17,79,94.9,0.2507,0.196,0.4909,0.4971,0.8642,2.7322,0.8131,0.3367,-0.4779,B,0.1499,0.118-0.322,0.47,0.277,0.092
890,232905,66.52,51,94.1,0.3919,0.245,0.517,0.4145,0.7742,1.9323,0.8049,0.4672,-0.3403,B,0.2139,0.118-0.322,0.47,0.277,0.092
891,233117,-579.62,212,22.2,0.3714,0.1692,0.4836,0.5189,0.9021,0.4107,0.1467,0.142,-0.5266,B,0.2098,0.118-0.322,0.47,0.278,0.093
892,233176,95.78,59,91.5,0.286,0.2432,0.5201,0.4427,0.7891,2.4868,0.8316,0.4471,-0.4082,B,0.1477,0.118-0.322,0.47,0.278,0.093
893,233639,-1347.79,463,22.2,0.3745,0.2306,0.4754,0.539,0.8614,0.4354,0.2093,0.107,-0.5627,B,0.2106,0.118-0.322,0.471,0.278,0.093
894,233812,-421.35,173,26.0,0.5777,0.1741,0.4816,0.4986,0.9051,0.2718,0.187,0.2138,-0.4871,B,0.2213,0.118-0.322,0.471,0.278,0.093
895,234627,-2719.66,815,9.0,0.6311,0.1372,0.4566,0.5444,0.8655,0.0522,0.0503,0.2506,-0.5494,B,0.1537,0.118-0.322,0.472,0.279,0.093
896,235015,-1314.58,388,13.7,0.4669,0.1712,0.4451,0.5728,0.949,0.178,0.093,0.2093,-0.6065,B,0.2044,0.118-0.322,0.472,0.279,0.093
897,235185,276.04,170,97.6,0.1959,0.2003,0.4598,0.5248,0.9056,3.0848,0.8216,0.3697,-0.529,B,0.1592,0.118-0.322,0.472,0.279,0.093
898,235329,-1.25,144,92.4,0.4741,0.1777,0.5383,0.518,0.7947,1.8556,0.718,0.2127,-0.5372,B,0.2284,0.118-0.322,0.473,0.279,0.093
899,236456,-3817.33,1127,9.1,0.4266,0.2301,0.4376,0.5629,0.9189,0.1649,0.0708,0.2842,-0.5876,B,0.231,0.118-0.322,0.474,0.28,0.093
900,236722,-850.12,266,19.9,0.3908,0.1806,0.4605,0.5616,0.9319,0.3577,0.1293,0.1545,-0.594,B,0.2134,0.118-0.322,0.474,0.281,0.094
901,236966,-337.14,244,41.4,0.4159,0.2318,0.4644,0.4875,0.9193,0.713,0.3402,0.2645,-0.4546,B,0.1896,0.118-0.322,0.474,0.281,0.094
902,237473,-1616.22,507,10.5,0.3894,0.1773,0.456,0.5246,0.888,0.1756,0.0713,0.2334,-0.5412,B,0.171,0.118-0.322,0.475,0.281,0.094
903,237545,84.7,72,98.6,0.3152,0.2301,0.4417,0.4744,0.8585,2.209,0.7933,0.415,-0.4213,B,0.2249,0.118-0.322,0.475,0.281,0.094
904,237822,-892.88,277,13.7,0.7249,0.1859,0.4615,0.5419,0.9168,0.0626,0.0992,0.1871,-0.5542,B,0.1598,0.118-0.322,0.475,0.282,0.094
905,237966,-126.41,144,68.1,0.5817,0.1941,0.5104,0.4561,0.8117,0.7728,0.5241,0.1977,-0.41,B,0.2215,0.118-0.322,0.476,0.282,0.094
906,238034,3.12,68,95.6,0.5154,0.2283,0.518,0.4454,0.7833,0.9384,0.9266,0.3941,-0.3976,B,0.2269,0.118-0.322,0.476,0.282,0.094
907,238087,-8.61,53,96.2,0.5266,0.2354,0.5252,0.4461,0.8111,0.7947,0.9135,0.4091,-0.4195,B,0.2064,0.118-0.322,0.476,0.282,0.094
908,238448,-1017.66,361,21.3,0.6673,0.1166,0.4643,0.5085,0.9202,0.0688,0.1181,0.2958,-0.5002,B,0.2277,0.118-0.322,0.476,0.282,0.094
909,238585,-119.5,137,100.0,0.4683,0.1157,0.4836,0.578,0.8792,1.2934,0.4959,0.3669,-0.621,B,0.2281,0.118-0.322,0.476,0.282,0.094
910,238654,-79.15,69,95.7,0.6743,0.1526,0.4553,0.5369,0.8178,0.418,0.6625,0.4101,-0.5321,B,0.1908,0.118-0.322,0.476,0.282,0.094
911,239061,-1146.78,407,20.4,0.7861,0.1112,0.4311,0.5152,0.9045,0.0837,0.0975,0.2677,-0.4895,B,0.1589,0.118-0.322,0.477,0.283,0.094
912,239095,10.61,34,91.2,0.3542,0.2457,0.5367,0.4594,0.6221,2.0676,0.8479,0.347,-0.4423,B,0.1477,0.118-0.322,0.477,0.283,0.094
913,239118,8.52,23,87.0,0.3644,0.2451,0.5915,0.4309,0.6002,1.8343,0.7664,0.4477,-0.378,B,0.1591,0.118-0.322,0.477,0.283,0.094
914,239189,98.53,71,97.2,0.2638,0.2635,0.4793,0.4763,0.8226,2.65,0.8285,0.4228,-0.4512,B,0.1682,0.118-0.322,0.477,0.283,0.094
915,239229,66.22,40,90.0,0.2765,0.2613,0.6123,0.3634,0.7271,2.4727,0.8057,0.3892,-0.3064,B,0.217,0.118-0.322,0.477,0.283,0.094
916,239288,69.32,59,91.5,0.2843,0.2584,0.4931,0.4797,0.7805,2.4581,0.8386,0.355,-0.4584,B,0.1683,0.118-0.322,0.477,0.283,0.094
917,239629,-879.81,341,39.0,0.6703,0.0901,0.4195,0.5584,0.9304,0.192,0.1703,0.3434,-0.5669,B,0.1952,0.118-0.322,0.477,0.283,0.094
918,239654,1.72,25,96.0,0.4837,0.2491,0.5573,0.3705,0.6248,1.2275,0.8242,0.4615,-0.3181,B,0.2247,0.118-0.322,0.477,0.283,0.094
919,240047,-1200.54,393,25.7,0.7763,0.1073,0.4499,0.5426,0.8805,0.1027,0.1096,0.3009,-0.5603,B,0.1709,0.118-0.322,0.478,0.283,0.094
920,240062,-5.77,15,86.7,0.6136,0.1919,0.863,0.1484,0.3384,0.7826,0.7118,0.4223,-0.0533,B,0.2199,0.118-0.322,0.478,0.283,0.094
921,240204,201.39,142,97.9,0.2246,0.2027,0.4895,0.5251,0.9002,2.8964,0.7664,0.4407,-0.5357,B,0.1755,0.118-0.322,0.478,0.283,0.095
922,240285,111.32,81,97.5,0.3134,0.2363,0.4739,0.475,0.8666,2.257,0.9416,0.4525,-0.4456,B,0.2007,0.118-0.322,0.478,0.284,0.095
923,240350,97.18,65,93.8,0.3277,0.2639,0.4563,0.4423,0.8258,2.1911,0.8383,0.3839,-0.3779,B,0.1571,0.118-0.322,0.478,0.284,0.095
924,240385,3.98,35,97.1,0.4266,0.2442,0.5395,0.4737,0.7241,1.5463,0.8956,0.386,-0.4616,B,0.1688,0.118-0.322,0.478,0.284,0.095
925,240851,-1515.72,466,12.0,0.9895,0.0543,0.4441,0.5309,0.9305,0.0041,0.0355,0.2687,-0.5327,B,0.1719,0.118-0.322,0.479,0.284,0.095
926,241177,-1065.93,326,13.2,0.3758,0.1858,0.4505,0.5644,0.9249,0.2298,0.0872,0.2343,-0.5876,B,0.145,0.118-0.322,0.479,0.284,0.095
927,241800,-2225.82,623,11.2,0.5179,0.2298,0.4315,0.5753,0.9294,0.1202,0.0961,0.2981,-0.5987,B,0.1846,0.118-0.322,0.48,0.285,0.095
928,242568,-2199.24,768,21.9,0.5711,0.1898,0.4313,0.5222,0.9042,0.2433,0.1666,0.2859,-0.5012,B,0.2172,0.118-0.322,0.481,0.285,0.095
929,243483,-3304.49,915,10.6,0.5478,0.238,0.4113,0.5654,0.9602,0.0853,0.0941,0.4014,-0.5743,B,0.2226,0.118-0.322,0.482,0.286,0.095
930,243535,73.73,52,90.4,0.3429,0.2498,0.6092,0.3829,0.797,2.0575,0.8296,0.4808,-0.3669,B,0.1576,0.118-0.322,0.482,0.286,0.095
931,243556,4.26,21,90.5,0.4299,0.2369,0.6044,0.3609,0.5283,1.6169,0.7794,0.4086,-0.2888,B,0.2032,0.118-0.322,0.482,0.286,0.095
932,243596,9.74,40,92.5,0.3626,0.2398,0.5534,0.4825,0.7402,1.8931,0.7378,0.368,-0.4707,B,0.2003,0.118-0.322,0.482,0.286,0.095
933,244188,-1660.98,592,28.9,0.4999,0.1536,0.3929,0.5271,0.9238,0.2909,0.1945,0.3318,-0.5061,B,0.1872,0.118-0.322,0.482,0.287,0.096
934,244205,-13.52,17,82.4,0.5692,0.2287,0.6325,0.3387,0.479,0.6835,0.7408,0.4332,-0.238,B,0.1815,0.118-0.322,0.482,0.287,0.096
935,244266,15.58,61,100.0,0.419,0.262,0.5173,0.4827,0.8417,1.4902,0.9305,0.4364,-0.4642,B,0.1534,0.118-0.322,0.483,0.287,0.096
936,244351,121.54,85,97.6,0.2232,0.2342,0.4934,0.5141,0.8787,2.8879,0.8126,0.4252,-0.5207,B,0.1764,0.118-0.322,0.483,0.287,0.096
937,244370,-4.0,19,94.7,0.5963,0.2387,0.6195,0.3049,0.5446,0.6801,0.8181,0.4664,-0.2498,B,0.1522,0.118-0.322,0.483,0.287,0.096
938,245157,-3140.4,787,5.6,0.8684,0.1294,0.4316,0.5881,0.9616,0.0042,0.0313,0.3895,-0.6201,B,0.2242,0.118-0.322,0.484,0.288,0.096
939,246034,-2700.5,877,8.4,0.7605,0.166,0.4173,0.5327,0.9339,0.0187,0.0636,0.4019,-0.5209,B,0.1965,0.118-0.322,0.484,0.288,0.096
940,246132,137.77,98,95.9,0.2642,0.2641,0.4579,0.5392,0.86,2.7163,0.847,0.4636,-0.5425,B,0.1595,0.118-0.322,0.485,0.288,0.096
941,246191,8.15,59,96.6,0.4228,0.2758,0.4742,0.5066,0.815,1.4882,0.7605,0.4417,-0.4725,B,0.2009,0.118-0.322,0.485,0.288,0.096
942,246242,15.8,51,92.2,0.4357,0.2055,0.5716,0.4426,0.7697,1.5072,0.718,0.4139,-0.4152,B,0.196,0.118-0.322,0.485,0.289,0.096
943,246331,-79.88,89,100.0,0.6338,0.2065,0.4813,0.5179,0.8214,0.4763,0.8989,0.3194,-0.5082,B,0.1578,0.118-0.322,0.485,0.289,0.096
944,246372,36.08,41,92.7,0.3076,0.2525,0.5024,0.4875,0.7363,2.2751,0.8397,0.4489,-0.4405,B,0.1999,0.118-0.322,0.485,0.289,0.096
945,246409,44.21,37,94.6,0.289,0.2513,0.5534,0.4063,0.697,2.4685,0.8535,0.4689,-0.3859,B,0.1536,0.118-0.322,0.485,0.289,0.096
946,247564,-4999.61,1155,4.2,0.8039,0.1417,0.394,0.5395,0.9349,0.0164,0.0253,0.3526,-0.5376,B,0.2129,0.118-0.322,0.486,0.29,0.097
947,247655,34.63,91,96.7,0.3572,0.2683,0.4577,0.5548,0.8753,1.9471,0.8349,0.4033,-0.5683,B,0.2336,0.118-0.322,0.486,0.29,0.097
948,247770,112.92,115,98.3,0.2845,0.1962,0.429,0.5165,0.9008,2.488,0.8267,0.2438,-0.5145,B,0.2096,0.118-0.322,0.486,0.29,0.097
949,247862,-44.9,92,98.9,0.5324,0.2194,0.4736,0.5614,0.8821,1.1936,0.8776,0.2879,-0.5751,B,0.2199,0.118-0.322,0.487,0.29,0.097
950,247883,-0.88,21,81.0,0.4611,0.2222,0.6943,0.3592,0.4491,1.5789,0.6659,0.3839,-0.3174,B,0.2125,0.118-0.322,0.487,0.29,0.097
951,247900,-12.75,17,94.1,0.4668,0.233,0.6992,0.3797,0.4593,1.5039,0.8138,0.4572,-0.3261,B,0.2297,0.118-0.322,0.487,0.29,0.097
952,248127,-515.2,227,47.6,0.6681,0.1933,0.4818,0.5332,0.867,0.1693,0.4004,0.3151,-0.5466,B,0.2211,0.118-0.322,0.487,0.29,0.097
953,248189,14.73,62,95.2,0.4332,0.2506,0.4949,0.5,0.8135,1.3873,0.9117,0.4324,-0.4759,B,0.2227,0.118-0.322,0.487,0.29,0.097
954,248286,28.65,97,100.0,0.3581,0.2512,0.4489,0.5941,0.896,1.9864,0.9609,0.4429,-0.6265,B,0.2142,0.118-0.322,0.487,0.29,0.097
955,248388,173.89,102,98.0,0.2002,0.2616,0.4433,0.5639,0.8981,3.1033,0.921,0.4682,-0.5676,B,0.2283,0.118-0.322,0.487,0.29,0.097
956,248404,-18.29,16,87.5,0.5614,0.2218,0.7432,0.306,0.355,1.0143,0.7297,0.4074,-0.2418,B,0.1673,0.118-0.322,0.487,0.29,0.097
957,248432,5.43,28,78.6,0.4273,0.2456,0.5451,0.3613,0.5853,1.2797,0.6514,0.4365,-0.2715,B,0.2256,0.118-0.322,0.487,0.29,0.097
958,248460,-21.86,28,85.7,0.5837,0.1928,0.584,0.4205,0.5549,0.6959,0.7085,0.4442,-0.3691,B,0.1794,0.118-0.322,0.487,0.29,0.097
959,248498,-5.52,38,92.1,0.557,0.1929,0.5785,0.4194,0.6922,0.8314,0.7701,0.4713,-0.3753,B,0.2346,0.118-0.322,0.487,0.29,0.097
960,248755,-487.9,257,32.3,0.4381,0.2289,0.4767,0.4808,0.8509,0.5115,0.2874,0.2133,-0.4514,B,0.1477,0.118-0.322,0.488,0.291,0.097
961,248770,-5.01,15,93.3,0.438,0.2314,0.792,0.3119,0.4296,1.6184,0.8255,0.4699,-0.303,B,0.1714,0.118-0.322,0.488,0.291,0.097
962,248933,36.66,163,98.2,0.4707,0.156,0.4234,0.4907,0.9255,1.5724,0.6819,0.2576,-0.4559,B,0.2434,0.118-0.322,0.488,0.291,0.097
963,249141,-403.04,208,38.5,0.5725,0.1922,0.462,0.4898,0.8502,0.4739,0.2623,0.2624,-0.4693,B,0.187,0.118-0.322,0.488,0.291,0.097
964,249208,15.74,67,97.0,0.3906,0.2304,0.5014,0.5272,0.8558,1.712,0.9126,0.412,-0.5276,B,0.1783,0.118-0.322,0.488,0.291,0.097
965,249225,-6.06,17,88.2,0.4669,0.2287,0.6658,0.3996,0.4234,1.4712,0.7737,0.4724,-0.3207,B,0.1494,0.118-0.322,0.488,0.291,0.097
966,249240,-17.59,15,73.3,0.7583,0.1606,0.8022,0.2537,0.4325,0.1223,0.551,0.4058,-0.2002,B,0.2283,0.118-0.322,0.488,0.291,0.097
967,249299,-14.66,59,100.0,0.6876,0.1477,0.55,0.4003,0.8227,0.2677,0.6914,0.4192,-0.3275,B,0.2159,0.118-0.322,0.488,0.291,0.097
968,249316,-27.15,17,94.1,0.575,0.2355,0.6213,0.4518,0.4598,0.8986,0.7909,0.4596,-0.4313,B,0.1799,0.118-0.322,0.488,0.291,0.097
969,249380,53.02,64,95.3,0.2917,0.1978,0.5139,0.5075,0.8366,2.4072,0.715,0.447,-0.5164,B,0.1588,0.118-0.322,0.488,0.291,0.097
970,249657,-601.19,277,63.5,0.6297,0.2072,0.46,0.5618,0.8849,0.2632,0.5546,0.2582,-0.5908,B,0.2236,0.118-0.322,0.489,0.291,0.097
971,249802,30.79,145,100.0,0.4862,0.2244,0.4576,0.5214,0.9062,1.2993,0.9516,0.434,-0.515,B,0.226,0.118-0.322,0.489,0.291,0.097
972,249847,-40.48,45,93.3,0.6696,0.1842,0.5309,0.4768,0.7314,0.3559,0.7621,0.3582,-0.4544,B,0.1637,0.118-0.322,0.489,0.292,0.097
973,249970,53.12,123,97.6,0.4119,0.2215,0.434,0.5091,0.9151,1.5418,0.8585,0.2657,-0.4721,B,0.22,0.118-0.322,0.489,0.292,0.097
974,250019,-21.01,49,89.8,0.399,0.2493,0.5425,0.5454,0.7565,1.5715,0.8464,0.4153,-0.5945,B,0.1646,0.118-0.322,0.489,0.292,0.097
975,250146,-142.0,127,100.0,0.6775,0.1975,0.4319,0.5527,0.916,0.3535,0.8649,0.4231,-0.5704,B,0.1908,0.118-0.322,0.489,0.292,0.097
976,250253,-56.53,107,79.4,0.5835,0.1848,0.4974,0.4713,0.8656,0.7464,0.5837,0.3573,-0.4368,B,0.2079,0.118-0.322,0.489,0.292,0.097
977,250350,-104.1,97,100.0,0.6054,0.2253,0.451,0.5611,0.8953,0.5439,0.9423,0.3802,-0.5778,B,0.2436,0.118-0.322,0.489,0.292,0.097
978,250372,-5.44,22,86.4,0.438,0.2374,0.5869,0.4196,0.5282,1.5864,0.7373,0.4575,-0.3567,B,0.2239,0.118-0.322,0.489,0.292,0.097
979,250451,91.61,79,97.5,0.3006,0.2057,0.4316,0.482,0.8556,2.4203,0.8682,0.2785,-0.4471,B,0.1555,0.118-0.322,0.489,0.292,0.097
980,250502,36.96,51,94.1,0.3186,0.247,0.5277,0.5041,0.7767,2.2299,0.8188,0.389,-0.4981,B,0.2412,0.118-0.322,0.489,0.292,0.097
981,250523,-11.1,21,90.5,0.5456,0.2364,0.5513,0.3926,0.555,0.9367,0.771,0.4796,-0.3408,B,0.1586,0.118-0.322,0.489,0.292,0.097
982,250537,-9.53,14,78.6,0.7773,0.169,0.7238,0.2288,0.4177,0.1389,0.6018,0.4414,-0.1462,B,0.2433,0.118-0.322,0.489,0.292,0.097
983,250591,30.52,54,94.4,0.4252,0.2672,0.465,0.4537,0.7794,1.4598,0.8156,0.4665,-0.3978,B,0.1917,0.118-0.322,0.49,0.292,0.097
984,250633,29.53,42,92.9,0.4747,0.2253,0.5236,0.3962,0.7637,1.2636,0.858,0.3747,-0.3165,B,0.2081,0.118-0.322,0.49,0.292,0.097
985,250708,49.87,75,97.3,0.3023,0.1819,0.4919,0.5354,0.868,2.3426,0.6798,0.4399,-0.5522,B,0.2385,0.118-0.322,0.49,0.292,0.097
986,250738,-27.48,30,90.0,0.5156,0.2159,0.6229,0.4726,0.6449,0.9871,0.8071,0.4677,-0.4823,B,0.1695,0.118-0.322,0.49,0.292,0.097
987,250790,-44.02,52,96.2,0.5322,0.2474,0.524,0.5282,0.8098,0.852,0.9106,0.4609,-0.5632,B,0.1533,0.118-0.322,0.49,0.292,0.097
988,250805,-17.26,15,93.3,0.5686,0.2374,0.6708,0.3022,0.4553,0.8513,0.8179,0.4486,-0.2397,B,0.2367,0.118-0.322,0.49,0.292,0.097
989,250866,-54.36,61,98.4,0.661,0.1785,0.4787,0.5154,0.8029,0.6738,0.7262,0.3022,-0.5058,B,0.2157,0.118-0.322,0.49,0.292,0.097
990,250946,41.03,80,96.2,0.2786,0.2252,0.504,0.599,0.853,2.5077,0.9142,0.4425,-0.6527,B,0.2308,0.118-0.322,0.49,0.292,0.097
991,250961,-10.7,15,86.7,0.6054,0.2176,0.7687,0.283,0.3804,0.6889,0.7702,0.4856,-0.2517,B,0.2259,0.118-0.322,0.49,0.292,0.097
992,251035,74.26,74,97.3,0.2386,0.2374,0.5002,0.5704,0.8592,2.8203,0.9183,0.4445,-0.6184,B,0.1766,0.118-0.322,0.49,0.293,0.098
993,251313,-566.61,278,36.0,0.4785,0.2163,0.4276,0.5121,0.8828,0.5017,0.3125,0.2321,-0.4935,B,0.2241,0.118-0.322,0.49,0.293,0.098
994,251410,-22.82,97,97.9,0.4188,0.247,0.4759,0.5931,0.8783,1.5758,0.9484,0.3477,-0.6459,B,0.1899,0.118-0.322,0.49,0.293,0.098
995,251442,-50.89,32,87.5,0.6897,0.1875,0.522,0.4936,0.6509,0.2723,0.7156,0.3832,-0.4916,B,0.1869,0.118-0.322,0.49,0.293,0.098
996,251541,-25.0,99,98.0,0.4148,0.2167,0.4587,0.5883,0.884,1.6005,0.9013,0.3501,-0.6183,B,0.2121,0.118-0.322,0.491,0.293,0.098
997,251605,-36.12,64,92.2,0.5946,0.1748,0.539,0.4443,0.7861,0.729,0.6995,0.3087,-0.4311,B,0.2299,0.118-0.322,0.491,0.293,0.098
998,251682,52.33,77,97.4,0.331,0.2548,0.4491,0.5444,0.8498,2.1789,0.9221,0.4683,-0.5606,B,0.1835,0.118-0.322,0.491,0.293,0.098
999,251791,77.49,109,96.3,0.3032,0.1988,0.5276,0.54,0.8925,2.3659,0.8729,0.3997,-0.5769,B,0.2269,0.118-0.322,0.491,0.293,0.098
1000,251810,-6.89,19,94.7,0.5192,0.2451,0.5738,0.3951,0.5212,1.1084,0.8278,0.4664,-0.2842,B,0.1974,0.118-0.322,0.491,0.293,0.098
1001,251865,-0.86,55,94.5,0.4629,0.2456,0.483,0.4884,0.7352,1.2635,0.8984,0.4198,-0.4641,B,0.2409,0.118-0.322,0.491,0.293,0.098
1002,251899,-2.5,34,97.1,0.544,0.2432,0.556,0.3738,0.6748,0.9021,0.9285,0.3838,-0.3072,B,0.2297,0.118-0.322,0.491,0.293,0.098
1003,251933,-18.79,34,94.1,0.3633,0.2387,0.5461,0.5342,0.7324,1.859,0.8883,0.3998,-0.5628,B,0.1874,0.118-0.322,0.491,0.293,0.098
1004,252009,-99.71,76,97.4,0.5044,0.2266,0.4972,0.6082,0.8503,1.0631,0.9173,0.3625,-0.6835,B,0.2001,0.118-0.322,0.491,0.293,0.098
1005,252067,52.75,58,94.8,0.2765,0.2506,0.5146,0.5474,0.8039,2.5217,0.9018,0.4553,-0.55,B,0.1907,0.118-0.322,0.491,0.293,0.098
1006,252092,23.97,25,84.0,0.3521,0.2414,0.6483,0.3055,0.5895,1.8898,0.7516,0.4132,-0.213,B,0.1751,0.118-0.322,0.491,0.293,0.098
1007,252164,-65.83,72,97.2,0.4699,0.2138,0.5054,0.5994,0.8567,1.2997,0.8821,0.3006,-0.6625,B,0.2388,0.118-0.322,0.491,0.293,0.098
1008,252205,26.24,41,92.7,0.3508,0.2435,0.4986,0.4701,0.7249,2.0776,0.8807,0.4617,-0.4534,B,0.1723,0.118-0.322,0.491,0.294,0.098
1009,252325,20.35,120,99.2,0.5568,0.2445,0.505,0.4491,0.8439,0.7665,0.9441,0.3949,-0.3982,B,0.2295,0.118-0.322,0.491,0.294,0.098
1010,252341,-17.77,16,93.8,0.669,0.1939,0.6945,0.3821,0.512,0.3214,0.8105,0.445,-0.3413,B,0.2348,0.118-0.322,0.491,0.294,0.098
1011,252356,-10.85,15,100.0,0.5956,0.2271,0.671,0.2599,0.4254,0.8014,0.8685,0.4342,-0.188,B,0.1499,0.118-0.322,0.492,0.294,0.098
1012,252575,-304.8,219,98.6,0.6489,0.1479,0.4484,0.5732,0.9052,0.3843,0.6547,0.3372,-0.5943,B,0.1943,0.118-0.322,0.492,0.294,0.098
1013,252791,-80.73,216,97.2,0.3976,0.1932,0.4484,0.5986,0.906,1.6438,0.8453,0.2824,-0.6473,B,0.1816,0.118-0.322,0.492,0.294,0.098
1014,252840,45.58,49,95.9,0.2514,0.2421,0.4893,0.5378,0.8026,2.6812,0.8991,0.4152,-0.5505,B,0.1856,0.118-0.322,0.492,0.294,0.098
1015,252916,3.31,76,96.1,0.5072,0.2316,0.4696,0.5147,0.8532,1.1137,0.849,0.3645,-0.4742,B,0.1719,0.118-0.322,0.492,0.294,0.098
1016,252984,-18.73,68,100.0,0.4484,0.2335,0.4808,0.5388,0.8502,1.2943,0.9575,0.4386,-0.5583,B,0.1913,0.118-0.322,0.492,0.294,0.098
1017,253075,-92.01,91,65.9,0.635,0.2322,0.5507,0.4419,0.8104,0.3092,0.5799,0.4012,-0.4167,B,0.156,0.118-0.322,0.492,0.294,0.098
1018,253229,84.05,154,97.4,0.4187,0.25,0.3969,0.5172,0.9228,1.4646,0.9429,0.4058,-0.5001,B,0.2243,0.118-0.322,0.492,0.294,0.098
1019,253244,-18.65,15,86.7,0.596,0.2189,0.7162,0.2362,0.3361,0.7742,0.7355,0.4212,-0.1417,B,0.2097,0.118-0.322,0.492,0.294,0.098
1020,253287,-4.74,43,90.7,0.4469,0.2561,0.5531,0.4957,0.7269,1.3588,0.7804,0.4272,-0.4699,B,0.2101,0.118-0.322,0.493,0.294,0.098
1021,253366,-38.37,79,100.0,0.5516,0.2329,0.4544,0.5369,0.8759,0.7699,0.9498,0.4545,-0.5169,B,0.206,0.118-0.322,0.493,0.294,0.098
1022,253391,-0.83,25,84.0,0.5557,0.2262,0.58,0.3609,0.5574,1.0724,0.7236,0.3978,-0.2956,B,0.1724,0.118-0.322,0.493,0.294,0.098
1023,253439,-17.12,48,97.9,0.3818,0.25,0.5231,0.5873,0.8067,1.8946,0.8435,0.4486,-0.655,B,0.1574,0.118-0.322,0.493,0.295,0.098
1024,253454,-26.97,15,86.7,0.6704,0.1786,0.7859,0.2885,0.3482,0.382,0.6662,0.4884,-0.2424,B,0.1747,0.118-0.322,0.493,0.295,0.098
1025,253587,118.11,133,99.2,0.3118,0.1852,0.4355,0.5176,0.9157,2.2713,0.805,0.4032,-0.5045,B,0.1531,0.118-0.322,0.493,0.295,0.098
1026,253612,23.21,25,96.0,0.3542,0.233,0.5796,0.3964,0.6568,2.273,0.8775,0.4561,-0.3347,B,0.2441,0.118-0.322,0.493,0.295,0.098
1027,253666,-12.52,54,92.6,0.444,0.189,0.5357,0.4853,0.7966,1.3806,0.803,0.2973,-0.4912,B,0.1785,0.118-0.322,0.493,0.295,0.098
1028,253681,-5.38,15,86.7,0.5441,0.2171,0.6741,0.2716,0.3923,1.1248,0.7134,0.3874,-0.179,B,0.179,0.118-0.322,0.493,0.295,0.098
1029,253696,-6.13,15,93.3,0.5266,0.2257,0.6786,0.3037,0.4009,1.2865,0.7883,0.3919,-0.2298,B,0.1672,0.118-0.322,0.493,0.295,0.098
1030,253710,-8.51,14,100.0,0.5704,0.2274,0.7473,0.273,0.3888,1.1815,0.8586,0.4719,-0.2345,B,0.1967,0.118-0.322,0.493,0.295,0.098
1031,253798,-27.35,88,94.3,0.6098,0.19,0.4523,0.4734,0.8723,0.7182,0.7225,0.3917,-0.4328,B,0.232,0.118-0.322,0.493,0.295,0.098
1032,253869,-63.76,71,98.6,0.7463,0.1889,0.5149,0.4971,0.8364,0.2221,0.7695,0.4553,-0.4838,B,0.2056,0.118-0.322,0.493,0.295,0.098
1033,253903,14.17,34,94.1,0.4229,0.2314,0.5641,0.4243,0.6905,1.6797,0.8577,0.3845,-0.3909,B,0.2146,0.118-0.322,0.493,0.295,0.098
1034,253920,-5.69,17,76.5,0.6249,0.2085,0.7832,0.1916,0.3146,0.6341,0.6599,0.4354,-0.1002,B,0.2445,0.118-0.322,0.493,0.295,0.098
1035,253964,37.87,44,93.2,0.2861,0.2571,0.5446,0.4868,0.7478,2.4616,0.8481,0.4247,-0.4814,B,0.2183,0.118-0.322,0.493,0.295,0.098
1036,253984,-5.87,20,90.0,0.4308,0.241,0.6145,0.4328,0.5136,1.5998,0.7698,0.4751,-0.4093,B,0.2167,0.118-0.322,0.493,0.295,0.098
1037,254017,-37.12,33,84.8,0.7164,0.1846,0.6101,0.3957,0.6009,0.2489,0.7129,0.407,-0.3684,B,0.1743,0.118-0.322,0.493,0.295,0.098
1038,254032,-10.51,15,86.7,0.5243,0.2438,0.6795,0.2648,0.4134,0.9067,0.7392,0.4759,-0.2141,B,0.2064,0.118-0.322,0.493,0.295,0.098
1039,254080,41.34,48,95.8,0.338,0.2424,0.48,0.4808,0.7856,2.1046,0.919,0.3594,-0.4506,B,0.184,0.118-0.322,0.493,0.295,0.098
1040,254095,-21.94,15,86.7,0.5545,0.2376,0.7234,0.3048,0.3946,0.8393,0.7933,0.4754,-0.2711,B,0.1763,0.118-0.322,0.493,0.295,0.098
1041,254110,-11.43,15,100.0,0.5108,0.2317,0.7089,0.343,0.4224,1.2459,0.8934,0.456,-0.3138,B,0.2008,0.118-0.322,0.493,0.295,0.098
1042,254155,34.02,45,91.1,0.3565,0.2608,0.5087,0.451,0.7472,1.9356,0.7703,0.417,-0.4013,B,0.2103,0.118-0.322,0.494,0.295,0.098
1043,254189,-7.94,34,97.1,0.5071,0.2376,0.5081,0.4481,0.7094,1.091,0.8925,0.4318,-0.3888,B,0.1867,0.118-0.322,0.494,0.295,0.098
1044,254347,-158.27,158,96.2,0.6047,0.1685,0.4394,0.5338,0.898,0.5751,0.7363,0.2543,-0.5304,B,0.2015,0.118-0.322,0.494,0.295,0.098
1045,254377,1.7,30,90.0,0.345,0.2471,0.5546,0.5123,0.65,2.1361,0.7925,0.4533,-0.5475,B,0.1522,0.118-0.322,0.494,0.295,0.098
1046,254489,212.06,112,98.2,0.2655,0.2024,0.3908,0.4616,0.9097,2.6255,0.8678,0.3944,-0.401,B,0.2287,0.118-0.322,0.494,0.295,0.098
1047,254513,-3.43,24,91.7,0.5043,0.2303,0.6944,0.311,0.5742,1.1934,0.8398,0.4278,-0.2461,B,0.159,0.118-0.322,0.494,0.295,0.098
1048,254623,-83.52,110,87.3,0.5527,0.1807,0.5116,0.5346,0.882,0.913,0.6808,0.4175,-0.5495,B,0.1515,0.118-0.322,0.494,0.296,0.099
1049,254644,-5.77,21,85.7,0.3917,0.2391,0.5946,0.4177,0.5454,1.7998,0.7579,0.4449,-0.3801,B,0.1629,0.118-0.322,0.494,0.296,0.099
1050,254726,117.11,82,96.3,0.2345,0.2353,0.4608,0.5285,0.8799,2.7775,0.9232,0.4537,-0.5571,B,0.1727,0.118-0.322,0.494,0.296,0.099
1051,254769,56.24,43,93.0,0.2492,0.2595,0.4964,0.4697,0.7752,2.7006,0.8598,0.4041,-0.4411,B,0.222,0.118-0.322,0.494,0.296,0.099
1052,254794,-16.3,25,100.0,0.6052,0.2176,0.6642,0.4048,0.6484,0.7538,0.9283,0.46,-0.3916,B,0.173,0.118-0.322,0.494,0.296,0.099
1053,254843,20.76,49,93.9,0.3434,0.2622,0.4931,0.5232,0.7992,1.9938,0.7767,0.3936,-0.5219,B,0.2263,0.118-0.322,0.494,0.296,0.099
1054,254862,-1.52,19,89.5,0.5222,0.2167,0.6362,0.3124,0.5055,0.9449,0.8,0.457,-0.2156,B,0.2147,0.118-0.322,0.494,0.296,0.099
1055,254880,-13.57,18,72.2,0.6407,0.1896,0.7254,0.2761,0.3492,0.3837,0.5857,0.4405,-0.2021,B,0.2041,0.118-0.322,0.494,0.296,0.099
1056,254902,-7.07,22,81.8,0.5361,0.2133,0.6234,0.3224,0.475,0.8177,0.7215,0.4231,-0.2558,B,0.2314,0.118-0.322,0.494,0.296,0.099
1057,254949,36.15,47,93.6,0.3361,0.2192,0.5395,0.5033,0.8134,2.0924,0.865,0.4342,-0.4877,B,0.2289,0.118-0.322,0.494,0.296,0.099
1058,254993,-49.77,44,90.9,0.5241,0.2054,0.5471,0.522,0.7317,1.022,0.8293,0.3411,-0.5684,B,0.1771,0.118-0.322,0.494,0.296,0.099
1059,255030,15.68,37,91.9,0.3477,0.2361,0.5647,0.4167,0.6914,2.0381,0.8612,0.3414,-0.3959,B,0.1828,0.118-0.322,0.494,0.296,0.099
1060,255082,6.09,52,96.2,0.3202,0.2569,0.48,0.6028,0.7967,2.2874,0.8882,0.4723,-0.6601,B,0.189,0.118-0.322,0.495,0.296,0.099
1061,255098,-15.62,16,81.2,0.4951,0.2235,0.7324,0.3308,0.3708,1.1702,0.7007,0.3822,-0.2841,B,0.1739,0.118-0.322,0.495,0.296,0.099
1062,255116,-28.38,18,72.2,0.7866,0.123,0.6638,0.3605,0.421,0.0739,0.4161,0.4698,-0.2894,B,0.1812,0.118-0.322,0.495,0.296,0.099
1063,255154,-2.76,38,89.5,0.4177,0.2436,0.5508,0.4458,0.6813,1.5453,0.828,0.4146,-0.4349,B,0.1725,0.118-0.322,0.495,0.296,0.099
1064,255168,-1.85,14,92.9,0.6463,0.1937,0.7368,0.1873,0.4238,0.4512,0.8004,0.4499,-0.1025,B,0.2196,0.118-0.322,0.495,0.296,0.099
1065,255214,40.77,46,95.7,0.351,0.2457,0.5022,0.483,0.7561,2.0843,0.8883,0.4381,-0.4413,B,0.2377,0.118-0.322,0.495,0.296,0.099
1066,255230,-17.5,16,93.8,0.5611,0.2191,0.6749,0.3547,0.4367,0.9907,0.82,0.4186,-0.325,B,0.1523,0.118-0.322,0.495,0.296,0.099
1067,255288,-5.83,58,77.6,0.5469,0.223,0.5472,0.424,0.8068,0.8277,0.6712,0.3876,-0.3634,B,0.1834,0.118-0.322,0.495,0.296,0.099
1068,255339,-17.83,51,92.2,0.5072,0.1749,0.568,0.4393,0.7675,1.0749,0.7495,0.2481,-0.4025,B,0.1904,0.118-0.322,0.495,0.296,0.099
1069,255400,9.81,61,96.7,0.5222,0.2522,0.4582,0.458,0.8232,0.9366,0.9173,0.444,-0.4034,B,0.1991,0.118-0.322,0.495,0.296,0.099
1070,255467,-4.22,67,91.0,0.394,0.2217,0.5311,0.5231,0.7622,1.6389,0.8566,0.3368,-0.5103,B,0.153,0.118-0.322,0.495,0.296,0.099
1071,255546,118.78,79,96.2,0.2005,0.273,0.4538,0.529,0.8585,3.0457,0.8127,0.4532,-0.5479,B,0.2176,0.118-0.322,0.495,0.296,0.099
1072,255561,-30.6,15,86.7,0.6987,0.1881,0.7563,0.352,0.3969,0.2383,0.738,0.4659,-0.3517,B,0.1683,0.118-0.322,0.495,0.296,0.099
1073,255578,-20.49,17,82.4,0.7372,0.1445,0.722,0.3049,0.4266,0.1619,0.5475,0.4511,-0.2188,B,0.1887,0.118-0.322,0.495,0.296,0.099
1074,255659,85.56,81,95.1,0.3159,0.2778,0.4634,0.4842,0.8535,2.1986,0.7762,0.3438,-0.454,B,0.1762,0.118-0.322,0.495,0.296,0.099
1075,255676,-14.71,17,82.4,0.6519,0.2088,0.6814,0.289,0.3777,0.4692,0.6734,0.4605,-0.1745,B,0.2206,0.118-0.322,0.495,0.296,0.099
1076,255720,-49.09,44,90.9,0.6316,0.2322,0.5529,0.4418,0.5943,0.4097,0.8626,0.351,-0.445,B,0.1623,0.118-0.322,0.495,0.296,0.099
1077,255790,9.56,70,97.1,0.5602,0.2398,0.4874,0.4725,0.8197,1.0413,0.9171,0.3872,-0.4402,B,0.1625,0.118-0.322,0.495,0.296,0.099
1078,255975,-90.76,185,99.5,0.4339,0.2688,0.4429,0.6404,0.9328,1.41,0.9169,0.4617,-0.7068,B,0.2244,0.118-0.322,0.496,0.297,0.099
1079,256003,-8.75,28,89.3,0.4016,0.2454,0.5911,0.4513,0.5713,1.655,0.8225,0.4402,-0.4432,B,0.2412,0.118-0.322,0.496,0.297,0.099
1080,256047,-11.06,44,84.1,0.4137,0.2209,0.6002,0.441,0.5863,1.6644,0.7758,0.2927,-0.4542,B,0.1581,0.118-0.322,0.496,0.297,0.099
1081,256112,17.85,65,93.8,0.4227,0.2626,0.474,0.4941,0.8341,1.4293,0.8214,0.4143,-0.4742,B,0.238,0.118-0.322,0.496,0.297,0.099
1082,256126,-2.07,14,92.9,0.6315,0.197,0.8081,0.1799,0.3336,0.8066,0.7765,0.4822,-0.0954,B,0.2265,0.118-0.322,0.496,0.297,0.099
1083,256141,-14.67,15,86.7,0.6829,0.1682,0.7305,0.282,0.378,0.288,0.6544,0.4641,-0.2133,B,0.2033,0.118-0.322,0.496,0.297,0.099
1084,256158,-11.39,17,76.5,0.6397,0.192,0.7248,0.2883,0.329,0.5211,0.6183,0.4811,-0.2,B,0.216,0.118-0.322,0.496,0.297,0.099
1085,256244,43.28,86,97.7,0.4052,0.2403,0.4799,0.4958,0.8453,1.6899,0.9351,0.4024,-0.488,B,0.1768,0.118-0.322,0.496,0.297,0.099
1086,256265,-7.72,21,81.0,0.3906,0.2446,0.6028,0.4337,0.5104,1.7246,0.6945,0.4288,-0.3673,B,0.2306,0.118-0.322,0.496,0.297,0.099
1087,256283,-33.01,18,83.3,0.5988,0.2178,0.658,0.4289,0.3985,0.8257,0.7207,0.4839,-0.3861,B,0.1663,0.118-0.322,0.496,0.297,0.099
1088,256350,92.17,67,97.0,0.3261,0.2602,0.4837,0.4408,0.8419,2.1275,0.8531,0.4572,-0.3835,B,0.1693,0.118-0.322,0.496,0.297,0.099
1089,256367,-24.17,17,76.5,0.6143,0.1968,0.675,0.349,0.3887,0.4575,0.6358,0.4674,-0.2666,B,0.2104,0.118-0.322,0.496,0.297,0.099
1090,256457,49.46,90,97.8,0.347,0.2437,0.4958,0.5462,0.8693,2.0682,0.9386,0.4762,-0.5694,B,0.2222,0.118-0.322,0.496,0.297,0.099
1091,256496,19.71,39,89.7,0.3925,0.239,0.546,0.4555,0.7261,1.8408,0.8214,0.4071,-0.4254,B,0.1672,0.118-0.322,0.496,0.297,0.099
1092,256561,66.2,65,93.8,0.3756,0.2591,0.4673,0.4581,0.8329,1.7797,0.8687,0.434,-0.4042,B,0.1966,0.118-0.322,0.496,0.297,0.099
1093,256593,13.56,32,93.8,0.4282,0.2322,0.6104,0.3794,0.6851,1.6309,0.8597,0.3049,-0.3294,B,0.1952,0.118-0.322,0.496,0.297,0.099
1094,256612,-5.03,19,73.7,0.477,0.2229,0.6469,0.344,0.3613,1.2946,0.6224,0.3987,-0.2548,B,0.1608,0.118-0.322,0.496,0.297,0.099
1095,256647,-27.34,35,94.3,0.4792,0.2502,0.5725,0.4754,0.693,1.1097,0.8487,0.3985,-0.4291,B,0.2431,0.118-0.322,0.496,0.297,0.099
1096,256696,10.05,49,91.8,0.3782,0.2231,0.5378,0.4993,0.7751,1.8465,0.8445,0.2793,-0.4932,B,0.2095,0.118-0.322,0.496,0.297,0.099
1097,256713,-14.6,17,82.4,0.6291,0.1941,0.6897,0.3051,0.4221,0.4738,0.6897,0.4341,-0.2516,B,0.2085,0.118-0.322,0.496,0.297,0.099
1098,256739,-10.5,26,92.3,0.4176,0.2376,0.5563,0.4928,0.6085,1.6972,0.8267,0.47,-0.4663,B,0.2447,0.118-0.322,0.496,0.297,0.099
1099,256812,28.24,73,98.6,0.3573,0.2477,0.4594,0.5616,0.8554,1.9982,0.9524,0.3753,-0.5747,B,0.1612,0.118-0.322,0.496,0.297,0.099
1100,256855,31.06,43,95.3,0.3708,0.246,0.5461,0.4503,0.7417,1.9343,0.8803,0.4644,-0.4083,B,0.2032,0.118-0.322,0.497,0.297,0.099
1101,256996,-131.27,141,99.3,0.4611,0.2373,0.4593,0.6371,0.9102,1.2483,0.8349,0.4342,-0.7276,B,0.2031,0.118-0.322,0.497,0.297,0.099
1102,257049,66.04,53,96.2,0.2651,0.2613,0.4704,0.5083,0.8134,2.6069,0.8522,0.4392,-0.4825,B,0.1805,0.118-0.322,0.497,0.298,0.099
1103,257097,7.73,48,91.7,0.3468,0.2147,0.5538,0.4962,0.7561,2.0213,0.843,0.2499,-0.4955,B,0.2434,0.118-0.322,0.497,0.298,0.099
1104,257163,79.27,66,92.4,0.2465,0.2373,0.5106,0.4849,0.7337,2.6491,0.8746,0.368,-0.4434,B,0.1786,0.118-0.322,0.497,0.298,0.099
1105,257199,24.13,36,94.4,0.3924,0.2229,0.5906,0.4296,0.7133,1.8619,0.8673,0.4341,-0.4047,B,0.1966,0.118-0.322,0.497,0.298,0.099
1106,257216,-7.76,17,88.2,0.3907,0.2315,0.7019,0.3661,0.4535,1.9468,0.7586,0.4099,-0.3187,B,0.2296,0.118-0.322,0.497,0.298,0.099
1107,257233,-5.68,17,88.2,0.5615,0.2279,0.6102,0.3029,0.4215,0.8419,0.776,0.4428,-0.1834,B,0.1927,0.118-0.322,0.497,0.298,0.099
1108,257296,43.61,63,98.4,0.3433,0.2626,0.4604,0.512,0.8414,2.0688,0.8343,0.4002,-0.4994,B,0.1495,0.118-0.322,0.497,0.298,0.099
1109,257333,30.05,37,94.6,0.3331,0.2378,0.5196,0.4395,0.7169,2.1837,0.8989,0.3251,-0.3975,B,0.2048,0.118-0.322,0.497,0.298,0.099
1110,257349,-12.92,16,87.5,0.668,0.2039,0.71,0.3133,0.3946,0.495,0.7485,0.4668,-0.2469,B,0.2352,0.118-0.322,0.497,0.298,0.099
1111,257387,-15.51,38,97.4,0.4267,0.2409,0.5301,0.5132,0.7433,1.5039,0.899,0.4376,-0.5183,B,0.1761,0.118-0.322,0.497,0.298,0.099
1112,257448,-17.38,61,93.4,0.523,0.2386,0.4852,0.4802,0.7741,0.8333,0.9007,0.4196,-0.4535,B,0.2459,0.118-0.322,0.497,0.298,0.099
1113,257501,7.93,53,92.5,0.332,0.2273,0.5285,0.5431,0.7833,2.1452,0.8638,0.3547,-0.5892,B,0.1556,0.118-0.322,0.497,0.298,0.099
1114,257552,55.46,51,94.1,0.3066,0.251,0.5002,0.4683,0.7829,2.3217,0.8624,0.4156,-0.4348,B,0.2117,0.118-0.322,0.497,0.298,0.099
1115,257625,41.03,73,95.9,0.3802,0.2377,0.4932,0.5105,0.8318,1.7798,0.916,0.4082,-0.4814,B,0.2339,0.118-0.322,0.497,0.298,0.099
1116,257657,1.4,32,100.0,0.4079,0.2539,0.5618,0.4726,0.7196,1.6909,0.9131,0.3896,-0.4608,B,0.232,0.118-0.322,0.497,0.298,0.099
1117,257727,-4.68,70,100.0,0.5252,0.2269,0.4954,0.4657,0.8477,0.9706,0.9318,0.3442,-0.4429,B,0.1507,0.118-0.322,0.497,0.298,0.099
1118,257743,-15.1,16,87.5,0.6544,0.192,0.7092,0.3079,0.4015,0.3887,0.7359,0.4675,-0.2672,B,0.2188,0.118-0.322,0.497,0.298,0.099
1119,257809,-6.1,66,90.9,0.4081,0.2531,0.495,0.5443,0.7525,1.6425,0.8342,0.4313,-0.5748,B,0.1956,0.118-0.322,0.498,0.298,0.099
1120,257881,132.08,72,95.8,0.2697,0.2422,0.47,0.4692,0.8242,2.6426,0.918,0.4397,-0.42,B,0.2467,0.118-0.322,0.498,0.298,0.099
1121,257946,-1.46,65,90.8,0.3759,0.2065,0.501,0.5051,0.7384,1.8227,0.8052,0.2171,-0.4726,B,0.2426,0.118-0.322,0.498,0.298,0.099
1122,257979,5.78,33,93.9,0.4599,0.2321,0.5402,0.4359,0.6993,1.3116,0.8726,0.4657,-0.3776,B,0.1591,0.118-0.322,0.498,0.298,0.099
1123,258048,36.8,69,95.7,0.4608,0.2345,0.4667,0.4568,0.8429,1.3196,0.9054,0.3582,-0.4113,B,0.2477,0.118-0.322,0.498,0.298,0.099
1124,258093,-44.6,45,95.6,0.4691,0.2508,0.531,0.5831,0.7253,1.179,0.9123,0.4371,-0.6143,B,0.2075,0.118-0.322,0.498,0.298,0.099
1125,258107,-5.68,14,85.7,0.6311,0.1905,0.7602,0.2266,0.3561,0.4275,0.703,0.4591,-0.1436,B,0.1782,0.118-0.322,0.498,0.298,0.099
1126,258121,-14.31,14,92.9,0.7048,0.1651,0.8179,0.1828,0.3651,0.2826,0.684,0.4053,-0.1107,B,0.1848,0.118-0.322,0.498,0.298,0.099
1127,258154,-1.63,33,87.9,0.3293,0.2411,0.5498,0.4918,0.6246,2.1496,0.8113,0.3662,-0.4723,B,0.2363,0.118-0.322,0.498,0.298,0.099
1128,258198,-78.52,44,40.9,0.8588,0.0853,0.6103,0.4236,0.7733,0.0354,0.1714,0.4342,-0.3808,B,0.1611,0.118-0.322,0.498,0.298,0.099
1129,258213,-26.2,15,86.7,0.7343,0.1679,0.7339,0.35,0.4062,0.1715,0.6747,0.4853,-0.3726,B,0.2443,0.118-0.322,0.498,0.299,0.1
1130,258230,-22.43,17,88.2,0.6703,0.1852,0.6748,0.346,0.4632,0.3316,0.7482,0.4485,-0.2956,B,0.1974,0.118-0.322,0.498,0.299,0.1
1131,258253,-23.46,23,91.3,0.4733,0.2452,0.6113,0.5317,0.5982,1.2959,0.7967,0.467,-0.5532,B,0.2182,0.118-0.322,0.498,0.299,0.1
1132,258330,67.62,77,96.1,0.2566,0.2665,0.4598,0.5435,0.8482,2.5682,0.8498,0.4354,-0.5639,B,0.1645,0.118-0.322,0.498,0.299,0.1
1133,258345,-12.36,15,100.0,0.5456,0.2422,0.7346,0.3193,0.4635,0.9817,0.9029,0.4212,-0.2912,B,0.155,0.118-0.322,0.498,0.299,0.1
1134,258395,16.25,50,92.0,0.2865,0.2348,0.5463,0.5553,0.7456,2.4165,0.8667,0.3944,-0.5987,B,0.1713,0.118-0.322,0.498,0.299,0.1
1135,258412,-35.28,17,88.2,0.6939,0.1779,0.6904,0.4117,0.4751,0.244,0.7087,0.4128,-0.4182,B,0.2009,0.118-0.322,0.498,0.299,0.1
1136,258427,-6.54,15,100.0,0.5751,0.2303,0.7263,0.2776,0.4243,1.047,0.8961,0.4721,-0.2464,B,0.2071,0.118-0.322,0.498,0.299,0.1
1137,258492,8.98,65,98.5,0.6185,0.2191,0.4678,0.42,0.8473,0.5279,0.9074,0.4321,-0.3393,B,0.1784,0.118-0.322,0.498,0.299,0.1
1138,258543,-31.5,51,90.2,0.6189,0.186,0.5326,0.5064,0.7753,0.8321,0.6772,0.4487,-0.4965,B,0.1558,0.118-0.322,0.498,0.299,0.1
1139,258559,-23.55,16,87.5,0.637,0.2337,0.697,0.3949,0.4088,0.4398,0.7921,0.4357,-0.3671,B,0.2388,0.118-0.322,0.498,0.299,0.1
1140,258607,8.47,48,95.8,0.3129,0.2501,0.5239,0.5654,0.7901,2.3024,0.9049,0.4541,-0.622,B,0.2217,0.118-0.322,0.498,0.299,0.1
1141,258679,77.63,72,97.2,0.2869,0.2656,0.4644,0.5469,0.8647,2.5501,0.868,0.4211,-0.5677,B,0.2212,0.118-0.322,0.499,0.299,0.1
1142,258782,-85.44,103,99.0,0.5945,0.2316,0.4477,0.5902,0.8707,0.719,0.9388,0.4743,-0.6186,B,0.1528,0.118-0.322,0.499,0.299,0.1
1143,258797,-8.69,15,86.7,0.5317,0.236,0.6684,0.2972,0.4159,0.8417,0.7728,0.4513,-0.2432,B,0.2254,0.118-0.322,0.499,0.299,0.1
1144,258828,18.78,31,93.5,0.385,0.2455,0.498,0.4449,0.6942,1.8391,0.8711,0.4516,-0.3918,B,0.209,0.118-0.322,0.499,0.299,0.1
1145,258890,46.1,62,95.2,0.3692,0.2336,0.488,0.4824,0.8164,1.8194,0.909,0.4424,-0.45,B,0.2087,0.118-0.322,0.499,0.299,0.1
1146,259000,39.62,110,97.3,0.45,0.2089,0.4743,0.4978,0.8747,1.414,0.8817,0.4257,-0.4725,B,0.2321,0.118-0.322,0.499,0.299,0.1
1147,259073,69.45,73,97.3,0.2283,0.2459,0.4732,0.5839,0.8683,2.8049,0.9469,0.4565,-0.6283,B,0.1655,0.118-0.322,0.499,0.299,0.1
1148,259124,34.7,51,96.1,0.3509,0.2458,0.4841,0.5007,0.8088,2.0743,0.9131,0.3722,-0.4877,B,0.1947,0.118-0.322,0.499,0.299,0.1
1149,259140,-34.01,16,81.2,0.57,0.2294,0.6797,0.4308,0.4239,0.5966,0.7403,0.4732,-0.4307,B,0.2397,0.118-0.322,0.499,0.299,0.1
1150,259168,13.23,28,96.4,0.3686,0.2608,0.6069,0.4123,0.6303,1.9467,0.8136,0.4408,-0.366,B,0.2417,0.118-0.322,0.499,0.299,0.1
1151,259182,-4.99,14,100.0,0.6177,0.2126,0.7598,0.2721,0.4106,0.6234,0.8833,0.4652,-0.1968,B,0.1925,0.118-0.322,0.499,0.299,0.1
1152,259207,-2.42,25,96.0,0.4331,0.2321,0.6195,0.4312,0.6327,1.5654,0.8803,0.411,-0.4081,B,0.1731,0.118-0.322,0.499,0.299,0.1
1153,259286,97.66,79,97.5,0.2161,0.262,0.4549,0.5864,0.8703,2.9714,0.9117,0.4746,-0.6265,B,0.1938,0.118-0.322,0.499,0.299,0.1
1154,259338,-12.39,52,96.2,0.5589,0.2354,0.4484,0.4555,0.8198,0.6474,0.8736,0.3598,-0.3906,B,0.2156,0.118-0.322,0.499,0.299,0.1
1155,259376,-58.37,38,92.1,0.4896,0.2589,0.5822,0.5825,0.7059,1.0746,0.7704,0.3627,-0.6764,B,0.1729,0.118-0.322,0.499,0.299,0.1
1156,259409,-9.45,33,100.0,0.569,0.2207,0.6135,0.413,0.6924,0.8987,0.9372,0.4191,-0.3607,B,0.2348,0.118-0.322,0.499,0.3,0.1
1157,259423,-20.06,14,100.0,0.6309,0.21,0.7136,0.3046,0.426,0.5414,0.8942,0.4641,-0.2438,B,0.235,0.118-0.322,0.499,0.3,0.1
1158,259504,90.81,81,97.5,0.2895,0.2655,0.4572,0.5313,0.878,2.4312,0.8756,0.4638,-0.5418,B,0.1811,0.118-0.322,0.499,0.3,0.1
1159,259522,-15.32,18,100.0,0.5055,0.2395,0.6345,0.3981,0.507,1.2223,0.8582,0.4218,-0.3427,B,0.1861,0.118-0.322,0.499,0.3,0.1
1160,259638,56.82,116,97.4,0.3564,0.2655,0.453,0.5649,0.8968,1.914,0.9068,0.4763,-0.584,B,0.1522,0.118-0.322,0.5,0.3,0.1
1161,259697,80.29,59,94.9,0.3312,0.2406,0.4827,0.4448,0.8091,2.1889,0.9038,0.4116,-0.4113,B,0.2381,0.118-0.322,0.5,0.3,0.1
1162,259718,1.29,21,95.2,0.3633,0.2286,0.6349,0.4067,0.5694,2.1914,0.8462,0.3563,-0.3981,B,0.1637,0.118-0.322,0.5,0.3,0.1
1163,259738,-8.97,20,85.0,0.5666,0.2295,0.6199,0.3776,0.5078,0.7268,0.7511,0.3496,-0.2867,B,0.184,0.118-0.322,0.5,0.3,0.1
1164,259826,49.05,88,96.6,0.3241,0.2168,0.4568,0.5543,0.8719,2.0908,0.9028,0.4459,-0.557,B,0.2382,0.118-0.322,0.5,0.3,0.1
1165,259866,22.33,40,95.0,0.3395,0.233,0.5405,0.4855,0.7337,2.1016,0.8775,0.401,-0.4743,B,0.2022,0.118-0.322,0.5,0.3,0.1
1166,259883,-4.08,17,94.1,0.4217,0.2263,0.6689,0.3479,0.4762,1.9128,0.8159,0.4372,-0.3031,B,0.1638,0.118-0.322,0.5,0.3,0.1
1167,259903,-4.08,20,95.0,0.409,0.2299,0.6559,0.434,0.5348,1.9396,0.8555,0.3895,-0.4266,B,0.1549,0.118-0.322,0.5,0.3,0.1
1168,259968,-33.14,65,96.9,0.5404,0.2451,0.504,0.5444,0.8199,0.9153,0.9238,0.4786,-0.5533,B,0.172,0.118-0.322,0.5,0.3,0.1
1169,259983,0.1,15,93.3,0.6129,0.2142,0.791,0.2296,0.3396,0.9952,0.7505,0.4595,-0.1217,B,0.1705,0.118-0.322,0.5,0.3,0.1
1170,260054,18.78,71,95.8,0.3883,0.2428,0.4781,0.5311,0.8432,1.7355,0.9258,0.4273,-0.5478,C,0.2322,0.322-0.622,0.5,0.3,0.1
1171,260070,-34.02,16,100.0,0.7808,0.1496,0.7064,0.3716,0.4443,0.2763,0.6852,0.4672,-0.357,C,0.1877,0.322-0.622,0.5,0.3,0.1
1172,260085,-20.51,15,100.0,0.6084,0.2184,0.7385,0.3363,0.4119,0.9339,0.8835,0.4728,-0.2986,C,0.2327,0.322-0.622,0.5,0.3,0.1
1173,260100,-20.9,15,100.0,0.7227,0.1678,0.727,0.3213,0.396,0.7555,0.7271,0.4452,-0.3033,C,0.1869,0.322-0.622,0.5,0.3,0.1
1174,260203,-25.7,103,96.1,0.5046,0.2662,0.4942,0.5124,0.8627,0.969,0.8629,0.437,-0.515,C,0.1985,0.322-0.622,0.5,0.3,0.1
1175,260221,-0.91,18,94.4,0.5303,0.2301,0.6101,0.322,0.4513,1.1869,0.854,0.4875,-0.238,C,0.2083,0.322-0.622,0.5,0.3,0.1
1176,260356,205.12,135,97.8,0.2497,0.2159,0.4409,0.5375,0.906,2.7544,0.9207,0.4266,-0.5328,C,0.239,0.322-0.622,0.501,0.301,0.1
1177,260370,-17.81,14,85.7,0.783,0.1179,0.7648,0.1822,0.3648,0.1079,0.4719,0.4303,-0.0979,C,0.1706,0.322-0.622,0.501,0.301,0.1
1178,260385,-22.12,15,100.0,0.9793,0.0887,0.6739,0.2936,0.4139,0.0315,0.4166,0.4711,-0.2281,C,0.23,0.322-0.622,0.501,0.301,0.1
1179,260408,-47.34,23,60.9,0.9823,0.0585,0.6399,0.3649,0.4778,0.0078,0.1796,0.4194,-0.3402,C,0.1953,0.322-0.622,0.501,0.301,0.1
1180,260424,-12.29,16,100.0,0.617,0.1962,0.6794,0.3091,0.4486,0.7308,0.8562,0.4267,-0.2355,C,0.1861,0.322-0.622,0.501,0.301,0.1
1181,260440,-17.96,16,87.5,0.5822,0.2051,0.7169,0.3362,0.4037,0.628,0.7826,0.4459,-0.3117,C,0.1608,0.322-0.622,0.501,0.301,0.1
1182,260455,-11.35,15,100.0,0.6087,0.2107,0.716,0.2838,0.4013,1.0619,0.8642,0.4845,-0.1883,C,0.2289,0.322-0.622,0.501,0.301,0.1
1183,260477,-25.79,22,95.5,0.6213,0.1981,0.5811,0.4307,0.5392,0.6742,0.8378,0.4328,-0.3769,C,0.1516,0.322-0.622,0.501,0.301,0.1
1184,260502,-33.53,25,56.0,0.8448,0.0744,0.5946,0.3406,0.6064,0.0362,0.1991,0.4669,-0.2529,C,0.2204,0.322-0.622,0.501,0.301,0.1
1185,260523,-41.35,21,90.5,0.6538,0.1734,0.6366,0.472,0.5396,0.4254,0.7044,0.4367,-0.4962,C,0.1956,0.322-0.622,0.501,0.301,0.1
1186,260537,-18.21,14,85.7,0.9531,0.0566,0.7415,0.207,0.4008,0.0184,0.2434,0.4678,-0.1341,C,0.2484,0.322-0.622,0.501,0.301,0.1
1187,260553,-22.43,16,81.2,0.6638,0.1883,0.7632,0.2929,0.3574,0.4044,0.6721,0.4037,-0.2474,C,0.2027,0.322-0.622,0.501,0.301,0.1
1188,260572,-23.79,19,94.7,0.5426,0.2304,0.6267,0.4061,0.4703,0.9959,0.8484,0.4586,-0.3981,C,0.2082,0.322-0.622,0.501,0.301,0.1
1189,260586,-15.1,14,92.9,0.537,0.2169,0.7957,0.1983,0.3447,1.1734,0.8335,0.4705,-0.1445,C,0.1696,0.322-0.622,0.501,0.301,0.1
1190,260600,-24.27,14,92.9,0.8185,0.1393,0.7284,0.2856,0.3864,0.1039,0.6035,0.4635,-0.2459,C,0.1609,0.322-0.622,0.501,0.301,0.1
1191,260615,-9.28,15,100.0,0.6611,0.2085,0.7195,0.3031,0.4191,0.5735,0.8987,0.423,-0.2465,C,0.1768,0.322-0.622,0.501,0.301,0.1
1192,260827,-91.12,212,99.5,0.5276,0.2389,0.4261,0.5795,0.9436,0.9627,0.9315,0.4667,-0.6066,C,0.1922,0.322-0.622,0.502,0.302,0.1
1193,260841,-19.55,14,100.0,0.6894,0.1821,0.7829,0.2053,0.3642,0.7684,0.7923,0.4542,-0.1676,C,0.1788,0.322-0.622,0.502,0.302,0.1
1194,260861,-4.95,20,90.0,0.5614,0.2381,0.6401,0.3258,0.5454,0.6771,0.8278,0.3995,-0.2566,C,0.2307,0.322-0.622,0.502,0.302,0.1
1195,260876,-22.84,15,100.0,0.672,0.2095,0.6787,0.3355,0.4027,0.4719,0.8996,0.4435,-0.2983,C,0.245,0.322-0.622,0.502,0.302,0.1
1196,260891,-20.77,15,86.7,0.7854,0.113,0.8564,0.1552,0.3352,0.1402,0.4575,0.4186,-0.0782,C,0.2415,0.322-0.622,0.502,0.302,0.1
1197,260906,-9.87,15,86.7,0.7626,0.1273,0.7442,0.2238,0.3374,0.155,0.5057,0.4454,-0.1344,C,0.1742,0.322-0.622,0.502,0.302,0.1
1198,260923,-47.26,17,0.0,0.0,0.0,0.6712,0.3524,0.5054,0.0,0.0,0.4297,-0.3388,C,0.2032,0.322-0.622,0.502,0.302,0.1
1199,260938,-21.52,15,80.0,0.8603,0.0787,0.7478,0.2317,0.3575,0.0441,0.3089,0.4692,-0.1722,C,0.1648,0.322-0.622,0.502,0.302,0.1
1200,260952,-25.26,14,92.9,0.7095,0.1418,0.7549,0.3113,0.3666,0.2822,0.5981,0.4869,-0.2499,C,0.1504,0.322-0.622,0.502,0.302,0.1
1201,260966,-15.43,14,92.9,0.8218,0.1062,0.8506,0.1322,0.3293,0.1485,0.4643,0.4385,-0.058,C,0.1899,0.322-0.622,0.502,0.302,0.1
1202,260981,-12.37,15,93.3,0.5024,0.2137,0.8089,0.2738,0.3625,1.5661,0.7919,0.4116,-0.2324,C,0.1829,0.322-0.622,0.502,0.302,0.1
1203,260996,-22.33,15,93.3,0.7302,0.1592,0.7634,0.2843,0.3472,0.5933,0.6586,0.4823,-0.2431,C,0.1709,0.322-0.622,0.502,0.302,0.1
1204,261011,-20.97,15,86.7,0.8358,0.1004,0.7331,0.2134,0.3866,0.0729,0.4088,0.4451,-0.1331,C,0.2217,0.322-0.622,0.502,0.302,0.1
1205,261026,-24.03,15,80.0,0.8254,0.1391,0.6783,0.3357,0.368,0.0654,0.5186,0.4379,-0.2896,C,0.191,0.322-0.622,0.502,0.302,0.1
1206,261041,-11.2,15,93.3,0.6533,0.1894,0.6874,0.293,0.4134,0.4652,0.7876,0.451,-0.2191,C,0.1995,0.322-0.622,0.502,0.302,0.1
1207,261056,-14.99,15,100.0,0.6756,0.1963,0.7018,0.2717,0.4153,0.4962,0.869,0.4774,-0.1857,C,0.1745,0.322-0.622,0.502,0.302,0.1
1208,261096,-27.23,40,100.0,0.6516,0.1698,0.5458,0.418,0.7189,0.4811,0.7706,0.3572,-0.3681,C,0.2244,0.322-0.622,0.502,0.302,0.1
1209,261110,-21.2,14,100.0,0.9088,0.0788,0.7486,0.3077,0.4199,0.0503,0.3976,0.4732,-0.2561,C,0.2171,0.322-0.622,0.502,0.302,0.1
1210,261128,-26.79,18,94.4,0.6689,0.1764,0.734,0.3876,0.4519,0.4445,0.7583,0.4349,-0.3617,C,0.2126,0.322-0.622,0.502,0.302,0.1
1211,261143,-26.51,15,93.3,0.6447,0.1756,0.7404,0.2814,0.3809,0.4744,0.7069,0.4621,-0.2389,C,0.206,0.322-0.622,0.502,0.302,0.1
1212,261157,-14.06,14,92.9,0.6576,0.1739,0.8192,0.2215,0.3214,0.5823,0.7203,0.4264,-0.1626,C,0.1878,0.322-0.622,0.502,0.302,0.1
1213,261171,-20.68,14,100.0,0.7238,0.1751,0.7712,0.26,0.3825,0.5615,0.7608,0.4669,-0.2061,C,0.1612,0.322-0.622,0.503,0.303,0.1
1214,261187,-37.83,16,81.2,0.8144,0.0968,0.6948,0.3741,0.4234,0.0691,0.3753,0.4866,-0.3331,C,0.2473,0.322-0.622,0.503,0.303,0.1
1215,261201,-7.32,14,100.0,0.9847,0.0873,0.6801,0.2253,0.4273,0.0395,0.4169,0.4625,-0.1233,C,0.196,0.322-0.622,0.503,0.303,0.1
1216,261215,-33.87,14,0.0,0.0,0.0,0.79,0.2305,0.4513,0.0,0.0,0.4643,-0.1841,C,0.1809,0.322-0.622,0.503,0.303,0.1
1217,261231,-15.09,16,93.8,0.7099,0.2044,0.7221,0.21,0.3925,0.4047,0.794,0.417,-0.1431,C,0.2194,0.322-0.622,0.503,0.303,0.1
1218,261245,-20.27,14,100.0,0.6148,0.2148,0.7308,0.2675,0.4022,0.751,0.8909,0.4726,-0.2479,C,0.2281,0.322-0.622,0.503,0.303,0.1
1219,261264,-19.8,19,78.9,0.7457,0.1329,0.7236,0.2006,0.3836,0.2176,0.4739,0.4276,-0.1087,C,0.1616,0.322-0.622,0.503,0.303,0.1
1220,261378,-12.83,114,97.4,0.5043,0.221,0.4866,0.5374,0.9023,1.0435,0.9018,0.4033,-0.5272,C,0.2419,0.322-0.622,0.503,0.303,0.1
1221,261392,-20.09,14,85.7,0.6902,0.1491,0.8184,0.2767,0.3171,0.2658,0.5849,0.4435,-0.2713,C,0.2394,0.322-0.622,0.503,0.303,0.1
1222,261406,-29.19,14,0.0,0.0,0.0,0.7943,0.2416,0.3843,0.0,0.0,0.4213,-0.194,C,0.2131,0.322-0.622,0.503,0.303,0.101
1223,261420,-1.8,14,100.0,0.7449,0.1556,0.7522,0.1556,0.379,0.5587,0.687,0.463,-0.0694,C,0.2023,0.322-0.622,0.503,0.303,0.101
1224,261440,-38.06,20,80.0,0.747,0.1738,0.6168,0.4016,0.4921,0.1545,0.6368,0.455,-0.3666,C,0.209,0.322-0.622,0.503,0.303,0.101
1225,261512,-21.16,72,93.1,0.5764,0.2162,0.5197,0.4545,0.7811,0.7155,0.7953,0.3681,-0.4226,C,0.2416,0.322-0.622,0.503,0.303,0.101
1226,261527,-27.63,15,86.7,0.9093,0.0748,0.7873,0.2957,0.3981,0.0269,0.3181,0.4628,-0.2532,C,0.2039,0.322-0.622,0.503,0.303,0.101
1227,261541,-10.75,14,100.0,0.6186,0.2161,0.7028,0.3014,0.4115,0.7075,0.9103,0.451,-0.2614,C,0.1671,0.322-0.622,0.503,0.303,0.101
1228,261556,-23.97,15,93.3,0.9482,0.0827,0.6949,0.2978,0.4304,0.0348,0.3671,0.4446,-0.2024,C,0.196,0.322-0.622,0.503,0.303,0.101
1229,261599,-20.26,43,93.0,0.3846,0.2173,0.5865,0.5496,0.7472,1.7452,0.865,0.3934,-0.6038,C,0.1872,0.322-0.622,0.503,0.303,0.101
1230,261617,-23.63,18,94.4,0.6059,0.2031,0.631,0.3344,0.4259,0.9249,0.8336,0.4629,-0.2813,C,0.167,0.322-0.622,0.503,0.303,0.101
1231,261631,-23.6,14,85.7,0.5903,0.2124,0.7919,0.2444,0.3512,0.7262,0.7548,0.4524,-0.2018,C,0.2374,0.322-0.622,0.503,0.303,0.101
1232,261646,-6.19,15,86.7,0.5403,0.2109,0.6942,0.2989,0.3882,0.8685,0.7602,0.4705,-0.2236,C,0.1567,0.322-0.622,0.504,0.304,0.101
1233,261660,-14.0,14,100.0,0.4934,0.2349,0.7318,0.3699,0.4206,1.37,0.8997,0.4553,-0.3453,C,0.1663,0.322-0.622,0.504,0.304,0.101
1234,261681,-32.61,21,85.7,0.6397,0.1878,0.5948,0.422,0.5434,0.3814,0.7201,0.4491,-0.3991,C,0.1689,0.322-0.622,0.504,0.304,0.101
1235,261702,-22.67,21,100.0,0.6122,0.1998,0.6322,0.4619,0.5651,0.8856,0.857,0.4863,-0.4416,C,0.247,0.322-0.622,0.504,0.304,0.101
1236,261717,-2.02,15,100.0,0.6454,0.1956,0.744,0.2168,0.3992,0.7172,0.8603,0.4524,-0.1266,C,0.1894,0.322-0.622,0.504,0.304,0.101
1237,261733,-11.8,16,87.5,0.6598,0.1895,0.6767,0.3136,0.3887,0.436,0.7199,0.4667,-0.2432,C,0.1897,0.322-0.622,0.504,0.304,0.101
1238,261749,-13.73,16,75.0,0.8024,0.1124,0.6636,0.2565,0.3744,0.0782,0.396,0.4476,-0.1331,C,0.2411,0.322-0.622,0.504,0.304,0.101
1239,261764,-17.32,15,93.3,0.6517,0.1986,0.7274,0.3194,0.3614,0.5711,0.7874,0.4486,-0.2627,C,0.2064,0.322-0.622,0.504,0.304,0.101
1240,261827,-18.73,63,100.0,0.6035,0.2484,0.4787,0.4887,0.8171,0.5838,0.9478,0.4561,-0.4536,C,0.2039,0.322-0.622,0.504,0.304,0.101
1241,261845,-20.17,18,94.4,0.6132,0.2047,0.6705,0.3667,0.4077,0.5914,0.8402,0.4795,-0.2781,C,0.2107,0.322-0.622,0.504,0.304,0.101
1242,261863,-30.91,18,100.0,0.6145,0.206,0.7171,0.4731,0.5021,0.7802,0.8797,0.4561,-0.5344,C,0.2437,0.322-0.622,0.504,0.304,0.101
1243,261878,-14.09,15,100.0,0.677,0.1745,0.6694,0.3164,0.4496,0.5457,0.7533,0.4674,-0.2675,C,0.1847,0.322-0.622,0.504,0.304,0.101
1244,261892,-20.49,14,100.0,0.9076,0.1107,0.7138,0.2615,0.4306,0.0531,0.5137,0.4718,-0.2208,C,0.1802,0.322-0.622,0.504,0.304,0.101
1245,261909,-27.74,17,100.0,0.9425,0.1145,0.6374,0.3923,0.4792,0.0743,0.5439,0.4706,-0.3688,C,0.2087,0.322-0.622,0.504,0.304,0.101
1246,261923,-10.49,14,100.0,0.6878,0.1779,0.7397,0.2194,0.373,0.711,0.7888,0.4802,-0.1523,C,0.2302,0.322-0.622,0.504,0.304,0.101
1247,261937,-11.78,14,100.0,0.7373,0.1812,0.7669,0.2424,0.3837,0.2905,0.7901,0.4804,-0.1712,C,0.196,0.322-0.622,0.504,0.304,0.101
1248,261956,-24.72,19,94.7,0.7344,0.1928,0.5801,0.4059,0.5022,0.3409,0.7773,0.4823,-0.3467,C,0.2083,0.322-0.622,0.504,0.304,0.101
1249,261971,-16.65,15,100.0,0.8421,0.15,0.6518,0.3441,0.4369,0.1049,0.7012,0.4539,-0.2812,C,0.2382,0.322-0.622,0.504,0.304,0.101
1250,261986,-16.77,15,93.3,0.9153,0.1059,0.6994,0.1927,0.405,0.0644,0.4692,0.4039,-0.1024,C,0.2076,0.322-0.622,0.504,0.304,0.101
1251,262000,-19.01,14,100.0,0.5793,0.2082,0.807,0.2555,0.3747,1.0813,0.8944,0.4392,-0.182,C,0.1568,0.322-0.622,0.504,0.304,0.101
1252,262015,-12.21,15,86.7,0.6681,0.1931,0.7977,0.1908,0.3574,0.3958,0.7214,0.4598,-0.0878,C,0.2052,0.322-0.622,0.504,0.304,0.101
1253,262029,-20.46,14,92.9,0.6745,0.1808,0.8152,0.1758,0.337,0.6369,0.7267,0.4457,-0.1174,C,0.1663,0.322-0.622,0.504,0.304,0.101
1254,262044,-19.98,15,93.3,0.8123,0.1274,0.7833,0.2838,0.3706,0.2747,0.5347,0.4578,-0.2042,C,0.1699,0.322-0.622,0.504,0.304,0.101
1255,262059,-21.6,15,93.3,0.7601,0.1507,0.719,0.2732,0.4127,0.187,0.6559,0.463,-0.1919,C,0.1991,0.322-0.622,0.504,0.304,0.101
1256,262085,-24.63,26,92.3,0.5204,0.2314,0.6203,0.4609,0.6076,1.0497,0.8513,0.4111,-0.5102,C,0.1656,0.322-0.622,0.504,0.304,0.101
1257,262107,-2.48,22,100.0,0.5926,0.2285,0.5977,0.3596,0.5774,0.8031,0.9116,0.4437,-0.2791,C,0.2051,0.322-0.622,0.505,0.305,0.101
1258,262135,-17.18,28,100.0,0.6763,0.1635,0.529,0.3955,0.6468,0.7552,0.7304,0.4367,-0.328,C,0.1909,0.322-0.622,0.505,0.305,0.101
1259,262150,-11.06,15,100.0,0.5301,0.224,0.6341,0.3315,0.3961,1.1801,0.9038,0.4459,-0.244,C,0.2183,0.322-0.622,0.505,0.305,0.101
1260,262165,-17.7,15,100.0,0.6051,0.2149,0.7094,0.342,0.4162,0.8652,0.8912,0.466,-0.2568,C,0.1972,0.322-0.622,0.505,0.305,0.101
1261,262179,-28.28,14,100.0,0.9852,0.0763,0.7517,0.3582,0.4375,0.0336,0.3676,0.4623,-0.3777,C,0.1829,0.322-0.622,0.505,0.305,0.101
1262,262262,-91.02,83,95.2,0.7898,0.1181,0.4582,0.4857,0.8594,0.1428,0.53,0.4305,-0.4643,C,0.1638,0.322-0.622,0.505,0.305,0.101
1263,262277,-21.87,15,80.0,0.8312,0.1128,0.708,0.2969,0.3847,0.0563,0.4218,0.4735,-0.2442,C,0.2118,0.322-0.622,0.505,0.305,0.101
1264,262291,-27.08,14,0.0,0.0,0.0,0.7894,0.2376,0.4141,0.0,0.0,0.4305,-0.1648,C,0.1698,0.322-0.622,0.505,0.305,0.101
1265,262307,-21.94,16,100.0,0.692,0.1929,0.6751,0.3703,0.4792,0.4136,0.8568,0.4439,-0.3053,C,0.1999,0.322-0.622,0.505,0.305,0.101
1266,262322,-20.0,15,100.0,0.7973,0.166,0.7298,0.2556,0.357,0.14,0.7512,0.4582,-0.1867,C,0.1825,0.322-0.622,0.505,0.305,0.101
1267,262338,-16.37,16,87.5,0.9121,0.101,0.6529,0.3146,0.4376,0.0346,0.4081,0.4512,-0.2142,C,0.1804,0.322-0.622,0.505,0.305,0.101
1268,262352,-16.51,14,100.0,0.7125,0.2061,0.6983,0.3353,0.423,0.2807,0.9201,0.4151,-0.3029,C,0.2239,0.322-0.622,0.505,0.305,0.101
1269,262371,-16.53,19,94.7,0.5658,0.2064,0.6031,0.3954,0.5054,0.9735,0.7946,0.4872,-0.3165,C,0.1834,0.322-0.622,0.505,0.305,0.101
1270,262386,-26.5,15,100.0,0.741,0.1928,0.7341,0.2904,0.3862,0.2364,0.8597,0.4654,-0.2385,C,0.1757,0.322-0.622,0.505,0.305,0.101
1271,262400,-18.71,14,100.0,0.7074,0.1848,0.8178,0.2798,0.3661,0.5492,0.8004,0.4523,-0.2568,C,0.2257,0.322-0.622,0.505,0.305,0.101
1272,262500,-76.43,100,97.0,0.646,0.2047,0.4646,0.526,0.8658,0.4419,0.8736,0.4102,-0.5089,C,0.1622,0.322-0.622,0.505,0.305,0.101
1273,262581,-95.9,81,91.4,0.9324,0.0993,0.4883,0.4627,0.828,0.0352,0.429,0.3791,-0.4179,C,0.2178,0.322-0.622,0.506,0.306,0.101
1274,262619,-37.09,38,94.7,0.7188,0.1582,0.5065,0.4539,0.7238,0.2826,0.6857,0.4513,-0.4168,C,0.2083,0.322-0.622,0.506,0.306,0.101
1275,262635,-2.17,16,100.0,0.622,0.2034,0.71,0.2712,0.4043,0.9823,0.8686,0.4255,-0.1694,C,0.1681,0.322-0.622,0.506,0.306,0.101
1276,262649,-24.77,14,0.0,0.0,0.0,0.8367,0.1724,0.3558,0.0,0.0,0.3984,-0.0971,C,0.1786,0.322-0.622,0.506,0.306,0.101
1277,262697,9.54,48,91.7,0.509,0.2516,0.4741,0.4211,0.7825,0.9031,0.8478,0.4479,-0.3476,C,0.1851,0.322-0.622,0.506,0.306,0.101
1278,262721,-12.35,24,100.0,0.5872,0.2108,0.5786,0.3556,0.6148,0.904,0.9137,0.4827,-0.2908,C,0.1514,0.322-0.622,0.506,0.306,0.101
1279,262736,-16.52,15,100.0,0.6656,0.1932,0.73,0.324,0.4294,0.5671,0.8474,0.4085,-0.2666,C,0.2163,0.322-0.622,0.506,0.306,0.101
1280,262752,-24.81,16,81.2,0.8617,0.1101,0.7169,0.3469,0.4575,0.0494,0.4166,0.4675,-0.3304,C,0.1783,0.322-0.622,0.506,0.306,0.101
1281,262768,-22.9,16,87.5,0.8713,0.0724,0.734,0.2615,0.3854,0.048,0.3238,0.4648,-0.1829,C,0.1843,0.322-0.622,0.506,0.306,0.101
1282,262826,-19.49,58,93.1,0.756,0.137,0.5044,0.3799,0.8063,0.1702,0.5869,0.4289,-0.2971,C,0.1966,0.322-0.622,0.506,0.306,0.101
1283,262841,-3.31,15,100.0,0.5846,0.2127,0.7481,0.2408,0.4055,1.0853,0.8976,0.479,-0.1553,C,0.1578,0.322-0.622,0.506,0.306,0.101
1284,262856,-25.99,15,93.3,0.9775,0.0748,0.7606,0.2686,0.4006,0.0203,0.3274,0.439,-0.2347,C,0.1916,0.322-0.622,0.506,0.306,0.101
1285,262870,-19.19,14,85.7,0.722,0.1793,0.7911,0.2369,0.3824,0.2167,0.6862,0.4319,-0.1874,C,0.2087,0.322-0.622,0.506,0.306,0.101
1286,262887,-29.8,17,100.0,0.7535,0.1843,0.6475,0.3786,0.484,0.331,0.7922,0.465,-0.3411,C,0.1769,0.322-0.622,0.506,0.306,0.101
1287,262901,-11.58,14,100.0,0.6981,0.1664,0.8326,0.2192,0.3237,0.8025,0.7565,0.3834,-0.1885,C,0.1866,0.322-0.622,0.506,0.306,0.101
1288,262916,-4.89,15,100.0,0.6655,0.1753,0.8158,0.1462,0.3839,0.6742,0.7848,0.4228,-0.0641,C,0.2073,0.322-0.622,0.506,0.306,0.101
1289,262931,-27.96,15,86.7,0.9067,0.0796,0.7016,0.281,0.397,0.0337,0.3258,0.438,-0.2571,C,0.1603,0.322-0.622,0.506,0.306,0.101
1290,262946,-24.67,15,100.0,0.8205,0.1344,0.7192,0.2851,0.4257,0.1316,0.6307,0.4252,-0.2483,C,0.1697,0.322-0.622,0.506,0.306,0.101
1291,262961,-5.57,15,100.0,0.6935,0.1802,0.7675,0.2631,0.3819,0.7781,0.7789,0.4365,-0.1618,C,0.1765,0.322-0.622,0.506,0.306,0.101
1292,262974,-36.38,13,0.0,0.0,0.0,0.7997,0.2197,0.4022,0.0,0.0,0.4632,-0.1774,C,0.1802,0.322-0.622,0.506,0.306,0.101
1293,262989,-16.84,15,100.0,0.7033,0.168,0.7407,0.3262,0.3511,0.7809,0.7503,0.4869,-0.2948,C,0.1611,0.322-0.622,0.506,0.306,0.101
1294,263004,-10.15,15,100.0,0.8979,0.1225,0.7193,0.2259,0.4419,0.0574,0.5724,0.4357,-0.1519,C,0.2344,0.322-0.622,0.506,0.306,0.101
1295,263018,-21.1,14,92.9,1.0266,0.048,0.8128,0.1706,0.4107,0.0128,0.2429,0.4512,-0.1289,C,0.1814,0.322-0.622,0.506,0.306,0.101
1296,263032,-24.45,14,100.0,0.6808,0.1784,0.8014,0.2137,0.3401,0.7922,0.7941,0.4787,-0.16,C,0.2329,0.322-0.622,0.506,0.306,0.101
1297,263049,-24.91,17,76.5,0.8509,0.1174,0.7271,0.3435,0.4801,0.067,0.4242,0.4494,-0.3158,C,0.1768,0.322-0.622,0.507,0.307,0.101
1298,263064,-30.51,15,93.3,0.863,0.1127,0.7282,0.3162,0.3997,0.0906,0.5004,0.4813,-0.3028,C,0.1956,0.322-0.622,0.507,0.307,0.101
1299,263173,-100.42,109,98.2,0.7711,0.1329,0.4395,0.474,0.8763,0.3084,0.6126,0.3261,-0.4367,C,0.1803,0.322-0.622,0.507,0.307,0.101
1300,263187,-19.58,14,92.9,0.6838,0.1846,0.7301,0.2934,0.4145,0.2881,0.7751,0.4357,-0.2355,C,0.161,0.322-0.622,0.507,0.307,0.101
1301,263202,-8.08,15,100.0,0.6564,0.1937,0.6816,0.2729,0.4034,0.7551,0.8469,0.4166,-0.1816,C,0.1533,0.322-0.622,0.507,0.307,0.101
1302,263251,-20.03,49,93.9,0.4711,0.2305,0.5199,0.4948,0.787,1.0966,0.9013,0.2991,-0.47,C,0.1518,0.322-0.622,0.507,0.307,0.101
1303,263266,-22.09,15,86.7,0.7151,0.1447,0.8008,0.2449,0.3424,0.3374,0.5637,0.3821,-0.1737,C,0.1777,0.322-0.622,0.507,0.307,0.101
1304,263282,-14.13,16,81.2,0.5926,0.2026,0.7806,0.3114,0.4108,0.5817,0.6961,0.4413,-0.2684,C,0.1733,0.322-0.622,0.507,0.307,0.101
1305,263297,-22.57,15,100.0,0.9844,0.0581,0.7062,0.2861,0.4409,0.0325,0.2865,0.4345,-0.2046,C,0.223,0.322-0.622,0.507,0.307,0.101
1306,263311,-23.63,14,100.0,0.6334,0.1934,0.7621,0.2584,0.3717,0.9023,0.8514,0.4163,-0.1948,C,0.187,0.322-0.622,0.507,0.307,0.101
1307,263325,-18.58,14,100.0,0.6913,0.1913,0.7822,0.3215,0.411,0.4396,0.8071,0.4595,-0.3034,C,0.1968,0.322-0.622,0.507,0.307,0.101
1308,263340,-9.92,15,93.3,0.7247,0.171,0.8545,0.1194,0.3265,0.5575,0.7192,0.419,-0.0431,C,0.1703,0.322-0.622,0.507,0.307,0.101
1309,263356,-29.88,16,93.8,0.7001,0.1999,0.6872,0.3871,0.4535,0.3345,0.8242,0.4645,-0.3764,C,0.2075,0.322-0.622,0.507,0.307,0.101
1310,263456,1.49,100,99.0,0.5968,0.2033,0.429,0.4646,0.8849,0.7006,0.8601,0.3889,-0.4081,C,0.2151,0.322-0.622,0.507,0.307,0.101
1311,263556,61.31,100,94.0,0.4147,0.2194,0.4791,0.519,0.8511,1.7926,0.8637,0.4455,-0.5163,C,0.234,0.322-0.622,0.508,0.308,0.101
1312,263571,-19.26,15,100.0,0.7398,0.1542,0.7082,0.2613,0.4227,0.2522,0.702,0.47,-0.1939,C,0.2454,0.322-0.622,0.508,0.308,0.101
1313,263611,-37.36,40,97.5,0.5441,0.2121,0.5612,0.5091,0.7327,1.0273,0.8783,0.4198,-0.5427,C,0.2268,0.322-0.622,0.508,0.308,0.101
1314,263632,-24.53,21,85.7,0.7034,0.1948,0.5949,0.4152,0.493,0.2774,0.7424,0.4222,-0.351,C,0.2204,0.322-0.622,0.508,0.308,0.101
1315,263708,-65.38,76,98.7,0.6687,0.1819,0.446,0.509,0.8599,0.3384,0.8058,0.434,-0.5169,C,0.1879,0.322-0.622,0.508,0.308,0.101
1316,263725,-35.18,17,88.2,0.7476,0.1784,0.6968,0.4079,0.4109,0.2534,0.6846,0.4701,-0.3953,C,0.1729,0.322-0.622,0.508,0.308,0.101
1317,263740,-26.35,15,80.0,0.8118,0.1163,0.7135,0.3552,0.4127,0.1179,0.4376,0.4864,-0.3764,C,0.1516,0.322-0.622,0.508,0.308,0.101
1318,263754,-17.94,14,100.0,0.9991,0.0623,0.7492,0.2638,0.4233,0.0208,0.3047,0.4633,-0.1812,C,0.1933,0.322-0.622,0.508,0.308,0.101
1319,263803,-56.59,49,100.0,0.7736,0.168,0.5297,0.4975,0.8054,0.1379,0.7589,0.3972,-0.49,C,0.2481,0.322-0.622,0.508,0.308,0.101
1320,263962,-61.51,159,100.0,0.5342,0.1757,0.4501,0.56,0.9262,1.0711,0.7497,0.462,-0.5737,C,0.2312,0.322-0.622,0.508,0.308,0.101
1321,263976,-15.86,14,100.0,0.8907,0.1092,0.7222,0.3075,0.3918,0.068,0.5136,0.4645,-0.2544,C,0.2014,0.322-0.622,0.509,0.309,0.101
1322,263991,-16.03,15,86.7,0.7121,0.1668,0.6975,0.2948,0.3713,0.2536,0.6644,0.435,-0.2301,C,0.1892,0.322-0.622,0.509,0.309,0.101
1323,264060,-28.4,69,94.2,0.478,0.1972,0.5202,0.5258,0.8444,1.1866,0.8237,0.2633,-0.5178,C,0.2154,0.322-0.622,0.509,0.309,0.101
1324,264075,-12.2,15,93.3,0.7714,0.13,0.8023,0.1986,0.3393,0.2339,0.5545,0.3787,-0.1127,C,0.1965,0.322-0.622,0.509,0.309,0.101
1325,264097,-27.74,22,81.8,0.6298,0.1894,0.6497,0.3886,0.3814,0.7894,0.6662,0.4154,-0.3118,C,0.2123,0.322-0.622,0.509,0.309,0.101
1326,264111,-14.99,14,85.7,0.7858,0.1078,0.8066,0.259,0.3955,0.0952,0.4357,0.486,-0.2168,C,0.1665,0.322-0.622,0.509,0.309,0.101
1327,264126,-12.0,15,100.0,0.6523,0.2024,0.762,0.2758,0.4002,0.6262,0.8785,0.4848,-0.2278,C,0.2388,0.322-0.622,0.509,0.309,0.101
1328,264140,-4.99,14,100.0,0.8601,0.1403,0.7772,0.2109,0.4096,0.1004,0.6543,0.453,-0.1227,C,0.1965,0.322-0.622,0.509,0.309,0.101
1329,264157,-12.98,17,100.0,0.7477,0.1935,0.5747,0.3056,0.4962,0.2763,0.8541,0.4755,-0.2029,C,0.2297,0.322-0.622,0.509,0.309,0.101
1330,264233,100.63,76,98.7,0.328,0.2043,0.517,0.4802,0.8696,2.3369,0.8858,0.4008,-0.4508,C,0.2111,0.322-0.622,0.509,0.309,0.102
1331,264247,-5.7,14,85.7,0.5242,0.2203,0.8185,0.1794,0.3241,1.0752,0.7667,0.4193,-0.1463,C,0.2428,0.322-0.622,0.509,0.309,0.102
1332,264262,-28.84,15,100.0,1.0481,0.0587,0.6978,0.3471,0.4257,0.0217,0.2984,0.4645,-0.2957,C,0.2087,0.322-0.622,0.509,0.309,0.102
1333,264328,2.06,66,92.4,0.4885,0.2116,0.5261,0.4929,0.7997,1.3038,0.8126,0.4091,-0.4836,C,0.2154,0.322-0.622,0.509,0.309,0.102
1334,264342,-20.24,14,92.9,0.6416,0.1755,0.838,0.2181,0.3779,0.4166,0.7092,0.3962,-0.1299,C,0.2176,0.322-0.622,0.509,0.309,0.102
1335,264403,-13.17,61,91.8,0.4684,0.2368,0.5566,0.4619,0.6855,1.1996,0.88,0.378,-0.4483,C,0.2325,0.322-0.622,0.509,0.309,0.102
1336,264449,2.0,46,91.3,0.4516,0.2144,0.5257,0.4708,0.6982,1.4196,0.8429,0.3854,-0.4351,C,0.2375,0.322-0.622,0.51,0.31,0.102
1337,264465,-16.15,16,87.5,0.6769,0.1541,0.7372,0.2581,0.4298,0.2838,0.603,0.4117,-0.2037,C,0.1759,0.322-0.622,0.51,0.31,0.102
1338,264479,-25.12,14,100.0,0.6055,0.2118,0.7752,0.2996,0.3867,1.007,0.8794,0.4148,-0.2439,C,0.1776,0.322-0.622,0.51,0.31,0.102
1339,264497,-21.65,18,100.0,0.6739,0.1927,0.7062,0.3826,0.4828,0.4649,0.8356,0.4628,-0.3546,C,0.1759,0.322-0.622,0.51,0.31,0.102
1340,264512,-16.48,15,100.0,0.6851,0.1788,0.7125,0.3409,0.4153,0.4451,0.7905,0.4875,-0.3041,C,0.1918,0.322-0.622,0.51,0.31,0.102
1341,264540,-15.8,28,89.3,0.818,0.1217,0.5534,0.3195,0.6466,0.0932,0.4966,0.4265,-0.2211,C,0.2167,0.322-0.622,0.51,0.31,0.102
1342,264554,-17.89,14,100.0,0.7127,0.1648,0.8809,0.1356,0.3209,0.7462,0.7383,0.4283,-0.0689,C,0.2285,0.322-0.622,0.51,0.31,0.102
1343,264599,-39.71,45,84.4,0.5519,0.1351,0.5994,0.4542,0.7826,0.9135,0.5147,0.2385,-0.4527,C,0.2024,0.322-0.622,0.51,0.31,0.102
1344,264613,-16.85,14,92.9,0.7847,0.1334,0.8247,0.1818,0.345,0.2033,0.5696,0.4207,-0.1041,C,0.2235,0.322-0.622,0.51,0.31,0.102
1345,264628,-16.85,15,86.7,0.9769,0.053,0.8065,0.2427,0.394,0.0145,0.2444,0.4679,-0.2032,C,0.2299,0.322-0.622,0.51,0.31,0.102
1346,264643,-4.82,15,100.0,0.6703,0.1895,0.6888,0.2672,0.37,0.5922,0.8123,0.4781,-0.1904,C,0.2164,0.322-0.622,0.51,0.31,0.102
1347,264658,-8.72,15,100.0,0.7212,0.1513,0.7158,0.266,0.4204,0.3758,0.6862,0.4399,-0.1659,C,0.176,0.322-0.622,0.51,0.31,0.102
1348,264673,-8.14,15,73.3,0.6865,0.1931,0.8469,0.1761,0.3297,0.2271,0.6233,0.4242,-0.1254,C,0.2107,0.322-0.622,0.51,0.31,0.102
1349,264687,-29.68,14,78.6,0.9337,0.0716,0.7838,0.2789,0.3852,0.0267,0.265,0.406,-0.2416,C,0.1615,0.322-0.622,0.51,0.31,0.102
1350,264701,-16.13,14,100.0,0.8083,0.1474,0.8335,0.1761,0.3772,0.3974,0.6567,0.4522,-0.1215,C,0.1917,0.322-0.622,0.51,0.31,0.102
1351,264716,-35.55,15,86.7,0.699,0.1602,0.7754,0.3259,0.3801,0.2625,0.6236,0.4506,-0.306,C,0.2218,0.322-0.622,0.51,0.31,0.102
1352,264730,-22.23,14,100.0,1.0376,0.0585,0.7306,0.3299,0.4521,0.0167,0.2846,0.4688,-0.3162,C,0.2259,0.322-0.622,0.51,0.31,0.102
1353,264847,8.63,117,98.3,0.4061,0.2367,0.4798,0.582,0.9026,1.6613,0.9489,0.4678,-0.6273,C,0.2029,0.322-0.622,0.51,0.31,0.102
1354,264862,-27.09,15,86.7,0.7714,0.1193,0.8069,0.2569,0.3308,0.2278,0.4762,0.434,-0.2038,C,0.2206,0.322-0.622,0.51,0.31,0.102
1355,264877,-20.18,15,100.0,0.7673,0.1488,0.6895,0.2515,0.3943,0.4114,0.6723,0.4874,-0.2029,C,0.1735,0.322-0.622,0.51,0.31,0.102
1356,264891,-12.56,14,92.9,0.8112,0.1265,0.7512,0.2276,0.3846,0.1296,0.5593,0.4145,-0.1634,C,0.1673,0.322-0.622,0.51,0.31,0.102
1357,264946,-48.3,55,96.4,0.8032,0.1803,0.4843,0.4736,0.7699,0.1963,0.7613,0.4284,-0.4343,C,0.1627,0.322-0.622,0.511,0.311,0.102
1358,264961,-7.73,15,100.0,0.8451,0.1511,0.7364,0.2778,0.43,0.1179,0.7026,0.4532,-0.1738,C,0.2148,0.322-0.622,0.511,0.311,0.102
1359,264977,-19.02,16,87.5,0.8464,0.1238,0.6558,0.3215,0.4585,0.0798,0.512,0.4531,-0.262,C,0.2003,0.322-0.622,0.511,0.311,0.102
1360,264991,-1.52,14,92.9,0.6957,0.1566,0.8602,0.1279,0.3087,0.615,0.6586,0.4323,-0.0423,C,0.2237,0.322-0.622,0.511,0.311,0.102
1361,265006,-25.33,15,60.0,0.8999,0.0909,0.8699,0.166,0.3222,0.0211,0.2674,0.3913,-0.1093,C,0.2301,0.322-0.622,0.511,0.311,0.102
1362,265022,-24.95,16,100.0,0.7108,0.1766,0.7463,0.3675,0.431,0.4412,0.7665,0.476,-0.364,C,0.1566,0.322-0.622,0.511,0.311,0.102
1363,265038,-22.87,16,100.0,0.6119,0.1743,0.6745,0.3783,0.42,0.8164,0.774,0.4663,-0.3769,C,0.1679,0.322-0.622,0.511,0.311,0.102
1364,265052,-14.82,14,100.0,0.5816,0.1936,0.7551,0.2922,0.4296,0.9274,0.8425,0.4372,-0.274,C,0.1696,0.322-0.622,0.511,0.311,0.102
1365,265066,-27.16,14,100.0,0.6412,0.2083,0.7784,0.314,0.4005,0.7798,0.8739,0.4618,-0.287,C,0.2026,0.322-0.622,0.511,0.311,0.102
1366,265100,-73.05,34,64.7,0.8878,0.0673,0.5409,0.4659,0.7479,0.0274,0.216,0.4748,-0.479,C,0.2033,0.322-0.622,0.511,0.311,0.102
1367,265164,4.55,64,96.9,0.5331,0.2186,0.5374,0.4527,0.817,1.0305,0.8572,0.4366,-0.4285,C,0.203,0.322-0.622,0.511,0.311,0.102
1368,265248,14.91,84,97.6,0.4983,0.2267,0.4784,0.4949,0.8856,1.09,0.8904,0.4368,-0.4683,C,0.208,0.322-0.622,0.511,0.311,0.102
1369,265265,-13.86,17,82.4,0.7344,0.1411,0.7312,0.2544,0.3408,0.2445,0.5119,0.4576,-0.1439,C,0.2487,0.322-0.622,0.511,0.311,0.102
1370,265323,-55.08,58,93.1,0.5659,0.1977,0.5463,0.543,0.8173,0.8796,0.8158,0.3501,-0.556,C,0.2271,0.322-0.622,0.511,0.311,0.102
1371,265337,-25.22,14,100.0,0.7661,0.1842,0.6985,0.2915,0.4089,0.1723,0.853,0.4692,-0.2483,C,0.2363,0.322-0.622,0.511,0.311,0.102
1372,265428,-11.79,91,92.3,0.7118,0.1683,0.4429,0.4189,0.8671,0.3505,0.7053,0.3893,-0.331,C,0.165,0.322-0.622,0.512,0.312,0.102
1373,265442,-18.05,14,100.0,0.7599,0.1659,0.8277,0.1989,0.382,0.3719,0.7446,0.4355,-0.1431,C,0.1864,0.322-0.622,0.512,0.312,0.102
1374,265463,-16.7,21,85.7,0.5031,0.2323,0.6248,0.3588,0.4555,1.1938,0.7783,0.3866,-0.2661,C,0.2097,0.322-0.622,0.512,0.312,0.102
1375,265477,-11.66,14,100.0,0.7476,0.1842,0.7851,0.285,0.422,0.1872,0.8332,0.4871,-0.2528,C,0.2315,0.322-0.622,0.512,0.312,0.102
1376,265491,-0.37,14,100.0,0.6603,0.1891,0.8424,0.1126,0.3518,0.8311,0.8296,0.4528,-0.038,C,0.2106,0.322-0.622,0.512,0.312,0.102
1377,265513,-24.53,22,81.8,0.9128,0.0781,0.5699,0.3801,0.6086,0.0436,0.3019,0.4622,-0.2894,C,0.2289,0.322-0.622,0.512,0.312,0.102
1378,265543,-19.16,30,96.7,0.5802,0.2258,0.5477,0.4085,0.6465,0.8221,0.9215,0.4639,-0.3703,C,0.2477,0.322-0.622,0.512,0.312,0.102
1379,265559,-20.98,16,100.0,0.768,0.1482,0.7091,0.3683,0.3839,0.1983,0.6873,0.4819,-0.3313,C,0.2491,0.322-0.622,0.512,0.312,0.102
1380,265582,-25.41,23,87.0,0.6266,0.1803,0.625,0.4144,0.5334,0.4829,0.6909,0.4523,-0.3931,C,0.1926,0.322-0.622,0.512,0.312,0.102
1381,265597,-19.88,15,73.3,0.8747,0.117,0.7113,0.263,0.4317,0.0499,0.405,0.4072,-0.171,C,0.1586,0.322-0.622,0.512,0.312,0.102
1382,265611,-17.91,14,100.0,0.7965,0.1491,0.8074,0.169,0.3621,0.3049,0.6665,0.4457,-0.1146,C,0.1742,0.322-0.622,0.512,0.312,0.102
1383,265626,-8.94,15,100.0,0.5512,0.2061,0.7234,0.2907,0.4009,1.1185,0.9032,0.3915,-0.2531,C,0.2255,0.322-0.622,0.512,0.312,0.102
1384,265644,-12.12,18,100.0,0.5737,0.2167,0.6302,0.3882,0.4904,0.9522,0.8973,0.4662,-0.3312,C,0.2342,0.322-0.622,0.512,0.312,0.102
1385,265778,-55.07,134,99.3,0.5734,0.1995,0.4582,0.5374,0.9021,0.7998,0.8606,0.384,-0.5363,C,0.2421,0.322-0.622,0.512,0.312,0.102
1386,265849,-25.34,71,97.2,0.6771,0.186,0.4386,0.4588,0.8294,0.4547,0.7581,0.4441,-0.3998,C,0.2015,0.322-0.622,0.513,0.313,0.102
1387,265863,-7.79,14,100.0,0.692,0.1768,0.7914,0.1951,0.3756,0.8236,0.7609,0.4171,-0.1094,C,0.2259,0.322-0.622,0.513,0.313,0.102
1388,265877,-14.6,14,85.7,0.9443,0.0653,0.7662,0.2109,0.4168,0.0244,0.2674,0.4524,-0.1521,C,0.2376,0.322-0.622,0.513,0.313,0.102
1389,265891,-7.73,14,100.0,0.8354,0.1505,0.7887,0.2196,0.3853,0.1119,0.6996,0.465,-0.1447,C,0.207,0.322-0.622,0.513,0.313,0.102
1390,265905,-19.71,14,92.9,0.6023,0.2209,0.7368,0.2935,0.4165,0.6236,0.8434,0.4683,-0.2463,C,0.1772,0.322-0.622,0.513,0.313,0.102
1391,265930,-33.37,25,88.0,0.5519,0.2218,0.5817,0.5161,0.5648,0.8235,0.7996,0.472,-0.5417,C,0.1818,0.322-0.622,0.513,0.313,0.102
1392,265944,-14.59,14,100.0,0.6699,0.1784,0.7273,0.2648,0.4043,0.5159,0.7751,0.4533,-0.2087,C,0.2042,0.322-0.622,0.513,0.313,0.102
1393,265958,-15.34,14,92.9,0.5773,0.2037,0.8398,0.1761,0.3141,1.0479,0.812,0.4483,-0.0833,C,0.1688,0.322-0.622,0.513,0.313,0.102
1394,265992,-22.3,34,91.2,0.62,0.2108,0.5591,0.4539,0.7086,0.5596,0.8032,0.4235,-0.4285,C,0.1617,0.322-0.622,0.513,0.313,0.102
1395,266214,353.13,222,97.7,0.2235,0.2241,0.4265,0.5384,0.9265,2.8854,0.8509,0.371,-0.5445,C,0.2358,0.322-0.622,0.513,0.313,0.102
1396,266229,-25.91,15,66.7,1.0806,0.013,0.7048,0.2868,0.4282,0.0039,0.0953,0.4082,-0.2153,C,0.1682,0.322-0.622,0.513,0.313,0.102
1397,266245,-15.99,16,100.0,0.505,0.2111,0.6316,0.366,0.4203,1.3232,0.8916,0.4791,-0.2778,C,0.1903,0.322-0.622,0.513,0.313,0.102
1398,266261,-6.96,16,100.0,0.4908,0.2245,0.7271,0.3459,0.4529,1.4876,0.8991,0.4241,-0.3252,C,0.2392,0.322-0.622,0.513,0.313,0.102
1399,266275,-21.13,14,78.6,0.8799,0.0671,0.8126,0.1936,0.3762,0.0336,0.2688,0.4602,-0.1128,C,0.2174,0.322-0.622,0.513,0.313,0.102
1400,266289,-13.58,14,57.1,1.0923,0.0536,0.8049,0.1911,0.3994,0.0019,0.1519,0.4587,-0.1162,C,0.2019,0.322-0.622,0.513,0.313,0.102
1401,266313,-35.17,24,83.3,0.7679,0.1284,0.5789,0.3738,0.5341,0.1221,0.4982,0.4523,-0.309,C,0.1882,0.322-0.622,0.514,0.314,0.102
1402,266329,-18.18,16,100.0,0.594,0.2149,0.659,0.358,0.4612,0.9966,0.8867,0.4715,-0.3094,C,0.1885,0.322-0.622,0.514,0.314,0.102
1403,266344,-20.46,15,93.3,0.6791,0.2123,0.6926,0.3461,0.4108,0.3613,0.8531,0.4514,-0.3087,C,0.2133,0.322-0.622,0.514,0.314,0.102
1404,266361,-24.77,17,82.4,0.5656,0.2201,0.6791,0.4174,0.3973,0.6758,0.7401,0.415,-0.4064,C,0.2236,0.322-0.622,0.514,0.314,0.102
1405,266374,-10.82,13,100.0,0.6919,0.1937,0.8585,0.1599,0.3648,0.3159,0.8656,0.4787,-0.11,C,0.2158,0.322-0.622,0.514,0.314,0.102
1406,266391,-3.35,17,88.2,0.4268,0.2281,0.7507,0.3377,0.4598,1.6772,0.7586,0.4509,-0.3005,C,0.2047,0.322-0.622,0.514,0.314,0.102
1407,266408,-12.85,17,94.1,0.5319,0.2289,0.679,0.3023,0.478,1.0884,0.8639,0.475,-0.2608,C,0.1798,0.322-0.622,0.514,0.314,0.102
1408,266423,-11.24,15,100.0,0.6345,0.2161,0.7231,0.297,0.4306,0.7503,0.8469,0.449,-0.2091,C,0.1826,0.322-0.622,0.514,0.314,0.102
1409,266443,-46.55,20,0.0,0.0,0.0,0.65,0.3344,0.5714,0.0,0.0,0.4354,-0.2873,C,0.2081,0.322-0.622,0.514,0.314,0.102
1410,266457,-18.09,14,85.7,0.8783,0.0644,0.7966,0.273,0.3734,0.041,0.2836,0.462,-0.2317,C,0.1775,0.322-0.622,0.514,0.314,0.102
1411,266472,-39.53,15,100.0,0.7125,0.1845,0.7707,0.4037,0.3741,0.3014,0.827,0.4716,-0.4355,C,0.1788,0.322-0.622,0.514,0.314,0.102
1412,266487,-7.79,15,86.7,0.919,0.0796,0.7968,0.2036,0.3512,0.0333,0.3452,0.4644,-0.0952,C,0.185,0.322-0.622,0.514,0.314,0.102
1413,266502,-8.29,15,86.7,0.7207,0.1507,0.8127,0.1718,0.3642,0.2207,0.5907,0.4507,-0.0966,C,0.1594,0.322-0.622,0.514,0.314,0.102
1414,266516,-24.18,14,100.0,0.701,0.1656,0.7848,0.2867,0.3747,0.8059,0.7429,0.4297,-0.2592,C,0.16,0.322-0.622,0.514,0.314,0.102
1415,266538,-16.82,22,95.5,0.5264,0.2287,0.6352,0.3704,0.5292,1.2145,0.8613,0.4563,-0.342,C,0.1787,0.322-0.622,0.514,0.314,0.102
1416,266553,-12.9,15,100.0,0.6556,0.1928,0.7239,0.3164,0.3657,0.6317,0.8425,0.4534,-0.2727,C,0.1796,0.322-0.622,0.514,0.314,0.102
1417,266567,-16.34,14,100.0,1.0581,0.0449,0.8506,0.1665,0.4085,0.009,0.2353,0.434,-0.0915,C,0.2487,0.322-0.622,0.514,0.314,0.102
1418,266583,-30.25,16,100.0,0.6871,0.1942,0.6977,0.3538,0.4058,0.3866,0.8611,0.4706,-0.3334,C,0.2321,0.322-0.622,0.514,0.314,0.102
1419,266598,-21.74,15,100.0,0.965,0.0967,0.7437,0.2846,0.4572,0.0394,0.4546,0.4277,-0.1871,C,0.19,0.322-0.622,0.514,0.314,0.102
1420,266719,157.56,121,97.5,0.2686,0.2339,0.4351,0.5419,0.8795,2.6332,0.877,0.4408,-0.543,C,0.1646,0.322-0.622,0.514,0.314,0.102
1421,266735,-31.72,16,87.5,0.9806,0.0635,0.6907,0.3389,0.4145,0.0226,0.279,0.4118,-0.2941,C,0.1906,0.322-0.622,0.514,0.314,0.102
1422,266749,-16.31,14,100.0,0.8325,0.1455,0.6873,0.2929,0.4441,0.1072,0.6799,0.4545,-0.2281,C,0.2389,0.322-0.622,0.514,0.314,0.102
1423,266764,-26.57,15,93.3,0.8405,0.112,0.8003,0.2536,0.3504,0.1717,0.4878,0.4304,-0.2016,C,0.226,0.322-0.622,0.514,0.314,0.102
1424,266778,-6.99,14,100.0,0.6354,0.2164,0.8196,0.1928,0.3794,0.8937,0.8437,0.3854,-0.1309,C,0.1961,0.322-0.622,0.515,0.315,0.102
1425,266829,14.42,51,94.1,0.4809,0.2024,0.4958,0.4277,0.7023,1.3544,0.7953,0.3957,-0.3598,C,0.2164,0.322-0.622,0.515,0.315,0.102
1426,266847,-19.81,18,66.7,0.8083,0.113,0.754,0.275,0.449,0.0664,0.3562,0.4351,-0.2023,C,0.2142,0.322-0.622,0.515,0.315,0.102
1427,266866,-9.35,19,94.7,0.5993,0.2043,0.6235,0.3118,0.478,0.7004,0.8375,0.3562,-0.2124,C,0.1697,0.322-0.622,0.515,0.315,0.102
1428,266880,-18.39,14,92.9,0.6804,0.1704,0.7969,0.2017,0.3683,0.388,0.6928,0.4681,-0.1012,C,0.187,0.322-0.622,0.515,0.315,0.102
1429,266960,-76.67,80,95.0,0.6627,0.1691,0.4628,0.51,0.8736,0.3736,0.7426,0.4393,-0.4995,C,0.1618,0.322-0.622,0.515,0.315,0.102
1430,266974,-19.72,14,85.7,0.9123,0.0808,0.738,0.3073,0.3837,0.0349,0.3269,0.4155,-0.2375,C,0.2196,0.322-0.622,0.515,0.315,0.102
1431,266990,-26.83,16,100.0,0.7002,0.1544,0.7118,0.3521,0.4374,0.6082,0.6716,0.4363,-0.3081,C,0.2154,0.322-0.622,0.515,0.315,0.102
1432,267004,-18.03,14,100.0,0.7174,0.1808,0.7982,0.2108,0.3921,0.4323,0.7856,0.459,-0.1496,C,0.2393,0.322-0.622,0.515,0.315,0.102
1433,267055,-22.77,51,98.0,0.552,0.2207,0.498,0.4901,0.7981,0.8291,0.8163,0.4763,-0.4655,C,0.1582,0.322-0.622,0.515,0.315,0.103
1434,267071,-10.83,16,100.0,0.8814,0.1312,0.7483,0.2253,0.4772,0.0728,0.6255,0.4132,-0.1106,C,0.1896,0.322-0.622,0.515,0.315,0.103
1435,267086,-16.72,15,86.7,0.7457,0.1634,0.747,0.2127,0.3659,0.1776,0.6385,0.4498,-0.1325,C,0.2433,0.322-0.622,0.515,0.315,0.103
1436,267102,-27.45,16,75.0,0.9967,0.0229,0.6311,0.37,0.4268,0.0108,0.1263,0.4351,-0.3146,C,0.1636,0.322-0.622,0.515,0.315,0.103
1437,267145,27.73,43,95.3,0.4459,0.2457,0.5678,0.3707,0.7592,1.3549,0.888,0.3639,-0.3166,C,0.1717,0.322-0.622,0.515,0.315,0.103
1438,267159,-16.92,14,42.9,1.0994,0.0335,0.8609,0.1412,0.348,0.0012,0.0871,0.4285,-0.0571,C,0.1788,0.322-0.622,0.515,0.315,0.103
1439,267174,-30.48,15,100.0,0.8861,0.1297,0.6809,0.3256,0.4293,0.0801,0.606,0.4492,-0.2503,C,0.1555,0.322-0.622,0.515,0.315,0.103
1440,267192,-18.11,18,66.7,0.7972,0.1209,0.7782,0.2339,0.4159,0.1102,0.371,0.455,-0.1642,C,0.2233,0.322-0.622,0.515,0.315,0.103
1441,267214,-14.33,22,90.9,0.7339,0.1228,0.5954,0.3274,0.5557,0.1895,0.52,0.4141,-0.2361,C,0.2311,0.322-0.622,0.515,0.315,0.103
1442,267229,-41.39,15,0.0,0.0,0.0,0.749,0.3342,0.4225,0.0,0.0,0.4355,-0.3284,C,0.1898,0.322-0.622,0.515,0.315,0.103
1443,267243,-32.87,14,92.9,0.9332,0.0686,0.783,0.3516,0.4107,0.0237,0.315,0.4774,-0.3206,C,0.1949,0.322-0.622,0.516,0.316,0.103
1444,267257,-22.81,14,100.0,0.7315,0.1597,0.7867,0.256,0.378,0.5767,0.7121,0.4632,-0.1817,C,0.1897,0.322-0.622,0.516,0.316,0.103
1445,267354,25.06,97,99.0,0.4445,0.202,0.4367,0.5324,0.8969,1.5478,0.8606,0.4155,-0.5348,C,0.213,0.322-0.622,0.516,0.316,0.103
1446,267368,-13.07,14,92.9,0.7105,0.1503,0.8122,0.2184,0.3554,0.3374,0.6137,0.428,-0.1609,C,0.1964,0.322-0.622,0.516,0.316,0.103
1447,267383,-7.18,15,100.0,0.6972,0.204,0.7086,0.2767,0.4507,0.3836,0.8571,0.4837,-0.1772,C,0.2255,0.322-0.622,0.516,0.316,0.103
1448,267397,-3.12,14,92.9,0.6729,0.1716,0.87,0.1218,0.3124,0.6794,0.7125,0.4301,-0.0445,C,0.1855,0.322-0.622,0.516,0.316,0.103
1449,267412,-37.77,15,26.7,1.2735,0.0115,0.7212,0.2835,0.3712,0.0001,0.0371,0.4095,-0.2459,C,0.1978,0.322-0.622,0.516,0.316,0.103
1450,267426,-16.68,14,100.0,0.7684,0.1471,0.8511,0.1641,0.3543,0.5045,0.6622,0.4464,-0.0899,C,0.2478,0.322-0.622,0.516,0.316,0.103
1451,267475,-4.32,49,79.6,0.4419,0.1738,0.5584,0.3762,0.7522,1.0836,0.5565,0.2581,-0.3277,C,0.1924,0.322-0.622,0.516,0.316,0.103
1452,267492,-15.58,17,88.2,0.7846,0.1187,0.7467,0.2707,0.3709,0.3784,0.4798,0.4378,-0.1794,C,0.1997,0.322-0.622,0.516,0.316,0.103
1453,267507,-16.77,15,93.3,0.9309,0.0827,0.7764,0.2745,0.4371,0.0381,0.365,0.4183,-0.245,C,0.1591,0.322-0.622,0.516,0.316,0.103
1454,267523,-21.66,16,75.0,0.9019,0.102,0.811,0.2149,0.4137,0.024,0.3602,0.4468,-0.1668,C,0.2401,0.322-0.622,0.516,0.316,0.103
1455,267537,-14.74,14,100.0,0.6709,0.1987,0.7025,0.3297,0.4318,0.4783,0.8608,0.4833,-0.2842,C,0.2362,0.322-0.622,0.516,0.316,0.103
1456,267551,-14.32,14,92.9,0.807,0.1291,0.8176,0.2036,0.349,0.1242,0.5472,0.4135,-0.1543,C,0.209,0.322-0.622,0.516,0.316,0.103
1457,267567,-2.9,16,100.0,0.6381,0.1997,0.6859,0.2649,0.3841,0.924,0.846,0.4863,-0.1817,C,0.2327,0.322-0.622,0.516,0.316,0.103
1458,267582,-16.68,15,86.7,0.7213,0.1619,0.7473,0.3075,0.3992,0.2063,0.6585,0.4715,-0.2762,C,0.1751,0.322-0.622,0.516,0.316,0.103
1459,267676,36.42,94,96.8,0.424,0.1879,0.4859,0.4836,0.8722,1.5772,0.7408,0.3873,-0.4641,C,0.1655,0.322-0.622,0.516,0.316,0.103
1460,267749,125.67,73,95.9,0.3164,0.2273,0.4967,0.4173,0.8203,2.3223,0.8002,0.3984,-0.3459,C,0.1672,0.322-0.622,0.517,0.317,0.103
1461,267809,-21.71,60,96.7,0.4917,0.2248,0.4958,0.5054,0.8233,1.0769,0.9166,0.4136,-0.4989,C,0.2025,0.322-0.622,0.517,0.317,0.103
1462,267824,-3.26,15,100.0,0.562,0.2171,0.6915,0.2881,0.4443,1.0826,0.9226,0.4292,-0.2048,C,0.206,0.322-0.622,0.517,0.317,0.103
1463,267841,-30.41,17,100.0,0.5259,0.2197,0.6743,0.4317,0.4901,1.2003,0.9199,0.4382,-0.4863,C,0.2299,0.322-0.622,0.517,0.317,0.103
1464,267856,-23.87,15,93.3,0.5848,0.2042,0.7119,0.4242,0.395,0.8249,0.8268,0.4855,-0.4417,C,0.1783,0.322-0.622,0.517,0.317,0.103
1465,267870,-10.18,14,100.0,0.5353,0.227,0.7145,0.2982,0.4218,1.0843,0.9309,0.4748,-0.2539,C,0.1892,0.322-0.622,0.517,0.317,0.103
1466,267886,-22.09,16,87.5,0.8281,0.1227,0.736,0.321,0.4644,0.0777,0.5045,0.4838,-0.2559,C,0.1973,0.322-0.622,0.517,0.317,0.103
1467,267901,-19.11,15,73.3,0.9015,0.0741,0.8263,0.1663,0.3514,0.0229,0.2644,0.4207,-0.0756,C,0.2131,0.322-0.622,0.517,0.317,0.103
1468,267918,-26.33,17,88.2,0.8758,0.0978,0.6651,0.3504,0.4585,0.0465,0.4068,0.4353,-0.3186,C,0.2212,0.322-0.622,0.517,0.317,0.103
1469,268012,2.25,94,98.9,0.4198,0.2084,0.4919,0.5897,0.8892,1.8028,0.8744,0.4578,-0.6404,C,0.2097,0.322-0.622,0.517,0.317,0.103
1470,268026,-6.41,14,100.0,0.5885,0.2055,0.7998,0.2029,0.4183,1.0418,0.871,0.4439,-0.1462,C,0.2445,0.322-0.622,0.517,0.317,0.103
1471,268073,-39.83,47,100.0,0.5929,0.2122,0.5472,0.4748,0.7674,0.8116,0.7423,0.3963,-0.4714,C,0.2459,0.322-0.622,0.517,0.317,0.103
1472,268088,-9.43,15,93.3,0.5673,0.2204,0.6734,0.2983,0.4168,0.9078,0.847,0.4596,-0.2535,C,0.1895,0.322-0.622,0.517,0.317,0.103
1473,268102,-28.13,14,100.0,0.8153,0.1621,0.7395,0.3402,0.4148,0.1219,0.7604,0.4857,-0.3233,C,0.2406,0.322-0.622,0.517,0.317,0.103
1474,268118,-23.98,16,75.0,0.9403,0.0735,0.7334,0.3146,0.4589,0.0305,0.2612,0.4429,-0.2582,C,0.249,0.322-0.622,0.517,0.317,0.103
1475,268135,-17.05,17,100.0,0.5345,0.2241,0.5784,0.358,0.4392,1.109,0.9015,0.48,-0.2624,C,0.2269,0.322-0.622,0.517,0.317,0.103
1476,268153,-28.36,18,83.3,0.721,0.1749,0.6889,0.3684,0.5003,0.1994,0.6727,0.4102,-0.3312,C,0.2005,0.322-0.622,0.517,0.317,0.103
1477,268174,-16.47,21,100.0,0.8208,0.1512,0.6108,0.3103,0.5584,0.1761,0.6984,0.4436,-0.2349,C,0.1765,0.322-0.622,0.518,0.318,0.103
1478,268189,-18.98,15,93.3,0.6411,0.2123,0.6816,0.4008,0.4366,0.5064,0.8484,0.488,-0.3699,C,0.2194,0.322-0.622,0.518,0.318,0.103
1479,268206,-47.52,17,41.2,1.1404,0.0047,0.6498,0.3596,0.4576,0.0009,0.051,0.3613,-0.375,C,0.1862,0.322-0.622,0.518,0.318,0.103
1480,268231,-32.04,25,88.0,0.9437,0.0497,0.6125,0.3868,0.6511,0.0263,0.2217,0.4017,-0.3207,C,0.2149,0.322-0.622,0.518,0.318,0.103
1481,268245,-10.18,14,100.0,0.7102,0.1614,0.8193,0.2264,0.3719,0.4475,0.7248,0.45,-0.1951,C,0.2027,0.322-0.622,0.518,0.318,0.103
1482,268259,-27.35,14,42.9,1.0344,0.0212,0.833,0.2266,0.4321,0.0044,0.0706,0.4518,-0.2101,C,0.2019,0.322-0.622,0.518,0.318,0.103
1483,268274,-25.25,15,100.0,0.7334,0.1575,0.7529,0.3044,0.4038,0.4976,0.7097,0.4836,-0.2363,C,0.1686,0.322-0.622,0.518,0.318,0.103
1484,268291,-23.79,17,76.5,0.71,0.1772,0.6947,0.3354,0.4531,0.2094,0.6215,0.4257,-0.2389,C,0.1744,0.322-0.622,0.518,0.318,0.103
1485,268306,-34.66,15,86.7,0.9104,0.0809,0.7156,0.3249,0.408,0.0302,0.3386,0.4673,-0.2839,C,0.206,0.322-0.622,0.518,0.318,0.103
1486,268320,-42.65,14,0.0,0.0,0.0,0.7744,0.284,0.3837,0.0,0.0,0.4135,-0.232,C,0.2185,0.322-0.622,0.518,0.318,0.103
1487,268377,-20.85,57,100.0,0.6512,0.2397,0.4806,0.4718,0.8279,0.4178,0.9433,0.4648,-0.4376,C,0.1712,0.322-0.622,0.518,0.318,0.103
1488,268391,-16.14,14,100.0,0.719,0.1759,0.7108,0.2062,0.4518,0.3353,0.8004,0.3797,-0.1471,C,0.173,0.322-0.622,0.518,0.318,0.103
1489,268406,-30.42,15,0.0,0.0,0.0,0.7921,0.2342,0.3582,0.0,0.0,0.4221,-0.1593,C,0.1775,0.322-0.622,0.518,0.318,0.103
1490,268420,-22.11,14,100.0,0.9132,0.1127,0.7792,0.287,0.4368,0.05,0.5263,0.4377,-0.2296,C,0.1894,0.322-0.622,0.518,0.318,0.103
1491,268509,125.07,89,97.8,0.3015,0.2369,0.4843,0.4941,0.848,2.4825,0.9482,0.4612,-0.4772,C,0.1712,0.322-0.622,0.518,0.318,0.103
1492,268524,-18.2,15,100.0,0.696,0.1808,0.7525,0.2216,0.3743,0.6307,0.7978,0.4851,-0.1424,C,0.2378,0.322-0.622,0.518,0.318,0.103
1493,268537,-19.57,13,84.6,0.8133,0.1415,0.8612,0.1819,0.4162,0.1329,0.5584,0.4445,-0.1516,C,0.1952,0.322-0.622,0.518,0.318,0.103
1494,268552,-20.84,15,93.3,0.6503,0.1967,0.6818,0.3037,0.3914,0.4732,0.7905,0.4677,-0.2395,C,0.2059,0.322-0.622,0.518,0.318,0.103
1495,268567,-18.78,15,86.7,0.6062,0.2088,0.7505,0.3482,0.4008,0.6516,0.7496,0.4741,-0.3384,C,0.2384,0.322-0.622,0.518,0.318,0.103
1496,268582,-16.36,15,93.3,0.8738,0.1023,0.687,0.3179,0.4176,0.0615,0.4534,0.4541,-0.2307,C,0.173,0.322-0.622,0.518,0.318,0.103
1497,268691,17.66,109,94.5,0.4714,0.2272,0.4893,0.5384,0.901,1.4473,0.8937,0.4286,-0.5557,C,0.2022,0.322-0.622,0.519,0.319,0.103
1498,268728,-21.25,37,94.6,0.4985,0.2281,0.5634,0.4217,0.7196,0.9713,0.8102,0.3433,-0.429,C,0.1775,0.322-0.622,0.519,0.319,0.103
1499,268742,0.3,14,100.0,0.6651,0.2005,0.8081,0.1567,0.3678,0.4915,0.8833,0.4546,-0.0632,C,0.2046,0.322-0.622,0.519,0.319,0.103
1500,268756,-13.49,14,85.7,0.7487,0.1268,0.7861,0.1954,0.3821,0.1375,0.5073,0.4468,-0.1325,C,0.2018,0.322-0.622,0.519,0.319,0.103
1501,268772,-20.05,16,75.0,0.8459,0.0832,0.7859,0.2538,0.3459,0.0468,0.3079,0.4741,-0.1507,C,0.1955,0.322-0.622,0.519,0.319,0.103
1502,268789,-29.57,17,82.4,0.8731,0.0729,0.726,0.3341,0.439,0.0453,0.3049,0.4812,-0.3051,C,0.1717,0.322-0.622,0.519,0.319,0.103
1503,268803,-36.35,14,0.0,0.0,0.0,0.8197,0.2137,0.3458,0.0,0.0,0.3918,-0.1468,C,0.2265,0.322-0.622,0.519,0.319,0.103
1504,268817,-0.89,14,92.9,0.6984,0.1716,0.8245,0.1337,0.3921,0.3511,0.7125,0.4032,-0.0423,C,0.172,0.322-0.622,0.519,0.319,0.103
1505,268871,6.54,54,96.3,0.4619,0.218,0.5181,0.4571,0.766,1.3631,0.8955,0.4355,-0.4311,C,0.1754,0.322-0.622,0.519,0.319,0.103
1506,268886,-13.48,15,100.0,0.8748,0.1131,0.743,0.2942,0.4191,0.1087,0.5357,0.4544,-0.2109,C,0.1924,0.322-0.622,0.519,0.319,0.103
1507,268904,-15.32,18,77.8,0.7687,0.1267,0.7875,0.2107,0.4244,0.2389,0.4438,0.4826,-0.1372,C,0.2024,0.322-0.622,0.519,0.319,0.103
1508,268980,13.43,76,93.4,0.5278,0.2057,0.4324,0.4459,0.8298,1.0024,0.8357,0.3497,-0.3883,C,0.2339,0.322-0.622,0.519,0.319,0.103
1509,268995,-15.44,15,93.3,0.8237,0.125,0.6984,0.2877,0.4657,0.097,0.5492,0.4473,-0.2027,C,0.1658,0.322-0.622,0.519,0.319,0.103
1510,269022,-15.79,27,100.0,0.6945,0.2189,0.6051,0.3773,0.6621,0.3324,0.9181,0.4353,-0.32,C,0.1846,0.322-0.622,0.519,0.319,0.103
1511,269039,-22.35,17,88.2,0.4488,0.2262,0.6542,0.3844,0.3952,1.48,0.7786,0.4212,-0.3494,C,0.2177,0.322-0.622,0.519,0.319,0.103
1512,269084,-11.7,45,91.1,0.5776,0.1888,0.5699,0.3775,0.7167,0.6467,0.7238,0.3135,-0.3228,C,0.2358,0.322-0.622,0.519,0.319,0.103
1513,269098,-25.22,14,100.0,0.6697,0.18,0.7719,0.2876,0.3956,0.7311,0.7908,0.4727,-0.2894,C,0.2284,0.322-0.622,0.519,0.319,0.103
1514,269112,-4.29,14,100.0,0.7498,0.1533,0.78,0.1911,0.3579,0.381,0.6929,0.443,-0.1035,C,0.2235,0.322-0.622,0.52,0.32,0.103
1515,269127,-15.52,15,100.0,0.6228,0.1709,0.6958,0.3102,0.4202,0.8038,0.7494,0.4778,-0.246,C,0.1689,0.322-0.622,0.52,0.32,0.103
1516,269142,-18.73,15,73.3,0.8306,0.0868,0.7551,0.2049,0.3362,0.0492,0.3077,0.4203,-0.1147,C,0.1659,0.322-0.622,0.52,0.32,0.103
1517,269157,-34.42,15,100.0,0.6619,0.1976,0.6919,0.4198,0.4125,0.4907,0.8607,0.4341,-0.463,C,0.1769,0.322-0.622,0.52,0.32,0.103
1518,269171,-35.02,14,0.0,0.0,0.0,0.8013,0.2212,0.3799,0.0,0.0,0.3968,-0.139,C,0.1571,0.322-0.622,0.52,0.32,0.103
1519,269186,-14.16,15,93.3,0.7233,0.1678,0.7795,0.212,0.3579,0.4976,0.6905,0.4801,-0.1388,C,0.2415,0.322-0.622,0.52,0.32,0.103
1520,269203,-25.48,17,82.4,0.8845,0.091,0.7471,0.2992,0.3721,0.0374,0.3659,0.4751,-0.2187,C,0.2484,0.322-0.622,0.52,0.32,0.103
1521,269289,128.5,86,97.7,0.3405,0.2458,0.4278,0.4758,0.8601,2.1989,0.8885,0.4454,-0.4156,C,0.2394,0.322-0.622,0.52,0.32,0.103
1522,269304,-15.63,15,100.0,0.694,0.1799,0.6968,0.2363,0.3826,0.6439,0.7905,0.4477,-0.1428,C,0.1774,0.322-0.622,0.52,0.32,0.103
1523,269360,-21.02,56,91.1,0.64,0.1855,0.5155,0.4308,0.7548,0.5201,0.7622,0.3217,-0.3774,C,0.194,0.322-0.622,0.52,0.32,0.103
1524,269374,-19.76,14,100.0,0.652,0.1937,0.757,0.2601,0.4059,0.7758,0.8288,0.4773,-0.2239,C,0.249,0.322-0.622,0.52,0.32,0.103
1525,269391,-16.65,17,100.0,0.5644,0.199,0.6019,0.3602,0.4676,1.0043,0.8681,0.385,-0.2649,C,0.1826,0.322-0.622,0.52,0.32,0.103
1526,269407,-25.39,16,100.0,0.538,0.207,0.6935,0.42,0.4622,1.0967,0.905,0.4732,-0.4679,C,0.2395,0.322-0.622,0.52,0.32,0.103
1527,269422,-24.24,15,46.7,1.2028,0.0199,0.6949,0.2589,0.4023,0.0004,0.0754,0.4783,-0.2019,C,0.1969,0.322-0.622,0.52,0.32,0.103
1528,269437,-14.59,15,93.3,0.6567,0.2058,0.7048,0.3161,0.4046,0.477,0.8312,0.4813,-0.3019,C,0.1849,0.322-0.622,0.52,0.32,0.103
1529,269452,-14.14,15,100.0,0.86,0.1271,0.7746,0.237,0.3422,0.2359,0.5837,0.4104,-0.1808,C,0.2217,0.322-0.622,0.52,0.32,0.103
1530,269481,-32.06,29,93.1,0.5423,0.2355,0.5867,0.4787,0.649,0.8713,0.8715,0.4251,-0.487,C,0.1692,0.322-0.622,0.52,0.32,0.103
1531,269495,-35.27,14,0.0,0.0,0.0,0.7852,0.2066,0.3976,0.0,0.0,0.4507,-0.1652,C,0.1723,0.322-0.622,0.52,0.32,0.103
1532,269509,-26.37,14,100.0,0.7875,0.1678,0.7228,0.3324,0.4137,0.1742,0.7742,0.4101,-0.3007,C,0.161,0.322-0.622,0.52,0.32,0.103
1533,269531,-23.04,22,95.5,0.5588,0.2385,0.6584,0.462,0.5996,0.9978,0.8794,0.4283,-0.4547,C,0.2429,0.322-0.622,0.52,0.32,0.103
1534,269575,-49.66,44,90.9,0.7348,0.1635,0.4921,0.4439,0.7171,0.3005,0.6881,0.3407,-0.4049,C,0.2291,0.322-0.622,0.521,0.321,0.103
1535,269589,-19.92,14,85.7,1.0025,0.0546,0.7746,0.2379,0.4379,0.013,0.2418,0.4627,-0.1403,C,0.2004,0.322-0.622,0.521,0.321,0.103
1536,269603,-17.07,14,92.9,0.8296,0.1019,0.8227,0.2554,0.3689,0.1232,0.451,0.4529,-0.2421,C,0.1745,0.322-0.622,0.521,0.321,0.103
1537,269718,-41.09,115,97.4,0.5174,0.205,0.4335,0.5017,0.8954,0.8993,0.881,0.3283,-0.4947,C,0.2458,0.322-0.622,0.521,0.321,0.103
1538,269733,-13.99,15,100.0,0.721,0.1625,0.7247,0.286,0.3777,0.5628,0.7249,0.4279,-0.2389,C,0.2125,0.322-0.622,0.521,0.321,0.103
1539,269747,-11.89,14,100.0,0.6522,0.2121,0.7926,0.2256,0.3777,0.5683,0.9089,0.4509,-0.1453,C,0.2165,0.322-0.622,0.521,0.321,0.103
1540,269768,-15.06,21,95.2,0.5095,0.2354,0.5582,0.4137,0.5992,1.1765,0.8704,0.4607,-0.3754,C,0.1807,0.322-0.622,0.521,0.321,0.103
1541,269783,-9.75,15,80.0,0.8265,0.0964,0.8111,0.179,0.3522,0.0582,0.3664,0.4197,-0.1034,C,0.1691,0.322-0.622,0.521,0.321,0.103
1542,269805,-45.68,22,81.8,0.9983,0.0386,0.5874,0.4222,0.5606,0.0131,0.1746,0.4232,-0.4012,C,0.1882,0.322-0.622,0.521,0.321,0.104
1543,269819,-10.72,14,100.0,0.6196,0.2009,0.8391,0.1866,0.3798,0.9742,0.8476,0.4516,-0.1035,C,0.2097,0.322-0.622,0.521,0.321,0.104
1544,269833,-10.83,14,92.9,0.723,0.1623,0.833,0.1878,0.3447,0.393,0.6731,0.4059,-0.1153,C,0.1539,0.322-0.622,0.521,0.321,0.104
1545,269890,-46.76,57,94.7,0.6662,0.1877,0.5054,0.5011,0.8216,0.3892,0.7925,0.425,-0.4809,C,0.2309,0.322-0.622,0.521,0.321,0.104
1546,269904,-6.05,14,92.9,0.7777,0.1336,0.7851,0.1984,0.3835,0.2004,0.5671,0.4488,-0.1087,C,0.2039,0.322-0.622,0.521,0.321,0.104
1547,269926,-33.14,22,81.8,0.7818,0.1453,0.6717,0.4272,0.5286,0.1328,0.5602,0.4233,-0.408,C,0.1748,0.322-0.622,0.521,0.321,0.104
1548,269940,-7.37,14,100.0,0.7929,0.1327,0.7779,0.2216,0.3811,0.2888,0.6087,0.4576,-0.1328,C,0.1785,0.322-0.622,0.521,0.321,0.104
1549,269962,-29.11,22,81.8,0.7273,0.1711,0.5846,0.4197,0.5446,0.1958,0.6483,0.4506,-0.3734,C,0.2225,0.322-0.622,0.521,0.321,0.104
1550,269979,-40.62,17,47.1,1.2444,0.0045,0.6318,0.3672,0.4401,0.0004,0.0581,0.3887,-0.2997,C,0.1903,0.322-0.622,0.521,0.321,0.104
1551,269993,-30.24,14,64.3,1.0151,0.0088,0.7569,0.2699,0.4197,0.0057,0.0854,0.4395,-0.1972,C,0.1904,0.322-0.622,0.521,0.321,0.104
1552,270007,-37.27,14,100.0,0.5983,0.2093,0.7338,0.4262,0.3824,0.7924,0.9012,0.4322,-0.4927,C,0.2174,0.322-0.622,0.521,0.321,0.104
1553,270082,-21.01,75,94.7,0.4483,0.2265,0.5173,0.5645,0.8307,1.571,0.8909,0.417,-0.6186,C,0.2439,0.322-0.622,0.522,0.322,0.104
1554,270097,-21.39,15,100.0,0.5646,0.2087,0.7685,0.2987,0.4094,1.0475,0.9078,0.447,-0.2944,C,0.2191,0.322-0.622,0.522,0.322,0.104
1555,270111,-9.79,14,78.6,0.7426,0.132,0.8236,0.1886,0.3728,0.13,0.4859,0.4308,-0.1313,C,0.1719,0.322-0.622,0.522,0.322,0.104
1556,270126,-27.94,15,100.0,0.6789,0.1865,0.7079,0.3324,0.3902,0.5489,0.8265,0.4571,-0.3367,C,0.1627,0.322-0.622,0.522,0.322,0.104
1557,270162,1.03,36,94.4,0.6115,0.1952,0.5716,0.3718,0.6946,0.7346,0.8074,0.3742,-0.2983,C,0.1762,0.322-0.622,0.522,0.322,0.104
1558,270176,3.18,14,100.0,0.5042,0.2236,0.7816,0.197,0.4188,1.231,0.8745,0.4564,-0.136,C,0.2097,0.322-0.622,0.522,0.322,0.104
1559,270190,-3.23,14,100.0,0.5459,0.2356,0.8142,0.2204,0.4237,1.0469,0.8922,0.4474,-0.1701,C,0.2143,0.322-0.622,0.522,0.322,0.104
1560,270206,-22.9,16,93.8,0.6861,0.1859,0.6886,0.2916,0.3605,0.5729,0.7689,0.4312,-0.211,C,0.1918,0.322-0.622,0.522,0.322,0.104
1561,270221,-11.1,15,93.3,0.753,0.1798,0.7339,0.2261,0.4396,0.1839,0.7735,0.4035,-0.1095,C,0.1929,0.322-0.622,0.522,0.322,0.104
1562,270236,-19.98,15,100.0,0.599,0.1976,0.6827,0.3446,0.4311,0.8869,0.8442,0.4761,-0.2646,C,0.1984,0.322-0.622,0.522,0.322,0.104
1563,270250,-27.87,14,100.0,0.7854,0.1674,0.755,0.3151,0.4201,0.2181,0.7617,0.4535,-0.2942,C,0.2478,0.322-0.622,0.522,0.322,0.104
1564,270308,-35.83,58,98.3,0.7278,0.2203,0.4993,0.4731,0.8355,0.2407,0.9124,0.4622,-0.44,C,0.1782,0.322-0.622,0.522,0.322,0.104
1565,270323,-7.04,15,93.3,1.1262,0.0133,0.7452,0.1843,0.4238,0.0046,0.1334,0.4148,-0.0812,C,0.1541,0.322-0.622,0.522,0.322,0.104
1566,270337,-31.7,14,92.9,0.6819,0.1828,0.7719,0.3294,0.3911,0.3571,0.7635,0.4325,-0.3438,C,0.1763,0.322-0.622,0.522,0.322,0.104
1567,270351,-25.63,14,92.9,1.0934,0.0143,0.7439,0.2849,0.4426,0.0054,0.1356,0.4498,-0.2052,C,0.208,0.322-0.622,0.522,0.322,0.104
1568,270365,-22.74,14,78.6,0.9059,0.0774,0.7961,0.285,0.4064,0.0436,0.2971,0.4496,-0.2659,C,0.1895,0.322-0.622,0.522,0.322,0.104
1569,270379,-22.43,14,78.6,0.9471,0.052,0.8323,0.2623,0.4148,0.0213,0.2077,0.4528,-0.2714,C,0.216,0.322-0.622,0.522,0.322,0.104
1570,270393,-13.12,14,100.0,0.6189,0.2086,0.8119,0.2888,0.42,0.7393,0.8777,0.4872,-0.2826,C,0.2414,0.322-0.622,0.522,0.322,0.104
1571,270407,-3.21,14,100.0,0.6274,0.2063,0.7896,0.2278,0.3726,0.8098,0.8796,0.4377,-0.1245,C,0.1922,0.322-0.622,0.522,0.322,0.104
1572,270422,-20.1,15,100.0,0.6939,0.1775,0.6953,0.2853,0.4342,0.4793,0.7836,0.4646,-0.2415,C,0.1763,0.322-0.622,0.522,0.322,0.104
1573,270436,-19.66,14,100.0,0.9539,0.0818,0.7733,0.2323,0.415,0.0343,0.3853,0.4635,-0.1825,C,0.2154,0.322-0.622,0.522,0.322,0.104
1574,270450,-14.4,14,100.0,0.6161,0.2156,0.7981,0.3093,0.4262,0.6683,0.9218,0.4727,-0.2815,C,0.1548,0.322-0.622,0.522,0.322,0.104
1575,270537,12.93,87,95.4,0.4707,0.2205,0.4451,0.5082,0.8562,1.3298,0.8968,0.3529,-0.4784,C,0.1699,0.322-0.622,0.523,0.323,0.104
1576,270553,-11.82,16,100.0,0.6653,0.176,0.6189,0.3191,0.4234,0.6538,0.7724,0.4733,-0.2239,C,0.178,0.322-0.622,0.523,0.323,0.104
1577,270632,-67.01,79,100.0,0.5452,0.1835,0.4917,0.5435,0.883,0.8092,0.8398,0.4479,-0.5729,C,0.1694,0.322-0.622,0.523,0.323,0.104
1578,270648,-8.43,16,93.8,0.4265,0.2193,0.6467,0.419,0.4117,1.7569,0.8213,0.4253,-0.3698,C,0.1586,0.322-0.622,0.523,0.323,0.104
1579,270664,-3.66,16,93.8,0.5615,0.2192,0.7042,0.2338,0.3969,1.0775,0.8358,0.4472,-0.1699,C,0.1713,0.322-0.622,0.523,0.323,0.104
1580,270678,-25.6,14,100.0,0.7317,0.1604,0.7898,0.2816,0.4287,0.2484,0.7504,0.4636,-0.2824,C,0.2023,0.322-0.622,0.523,0.323,0.104
1581,270692,-0.67,14,100.0,0.6328,0.1966,0.8073,0.1758,0.3653,0.9216,0.8517,0.4369,-0.0794,C,0.1824,0.322-0.622,0.523,0.323,0.104
1582,270710,-26.82,18,100.0,0.6483,0.2052,0.5966,0.4301,0.533,0.6946,0.8229,0.4462,-0.388,C,0.2064,0.322-0.622,0.523,0.323,0.104
1583,270724,-26.85,14,100.0,0.5591,0.2188,0.806,0.3297,0.4268,1.1238,0.9128,0.453,-0.4052,C,0.1948,0.322-0.622,0.523,0.323,0.104
1584,270740,-9.91,16,81.2,0.8412,0.1215,0.6661,0.2392,0.4899,0.0964,0.4688,0.4453,-0.1401,C,0.1953,0.322-0.622,0.523,0.323,0.104
1585,270825,-4.91,85,97.6,0.4981,0.2038,0.4591,0.5185,0.87,1.2342,0.785,0.4004,-0.5036,C,0.1699,0.322-0.622,0.523,0.323,0.104
1586,270846,0.69,21,95.2,0.5158,0.2359,0.6333,0.3441,0.5804,1.1275,0.8483,0.4239,-0.2851,C,0.2424,0.322-0.622,0.523,0.323,0.104
1587,270907,39.23,61,93.4,0.4146,0.2145,0.5153,0.4595,0.7823,1.8467,0.8579,0.3972,-0.4151,C,0.2108,0.322-0.622,0.523,0.323,0.104
1588,270921,-16.69,14,100.0,0.7165,0.143,0.7601,0.2215,0.416,0.6482,0.6527,0.4237,-0.1406,C,0.2341,0.322-0.622,0.523,0.323,0.104
1589,270935,-8.79,14,92.9,0.667,0.1656,0.8161,0.2064,0.3794,0.3749,0.6915,0.4341,-0.1324,C,0.1764,0.322-0.622,0.523,0.323,0.104
1590,270949,-12.15,14,100.0,0.8675,0.1115,0.7886,0.2328,0.4174,0.1324,0.5218,0.4025,-0.1761,C,0.2365,0.322-0.622,0.523,0.323,0.104
1591,270964,-12.95,15,93.3,0.6849,0.2,0.7477,0.3185,0.4068,0.3596,0.8188,0.4643,-0.2418,C,0.2106,0.322-0.622,0.523,0.323,0.104
1592,270980,-24.35,16,93.8,0.7493,0.1755,0.7005,0.3031,0.3943,0.2759,0.7252,0.371,-0.221,C,0.2027,0.322-0.622,0.524,0.324,0.104
1593,270994,-9.87,14,100.0,0.7686,0.166,0.8419,0.1563,0.3671,0.1637,0.7464,0.4692,-0.0748,C,0.2468,0.322-0.622,0.524,0.324,0.104
1594,271010,-22.06,16,100.0,0.6865,0.2037,0.6866,0.3028,0.3994,0.5254,0.8636,0.4228,-0.2415,C,0.1595,0.322-0.622,0.524,0.324,0.104
1595,271030,-2.82,20,90.0,0.5474,0.2178,0.6293,0.3051,0.5305,0.8412,0.8135,0.4115,-0.2564,C,0.2183,0.322-0.622,0.524,0.324,0.104
1596,271044,-28.16,14,92.9,0.7995,0.1344,0.7339,0.3422,0.3861,0.1111,0.5744,0.3939,-0.3233,C,0.176,0.322-0.622,0.524,0.324,0.104
1597,271059,-43.8,15,13.3,1.2511,0.0039,0.761,0.2915,0.4579,0.0,0.0163,0.3932,-0.2759,C,0.2174,0.322-0.622,0.524,0.324,0.104
1598,271073,-21.15,14,92.9,0.7851,0.1079,0.7542,0.307,0.4112,0.1143,0.474,0.4635,-0.3044,C,0.2369,0.322-0.622,0.524,0.324,0.104
1599,271145,36.69,72,95.8,0.4206,0.1971,0.485,0.46,0.8176,1.6571,0.846,0.3585,-0.4181,C,0.1803,0.322-0.622,0.524,0.324,0.104
1600,271159,-16.2,14,71.4,1.0018,0.0268,0.7854,0.2149,0.4073,0.0086,0.1318,0.4541,-0.1704,C,0.2033,0.322-0.622,0.524,0.324,0.104
1601,271185,-18.2,26,96.2,0.7015,0.1841,0.5687,0.3895,0.6206,0.437,0.7675,0.4735,-0.3094,C,0.2204,0.322-0.622,0.524,0.324,0.104
1602,271200,-4.27,15,100.0,0.6313,0.1908,0.6545,0.2604,0.4244,0.8057,0.8488,0.4732,-0.1545,C,0.191,0.322-0.622,0.524,0.324,0.104
1603,271215,-36.36,15,73.3,1.1648,0.0146,0.7523,0.3286,0.465,0.0026,0.1076,0.4561,-0.3,C,0.1903,0.322-0.622,0.524,0.324,0.104
1604,271233,-22.14,18,94.4,0.755,0.1901,0.6572,0.3693,0.5451,0.2094,0.8034,0.4496,-0.3449,C,0.2025,0.322-0.622,0.524,0.324,0.104
1605,271249,-2.47,16,87.5,0.5936,0.2013,0.7216,0.2041,0.3593,0.9029,0.7611,0.456,-0.0865,C,0.2433,0.322-0.622,0.524,0.324,0.104
1606,271266,-23.57,17,100.0,0.6376,0.1893,0.6216,0.331,0.4779,0.8335,0.8131,0.3864,-0.2602,C,0.1642,0.322-0.622,0.524,0.324,0.104
1607,271283,-14.42,17,100.0,0.6525,0.1918,0.672,0.3689,0.4456,0.8405,0.7889,0.4325,-0.3251,C,0.1826,0.322-0.622,0.524,0.324,0.104
1608,271335,-49.22,52,92.3,0.4305,0.1996,0.5673,0.5452,0.7796,1.4454,0.6663,0.3163,-0.5893,C,0.1744,0.322-0.622,0.524,0.324,0.104
1609,271350,-10.36,15,93.3,0.4606,0.225,0.6416,0.3068,0.4357,1.4481,0.8468,0.4583,-0.243,C,0.2024,0.322-0.622,0.524,0.324,0.104
1610,271365,-16.05,15,100.0,0.809,0.1504,0.7875,0.2816,0.3734,0.3679,0.6719,0.4835,-0.2701,C,0.2111,0.322-0.622,0.524,0.324,0.104
1611,271380,-8.79,15,93.3,0.5573,0.2114,0.7433,0.215,0.3832,1.0239,0.8258,0.4351,-0.1208,C,0.1751,0.322-0.622,0.524,0.324,0.104
1612,271394,-18.56,14,78.6,0.8815,0.0653,0.8093,0.233,0.3774,0.0317,0.2537,0.4299,-0.2088,C,0.1624,0.322-0.622,0.524,0.324,0.104
1613,271409,-16.85,15,93.3,1.0126,0.055,0.7083,0.3,0.4311,0.0168,0.2618,0.4741,-0.2345,C,0.1862,0.322-0.622,0.524,0.324,0.104
1614,271423,-1.36,14,100.0,0.6593,0.2074,0.8199,0.144,0.3878,0.593,0.8653,0.4681,-0.066,C,0.1719,0.322-0.622,0.524,0.324,0.104
1615,271437,-4.38,14,100.0,0.7074,0.1822,0.8484,0.1713,0.3417,0.6186,0.7915,0.4446,-0.0678,C,0.1868,0.322-0.622,0.525,0.325,0.104
1616,271453,-41.6,16,100.0,0.5866,0.1851,0.6895,0.435,0.4043,0.9949,0.8128,0.4509,-0.477,C,0.1868,0.322-0.622,0.525,0.325,0.104
1617,271469,-28.59,16,100.0,0.9013,0.1248,0.6967,0.3782,0.4195,0.1142,0.5859,0.468,-0.3488,C,0.179,0.322-0.622,0.525,0.325,0.104
1618,271484,-2.63,15,100.0,0.6923,0.2,0.8217,0.1689,0.3473,0.6041,0.8434,0.4625,-0.1037,C,0.1562,0.322-0.622,0.525,0.325,0.104
1619,271500,-20.04,16,100.0,0.6263,0.1986,0.6376,0.313,0.4824,0.7665,0.8641,0.4773,-0.2886,C,0.2495,0.322-0.622,0.525,0.325,0.104
1620,271515,-33.29,15,66.7,1.1434,0.0135,0.7675,0.2802,0.4277,0.0019,0.096,0.4516,-0.2439,C,0.2352,0.322-0.622,0.525,0.325,0.104
1621,271531,-13.81,16,100.0,0.8588,0.1469,0.6528,0.3474,0.4384,0.1125,0.688,0.4768,-0.2528,C,0.2342,0.322-0.622,0.525,0.325,0.104
1622,271561,-24.89,30,96.7,0.519,0.234,0.5751,0.5208,0.6957,1.0721,0.911,0.4225,-0.5188,C,0.1777,0.322-0.622,0.525,0.325,0.104
1623,271576,-9.54,15,93.3,0.6447,0.1798,0.7168,0.2493,0.3644,0.5446,0.7346,0.4109,-0.19,C,0.2399,0.322-0.622,0.525,0.325,0.104
1624,271591,-32.13,15,20.0,1.205,0.013,0.8019,0.2065,0.3722,0.0001,0.0285,0.4803,-0.1594,C,0.1999,0.322-0.622,0.525,0.325,0.104
1625,271607,-13.19,16,87.5,0.9937,0.0457,0.7462,0.2175,0.4914,0.0161,0.2151,0.4298,-0.1339,C,0.1844,0.322-0.622,0.525,0.325,0.104
1626,271622,-4.75,15,93.3,0.9354,0.0725,0.7697,0.1839,0.4623,0.0324,0.3185,0.3798,-0.0703,C,0.2002,0.322-0.622,0.525,0.325,0.104
1627,271636,-24.56,14,0.0,0.0,0.0,0.8395,0.1742,0.4031,0.0,0.0,0.3842,-0.1136,C,0.2332,0.322-0.622,0.525,0.325,0.104
1628,271650,-25.01,14,0.0,0.0,0.0,0.7968,0.2121,0.4194,0.0,0.0,0.4469,-0.1428,C,0.2237,0.322-0.622,0.525,0.325,0.104
1629,271664,-17.85,14,100.0,0.612,0.1971,0.7758,0.3335,0.4488,0.9728,0.8388,0.4518,-0.3115,C,0.1884,0.322-0.622,0.525,0.325,0.104
1630,271683,-22.6,19,94.7,0.8247,0.1194,0.675,0.3554,0.5026,0.2435,0.5193,0.4742,-0.3109,C,0.2402,0.322-0.622,0.525,0.325,0.104
1631,271698,-26.49,15,93.3,0.698,0.1817,0.7206,0.2662,0.3574,0.3919,0.7667,0.4291,-0.2451,C,0.2455,0.322-0.622,0.525,0.325,0.104
1632,271740,2.9,42,95.2,0.4329,0.2258,0.503,0.512,0.7061,1.6533,0.8896,0.3837,-0.474,C,0.2433,0.322-0.622,0.525,0.325,0.104
1633,271754,-3.07,14,100.0,0.5474,0.2192,0.6887,0.2614,0.4295,1.0896,0.8792,0.4652,-0.1927,C,0.1557,0.322-0.622,0.525,0.325,0.104
1634,271770,-23.22,16,100.0,0.7602,0.1762,0.6644,0.3883,0.427,0.2627,0.7907,0.448,-0.3165,C,0.1902,0.322-0.622,0.525,0.325,0.104
1635,271784,-19.04,14,100.0,0.7675,0.1468,0.7887,0.2519,0.414,0.2054,0.678,0.4621,-0.1833,C,0.1589,0.322-0.622,0.525,0.325,0.104
1636,271827,-38.35,43,93.0,0.6328,0.2145,0.517,0.4893,0.7293,0.4023,0.8641,0.4233,-0.4622,C,0.223,0.322-0.622,0.525,0.325,0.104
1637,271841,-35.61,14,100.0,1.0303,0.0679,0.7338,0.3964,0.4454,0.0291,0.336,0.4676,-0.3992,C,0.2118,0.322-0.622,0.525,0.325,0.104
1638,271860,-29.14,19,68.4,0.9984,0.0454,0.7142,0.3385,0.4848,0.0134,0.1616,0.4323,-0.2653,C,0.1879,0.322-0.622,0.525,0.325,0.104
1639,271901,-27.18,41,95.1,0.5111,0.2365,0.5648,0.4908,0.6683,1.1791,0.8764,0.4002,-0.5188,C,0.2252,0.322-0.622,0.525,0.325,0.104
1640,271916,-11.83,15,100.0,0.6886,0.2001,0.6877,0.3144,0.3972,0.5306,0.8511,0.4555,-0.2412,C,0.1812,0.322-0.622,0.526,0.326,0.104
1641,271931,-20.07,15,93.3,0.5703,0.2216,0.6561,0.2857,0.4003,0.8501,0.8667,0.434,-0.2421,C,0.1927,0.322-0.622,0.526,0.326,0.104
1642,272017,68.15,86,95.3,0.3965,0.2194,0.4907,0.4966,0.8635,1.7849,0.9124,0.4429,-0.4697,C,0.2363,0.322-0.622,0.526,0.326,0.104
1643,272043,9.39,26,96.2,0.4495,0.2385,0.5795,0.368,0.6189,1.429,0.8872,0.4717,-0.2754,C,0.1731,0.322-0.622,0.526,0.326,0.104
1644,272057,-15.24,14,100.0,0.6302,0.2129,0.7544,0.2285,0.4107,0.6474,0.9184,0.4457,-0.1532,C,0.1988,0.322-0.622,0.526,0.326,0.104
1645,272072,-14.3,15,100.0,0.5377,0.2156,0.74,0.303,0.4222,1.1993,0.886,0.4383,-0.1946,C,0.1636,0.322-0.622,0.526,0.326,0.104
1646,272087,-19.3,15,100.0,0.8078,0.1675,0.7524,0.307,0.4503,0.221,0.7456,0.4578,-0.2096,C,0.1629,0.322-0.622,0.526,0.326,0.104
1647,272101,1.88,14,100.0,0.5269,0.2367,0.8356,0.17,0.4269,1.1356,0.9117,0.4534,-0.0914,C,0.1909,0.322-0.622,0.526,0.326,0.104
1648,272116,-23.73,15,93.3,0.7697,0.1715,0.7057,0.3378,0.4164,0.1773,0.7318,0.4615,-0.27,C,0.1957,0.322-0.622,0.526,0.326,0.104
1649,272131,-5.54,15,100.0,0.6379,0.2047,0.6663,0.2628,0.3893,0.5982,0.8923,0.4776,-0.1692,C,0.1992,0.322-0.622,0.526,0.326,0.104
1650,272148,-19.39,17,88.2,0.693,0.1864,0.6677,0.3602,0.4662,0.3298,0.7345,0.4678,-0.2838,C,0.2217,0.322-0.622,0.526,0.326,0.104
1651,272162,-24.13,14,92.9,0.7659,0.1528,0.7311,0.2696,0.3884,0.1502,0.6514,0.4613,-0.2124,C,0.1944,0.322-0.622,0.526,0.326,0.104
1652,272176,-21.32,14,92.9,1.0777,0.0325,0.7902,0.2447,0.4369,0.0057,0.1827,0.4631,-0.1734,C,0.2131,0.322-0.622,0.526,0.326,0.104
1653,272191,-11.7,15,100.0,0.5642,0.215,0.7032,0.2495,0.4322,1.0385,0.8917,0.4831,-0.1807,C,0.2482,0.322-0.622,0.526,0.326,0.104
1654,272219,-26.71,28,96.4,0.7132,0.1698,0.5864,0.4236,0.6961,0.2336,0.7597,0.4787,-0.4102,C,0.2199,0.322-0.622,0.526,0.326,0.104
1655,272234,-0.85,15,100.0,0.5503,0.2197,0.7642,0.2352,0.4126,1.0897,0.9131,0.4534,-0.1286,C,0.1722,0.322-0.622,0.526,0.326,0.104
1656,272248,-18.23,14,100.0,0.8835,0.116,0.7711,0.2407,0.4199,0.0672,0.5467,0.4542,-0.2021,C,0.2052,0.322-0.622,0.526,0.326,0.104
1657,272265,-19.44,17,88.2,0.8674,0.1138,0.6422,0.3535,0.4846,0.0671,0.4697,0.4756,-0.2732,C,0.2124,0.322-0.622,0.526,0.326,0.104
1658,272281,-17.03,16,93.8,0.8375,0.1342,0.7083,0.3076,0.4758,0.0963,0.5948,0.4481,-0.271,C,0.1583,0.322-0.622,0.526,0.326,0.104
1659,272295,-20.22,14,35.7,1.0826,0.0197,0.8014,0.191,0.3731,0.0017,0.0573,0.4643,-0.0976,C,0.1793,0.322-0.622,0.526,0.326,0.104
1660,272310,-12.88,15,80.0,0.7469,0.1478,0.7846,0.1517,0.3734,0.1383,0.5404,0.429,-0.0573,C,0.1774,0.322-0.622,0.526,0.326,0.104
1661,272325,-14.99,15,86.7,0.799,0.1078,0.7617,0.2783,0.3621,0.0976,0.4382,0.4663,-0.2037,C,0.2101,0.322-0.622,0.526,0.326,0.104
1662,272340,-8.58,15,73.3,0.8177,0.1019,0.8189,0.1755,0.3212,0.0579,0.3532,0.4444,-0.0789,C,0.1584,0.322-0.622,0.526,0.326,0.104
1663,272354,-35.46,14,100.0,1.024,0.0407,0.7486,0.3533,0.412,0.0143,0.2238,0.4347,-0.3441,C,0.1622,0.322-0.622,0.526,0.326,0.104
1664,272369,-18.8,15,100.0,0.791,0.1305,0.7748,0.2194,0.3481,0.7051,0.6057,0.4292,-0.1424,C,0.2418,0.322-0.622,0.527,0.327,0.104
1665,272384,-18.34,15,80.0,0.8794,0.0751,0.6949,0.2865,0.3797,0.0383,0.2992,0.4639,-0.2269,C,0.161,0.322-0.622,0.527,0.327,0.104
1666,272399,-15.17,15,80.0,0.754,0.1355,0.7812,0.2488,0.3464,0.1362,0.498,0.4328,-0.1731,C,0.2033,0.322-0.622,0.527,0.327,0.104
1667,272413,-16.2,14,85.7,0.6465,0.1768,0.8385,0.2042,0.3492,0.3915,0.6754,0.4075,-0.1292,C,0.2172,0.322-0.622,0.527,0.327,0.104
1668,272436,-13.07,23,82.6,0.4663,0.242,0.6414,0.3726,0.5053,1.2588,0.7571,0.4342,-0.3174,C,0.1564,0.322-0.622,0.527,0.327,0.104
1669,272450,-27.07,14,92.9,0.9029,0.0876,0.7811,0.266,0.4339,0.041,0.3825,0.4714,-0.2015,C,0.1554,0.322-0.622,0.527,0.327,0.104
1670,272464,-8.58,14,100.0,0.6388,0.185,0.7892,0.2443,0.4389,0.8224,0.7832,0.4586,-0.1832,C,0.2352,0.322-0.622,0.527,0.327,0.104
1671,272478,-12.19,14,85.7,0.9127,0.0876,0.7961,0.2261,0.4114,0.0422,0.3525,0.4455,-0.1598,C,0.2006,0.322-0.622,0.527,0.327,0.104
1672,272494,-45.38,16,93.8,0.5529,0.2195,0.7317,0.4591,0.3561,1.0484,0.8598,0.4195,-0.5205,C,0.1791,0.322-0.622,0.527,0.327,0.104
1673,272508,-15.5,14,100.0,0.6492,0.2019,0.7382,0.2926,0.4327,0.5433,0.8791,0.4332,-0.1957,C,0.1595,0.322-0.622,0.527,0.327,0.104
1674,272523,-22.8,15,80.0,0.8116,0.1242,0.731,0.2398,0.4243,0.1152,0.4677,0.406,-0.168,C,0.2038,0.322-0.622,0.527,0.327,0.104
1675,272537,-18.82,14,57.1,0.9374,0.0524,0.8017,0.1307,0.3712,0.0135,0.1563,0.4371,-0.0757,C,0.1976,0.322-0.622,0.527,0.327,0.104
1676,272551,-14.38,14,85.7,0.9589,0.0597,0.7612,0.2476,0.4245,0.0206,0.2501,0.4482,-0.172,C,0.2238,0.322-0.622,0.527,0.327,0.104
1677,272565,-8.6,14,100.0,0.618,0.2053,0.6973,0.2542,0.423,0.9376,0.8889,0.4851,-0.1635,C,0.1552,0.322-0.622,0.527,0.327,0.104
1678,272580,-18.5,15,93.3,0.7923,0.1755,0.741,0.3649,0.4302,0.1536,0.7533,0.4634,-0.3025,C,0.1696,0.322-0.622,0.527,0.327,0.104
1679,272594,-4.82,14,100.0,0.6556,0.2163,0.7805,0.2382,0.4391,0.562,0.9061,0.4394,-0.1725,C,0.1867,0.322-0.622,0.527,0.327,0.104
1680,272608,-5.21,14,100.0,0.5729,0.2052,0.8106,0.1783,0.4052,1.0595,0.8907,0.4558,-0.116,C,0.1579,0.322-0.622,0.527,0.327,0.105
1681,272622,-15.47,14,100.0,1.0068,0.0728,0.801,0.2645,0.4179,0.0173,0.3419,0.4581,-0.2009,C,0.2053,0.322-0.622,0.527,0.327,0.105
1682,272638,-34.43,16,93.8,0.7918,0.1548,0.702,0.3749,0.3988,0.1622,0.6677,0.4383,-0.3743,C,0.1559,0.322-0.622,0.527,0.327,0.105
1683,272652,-14.89,14,78.6,0.9032,0.0669,0.8045,0.1948,0.3896,0.0328,0.2507,0.4264,-0.1266,C,0.1907,0.322-0.622,0.527,0.327,0.105
1684,272668,-30.91,16,81.2,0.8396,0.1175,0.746,0.3481,0.4376,0.0748,0.4478,0.4057,-0.2962,C,0.1998,0.322-0.622,0.527,0.327,0.105
1685,272684,-11.02,16,93.8,0.6643,0.1759,0.7291,0.3027,0.4921,0.4288,0.7585,0.454,-0.2427,C,0.1943,0.322-0.622,0.527,0.327,0.105
1686,272771,16.19,87,96.6,0.4061,0.217,0.5013,0.5102,0.8744,1.5205,0.8861,0.3986,-0.5055,C,0.1828,0.322-0.622,0.527,0.327,0.105
1687,272786,-19.66,15,100.0,0.6848,0.1674,0.6961,0.2985,0.4045,0.5611,0.7361,0.4506,-0.2469,C,0.2462,0.322-0.622,0.527,0.327,0.105
1688,272801,-37.45,15,0.0,0.0,0.0,0.7833,0.2094,0.4805,0.0,0.0,0.3964,-0.1505,C,0.2185,0.322-0.622,0.527,0.327,0.105
1689,272815,-10.38,14,100.0,0.7493,0.1457,0.8469,0.1714,0.3344,0.63,0.6621,0.4504,-0.1294,C,0.1941,0.322-0.622,0.527,0.327,0.105
1690,272835,-45.94,20,75.0,0.957,0.1091,0.653,0.4298,0.5864,0.0147,0.3827,0.418,-0.4339,C,0.2216,0.322-0.622,0.527,0.327,0.105
1691,272852,-14.21,17,100.0,0.5293,0.2279,0.6662,0.3586,0.4767,1.269,0.8886,0.4581,-0.297,C,0.2134,0.322-0.622,0.528,0.328,0.105
1692,272867,-12.64,15,100.0,0.5732,0.2167,0.6607,0.3395,0.3971,0.969,0.912,0.4118,-0.2514,C,0.2426,0.322-0.622,0.528,0.328,0.105
1693,272882,-26.29,15,100.0,0.6236,0.1773,0.7121,0.4186,0.4312,0.7987,0.7675,0.4718,-0.4231,C,0.1748,0.322-0.622,0.528,0.328,0.105
1694,272896,-20.77,14,100.0,0.7514,0.18,0.7353,0.2603,0.4173,0.2567,0.8099,0.4103,-0.2351,C,0.1917,0.322-0.622,0.528,0.328,0.105
1695,272910,1.12,14,100.0,0.5895,0.2191,0.8185,0.207,0.3721,1.0279,0.9004,0.4383,-0.107,C,0.1565,0.322-0.622,0.528,0.328,0.105
1696,272934,-16.88,24,91.7,0.568,0.2266,0.5348,0.4402,0.5912,0.8125,0.8337,0.4693,-0.368,C,0.2096,0.322-0.622,0.528,0.328,0.105
1697,272948,-30.59,14,100.0,0.8971,0.1262,0.7725,0.336,0.4372,0.05,0.5962,0.4418,-0.3399,C,0.1896,0.322-0.622,0.528,0.328,0.105
1698,272963,-22.67,15,100.0,0.8032,0.158,0.722,0.3257,0.4255,0.2891,0.6886,0.4477,-0.275,C,0.2299,0.322-0.622,0.528,0.328,0.105
1699,272977,-24.26,14,78.6,0.9287,0.0483,0.8475,0.2277,0.4288,0.0202,0.2057,0.4082,-0.174,C,0.1854,0.322-0.622,0.528,0.328,0.105
1700,273002,-35.3,25,96.0,0.7704,0.1158,0.6226,0.4108,0.6329,0.1502,0.519,0.4009,-0.3907,C,0.2023,0.322-0.622,0.528,0.328,0.105
1701,273021,-7.61,19,89.5,0.5893,0.2308,0.6445,0.3291,0.479,0.6161,0.8212,0.4388,-0.2496,C,0.2274,0.322-0.622,0.528,0.328,0.105
1702,273037,-5.39,16,81.2,0.709,0.1599,0.8157,0.1796,0.3175,0.3139,0.5842,0.4087,-0.0826,C,0.2454,0.322-0.622,0.528,0.328,0.105
1703,273053,-7.8,16,87.5,0.5153,0.2392,0.755,0.2631,0.4147,0.9432,0.7934,0.4438,-0.2474,C,0.2426,0.322-0.622,0.528,0.328,0.105
1704,273068,-19.92,15,73.3,0.8649,0.1132,0.7717,0.2674,0.438,0.0662,0.3925,0.4409,-0.1986,C,0.1758,0.322-0.622,0.528,0.328,0.105
1705,273082,-3.67,14,100.0,0.6457,0.1925,0.7985,0.2004,0.3977,0.9095,0.8168,0.4636,-0.1323,C,0.1726,0.322-0.622,0.528,0.328,0.105
1706,273098,-17.66,16,87.5,0.9515,0.061,0.7496,0.2846,0.4545,0.0221,0.2622,0.4505,-0.1904,C,0.199,0.322-0.622,0.528,0.328,0.105
1707,273115,-13.44,17,70.6,0.7151,0.1782,0.6526,0.2354,0.4299,0.2129,0.5763,0.4418,-0.1492,C,0.1872,0.322-0.622,0.528,0.328,0.105
1708,273129,-35.55,14,100.0,0.6304,0.1958,0.796,0.3762,0.4166,0.5466,0.8523,0.3781,-0.467,C,0.2225,0.322-0.622,0.528,0.328,0.105
1709,273143,-15.92,14,100.0,0.6911,0.1732,0.7771,0.2244,0.3609,0.5121,0.792,0.4832,-0.1503,C,0.1993,0.322-0.622,0.528,0.328,0.105
1710,273157,-16.2,14,100.0,0.7323,0.1991,0.8126,0.2292,0.4275,0.2204,0.8866,0.4341,-0.1727,C,0.1823,0.322-0.622,0.528,0.328,0.105
1711,273172,-7.08,15,100.0,0.6081,0.215,0.7525,0.2747,0.4145,0.774,0.8658,0.3841,-0.1958,C,0.1737,0.322-0.622,0.528,0.328,0.105
1712,273187,-13.44,15,100.0,0.8156,0.1626,0.8008,0.257,0.4334,0.1912,0.736,0.4453,-0.2009,C,0.195,0.322-0.622,0.528,0.328,0.105
1713,273203,-14.85,16,93.8,0.8689,0.1124,0.6856,0.2769,0.4157,0.0745,0.4998,0.3656,-0.1887,C,0.1638,0.322-0.622,0.528,0.328,0.105
1714,273252,-32.93,49,93.9,0.6408,0.1702,0.5486,0.4483,0.7689,0.4016,0.7063,0.3384,-0.3935,C,0.2022,0.322-0.622,0.528,0.328,0.105
1715,273266,-21.53,14,100.0,0.8022,0.1297,0.7496,0.2827,0.4136,0.1959,0.5995,0.4866,-0.2283,C,0.2212,0.322-0.622,0.528,0.328,0.105
1716,273281,-21.68,15,93.3,0.6805,0.2036,0.7132,0.3791,0.4556,0.3258,0.8335,0.3891,-0.3399,C,0.1911,0.322-0.622,0.528,0.328,0.105
1717,273319,6.43,38,89.5,0.4297,0.2084,0.577,0.4061,0.7014,1.39,0.7136,0.3089,-0.3667,C,0.2047,0.322-0.622,0.529,0.329,0.105
1718,273337,-23.15,18,77.8,0.9347,0.0704,0.6835,0.2979,0.5533,0.0252,0.2573,0.4199,-0.2349,C,0.2257,0.322-0.622,0.529,0.329,0.105
1719,273350,-5.25,13,100.0,0.7122,0.1572,0.862,0.183,0.3962,0.3468,0.6939,0.4659,-0.1193,C,0.2442,0.322-0.622,0.529,0.329,0.105
1720,273364,-6.39,14,100.0,0.5632,0.2098,0.8083,0.2516,0.4065,1.0289,0.8986,0.449,-0.1662,C,0.2125,0.322-0.622,0.529,0.329,0.105
1721,273383,-2.4,19,78.9,0.5023,0.205,0.7353,0.2455,0.3901,1.0975,0.6987,0.4636,-0.1457,C,0.1946,0.322-0.622,0.529,0.329,0.105
1722,273432,-0.01,49,85.7,0.4329,0.1519,0.5566,0.3881,0.754,1.25,0.5917,0.2579,-0.3328,C,0.2291,0.322-0.622,0.529,0.329,0.105
1723,273448,-15.99,16,100.0,0.7261,0.1561,0.7377,0.2295,0.4018,0.7986,0.6885,0.4585,-0.1236,C,0.2356,0.322-0.622,0.529,0.329,0.105
1724,273463,-9.73,15,100.0,0.6532,0.1964,0.7284,0.2144,0.4145,0.4993,0.8674,0.4363,-0.1127,C,0.1597,0.322-0.622,0.529,0.329,0.105
1725,273478,-12.25,15,73.3,0.8546,0.1077,0.7834,0.1985,0.3994,0.0467,0.3749,0.428,-0.1,C,0.1651,0.322-0.622,0.529,0.329,0.105
1726,273492,-4.12,14,100.0,0.713,0.1772,0.7295,0.1713,0.431,0.5006,0.7692,0.4744,-0.0779,C,0.1833,0.322-0.622,0.529,0.329,0.105
1727,273506,-2.65,14,85.7,0.6254,0.2124,0.7718,0.2202,0.4092,0.4314,0.7756,0.385,-0.1045,C,0.222,0.322-0.622,0.529,0.329,0.105
1728,273530,-39.17,24,87.5,0.8527,0.0733,0.6127,0.4109,0.6308,0.0641,0.303,0.4843,-0.3741,C,0.2497,0.322-0.622,0.529,0.329,0.105
1729,273545,5.06,15,86.7,0.4669,0.2355,0.7824,0.2456,0.4613,1.2909,0.7738,0.4148,-0.1684,C,0.1689,0.322-0.622,0.529,0.329,0.105
1730,273559,-29.68,14,92.9,1.0116,0.0377,0.7916,0.3423,0.406,0.0129,0.2035,0.4589,-0.3542,C,0.1933,0.322-0.622,0.529,0.329,0.105
1731,273575,-32.52,16,100.0,0.7546,0.1541,0.6898,0.3539,0.4094,0.6934,0.6802,0.4228,-0.3071,C,0.1758,0.322-0.622,0.529,0.329,0.105
1732,273590,-18.13,15,100.0,0.9417,0.075,0.7152,0.2451,0.3982,0.0639,0.375,0.4402,-0.15,C,0.166,0.322-0.622,0.529,0.329,0.105
1733,273606,-1.06,16,93.8,0.6981,0.2128,0.7312,0.2501,0.4712,0.3979,0.815,0.4559,-0.1328,C,0.227,0.322-0.622,0.529,0.329,0.105
1734,273619,-4.4,13,92.3,0.8791,0.106,0.8741,0.1434,0.4563,0.082,0.4667,0.4366,-0.0886,C,0.1868,0.322-0.622,0.529,0.329,0.105
1735,273635,-10.78,16,87.5,0.9925,0.0444,0.7597,0.225,0.4121,0.0145,0.2074,0.3727,-0.1187,C,0.2105,0.322-0.622,0.529,0.329,0.105
1736,273757,112.66,122,97.5,0.3241,0.2168,0.434,0.5169,0.9021,2.1849,0.9157,0.3744,-0.5071,C,0.2339,0.322-0.622,0.529,0.329,0.105
1737,273774,-20.75,17,82.4,0.6649,0.2055,0.626,0.3237,0.4646,0.2963,0.7269,0.4495,-0.2457,C,0.2437,0.322-0.622,0.53,0.33,0.105
1738,273787,-14.86,13,100.0,0.926,0.1017,0.8735,0.168,0.4488,0.0395,0.4678,0.4327,-0.1106,C,0.2108,0.322-0.622,0.53,0.33,0.105
1739,273847,-3.38,60,95.0,0.4353,0.1959,0.4827,0.5106,0.781,1.6207,0.824,0.3829,-0.4897,C,0.2343,0.322-0.622,0.53,0.33,0.105
1740,273860,-13.73,13,100.0,0.9297,0.066,0.8252,0.1697,0.4212,0.0512,0.3379,0.45,-0.0791,C,0.2082,0.322-0.622,0.53,0.33,0.105
1741,273873,-5.89,13,92.3,0.6795,0.1721,0.8685,0.147,0.4086,0.304,0.7194,0.4227,-0.0782,C,0.1777,0.322-0.622,0.53,0.33,0.105
1742,273889,-18.18,16,68.8,1.024,0.0323,0.7741,0.2417,0.3974,0.0103,0.1335,0.3476,-0.1502,C,0.194,0.322-0.622,0.53,0.33,0.105
1743,273904,-27.8,15,100.0,0.6037,0.2035,0.6995,0.3299,0.4022,0.8441,0.8365,0.4428,-0.3027,C,0.1944,0.322-0.622,0.53,0.33,0.105
1744,273918,-18.88,14,100.0,0.7346,0.1918,0.7712,0.2948,0.4164,0.3008,0.8429,0.4479,-0.2377,C,0.2169,0.322-0.622,0.53,0.33,0.105
1745,273931,-22.14,13,0.0,0.0,0.0,0.8772,0.1331,0.3928,0.0,0.0,0.4041,-0.1025,C,0.2055,0.322-0.622,0.53,0.33,0.105
1746,273946,-10.96,15,100.0,0.4868,0.2316,0.7208,0.3666,0.4212,1.3507,0.8827,0.4315,-0.3081,C,0.223,0.322-0.622,0.53,0.33,0.105
1747,273961,-25.32,15,93.3,0.6455,0.1959,0.7326,0.2901,0.4019,0.5582,0.7923,0.4215,-0.2887,C,0.1931,0.322-0.622,0.53,0.33,0.105
1748,273975,-2.71,14,100.0,0.5976,0.2088,0.7119,0.2277,0.3942,0.976,0.8907,0.4826,-0.1447,C,0.1619,0.322-0.622,0.53,0.33,0.105
1749,273989,-17.32,14,100.0,0.7905,0.1509,0.7921,0.2113,0.4133,0.2913,0.6876,0.4625,-0.1588,C,0.2483,0.322-0.622,0.53,0.33,0.105
1750,274004,-22.04,15,100.0,0.8568,0.1198,0.6977,0.2573,0.3687,0.1435,0.5584,0.4693,-0.1885,C,0.2165,0.322-0.622,0.53,0.33,0.105
1751,274019,-10.73,15,100.0,0.8016,0.1549,0.6937,0.295,0.3943,0.2315,0.695,0.4281,-0.1871,C,0.2277,0.322-0.622,0.53,0.33,0.105
1752,274034,-7.33,15,93.3,0.7826,0.1509,0.7236,0.1936,0.3318,0.2934,0.6289,0.4825,-0.1104,C,0.168,0.322-0.622,0.53,0.33,0.105
1753,274051,-15.28,17,88.2,0.8133,0.1399,0.7915,0.215,0.4976,0.1111,0.5868,0.3791,-0.1466,C,0.1562,0.322-0.622,0.53,0.33,0.105
1754,274065,-11.68,14,100.0,0.8222,0.1604,0.776,0.2851,0.4407,0.1333,0.7444,0.4547,-0.2332,C,0.1872,0.322-0.622,0.53,0.33,0.105
1755,274109,14.94,44,88.6,0.3883,0.2544,0.4786,0.4838,0.7381,1.6955,0.8203,0.4277,-0.4468,C,0.1818,0.322-0.622,0.53,0.33,0.105
1756,274122,-19.36,13,92.3,0.9158,0.0465,0.8329,0.2075,0.433,0.0292,0.2308,0.4897,-0.1605,C,0.2264,0.322-0.622,0.53,0.33,0.105
1757,274136,-15.75,14,100.0,0.7097,0.2064,0.7225,0.3473,0.4239,0.3588,0.9004,0.3971,-0.2991,C,0.2483,0.322-0.622,0.53,0.33,0.105
1758,274150,-10.19,14,100.0,0.8422,0.1221,0.8109,0.1681,0.35,0.3028,0.5683,0.448,-0.0911,C,0.17,0.322-0.622,0.53,0.33,0.105
1759,274166,-22.06,16,75.0,1.0281,0.0212,0.7267,0.2894,0.491,0.0075,0.1235,0.4751,-0.2204,C,0.1834,0.322-0.622,0.53,0.33,0.105
1760,274189,-7.74,23,95.7,0.577,0.2307,0.5557,0.3778,0.6223,0.8089,0.8676,0.4583,-0.2992,C,0.2232,0.322-0.622,0.53,0.33,0.105
1761,274216,-38.87,27,85.2,0.793,0.1344,0.5907,0.416,0.5861,0.1128,0.531,0.4523,-0.3766,C,0.2272,0.322-0.622,0.53,0.33,0.105
1762,274229,-19.88,13,84.6,1.0987,0.0102,0.7869,0.2016,0.4479,0.0046,0.1153,0.42,-0.1227,C,0.1555,0.322-0.622,0.53,0.33,0.105
1763,274273,-6.27,44,95.5,0.4609,0.2123,0.6054,0.4255,0.7506,1.2423,0.742,0.2881,-0.4047,C,0.2481,0.322-0.622,0.531,0.331,0.105
1764,274287,-6.81,14,92.9,0.8963,0.114,0.8028,0.1845,0.4308,0.0548,0.4926,0.4507,-0.0993,C,0.1766,0.322-0.622,0.531,0.331,0.105
1765,274300,-22.57,13,53.8,1.1397,0.0081,0.7892,0.2096,0.4207,0.0016,0.0708,0.47,-0.1715,C,0.199,0.322-0.622,0.531,0.331,0.105
1766,274314,-20.56,14,100.0,0.489,0.2253,0.6846,0.3225,0.4129,1.3287,0.9164,0.4391,-0.3138,C,0.2397,0.322-0.622,0.531,0.331,0.105
1767,274328,-9.87,14,100.0,0.5865,0.2284,0.7837,0.1967,0.4444,0.8292,0.952,0.4194,-0.1338,C,0.1575,0.322-0.622,0.531,0.331,0.105
1768,274341,-21.75,13,0.0,0.0,0.0,0.87,0.1378,0.3758,0.0,0.0,0.4253,-0.0958,C,0.1863,0.322-0.622,0.531,0.331,0.105
1769,274356,-41.91,15,93.3,0.8968,0.1096,0.7578,0.3511,0.4113,0.0586,0.4825,0.4375,-0.3894,C,0.2287,0.322-0.622,0.531,0.331,0.105
1770,274370,-15.09,14,100.0,0.7836,0.1484,0.7993,0.195,0.4095,0.2275,0.6858,0.4578,-0.1213,C,0.1771,0.322-0.622,0.531,0.331,0.105
1771,274384,-9.32,14,100.0,0.525,0.2327,0.7805,0.2649,0.4254,1.1744,0.9213,0.4491,-0.2338,C,0.1865,0.322-0.622,0.531,0.331,0.105
1772,274398,-1.35,14,100.0,0.5981,0.2102,0.806,0.1727,0.4299,0.8363,0.8943,0.421,-0.0885,C,0.2022,0.322-0.622,0.531,0.331,0.105
1773,274432,-42.6,34,91.2,0.7558,0.1204,0.5552,0.448,0.7198,0.1542,0.5155,0.404,-0.427,C,0.201,0.322-0.622,0.531,0.331,0.105
1774,274446,-24.65,14,85.7,0.9614,0.0537,0.7635,0.3273,0.4044,0.0194,0.2268,0.3722,-0.2928,C,0.1776,0.322-0.622,0.531,0.331,0.105
1775,274468,-25.78,22,86.4,0.4872,0.2225,0.5682,0.4057,0.4229,1.2184,0.8029,0.4592,-0.3353,C,0.2335,0.322-0.622,0.531,0.331,0.105
1776,274507,-12.69,39,92.3,0.7186,0.1507,0.558,0.3776,0.7444,0.2414,0.6453,0.4434,-0.2932,C,0.1725,0.322-0.622,0.531,0.331,0.105
1777,274524,-31.02,17,82.4,0.82,0.1209,0.6941,0.3218,0.4245,0.0718,0.4639,0.4308,-0.2702,C,0.2248,0.322-0.622,0.531,0.331,0.105
1778,274539,-17.29,15,100.0,0.6974,0.1824,0.7139,0.346,0.3798,0.5868,0.8099,0.4341,-0.2965,C,0.233,0.322-0.622,0.531,0.331,0.105
1779,274614,-37.35,75,97.3,0.651,0.1477,0.5067,0.4376,0.8397,0.342,0.6762,0.4013,-0.3877,C,0.1884,0.322-0.622,0.531,0.331,0.105
1780,274628,-14.9,14,85.7,0.8059,0.1037,0.7708,0.2922,0.4316,0.086,0.4189,0.4771,-0.2273,C,0.1745,0.322-0.622,0.531,0.331,0.105
1781,274645,-20.01,17,82.4,0.7955,0.1081,0.7236,0.2958,0.4539,0.1698,0.422,0.4646,-0.2273,C,0.1654,0.322-0.622,0.531,0.331,0.105
1782,274659,-14.91,14,100.0,0.6933,0.1957,0.7598,0.2771,0.4204,0.4665,0.8564,0.4482,-0.2458,C,0.2459,0.322-0.622,0.531,0.331,0.105
1783,274673,-4.51,14,92.9,0.7711,0.1352,0.7668,0.1774,0.4321,0.1489,0.588,0.4524,-0.0805,C,0.1764,0.322-0.622,0.531,0.331,0.105
1784,274687,-28.19,14,0.0,0.0,0.0,0.7616,0.2315,0.386,0.0,0.0,0.4794,-0.1648,C,0.1773,0.322-0.622,0.531,0.331,0.105
1785,274702,-18.32,15,80.0,0.7432,0.1426,0.7237,0.2339,0.3747,0.2683,0.5375,0.4317,-0.165,C,0.183,0.322-0.622,0.531,0.331,0.105
1786,274717,-9.29,15,93.3,0.5219,0.2238,0.7458,0.3016,0.413,1.1365,0.8271,0.4731,-0.2072,C,0.1836,0.322-0.622,0.532,0.332,0.105
1787,274731,-30.01,14,92.9,0.9046,0.0877,0.7515,0.2911,0.4036,0.0381,0.3905,0.4513,-0.267,C,0.2436,0.322-0.622,0.532,0.332,0.105
1788,274745,-26.09,14,100.0,0.7165,0.1805,0.7597,0.2979,0.4536,0.4703,0.7649,0.4494,-0.2731,C,0.2363,0.322-0.622,0.532,0.332,0.105
1789,274759,-9.78,14,92.9,0.7276,0.157,0.8507,0.1629,0.3558,0.2795,0.6589,0.4366,-0.0846,C,0.1705,0.322-0.622,0.532,0.332,0.105
1790,274876,29.81,117,94.0,0.4269,0.1885,0.4418,0.5122,0.8595,1.6166,0.7948,0.3783,-0.4889,C,0.2007,0.322-0.622,0.532,0.332,0.105
1791,274891,-15.53,15,100.0,0.7122,0.1826,0.6661,0.333,0.4,0.3146,0.8339,0.466,-0.2629,C,0.223,0.322-0.622,0.532,0.332,0.105
1792,274908,-21.37,17,94.1,0.6577,0.2011,0.5996,0.3764,0.3779,0.4904,0.8247,0.4349,-0.324,C,0.1576,0.322-0.622,0.532,0.332,0.105
1793,274921,-13.35,13,100.0,1.0064,0.0768,0.8736,0.1341,0.4537,0.0213,0.3581,0.4098,-0.0641,C,0.1838,0.322-0.622,0.532,0.332,0.105
1794,274935,-7.92,14,100.0,0.7071,0.1722,0.8415,0.1897,0.3858,0.4454,0.754,0.4089,-0.1308,C,0.2163,0.322-0.622,0.532,0.332,0.105
1795,274949,-9.08,14,92.9,0.7468,0.1471,0.7943,0.2182,0.387,0.1957,0.6476,0.3981,-0.1408,C,0.1908,0.322-0.622,0.532,0.332,0.105
1796,274965,-20.52,16,81.2,0.7721,0.1264,0.7565,0.2215,0.3738,0.1167,0.4713,0.4357,-0.134,C,0.1765,0.322-0.622,0.532,0.332,0.105
1797,274982,-25.1,17,100.0,0.6283,0.1864,0.6318,0.41,0.4348,0.7738,0.8164,0.4524,-0.3873,C,0.2409,0.322-0.622,0.532,0.332,0.105
1798,274998,-9.68,16,87.5,0.857,0.1193,0.7992,0.1945,0.4049,0.0756,0.4811,0.4095,-0.1263,C,0.2177,0.322-0.622,0.532,0.332,0.105
1799,275012,-20.04,14,100.0,0.5765,0.2078,0.7428,0.3347,0.4307,1.0599,0.8657,0.464,-0.2786,C,0.2411,0.322-0.622,0.532,0.332,0.105
1800,275103,109.57,91,98.9,0.3306,0.2422,0.4894,0.4935,0.8863,2.16,0.9396,0.4084,-0.4676,C,0.1712,0.322-0.622,0.532,0.332,0.105
1801,275117,-11.76,14,100.0,0.7744,0.1715,0.7604,0.2725,0.4437,0.3753,0.7586,0.4675,-0.1968,C,0.2262,0.322-0.622,0.532,0.332,0.105
1802,275131,2.04,14,92.9,0.5352,0.2422,0.8186,0.1654,0.4113,0.9458,0.8494,0.374,-0.0633,C,0.2189,0.322-0.622,0.532,0.332,0.105
1803,275146,-36.07,15,100.0,0.6115,0.2016,0.7453,0.4251,0.4195,0.8662,0.8772,0.4847,-0.4584,C,0.2285,0.322-0.622,0.532,0.332,0.105
1804,275164,-17.69,18,88.9,0.7706,0.1722,0.7401,0.2955,0.505,0.1733,0.7105,0.4263,-0.2113,C,0.164,0.322-0.622,0.532,0.332,0.105
1805,275178,-12.93,14,85.7,0.9481,0.0682,0.7957,0.2204,0.4167,0.0229,0.2826,0.4501,-0.1268,C,0.1973,0.322-0.622,0.533,0.333,0.105
1806,275240,-45.43,62,96.8,0.5644,0.2384,0.471,0.5371,0.8559,0.7493,0.8333,0.4148,-0.5487,C,0.1963,0.322-0.622,0.533,0.333,0.105
1807,275254,-20.13,14,100.0,0.7712,0.1601,0.7838,0.2148,0.3789,0.2942,0.722,0.4371,-0.1648,C,0.1741,0.322-0.622,0.533,0.333,0.105
1808,275269,-24.42,15,73.3,0.9093,0.0852,0.7111,0.2645,0.4038,0.0232,0.2955,0.4364,-0.2229,C,0.2223,0.322-0.622,0.533,0.333,0.105
1809,275367,-45.6,98,95.9,0.5758,0.1921,0.4538,0.4903,0.8685,0.7107,0.8418,0.299,-0.4713,C,0.201,0.322-0.622,0.533,0.333,0.105
1810,275381,-11.15,14,100.0,0.4933,0.2311,0.7542,0.2634,0.4264,1.3494,0.9019,0.4063,-0.1974,C,0.2257,0.322-0.622,0.533,0.333,0.105
1811,275396,-21.82,15,100.0,0.6357,0.1699,0.7475,0.2811,0.3851,0.9027,0.7502,0.471,-0.2022,C,0.213,0.322-0.622,0.533,0.333,0.105
1812,275409,-15.58,13,100.0,1.0269,0.047,0.8246,0.1351,0.4452,0.0131,0.2417,0.427,-0.0423,C,0.2412,0.322-0.622,0.533,0.333,0.106
1813,275424,-8.77,15,86.7,0.9458,0.0775,0.7678,0.2077,0.4438,0.0263,0.3141,0.4119,-0.1018,C,0.1602,0.322-0.622,0.533,0.333,0.106
1814,275482,63.1,58,94.8,0.3944,0.231,0.4331,0.4316,0.7834,1.8187,0.9034,0.4111,-0.3437,C,0.1646,0.322-0.622,0.533,0.333,0.106
1815,275496,-16.21,14,78.6,0.8166,0.0932,0.8311,0.1655,0.3382,0.0619,0.3503,0.4258,-0.0913,C,0.2231,0.322-0.622,0.533,0.333,0.106
1816,275510,-25.38,14,100.0,0.7281,0.17,0.7736,0.2681,0.346,0.5865,0.7503,0.424,-0.2077,C,0.1851,0.322-0.622,0.533,0.333,0.106
1817,275524,-14.45,14,100.0,0.6557,0.1957,0.834,0.2136,0.4112,0.6998,0.8372,0.4417,-0.1736,C,0.2115,0.322-0.622,0.533,0.333,0.106
1818,275539,-24.22,15,100.0,0.5712,0.2036,0.6838,0.3995,0.4377,1.0168,0.8609,0.4451,-0.3702,C,0.1922,0.322-0.622,0.533,0.333,0.106
1819,275553,-16.76,14,100.0,0.8979,0.1209,0.7841,0.2464,0.4145,0.0669,0.5632,0.4615,-0.1522,C,0.2045,0.322-0.622,0.533,0.333,0.106
1820,275568,-14.38,15,93.3,0.7988,0.1646,0.7742,0.2665,0.4574,0.1324,0.7168,0.453,-0.2233,C,0.1693,0.322-0.622,0.533,0.333,0.106
1821,275584,-3.72,16,87.5,0.7516,0.1625,0.7752,0.2143,0.5085,0.1891,0.6662,0.3724,-0.1289,C,0.2048,0.322-0.622,0.533,0.333,0.106
1822,275598,-17.99,14,100.0,0.7861,0.1334,0.7944,0.2061,0.3622,0.2564,0.6116,0.4004,-0.1178,C,0.1857,0.322-0.622,0.533,0.333,0.106
1823,275614,-14.54,16,100.0,0.6889,0.1707,0.6311,0.3211,0.4243,0.5842,0.7521,0.4782,-0.2492,C,0.2447,0.322-0.622,0.533,0.333,0.106
1824,275629,-21.1,15,73.3,0.8877,0.0667,0.7504,0.2484,0.4028,0.0289,0.2412,0.4403,-0.1666,C,0.2259,0.322-0.622,0.533,0.333,0.106
1825,275644,-11.49,15,80.0,0.9904,0.0443,0.8056,0.2075,0.4534,0.0146,0.1858,0.3896,-0.1192,C,0.2231,0.322-0.622,0.534,0.334,0.106
1826,275658,-7.57,14,85.7,0.8809,0.063,0.8262,0.1514,0.3448,0.043,0.2794,0.4471,-0.072,C,0.1596,0.322-0.622,0.534,0.334,0.106
1827,275671,-17.24,13,76.9,0.9928,0.0328,0.8116,0.2506,0.4425,0.0157,0.1529,0.4725,-0.2133,C,0.2053,0.322-0.622,0.534,0.334,0.106
1828,275685,-0.64,14,100.0,0.5944,0.2398,0.7865,0.2097,0.4369,0.7554,0.9431,0.4555,-0.1439,C,0.2149,0.322-0.622,0.534,0.334,0.106
1829,275700,-18.22,15,93.3,0.5657,0.2204,0.6953,0.295,0.3797,1.0247,0.834,0.3933,-0.2238,C,0.2428,0.322-0.622,0.534,0.334,0.106
1830,275715,-15.79,15,100.0,0.6246,0.1798,0.6898,0.3339,0.3999,0.8524,0.764,0.4034,-0.2821,C,0.2197,0.322-0.622,0.534,0.334,0.106
1831,275729,-10.24,14,92.9,0.8398,0.0865,0.8104,0.1765,0.328,0.0784,0.3958,0.3732,-0.0991,C,0.2406,0.322-0.622,0.534,0.334,0.106
1832,275743,-18.95,14,100.0,1.0714,0.0232,0.8623,0.1566,0.4044,0.0076,0.1681,0.4086,-0.0958,C,0.1698,0.322-0.622,0.534,0.334,0.106
1833,275845,117.22,102,96.1,0.234,0.2164,0.4529,0.5381,0.8526,2.7831,0.8943,0.3256,-0.5314,C,0.2214,0.322-0.622,0.534,0.334,0.106
1834,275859,-11.88,14,100.0,0.6829,0.1741,0.8792,0.1372,0.3745,0.677,0.7671,0.4385,-0.0889,C,0.2033,0.322-0.622,0.534,0.334,0.106
1835,275873,-4.67,14,100.0,0.8584,0.1267,0.7955,0.2191,0.458,0.0891,0.5974,0.403,-0.1074,C,0.1741,0.322-0.622,0.534,0.334,0.106
1836,275939,55.78,66,98.5,0.4206,0.2109,0.4794,0.4246,0.8119,1.7182,0.9082,0.3923,-0.3653,C,0.1925,0.322-0.622,0.534,0.334,0.106
1837,275953,-12.26,14,92.9,0.8389,0.1186,0.8439,0.1626,0.4247,0.0782,0.5195,0.3916,-0.0798,C,0.1718,0.322-0.622,0.534,0.334,0.106
1838,275970,-31.06,17,88.2,0.7278,0.1382,0.7126,0.3116,0.4309,0.2471,0.5529,0.3909,-0.2507,C,0.2205,0.322-0.622,0.534,0.334,0.106
1839,275986,-17.28,16,93.8,0.7195,0.1765,0.7165,0.3316,0.4256,0.2654,0.7651,0.4251,-0.2871,C,0.1587,0.322-0.622,0.534,0.334,0.106
1840,276000,-17.75,14,100.0,0.5399,0.2379,0.8374,0.2569,0.4246,1.1637,0.9323,0.4174,-0.2216,C,0.1756,0.322-0.622,0.534,0.334,0.106
1841,276016,-24.68,16,100.0,0.7049,0.1766,0.7098,0.2939,0.3734,0.604,0.7846,0.4178,-0.2395,C,0.1705,0.322-0.622,0.534,0.334,0.106
1842,276035,-45.97,19,31.6,1.1459,0.0075,0.6022,0.3836,0.489,0.0009,0.041,0.3891,-0.3393,C,0.1845,0.322-0.622,0.534,0.334,0.106
1843,276049,-12.6,14,92.9,0.6654,0.1642,0.8351,0.1613,0.3563,0.4483,0.6923,0.4216,-0.0912,C,0.2208,0.322-0.622,0.534,0.334,0.106
1844,276063,-5.47,14,85.7,0.9567,0.0615,0.826,0.1261,0.4316,0.0207,0.2534,0.4388,-0.0455,C,0.1755,0.322-0.622,0.534,0.334,0.106
1845,276078,-24.84,15,86.7,0.7185,0.1723,0.7041,0.2935,0.4326,0.2594,0.6889,0.4126,-0.2621,C,0.1728,0.322-0.622,0.534,0.334,0.106
1846,276092,-10.71,14,100.0,0.6249,0.2264,0.8423,0.1998,0.4175,0.5911,0.9022,0.444,-0.1106,C,0.2426,0.322-0.622,0.534,0.334,0.106
1847,276108,-20.76,16,87.5,0.5927,0.2087,0.729,0.3284,0.39,0.7884,0.7714,0.477,-0.3161,C,0.1625,0.322-0.622,0.535,0.335,0.106
1848,276122,-20.87,14,57.1,0.9118,0.0634,0.826,0.1356,0.3462,0.0168,0.1827,0.4332,-0.0701,C,0.2294,0.322-0.622,0.535,0.335,0.106
1849,276135,-3.94,13,100.0,0.6522,0.2147,0.8989,0.1473,0.4111,0.4028,0.9187,0.4423,-0.1022,C,0.1738,0.322-0.622,0.535,0.335,0.106
1850,276149,-14.46,14,92.9,1.0081,0.0469,0.7869,0.2205,0.4651,0.0148,0.2235,0.4008,-0.1533,C,0.1732,0.322-0.622,0.535,0.335,0.106
1851,276246,-119.15,97,96.9,0.6151,0.187,0.4499,0.5466,0.8339,0.5897,0.8241,0.3061,-0.5562,C,0.1807,0.322-0.622,0.535,0.335,0.106
1852,276340,-126.41,94,95.7,0.5853,0.1769,0.5086,0.5512,0.8563,0.7259,0.7757,0.228,-0.5882,C,0.2363,0.322-0.622,0.535,0.335,0.106
1853,276354,-24.52,14,100.0,0.6625,0.1532,0.7427,0.3002,0.4468,0.8284,0.6863,0.4731,-0.2541,C,0.1646,0.322-0.622,0.535,0.335,0.106
1854,276369,-8.58,15,100.0,0.5606,0.1994,0.7226,0.2842,0.4262,1.0718,0.8829,0.4672,-0.1961,C,0.1967,0.322-0.622,0.535,0.335,0.106
1855,276446,21.38,77,93.5,0.4893,0.2076,0.4461,0.4581,0.8705,1.1458,0.852,0.3917,-0.4003,C,0.2361,0.322-0.622,0.535,0.335,0.106
1856,276465,-29.56,19,78.9,0.8064,0.1397,0.6736,0.3624,0.5219,0.0869,0.5173,0.4559,-0.331,C,0.1886,0.322-0.622,0.535,0.335,0.106
1857,276537,-81.63,72,98.6,0.5348,0.1939,0.5276,0.5554,0.8487,0.851,0.8522,0.3173,-0.6024,C,0.1733,0.322-0.622,0.535,0.335,0.106
1858,276556,-19.24,19,78.9,0.7094,0.1618,0.673,0.2849,0.3643,0.3491,0.561,0.418,-0.1963,C,0.2076,0.322-0.622,0.535,0.335,0.106
1859,276571,-14.21,15,100.0,0.5964,0.2087,0.6924,0.3266,0.3587,0.9269,0.8916,0.4301,-0.2772,C,0.2322,0.322-0.622,0.536,0.336,0.106
1860,276586,-27.32,15,73.3,0.9626,0.0624,0.7415,0.297,0.3982,0.0198,0.2205,0.4384,-0.2146,C,0.1693,0.322-0.622,0.536,0.336,0.106
1861,276599,-2.92,13,100.0,0.717,0.1658,0.9139,0.1075,0.3686,0.8419,0.725,0.3995,-0.0591,C,0.2249,0.322-0.622,0.536,0.336,0.106
1862,276614,-25.06,15,100.0,0.6174,0.2126,0.7007,0.2926,0.4129,0.7095,0.8873,0.4092,-0.252,C,0.2196,0.322-0.622,0.536,0.336,0.106
1863,276675,-11.22,61,95.1,0.4964,0.226,0.4937,0.5113,0.7969,1.1377,0.9035,0.3892,-0.5047,C,0.1817,0.322-0.622,0.536,0.336,0.106
1864,276691,-18.9,16,87.5,0.8627,0.0815,0.7191,0.2445,0.5138,0.0526,0.3371,0.4769,-0.1724,C,0.2176,0.322-0.622,0.536,0.336,0.106
1865,276705,-13.6,14,100.0,0.7054,0.1684,0.7633,0.1869,0.3556,0.4981,0.776,0.4744,-0.0964,C,0.2193,0.322-0.622,0.536,0.336,0.106
1866,276720,-10.3,15,73.3,0.9412,0.0531,0.8447,0.1473,0.3415,0.0146,0.2084,0.3542,-0.0693,C,0.2331,0.322-0.622,0.536,0.336,0.106
1867,276734,-15.25,14,92.9,0.6474,0.1923,0.7743,0.2633,0.4256,0.4135,0.8038,0.4595,-0.1891,C,0.2339,0.322-0.622,0.536,0.336,0.106
1868,276748,-10.72,14,85.7,0.9952,0.0453,0.781,0.1711,0.4358,0.0169,0.2038,0.347,-0.0861,C,0.2184,0.322-0.622,0.536,0.336,0.106
1869,276763,-23.83,15,93.3,0.6871,0.1857,0.7325,0.2977,0.3416,0.5145,0.7612,0.4621,-0.2632,C,0.2477,0.322-0.622,0.536,0.336,0.106
1870,276778,-17.53,15,86.7,0.7029,0.183,0.7242,0.3045,0.3532,0.334,0.7083,0.4355,-0.277,C,0.2397,0.322-0.622,0.536,0.336,0.106
1871,276806,-3.45,28,92.9,0.6364,0.204,0.6058,0.3216,0.638,0.4662,0.7942,0.3916,-0.2225,C,0.2031,0.322-0.622,0.536,0.336,0.106
1872,276821,-25.12,15,60.0,1.1169,0.0358,0.7485,0.273,0.3995,0.0023,0.1238,0.3479,-0.2106,C,0.165,0.322-0.622,0.536,0.336,0.106
1873,276834,-21.43,13,0.0,0.0,0.0,0.8694,0.1564,0.4015,0.0,0.0,0.41,-0.0779,C,0.1889,0.322-0.622,0.536,0.336,0.106
1874,276849,-16.05,15,66.7,0.8673,0.0926,0.7888,0.2005,0.3567,0.0312,0.2877,0.4652,-0.1322,C,0.2236,0.322-0.622,0.536,0.336,0.106
1875,276864,-13.74,15,86.7,0.6437,0.2049,0.7432,0.2213,0.3541,0.6536,0.7632,0.4379,-0.1058,C,0.174,0.322-0.622,0.536,0.336,0.106
1876,276909,-38.11,45,95.6,0.4816,0.2172,0.5619,0.5158,0.7788,1.1137,0.8934,0.3451,-0.558,C,0.1651,0.322-0.622,0.536,0.336,0.106
1877,276938,-5.19,29,100.0,0.5009,0.2287,0.605,0.4088,0.6688,1.2096,0.9264,0.3625,-0.3733,C,0.1654,0.322-0.622,0.536,0.336,0.106
1878,276951,-12.53,13,100.0,0.6045,0.2329,0.8849,0.1634,0.4512,0.7557,0.9158,0.4144,-0.122,C,0.1651,0.322-0.622,0.536,0.336,0.106
1879,276965,-15.71,14,85.7,0.6935,0.1597,0.8443,0.2223,0.3669,0.2455,0.6153,0.415,-0.1906,C,0.2489,0.322-0.622,0.536,0.336,0.106
1880,276980,-31.81,15,80.0,0.8092,0.1316,0.7206,0.3118,0.3929,0.075,0.4875,0.4415,-0.2823,C,0.1784,0.322-0.622,0.536,0.336,0.106
1881,276994,-12.53,14,100.0,0.6472,0.1646,0.8258,0.1816,0.4365,0.8788,0.7057,0.4147,-0.0843,C,0.1719,0.322-0.622,0.536,0.336,0.106
1882,277007,-20.94,13,0.0,0.0,0.0,0.8705,0.168,0.4597,0.0,0.0,0.4363,-0.0925,C,0.2101,0.322-0.622,0.536,0.336,0.106
1883,277021,-18.18,14,100.0,0.619,0.1886,0.7746,0.3362,0.4217,1.0035,0.8282,0.4716,-0.3266,C,0.1909,0.322-0.622,0.536,0.336,0.106
1884,277034,-18.75,13,100.0,0.838,0.0916,0.8503,0.2474,0.4398,0.0849,0.4339,0.4544,-0.2761,C,0.2063,0.322-0.622,0.536,0.336,0.106
1885,277088,-63.17,54,94.4,0.6263,0.21,0.4902,0.5273,0.7926,0.538,0.8592,0.4046,-0.5303,C,0.2157,0.322-0.622,0.537,0.337,0.106
1886,277103,-17.36,15,100.0,0.6168,0.1962,0.7599,0.3018,0.4439,0.9183,0.8725,0.4494,-0.2479,C,0.2453,0.322-0.622,0.537,0.337,0.106
1887,277172,61.08,69,95.7,0.3371,0.2236,0.5668,0.4955,0.8472,2.1636,0.8817,0.3246,-0.4962,C,0.2187,0.322-0.622,0.537,0.337,0.106
1888,277188,-15.16,16,81.2,0.6929,0.1661,0.7661,0.2211,0.3646,0.2749,0.6034,0.471,-0.1318,C,0.241,0.322-0.622,0.537,0.337,0.106
1889,277202,-5.4,14,100.0,0.6851,0.1751,0.844,0.1737,0.3369,0.7646,0.7795,0.4435,-0.1307,C,0.2111,0.322-0.622,0.537,0.337,0.106
1890,277215,-8.44,13,100.0,0.6749,0.175,0.8925,0.1461,0.413,0.3915,0.779,0.4654,-0.1047,C,0.1668,0.322-0.622,0.537,0.337,0.106
1891,277241,-20.7,26,88.5,0.4734,0.2269,0.5878,0.4425,0.5266,1.3486,0.7995,0.4375,-0.4003,C,0.2255,0.322-0.622,0.537,0.337,0.106
1892,277405,193.72,164,97.6,0.3012,0.2632,0.4114,0.5389,0.914,2.3022,0.8717,0.4432,-0.5242,C,0.1826,0.322-0.622,0.537,0.337,0.106
1893,277420,-17.94,15,93.3,0.7556,0.1808,0.7037,0.2472,0.4104,0.2014,0.7718,0.4478,-0.149,C,0.1707,0.322-0.622,0.537,0.337,0.106
1894,277434,-4.99,14,85.7,0.9114,0.0872,0.814,0.1631,0.444,0.0379,0.348,0.3998,-0.0608,C,0.189,0.322-0.622,0.537,0.337,0.106
1895,277449,-12.07,15,86.7,0.7402,0.1369,0.8791,0.1261,0.3135,0.2988,0.537,0.4057,-0.0433,C,0.1952,0.322-0.622,0.537,0.337,0.106
1896,277464,-16.29,15,100.0,0.7794,0.1461,0.7894,0.2879,0.3593,0.393,0.6551,0.4674,-0.2475,C,0.2017,0.322-0.622,0.537,0.337,0.106
1897,277478,-5.81,14,85.7,0.5738,0.215,0.8453,0.1486,0.4286,0.6333,0.7723,0.4389,-0.0871,C,0.19,0.322-0.622,0.537,0.337,0.106
1898,277492,-12.67,14,100.0,0.6268,0.1824,0.8093,0.2734,0.4335,0.837,0.8109,0.3899,-0.2367,C,0.2327,0.322-0.622,0.537,0.337,0.106
1899,277507,-10.42,15,80.0,0.8512,0.1134,0.7873,0.2139,0.3676,0.0605,0.4242,0.4112,-0.1137,C,0.1919,0.322-0.622,0.538,0.338,0.106
1900,277520,-11.83,13,84.6,0.9938,0.0566,0.8568,0.1665,0.4455,0.0158,0.2352,0.4044,-0.1095,C,0.1975,0.322-0.622,0.538,0.338,0.106
1901,277535,-0.08,15,100.0,0.7168,0.2066,0.7797,0.2043,0.4539,0.326,0.8952,0.4034,-0.0948,C,0.2056,0.322-0.622,0.538,0.338,0.106
1902,277549,-5.71,14,100.0,0.9217,0.1124,0.8412,0.1786,0.4411,0.0475,0.5207,0.4316,-0.0822,C,0.1705,0.322-0.622,0.538,0.338,0.106
1903,277567,-22.08,18,72.2,0.719,0.1596,0.7731,0.2409,0.3214,0.2105,0.5116,0.3662,-0.1534,C,0.1608,0.322-0.622,0.538,0.338,0.106
1904,277584,-16.43,17,100.0,0.7561,0.1511,0.6768,0.3223,0.4067,0.514,0.6729,0.4342,-0.2367,C,0.1629,0.322-0.622,0.538,0.338,0.106
1905,277600,-8.12,16,75.0,0.6672,0.1765,0.7961,0.204,0.3221,0.3835,0.5763,0.4201,-0.1266,C,0.2066,0.322-0.622,0.538,0.338,0.106
1906,277615,-20.92,15,93.3,0.5699,0.218,0.6797,0.3603,0.4252,0.7863,0.8489,0.457,-0.2721,C,0.1664,0.322-0.622,0.538,0.338,0.106
1907,277637,-8.84,22,95.5,0.5341,0.2258,0.5917,0.3886,0.5788,1.0875,0.8567,0.4385,-0.3549,C,0.2015,0.322-0.622,0.538,0.338,0.106
1908,277651,-6.44,14,100.0,0.4937,0.2308,0.7744,0.1955,0.4323,1.293,0.9449,0.4398,-0.1145,C,0.2217,0.322-0.622,0.538,0.338,0.106
1909,277668,4.22,17,88.2,0.5598,0.217,0.692,0.2275,0.4901,0.8032,0.791,0.4341,-0.1374,C,0.1866,0.322-0.622,0.538,0.338,0.106
1910,277688,-27.6,20,50.0,1.062,0.0301,0.7276,0.2837,0.4452,0.0032,0.0955,0.4103,-0.1833,C,0.1803,0.322-0.622,0.538,0.338,0.106
1911,277703,-15.72,15,100.0,0.6216,0.2126,0.7,0.2656,0.3859,0.9066,0.8818,0.4021,-0.1706,C,0.2342,0.322-0.622,0.538,0.338,0.106
1912,277717,-9.26,14,85.7,0.5303,0.2378,0.8486,0.1825,0.3981,0.8648,0.7853,0.4361,-0.1268,C,0.2407,0.322-0.622,0.538,0.338,0.106
1913,277731,-21.15,14,0.0,0.0,0.0,0.7822,0.1474,0.4346,0.0,0.0,0.4299,-0.0646,C,0.1694,0.322-0.622,0.538,0.338,0.106
1914,277745,-10.67,14,78.6,0.917,0.0545,0.8477,0.1296,0.3803,0.0263,0.2258,0.4365,-0.0535,C,0.1581,0.322-0.622,0.538,0.338,0.106
1915,277761,-21.91,16,87.5,0.7155,0.1485,0.8056,0.2264,0.3214,0.5963,0.5788,0.4399,-0.1954,C,0.2443,0.322-0.622,0.538,0.338,0.106
1916,277775,-8.68,14,100.0,0.7671,0.163,0.8757,0.0922,0.3877,0.1858,0.7377,0.3871,-0.0346,C,0.1725,0.322-0.622,0.538,0.338,0.106
1917,277792,-19.76,17,82.4,0.7067,0.1546,0.7165,0.2343,0.3387,0.2399,0.585,0.417,-0.1139,C,0.2122,0.322-0.622,0.538,0.338,0.106
1918,277807,-26.71,15,100.0,0.7182,0.1725,0.7301,0.3516,0.3801,0.5318,0.7749,0.4616,-0.3458,C,0.1996,0.322-0.622,0.538,0.338,0.106
1919,277822,-8.28,15,100.0,0.6734,0.1954,0.7383,0.2701,0.3811,0.7546,0.8415,0.4735,-0.1961,C,0.1958,0.322-0.622,0.538,0.338,0.106
1920,277837,-9.16,15,93.3,0.475,0.2237,0.6708,0.3313,0.4019,1.3898,0.839,0.4021,-0.2985,C,0.205,0.322-0.622,0.538,0.338,0.106
1921,277850,-28.9,13,7.7,1.068,0.0029,0.8906,0.094,0.4451,0.0003,0.0092,0.426,-0.0295,C,0.1583,0.322-0.622,0.538,0.338,0.106
1922,277864,-9.38,14,100.0,0.7041,0.1974,0.8171,0.2322,0.4225,0.4663,0.8547,0.4641,-0.1762,C,0.2415,0.322-0.622,0.538,0.338,0.106
1923,277881,-20.74,17,82.4,0.7329,0.1508,0.7138,0.2766,0.3587,0.2511,0.5478,0.3805,-0.1608,C,0.1684,0.322-0.622,0.538,0.338,0.106
1924,277897,-33.65,16,87.5,0.9789,0.0556,0.7748,0.3137,0.3857,0.0197,0.2394,0.4151,-0.2503,C,0.226,0.322-0.622,0.538,0.338,0.106
1925,277962,51.29,65,93.8,0.2938,0.2179,0.4912,0.498,0.8377,2.3176,0.7384,0.4038,-0.4909,C,0.2155,0.322-0.622,0.538,0.338,0.106
1926,277975,-5.69,13,100.0,0.7404,0.1363,0.8257,0.1738,0.4151,0.2032,0.6337,0.4326,-0.1038,C,0.239,0.322-0.622,0.539,0.339,0.106
1927,277989,-8.3,14,100.0,0.5574,0.2106,0.7266,0.2312,0.3721,1.2012,0.8879,0.4371,-0.1551,C,0.2317,0.322-0.622,0.539,0.339,0.106
1928,278004,-9.63,15,93.3,0.7278,0.1952,0.7938,0.2314,0.4325,0.2444,0.8222,0.4269,-0.1417,C,0.1643,0.322-0.622,0.539,0.339,0.106
1929,278019,-0.29,15,100.0,0.5938,0.2141,0.7999,0.234,0.5277,0.9306,0.8794,0.3959,-0.1264,C,0.2352,0.322-0.622,0.539,0.339,0.106
1930,278036,-30.07,17,100.0,0.8343,0.1441,0.5863,0.3698,0.4586,0.2794,0.654,0.4315,-0.2895,C,0.2246,0.322-0.622,0.539,0.339,0.106
1931,278051,-12.04,15,100.0,0.5443,0.2177,0.7392,0.3008,0.4099,1.0477,0.8934,0.4589,-0.2149,C,0.1729,0.322-0.622,0.539,0.339,0.106
1932,278065,-2.44,14,100.0,0.6443,0.1761,0.8217,0.1731,0.4089,0.8703,0.7691,0.3876,-0.0635,C,0.1829,0.322-0.622,0.539,0.339,0.106
1933,278123,-74.81,58,86.2,0.6745,0.0962,0.5266,0.5043,0.8264,0.6077,0.3977,0.3334,-0.5043,C,0.2275,0.322-0.622,0.539,0.339,0.106
1934,278139,-9.11,16,81.2,0.8686,0.1224,0.7671,0.2082,0.527,0.0636,0.4737,0.4117,-0.0935,C,0.2439,0.322-0.622,0.539,0.339,0.106
1935,278223,37.32,84,97.6,0.4238,0.2095,0.4265,0.4765,0.8292,1.6005,0.9021,0.3308,-0.432,C,0.2091,0.322-0.622,0.539,0.339,0.107
1936,278237,-9.87,14,100.0,0.6488,0.1929,0.8418,0.169,0.3928,0.7324,0.8298,0.4594,-0.1023,C,0.2418,0.322-0.622,0.539,0.339,0.107
1937,278250,-7.79,13,100.0,0.6135,0.2096,0.8323,0.1975,0.399,0.6649,0.9199,0.4477,-0.1613,C,0.2111,0.322-0.622,0.539,0.339,0.107
1938,278265,-22.43,15,93.3,0.7642,0.1548,0.7597,0.2181,0.319,0.3121,0.6315,0.4307,-0.1599,C,0.2274,0.322-0.622,0.539,0.339,0.107
1939,278280,-13.2,15,93.3,0.7248,0.1657,0.7776,0.2515,0.3869,0.358,0.6889,0.4281,-0.1871,C,0.1924,0.322-0.622,0.539,0.339,0.107
1940,278295,-17.6,15,86.7,0.9266,0.0773,0.8103,0.1875,0.4213,0.0309,0.3205,0.442,-0.1021,C,0.2284,0.322-0.622,0.539,0.339,0.107
1941,278309,7.21,14,100.0,0.502,0.2334,0.8207,0.1566,0.4377,1.2869,0.8637,0.3837,-0.0727,C,0.1889,0.322-0.622,0.539,0.339,0.107
1942,278325,-24.72,16,100.0,0.6293,0.1876,0.6676,0.3561,0.4173,0.8534,0.8166,0.4864,-0.2749,C,0.2405,0.322-0.622,0.539,0.339,0.107
1943,278339,-3.28,14,100.0,0.4651,0.2347,0.7754,0.1916,0.4522,1.4023,0.9657,0.4753,-0.1092,C,0.2142,0.322-0.622,0.539,0.339,0.107
1944,278352,-6.42,13,92.3,0.7346,0.1386,0.8761,0.1274,0.3843,0.1933,0.5893,0.4256,-0.052,C,0.1602,0.322-0.622,0.539,0.339,0.107
1945,278373,-31.12,21,95.2,0.5108,0.2315,0.5452,0.4552,0.5243,1.1787,0.8699,0.4108,-0.4287,C,0.1602,0.322-0.622,0.539,0.339,0.107
1946,278387,-43.69,14,0.0,0.0,0.0,0.7388,0.322,0.4393,0.0,0.0,0.4361,-0.3201,C,0.2471,0.322-0.622,0.539,0.339,0.107
1947,278519,-165.52,132,97.7,0.7199,0.1642,0.4235,0.5539,0.9097,0.2189,0.7501,0.3548,-0.5468,C,0.2242,0.322-0.622,0.54,0.34,0.107
1948,278532,-29.2,13,0.0,0.0,0.0,0.8745,0.142,0.4265,0.0,0.0,0.4551,-0.0816,C,0.1943,0.322-0.622,0.54,0.34,0.107
1949,278547,-30.24,15,93.3,0.7346,0.1595,0.7312,0.3216,0.3846,0.341,0.6685,0.4327,-0.2821,C,0.1743,0.322-0.622,0.54,0.34,0.107
1950,278561,-12.63,14,100.0,0.6223,0.1964,0.7397,0.2774,0.4775,0.5391,0.8707,0.4511,-0.1916,C,0.1779,0.322-0.622,0.54,0.34,0.107
1951,278576,-31.06,15,93.3,0.9607,0.039,0.7052,0.3407,0.4256,0.0264,0.2039,0.3977,-0.2765,C,0.2109,0.322-0.622,0.54,0.34,0.107
1952,278590,-12.28,14,92.9,0.7206,0.1433,0.8212,0.1624,0.3877,0.2114,0.6157,0.4093,-0.0765,C,0.1898,0.322-0.622,0.54,0.34,0.107
1953,278604,-13.95,14,92.9,0.6386,0.1925,0.7547,0.2147,0.3482,0.5257,0.7903,0.4465,-0.1257,C,0.2353,0.322-0.622,0.54,0.34,0.107
1954,278622,-2.02,18,94.4,0.5396,0.2318,0.7614,0.2335,0.5127,1.0224,0.8823,0.3903,-0.1509,C,0.16,0.322-0.622,0.54,0.34,0.107
1955,278636,-20.57,14,100.0,0.7237,0.1743,0.7768,0.2911,0.3667,0.6283,0.7633,0.4774,-0.23,C,0.1877,0.322-0.622,0.54,0.34,0.107
1956,278652,-17.88,16,93.8,0.7162,0.2003,0.7931,0.2819,0.421,0.3821,0.7878,0.4172,-0.1971,C,0.2419,0.322-0.622,0.54,0.34,0.107
1957,278666,4.23,14,100.0,0.5392,0.2302,0.8663,0.136,0.4274,1.0642,0.9412,0.4489,-0.059,C,0.2008,0.322-0.622,0.54,0.34,0.107
1958,278683,0.4,17,88.2,0.5007,0.2356,0.7277,0.3016,0.4899,1.0518,0.8005,0.4205,-0.2175,C,0.2055,0.322-0.622,0.54,0.34,0.107
1959,278697,-4.01,14,92.9,0.7169,0.1681,0.8179,0.1777,0.3886,0.2741,0.7049,0.4101,-0.0989,C,0.2254,0.322-0.622,0.54,0.34,0.107
1960,278710,-8.3,13,100.0,0.6402,0.1951,0.8678,0.176,0.3723,0.7054,0.8683,0.4324,-0.1324,C,0.1784,0.322-0.622,0.54,0.34,0.107
1961,278724,-11.72,14,100.0,0.6826,0.1888,0.819,0.2385,0.3908,0.7547,0.8053,0.3774,-0.1831,C,0.1834,0.322-0.622,0.54,0.34,0.107
1962,278738,-28.99,14,100.0,0.7947,0.1487,0.744,0.319,0.4263,0.2414,0.6759,0.433,-0.3001,C,0.2275,0.322-0.622,0.54,0.34,0.107
1963,278752,-14.43,14,85.7,0.759,0.1233,0.8464,0.1469,0.3557,0.1444,0.4952,0.4556,-0.0799,C,0.2337,0.322-0.622,0.54,0.34,0.107
1964,278822,79.49,70,95.7,0.2669,0.2376,0.4815,0.5557,0.8629,2.5635,0.9124,0.4575,-0.5633,C,0.1787,0.322-0.622,0.54,0.34,0.107
1965,278836,-33.31,14,100.0,0.5216,0.2162,0.76,0.4137,0.4129,1.2062,0.9366,0.4429,-0.4775,C,0.1739,0.322-0.622,0.54,0.34,0.107
1966,278849,-26.28,13,53.8,1.0424,0.0219,0.829,0.1777,0.4159,0.0048,0.0896,0.4252,-0.1065,C,0.2114,0.322-0.622,0.54,0.34,0.107
1967,278864,1.75,15,100.0,0.5427,0.2279,0.7229,0.2085,0.4301,1.0766,0.9212,0.4454,-0.112,C,0.2465,0.322-0.622,0.54,0.34,0.107
1968,278878,-2.75,14,100.0,0.757,0.1659,0.8508,0.1534,0.4291,0.5165,0.6925,0.424,-0.0827,C,0.2443,0.322-0.622,0.54,0.34,0.107
1969,278892,-22.75,14,100.0,0.8091,0.1555,0.7366,0.2613,0.4019,0.2469,0.7029,0.435,-0.1834,C,0.226,0.322-0.622,0.54,0.34,0.107
1970,278908,-17.73,16,81.2,0.7763,0.1247,0.8443,0.1848,0.4305,0.0983,0.4723,0.4567,-0.1544,C,0.1921,0.322-0.622,0.541,0.341,0.107
1971,278935,-21.01,27,88.9,0.6707,0.18,0.6079,0.407,0.6128,0.3656,0.678,0.4203,-0.3299,C,0.2143,0.322-0.622,0.541,0.341,0.107
1972,278955,-33.81,20,90.0,0.6799,0.1969,0.6025,0.3941,0.4883,0.4594,0.7631,0.3961,-0.3589,C,0.1816,0.322-0.622,0.541,0.341,0.107
1973,278971,-7.26,16,93.8,0.541,0.2154,0.6191,0.3056,0.4336,1.0714,0.8469,0.4565,-0.2356,C,0.1856,0.322-0.622,0.541,0.341,0.107
1974,279001,-25.0,30,86.7,0.5159,0.2246,0.5848,0.464,0.586,1.1198,0.8078,0.4378,-0.4798,C,0.1706,0.322-0.622,0.541,0.341,0.107
1975,279016,-25.27,15,100.0,0.6474,0.1976,0.751,0.3235,0.4336,0.7429,0.8314,0.4306,-0.3107,C,0.2014,0.322-0.622,0.541,0.341,0.107
1976,279030,-19.43,14,100.0,0.6948,0.1718,0.7507,0.2146,0.347,0.7094,0.7534,0.457,-0.1488,C,0.1722,0.322-0.622,0.541,0.341,0.107
1977,279048,-15.41,18,94.4,0.643,0.2044,0.6165,0.347,0.4117,0.6292,0.8204,0.4762,-0.2816,C,0.1975,0.322-0.622,0.541,0.341,0.107
1978,279062,-24.47,14,100.0,0.7149,0.1882,0.8374,0.2476,0.4154,0.2887,0.8352,0.4561,-0.2208,C,0.1755,0.322-0.622,0.541,0.341,0.107
1979,279113,-44.25,51,88.2,0.5528,0.2069,0.5242,0.4826,0.6435,0.7542,0.7901,0.3847,-0.4534,C,0.2465,0.322-0.622,0.541,0.341,0.107
1980,279128,-16.51,15,100.0,0.6087,0.2072,0.7982,0.2672,0.4119,0.7547,0.9056,0.3928,-0.1895,C,0.2211,0.322-0.622,0.541,0.341,0.107
1981,279141,-23.87,13,0.0,0.0,0.0,0.8841,0.115,0.3862,0.0,0.0,0.4081,-0.0763,C,0.2254,0.322-0.622,0.541,0.341,0.107
1982,279155,-5.81,14,100.0,0.711,0.1745,0.8263,0.1858,0.3682,0.6117,0.767,0.4336,-0.1143,C,0.2422,0.322-0.622,0.541,0.341,0.107
1983,279169,-9.83,14,100.0,0.8584,0.1456,0.752,0.25,0.4282,0.0929,0.6828,0.419,-0.173,C,0.1832,0.322-0.622,0.541,0.341,0.107
1984,279184,-26.39,15,100.0,0.5259,0.2188,0.7364,0.402,0.4181,1.1778,0.9105,0.4773,-0.4043,C,0.2277,0.322-0.622,0.541,0.341,0.107
1985,279267,77.54,83,97.6,0.2918,0.2299,0.4683,0.5427,0.8382,2.4999,0.897,0.4232,-0.5496,C,0.2435,0.322-0.622,0.541,0.341,0.107
1986,279281,-9.05,14,100.0,0.6143,0.1967,0.8095,0.1746,0.3768,0.787,0.8769,0.4104,-0.0753,C,0.1763,0.322-0.622,0.541,0.341,0.107
1987,279296,-21.51,15,86.7,0.6054,0.2059,0.7463,0.282,0.3228,0.7728,0.7512,0.4653,-0.2262,C,0.2277,0.322-0.622,0.541,0.341,0.107
1988,279390,116.54,94,98.9,0.2686,0.235,0.4557,0.5473,0.8903,2.6335,0.9565,0.4715,-0.5718,C,0.2344,0.322-0.622,0.542,0.342,0.107
1989,279405,-23.93,15,100.0,0.5745,0.2149,0.6826,0.3188,0.4175,1.025,0.9051,0.4686,-0.2547,C,0.2449,0.322-0.622,0.542,0.342,0.107
1990,279526,-39.14,121,98.3,0.4051,0.1897,0.4843,0.5827,0.9178,1.6185,0.8382,0.3547,-0.6385,C,0.2288,0.322-0.622,0.542,0.342,0.107
1991,279542,-24.75,16,87.5,0.5898,0.2146,0.7345,0.2852,0.3714,0.7625,0.7971,0.4111,-0.2478,C,0.2002,0.322-0.622,0.542,0.342,0.107
1992,279562,-30.25,20,75.0,0.7238,0.1533,0.6837,0.3368,0.5211,0.1756,0.5383,0.4219,-0.2818,C,0.1847,0.322-0.622,0.542,0.342,0.107
1993,279577,-30.36,15,100.0,0.745,0.1675,0.7091,0.3617,0.4055,0.3252,0.7526,0.4673,-0.3347,C,0.2392,0.322-0.622,0.542,0.342,0.107
1994,279592,-13.12,15,86.7,0.7078,0.1635,0.7589,0.2039,0.3492,0.3403,0.6295,0.3929,-0.1241,C,0.2458,0.322-0.622,0.542,0.342,0.107
1995,279605,-17.93,13,76.9,1.0486,0.045,0.8926,0.1189,0.4041,0.0071,0.1817,0.448,-0.0559,C,0.2001,0.322-0.622,0.542,0.342,0.107
1996,279621,-3.78,16,87.5,0.5598,0.2092,0.7905,0.2728,0.4397,0.7165,0.7556,0.3947,-0.1975,C,0.2043,0.322-0.622,0.542,0.342,0.107
1997,279634,-7.28,13,100.0,0.7276,0.1514,0.7798,0.2138,0.4624,0.4874,0.6738,0.4585,-0.1424,C,0.1695,0.322-0.622,0.542,0.342,0.107
1998,279650,-15.37,16,87.5,0.5746,0.2212,0.672,0.2773,0.3748,0.8319,0.7937,0.4194,-0.1784,C,0.235,0.322-0.622,0.542,0.342,0.107
1999,279664,-8.47,14,100.0,0.8331,0.1168,0.778,0.1955,0.3464,0.2376,0.5453,0.4815,-0.1149,C,0.1707,0.322-0.622,0.542,0.342,0.107
2000,279678,-5.82,14,92.9,0.4575,0.2333,0.8599,0.1976,0.4178,1.3929,0.8432,0.413,-0.126,C,0.1781,0.322-0.622,0.542,0.342,0.107
2001,279771,65.72,93,95.7,0.3266,0.2433,0.479,0.5475,0.839,2.2467,0.9019,0.405,-0.5576,C,0.2011,0.322-0.622,0.542,0.342,0.107
2002,279787,-14.35,16,93.8,0.6941,0.1929,0.6795,0.3037,0.3965,0.5771,0.7731,0.4022,-0.2337,C,0.1875,0.322-0.622,0.542,0.342,0.107
2003,279801,-13.17,14,100.0,0.8982,0.1234,0.784,0.187,0.4346,0.0762,0.5774,0.4219,-0.0899,C,0.2164,0.322-0.622,0.542,0.342,0.107
2004,279815,-11.29,14,78.6,0.8383,0.0928,0.8335,0.1737,0.3981,0.0562,0.3459,0.4106,-0.0794,C,0.2368,0.322-0.622,0.542,0.342,0.107
2005,279830,-2.48,15,100.0,0.8406,0.1516,0.849,0.1635,0.4352,0.1525,0.6955,0.4146,-0.0723,C,0.2041,0.322-0.622,0.542,0.342,0.107
2006,279864,-13.68,34,91.2,0.4948,0.2322,0.596,0.4731,0.6842,1.2782,0.7811,0.4138,-0.4422,C,0.1988,0.322-0.622,0.543,0.343,0.107
2007,279878,-24.88,14,0.0,0.0,0.0,0.8131,0.181,0.4124,0.0,0.0,0.3792,-0.0836,C,0.1829,0.322-0.622,0.543,0.343,0.107
2008,279897,-29.58,19,78.9,0.7775,0.1596,0.6382,0.4178,0.5259,0.107,0.5896,0.4563,-0.3551,C,0.1581,0.322-0.622,0.543,0.343,0.107
2009,279915,-21.89,18,83.3,0.6801,0.185,0.6741,0.3218,0.3569,0.5571,0.642,0.4515,-0.2118,C,0.2247,0.322-0.622,0.543,0.343,0.107
2010,279932,-8.43,17,88.2,0.7459,0.1734,0.7626,0.214,0.5022,0.1905,0.7061,0.4171,-0.1013,C,0.1933,0.322-0.622,0.543,0.343,0.107
2011,279947,-4.08,15,86.7,0.725,0.1914,0.811,0.2137,0.405,0.2215,0.748,0.4126,-0.1056,C,0.1705,0.322-0.622,0.543,0.343,0.107
2012,279961,-3.44,14,85.7,0.648,0.1773,0.8471,0.1455,0.3597,0.4436,0.6569,0.4475,-0.0742,C,0.2101,0.322-0.622,0.543,0.343,0.107
2013,279974,-4.64,13,100.0,0.5857,0.2071,0.8407,0.2077,0.4478,0.9356,0.8737,0.4309,-0.1539,C,0.1854,0.322-0.622,0.543,0.343,0.107
2014,279996,-37.64,22,63.6,0.8784,0.0977,0.6506,0.3855,0.4327,0.027,0.2924,0.3886,-0.334,C,0.235,0.322-0.622,0.543,0.343,0.107
2015,280010,-11.09,14,78.6,0.7375,0.1293,0.8306,0.1863,0.3299,0.1407,0.4681,0.4076,-0.0938,C,0.2485,0.322-0.622,0.543,0.343,0.107
2016,280024,-13.02,14,100.0,0.5673,0.2242,0.7303,0.2708,0.4208,0.9481,0.9276,0.4836,-0.1911,C,0.2327,0.322-0.622,0.543,0.343,0.107
2017,280093,-28.89,69,97.1,0.4897,0.1959,0.4987,0.5282,0.8476,1.1263,0.8473,0.3622,-0.5442,C,0.2289,0.322-0.622,0.543,0.343,0.107
2018,280107,-0.23,14,100.0,0.6329,0.2118,0.8272,0.1773,0.4373,0.6763,0.901,0.4042,-0.1019,C,0.2018,0.322-0.622,0.543,0.343,0.107
2019,280122,-25.52,15,86.7,0.8307,0.1178,0.7204,0.2808,0.3769,0.0759,0.4751,0.4862,-0.2174,C,0.1746,0.322-0.622,0.543,0.343,0.107
2020,280136,-25.91,14,92.9,0.8428,0.0974,0.8423,0.2596,0.3558,0.1199,0.4365,0.4527,-0.2274,C,0.2302,0.322-0.622,0.543,0.343,0.107
2021,280151,-14.63,15,100.0,0.5303,0.2219,0.6399,0.3436,0.4216,1.3351,0.8849,0.4834,-0.2924,C,0.1589,0.322-0.622,0.543,0.343,0.107
2022,280367,-61.42,216,99.5,0.3479,0.193,0.4553,0.6298,0.9487,2.0079,0.7811,0.3181,-0.6999,C,0.1726,0.322-0.622,0.544,0.344,0.107
2023,280385,-21.91,18,100.0,0.5633,0.2203,0.6134,0.3716,0.4854,1.0687,0.8982,0.4674,-0.3194,C,0.2428,0.322-0.622,0.544,0.344,0.107
2024,280400,-26.2,15,93.3,0.7985,0.1295,0.7793,0.2884,0.3245,0.3054,0.5534,0.4854,-0.2847,C,0.2485,0.322-0.622,0.544,0.344,0.107
2025,280415,-14.13,15,93.3,0.9359,0.0823,0.8453,0.1549,0.4213,0.0336,0.3594,0.3898,-0.06,C,0.2209,0.322-0.622,0.544,0.344,0.107
2026,280458,30.81,43,95.3,0.3836,0.2551,0.5916,0.3979,0.7505,1.7016,0.856,0.4557,-0.3543,C,0.1653,0.322-0.622,0.544,0.344,0.107
2027,280479,-15.21,21,95.2,0.4867,0.2346,0.5473,0.3444,0.5301,1.2695,0.8885,0.41,-0.2913,C,0.2244,0.322-0.622,0.544,0.344,0.107
2028,280493,-19.67,14,100.0,0.9593,0.0847,0.8004,0.2178,0.3939,0.0857,0.42,0.4162,-0.1335,C,0.205,0.322-0.622,0.544,0.344,0.107
2029,280507,1.63,14,100.0,0.5793,0.2018,0.8405,0.1589,0.4456,1.0109,0.856,0.4256,-0.0698,C,0.2208,0.322-0.622,0.544,0.344,0.107
2030,280522,-16.59,15,100.0,0.6577,0.1888,0.6978,0.2324,0.3398,0.9185,0.8102,0.4677,-0.1615,C,0.2266,0.322-0.622,0.544,0.344,0.107
2031,280580,9.54,58,91.4,0.4738,0.2381,0.4817,0.4678,0.7634,1.2245,0.8705,0.4114,-0.4318,C,0.1953,0.322-0.622,0.544,0.344,0.107
2032,280595,-12.27,15,100.0,0.624,0.2038,0.7408,0.2399,0.4402,0.8696,0.8653,0.4393,-0.1371,C,0.2453,0.322-0.622,0.544,0.344,0.107
2033,280609,-8.52,14,100.0,0.8716,0.1233,0.8272,0.1617,0.3955,0.1961,0.5833,0.4113,-0.1214,C,0.1701,0.322-0.622,0.544,0.344,0.107
2034,280625,-4.26,16,93.8,0.5489,0.234,0.7447,0.2704,0.444,1.0512,0.8484,0.4408,-0.1914,C,0.2008,0.322-0.622,0.544,0.344,0.107
2035,280639,-7.87,14,85.7,0.9955,0.0431,0.8143,0.1726,0.4434,0.0136,0.1971,0.4224,-0.0799,C,0.1894,0.322-0.622,0.544,0.344,0.107
2036,280660,-17.78,21,85.7,0.7338,0.1666,0.6819,0.3319,0.5816,0.192,0.6666,0.3623,-0.2648,C,0.1857,0.322-0.622,0.544,0.344,0.107
2037,280674,-15.31,14,100.0,0.7396,0.1563,0.7771,0.2792,0.3888,0.2457,0.7393,0.4278,-0.238,C,0.2184,0.322-0.622,0.544,0.344,0.107
2038,280688,-12.06,14,100.0,0.9653,0.0622,0.8225,0.2222,0.4565,0.0246,0.3044,0.4553,-0.1853,C,0.1978,0.322-0.622,0.544,0.344,0.107
2039,280702,-2.45,14,100.0,0.5291,0.2269,0.8238,0.2131,0.4138,1.1998,0.9587,0.4298,-0.1415,C,0.2417,0.322-0.622,0.544,0.344,0.107
2040,280757,-23.44,55,74.5,0.3338,0.1452,0.5945,0.469,0.797,1.5634,0.4705,0.2795,-0.4903,C,0.2066,0.322-0.622,0.544,0.344,0.107
2041,280986,246.48,229,98.7,0.2949,0.221,0.4324,0.5764,0.9282,2.4168,0.9344,0.4427,-0.5844,C,0.2392,0.322-0.622,0.545,0.345,0.107
2042,281000,-19.53,14,85.7,0.7044,0.1441,0.8231,0.215,0.369,0.2024,0.5606,0.4479,-0.1345,C,0.1884,0.322-0.622,0.545,0.345,0.107
2043,281016,-15.2,16,81.2,0.7867,0.1409,0.7459,0.314,0.4443,0.1003,0.537,0.4248,-0.2113,C,0.1839,0.322-0.622,0.545,0.345,0.108
2044,281029,-18.84,13,0.0,0.0,0.0,0.881,0.1009,0.386,0.0,0.0,0.4518,-0.0347,C,0.25,0.322-0.622,0.545,0.345,0.108
2045,281043,-9.53,14,100.0,0.6551,0.1667,0.8602,0.1818,0.3999,0.8413,0.7287,0.4407,-0.1424,C,0.2435,0.322-0.622,0.545,0.345,0.108
2046,281059,-32.79,16,87.5,0.6533,0.1784,0.6815,0.4517,0.426,0.4777,0.6892,0.3623,-0.4844,C,0.1635,0.322-0.622,0.545,0.345,0.108
2047,281081,-1.57,22,95.5,0.8446,0.0951,0.6997,0.1872,0.5978,0.0745,0.4235,0.3768,-0.0794,C,0.158,0.322-0.622,0.545,0.345,0.108
2048,281095,-1.41,14,100.0,0.5354,0.2418,0.7898,0.2084,0.454,1.061,0.9536,0.4314,-0.134,C,0.1958,0.322-0.622,0.545,0.345,0.108
2049,281140,-18.66,45,84.4,0.5149,0.201,0.5352,0.4473,0.7241,0.8481,0.6731,0.3127,-0.3987,C,0.1605,0.322-0.622,0.545,0.345,0.108
2050,281156,-9.12,16,81.2,0.8479,0.1116,0.7627,0.2033,0.4594,0.0573,0.4231,0.3994,-0.1102,C,0.1992,0.322-0.622,0.545,0.345,0.108
2051,281170,-3.05,14,100.0,1.0017,0.0795,0.8646,0.155,0.4509,0.0229,0.369,0.4265,-0.0537,C,0.1819,0.322-0.622,0.545,0.345,0.108
2052,281185,-4.99,15,100.0,0.7571,0.1734,0.8311,0.1758,0.4588,0.3331,0.7576,0.4366,-0.1127,C,0.2425,0.322-0.622,0.545,0.345,0.108
2053,281199,1.78,14,100.0,0.5932,0.2017,0.8687,0.1574,0.4161,0.938,0.8455,0.3935,-0.0694,C,0.2083,0.322-0.622,0.545,0.345,0.108
2054,281248,-57.99,49,83.7,0.4484,0.1645,0.6227,0.5128,0.7848,1.1433,0.5414,0.2858,-0.5631,C,0.1584,0.322-0.622,0.546,0.346,0.108
2055,281263,-22.11,15,80.0,0.8976,0.0858,0.7933,0.2906,0.4037,0.0367,0.3214,0.4008,-0.2375,C,0.1626,0.322-0.622,0.546,0.346,0.108
2056,281277,-11.27,14,100.0,0.7009,0.1723,0.8153,0.2285,0.4153,0.7779,0.7513,0.3998,-0.1765,C,0.2326,0.322-0.622,0.546,0.346,0.108
2057,281291,-21.41,14,7.1,1.0236,0.0039,0.802,0.1975,0.4211,0.0005,0.0087,0.4232,-0.1032,C,0.2188,0.322-0.622,0.546,0.346,0.108
2058,281305,-10.84,14,85.7,0.7317,0.1378,0.8472,0.1772,0.3543,0.1864,0.5479,0.4319,-0.11,C,0.1653,0.322-0.622,0.546,0.346,0.108
2059,281319,0.7,14,100.0,0.8348,0.1558,0.8416,0.1373,0.4161,0.1298,0.721,0.4353,-0.0412,C,0.1906,0.322-0.622,0.546,0.346,0.108
2060,281333,-10.56,14,100.0,0.69,0.2114,0.8315,0.2831,0.4462,0.4494,0.8912,0.4376,-0.2379,C,0.2051,0.322-0.622,0.546,0.346,0.108
2061,281346,-11.45,13,76.9,0.7956,0.148,0.8792,0.1756,0.4442,0.1257,0.5359,0.4012,-0.1758,C,0.2033,0.322-0.622,0.546,0.346,0.108
2062,281360,10.43,14,100.0,0.4493,0.2255,0.8348,0.1621,0.4171,1.6042,0.8769,0.4024,-0.0844,C,0.1618,0.322-0.622,0.546,0.346,0.108
2063,281374,-20.59,14,100.0,0.7051,0.1628,0.7883,0.2276,0.3711,0.7966,0.7133,0.4675,-0.1715,C,0.168,0.322-0.622,0.546,0.346,0.108
2064,281390,0.35,16,93.8,0.497,0.2218,0.7867,0.2024,0.4228,1.1932,0.8205,0.389,-0.1042,C,0.1944,0.322-0.622,0.546,0.346,0.108
2065,281404,-11.0,14,100.0,0.644,0.2071,0.7905,0.2724,0.4346,0.6542,0.871,0.4621,-0.2309,C,0.1776,0.322-0.622,0.546,0.346,0.108
2066,281419,-18.89,15,100.0,0.7338,0.1683,0.7485,0.204,0.3243,0.6897,0.7443,0.4166,-0.1317,C,0.1796,0.322-0.622,0.546,0.346,0.108
2067,281434,-6.09,15,86.7,0.6073,0.2015,0.7792,0.2282,0.3093,0.9821,0.7317,0.4697,-0.1542,C,0.203,0.322-0.622,0.546,0.346,0.108
2068,281450,-12.01,16,100.0,0.6411,0.1951,0.7524,0.2158,0.47,0.762,0.778,0.4225,-0.1065,C,0.1714,0.322-0.622,0.546,0.346,0.108
2069,281467,-16.73,17,88.2,0.709,0.1667,0.7592,0.2425,0.3203,0.5866,0.6598,0.396,-0.1419,C,0.1908,0.322-0.622,0.546,0.346,0.108
2070,281488,-27.52,21,81.0,0.7035,0.1712,0.6006,0.3644,0.4552,0.2291,0.6267,0.4553,-0.3065,C,0.1877,0.322-0.622,0.546,0.346,0.108
2071,281503,-24.14,15,80.0,1.0075,0.0348,0.8316,0.1779,0.437,0.0112,0.1619,0.4139,-0.1181,C,0.2445,0.322-0.622,0.546,0.346,0.108
2072,281561,49.07,58,89.7,0.3141,0.2154,0.5051,0.4559,0.8364,1.9723,0.6755,0.338,-0.3895,C,0.2384,0.322-0.622,0.546,0.346,0.108
2073,281575,-20.07,14,100.0,0.5461,0.2301,0.7218,0.2981,0.4214,0.9732,0.9552,0.4825,-0.3032,C,0.2474,0.322-0.622,0.546,0.346,0.108
2074,281624,-56.03,49,98.0,0.6135,0.1514,0.5681,0.4747,0.7903,0.5763,0.64,0.3239,-0.4602,C,0.1593,0.322-0.622,0.546,0.346,0.108
2075,281827,211.93,203,98.5,0.294,0.2635,0.4072,0.5758,0.9319,2.3534,0.9304,0.4613,-0.5938,C,0.1862,0.322-0.622,0.547,0.347,0.108
2076,281862,-4.08,35,88.6,0.511,0.2419,0.5264,0.4081,0.6442,1.0207,0.8128,0.3105,-0.3541,C,0.194,0.322-0.622,0.547,0.347,0.108
2077,281876,-10.46,14,100.0,0.6184,0.2125,0.8409,0.1744,0.4059,0.7366,0.9199,0.4445,-0.101,C,0.2189,0.322-0.622,0.547,0.347,0.108
2078,281890,-6.28,14,100.0,0.6476,0.1937,0.8593,0.1872,0.4093,0.8874,0.8238,0.4471,-0.127,C,0.1672,0.322-0.622,0.547,0.347,0.108
2079,281982,-40.99,92,96.7,0.5895,0.2361,0.4456,0.5239,0.8849,0.6084,0.9271,0.4799,-0.5039,C,0.2217,0.322-0.622,0.547,0.347,0.108
2080,281997,-20.22,15,100.0,0.5428,0.2129,0.7021,0.2899,0.3613,1.2763,0.8829,0.3806,-0.2454,C,0.2463,0.322-0.622,0.547,0.347,0.108
2081,282012,-5.09,15,86.7,0.7434,0.1508,0.8184,0.1642,0.3164,0.3017,0.582,0.4718,-0.0514,C,0.1688,0.322-0.622,0.547,0.347,0.108
2082,282059,-14.96,47,97.9,0.5073,0.2245,0.5496,0.4722,0.7284,1.1215,0.8931,0.3763,-0.447,C,0.2344,0.322-0.622,0.547,0.347,0.108
2083,282072,-26.59,13,0.0,0.0,0.0,0.8734,0.1092,0.4273,0.0,0.0,0.4135,-0.036,C,0.1854,0.322-0.622,0.547,0.347,0.108
2084,282098,-33.03,26,76.9,0.5097,0.1922,0.5903,0.4282,0.5147,0.9715,0.6261,0.4494,-0.4308,C,0.1819,0.322-0.622,0.547,0.347,0.108
2085,282113,-17.59,15,86.7,0.8059,0.0986,0.761,0.2949,0.3895,0.0956,0.41,0.4367,-0.2105,C,0.1896,0.322-0.622,0.547,0.347,0.108
2086,282128,-25.01,15,93.3,0.5376,0.2158,0.6597,0.3353,0.3775,1.1031,0.8594,0.3345,-0.284,C,0.1749,0.322-0.622,0.547,0.347,0.108
2087,282193,8.56,65,95.4,0.4925,0.2674,0.5022,0.4477,0.8113,0.9969,0.817,0.3699,-0.4077,C,0.2425,0.322-0.622,0.548,0.348,0.108
2088,282207,3.03,14,100.0,0.592,0.2335,0.8634,0.1578,0.4063,0.7682,0.9558,0.382,-0.0535,C,0.1961,0.322-0.622,0.548,0.348,0.108
2089,282222,-5.34,15,93.3,0.755,0.1664,0.7902,0.2217,0.3991,0.2097,0.7043,0.4336,-0.1214,C,0.1601,0.322-0.622,0.548,0.348,0.108
2090,282237,-18.52,15,46.7,1.1417,0.0054,0.79,0.2159,0.3867,0.0015,0.0585,0.4252,-0.1215,C,0.2476,0.322-0.622,0.548,0.348,0.108
2091,282253,-31.05,16,93.8,0.8238,0.1416,0.6525,0.3443,0.4223,0.1268,0.6109,0.4591,-0.2866,C,0.1648,0.322-0.622,0.548,0.348,0.108
2092,282267,-11.55,14,92.9,0.5432,0.221,0.821,0.2463,0.4273,0.8606,0.8302,0.4304,-0.1681,C,0.2299,0.322-0.622,0.548,0.348,0.108
2093,282280,-22.84,13,0.0,0.0,0.0,0.8124,0.1685,0.4326,0.0,0.0,0.3683,-0.1088,C,0.2409,0.322-0.622,0.548,0.348,0.108
2094,282294,0.98,14,100.0,0.8126,0.1658,0.8689,0.136,0.4442,0.1602,0.7618,0.3985,-0.0422,C,0.1988,0.322-0.622,0.548,0.348,0.108
2095,282307,-8.43,13,100.0,1.0507,0.0234,0.8572,0.1565,0.4438,0.0091,0.1693,0.4376,-0.1133,C,0.2341,0.322-0.622,0.548,0.348,0.108
2096,282402,26.73,95,94.7,0.4013,0.2681,0.4625,0.5062,0.8496,1.5321,0.8025,0.3619,-0.49,C,0.1744,0.322-0.622,0.548,0.348,0.108
2097,282431,-20.67,29,93.1,0.6883,0.171,0.5647,0.4233,0.6832,0.2679,0.7334,0.4574,-0.3551,C,0.2307,0.322-0.622,0.548,0.348,0.108
2098,282452,-20.38,21,71.4,0.8057,0.1023,0.6791,0.2778,0.4341,0.0675,0.3526,0.4046,-0.204,C,0.249,0.322-0.622,0.548,0.348,0.108
2099,282520,8.63,68,95.6,0.4341,0.2413,0.4731,0.4958,0.8013,1.475,0.9255,0.3864,-0.4742,C,0.1908,0.322-0.622,0.548,0.348,0.108
2100,282534,-19.26,14,92.9,0.8745,0.1203,0.8709,0.157,0.4049,0.0672,0.5209,0.4005,-0.072,C,0.1779,0.322-0.622,0.548,0.348,0.108
2101,282548,-4.41,14,100.0,0.6778,0.1886,0.8088,0.17,0.4022,0.5312,0.8219,0.4134,-0.0839,C,0.1967,0.322-0.622,0.548,0.348,0.108
2102,282563,-1.06,15,93.3,0.7431,0.1906,0.8218,0.1921,0.4417,0.232,0.7924,0.4131,-0.0778,C,0.1778,0.322-0.622,0.548,0.348,0.108
2103,282577,-37.28,14,100.0,0.8399,0.1288,0.7454,0.3482,0.3942,0.1158,0.5909,0.4369,-0.3349,C,0.1893,0.322-0.622,0.548,0.348,0.108
2104,282592,-24.02,15,93.3,0.8464,0.1449,0.7802,0.3176,0.449,0.0895,0.6393,0.4534,-0.2464,C,0.2084,0.322-0.622,0.548,0.348,0.108
2105,282606,-5.55,14,92.9,0.9676,0.0561,0.8511,0.1557,0.4215,0.0255,0.2562,0.3832,-0.066,C,0.1713,0.322-0.622,0.548,0.348,0.108
2106,282622,-13.24,16,81.2,0.6363,0.1917,0.8296,0.1825,0.3139,0.5782,0.671,0.4122,-0.0804,C,0.2053,0.322-0.622,0.548,0.348,0.108
2107,282649,5.98,27,92.6,0.4862,0.2395,0.5228,0.3659,0.6543,1.1906,0.8655,0.4351,-0.2845,C,0.1648,0.322-0.622,0.549,0.349,0.108
2108,282665,-11.83,16,93.8,0.6178,0.144,0.6533,0.2958,0.4252,0.7829,0.6043,0.4847,-0.2306,C,0.1954,0.322-0.622,0.549,0.349,0.108
2109,282681,-15.73,16,81.2,0.6038,0.2128,0.703,0.249,0.3393,0.6436,0.7278,0.3906,-0.1559,C,0.2275,0.322-0.622,0.549,0.349,0.108
2110,282695,-8.36,14,100.0,0.6045,0.2075,0.8422,0.1335,0.4207,0.8245,0.8674,0.4385,-0.0541,C,0.2005,0.322-0.622,0.549,0.349,0.108
2111,282716,-30.62,21,85.7,0.6056,0.1576,0.6616,0.4132,0.443,0.6895,0.5987,0.3867,-0.3632,C,0.2498,0.322-0.622,0.549,0.349,0.108
2112,282729,-8.29,13,92.3,1.0369,0.0219,0.861,0.1149,0.4179,0.0096,0.1519,0.4395,-0.0442,C,0.1805,0.322-0.622,0.549,0.349,0.108
2113,282743,-24.26,14,100.0,0.6402,0.1866,0.7219,0.3254,0.4043,0.5771,0.8223,0.4486,-0.2534,C,0.2073,0.322-0.622,0.549,0.349,0.108
2114,282758,-7.8,15,100.0,0.6516,0.2047,0.8219,0.2113,0.4345,0.6793,0.8738,0.4252,-0.098,C,0.2393,0.322-0.622,0.549,0.349,0.108
2115,282771,-26.86,13,0.0,0.0,0.0,0.8752,0.1763,0.4077,0.0,0.0,0.4137,-0.1391,C,0.1909,0.322-0.622,0.549,0.349,0.108
2116,282785,-9.02,14,78.6,1.011,0.0417,0.8437,0.1668,0.4384,0.0125,0.1757,0.3775,-0.0789,C,0.1998,0.322-0.622,0.549,0.349,0.108
2117,282798,-9.8,13,100.0,0.8692,0.1041,0.8367,0.2102,0.4516,0.0846,0.4833,0.4596,-0.1802,C,0.1912,0.322-0.622,0.549,0.349,0.108
2118,282812,-6.98,14,92.9,0.9446,0.066,0.8583,0.1468,0.4325,0.0267,0.297,0.4321,-0.0822,C,0.2367,0.322-0.622,0.549,0.349,0.108
2119,282825,-8.68,13,69.2,1.0621,0.0465,0.8901,0.1059,0.4663,0.0072,0.1696,0.4145,-0.0446,C,0.1786,0.322-0.622,0.549,0.349,0.108
2120,282839,-6.29,14,85.7,0.6987,0.1523,0.8301,0.1253,0.3476,0.3002,0.5917,0.465,-0.045,C,0.2051,0.322-0.622,0.549,0.349,0.108
2121,282855,-7.82,16,93.8,0.6169,0.2301,0.7365,0.3152,0.4488,0.6753,0.817,0.4268,-0.2331,C,0.1652,0.322-0.622,0.549,0.349,0.108
2122,282872,-17.99,17,82.4,0.7612,0.1323,0.7721,0.225,0.3038,0.2432,0.4945,0.4505,-0.1197,C,0.1678,0.322-0.622,0.549,0.349,0.108
2123,282886,-8.11,14,100.0,0.8817,0.1226,0.8632,0.1351,0.4391,0.0684,0.5764,0.4275,-0.0393,C,0.2026,0.322-0.622,0.549,0.349,0.108
2124,282900,-9.98,14,100.0,0.7026,0.1757,0.8144,0.2491,0.4243,0.4168,0.7815,0.4145,-0.198,C,0.1633,0.322-0.622,0.549,0.349,0.108
2125,282948,-62.0,48,79.2,0.5194,0.1292,0.5973,0.5181,0.786,1.0368,0.4833,0.2549,-0.5754,C,0.2468,0.322-0.622,0.549,0.349,0.108
2126,282963,-20.07,15,93.3,0.5913,0.1558,0.7031,0.3427,0.4041,0.8798,0.656,0.4643,-0.2877,C,0.1868,0.322-0.622,0.549,0.349,0.108
2127,282977,-4.31,14,92.9,0.7907,0.1165,0.773,0.1651,0.4403,0.1193,0.5049,0.4512,-0.0746,C,0.1933,0.322-0.622,0.549,0.349,0.108
2128,282991,-8.3,14,100.0,0.8644,0.1449,0.8502,0.199,0.4393,0.1536,0.6676,0.3838,-0.1487,C,0.2148,0.322-0.622,0.549,0.349,0.108
2129,283021,5.53,30,96.7,0.6552,0.1606,0.6128,0.2831,0.6756,0.5702,0.6151,0.3241,-0.1821,C,0.1593,0.322-0.622,0.549,0.349,0.108
2130,283074,17.39,53,90.6,0.5274,0.2381,0.4671,0.3965,0.7885,0.8072,0.8491,0.3902,-0.3263,C,0.1688,0.322-0.622,0.549,0.349,0.108
2131,283089,-31.95,15,86.7,0.6806,0.1696,0.8013,0.3161,0.307,0.4271,0.6485,0.3963,-0.3155,C,0.1603,0.322-0.622,0.549,0.349,0.108
2132,283103,-13.74,14,92.9,0.6249,0.1933,0.8575,0.21,0.3835,0.5351,0.7887,0.449,-0.1653,C,0.2087,0.322-0.622,0.549,0.349,0.108
2133,283117,-13.96,14,71.4,0.9615,0.0556,0.8313,0.1879,0.4273,0.0191,0.1938,0.4176,-0.1266,C,0.2003,0.322-0.622,0.55,0.35,0.108
2134,283131,-29.0,14,0.0,0.0,0.0,0.8562,0.1927,0.3708,0.0,0.0,0.4595,-0.1531,C,0.2247,0.322-0.622,0.55,0.35,0.108
2135,283147,-16.59,16,75.0,0.73,0.1332,0.7438,0.2531,0.3551,0.1492,0.4587,0.4374,-0.1566,C,0.2082,0.322-0.622,0.55,0.35,0.108
2136,283165,-1.58,18,100.0,0.6061,0.1988,0.7552,0.2417,0.4918,0.9096,0.8419,0.3971,-0.1507,C,0.2374,0.322-0.622,0.55,0.35,0.108
2137,283283,87.17,118,99.2,0.337,0.2017,0.4809,0.5305,0.898,2.1633,0.7744,0.4575,-0.5331,C,0.1811,0.322-0.622,0.55,0.35,0.108
2138,283299,-13.81,16,100.0,0.7395,0.1884,0.7291,0.3267,0.4659,0.3463,0.8082,0.4267,-0.2849,C,0.1783,0.322-0.622,0.55,0.35,0.108
2139,283314,-14.07,15,80.0,0.821,0.0962,0.7583,0.2321,0.3964,0.0611,0.3666,0.4623,-0.1389,C,0.2212,0.322-0.622,0.55,0.35,0.108
2140,283339,-27.56,25,80.0,0.6308,0.191,0.6074,0.3953,0.4576,0.4916,0.6363,0.4389,-0.3413,C,0.2343,0.322-0.622,0.55,0.35,0.108
2141,283353,-4.45,14,100.0,0.6598,0.2087,0.7902,0.1871,0.4335,0.5282,0.8979,0.456,-0.0761,C,0.2249,0.322-0.622,0.55,0.35,0.108
2142,283368,0.11,15,100.0,0.5143,0.2249,0.7786,0.2184,0.4193,1.1665,0.9263,0.3701,-0.1427,C,0.1838,0.322-0.622,0.55,0.35,0.108
2143,283382,-13.16,14,100.0,0.932,0.0711,0.8236,0.2277,0.4376,0.0531,0.3478,0.4108,-0.1518,C,0.2277,0.322-0.622,0.55,0.35,0.108
2144,283459,72.84,77,97.4,0.3331,0.2311,0.5065,0.4814,0.8619,2.222,0.8072,0.4215,-0.4657,C,0.1612,0.322-0.622,0.55,0.35,0.108
2145,283476,-15.13,17,88.2,0.749,0.1489,0.7499,0.2225,0.3029,0.6351,0.5941,0.3813,-0.0997,C,0.2264,0.322-0.622,0.55,0.35,0.108
2146,283555,-48.09,79,93.7,0.5502,0.1821,0.5517,0.4883,0.834,0.7723,0.7515,0.3252,-0.4768,C,0.1902,0.322-0.622,0.55,0.35,0.108
2147,283570,4.95,15,100.0,0.5866,0.2341,0.8117,0.1794,0.4349,0.8789,0.8939,0.4248,-0.0677,C,0.2495,0.322-0.622,0.551,0.351,0.108
2148,283585,-21.47,15,86.7,0.8312,0.1285,0.7284,0.2779,0.3991,0.0848,0.5087,0.4853,-0.2078,C,0.1607,0.322-0.622,0.551,0.351,0.108
2149,283600,-9.6,15,100.0,0.7652,0.1488,0.7383,0.2675,0.3536,0.7197,0.6658,0.4618,-0.1627,C,0.2415,0.322-0.622,0.551,0.351,0.108
2150,283620,-13.0,20,75.0,0.6442,0.2047,0.5987,0.3239,0.462,0.3906,0.6344,0.4648,-0.2399,C,0.1989,0.322-0.622,0.551,0.351,0.108
2151,283650,-6.34,30,96.7,0.7188,0.1878,0.619,0.2988,0.6314,0.2349,0.8239,0.287,-0.2018,C,0.1857,0.322-0.622,0.551,0.351,0.108
2152,283704,-29.72,54,94.4,0.5304,0.2274,0.5606,0.4675,0.7169,0.9466,0.8021,0.4004,-0.4745,C,0.2467,0.322-0.622,0.551,0.351,0.108
2153,283834,115.68,130,97.7,0.397,0.256,0.4734,0.4945,0.9034,1.7046,0.9294,0.404,-0.4735,C,0.2386,0.322-0.622,0.551,0.351,0.109
2154,283848,-3.39,14,100.0,0.6874,0.1986,0.8179,0.1715,0.4247,0.5128,0.8428,0.4433,-0.1112,C,0.1681,0.322-0.622,0.551,0.351,0.109
2155,283863,-19.34,15,100.0,0.6747,0.1854,0.6968,0.295,0.4508,0.4893,0.8193,0.3922,-0.2396,C,0.1752,0.322-0.622,0.551,0.351,0.109
2156,283897,-39.88,34,97.1,0.4707,0.2311,0.5944,0.5634,0.7043,1.335,0.8938,0.4042,-0.6469,C,0.2212,0.322-0.622,0.551,0.351,0.109
2157,283911,-17.05,14,100.0,0.6075,0.1943,0.8648,0.2167,0.3706,0.9298,0.8594,0.4095,-0.1999,C,0.191,0.322-0.622,0.551,0.351,0.109
2158,283928,-0.99,17,94.1,0.5866,0.2236,0.7358,0.2525,0.4432,0.8131,0.8182,0.4117,-0.1646,C,0.1812,0.322-0.622,0.551,0.351,0.109
2159,283943,-0.96,15,100.0,0.8305,0.1385,0.8488,0.1453,0.4038,0.159,0.6499,0.3623,-0.0498,C,0.25,0.322-0.622,0.551,0.351,0.109
2160,283957,-0.07,14,100.0,0.6848,0.1974,0.8441,0.1729,0.4279,0.3806,0.8777,0.4307,-0.074,C,0.1799,0.322-0.622,0.551,0.351,0.109
2161,283973,-11.54,16,93.8,0.798,0.1722,0.8056,0.2451,0.4216,0.2058,0.7175,0.424,-0.2049,C,0.1973,0.322-0.622,0.551,0.351,0.109
2162,283987,-15.59,14,78.6,0.9043,0.0588,0.8662,0.1978,0.366,0.0271,0.2359,0.415,-0.1354,C,0.1729,0.322-0.622,0.551,0.351,0.109
2163,284003,-21.19,16,93.8,0.5605,0.2133,0.7086,0.2792,0.3555,1.1962,0.8255,0.3806,-0.1938,C,0.2227,0.322-0.622,0.551,0.351,0.109
2164,284017,-12.66,14,100.0,0.7116,0.1873,0.8049,0.1926,0.4157,0.3553,0.8154,0.4148,-0.097,C,0.2152,0.322-0.622,0.551,0.351,0.109
2165,284031,-9.07,14,100.0,1.0339,0.0469,0.8475,0.1902,0.4245,0.0171,0.2571,0.4463,-0.137,C,0.1888,0.322-0.622,0.551,0.351,0.109
2166,284046,-7.23,15,100.0,1.0422,0.0568,0.8577,0.1584,0.4178,0.0171,0.2807,0.3586,-0.0988,C,0.2476,0.322-0.622,0.552,0.352,0.109
2167,284062,-9.47,16,100.0,0.6185,0.2077,0.8,0.2795,0.4532,0.7952,0.8859,0.4022,-0.2226,C,0.21,0.322-0.622,0.552,0.352,0.109
2168,284080,-28.15,18,100.0,0.7145,0.1605,0.6057,0.3793,0.4656,0.5167,0.6856,0.4522,-0.3136,C,0.241,0.322-0.622,0.552,0.352,0.109
2169,284094,-11.62,14,100.0,0.9144,0.115,0.832,0.1213,0.4097,0.0482,0.5337,0.3917,-0.0443,C,0.1877,0.322-0.622,0.552,0.352,0.109
2170,284110,-25.79,16,87.5,0.6891,0.2056,0.6854,0.3545,0.4203,0.3025,0.7881,0.4479,-0.2867,C,0.1853,0.322-0.622,0.552,0.352,0.109
2171,284124,-15.0,14,100.0,0.786,0.1809,0.8333,0.1455,0.4232,0.2055,0.8142,0.4075,-0.0506,C,0.182,0.322-0.622,0.552,0.352,0.109
2172,284139,-26.32,15,100.0,0.7139,0.1671,0.7411,0.3038,0.3747,0.3035,0.7548,0.4569,-0.2486,C,0.1624,0.322-0.622,0.552,0.352,0.109
2173,284157,-27.83,18,77.8,0.9628,0.0663,0.747,0.2513,0.4803,0.0208,0.2495,0.3245,-0.1601,C,0.1681,0.322-0.622,0.552,0.352,0.109
2174,284172,-2.1,15,93.3,0.7247,0.1996,0.7905,0.2243,0.4487,0.2523,0.8214,0.3914,-0.1158,C,0.2077,0.322-0.622,0.552,0.352,0.109
2175,284185,-26.31,13,0.0,0.0,0.0,0.8741,0.1906,0.4206,0.0,0.0,0.3851,-0.168,C,0.2168,0.322-0.622,0.552,0.352,0.109
2176,284199,-6.38,14,78.6,0.6907,0.1682,0.84,0.171,0.3588,0.2502,0.6056,0.3908,-0.0872,C,0.2345,0.322-0.622,0.552,0.352,0.109
2177,284217,-33.9,18,94.4,0.7977,0.1425,0.6363,0.4028,0.4847,0.1232,0.6116,0.3933,-0.3607,C,0.2349,0.322-0.622,0.552,0.352,0.109
2178,284233,-22.28,16,81.2,0.756,0.1272,0.7522,0.2621,0.4205,0.126,0.4835,0.4316,-0.1529,C,0.1929,0.322-0.622,0.552,0.352,0.109
2179,284248,-21.06,15,80.0,0.7155,0.1661,0.8408,0.1855,0.2864,0.1975,0.5999,0.3992,-0.1179,C,0.2029,0.322-0.622,0.552,0.352,0.109
2180,284264,-20.78,16,100.0,0.747,0.1512,0.6846,0.3431,0.4139,0.639,0.676,0.4556,-0.3107,C,0.2364,0.322-0.622,0.552,0.352,0.109
2181,284279,-12.39,15,86.7,0.9256,0.0809,0.8107,0.1677,0.4864,0.0335,0.3279,0.4367,-0.0786,C,0.2366,0.322-0.622,0.552,0.352,0.109
2182,284294,-19.96,15,86.7,0.7104,0.1767,0.802,0.1932,0.3123,0.4136,0.6557,0.4297,-0.1121,C,0.228,0.322-0.622,0.552,0.352,0.109
2183,284310,-11.07,16,87.5,0.7239,0.139,0.731,0.2391,0.3271,0.3297,0.5546,0.4036,-0.1516,C,0.2314,0.322-0.622,0.552,0.352,0.109
2184,284324,-3.74,14,100.0,0.5812,0.195,0.8102,0.191,0.4216,1.0265,0.8328,0.3994,-0.1188,C,0.2347,0.322-0.622,0.552,0.352,0.109
2185,284340,-20.98,16,87.5,0.5784,0.224,0.6999,0.3604,0.3937,0.8928,0.7634,0.3987,-0.3284,C,0.2003,0.322-0.622,0.552,0.352,0.109
2186,284355,-14.01,15,100.0,0.5511,0.2216,0.7186,0.3516,0.4092,1.0488,0.9123,0.444,-0.3232,C,0.2102,0.322-0.622,0.552,0.352,0.109
2187,284370,-8.41,15,100.0,0.7258,0.1705,0.7571,0.1882,0.353,0.3007,0.7649,0.4522,-0.1318,C,0.2313,0.322-0.622,0.552,0.352,0.109
2188,284384,-18.77,14,100.0,0.8655,0.1216,0.8035,0.2088,0.4259,0.1613,0.5713,0.4362,-0.1214,C,0.2043,0.322-0.622,0.552,0.352,0.109
2189,284398,-0.35,14,100.0,0.5201,0.2395,0.8253,0.1861,0.4345,1.1648,0.9214,0.4231,-0.1164,C,0.1811,0.322-0.622,0.552,0.352,0.109
2190,284413,-26.24,15,100.0,0.6143,0.1943,0.6987,0.3349,0.4191,0.9659,0.8451,0.3987,-0.2953,C,0.1898,0.322-0.622,0.552,0.352,0.109
2191,284428,-5.97,15,100.0,0.5125,0.2186,0.676,0.3361,0.4499,1.3207,0.8976,0.422,-0.2714,C,0.173,0.322-0.622,0.552,0.352,0.109
2192,284441,-32.04,13,0.0,0.0,0.0,0.876,0.172,0.4154,0.0,0.0,0.4403,-0.1197,C,0.225,0.322-0.622,0.552,0.352,0.109
2193,284455,-4.14,14,100.0,0.7151,0.1687,0.8158,0.1927,0.4428,0.2642,0.7832,0.3382,-0.1147,C,0.2282,0.322-0.622,0.552,0.352,0.109
2194,284493,-5.97,38,97.4,0.4406,0.234,0.579,0.4535,0.6927,1.5693,0.9267,0.4616,-0.4414,C,0.1593,0.322-0.622,0.552,0.352,0.109
2195,284508,-7.51,15,100.0,0.552,0.2188,0.7125,0.2963,0.4035,1.197,0.8949,0.4337,-0.2394,C,0.2149,0.322-0.622,0.553,0.353,0.109
2196,284557,45.64,49,89.8,0.289,0.2179,0.5725,0.4112,0.7986,2.1987,0.7068,0.3235,-0.3823,C,0.1921,0.322-0.622,0.553,0.353,0.109
2197,284571,-5.19,14,100.0,0.957,0.0797,0.8595,0.176,0.4375,0.052,0.38,0.3878,-0.0867,C,0.2341,0.322-0.622,0.553,0.353,0.109
2198,284682,59.96,111,99.1,0.4239,0.2284,0.4616,0.5132,0.9093,1.5852,0.9395,0.4508,-0.5087,C,0.2007,0.322-0.622,0.553,0.353,0.109
2199,284697,-14.82,15,93.3,0.7181,0.1291,0.767,0.2599,0.3657,0.5781,0.5527,0.4716,-0.1669,C,0.2104,0.322-0.622,0.553,0.353,0.109
2200,284712,-20.26,15,100.0,0.5281,0.2095,0.7042,0.3397,0.4291,1.1752,0.8985,0.4595,-0.2989,C,0.2462,0.322-0.622,0.553,0.353,0.109
2201,284751,18.27,39,94.9,0.3946,0.2134,0.5773,0.4283,0.6262,2.026,0.8115,0.3809,-0.3956,C,0.217,0.322-0.622,0.553,0.353,0.109
2202,284766,-14.81,15,100.0,0.8208,0.1328,0.7808,0.2368,0.4163,0.1627,0.6164,0.4089,-0.1325,C,0.2106,0.322-0.622,0.553,0.353,0.109
2203,284781,-5.24,15,93.3,0.8647,0.1332,0.8129,0.1909,0.4211,0.0839,0.5797,0.4233,-0.0994,C,0.1896,0.322-0.622,0.553,0.353,0.109
2204,284808,-3.88,27,88.9,0.4691,0.2264,0.6959,0.3614,0.6062,1.1781,0.7561,0.3353,-0.3223,C,0.2122,0.322-0.622,0.553,0.353,0.109
2205,284822,-27.28,14,0.0,0.0,0.0,0.8355,0.2059,0.4245,0.0,0.0,0.4124,-0.1476,C,0.2203,0.322-0.622,0.553,0.353,0.109
2206,284837,-28.36,15,0.0,0.0,0.0,0.7899,0.2513,0.4501,0.0,0.0,0.41,-0.1458,C,0.1948,0.322-0.622,0.553,0.353,0.109
2207,284851,-3.78,14,100.0,0.7496,0.1867,0.8585,0.1585,0.4439,0.3887,0.8065,0.4334,-0.0859,C,0.1931,0.322-0.622,0.553,0.353,0.109
2208,284966,3.84,115,94.8,0.279,0.0716,0.5131,0.5642,0.8642,2.4658,0.3323,0.3153,-0.6106,C,0.2331,0.322-0.622,0.553,0.353,0.109
2209,284980,-20.74,14,100.0,0.5899,0.1892,0.7006,0.2402,0.4256,1.0088,0.8504,0.4283,-0.1889,C,0.2041,0.322-0.622,0.554,0.354,0.109
2210,284996,-26.26,16,87.5,0.8033,0.1226,0.7504,0.3038,0.3044,0.2621,0.4943,0.3932,-0.2635,C,0.1686,0.322-0.622,0.554,0.354,0.109
2211,285011,-11.3,15,100.0,0.722,0.1736,0.7112,0.2815,0.382,0.5041,0.7673,0.4666,-0.2199,C,0.2037,0.322-0.622,0.554,0.354,0.109
2212,285028,-21.53,17,82.4,0.6823,0.1655,0.7396,0.3433,0.3249,0.679,0.6073,0.4608,-0.273,C,0.1935,0.322-0.622,0.554,0.354,0.109
2213,285047,-18.46,19,68.4,0.738,0.1372,0.7002,0.2743,0.2846,0.1611,0.425,0.3903,-0.1738,C,0.2438,0.322-0.622,0.554,0.354,0.109
2214,285106,24.07,59,96.6,0.45,0.2283,0.5407,0.4553,0.8022,1.5,0.8493,0.408,-0.4192,C,0.2024,0.322-0.622,0.554,0.354,0.109
2215,285122,3.29,16,100.0,0.6281,0.211,0.8011,0.1725,0.473,0.6404,0.8861,0.3887,-0.0999,C,0.2438,0.322-0.622,0.554,0.354,0.109
2216,285136,-10.16,14,85.7,1.0045,0.0302,0.8294,0.1568,0.4356,0.0119,0.1615,0.3581,-0.0855,C,0.2378,0.322-0.622,0.554,0.354,0.109
2217,285266,203.09,130,96.9,0.3017,0.247,0.4411,0.4761,0.8757,2.4009,0.9262,0.4363,-0.4487,C,0.2315,0.322-0.622,0.554,0.354,0.109
2218,285283,-29.4,17,88.2,0.8634,0.1011,0.7141,0.3591,0.4234,0.0663,0.4235,0.4388,-0.3401,C,0.2274,0.322-0.622,0.554,0.354,0.109
2219,285298,-25.29,15,93.3,0.74,0.1721,0.7855,0.3018,0.4299,0.2209,0.7443,0.4157,-0.2649,C,0.2375,0.322-0.622,0.554,0.354,0.109
2220,285312,1.27,14,100.0,0.5491,0.2173,0.8069,0.1956,0.422,1.1153,0.9227,0.4172,-0.0997,C,0.1698,0.322-0.622,0.554,0.354,0.109
2221,285326,1.87,14,92.9,0.7798,0.159,0.8576,0.1168,0.4564,0.1482,0.6906,0.3983,-0.0315,C,0.2326,0.322-0.622,0.554,0.354,0.109
2222,285341,-16.81,15,100.0,0.5771,0.1953,0.7822,0.2339,0.4157,1.0303,0.8751,0.361,-0.1708,C,0.181,0.322-0.622,0.554,0.354,0.109
2223,285354,-29.03,13,0.0,0.0,0.0,0.8666,0.0912,0.4455,0.0,0.0,0.4281,-0.023,C,0.246,0.322-0.622,0.554,0.354,0.109
2224,285369,-27.29,15,93.3,0.6498,0.1846,0.7634,0.2897,0.3323,0.7,0.7664,0.3971,-0.2728,C,0.2261,0.322-0.622,0.554,0.354,0.109
2225,285389,-3.76,20,90.0,0.4828,0.2216,0.7116,0.3111,0.5096,1.288,0.7994,0.3981,-0.2502,C,0.1979,0.322-0.622,0.554,0.354,0.109
2226,285404,-16.33,15,86.7,0.7045,0.1562,0.8439,0.1704,0.2829,0.5065,0.6128,0.4581,-0.0857,C,0.2116,0.322-0.622,0.554,0.354,0.109
2227,285446,-2.32,42,90.5,0.5167,0.1972,0.6138,0.3436,0.7803,0.9928,0.6743,0.2575,-0.284,C,0.2386,0.322-0.622,0.555,0.355,0.109
2228,285461,-14.48,15,100.0,0.7659,0.1296,0.7414,0.2539,0.412,0.3301,0.5849,0.4773,-0.1597,C,0.2443,0.322-0.622,0.555,0.355,0.109
2229,285476,-23.24,15,100.0,0.6635,0.1704,0.7434,0.3269,0.4273,0.6741,0.7402,0.4711,-0.2876,C,0.2206,0.322-0.622,0.555,0.355,0.109
2230,285494,-23.02,18,88.9,0.682,0.1868,0.6664,0.392,0.4271,0.5854,0.7098,0.4525,-0.3303,C,0.1607,0.322-0.622,0.555,0.355,0.109
2231,285508,-12.92,14,100.0,0.6817,0.1821,0.7523,0.2667,0.4176,0.3482,0.8136,0.4415,-0.2225,C,0.2213,0.322-0.622,0.555,0.355,0.109
2232,285525,-21.04,17,76.5,0.6403,0.1873,0.801,0.247,0.287,0.6509,0.6375,0.4102,-0.1952,C,0.2247,0.322-0.622,0.555,0.355,0.109
2233,285540,-20.34,15,100.0,0.5938,0.1842,0.7377,0.3294,0.4221,0.9688,0.7721,0.4884,-0.3145,C,0.1753,0.322-0.622,0.555,0.355,0.109
2234,285557,-19.46,17,94.1,0.7057,0.175,0.7492,0.2778,0.4114,0.315,0.7589,0.4059,-0.1919,C,0.1598,0.322-0.622,0.555,0.355,0.109
2235,285672,82.4,115,96.5,0.3518,0.2472,0.4726,0.5225,0.8889,1.9664,0.873,0.3889,-0.5203,C,0.2304,0.322-0.622,0.555,0.355,0.109
2236,285689,-25.68,17,70.6,0.9983,0.0454,0.7485,0.2632,0.4083,0.0083,0.1755,0.4197,-0.1874,C,0.1727,0.322-0.622,0.555,0.355,0.109
2237,285706,-14.74,17,82.4,0.6956,0.1696,0.7963,0.2123,0.4108,0.2845,0.6201,0.4255,-0.1687,C,0.1633,0.322-0.622,0.555,0.355,0.109
2238,285722,1.01,16,100.0,0.5331,0.236,0.7673,0.2474,0.5201,1.1169,0.9267,0.3772,-0.1463,C,0.2093,0.322-0.622,0.555,0.355,0.109
2239,285737,-22.62,15,0.0,0.0,0.0,0.7897,0.202,0.4473,0.0,0.0,0.393,-0.0829,C,0.1926,0.322-0.622,0.555,0.355,0.109
2240,285752,-11.39,15,93.3,0.7726,0.1392,0.8143,0.2258,0.3781,0.3385,0.5675,0.4306,-0.1437,C,0.1643,0.322-0.622,0.555,0.355,0.109
2241,285842,4.46,90,98.9,0.4459,0.2132,0.4922,0.497,0.8646,1.3204,0.8899,0.3051,-0.4845,C,0.1646,0.322-0.622,0.555,0.355,0.109
2242,285857,-7.14,15,100.0,0.6877,0.1663,0.8111,0.2003,0.4115,0.8358,0.7347,0.4092,-0.1218,C,0.179,0.322-0.622,0.555,0.355,0.109
2243,285872,-27.69,15,93.3,0.6377,0.1383,0.7129,0.3661,0.4283,0.749,0.5799,0.4449,-0.3221,C,0.2298,0.322-0.622,0.555,0.355,0.109
2244,285887,-1.93,15,86.7,0.6815,0.2016,0.8345,0.1472,0.4009,0.2969,0.768,0.4149,-0.0696,C,0.1815,0.322-0.622,0.555,0.355,0.109
2245,285901,1.98,14,100.0,0.5776,0.2041,0.8512,0.1605,0.4407,1.039,0.8714,0.3927,-0.0652,C,0.203,0.322-0.622,0.555,0.355,0.109
2246,285915,-2.56,14,100.0,0.7213,0.1856,0.8194,0.1849,0.4558,0.4248,0.809,0.4382,-0.1089,C,0.2109,0.322-0.622,0.556,0.356,0.109
2247,285929,-18.3,14,0.0,0.0,0.0,0.8961,0.1,0.4096,0.0,0.0,0.4017,-0.0283,C,0.221,0.322-0.622,0.556,0.356,0.109
2248,285944,-15.83,15,60.0,1.0507,0.0544,0.7808,0.2205,0.37,0.0057,0.1617,0.394,-0.1309,C,0.2389,0.322-0.622,0.556,0.356,0.109
2249,285958,-15.44,14,71.4,1.0189,0.0159,0.8483,0.1883,0.4251,0.0096,0.1079,0.4004,-0.1162,C,0.2025,0.322-0.622,0.556,0.356,0.109
2250,285979,-31.71,21,95.2,0.6119,0.2225,0.6753,0.3804,0.4767,0.6019,0.8443,0.4045,-0.3493,C,0.1806,0.322-0.622,0.556,0.356,0.109
2251,285994,-5.1,15,100.0,0.5616,0.1999,0.7067,0.2878,0.4157,1.095,0.8673,0.4853,-0.2172,C,0.2424,0.322-0.622,0.556,0.356,0.109
2252,286009,-8.7,15,93.3,0.7721,0.1662,0.8003,0.2308,0.4825,0.1598,0.7137,0.3546,-0.1353,C,0.1893,0.322-0.622,0.556,0.356,0.109
2253,286024,-34.14,15,93.3,0.8147,0.1399,0.7639,0.3023,0.3648,0.1221,0.6068,0.3848,-0.2714,C,0.2164,0.322-0.622,0.556,0.356,0.109
2254,286072,7.37,48,95.8,0.4775,0.2242,0.5078,0.4567,0.7756,1.2178,0.7763,0.4103,-0.4001,C,0.2202,0.322-0.622,0.556,0.356,0.109
2255,286088,-24.45,16,87.5,0.5936,0.2261,0.7268,0.3061,0.3876,0.86,0.7856,0.4335,-0.2896,C,0.1904,0.322-0.622,0.556,0.356,0.109
2256,286102,-15.58,14,78.6,0.9988,0.0517,0.848,0.1663,0.447,0.0166,0.2044,0.3681,-0.0825,C,0.2099,0.322-0.622,0.556,0.356,0.109
2257,286118,1.65,16,93.8,0.6462,0.2097,0.8003,0.1909,0.4363,0.4223,0.851,0.3892,-0.0885,C,0.2482,0.322-0.622,0.556,0.356,0.109
2258,286132,1.78,14,100.0,0.7893,0.1689,0.9053,0.0895,0.4307,0.2917,0.7401,0.4319,-0.0229,C,0.2288,0.322-0.622,0.556,0.356,0.109
2259,286148,-17.83,16,81.2,0.8631,0.1037,0.7696,0.27,0.4494,0.0472,0.3919,0.4176,-0.2049,C,0.2278,0.322-0.622,0.556,0.356,0.109
2260,286163,-8.81,15,80.0,0.8282,0.1236,0.8074,0.2098,0.4059,0.0729,0.4643,0.4222,-0.1163,C,0.1676,0.322-0.622,0.556,0.356,0.109
2261,286177,-15.83,14,92.9,0.8954,0.0925,0.8014,0.1783,0.3464,0.0561,0.4173,0.4784,-0.1022,C,0.2007,0.322-0.622,0.556,0.356,0.109
2262,286192,-10.22,15,100.0,0.6922,0.1774,0.7289,0.2417,0.3606,0.8183,0.7608,0.4471,-0.1688,C,0.208,0.322-0.622,0.556,0.356,0.109
2263,286213,-1.77,21,90.5,0.4483,0.2282,0.6257,0.3718,0.4721,1.5062,0.8057,0.441,-0.2996,C,0.1754,0.322-0.622,0.556,0.356,0.109
2264,286229,-11.53,16,100.0,0.614,0.2089,0.7863,0.207,0.4176,0.8656,0.8405,0.3861,-0.1114,C,0.2286,0.322-0.622,0.556,0.356,0.109
2265,286343,59.67,114,98.2,0.3919,0.2549,0.4635,0.5308,0.8964,1.7019,0.9044,0.4342,-0.5237,C,0.238,0.322-0.622,0.556,0.356,0.109
2266,286360,-0.93,17,100.0,0.6528,0.173,0.7407,0.2059,0.4414,0.8314,0.709,0.3856,-0.1105,C,0.1841,0.322-0.622,0.556,0.356,0.109
2267,286382,12.07,22,86.4,0.4773,0.2314,0.6837,0.2779,0.482,1.2093,0.7567,0.377,-0.1545,C,0.1602,0.322-0.622,0.557,0.357,0.109
2268,286400,-21.29,18,83.3,0.6707,0.1672,0.6914,0.2406,0.3111,0.6425,0.6242,0.3916,-0.1342,C,0.1783,0.322-0.622,0.557,0.357,0.109
2269,286420,-16.12,20,90.0,0.6662,0.1886,0.6444,0.3569,0.5078,0.376,0.6908,0.4049,-0.2945,C,0.1652,0.322-0.622,0.557,0.357,0.109
2270,286435,-9.44,15,100.0,0.5173,0.2272,0.7117,0.3111,0.437,1.243,0.9179,0.4774,-0.3145,C,0.2339,0.322-0.622,0.557,0.357,0.109
2271,286470,-9.71,35,97.1,0.439,0.2476,0.5502,0.4669,0.6854,1.4782,0.8508,0.3854,-0.4328,C,0.1914,0.322-0.622,0.557,0.357,0.109
2272,286483,-17.98,13,100.0,0.9671,0.0604,0.8601,0.1747,0.4263,0.0241,0.2939,0.4041,-0.0957,C,0.2072,0.322-0.622,0.557,0.357,0.109
2273,286579,98.02,96,96.9,0.3626,0.2464,0.4825,0.4861,0.852,2.0033,0.9084,0.4293,-0.4615,C,0.1772,0.322-0.622,0.557,0.357,0.109
2274,286598,-10.5,19,84.2,0.6257,0.2063,0.6911,0.3101,0.5122,0.432,0.7362,0.4042,-0.2241,C,0.2221,0.322-0.622,0.557,0.357,0.109
2275,286614,-6.05,16,100.0,0.5901,0.2133,0.7406,0.2806,0.4668,0.8419,0.9203,0.3365,-0.1839,C,0.224,0.322-0.622,0.557,0.357,0.11
2276,286637,-17.98,23,82.6,0.6244,0.1983,0.569,0.354,0.4705,0.5317,0.7014,0.3277,-0.2582,C,0.1938,0.322-0.622,0.557,0.357,0.11
2277,286655,-18.32,18,94.4,0.7662,0.1497,0.7856,0.2344,0.3836,0.5422,0.6278,0.3547,-0.1777,C,0.2139,0.322-0.622,0.557,0.357,0.11
2278,286669,1.85,14,100.0,0.5717,0.2146,0.8291,0.1433,0.4138,0.9705,0.9036,0.3825,-0.0607,C,0.2243,0.322-0.622,0.557,0.357,0.11
2279,286698,-18.3,29,89.7,0.6274,0.1949,0.6919,0.3567,0.6193,0.4884,0.7188,0.3026,-0.3333,C,0.1672,0.322-0.622,0.557,0.357,0.11
2280,286714,-23.37,16,100.0,0.5679,0.2237,0.6828,0.3512,0.4384,0.986,0.9128,0.4296,-0.2811,C,0.2231,0.322-0.622,0.557,0.357,0.11
2281,286728,-18.75,14,100.0,0.7102,0.1852,0.803,0.3139,0.3603,0.5553,0.8061,0.4699,-0.3159,C,0.2052,0.322-0.622,0.557,0.357,0.11
2282,286745,-24.56,17,88.2,0.6282,0.1613,0.6855,0.392,0.4405,0.6441,0.6168,0.4647,-0.3384,C,0.2088,0.322-0.622,0.557,0.357,0.11
2283,286760,-29.7,15,100.0,0.7693,0.1538,0.7284,0.3195,0.3808,0.3754,0.7001,0.4824,-0.2764,C,0.1748,0.322-0.622,0.557,0.357,0.11
2284,286775,-18.91,15,73.3,0.9771,0.0586,0.8417,0.2136,0.4786,0.0166,0.2081,0.4098,-0.1709,C,0.1994,0.322-0.622,0.557,0.357,0.11
2285,286823,-0.55,48,91.7,0.5919,0.237,0.5831,0.3543,0.722,0.5714,0.7689,0.3972,-0.3006,C,0.2048,0.322-0.622,0.557,0.357,0.11
2286,286843,-17.22,20,75.0,0.8125,0.1469,0.7188,0.2822,0.5231,0.0731,0.5187,0.3576,-0.1858,C,0.1943,0.322-0.622,0.558,0.358,0.11
2287,286857,-0.18,14,100.0,0.8653,0.115,0.8652,0.1065,0.4481,0.0727,0.5422,0.4396,-0.0245,C,0.1976,0.322-0.622,0.558,0.358,0.11
2288,286872,4.35,15,100.0,0.5521,0.2061,0.8101,0.1553,0.4231,1.0955,0.8977,0.3959,-0.0548,C,0.1807,0.322-0.622,0.558,0.358,0.11
2289,286887,1.8,15,100.0,0.5515,0.212,0.796,0.1868,0.4046,1.0716,0.8827,0.4001,-0.0962,C,0.1689,0.322-0.622,0.558,0.358,0.11
2290,286902,-1.4,15,100.0,0.5509,0.2333,0.77,0.2298,0.4221,1.0533,0.9007,0.4051,-0.1291,C,0.1754,0.322-0.622,0.558,0.358,0.11
2291,286917,-1.08,15,86.7,0.7855,0.1502,0.8017,0.1796,0.412,0.151,0.6156,0.4137,-0.062,C,0.1749,0.322-0.622,0.558,0.358,0.11
2292,286931,-4.28,14,100.0,0.8331,0.1298,0.7508,0.233,0.4609,0.0908,0.6114,0.4016,-0.1111,C,0.1643,0.322-0.622,0.558,0.358,0.11
2293,286958,-18.81,27,85.2,0.7487,0.1605,0.6297,0.3496,0.6252,0.1337,0.6161,0.3302,-0.2714,C,0.2485,0.322-0.622,0.558,0.358,0.11
2294,286976,-24.99,18,77.8,0.9005,0.0843,0.752,0.3047,0.3739,0.0324,0.3031,0.3438,-0.2537,C,0.2275,0.322-0.622,0.558,0.358,0.11
2295,286999,-27.14,23,91.3,0.6427,0.1542,0.7657,0.3391,0.4675,0.8646,0.5944,0.3261,-0.3516,C,0.1979,0.322-0.622,0.558,0.358,0.11
2296,287018,-29.98,19,78.9,0.5834,0.1643,0.6513,0.3877,0.3993,0.7529,0.5627,0.4338,-0.3675,C,0.2239,0.322-0.622,0.558,0.358,0.11
2297,287032,-6.19,14,92.9,0.729,0.1468,0.8393,0.16,0.4167,0.2523,0.6472,0.4378,-0.064,C,0.2145,0.322-0.622,0.558,0.358,0.11
2298,287047,-24.1,15,93.3,0.7429,0.1491,0.7704,0.2612,0.3437,0.5252,0.6285,0.4801,-0.1897,C,0.2235,0.322-0.622,0.558,0.358,0.11
2299,287062,-0.61,15,93.3,0.4944,0.2259,0.8061,0.1629,0.4121,1.2142,0.8148,0.3956,-0.0542,C,0.2134,0.322-0.622,0.558,0.358,0.11
2300,287098,-5.02,36,94.4,0.4302,0.1986,0.7103,0.3374,0.7722,1.3485,0.7096,0.2294,-0.3303,C,0.1633,0.322-0.622,0.558,0.358,0.11
2301,287111,-4.66,13,92.3,0.9587,0.0583,0.8999,0.11,0.4366,0.0211,0.2611,0.4306,-0.0517,C,0.1829,0.322-0.622,0.558,0.358,0.11
2302,287126,-2.62,15,100.0,0.8905,0.1296,0.8276,0.1522,0.4311,0.075,0.6068,0.4224,-0.0756,C,0.1953,0.322-0.622,0.558,0.358,0.11
2303,287141,-22.48,15,93.3,0.7197,0.1909,0.7381,0.2839,0.3911,0.2908,0.7841,0.4019,-0.2665,C,0.1986,0.322-0.622,0.558,0.358,0.11
2304,287157,-17.44,16,87.5,0.699,0.2,0.8105,0.2174,0.4453,0.2752,0.7703,0.4062,-0.1524,C,0.1883,0.322-0.622,0.558,0.358,0.11
2305,287172,2.63,15,100.0,0.5888,0.202,0.8506,0.152,0.4348,0.9867,0.8237,0.3774,-0.0663,C,0.1771,0.322-0.622,0.558,0.358,0.11
2306,287186,-3.85,14,92.9,0.8078,0.111,0.8197,0.1581,0.4122,0.1095,0.4858,0.427,-0.0785,C,0.1629,0.322-0.622,0.558,0.358,0.11
2307,287201,0.23,15,100.0,0.5876,0.2162,0.777,0.2043,0.4851,0.9444,0.8491,0.4289,-0.1346,C,0.1706,0.322-0.622,0.558,0.358,0.11
2308,287241,11.21,40,90.0,0.4552,0.2167,0.5818,0.4133,0.6375,1.6081,0.7747,0.4444,-0.3633,C,0.2488,0.322-0.622,0.558,0.358,0.11
2309,287255,5.73,14,100.0,0.5751,0.2167,0.8785,0.1193,0.418,0.9078,0.9341,0.4249,-0.0317,C,0.2253,0.322-0.622,0.558,0.358,0.11
2310,287269,-7.79,14,85.7,0.8925,0.0924,0.8375,0.1829,0.4305,0.0435,0.369,0.368,-0.0992,C,0.2255,0.322-0.622,0.558,0.358,0.11
2311,287284,-19.49,15,93.3,0.574,0.2094,0.7463,0.2882,0.369,1.0143,0.8369,0.3769,-0.2408,C,0.2242,0.322-0.622,0.558,0.358,0.11
2312,287305,-25.66,21,85.7,0.5697,0.1646,0.6359,0.4014,0.4685,0.8577,0.6112,0.4135,-0.3612,C,0.2251,0.322-0.622,0.559,0.359,0.11
2313,287320,-31.2,15,0.0,0.0,0.0,0.8161,0.1706,0.4143,0.0,0.0,0.3937,-0.0827,C,0.1929,0.322-0.622,0.559,0.359,0.11
2314,287336,-18.57,16,68.8,0.8232,0.1392,0.7624,0.2767,0.4058,0.0793,0.4521,0.3551,-0.1991,C,0.1717,0.322-0.622,0.559,0.359,0.11
2315,287351,-30.52,15,100.0,0.7687,0.1696,0.7752,0.3124,0.4017,0.2279,0.7603,0.4216,-0.3147,C,0.1942,0.322-0.622,0.559,0.359,0.11
2316,287365,-18.48,14,92.9,0.7471,0.1421,0.8266,0.1647,0.4009,0.1829,0.6158,0.3717,-0.1178,C,0.1921,0.322-0.622,0.559,0.359,0.11
2317,287379,-2.92,14,85.7,0.8097,0.1458,0.8409,0.1593,0.4817,0.1692,0.5898,0.4332,-0.0779,C,0.1997,0.322-0.622,0.559,0.359,0.11
2318,287394,-21.9,15,93.3,0.6668,0.1334,0.6944,0.3128,0.4347,0.6147,0.5633,0.4255,-0.2393,C,0.1695,0.322-0.622,0.559,0.359,0.11
2319,287410,-10.5,16,100.0,0.6838,0.1693,0.757,0.2434,0.3842,0.757,0.7343,0.4346,-0.154,C,0.2463,0.322-0.622,0.559,0.359,0.11
2320,287423,-17.78,13,0.0,0.0,0.0,0.911,0.0986,0.4197,0.0,0.0,0.4056,-0.0274,C,0.1931,0.322-0.622,0.559,0.359,0.11
2321,287438,-19.43,15,100.0,0.72,0.1784,0.7298,0.2476,0.3471,0.438,0.7903,0.4723,-0.163,C,0.1602,0.322-0.622,0.559,0.359,0.11
2322,287459,-17.16,21,85.7,0.5407,0.2203,0.7369,0.3092,0.4772,0.7766,0.7806,0.2972,-0.2565,C,0.167,0.322-0.622,0.559,0.359,0.11
2323,287476,-5.05,17,94.1,0.8045,0.1453,0.7547,0.2107,0.4302,0.2007,0.6301,0.3251,-0.1023,C,0.1745,0.322-0.622,0.559,0.359,0.11
2324,287493,-9.92,17,76.5,0.4844,0.2103,0.7014,0.2913,0.3457,1.1556,0.675,0.4057,-0.2122,C,0.184,0.322-0.622,0.559,0.359,0.11
2325,287506,-7.22,13,84.6,0.8418,0.1208,0.8662,0.1176,0.4407,0.0894,0.4813,0.3573,-0.0586,C,0.1794,0.322-0.622,0.559,0.359,0.11
2326,287521,-22.81,15,0.0,0.0,0.0,0.8225,0.1668,0.4,0.0,0.0,0.4097,-0.0779,C,0.1737,0.322-0.622,0.559,0.359,0.11
2327,287535,-22.09,14,0.0,0.0,0.0,0.835,0.1825,0.4323,0.0,0.0,0.3914,-0.087,C,0.2009,0.322-0.622,0.559,0.359,0.11
2328,287551,-10.53,16,87.5,1.0332,0.0274,0.8224,0.2074,0.5215,0.0099,0.1581,0.3737,-0.1264,C,0.2459,0.322-0.622,0.559,0.359,0.11
2329,287565,-21.48,14,0.0,0.0,0.0,0.8526,0.1451,0.4054,0.0,0.0,0.4357,-0.0699,C,0.1744,0.322-0.622,0.559,0.359,0.11
2330,287585,-23.69,20,85.0,0.7084,0.1498,0.6768,0.3384,0.3843,0.425,0.5502,0.3962,-0.2578,C,0.1647,0.322-0.622,0.559,0.359,0.11
2331,287600,-22.01,15,86.7,0.7478,0.1585,0.7767,0.2123,0.3344,0.2571,0.6183,0.4255,-0.13,C,0.2104,0.322-0.622,0.559,0.359,0.11
2332,287616,-16.02,16,81.2,0.6374,0.1859,0.8023,0.2082,0.268,0.7704,0.6744,0.3765,-0.1194,C,0.1922,0.322-0.622,0.559,0.359,0.11
2333,287634,-13.76,18,88.9,0.7505,0.1537,0.7332,0.2272,0.4675,0.1672,0.6293,0.3364,-0.1116,C,0.1941,0.322-0.622,0.559,0.359,0.11
2334,287649,0.14,15,100.0,0.6366,0.2005,0.8172,0.1754,0.4248,0.7475,0.8396,0.3893,-0.0825,C,0.2206,0.322-0.622,0.559,0.359,0.11
2335,287672,-7.96,23,87.0,0.5671,0.2123,0.6436,0.3293,0.5897,0.6345,0.7693,0.4151,-0.2683,C,0.233,0.322-0.622,0.559,0.359,0.11
2336,287688,-7.66,16,87.5,0.9272,0.073,0.7949,0.1783,0.4764,0.0307,0.3015,0.3331,-0.0784,C,0.2029,0.322-0.622,0.559,0.359,0.11
2337,287702,-1.49,14,100.0,0.7807,0.1757,0.8449,0.1683,0.428,0.178,0.8137,0.4241,-0.0909,C,0.175,0.322-0.622,0.559,0.359,0.11
2338,287721,-10.58,19,78.9,0.7352,0.167,0.7355,0.27,0.4774,0.1738,0.6104,0.3584,-0.1771,C,0.2319,0.322-0.622,0.559,0.359,0.11
2339,287848,-133.75,127,97.6,0.4909,0.2308,0.4817,0.6169,0.9021,1.0423,0.9408,0.2925,-0.6939,C,0.166,0.322-0.622,0.56,0.36,0.11
2340,287869,-26.38,21,81.0,0.7465,0.1395,0.7323,0.2892,0.3987,0.2348,0.4919,0.3744,-0.2684,C,0.1727,0.322-0.622,0.56,0.36,0.11
2341,287884,-1.54,15,100.0,0.7321,0.1885,0.8418,0.1697,0.4302,0.3871,0.8165,0.4171,-0.0637,C,0.2318,0.322-0.622,0.56,0.36,0.11
2342,287899,-20.51,15,80.0,0.8629,0.0717,0.7765,0.2769,0.4112,0.0447,0.2752,0.4056,-0.2115,C,0.1872,0.322-0.622,0.56,0.36,0.11
2343,287977,-43.85,78,94.9,0.4641,0.1925,0.5132,0.5431,0.8081,1.4509,0.8155,0.266,-0.5785,C,0.2319,0.322-0.622,0.56,0.36,0.11
2344,288206,172.19,229,98.7,0.3987,0.2624,0.3978,0.5327,0.9213,1.8592,0.8508,0.3985,-0.5185,C,0.183,0.322-0.622,0.56,0.36,0.11
2345,288226,-19.69,20,75.0,0.6444,0.1863,0.6732,0.3366,0.2948,0.6959,0.6012,0.4689,-0.2415,C,0.2457,0.322-0.622,0.56,0.36,0.11
2346,288240,-15.1,14,78.6,1.0293,0.0319,0.8458,0.1503,0.4187,0.0084,0.1536,0.4406,-0.0545,C,0.2261,0.322-0.622,0.561,0.361,0.11
2347,288255,-7.38,15,100.0,0.6925,0.1682,0.7906,0.2066,0.3873,0.8491,0.7412,0.4132,-0.1261,C,0.2059,0.322-0.622,0.561,0.361,0.11
2348,288279,-9.28,24,87.5,0.794,0.1247,0.7233,0.2477,0.6212,0.1092,0.5125,0.3211,-0.1613,C,0.2293,0.322-0.622,0.561,0.361,0.11
2349,288294,-14.27,15,80.0,0.8487,0.0784,0.7922,0.2259,0.3707,0.05,0.3131,0.4337,-0.1285,C,0.25,0.322-0.622,0.561,0.361,0.11
2350,288314,-8.5,20,80.0,0.5708,0.2009,0.6825,0.2762,0.44,0.7314,0.6893,0.396,-0.2116,C,0.1612,0.322-0.622,0.561,0.361,0.11
2351,288331,-31.14,17,94.1,0.5562,0.2094,0.7059,0.4059,0.4497,1.0201,0.8272,0.4588,-0.434,C,0.196,0.322-0.622,0.561,0.361,0.11
2352,288345,-8.52,14,100.0,0.6221,0.2237,0.8263,0.1724,0.426,0.6899,0.9152,0.4146,-0.0715,C,0.2082,0.322-0.622,0.561,0.361,0.11
2353,288360,-4.26,15,100.0,0.739,0.1692,0.8091,0.2007,0.4009,0.3123,0.775,0.3765,-0.1028,C,0.2064,0.322-0.622,0.561,0.361,0.11
2354,288375,-9.81,15,100.0,0.6918,0.1182,0.7322,0.199,0.3913,0.7049,0.556,0.4223,-0.1124,C,0.2258,0.322-0.622,0.561,0.361,0.11
2355,288392,1.1,17,100.0,0.6533,0.1992,0.7731,0.1916,0.4844,0.7034,0.8166,0.3602,-0.0849,C,0.2264,0.322-0.622,0.561,0.361,0.11
2356,288408,-20.13,16,100.0,0.6824,0.18,0.7286,0.2783,0.4065,0.4768,0.7998,0.4278,-0.2245,C,0.1651,0.322-0.622,0.561,0.361,0.11
2357,288431,-20.28,23,87.0,0.9271,0.0636,0.6555,0.3154,0.6648,0.0287,0.2639,0.4302,-0.2551,C,0.2419,0.322-0.622,0.561,0.361,0.11
2358,288446,-13.06,15,73.3,1.0117,0.0403,0.8037,0.1924,0.4698,0.0107,0.161,0.4094,-0.0949,C,0.1826,0.322-0.622,0.561,0.361,0.11
2359,288460,-3.89,14,100.0,0.8259,0.1334,0.8325,0.1597,0.428,0.1842,0.6177,0.4348,-0.0909,C,0.1948,0.322-0.622,0.561,0.361,0.11
2360,288511,10.64,51,96.1,0.455,0.205,0.5219,0.448,0.7339,1.3859,0.8646,0.3537,-0.4005,C,0.2399,0.322-0.622,0.561,0.361,0.11
2361,288529,-5.16,18,94.4,0.807,0.1572,0.7542,0.1997,0.406,0.2717,0.6434,0.3902,-0.1123,C,0.1631,0.322-0.622,0.561,0.361,0.11
2362,288572,37.03,43,97.7,0.4192,0.2234,0.5314,0.3814,0.7759,1.5155,0.9232,0.3616,-0.3083,C,0.1767,0.322-0.622,0.561,0.361,0.11
2363,288593,-10.24,21,85.7,0.6864,0.1785,0.6934,0.2942,0.5778,0.2446,0.698,0.3421,-0.1831,C,0.1697,0.322-0.622,0.561,0.361,0.11
2364,288608,-14.42,15,100.0,0.7334,0.1999,0.8031,0.2906,0.4505,0.267,0.8661,0.3953,-0.2646,C,0.2035,0.322-0.622,0.561,0.361,0.11
2365,288653,-17.67,45,97.8,0.549,0.2288,0.5874,0.4452,0.6878,0.9872,0.8851,0.4271,-0.4139,C,0.1649,0.322-0.622,0.561,0.361,0.11
2366,288669,-14.23,16,87.5,0.8126,0.0978,0.7197,0.2637,0.4715,0.0838,0.4034,0.3599,-0.1962,C,0.2282,0.322-0.622,0.561,0.361,0.11
2367,288683,-1.82,14,100.0,0.6259,0.21,0.7742,0.1937,0.4353,0.8433,0.871,0.4016,-0.0864,C,0.2257,0.322-0.622,0.561,0.361,0.11
2368,288711,-32.79,28,71.4,0.8961,0.0922,0.6096,0.346,0.5487,0.0264,0.3199,0.387,-0.271,C,0.244,0.322-0.622,0.562,0.362,0.11
2369,288764,-3.17,53,94.3,0.5292,0.2359,0.5407,0.4548,0.7926,0.9164,0.9,0.4351,-0.4142,C,0.1897,0.322-0.622,0.562,0.362,0.11
2370,288781,-6.68,17,88.2,0.7536,0.1846,0.7846,0.2344,0.4259,0.2057,0.739,0.354,-0.1432,C,0.192,0.322-0.622,0.562,0.362,0.11
2371,288794,-3.72,13,92.3,0.9979,0.0384,0.9218,0.0899,0.4261,0.0157,0.1963,0.359,-0.0204,C,0.2306,0.322-0.622,0.562,0.362,0.11
2372,288809,-8.35,15,93.3,0.7929,0.1396,0.7567,0.2279,0.3716,0.2619,0.5926,0.453,-0.1186,C,0.2031,0.322-0.622,0.562,0.362,0.11
2373,288829,-4.78,20,85.0,0.606,0.2252,0.7435,0.288,0.4301,0.657,0.737,0.3605,-0.1707,C,0.1871,0.322-0.622,0.562,0.362,0.11
2374,288849,-15.66,20,90.0,0.6919,0.1776,0.6741,0.3109,0.5369,0.2582,0.7223,0.4304,-0.24,C,0.2256,0.322-0.622,0.562,0.362,0.11
2375,288878,4.36,29,96.6,0.5214,0.2082,0.6053,0.344,0.5549,1.2173,0.8627,0.432,-0.2704,C,0.1736,0.322-0.622,0.562,0.362,0.11
2376,288892,-23.62,14,100.0,0.738,0.1327,0.8503,0.1815,0.4299,0.4993,0.6082,0.4113,-0.1478,C,0.2048,0.322-0.622,0.562,0.362,0.11
2377,288906,-19.09,14,42.9,1.0629,0.0155,0.7616,0.219,0.429,0.0037,0.0639,0.4663,-0.1491,C,0.2206,0.322-0.622,0.562,0.362,0.11
2378,288924,-0.44,18,88.9,0.581,0.2171,0.759,0.2448,0.4179,0.8584,0.7784,0.3551,-0.1252,C,0.2334,0.322-0.622,0.562,0.362,0.11
2379,288938,-10.71,14,78.6,0.8144,0.0936,0.8539,0.1626,0.3564,0.0667,0.3528,0.3933,-0.1059,C,0.1695,0.322-0.622,0.562,0.362,0.11
2380,288952,-0.64,14,85.7,0.6022,0.1966,0.7971,0.1767,0.3796,0.5068,0.7379,0.41,-0.0772,C,0.1623,0.322-0.622,0.562,0.362,0.11
2381,288969,-2.22,17,94.1,0.5018,0.2296,0.7518,0.2702,0.4268,1.2014,0.8654,0.426,-0.1987,C,0.1741,0.322-0.622,0.562,0.362,0.11
2382,288983,-18.06,14,0.0,0.0,0.0,0.8395,0.1144,0.3985,0.0,0.0,0.4026,-0.0321,C,0.2116,0.322-0.622,0.562,0.362,0.11
2383,288998,0.67,15,100.0,0.7123,0.2074,0.8185,0.1623,0.4805,0.4082,0.8845,0.3928,-0.0654,C,0.1756,0.322-0.622,0.562,0.362,0.11
2384,289014,-16.93,16,87.5,0.8707,0.0921,0.8167,0.2135,0.4522,0.089,0.3942,0.3749,-0.1537,C,0.1966,0.322-0.622,0.562,0.362,0.11
2385,289030,-5.34,16,100.0,0.7248,0.1762,0.8098,0.2012,0.4405,0.3186,0.7921,0.3672,-0.1071,C,0.1908,0.322-0.622,0.562,0.362,0.11
2386,289047,-20.99,17,76.5,0.9532,0.0639,0.7709,0.2772,0.4844,0.0151,0.2416,0.3809,-0.2121,C,0.2188,0.322-0.622,0.562,0.362,0.11
2387,289060,-4.74,13,92.3,1.04,0.029,0.8973,0.0875,0.4529,0.0095,0.1701,0.4077,-0.0209,C,0.2288,0.322-0.622,0.562,0.362,0.11
2388,289075,-7.33,15,93.3,0.8456,0.1285,0.7904,0.2335,0.4165,0.095,0.562,0.4281,-0.1361,C,0.2055,0.322-0.622,0.562,0.362,0.11
2389,289152,70.04,77,97.4,0.363,0.2522,0.4872,0.4797,0.8724,1.9366,0.8594,0.3439,-0.4497,C,0.2008,0.322-0.622,0.562,0.362,0.11
2390,289172,11.61,20,95.0,0.4587,0.237,0.6979,0.2519,0.4953,1.4345,0.8313,0.3427,-0.1436,C,0.1664,0.322-0.622,0.563,0.363,0.11
2391,289187,-8.85,15,93.3,0.9183,0.0737,0.8339,0.1815,0.468,0.0335,0.3415,0.417,-0.1023,C,0.1993,0.322-0.622,0.563,0.363,0.11
2392,289205,-22.16,18,94.4,0.6386,0.1825,0.6383,0.3217,0.4261,0.8295,0.7353,0.4224,-0.2311,C,0.1789,0.322-0.622,0.563,0.363,0.11
2393,289221,-15.92,16,100.0,0.7197,0.1666,0.7667,0.2503,0.3906,0.6165,0.7247,0.3946,-0.1406,C,0.1897,0.322-0.622,0.563,0.363,0.11
2394,289276,-2.21,55,98.2,0.6523,0.2013,0.5045,0.3969,0.7996,0.457,0.8517,0.4052,-0.3341,C,0.2147,0.322-0.622,0.563,0.363,0.11
2395,289291,3.98,15,100.0,0.5633,0.2128,0.8216,0.1611,0.4277,1.007,0.8942,0.3654,-0.0662,C,0.18,0.322-0.622,0.563,0.363,0.11
2396,289305,-7.91,14,100.0,0.9514,0.101,0.8411,0.182,0.4335,0.0571,0.4782,0.3724,-0.106,C,0.2456,0.322-0.622,0.563,0.363,0.11
2397,289319,0.01,14,92.9,0.7981,0.1626,0.8644,0.1289,0.4111,0.1162,0.7089,0.3984,-0.043,C,0.1949,0.322-0.622,0.563,0.363,0.11
2398,289340,2.52,21,90.5,0.5011,0.227,0.7322,0.2786,0.5567,1.1216,0.7752,0.339,-0.2314,C,0.2255,0.322-0.622,0.563,0.363,0.11
2399,289357,-14.17,17,94.1,0.6837,0.1962,0.7583,0.3086,0.4182,0.4785,0.7752,0.403,-0.2605,C,0.1787,0.322-0.622,0.563,0.363,0.11
2400,289373,-10.46,16,100.0,0.694,0.1718,0.7756,0.2758,0.4243,0.6963,0.7561,0.3482,-0.1827,C,0.2314,0.322-0.622,0.563,0.363,0.11
2401,289388,-31.61,15,86.7,0.5913,0.1624,0.7051,0.386,0.4167,0.7816,0.6009,0.433,-0.3428,C,0.2325,0.322-0.622,0.563,0.363,0.11
2402,289403,-11.05,15,93.3,0.7236,0.1453,0.7663,0.2281,0.4721,0.2177,0.6312,0.4037,-0.1284,C,0.1829,0.322-0.622,0.563,0.363,0.111
2403,289417,-21.61,14,0.0,0.0,0.0,0.8571,0.1319,0.3905,0.0,0.0,0.3825,-0.056,C,0.1724,0.322-0.622,0.563,0.363,0.111
2404,289432,-18.25,15,100.0,0.6354,0.1941,0.7569,0.2278,0.3683,0.9382,0.8405,0.4876,-0.1796,C,0.242,0.322-0.622,0.563,0.363,0.111
2405,289446,-7.84,14,100.0,0.5041,0.2397,0.8421,0.1675,0.4502,1.2255,0.9632,0.4321,-0.072,C,0.2038,0.322-0.622,0.563,0.363,0.111
2406,289530,-40.99,84,98.8,0.476,0.2357,0.4974,0.544,0.8115,1.2214,0.9415,0.2587,-0.5584,C,0.1884,0.322-0.622,0.563,0.363,0.111
2407,289545,-13.38,15,100.0,0.6042,0.2168,0.7596,0.3342,0.4125,0.8653,0.9047,0.4247,-0.2567,C,0.1966,0.322-0.622,0.563,0.363,0.111
2408,289560,-25.4,15,93.3,0.6817,0.2035,0.7249,0.3184,0.4101,0.4244,0.8037,0.4185,-0.2712,C,0.2298,0.322-0.622,0.563,0.363,0.111
2409,289583,-19.34,23,87.0,0.6309,0.1991,0.6343,0.3236,0.5249,0.4708,0.7561,0.361,-0.2509,C,0.2481,0.322-0.622,0.563,0.363,0.111
2410,289606,-3.58,23,91.3,0.5465,0.2348,0.7107,0.3349,0.6046,0.8854,0.7324,0.3316,-0.282,C,0.2398,0.322-0.622,0.563,0.363,0.111
2411,289621,-8.2,15,100.0,0.5725,0.1988,0.7458,0.1812,0.3778,1.0711,0.8707,0.3651,-0.0777,C,0.1995,0.322-0.622,0.563,0.363,0.111
2412,289634,-12.42,13,100.0,0.8848,0.0878,0.8722,0.1105,0.4436,0.0622,0.4089,0.3975,-0.0307,C,0.2358,0.322-0.622,0.563,0.363,0.111
2413,289648,-8.77,14,78.6,0.9224,0.0829,0.8235,0.2072,0.4361,0.0353,0.3038,0.4363,-0.1079,C,0.2151,0.322-0.622,0.564,0.364,0.111
2414,289662,-5.39,14,92.9,0.8734,0.1226,0.857,0.1664,0.3929,0.0721,0.5308,0.4145,-0.0915,C,0.2258,0.322-0.622,0.564,0.364,0.111
2415,289694,-12.64,32,93.8,0.5694,0.2168,0.6209,0.3837,0.6921,0.8199,0.8305,0.4162,-0.3386,C,0.1706,0.322-0.622,0.564,0.364,0.111
2416,289709,-23.64,15,100.0,0.7817,0.1391,0.7385,0.2889,0.3733,0.332,0.6299,0.4088,-0.2419,C,0.1955,0.322-0.622,0.564,0.364,0.111
2417,289723,-3.5,14,100.0,0.5659,0.2061,0.8592,0.1164,0.4386,1.0529,0.8652,0.4096,-0.0277,C,0.1646,0.322-0.622,0.564,0.364,0.111
2418,289738,-11.33,15,93.3,0.5182,0.2254,0.7053,0.2907,0.3795,1.2931,0.8391,0.4706,-0.2394,C,0.2422,0.322-0.622,0.564,0.364,0.111
2419,289751,-20.23,13,92.3,0.9938,0.0177,0.8583,0.1437,0.429,0.0162,0.1421,0.4078,-0.0883,C,0.2258,0.322-0.622,0.564,0.364,0.111
2420,289766,-14.1,15,100.0,0.4567,0.2192,0.7625,0.3009,0.4166,1.6484,0.8775,0.379,-0.2914,C,0.1974,0.322-0.622,0.564,0.364,0.111
2421,289781,-13.16,15,100.0,0.6029,0.1844,0.8008,0.1989,0.4077,0.9771,0.8006,0.3935,-0.0929,C,0.184,0.322-0.622,0.564,0.364,0.111
2422,289797,-10.19,16,93.8,0.866,0.1324,0.7975,0.2282,0.4083,0.0876,0.5777,0.4091,-0.1646,C,0.2472,0.322-0.622,0.564,0.364,0.111
2423,289815,-9.91,18,83.3,0.663,0.1781,0.7435,0.2564,0.448,0.3702,0.657,0.3634,-0.1944,C,0.2255,0.322-0.622,0.564,0.364,0.111
2424,289830,-9.54,15,93.3,0.6849,0.1982,0.7643,0.2551,0.4348,0.3719,0.8014,0.4456,-0.2004,C,0.1671,0.322-0.622,0.564,0.364,0.111
2425,289844,-36.75,14,100.0,0.6081,0.2152,0.7828,0.3885,0.3889,0.865,0.9061,0.3872,-0.4431,C,0.1885,0.322-0.622,0.564,0.364,0.111
2426,289859,-14.79,15,93.3,0.7104,0.1833,0.8503,0.1688,0.4089,0.32,0.7683,0.4262,-0.1118,C,0.2339,0.322-0.622,0.564,0.364,0.111
2427,289873,-22.11,14,0.0,0.0,0.0,0.848,0.1579,0.4024,0.0,0.0,0.426,-0.0902,C,0.1951,0.322-0.622,0.564,0.364,0.111
2428,289888,-12.86,15,100.0,1.0,0.0499,0.8205,0.208,0.3865,0.0299,0.2612,0.3868,-0.1606,C,0.2109,0.322-0.622,0.564,0.364,0.111
2429,289905,-9.92,17,82.4,0.6997,0.1626,0.6487,0.2517,0.3946,0.3529,0.5835,0.4098,-0.1342,C,0.2397,0.322-0.622,0.564,0.364,0.111
2430,289920,-8.39,15,100.0,0.66,0.1863,0.7808,0.2036,0.4209,0.7698,0.7737,0.4025,-0.1148,C,0.235,0.322-0.622,0.564,0.364,0.111
2431,289933,-10.32,13,92.3,0.9389,0.0758,0.8642,0.2016,0.4508,0.0306,0.3323,0.395,-0.1482,C,0.2313,0.322-0.622,0.564,0.364,0.111
2432,289947,-10.3,14,92.9,0.9099,0.0542,0.8314,0.1541,0.3853,0.0379,0.2607,0.4155,-0.0965,C,0.23,0.322-0.622,0.564,0.364,0.111
2433,289963,-24.87,16,93.8,0.7176,0.1803,0.6796,0.2738,0.3901,0.2639,0.7714,0.4082,-0.2069,C,0.2203,0.322-0.622,0.564,0.364,0.111
2434,290005,-7.87,42,92.9,0.3866,0.2266,0.5638,0.5322,0.7305,1.8385,0.8732,0.4403,-0.5619,C,0.2211,0.322-0.622,0.564,0.364,0.111
2435,290019,-11.54,14,92.9,0.8029,0.1623,0.8034,0.152,0.409,0.1237,0.7071,0.4349,-0.0601,C,0.184,0.322-0.622,0.564,0.364,0.111
2436,290033,-7.07,14,100.0,0.77,0.164,0.7963,0.228,0.4294,0.2299,0.7595,0.4103,-0.1447,C,0.2196,0.322-0.622,0.564,0.364,0.111
2437,290049,-18.0,16,93.8,0.6298,0.1726,0.6443,0.3639,0.4683,0.5725,0.6939,0.442,-0.2875,C,0.1747,0.322-0.622,0.564,0.364,0.111
2438,290066,-18.45,17,88.2,0.5642,0.2308,0.7282,0.3102,0.4126,0.9475,0.8042,0.4269,-0.2666,C,0.2401,0.322-0.622,0.564,0.364,0.111
2439,290081,-19.64,15,73.3,0.9216,0.0946,0.8205,0.2205,0.4625,0.0357,0.3264,0.4214,-0.1812,C,0.232,0.322-0.622,0.564,0.364,0.111
2440,290098,3.03,17,88.2,0.5447,0.2102,0.7429,0.2341,0.4709,0.8202,0.7591,0.4465,-0.1496,C,0.212,0.322-0.622,0.564,0.364,0.111
2441,290169,120.21,71,94.4,0.2651,0.2401,0.4875,0.4512,0.8367,2.4994,0.9193,0.4044,-0.407,C,0.1685,0.322-0.622,0.565,0.365,0.111
2442,290182,-18.76,13,0.0,0.0,0.0,0.8999,0.109,0.4223,0.0,0.0,0.4187,-0.0463,C,0.2034,0.322-0.622,0.565,0.365,0.111
2443,290215,18.83,33,90.9,0.3918,0.2372,0.6034,0.4013,0.6699,1.6889,0.7503,0.3359,-0.3349,C,0.2126,0.322-0.622,0.565,0.365,0.111
2444,290230,-18.18,15,100.0,0.5887,0.1911,0.7863,0.2589,0.3568,0.9992,0.8507,0.3874,-0.2117,C,0.2455,0.322-0.622,0.565,0.365,0.111
2445,290247,-14.05,17,94.1,0.6195,0.19,0.7931,0.2458,0.4227,0.5933,0.7942,0.3614,-0.2021,C,0.196,0.322-0.622,0.565,0.365,0.111
2446,290263,-29.2,16,87.5,0.6475,0.1869,0.7481,0.2951,0.3274,0.7833,0.7231,0.4173,-0.2892,C,0.1949,0.322-0.622,0.565,0.365,0.111
2447,290279,-7.43,16,93.8,0.5358,0.2236,0.7474,0.26,0.4172,1.116,0.8493,0.442,-0.2112,C,0.2422,0.322-0.622,0.565,0.365,0.111
2448,290295,-22.63,16,81.2,0.8161,0.1361,0.7746,0.28,0.5016,0.1172,0.5229,0.4237,-0.2353,C,0.2311,0.322-0.622,0.565,0.365,0.111
2449,290309,0.53,14,100.0,0.7186,0.1888,0.8054,0.1716,0.4265,0.2776,0.8598,0.3756,-0.0629,C,0.2407,0.322-0.622,0.565,0.365,0.111
2450,290322,-3.64,13,100.0,0.8694,0.0768,0.8627,0.128,0.4233,0.0664,0.3665,0.4345,-0.0449,C,0.204,0.322-0.622,0.565,0.365,0.111
2451,290336,-7.71,14,92.9,1.0028,0.0184,0.8331,0.1829,0.409,0.0146,0.1466,0.4101,-0.0848,C,0.1837,0.322-0.622,0.565,0.365,0.111
2452,290365,-29.31,29,82.8,0.5513,0.2182,0.5875,0.4088,0.5131,0.797,0.7428,0.384,-0.3702,C,0.1927,0.322-0.622,0.565,0.365,0.111
2453,290383,-24.68,18,83.3,0.5872,0.1528,0.6623,0.3361,0.3467,0.7665,0.5743,0.3573,-0.2512,C,0.2218,0.322-0.622,0.565,0.365,0.111
2454,290400,-10.95,17,82.4,0.5887,0.195,0.6992,0.2956,0.3086,0.8275,0.6976,0.3913,-0.1754,C,0.2438,0.322-0.622,0.565,0.365,0.111
2455,290418,-4.85,18,94.4,0.6174,0.1976,0.6055,0.2734,0.4712,0.7708,0.7744,0.439,-0.1771,C,0.1802,0.322-0.622,0.565,0.365,0.111
2456,290434,-9.97,16,93.8,0.6026,0.1908,0.7012,0.2808,0.3862,0.9367,0.7838,0.3984,-0.179,C,0.1919,0.322-0.622,0.565,0.365,0.111
2457,290452,-19.52,18,88.9,0.6958,0.1496,0.7502,0.2587,0.4066,0.4236,0.5848,0.4321,-0.1914,C,0.2195,0.322-0.622,0.565,0.365,0.111
2458,290467,-20.8,15,60.0,1.0832,0.0366,0.7868,0.2124,0.3917,0.0033,0.1245,0.393,-0.127,C,0.242,0.322-0.622,0.565,0.365,0.111
2459,290482,-1.96,15,100.0,0.7668,0.1844,0.8169,0.1889,0.4288,0.2682,0.8194,0.387,-0.1079,C,0.1672,0.322-0.622,0.565,0.365,0.111
2460,290495,-11.88,13,38.5,0.9978,0.0113,0.9223,0.0995,0.4249,0.0039,0.0534,0.3837,-0.0325,C,0.1768,0.322-0.622,0.565,0.365,0.111
2461,290509,-27.11,14,92.9,0.747,0.1607,0.7797,0.2435,0.3563,0.2271,0.6781,0.4375,-0.1988,C,0.204,0.322-0.622,0.565,0.365,0.111
2462,290525,-27.43,16,87.5,0.6521,0.195,0.7289,0.3732,0.4106,0.4024,0.7362,0.4241,-0.4088,C,0.235,0.322-0.622,0.565,0.365,0.111
2463,290539,-2.98,14,100.0,0.5748,0.2238,0.8546,0.1315,0.439,0.9563,0.8872,0.3993,-0.0401,C,0.2386,0.322-0.622,0.565,0.365,0.111
2464,290554,-21.59,15,100.0,0.7427,0.1732,0.7588,0.2448,0.406,0.259,0.7926,0.4485,-0.1789,C,0.1778,0.322-0.622,0.565,0.365,0.111
2465,290570,-15.56,16,100.0,0.7756,0.1827,0.792,0.2053,0.4142,0.219,0.8172,0.4309,-0.1347,C,0.2149,0.322-0.622,0.566,0.366,0.111
2466,290583,-20.56,13,0.0,0.0,0.0,0.8553,0.1147,0.4008,0.0,0.0,0.4604,-0.0484,C,0.1874,0.322-0.622,0.566,0.366,0.111
2467,290599,-23.34,16,75.0,0.6514,0.2153,0.6942,0.3623,0.3811,0.3895,0.6303,0.4566,-0.2812,C,0.2422,0.322-0.622,0.566,0.366,0.111
2468,290614,-13.79,15,93.3,0.8649,0.1323,0.7184,0.214,0.4112,0.0799,0.5817,0.4645,-0.1134,C,0.1885,0.322-0.622,0.566,0.366,0.111
2469,290631,-16.99,17,82.4,0.8709,0.0979,0.7737,0.2198,0.522,0.0421,0.3779,0.4031,-0.1332,C,0.1858,0.322-0.622,0.566,0.366,0.111
2470,290645,-3.67,14,100.0,0.9276,0.1055,0.8465,0.1888,0.464,0.0439,0.4955,0.3987,-0.0884,C,0.2333,0.322-0.622,0.566,0.366,0.111
2471,290678,-33.14,33,90.9,0.6919,0.1657,0.5504,0.4325,0.7197,0.2333,0.7003,0.4147,-0.3959,C,0.1995,0.322-0.622,0.566,0.366,0.111
2472,290692,-0.72,14,92.9,0.8991,0.1064,0.8946,0.105,0.4569,0.0483,0.4637,0.4054,-0.0366,C,0.1645,0.322-0.622,0.566,0.366,0.111
2473,290706,-11.16,14,85.7,0.8528,0.0841,0.8521,0.1906,0.4062,0.0642,0.3369,0.4366,-0.1175,C,0.1695,0.322-0.622,0.566,0.366,0.111
2474,290720,-5.67,14,78.6,0.768,0.1609,0.8225,0.1931,0.393,0.1803,0.5881,0.3886,-0.1026,C,0.1925,0.322-0.622,0.566,0.366,0.111
2475,290737,-27.13,17,88.2,0.5831,0.1958,0.6945,0.3612,0.3982,0.8484,0.7518,0.3825,-0.3236,C,0.2133,0.322-0.622,0.566,0.366,0.111
2476,290756,-25.28,19,78.9,0.5101,0.1987,0.667,0.4341,0.4048,0.9758,0.6589,0.4449,-0.3797,C,0.224,0.322-0.622,0.566,0.366,0.111
2477,290788,-9.65,32,100.0,0.6498,0.1319,0.6643,0.3029,0.743,0.7133,0.6166,0.2554,-0.2321,C,0.2197,0.322-0.622,0.566,0.366,0.111
2478,290807,-23.95,19,78.9,0.6975,0.1764,0.7138,0.3001,0.3146,0.5198,0.6011,0.4659,-0.1723,C,0.224,0.322-0.622,0.566,0.366,0.111
2479,290822,-7.16,15,100.0,0.685,0.1852,0.7096,0.2329,0.3762,0.7211,0.8143,0.4395,-0.1418,C,0.2414,0.322-0.622,0.566,0.366,0.111
2480,290838,-12.35,16,100.0,0.9122,0.1116,0.7001,0.2724,0.4383,0.0947,0.5278,0.4305,-0.1967,C,0.196,0.322-0.622,0.566,0.366,0.111
2481,290853,-25.11,15,86.7,0.853,0.0764,0.8215,0.194,0.4339,0.056,0.3178,0.4196,-0.1297,C,0.2366,0.322-0.622,0.566,0.366,0.111
2482,290867,-11.01,14,100.0,0.8189,0.1108,0.8275,0.2405,0.4266,0.1198,0.5178,0.4358,-0.1867,C,0.215,0.322-0.622,0.566,0.366,0.111
2483,290881,-9.63,14,78.6,0.9448,0.0757,0.8428,0.1615,0.4001,0.032,0.2848,0.3895,-0.0834,C,0.2486,0.322-0.622,0.566,0.366,0.111
2484,290895,-6.52,14,100.0,0.7969,0.1159,0.8024,0.1795,0.4302,0.1437,0.5389,0.416,-0.081,C,0.2207,0.322-0.622,0.566,0.366,0.111
2485,290910,-4.66,15,100.0,0.6363,0.2007,0.7654,0.2456,0.4134,0.7194,0.8775,0.3575,-0.1413,C,0.1727,0.322-0.622,0.566,0.366,0.111
2486,290924,-20.8,14,0.0,0.0,0.0,0.8255,0.1368,0.3614,0.0,0.0,0.4146,-0.0612,C,0.2326,0.322-0.622,0.566,0.366,0.111
2487,290945,-19.85,21,90.5,0.4099,0.2288,0.6926,0.4183,0.5256,1.6525,0.8323,0.3918,-0.426,C,0.2044,0.322-0.622,0.566,0.366,0.111
2488,290960,-11.13,15,93.3,0.6708,0.2154,0.8088,0.1717,0.3991,0.4178,0.8409,0.4329,-0.0935,C,0.206,0.322-0.622,0.566,0.366,0.111
2489,290974,-2.09,14,100.0,0.8155,0.1487,0.8696,0.1161,0.4412,0.2206,0.681,0.3982,-0.0342,C,0.1978,0.322-0.622,0.566,0.366,0.111
2490,290989,-29.06,15,93.3,0.7533,0.1795,0.7076,0.3107,0.411,0.2085,0.7593,0.3544,-0.296,C,0.1989,0.322-0.622,0.566,0.366,0.111
2491,291019,10.91,30,90.0,0.3892,0.2429,0.5365,0.4226,0.6217,1.7375,0.8372,0.459,-0.3742,C,0.1999,0.322-0.622,0.566,0.366,0.111
2492,291034,-6.55,15,100.0,0.6185,0.2153,0.7878,0.1822,0.4157,0.7863,0.9072,0.402,-0.0649,C,0.1957,0.322-0.622,0.566,0.366,0.111
2493,291056,-27.56,22,81.8,0.6008,0.2164,0.6728,0.4375,0.5373,0.5487,0.7411,0.4006,-0.4413,C,0.2347,0.322-0.622,0.567,0.367,0.111
2494,291071,-14.85,15,100.0,0.8994,0.1169,0.7421,0.2713,0.4042,0.1071,0.5449,0.4257,-0.2272,C,0.1861,0.322-0.622,0.567,0.367,0.111
2495,291088,-16.25,17,88.2,0.685,0.1923,0.7833,0.2201,0.5151,0.2846,0.7615,0.3505,-0.155,C,0.1873,0.322-0.622,0.567,0.367,0.111
2496,291121,-5.29,33,97.0,0.5016,0.2424,0.5551,0.4086,0.6789,1.2318,0.891,0.4497,-0.3584,C,0.2031,0.322-0.622,0.567,0.367,0.111
2497,291136,-11.75,15,100.0,0.7491,0.167,0.743,0.2983,0.3811,0.4627,0.7427,0.3967,-0.2125,C,0.1809,0.322-0.622,0.567,0.367,0.111
2498,291149,-20.78,13,100.0,1.0316,0.0738,0.9137,0.1089,0.4542,0.0365,0.3673,0.3553,-0.0651,C,0.2414,0.322-0.622,0.567,0.367,0.111
2499,291166,-13.99,17,88.2,0.7016,0.1671,0.7732,0.2257,0.3926,0.4176,0.6572,0.3968,-0.1537,C,0.1789,0.322-0.622,0.567,0.367,0.111
2500,291184,-15.87,18,100.0,0.7174,0.1915,0.7149,0.2582,0.408,0.4105,0.8197,0.3291,-0.1401,C,0.2042,0.322-0.622,0.567,0.367,0.111
2501,291197,-11.6,13,100.0,0.9613,0.0397,0.8611,0.1858,0.4428,0.0261,0.2251,0.4571,-0.1759,C,0.1873,0.322-0.622,0.567,0.367,0.111
2502,291220,-15.79,23,87.0,0.5858,0.2004,0.5744,0.3813,0.4933,0.9215,0.7453,0.4458,-0.3297,C,0.239,0.322-0.622,0.567,0.367,0.111
2503,291234,-37.68,14,0.0,0.0,0.0,0.8128,0.2112,0.4241,0.0,0.0,0.3992,-0.1483,C,0.2045,0.322-0.622,0.567,0.367,0.111
2504,291253,-7.97,19,89.5,0.6289,0.1908,0.7277,0.2776,0.4319,0.6179,0.7306,0.3643,-0.1968,C,0.2128,0.322-0.622,0.567,0.367,0.111
2505,291267,-10.52,14,100.0,0.6841,0.1908,0.8086,0.2671,0.4495,0.3337,0.8487,0.4693,-0.2618,C,0.2157,0.322-0.622,0.567,0.367,0.111
2506,291283,-23.14,16,81.2,0.7543,0.1563,0.7723,0.253,0.3456,0.1878,0.553,0.3683,-0.1727,C,0.1756,0.322-0.622,0.567,0.367,0.111
2507,291301,-22.67,18,83.3,0.5231,0.201,0.6679,0.4229,0.4699,0.9179,0.7206,0.4664,-0.3993,C,0.2237,0.322-0.622,0.567,0.367,0.111
2508,291316,-19.03,15,100.0,0.6074,0.207,0.6928,0.3568,0.4093,1.0209,0.87,0.3875,-0.3199,C,0.1738,0.322-0.622,0.567,0.367,0.111
2509,291350,19.31,34,85.3,0.3897,0.2207,0.6679,0.311,0.6916,1.5697,0.6711,0.2332,-0.2228,C,0.1789,0.322-0.622,0.567,0.367,0.111
2510,291365,2.21,15,100.0,0.6995,0.2085,0.8152,0.1682,0.4347,0.3795,0.9022,0.4125,-0.0645,C,0.234,0.322-0.622,0.567,0.367,0.111
2511,291381,-13.23,16,87.5,0.6607,0.1751,0.709,0.212,0.3509,0.5866,0.6712,0.403,-0.1071,C,0.1933,0.322-0.622,0.567,0.367,0.111
2512,291402,-4.19,21,76.2,0.4764,0.2036,0.602,0.3464,0.4311,1.0616,0.6567,0.3809,-0.2319,C,0.1704,0.322-0.622,0.567,0.367,0.111
2513,291416,-15.51,14,71.4,1.0232,0.0187,0.8722,0.1308,0.403,0.0077,0.1116,0.3554,-0.0455,C,0.2355,0.322-0.622,0.567,0.367,0.111
2514,291430,-1.52,14,100.0,0.9257,0.1082,0.8452,0.1612,0.4395,0.0459,0.5122,0.3979,-0.0616,C,0.1883,0.322-0.622,0.567,0.367,0.111
2515,291443,-8.78,13,100.0,0.9131,0.0608,0.8405,0.19,0.4235,0.0449,0.3111,0.3847,-0.1268,C,0.1651,0.322-0.622,0.567,0.367,0.111
2516,291458,-3.19,15,100.0,0.6675,0.1871,0.8062,0.2075,0.4684,0.4239,0.8304,0.3704,-0.1341,C,0.1831,0.322-0.622,0.567,0.367,0.111
2517,291472,-3.51,14,100.0,0.6967,0.2194,0.849,0.1966,0.4542,0.3898,0.9096,0.3979,-0.1418,C,0.227,0.322-0.622,0.567,0.367,0.111
2518,291487,-19.69,15,100.0,0.6623,0.2053,0.7991,0.237,0.4155,0.5299,0.8618,0.4513,-0.1713,C,0.233,0.322-0.622,0.567,0.367,0.111
2519,291542,18.12,55,94.5,0.4901,0.23,0.5675,0.3838,0.6822,1.2314,0.8403,0.4453,-0.3208,C,0.1982,0.322-0.622,0.568,0.368,0.111
2520,291555,-22.25,13,0.0,0.0,0.0,0.8749,0.1137,0.4213,0.0,0.0,0.4163,-0.0615,C,0.2124,0.322-0.622,0.568,0.368,0.111
2521,291569,-8.41,14,100.0,0.7901,0.139,0.8063,0.2005,0.389,0.2378,0.6359,0.3742,-0.1446,C,0.2178,0.322-0.622,0.568,0.368,0.111
2522,291583,-11.14,14,85.7,0.9915,0.0436,0.8536,0.1819,0.4121,0.0171,0.1976,0.4128,-0.1077,C,0.1796,0.322-0.622,0.568,0.368,0.111
2523,291599,-18.53,16,81.2,0.6662,0.1771,0.78,0.2235,0.3222,0.4663,0.6308,0.4208,-0.1203,C,0.2337,0.322-0.622,0.568,0.368,0.111
2524,291616,-11.93,17,100.0,0.6643,0.2021,0.7353,0.2475,0.4943,0.5406,0.8433,0.4118,-0.1443,C,0.2373,0.322-0.622,0.568,0.368,0.111
2525,291632,-23.12,16,100.0,0.7076,0.1832,0.7438,0.2579,0.4377,0.5029,0.794,0.4678,-0.1997,C,0.2211,0.322-0.622,0.568,0.368,0.111
2526,291649,-15.28,17,88.2,0.7031,0.1714,0.6606,0.3218,0.3982,0.2605,0.6848,0.4658,-0.2603,C,0.2111,0.322-0.622,0.568,0.368,0.111
2527,291664,-15.58,15,93.3,0.6206,0.2014,0.7413,0.2499,0.4045,0.7842,0.8109,0.4332,-0.1826,C,0.1793,0.322-0.622,0.568,0.368,0.111
2528,291680,-22.85,16,93.8,0.7409,0.154,0.7175,0.271,0.3165,0.6349,0.649,0.4614,-0.187,C,0.1918,0.322-0.622,0.568,0.368,0.111
2529,291696,-17.27,16,93.8,0.5794,0.2122,0.7066,0.3748,0.4366,0.9015,0.8372,0.4464,-0.3541,C,0.232,0.322-0.622,0.568,0.368,0.111
2530,291737,-44.64,41,90.2,0.5891,0.1995,0.5548,0.4927,0.7138,0.767,0.7026,0.4326,-0.4945,C,0.1929,0.322-0.622,0.568,0.368,0.111
2531,291801,70.29,64,93.8,0.3319,0.2552,0.4875,0.4753,0.8191,2.1139,0.8727,0.4264,-0.4478,C,0.1856,0.322-0.622,0.568,0.368,0.111
2532,291816,-11.06,15,100.0,0.5806,0.2031,0.7908,0.2425,0.402,1.0236,0.8848,0.3426,-0.1816,C,0.2107,0.322-0.622,0.568,0.368,0.111
2533,291832,-30.86,16,100.0,0.6485,0.1932,0.7346,0.3911,0.4219,0.6836,0.835,0.4071,-0.3746,C,0.1932,0.322-0.622,0.568,0.368,0.111
2534,291891,-4.96,59,88.1,0.4384,0.1992,0.5416,0.4657,0.7361,1.4209,0.7644,0.4014,-0.4637,C,0.2414,0.322-0.622,0.568,0.368,0.111
2535,291948,-9.28,57,93.0,0.5366,0.2234,0.458,0.4352,0.7738,0.8382,0.8522,0.3566,-0.3858,C,0.2495,0.322-0.622,0.568,0.368,0.111
2536,291963,-14.68,15,100.0,0.8219,0.1641,0.7989,0.1927,0.4157,0.126,0.7629,0.4005,-0.0876,C,0.2413,0.322-0.622,0.568,0.368,0.111
2537,291979,-7.73,16,100.0,0.5996,0.1991,0.778,0.2694,0.4494,0.9837,0.8545,0.358,-0.1853,C,0.2284,0.322-0.622,0.569,0.369,0.111
2538,292024,-26.75,45,97.8,0.4291,0.2128,0.5667,0.548,0.7457,1.5941,0.8837,0.392,-0.5956,C,0.2184,0.322-0.622,0.569,0.369,0.111
2539,292041,-15.26,17,100.0,0.6667,0.1639,0.6745,0.3528,0.4162,0.6851,0.7193,0.4232,-0.2438,C,0.1632,0.322-0.622,0.569,0.369,0.111
2540,292056,-17.17,15,93.3,0.9325,0.0686,0.7785,0.2448,0.4116,0.0253,0.3248,0.4206,-0.1854,C,0.2006,0.322-0.622,0.569,0.369,0.111
2541,292070,-18.2,14,100.0,0.7775,0.1845,0.8013,0.2343,0.4634,0.1951,0.8305,0.4454,-0.1578,C,0.228,0.322-0.622,0.569,0.369,0.111
2542,292085,8.61,15,100.0,0.4593,0.224,0.7424,0.2204,0.4242,1.5351,0.8813,0.3997,-0.1003,C,0.2295,0.322-0.622,0.569,0.369,0.111
2543,292101,-15.71,16,81.2,0.5223,0.1933,0.6777,0.316,0.3691,0.9776,0.6707,0.4019,-0.2432,C,0.1759,0.322-0.622,0.569,0.369,0.111
2544,292116,-15.92,15,86.7,0.6011,0.1577,0.6957,0.31,0.3686,0.8193,0.6134,0.4628,-0.242,C,0.1937,0.322-0.622,0.569,0.369,0.111
2545,292133,-18.52,17,88.2,0.7028,0.1728,0.689,0.3143,0.3431,0.6051,0.6595,0.4587,-0.2475,C,0.1795,0.322-0.622,0.569,0.369,0.111
2546,292153,-17.23,20,85.0,0.6394,0.1636,0.7378,0.2693,0.4244,0.6097,0.598,0.4437,-0.2148,C,0.234,0.322-0.622,0.569,0.369,0.111
2547,292169,-27.61,16,87.5,0.6658,0.183,0.6759,0.3362,0.3815,0.4073,0.712,0.325,-0.2698,C,0.2298,0.322-0.622,0.569,0.369,0.111
2548,292183,-5.63,14,100.0,0.5591,0.2161,0.807,0.1576,0.4027,1.0061,0.9306,0.445,-0.0636,C,0.1696,0.322-0.622,0.569,0.369,0.111
2549,292198,-8.45,15,93.3,0.8865,0.1258,0.8225,0.2225,0.4069,0.0619,0.554,0.3948,-0.1363,C,0.2014,0.322-0.622,0.569,0.369,0.111
2550,292212,-13.56,14,71.4,0.9679,0.0372,0.8028,0.1543,0.4029,0.0129,0.1572,0.4193,-0.083,C,0.1664,0.322-0.622,0.569,0.369,0.112
2551,292226,-5.01,14,85.7,0.6159,0.1864,0.8082,0.178,0.4048,0.4671,0.6981,0.4392,-0.0945,C,0.2143,0.322-0.622,0.569,0.369,0.112
2552,292241,-17.35,15,80.0,0.9048,0.0544,0.756,0.2691,0.3861,0.0271,0.2252,0.4247,-0.2014,C,0.2353,0.322-0.622,0.569,0.369,0.112
2553,292256,-28.7,15,86.7,0.8808,0.1079,0.7925,0.2708,0.4251,0.0556,0.4369,0.4654,-0.2649,C,0.2439,0.322-0.622,0.569,0.369,0.112
2554,292270,-10.15,14,100.0,0.7919,0.155,0.8083,0.1943,0.361,0.3379,0.6955,0.4319,-0.1255,C,0.2267,0.322-0.622,0.569,0.369,0.112
2555,292291,-21.92,21,85.7,0.6033,0.1793,0.6268,0.3903,0.5234,0.5926,0.6671,0.3982,-0.3328,C,0.2054,0.322-0.622,0.569,0.369,0.112
2556,292307,-9.94,16,100.0,0.8098,0.1303,0.7096,0.2318,0.3685,0.1169,0.606,0.4634,-0.147,C,0.2133,0.322-0.622,0.569,0.369,0.112
2557,292321,-6.77,14,100.0,0.6467,0.1981,0.8208,0.2022,0.449,0.7562,0.8501,0.4356,-0.1065,C,0.2454,0.322-0.622,0.569,0.369,0.112
2558,292334,-1.59,13,100.0,0.9822,0.0727,0.8769,0.0919,0.4616,0.0227,0.338,0.3924,-0.0258,C,0.1949,0.322-0.622,0.569,0.369,0.112
2559,292348,-9.72,14,100.0,0.772,0.1473,0.8303,0.2293,0.3977,0.2395,0.6782,0.4247,-0.1755,C,0.2477,0.322-0.622,0.569,0.369,0.112
2560,292362,-15.27,14,71.4,0.9392,0.0452,0.7628,0.2238,0.4416,0.0195,0.176,0.431,-0.1448,C,0.2168,0.322-0.622,0.569,0.369,0.112
2561,292376,-3.57,14,100.0,0.9553,0.0983,0.8383,0.1385,0.4317,0.0548,0.469,0.3796,-0.0693,C,0.2126,0.322-0.622,0.569,0.369,0.112
2562,292396,-28.1,20,80.0,0.6628,0.1505,0.6582,0.3337,0.3467,0.4081,0.5293,0.3451,-0.2712,C,0.2484,0.322-0.622,0.569,0.369,0.112
2563,292411,-10.88,15,100.0,0.6756,0.1777,0.7137,0.2299,0.4163,0.6645,0.7833,0.4548,-0.1601,C,0.2191,0.322-0.622,0.569,0.369,0.112
2564,292482,100.82,71,95.8,0.3355,0.2547,0.4679,0.4194,0.8184,2.1838,0.8275,0.4102,-0.3558,C,0.2165,0.322-0.622,0.57,0.37,0.112
2565,292496,-15.68,14,85.7,0.9089,0.0876,0.8437,0.176,0.4413,0.0375,0.3501,0.3823,-0.0853,C,0.2494,0.322-0.622,0.57,0.37,0.112
2566,292510,1.09,14,100.0,0.7577,0.1925,0.8383,0.1295,0.4791,0.2548,0.8379,0.4077,-0.0631,C,0.1661,0.322-0.622,0.57,0.37,0.112
2567,292524,-27.07,14,100.0,0.6711,0.1719,0.8397,0.27,0.3681,0.6888,0.753,0.4289,-0.2847,C,0.231,0.322-0.622,0.57,0.37,0.112
2568,292539,-16.6,15,100.0,0.7465,0.1699,0.75,0.2131,0.426,0.2526,0.784,0.4363,-0.1012,C,0.2272,0.322-0.622,0.57,0.37,0.112
2569,292560,-27.43,21,85.7,0.7263,0.1239,0.6133,0.3667,0.4224,0.4345,0.4806,0.4558,-0.3049,C,0.1635,0.322-0.622,0.57,0.37,0.112
2570,292575,-19.23,15,86.7,0.8508,0.0918,0.8461,0.2014,0.4262,0.0716,0.374,0.4275,-0.1641,C,0.1939,0.322-0.622,0.57,0.37,0.112
2571,292592,-18.32,17,88.2,0.6278,0.1951,0.7422,0.2721,0.3586,0.8201,0.7404,0.3764,-0.1931,C,0.2497,0.322-0.622,0.57,0.37,0.112
2572,292608,-13.6,16,81.2,0.7603,0.1814,0.6481,0.2918,0.4073,0.1671,0.6364,0.4403,-0.1756,C,0.1758,0.322-0.622,0.57,0.37,0.112
2573,292622,-14.06,14,71.4,1.0441,0.0166,0.8285,0.1655,0.4077,0.006,0.1085,0.4342,-0.0745,C,0.1774,0.322-0.622,0.57,0.37,0.112
2574,292636,-2.08,14,100.0,0.6706,0.2006,0.8556,0.1682,0.4313,0.5497,0.8656,0.4074,-0.1,C,0.2406,0.322-0.622,0.57,0.37,0.112
2575,292654,-28.97,18,88.9,0.8054,0.1176,0.7443,0.333,0.3961,0.551,0.4918,0.4113,-0.3095,C,0.1863,0.322-0.622,0.57,0.37,0.112
2576,292672,-16.92,18,100.0,0.6808,0.1877,0.7369,0.304,0.484,0.7198,0.7948,0.368,-0.239,C,0.1705,0.322-0.622,0.57,0.37,0.112
2577,292689,-11.07,17,94.1,0.6694,0.1877,0.6866,0.2305,0.3757,0.8044,0.7413,0.4484,-0.139,C,0.2491,0.322-0.622,0.57,0.37,0.112
2578,292706,-18.44,17,76.5,0.6563,0.1854,0.6672,0.3438,0.3926,0.4006,0.6133,0.4316,-0.2369,C,0.1731,0.322-0.622,0.57,0.37,0.112
2579,292721,-17.12,15,100.0,0.7729,0.174,0.7849,0.257,0.4371,0.2671,0.7709,0.4308,-0.201,C,0.175,0.322-0.622,0.57,0.37,0.112
2580,292735,-10.23,14,78.6,0.8571,0.0759,0.8148,0.1661,0.3429,0.0428,0.297,0.4264,-0.0689,C,0.2341,0.322-0.622,0.57,0.37,0.112
2581,292860,96.08,125,99.2,0.3426,0.2708,0.4358,0.5442,0.9047,2.1031,0.8271,0.4527,-0.5353,C,0.1741,0.322-0.622,0.57,0.37,0.112
2582,292876,-19.04,16,93.8,0.556,0.2199,0.7139,0.3301,0.4229,0.9758,0.8293,0.3872,-0.2831,C,0.1992,0.322-0.622,0.57,0.37,0.112
2583,292892,-14.53,16,87.5,0.6431,0.1865,0.7836,0.2575,0.3545,0.6232,0.7286,0.4327,-0.1939,C,0.1825,0.322-0.622,0.57,0.37,0.112
2584,292906,-15.05,14,78.6,0.8851,0.0724,0.8487,0.1561,0.3944,0.0385,0.2695,0.4525,-0.0579,C,0.1738,0.322-0.622,0.571,0.371,0.112
2585,292921,-34.25,15,100.0,0.8413,0.1417,0.8247,0.3167,0.4449,0.1218,0.661,0.3876,-0.3245,C,0.2154,0.322-0.622,0.571,0.371,0.112
2586,292938,-8.02,17,88.2,0.7478,0.1272,0.7693,0.1513,0.5172,0.1566,0.5262,0.3792,-0.0718,C,0.1862,0.322-0.622,0.571,0.371,0.112
2587,292952,-9.37,14,92.9,0.8145,0.107,0.8437,0.1708,0.3977,0.1014,0.4644,0.4097,-0.0964,C,0.1741,0.322-0.622,0.571,0.371,0.112
2588,292968,-3.03,16,87.5,0.6035,0.1983,0.8042,0.207,0.4555,0.5579,0.7385,0.3978,-0.1353,C,0.2003,0.322-0.622,0.571,0.371,0.112
2589,292984,-19.1,16,93.8,0.7321,0.1758,0.7202,0.2474,0.3907,0.4803,0.7178,0.4698,-0.1518,C,0.186,0.322-0.622,0.571,0.371,0.112
2590,292999,-5.53,15,93.3,0.7616,0.1566,0.8708,0.1385,0.3272,0.6126,0.654,0.392,-0.0945,C,0.2045,0.322-0.622,0.571,0.371,0.112
2591,293013,-32.08,14,0.0,0.0,0.0,0.8545,0.1436,0.3908,0.0,0.0,0.4139,-0.0658,C,0.2076,0.322-0.622,0.571,0.371,0.112
2592,293028,-13.67,15,93.3,0.6014,0.222,0.7745,0.2235,0.3944,0.7082,0.83,0.469,-0.1307,C,0.198,0.322-0.622,0.571,0.371,0.112
2593,293043,-11.09,15,73.3,1.0018,0.0768,0.7938,0.1838,0.4767,0.0116,0.2656,0.3897,-0.0925,C,0.224,0.322-0.622,0.571,0.371,0.112
2594,293058,-1.47,15,86.7,0.518,0.2184,0.7716,0.1904,0.3746,1.0381,0.7731,0.3381,-0.0994,C,0.1735,0.322-0.622,0.571,0.371,0.112
2595,293075,-23.15,17,100.0,0.8287,0.1266,0.742,0.2727,0.3744,0.1543,0.5842,0.4754,-0.2096,C,0.1795,0.322-0.622,0.571,0.371,0.112
2596,293088,-34.54,13,0.0,0.0,0.0,0.8704,0.1642,0.3616,0.0,0.0,0.4332,-0.1047,C,0.2133,0.322-0.622,0.571,0.371,0.112
2597,293132,43.57,44,95.5,0.397,0.2439,0.4871,0.3874,0.7416,1.8651,0.8781,0.3179,-0.3185,C,0.1959,0.322-0.622,0.571,0.371,0.112
2598,293146,-29.74,14,0.0,0.0,0.0,0.8169,0.194,0.4172,0.0,0.0,0.4448,-0.1085,C,0.1694,0.322-0.622,0.571,0.371,0.112
2599,293160,-5.49,14,92.9,0.6953,0.1533,0.8525,0.1718,0.4196,0.2662,0.6602,0.3853,-0.1095,C,0.2255,0.322-0.622,0.571,0.371,0.112
2600,293176,-32.65,16,93.8,0.5898,0.2157,0.7458,0.3708,0.4251,0.8187,0.8287,0.4559,-0.376,C,0.239,0.322-0.622,0.571,0.371,0.112
2601,293190,-9.7,14,100.0,0.6596,0.2079,0.842,0.1338,0.4329,0.6223,0.8502,0.4526,-0.0528,C,0.2001,0.322-0.622,0.571,0.371,0.112
2602,293207,-20.55,17,82.4,0.6979,0.1779,0.6418,0.3234,0.425,0.3262,0.6127,0.4381,-0.253,C,0.2322,0.322-0.622,0.571,0.371,0.112
2603,293222,-12.05,15,100.0,0.8603,0.1367,0.8109,0.1671,0.4258,0.1387,0.6336,0.4351,-0.092,C,0.2422,0.322-0.622,0.571,0.371,0.112
2604,293237,-20.53,15,100.0,0.9224,0.1057,0.7503,0.2137,0.4114,0.049,0.4937,0.4623,-0.1394,C,0.1766,0.322-0.622,0.571,0.371,0.112
2605,293250,-13.45,13,92.3,0.7354,0.1399,0.8369,0.1637,0.3892,0.2003,0.6087,0.4607,-0.0761,C,0.1906,0.322-0.622,0.571,0.371,0.112
2606,293284,-27.8,34,82.4,0.5057,0.2061,0.5834,0.4525,0.5681,1.0398,0.722,0.4031,-0.4117,C,0.1671,0.322-0.622,0.571,0.371,0.112
2607,293298,-3.82,14,100.0,0.5406,0.2251,0.8327,0.1736,0.3865,1.1667,0.9293,0.3998,-0.1082,C,0.1739,0.322-0.622,0.571,0.371,0.112
2608,293314,-23.63,16,93.8,0.7837,0.1563,0.7363,0.2698,0.3891,0.2806,0.6543,0.3666,-0.2021,C,0.1636,0.322-0.622,0.571,0.371,0.112
2609,293330,-4.42,16,87.5,0.5352,0.2225,0.7692,0.1913,0.4491,0.808,0.8095,0.4375,-0.0798,C,0.1969,0.322-0.622,0.571,0.371,0.112
2610,293346,-9.44,16,93.8,0.6644,0.1928,0.7429,0.2683,0.4212,0.6742,0.7568,0.4468,-0.1751,C,0.1864,0.322-0.622,0.571,0.371,0.112
2611,293367,-46.63,21,85.7,0.6938,0.1715,0.6128,0.4977,0.4891,0.4222,0.6305,0.4802,-0.4911,C,0.1933,0.322-0.622,0.571,0.371,0.112
2612,293381,-10.85,14,100.0,0.9424,0.1118,0.8538,0.1737,0.4515,0.0649,0.5283,0.3895,-0.0652,C,0.2038,0.322-0.622,0.572,0.372,0.112
2613,293396,-16.46,15,93.3,0.6551,0.2084,0.7296,0.2708,0.4147,0.6482,0.7929,0.4286,-0.2246,C,0.2142,0.322-0.622,0.572,0.372,0.112
2614,293411,-8.52,15,100.0,0.6095,0.2016,0.6786,0.2802,0.3845,0.9517,0.8837,0.4436,-0.2085,C,0.2218,0.322-0.622,0.572,0.372,0.112
2615,293425,-6.2,14,100.0,0.7247,0.1967,0.8343,0.1546,0.4633,0.4076,0.8334,0.4162,-0.0528,C,0.2494,0.322-0.622,0.572,0.372,0.112
2616,293441,-4.82,16,93.8,0.7195,0.1737,0.7573,0.202,0.3881,0.7081,0.6856,0.4157,-0.1097,C,0.173,0.322-0.622,0.572,0.372,0.112
2617,293455,-7.79,14,100.0,0.6022,0.219,0.7732,0.2573,0.425,0.7965,0.9325,0.3598,-0.1805,C,0.1776,0.322-0.622,0.572,0.372,0.112
2618,293468,-6.62,13,92.3,0.7553,0.1627,0.85,0.1938,0.4541,0.1645,0.7039,0.4498,-0.1531,C,0.2035,0.322-0.622,0.572,0.372,0.112
2619,293579,70.71,111,95.5,0.3421,0.2206,0.4624,0.5143,0.9046,1.9817,0.7753,0.3595,-0.4951,C,0.2468,0.322-0.622,0.572,0.372,0.112
2620,293594,-15.7,15,100.0,0.7373,0.1712,0.8222,0.2637,0.4303,0.4939,0.7518,0.4406,-0.2268,C,0.1956,0.322-0.622,0.572,0.372,0.112
2621,293659,20.34,65,96.9,0.4764,0.1892,0.5376,0.4413,0.7893,1.3977,0.8171,0.2514,-0.3957,C,0.1959,0.322-0.622,0.572,0.372,0.112
2622,293797,165.67,138,97.8,0.3181,0.2157,0.4242,0.5044,0.9168,2.2263,0.8505,0.4078,-0.4823,C,0.1834,0.322-0.622,0.572,0.372,0.112
2623,293812,-26.01,15,93.3,0.6403,0.2063,0.709,0.3158,0.4007,0.5472,0.8326,0.3582,-0.285,C,0.2002,0.322-0.622,0.572,0.372,0.112
2624,293825,-16.52,13,100.0,0.7955,0.1506,0.8405,0.1764,0.4277,0.4925,0.665,0.4217,-0.1176,C,0.2233,0.322-0.622,0.572,0.372,0.112
2625,293840,-30.1,15,100.0,0.636,0.2008,0.7825,0.2999,0.3864,0.9725,0.8445,0.3468,-0.3199,C,0.1636,0.322-0.622,0.573,0.373,0.112
2626,293854,-17.37,14,100.0,0.947,0.0834,0.8774,0.1456,0.4469,0.0362,0.3934,0.3413,-0.0859,C,0.1765,0.322-0.622,0.573,0.373,0.112
2627,294007,-168.87,153,58.8,0.7725,0.1291,0.7297,0.2641,0.4239,0.1637,0.3395,0.0802,-0.1971,C,0.184,0.322-0.622,0.573,0.373,0.112
2628,294022,-2.69,15,86.7,0.8049,0.1503,0.7843,0.1668,0.4266,0.1767,0.6133,0.3882,-0.0811,C,0.1835,0.322-0.622,0.573,0.373,0.112
2629,294036,-16.95,14,100.0,0.7696,0.1549,0.8138,0.1941,0.4053,0.1814,0.7142,0.3172,-0.1235,C,0.2246,0.322-0.622,0.573,0.373,0.112
2630,294052,-11.55,16,100.0,0.6248,0.2056,0.6445,0.2674,0.4428,0.9998,0.8494,0.483,-0.181,C,0.1949,0.322-0.622,0.573,0.373,0.112
2631,294074,-10.08,22,86.4,0.4769,0.222,0.6398,0.4015,0.4879,1.2492,0.7969,0.4537,-0.3364,C,0.19,0.322-0.622,0.573,0.373,0.112
2632,294095,-23.34,21,76.2,0.6265,0.1823,0.6166,0.3708,0.3532,0.6288,0.6024,0.4188,-0.2832,C,0.2024,0.322-0.622,0.573,0.373,0.112
2633,294109,-4.19,14,100.0,0.9043,0.1225,0.8182,0.1677,0.439,0.0507,0.5706,0.3594,-0.0703,C,0.18,0.322-0.622,0.573,0.373,0.112
2634,294135,-27.88,26,88.5,0.8382,0.1027,0.6053,0.3879,0.6483,0.0736,0.4333,0.3924,-0.3054,C,0.1815,0.322-0.622,0.573,0.373,0.112
2635,294149,-17.33,14,100.0,0.8052,0.1404,0.7952,0.1953,0.4268,0.1988,0.6552,0.4909,-0.1499,C,0.2321,0.322-0.622,0.573,0.373,0.112
2636,294167,-15.08,18,88.9,0.6807,0.1964,0.7703,0.2569,0.5051,0.2899,0.784,0.4161,-0.1995,C,0.1645,0.322-0.622,0.573,0.373,0.112
2637,294181,-3.14,14,100.0,0.6582,0.2029,0.819,0.1915,0.4423,0.5607,0.8617,0.4096,-0.1256,C,0.1801,0.322-0.622,0.573,0.373,0.112
2638,294195,-16.71,14,57.1,1.1175,0.0316,0.8589,0.1843,0.4456,0.0022,0.1102,0.4353,-0.1553,C,0.1971,0.322-0.622,0.573,0.373,0.112
2639,294213,-22.12,18,72.2,0.4675,0.2061,0.637,0.3401,0.3662,1.0898,0.6127,0.4337,-0.3213,C,0.2466,0.322-0.622,0.573,0.373,0.112
2640,294229,8.81,16,100.0,0.4428,0.2321,0.8077,0.2127,0.4818,1.6175,0.8775,0.3878,-0.1134,C,0.2156,0.322-0.622,0.573,0.373,0.112
2641,294243,-6.28,14,100.0,0.7217,0.1874,0.8419,0.1917,0.4272,0.3994,0.818,0.3515,-0.1305,C,0.1948,0.322-0.622,0.573,0.373,0.112
2642,294258,-23.85,15,100.0,0.8624,0.1374,0.7452,0.2393,0.4241,0.0852,0.643,0.3912,-0.1751,C,0.1657,0.322-0.622,0.573,0.373,0.112
2643,294274,-16.71,16,81.2,0.5897,0.219,0.7535,0.2677,0.4351,0.5173,0.7099,0.4225,-0.1945,C,0.2412,0.322-0.622,0.573,0.373,0.112
2644,294293,-13.44,19,94.7,0.5937,0.2084,0.5871,0.2916,0.4398,0.9634,0.8447,0.464,-0.1676,C,0.2384,0.322-0.622,0.573,0.373,0.112
2645,294386,112.65,93,95.7,0.3563,0.2409,0.4485,0.501,0.8874,2.1194,0.9113,0.4818,-0.4736,C,0.171,0.322-0.622,0.574,0.374,0.112
2646,294401,0.1,15,93.3,0.6285,0.2041,0.7745,0.1926,0.411,0.5887,0.8175,0.4301,-0.0823,C,0.2194,0.322-0.622,0.574,0.374,0.112
2647,294455,40.16,54,98.1,0.4498,0.2486,0.4832,0.4132,0.7854,1.4289,0.8898,0.3885,-0.3399,C,0.217,0.322-0.622,0.574,0.374,0.112
2648,294557,103.84,102,99.0,0.3341,0.246,0.4756,0.5182,0.9041,2.1656,0.8563,0.3517,-0.4912,C,0.2013,0.322-0.622,0.574,0.374,0.112
2649,294577,-41.46,20,75.0,0.711,0.1535,0.6059,0.4337,0.3785,0.3278,0.5044,0.4552,-0.3938,C,0.2183,0.322-0.622,0.574,0.374,0.112
2650,294595,-33.99,18,77.8,0.8892,0.1219,0.7012,0.3722,0.3537,0.0767,0.4402,0.4494,-0.3584,C,0.2006,0.322-0.622,0.574,0.374,0.112
2651,294613,-4.62,18,94.4,0.5376,0.224,0.7248,0.264,0.4627,1.0593,0.841,0.3872,-0.174,C,0.1959,0.322-0.622,0.574,0.374,0.112
2652,294637,-36.16,24,70.8,0.7032,0.1255,0.6873,0.3716,0.4182,0.4514,0.4043,0.4117,-0.3344,C,0.217,0.322-0.622,0.574,0.374,0.112
2653,294654,-14.09,17,88.2,0.7645,0.1473,0.7811,0.2669,0.4997,0.1379,0.6056,0.4233,-0.209,C,0.2228,0.322-0.622,0.574,0.374,0.112
2654,294667,-22.45,13,0.0,0.0,0.0,0.8732,0.1434,0.434,0.0,0.0,0.4188,-0.093,C,0.2417,0.322-0.622,0.574,0.374,0.112
2655,294681,-12.48,14,85.7,0.9067,0.0551,0.8141,0.1984,0.3652,0.0336,0.2456,0.4308,-0.1055,C,0.2328,0.322-0.622,0.574,0.374,0.112
2656,294753,34.57,72,98.6,0.3677,0.2037,0.4943,0.5396,0.8698,2.0314,0.8751,0.3003,-0.5406,C,0.2468,0.322-0.622,0.574,0.374,0.112
2657,294767,-5.57,14,100.0,0.869,0.0944,0.803,0.1625,0.4439,0.07,0.4377,0.4075,-0.0725,C,0.1864,0.322-0.622,0.574,0.374,0.112
2658,294784,-19.98,17,100.0,0.9529,0.0996,0.7564,0.2822,0.4368,0.0528,0.4743,0.3754,-0.1963,C,0.1915,0.322-0.622,0.575,0.375,0.112
2659,294798,-23.77,14,85.7,0.668,0.1724,0.7847,0.2204,0.3554,0.3185,0.6716,0.428,-0.1959,C,0.1993,0.322-0.622,0.575,0.375,0.112
2660,294817,-25.35,19,84.2,0.667,0.1257,0.7014,0.3294,0.3379,0.5284,0.4866,0.418,-0.2894,C,0.2231,0.322-0.622,0.575,0.375,0.112
2661,294832,-20.76,15,86.7,0.7812,0.1406,0.7475,0.2308,0.3342,0.1583,0.5541,0.415,-0.1539,C,0.2411,0.322-0.622,0.575,0.375,0.112
2662,294884,12.2,52,94.2,0.4659,0.2107,0.5453,0.4265,0.6355,1.4356,0.8468,0.3329,-0.3564,C,0.2027,0.322-0.622,0.575,0.375,0.112
2663,294899,-7.99,15,93.3,0.6899,0.2106,0.8164,0.1818,0.4361,0.3664,0.8285,0.4188,-0.0766,C,0.1929,0.322-0.622,0.575,0.375,0.112
2664,294915,-17.24,16,68.8,0.9725,0.0641,0.7719,0.2327,0.4464,0.0119,0.2124,0.4441,-0.146,C,0.2054,0.322-0.622,0.575,0.375,0.112
2665,294933,-10.35,18,88.9,0.5802,0.2123,0.665,0.2865,0.4413,0.8896,0.7932,0.4348,-0.1888,C,0.2357,0.322-0.622,0.575,0.375,0.112
2666,294951,1.36,18,100.0,0.4752,0.2338,0.7447,0.2603,0.5003,1.4246,0.8733,0.3941,-0.157,C,0.1901,0.322-0.622,0.575,0.375,0.112
2667,294965,-32.58,14,0.0,0.0,0.0,0.8458,0.2248,0.4058,0.0,0.0,0.4343,-0.2078,C,0.1712,0.322-0.622,0.575,0.375,0.112
2668,294979,-3.83,14,100.0,0.6073,0.2246,0.7758,0.2036,0.4387,0.8119,0.907,0.3734,-0.1183,C,0.2372,0.322-0.622,0.575,0.375,0.112
2669,295108,-38.58,129,99.2,0.4359,0.2516,0.4943,0.5936,0.9254,1.4419,0.9143,0.3413,-0.6518,C,0.2256,0.322-0.622,0.575,0.375,0.113
2670,295123,-4.44,15,100.0,0.8668,0.1462,0.8022,0.2271,0.4178,0.1383,0.671,0.418,-0.1119,C,0.2335,0.322-0.622,0.575,0.375,0.113
2671,295140,-15.66,17,100.0,0.7509,0.1784,0.747,0.3177,0.4653,0.3265,0.7386,0.4198,-0.273,C,0.1916,0.322-0.622,0.575,0.375,0.113
2672,295154,-27.13,14,0.0,0.0,0.0,0.819,0.1853,0.3693,0.0,0.0,0.3948,-0.0956,C,0.1969,0.322-0.622,0.575,0.375,0.113
2673,295171,-27.35,17,88.2,0.8507,0.1406,0.7593,0.2808,0.4676,0.0982,0.5903,0.4327,-0.2336,C,0.2279,0.322-0.622,0.575,0.375,0.113
2674,295188,-11.39,17,94.1,0.5618,0.2105,0.7447,0.2644,0.4309,0.9914,0.8228,0.3515,-0.1532,C,0.2483,0.322-0.622,0.575,0.375,0.113
2675,295204,-13.14,16,93.8,0.4883,0.2335,0.7321,0.2882,0.4525,1.2955,0.8757,0.4701,-0.233,C,0.1943,0.322-0.622,0.575,0.375,0.113
2676,295307,75.51,103,99.0,0.3526,0.1899,0.4598,0.5155,0.9027,2.0156,0.8324,0.3391,-0.4812,C,0.2004,0.322-0.622,0.576,0.376,0.113
2677,295326,-9.25,19,89.5,0.5001,0.2295,0.7124,0.3374,0.5851,1.0643,0.7897,0.4183,-0.2899,C,0.2045,0.322-0.622,0.576,0.376,0.113
2678,295342,-8.71,16,93.8,0.8181,0.156,0.7372,0.2252,0.3971,0.182,0.6621,0.3954,-0.1219,C,0.1728,0.322-0.622,0.576,0.376,0.113
2679,295358,-11.25,16,87.5,0.7184,0.1498,0.764,0.2631,0.4655,0.2118,0.6057,0.439,-0.1899,C,0.1959,0.322-0.622,0.576,0.376,0.113
2680,295371,-8.93,13,92.3,1.0249,0.0447,0.8674,0.1717,0.4432,0.012,0.223,0.4385,-0.1287,C,0.2417,0.322-0.622,0.576,0.376,0.113
2681,295385,-8.05,14,92.9,0.8725,0.1037,0.8057,0.2071,0.4749,0.0556,0.4513,0.4082,-0.1197,C,0.2027,0.322-0.622,0.576,0.376,0.113
2682,295408,-7.63,23,87.0,0.6264,0.1768,0.6342,0.3041,0.4892,0.8305,0.6612,0.4098,-0.2344,C,0.2087,0.322-0.622,0.576,0.376,0.113
2683,295422,-2.9,14,92.9,0.5711,0.2137,0.8192,0.211,0.4241,0.7781,0.8025,0.3968,-0.1398,C,0.235,0.322-0.622,0.576,0.376,0.113
2684,295438,3.56,16,100.0,0.6478,0.2169,0.8083,0.1704,0.4652,0.6461,0.8814,0.4136,-0.0669,C,0.1763,0.322-0.622,0.576,0.376,0.113
2685,295453,-0.37,15,100.0,0.5555,0.2147,0.8155,0.2117,0.4291,1.0392,0.9145,0.4205,-0.1459,C,0.1906,0.322-0.622,0.576,0.376,0.113
2686,295574,48.46,121,97.5,0.419,0.1762,0.4909,0.4722,0.8958,1.477,0.7632,0.3115,-0.4224,C,0.2143,0.322-0.622,0.576,0.376,0.113
2687,295590,-21.16,16,81.2,0.6196,0.1907,0.7285,0.2831,0.3207,0.7542,0.6829,0.4035,-0.1902,C,0.2003,0.322-0.622,0.576,0.376,0.113
2688,295605,-7.79,15,100.0,0.8106,0.1445,0.7574,0.1813,0.3901,0.1807,0.667,0.4168,-0.1125,C,0.1763,0.322-0.622,0.576,0.376,0.113
2689,295632,-8.25,27,100.0,0.6947,0.1658,0.6267,0.369,0.6011,0.7496,0.7408,0.4026,-0.2905,C,0.1996,0.322-0.622,0.576,0.376,0.113
2690,295647,-7.04,15,100.0,0.8134,0.1548,0.7423,0.2394,0.4387,0.134,0.7244,0.4706,-0.1655,C,0.1922,0.322-0.622,0.576,0.376,0.113
2691,295670,-0.69,23,82.6,0.4503,0.2296,0.7151,0.2946,0.4985,1.3226,0.7293,0.3852,-0.2185,C,0.2113,0.322-0.622,0.576,0.376,0.113
2692,295686,-19.39,16,100.0,0.7224,0.1497,0.8069,0.198,0.4318,0.4129,0.6755,0.4269,-0.1421,C,0.195,0.322-0.622,0.576,0.376,0.113
2693,295784,72.0,98,99.0,0.4468,0.2493,0.4352,0.4725,0.8928,1.4589,0.8413,0.4688,-0.4428,C,0.2084,0.322-0.622,0.577,0.377,0.113
2694,295799,-27.63,15,100.0,0.7481,0.1707,0.7773,0.2968,0.4151,0.3071,0.7655,0.3969,-0.2591,C,0.1748,0.322-0.622,0.577,0.377,0.113
2695,295815,-6.58,16,87.5,0.6396,0.2122,0.7236,0.2451,0.3935,0.4825,0.7712,0.3334,-0.164,C,0.226,0.322-0.622,0.577,0.377,0.113
2696,295828,-29.36,13,0.0,0.0,0.0,0.8762,0.136,0.3792,0.0,0.0,0.3922,-0.0633,C,0.1902,0.322-0.622,0.577,0.377,0.113
2697,295848,-28.38,20,75.0,0.5931,0.1577,0.5652,0.4011,0.3878,0.6817,0.5208,0.4322,-0.313,C,0.1849,0.322-0.622,0.577,0.377,0.113
2698,295864,-13.28,16,100.0,0.7223,0.1658,0.6645,0.3039,0.396,0.6723,0.7229,0.4601,-0.2216,C,0.1769,0.322-0.622,0.577,0.377,0.113
2699,295879,-5.12,15,93.3,0.4464,0.2333,0.8012,0.1716,0.4242,1.4115,0.8489,0.3333,-0.0912,C,0.2098,0.322-0.622,0.577,0.377,0.113
2700,295895,-7.35,16,93.8,0.4937,0.223,0.8015,0.2182,0.4087,1.3751,0.8539,0.3999,-0.1132,C,0.187,0.322-0.622,0.577,0.377,0.113
2701,295913,-20.4,18,94.4,0.6297,0.1976,0.6492,0.3733,0.411,0.7164,0.8209,0.4377,-0.3181,C,0.2133,0.322-0.622,0.577,0.377,0.113
2702,295929,-6.42,16,100.0,0.7011,0.1915,0.6704,0.2854,0.4485,0.4789,0.8328,0.4671,-0.204,C,0.2068,0.322-0.622,0.577,0.377,0.113
2703,295946,-13.58,17,82.4,0.8085,0.1326,0.7644,0.276,0.513,0.0905,0.5137,0.3942,-0.2058,C,0.1818,0.322-0.622,0.577,0.377,0.113
2704,295962,-8.48,16,100.0,0.7449,0.1652,0.7249,0.2203,0.3692,0.5402,0.7103,0.413,-0.1324,C,0.2451,0.322-0.622,0.577,0.377,0.113
2705,295977,-5.43,15,100.0,0.7953,0.1721,0.78,0.218,0.4519,0.1695,0.7858,0.4128,-0.1398,C,0.1906,0.322-0.622,0.577,0.377,0.113
2706,295992,-19.04,15,100.0,0.7565,0.1595,0.7339,0.2914,0.365,0.458,0.7026,0.4647,-0.1838,C,0.2417,0.322-0.622,0.577,0.377,0.113
2707,296009,-28.12,17,94.1,0.8934,0.1069,0.6978,0.3705,0.4292,0.0901,0.4802,0.4451,-0.3298,C,0.2395,0.322-0.622,0.577,0.377,0.113
2708,296023,-19.8,14,100.0,0.8947,0.101,0.8181,0.2071,0.4216,0.0928,0.478,0.4069,-0.1683,C,0.2481,0.322-0.622,0.577,0.377,0.113
2709,296039,-18.16,16,87.5,0.7748,0.1565,0.6592,0.2446,0.4043,0.1571,0.6191,0.4093,-0.126,C,0.2233,0.322-0.622,0.577,0.377,0.113
2710,296061,-30.9,22,59.1,0.8132,0.0997,0.7498,0.2516,0.4845,0.0852,0.283,0.4046,-0.1869,C,0.1956,0.322-0.622,0.577,0.377,0.113
2711,296078,-8.28,17,82.4,0.5522,0.1771,0.6475,0.3117,0.3957,0.8701,0.647,0.473,-0.2251,C,0.2187,0.322-0.622,0.577,0.377,0.113
2712,296138,8.18,60,98.3,0.4712,0.2459,0.4832,0.4699,0.8201,1.2154,0.9405,0.2454,-0.4292,C,0.242,0.322-0.622,0.577,0.377,0.113
2713,296175,4.3,37,97.3,0.5283,0.2594,0.5146,0.4098,0.7556,0.9672,0.8594,0.3917,-0.3337,C,0.2234,0.322-0.622,0.578,0.378,0.113
2714,296189,-10.74,14,100.0,0.7617,0.1523,0.8543,0.2192,0.4251,0.2094,0.7206,0.3801,-0.1713,C,0.1843,0.322-0.622,0.578,0.378,0.113
2715,296225,17.6,36,91.7,0.3619,0.2376,0.5248,0.4437,0.6937,1.9728,0.8593,0.3034,-0.4128,C,0.1961,0.322-0.622,0.578,0.378,0.113
2716,296240,-20.38,15,100.0,0.9248,0.1069,0.7834,0.2279,0.4081,0.0498,0.4986,0.4419,-0.1508,C,0.1664,0.322-0.622,0.578,0.378,0.113
2717,296254,-18.92,14,57.1,1.0258,0.03,0.8212,0.1859,0.382,0.0072,0.1098,0.4516,-0.1195,C,0.1812,0.322-0.622,0.578,0.378,0.113
2718,296271,-17.24,17,88.2,0.8349,0.114,0.7994,0.1981,0.3033,0.539,0.4799,0.4032,-0.0921,C,0.2388,0.322-0.622,0.578,0.378,0.113
2719,296289,-10.89,18,100.0,0.67,0.1848,0.7589,0.2566,0.5012,0.8653,0.7785,0.4533,-0.2222,C,0.1908,0.322-0.622,0.578,0.378,0.113
2720,296304,-18.44,15,100.0,0.7023,0.1813,0.7461,0.2432,0.3821,0.7061,0.7683,0.4059,-0.1545,C,0.2451,0.322-0.622,0.578,0.378,0.113
2721,296348,-31.2,44,95.5,0.5799,0.1989,0.5361,0.4775,0.7656,0.7342,0.7453,0.4283,-0.4471,C,0.245,0.322-0.622,0.578,0.378,0.113
2722,296449,-7.56,101,97.0,0.4386,0.2605,0.4598,0.5489,0.8618,1.4014,0.869,0.3976,-0.5664,C,0.2442,0.322-0.622,0.578,0.378,0.113
2723,296464,-14.97,15,100.0,0.5896,0.2113,0.7513,0.3438,0.4093,0.9397,0.8684,0.349,-0.3418,C,0.2389,0.322-0.622,0.578,0.378,0.113
2724,296478,2.92,14,100.0,0.5563,0.1985,0.8096,0.1634,0.3631,1.1624,0.8812,0.4868,-0.0825,C,0.2272,0.322-0.622,0.578,0.378,0.113
2725,296494,-17.6,16,100.0,0.6169,0.2039,0.777,0.2327,0.4163,0.8979,0.8649,0.4087,-0.1617,C,0.2127,0.322-0.622,0.578,0.378,0.113
2726,296508,-4.63,14,100.0,0.7517,0.1811,0.8032,0.1912,0.4298,0.4252,0.776,0.4348,-0.0951,C,0.2369,0.322-0.622,0.578,0.378,0.113
2727,296534,-31.69,26,88.5,0.6182,0.1915,0.6322,0.433,0.5374,0.7667,0.716,0.4412,-0.4,C,0.246,0.322-0.622,0.578,0.378,0.113
2728,296549,-11.54,15,100.0,0.6369,0.2017,0.8177,0.2042,0.4305,0.9408,0.8107,0.4539,-0.1315,C,0.1991,0.322-0.622,0.578,0.378,0.113
2729,296564,-7.59,15,100.0,0.9298,0.0798,0.8103,0.1868,0.3953,0.0564,0.3776,0.4357,-0.1053,C,0.1854,0.322-0.622,0.578,0.378,0.113
2730,296579,-13.57,15,100.0,0.6262,0.1936,0.6687,0.2669,0.4289,0.6597,0.8472,0.4496,-0.1659,C,0.1875,0.322-0.622,0.578,0.378,0.113
2731,296594,-20.3,15,80.0,0.7773,0.156,0.831,0.2486,0.4538,0.1674,0.5855,0.3623,-0.24,C,0.2027,0.322-0.622,0.578,0.378,0.113
2732,296608,2.49,14,100.0,0.6135,0.1915,0.8396,0.1516,0.4147,0.6403,0.8359,0.4295,-0.0719,C,0.2287,0.322-0.622,0.578,0.378,0.113
2733,296623,-13.43,15,86.7,0.6093,0.2029,0.6487,0.2991,0.4112,0.5954,0.7422,0.464,-0.1913,C,0.2259,0.322-0.622,0.578,0.378,0.113
2734,296639,-7.95,16,87.5,0.4993,0.2243,0.7829,0.2861,0.3933,1.2989,0.778,0.3219,-0.2515,C,0.1782,0.322-0.622,0.579,0.379,0.113
2735,296653,-27.26,14,0.0,0.0,0.0,0.85,0.1499,0.3572,0.0,0.0,0.4448,-0.0704,C,0.2449,0.322-0.622,0.579,0.379,0.113
2736,296670,-18.06,17,100.0,0.6978,0.1653,0.6749,0.2735,0.4314,0.5371,0.7316,0.4671,-0.1811,C,0.2128,0.322-0.622,0.579,0.379,0.113
2737,296685,-24.79,15,66.7,1.0945,0.0177,0.8313,0.2472,0.4588,0.0032,0.1027,0.408,-0.2497,C,0.2186,0.322-0.622,0.579,0.379,0.113
2738,296699,-20.68,14,0.0,0.0,0.0,0.8577,0.1414,0.3766,0.0,0.0,0.4556,-0.0729,C,0.2175,0.322-0.622,0.579,0.379,0.113
2739,296715,-18.28,16,87.5,0.8113,0.1576,0.7698,0.2076,0.4238,0.1402,0.6488,0.4539,-0.135,C,0.1682,0.322-0.622,0.579,0.379,0.113
2740,296728,-15.1,13,84.6,0.8543,0.1096,0.853,0.1448,0.4037,0.0602,0.431,0.4328,-0.0544,C,0.1806,0.322-0.622,0.579,0.379,0.113
2741,296743,-19.19,15,86.7,0.5407,0.1784,0.6417,0.315,0.3425,0.9444,0.7001,0.3787,-0.2274,C,0.2008,0.322-0.622,0.579,0.379,0.113
2742,296759,-12.02,16,100.0,0.8626,0.1379,0.7711,0.2524,0.4153,0.1095,0.6497,0.4404,-0.1742,C,0.2249,0.322-0.622,0.579,0.379,0.113
2743,296773,-22.0,14,100.0,1.0355,0.0601,0.8167,0.2161,0.4285,0.0159,0.289,0.4586,-0.1289,C,0.2399,0.322-0.622,0.579,0.379,0.113
2744,296787,-16.22,14,64.3,0.987,0.0441,0.8134,0.1827,0.4055,0.0143,0.1492,0.4203,-0.1282,C,0.1858,0.322-0.622,0.579,0.379,0.113
2745,296802,-9.48,15,86.7,0.7462,0.1429,0.7927,0.1958,0.3524,0.2534,0.5622,0.3832,-0.1098,C,0.2422,0.322-0.622,0.579,0.379,0.113
2746,296816,-12.97,14,85.7,0.5981,0.2069,0.8231,0.1443,0.3083,0.6873,0.7567,0.4063,-0.075,C,0.1931,0.322-0.622,0.579,0.379,0.113
2747,296830,-6.11,14,100.0,0.6572,0.1833,0.791,0.2115,0.349,0.8211,0.8253,0.4536,-0.1544,C,0.1657,0.322-0.622,0.579,0.379,0.113
2748,296847,-18.73,17,94.1,0.6054,0.2177,0.7664,0.2949,0.3967,0.8719,0.8398,0.4275,-0.2291,C,0.2173,0.322-0.622,0.579,0.379,0.113
2749,296863,-31.55,16,87.5,0.7942,0.1605,0.7396,0.3099,0.3837,0.1887,0.6523,0.4491,-0.2782,C,0.1893,0.322-0.622,0.579,0.379,0.113
2750,296876,-9.56,13,92.3,0.7308,0.177,0.8722,0.13,0.4513,0.2137,0.7547,0.3999,-0.0537,C,0.2065,0.322-0.622,0.579,0.379,0.113
2751,296890,-10.1,14,85.7,0.8736,0.1085,0.852,0.1836,0.4485,0.0587,0.4393,0.4381,-0.1016,C,0.1793,0.322-0.622,0.579,0.379,0.113
2752,296943,-10.38,53,94.3,0.5487,0.2108,0.5,0.4258,0.7637,0.8537,0.8621,0.3357,-0.3569,C,0.1747,0.322-0.622,0.579,0.379,0.113
2753,296959,-7.42,16,93.8,0.7659,0.1607,0.7361,0.2287,0.4075,0.229,0.7069,0.4121,-0.1622,C,0.1854,0.322-0.622,0.579,0.379,0.113
2754,297014,74.41,55,92.7,0.375,0.238,0.4968,0.372,0.7408,1.9588,0.7342,0.3556,-0.2821,C,0.1801,0.322-0.622,0.579,0.379,0.113
2755,297028,-8.45,14,100.0,0.6342,0.2081,0.8375,0.1566,0.4377,0.5263,0.895,0.3767,-0.0754,C,0.2079,0.322-0.622,0.579,0.379,0.113
2756,297043,-12.7,15,80.0,0.9124,0.0863,0.8384,0.2034,0.4334,0.0373,0.3238,0.365,-0.1247,C,0.212,0.322-0.622,0.579,0.379,0.113
2757,297057,-5.41,14,92.9,0.8834,0.0687,0.8458,0.1382,0.3943,0.0499,0.313,0.4018,-0.0633,C,0.2453,0.322-0.622,0.579,0.379,0.113
2758,297072,-17.34,15,93.3,0.6668,0.1846,0.8521,0.15,0.4026,0.429,0.7776,0.3638,-0.0848,C,0.1861,0.322-0.622,0.579,0.379,0.113
2759,297085,-19.41,13,84.6,1.009,0.0435,0.8739,0.1334,0.4334,0.0149,0.195,0.4109,-0.0542,C,0.2365,0.322-0.622,0.579,0.379,0.113
2760,297169,71.72,84,97.6,0.389,0.2609,0.4559,0.4594,0.8666,1.7457,0.8305,0.4651,-0.4366,C,0.1655,0.322-0.622,0.58,0.38,0.113
2761,297235,26.53,66,98.5,0.467,0.1905,0.5292,0.444,0.8341,1.3783,0.8376,0.301,-0.4137,C,0.1979,0.322-0.622,0.58,0.38,0.113
2762,297252,-4.68,17,88.2,0.7648,0.1446,0.7566,0.2255,0.5117,0.1333,0.59,0.4305,-0.129,C,0.1647,0.322-0.622,0.58,0.38,0.113
2763,297268,-22.98,16,93.8,0.6983,0.1829,0.6738,0.3158,0.3838,0.4226,0.7611,0.3711,-0.2068,C,0.1901,0.322-0.622,0.58,0.38,0.113
2764,297283,-8.12,15,93.3,0.8551,0.1279,0.7081,0.1943,0.3745,0.1539,0.5487,0.461,-0.1068,C,0.1734,0.322-0.622,0.58,0.38,0.113
2765,297301,-15.2,18,88.9,0.7077,0.1684,0.6335,0.3299,0.4809,0.2731,0.6953,0.3756,-0.255,C,0.2271,0.322-0.622,0.58,0.38,0.113
2766,297315,-8.26,14,100.0,0.6971,0.1856,0.844,0.1783,0.4644,0.5582,0.7729,0.4461,-0.088,C,0.167,0.322-0.622,0.58,0.38,0.113
2767,297336,-34.24,21,76.2,0.6274,0.1666,0.6068,0.4022,0.4091,0.5332,0.5363,0.4649,-0.3676,C,0.2418,0.322-0.622,0.58,0.38,0.113
2768,297350,-22.13,14,78.6,0.9254,0.0961,0.8374,0.2624,0.4615,0.0387,0.3587,0.4376,-0.2364,C,0.2105,0.322-0.622,0.58,0.38,0.113
2769,297365,-5.09,15,100.0,0.6939,0.1927,0.7521,0.2402,0.4015,0.4509,0.8495,0.3993,-0.1258,C,0.2252,0.322-0.622,0.58,0.38,0.113
2770,297382,-13.86,17,76.5,0.6029,0.2039,0.585,0.2997,0.373,0.5383,0.626,0.4008,-0.204,C,0.2294,0.322-0.622,0.58,0.38,0.113
2771,297396,-11.77,14,100.0,0.8194,0.1605,0.8603,0.1955,0.4259,0.1423,0.738,0.4372,-0.1308,C,0.1797,0.322-0.622,0.58,0.38,0.113
2772,297409,-24.79,13,0.0,0.0,0.0,0.848,0.1649,0.407,0.0,0.0,0.3834,-0.0786,C,0.1701,0.322-0.622,0.58,0.38,0.113
2773,297457,-44.84,48,91.7,0.6813,0.1677,0.5365,0.4436,0.6777,0.3304,0.7051,0.3818,-0.3924,C,0.2276,0.322-0.622,0.58,0.38,0.113
2774,297473,-24.54,16,75.0,0.7139,0.1453,0.7819,0.2752,0.3636,0.156,0.4998,0.4156,-0.1918,C,0.1978,0.322-0.622,0.58,0.38,0.113
2775,297495,-12.1,22,90.9,0.5937,0.2131,0.6639,0.3313,0.508,0.8785,0.7994,0.3915,-0.2477,C,0.1763,0.322-0.622,0.58,0.38,0.113
2776,297536,9.2,41,92.7,0.4931,0.1906,0.5787,0.39,0.6511,1.411,0.7574,0.3959,-0.3372,C,0.166,0.322-0.622,0.58,0.38,0.113
2777,297550,-3.34,14,100.0,0.6535,0.204,0.745,0.1813,0.3924,0.722,0.8744,0.4344,-0.0948,C,0.2344,0.322-0.622,0.58,0.38,0.113
2778,297565,-15.98,15,100.0,0.6064,0.2008,0.7536,0.3122,0.3907,0.8392,0.877,0.4287,-0.2869,C,0.2131,0.322-0.622,0.58,0.38,0.113
2779,297578,-13.71,13,100.0,0.8815,0.1286,0.8826,0.1182,0.4386,0.075,0.6033,0.4005,-0.0405,C,0.2086,0.322-0.622,0.581,0.381,0.113
2780,297593,-1.02,15,100.0,0.7004,0.2111,0.7952,0.2139,0.4378,0.3614,0.8956,0.4308,-0.111,C,0.2122,0.322-0.622,0.581,0.381,0.113
2781,297608,-22.34,15,100.0,0.7781,0.1583,0.7154,0.2956,0.401,0.1692,0.731,0.3693,-0.2175,C,0.2265,0.322-0.622,0.581,0.381,0.113
2782,297624,-17.72,16,93.8,0.6774,0.1917,0.7056,0.3246,0.3899,0.5331,0.7801,0.4017,-0.2924,C,0.2112,0.322-0.622,0.581,0.381,0.113
2783,297637,-18.93,13,61.5,1.1171,0.0166,0.856,0.1342,0.4184,0.0029,0.0931,0.4102,-0.0575,C,0.1661,0.322-0.622,0.581,0.381,0.113
2784,297655,-23.41,18,88.9,0.5816,0.2122,0.6335,0.368,0.4149,0.7831,0.7948,0.453,-0.2708,C,0.1965,0.322-0.622,0.581,0.381,0.113
2785,297670,-16.33,15,86.7,0.6384,0.1821,0.7416,0.3152,0.3352,0.4834,0.7007,0.4545,-0.256,C,0.2481,0.322-0.622,0.581,0.381,0.113
2786,297684,-14.41,14,92.9,0.7773,0.152,0.7988,0.2095,0.4513,0.1508,0.6676,0.4118,-0.1435,C,0.2018,0.322-0.622,0.581,0.381,0.113
2787,297700,-25.13,16,100.0,0.7208,0.1776,0.7085,0.3013,0.391,0.5176,0.7876,0.4207,-0.2411,C,0.1746,0.322-0.622,0.581,0.381,0.113
2788,297715,-17.44,15,100.0,0.985,0.0875,0.8223,0.176,0.452,0.0371,0.4153,0.3705,-0.0854,C,0.1675,0.322-0.622,0.581,0.381,0.113
2789,297729,-14.55,14,100.0,0.8779,0.0859,0.8169,0.2572,0.4205,0.0679,0.4073,0.4591,-0.2037,C,0.1998,0.322-0.622,0.581,0.381,0.113
2790,297920,119.28,191,99.0,0.31,0.2676,0.45,0.5967,0.9404,2.3292,0.8784,0.386,-0.6473,C,0.1966,0.322-0.622,0.581,0.381,0.114
2791,297939,-21.93,19,94.7,0.6652,0.1845,0.6696,0.3155,0.4849,0.7552,0.7636,0.4404,-0.276,C,0.2366,0.322-0.622,0.581,0.381,0.114
2792,297953,-16.2,14,100.0,0.7888,0.1765,0.8338,0.2061,0.449,0.1426,0.8083,0.4386,-0.1378,C,0.2229,0.322-0.622,0.581,0.381,0.114
2793,297970,-27.78,17,94.1,0.4683,0.2173,0.7773,0.3478,0.4302,1.3967,0.8578,0.348,-0.3581,C,0.1751,0.322-0.622,0.581,0.381,0.114
2794,297985,-6.38,15,93.3,0.7454,0.1776,0.7701,0.2206,0.3898,0.2252,0.7377,0.4192,-0.1299,C,0.2451,0.322-0.622,0.581,0.381,0.114
2795,297999,-34.84,14,0.0,0.0,0.0,0.8454,0.1171,0.3765,0.0,0.0,0.4463,-0.0602,C,0.213,0.322-0.622,0.581,0.381,0.114
2796,298013,-9.22,14,85.7,0.8862,0.1051,0.8381,0.1965,0.4301,0.0625,0.4277,0.4542,-0.1395,C,0.165,0.322-0.622,0.581,0.381,0.114
2797,298029,-1.73,16,100.0,0.5177,0.2183,0.7264,0.2646,0.3931,1.2451,0.8845,0.3662,-0.1637,C,0.1894,0.322-0.622,0.581,0.381,0.114
2798,298044,-23.62,15,100.0,0.68,0.1562,0.7195,0.2269,0.4167,0.8443,0.6948,0.3759,-0.1725,C,0.2316,0.322-0.622,0.582,0.382,0.114
2799,298061,-30.63,17,82.4,0.6576,0.1565,0.687,0.3614,0.3662,0.4456,0.5627,0.4674,-0.3444,C,0.2138,0.322-0.622,0.582,0.382,0.114
2800,298076,-16.53,15,100.0,0.7926,0.1342,0.7178,0.2705,0.3927,0.1351,0.6153,0.484,-0.2163,C,0.2481,0.322-0.622,0.582,0.382,0.114
2801,298180,98.33,104,97.1,0.3642,0.2149,0.4587,0.4848,0.8865,1.9185,0.8839,0.3761,-0.4452,C,0.1972,0.322-0.622,0.582,0.382,0.114
2802,298195,-21.6,15,100.0,0.863,0.1145,0.7391,0.334,0.4017,0.1078,0.5395,0.4086,-0.2922,C,0.2399,0.322-0.622,0.582,0.382,0.114
2803,298209,-30.31,14,0.0,0.0,0.0,0.8691,0.1429,0.3534,0.0,0.0,0.4546,-0.0669,C,0.173,0.322-0.622,0.582,0.382,0.114
2804,298225,-19.97,16,93.8,0.5272,0.2089,0.7154,0.2922,0.3873,1.1644,0.8528,0.4543,-0.2343,C,0.2006,0.322-0.622,0.582,0.382,0.114
2805,298240,-13.08,15,100.0,0.5604,0.2124,0.7851,0.2803,0.433,0.8862,0.8735,0.4411,-0.1931,C,0.2281,0.322-0.622,0.582,0.382,0.114
2806,298271,8.93,31,90.3,0.458,0.2126,0.5983,0.3744,0.6025,1.5016,0.8023,0.3794,-0.3157,C,0.2308,0.322-0.622,0.582,0.382,0.114
2807,298288,-19.8,17,82.4,0.6283,0.1815,0.7714,0.2392,0.3813,0.4815,0.6551,0.4428,-0.1745,C,0.2337,0.322-0.622,0.582,0.382,0.114
2808,298303,-15.94,15,86.7,0.6719,0.1698,0.8,0.2689,0.4061,0.4244,0.6389,0.4364,-0.2458,C,0.2476,0.322-0.622,0.582,0.382,0.114
2809,298319,-5.18,16,100.0,0.8364,0.1552,0.736,0.2563,0.5245,0.1219,0.73,0.4236,-0.1604,C,0.1767,0.322-0.622,0.582,0.382,0.114
2810,298334,-28.8,15,100.0,0.7551,0.1623,0.6958,0.3232,0.4047,0.2322,0.7586,0.3634,-0.2948,C,0.2113,0.322-0.622,0.582,0.382,0.114
2811,298351,-17.34,17,88.2,0.6805,0.219,0.7058,0.2997,0.4975,0.3466,0.8134,0.4266,-0.2216,C,0.2224,0.322-0.622,0.582,0.382,0.114
2812,298366,-9.38,15,93.3,0.972,0.0802,0.8028,0.2311,0.4226,0.0196,0.359,0.402,-0.1374,C,0.1678,0.322-0.622,0.582,0.382,0.114
2813,298385,-29.52,19,84.2,0.6275,0.1476,0.5977,0.388,0.4236,0.7137,0.5367,0.4419,-0.3261,C,0.1978,0.322-0.622,0.582,0.382,0.114
2814,298403,-19.81,18,94.4,0.7934,0.1307,0.712,0.3011,0.3954,0.2972,0.5687,0.3604,-0.2216,C,0.1834,0.322-0.622,0.582,0.382,0.114
2815,298421,-10.54,18,88.9,0.8265,0.1396,0.7853,0.1943,0.4544,0.4626,0.5547,0.3933,-0.1187,C,0.2353,0.322-0.622,0.582,0.382,0.114
2816,298437,-33.38,16,81.2,0.6662,0.1926,0.693,0.3785,0.3864,0.3558,0.6905,0.424,-0.357,C,0.1896,0.322-0.622,0.582,0.382,0.114
2817,298451,-11.23,14,100.0,0.7805,0.1467,0.8398,0.1687,0.3934,0.2094,0.6851,0.3783,-0.0785,C,0.2461,0.322-0.622,0.582,0.382,0.114
2818,298467,-20.97,16,87.5,0.7618,0.152,0.6397,0.2675,0.3967,0.203,0.6147,0.4863,-0.2027,C,0.1939,0.322-0.622,0.582,0.382,0.114
2819,298481,-7.93,14,100.0,0.7952,0.1766,0.8315,0.1464,0.422,0.1524,0.8132,0.4129,-0.048,C,0.1652,0.322-0.622,0.582,0.382,0.114
2820,298495,-3.94,14,92.9,0.6591,0.1653,0.8277,0.1305,0.365,0.4689,0.6811,0.4525,-0.0569,C,0.2293,0.322-0.622,0.582,0.382,0.114
2821,298511,-22.9,16,87.5,0.5167,0.225,0.6457,0.3534,0.4141,1.0985,0.8018,0.4592,-0.3226,C,0.2156,0.322-0.622,0.583,0.383,0.114
2822,298548,29.91,37,94.6,0.3776,0.2156,0.5935,0.3707,0.6822,1.9116,0.8673,0.3409,-0.3098,C,0.2222,0.322-0.622,0.583,0.383,0.114
2823,298564,-26.9,16,87.5,0.7603,0.1636,0.7493,0.2398,0.3599,0.2794,0.6306,0.3729,-0.1997,C,0.2298,0.322-0.622,0.583,0.383,0.114
2824,298595,7.19,31,87.1,0.3875,0.2396,0.5858,0.3841,0.6068,1.6874,0.7907,0.4285,-0.339,C,0.236,0.322-0.622,0.583,0.383,0.114
2825,298613,-21.26,18,88.9,0.6793,0.148,0.5856,0.3477,0.4511,0.5013,0.5784,0.4404,-0.2533,C,0.2125,0.322-0.622,0.583,0.383,0.114
2826,298628,-7.61,15,100.0,0.6398,0.1923,0.7996,0.1991,0.3926,0.6624,0.8633,0.4479,-0.1761,C,0.2328,0.322-0.622,0.583,0.383,0.114
2827,298650,-9.65,22,86.4,0.4715,0.2218,0.6238,0.3885,0.5158,1.2631,0.8028,0.4386,-0.365,C,0.1902,0.322-0.622,0.583,0.383,0.114
2828,298664,-17.49,14,71.4,0.9679,0.1082,0.8282,0.1953,0.4095,0.0273,0.374,0.4161,-0.1183,C,0.1899,0.322-0.622,0.583,0.383,0.114
2829,298680,-6.22,16,93.8,0.6423,0.1907,0.7611,0.2601,0.4054,0.6273,0.7685,0.403,-0.1656,C,0.1819,0.322-0.622,0.583,0.383,0.114
2830,298694,-15.4,14,85.7,0.5743,0.2187,0.8178,0.1835,0.3268,0.8112,0.7807,0.4671,-0.1071,C,0.1645,0.322-0.622,0.583,0.383,0.114
2831,298709,-15.2,15,100.0,0.7191,0.1734,0.7648,0.2829,0.413,0.4843,0.758,0.4471,-0.2334,C,0.2007,0.322-0.622,0.583,0.383,0.114
2832,298725,-15.94,16,100.0,0.6203,0.171,0.7514,0.2326,0.4141,0.9234,0.7614,0.3552,-0.1196,C,0.2203,0.322-0.622,0.583,0.383,0.114
2833,298739,-1.73,14,100.0,0.7545,0.1617,0.7954,0.2165,0.444,0.19,0.7586,0.4487,-0.1087,C,0.2284,0.322-0.622,0.583,0.383,0.114
2834,298753,-11.73,14,71.4,0.9086,0.1125,0.838,0.2143,0.414,0.0459,0.3813,0.4055,-0.1375,C,0.1809,0.322-0.622,0.583,0.383,0.114
2835,298767,-15.82,14,85.7,0.9642,0.0653,0.8069,0.2674,0.4331,0.031,0.2708,0.4039,-0.2113,C,0.1774,0.322-0.622,0.583,0.383,0.114
2836,298782,-16.95,15,100.0,0.6375,0.1833,0.7163,0.2333,0.3643,0.9173,0.8167,0.3947,-0.1452,C,0.199,0.322-0.622,0.583,0.383,0.114
2837,298799,-10.91,17,88.2,0.8333,0.1396,0.7597,0.2548,0.5798,0.0989,0.5858,0.4089,-0.1937,C,0.1756,0.322-0.622,0.583,0.383,0.114
2838,298817,6.05,18,94.4,0.6034,0.2349,0.74,0.1902,0.5619,0.5563,0.8668,0.3498,-0.0971,C,0.1982,0.322-0.622,0.583,0.383,0.114
2839,298831,0.65,14,100.0,0.6461,0.2134,0.8634,0.1482,0.4212,0.528,0.9176,0.3894,-0.0725,C,0.1677,0.322-0.622,0.583,0.383,0.114
2840,298846,-4.94,15,100.0,0.5654,0.2087,0.8207,0.2354,0.4196,1.041,0.8973,0.4031,-0.1803,C,0.1806,0.322-0.622,0.583,0.383,0.114
2841,298862,-36.5,16,81.2,0.6975,0.1771,0.725,0.3827,0.3599,0.2443,0.6444,0.424,-0.3824,C,0.1988,0.322-0.622,0.583,0.383,0.114
2842,298876,-15.68,14,92.9,0.6247,0.2116,0.8534,0.1824,0.3953,0.5798,0.8447,0.4428,-0.1318,C,0.2183,0.322-0.622,0.583,0.383,0.114
2843,298890,-11.62,14,92.9,1.108,0.0127,0.8406,0.217,0.431,0.0047,0.1318,0.4329,-0.156,C,0.1886,0.322-0.622,0.583,0.383,0.114
2844,298903,-21.95,13,0.0,0.0,0.0,0.8188,0.1425,0.4098,0.0,0.0,0.4516,-0.0706,C,0.2418,0.322-0.622,0.583,0.383,0.114
2845,298917,-31.9,14,0.0,0.0,0.0,0.8185,0.2433,0.4094,0.0,0.0,0.4432,-0.1804,C,0.1674,0.322-0.622,0.583,0.383,0.114
2846,298933,-19.95,16,75.0,0.746,0.1322,0.7567,0.265,0.4158,0.1231,0.4631,0.4775,-0.2469,C,0.1671,0.322-0.622,0.583,0.383,0.114
2847,298960,-14.83,27,85.2,0.5979,0.192,0.6758,0.2558,0.5364,0.582,0.7144,0.2622,-0.194,C,0.2154,0.322-0.622,0.583,0.383,0.114
2848,298973,-33.65,13,0.0,0.0,0.0,0.8266,0.2023,0.3781,0.0,0.0,0.4461,-0.1267,C,0.223,0.322-0.622,0.584,0.384,0.114
2849,298987,-9.94,14,85.7,0.7819,0.1098,0.7851,0.156,0.3762,0.1056,0.442,0.3916,-0.0853,C,0.1654,0.322-0.622,0.584,0.384,0.114
2850,299003,-2.32,16,93.8,0.6584,0.2266,0.7102,0.2303,0.4742,0.4382,0.8619,0.4168,-0.1463,C,0.164,0.322-0.622,0.584,0.384,0.114
2851,299016,-8.19,13,100.0,1.0468,0.0343,0.8322,0.1864,0.4575,0.0102,0.2004,0.3867,-0.1133,C,0.197,0.322-0.622,0.584,0.384,0.114
2852,299031,-22.52,15,100.0,0.7392,0.174,0.7147,0.2478,0.432,0.3307,0.7687,0.3735,-0.1747,C,0.1911,0.322-0.622,0.584,0.384,0.114
2853,299046,-12.03,15,100.0,0.6527,0.1772,0.7446,0.2589,0.4424,0.5357,0.795,0.428,-0.2336,C,0.1897,0.322-0.622,0.584,0.384,0.114
2854,299060,-10.12,14,100.0,0.8275,0.1393,0.8445,0.1279,0.3993,0.1289,0.6541,0.3615,-0.0563,C,0.2259,0.322-0.622,0.584,0.384,0.114
2855,299074,-7.57,14,92.9,0.7097,0.1458,0.7892,0.2007,0.3826,0.229,0.6321,0.3881,-0.1372,C,0.219,0.322-0.622,0.584,0.384,0.114
2856,299088,0.26,14,100.0,0.6858,0.21,0.8542,0.1511,0.4054,0.3966,0.9239,0.3781,-0.0579,C,0.2158,0.322-0.622,0.584,0.384,0.114
2857,299104,-27.46,16,81.2,0.6156,0.2134,0.7376,0.3187,0.3861,0.5548,0.7334,0.3438,-0.2755,C,0.2199,0.322-0.622,0.584,0.384,0.114
2858,299118,-10.84,14,100.0,0.5771,0.2199,0.8252,0.1802,0.3961,1.048,0.9247,0.4269,-0.1178,C,0.2399,0.322-0.622,0.584,0.384,0.114
2859,299133,-33.49,15,80.0,0.9516,0.0734,0.7823,0.275,0.3957,0.0303,0.2768,0.4607,-0.2511,C,0.2377,0.322-0.622,0.584,0.384,0.114
2860,299152,-20.07,19,84.2,0.7092,0.1854,0.6631,0.3475,0.4646,0.2616,0.7105,0.4266,-0.3001,C,0.226,0.322-0.622,0.584,0.384,0.114
2861,299167,-13.16,15,100.0,0.6673,0.2196,0.7257,0.2207,0.4498,0.4896,0.9378,0.4034,-0.112,C,0.2215,0.322-0.622,0.584,0.384,0.114
2862,299181,-31.16,14,0.0,0.0,0.0,0.8231,0.2281,0.3544,0.0,0.0,0.4106,-0.1869,C,0.1905,0.322-0.622,0.584,0.384,0.114
2863,299199,-29.49,18,100.0,0.6886,0.1846,0.6359,0.4293,0.4828,0.5567,0.804,0.4517,-0.38,C,0.2027,0.322-0.622,0.584,0.384,0.114
2864,299213,-16.54,14,100.0,0.6751,0.2017,0.8287,0.2257,0.4123,0.4854,0.8607,0.4181,-0.1627,C,0.2224,0.322-0.622,0.584,0.384,0.114
2865,299229,-10.59,16,87.5,0.7428,0.1362,0.7751,0.2039,0.3851,0.2233,0.5249,0.4649,-0.1142,C,0.2311,0.322-0.622,0.584,0.384,0.114
2866,299249,-47.01,20,80.0,0.6753,0.1612,0.6271,0.4596,0.4055,0.389,0.5543,0.4285,-0.4367,C,0.1702,0.322-0.622,0.584,0.384,0.114
2867,299263,-26.63,14,57.1,1.0391,0.0314,0.8203,0.226,0.367,0.0039,0.1113,0.3856,-0.1842,C,0.2225,0.322-0.622,0.584,0.384,0.114
2868,299277,-10.53,14,100.0,0.7977,0.1759,0.8322,0.2239,0.4329,0.1493,0.8048,0.4351,-0.1768,C,0.2296,0.322-0.622,0.584,0.384,0.114
2869,299295,-41.04,18,100.0,0.721,0.1634,0.6835,0.4308,0.4296,0.4377,0.739,0.4827,-0.4387,C,0.1792,0.322-0.622,0.584,0.384,0.114
2870,299309,-15.53,14,100.0,0.7159,0.1547,0.8096,0.1622,0.3571,0.3844,0.6896,0.4248,-0.0734,C,0.2007,0.322-0.622,0.584,0.384,0.114
2871,299322,-26.34,13,0.0,0.0,0.0,0.8344,0.2105,0.4391,0.0,0.0,0.4137,-0.174,C,0.1921,0.322-0.622,0.584,0.384,0.114
2872,299335,-4.7,13,100.0,0.9373,0.0768,0.8697,0.1442,0.4419,0.0326,0.3655,0.4266,-0.0675,C,0.1801,0.322-0.622,0.584,0.384,0.114
2873,299348,-6.02,13,92.3,0.871,0.1217,0.8638,0.1775,0.4259,0.0631,0.5286,0.4105,-0.1122,C,0.2308,0.322-0.622,0.584,0.384,0.114
2874,299362,-5.95,14,100.0,0.7384,0.1514,0.821,0.1777,0.3844,0.2988,0.6948,0.4097,-0.1078,C,0.2165,0.322-0.622,0.584,0.384,0.114
2875,299376,-12.59,14,85.7,0.8391,0.1194,0.8364,0.2323,0.4217,0.0808,0.483,0.3961,-0.1907,C,0.2322,0.322-0.622,0.584,0.384,0.114
2876,299390,-16.81,14,92.9,0.6101,0.1982,0.81,0.1939,0.3267,0.7523,0.8227,0.4789,-0.1148,C,0.2034,0.322-0.622,0.584,0.384,0.114
2877,299405,-19.71,15,100.0,0.7651,0.1811,0.7898,0.2658,0.4295,0.2503,0.8002,0.4167,-0.1857,C,0.2363,0.322-0.622,0.584,0.384,0.114
2878,299419,-8.89,14,100.0,0.8381,0.1498,0.7631,0.2243,0.4531,0.0858,0.7046,0.3797,-0.1548,C,0.1862,0.322-0.622,0.584,0.384,0.114
2879,299436,-21.88,17,100.0,0.6581,0.2107,0.7063,0.3593,0.4612,0.5183,0.8851,0.4119,-0.2898,C,0.1846,0.322-0.622,0.584,0.384,0.114
2880,299450,-28.11,14,0.0,0.0,0.0,0.854,0.1335,0.4091,0.0,0.0,0.4576,-0.0587,C,0.1767,0.322-0.622,0.585,0.385,0.114
2881,299466,-3.72,16,100.0,0.7944,0.1497,0.7264,0.221,0.4461,0.2001,0.6947,0.4233,-0.0944,C,0.1754,0.322-0.622,0.585,0.385,0.114
2882,299480,-15.29,14,64.3,0.85,0.0812,0.817,0.17,0.358,0.0372,0.2604,0.4738,-0.1109,C,0.1771,0.322-0.622,0.585,0.385,0.114
2883,299493,-6.71,13,100.0,1.0528,0.0294,0.862,0.1627,0.4619,0.0096,0.1884,0.4034,-0.0973,C,0.2359,0.322-0.622,0.585,0.385,0.114
2884,299509,-28.5,16,93.8,0.6567,0.1975,0.7639,0.3322,0.3515,0.8442,0.775,0.4609,-0.3105,C,0.2009,0.322-0.622,0.585,0.385,0.114
2885,299527,-22.26,18,83.3,0.7122,0.1607,0.772,0.2925,0.3618,0.3776,0.5876,0.3745,-0.2211,C,0.2152,0.322-0.622,0.585,0.385,0.114
2886,299542,-18.07,15,100.0,0.672,0.1882,0.7577,0.2905,0.4035,0.5845,0.8255,0.3894,-0.1615,C,0.2153,0.322-0.622,0.585,0.385,0.114
2887,299556,-16.83,14,71.4,1.0664,0.0463,0.83,0.2087,0.4082,0.0068,0.1732,0.3976,-0.1508,C,0.2282,0.322-0.622,0.585,0.385,0.114
2888,299661,166.56,105,97.1,0.2647,0.2636,0.4479,0.5099,0.8819,2.6581,0.8605,0.4451,-0.4962,C,0.1722,0.322-0.622,0.585,0.385,0.114
2889,299682,-26.94,21,76.2,0.9744,0.0629,0.7021,0.2997,0.4555,0.0212,0.2326,0.3727,-0.2374,C,0.1774,0.322-0.622,0.585,0.385,0.114
2890,299695,-12.79,13,100.0,0.8661,0.1308,0.8463,0.1937,0.4404,0.0763,0.6191,0.4031,-0.1281,C,0.2076,0.322-0.622,0.585,0.385,0.114
2891,299709,-26.98,14,0.0,0.0,0.0,0.8584,0.1604,0.3397,0.0,0.0,0.4119,-0.0928,C,0.1951,0.322-0.622,0.585,0.385,0.114
2892,299724,-27.01,15,46.7,0.9822,0.0372,0.8176,0.2411,0.3697,0.0081,0.1002,0.4502,-0.2014,C,0.2008,0.322-0.622,0.585,0.385,0.114
2893,299739,1.47,15,100.0,0.5755,0.2202,0.7887,0.1825,0.4221,1.0012,0.9024,0.3908,-0.0869,C,0.1762,0.322-0.622,0.585,0.385,0.114
2894,299753,-5.84,14,100.0,0.6429,0.1915,0.8591,0.1627,0.4126,0.8426,0.8368,0.4135,-0.1099,C,0.1864,0.322-0.622,0.585,0.385,0.114
2895,299870,82.1,117,98.3,0.4209,0.1984,0.4424,0.4902,0.9095,1.5724,0.8501,0.3948,-0.4524,C,0.1753,0.322-0.622,0.585,0.385,0.114
2896,299886,-5.77,16,100.0,0.6521,0.2036,0.7613,0.2841,0.3845,0.8258,0.8528,0.4463,-0.1899,C,0.2416,0.322-0.622,0.585,0.385,0.114
2897,299899,-11.08,13,84.6,0.9215,0.0845,0.8351,0.2083,0.4494,0.0306,0.3323,0.4048,-0.1503,C,0.2328,0.322-0.622,0.585,0.385,0.114
2898,299962,86.54,63,96.8,0.2846,0.2443,0.5426,0.4013,0.7456,2.4575,0.8289,0.3983,-0.3449,C,0.1667,0.322-0.622,0.586,0.386,0.114
2899,299976,-7.53,14,92.9,0.8277,0.1395,0.7612,0.2113,0.4485,0.0944,0.6065,0.3699,-0.1223,C,0.2121,0.322-0.622,0.586,0.386,0.114
2900,299992,-25.16,16,100.0,0.7033,0.1599,0.7682,0.2756,0.4225,0.4872,0.7116,0.4318,-0.1927,C,0.2142,0.322-0.622,0.586,0.386,0.114
2901,300005,-15.77,13,84.6,0.898,0.0982,0.859,0.1656,0.4432,0.0499,0.3914,0.4413,-0.0965,C,0.2464,0.322-0.622,0.586,0.386,0.114
2902,300019,-33.66,14,0.0,0.0,0.0,0.8521,0.2628,0.3894,0.0,0.0,0.4508,-0.2621,C,0.1799,0.322-0.622,0.586,0.386,0.114
2903,300093,20.7,74,93.2,0.4468,0.2301,0.5149,0.4754,0.7911,1.3507,0.8794,0.4052,-0.4335,C,0.2232,0.322-0.622,0.586,0.386,0.114
2904,300106,-11.48,13,100.0,0.7457,0.1778,0.8287,0.1968,0.4503,0.3271,0.7716,0.438,-0.136,C,0.2199,0.322-0.622,0.586,0.386,0.114
2905,300121,-21.95,15,100.0,0.6534,0.2068,0.7072,0.3119,0.4308,0.585,0.8816,0.4592,-0.2531,C,0.1919,0.322-0.622,0.586,0.386,0.114
2906,300134,-14.75,13,92.3,0.9409,0.0635,0.843,0.1873,0.4579,0.0243,0.2809,0.43,-0.1114,C,0.1919,0.322-0.622,0.586,0.386,0.114
2907,300149,-16.05,15,100.0,0.7134,0.188,0.807,0.2154,0.4225,0.386,0.8339,0.3375,-0.1461,C,0.2263,0.322-0.622,0.586,0.386,0.114
2908,300163,-13.16,14,100.0,0.6929,0.1967,0.8329,0.1461,0.4104,0.3604,0.8784,0.4187,-0.0743,C,0.2079,0.322-0.622,0.586,0.386,0.114
2909,300176,-10.09,13,76.9,1.0273,0.0187,0.8304,0.1729,0.4497,0.0087,0.1202,0.4126,-0.0888,C,0.2079,0.322-0.622,0.586,0.386,0.114
2910,300190,-19.49,14,100.0,0.6237,0.207,0.7991,0.249,0.3857,0.9096,0.8733,0.4584,-0.2072,C,0.176,0.322-0.622,0.586,0.386,0.114
2911,300204,-26.13,14,100.0,0.8773,0.0818,0.8422,0.2087,0.4063,0.0784,0.4026,0.4299,-0.1702,C,0.2093,0.322-0.622,0.586,0.386,0.114
2912,300220,-23.14,16,100.0,0.6198,0.1625,0.6665,0.3588,0.4278,0.9258,0.7269,0.4649,-0.2833,C,0.2138,0.322-0.622,0.586,0.386,0.114
2913,300236,-8.48,16,93.8,0.6873,0.1831,0.7392,0.2615,0.3867,0.6733,0.7361,0.4135,-0.1803,C,0.1839,0.322-0.622,0.586,0.386,0.114
2914,300253,-24.08,17,88.2,0.8755,0.0941,0.7481,0.3332,0.4194,0.069,0.3888,0.3691,-0.2762,C,0.1781,0.322-0.622,0.586,0.386,0.114
2915,300267,-36.53,14,42.9,1.1645,0.0103,0.803,0.2976,0.4043,0.0008,0.0584,0.4246,-0.2583,C,0.2375,0.322-0.622,0.586,0.386,0.114
2916,300282,-20.48,15,73.3,0.8516,0.0921,0.7863,0.2523,0.3924,0.04,0.3176,0.3925,-0.1872,C,0.1785,0.322-0.622,0.586,0.386,0.114
2917,300296,-28.14,14,100.0,0.6516,0.1927,0.7859,0.2989,0.392,0.5725,0.8254,0.4451,-0.2953,C,0.1836,0.322-0.622,0.586,0.386,0.114
2918,300312,-7.31,16,93.8,0.6912,0.1964,0.7925,0.2189,0.4612,0.3073,0.8136,0.354,-0.1325,C,0.2246,0.322-0.622,0.586,0.386,0.114
2919,300327,-18.7,15,100.0,0.6649,0.1904,0.6786,0.2529,0.4298,0.6334,0.8389,0.3442,-0.1634,C,0.2045,0.322-0.622,0.586,0.386,0.114
2920,300342,-24.24,15,100.0,0.712,0.188,0.7057,0.3693,0.3973,0.3319,0.8534,0.3847,-0.3915,C,0.2292,0.322-0.622,0.586,0.386,0.114
2921,300357,-38.59,15,40.0,1.1144,0.02,0.7824,0.2641,0.3989,0.0012,0.0644,0.4262,-0.217,C,0.2334,0.322-0.622,0.586,0.386,0.114
2922,300567,-576.46,210,31.4,0.827,0.0931,0.4894,0.4931,0.7282,0.0665,0.1462,0.1211,-0.4805,C,0.1672,0.322-0.622,0.587,0.387,0.114
2923,300709,-302.89,142,40.1,0.579,0.1755,0.617,0.3769,0.4996,0.4365,0.3083,0.0641,-0.3501,C,0.1882,0.322-0.622,0.587,0.387,0.115
2924,300735,-27.7,26,100.0,0.6533,0.1738,0.7038,0.3925,0.606,0.6926,0.7583,0.4117,-0.3638,C,0.2192,0.322-0.622,0.587,0.387,0.115
2925,300749,-22.29,14,78.6,0.9129,0.0828,0.7737,0.2688,0.4228,0.0356,0.3019,0.423,-0.1947,C,0.235,0.322-0.622,0.587,0.387,0.115
2926,300763,-5.44,14,100.0,0.7316,0.1602,0.8032,0.1622,0.4185,0.6098,0.7167,0.3836,-0.085,C,0.2416,0.322-0.622,0.587,0.387,0.115
2927,300776,-25.8,13,38.5,1.1873,0.0072,0.8472,0.2168,0.4131,0.0005,0.0498,0.4699,-0.1945,C,0.1756,0.322-0.622,0.587,0.387,0.115
2928,300790,-6.26,14,100.0,0.6161,0.2071,0.8099,0.2362,0.4186,0.7433,0.8974,0.3976,-0.1629,C,0.2269,0.322-0.622,0.587,0.387,0.115
2929,300804,-11.7,14,100.0,1.0282,0.0472,0.8456,0.2026,0.4375,0.026,0.2501,0.4027,-0.1733,C,0.1971,0.322-0.622,0.587,0.387,0.115
2930,300820,-18.63,16,87.5,0.6089,0.2088,0.6822,0.3332,0.3742,0.7734,0.7633,0.4005,-0.2355,C,0.218,0.322-0.622,0.587,0.387,0.115
2931,300836,-15.62,16,100.0,0.6009,0.1769,0.6741,0.3559,0.4334,0.9087,0.7751,0.4757,-0.285,C,0.2145,0.322-0.622,0.587,0.387,0.115
2932,300851,-13.83,15,100.0,0.549,0.2236,0.7952,0.2285,0.4277,1.07,0.9172,0.4335,-0.1634,C,0.1932,0.322-0.622,0.588,0.388,0.115
2933,300866,-25.6,15,100.0,0.8985,0.117,0.7813,0.29,0.4241,0.0567,0.5478,0.4361,-0.2633,C,0.178,0.322-0.622,0.588,0.388,0.115
2934,300881,-29.14,15,100.0,0.7103,0.1794,0.7463,0.3968,0.4097,0.4404,0.796,0.4803,-0.4242,C,0.2027,0.322-0.622,0.588,0.388,0.115
2935,300895,-3.52,14,100.0,0.8353,0.1351,0.908,0.0949,0.3199,0.4584,0.6107,0.4368,-0.0299,C,0.1945,0.322-0.622,0.588,0.388,0.115
2936,300909,-30.23,14,92.9,0.9719,0.0644,0.8287,0.2643,0.4315,0.0207,0.2849,0.3588,-0.2391,C,0.2478,0.322-0.622,0.588,0.388,0.115
2937,300925,-23.66,16,87.5,0.6951,0.1806,0.7569,0.2901,0.3798,0.3686,0.6785,0.4713,-0.2217,C,0.2221,0.322-0.622,0.588,0.388,0.115
2938,300941,-8.87,16,93.8,0.4983,0.2238,0.7099,0.2985,0.4062,1.2786,0.8664,0.3241,-0.223,C,0.1732,0.322-0.622,0.588,0.388,0.115
2939,300955,-21.0,14,78.6,0.9323,0.08,0.7777,0.2333,0.4744,0.034,0.2958,0.4086,-0.1573,C,0.2088,0.322-0.622,0.588,0.388,0.115
2940,300968,-1.75,13,84.6,0.7533,0.1607,0.8474,0.1432,0.4059,0.1613,0.6374,0.3917,-0.0439,C,0.2096,0.322-0.622,0.588,0.388,0.115
2941,300983,-33.99,15,86.7,0.9177,0.1145,0.7377,0.3444,0.4046,0.0549,0.468,0.4541,-0.3321,C,0.2208,0.322-0.622,0.588,0.388,0.115
2942,300997,-25.17,14,85.7,0.9129,0.0802,0.7533,0.3386,0.4241,0.0316,0.3216,0.4695,-0.3074,C,0.1867,0.322-0.622,0.588,0.388,0.115
2943,301012,-1.6,15,100.0,0.7474,0.1745,0.7236,0.2118,0.451,0.3071,0.7869,0.4523,-0.0975,C,0.2263,0.322-0.622,0.588,0.388,0.115
2944,301026,-23.81,14,100.0,0.6286,0.2101,0.7521,0.3384,0.4308,0.6263,0.9101,0.4703,-0.2936,C,0.1794,0.322-0.622,0.588,0.388,0.115
2945,301040,-4.17,14,100.0,0.5306,0.2293,0.7897,0.2625,0.3873,1.2822,0.8985,0.4872,-0.2276,C,0.1876,0.322-0.622,0.588,0.388,0.115
2946,301054,-25.44,14,100.0,0.8623,0.1419,0.8294,0.2561,0.4352,0.1347,0.6552,0.4017,-0.2398,C,0.1849,0.322-0.622,0.588,0.388,0.115
2947,301069,-18.9,15,93.3,1.0867,0.016,0.7423,0.2188,0.4373,0.0052,0.1398,0.4624,-0.1218,C,0.1748,0.322-0.622,0.588,0.388,0.115
2948,301085,-10.6,16,93.8,0.5532,0.2254,0.613,0.3392,0.4599,0.9868,0.8423,0.4307,-0.2718,C,0.1903,0.322-0.622,0.588,0.388,0.115
2949,301099,-18.3,14,100.0,0.7737,0.1743,0.7847,0.2479,0.4325,0.1861,0.7846,0.388,-0.19,C,0.194,0.322-0.622,0.588,0.388,0.115
2950,301125,-30.86,26,88.5,0.7289,0.1696,0.6165,0.4065,0.657,0.1971,0.6982,0.3893,-0.3985,C,0.235,0.322-0.622,0.588,0.388,0.115
2951,301140,-15.43,15,93.3,0.6219,0.1399,0.7375,0.2597,0.364,0.8174,0.5969,0.3989,-0.171,C,0.2092,0.322-0.622,0.588,0.388,0.115
2952,301153,-18.93,13,100.0,0.9015,0.0907,0.8382,0.1979,0.4429,0.0455,0.4216,0.4137,-0.1084,C,0.2499,0.322-0.622,0.588,0.388,0.115
2953,301167,-9.44,14,92.9,0.8087,0.1501,0.8061,0.222,0.4168,0.1132,0.6588,0.3668,-0.1639,C,0.183,0.322-0.622,0.588,0.388,0.115
2954,301237,126.42,70,98.6,0.3088,0.2669,0.4381,0.4267,0.8667,2.3539,0.8593,0.4269,-0.3447,C,0.2101,0.322-0.622,0.588,0.388,0.115
2955,301251,-1.46,14,100.0,0.5491,0.2431,0.8505,0.1966,0.4367,0.9428,0.9227,0.4245,-0.1577,C,0.229,0.322-0.622,0.588,0.388,0.115
2956,301267,-1.58,16,100.0,0.5823,0.209,0.7792,0.232,0.4381,1.011,0.8842,0.4177,-0.1285,C,0.2433,0.322-0.622,0.588,0.388,0.115
2957,301282,-14.6,15,93.3,0.6321,0.1507,0.7507,0.2239,0.3517,0.8338,0.64,0.4564,-0.1472,C,0.2226,0.322-0.622,0.588,0.388,0.115
2958,301298,-13.03,16,93.8,0.6704,0.1868,0.7442,0.2852,0.4326,0.6565,0.7324,0.452,-0.2037,C,0.1869,0.322-0.622,0.588,0.388,0.115
2959,301382,74.59,84,95.2,0.3681,0.2125,0.4886,0.4361,0.8129,1.929,0.8594,0.28,-0.3875,C,0.1902,0.322-0.622,0.589,0.389,0.115
2960,301395,-23.74,13,46.2,1.0388,0.0094,0.8389,0.1458,0.432,0.0035,0.062,0.403,-0.083,C,0.202,0.322-0.622,0.589,0.389,0.115
2961,301409,-18.61,14,100.0,0.6442,0.183,0.7461,0.2138,0.3768,0.8929,0.8138,0.477,-0.145,C,0.2053,0.322-0.622,0.589,0.389,0.115
2962,301422,-13.14,13,100.0,1.0713,0.0337,0.9142,0.0927,0.4576,0.0101,0.2002,0.404,-0.0248,C,0.2223,0.322-0.622,0.589,0.389,0.115
2963,301601,-159.2,179,61.5,0.4194,0.2411,0.5426,0.4214,0.6284,1.0811,0.5628,0.1664,-0.3738,C,0.2115,0.322-0.622,0.589,0.389,0.115
2964,301635,-39.97,34,88.2,0.6682,0.1883,0.5773,0.4348,0.6458,0.3745,0.7556,0.3347,-0.4236,C,0.2074,0.322-0.622,0.589,0.389,0.115
2965,301698,11.94,63,93.7,0.4591,0.2148,0.5476,0.4296,0.6511,1.5396,0.8447,0.3231,-0.3942,C,0.2195,0.322-0.622,0.589,0.389,0.115
2966,301716,-32.04,18,83.3,0.6572,0.1344,0.6097,0.3742,0.3516,0.6209,0.5092,0.4614,-0.3157,C,0.1983,0.322-0.622,0.589,0.389,0.115
2967,301732,-5.43,16,100.0,0.6777,0.1834,0.7669,0.2494,0.4115,0.5706,0.7988,0.4145,-0.1499,C,0.2474,0.322-0.622,0.589,0.389,0.115
2968,301767,-16.54,35,91.4,0.418,0.2109,0.6192,0.4407,0.5388,1.6704,0.8391,0.3564,-0.4125,C,0.1727,0.322-0.622,0.589,0.389,0.115
2969,301783,-38.68,16,25.0,1.0216,0.0146,0.7103,0.2705,0.319,0.0019,0.0367,0.3773,-0.2049,C,0.2407,0.322-0.622,0.59,0.39,0.115
2970,301798,-29.84,15,100.0,0.7154,0.1799,0.7527,0.3134,0.3735,0.3969,0.8059,0.3526,-0.3273,C,0.2447,0.322-0.622,0.59,0.39,0.115
2971,301813,-23.63,15,100.0,0.6537,0.1321,0.7111,0.3756,0.4361,0.7874,0.5998,0.4733,-0.3343,C,0.2383,0.322-0.622,0.59,0.39,0.115
2972,301829,-12.62,16,93.8,0.6743,0.2002,0.7597,0.2866,0.4339,0.3893,0.8346,0.4476,-0.2191,C,0.2289,0.322-0.622,0.59,0.39,0.115
2973,301908,36.4,79,97.5,0.5093,0.2371,0.4927,0.463,0.8678,1.162,0.9131,0.3775,-0.4091,C,0.2431,0.322-0.622,0.59,0.39,0.115
2974,301991,61.44,83,94.0,0.368,0.2458,0.5559,0.4507,0.7322,1.9666,0.8525,0.3241,-0.4145,C,0.2275,0.322-0.622,0.59,0.39,0.115
2975,302007,-17.64,16,87.5,0.6527,0.1729,0.7478,0.275,0.4115,0.4488,0.658,0.4311,-0.2066,C,0.1945,0.322-0.622,0.59,0.39,0.115
2976,302163,-244.2,156,51.9,0.4952,0.225,0.5741,0.4277,0.6825,0.7189,0.4304,0.1023,-0.4081,C,0.235,0.322-0.622,0.59,0.39,0.115
2977,302185,-7.92,22,90.9,0.4837,0.2258,0.6262,0.4104,0.5186,1.2862,0.8157,0.412,-0.3453,C,0.1809,0.322-0.622,0.59,0.39,0.115
2978,302200,-11.07,15,86.7,0.6701,0.2136,0.7419,0.2806,0.4119,0.3456,0.7913,0.3936,-0.217,C,0.2264,0.322-0.622,0.59,0.39,0.115
2979,302214,-4.84,14,100.0,0.7066,0.1707,0.8154,0.1625,0.3405,0.7742,0.7583,0.4295,-0.0928,C,0.2362,0.322-0.622,0.59,0.39,0.115
2980,302228,-4.67,14,100.0,0.7563,0.1883,0.8667,0.1278,0.4742,0.3044,0.8213,0.3872,-0.0533,C,0.1907,0.322-0.622,0.59,0.39,0.115
2981,302243,-17.05,15,86.7,0.5317,0.1889,0.6764,0.3364,0.4096,0.9572,0.7191,0.4811,-0.2841,C,0.1872,0.322-0.622,0.591,0.391,0.115
2982,302256,-6.1,13,100.0,1.0447,0.0633,0.8834,0.0824,0.4377,0.0219,0.311,0.4072,-0.0199,C,0.2377,0.322-0.622,0.591,0.391,0.115
2983,302299,-13.41,43,97.7,0.5709,0.1993,0.6077,0.4331,0.7406,0.8937,0.8013,0.4106,-0.4163,C,0.2395,0.322-0.622,0.591,0.391,0.115
2984,302314,-24.16,15,93.3,0.6336,0.2192,0.6851,0.3192,0.4314,0.6261,0.8432,0.4298,-0.295,C,0.1856,0.322-0.622,0.591,0.391,0.115
2985,302356,-1.28,42,97.6,0.5659,0.2155,0.5935,0.3929,0.6486,0.8478,0.9017,0.362,-0.3355,C,0.1716,0.322-0.622,0.591,0.391,0.115
2986,302371,-8.09,15,100.0,0.5947,0.2157,0.8145,0.2429,0.4145,0.9789,0.8983,0.4021,-0.1932,C,0.236,0.322-0.622,0.591,0.391,0.115
2987,302391,0.1,20,100.0,0.5794,0.2353,0.6702,0.3087,0.5544,0.8005,0.8826,0.3899,-0.233,C,0.2206,0.322-0.622,0.591,0.391,0.115
2988,302406,-7.21,15,100.0,0.8746,0.1138,0.7857,0.2435,0.4288,0.0887,0.5298,0.3826,-0.1244,C,0.1857,0.322-0.622,0.591,0.391,0.115
2989,302421,-18.84,15,100.0,0.5493,0.2121,0.6947,0.3211,0.4199,1.0843,0.8877,0.3844,-0.2708,C,0.2419,0.322-0.622,0.591,0.391,0.115
2990,302438,-18.0,17,94.1,0.5737,0.2082,0.6627,0.4132,0.4567,0.8369,0.8298,0.4723,-0.3657,C,0.2233,0.322-0.622,0.591,0.391,0.115
2991,302452,-12.97,14,92.9,0.6856,0.1854,0.8374,0.2402,0.3494,0.7123,0.7437,0.4757,-0.2378,C,0.1943,0.322-0.622,0.591,0.391,0.115
2992,302468,-19.68,16,100.0,0.8181,0.1536,0.7091,0.3067,0.4136,0.1402,0.723,0.3009,-0.2759,C,0.1806,0.322-0.622,0.591,0.391,0.115
2993,302484,-13.49,16,93.8,0.5497,0.2202,0.7748,0.272,0.404,1.0388,0.8605,0.432,-0.1999,C,0.2442,0.322-0.622,0.591,0.391,0.115
2994,302498,-3.32,14,100.0,0.8828,0.1383,0.8625,0.166,0.4402,0.1072,0.6454,0.4303,-0.0776,C,0.2291,0.322-0.622,0.591,0.391,0.115
2995,302511,-16.82,13,53.8,1.0366,0.0326,0.8831,0.1616,0.4134,0.0078,0.1078,0.4311,-0.1169,C,0.1784,0.322-0.622,0.591,0.391,0.115
2996,302525,-0.55,14,100.0,0.55,0.2324,0.7651,0.2268,0.4353,0.9771,0.9664,0.3741,-0.1226,C,0.2016,0.322-0.622,0.591,0.391,0.115
2997,302540,-16.37,15,93.3,0.5597,0.2246,0.7025,0.2862,0.4067,0.9383,0.8326,0.381,-0.2399,C,0.2289,0.322-0.622,0.591,0.391,0.115
2998,302834,-758.36,294,25.5,0.4546,0.1861,0.455,0.5056,0.7843,0.3938,0.2065,0.1051,-0.4849,C,0.2171,0.322-0.622,0.592,0.392,0.115
2999,302848,-9.32,14,100.0,0.6603,0.2062,0.8425,0.2074,0.4307,0.428,0.9107,0.4143,-0.1346,C,0.1885,0.322-0.622,0.592,0.392,0.115
3000,302981,-26.97,133,97.0,0.593,0.1639,0.7243,0.3145,0.544,1.0012,0.6781,0.1933,-0.3069,C,0.1885,0.322-0.622,0.592,0.392,0.115
3001,302997,-22.87,16,87.5,0.7879,0.1443,0.7765,0.323,0.4783,0.115,0.593,0.3661,-0.2596,C,0.2117,0.322-0.622,0.592,0.392,0.115
3002,303018,-18.95,21,85.7,0.6138,0.209,0.6587,0.3298,0.4959,0.511,0.7562,0.301,-0.2435,C,0.1899,0.322-0.622,0.592,0.392,0.115
3003,303033,-9.88,15,100.0,0.6501,0.1846,0.7378,0.279,0.3827,0.8823,0.821,0.4361,-0.2224,C,0.1989,0.322-0.622,0.592,0.392,0.115
3004,303208,-439.65,175,35.4,0.633,0.1753,0.5736,0.4529,0.5163,0.2725,0.2781,0.0755,-0.452,C,0.2209,0.322-0.622,0.593,0.393,0.115
3005,303222,-23.72,14,78.6,0.7387,0.1691,0.7841,0.2612,0.4339,0.21,0.6147,0.4042,-0.2432,C,0.2009,0.322-0.622,0.593,0.393,0.115
3006,303236,-26.03,14,0.0,0.0,0.0,0.8282,0.2019,0.3878,0.0,0.0,0.3972,-0.1072,C,0.2315,0.322-0.622,0.593,0.393,0.115
3007,303252,-13.07,16,87.5,0.7858,0.1065,0.8031,0.2108,0.3967,0.1343,0.4439,0.3985,-0.1284,C,0.2067,0.322-0.622,0.593,0.393,0.115
3008,303387,66.06,135,97.8,0.3852,0.2517,0.427,0.544,0.9114,1.7692,0.8454,0.4522,-0.5528,C,0.2477,0.322-0.622,0.593,0.393,0.115
3009,303405,-11.73,18,88.9,0.5087,0.2344,0.6794,0.3214,0.4308,1.2352,0.7986,0.3529,-0.2401,C,0.2136,0.322-0.622,0.593,0.393,0.116
3010,303422,-30.68,17,94.1,0.667,0.1246,0.7165,0.3241,0.4005,0.7027,0.5355,0.3757,-0.3017,C,0.2152,0.322-0.622,0.593,0.393,0.116
3011,303436,-18.74,14,100.0,0.8583,0.1245,0.8969,0.1441,0.3196,0.5811,0.5749,0.4208,-0.0923,C,0.2365,0.322-0.622,0.593,0.393,0.116
3012,303470,-9.49,34,97.1,0.4349,0.217,0.5977,0.4708,0.7115,1.5761,0.8724,0.3891,-0.4763,C,0.2306,0.322-0.622,0.593,0.393,0.116
3013,303484,-34.3,14,0.0,0.0,0.0,0.7686,0.1425,0.318,0.0,0.0,0.4719,-0.0706,C,0.25,0.322-0.622,0.593,0.393,0.116
3014,303512,-17.33,28,96.4,0.6233,0.1944,0.6962,0.3403,0.608,0.5617,0.8213,0.4549,-0.2996,C,0.2289,0.322-0.622,0.593,0.393,0.116
3015,303526,-21.42,14,0.0,0.0,0.0,0.7906,0.1435,0.3886,0.0,0.0,0.4402,-0.0639,C,0.1686,0.322-0.622,0.593,0.393,0.116
3016,303577,5.87,51,94.1,0.4785,0.2497,0.4814,0.4533,0.7443,1.2496,0.8765,0.3991,-0.3891,C,0.2255,0.322-0.622,0.593,0.393,0.116
3017,303603,-17.33,26,92.3,0.7038,0.1893,0.6322,0.3224,0.5393,0.3572,0.768,0.3419,-0.244,C,0.1872,0.322-0.622,0.593,0.393,0.116
3018,303618,-13.85,15,100.0,0.6737,0.1849,0.7584,0.2287,0.4423,0.6623,0.77,0.411,-0.115,C,0.2393,0.322-0.622,0.593,0.393,0.116
3019,303631,-23.68,13,0.0,0.0,0.0,0.8976,0.1196,0.3631,0.0,0.0,0.4661,-0.0789,C,0.1804,0.322-0.622,0.593,0.393,0.116
3020,303644,-17.6,13,53.8,0.9882,0.013,0.827,0.1699,0.4417,0.0064,0.0772,0.3873,-0.1503,C,0.2352,0.322-0.622,0.594,0.394,0.116
3021,303664,-27.97,20,85.0,0.6672,0.176,0.5872,0.3403,0.4979,0.3695,0.664,0.4344,-0.2822,C,0.1763,0.322-0.622,0.594,0.394,0.116
3022,303681,-20.03,17,88.2,0.9038,0.0885,0.7211,0.2782,0.4513,0.0378,0.3607,0.4133,-0.2205,C,0.1847,0.322-0.622,0.594,0.394,0.116
3023,303698,-37.57,17,82.4,0.6582,0.133,0.6605,0.3875,0.3945,0.5959,0.4935,0.4331,-0.3248,C,0.1698,0.322-0.622,0.594,0.394,0.116
3024,303712,-8.23,14,100.0,0.5758,0.2321,0.8297,0.232,0.4478,0.9173,0.9408,0.4393,-0.1778,C,0.2389,0.322-0.622,0.594,0.394,0.116
3025,303848,69.69,136,98.5,0.3688,0.2122,0.4435,0.5663,0.9113,2.021,0.8911,0.414,-0.5805,C,0.2479,0.322-0.622,0.594,0.394,0.116
3026,303938,13.48,90,100.0,0.5115,0.2351,0.4475,0.4865,0.8838,1.0205,0.9423,0.4488,-0.4527,C,0.208,0.322-0.622,0.594,0.394,0.116
3027,303952,-11.39,14,78.6,0.939,0.0518,0.8203,0.1861,0.4034,0.0205,0.206,0.4059,-0.1075,C,0.2131,0.322-0.622,0.594,0.394,0.116
3028,303967,-4.88,15,93.3,0.749,0.1876,0.7864,0.2037,0.4414,0.2213,0.7822,0.3819,-0.1254,C,0.2209,0.322-0.622,0.594,0.394,0.116
3029,303981,-16.26,14,64.3,0.9734,0.0327,0.8123,0.192,0.4031,0.0132,0.1289,0.4569,-0.0987,C,0.2105,0.322-0.622,0.594,0.394,0.116
3030,303999,-0.35,18,94.4,0.6002,0.2195,0.7316,0.2535,0.469,0.7926,0.8566,0.4511,-0.1655,C,0.1932,0.322-0.622,0.594,0.394,0.116
3031,304014,-24.79,15,100.0,0.5507,0.1962,0.7097,0.3134,0.4376,1.0762,0.854,0.4254,-0.2516,C,0.1673,0.322-0.622,0.594,0.394,0.116
3032,304035,-15.26,21,90.5,0.7518,0.1444,0.6751,0.3023,0.5466,0.1541,0.5962,0.4343,-0.2471,C,0.1849,0.322-0.622,0.594,0.394,0.116
3033,304048,-27.0,13,76.9,0.9955,0.0396,0.877,0.1831,0.3925,0.0142,0.1664,0.3842,-0.1597,C,0.2254,0.322-0.622,0.594,0.394,0.116
3034,304066,-21.64,18,94.4,0.6145,0.2047,0.6577,0.3342,0.464,0.7177,0.8276,0.449,-0.2716,C,0.2343,0.322-0.622,0.594,0.394,0.116
3035,304087,-7.18,21,95.2,0.5336,0.2367,0.6718,0.3382,0.5763,0.9884,0.8563,0.4068,-0.2796,C,0.2484,0.322-0.622,0.594,0.394,0.116
3036,304100,-2.79,13,100.0,0.8131,0.1486,0.8671,0.1439,0.433,0.1132,0.6974,0.4561,-0.0915,C,0.1977,0.322-0.622,0.594,0.394,0.116
3037,304128,39.62,28,89.3,0.3743,0.2435,0.7209,0.253,0.5748,1.8353,0.8224,0.3913,-0.1534,C,0.2371,0.322-0.622,0.595,0.395,0.116
3038,304143,-4.88,15,100.0,0.7902,0.1538,0.8151,0.1923,0.3892,0.204,0.6861,0.4198,-0.0998,C,0.2012,0.322-0.622,0.595,0.395,0.116
3039,304186,-29.02,43,97.7,0.5968,0.2176,0.5985,0.4733,0.7342,0.6693,0.8675,0.4293,-0.485,C,0.2225,0.322-0.622,0.595,0.395,0.116
3040,304200,-13.33,14,100.0,0.8357,0.1582,0.8022,0.2589,0.4227,0.1165,0.7355,0.4653,-0.2202,C,0.1715,0.322-0.622,0.595,0.395,0.116
3041,304214,-4.8,14,100.0,0.8213,0.1581,0.749,0.2366,0.4554,0.1207,0.7383,0.3861,-0.1197,C,0.1681,0.322-0.622,0.595,0.395,0.116
3042,304229,-21.15,15,93.3,0.7514,0.1604,0.7225,0.256,0.4079,0.2131,0.6784,0.4709,-0.1755,C,0.2038,0.322-0.622,0.595,0.395,0.116
3043,304248,-28.9,19,78.9,0.7012,0.1577,0.628,0.3474,0.329,0.4868,0.5558,0.451,-0.2919,C,0.2448,0.322-0.622,0.595,0.395,0.116
3044,304261,-19.6,13,0.0,0.0,0.0,0.8682,0.1204,0.3721,0.0,0.0,0.366,-0.0505,C,0.2478,0.322-0.622,0.595,0.395,0.116
3045,304276,-12.16,15,86.7,0.7243,0.143,0.8072,0.2237,0.3758,0.2393,0.5546,0.3968,-0.147,C,0.2109,0.322-0.622,0.595,0.395,0.116
3046,304329,-11.96,53,94.3,0.4147,0.2238,0.5087,0.534,0.7534,1.6839,0.8887,0.3219,-0.5303,C,0.2082,0.322-0.622,0.595,0.395,0.116
3047,304392,-40.45,63,96.8,0.5556,0.1985,0.5288,0.5182,0.8326,0.7254,0.864,0.4215,-0.5263,C,0.2341,0.322-0.622,0.595,0.395,0.116
3048,304406,-21.7,14,0.0,0.0,0.0,0.8082,0.1905,0.4699,0.0,0.0,0.4331,-0.0834,C,0.2246,0.322-0.622,0.595,0.395,0.116
3049,304421,-11.04,15,100.0,0.65,0.1803,0.7106,0.3327,0.4193,0.4696,0.8127,0.3917,-0.2309,C,0.2217,0.322-0.622,0.595,0.395,0.116
3050,304435,-8.83,14,85.7,0.747,0.1279,0.7957,0.1997,0.4133,0.1389,0.5123,0.3744,-0.118,C,0.2407,0.322-0.622,0.595,0.395,0.116
3051,304451,-14.89,16,87.5,0.7404,0.1401,0.7758,0.2539,0.361,0.2549,0.5514,0.456,-0.1893,C,0.1688,0.322-0.622,0.595,0.395,0.116
3052,304519,-5.48,68,94.1,0.5115,0.2211,0.5384,0.4469,0.7419,1.0706,0.8574,0.3549,-0.4215,C,0.2283,0.322-0.622,0.595,0.395,0.116
3053,304534,-14.87,15,100.0,0.7295,0.1654,0.7911,0.2133,0.3987,0.4924,0.7218,0.4137,-0.1213,C,0.1665,0.322-0.622,0.595,0.395,0.116
3054,304548,-6.98,14,100.0,0.705,0.1897,0.8172,0.1843,0.396,0.4706,0.8164,0.3403,-0.0938,C,0.2127,0.322-0.622,0.595,0.395,0.116
3055,304563,-21.45,15,100.0,0.7851,0.1639,0.7568,0.2464,0.4273,0.1963,0.7566,0.3879,-0.1681,C,0.2138,0.322-0.622,0.595,0.395,0.116
3056,304577,-14.16,14,100.0,0.6905,0.1772,0.8362,0.1623,0.4091,0.4144,0.7944,0.4181,-0.0733,C,0.2249,0.322-0.622,0.596,0.396,0.116
3057,304697,-264.7,120,50.8,0.6536,0.1236,0.5757,0.4252,0.5461,0.3238,0.2788,0.1127,-0.4031,C,0.1798,0.322-0.622,0.596,0.396,0.116
3058,304711,-18.14,14,100.0,0.8278,0.1159,0.8119,0.1922,0.3917,0.1915,0.5376,0.4201,-0.1467,C,0.2471,0.322-0.622,0.596,0.396,0.116
3059,304769,58.42,58,96.6,0.375,0.2215,0.539,0.4491,0.7981,1.9375,0.8886,0.4433,-0.4001,C,0.1821,0.322-0.622,0.596,0.396,0.116
3060,304784,-7.63,15,93.3,0.7531,0.1591,0.7965,0.2649,0.4014,0.217,0.7004,0.3779,-0.1546,C,0.2035,0.322-0.622,0.596,0.396,0.116
3061,304818,16.27,34,94.1,0.4134,0.2208,0.5551,0.3561,0.6792,1.6949,0.8765,0.2609,-0.2879,C,0.2396,0.322-0.622,0.596,0.396,0.116
3062,305028,-485.37,210,27.6,0.6262,0.2015,0.507,0.413,0.7386,0.2036,0.2381,0.0731,-0.3601,C,0.2419,0.322-0.622,0.596,0.396,0.116
3063,305110,60.08,82,96.3,0.3707,0.2385,0.4396,0.4995,0.8406,1.9049,0.9282,0.4112,-0.4789,C,0.207,0.322-0.622,0.597,0.397,0.116
3064,305126,-14.76,16,100.0,0.7138,0.1788,0.6336,0.3487,0.4592,0.33,0.7993,0.4569,-0.2667,C,0.2143,0.322-0.622,0.597,0.397,0.116
3065,305141,-10.49,15,93.3,0.8056,0.1579,0.7604,0.2282,0.3958,0.1225,0.6942,0.3888,-0.1758,C,0.2454,0.322-0.622,0.597,0.397,0.116
3066,305169,-27.74,28,92.9,0.5379,0.2071,0.6617,0.3866,0.5259,0.9849,0.7918,0.4483,-0.347,C,0.2355,0.322-0.622,0.597,0.397,0.116
3067,305303,-115.55,134,61.2,0.4065,0.248,0.5631,0.3975,0.6233,1.0856,0.5634,0.1471,-0.3392,C,0.1705,0.322-0.622,0.597,0.397,0.116
3068,305317,-10.91,14,100.0,0.7092,0.1735,0.7815,0.1694,0.3913,0.5161,0.7628,0.4352,-0.0795,C,0.2264,0.322-0.622,0.597,0.397,0.116
3069,305447,-235.8,130,48.5,0.489,0.1463,0.5499,0.4314,0.7263,0.679,0.3099,0.1055,-0.407,C,0.2302,0.322-0.622,0.597,0.397,0.116
3070,305461,-29.65,14,57.1,0.9518,0.0481,0.8393,0.2379,0.3759,0.0109,0.1472,0.4551,-0.1952,C,0.1705,0.322-0.622,0.597,0.397,0.116
3071,305489,-28.9,28,85.7,0.5246,0.2137,0.6298,0.414,0.5414,1.0703,0.7895,0.3232,-0.3765,C,0.2472,0.322-0.622,0.597,0.397,0.116
3072,305504,-19.03,15,86.7,0.927,0.0904,0.7942,0.2469,0.387,0.0314,0.3661,0.3936,-0.1884,C,0.2176,0.322-0.622,0.598,0.398,0.116
3073,305690,21.5,186,97.8,0.5065,0.1888,0.3878,0.475,0.9309,0.9451,0.8149,0.3695,-0.4282,C,0.2387,0.322-0.622,0.598,0.398,0.116
3074,305710,-27.36,20,90.0,0.7001,0.1948,0.6667,0.333,0.4589,0.3451,0.7803,0.4489,-0.2836,C,0.1708,0.322-0.622,0.598,0.398,0.116
3075,305724,-16.16,14,92.9,0.8332,0.0934,0.8082,0.1474,0.3898,0.1066,0.4254,0.4324,-0.0873,C,0.1826,0.322-0.622,0.598,0.398,0.116
3076,305738,-12.96,14,92.9,0.704,0.1526,0.8387,0.2022,0.3788,0.2795,0.6407,0.405,-0.1595,C,0.2085,0.322-0.622,0.598,0.398,0.116
3077,305752,-19.85,14,85.7,0.7944,0.1051,0.8097,0.2475,0.4018,0.0907,0.4192,0.3809,-0.2489,C,0.2354,0.322-0.622,0.598,0.398,0.116
3078,305766,-6.47,14,100.0,0.5968,0.2156,0.7989,0.2367,0.4192,0.8525,0.8821,0.4419,-0.1971,C,0.2285,0.322-0.622,0.598,0.398,0.116
3079,305781,-10.41,15,86.7,0.76,0.1792,0.7457,0.2817,0.426,0.1752,0.7058,0.4492,-0.1645,C,0.2072,0.322-0.622,0.598,0.398,0.116
3080,305794,-10.63,13,100.0,0.8813,0.1134,0.8424,0.187,0.4319,0.0575,0.5252,0.3553,-0.1334,C,0.2259,0.322-0.622,0.598,0.398,0.116
3081,305866,144.34,72,97.2,0.2478,0.2537,0.4948,0.442,0.8295,2.7338,0.9149,0.4624,-0.3678,C,0.1769,0.322-0.622,0.598,0.398,0.116
3082,305881,-22.77,15,100.0,0.6183,0.2069,0.7526,0.285,0.3787,0.9421,0.8792,0.3706,-0.2699,C,0.1776,0.322-0.622,0.598,0.398,0.116
3083,305897,-19.02,16,100.0,0.8366,0.1512,0.731,0.3032,0.4418,0.1234,0.7078,0.4457,-0.2696,C,0.1785,0.322-0.622,0.598,0.398,0.116
3084,305912,-27.46,15,93.3,0.834,0.0865,0.83,0.257,0.362,0.1004,0.4045,0.4336,-0.1999,C,0.2371,0.322-0.622,0.598,0.398,0.116
3085,305927,-28.89,15,93.3,0.7274,0.1521,0.7184,0.3157,0.3793,0.2544,0.6567,0.4629,-0.2834,C,0.2001,0.322-0.622,0.598,0.398,0.116
3086,305940,-12.57,13,100.0,1.0683,0.0529,0.8327,0.1581,0.4528,0.0131,0.264,0.3735,-0.0567,C,0.1906,0.322-0.622,0.598,0.398,0.116
3087,305953,-5.72,13,100.0,0.9859,0.0645,0.8721,0.1569,0.4448,0.0191,0.3045,0.4505,-0.0897,C,0.1764,0.322-0.622,0.598,0.398,0.116
3088,305968,-4.79,15,100.0,0.5807,0.2097,0.7671,0.2835,0.4354,0.99,0.8446,0.4631,-0.1846,C,0.1821,0.322-0.622,0.598,0.398,0.116
3089,305981,-8.31,13,69.2,1.0628,0.0265,0.8351,0.1705,0.4552,0.0065,0.1228,0.4696,-0.0671,C,0.2383,0.322-0.622,0.599,0.399,0.116
3090,306040,-26.46,59,98.3,0.6013,0.2608,0.5062,0.4673,0.8172,0.5588,0.8991,0.3569,-0.4456,C,0.1821,0.322-0.622,0.599,0.399,0.116
3091,306061,-11.37,21,90.5,0.612,0.2082,0.7347,0.3095,0.5458,0.5552,0.8152,0.4174,-0.2814,C,0.1789,0.322-0.622,0.599,0.399,0.116
3092,306075,-17.22,14,100.0,0.6018,0.2116,0.8618,0.1554,0.4197,0.9758,0.8897,0.3898,-0.0985,C,0.2222,0.322-0.622,0.599,0.399,0.116
3093,306095,-8.4,20,100.0,0.6202,0.2115,0.6547,0.3075,0.5222,0.8772,0.895,0.3828,-0.2207,C,0.2197,0.322-0.622,0.599,0.399,0.116
3094,306223,-214.0,128,55.5,0.8444,0.122,0.6176,0.3771,0.6155,0.0952,0.3203,0.1184,-0.3419,C,0.1896,0.322-0.622,0.599,0.399,0.117
3095,306238,-26.96,15,100.0,0.7418,0.1798,0.7897,0.3305,0.4319,0.2535,0.8175,0.4187,-0.3751,C,0.1842,0.322-0.622,0.599,0.399,0.117
3096,306255,-3.8,17,88.2,0.5387,0.221,0.6608,0.3044,0.41,1.1053,0.8074,0.4082,-0.2049,C,0.2179,0.322-0.622,0.599,0.399,0.117
3097,306366,-172.39,111,63.1,0.6604,0.1798,0.6185,0.3967,0.5829,0.3356,0.4764,0.1552,-0.3592,C,0.1863,0.322-0.622,0.599,0.399,0.117
3098,306381,-11.69,15,100.0,0.6832,0.193,0.772,0.2343,0.4031,0.4806,0.8453,0.4285,-0.1624,C,0.2243,0.322-0.622,0.599,0.399,0.117
3099,306429,23.81,48,91.7,0.435,0.2476,0.5733,0.3899,0.6791,1.4916,0.8451,0.3959,-0.3233,C,0.2221,0.322-0.622,0.599,0.399,0.117
3100,306444,-26.37,15,100.0,0.7957,0.1611,0.7192,0.3494,0.4272,0.1435,0.7544,0.424,-0.2852,C,0.1864,0.322-0.622,0.6,0.4,0.117
3101,306492,-10.56,48,93.8,0.4856,0.1923,0.5641,0.4141,0.6748,1.3139,0.792,0.3703,-0.3743,C,0.1863,0.322-0.622,0.6,0.4,0.117
3102,306626,-189.51,134,56.7,0.5392,0.2174,0.5458,0.42,0.7009,0.6171,0.4901,0.119,-0.3859,C,0.2477,0.322-0.622,0.6,0.4,0.117
3103,306646,-27.44,20,85.0,0.6844,0.1872,0.6332,0.4025,0.4454,0.3895,0.6985,0.4395,-0.395,C,0.223,0.322-0.622,0.6,0.4,0.117
3104,306662,-9.66,16,93.8,0.7073,0.1777,0.7545,0.2525,0.5021,0.2479,0.7583,0.4494,-0.1503,C,0.2002,0.322-0.622,0.6,0.4,0.117
3105,306676,-15.39,14,85.7,0.6929,0.1845,0.8797,0.18,0.3806,0.26,0.7076,0.3854,-0.1662,C,0.236,0.322-0.622,0.6,0.4,0.117
3106,306691,-6.52,15,100.0,0.6513,0.2044,0.718,0.2202,0.4112,0.5859,0.8779,0.3436,-0.1249,C,0.2128,0.322-0.622,0.6,0.4,0.117
3107,306706,-17.0,15,80.0,0.7605,0.1265,0.7843,0.2046,0.3587,0.1221,0.4721,0.4181,-0.1005,C,0.2272,0.322-0.622,0.6,0.4,0.117
3108,306818,-162.64,112,55.4,0.5793,0.1815,0.5769,0.3693,0.631,0.4848,0.434,0.1178,-0.3213,C,0.229,0.322-0.622,0.6,0.4,0.117
3109,306833,-14.91,15,100.0,0.7133,0.1599,0.7746,0.2443,0.3625,0.7027,0.7101,0.4371,-0.1724,C,0.2158,0.322-0.622,0.6,0.4,0.117
3110,306883,52.23,50,96.0,0.3419,0.2459,0.5041,0.432,0.763,2.1028,0.9118,0.3668,-0.3977,C,0.1772,0.322-0.622,0.6,0.4,0.117
3111,306897,-35.48,14,0.0,0.0,0.0,0.8234,0.2182,0.3018,0.0,0.0,0.4074,-0.1283,C,0.1742,0.322-0.622,0.6,0.4,0.117
3112,306913,-19.17,16,93.8,0.6679,0.1963,0.7565,0.2677,0.3956,0.4002,0.8078,0.3277,-0.2038,C,0.2212,0.322-0.622,0.601,0.401,0.117
3113,306971,26.95,58,98.3,0.4303,0.2213,0.5435,0.4411,0.727,1.6084,0.927,0.3324,-0.3889,C,0.1697,0.322-0.622,0.601,0.401,0.117
3114,306985,-21.91,14,100.0,0.7602,0.1437,0.7708,0.3302,0.413,0.2192,0.6754,0.463,-0.3342,C,0.1975,0.322-0.622,0.601,0.401,0.117
3115,306999,-15.33,14,100.0,1.0553,0.0437,0.8423,0.1852,0.4457,0.0131,0.2355,0.4522,-0.1082,C,0.2004,0.322-0.622,0.601,0.401,0.117
3116,307085,70.44,86,96.5,0.3783,0.2413,0.4443,0.4805,0.8268,1.9121,0.9324,0.3413,-0.4401,C,0.1792,0.322-0.622,0.601,0.401,0.117
3117,307098,-14.72,13,100.0,1.0116,0.04,0.8425,0.1843,0.4551,0.0131,0.2175,0.4098,-0.1105,C,0.1831,0.322-0.622,0.601,0.401,0.117
3118,307121,6.94,23,87.0,0.4513,0.2269,0.7284,0.2881,0.4713,1.4138,0.8032,0.3909,-0.2093,C,0.247,0.322-0.622,0.601,0.401,0.117
3119,307171,21.38,50,96.0,0.463,0.2284,0.5366,0.4497,0.7346,1.4937,0.896,0.3961,-0.4051,C,0.2098,0.322-0.622,0.601,0.401,0.117
3120,307252,37.33,81,96.3,0.52,0.2144,0.5127,0.3995,0.8058,0.9951,0.8954,0.3575,-0.3337,C,0.2414,0.322-0.622,0.601,0.401,0.117
3121,307285,-6.16,33,97.0,0.5392,0.2415,0.6296,0.3642,0.6803,0.9415,0.8859,0.3747,-0.3109,C,0.2108,0.322-0.622,0.601,0.401,0.117
3122,307300,-8.45,15,86.7,0.7125,0.1669,0.8097,0.198,0.3983,0.2568,0.6581,0.3987,-0.1109,C,0.2001,0.322-0.622,0.601,0.401,0.117
3123,307317,-2.64,17,94.1,0.5614,0.2097,0.791,0.262,0.4508,1.0301,0.8299,0.4101,-0.1616,C,0.2193,0.322-0.622,0.601,0.401,0.117
3124,307331,-7.08,14,100.0,0.7902,0.1574,0.8055,0.2392,0.4306,0.1531,0.734,0.3949,-0.156,C,0.1774,0.322-0.622,0.601,0.401,0.117
3125,307346,-22.81,15,100.0,0.604,0.1701,0.6702,0.3241,0.4456,0.9358,0.7437,0.4734,-0.2743,C,0.1909,0.322-0.622,0.601,0.401,0.117
3126,307359,-14.81,13,84.6,1.0192,0.0311,0.8701,0.1057,0.4213,0.0097,0.1635,0.4046,-0.0358,C,0.1734,0.322-0.622,0.601,0.401,0.117
3127,307374,-17.49,15,93.3,0.6877,0.1692,0.8137,0.2951,0.3808,0.318,0.7202,0.3447,-0.2656,C,0.23,0.322-0.622,0.602,0.402,0.117
3128,307443,81.84,69,95.7,0.3258,0.2422,0.4805,0.4691,0.8302,2.2039,0.9263,0.4445,-0.4365,C,0.2458,0.322-0.622,0.602,0.402,0.117
3129,307459,-21.61,16,75.0,0.8957,0.1015,0.7666,0.274,0.456,0.0363,0.361,0.4198,-0.2221,C,0.2289,0.322-0.622,0.602,0.402,0.117
3130,307475,-13.05,16,93.8,0.7146,0.2016,0.713,0.3611,0.4716,0.3178,0.7629,0.4713,-0.2771,C,0.2229,0.322-0.622,0.602,0.402,0.117
3131,307493,-32.39,18,94.4,0.8092,0.1401,0.6591,0.3775,0.4634,0.1185,0.6118,0.4049,-0.3216,C,0.1805,0.322-0.622,0.602,0.402,0.117
3132,307509,-12.57,16,100.0,0.6842,0.2062,0.7037,0.331,0.4827,0.3951,0.8869,0.3827,-0.2623,C,0.2308,0.322-0.622,0.602,0.402,0.117
3133,307578,35.38,69,92.8,0.4082,0.2273,0.5376,0.4824,0.786,1.7611,0.8745,0.3392,-0.47,C,0.1816,0.322-0.622,0.602,0.402,0.117
3134,307592,-17.47,14,100.0,0.9183,0.1173,0.7948,0.2285,0.4193,0.058,0.5479,0.3901,-0.1322,C,0.1825,0.322-0.622,0.602,0.402,0.117
3135,307619,-16.55,27,85.2,0.5929,0.2026,0.5487,0.4227,0.5478,0.7494,0.7358,0.3907,-0.3495,C,0.1926,0.322-0.622,0.602,0.402,0.117
3136,307634,-32.08,15,73.3,0.8915,0.0613,0.7857,0.2746,0.3753,0.0264,0.2347,0.4229,-0.2602,C,0.187,0.322-0.622,0.602,0.402,0.117
3137,307649,-19.42,15,93.3,0.873,0.1117,0.7784,0.2165,0.3931,0.0564,0.4888,0.4636,-0.1248,C,0.1984,0.322-0.622,0.602,0.402,0.117
3138,307662,-26.41,13,76.9,1.0014,0.0299,0.863,0.1681,0.4499,0.0079,0.1475,0.4776,-0.1473,C,0.2319,0.322-0.622,0.602,0.402,0.117
3139,307675,-24.77,13,0.0,0.0,0.0,0.8635,0.1731,0.3987,0.0,0.0,0.47,-0.1223,C,0.2199,0.322-0.622,0.602,0.402,0.117
3140,307691,-19.51,16,75.0,1.0111,0.0435,0.7771,0.2575,0.4208,0.0109,0.1772,0.375,-0.1577,C,0.2182,0.322-0.622,0.602,0.402,0.117
3141,307773,86.96,82,97.6,0.2885,0.203,0.4661,0.5116,0.8768,2.4619,0.8681,0.339,-0.5047,C,0.1734,0.322-0.622,0.602,0.402,0.117
3142,307787,-3.09,14,78.6,0.7887,0.1446,0.833,0.1399,0.4087,0.1123,0.536,0.4063,-0.0503,C,0.209,0.322-0.622,0.602,0.402,0.117
3143,307800,-3.34,13,100.0,0.7845,0.1743,0.8012,0.1916,0.4398,0.139,0.8,0.4657,-0.1133,C,0.2434,0.322-0.622,0.602,0.402,0.117
3144,307896,-10.93,96,99.0,0.4301,0.2295,0.6268,0.4037,0.5943,1.636,0.8997,0.2126,-0.3871,C,0.2262,0.322-0.622,0.603,0.403,0.117
3145,307910,-18.42,14,100.0,0.931,0.1099,0.8334,0.1595,0.4265,0.0617,0.5175,0.4359,-0.0694,C,0.1993,0.322-0.622,0.603,0.403,0.117
3146,308042,-53.2,132,97.7,0.4599,0.1439,0.551,0.4999,0.795,1.5312,0.5478,0.2664,-0.5178,C,0.1993,0.322-0.622,0.603,0.403,0.117
3147,308056,-15.56,14,100.0,0.6332,0.1816,0.8022,0.2461,0.4452,0.9162,0.7726,0.4586,-0.1516,C,0.2326,0.322-0.622,0.603,0.403,0.117
3148,308203,21.91,147,100.0,0.4949,0.2173,0.5557,0.4647,0.7676,1.3382,0.8696,0.294,-0.4531,C,0.1874,0.322-0.622,0.603,0.403,0.117
3149,308217,-22.48,14,57.1,0.9246,0.0596,0.8367,0.1699,0.3576,0.015,0.1729,0.4405,-0.0876,C,0.2419,0.322-0.622,0.603,0.403,0.117
3150,308231,-4.16,14,100.0,0.6534,0.2038,0.7654,0.2488,0.4481,0.5036,0.8826,0.4792,-0.1466,C,0.1777,0.322-0.622,0.603,0.403,0.117
3151,308246,-19.54,15,100.0,0.6666,0.1771,0.6959,0.2453,0.3674,0.6308,0.7956,0.37,-0.1675,C,0.191,0.322-0.622,0.603,0.403,0.117
3152,308260,-12.62,14,85.7,0.7156,0.1837,0.8131,0.2208,0.427,0.2632,0.7114,0.4504,-0.1437,C,0.2468,0.322-0.622,0.603,0.403,0.117
3153,308275,-21.12,15,86.7,0.7803,0.1537,0.7975,0.1999,0.3663,0.1607,0.5916,0.469,-0.1381,C,0.196,0.322-0.622,0.603,0.403,0.117
3154,308291,-12.2,16,100.0,0.6689,0.2156,0.7502,0.2676,0.4829,0.5832,0.8869,0.4461,-0.1783,C,0.1943,0.322-0.622,0.603,0.403,0.117
3155,308307,-21.86,16,93.8,0.758,0.1562,0.6361,0.309,0.4783,0.2226,0.6712,0.4501,-0.2147,C,0.2446,0.322-0.622,0.604,0.404,0.117
3156,308323,-16.13,16,100.0,0.7563,0.1558,0.758,0.2872,0.3436,0.3783,0.7033,0.4038,-0.2305,C,0.2036,0.322-0.622,0.604,0.404,0.117
3157,308336,-12.38,13,100.0,0.8469,0.1509,0.8759,0.1486,0.4427,0.0971,0.71,0.4339,-0.1071,C,0.1679,0.322-0.622,0.604,0.404,0.117
3158,308350,1.06,14,100.0,0.8252,0.1571,0.8708,0.1258,0.4309,0.1463,0.728,0.4177,-0.037,C,0.2156,0.322-0.622,0.604,0.404,0.117
3159,308365,-0.28,15,100.0,0.6302,0.2014,0.7778,0.2122,0.4508,0.7699,0.8645,0.4265,-0.1012,C,0.2345,0.322-0.622,0.604,0.404,0.117
3160,308416,-8.28,51,98.0,0.5356,0.2135,0.5127,0.4884,0.8108,0.9575,0.8803,0.4117,-0.4636,C,0.1779,0.322-0.622,0.604,0.404,0.117
3161,308431,-12.07,15,100.0,0.7193,0.1667,0.8092,0.23,0.3434,0.7665,0.7395,0.3924,-0.1587,C,0.2139,0.322-0.622,0.604,0.404,0.117
3162,308488,55.39,57,93.0,0.3364,0.2317,0.506,0.4512,0.7522,2.1305,0.8625,0.342,-0.4065,C,0.1832,0.322-0.622,0.604,0.404,0.117
3163,308501,-17.09,13,92.3,1.0018,0.0374,0.8438,0.1711,0.4418,0.0157,0.1939,0.3877,-0.0904,C,0.1726,0.322-0.622,0.604,0.404,0.117
3164,308515,-7.37,14,100.0,0.721,0.1627,0.8067,0.202,0.4021,0.3704,0.7306,0.4391,-0.1022,C,0.2025,0.322-0.622,0.604,0.404,0.117
3165,308538,-13.84,23,82.6,0.6801,0.1879,0.6319,0.355,0.577,0.3614,0.6837,0.3853,-0.2798,C,0.1744,0.322-0.622,0.604,0.404,0.117
3166,308551,-20.9,13,0.0,0.0,0.0,0.8844,0.1218,0.4183,0.0,0.0,0.4258,-0.0644,C,0.1903,0.322-0.622,0.604,0.404,0.117
3167,308605,38.3,54,94.4,0.3871,0.2422,0.5902,0.4474,0.7491,1.926,0.7972,0.3871,-0.4307,C,0.173,0.322-0.622,0.604,0.404,0.117
3168,308640,-52.43,35,88.6,0.6306,0.1944,0.6106,0.4667,0.6558,0.4638,0.747,0.2825,-0.4637,C,0.1891,0.322-0.622,0.604,0.404,0.117
3169,308653,-31.54,13,46.2,1.055,0.0103,0.8189,0.1903,0.4262,0.0046,0.0628,0.388,-0.1448,C,0.2,0.322-0.622,0.604,0.404,0.117
3170,308681,-19.61,28,89.3,0.4598,0.2254,0.6502,0.4334,0.5861,1.2793,0.8358,0.3513,-0.4113,C,0.2046,0.322-0.622,0.604,0.404,0.117
3171,308738,39.45,57,94.7,0.4214,0.2031,0.594,0.37,0.705,1.6187,0.7305,0.3388,-0.2988,C,0.1706,0.322-0.622,0.604,0.404,0.117
3172,308752,-15.79,14,100.0,0.9256,0.0697,0.7766,0.2624,0.4004,0.0572,0.3537,0.436,-0.1836,C,0.1989,0.322-0.622,0.604,0.404,0.117
3173,308768,-7.86,16,100.0,0.7899,0.139,0.7807,0.2403,0.4097,0.3583,0.6368,0.4024,-0.1436,C,0.1735,0.322-0.622,0.604,0.404,0.117
3174,308808,36.13,40,95.0,0.3233,0.2479,0.6805,0.3929,0.682,2.25,0.8,0.3376,-0.3753,C,0.1878,0.322-0.622,0.605,0.405,0.117
3175,308824,-16.5,16,75.0,0.8363,0.085,0.7797,0.2302,0.3624,0.0537,0.32,0.4276,-0.1511,C,0.2448,0.322-0.622,0.605,0.405,0.117
3176,308837,-25.87,13,0.0,0.0,0.0,0.8563,0.1691,0.3732,0.0,0.0,0.4013,-0.1046,C,0.1922,0.322-0.622,0.605,0.405,0.117
3177,308850,-4.18,13,84.6,0.9293,0.0873,0.8891,0.113,0.4247,0.0355,0.3462,0.4053,-0.0411,C,0.1967,0.322-0.622,0.605,0.405,0.117
3178,308864,-16.88,14,85.7,0.7556,0.1526,0.8625,0.157,0.3277,0.2045,0.5881,0.4185,-0.0907,C,0.2395,0.322-0.622,0.605,0.405,0.117
3179,308878,-44.39,14,35.7,0.9973,0.0061,0.7918,0.3367,0.4012,0.0037,0.0452,0.429,-0.3614,C,0.1922,0.322-0.622,0.605,0.405,0.117
3180,308893,-34.92,15,73.3,0.8586,0.076,0.7937,0.3829,0.4025,0.0463,0.2804,0.4558,-0.3966,C,0.2467,0.322-0.622,0.605,0.405,0.117
3181,308907,-9.14,14,85.7,0.9087,0.0856,0.8041,0.2246,0.418,0.036,0.3435,0.4583,-0.1204,C,0.1731,0.322-0.622,0.605,0.405,0.117
3182,308920,-11.76,13,100.0,1.0197,0.0406,0.8517,0.2055,0.4227,0.015,0.2209,0.4328,-0.16,C,0.2038,0.322-0.622,0.605,0.405,0.117
3183,309081,54.7,161,98.8,0.391,0.2137,0.417,0.5554,0.9168,1.7224,0.8951,0.4038,-0.5605,C,0.2056,0.322-0.622,0.605,0.405,0.118
3184,309095,-13.06,14,100.0,0.7394,0.1823,0.8287,0.1788,0.4348,0.2666,0.7999,0.3679,-0.0711,C,0.2074,0.322-0.622,0.605,0.405,0.118
3185,309110,-19.38,15,93.3,0.8189,0.1235,0.7787,0.306,0.3985,0.1415,0.5386,0.441,-0.2686,C,0.2387,0.322-0.622,0.605,0.405,0.118
3186,309123,-15.52,13,76.9,1.0079,0.0275,0.8382,0.1976,0.4614,0.0121,0.139,0.4268,-0.1309,C,0.1812,0.322-0.622,0.605,0.405,0.118
3187,309137,-14.31,14,78.6,0.7422,0.1428,0.7717,0.2273,0.3732,0.132,0.5245,0.3775,-0.1865,C,0.2278,0.322-0.622,0.605,0.405,0.118
3188,309152,6.22,15,100.0,0.5125,0.2283,0.8222,0.2055,0.4525,1.3738,0.8567,0.3901,-0.1387,C,0.1941,0.322-0.622,0.605,0.405,0.118
3189,309168,-29.2,16,93.8,0.7936,0.1458,0.6928,0.3359,0.4385,0.1173,0.6345,0.4524,-0.2437,C,0.1803,0.322-0.622,0.605,0.405,0.118
3190,309182,-31.31,14,100.0,0.8047,0.1181,0.8203,0.3093,0.4375,0.1264,0.5549,0.4411,-0.3093,C,0.2087,0.322-0.622,0.605,0.405,0.118
3191,309195,-7.46,13,84.6,0.6338,0.2052,0.887,0.19,0.4112,0.4638,0.7241,0.366,-0.178,C,0.1955,0.322-0.622,0.605,0.405,0.118
3192,309215,-34.7,20,95.0,0.5566,0.2334,0.6227,0.4742,0.5278,0.8833,0.8881,0.4528,-0.4927,C,0.2421,0.322-0.622,0.605,0.405,0.118
3193,309237,-25.34,22,95.5,0.7246,0.1656,0.6894,0.3931,0.6445,0.2209,0.726,0.3644,-0.3698,C,0.1799,0.322-0.622,0.606,0.406,0.118
3194,309251,-30.36,14,0.0,0.0,0.0,0.8051,0.2294,0.4143,0.0,0.0,0.4089,-0.1535,C,0.174,0.322-0.622,0.606,0.406,0.118
3195,309264,-11.64,13,100.0,0.9211,0.108,0.8901,0.1959,0.4505,0.0497,0.5006,0.4355,-0.2028,C,0.2007,0.322-0.622,0.606,0.406,0.118
3196,309313,45.42,49,100.0,0.4185,0.2288,0.7307,0.2867,0.665,1.6043,0.9502,0.2754,-0.2108,C,0.1993,0.322-0.622,0.606,0.406,0.118
3197,309441,61.98,128,95.3,0.4591,0.2417,0.5377,0.4355,0.7929,1.2674,0.8701,0.3563,-0.3825,C,0.2358,0.322-0.622,0.606,0.406,0.118
3198,309472,17.01,31,96.8,0.4885,0.208,0.6407,0.3361,0.6131,1.5947,0.842,0.4336,-0.2568,C,0.2362,0.322-0.622,0.606,0.406,0.118
3199,309486,-16.0,14,100.0,0.7748,0.1554,0.8001,0.1812,0.3374,0.6867,0.671,0.4955,-0.1158,C,0.2282,0.322-0.622,0.606,0.406,0.118
3200,309500,-6.78,14,100.0,0.7217,0.2013,0.8302,0.1423,0.439,0.281,0.8981,0.4364,-0.047,C,0.1682,0.322-0.622,0.606,0.406,0.118
3201,309514,-16.44,14,64.3,1.0181,0.0103,0.7878,0.2271,0.4241,0.0056,0.0875,0.4232,-0.1512,C,0.2448,0.322-0.622,0.606,0.406,0.118
3202,309528,-10.18,14,85.7,0.9117,0.1018,0.7746,0.2037,0.3662,0.0409,0.4192,0.349,-0.11,C,0.1689,0.322-0.622,0.606,0.406,0.118
3203,309544,-19.23,16,100.0,0.8546,0.1145,0.8282,0.1861,0.3529,0.4799,0.5418,0.4072,-0.1223,C,0.2162,0.322-0.622,0.606,0.406,0.118
3204,309559,-12.18,15,80.0,0.8304,0.1265,0.7883,0.1783,0.3908,0.0616,0.4751,0.386,-0.0817,C,0.181,0.322-0.622,0.606,0.406,0.118
3205,309591,-44.51,32,84.4,0.6081,0.2117,0.6196,0.489,0.5693,0.6215,0.7586,0.358,-0.5087,C,0.2031,0.322-0.622,0.606,0.406,0.118
3206,309671,-30.66,80,100.0,0.5921,0.2031,0.6124,0.358,0.5574,0.7856,0.8368,0.2011,-0.2994,C,0.2189,0.322-0.622,0.606,0.406,0.118
3207,309718,1.35,47,87.2,0.5361,0.2024,0.6614,0.2904,0.4144,1.0427,0.7804,0.2026,-0.1874,C,0.2374,0.322-0.622,0.607,0.407,0.118
3208,309732,-14.71,14,100.0,0.5962,0.205,0.7538,0.2513,0.3918,0.836,0.9046,0.4219,-0.1819,C,0.2172,0.322-0.622,0.607,0.407,0.118
3209,309748,-21.28,16,100.0,0.8016,0.1725,0.7473,0.3657,0.4228,0.18,0.7891,0.3693,-0.3365,C,0.1906,0.322-0.622,0.607,0.407,0.118
3210,309763,-17.31,15,93.3,0.6414,0.2085,0.7718,0.2869,0.3675,0.6729,0.8212,0.3531,-0.2559,C,0.2492,0.322-0.622,0.607,0.407,0.118
3211,309777,-0.18,14,100.0,0.7887,0.1721,0.8469,0.1423,0.459,0.1598,0.8012,0.3818,-0.0662,C,0.1982,0.322-0.622,0.607,0.407,0.118
3212,309792,-6.32,15,100.0,0.6165,0.2149,0.7467,0.25,0.4137,0.9245,0.8897,0.359,-0.1557,C,0.1932,0.322-0.622,0.607,0.407,0.118
3213,309805,-7.89,13,100.0,0.7965,0.1422,0.8409,0.1926,0.4292,0.1385,0.6706,0.4224,-0.1101,C,0.2473,0.322-0.622,0.607,0.407,0.118
3214,309878,27.47,73,97.3,0.4134,0.2352,0.5383,0.4742,0.8227,1.5737,0.9322,0.4467,-0.4641,C,0.2413,0.322-0.622,0.607,0.407,0.118
3215,309892,-13.97,14,78.6,1.0304,0.0339,0.8295,0.213,0.4782,0.0095,0.1561,0.4055,-0.1363,C,0.2317,0.322-0.622,0.607,0.407,0.118
3216,309907,-20.88,15,86.7,0.7186,0.1917,0.7726,0.2458,0.392,0.2125,0.7501,0.3925,-0.1683,C,0.2058,0.322-0.622,0.607,0.407,0.118
3217,309921,-16.49,14,92.9,0.7385,0.1446,0.8387,0.1501,0.375,0.2533,0.6068,0.3976,-0.0599,C,0.1762,0.322-0.622,0.607,0.407,0.118
3218,309935,-23.23,14,0.0,0.0,0.0,0.8532,0.1599,0.4295,0.0,0.0,0.4428,-0.0754,C,0.2467,0.322-0.622,0.607,0.407,0.118
3219,309950,3.51,15,93.3,0.496,0.2246,0.8416,0.1974,0.417,1.226,0.8441,0.3976,-0.1236,C,0.2078,0.322-0.622,0.607,0.407,0.118
3220,309963,-11.34,13,100.0,0.9504,0.0883,0.8568,0.2155,0.4557,0.0307,0.4094,0.42,-0.1725,C,0.1954,0.322-0.622,0.607,0.407,0.118
3221,309977,-8.19,14,85.7,0.8863,0.1012,0.843,0.165,0.4172,0.0765,0.4149,0.4317,-0.1123,C,0.1971,0.322-0.622,0.607,0.407,0.118
3222,309991,-7.37,14,100.0,0.6705,0.1585,0.847,0.1891,0.4326,0.7819,0.6918,0.4085,-0.1129,C,0.1923,0.322-0.622,0.607,0.407,0.118
3223,310039,59.43,48,95.8,0.2735,0.2254,0.5811,0.4454,0.7506,2.5986,0.9008,0.4049,-0.4105,C,0.2252,0.322-0.622,0.607,0.407,0.118
3224,310093,-16.25,54,92.6,0.5611,0.1802,0.7338,0.3054,0.5498,0.815,0.7422,0.2562,-0.2755,C,0.2128,0.322-0.622,0.607,0.407,0.118
3225,310106,-31.36,13,23.1,1.2432,0.0042,0.8348,0.2086,0.4092,0.0001,0.0283,0.4593,-0.1659,C,0.2235,0.322-0.622,0.607,0.407,0.118
3226,310171,57.75,65,96.9,0.4374,0.2243,0.5145,0.4042,0.8133,1.3836,0.9161,0.3871,-0.3277,C,0.1815,0.322-0.622,0.608,0.408,0.118
3227,310186,-24.29,15,100.0,0.7294,0.1618,0.7739,0.3127,0.4045,0.3137,0.7176,0.4733,-0.2954,C,0.1736,0.322-0.622,0.608,0.408,0.118
3228,310201,-11.51,15,100.0,0.7052,0.1982,0.8076,0.2041,0.4418,0.4318,0.8625,0.3673,-0.1005,C,0.1984,0.322-0.622,0.608,0.408,0.118
3229,310228,26.21,27,88.9,0.365,0.2462,0.6744,0.2925,0.579,1.7955,0.815,0.3446,-0.2083,C,0.2158,0.322-0.622,0.608,0.408,0.118
3230,310243,-2.96,15,93.3,0.6932,0.2045,0.8117,0.1965,0.4359,0.3456,0.8228,0.4048,-0.1052,C,0.2321,0.322-0.622,0.608,0.408,0.118
3231,310258,-7.02,15,100.0,0.7103,0.1833,0.7885,0.2431,0.4076,0.4073,0.8211,0.4449,-0.1432,C,0.235,0.322-0.622,0.608,0.408,0.118
3232,310272,-1.45,14,100.0,0.6833,0.2001,0.7865,0.1919,0.4228,0.4014,0.8789,0.3741,-0.0819,C,0.1703,0.322-0.622,0.608,0.408,0.118
3233,310292,-29.26,20,85.0,0.7138,0.1479,0.6669,0.4094,0.4755,0.1959,0.5812,0.4389,-0.3641,C,0.2389,0.322-0.622,0.608,0.408,0.118
3234,310307,-24.39,15,93.3,0.7439,0.1503,0.7625,0.227,0.3086,0.4648,0.631,0.3195,-0.144,C,0.1724,0.322-0.622,0.608,0.408,0.118
3235,310321,-25.54,14,78.6,0.8496,0.0814,0.8265,0.182,0.3669,0.0543,0.3177,0.462,-0.1345,C,0.1844,0.322-0.622,0.608,0.408,0.118
3236,310430,36.6,109,99.1,0.397,0.2056,0.4859,0.5456,0.8936,1.8525,0.8763,0.3752,-0.5635,C,0.2185,0.322-0.622,0.608,0.408,0.118
3237,310443,-15.16,13,100.0,0.6463,0.1777,0.8501,0.2248,0.369,0.7496,0.7899,0.3924,-0.2107,C,0.1774,0.322-0.622,0.608,0.408,0.118
3238,310523,60.25,80,100.0,0.3518,0.2352,0.4957,0.4753,0.8484,1.9901,0.9284,0.2697,-0.4477,C,0.2399,0.322-0.622,0.608,0.408,0.118
3239,310627,131.53,104,95.2,0.3123,0.1944,0.4598,0.4838,0.887,2.2775,0.8275,0.4224,-0.4536,C,0.1919,0.322-0.622,0.608,0.408,0.118
3240,310663,14.36,36,91.7,0.4107,0.2307,0.5995,0.3878,0.6548,1.7751,0.8507,0.3451,-0.3319,C,0.2477,0.322-0.622,0.609,0.409,0.118
3241,310685,-23.79,22,81.8,0.8203,0.1202,0.6649,0.3139,0.6062,0.0884,0.4642,0.4655,-0.251,C,0.2488,0.322-0.622,0.609,0.409,0.118
3242,310740,49.1,55,98.2,0.3675,0.2616,0.5153,0.4445,0.7544,1.9288,0.906,0.3636,-0.3844,C,0.1725,0.322-0.622,0.609,0.409,0.118
3243,310754,-3.89,14,100.0,0.6168,0.1943,0.796,0.2008,0.4243,0.8278,0.8473,0.3765,-0.0943,C,0.1886,0.322-0.622,0.609,0.409,0.118
3244,310808,48.91,54,87.0,0.4447,0.2464,0.7863,0.2086,0.5419,1.3558,0.7993,0.281,-0.1374,C,0.2481,0.322-0.622,0.609,0.409,0.118
3245,310824,-4.19,16,93.8,0.4903,0.2358,0.7879,0.2419,0.5035,1.2726,0.85,0.3576,-0.1427,C,0.1906,0.322-0.622,0.609,0.409,0.118
3246,310839,-25.12,15,80.0,0.8405,0.1117,0.7842,0.2369,0.344,0.0535,0.4181,0.3756,-0.142,C,0.1717,0.322-0.622,0.609,0.409,0.118
3247,310890,69.2,51,96.1,0.3853,0.2353,0.7664,0.2492,0.6169,1.8644,0.9187,0.3427,-0.1695,C,0.2298,0.322-0.622,0.609,0.409,0.118
3248,310903,-28.1,13,0.0,0.0,0.0,0.9221,0.0939,0.4011,0.0,0.0,0.4579,-0.0673,C,0.2199,0.322-0.622,0.609,0.409,0.118
3249,310917,-27.41,14,0.0,0.0,0.0,0.8102,0.1967,0.416,0.0,0.0,0.4064,-0.1328,C,0.2084,0.322-0.622,0.609,0.409,0.118
3250,310934,-7.64,17,82.4,0.6165,0.1914,0.7356,0.2555,0.4374,0.4096,0.7082,0.4202,-0.1934,C,0.1751,0.322-0.622,0.609,0.409,0.118
3251,310949,-28.1,15,93.3,0.7507,0.1526,0.719,0.3001,0.3919,0.2056,0.6548,0.4413,-0.2799,C,0.1812,0.322-0.622,0.609,0.409,0.118
3252,310991,33.77,42,95.2,0.3525,0.2156,0.6173,0.4048,0.7139,2.0829,0.8805,0.2239,-0.3803,C,0.2496,0.322-0.622,0.609,0.409,0.118
3253,311114,51.78,123,98.4,0.3143,0.2431,0.4936,0.5996,0.9043,2.3141,0.8924,0.3345,-0.6593,C,0.2026,0.322-0.622,0.61,0.41,0.118
3254,311127,-15.45,13,100.0,0.92,0.1144,0.8403,0.1371,0.4437,0.0545,0.5321,0.4357,-0.0629,C,0.2047,0.322-0.622,0.61,0.41,0.118
3255,311150,-34.62,23,82.6,0.6785,0.1425,0.6138,0.3947,0.3953,0.4188,0.5307,0.4024,-0.3414,C,0.2333,0.322-0.622,0.61,0.41,0.118
3256,311178,-6.47,28,85.7,0.6001,0.1677,0.6613,0.3241,0.524,0.8709,0.6263,0.3507,-0.2442,C,0.2329,0.322-0.622,0.61,0.41,0.118
3257,311192,-9.95,14,92.9,0.9085,0.0863,0.8439,0.1719,0.3864,0.0408,0.3892,0.4571,-0.0981,C,0.2189,0.322-0.622,0.61,0.41,0.118
3258,311212,-20.13,20,85.0,0.5409,0.2122,0.6688,0.3324,0.484,0.9194,0.7517,0.3918,-0.308,C,0.1793,0.322-0.622,0.61,0.41,0.118
3259,311228,-13.86,16,93.8,0.5675,0.2145,0.7656,0.2376,0.4436,0.8021,0.859,0.4229,-0.1481,C,0.2179,0.322-0.622,0.61,0.41,0.118
3260,311252,-15.77,24,83.3,0.5861,0.1923,0.6169,0.3525,0.4248,0.8413,0.7023,0.4266,-0.2758,C,0.1756,0.322-0.622,0.61,0.41,0.118
3261,311296,-10.39,44,88.6,0.4813,0.2207,0.5446,0.4605,0.6838,1.1072,0.8296,0.4226,-0.4203,C,0.2199,0.322-0.622,0.61,0.41,0.118
3262,311310,-3.63,14,100.0,0.6881,0.2111,0.8213,0.2241,0.439,0.4701,0.8774,0.3914,-0.1215,C,0.1842,0.322-0.622,0.61,0.41,0.118
3263,311324,-9.61,14,92.9,0.9049,0.1024,0.8452,0.1871,0.4089,0.0547,0.4476,0.4109,-0.1269,C,0.2386,0.322-0.622,0.61,0.41,0.118
3264,311338,-2.68,14,100.0,0.7471,0.1883,0.8292,0.1729,0.4363,0.2581,0.8235,0.4076,-0.0904,C,0.2403,0.322-0.622,0.61,0.41,0.118
3265,311415,-34.55,77,96.1,0.5205,0.2223,0.5703,0.4785,0.8321,0.9401,0.893,0.3228,-0.4847,C,0.1757,0.322-0.622,0.61,0.41,0.118
3266,311429,-14.86,14,92.9,0.7388,0.1615,0.7869,0.2202,0.4528,0.1892,0.6973,0.4303,-0.1232,C,0.1978,0.322-0.622,0.61,0.41,0.118
3267,311474,29.5,45,93.3,0.5259,0.1995,0.7684,0.2001,0.6166,1.0427,0.8084,0.2875,-0.1223,C,0.1982,0.322-0.622,0.61,0.41,0.118
3268,311567,42.91,93,95.7,0.476,0.2289,0.4517,0.4522,0.8416,1.1635,0.898,0.36,-0.4015,C,0.1864,0.322-0.622,0.61,0.41,0.118
3269,311581,-21.04,14,100.0,0.8324,0.1305,0.781,0.2493,0.3996,0.1655,0.6051,0.4679,-0.1825,C,0.2099,0.322-0.622,0.611,0.411,0.118
3270,311653,109.95,72,95.8,0.2373,0.2458,0.4896,0.4547,0.7924,2.7847,0.8324,0.3616,-0.4312,C,0.1893,0.322-0.622,0.611,0.411,0.118
3271,311667,-24.18,14,100.0,0.8508,0.1285,0.8512,0.1855,0.3219,0.4406,0.5846,0.4519,-0.1334,C,0.2193,0.322-0.622,0.611,0.411,0.118
3272,311703,7.22,36,97.2,0.4797,0.2237,0.6655,0.3182,0.603,1.1825,0.8503,0.3723,-0.2543,C,0.1768,0.322-0.622,0.611,0.411,0.118
3273,311718,-17.93,15,100.0,0.6451,0.19,0.7134,0.3104,0.4159,0.8394,0.8128,0.3839,-0.2992,C,0.1685,0.322-0.622,0.611,0.411,0.118
3274,311732,-7.17,14,100.0,0.5275,0.2178,0.804,0.2063,0.4542,1.1704,0.924,0.39,-0.1123,C,0.1758,0.322-0.622,0.611,0.411,0.118
3275,311747,-28.13,15,0.0,0.0,0.0,0.7965,0.2204,0.4164,0.0,0.0,0.4349,-0.1218,C,0.2008,0.322-0.622,0.611,0.411,0.118
3276,311763,-22.37,16,100.0,0.5124,0.215,0.7246,0.3628,0.455,1.2338,0.9023,0.4625,-0.3692,C,0.2358,0.322-0.622,0.611,0.411,0.118
3277,311777,-30.66,14,0.0,0.0,0.0,0.8334,0.1779,0.3598,0.0,0.0,0.3965,-0.0771,C,0.1831,0.322-0.622,0.611,0.411,0.118
3278,311808,-6.51,31,83.9,0.5617,0.1816,0.6049,0.3251,0.5479,0.978,0.6464,0.3297,-0.2557,C,0.189,0.322-0.622,0.611,0.411,0.119
3279,311823,-7.16,15,100.0,0.7796,0.1702,0.7372,0.2626,0.4345,0.1746,0.7927,0.4668,-0.1946,C,0.2393,0.322-0.622,0.611,0.411,0.119
3280,311837,-14.66,14,100.0,0.8537,0.1463,0.8751,0.1518,0.3915,0.3923,0.6455,0.3642,-0.1041,C,0.2496,0.322-0.622,0.611,0.411,0.119
3281,311861,-19.37,24,79.2,0.7445,0.1601,0.6538,0.3025,0.3845,0.2644,0.5398,0.3983,-0.2196,C,0.2399,0.322-0.622,0.611,0.411,0.119
3282,311875,-14.47,14,100.0,0.7761,0.1591,0.7918,0.1741,0.4193,0.2284,0.7179,0.4644,-0.0772,C,0.1791,0.322-0.622,0.611,0.411,0.119
3283,311892,-26.95,17,94.1,0.5801,0.2228,0.7247,0.35,0.4602,0.8194,0.8346,0.4757,-0.3444,C,0.198,0.322-0.622,0.611,0.411,0.119
3284,311926,-9.83,34,100.0,0.5322,0.2365,0.5662,0.4217,0.7227,0.9378,0.947,0.3556,-0.3839,C,0.1847,0.322-0.622,0.611,0.411,0.119
3285,311940,-28.08,14,0.0,0.0,0.0,0.8308,0.2179,0.4175,0.0,0.0,0.3904,-0.1702,C,0.1887,0.322-0.622,0.611,0.411,0.119
3286,311967,-24.51,27,85.2,0.5647,0.2179,0.6719,0.4329,0.4955,0.8554,0.7697,0.3976,-0.413,C,0.2371,0.322-0.622,0.611,0.411,0.119
3287,312006,26.39,39,82.1,0.434,0.2073,0.7379,0.2442,0.4979,1.3774,0.7392,0.332,-0.1529,C,0.2039,0.322-0.622,0.611,0.411,0.119
3288,312034,-1.53,28,89.3,0.5042,0.2376,0.5527,0.3895,0.6341,1.0097,0.8094,0.2989,-0.3271,C,0.1873,0.322-0.622,0.611,0.411,0.119
3289,312047,-17.56,13,100.0,0.8981,0.1082,0.8489,0.1858,0.4193,0.054,0.5012,0.4096,-0.1186,C,0.2169,0.322-0.622,0.612,0.412,0.119
3290,312114,29.8,67,95.5,0.4177,0.2255,0.5537,0.4819,0.8219,1.6638,0.8981,0.4199,-0.4659,C,0.2371,0.322-0.622,0.612,0.412,0.119
3291,312133,-11.85,19,84.2,0.696,0.1583,0.7466,0.2507,0.4041,0.2579,0.585,0.4268,-0.1582,C,0.2015,0.322-0.622,0.612,0.412,0.119
3292,312148,-3.4,15,100.0,0.5861,0.2212,0.7502,0.2847,0.4459,0.8802,0.8852,0.4508,-0.1801,C,0.2242,0.322-0.622,0.612,0.412,0.119
3293,312188,-12.47,40,82.5,0.6142,0.2082,0.7511,0.2999,0.5018,0.5191,0.7292,0.2808,-0.2414,C,0.2318,0.322-0.622,0.612,0.412,0.119
3294,312302,-50.98,114,93.9,0.4938,0.2569,0.5475,0.5265,0.8137,1.0922,0.8294,0.3967,-0.5556,C,0.1929,0.322-0.622,0.612,0.412,0.119
3295,312379,99.97,77,93.5,0.3773,0.2331,0.5163,0.4026,0.7636,1.8742,0.8595,0.3874,-0.3239,C,0.1691,0.322-0.622,0.612,0.412,0.119
3296,312419,9.66,40,97.5,0.5275,0.1975,0.7845,0.2588,0.6184,1.0788,0.8569,0.257,-0.2226,C,0.1813,0.322-0.622,0.612,0.412,0.119
3297,312433,-32.18,14,0.0,0.0,0.0,0.7906,0.2079,0.4116,0.0,0.0,0.3757,-0.1153,C,0.22,0.322-0.622,0.612,0.412,0.119
3298,312447,-1.69,14,100.0,0.7375,0.1695,0.7946,0.1537,0.4283,0.4672,0.7315,0.4422,-0.0744,C,0.1965,0.322-0.622,0.612,0.412,0.119
3299,312461,-8.82,14,100.0,0.8744,0.0876,0.8273,0.2063,0.423,0.0713,0.4129,0.4167,-0.1508,C,0.2346,0.322-0.622,0.612,0.412,0.119
3300,312474,-14.43,13,53.8,0.9948,0.0131,0.8795,0.1229,0.4328,0.0063,0.0774,0.4114,-0.0869,C,0.1883,0.322-0.622,0.612,0.412,0.119
3301,312489,-23.15,15,100.0,0.6142,0.2007,0.763,0.3054,0.4121,0.7711,0.883,0.4359,-0.2809,C,0.2008,0.322-0.622,0.612,0.412,0.119
3302,312505,-32.16,16,68.8,0.9629,0.0439,0.7432,0.2888,0.4469,0.0119,0.1661,0.4664,-0.2499,C,0.171,0.322-0.622,0.613,0.413,0.119
3303,312528,-26.41,23,87.0,0.6928,0.1561,0.6393,0.4179,0.4953,0.3744,0.6065,0.4615,-0.3581,C,0.2105,0.322-0.622,0.613,0.413,0.119
3304,312673,301.67,145,97.9,0.2644,0.2459,0.3984,0.4499,0.9025,2.5872,0.9617,0.3631,-0.3931,C,0.1797,0.322-0.622,0.613,0.413,0.119
3305,312708,-1.68,35,94.3,0.5385,0.2173,0.5874,0.403,0.6692,0.9689,0.8607,0.4067,-0.3112,C,0.2004,0.322-0.622,0.613,0.413,0.119
3306,312722,-21.66,14,100.0,0.6004,0.2195,0.7787,0.2997,0.4504,0.6826,0.9233,0.4335,-0.3142,C,0.2146,0.322-0.622,0.613,0.413,0.119
3307,312782,-21.01,60,81.7,0.5324,0.2297,0.5379,0.4417,0.6918,0.9337,0.6433,0.3306,-0.3993,C,0.1903,0.322-0.622,0.613,0.413,0.119
3308,312797,-9.92,15,100.0,0.6789,0.2076,0.7723,0.2565,0.409,0.5412,0.862,0.4668,-0.1428,C,0.2402,0.322-0.622,0.613,0.413,0.119
3309,312811,-15.55,14,100.0,0.8679,0.111,0.801,0.2364,0.41,0.0918,0.5157,0.3516,-0.1891,C,0.1737,0.322-0.622,0.613,0.413,0.119
3310,312826,-33.28,15,100.0,0.6808,0.1855,0.7389,0.3448,0.3679,0.6989,0.8149,0.441,-0.3818,C,0.1735,0.322-0.622,0.613,0.413,0.119
3311,312840,-10.01,14,100.0,0.5554,0.217,0.814,0.1902,0.426,1.1308,0.9263,0.386,-0.1149,C,0.1853,0.322-0.622,0.613,0.413,0.119
3312,312853,1.15,13,100.0,0.6832,0.1617,0.8916,0.0971,0.4458,0.7752,0.694,0.4516,-0.0298,C,0.1961,0.322-0.622,0.613,0.413,0.119
3313,312874,-20.04,21,85.7,0.8006,0.1015,0.7103,0.2599,0.441,0.1573,0.4194,0.3539,-0.1836,C,0.2356,0.322-0.622,0.613,0.413,0.119
3314,312917,-25.37,43,97.7,0.7017,0.1708,0.6912,0.3331,0.633,0.2649,0.7778,0.2602,-0.2912,C,0.2365,0.322-0.622,0.613,0.413,0.119
3315,312947,-2.0,30,90.0,0.5184,0.2366,0.5984,0.387,0.6095,0.9884,0.8514,0.4207,-0.3119,C,0.2037,0.322-0.622,0.613,0.413,0.119
3316,312961,-16.72,14,100.0,0.936,0.1108,0.8639,0.1654,0.4155,0.066,0.5217,0.4136,-0.1115,C,0.2353,0.322-0.622,0.613,0.413,0.119
3317,312981,-20.52,20,80.0,0.7327,0.1354,0.6704,0.3097,0.3978,0.2417,0.4944,0.4321,-0.2184,C,0.1746,0.322-0.622,0.614,0.414,0.119
3318,312996,-34.11,15,100.0,0.6374,0.2104,0.7252,0.4117,0.425,0.5748,0.8901,0.4416,-0.4157,C,0.2349,0.322-0.622,0.614,0.414,0.119
3319,313081,90.84,85,95.3,0.3742,0.2305,0.4509,0.4816,0.811,2.0249,0.8915,0.3776,-0.4355,C,0.2203,0.322-0.622,0.614,0.414,0.119
3320,313116,7.11,35,94.3,0.4634,0.2368,0.6393,0.3857,0.6519,1.3163,0.8959,0.4657,-0.3257,C,0.2294,0.322-0.622,0.614,0.414,0.119
3321,313141,-22.27,25,84.0,0.7376,0.1352,0.6899,0.3087,0.4528,0.4406,0.5142,0.4394,-0.262,C,0.2087,0.322-0.622,0.614,0.414,0.119
3322,313156,-26.08,15,80.0,0.9125,0.0578,0.7789,0.2151,0.4266,0.0319,0.2434,0.4157,-0.1481,C,0.1927,0.322-0.622,0.614,0.414,0.119
3323,313171,-20.08,15,93.3,0.5688,0.215,0.7621,0.3128,0.4059,0.998,0.8316,0.444,-0.2561,C,0.2008,0.322-0.622,0.614,0.414,0.119
3324,313187,-3.76,16,100.0,0.619,0.2198,0.7353,0.2671,0.4457,0.8365,0.9017,0.4422,-0.1764,C,0.2167,0.322-0.622,0.614,0.414,0.119
3325,313201,-18.06,14,100.0,0.7299,0.2035,0.7857,0.2817,0.4613,0.3204,0.8882,0.4672,-0.2065,C,0.2361,0.322-0.622,0.614,0.414,0.119
3326,313218,-16.08,17,100.0,0.6249,0.1976,0.741,0.339,0.4422,0.8182,0.8704,0.4206,-0.2769,C,0.2253,0.322-0.622,0.614,0.414,0.119
3327,313273,-33.5,55,87.3,0.5112,0.2133,0.6494,0.4262,0.5821,1.009,0.7792,0.2994,-0.4148,C,0.2069,0.322-0.622,0.614,0.414,0.119
3328,313287,-10.37,14,100.0,0.5769,0.212,0.7769,0.2739,0.4182,0.8186,0.904,0.3377,-0.2414,C,0.223,0.322-0.622,0.614,0.414,0.119
3329,313301,-47.37,14,0.0,0.0,0.0,0.8135,0.2497,0.4006,0.0,0.0,0.3935,-0.2591,C,0.2487,0.322-0.622,0.614,0.414,0.119
3330,313320,-6.39,19,100.0,0.6676,0.1931,0.7432,0.2702,0.4651,0.7728,0.8038,0.3852,-0.2169,C,0.1992,0.322-0.622,0.614,0.414,0.119
3331,313334,-4.6,14,92.9,0.7519,0.1774,0.7724,0.1827,0.4508,0.2049,0.7572,0.4694,-0.1038,C,0.2336,0.322-0.622,0.614,0.414,0.119
3332,313349,-20.66,15,80.0,0.875,0.0793,0.7584,0.2452,0.3716,0.034,0.3101,0.4501,-0.192,C,0.2234,0.322-0.622,0.614,0.414,0.119
3333,313367,-16.35,18,72.2,1.0455,0.0517,0.7621,0.2268,0.5631,0.0081,0.1903,0.3412,-0.1231,C,0.1955,0.322-0.622,0.614,0.414,0.119
3334,313461,-29.11,94,87.2,0.5723,0.2217,0.5118,0.4294,0.6664,0.8049,0.7365,0.2618,-0.3696,C,0.2343,0.322-0.622,0.615,0.415,0.119
3335,313476,-3.76,15,100.0,0.6372,0.1938,0.7394,0.244,0.438,0.7433,0.8034,0.4414,-0.1399,C,0.2495,0.322-0.622,0.615,0.415,0.119
3336,313533,-40.8,57,77.2,0.4299,0.2109,0.6338,0.3986,0.5328,1.2736,0.6133,0.2398,-0.3981,C,0.2341,0.322-0.622,0.615,0.415,0.119
3337,313585,-69.87,52,76.9,0.596,0.1841,0.5718,0.4531,0.6068,0.7927,0.5505,0.2171,-0.4567,C,0.2208,0.322-0.622,0.615,0.415,0.119
3338,313599,-23.85,14,92.9,0.8523,0.1155,0.8024,0.2813,0.4141,0.0839,0.5031,0.4034,-0.2772,C,0.2247,0.322-0.622,0.615,0.415,0.119
3339,313615,-4.16,16,93.8,0.524,0.2318,0.7728,0.2285,0.4534,1.0137,0.8583,0.3721,-0.1515,C,0.2039,0.322-0.622,0.615,0.415,0.119
3340,313630,-15.78,15,100.0,0.7658,0.1741,0.7763,0.3186,0.3851,0.2193,0.7803,0.3967,-0.2621,C,0.1848,0.322-0.622,0.615,0.415,0.119
3341,313644,-22.68,14,100.0,0.522,0.2215,0.7486,0.3395,0.4325,1.159,0.9158,0.43,-0.32,C,0.2456,0.322-0.622,0.615,0.415,0.119
3342,313710,98.45,66,93.9,0.2931,0.2209,0.6904,0.3232,0.6425,2.468,0.8695,0.3549,-0.2622,C,0.2336,0.322-0.622,0.615,0.415,0.119
3343,313735,-8.39,25,88.0,0.5571,0.2324,0.6011,0.3908,0.5922,0.7615,0.8121,0.4765,-0.3492,C,0.1972,0.322-0.622,0.615,0.415,0.119
3344,313750,-14.97,15,93.3,0.7274,0.1603,0.7307,0.2504,0.4044,0.2751,0.6985,0.4603,-0.1652,C,0.2271,0.322-0.622,0.615,0.415,0.119
3345,313765,-29.05,15,100.0,0.7837,0.1469,0.7491,0.3282,0.4037,0.3418,0.664,0.4179,-0.2694,C,0.1818,0.322-0.622,0.615,0.415,0.119
3346,313779,-16.39,14,100.0,0.8704,0.1427,0.8032,0.3026,0.4427,0.1831,0.6593,0.4524,-0.2629,C,0.1807,0.322-0.622,0.615,0.415,0.119
3347,313809,-7.7,30,86.7,0.5597,0.2074,0.5824,0.3652,0.5907,0.6918,0.7773,0.4024,-0.3043,C,0.1729,0.322-0.622,0.615,0.415,0.119
3348,313823,-7.0,14,92.9,0.7774,0.1167,0.7645,0.1912,0.3914,0.1462,0.5061,0.39,-0.1053,C,0.2426,0.322-0.622,0.615,0.415,0.119
3349,313838,-22.9,15,86.7,0.7124,0.1533,0.8262,0.2278,0.3558,0.2898,0.6005,0.3832,-0.1867,C,0.2466,0.322-0.622,0.615,0.415,0.119
3350,313857,-24.35,19,89.5,0.6381,0.1722,0.7477,0.3572,0.4556,0.7459,0.6652,0.3962,-0.3556,C,0.1799,0.322-0.622,0.615,0.415,0.119
3351,313871,-38.74,14,0.0,0.0,0.0,0.8044,0.2337,0.4012,0.0,0.0,0.4268,-0.1989,C,0.1814,0.322-0.622,0.615,0.415,0.119
3352,313922,-34.85,51,82.4,0.5499,0.1941,0.5835,0.3872,0.5064,0.851,0.6592,0.209,-0.3256,C,0.2366,0.322-0.622,0.616,0.416,0.119
3353,313937,-23.28,15,100.0,0.8685,0.132,0.7661,0.2573,0.4418,0.0824,0.6135,0.4361,-0.2553,C,0.2332,0.322-0.622,0.616,0.416,0.119
3354,313954,-16.27,17,76.5,0.6675,0.173,0.731,0.282,0.3649,0.2848,0.597,0.4557,-0.1885,C,0.1703,0.322-0.622,0.616,0.416,0.119
3355,313971,-10.0,17,94.1,0.6978,0.187,0.6769,0.2418,0.4562,0.3183,0.7979,0.4516,-0.142,C,0.1887,0.322-0.622,0.616,0.416,0.119
3356,313985,-14.4,14,92.9,0.8344,0.1246,0.847,0.1387,0.3241,0.16,0.528,0.4339,-0.0767,C,0.2321,0.322-0.622,0.616,0.416,0.119
3357,314002,-7.75,17,100.0,0.7783,0.1814,0.7522,0.2202,0.4796,0.2447,0.7995,0.4363,-0.1153,C,0.2268,0.322-0.622,0.616,0.416,0.119
3358,314016,-5.73,14,100.0,0.7546,0.1669,0.8437,0.1882,0.4143,0.3407,0.7567,0.3741,-0.1177,C,0.1797,0.322-0.622,0.616,0.416,0.119
3359,314030,-20.43,14,0.0,0.0,0.0,0.871,0.1452,0.423,0.0,0.0,0.4502,-0.0771,C,0.207,0.322-0.622,0.616,0.416,0.119
3360,314044,-14.91,14,78.6,0.8449,0.1198,0.8148,0.2215,0.4527,0.0614,0.4409,0.4248,-0.1767,C,0.1762,0.322-0.622,0.616,0.416,0.119
3361,314059,-14.05,15,100.0,0.6486,0.1888,0.6886,0.2442,0.415,0.8307,0.7871,0.4141,-0.1302,C,0.2346,0.322-0.622,0.616,0.416,0.119
3362,314074,-15.04,15,100.0,0.6835,0.2084,0.7743,0.2339,0.4435,0.4259,0.8941,0.4422,-0.1495,C,0.172,0.322-0.622,0.616,0.416,0.119
3363,314099,-8.76,25,92.0,0.5611,0.217,0.6221,0.3888,0.5604,1.0413,0.7939,0.3721,-0.3505,C,0.1772,0.322-0.622,0.616,0.416,0.119
3364,314143,19.21,44,88.6,0.4293,0.2085,0.708,0.3371,0.569,1.6275,0.7721,0.329,-0.2842,C,0.2403,0.322-0.622,0.616,0.416,0.119
3365,314160,-21.41,17,94.1,0.7394,0.1648,0.7228,0.2801,0.4448,0.2643,0.7131,0.4367,-0.2238,C,0.1839,0.322-0.622,0.616,0.416,0.119
3366,314190,7.03,30,86.7,0.564,0.1937,0.7299,0.2195,0.5343,0.8914,0.748,0.264,-0.1372,C,0.1906,0.322-0.622,0.616,0.416,0.119
3367,314204,-29.17,14,100.0,0.8504,0.1383,0.8431,0.2849,0.3975,0.119,0.6355,0.4209,-0.3347,C,0.1882,0.322-0.622,0.616,0.416,0.119
3368,314218,-30.37,14,85.7,0.9074,0.0509,0.7589,0.3029,0.4314,0.0284,0.239,0.4247,-0.2959,C,0.2488,0.322-0.622,0.616,0.416,0.119
3369,314298,20.13,80,93.8,0.3926,0.253,0.5402,0.4726,0.746,1.7028,0.7933,0.361,-0.4652,C,0.1744,0.322-0.622,0.616,0.416,0.119
3370,314321,-4.03,23,91.3,0.4874,0.2398,0.6781,0.3451,0.5165,1.3261,0.8402,0.3605,-0.2831,C,0.237,0.322-0.622,0.616,0.416,0.119
3371,314336,-8.13,15,100.0,0.62,0.1901,0.7556,0.2313,0.4045,0.8389,0.845,0.3705,-0.1328,C,0.23,0.322-0.622,0.616,0.416,0.119
3372,314350,-22.92,14,100.0,0.558,0.195,0.8461,0.3069,0.3733,1.0915,0.8606,0.4255,-0.3352,C,0.2017,0.322-0.622,0.616,0.416,0.119
3373,314365,-32.42,15,80.0,0.8705,0.0695,0.7422,0.2743,0.3932,0.0403,0.2783,0.4323,-0.2061,C,0.1947,0.322-0.622,0.616,0.416,0.119
3374,314400,3.65,35,94.3,0.5301,0.1781,0.7355,0.2612,0.5542,1.0568,0.771,0.294,-0.1817,C,0.2296,0.322-0.622,0.617,0.417,0.119
3375,314415,-10.18,15,86.7,0.6599,0.2121,0.7255,0.2677,0.3685,0.4152,0.7764,0.4789,-0.1915,C,0.1767,0.322-0.622,0.617,0.417,0.119
3376,314429,-20.03,14,71.4,0.9136,0.0646,0.7778,0.2061,0.3916,0.0237,0.2226,0.4741,-0.1015,C,0.239,0.322-0.622,0.617,0.417,0.119
3377,314443,-11.4,14,92.9,0.9801,0.0629,0.8317,0.1756,0.3924,0.0266,0.3014,0.3768,-0.1026,C,0.2481,0.322-0.622,0.617,0.417,0.119
3378,314458,-29.79,15,0.0,0.0,0.0,0.7636,0.2753,0.4186,0.0,0.0,0.4112,-0.1649,C,0.2339,0.322-0.622,0.617,0.417,0.119
3379,314475,-28.84,17,94.1,0.696,0.1883,0.6969,0.3208,0.4274,0.3968,0.7723,0.3985,-0.2741,C,0.2004,0.322-0.622,0.617,0.417,0.119
3380,314490,-12.41,15,100.0,0.7447,0.1569,0.7387,0.2565,0.4406,0.4253,0.7088,0.3732,-0.1783,C,0.1757,0.322-0.622,0.617,0.417,0.119
3381,314506,-13.15,16,100.0,0.6959,0.1611,0.7434,0.283,0.4118,0.6561,0.7153,0.457,-0.2076,C,0.2487,0.322-0.622,0.617,0.417,0.119
3382,314522,-21.53,16,81.2,0.7755,0.1152,0.7044,0.2586,0.3984,0.1082,0.4394,0.4656,-0.1633,C,0.1988,0.322-0.622,0.617,0.417,0.119
3383,314535,-5.85,13,84.6,0.9417,0.0892,0.8989,0.1093,0.4446,0.0364,0.3587,0.4002,-0.0507,C,0.1754,0.322-0.622,0.617,0.417,0.119
3384,314549,-23.01,14,100.0,0.7763,0.1629,0.7685,0.2446,0.4119,0.2577,0.7249,0.4252,-0.1863,C,0.2075,0.322-0.622,0.617,0.417,0.119
3385,314624,-118.62,75,61.3,0.5149,0.18,0.6215,0.4228,0.5534,0.573,0.4295,0.1699,-0.4272,C,0.2152,0.322-0.622,0.617,0.417,0.12
3386,314710,-154.1,86,50.0,0.4591,0.2178,0.6418,0.4396,0.4774,0.8882,0.4124,0.1816,-0.4779,C,0.2144,0.322-0.622,0.617,0.417,0.12
3387,314724,-4.51,14,100.0,0.722,0.1899,0.7885,0.1608,0.4435,0.4405,0.8208,0.3888,-0.0788,C,0.1931,0.322-0.622,0.617,0.417,0.12
3388,314737,-3.42,13,100.0,0.7608,0.1791,0.798,0.177,0.4346,0.1774,0.8217,0.4264,-0.0932,C,0.2168,0.322-0.622,0.617,0.417,0.12
3389,314751,-24.63,14,92.9,0.7685,0.1529,0.7647,0.256,0.3818,0.1456,0.654,0.4126,-0.2185,C,0.229,0.322-0.622,0.617,0.417,0.12
3390,314791,-6.68,40,95.0,0.5172,0.2152,0.511,0.4536,0.7134,1.0057,0.8784,0.4427,-0.4079,C,0.2256,0.322-0.622,0.617,0.417,0.12
3391,314805,-25.98,14,57.1,1.0744,0.016,0.811,0.2065,0.4379,0.0035,0.0863,0.4449,-0.1462,C,0.205,0.322-0.622,0.617,0.417,0.12
3392,314820,-17.98,15,93.3,0.5399,0.2125,0.7698,0.3568,0.3902,1.1769,0.8162,0.3806,-0.3603,C,0.1926,0.322-0.622,0.617,0.417,0.12
3393,314834,-22.05,14,85.7,0.8662,0.106,0.8303,0.2144,0.3766,0.0494,0.4202,0.3885,-0.1782,C,0.1699,0.322-0.622,0.617,0.417,0.12
3394,314917,-40.29,83,97.6,0.6237,0.1967,0.4858,0.4712,0.8534,0.4601,0.8567,0.4674,-0.4498,C,0.1927,0.322-0.622,0.618,0.418,0.12
3395,314933,-16.61,16,100.0,0.6163,0.1956,0.7531,0.2631,0.4762,0.9125,0.8382,0.3584,-0.173,C,0.239,0.322-0.622,0.618,0.418,0.12
3396,315010,-180.28,77,74.0,0.6344,0.1573,0.6949,0.3976,0.4042,0.6036,0.469,0.106,-0.4524,C,0.183,0.322-0.622,0.618,0.418,0.12
3397,315029,-10.09,19,89.5,0.4685,0.2125,0.7094,0.3427,0.448,1.3199,0.8229,0.4092,-0.3039,C,0.246,0.322-0.622,0.618,0.418,0.12
3398,315052,-15.62,23,91.3,0.5225,0.2288,0.6132,0.4137,0.5034,1.0268,0.8225,0.4205,-0.3908,C,0.1989,0.322-0.622,0.618,0.418,0.12
3399,315066,-27.79,14,92.9,0.8657,0.078,0.7518,0.3495,0.383,0.058,0.3555,0.3852,-0.3237,C,0.1888,0.322-0.622,0.618,0.418,0.12
3400,315086,-18.91,20,95.0,0.7211,0.1564,0.7357,0.298,0.4402,0.7442,0.6624,0.4218,-0.2905,C,0.2491,0.322-0.622,0.618,0.418,0.12
3401,315101,-4.8,15,100.0,0.553,0.2316,0.7886,0.2109,0.4382,0.9854,0.8903,0.3797,-0.0952,C,0.2007,0.322-0.622,0.618,0.418,0.12
3402,315114,-17.61,13,0.0,0.0,0.0,0.8696,0.1259,0.4381,0.0,0.0,0.3798,-0.0348,C,0.2328,0.322-0.622,0.618,0.418,0.12
3403,315190,-131.69,76,48.7,0.5394,0.2094,0.6743,0.3865,0.4993,0.5038,0.367,0.1611,-0.401,C,0.2068,0.322-0.622,0.618,0.418,0.12
3404,315205,-13.17,15,93.3,0.7632,0.1343,0.764,0.2385,0.3854,0.1882,0.572,0.392,-0.1468,C,0.1908,0.322-0.622,0.618,0.418,0.12
3405,315220,-15.1,15,100.0,0.7214,0.1809,0.7518,0.2346,0.4091,0.5878,0.776,0.4861,-0.1386,C,0.223,0.322-0.622,0.618,0.418,0.12
3406,315385,-477.74,165,46.1,0.4867,0.1428,0.7302,0.3411,0.361,0.6186,0.2689,0.0979,-0.3681,C,0.1914,0.322-0.622,0.619,0.419,0.12
3407,315403,-22.97,18,100.0,0.5267,0.2236,0.6906,0.4322,0.4812,1.3197,0.892,0.4089,-0.4542,C,0.1927,0.322-0.622,0.619,0.419,0.12
3408,315421,-8.44,18,88.9,0.7146,0.1802,0.7627,0.2976,0.5536,0.3601,0.7173,0.3881,-0.2414,C,0.2433,0.322-0.622,0.619,0.419,0.12
3409,315435,-20.82,14,78.6,0.7705,0.1545,0.8646,0.2624,0.4181,0.129,0.5635,0.4243,-0.2645,C,0.2155,0.322-0.622,0.619,0.419,0.12
3410,315448,-18.76,13,0.0,0.0,0.0,0.88,0.1425,0.4678,0.0,0.0,0.4148,-0.0617,C,0.2208,0.322-0.622,0.619,0.419,0.12
3411,315617,-498.69,169,28.4,0.5761,0.1372,0.7833,0.2853,0.3461,0.2908,0.1738,0.0808,-0.3014,C,0.2073,0.322-0.622,0.619,0.419,0.12
3412,315632,-19.87,15,86.7,0.7444,0.1669,0.7612,0.2748,0.3844,0.1786,0.6575,0.3129,-0.2281,C,0.1875,0.322-0.622,0.619,0.419,0.12
3413,315649,-16.09,17,100.0,0.6377,0.1544,0.6062,0.3401,0.447,0.8492,0.6927,0.4515,-0.2776,C,0.2428,0.322-0.622,0.619,0.419,0.12
3414,315665,-8.64,16,100.0,0.6396,0.196,0.7007,0.3023,0.4372,0.6621,0.8426,0.4106,-0.1997,C,0.2427,0.322-0.622,0.619,0.419,0.12
3415,315680,-16.16,15,100.0,0.8457,0.156,0.7805,0.2303,0.4196,0.1423,0.7166,0.3973,-0.1324,C,0.2239,0.322-0.622,0.619,0.419,0.12
3416,315734,18.76,54,90.7,0.543,0.2104,0.7267,0.2792,0.5596,0.8674,0.8057,0.3449,-0.2141,C,0.1935,0.322-0.622,0.619,0.419,0.12
3417,315750,-28.41,16,100.0,0.7108,0.1617,0.7646,0.3154,0.4149,0.6227,0.6988,0.3909,-0.2641,C,0.2316,0.322-0.622,0.619,0.419,0.12
3418,315765,-18.93,15,100.0,0.7465,0.1541,0.8104,0.2207,0.3672,0.7357,0.6807,0.4398,-0.1864,C,0.1942,0.322-0.622,0.619,0.419,0.12
3419,315783,-20.2,18,100.0,0.6938,0.2013,0.685,0.3866,0.533,0.3187,0.8879,0.4308,-0.3379,C,0.1753,0.322-0.622,0.62,0.42,0.12
3420,315928,-535.52,145,27.6,0.38,0.1631,0.747,0.353,0.2492,0.5745,0.1745,0.0423,-0.4025,C,0.1745,0.322-0.622,0.62,0.42,0.12
3421,315942,-41.03,14,0.0,0.0,0.0,0.7669,0.3203,0.4195,0.0,0.0,0.3474,-0.2776,C,0.2217,0.322-0.622,0.62,0.42,0.12
3422,315957,-12.93,15,80.0,0.9022,0.0653,0.816,0.1961,0.3913,0.0267,0.2659,0.4126,-0.1282,C,0.1951,0.322-0.622,0.62,0.42,0.12
3423,316040,-177.5,83,42.2,0.4772,0.1719,0.667,0.3791,0.4434,0.5738,0.282,0.0926,-0.3928,C,0.2438,0.322-0.622,0.62,0.42,0.12
3424,316055,-4.43,15,93.3,0.7676,0.1599,0.8007,0.1705,0.4472,0.1669,0.6898,0.3528,-0.0738,C,0.2434,0.322-0.622,0.62,0.42,0.12
3425,316071,-28.33,16,81.2,0.8123,0.0992,0.7556,0.3358,0.3644,0.0688,0.3881,0.4156,-0.2951,C,0.245,0.322-0.622,0.62,0.42,0.12
3426,316228,-581.13,157,21.0,0.6444,0.1353,0.7583,0.3179,0.3484,0.1028,0.1277,0.0542,-0.3485,C,0.2048,0.322-0.622,0.62,0.42,0.12
3427,316242,-6.58,14,85.7,0.8643,0.1124,0.8585,0.1595,0.422,0.0719,0.4573,0.4321,-0.0707,C,0.2367,0.322-0.622,0.621,0.421,0.12
3428,316258,-26.13,16,93.8,0.6567,0.1906,0.6611,0.3343,0.3974,0.6466,0.7826,0.4114,-0.2767,C,0.2257,0.322-0.622,0.621,0.421,0.12
3429,316281,-15.79,23,95.7,0.7181,0.1669,0.7121,0.3212,0.5009,0.5015,0.6817,0.3404,-0.2625,C,0.2075,0.322-0.622,0.621,0.421,0.12
3430,316296,-8.68,15,100.0,0.852,0.1482,0.7989,0.1727,0.4114,0.2439,0.6698,0.4307,-0.0626,C,0.2461,0.322-0.622,0.621,0.421,0.12
3431,316310,-8.71,14,100.0,0.7833,0.1705,0.8259,0.2214,0.4404,0.3842,0.7417,0.3974,-0.1678,C,0.2394,0.322-0.622,0.621,0.421,0.12
3432,316490,-532.5,180,21.7,0.2919,0.2105,0.7484,0.3054,0.4692,0.5748,0.1673,0.0629,-0.3091,C,0.2476,0.322-0.622,0.621,0.421,0.12
3433,316510,-18.32,20,90.0,0.6487,0.1921,0.6191,0.3855,0.5184,0.371,0.7727,0.4392,-0.3329,C,0.2232,0.322-0.622,0.621,0.421,0.12
3434,316527,-9.33,17,94.1,0.6337,0.2122,0.7483,0.2399,0.4661,0.6207,0.8535,0.3669,-0.1373,C,0.1996,0.322-0.622,0.621,0.421,0.12
3435,316542,-19.56,15,100.0,0.6659,0.1826,0.7182,0.276,0.3438,0.8224,0.8119,0.3632,-0.208,C,0.2028,0.322-0.622,0.621,0.421,0.12
3436,316560,-22.6,18,83.3,0.6267,0.1848,0.692,0.3457,0.4659,0.3848,0.6989,0.4469,-0.2943,C,0.2376,0.322-0.622,0.621,0.421,0.12
3437,316728,-601.74,168,20.2,1.1501,0.0396,0.7982,0.286,0.4753,0.0006,0.0457,0.0328,-0.3,C,0.1933,0.322-0.622,0.622,0.422,0.12
3438,316742,-28.2,14,0.0,0.0,0.0,0.7932,0.1377,0.4506,0.0,0.0,0.3778,-0.0459,C,0.2019,0.322-0.622,0.622,0.422,0.12
3439,316757,-12.98,15,86.7,0.7446,0.1315,0.7894,0.2129,0.3894,0.191,0.5193,0.4444,-0.1416,C,0.1767,0.322-0.622,0.622,0.422,0.12
3440,316772,-27.49,15,100.0,0.6789,0.155,0.7596,0.3007,0.3973,0.6395,0.6962,0.3572,-0.2397,C,0.183,0.322-0.622,0.622,0.422,0.12
3441,316787,-11.72,15,100.0,0.7285,0.1807,0.7617,0.256,0.4388,0.4997,0.7839,0.4516,-0.1318,C,0.2088,0.322-0.622,0.622,0.422,0.12
3442,316958,233.27,171,97.7,0.3754,0.1796,0.4352,0.4335,0.9045,2.0874,0.8133,0.3433,-0.3868,C,0.249,0.322-0.622,0.622,0.422,0.12
3443,316992,-24.59,34,94.1,0.6925,0.1649,0.5938,0.3824,0.7093,0.2776,0.7208,0.3886,-0.3237,C,0.185,0.322-0.622,0.622,0.422,0.12
3444,317008,-21.67,16,100.0,0.7557,0.1432,0.7189,0.3119,0.3625,0.3145,0.6648,0.3118,-0.2558,C,0.2122,0.322-0.622,0.622,0.422,0.12
3445,317023,-16.57,15,86.7,0.8061,0.0966,0.727,0.1994,0.3861,0.0856,0.4041,0.4122,-0.1125,C,0.1869,0.322-0.622,0.622,0.422,0.12
3446,317039,-13.38,16,100.0,0.6791,0.1896,0.8268,0.2212,0.4185,0.6557,0.8179,0.4136,-0.2002,C,0.2204,0.322-0.622,0.622,0.422,0.12
3447,317216,-530.97,177,19.8,0.5728,0.1424,0.748,0.2535,0.5038,0.1287,0.1297,0.0429,-0.2216,C,0.2192,0.322-0.622,0.623,0.423,0.12
3448,317229,-15.52,13,100.0,0.8906,0.0799,0.8382,0.1501,0.4306,0.0714,0.3946,0.421,-0.1102,C,0.2316,0.322-0.622,0.623,0.423,0.12
3449,317247,-28.38,18,100.0,0.7642,0.1549,0.6849,0.3317,0.4419,0.3097,0.7043,0.4046,-0.264,C,0.247,0.322-0.622,0.623,0.423,0.12
3450,317261,-18.19,14,100.0,0.7139,0.1575,0.7791,0.273,0.3995,0.679,0.7008,0.4196,-0.2606,C,0.2426,0.322-0.622,0.623,0.423,0.12
3451,317427,-484.35,166,23.5,0.6321,0.126,0.7784,0.2563,0.5214,0.1116,0.1381,0.0564,-0.235,C,0.1953,0.322-0.622,0.623,0.423,0.121
3452,317460,-12.73,33,97.0,0.6799,0.1721,0.5742,0.364,0.6032,0.379,0.7445,0.4752,-0.2748,C,0.1838,0.322-0.622,0.623,0.423,0.121
3453,317638,-497.23,178,25.3,0.6294,0.1464,0.8073,0.2306,0.5059,0.2243,0.1642,0.0468,-0.2373,C,0.2237,0.322-0.622,0.624,0.424,0.121
3454,317655,-28.39,17,82.4,0.8156,0.1212,0.7037,0.3259,0.484,0.0719,0.4727,0.4559,-0.2634,C,0.1809,0.322-0.622,0.624,0.424,0.121
3455,317804,-477.56,149,15.4,1.1823,0.0187,0.7154,0.3155,0.5896,0.0001,0.0242,0.0474,-0.3116,C,0.2084,0.322-0.622,0.624,0.424,0.121
3456,317854,3.74,50,96.0,0.5464,0.1966,0.7484,0.3234,0.6857,0.9642,0.8032,0.4212,-0.3048,C,0.2087,0.322-0.622,0.624,0.424,0.121
3457,318020,-424.25,166,25.9,0.8742,0.1104,0.8042,0.2191,0.548,0.0171,0.1352,0.054,-0.2009,C,0.1771,0.322-0.622,0.624,0.424,0.121
3458,318089,-14.15,69,94.2,0.4773,0.2078,0.5185,0.4968,0.8302,1.0994,0.858,0.3904,-0.4898,C,0.2333,0.322-0.622,0.624,0.424,0.121
3459,318301,-527.55,212,16.5,0.6353,0.2187,0.7985,0.1938,0.4649,0.1058,0.1396,0.0672,-0.1467,C,0.2347,0.322-0.622,0.625,0.425,0.121
3460,318340,5.6,39,97.4,0.5298,0.2299,0.7402,0.2904,0.5996,0.982,0.9161,0.3879,-0.2338,C,0.1908,0.322-0.622,0.625,0.425,0.121
3461,318354,-15.09,14,100.0,0.7222,0.1667,0.6974,0.3051,0.4547,0.4946,0.7251,0.4051,-0.2555,C,0.2086,0.322-0.622,0.625,0.425,0.121
3462,318572,-761.56,218,19.7,0.4222,0.1784,0.7799,0.2654,0.4343,0.2855,0.1485,0.047,-0.2774,C,0.2308,0.322-0.622,0.626,0.426,0.121
3463,318586,-17.45,14,85.7,0.8666,0.0658,0.8409,0.1348,0.3505,0.0431,0.2922,0.4306,-0.0655,C,0.1964,0.322-0.622,0.626,0.426,0.121
3464,318781,-574.64,195,20.5,0.4658,0.1564,0.8263,0.2479,0.4415,0.3458,0.1279,0.0509,-0.2591,C,0.1806,0.322-0.622,0.626,0.426,0.121
3465,318985,-638.97,204,18.1,0.8464,0.0992,0.7625,0.2533,0.5225,0.0168,0.0865,0.0459,-0.2235,C,0.2365,0.322-0.622,0.626,0.426,0.121
3466,319003,-9.82,18,88.9,0.6625,0.2036,0.6917,0.2892,0.4265,0.5181,0.7671,0.4159,-0.1999,C,0.2267,0.322-0.622,0.626,0.426,0.121
3467,319218,-646.56,215,22.8,0.5871,0.1543,0.7764,0.2511,0.4736,0.1239,0.1535,0.0471,-0.2144,C,0.1854,0.322-0.622,0.627,0.427,0.121
3468,319398,-462.02,180,23.3,0.5355,0.1775,0.7845,0.2342,0.5009,0.2752,0.1564,0.044,-0.199,C,0.1734,0.322-0.622,0.627,0.427,0.121
3469,319413,-9.52,15,100.0,0.59,0.2042,0.7244,0.2554,0.4101,0.8046,0.9022,0.3228,-0.1775,C,0.2204,0.322-0.622,0.627,0.427,0.121
3470,319613,-523.79,200,21.5,0.3429,0.1966,0.7382,0.2878,0.5449,0.4528,0.1687,0.0775,-0.2708,C,0.1779,0.322-0.622,0.628,0.428,0.121
3471,319628,-19.72,15,86.7,0.7708,0.1529,0.753,0.2617,0.4481,0.1163,0.6173,0.4618,-0.1975,C,0.1745,0.322-0.622,0.628,0.428,0.121
3472,319864,-725.37,236,16.1,0.6872,0.1353,0.7749,0.2252,0.4575,0.0573,0.1008,0.031,-0.1626,C,0.216,0.322-0.622,0.628,0.428,0.121
3473,319884,1.81,20,95.0,0.519,0.2163,0.6834,0.3132,0.5182,1.2492,0.8406,0.4124,-0.2296,C,0.2374,0.322-0.622,0.628,0.428,0.121
3474,319905,-10.64,21,90.5,0.5198,0.2194,0.7044,0.3338,0.4936,1.1341,0.8094,0.4109,-0.2954,C,0.1947,0.322-0.622,0.628,0.428,0.121
3475,320121,-531.14,216,16.2,0.3959,0.1753,0.775,0.2076,0.4485,0.3406,0.1108,0.0431,-0.1443,C,0.1972,0.322-0.622,0.629,0.429,0.121
3476,320306,-513.22,185,23.2,0.6375,0.1191,0.7745,0.2679,0.544,0.1479,0.1327,0.0495,-0.2479,C,0.2046,0.322-0.622,0.629,0.429,0.122
3477,320490,-512.6,184,25.5,0.8435,0.1656,0.6908,0.3096,0.5327,0.0201,0.1897,0.0612,-0.2583,C,0.2378,0.322-0.622,0.63,0.43,0.122
3478,320505,-6.92,15,100.0,0.5984,0.2063,0.7333,0.2848,0.4224,0.9509,0.8718,0.3687,-0.2031,C,0.1735,0.322-0.622,0.63,0.43,0.122
3479,320746,-771.5,241,17.0,0.8263,0.0374,0.7787,0.2294,0.4432,0.0268,0.037,0.0363,-0.1788,C,0.2267,0.322-0.622,0.63,0.43,0.122
3480,320959,-658.77,213,17.4,0.6621,0.1398,0.713,0.2785,0.5016,0.0712,0.1125,0.0525,-0.2221,C,0.2067,0.322-0.622,0.631,0.431,0.122
3481,320977,-3.94,18,94.4,0.6042,0.2117,0.7411,0.2474,0.4428,0.9189,0.8482,0.2949,-0.1491,C,0.2268,0.322-0.622,0.631,0.431,0.122
3482,321003,-39.31,26,84.6,0.6742,0.1533,0.6947,0.3631,0.4295,0.5819,0.5796,0.3978,-0.3123,C,0.2395,0.322-0.622,0.631,0.431,0.122
3483,321198,-476.89,195,16.9,0.5138,0.1771,0.7393,0.2589,0.4998,0.2092,0.1198,0.0463,-0.195,C,0.1793,0.322-0.622,0.631,0.431,0.122
3484,321213,-16.95,15,93.3,0.7986,0.1422,0.7676,0.2848,0.3756,0.1648,0.6009,0.4448,-0.2306,C,0.2323,0.322-0.622,0.631,0.431,0.122
3485,321398,-516.11,185,22.2,0.7841,0.0951,0.7266,0.2939,0.54,0.0524,0.1018,0.0549,-0.2485,C,0.1757,0.322-0.622,0.632,0.432,0.122
3486,321575,-466.78,177,26.0,0.649,0.1263,0.7403,0.2822,0.4652,0.13,0.1398,0.0592,-0.2403,C,0.1964,0.322-0.622,0.632,0.432,0.122
3487,321596,-9.81,21,90.5,0.4754,0.226,0.62,0.4222,0.5325,1.4294,0.8116,0.4347,-0.3895,C,0.2154,0.322-0.622,0.632,0.432,0.122
3488,321805,-609.67,209,9.1,1.2015,0.0092,0.7059,0.2544,0.4721,0.0001,0.0122,0.0393,-0.1733,C,0.2182,0.322-0.622,0.632,0.432,0.122
3489,322012,-607.73,207,8.2,1.0911,0.0407,0.7125,0.2873,0.4791,0.0009,0.0185,0.0512,-0.2175,C,0.2049,0.322-0.622,0.633,0.433,0.122
3490,322251,-462.67,239,43.5,0.5636,0.2169,0.6237,0.371,0.6189,0.4634,0.3765,0.1399,-0.3262,C,0.2429,0.322-0.622,0.633,0.433,0.122
3491,322452,-630.5,201,0.0,0.0,0.0,0.7051,0.2946,0.5051,0.0,0.0,0.0505,-0.2364,C,0.1757,0.322-0.622,0.634,0.434,0.122
3492,322692,-837.49,240,12.1,0.5661,0.0816,0.7066,0.3075,0.4099,0.1469,0.0491,0.0347,-0.2602,C,0.1836,0.322-0.622,0.634,0.434,0.122
3493,322872,-479.2,180,20.0,0.7461,0.1272,0.6823,0.2985,0.5438,0.0325,0.1204,0.0601,-0.2379,C,0.1921,0.322-0.622,0.635,0.435,0.122
3494,323063,-640.68,191,8.4,0.9617,0.051,0.7107,0.3155,0.4871,0.0041,0.022,0.0488,-0.2717,C,0.1918,0.322-0.622,0.635,0.435,0.123
3495,323246,-585.74,183,18.6,1.0198,0.0357,0.661,0.3525,0.4981,0.0017,0.039,0.0558,-0.3137,C,0.2376,0.322-0.622,0.636,0.436,0.123
3496,323446,-605.8,200,7.5,0.9668,0.0717,0.6889,0.3117,0.4825,0.0011,0.0263,0.0618,-0.2491,C,0.1731,0.322-0.622,0.636,0.436,0.123
3497,323635,-531.92,189,20.6,0.5996,0.1909,0.6929,0.3225,0.5215,0.1638,0.1568,0.0593,-0.2791,C,0.2209,0.322-0.622,0.636,0.436,0.123
3498,323832,-694.91,197,19.8,0.7994,0.0822,0.6395,0.394,0.529,0.0531,0.0771,0.0572,-0.3667,C,0.185,0.322-0.622,0.637,0.437,0.123
3499,324032,-565.44,200,5.0,1.0888,0.0091,0.7115,0.3024,0.446,0.0003,0.0067,0.0671,-0.2372,C,0.2477,0.322-0.622,0.637,0.437,0.123
3500,324046,-19.41,14,100.0,0.753,0.1496,0.7043,0.2686,0.3842,0.2697,0.681,0.4053,-0.2291,C,0.2167,0.322-0.622,0.637,0.437,0.123
3501,324234,-433.17,188,29.3,0.4899,0.102,0.7149,0.2897,0.4594,0.4263,0.1443,0.0586,-0.2329,C,0.2221,0.322-0.622,0.638,0.438,0.123
3502,324439,-694.87,205,19.0,0.9185,0.072,0.6663,0.3528,0.5093,0.0075,0.0654,0.0495,-0.2997,C,0.2383,0.322-0.622,0.638,0.438,0.123
3503,324647,-631.55,208,13.9,0.8372,0.1495,0.6398,0.3285,0.4394,0.0189,0.0943,0.0573,-0.26,C,0.2312,0.322-0.622,0.639,0.439,0.123
3504,324662,-10.53,15,100.0,0.9233,0.1076,0.6917,0.2317,0.3999,0.0594,0.5056,0.4859,-0.1521,C,0.2455,0.322-0.622,0.639,0.439,0.123
3505,324856,-564.07,194,24.2,0.595,0.1595,0.6434,0.3723,0.5255,0.2107,0.1668,0.0823,-0.3276,C,0.1809,0.322-0.622,0.639,0.439,0.123
3506,325055,-643.56,199,2.0,0.96,0.0073,0.6604,0.3352,0.4687,0.0003,0.0026,0.0724,-0.2791,C,0.2189,0.322-0.622,0.639,0.439,0.123
3507,325069,-16.65,14,100.0,0.8082,0.1537,0.7126,0.3009,0.4283,0.1084,0.7186,0.4851,-0.2575,C,0.2472,0.322-0.622,0.639,0.439,0.123
3508,325257,-698.86,188,30.9,0.95,0.1014,0.649,0.4119,0.5265,0.0088,0.1473,0.0607,-0.4068,C,0.2435,0.322-0.622,0.64,0.44,0.123
3509,325456,-621.17,199,8.0,0.8367,0.0552,0.6355,0.3219,0.4877,0.0054,0.0228,0.065,-0.2553,C,0.2379,0.322-0.622,0.64,0.44,0.123
3510,325643,-591.76,187,18.7,0.6926,0.0311,0.5688,0.4131,0.6275,0.2125,0.0362,0.0863,-0.374,C,0.2128,0.322-0.622,0.641,0.441,0.123
3511,325660,-31.36,17,88.2,0.6847,0.148,0.7192,0.3664,0.4075,0.5335,0.5865,0.3305,-0.3803,C,0.1957,0.322-0.622,0.641,0.441,0.123
3512,325865,-608.54,205,26.8,0.8772,0.0839,0.6318,0.3701,0.504,0.0179,0.1101,0.0897,-0.3277,C,0.2149,0.322-0.622,0.641,0.441,0.124
3513,326058,-641.13,193,10.4,0.8567,0.0356,0.6322,0.3661,0.5196,0.0055,0.0216,0.0641,-0.3152,C,0.2433,0.322-0.622,0.642,0.442,0.124
3514,326246,-643.17,188,36.7,1.0871,0.0501,0.5892,0.4365,0.5706,0.0033,0.0962,0.0762,-0.4136,C,0.2436,0.322-0.622,0.642,0.442,0.124
3515,326439,-480.39,193,27.5,0.3318,0.2012,0.6735,0.3574,0.4672,0.5966,0.2031,0.0836,-0.3353,C,0.1817,0.322-0.622,0.642,0.442,0.124
3516,326631,-694.72,192,20.8,0.8667,0.0529,0.5965,0.4294,0.5539,0.0187,0.0613,0.0669,-0.4011,C,0.2191,0.322-0.622,0.643,0.443,0.124
3517,326820,-521.56,189,23.8,0.644,0.1095,0.6668,0.359,0.4897,0.1615,0.1234,0.0747,-0.3067,C,0.2131,0.322-0.622,0.643,0.443,0.124
3518,327014,-505.33,194,25.8,0.4649,0.1967,0.5986,0.403,0.5729,0.3323,0.188,0.1065,-0.3519,C,0.1964,0.322-0.622,0.644,0.444,0.124
3519,327199,-612.46,185,10.3,0.9143,0.0442,0.5961,0.3989,0.5944,0.0039,0.0251,0.0789,-0.3631,C,0.2191,0.322-0.622,0.644,0.444,0.124
3520,327374,-413.19,175,15.4,0.8813,0.0593,0.6544,0.2978,0.5407,0.0106,0.0459,0.0948,-0.2092,C,0.1767,0.322-0.622,0.644,0.444,0.124
3521,327389,-13.94,15,93.3,0.5597,0.1683,0.7644,0.2615,0.3781,0.996,0.7061,0.4552,-0.1643,C,0.2412,0.322-0.622,0.644,0.444,0.124
3522,327407,-34.73,18,94.4,0.7382,0.1942,0.5718,0.3995,0.4582,0.2525,0.8063,0.2865,-0.3595,C,0.1953,0.322-0.622,0.644,0.444,0.124
3523,327592,-407.24,185,30.3,0.5297,0.1558,0.6291,0.3623,0.489,0.3655,0.1829,0.1106,-0.2987,C,0.2328,0.322-0.622,0.645,0.445,0.124
3524,327758,-540.39,166,36.1,0.7433,0.0705,0.5862,0.4586,0.642,0.0721,0.1253,0.0991,-0.4601,C,0.1916,0.322-0.622,0.645,0.445,0.124
3525,327940,-580.7,182,38.5,0.9587,0.0906,0.5998,0.4054,0.4742,0.0114,0.1693,0.0663,-0.3559,C,0.2381,0.322-0.622,0.646,0.446,0.124
3526,328134,-631.5,194,13.4,1.0584,0.0226,0.6381,0.3585,0.5006,0.0007,0.0225,0.0518,-0.3123,C,0.206,0.322-0.622,0.646,0.446,0.124
3527,328457,-327.78,323,50.2,0.4128,0.2335,0.484,0.4007,0.7153,0.797,0.4137,0.2255,-0.3281,C,0.1974,0.322-0.622,0.647,0.447,0.124
3528,328644,-670.58,187,27.3,0.861,0.1333,0.5363,0.481,0.6876,0.015,0.17,0.0778,-0.4813,C,0.2294,0.322-0.622,0.647,0.447,0.125
3529,328826,-413.92,182,29.1,0.2304,0.1871,0.5997,0.4404,0.5505,0.8131,0.2016,0.1173,-0.4132,C,0.1914,0.322-0.622,0.647,0.447,0.125
3530,329000,-508.28,174,20.7,0.851,0.0414,0.6068,0.3645,0.5783,0.0192,0.048,0.0652,-0.3108,C,0.2446,0.322-0.622,0.648,0.448,0.125
3531,329157,-382.72,157,43.3,0.8582,0.146,0.6281,0.3444,0.4085,0.0264,0.2936,0.0798,-0.2803,C,0.2324,0.322-0.622,0.648,0.448,0.125
3532,329342,-479.47,185,25.4,0.4961,0.1846,0.6279,0.3778,0.4732,0.2465,0.1637,0.1092,-0.3331,C,0.2303,0.322-0.622,0.649,0.449,0.125
3533,329365,-9.67,23,82.6,0.4733,0.2287,0.7008,0.3342,0.441,1.3907,0.7389,0.3182,-0.281,C,0.1934,0.322-0.622,0.649,0.449,0.125
3534,329549,-633.73,184,17.9,0.8108,0.0191,0.6092,0.4128,0.5369,0.0267,0.0286,0.0645,-0.3785,C,0.2227,0.322-0.622,0.649,0.449,0.125
3535,329733,-480.84,184,25.5,0.8842,0.1189,0.6079,0.3554,0.425,0.0184,0.1448,0.0716,-0.282,C,0.2409,0.322-0.622,0.649,0.449,0.125
3536,329906,-364.6,173,34.1,0.311,0.1895,0.5896,0.4472,0.5777,0.8109,0.2456,0.1446,-0.4288,C,0.1875,0.322-0.622,0.65,0.45,0.125
3537,330100,-549.96,194,33.5,0.475,0.1594,0.5549,0.4844,0.5951,0.4839,0.2071,0.139,-0.4881,C,0.244,0.322-0.622,0.65,0.45,0.125
3538,330274,-591.78,174,10.9,0.6679,0.0283,0.6051,0.4079,0.4933,0.0825,0.0202,0.0748,-0.37,C,0.2477,0.322-0.622,0.651,0.451,0.125
3539,330448,-558.07,174,23.0,0.9873,0.0769,0.5809,0.4203,0.5387,0.0038,0.0863,0.0898,-0.3918,C,0.2386,0.322-0.622,0.651,0.451,0.125
3540,330631,-512.55,183,38.3,0.6569,0.1612,0.5451,0.4571,0.6985,0.1401,0.2839,0.117,-0.4271,C,0.2478,0.322-0.622,0.651,0.451,0.125
3541,330825,-359.48,194,37.6,0.2201,0.2063,0.5376,0.4736,0.658,1.0971,0.2882,0.13,-0.452,C,0.2176,0.322-0.622,0.652,0.452,0.125
3542,330978,-515.51,153,0.0,0.0,0.0,0.6238,0.3961,0.5936,0.0,0.0,0.0964,-0.3801,C,0.2015,0.322-0.622,0.652,0.452,0.125
3543,331150,-502.1,172,34.3,0.5719,0.1212,0.5827,0.4503,0.6019,0.2063,0.1998,0.1299,-0.4452,C,0.2177,0.322-0.622,0.652,0.452,0.125
3544,331331,-564.94,181,8.3,1.048,0.0125,0.597,0.3715,0.5805,0.0005,0.0117,0.0727,-0.3124,C,0.2019,0.322-0.622,0.653,0.453,0.125
3545,331559,-427.97,228,48.7,0.6963,0.1345,0.5442,0.4109,0.642,0.1346,0.3044,0.1876,-0.3487,C,0.186,0.322-0.622,0.653,0.453,0.126
3546,331717,-376.96,158,38.0,0.3746,0.1374,0.5571,0.5093,0.6709,0.7333,0.2379,0.1815,-0.5211,C,0.2066,0.322-0.622,0.654,0.454,0.126
3547,331874,-461.48,157,36.9,0.8492,0.1643,0.5533,0.45,0.626,0.0248,0.279,0.0952,-0.4398,C,0.2044,0.322-0.622,0.654,0.454,0.126
3548,332033,-460.62,159,44.7,0.6191,0.1953,0.5609,0.4703,0.6145,0.2459,0.3133,0.1103,-0.4755,C,0.209,0.322-0.622,0.654,0.454,0.126
3549,332113,-29.82,80,93.8,0.6923,0.1907,0.6142,0.366,0.5992,0.5014,0.7915,0.3103,-0.2921,C,0.2067,0.322-0.622,0.655,0.455,0.126
3550,332258,-409.82,145,37.2,0.9687,0.0433,0.5664,0.437,0.5713,0.0112,0.0888,0.1538,-0.4222,C,0.1775,0.322-0.622,0.655,0.455,0.126
3551,332431,-343.59,173,37.0,0.6141,0.101,0.598,0.391,0.5416,0.2489,0.1737,0.1956,-0.3326,C,0.2221,0.322-0.622,0.655,0.455,0.126
3552,332585,-438.88,154,0.0,0.0,0.0,0.5791,0.3664,0.542,0.0,0.0,0.1044,-0.296,C,0.1896,0.322-0.622,0.656,0.456,0.126
3553,332715,-284.48,130,43.1,0.8553,0.1183,0.5645,0.4058,0.6321,0.0646,0.2396,0.1177,-0.3551,C,0.206,0.322-0.622,0.656,0.456,0.126
3554,332871,-467.04,156,18.6,0.907,0.0617,0.5729,0.3906,0.5577,0.006,0.0574,0.0565,-0.3387,C,0.2439,0.322-0.622,0.656,0.456,0.126
3555,333030,-375.79,159,32.1,0.7457,0.1068,0.5825,0.3914,0.6071,0.0651,0.1625,0.11,-0.3372,C,0.2342,0.322-0.622,0.656,0.456,0.126
3556,333221,-304.1,191,57.6,0.4978,0.1941,0.4869,0.4981,0.7553,0.6024,0.4254,0.2126,-0.472,C,0.1958,0.322-0.622,0.657,0.457,0.126
3557,333363,-192.41,142,63.4,0.6017,0.1846,0.5694,0.4056,0.6006,0.4466,0.4394,0.1625,-0.3604,C,0.2007,0.322-0.622,0.657,0.457,0.126
3558,333490,-259.67,127,38.6,0.5437,0.0881,0.599,0.425,0.6015,0.4964,0.1684,0.1711,-0.3967,C,0.2394,0.322-0.622,0.657,0.457,0.126
3559,333649,-185.61,159,57.9,0.4476,0.2224,0.5521,0.465,0.6375,0.9364,0.4824,0.2696,-0.4568,C,0.2406,0.322-0.622,0.658,0.458,0.126
3560,333879,-374.23,230,70.4,0.5823,0.2081,0.4922,0.5208,0.7922,0.486,0.6206,0.1628,-0.5254,C,0.2249,0.322-0.622,0.658,0.458,0.126
3561,334064,-446.14,185,29.2,0.7729,0.0968,0.5472,0.4482,0.6538,0.1513,0.1386,0.2453,-0.4126,C,0.2468,0.322-0.622,0.659,0.459,0.126
3562,334216,-331.09,152,18.4,0.7255,0.115,0.5805,0.409,0.6422,0.0598,0.1009,0.2406,-0.3671,C,0.1977,0.322-0.622,0.659,0.459,0.127
3563,334375,-238.95,159,56.6,0.3753,0.1225,0.5076,0.5137,0.7123,1.0734,0.2891,0.2179,-0.5168,C,0.2086,0.322-0.622,0.659,0.459,0.127
3564,334560,-441.55,185,31.4,0.9042,0.046,0.5053,0.4669,0.7872,0.0185,0.0817,0.2519,-0.4441,C,0.2362,0.322-0.622,0.66,0.46,0.127
3565,334579,-31.79,19,84.2,0.7206,0.1822,0.6418,0.4078,0.3853,0.3507,0.6831,0.3768,-0.3536,C,0.192,0.322-0.622,0.66,0.46,0.127
3566,334752,-311.47,173,59.0,0.4487,0.1217,0.5291,0.5429,0.8127,0.807,0.3439,0.2739,-0.5665,C,0.2493,0.322-0.622,0.66,0.46,0.127
3567,335113,-360.86,361,75.6,0.4459,0.1906,0.4588,0.5546,0.8454,1.1109,0.6192,0.2659,-0.5817,C,0.1957,0.322-0.622,0.661,0.461,0.127
3568,335135,-20.95,22,81.8,0.8773,0.0769,0.6602,0.2746,0.5171,0.0551,0.2927,0.3098,-0.1904,C,0.185,0.322-0.622,0.661,0.461,0.127
3569,335742,-1616.28,607,16.1,0.3906,0.1696,0.4605,0.5308,0.8931,0.2862,0.0984,0.3007,-0.5261,C,0.2004,0.322-0.622,0.662,0.462,0.127
3570,335972,-487.55,230,33.9,0.6512,0.1638,0.5149,0.4819,0.7658,0.277,0.2585,0.2995,-0.4573,C,0.2301,0.322-0.622,0.663,0.463,0.127
3571,336162,-307.2,190,58.9,0.6747,0.1574,0.4766,0.4811,0.7961,0.2582,0.4201,0.1954,-0.4313,C,0.2019,0.322-0.622,0.663,0.463,0.127
3572,336341,-258.53,179,71.5,0.7413,0.1281,0.5625,0.453,0.7831,0.2369,0.4167,0.278,-0.4286,C,0.1931,0.322-0.622,0.664,0.464,0.127
3573,336481,-352.63,140,49.3,0.7284,0.1485,0.537,0.471,0.6969,0.1695,0.3165,0.1393,-0.4657,C,0.2233,0.322-0.622,0.664,0.464,0.127
3574,336678,-495.35,197,26.4,1.0333,0.0162,0.5621,0.4399,0.66,0.003,0.0397,0.1432,-0.4077,C,0.1787,0.322-0.622,0.664,0.464,0.127
3575,336816,-346.01,138,34.8,0.7983,0.1206,0.532,0.4532,0.7745,0.0509,0.199,0.0865,-0.405,C,0.2375,0.322-0.622,0.665,0.465,0.127
3576,337016,-598.84,200,3.0,0.9832,0.0039,0.5266,0.4968,0.7337,0.0004,0.0037,0.2746,-0.4891,C,0.2002,0.322-0.622,0.665,0.465,0.128
3577,337121,-99.66,105,82.9,0.7677,0.1746,0.5396,0.4373,0.755,0.2867,0.6014,0.2517,-0.3882,C,0.2031,0.322-0.622,0.665,0.465,0.128
3578,337414,-789.19,293,36.2,0.8891,0.1039,0.5338,0.4929,0.5471,0.0411,0.1808,0.1879,-0.4957,C,0.1807,0.322-0.622,0.666,0.466,0.128
3579,337488,-85.94,74,100.0,0.8126,0.1291,0.5172,0.4355,0.7979,0.2101,0.6009,0.2185,-0.389,C,0.222,0.322-0.622,0.666,0.466,0.128
3580,337603,-133.17,115,72.2,0.5942,0.1969,0.5817,0.4574,0.6785,0.7299,0.5112,0.3381,-0.4656,C,0.2481,0.322-0.622,0.666,0.466,0.128
3581,337659,-42.66,56,100.0,0.7331,0.1825,0.5694,0.4213,0.7637,0.3401,0.8328,0.2982,-0.3688,C,0.2429,0.322-0.622,0.666,0.466,0.128
3582,337925,-742.3,266,23.3,0.929,0.0705,0.5302,0.4588,0.6783,0.0115,0.0787,0.1608,-0.4343,C,0.1802,0.322-0.622,0.667,0.467,0.128
3583,338787,-2759.89,862,15.7,0.7323,0.1388,0.4461,0.5803,0.922,0.0464,0.0978,0.3445,-0.612,C,0.2366,0.322-0.622,0.669,0.469,0.128
3584,338846,-109.87,59,98.3,0.8349,0.0574,0.6067,0.4334,0.6036,0.2857,0.2988,0.213,-0.4436,C,0.2161,0.322-0.622,0.669,0.469,0.128
3585,339049,-686.07,203,25.6,0.8545,0.0379,0.492,0.596,0.8092,0.0138,0.0549,0.2322,-0.641,C,0.1904,0.322-0.622,0.669,0.469,0.128
3586,339108,-51.26,59,100.0,0.6616,0.222,0.5094,0.4765,0.7693,0.4652,0.9469,0.3671,-0.4385,C,0.2359,0.322-0.622,0.67,0.47,0.128
3587,339161,-31.7,53,96.2,0.7598,0.1278,0.6388,0.2906,0.5311,0.4908,0.5352,0.1815,-0.2218,C,0.2358,0.322-0.622,0.67,0.47,0.128
3588,339280,-88.65,119,100.0,0.5293,0.1546,0.5364,0.4863,0.8476,0.8342,0.592,0.1862,-0.4736,C,0.2349,0.322-0.622,0.67,0.47,0.128
3589,339458,-406.27,178,46.1,0.6753,0.1317,0.5082,0.5029,0.7673,0.305,0.2777,0.1581,-0.5097,C,0.2361,0.322-0.622,0.67,0.47,0.128
3590,339650,-507.34,192,39.1,0.9318,0.0712,0.4962,0.5089,0.7507,0.02,0.1336,0.2173,-0.4947,C,0.1981,0.322-0.622,0.671,0.471,0.128
3591,339956,-976.61,306,42.8,0.7122,0.134,0.4726,0.6087,0.8707,0.1265,0.2681,0.2051,-0.6725,C,0.2187,0.322-0.622,0.671,0.471,0.129
3592,340032,-103.51,76,100.0,0.9258,0.0885,0.5114,0.4193,0.748,0.1394,0.4236,0.2297,-0.3721,C,0.2247,0.322-0.622,0.671,0.471,0.129
3593,340136,-53.19,104,100.0,0.5763,0.2006,0.4558,0.5197,0.8611,0.6841,0.9115,0.4242,-0.5054,C,0.2307,0.322-0.622,0.672,0.472,0.129
3594,340174,-21.72,38,89.5,0.6045,0.1993,0.5305,0.3964,0.6385,0.5394,0.7958,0.3281,-0.3233,C,0.248,0.322-0.622,0.672,0.472,0.129
3595,340278,-109.47,104,99.0,0.9646,0.0649,0.5111,0.3981,0.7868,0.086,0.3283,0.2549,-0.3375,C,0.2143,0.322-0.622,0.672,0.472,0.129
3596,340343,-70.55,65,89.2,0.7276,0.1871,0.5002,0.4626,0.8116,0.2676,0.7337,0.3513,-0.4375,C,0.2373,0.322-0.622,0.672,0.472,0.129
3597,340545,-645.21,202,28.2,0.8434,0.0491,0.4887,0.5622,0.8394,0.0168,0.0712,0.1852,-0.596,C,0.2352,0.322-0.622,0.673,0.473,0.129
3598,340595,-40.62,50,96.0,0.6104,0.1835,0.5236,0.4513,0.6474,0.9188,0.7537,0.3172,-0.4013,C,0.2145,0.322-0.622,0.673,0.473,0.129
3599,340612,-13.55,17,82.4,0.6011,0.2175,0.6182,0.2466,0.3999,0.5615,0.7455,0.3973,-0.1459,C,0.2025,0.322-0.622,0.673,0.473,0.129
3600,340677,30.05,65,95.4,0.326,0.2246,0.5087,0.5262,0.7647,2.256,0.9044,0.4031,-0.5444,C,0.2156,0.322-0.622,0.673,0.473,0.129
3601,340741,-52.34,64,96.9,0.6057,0.2214,0.53,0.5096,0.7983,0.5636,0.9294,0.3551,-0.4872,C,0.1975,0.322-0.622,0.673,0.473,0.129
3602,340822,-68.91,81,97.5,0.598,0.2152,0.4905,0.5366,0.8322,0.5919,0.9011,0.3659,-0.5397,C,0.2177,0.322-0.622,0.673,0.473,0.129
3603,340862,-24.02,40,100.0,0.6503,0.1944,0.5418,0.4237,0.7489,0.5742,0.8346,0.3053,-0.3507,C,0.221,0.322-0.622,0.673,0.473,0.129
3604,341057,-58.43,195,97.9,0.5236,0.2015,0.4275,0.556,0.8927,1.0349,0.852,0.4187,-0.5677,C,0.1902,0.322-0.622,0.674,0.474,0.129
3605,341073,-21.77,16,81.2,0.6015,0.1976,0.8151,0.2122,0.302,0.8407,0.707,0.3772,-0.1112,C,0.1947,0.322-0.622,0.674,0.474,0.129
3606,341116,-32.72,43,100.0,0.6236,0.183,0.6087,0.4432,0.6346,0.8126,0.8094,0.3828,-0.4149,C,0.1828,0.322-0.622,0.674,0.474,0.129
3607,341165,-33.21,49,93.9,0.7251,0.1701,0.5267,0.4137,0.6529,0.3457,0.7064,0.3689,-0.3528,C,0.2077,0.322-0.622,0.674,0.474,0.129
3608,341206,-43.13,41,97.6,0.695,0.1753,0.5701,0.4419,0.713,0.304,0.7951,0.3059,-0.4062,C,0.232,0.322-0.622,0.674,0.474,0.129
3609,341639,-364.44,433,99.1,0.5602,0.1579,0.4175,0.5719,0.938,0.9596,0.6734,0.3644,-0.5928,C,0.2147,0.322-0.622,0.675,0.475,0.129
3610,341683,-31.81,44,100.0,0.5946,0.2015,0.542,0.491,0.7251,0.7627,0.9063,0.4218,-0.4417,C,0.2057,0.322-0.622,0.675,0.475,0.129
3611,341699,-39.91,16,0.0,0.0,0.0,0.7471,0.261,0.4523,0.0,0.0,0.4484,-0.2002,C,0.2085,0.322-0.622,0.675,0.475,0.129
3612,341790,-58.42,91,95.6,0.5473,0.2197,0.4378,0.5554,0.8738,0.8659,0.8752,0.4585,-0.5712,C,0.2079,0.322-0.622,0.675,0.475,0.129
3613,342053,-210.36,263,99.6,0.6177,0.1949,0.4375,0.5739,0.8918,0.8167,0.8394,0.3765,-0.5998,C,0.2409,0.322-0.622,0.676,0.476,0.129
3614,342107,-63.08,54,94.4,0.5915,0.2063,0.5063,0.5235,0.7674,0.5457,0.8635,0.3523,-0.5337,C,0.2391,0.322-0.622,0.676,0.476,0.129
3615,342133,-20.21,26,96.2,0.6885,0.1509,0.6303,0.3158,0.5866,0.331,0.6446,0.3399,-0.2537,C,0.2066,0.322-0.622,0.676,0.476,0.129
3616,342148,-19.43,15,100.0,0.6848,0.1831,0.7134,0.284,0.3823,0.4215,0.8028,0.4627,-0.2283,C,0.2408,0.322-0.622,0.676,0.476,0.129
3617,342172,-17.7,24,87.5,0.7459,0.1379,0.6363,0.3324,0.5514,0.1671,0.5487,0.3959,-0.2558,C,0.2002,0.322-0.622,0.676,0.476,0.129
3618,342229,-13.77,57,98.2,0.5262,0.2298,0.5011,0.4688,0.7771,1.0085,0.9271,0.3691,-0.4446,C,0.2386,0.322-0.622,0.676,0.476,0.129
3619,342355,122.0,126,98.4,0.3107,0.2477,0.4338,0.5404,0.8842,2.3247,0.941,0.3281,-0.5466,C,0.191,0.322-0.622,0.676,0.476,0.129
3620,342486,18.03,131,97.7,0.4228,0.2329,0.456,0.5438,0.8726,1.5705,0.9169,0.3679,-0.5567,C,0.2429,0.322-0.622,0.677,0.477,0.129
3621,342501,-30.83,15,93.3,0.736,0.1738,0.7116,0.3195,0.3457,0.3469,0.6969,0.4127,-0.271,C,0.2204,0.322-0.622,0.677,0.477,0.129
3622,342532,-14.5,31,93.5,0.5996,0.2237,0.5018,0.372,0.6084,0.5962,0.8828,0.3835,-0.2842,C,0.1868,0.322-0.622,0.677,0.477,0.129
3623,342610,-109.1,78,96.2,0.799,0.1674,0.5183,0.4894,0.7532,0.1282,0.7374,0.31,-0.487,C,0.1932,0.322-0.622,0.677,0.477,0.13
3624,342623,-35.91,13,0.0,0.0,0.0,0.849,0.2103,0.4313,0.0,0.0,0.4561,-0.1736,C,0.2252,0.322-0.622,0.677,0.477,0.13
3625,342678,-104.59,55,92.7,0.9497,0.0762,0.5055,0.5078,0.8015,0.024,0.3374,0.3702,-0.5399,C,0.1846,0.322-0.622,0.677,0.477,0.13
3626,342691,-27.63,13,7.7,1.2613,0.0039,0.8671,0.2091,0.4537,0.0,0.0094,0.4518,-0.1957,C,0.2122,0.322-0.622,0.677,0.477,0.13
3627,342814,65.84,123,95.9,0.4335,0.1779,0.4237,0.4864,0.8822,1.4723,0.7073,0.4427,-0.4442,C,0.2133,0.322-0.622,0.677,0.477,0.13
3628,342938,-89.26,124,96.8,0.5573,0.1906,0.4514,0.5557,0.8807,0.9247,0.8331,0.3375,-0.5783,C,0.2244,0.322-0.622,0.678,0.478,0.13
3629,343008,-128.13,70,95.7,0.7492,0.1646,0.5703,0.5625,0.8068,0.3078,0.7261,0.3723,-0.6192,C,0.2146,0.322-0.622,0.678,0.478,0.13
3630,343054,-65.56,46,89.1,0.7568,0.1486,0.5454,0.4892,0.7119,0.1481,0.6193,0.3336,-0.4855,C,0.2308,0.322-0.622,0.678,0.478,0.13
3631,343069,-10.87,15,93.3,0.769,0.1339,0.7459,0.2318,0.371,0.2443,0.5721,0.4576,-0.1431,C,0.2172,0.322-0.622,0.678,0.478,0.13
3632,343128,-45.79,59,96.6,0.6489,0.1567,0.4948,0.4744,0.7664,0.4869,0.7091,0.3962,-0.4302,C,0.1913,0.322-0.622,0.678,0.478,0.13
3633,343308,-178.1,180,99.4,0.6697,0.1838,0.4547,0.5408,0.8997,0.4838,0.8246,0.3774,-0.5529,C,0.1915,0.322-0.622,0.679,0.479,0.13
3634,343344,3.96,36,94.4,0.4979,0.2176,0.5339,0.3953,0.6582,1.4044,0.8665,0.2782,-0.3332,C,0.1915,0.322-0.622,0.679,0.479,0.13
3635,343384,-45.06,40,85.0,0.7891,0.1358,0.4765,0.3921,0.6748,0.14,0.5409,0.2878,-0.3154,C,0.2125,0.322-0.622,0.679,0.479,0.13
3636,343411,-17.58,27,96.3,0.7449,0.1609,0.6024,0.3653,0.551,0.3415,0.7128,0.4524,-0.3016,C,0.2449,0.322-0.622,0.679,0.479,0.13
3637,343427,-28.08,16,100.0,0.6943,0.1573,0.7114,0.2855,0.3841,0.5428,0.6976,0.3865,-0.2261,C,0.2311,0.322-0.622,0.679,0.479,0.13
3638,343447,-8.59,20,85.0,0.6388,0.1615,0.6963,0.2837,0.4499,0.6834,0.603,0.4096,-0.1931,C,0.2232,0.322-0.622,0.679,0.479,0.13
3639,343506,-72.7,59,93.2,0.8445,0.1131,0.4633,0.4772,0.7932,0.0662,0.4918,0.4042,-0.4303,C,0.2197,0.322-0.622,0.679,0.479,0.13
3640,343523,-25.69,17,76.5,0.6999,0.1657,0.7961,0.2547,0.2669,0.5387,0.5614,0.3785,-0.1651,C,0.1806,0.322-0.622,0.679,0.479,0.13
3641,343570,-14.57,47,91.5,0.6414,0.1982,0.5064,0.3799,0.6641,0.4381,0.8136,0.4189,-0.2865,C,0.197,0.322-0.622,0.679,0.479,0.13
3642,343585,-19.73,15,93.3,0.8631,0.0942,0.7197,0.244,0.3759,0.0637,0.4255,0.2916,-0.1428,C,0.2082,0.322-0.622,0.679,0.479,0.13
3643,343599,-39.4,14,0.0,0.0,0.0,0.7957,0.2599,0.4159,0.0,0.0,0.4471,-0.201,C,0.2056,0.322-0.622,0.679,0.479,0.13
3644,343614,-25.31,15,100.0,0.8996,0.1029,0.7508,0.2577,0.403,0.0705,0.4859,0.3752,-0.1753,C,0.2203,0.322-0.622,0.679,0.479,0.13
3645,343701,-83.42,87,96.6,0.5991,0.1807,0.469,0.542,0.8436,0.4891,0.7836,0.4082,-0.5452,C,0.217,0.322-0.622,0.679,0.479,0.13
3646,343715,-32.47,14,0.0,0.0,0.0,0.8041,0.2449,0.3956,0.0,0.0,0.3924,-0.1571,C,0.2211,0.322-0.622,0.679,0.479,0.13
3647,343772,-9.53,57,96.5,0.614,0.2331,0.4694,0.4347,0.8003,0.5134,0.9304,0.3832,-0.3811,C,0.2364,0.322-0.622,0.68,0.48,0.13
3648,343821,-30.96,49,89.8,0.8594,0.1104,0.5596,0.3543,0.7117,0.0749,0.4642,0.388,-0.2819,C,0.1988,0.322-0.622,0.68,0.48,0.13
3649,343836,-11.56,15,93.3,0.7288,0.1593,0.8575,0.147,0.3243,0.579,0.6583,0.4636,-0.0564,C,0.1853,0.322-0.622,0.68,0.48,0.13
3650,343875,-64.07,39,94.9,0.7121,0.1235,0.5661,0.496,0.7053,0.2335,0.5487,0.3677,-0.5,C,0.2226,0.322-0.622,0.68,0.48,0.13
3651,343907,3.46,32,96.9,0.5045,0.2347,0.5627,0.3927,0.7125,1.038,0.9178,0.2837,-0.3166,C,0.2072,0.322-0.622,0.68,0.48,0.13
3652,343955,-85.96,48,87.5,0.918,0.0911,0.5214,0.4972,0.6936,0.0292,0.3788,0.3314,-0.471,C,0.242,0.322-0.622,0.68,0.48,0.13
3653,343993,-7.92,38,94.7,0.5701,0.209,0.5319,0.3933,0.5927,0.8829,0.8583,0.4015,-0.3204,C,0.1806,0.322-0.622,0.68,0.48,0.13
3654,344024,-43.71,31,51.6,1.0284,0.0591,0.669,0.3129,0.6867,0.0138,0.1605,0.3269,-0.2544,C,0.203,0.322-0.622,0.68,0.48,0.13
3655,344076,-44.24,52,100.0,0.6051,0.2237,0.513,0.4941,0.7793,0.6333,0.8952,0.399,-0.4678,C,0.2175,0.322-0.622,0.68,0.48,0.13
3656,344108,-50.42,32,84.4,0.7262,0.1281,0.5738,0.4519,0.6195,0.1567,0.5048,0.3948,-0.442,C,0.197,0.322-0.622,0.68,0.48,0.13
3657,344175,-62.18,67,94.0,0.9849,0.094,0.4596,0.4119,0.8169,0.1955,0.4179,0.2604,-0.3386,C,0.1839,0.322-0.622,0.68,0.48,0.13
3658,344205,-14.14,30,93.3,0.5444,0.1966,0.5746,0.4173,0.5667,1.1936,0.7954,0.4267,-0.3562,C,0.2033,0.322-0.622,0.68,0.48,0.13
3659,344262,-41.05,57,100.0,0.7198,0.1455,0.4394,0.4672,0.8457,0.3439,0.675,0.4364,-0.4042,C,0.2027,0.322-0.622,0.681,0.481,0.13
3660,344327,-35.35,65,93.8,0.6661,0.1772,0.4637,0.4649,0.8106,0.5063,0.7244,0.3564,-0.4357,C,0.1816,0.322-0.622,0.681,0.481,0.13
3661,344367,-31.83,40,92.5,0.6657,0.1833,0.5331,0.4526,0.7186,0.3219,0.7847,0.4082,-0.4245,C,0.2333,0.322-0.622,0.681,0.481,0.13
3662,344403,-29.49,36,86.1,0.735,0.164,0.6237,0.3163,0.4606,0.2969,0.6266,0.4385,-0.2327,C,0.2286,0.322-0.622,0.681,0.481,0.13
3663,344429,-17.41,26,100.0,0.6278,0.1937,0.5407,0.3875,0.5986,0.8208,0.8642,0.4286,-0.3286,C,0.2403,0.322-0.622,0.681,0.481,0.13
3664,344459,-14.73,30,96.7,0.6252,0.2149,0.5784,0.3938,0.6668,0.5278,0.888,0.3642,-0.3207,C,0.2208,0.322-0.622,0.681,0.481,0.13
3665,344744,-312.01,285,99.6,0.6663,0.1218,0.4307,0.5281,0.9012,0.686,0.5758,0.3201,-0.5283,C,0.243,0.322-0.622,0.682,0.482,0.13
3666,344796,-25.36,52,90.4,0.61,0.1838,0.4751,0.4517,0.7765,0.5365,0.7402,0.4047,-0.4004,C,0.194,0.322-0.622,0.682,0.482,0.13
3667,344810,-29.33,14,0.0,0.0,0.0,0.7796,0.2351,0.3771,0.0,0.0,0.3754,-0.1491,C,0.1866,0.322-0.622,0.682,0.482,0.13
3668,345094,24.33,284,99.3,0.5299,0.2304,0.4022,0.5203,0.9378,0.9722,0.9275,0.4258,-0.4989,C,0.2268,0.322-0.622,0.682,0.482,0.13
3669,345123,-27.55,29,86.2,0.8641,0.0645,0.634,0.3243,0.6295,0.0454,0.2691,0.4502,-0.2409,C,0.2044,0.322-0.622,0.682,0.482,0.13
3670,345473,-248.74,350,99.4,0.6811,0.184,0.3985,0.5265,0.9479,0.3673,0.7976,0.4214,-0.514,C,0.2261,0.322-0.622,0.683,0.483,0.131
3671,345487,-45.27,14,35.7,1.2261,0.0104,0.8131,0.3168,0.3767,0.0002,0.0487,0.3823,-0.3375,C,0.2461,0.322-0.622,0.683,0.483,0.131
3672,345526,-11.38,39,97.4,0.5049,0.1965,0.5799,0.4601,0.6758,1.2342,0.8347,0.4445,-0.4294,C,0.2312,0.322-0.622,0.683,0.483,0.131
3673,345617,-78.4,91,97.8,0.7433,0.1106,0.4547,0.4624,0.8498,0.1481,0.4995,0.4667,-0.415,C,0.2098,0.322-0.622,0.683,0.483,0.131
3674,345703,-83.78,86,100.0,0.5933,0.2451,0.4741,0.553,0.8518,0.5731,0.9477,0.4273,-0.5787,C,0.1819,0.322-0.622,0.684,0.484,0.131
3675,345719,-11.6,16,87.5,0.7005,0.1645,0.6847,0.2658,0.3975,0.3717,0.646,0.3778,-0.1635,C,0.1872,0.322-0.622,0.684,0.484,0.131
3676,345737,-18.63,18,88.9,0.8814,0.0851,0.6661,0.2962,0.4353,0.0633,0.3561,0.4548,-0.2159,C,0.1881,0.322-0.622,0.684,0.484,0.131
3677,346098,-120.73,361,98.3,0.557,0.2049,0.3911,0.5468,0.9321,0.8678,0.8405,0.3951,-0.5412,C,0.2444,0.322-0.622,0.684,0.484,0.131
3678,346113,-17.14,15,100.0,0.6882,0.1411,0.7132,0.3311,0.4761,0.7324,0.6452,0.4468,-0.2831,C,0.2316,0.322-0.622,0.685,0.485,0.131
3679,346226,-60.48,113,99.1,0.6602,0.224,0.4254,0.512,0.8683,0.4301,0.8617,0.3966,-0.4644,C,0.2321,0.322-0.622,0.685,0.485,0.131
3680,346242,-8.46,16,87.5,0.5843,0.2017,0.7708,0.1989,0.3677,1.0069,0.7541,0.3563,-0.0988,C,0.1815,0.322-0.622,0.685,0.485,0.131
3681,346258,-22.85,16,93.8,0.782,0.1546,0.6794,0.2966,0.348,0.2718,0.6545,0.3285,-0.2125,C,0.2041,0.322-0.622,0.685,0.485,0.131
3682,346293,-20.83,35,91.4,0.4699,0.2342,0.5215,0.5046,0.652,1.125,0.8583,0.4497,-0.4722,C,0.1939,0.322-0.622,0.685,0.485,0.131
3683,346309,-18.52,16,75.0,0.7453,0.141,0.7972,0.1668,0.3274,0.1446,0.4802,0.3466,-0.1015,C,0.1993,0.322-0.622,0.685,0.485,0.131
3684,346323,-13.75,14,100.0,0.5533,0.2261,0.7637,0.2551,0.4119,1.0622,0.9581,0.3787,-0.1612,C,0.1895,0.322-0.622,0.685,0.485,0.131
3685,346357,-24.42,34,91.2,0.5595,0.2139,0.5659,0.4168,0.6559,0.8055,0.838,0.2971,-0.361,C,0.2173,0.322-0.622,0.685,0.485,0.131
3686,346471,0.54,114,98.2,0.4855,0.2276,0.4635,0.5414,0.895,1.1295,0.9401,0.4585,-0.5429,C,0.1818,0.322-0.622,0.685,0.485,0.131
3687,346485,-7.01,14,85.7,0.812,0.0942,0.8195,0.1217,0.3565,0.0772,0.3854,0.3868,-0.0491,C,0.2015,0.322-0.622,0.685,0.485,0.131
3688,346507,-22.02,22,77.3,0.7567,0.1263,0.7569,0.2728,0.3913,0.4961,0.4525,0.4306,-0.2087,C,0.1977,0.322-0.622,0.685,0.485,0.131
3689,346537,0.35,30,93.3,0.5409,0.2122,0.6354,0.326,0.6623,0.9172,0.8604,0.2507,-0.2662,C,0.2473,0.322-0.622,0.685,0.485,0.131
3690,346565,-8.41,28,96.4,0.5485,0.244,0.5488,0.3779,0.6871,0.8421,0.9027,0.3132,-0.3075,C,0.2438,0.322-0.622,0.685,0.485,0.131
3691,346603,-14.27,38,92.1,0.4432,0.2358,0.5547,0.4649,0.6716,1.477,0.8783,0.2948,-0.4641,C,0.2291,0.322-0.622,0.686,0.486,0.131
3692,346620,-20.52,17,82.4,0.7864,0.1511,0.7122,0.2746,0.4733,0.1113,0.584,0.3536,-0.1736,C,0.1856,0.322-0.622,0.686,0.486,0.131
3693,346734,-3.03,114,98.2,0.5496,0.22,0.4942,0.4884,0.8487,0.9929,0.8334,0.4364,-0.4707,C,0.2194,0.322-0.622,0.686,0.486,0.131
3694,346747,-30.11,13,0.0,0.0,0.0,0.8733,0.1806,0.4042,0.0,0.0,0.349,-0.174,C,0.213,0.322-0.622,0.686,0.486,0.131
3695,346761,-22.82,14,100.0,0.56,0.2003,0.7637,0.2797,0.4165,1.0548,0.8916,0.3989,-0.2547,C,0.2292,0.322-0.622,0.686,0.486,0.131
3696,347020,73.5,259,98.8,0.5269,0.2286,0.3859,0.4929,0.9403,0.9403,0.9066,0.4156,-0.4524,C,0.2079,0.322-0.622,0.686,0.486,0.131
3697,347041,-6.04,21,95.2,0.465,0.2274,0.6271,0.3916,0.5171,1.5115,0.8692,0.4351,-0.3467,C,0.2293,0.322-0.622,0.687,0.487,0.131
3698,347073,-36.99,32,90.6,0.6699,0.1652,0.5936,0.3988,0.5631,0.4165,0.6696,0.371,-0.3595,C,0.2321,0.322-0.622,0.687,0.487,0.131
3699,347091,-30.86,18,94.4,0.7631,0.1507,0.675,0.3411,0.3315,0.6815,0.6292,0.4754,-0.2704,C,0.1998,0.322-0.622,0.687,0.487,0.131
3700,347104,-39.41,13,0.0,0.0,0.0,0.7899,0.2669,0.3937,0.0,0.0,0.4518,-0.2266,C,0.1832,0.322-0.622,0.687,0.487,0.131
3701,347217,-12.19,113,97.3,0.4933,0.2139,0.4718,0.5332,0.8977,1.0715,0.8995,0.4176,-0.5268,C,0.2109,0.322-0.622,0.687,0.487,0.131
3702,347237,-20.35,20,90.0,0.8034,0.1284,0.6098,0.3384,0.5508,0.1247,0.5435,0.4664,-0.275,C,0.2305,0.322-0.622,0.687,0.487,0.131
3703,347252,-27.04,15,100.0,0.6738,0.1818,0.7486,0.3169,0.3559,0.614,0.8009,0.3859,-0.2487,C,0.2477,0.322-0.622,0.687,0.487,0.131
3704,347270,-20.85,18,88.9,0.622,0.1931,0.6616,0.3884,0.3926,0.6982,0.7415,0.3298,-0.3168,C,0.2427,0.322-0.622,0.687,0.487,0.131
3705,347373,-44.5,103,96.1,0.5474,0.2024,0.5034,0.5333,0.8792,0.8322,0.8539,0.3867,-0.5294,C,0.1926,0.322-0.622,0.687,0.487,0.131
3706,347388,-39.85,15,0.0,0.0,0.0,0.7545,0.2479,0.3736,0.0,0.0,0.2456,-0.2036,C,0.2249,0.322-0.622,0.687,0.487,0.131
3707,347404,-8.89,16,81.2,0.6048,0.2145,0.8287,0.213,0.3033,0.647,0.707,0.3243,-0.1314,C,0.1883,0.322-0.622,0.687,0.487,0.131
3708,347422,-8.86,18,83.3,0.7376,0.1704,0.6751,0.2521,0.3814,0.2171,0.6276,0.3954,-0.1476,C,0.2177,0.322-0.622,0.687,0.487,0.131
3709,347441,-6.61,19,89.5,0.5862,0.2242,0.6394,0.2877,0.5101,0.5508,0.836,0.3165,-0.1813,C,0.2034,0.322-0.622,0.687,0.487,0.131
3710,347514,-50.4,73,98.6,0.5234,0.2117,0.4956,0.5513,0.831,0.8707,0.9214,0.4362,-0.5565,C,0.2166,0.322-0.622,0.688,0.488,0.131
3711,347529,-20.43,15,86.7,0.6932,0.172,0.8355,0.1891,0.2858,0.6288,0.6584,0.3913,-0.1246,C,0.1881,0.322-0.622,0.688,0.488,0.131
3712,347544,-25.07,15,93.3,0.8548,0.0998,0.7552,0.2842,0.3854,0.0968,0.4396,0.4254,-0.2153,C,0.2398,0.322-0.622,0.688,0.488,0.131
3713,347560,-19.61,16,93.8,0.8851,0.0996,0.7127,0.3009,0.4204,0.0608,0.4455,0.4433,-0.2492,C,0.207,0.322-0.622,0.688,0.488,0.131
3714,347605,-43.14,45,88.9,0.7048,0.1688,0.5373,0.4771,0.6922,0.2538,0.7003,0.4367,-0.4322,C,0.2441,0.322-0.622,0.688,0.488,0.131
3715,347672,-51.46,67,95.5,0.6172,0.2172,0.506,0.5067,0.8252,0.5297,0.8123,0.4272,-0.4934,C,0.2122,0.322-0.622,0.688,0.488,0.131
3716,347705,-19.47,33,97.0,0.6073,0.1911,0.593,0.4317,0.61,0.9348,0.7992,0.444,-0.4161,C,0.1986,0.322-0.622,0.688,0.488,0.131
3717,347813,-61.89,108,96.3,0.603,0.2221,0.4845,0.5397,0.8961,0.6294,0.8814,0.4572,-0.5546,C,0.2467,0.322-0.622,0.688,0.488,0.131
3718,347834,-35.73,21,81.0,0.9699,0.046,0.6903,0.3591,0.5338,0.0202,0.1923,0.4717,-0.3079,C,0.2489,0.322-0.622,0.688,0.488,0.131
3719,347848,-37.33,14,0.0,0.0,0.0,0.8148,0.2019,0.3929,0.0,0.0,0.3472,-0.1342,C,0.2391,0.322-0.622,0.688,0.488,0.131
3720,347864,-18.57,16,87.5,0.6731,0.1858,0.7198,0.2536,0.3198,0.632,0.7077,0.3491,-0.1474,C,0.2333,0.322-0.622,0.688,0.488,0.131
3721,347896,-52.53,32,53.1,0.9157,0.0744,0.677,0.3777,0.7271,0.0302,0.2005,0.3967,-0.3341,C,0.2463,0.322-0.622,0.688,0.488,0.131
3722,348012,-45.15,116,99.1,0.5484,0.2429,0.4418,0.5337,0.8768,0.8055,0.9505,0.416,-0.5194,C,0.2308,0.322-0.622,0.689,0.489,0.131
3723,348026,-9.72,14,85.7,0.8733,0.0683,0.7722,0.1949,0.4009,0.0429,0.2944,0.3523,-0.0848,C,0.2348,0.322-0.622,0.689,0.489,0.131
3724,348039,-10.14,13,84.6,1.0002,0.0449,0.8297,0.1507,0.4446,0.0174,0.1994,0.4395,-0.085,C,0.1853,0.322-0.622,0.689,0.489,0.131
3725,348088,0.59,49,95.9,0.5102,0.2272,0.521,0.4448,0.7464,0.925,0.9213,0.4194,-0.4102,C,0.1846,0.322-0.622,0.689,0.489,0.131
3726,348123,-12.14,35,91.4,0.5158,0.2264,0.5984,0.3844,0.6023,0.9327,0.8377,0.4382,-0.3434,C,0.2007,0.322-0.622,0.689,0.489,0.131
3727,348142,-21.92,19,94.7,0.8115,0.1266,0.672,0.3592,0.4915,0.171,0.5614,0.4896,-0.2976,C,0.1874,0.322-0.622,0.689,0.489,0.131
3728,348160,-31.25,18,83.3,0.8169,0.1065,0.6882,0.2977,0.3863,0.1251,0.4201,0.3756,-0.2072,C,0.2218,0.322-0.622,0.689,0.489,0.131
3729,348174,-4.95,14,92.9,0.6422,0.1834,0.8781,0.1539,0.2863,0.8959,0.7636,0.4642,-0.0886,C,0.1998,0.322-0.622,0.689,0.489,0.131
3730,348344,163.32,170,99.4,0.3719,0.263,0.4337,0.5292,0.9145,2.0271,0.8847,0.4634,-0.5199,C,0.2077,0.322-0.622,0.689,0.489,0.132
3731,348605,77.98,261,98.5,0.4327,0.2403,0.4271,0.5452,0.9217,1.457,0.9375,0.4191,-0.5508,C,0.198,0.322-0.622,0.69,0.49,0.132
3732,348620,-19.1,15,73.3,0.7302,0.1557,0.7581,0.232,0.3656,0.1375,0.5301,0.3072,-0.1382,C,0.1858,0.322-0.622,0.69,0.49,0.132
3733,348658,-12.96,38,86.8,0.6368,0.202,0.4797,0.4147,0.7421,0.4333,0.7498,0.3522,-0.3249,C,0.2311,0.322-0.622,0.69,0.49,0.132
3734,348672,-21.81,14,100.0,0.6328,0.1855,0.7187,0.3115,0.4195,0.5699,0.8346,0.4294,-0.2563,C,0.2028,0.322-0.622,0.69,0.49,0.132
3735,348686,-6.72,14,100.0,0.7909,0.1395,0.8143,0.1557,0.3345,0.5143,0.6379,0.4584,-0.0935,C,0.2067,0.322-0.622,0.69,0.49,0.132
3736,348704,-25.03,18,77.8,0.649,0.1991,0.6618,0.3672,0.421,0.3413,0.6673,0.3624,-0.3174,C,0.2147,0.322-0.622,0.69,0.49,0.132
3737,348778,31.91,74,95.9,0.4822,0.2332,0.4344,0.4402,0.8611,1.0445,0.8549,0.3742,-0.3728,C,0.1984,0.322-0.622,0.69,0.49,0.132
3738,348792,-11.68,14,85.7,0.8336,0.1335,0.808,0.2132,0.4485,0.0785,0.5431,0.393,-0.1367,C,0.2079,0.322-0.622,0.69,0.49,0.132
3739,348970,-224.55,178,98.9,0.8107,0.1512,0.4433,0.5504,0.9077,0.2796,0.6658,0.3227,-0.5589,C,0.2292,0.322-0.622,0.691,0.491,0.132
3740,348984,-14.78,14,100.0,0.646,0.1951,0.8219,0.2133,0.4295,0.7625,0.8257,0.4264,-0.1564,C,0.1864,0.322-0.622,0.691,0.491,0.132
3741,349003,-15.5,19,100.0,0.6618,0.2032,0.6755,0.3369,0.5478,0.3953,0.8919,0.4075,-0.2719,C,0.2019,0.322-0.622,0.691,0.491,0.132
3742,349017,-22.96,14,92.9,0.932,0.0824,0.7602,0.2494,0.4361,0.0449,0.3821,0.4055,-0.1611,C,0.239,0.322-0.622,0.691,0.491,0.132
3743,349081,-6.69,64,100.0,0.463,0.2444,0.4787,0.511,0.8026,1.3358,0.9447,0.4301,-0.5118,C,0.2162,0.322-0.622,0.691,0.491,0.132
3744,349099,-44.13,18,22.2,1.0604,0.0134,0.6993,0.3415,0.5362,0.001,0.032,0.3762,-0.3038,C,0.209,0.322-0.622,0.691,0.491,0.132
3745,349113,-24.06,14,85.7,0.7894,0.1344,0.8172,0.239,0.3247,0.113,0.5338,0.4008,-0.17,C,0.191,0.322-0.622,0.691,0.491,0.132
3746,349128,-25.49,15,100.0,0.7218,0.1592,0.781,0.2765,0.4002,0.8242,0.6991,0.4073,-0.2315,C,0.215,0.322-0.622,0.691,0.491,0.132
3747,349161,-45.81,33,100.0,0.7772,0.1115,0.5585,0.4586,0.6635,0.3808,0.5168,0.4325,-0.4437,C,0.2302,0.322-0.622,0.691,0.491,0.132
3748,349176,-14.87,15,80.0,0.8645,0.089,0.7626,0.2503,0.3582,0.0458,0.3431,0.4192,-0.1714,C,0.2285,0.322-0.622,0.691,0.491,0.132
3749,349224,-51.93,48,89.6,0.8011,0.151,0.564,0.447,0.7553,0.1292,0.6365,0.4271,-0.4292,C,0.2394,0.322-0.622,0.691,0.491,0.132
3750,349238,-7.62,14,100.0,0.7062,0.1604,0.8011,0.2012,0.4236,0.6329,0.7028,0.2847,-0.1097,C,0.1855,0.322-0.622,0.691,0.491,0.132
3751,349252,-32.63,14,0.0,0.0,0.0,0.8116,0.2373,0.4346,0.0,0.0,0.4331,-0.1943,C,0.2095,0.322-0.622,0.691,0.491,0.132
3752,349266,-5.76,14,100.0,0.7592,0.1863,0.796,0.244,0.4336,0.2178,0.8516,0.4378,-0.1493,C,0.2024,0.322-0.622,0.691,0.491,0.132
3753,349297,-71.36,31,93.5,0.9466,0.0883,0.6426,0.4799,0.612,0.0252,0.3848,0.4134,-0.5021,C,0.2209,0.322-0.622,0.691,0.491,0.132
3754,349319,-13.54,22,86.4,0.6281,0.2062,0.6149,0.3308,0.619,0.4061,0.7852,0.3769,-0.2734,C,0.1895,0.322-0.622,0.691,0.491,0.132
3755,349334,-21.4,15,73.3,0.8205,0.1274,0.7547,0.2445,0.3419,0.0572,0.434,0.4028,-0.1645,C,0.1878,0.322-0.622,0.691,0.491,0.132
3756,349348,-9.88,14,85.7,0.7321,0.16,0.7869,0.2251,0.3389,0.1902,0.6227,0.4699,-0.1411,C,0.2259,0.322-0.622,0.691,0.491,0.132
3757,349362,-14.85,14,100.0,0.7586,0.1855,0.7802,0.2642,0.4547,0.1957,0.8488,0.3901,-0.1895,C,0.2488,0.322-0.622,0.691,0.491,0.132
3758,349486,-95.2,124,99.2,0.59,0.2103,0.4512,0.5541,0.9019,0.5681,0.878,0.4401,-0.5635,C,0.1843,0.322-0.622,0.692,0.492,0.132
3759,349501,-22.01,15,100.0,0.7322,0.1617,0.7291,0.2724,0.4046,0.2269,0.745,0.3578,-0.2252,C,0.1894,0.322-0.622,0.692,0.492,0.132
3760,349515,-9.36,14,92.9,0.8207,0.1055,0.8033,0.192,0.3255,0.1344,0.4628,0.4468,-0.1027,C,0.2322,0.322-0.622,0.692,0.492,0.132
3761,349529,-17.92,14,78.6,0.9201,0.0792,0.8266,0.1486,0.3898,0.0284,0.2904,0.3759,-0.0481,C,0.2221,0.322-0.622,0.692,0.492,0.132
3762,349543,-27.76,14,0.0,0.0,0.0,0.8264,0.1913,0.4162,0.0,0.0,0.3748,-0.1262,C,0.2427,0.322-0.622,0.692,0.492,0.132
3763,349577,-38.38,34,100.0,0.783,0.1111,0.5394,0.4351,0.6884,0.4577,0.506,0.4105,-0.3678,C,0.1842,0.322-0.622,0.692,0.492,0.132
3764,349590,-16.09,13,100.0,0.7197,0.1985,0.865,0.1706,0.4136,0.2485,0.9008,0.3473,-0.1102,C,0.226,0.322-0.622,0.692,0.492,0.132
3765,349605,-16.32,15,100.0,0.5398,0.2247,0.6985,0.3377,0.4168,1.267,0.8837,0.3573,-0.3064,C,0.2064,0.322-0.622,0.692,0.492,0.132
3766,349619,-11.67,14,92.9,0.6596,0.1807,0.8174,0.2215,0.2977,0.8343,0.7488,0.4249,-0.1602,C,0.2261,0.322-0.622,0.692,0.492,0.132
3767,349831,-220.37,212,99.1,0.6641,0.1654,0.4215,0.558,0.9432,0.3536,0.7524,0.3721,-0.5683,C,0.1956,0.322-0.622,0.692,0.492,0.132
3768,349846,-13.11,15,100.0,0.6736,0.177,0.7649,0.2482,0.346,0.736,0.792,0.2763,-0.1709,C,0.2495,0.322-0.622,0.693,0.493,0.132
3769,349901,33.89,55,96.4,0.4516,0.2126,0.5288,0.4277,0.7104,1.6715,0.8192,0.411,-0.3433,C,0.2203,0.322-0.622,0.693,0.493,0.132
3770,349917,-16.76,16,75.0,0.7553,0.1497,0.805,0.1669,0.2947,0.1395,0.5075,0.312,-0.0683,C,0.2202,0.322-0.622,0.693,0.493,0.132
3771,349930,-7.41,13,100.0,0.7411,0.1333,0.8094,0.1593,0.4093,0.71,0.6155,0.3538,-0.0932,C,0.2182,0.322-0.622,0.693,0.493,0.132
3772,349945,-15.6,15,80.0,0.7794,0.1208,0.7896,0.1774,0.2954,0.1046,0.4501,0.3797,-0.1184,C,0.1953,0.322-0.622,0.693,0.493,0.132
3773,350041,-23.87,96,94.8,0.5191,0.2435,0.4434,0.5272,0.8592,0.9121,0.8696,0.4309,-0.5124,C,0.19,0.322-0.622,0.693,0.493,0.132
3774,350069,-15.95,28,89.3,0.5344,0.2053,0.6115,0.3815,0.4758,1.2569,0.7842,0.3722,-0.3377,C,0.1927,0.322-0.622,0.693,0.493,0.132
3775,350108,-34.64,39,92.3,0.6178,0.1943,0.5311,0.4823,0.7288,0.5222,0.8044,0.4247,-0.4614,C,0.243,0.322-0.622,0.693,0.493,0.132
3776,350121,-5.98,13,84.6,0.9033,0.0845,0.8351,0.1372,0.4136,0.0378,0.3313,0.4072,-0.0651,C,0.2038,0.322-0.622,0.693,0.493,0.132
3777,350135,-2.51,14,100.0,0.6799,0.163,0.8075,0.1641,0.4096,0.6559,0.7201,0.4338,-0.0699,C,0.2191,0.322-0.622,0.693,0.493,0.132
3778,350191,-58.76,56,98.2,0.6872,0.2302,0.5247,0.5418,0.8222,0.3163,0.9416,0.4235,-0.5401,C,0.2027,0.322-0.622,0.693,0.493,0.132
3779,350236,-43.06,45,95.6,0.6292,0.2094,0.5465,0.4814,0.7638,0.43,0.8893,0.46,-0.4942,C,0.226,0.322-0.622,0.693,0.493,0.132
3780,350250,-8.82,14,100.0,0.7245,0.1741,0.7516,0.2314,0.4242,0.456,0.7518,0.477,-0.1592,C,0.1965,0.322-0.622,0.693,0.493,0.132
3781,350266,-9.21,16,93.8,0.7762,0.1485,0.7011,0.2671,0.3861,0.3736,0.6222,0.4553,-0.1597,C,0.1953,0.322-0.622,0.693,0.493,0.132
3782,350292,-18.3,26,96.2,0.5034,0.2206,0.6357,0.4403,0.6067,1.2069,0.8899,0.3758,-0.3789,C,0.2262,0.322-0.622,0.693,0.493,0.132
3783,350306,-3.83,14,100.0,0.6601,0.2095,0.7391,0.2274,0.4433,0.514,0.8889,0.4462,-0.131,C,0.2388,0.322-0.622,0.694,0.494,0.132
3784,350319,-18.18,13,100.0,0.831,0.1202,0.8791,0.1591,0.3506,0.753,0.5686,0.3688,-0.106,C,0.2049,0.322-0.622,0.694,0.494,0.132
3785,350334,-18.35,15,100.0,1.034,0.0468,0.7347,0.2629,0.4773,0.0131,0.2418,0.3363,-0.147,C,0.2264,0.322-0.622,0.694,0.494,0.132
3786,350350,-22.44,16,93.8,0.91,0.0747,0.6827,0.345,0.4687,0.0397,0.3529,0.4384,-0.2645,C,0.1981,0.322-0.622,0.694,0.494,0.132
3787,350364,-23.51,14,0.0,0.0,0.0,0.8254,0.1948,0.4118,0.0,0.0,0.4065,-0.1008,C,0.2269,0.322-0.622,0.694,0.494,0.132
3788,350397,-17.54,33,97.0,0.462,0.2297,0.5779,0.4885,0.6173,1.4583,0.9003,0.4094,-0.4858,C,0.2061,0.322-0.622,0.694,0.494,0.132
3789,350410,-8.51,13,100.0,0.7675,0.1782,0.8506,0.1752,0.3955,0.1944,0.828,0.3451,-0.157,C,0.2425,0.322-0.622,0.694,0.494,0.132
3790,350503,59.96,93,100.0,0.3756,0.2652,0.4492,0.5487,0.9041,1.9395,0.9113,0.4759,-0.5657,C,0.2021,0.322-0.622,0.694,0.494,0.132
3791,350517,-12.34,14,100.0,0.6156,0.1911,0.8166,0.1964,0.4062,0.9531,0.8484,0.4433,-0.1266,C,0.1834,0.322-0.622,0.694,0.494,0.132
3792,350734,-238.84,217,100.0,0.6456,0.2152,0.4343,0.5811,0.9317,0.4176,0.8573,0.4519,-0.619,C,0.1839,0.322-0.622,0.694,0.494,0.132
3793,350748,-23.78,14,92.9,1.0304,0.0357,0.7952,0.3029,0.4399,0.0105,0.1897,0.3414,-0.3154,C,0.2075,0.322-0.622,0.694,0.494,0.132
3794,350762,-8.55,14,100.0,0.8962,0.106,0.8044,0.1762,0.3709,0.1776,0.5096,0.4514,-0.0854,C,0.2201,0.322-0.622,0.694,0.494,0.132
3795,350776,-5.73,14,92.9,0.7897,0.1558,0.7836,0.1809,0.4287,0.1338,0.6815,0.3167,-0.1037,C,0.2028,0.322-0.622,0.695,0.495,0.132
3796,350790,-8.58,14,100.0,1.0376,0.0674,0.8272,0.2016,0.4407,0.023,0.3281,0.3762,-0.1251,C,0.1883,0.322-0.622,0.695,0.495,0.132
3797,350804,-5.81,14,100.0,0.8422,0.1152,0.7539,0.2044,0.4241,0.1135,0.5416,0.4472,-0.0989,C,0.2426,0.322-0.622,0.695,0.495,0.132
3798,350818,-17.41,14,92.9,0.6869,0.1792,0.7475,0.2441,0.3663,0.3415,0.7526,0.4272,-0.1663,C,0.2455,0.322-0.622,0.695,0.495,0.132
3799,350834,-10.66,16,93.8,0.675,0.1879,0.7101,0.2304,0.4334,0.5332,0.7753,0.4596,-0.1265,C,0.1832,0.322-0.622,0.695,0.495,0.132
3800,350849,-19.38,15,100.0,0.5727,0.2016,0.7761,0.2849,0.3593,1.2198,0.8672,0.416,-0.2518,C,0.2131,0.322-0.622,0.695,0.495,0.132
3801,350879,-45.6,30,90.0,0.7597,0.1735,0.5406,0.475,0.5738,0.3597,0.6718,0.3887,-0.4559,C,0.2243,0.322-0.622,0.695,0.495,0.132
3802,350893,-17.92,14,100.0,0.805,0.1396,0.7945,0.2714,0.3476,0.3527,0.6281,0.4095,-0.2295,C,0.243,0.322-0.622,0.695,0.495,0.132
3803,350908,-20.1,15,100.0,0.8481,0.1309,0.7274,0.3027,0.4367,0.153,0.612,0.4253,-0.1905,C,0.1881,0.322-0.622,0.695,0.495,0.132
3804,350922,-6.65,14,100.0,0.5267,0.2296,0.8294,0.2608,0.4229,1.1396,0.9474,0.3832,-0.2087,C,0.1893,0.322-0.622,0.695,0.495,0.132
3805,350982,22.36,60,98.3,0.4524,0.2398,0.5008,0.4988,0.8316,1.5384,0.9242,0.4012,-0.4771,C,0.2368,0.322-0.622,0.695,0.495,0.132
3806,351029,-39.48,47,100.0,0.5939,0.2428,0.5139,0.5074,0.755,0.6612,0.9538,0.415,-0.5031,C,0.183,0.322-0.622,0.695,0.495,0.133
3807,351047,-6.4,18,100.0,0.6812,0.1781,0.7227,0.2716,0.474,0.5661,0.7604,0.3538,-0.1873,C,0.2419,0.322-0.622,0.695,0.495,0.133
3808,351066,-17.73,19,78.9,0.7354,0.148,0.7053,0.334,0.4791,0.2076,0.5479,0.4368,-0.2782,C,0.1956,0.322-0.622,0.695,0.495,0.133
3809,351079,-7.79,13,92.3,0.6481,0.1752,0.8137,0.2063,0.39,0.3873,0.7402,0.3945,-0.1501,C,0.2217,0.322-0.622,0.695,0.495,0.133
3810,351258,-81.94,179,98.9,0.529,0.2465,0.4338,0.5541,0.9291,0.8153,0.9136,0.3872,-0.5562,C,0.214,0.322-0.622,0.696,0.496,0.133
3811,351273,-16.95,15,86.7,0.5898,0.2063,0.7951,0.2171,0.328,0.8853,0.7531,0.387,-0.1554,C,0.2189,0.322-0.622,0.696,0.496,0.133
3812,351286,-35.74,13,0.0,0.0,0.0,0.8132,0.2359,0.4055,0.0,0.0,0.4529,-0.1645,C,0.2411,0.322-0.622,0.696,0.496,0.133
3813,351373,31.48,87,94.3,0.3619,0.2287,0.4977,0.5198,0.819,2.0103,0.8748,0.3145,-0.5384,C,0.208,0.322-0.622,0.696,0.496,0.133
3814,351444,-61.58,71,94.4,0.8645,0.0654,0.502,0.4073,0.8263,0.0537,0.2978,0.3734,-0.3428,C,0.1849,0.322-0.622,0.696,0.496,0.133
3815,351459,-25.13,15,93.3,0.7714,0.1333,0.7448,0.289,0.3779,0.2538,0.5647,0.4407,-0.203,C,0.2331,0.322-0.622,0.696,0.496,0.133
3816,351475,-8.05,16,81.2,0.7484,0.1519,0.6913,0.2264,0.361,0.186,0.5485,0.4723,-0.1079,C,0.2351,0.322-0.622,0.696,0.496,0.133
3817,351494,-15.84,19,94.7,0.5649,0.1995,0.7444,0.317,0.424,1.0719,0.8173,0.4169,-0.26,C,0.2038,0.322-0.622,0.696,0.496,0.133
3818,351509,-5.26,15,93.3,0.699,0.19,0.788,0.2134,0.4194,0.263,0.7987,0.3451,-0.1332,C,0.1916,0.322-0.622,0.696,0.496,0.133
3819,351523,-15.83,14,71.4,1.0257,0.035,0.8156,0.2186,0.4311,0.0075,0.1497,0.3597,-0.1387,C,0.1849,0.322-0.622,0.696,0.496,0.133
3820,351958,25.32,435,98.9,0.4437,0.2039,0.4153,0.5749,0.9482,1.4922,0.8744,0.4021,-0.603,C,0.2116,0.322-0.622,0.697,0.497,0.133
3821,352342,-461.31,384,97.7,0.6981,0.1751,0.4115,0.5642,0.9339,0.3093,0.7828,0.3594,-0.5768,C,0.2305,0.322-0.622,0.698,0.498,0.133
3822,352364,-6.02,22,86.4,0.6441,0.1941,0.6653,0.2557,0.5821,0.3682,0.7145,0.4208,-0.1493,C,0.2191,0.322-0.622,0.698,0.498,0.133
3823,352395,-15.75,31,93.5,0.6176,0.1765,0.6304,0.4027,0.541,0.912,0.7062,0.3847,-0.3569,C,0.2118,0.322-0.622,0.698,0.498,0.133
3824,352830,-257.93,435,99.3,0.6331,0.191,0.4013,0.548,0.9576,0.5114,0.8594,0.4077,-0.5302,C,0.226,0.322-0.622,0.699,0.499,0.133
3825,352844,-11.52,14,100.0,0.7443,0.1888,0.8459,0.1646,0.4445,0.3113,0.8341,0.4046,-0.0931,C,0.1976,0.322-0.622,0.699,0.499,0.133
3826,352868,-11.84,24,100.0,0.8621,0.1375,0.6257,0.2708,0.5735,0.0678,0.6496,0.3572,-0.2033,C,0.1927,0.322-0.622,0.699,0.499,0.133
3827,352882,-15.17,14,92.9,0.6875,0.1753,0.815,0.2456,0.4052,0.3165,0.7526,0.3793,-0.1464,C,0.2061,0.322-0.622,0.699,0.499,0.133
3828,353027,11.19,145,100.0,0.476,0.1881,0.4542,0.5266,0.912,1.2773,0.804,0.4581,-0.5251,C,0.2261,0.322-0.622,0.699,0.499,0.133
3829,353078,-75.35,51,96.1,0.9376,0.0754,0.5726,0.4726,0.7759,0.0359,0.3653,0.4441,-0.4612,C,0.223,0.322-0.622,0.699,0.499,0.133
3830,353094,-3.36,16,81.2,0.5362,0.2168,0.8078,0.1876,0.3112,1.0858,0.7281,0.2551,-0.1159,C,0.1876,0.322-0.622,0.699,0.499,0.133
3831,353108,-33.33,14,0.0,0.0,0.0,0.8026,0.2104,0.4408,0.0,0.0,0.3381,-0.1321,C,0.205,0.322-0.622,0.7,0.5,0.133
3832,353186,106.75,78,94.9,0.3356,0.2212,0.4571,0.4163,0.7808,2.2207,0.8603,0.325,-0.3489,C,0.2154,0.322-0.622,0.7,0.5,0.133
3833,353245,-8.59,59,94.9,0.5972,0.1867,0.5129,0.4223,0.7839,0.5411,0.8138,0.4133,-0.3517,C,0.1963,0.322-0.622,0.7,0.5,0.133
3834,353259,-12.08,14,64.3,1.0004,0.046,0.7628,0.1995,0.3929,0.0082,0.1607,0.4507,-0.0887,C,0.1856,0.322-0.622,0.7,0.5,0.133
3835,353279,-28.16,20,75.0,0.7897,0.1337,0.6759,0.3008,0.3501,0.1114,0.4519,0.4277,-0.2172,C,0.2394,0.322-0.622,0.7,0.5,0.133
3836,353292,-36.43,13,0.0,0.0,0.0,0.858,0.1977,0.4189,0.0,0.0,0.4294,-0.147,C,0.2156,0.322-0.622,0.7,0.5,0.133
3837,353306,-6.63,14,92.9,0.844,0.113,0.8307,0.15,0.4217,0.0747,0.4919,0.4294,-0.0665,C,0.1861,0.322-0.622,0.7,0.5,0.133
3838,353368,-39.14,62,96.8,0.5642,0.2024,0.4992,0.4721,0.7567,0.7293,0.8409,0.354,-0.4478,C,0.2472,0.322-0.622,0.7,0.5,0.133
3839,353382,-14.27,14,100.0,0.7234,0.1997,0.8307,0.215,0.3979,0.3045,0.8826,0.3348,-0.1278,C,0.1989,0.322-0.622,0.7,0.5,0.133
3840,353398,-8.82,16,81.2,0.5549,0.2124,0.785,0.187,0.3177,0.9481,0.7227,0.2899,-0.0638,C,0.2141,0.322-0.622,0.7,0.5,0.133
3841,353558,-31.43,160,100.0,0.5671,0.1889,0.4432,0.5042,0.9113,0.8481,0.8634,0.3723,-0.4742,C,0.1844,0.322-0.622,0.7,0.5,0.133
3842,353571,-1.07,13,100.0,0.8765,0.1381,0.9245,0.0677,0.4206,0.259,0.6242,0.3402,-0.0126,C,0.2108,0.322-0.622,0.701,0.501,0.133
3843,353585,-19.99,14,35.7,1.1072,0.007,0.7932,0.2142,0.4047,0.0018,0.046,0.3554,-0.1034,C,0.1979,0.322-0.622,0.701,0.501,0.133
3844,353633,6.18,48,95.8,0.5264,0.2229,0.5203,0.428,0.7119,1.2294,0.8137,0.4053,-0.3895,C,0.2326,0.322-0.622,0.701,0.501,0.133
3845,353776,202.61,143,98.6,0.2485,0.2052,0.4206,0.5293,0.907,2.7319,0.8809,0.4095,-0.5264,C,0.2474,0.322-0.622,0.701,0.501,0.133
3846,353791,-15.47,15,93.3,0.6602,0.1671,0.7055,0.2711,0.3371,0.4521,0.7041,0.39,-0.2089,C,0.2174,0.322-0.622,0.701,0.501,0.133
3847,353822,-12.23,31,100.0,0.5925,0.219,0.5816,0.4121,0.6716,0.7631,0.9019,0.4134,-0.3417,C,0.2043,0.322-0.622,0.701,0.501,0.134
3848,353837,-18.97,15,86.7,0.9024,0.0605,0.7584,0.2653,0.3893,0.0305,0.2655,0.3645,-0.1901,C,0.2364,0.322-0.622,0.701,0.501,0.134
3849,354020,21.96,183,99.5,0.4665,0.2319,0.4364,0.5467,0.902,1.4262,0.9558,0.4316,-0.5668,C,0.2458,0.322-0.622,0.701,0.501,0.134
3850,354057,-29.6,37,83.8,0.6728,0.2048,0.5725,0.4385,0.701,0.4052,0.7144,0.3907,-0.4177,C,0.2219,0.322-0.622,0.702,0.502,0.134
3851,354071,-3.43,14,100.0,0.7468,0.1757,0.7803,0.2077,0.4385,0.2562,0.7997,0.381,-0.115,C,0.2003,0.322-0.622,0.702,0.502,0.134
3852,354088,-22.16,17,82.4,0.6967,0.1737,0.7103,0.2867,0.359,0.3516,0.6199,0.3311,-0.2009,C,0.2384,0.322-0.622,0.702,0.502,0.134
3853,354206,-6.27,118,99.2,0.5645,0.2224,0.4279,0.5188,0.907,0.9868,0.7606,0.4585,-0.4908,C,0.2351,0.322-0.622,0.702,0.502,0.134
3854,354222,-14.55,16,93.8,0.7733,0.1238,0.7157,0.2472,0.3818,0.1713,0.533,0.3628,-0.1648,C,0.212,0.322-0.622,0.702,0.502,0.134
3855,354236,-17.6,14,100.0,0.6799,0.1659,0.7668,0.2912,0.3918,0.7463,0.7296,0.4246,-0.2545,C,0.2104,0.322-0.622,0.702,0.502,0.134
3856,354251,-46.87,15,0.0,0.0,0.0,0.7645,0.3045,0.38,0.0,0.0,0.4134,-0.2515,C,0.2125,0.322-0.622,0.702,0.502,0.134
3857,354316,51.41,65,95.4,0.4312,0.243,0.5041,0.4596,0.8315,1.6379,0.8828,0.3909,-0.4258,C,0.2438,0.322-0.622,0.702,0.502,0.134
3858,354545,-405.96,229,99.6,0.8207,0.1294,0.4504,0.5771,0.9356,0.1169,0.6031,0.3541,-0.6171,C,0.2262,0.322-0.622,0.703,0.503,0.134
3859,354559,-38.3,14,14.3,1.2715,0.0039,0.8135,0.222,0.3747,0.0,0.0174,0.3236,-0.1631,C,0.2181,0.322-0.622,0.703,0.503,0.134
3860,354576,-14.11,17,88.2,0.9404,0.0604,0.7618,0.2339,0.4625,0.023,0.2652,0.3376,-0.1237,C,0.1856,0.322-0.622,0.703,0.503,0.134
3861,354592,-25.12,16,81.2,0.6652,0.1729,0.7699,0.2671,0.3037,0.5323,0.6336,0.3172,-0.2104,C,0.1933,0.322-0.622,0.703,0.503,0.134
3862,354660,-83.07,68,94.1,0.8299,0.1504,0.487,0.4886,0.8285,0.1075,0.6245,0.3523,-0.4687,C,0.22,0.322-0.622,0.703,0.503,0.134
3863,354674,-19.95,14,100.0,0.662,0.1359,0.721,0.3138,0.4228,0.6952,0.6254,0.382,-0.2289,C,0.2129,0.322-0.622,0.703,0.503,0.134
3864,354719,-36.23,45,93.3,0.4913,0.2456,0.6066,0.5353,0.7554,1.1477,0.8775,0.4083,-0.5716,C,0.1933,0.322-0.622,0.703,0.503,0.134
3865,354733,-16.5,14,100.0,0.7017,0.1789,0.7565,0.1874,0.3724,0.6018,0.7722,0.3668,-0.1161,C,0.1852,0.322-0.622,0.703,0.503,0.134
3866,354748,-20.69,15,93.3,0.8312,0.0931,0.7576,0.2106,0.3797,0.0885,0.4165,0.3348,-0.1107,C,0.2446,0.322-0.622,0.703,0.503,0.134
3867,354770,-6.01,22,86.4,0.7736,0.1397,0.6906,0.2516,0.6096,0.1236,0.5672,0.3806,-0.1371,C,0.1905,0.322-0.622,0.703,0.503,0.134
3868,354784,0.21,14,100.0,0.4897,0.2328,0.8058,0.2191,0.4026,1.3085,0.9371,0.3155,-0.1178,C,0.2053,0.322-0.622,0.703,0.503,0.134
3869,354798,-20.28,14,92.9,0.6804,0.1783,0.7627,0.2128,0.3357,0.4433,0.7205,0.3777,-0.1634,C,0.2052,0.322-0.622,0.703,0.503,0.134
3870,354828,0.91,30,90.0,0.4743,0.2178,0.5262,0.422,0.5824,1.3786,0.8112,0.4068,-0.3595,C,0.2363,0.322-0.622,0.703,0.503,0.134
3871,354842,-8.81,14,100.0,0.5384,0.2214,0.7264,0.3291,0.428,1.0574,0.9373,0.4393,-0.2747,C,0.2412,0.322-0.622,0.703,0.503,0.134
3872,354921,-21.53,79,98.7,0.5364,0.1946,0.473,0.4808,0.8568,0.7439,0.7876,0.4238,-0.4501,C,0.2191,0.322-0.622,0.703,0.503,0.134
3873,355025,-52.02,104,95.2,0.6341,0.1764,0.4335,0.4985,0.8812,0.4213,0.7561,0.4067,-0.4575,C,0.1976,0.322-0.622,0.704,0.504,0.134
3874,355191,-29.78,166,98.8,0.6145,0.2065,0.467,0.4935,0.876,0.7708,0.8048,0.4646,-0.4717,C,0.1865,0.322-0.622,0.704,0.504,0.134
3875,355209,-19.63,18,100.0,0.8523,0.1532,0.7365,0.3048,0.4999,0.0947,0.7181,0.4102,-0.2312,C,0.2333,0.322-0.622,0.704,0.504,0.134
3876,355224,-12.01,15,100.0,0.6283,0.2071,0.673,0.2878,0.4532,0.5721,0.8842,0.4073,-0.1743,C,0.234,0.322-0.622,0.704,0.504,0.134
3877,355252,-38.26,28,67.9,0.9159,0.0869,0.7071,0.2864,0.4071,0.0211,0.2946,0.4225,-0.2106,C,0.2335,0.322-0.622,0.704,0.504,0.134
3878,355266,-26.62,14,92.9,0.7535,0.1766,0.7994,0.2974,0.4167,0.1941,0.7563,0.3788,-0.3095,C,0.2415,0.322-0.622,0.704,0.504,0.134
3879,355291,-61.5,25,40.0,0.8336,0.105,0.7137,0.3855,0.4934,0.0294,0.2034,0.4112,-0.3679,C,0.2031,0.322-0.622,0.704,0.504,0.134
3880,355305,-22.06,14,0.0,0.0,0.0,0.8318,0.1591,0.4294,0.0,0.0,0.3223,-0.074,C,0.2299,0.322-0.622,0.704,0.504,0.134
3881,355319,-12.5,14,100.0,0.887,0.1289,0.8322,0.2352,0.4326,0.068,0.6017,0.364,-0.1947,C,0.2012,0.322-0.622,0.704,0.504,0.134
3882,355390,-72.34,71,94.4,0.857,0.0847,0.4891,0.4509,0.8296,0.0518,0.3755,0.4655,-0.4104,C,0.1856,0.322-0.622,0.704,0.504,0.134
3883,355405,-11.84,15,93.3,1.0606,0.0232,0.816,0.2092,0.4687,0.0083,0.1594,0.3125,-0.1174,C,0.1875,0.322-0.622,0.704,0.504,0.134
3884,355424,-22.67,19,73.7,0.7011,0.1591,0.7305,0.228,0.2627,0.5684,0.5316,0.3308,-0.132,C,0.238,0.322-0.622,0.704,0.504,0.134
3885,355439,-18.61,15,80.0,0.9725,0.0587,0.7874,0.2369,0.4659,0.0173,0.2293,0.4104,-0.1396,C,0.1973,0.322-0.622,0.705,0.505,0.134
3886,355453,-10.94,14,92.9,0.9458,0.048,0.7876,0.2049,0.42,0.03,0.2369,0.4533,-0.1067,C,0.2466,0.322-0.622,0.705,0.505,0.134
3887,355469,-17.29,16,100.0,0.6051,0.2262,0.6681,0.2877,0.4704,0.6128,0.9452,0.3876,-0.1918,C,0.239,0.322-0.622,0.705,0.505,0.134
3888,355484,0.73,15,100.0,0.532,0.2131,0.7569,0.2586,0.3755,1.3176,0.8944,0.3532,-0.1356,C,0.2035,0.322-0.622,0.705,0.505,0.134
3889,355782,-226.94,298,98.7,0.5981,0.1859,0.4274,0.5512,0.9366,0.6501,0.8339,0.3544,-0.5666,C,0.2211,0.322-0.622,0.705,0.505,0.134
3890,355798,-27.46,16,100.0,0.6985,0.1776,0.6839,0.3538,0.3496,0.6199,0.79,0.4061,-0.2858,C,0.2388,0.322-0.622,0.705,0.505,0.134
3891,355813,-14.16,15,86.7,0.903,0.0899,0.8,0.2348,0.4331,0.0459,0.3648,0.3417,-0.1162,C,0.2384,0.322-0.622,0.705,0.505,0.134
3892,355828,-1.06,15,100.0,0.6061,0.2025,0.8101,0.2085,0.4375,0.846,0.8652,0.3735,-0.0942,C,0.1978,0.322-0.622,0.705,0.505,0.134
3893,355843,-17.58,15,100.0,0.5688,0.2155,0.7026,0.2874,0.4437,0.9277,0.9218,0.4366,-0.2294,C,0.2354,0.322-0.622,0.705,0.505,0.134
3894,355857,-11.03,14,92.9,0.8393,0.1179,0.8333,0.1792,0.3419,0.1108,0.5012,0.341,-0.1198,C,0.187,0.322-0.622,0.705,0.505,0.134
3895,356009,-10.52,152,98.7,0.4473,0.2555,0.4567,0.5876,0.9201,1.5873,0.8456,0.4688,-0.6303,C,0.2106,0.322-0.622,0.706,0.506,0.134
3896,356088,2.61,79,96.2,0.4227,0.2474,0.5037,0.5594,0.8446,1.6977,0.8893,0.425,-0.584,C,0.2187,0.322-0.622,0.706,0.506,0.134
3897,356102,-12.92,14,100.0,0.7839,0.1312,0.754,0.2234,0.4057,0.1659,0.6036,0.3496,-0.1467,C,0.2244,0.322-0.622,0.706,0.506,0.134
3898,356128,-35.09,26,80.8,0.9315,0.0697,0.7,0.3256,0.4886,0.0251,0.2768,0.3062,-0.2939,C,0.1987,0.322-0.622,0.706,0.506,0.134
3899,356250,-163.12,122,96.7,0.813,0.1034,0.4721,0.5139,0.8935,0.0993,0.46,0.4077,-0.5031,C,0.2143,0.322-0.622,0.706,0.506,0.134
3900,356289,-24.71,39,100.0,0.708,0.1793,0.553,0.4541,0.7299,0.5979,0.7814,0.4529,-0.4138,C,0.1888,0.322-0.622,0.706,0.506,0.134
3901,356307,0.83,18,94.4,0.5034,0.2306,0.7363,0.265,0.4958,1.1897,0.8685,0.3405,-0.1426,C,0.2466,0.322-0.622,0.706,0.506,0.134
3902,356323,-1.98,16,100.0,0.7301,0.1749,0.7735,0.207,0.4478,0.4565,0.7696,0.4384,-0.0955,C,0.2377,0.322-0.622,0.706,0.506,0.134
3903,356337,-15.18,14,78.6,0.9257,0.0463,0.8023,0.1713,0.3886,0.0225,0.1977,0.338,-0.1154,C,0.1888,0.322-0.622,0.706,0.506,0.134
3904,356351,-9.4,14,100.0,0.6869,0.1652,0.8179,0.217,0.4284,0.7331,0.7093,0.4218,-0.1446,C,0.1884,0.322-0.622,0.706,0.506,0.134
3905,356369,-16.34,18,100.0,0.7814,0.1419,0.7546,0.312,0.4581,0.2411,0.6565,0.3904,-0.2534,C,0.1904,0.322-0.622,0.707,0.507,0.134
3906,356385,-20.87,16,81.2,0.6402,0.1849,0.7734,0.2207,0.3154,0.5583,0.6591,0.3318,-0.1749,C,0.2383,0.322-0.622,0.707,0.507,0.134
3907,356400,-10.94,15,80.0,0.9466,0.0997,0.8198,0.1644,0.4711,0.0263,0.3777,0.3636,-0.0872,C,0.2392,0.322-0.622,0.707,0.507,0.134
3908,356467,-60.99,67,94.0,0.6947,0.0876,0.4639,0.4594,0.7894,0.5696,0.3994,0.388,-0.4163,C,0.2297,0.322-0.622,0.707,0.507,0.134
3909,356517,-28.29,50,94.0,0.4346,0.2234,0.4817,0.5448,0.7405,1.4667,0.8954,0.4179,-0.5557,C,0.2445,0.322-0.622,0.707,0.507,0.134
3910,356532,-10.82,15,100.0,0.5581,0.2316,0.774,0.2409,0.4446,0.9924,0.8925,0.3479,-0.1782,C,0.1943,0.322-0.622,0.707,0.507,0.134
3911,356714,116.17,182,99.5,0.3302,0.1886,0.4301,0.5558,0.9254,2.1357,0.7641,0.4593,-0.5685,C,0.1979,0.322-0.622,0.707,0.507,0.135
3912,356729,-29.24,15,0.0,0.0,0.0,0.7832,0.247,0.4187,0.0,0.0,0.4244,-0.175,C,0.2361,0.322-0.622,0.707,0.507,0.135
3913,356842,127.2,113,97.3,0.3976,0.2382,0.4193,0.4884,0.8727,1.9903,0.8172,0.4474,-0.4495,C,0.2486,0.322-0.622,0.708,0.508,0.135
3914,356868,-42.64,26,92.3,0.8013,0.137,0.6015,0.4485,0.5509,0.1217,0.5928,0.4116,-0.4463,C,0.2358,0.322-0.622,0.708,0.508,0.135
3915,356888,-1.94,20,95.0,0.5616,0.215,0.6068,0.3573,0.4919,1.0492,0.8605,0.4137,-0.2325,C,0.2407,0.322-0.622,0.708,0.508,0.135
3916,356902,-29.33,14,71.4,0.9915,0.0278,0.8119,0.2172,0.4199,0.013,0.1326,0.3896,-0.1644,C,0.2252,0.322-0.622,0.708,0.508,0.135
3917,356916,-7.13,14,92.9,0.5113,0.1962,0.751,0.2701,0.4113,1.1641,0.7736,0.409,-0.211,C,0.2102,0.322-0.622,0.708,0.508,0.135
3918,356977,21.57,61,95.1,0.5178,0.19,0.5392,0.4018,0.7558,1.0182,0.8072,0.4273,-0.3462,C,0.242,0.322-0.622,0.708,0.508,0.135
3919,356992,-12.23,15,100.0,0.6985,0.1821,0.7632,0.2665,0.3645,0.685,0.781,0.4003,-0.1916,C,0.2467,0.322-0.622,0.708,0.508,0.135
3920,357061,27.45,69,97.1,0.4664,0.1878,0.4521,0.4682,0.8183,1.5392,0.7464,0.3901,-0.4292,C,0.2394,0.322-0.622,0.708,0.508,0.135
3921,357185,-135.79,124,100.0,0.761,0.1504,0.5149,0.5204,0.8546,0.4621,0.6948,0.3611,-0.5302,C,0.2268,0.322-0.622,0.708,0.508,0.135
3922,357226,-25.8,41,100.0,0.6289,0.2241,0.5522,0.4729,0.7377,0.6214,0.9416,0.3906,-0.4509,C,0.249,0.322-0.622,0.708,0.508,0.135
3923,357240,-9.93,14,100.0,0.5325,0.2179,0.8413,0.1813,0.4413,1.1563,0.9373,0.3438,-0.0839,C,0.237,0.322-0.622,0.708,0.508,0.135
3924,357263,-30.24,23,78.3,0.576,0.2246,0.667,0.3908,0.473,0.6885,0.6943,0.4441,-0.3716,C,0.2459,0.322-0.622,0.708,0.508,0.135
3925,357277,-24.07,14,85.7,0.7904,0.1012,0.7778,0.2135,0.3778,0.0873,0.4082,0.4189,-0.1332,C,0.2394,0.322-0.622,0.708,0.508,0.135
3926,357295,1.13,18,100.0,0.4967,0.234,0.6105,0.2791,0.5306,1.2982,0.9193,0.4753,-0.1786,C,0.2151,0.322-0.622,0.708,0.508,0.135
3927,357479,-150.05,184,97.8,0.6979,0.1959,0.4306,0.5222,0.9243,0.312,0.8406,0.3243,-0.5142,C,0.2368,0.322-0.622,0.709,0.509,0.135
3928,357499,-26.81,20,95.0,0.6829,0.1822,0.6535,0.3758,0.4554,0.4413,0.745,0.4659,-0.3264,C,0.2091,0.322-0.622,0.709,0.509,0.135
3929,357526,-18.88,27,85.2,0.6761,0.1878,0.6192,0.3547,0.4877,0.4888,0.6829,0.3512,-0.273,C,0.2483,0.322-0.622,0.709,0.509,0.135
3930,357540,-10.23,14,92.9,0.8421,0.1097,0.7699,0.1832,0.371,0.0803,0.477,0.3631,-0.0849,C,0.2011,0.322-0.622,0.709,0.509,0.135
3931,357555,-24.29,15,100.0,0.8693,0.1449,0.7947,0.2706,0.4513,0.1316,0.6671,0.369,-0.2303,C,0.227,0.322-0.622,0.709,0.509,0.135
3932,357569,-7.4,14,85.7,0.8264,0.0919,0.7765,0.1613,0.3718,0.0722,0.3727,0.4457,-0.0662,C,0.2182,0.322-0.622,0.709,0.509,0.135
3933,357584,-11.13,15,86.7,0.8969,0.1035,0.7827,0.2177,0.4364,0.0699,0.4262,0.457,-0.1588,C,0.2194,0.322-0.622,0.709,0.509,0.135
3934,357598,-20.53,14,92.9,0.7795,0.1364,0.8022,0.2154,0.3256,0.1587,0.5759,0.4265,-0.1321,C,0.2358,0.322-0.622,0.709,0.509,0.135
3935,357612,-36.23,14,0.0,0.0,0.0,0.841,0.157,0.4013,0.0,0.0,0.3718,-0.1127,C,0.2277,0.322-0.622,0.709,0.509,0.135
3936,357874,-28.66,262,98.9,0.6006,0.224,0.4497,0.5074,0.9402,0.7772,0.8582,0.4165,-0.4966,C,0.2282,0.322-0.622,0.71,0.51,0.135
3937,358000,14.24,126,97.6,0.47,0.2359,0.4345,0.5112,0.8693,1.2608,0.9194,0.3224,-0.5007,C,0.2324,0.322-0.622,0.71,0.51,0.135
3938,358115,35.47,115,99.1,0.4845,0.2237,0.4718,0.5314,0.8935,1.5375,0.8666,0.418,-0.5233,C,0.1885,0.322-0.622,0.71,0.51,0.135
3939,358152,-18.81,37,91.9,0.4772,0.2237,0.6002,0.4719,0.6665,1.4035,0.8453,0.4349,-0.4938,C,0.2459,0.322-0.622,0.71,0.51,0.135
3940,358181,11.37,29,93.1,0.5006,0.2399,0.6358,0.3161,0.6517,1.1832,0.8025,0.3482,-0.2209,C,0.195,0.322-0.622,0.71,0.51,0.135
3941,358195,4.11,14,100.0,0.5375,0.2367,0.8471,0.1645,0.4512,1.0196,0.8987,0.3287,-0.0763,C,0.2448,0.322-0.622,0.71,0.51,0.135
3942,358208,-1.65,13,100.0,0.8725,0.1372,0.8798,0.1076,0.4249,0.0894,0.6419,0.4109,-0.0421,C,0.2217,0.322-0.622,0.71,0.51,0.135
3943,358256,27.92,48,95.8,0.4342,0.2346,0.5161,0.4092,0.7812,1.3691,0.8413,0.35,-0.3485,C,0.2288,0.322-0.622,0.711,0.511,0.135
3944,358273,-16.17,17,100.0,0.7519,0.1618,0.7474,0.2647,0.4374,0.4025,0.7156,0.305,-0.2086,C,0.2439,0.322-0.622,0.711,0.511,0.135
3945,358287,1.34,14,100.0,0.7161,0.1831,0.8424,0.1408,0.4325,0.2829,0.8329,0.3385,-0.0512,C,0.219,0.322-0.622,0.711,0.511,0.135
3946,358301,0.9,14,100.0,0.6698,0.2095,0.8496,0.1674,0.4305,0.443,0.9077,0.36,-0.0761,C,0.2175,0.322-0.622,0.711,0.511,0.135
3947,358315,-16.62,14,57.1,1.0903,0.0074,0.8478,0.1868,0.4274,0.0031,0.0742,0.4142,-0.1174,C,0.1998,0.322-0.622,0.711,0.511,0.135
3948,358330,-13.98,15,93.3,0.9344,0.0434,0.7721,0.2386,0.4397,0.0276,0.2286,0.3791,-0.177,C,0.2494,0.322-0.622,0.711,0.511,0.135
3949,358393,11.75,63,96.8,0.5586,0.2149,0.4654,0.4426,0.8296,0.8519,0.8694,0.4665,-0.3851,C,0.2456,0.322-0.622,0.711,0.511,0.135
3950,358408,-27.5,15,100.0,0.71,0.1766,0.6785,0.3361,0.4252,0.425,0.7851,0.3914,-0.2755,C,0.1855,0.322-0.622,0.711,0.511,0.135
3951,358432,-12.49,24,91.7,0.7627,0.1593,0.6284,0.3435,0.535,0.2353,0.6557,0.3705,-0.2416,C,0.2464,0.322-0.622,0.711,0.511,0.135
3952,358447,-7.09,15,100.0,0.6419,0.2238,0.843,0.1667,0.4428,0.5701,0.9322,0.4329,-0.0741,C,0.215,0.322-0.622,0.711,0.511,0.135
3953,358468,-21.47,21,81.0,0.6128,0.2165,0.6695,0.4053,0.5595,0.4759,0.729,0.3748,-0.3705,C,0.2114,0.322-0.622,0.711,0.511,0.135
3954,358500,-11.5,32,90.6,0.6519,0.184,0.6333,0.3227,0.5422,0.5097,0.7354,0.3754,-0.2387,C,0.2112,0.322-0.622,0.711,0.511,0.135
3955,358514,-24.25,14,92.9,0.8348,0.0939,0.7033,0.268,0.4069,0.0811,0.4195,0.3427,-0.215,C,0.2193,0.322-0.622,0.711,0.511,0.135
3956,358528,-13.9,14,100.0,0.7355,0.1531,0.8362,0.1757,0.4211,0.8079,0.6843,0.4513,-0.094,C,0.2142,0.322-0.622,0.711,0.511,0.135
3957,358542,-8.07,14,85.7,0.964,0.0627,0.8549,0.1584,0.4321,0.0208,0.2603,0.4529,-0.1,C,0.209,0.322-0.622,0.711,0.511,0.135
3958,358563,-28.36,21,90.5,0.7443,0.1489,0.6078,0.3214,0.4569,0.4137,0.6035,0.3792,-0.2482,C,0.2153,0.322-0.622,0.711,0.511,0.135
3959,358578,-16.88,15,80.0,0.8324,0.1141,0.7806,0.2295,0.3344,0.0635,0.4239,0.3469,-0.1763,C,0.2331,0.322-0.622,0.711,0.511,0.135
3960,358613,21.02,35,91.4,0.452,0.2371,0.561,0.3873,0.6531,1.4602,0.861,0.4024,-0.3182,C,0.186,0.322-0.622,0.711,0.511,0.135
3961,358627,-21.03,14,100.0,1.0832,0.0336,0.8023,0.2693,0.4753,0.0096,0.2005,0.4244,-0.2031,C,0.2057,0.322-0.622,0.711,0.511,0.135
3962,358710,-52.92,83,97.6,0.7287,0.1508,0.4831,0.4527,0.8256,0.2351,0.682,0.4556,-0.4082,C,0.2177,0.322-0.622,0.712,0.512,0.135
3963,358727,-8.52,17,82.4,0.5793,0.2074,0.7356,0.2789,0.3529,0.8725,0.7188,0.3246,-0.1981,C,0.2318,0.322-0.622,0.712,0.512,0.135
3964,358776,-74.39,49,91.8,0.7143,0.1207,0.4896,0.4984,0.732,0.2455,0.5089,0.3518,-0.4921,C,0.2021,0.322-0.622,0.712,0.512,0.135
3965,358790,-6.65,14,100.0,0.5866,0.2081,0.889,0.0998,0.4163,0.8745,0.9144,0.3628,-0.031,C,0.1955,0.322-0.622,0.712,0.512,0.135
3966,358817,-23.58,27,92.6,0.6287,0.1944,0.6142,0.3895,0.5187,0.7722,0.7683,0.4234,-0.3327,C,0.2283,0.322-0.622,0.712,0.512,0.135
3967,358831,-10.74,14,92.9,0.7845,0.1365,0.7945,0.1979,0.3599,0.1582,0.5739,0.3533,-0.1418,C,0.2192,0.322-0.622,0.712,0.512,0.135
3968,358845,-20.45,14,85.7,1.0817,0.0075,0.8402,0.1788,0.3975,0.0046,0.1113,0.4569,-0.1175,C,0.2251,0.322-0.622,0.712,0.512,0.135
3969,358859,-5.62,14,92.9,1.0017,0.0475,0.8412,0.1497,0.4476,0.0162,0.2282,0.4504,-0.0831,C,0.2425,0.322-0.622,0.712,0.512,0.135
3970,358876,-9.56,17,88.2,0.5618,0.2133,0.7117,0.2807,0.4295,0.9547,0.7731,0.4553,-0.193,C,0.2091,0.322-0.622,0.712,0.512,0.135
3971,359183,-25.08,307,99.7,0.4683,0.1448,0.451,0.5231,0.8998,1.4808,0.6634,0.3715,-0.507,C,0.2459,0.322-0.622,0.713,0.513,0.135
3972,359197,-13.56,14,100.0,0.717,0.1915,0.8425,0.1961,0.3956,0.2858,0.8632,0.4156,-0.118,C,0.2445,0.322-0.622,0.713,0.513,0.135
3973,359232,-2.2,35,100.0,0.5434,0.2359,0.5848,0.4078,0.7069,1.0282,0.8855,0.3916,-0.3543,C,0.1969,0.322-0.622,0.713,0.513,0.135
3974,359249,-10.36,17,100.0,0.7523,0.1552,0.6974,0.2257,0.4425,0.3142,0.7149,0.3808,-0.1253,C,0.2124,0.322-0.622,0.713,0.513,0.135
3975,359266,-8.96,17,100.0,0.5943,0.201,0.6388,0.3021,0.5165,0.8208,0.878,0.3617,-0.2176,C,0.1993,0.322-0.622,0.713,0.513,0.135
3976,359315,-22.92,49,91.8,0.4627,0.2288,0.5459,0.5303,0.7648,1.4302,0.8549,0.3783,-0.551,C,0.2259,0.322-0.622,0.713,0.513,0.135
3977,359341,9.81,26,92.3,0.4005,0.2225,0.5915,0.358,0.5215,2.0025,0.8369,0.4014,-0.2855,C,0.2263,0.322-0.622,0.713,0.513,0.135
3978,359375,-18.53,34,100.0,0.5787,0.2219,0.5733,0.4121,0.6974,0.6717,0.9322,0.4111,-0.3627,C,0.1976,0.322-0.622,0.713,0.513,0.135
3979,359392,-2.62,17,88.2,0.5109,0.2302,0.6181,0.3286,0.4431,1.176,0.7773,0.407,-0.2298,C,0.2031,0.322-0.622,0.713,0.513,0.135
3980,359411,-18.48,19,78.9,0.8116,0.1161,0.6414,0.3299,0.4477,0.086,0.4334,0.4302,-0.2342,C,0.2092,0.322-0.622,0.713,0.513,0.136
3981,359430,-32.15,19,100.0,0.8439,0.1135,0.6316,0.3954,0.4746,0.0957,0.5317,0.4445,-0.378,C,0.2044,0.322-0.622,0.713,0.513,0.136
3982,359445,-10.27,15,100.0,0.6876,0.1703,0.8094,0.1843,0.4139,0.8628,0.7455,0.3249,-0.0757,C,0.1859,0.322-0.622,0.713,0.513,0.136
3983,359459,1.95,14,92.9,0.684,0.1931,0.8655,0.1101,0.4156,0.3268,0.8014,0.3394,-0.0345,C,0.2322,0.322-0.622,0.713,0.513,0.136
3984,359761,127.86,302,99.0,0.4144,0.1438,0.449,0.493,0.9181,1.7649,0.662,0.3436,-0.4586,C,0.2077,0.322-0.622,0.714,0.514,0.136
3985,359991,43.41,230,99.6,0.3833,0.2008,0.4298,0.5712,0.9311,1.807,0.7822,0.4148,-0.5962,C,0.2232,0.322-0.622,0.714,0.514,0.136
3986,360009,-4.48,18,100.0,0.6642,0.1957,0.7172,0.2768,0.513,0.6256,0.8271,0.3993,-0.194,C,0.1924,0.322-0.622,0.714,0.514,0.136
3987,360024,-27.57,15,93.3,0.5678,0.2248,0.726,0.3438,0.41,0.8361,0.866,0.4764,-0.3415,C,0.2412,0.322-0.622,0.714,0.514,0.136
3988,360039,-16.17,15,100.0,0.7432,0.1469,0.8135,0.204,0.404,0.2514,0.6691,0.3758,-0.0906,C,0.2136,0.322-0.622,0.714,0.514,0.136
3989,360054,-16.05,15,86.7,0.8327,0.1255,0.7483,0.243,0.4235,0.0751,0.5106,0.4425,-0.1925,C,0.1979,0.322-0.622,0.714,0.514,0.136
3990,360068,-23.48,14,50.0,1.0083,0.0328,0.7767,0.1906,0.4122,0.0064,0.0995,0.3474,-0.1059,C,0.2063,0.322-0.622,0.714,0.514,0.136
3991,360082,1.36,14,100.0,0.6996,0.2033,0.8087,0.1799,0.4271,0.3531,0.8782,0.345,-0.0627,C,0.226,0.322-0.622,0.714,0.514,0.136
3992,360173,18.09,91,96.7,0.475,0.2427,0.4305,0.5063,0.8725,1.2354,0.9024,0.4456,-0.4834,C,0.2073,0.322-0.622,0.715,0.515,0.136
3993,360192,-26.45,19,84.2,0.581,0.1995,0.6676,0.4122,0.3849,0.8469,0.7211,0.4371,-0.4057,C,0.2389,0.322-0.622,0.715,0.515,0.136
3994,360207,-21.28,15,100.0,0.8865,0.1097,0.7457,0.2741,0.4445,0.1014,0.5178,0.3976,-0.1849,C,0.1865,0.322-0.622,0.715,0.515,0.136
3995,360221,-21.63,14,57.1,0.9506,0.054,0.8194,0.242,0.3683,0.0106,0.1588,0.3355,-0.1851,C,0.2329,0.322-0.622,0.715,0.515,0.136
3996,360299,34.2,78,96.2,0.4683,0.2401,0.4397,0.4678,0.8552,1.3141,0.9221,0.3857,-0.4201,C,0.2452,0.322-0.622,0.715,0.515,0.136
3997,360313,-18.8,14,92.9,0.8062,0.1118,0.8559,0.1221,0.3869,0.1161,0.4865,0.4459,-0.0526,C,0.2273,0.322-0.622,0.715,0.515,0.136
3998,360328,-17.99,15,93.3,0.605,0.2033,0.7407,0.2694,0.3555,0.8576,0.804,0.4754,-0.1925,C,0.2407,0.322-0.622,0.715,0.515,0.136
3999,360350,0.6,22,95.5,0.5986,0.234,0.7114,0.2563,0.585,0.623,0.8796,0.3145,-0.1479,C,0.2167,0.322-0.622,0.715,0.515,0.136
4000,360471,-20.71,121,100.0,0.488,0.2387,0.4412,0.5408,0.9104,1.0761,0.8895,0.4601,-0.5466,C,0.1998,0.322-0.622,0.715,0.515,0.136
4001,360485,-14.86,14,92.9,0.7673,0.1451,0.8233,0.1886,0.3506,0.235,0.5975,0.479,-0.1326,C,0.2097,0.322-0.622,0.715,0.515,0.136
4002,360499,-13.11,14,85.7,0.6414,0.1812,0.8076,0.2041,0.3255,0.3929,0.6825,0.466,-0.1686,C,0.249,0.322-0.622,0.715,0.515,0.136
4003,360518,-12.96,19,89.5,0.6847,0.1696,0.6509,0.2886,0.4623,0.4244,0.674,0.4186,-0.2082,C,0.2194,0.322-0.622,0.715,0.515,0.136
4004,360533,-21.26,15,93.3,0.6836,0.174,0.7782,0.2615,0.4377,0.298,0.7478,0.4033,-0.1695,C,0.2138,0.322-0.622,0.715,0.515,0.136
4005,360546,1.34,13,100.0,0.5632,0.208,0.8486,0.1327,0.4322,1.0777,0.8905,0.3362,-0.0427,C,0.2326,0.322-0.622,0.715,0.515,0.136
4006,360676,-27.61,130,97.7,0.6631,0.2044,0.4337,0.469,0.8509,0.6114,0.7733,0.4406,-0.4324,C,0.2427,0.322-0.622,0.716,0.516,0.136
4007,360697,-0.85,21,90.5,0.4616,0.2144,0.6221,0.4044,0.5006,1.6082,0.7823,0.3147,-0.3478,C,0.2122,0.322-0.622,0.716,0.516,0.136
4008,360711,-33.97,14,92.9,0.7867,0.1251,0.8124,0.3336,0.3675,0.1543,0.5412,0.3661,-0.3619,C,0.2332,0.322-0.622,0.716,0.516,0.136
4009,360726,-15.31,15,100.0,0.7892,0.1402,0.6841,0.3118,0.423,0.1632,0.6621,0.4072,-0.2394,C,0.1981,0.322-0.622,0.716,0.516,0.136
4010,360740,-19.68,14,100.0,0.7185,0.1509,0.8451,0.1932,0.4189,0.764,0.6739,0.3216,-0.139,C,0.1928,0.322-0.622,0.716,0.516,0.136
4011,360765,-20.02,25,92.0,0.5263,0.2398,0.6704,0.3802,0.5478,1.0318,0.8147,0.2643,-0.3382,C,0.2027,0.322-0.622,0.716,0.516,0.136
4012,360844,53.91,79,98.7,0.3637,0.2414,0.4754,0.4952,0.8367,2.0618,0.8527,0.387,-0.4981,C,0.1892,0.322-0.622,0.716,0.516,0.136
4013,360860,-20.85,16,100.0,0.7086,0.1169,0.7283,0.3266,0.425,0.6342,0.5435,0.3718,-0.2876,C,0.1954,0.322-0.622,0.716,0.516,0.136
4014,360874,-6.31,14,100.0,0.6373,0.1842,0.8003,0.1916,0.3812,0.8035,0.828,0.445,-0.1076,C,0.2393,0.322-0.622,0.716,0.516,0.136
4015,360888,-0.06,14,100.0,0.6373,0.1694,0.8621,0.122,0.4331,0.8809,0.7329,0.3713,-0.0386,C,0.2458,0.322-0.622,0.716,0.516,0.136
4016,360908,-41.27,20,35.0,0.9222,0.0699,0.7264,0.3151,0.5591,0.009,0.1195,0.3414,-0.2623,C,0.1985,0.322-0.622,0.716,0.516,0.136
4017,361051,-35.66,143,98.6,0.6481,0.1625,0.4342,0.475,0.86,0.7379,0.7197,0.4374,-0.4381,C,0.2092,0.322-0.622,0.717,0.517,0.136
4018,361065,-13.67,14,92.9,0.8687,0.1049,0.8065,0.1715,0.4672,0.0701,0.4567,0.3118,-0.0819,C,0.2078,0.322-0.622,0.717,0.517,0.136
4019,361268,-292.39,203,98.5,0.7837,0.1089,0.4573,0.5068,0.9224,0.1153,0.4954,0.3459,-0.4871,C,0.2037,0.322-0.622,0.717,0.517,0.136
4020,361310,14.62,42,95.2,0.5443,0.2208,0.4692,0.357,0.7276,1.0097,0.7966,0.3235,-0.2687,C,0.2216,0.322-0.622,0.717,0.517,0.136
4021,361324,-5.53,14,100.0,0.5341,0.2157,0.8544,0.1394,0.4315,0.9756,0.8918,0.3705,-0.0711,C,0.2452,0.322-0.622,0.717,0.517,0.136
4022,361575,-126.41,251,98.0,0.6483,0.2092,0.4776,0.4934,0.8951,0.5419,0.7894,0.3865,-0.4868,C,0.1863,0.322-0.622,0.718,0.518,0.136
4023,361607,-57.95,32,59.4,0.9912,0.0184,0.6295,0.3737,0.6688,0.0108,0.0932,0.3188,-0.3292,C,0.1922,0.322-0.622,0.718,0.518,0.136
4024,361622,-16.85,15,100.0,0.6285,0.1742,0.6817,0.2758,0.4532,0.742,0.7577,0.4082,-0.194,C,0.2174,0.322-0.622,0.718,0.518,0.136
4025,361664,14.72,42,95.2,0.4101,0.2329,0.5871,0.4362,0.6883,1.7172,0.9097,0.4145,-0.4269,C,0.2402,0.322-0.622,0.718,0.518,0.136
4026,361702,-10.82,38,94.7,0.5676,0.2049,0.5355,0.3981,0.705,0.8132,0.8241,0.3007,-0.3496,C,0.2099,0.322-0.622,0.718,0.518,0.136
4027,361716,-7.02,14,85.7,0.7729,0.1423,0.8698,0.1256,0.3438,0.1405,0.5561,0.3971,-0.0525,C,0.2445,0.322-0.622,0.718,0.518,0.136
4028,361750,1.88,34,97.1,0.4462,0.2323,0.5517,0.4124,0.6747,1.4856,0.9203,0.4233,-0.3726,C,0.2118,0.322-0.622,0.718,0.518,0.136
4029,361933,40.23,183,98.9,0.5249,0.2216,0.4556,0.5026,0.8838,1.1351,0.9098,0.4334,-0.482,C,0.1935,0.322-0.622,0.718,0.518,0.136
4030,361962,-12.47,29,93.1,0.6063,0.1866,0.5581,0.4248,0.6543,0.8716,0.7099,0.4268,-0.3577,C,0.2281,0.322-0.622,0.718,0.518,0.136
4031,361976,-8.58,14,92.9,0.6456,0.1922,0.8112,0.2212,0.3329,0.792,0.789,0.3624,-0.1539,C,0.201,0.322-0.622,0.719,0.519,0.136
4032,361992,-21.01,16,100.0,0.7995,0.1142,0.745,0.2433,0.4164,0.284,0.534,0.403,-0.1656,C,0.2009,0.322-0.622,0.719,0.519,0.136
4033,362005,-12.98,13,69.2,1.0774,0.0645,0.8596,0.1774,0.4332,0.0041,0.2187,0.3213,-0.1066,C,0.2421,0.322-0.622,0.719,0.519,0.136
4034,362213,-128.99,208,100.0,0.6555,0.1808,0.4591,0.5234,0.8981,0.5769,0.794,0.4089,-0.5178,C,0.1967,0.322-0.622,0.719,0.519,0.137
4035,362227,-4.29,14,100.0,0.6094,0.2186,0.8952,0.1135,0.4033,0.7318,0.8975,0.3319,-0.0323,C,0.2281,0.322-0.622,0.719,0.519,0.137
4036,362241,2.53,14,100.0,0.4887,0.2342,0.8137,0.1932,0.4324,1.3221,0.9638,0.3685,-0.0897,C,0.2327,0.322-0.622,0.719,0.519,0.137
4037,362280,-27.36,39,94.9,0.5237,0.1939,0.5526,0.4746,0.7134,1.0177,0.8025,0.4548,-0.4688,C,0.2146,0.322-0.622,0.719,0.519,0.137
4038,362418,-95.99,138,97.8,0.8187,0.1138,0.4125,0.4512,0.8981,0.26,0.5224,0.3848,-0.393,C,0.2498,0.322-0.622,0.719,0.519,0.137
4039,362803,-6.37,385,99.5,0.5909,0.2029,0.4046,0.5081,0.9378,0.8005,0.8737,0.3933,-0.4721,C,0.1912,0.322-0.622,0.72,0.52,0.137
4040,362923,172.77,120,96.7,0.2934,0.2703,0.4217,0.4979,0.8875,2.3853,0.854,0.3714,-0.4637,C,0.232,0.322-0.622,0.721,0.521,0.137
4041,362938,-23.4,15,86.7,0.7763,0.113,0.7645,0.1935,0.3588,0.1219,0.458,0.3334,-0.1231,C,0.2351,0.322-0.622,0.721,0.521,0.137
4042,362952,-19.02,14,92.9,0.7267,0.1549,0.7817,0.1996,0.3285,0.3602,0.6387,0.3646,-0.1274,C,0.2116,0.322-0.622,0.721,0.521,0.137
4043,362966,-8.71,14,92.9,0.806,0.1242,0.8727,0.1425,0.3123,0.2361,0.5318,0.3997,-0.0624,C,0.2444,0.322-0.622,0.721,0.521,0.137
4044,362999,-10.01,33,87.9,0.427,0.2429,0.6275,0.4141,0.6231,1.5375,0.7466,0.2753,-0.4173,C,0.2358,0.322-0.622,0.721,0.521,0.137
4045,363013,-29.72,14,42.9,1.1996,0.0075,0.7992,0.182,0.3896,0.0004,0.0557,0.4005,-0.117,C,0.1996,0.322-0.622,0.721,0.521,0.137
4046,363028,-10.97,15,86.7,0.9597,0.0605,0.8052,0.2048,0.4536,0.0218,0.2606,0.363,-0.1261,C,0.1966,0.322-0.622,0.721,0.521,0.137
4047,363043,-10.14,15,93.3,1.074,0.0525,0.8217,0.2173,0.4577,0.0175,0.258,0.3637,-0.1297,C,0.2277,0.322-0.622,0.721,0.521,0.137
4048,363058,-5.31,15,100.0,0.8717,0.1378,0.8093,0.2255,0.4253,0.0898,0.6515,0.3686,-0.1194,C,0.2489,0.322-0.622,0.721,0.521,0.137
4049,363073,-21.32,15,100.0,0.7968,0.1367,0.6852,0.2864,0.4405,0.1706,0.643,0.4561,-0.2209,C,0.1869,0.322-0.622,0.721,0.521,0.137
4050,363087,-18.23,14,78.6,0.7707,0.1297,0.772,0.2488,0.329,0.1098,0.473,0.4866,-0.1887,C,0.2386,0.322-0.622,0.721,0.521,0.137
4051,363104,-16.61,17,82.4,0.7468,0.1224,0.8041,0.1863,0.3251,0.2704,0.4635,0.4652,-0.1112,C,0.2056,0.322-0.622,0.721,0.521,0.137
4052,363117,-18.69,13,0.0,0.0,0.0,0.885,0.1009,0.4044,0.0,0.0,0.4192,-0.0211,C,0.245,0.322-0.622,0.721,0.521,0.137
4053,363152,-25.65,35,97.1,0.9765,0.0799,0.5776,0.3335,0.6279,0.0224,0.3625,0.3007,-0.2285,C,0.2229,0.322-0.622,0.721,0.521,0.137
4054,363166,-4.11,14,92.9,0.5621,0.2198,0.7287,0.2197,0.3826,1.0304,0.8444,0.3477,-0.121,C,0.247,0.322-0.622,0.721,0.521,0.137
4055,363274,112.18,108,97.2,0.3703,0.264,0.4334,0.4707,0.8619,1.8878,0.856,0.4376,-0.4122,C,0.2095,0.322-0.622,0.721,0.521,0.137
4056,363427,-86.4,153,95.4,0.6619,0.2036,0.4439,0.5089,0.8355,0.5602,0.8124,0.4321,-0.4935,C,0.2439,0.322-0.622,0.722,0.522,0.137
4057,363441,-9.25,14,100.0,0.6575,0.2009,0.8554,0.1475,0.4451,0.6297,0.885,0.426,-0.0433,C,0.2122,0.322-0.622,0.722,0.522,0.137
4058,363456,-16.06,15,100.0,0.5654,0.1945,0.6894,0.3002,0.4384,1.0298,0.8603,0.4755,-0.2212,C,0.2259,0.322-0.622,0.722,0.522,0.137
4059,363472,-17.91,16,87.5,0.6749,0.1735,0.7929,0.2444,0.3791,0.4034,0.6557,0.3795,-0.2162,C,0.2145,0.322-0.622,0.722,0.522,0.137
4060,363533,-17.05,61,100.0,0.5934,0.2385,0.5131,0.4149,0.715,0.7209,0.9001,0.3055,-0.3421,C,0.2374,0.322-0.622,0.722,0.522,0.137
4061,363547,-18.36,14,100.0,0.549,0.2098,0.7434,0.3077,0.4105,1.0054,0.9233,0.4837,-0.2633,C,0.248,0.322-0.622,0.722,0.522,0.137
4062,363595,7.9,48,93.8,0.3585,0.2244,0.5341,0.4932,0.6182,2.0979,0.8833,0.3968,-0.4945,C,0.2429,0.322-0.622,0.722,0.522,0.137
4063,363610,-21.47,15,93.3,0.7493,0.1389,0.7205,0.2964,0.3761,0.2413,0.5949,0.4451,-0.2061,C,0.216,0.322-0.622,0.722,0.522,0.137
4064,363624,-34.27,14,0.0,0.0,0.0,0.8764,0.1642,0.379,0.0,0.0,0.3598,-0.1024,C,0.2288,0.322-0.622,0.722,0.522,0.137
4065,363651,-12.21,27,100.0,0.7262,0.2021,0.634,0.3466,0.6523,0.2657,0.8751,0.2701,-0.2718,C,0.2107,0.322-0.622,0.722,0.522,0.137
4066,363666,-9.83,15,100.0,1.1397,0.0376,0.8464,0.1855,0.4585,0.0112,0.2193,0.3227,-0.1137,C,0.2175,0.322-0.622,0.722,0.522,0.137
4067,363894,68.63,228,99.1,0.5681,0.2049,0.4385,0.4779,0.9051,1.0027,0.8638,0.4249,-0.4398,C,0.2353,0.322-0.622,0.723,0.523,0.137
4068,363908,-36.21,14,0.0,0.0,0.0,0.8073,0.1869,0.4081,0.0,0.0,0.3783,-0.1297,C,0.2177,0.322-0.622,0.723,0.523,0.137
4069,363925,-32.84,17,94.1,0.79,0.1338,0.6974,0.3217,0.3775,0.2497,0.5786,0.3264,-0.2603,C,0.2261,0.322-0.622,0.723,0.523,0.137
4070,363939,-15.71,14,92.9,0.7777,0.1297,0.8413,0.1384,0.3676,0.1867,0.556,0.383,-0.0875,C,0.2236,0.322-0.622,0.723,0.523,0.137
4071,363954,-20.11,15,100.0,0.7563,0.1662,0.7387,0.2431,0.4275,0.2422,0.738,0.4028,-0.1777,C,0.2037,0.322-0.622,0.723,0.523,0.137
4072,363969,-13.87,15,100.0,0.7579,0.1454,0.7233,0.2434,0.327,0.6397,0.6556,0.4758,-0.1596,C,0.193,0.322-0.622,0.723,0.523,0.137
4073,363987,-23.3,18,77.8,0.7321,0.1721,0.6899,0.3498,0.5101,0.2035,0.6159,0.3777,-0.2891,C,0.2013,0.322-0.622,0.723,0.523,0.137
4074,364043,-14.73,56,98.2,0.7213,0.2075,0.5459,0.418,0.8098,0.253,0.8933,0.3947,-0.3507,C,0.2453,0.322-0.622,0.723,0.523,0.137
4075,364111,-62.91,68,97.1,0.706,0.1784,0.4651,0.4936,0.8247,0.4189,0.7788,0.3763,-0.4619,C,0.2437,0.322-0.622,0.723,0.523,0.137
4076,364197,42.16,86,97.7,0.4391,0.2214,0.4847,0.4617,0.8551,1.4192,0.9069,0.4015,-0.4315,C,0.2464,0.322-0.622,0.723,0.523,0.137
4077,364213,-18.24,16,100.0,0.9441,0.106,0.778,0.235,0.4379,0.0349,0.4981,0.3113,-0.1505,C,0.2331,0.322-0.622,0.723,0.523,0.137
4078,364227,-10.31,14,92.9,0.7498,0.1255,0.824,0.197,0.4313,0.1576,0.5467,0.404,-0.1368,C,0.2358,0.322-0.622,0.723,0.523,0.137
4079,364275,-26.06,48,93.8,0.6784,0.1507,0.5784,0.375,0.6604,0.5058,0.6323,0.312,-0.3164,C,0.2157,0.322-0.622,0.723,0.523,0.137
4080,364289,-13.89,14,100.0,0.8189,0.1283,0.8595,0.1918,0.3232,0.4685,0.5915,0.4086,-0.1576,C,0.2023,0.322-0.622,0.723,0.523,0.137
4081,364304,-18.52,15,100.0,0.8126,0.1658,0.8313,0.2004,0.4168,0.1424,0.7676,0.4271,-0.1344,C,0.2375,0.322-0.622,0.723,0.523,0.137
4082,364320,-22.6,16,81.2,0.7559,0.1342,0.7443,0.2937,0.3468,0.1919,0.4945,0.459,-0.2229,C,0.2422,0.322-0.622,0.724,0.524,0.137
4083,364335,-25.82,15,100.0,0.7961,0.129,0.8054,0.332,0.3398,0.3043,0.5928,0.463,-0.3485,C,0.207,0.322-0.622,0.724,0.524,0.137
4084,364352,-9.42,17,94.1,0.6575,0.1857,0.6855,0.2651,0.3977,0.567,0.7671,0.4669,-0.1722,C,0.2415,0.322-0.622,0.724,0.524,0.137
4085,364366,-11.29,14,100.0,0.601,0.2146,0.8441,0.1493,0.3855,0.7931,0.9184,0.3919,-0.0669,C,0.1919,0.322-0.622,0.724,0.524,0.137
4086,364382,-0.43,16,100.0,0.5583,0.2189,0.7912,0.228,0.4562,1.0665,0.8919,0.3955,-0.1356,C,0.2229,0.322-0.622,0.724,0.524,0.137
4087,364540,18.35,158,98.1,0.5379,0.2441,0.4554,0.4939,0.8675,1.0164,0.8632,0.41,-0.4724,C,0.2164,0.322-0.622,0.724,0.524,0.137
4088,364561,-25.86,21,90.5,0.6987,0.1556,0.6998,0.2885,0.4431,0.5826,0.6132,0.3827,-0.1988,C,0.2039,0.322-0.622,0.724,0.524,0.137
4089,364576,-24.2,15,0.0,0.0,0.0,0.8186,0.1878,0.3931,0.0,0.0,0.3942,-0.0975,C,0.2375,0.322-0.622,0.724,0.524,0.137
4090,364591,-7.06,15,93.3,0.9177,0.111,0.8378,0.1777,0.4423,0.0439,0.4851,0.3778,-0.1206,C,0.2499,0.322-0.622,0.724,0.524,0.137
4091,364640,43.98,49,91.8,0.2844,0.2236,0.5391,0.4318,0.7305,2.3739,0.7408,0.3594,-0.4086,C,0.2238,0.322-0.622,0.724,0.524,0.137
4092,364662,-18.73,22,90.9,0.511,0.215,0.5787,0.4163,0.5701,1.0276,0.8323,0.4462,-0.3721,C,0.2077,0.322-0.622,0.724,0.524,0.137
4093,364676,-37.76,14,0.0,0.0,0.0,0.8185,0.2345,0.4411,0.0,0.0,0.3647,-0.123,C,0.2269,0.322-0.622,0.724,0.524,0.137
4094,364699,-0.86,23,100.0,0.5701,0.2178,0.6835,0.3436,0.5573,1.0655,0.8874,0.4521,-0.2818,C,0.2471,0.322-0.622,0.724,0.524,0.137
4095,364713,-12.58,14,100.0,0.8489,0.1214,0.83,0.1969,0.3939,0.1654,0.5659,0.3625,-0.1483,C,0.2272,0.322-0.622,0.724,0.524,0.137
4096,364727,-14.8,14,85.7,0.838,0.1195,0.8284,0.1488,0.3773,0.0613,0.4763,0.4574,-0.0889,C,0.2171,0.322-0.622,0.724,0.524,0.137
4097,364742,-14.88,15,100.0,1.0118,0.0719,0.8101,0.2205,0.4523,0.0274,0.3465,0.3686,-0.1083,C,0.2009,0.322-0.622,0.724,0.524,0.137
4098,364757,2.53,15,100.0,0.6527,0.2065,0.835,0.1432,0.4151,0.5565,0.8858,0.3095,-0.0481,C,0.2025,0.322-0.622,0.724,0.524,0.137
4099,364772,-0.89,15,100.0,0.7942,0.1703,0.8512,0.1683,0.4389,0.1739,0.7827,0.4309,-0.0842,C,0.2019,0.322-0.622,0.725,0.525,0.137
4100,364791,1.25,19,100.0,0.6706,0.1942,0.7797,0.2051,0.5135,0.6134,0.8144,0.3452,-0.14,C,0.2123,0.322-0.622,0.725,0.525,0.137
4101,364824,-27.28,33,84.8,0.6404,0.1784,0.5864,0.4332,0.5618,0.7937,0.6436,0.4049,-0.4022,C,0.2037,0.322-0.622,0.725,0.525,0.137
4102,365020,-155.62,196,97.4,0.5824,0.2061,0.48,0.5618,0.8791,0.7146,0.8632,0.4248,-0.586,C,0.2442,0.322-0.622,0.725,0.525,0.138
4103,365035,-35.59,15,93.3,0.8925,0.0972,0.7075,0.3814,0.3952,0.0701,0.4374,0.397,-0.3904,C,0.2098,0.322-0.622,0.725,0.525,0.138
4104,365057,-1.41,22,100.0,0.5061,0.2333,0.6152,0.3279,0.5757,1.2665,0.9118,0.4099,-0.2634,C,0.2262,0.322-0.622,0.725,0.525,0.138
4105,365072,-12.47,15,100.0,0.599,0.1824,0.6806,0.2739,0.4585,0.9564,0.7737,0.4017,-0.1955,C,0.1931,0.322-0.622,0.725,0.525,0.138
4106,365087,-10.83,15,100.0,0.7764,0.1514,0.8445,0.1704,0.4402,0.3189,0.6698,0.4149,-0.0631,C,0.2215,0.322-0.622,0.725,0.525,0.138
4107,365156,68.04,69,98.6,0.4209,0.2404,0.4589,0.4234,0.8378,1.614,0.8074,0.425,-0.3477,C,0.2048,0.322-0.622,0.725,0.525,0.138
4108,365574,-16.62,418,99.0,0.452,0.2152,0.4321,0.596,0.95,1.5841,0.8916,0.347,-0.6395,C,0.212,0.322-0.622,0.726,0.526,0.138
4109,365590,-16.9,16,100.0,0.5955,0.1711,0.7132,0.3251,0.4391,0.9739,0.7677,0.3984,-0.2412,C,0.2315,0.322-0.622,0.726,0.526,0.138
4110,365604,-26.91,14,50.0,1.0399,0.0156,0.8233,0.1885,0.4462,0.0053,0.0749,0.3783,-0.1008,C,0.2474,0.322-0.622,0.726,0.526,0.138
4111,365619,1.76,15,86.7,0.6332,0.205,0.8207,0.1692,0.424,0.4654,0.7417,0.3691,-0.0591,C,0.1888,0.322-0.622,0.726,0.526,0.138
4112,365719,73.25,100,98.0,0.3885,0.2348,0.4839,0.4815,0.8281,1.9742,0.8297,0.3914,-0.46,C,0.219,0.322-0.622,0.727,0.527,0.138
4113,365733,-21.65,14,100.0,0.7838,0.1357,0.755,0.2778,0.3564,0.5824,0.6278,0.3991,-0.2232,C,0.1954,0.322-0.622,0.727,0.527,0.138
4114,365765,-37.53,32,87.5,0.5512,0.2115,0.582,0.486,0.6124,0.8503,0.7697,0.3827,-0.5033,C,0.218,0.322-0.622,0.727,0.527,0.138
4115,365780,-5.56,15,100.0,1.0185,0.0486,0.8447,0.1454,0.4166,0.0158,0.2498,0.3918,-0.0538,C,0.2332,0.322-0.622,0.727,0.527,0.138
4116,365817,13.81,37,97.3,0.4578,0.2437,0.5311,0.4021,0.6435,1.4477,0.878,0.4392,-0.3295,C,0.196,0.322-0.622,0.727,0.527,0.138
4117,365857,-43.39,40,100.0,0.8899,0.1304,0.5604,0.4027,0.7033,0.0748,0.6037,0.3601,-0.3428,C,0.2028,0.322-0.622,0.727,0.527,0.138
4118,365871,-6.5,14,92.9,0.905,0.0956,0.8325,0.1667,0.4521,0.047,0.4171,0.4332,-0.1016,C,0.2491,0.322-0.622,0.727,0.527,0.138
4119,365887,-14.26,16,75.0,0.6321,0.204,0.7851,0.2264,0.3291,0.5904,0.6399,0.3149,-0.1309,C,0.2325,0.322-0.622,0.727,0.527,0.138
4120,365900,-16.99,13,84.6,0.9507,0.0603,0.8393,0.1484,0.441,0.0254,0.245,0.4108,-0.0789,C,0.2276,0.322-0.622,0.727,0.527,0.138
4121,365914,-22.79,14,100.0,0.7286,0.1688,0.8505,0.2113,0.3412,0.5649,0.7608,0.3635,-0.1988,C,0.2194,0.322-0.622,0.727,0.527,0.138
4122,365928,-26.02,14,0.0,0.0,0.0,0.8653,0.1123,0.4408,0.0,0.0,0.4339,-0.0319,C,0.218,0.322-0.622,0.727,0.527,0.138
4123,366187,-25.6,259,98.5,0.5396,0.2122,0.4201,0.549,0.9301,1.1307,0.8486,0.3986,-0.5507,C,0.2149,0.322-0.622,0.728,0.528,0.138
4124,366202,-5.15,15,100.0,0.6564,0.1925,0.6716,0.2659,0.4424,0.66,0.8246,0.4701,-0.1769,C,0.2497,0.322-0.622,0.728,0.528,0.138
4125,366215,-28.08,13,0.0,0.0,0.0,0.9029,0.1158,0.4098,0.0,0.0,0.336,-0.0433,C,0.1926,0.322-0.622,0.728,0.528,0.138
4126,366550,271.73,335,98.8,0.3262,0.2201,0.4284,0.5556,0.941,2.1404,0.869,0.3929,-0.5669,C,0.1958,0.322-0.622,0.728,0.528,0.138
4127,366564,-9.8,14,100.0,0.6307,0.2102,0.8533,0.1314,0.4236,0.6824,0.9129,0.3305,-0.0489,C,0.1957,0.322-0.622,0.728,0.528,0.138
4128,366783,-188.93,219,98.6,0.6801,0.1472,0.4406,0.5122,0.9117,0.4646,0.6775,0.3319,-0.4958,C,0.2162,0.322-0.622,0.729,0.529,0.138
4129,366796,-19.1,13,0.0,0.0,0.0,0.9215,0.0981,0.4094,0.0,0.0,0.3326,-0.0351,C,0.2031,0.322-0.622,0.729,0.529,0.138
4130,366810,-12.34,14,92.9,0.6095,0.2057,0.8449,0.1599,0.3298,0.7992,0.8032,0.4528,-0.0803,C,0.2433,0.322-0.622,0.729,0.529,0.138
4131,366823,-8.42,13,100.0,0.5761,0.244,0.8966,0.1012,0.4557,0.7275,0.9868,0.2844,-0.0227,C,0.2301,0.322-0.622,0.729,0.529,0.138
4132,366841,-9.14,18,100.0,0.7822,0.1546,0.7624,0.2683,0.4925,0.4245,0.6861,0.4138,-0.1916,C,0.2235,0.322-0.622,0.729,0.529,0.138
4133,366861,-2.73,20,100.0,0.6691,0.1796,0.7873,0.2372,0.5453,0.6832,0.7633,0.3942,-0.1718,C,0.1902,0.322-0.622,0.729,0.529,0.138
4134,366874,-8.24,13,84.6,1.0679,0.0163,0.8424,0.1471,0.4322,0.0072,0.1274,0.3673,-0.0652,C,0.2227,0.322-0.622,0.729,0.529,0.138
4135,366897,-15.04,23,82.6,0.7332,0.1338,0.6515,0.2556,0.4654,0.1905,0.5026,0.3694,-0.1479,C,0.1985,0.322-0.622,0.729,0.529,0.138
4136,366912,-8.01,15,100.0,0.8421,0.14,0.8435,0.2183,0.4503,0.0982,0.6582,0.3651,-0.1351,C,0.2401,0.322-0.622,0.729,0.529,0.138
4137,366926,-5.89,14,100.0,0.564,0.216,0.8197,0.2101,0.418,1.0227,0.94,0.3674,-0.1543,C,0.2252,0.322-0.622,0.729,0.529,0.138
4138,366950,-0.35,24,91.7,0.6064,0.2038,0.7296,0.277,0.5595,0.5687,0.8131,0.3736,-0.2013,C,0.202,0.322-0.622,0.729,0.529,0.138
4139,366964,-5.7,14,100.0,1.0055,0.0625,0.8253,0.1952,0.4375,0.0174,0.2977,0.4028,-0.0949,C,0.19,0.322-0.622,0.729,0.529,0.138
4140,366982,-17.99,18,83.3,0.856,0.0747,0.7346,0.264,0.4615,0.0474,0.3103,0.3909,-0.1673,C,0.2048,0.322-0.622,0.729,0.529,0.138
4141,366996,-2.42,14,100.0,0.5693,0.2118,0.8347,0.1699,0.4286,1.0629,0.9189,0.3219,-0.0856,C,0.2301,0.322-0.622,0.729,0.529,0.138
4142,367011,-9.29,15,93.3,0.8477,0.112,0.8002,0.2284,0.4715,0.0704,0.4877,0.4421,-0.1682,C,0.2389,0.322-0.622,0.729,0.529,0.138
4143,367026,-13.99,15,100.0,0.5654,0.2092,0.6864,0.2741,0.4224,1.0638,0.8698,0.3827,-0.204,C,0.246,0.322-0.622,0.729,0.529,0.138
4144,367105,14.75,79,86.1,0.4721,0.1406,0.4779,0.4239,0.8445,1.1544,0.5278,0.3636,-0.3679,C,0.2379,0.322-0.622,0.73,0.53,0.138
4145,367119,-30.19,14,0.0,0.0,0.0,0.8695,0.1898,0.397,0.0,0.0,0.3907,-0.1612,C,0.226,0.322-0.622,0.73,0.53,0.138
4146,367133,-6.88,14,100.0,0.9331,0.1082,0.8029,0.1641,0.4286,0.0436,0.5018,0.2837,-0.0863,C,0.2021,0.322-0.622,0.73,0.53,0.138
4147,367148,-14.48,15,100.0,0.6999,0.1934,0.7582,0.2482,0.4413,0.4264,0.8257,0.4065,-0.181,C,0.1979,0.322-0.622,0.73,0.53,0.138
4148,367162,-24.36,14,71.4,0.9772,0.0353,0.8282,0.1836,0.4255,0.0157,0.1499,0.3812,-0.1187,C,0.1997,0.322-0.622,0.73,0.53,0.138
4149,367176,-31.75,14,100.0,0.7907,0.1522,0.7929,0.3113,0.3455,0.5901,0.6694,0.4828,-0.2932,C,0.2341,0.322-0.622,0.73,0.53,0.138
4150,367230,72.23,54,92.6,0.2872,0.2018,0.4793,0.4024,0.7551,2.3644,0.6987,0.2886,-0.3251,C,0.2189,0.322-0.622,0.73,0.53,0.138
4151,367246,-31.86,16,87.5,0.8144,0.118,0.6735,0.3678,0.3586,0.116,0.4811,0.3729,-0.3533,C,0.1917,0.322-0.622,0.73,0.53,0.138
4152,367403,-15.69,157,98.7,0.477,0.1706,0.4385,0.5108,0.8829,1.1177,0.7516,0.3707,-0.4902,C,0.2493,0.322-0.622,0.73,0.53,0.138
4153,367418,-15.06,15,100.0,0.6159,0.1992,0.6712,0.2939,0.4091,0.8328,0.8494,0.4277,-0.2272,C,0.2254,0.322-0.622,0.73,0.53,0.138
4154,367434,-8.96,16,100.0,0.6556,0.1778,0.7865,0.1823,0.4999,0.7593,0.7732,0.3983,-0.1049,C,0.2155,0.322-0.622,0.73,0.53,0.138
4155,367448,-10.75,14,100.0,0.8954,0.1189,0.8553,0.1989,0.4215,0.0653,0.5614,0.4237,-0.1734,C,0.2484,0.322-0.622,0.73,0.53,0.138
4156,367461,-18.43,13,0.0,0.0,0.0,0.8845,0.1275,0.4271,0.0,0.0,0.427,-0.0545,C,0.2248,0.322-0.622,0.73,0.53,0.138
4157,367475,-7.87,14,100.0,0.9086,0.1233,0.828,0.2275,0.4531,0.0972,0.5749,0.356,-0.1356,C,0.1958,0.322-0.622,0.73,0.53,0.138
4158,367489,-3.27,14,92.9,0.9924,0.0468,0.867,0.107,0.4541,0.0158,0.2293,0.389,-0.0285,C,0.2378,0.322-0.622,0.73,0.53,0.138
4159,367504,-27.13,15,93.3,0.8595,0.1115,0.6749,0.3061,0.4116,0.1,0.488,0.394,-0.2507,C,0.2251,0.322-0.622,0.73,0.53,0.138
4160,367521,-24.46,17,88.2,0.5949,0.1956,0.7609,0.311,0.4306,0.7594,0.7514,0.3977,-0.2973,C,0.2461,0.322-0.622,0.73,0.53,0.138
4161,367536,-2.24,15,100.0,0.8826,0.132,0.8331,0.1667,0.4212,0.0801,0.6195,0.3404,-0.056,C,0.2437,0.322-0.622,0.73,0.53,0.138
4162,367551,-4.72,15,86.7,0.7322,0.1887,0.8383,0.1918,0.404,0.203,0.7435,0.2531,-0.088,C,0.206,0.322-0.622,0.73,0.53,0.138
4163,367566,-0.14,15,100.0,0.6308,0.2144,0.83,0.1908,0.447,0.703,0.9129,0.3731,-0.1064,C,0.2494,0.322-0.622,0.73,0.53,0.138
4164,367676,29.81,110,95.5,0.4467,0.2434,0.4924,0.5188,0.8856,1.4135,0.8662,0.4337,-0.5188,C,0.235,0.322-0.622,0.731,0.531,0.138
4165,367697,-5.43,21,90.5,0.4436,0.2417,0.6396,0.3915,0.5798,1.4975,0.7716,0.397,-0.3577,C,0.2237,0.322-0.622,0.731,0.531,0.138
4166,367711,-8.53,14,100.0,0.7139,0.1951,0.8085,0.2013,0.393,0.3162,0.8558,0.3362,-0.1406,C,0.2205,0.322-0.622,0.731,0.531,0.138
4167,367724,-31.06,13,0.0,0.0,0.0,0.8761,0.1265,0.4281,0.0,0.0,0.3234,-0.0443,C,0.2113,0.322-0.622,0.731,0.531,0.138
4168,367743,-7.59,19,94.7,0.7224,0.1878,0.752,0.2548,0.5314,0.2832,0.7874,0.3348,-0.2016,C,0.1913,0.322-0.622,0.731,0.531,0.138
4169,367757,-10.6,14,85.7,0.6329,0.1742,0.8273,0.1645,0.336,0.396,0.6797,0.3838,-0.1089,C,0.227,0.322-0.622,0.731,0.531,0.138
4170,367785,14.2,28,92.9,0.5961,0.2155,0.7202,0.23,0.6144,0.5608,0.8602,0.3531,-0.1481,C,0.2282,0.322-0.622,0.731,0.531,0.138
4171,367861,51.99,76,96.1,0.449,0.2162,0.4817,0.4569,0.8623,1.5436,0.773,0.4293,-0.4235,C,0.2353,0.322-0.622,0.731,0.531,0.139
4172,367877,-9.27,16,87.5,0.5326,0.1828,0.7756,0.2295,0.388,1.0212,0.7084,0.3925,-0.1449,C,0.227,0.322-0.622,0.731,0.531,0.139
4173,367893,-28.55,16,100.0,0.843,0.1269,0.5998,0.3391,0.4551,0.1089,0.6013,0.2909,-0.2911,C,0.2314,0.322-0.622,0.731,0.531,0.139
4174,367908,-13.12,15,100.0,0.7157,0.1823,0.7779,0.182,0.4618,0.449,0.7496,0.3561,-0.071,C,0.2167,0.322-0.622,0.731,0.531,0.139
4175,367952,-7.0,44,95.5,0.398,0.2389,0.5427,0.5199,0.7193,1.9346,0.8872,0.3368,-0.5476,C,0.2314,0.322-0.622,0.731,0.531,0.139
4176,367966,-8.14,14,92.9,0.6657,0.2192,0.8292,0.227,0.4086,0.4234,0.8358,0.3711,-0.1817,C,0.2337,0.322-0.622,0.731,0.531,0.139
4177,367981,-3.43,15,100.0,0.6703,0.1859,0.7623,0.1962,0.3861,0.8285,0.8124,0.4488,-0.1342,C,0.2197,0.322-0.622,0.731,0.531,0.139
4178,368003,-0.53,22,95.5,0.5169,0.2372,0.7155,0.2536,0.503,1.0264,0.8645,0.3432,-0.1549,C,0.1953,0.322-0.622,0.731,0.531,0.139
4179,368017,-22.99,14,0.0,0.0,0.0,0.8607,0.1659,0.3932,0.0,0.0,0.3269,-0.069,C,0.2161,0.322-0.622,0.731,0.531,0.139
4180,368030,-20.53,13,0.0,0.0,0.0,0.881,0.1625,0.4457,0.0,0.0,0.3932,-0.0825,C,0.1912,0.322-0.622,0.731,0.531,0.139
4181,368084,-1.72,54,94.4,0.5082,0.2083,0.5815,0.4518,0.7401,1.2374,0.7587,0.3594,-0.4237,C,0.1944,0.322-0.622,0.732,0.532,0.139
4182,368098,-15.04,14,92.9,0.7231,0.147,0.9043,0.1085,0.3158,0.2748,0.6212,0.3498,-0.0382,C,0.2134,0.322-0.622,0.732,0.532,0.139
4183,368114,-8.3,16,87.5,0.6615,0.1961,0.7895,0.2575,0.4031,0.3833,0.7381,0.4049,-0.1779,C,0.2078,0.322-0.622,0.732,0.532,0.139
4184,368134,-27.32,20,85.0,0.9189,0.0819,0.696,0.337,0.5808,0.0292,0.3222,0.4192,-0.2637,C,0.1918,0.322-0.622,0.732,0.532,0.139
4185,368199,-13.02,65,98.5,0.6002,0.2573,0.4439,0.4686,0.8426,0.5779,0.8905,0.3803,-0.4105,C,0.1934,0.322-0.622,0.732,0.532,0.139
4186,368214,-12.63,15,86.7,0.5615,0.226,0.8168,0.2119,0.3968,0.7535,0.7995,0.417,-0.1488,C,0.2401,0.322-0.622,0.732,0.532,0.139
4187,368266,0.11,52,98.1,0.3744,0.25,0.5771,0.5481,0.7771,1.9489,0.9227,0.4286,-0.5927,C,0.1899,0.322-0.622,0.732,0.532,0.139
4188,368281,-1.78,15,100.0,0.5604,0.2195,0.8441,0.1248,0.4514,1.0367,0.9281,0.4027,-0.044,C,0.2222,0.322-0.622,0.732,0.532,0.139
4189,368358,76.52,77,96.1,0.3111,0.2414,0.5238,0.482,0.805,2.3133,0.9381,0.4185,-0.4674,C,0.1888,0.322-0.622,0.732,0.532,0.139
4190,368372,2.55,14,100.0,0.6627,0.1968,0.844,0.1424,0.3374,0.8391,0.8297,0.4832,-0.0511,C,0.2062,0.322-0.622,0.732,0.532,0.139
4191,368386,-37.09,14,0.0,0.0,0.0,0.8527,0.1828,0.429,0.0,0.0,0.308,-0.1058,C,0.2249,0.322-0.622,0.732,0.532,0.139
4192,368400,-5.58,14,85.7,0.756,0.1441,0.8678,0.1284,0.4262,0.2732,0.5596,0.4272,-0.0646,C,0.2021,0.322-0.622,0.732,0.532,0.139
4193,368453,-28.79,53,100.0,0.7009,0.1432,0.5362,0.4007,0.7806,0.4266,0.6672,0.3281,-0.3377,C,0.2079,0.322-0.622,0.732,0.532,0.139
4194,368478,-24.51,25,88.0,0.8244,0.1329,0.7008,0.317,0.5977,0.1546,0.5361,0.4115,-0.262,C,0.2302,0.322-0.622,0.732,0.532,0.139
4195,368491,-17.38,13,0.0,0.0,0.0,0.917,0.1037,0.3978,0.0,0.0,0.4261,-0.0357,C,0.2286,0.322-0.622,0.732,0.532,0.139
4196,368520,-14.08,29,89.7,0.6292,0.1825,0.6311,0.3266,0.6375,0.4804,0.7268,0.2886,-0.2518,C,0.2154,0.322-0.622,0.733,0.533,0.139
4197,368533,-19.84,13,84.6,0.9638,0.0521,0.8513,0.1307,0.4455,0.0306,0.232,0.2751,-0.0533,C,0.217,0.322-0.622,0.733,0.533,0.139
4198,368546,-7.09,13,92.3,0.867,0.0741,0.8884,0.1426,0.4152,0.0558,0.3359,0.3366,-0.0662,C,0.2025,0.322-0.622,0.733,0.533,0.139
4199,368561,0.47,15,100.0,0.634,0.1964,0.8321,0.1843,0.4255,0.7495,0.8302,0.3477,-0.0912,C,0.2228,0.322-0.622,0.733,0.533,0.139
4200,368575,-20.71,14,0.0,0.0,0.0,0.8429,0.148,0.4219,0.0,0.0,0.3281,-0.0496,C,0.1989,0.322-0.622,0.733,0.533,0.139
4201,368589,-3.06,14,100.0,0.6517,0.1924,0.8285,0.1686,0.3927,0.5999,0.8623,0.4137,-0.0901,C,0.2169,0.322-0.622,0.733,0.533,0.139
4202,368603,-26.76,14,100.0,0.8081,0.1346,0.8223,0.2498,0.3617,0.6229,0.6139,0.318,-0.1944,C,0.2444,0.322-0.622,0.733,0.533,0.139
4203,368617,-12.59,14,100.0,0.9356,0.104,0.8673,0.1226,0.4332,0.0555,0.4885,0.3864,-0.0347,C,0.1912,0.322-0.622,0.733,0.533,0.139
4204,368632,0.16,15,100.0,0.7261,0.188,0.7997,0.183,0.5046,0.4613,0.8065,0.4242,-0.0857,C,0.215,0.322-0.622,0.733,0.533,0.139
4205,368647,-7.94,15,93.3,0.8537,0.0799,0.7981,0.1938,0.4459,0.064,0.3526,0.4213,-0.097,C,0.2034,0.322-0.622,0.733,0.533,0.139
4206,368664,-7.1,17,100.0,0.8424,0.1046,0.7714,0.2006,0.5005,0.1401,0.4994,0.3535,-0.1089,C,0.244,0.322-0.622,0.733,0.533,0.139
4207,368681,-4.67,17,94.1,0.5033,0.223,0.6784,0.2334,0.4217,1.2353,0.88,0.4094,-0.1439,C,0.2205,0.322-0.622,0.733,0.533,0.139
4208,368695,-21.56,14,92.9,0.85,0.0865,0.8038,0.2097,0.3944,0.0799,0.3962,0.3392,-0.1115,C,0.196,0.322-0.622,0.733,0.533,0.139
4209,368709,10.85,14,100.0,0.4843,0.24,0.8805,0.1266,0.4552,1.3224,0.9192,0.4261,-0.0367,C,0.2245,0.322-0.622,0.733,0.533,0.139
4210,368726,-14.1,17,82.4,0.6717,0.1749,0.7729,0.1867,0.3322,0.5299,0.6339,0.2908,-0.0841,C,0.2212,0.322-0.622,0.733,0.533,0.139
4211,368740,-22.55,14,71.4,1.1471,0.0158,0.8286,0.1851,0.4518,0.0015,0.1073,0.3969,-0.1134,C,0.2499,0.322-0.622,0.733,0.533,0.139
4212,368754,-6.22,14,92.9,0.7138,0.1759,0.7939,0.2085,0.4335,0.2268,0.7435,0.3807,-0.1335,C,0.2041,0.322-0.622,0.733,0.533,0.139
4213,368768,-16.91,14,92.9,0.8757,0.1135,0.8758,0.138,0.3674,0.1063,0.4876,0.4855,-0.0904,C,0.2464,0.322-0.622,0.733,0.533,0.139
4214,368781,-29.37,13,0.0,0.0,0.0,0.9155,0.0738,0.4363,0.0,0.0,0.4074,-0.0113,C,0.2309,0.322-0.622,0.733,0.533,0.139
4215,368795,-21.91,14,0.0,0.0,0.0,0.8851,0.1448,0.4157,0.0,0.0,0.3473,-0.0715,C,0.2074,0.322-0.622,0.733,0.533,0.139
4216,368809,-2.74,14,100.0,0.8861,0.1283,0.8802,0.1328,0.4475,0.0635,0.6021,0.2984,-0.0593,C,0.2294,0.322-0.622,0.733,0.533,0.139
4217,368822,-9.17,13,84.6,0.835,0.1192,0.8951,0.1203,0.4286,0.09,0.4738,0.4118,-0.088,C,0.2437,0.322-0.622,0.733,0.533,0.139
4218,368837,1.7,15,100.0,0.6686,0.1783,0.807,0.1636,0.4628,0.3931,0.8138,0.3447,-0.0744,C,0.2391,0.322-0.622,0.733,0.533,0.139
4219,368852,-17.33,15,93.3,0.711,0.1752,0.8559,0.2068,0.3108,0.5335,0.7462,0.3963,-0.1444,C,0.2083,0.322-0.622,0.733,0.533,0.139
4220,369040,-281.52,188,98.4,0.7093,0.127,0.443,0.5509,0.9201,0.3027,0.5838,0.3655,-0.5864,C,0.2196,0.322-0.622,0.734,0.534,0.139
4221,369056,-12.27,16,100.0,0.7774,0.1519,0.7955,0.2565,0.3914,0.7856,0.6694,0.4148,-0.189,C,0.214,0.322-0.622,0.734,0.534,0.139
4222,369071,6.35,15,100.0,0.5591,0.2245,0.8635,0.1371,0.4458,1.0051,0.9438,0.4155,-0.0515,C,0.2382,0.322-0.622,0.734,0.534,0.139
4223,369085,-15.25,14,78.6,1.0365,0.023,0.8204,0.2476,0.406,0.0072,0.1334,0.3933,-0.1615,C,0.2155,0.322-0.622,0.734,0.534,0.139
4224,369099,-3.4,14,92.9,0.9425,0.0671,0.8741,0.1107,0.429,0.0313,0.2959,0.3469,-0.0348,C,0.1982,0.322-0.622,0.734,0.534,0.139
4225,369158,-61.53,59,93.2,0.793,0.0843,0.6015,0.3844,0.7606,0.2199,0.3866,0.3442,-0.3447,C,0.2216,0.322-0.622,0.734,0.534,0.139
4226,369173,-12.16,15,100.0,0.8198,0.1452,0.8026,0.1986,0.4384,0.2627,0.6639,0.4096,-0.0949,C,0.2235,0.322-0.622,0.734,0.534,0.139
4227,369187,-11.89,14,100.0,0.7868,0.136,0.8318,0.2672,0.437,0.1518,0.6415,0.3321,-0.1867,C,0.2276,0.322-0.622,0.734,0.534,0.139
4228,369204,-21.71,17,100.0,0.7034,0.1678,0.6741,0.3081,0.4328,0.5915,0.7339,0.4883,-0.2251,C,0.2083,0.322-0.622,0.734,0.534,0.139
4229,369221,-1.14,17,94.1,0.4982,0.2354,0.7135,0.2908,0.4762,1.1936,0.864,0.3954,-0.2241,C,0.2016,0.322-0.622,0.734,0.534,0.139
4230,369234,-22.01,13,100.0,0.7857,0.118,0.8456,0.15,0.4081,0.1474,0.5533,0.3839,-0.0874,C,0.2475,0.322-0.622,0.734,0.534,0.139
4231,369248,-7.4,14,100.0,0.9687,0.0695,0.8088,0.1883,0.3916,0.031,0.344,0.4202,-0.0845,C,0.203,0.322-0.622,0.734,0.534,0.139
4232,369262,-14.11,14,92.9,0.8196,0.1354,0.9229,0.0814,0.3063,0.5005,0.573,0.4918,-0.0208,C,0.238,0.322-0.622,0.734,0.534,0.139
4233,369276,-20.17,14,85.7,0.7377,0.1466,0.8255,0.2026,0.4345,0.1969,0.5926,0.4373,-0.1135,C,0.2306,0.322-0.622,0.734,0.534,0.139
4234,369290,-1.43,14,78.6,0.7879,0.1569,0.8577,0.1259,0.4035,0.1373,0.576,0.3669,-0.0342,C,0.2342,0.322-0.622,0.734,0.534,0.139
4235,369303,-17.37,13,0.0,0.0,0.0,0.9079,0.0793,0.4123,0.0,0.0,0.35,-0.0192,C,0.2166,0.322-0.622,0.734,0.534,0.139
4236,369317,-4.33,14,100.0,0.8716,0.1064,0.8007,0.1889,0.4631,0.0651,0.5008,0.4466,-0.0953,C,0.1929,0.322-0.622,0.734,0.534,0.139
4237,369352,-1.67,35,94.3,0.4144,0.2324,0.5513,0.4741,0.6783,1.7673,0.8712,0.3975,-0.4553,C,0.2079,0.322-0.622,0.734,0.534,0.139
4238,369366,-18.34,14,100.0,0.824,0.162,0.8047,0.2172,0.4743,0.1675,0.7441,0.3144,-0.1216,C,0.2032,0.322-0.622,0.734,0.534,0.139
4239,369381,4.78,15,100.0,0.5456,0.2134,0.8348,0.178,0.4492,1.1018,0.9049,0.4273,-0.0769,C,0.2307,0.322-0.622,0.734,0.534,0.139
4240,369396,-34.86,15,86.7,0.71,0.1475,0.7432,0.3419,0.3528,0.224,0.5868,0.3616,-0.3186,C,0.2226,0.322-0.622,0.734,0.534,0.139
4241,369409,-27.22,13,0.0,0.0,0.0,0.913,0.0825,0.4317,0.0,0.0,0.3422,-0.0189,C,0.2133,0.322-0.622,0.734,0.534,0.139
4242,369422,2.51,13,100.0,0.5698,0.231,0.8841,0.1436,0.4638,1.0214,0.9455,0.4229,-0.0706,C,0.2207,0.322-0.622,0.734,0.534,0.139
4243,369439,-18.35,17,94.1,0.6448,0.1218,0.678,0.3048,0.3998,0.7196,0.5337,0.3911,-0.2249,C,0.2157,0.322-0.622,0.735,0.535,0.139
4244,369454,-20.06,15,86.7,0.6942,0.1751,0.6863,0.3395,0.3878,0.2904,0.6988,0.4363,-0.3022,C,0.1944,0.322-0.622,0.735,0.535,0.139
4245,369468,-7.99,14,92.9,0.6992,0.166,0.8919,0.1412,0.2937,0.7382,0.6895,0.4236,-0.0986,C,0.2054,0.322-0.622,0.735,0.535,0.139
4246,369481,-19.8,13,100.0,0.8141,0.1302,0.8356,0.1983,0.4177,0.1444,0.6076,0.4235,-0.1668,C,0.2365,0.322-0.622,0.735,0.535,0.139
4247,369495,4.98,14,92.9,0.4102,0.2289,0.8338,0.1816,0.3945,1.6745,0.8567,0.3953,-0.0954,C,0.209,0.322-0.622,0.735,0.535,0.139
4248,369509,-7.88,14,100.0,0.7371,0.1576,0.7984,0.1868,0.3762,0.7185,0.7059,0.4353,-0.0884,C,0.2403,0.322-0.622,0.735,0.535,0.139
4249,369524,0.62,15,100.0,0.5609,0.2186,0.8091,0.1941,0.4348,1.0838,0.9317,0.3278,-0.0968,C,0.249,0.322-0.622,0.735,0.535,0.139
4250,369538,-4.73,14,78.6,0.9984,0.04,0.8927,0.1069,0.4198,0.0122,0.1717,0.4135,-0.0236,C,0.1933,0.322-0.622,0.735,0.535,0.139
4251,369553,-1.42,15,100.0,0.5977,0.2301,0.8726,0.1721,0.4585,0.807,0.9101,0.3167,-0.1475,C,0.2466,0.322-0.622,0.735,0.535,0.139
4252,369605,-20.03,52,96.2,0.5664,0.2219,0.5674,0.4594,0.7785,0.8237,0.8878,0.4191,-0.451,C,0.2463,0.322-0.622,0.735,0.535,0.139
4253,369620,-13.4,15,93.3,0.701,0.2037,0.8374,0.1837,0.4349,0.3099,0.8209,0.378,-0.1038,C,0.2013,0.322-0.622,0.735,0.535,0.139
4254,369634,-20.47,14,100.0,0.665,0.1655,0.7518,0.2589,0.4185,0.8536,0.7347,0.473,-0.237,C,0.2428,0.322-0.622,0.735,0.535,0.139
4255,369808,108.74,174,98.9,0.4733,0.2404,0.4576,0.4726,0.9008,1.2593,0.8912,0.3894,-0.4307,C,0.216,0.322-0.622,0.735,0.535,0.139
4256,369823,-28.98,15,53.3,1.0599,0.0212,0.811,0.1455,0.4373,0.0035,0.0876,0.3537,-0.0786,C,0.2384,0.322-0.622,0.735,0.535,0.139
4257,369839,-15.47,16,100.0,0.6015,0.1993,0.7104,0.2439,0.4114,0.9062,0.8449,0.3895,-0.1501,C,0.244,0.322-0.622,0.735,0.535,0.139
4258,369871,7.48,32,93.8,0.5067,0.2395,0.567,0.3924,0.6869,1.1798,0.869,0.3929,-0.3219,C,0.2439,0.322-0.622,0.735,0.535,0.139
4259,369884,-14.23,13,76.9,0.7567,0.1617,0.8563,0.1392,0.4217,0.1565,0.5817,0.3411,-0.0674,C,0.2433,0.322-0.622,0.735,0.535,0.139
4260,369906,1.91,22,100.0,0.574,0.203,0.7287,0.256,0.5105,1.0841,0.8186,0.2841,-0.174,C,0.2126,0.322-0.622,0.736,0.536,0.139
4261,369919,2.58,13,92.3,0.7414,0.1695,0.8895,0.1102,0.4383,0.2714,0.7204,0.4167,-0.0332,C,0.2082,0.322-0.622,0.736,0.536,0.139
4262,369936,-36.42,17,76.5,0.8259,0.1044,0.6906,0.3526,0.4144,0.0654,0.3824,0.3978,-0.3058,C,0.2101,0.322-0.622,0.736,0.536,0.139
4263,369950,-9.27,14,100.0,0.7852,0.142,0.8395,0.1842,0.3494,0.6921,0.64,0.3622,-0.1095,C,0.227,0.322-0.622,0.736,0.536,0.139
4264,369964,-13.26,14,100.0,0.6148,0.2308,0.811,0.2206,0.4505,0.6813,0.9167,0.315,-0.1447,C,0.193,0.322-0.622,0.736,0.536,0.139
4265,369979,-12.04,15,100.0,0.6488,0.2078,0.733,0.1915,0.4116,0.6248,0.8682,0.3523,-0.1078,C,0.208,0.322-0.622,0.736,0.536,0.139
4266,369992,-8.77,13,100.0,0.7755,0.1746,0.9129,0.0801,0.454,0.1736,0.8063,0.2708,-0.0109,C,0.2158,0.322-0.622,0.736,0.536,0.139
4267,370006,-11.54,14,100.0,0.6635,0.1858,0.8317,0.1377,0.3383,0.872,0.8212,0.4252,-0.0621,C,0.2384,0.322-0.622,0.736,0.536,0.139
4268,370021,-7.51,15,93.3,0.6462,0.1874,0.7955,0.2324,0.3446,0.8369,0.7556,0.2964,-0.1534,C,0.2314,0.322-0.622,0.736,0.536,0.139
4269,370040,-25.14,19,100.0,0.7819,0.1401,0.7655,0.2821,0.4914,0.3569,0.635,0.4242,-0.2446,C,0.2342,0.322-0.622,0.736,0.536,0.139
4270,370057,-8.02,17,94.1,0.6005,0.2314,0.7388,0.2343,0.4629,0.6398,0.829,0.2671,-0.1353,C,0.2389,0.322-0.622,0.736,0.536,0.139
4271,370071,-21.09,14,85.7,1.0495,0.0083,0.8472,0.1539,0.4431,0.0068,0.1128,0.2766,-0.0853,C,0.2421,0.322-0.622,0.736,0.536,0.139
4272,370087,-10.28,16,93.8,0.7292,0.1889,0.7791,0.2738,0.4496,0.3076,0.7841,0.3641,-0.1929,C,0.1932,0.322-0.622,0.736,0.536,0.139
4273,370103,-20.84,16,100.0,0.6597,0.1644,0.6792,0.2835,0.4552,0.6466,0.7251,0.4452,-0.2164,C,0.2197,0.322-0.622,0.736,0.536,0.139
4274,370117,-7.91,14,100.0,0.7703,0.1427,0.7872,0.1487,0.3386,0.5884,0.6477,0.3783,-0.0663,C,0.1904,0.322-0.622,0.736,0.536,0.139
4275,370145,-12.5,28,96.4,0.6885,0.1687,0.6295,0.3552,0.5974,0.6257,0.7241,0.3887,-0.2924,C,0.2312,0.322-0.622,0.736,0.536,0.139
4276,370200,1.7,55,96.4,0.7235,0.1789,0.5328,0.3814,0.8034,0.586,0.6896,0.3676,-0.2751,C,0.2093,0.322-0.622,0.736,0.536,0.139
4277,370214,-0.71,14,100.0,0.732,0.1988,0.862,0.1486,0.4335,0.2551,0.8903,0.3756,-0.0846,C,0.2,0.322-0.622,0.736,0.536,0.139
4278,370228,-16.14,14,100.0,0.6442,0.1928,0.7958,0.2292,0.3786,0.8459,0.8351,0.4276,-0.1626,C,0.2068,0.322-0.622,0.736,0.536,0.139
4279,370245,-8.72,17,82.4,0.6789,0.1867,0.7388,0.2178,0.4549,0.2633,0.6853,0.2857,-0.1069,C,0.2447,0.322-0.622,0.736,0.536,0.139
4280,370259,-22.59,14,0.0,0.0,0.0,0.8575,0.1478,0.4032,0.0,0.0,0.2833,-0.0677,C,0.2125,0.322-0.622,0.736,0.536,0.139
4281,370275,-26.32,16,100.0,0.6146,0.2129,0.6745,0.3399,0.4664,0.6878,0.9089,0.3712,-0.3129,C,0.2296,0.322-0.622,0.736,0.536,0.139
4282,370291,-14.6,16,81.2,0.7192,0.181,0.7686,0.2841,0.3735,0.2488,0.6498,0.4386,-0.2236,C,0.2168,0.322-0.622,0.736,0.536,0.139
4283,370307,-25.2,16,81.2,0.8814,0.081,0.6929,0.2994,0.4551,0.0416,0.3172,0.3399,-0.2483,C,0.2257,0.322-0.622,0.736,0.536,0.139
4284,370320,-18.51,13,100.0,0.8562,0.1244,0.8381,0.1524,0.4365,0.1163,0.582,0.3467,-0.0836,C,0.245,0.322-0.622,0.736,0.536,0.139
4285,370337,-18.03,17,94.1,1.1182,0.0369,0.7385,0.3011,0.4729,0.0094,0.2015,0.3635,-0.2101,C,0.2361,0.322-0.622,0.736,0.536,0.139
4286,370356,-5.43,19,94.7,0.5657,0.2202,0.7069,0.2889,0.5109,1.04,0.8471,0.3377,-0.22,C,0.2436,0.322-0.622,0.736,0.536,0.139
4287,370370,-6.99,14,92.9,0.9556,0.0676,0.8323,0.1849,0.4322,0.027,0.3007,0.4207,-0.1002,C,0.1941,0.322-0.622,0.737,0.537,0.139
4288,370384,-25.58,14,92.9,0.7555,0.1438,0.7617,0.2533,0.3546,0.2216,0.6123,0.3547,-0.2086,C,0.2226,0.322-0.622,0.737,0.537,0.139
4289,370398,-23.78,14,78.6,1.0047,0.0414,0.83,0.2288,0.4463,0.0092,0.18,0.4329,-0.1746,C,0.2103,0.322-0.622,0.737,0.537,0.139
4290,370502,-202.55,104,83.7,1.0348,0.0286,0.5823,0.459,0.8446,0.0101,0.1564,0.3263,-0.48,C,0.2279,0.322-0.622,0.737,0.537,0.139
4291,370531,-19.77,29,96.6,0.6436,0.1849,0.6709,0.3337,0.6459,0.6507,0.8061,0.3259,-0.298,C,0.2117,0.322-0.622,0.737,0.537,0.139
4292,370579,-11.75,48,97.9,0.6149,0.2192,0.5831,0.3697,0.7602,0.7414,0.7731,0.2821,-0.3026,C,0.228,0.322-0.622,0.737,0.537,0.139
4293,370655,125.33,76,96.1,0.251,0.2374,0.5174,0.4718,0.8294,2.6883,0.9343,0.3325,-0.4333,C,0.2044,0.322-0.622,0.737,0.537,0.14
4294,370737,50.25,82,97.6,0.5354,0.2277,0.5419,0.4305,0.8567,1.249,0.7506,0.4315,-0.3777,C,0.2449,0.322-0.622,0.737,0.537,0.14
4295,370876,-120.2,139,96.4,0.7128,0.1223,0.417,0.4757,0.9003,0.2487,0.5532,0.385,-0.424,C,0.2091,0.322-0.622,0.738,0.538,0.14
4296,370899,-13.44,23,78.3,0.5431,0.1852,0.6459,0.3059,0.4133,0.8512,0.6185,0.3564,-0.2588,C,0.2448,0.322-0.622,0.738,0.538,0.14
4297,370916,-20.08,17,94.1,0.6458,0.1954,0.7101,0.3029,0.3517,0.8752,0.7802,0.4391,-0.2724,C,0.2106,0.322-0.622,0.738,0.538,0.14
4298,371009,30.77,93,97.8,0.429,0.2182,0.4687,0.5353,0.8465,1.7124,0.866,0.4124,-0.5315,C,0.2104,0.322-0.622,0.738,0.538,0.14
4299,371023,-19.9,14,85.7,0.822,0.1197,0.7151,0.3148,0.4348,0.1252,0.4877,0.4059,-0.2734,C,0.2412,0.322-0.622,0.738,0.538,0.14
4300,371037,-13.47,14,78.6,0.8467,0.125,0.8408,0.1531,0.4446,0.0741,0.4636,0.4373,-0.0603,C,0.2492,0.322-0.622,0.738,0.538,0.14
4301,371050,-12.58,13,69.2,1.0954,0.0312,0.8289,0.1805,0.441,0.0043,0.1329,0.3217,-0.0966,C,0.2307,0.322-0.622,0.738,0.538,0.14
4302,371063,-5.96,13,100.0,0.6078,0.2263,0.8731,0.1668,0.4206,0.661,0.935,0.3308,-0.146,C,0.2467,0.322-0.622,0.738,0.538,0.14
4303,371098,-40.0,35,94.3,0.6128,0.2038,0.5956,0.4613,0.6537,0.5894,0.8236,0.4284,-0.4608,C,0.1948,0.322-0.622,0.738,0.538,0.14
4304,371112,-19.04,14,92.9,0.6426,0.1789,0.78,0.2507,0.2967,0.7808,0.7444,0.4121,-0.2134,C,0.2197,0.322-0.622,0.738,0.538,0.14
4305,371133,-24.81,21,76.2,0.9493,0.0654,0.6917,0.2682,0.5486,0.027,0.2442,0.4351,-0.1922,C,0.2068,0.322-0.622,0.738,0.538,0.14
4306,371147,-4.42,14,85.7,0.9127,0.0913,0.8508,0.1635,0.4241,0.0568,0.3716,0.4122,-0.0652,C,0.2183,0.322-0.622,0.738,0.538,0.14
4307,371234,101.82,87,94.3,0.2842,0.2366,0.5056,0.5041,0.8181,2.4489,0.9146,0.381,-0.4835,C,0.2017,0.322-0.622,0.738,0.538,0.14
4308,371248,1.97,14,100.0,0.7165,0.2072,0.8524,0.1199,0.4397,0.3333,0.8907,0.3441,-0.0408,C,0.2007,0.322-0.622,0.738,0.538,0.14
4309,371604,315.41,356,98.9,0.3418,0.2181,0.4378,0.5276,0.9256,2.108,0.8397,0.3415,-0.5281,C,0.2391,0.322-0.622,0.739,0.539,0.14
4310,371625,-18.9,21,85.7,0.6241,0.1799,0.719,0.295,0.437,0.7436,0.6735,0.3062,-0.2323,C,0.249,0.322-0.622,0.739,0.539,0.14
4311,371639,-23.83,14,100.0,0.9892,0.0741,0.7845,0.2937,0.4264,0.0247,0.3517,0.4541,-0.278,C,0.2247,0.322-0.622,0.739,0.539,0.14
4312,371660,-1.33,21,85.7,0.5214,0.223,0.7672,0.25,0.4483,1.0599,0.7823,0.4632,-0.1826,C,0.1951,0.322-0.622,0.739,0.539,0.14
4313,371675,-7.49,15,100.0,0.6576,0.1856,0.7034,0.203,0.3229,0.9004,0.8074,0.3484,-0.0993,C,0.2387,0.322-0.622,0.739,0.539,0.14
4314,371688,-30.18,13,0.0,0.0,0.0,0.8722,0.1573,0.4239,0.0,0.0,0.4078,-0.0695,C,0.1908,0.322-0.622,0.739,0.539,0.14
4315,371704,-9.72,16,93.8,0.493,0.2243,0.6802,0.314,0.4427,1.2581,0.851,0.2618,-0.2453,C,0.2117,0.322-0.622,0.739,0.539,0.14
4316,371719,-5.53,15,86.7,0.7493,0.1635,0.8527,0.1382,0.3241,0.3125,0.6195,0.2684,-0.0472,C,0.1997,0.322-0.622,0.739,0.539,0.14
4317,371733,-23.06,14,92.9,0.9779,0.0495,0.8165,0.2042,0.4176,0.017,0.2401,0.3501,-0.1242,C,0.2246,0.322-0.622,0.739,0.539,0.14
4318,371753,-23.79,20,95.0,0.6509,0.1874,0.7443,0.3571,0.5029,0.7035,0.7682,0.3848,-0.3548,C,0.2091,0.322-0.622,0.739,0.539,0.14
4319,371768,-4.33,15,100.0,0.5782,0.221,0.8163,0.1626,0.4753,1.05,0.9064,0.3928,-0.0696,C,0.2259,0.322-0.622,0.739,0.539,0.14
4320,371782,-20.55,14,100.0,0.6656,0.1899,0.7042,0.2569,0.3897,0.4581,0.8366,0.4526,-0.205,C,0.1925,0.322-0.622,0.74,0.54,0.14
4321,371796,-9.72,14,100.0,0.8707,0.1206,0.7999,0.2097,0.4043,0.1223,0.545,0.4346,-0.1371,C,0.192,0.322-0.622,0.74,0.54,0.14
4322,371812,-12.68,16,100.0,0.7115,0.1492,0.8288,0.1823,0.4635,0.6945,0.656,0.386,-0.0948,C,0.2086,0.322-0.622,0.74,0.54,0.14
4323,371826,-9.33,14,71.4,1.0248,0.0627,0.8544,0.1264,0.4263,0.009,0.2165,0.332,-0.055,C,0.2394,0.322-0.622,0.74,0.54,0.14
4324,371869,13.78,43,90.7,0.456,0.2352,0.5495,0.4435,0.7254,1.3962,0.8518,0.4407,-0.4129,C,0.1939,0.322-0.622,0.74,0.54,0.14
4325,371884,-29.41,15,86.7,0.7062,0.1656,0.7867,0.2664,0.3416,0.2944,0.6268,0.4389,-0.2685,C,0.2379,0.322-0.622,0.74,0.54,0.14
4326,371898,-4.25,14,100.0,0.777,0.1445,0.8178,0.1304,0.3534,0.656,0.6533,0.4521,-0.0508,C,0.2128,0.322-0.622,0.74,0.54,0.14
4327,371912,-10.31,14,100.0,0.7684,0.1709,0.8223,0.1526,0.3998,0.1901,0.7916,0.3523,-0.071,C,0.2125,0.322-0.622,0.74,0.54,0.14
4328,371927,-36.9,15,93.3,0.887,0.1005,0.7688,0.355,0.3571,0.1093,0.4548,0.4567,-0.3684,C,0.2318,0.322-0.622,0.74,0.54,0.14
4329,371942,-4.01,15,93.3,0.6653,0.1902,0.7534,0.1803,0.359,0.6234,0.7853,0.3749,-0.081,C,0.2183,0.322-0.622,0.74,0.54,0.14
4330,371956,-13.05,14,92.9,0.502,0.2203,0.7426,0.2689,0.3344,1.3159,0.8424,0.4314,-0.2497,C,0.2139,0.322-0.622,0.74,0.54,0.14
4331,371970,-7.75,14,100.0,0.6519,0.2135,0.8633,0.1432,0.4307,0.5596,0.9068,0.3232,-0.0521,C,0.2068,0.322-0.622,0.74,0.54,0.14
4332,372171,-197.16,201,97.5,0.5634,0.1848,0.4261,0.5854,0.9148,0.7191,0.736,0.4107,-0.6169,C,0.2361,0.322-0.622,0.74,0.54,0.14
4333,372197,-3.74,26,88.5,0.6491,0.1956,0.7122,0.2443,0.5929,0.3921,0.7719,0.3006,-0.1532,C,0.2138,0.322-0.622,0.74,0.54,0.14
4334,372212,-26.65,15,93.3,0.656,0.1798,0.7401,0.2918,0.3205,0.6572,0.7353,0.3237,-0.2198,C,0.2137,0.322-0.622,0.74,0.54,0.14
4335,372227,-18.98,15,100.0,0.7186,0.1661,0.7117,0.2964,0.3521,0.7829,0.7166,0.4436,-0.207,C,0.2218,0.322-0.622,0.74,0.54,0.14
4336,372268,-31.14,41,92.7,0.5471,0.2054,0.5525,0.4843,0.6678,1.1415,0.7945,0.3187,-0.479,C,0.2458,0.322-0.622,0.741,0.541,0.14
4337,372282,1.57,14,100.0,0.6383,0.2207,0.8452,0.1543,0.4659,0.5207,0.8862,0.2962,-0.0605,C,0.1983,0.322-0.622,0.741,0.541,0.14
4338,372380,145.29,98,96.9,0.3206,0.1979,0.4859,0.4724,0.8724,2.3027,0.8513,0.401,-0.4136,C,0.2045,0.322-0.622,0.741,0.541,0.14
4339,372403,-14.32,23,100.0,0.8109,0.1576,0.5996,0.3318,0.5903,0.1174,0.7089,0.4093,-0.2459,C,0.2148,0.322-0.622,0.741,0.541,0.14
4340,372466,2.94,63,98.4,0.6064,0.2424,0.4753,0.4078,0.8649,0.5287,0.8888,0.3364,-0.323,C,0.231,0.322-0.622,0.741,0.541,0.14
4341,372481,-21.09,15,80.0,0.7437,0.1282,0.7994,0.2463,0.3603,0.1356,0.4719,0.3039,-0.2059,C,0.2131,0.322-0.622,0.741,0.541,0.14
4342,372524,64.6,43,93.0,0.3068,0.2447,0.5896,0.369,0.6961,2.2674,0.8103,0.3898,-0.2948,C,0.2443,0.322-0.622,0.741,0.541,0.14
4343,372538,-19.28,14,92.9,0.7378,0.155,0.8821,0.134,0.335,0.365,0.6348,0.4187,-0.0957,C,0.2451,0.322-0.622,0.741,0.541,0.14
4344,372552,-32.28,14,0.0,0.0,0.0,0.8806,0.0981,0.3939,0.0,0.0,0.333,-0.0301,C,0.2494,0.322-0.622,0.741,0.541,0.14
4345,372566,-1.25,14,100.0,0.7348,0.1893,0.8043,0.1924,0.4614,0.2233,0.8658,0.3279,-0.0825,C,0.2194,0.322-0.622,0.741,0.541,0.14
4346,372646,-87.28,80,97.5,0.8412,0.1001,0.5496,0.4493,0.8194,0.164,0.4574,0.3533,-0.4184,C,0.2153,0.322-0.622,0.741,0.541,0.14
4347,372660,0.15,14,100.0,0.623,0.199,0.8479,0.0989,0.3938,0.7863,0.8602,0.2684,-0.028,C,0.2142,0.322-0.622,0.741,0.541,0.14
4348,372675,-14.1,15,100.0,0.6255,0.1956,0.7308,0.2386,0.4022,0.9079,0.8573,0.3833,-0.1561,C,0.1961,0.322-0.622,0.741,0.541,0.14
4349,372689,-14.52,14,100.0,0.9328,0.0905,0.8144,0.1706,0.4587,0.0359,0.4185,0.4449,-0.0774,C,0.2466,0.322-0.622,0.741,0.541,0.14
4350,372704,3.75,15,86.7,0.6049,0.2087,0.8053,0.1876,0.4611,0.5406,0.7764,0.4025,-0.0786,C,0.2322,0.322-0.622,0.741,0.541,0.14
4351,372719,-16.98,15,93.3,0.8039,0.1275,0.9026,0.113,0.2913,0.5306,0.5471,0.3585,-0.0462,C,0.2469,0.322-0.622,0.742,0.542,0.14
4352,372735,-5.61,16,100.0,0.6355,0.2115,0.79,0.1815,0.4585,0.6397,0.8955,0.4451,-0.0928,C,0.2078,0.322-0.622,0.742,0.542,0.14
4353,372749,-19.98,14,0.0,0.0,0.0,0.86,0.1618,0.423,0.0,0.0,0.4274,-0.0676,C,0.2484,0.322-0.622,0.742,0.542,0.14
4354,372788,27.15,39,97.4,0.3808,0.2472,0.648,0.3987,0.6528,1.8316,0.9003,0.3661,-0.3219,C,0.1987,0.322-0.622,0.742,0.542,0.14
4355,372802,-16.66,14,100.0,0.8121,0.1181,0.8668,0.1312,0.3102,0.2628,0.5503,0.4564,-0.0655,C,0.2488,0.322-0.622,0.742,0.542,0.14
4356,372816,-30.21,14,0.0,0.0,0.0,0.8353,0.1934,0.448,0.0,0.0,0.3552,-0.0905,C,0.2355,0.322-0.622,0.742,0.542,0.14
4357,372844,-31.38,28,89.3,0.6469,0.1724,0.6104,0.3922,0.5515,0.5818,0.6875,0.3315,-0.354,C,0.2437,0.322-0.622,0.742,0.542,0.14
4358,372858,1.65,14,92.9,0.6457,0.1968,0.9219,0.0666,0.3106,0.8211,0.7839,0.4065,-0.0127,C,0.2041,0.322-0.622,0.742,0.542,0.14
4359,372873,-10.21,15,100.0,0.6517,0.1973,0.8406,0.1598,0.4295,0.5033,0.8717,0.413,-0.0661,C,0.2346,0.322-0.622,0.742,0.542,0.14
4360,372905,5.56,32,84.4,0.5428,0.2023,0.5336,0.3542,0.6226,0.8588,0.7332,0.444,-0.2565,C,0.2363,0.322-0.622,0.742,0.542,0.14
4361,372919,-19.12,14,100.0,0.7908,0.137,0.8426,0.1706,0.3354,0.4773,0.6216,0.3754,-0.1141,C,0.2374,0.322-0.622,0.742,0.542,0.14
4362,372932,-14.27,13,100.0,0.9084,0.0999,0.8545,0.1321,0.4174,0.051,0.4652,0.3262,-0.0695,C,0.2417,0.322-0.622,0.742,0.542,0.14
4363,372946,-20.15,14,100.0,0.6286,0.1805,0.8112,0.2153,0.3338,0.94,0.8057,0.4394,-0.1505,C,0.2051,0.322-0.622,0.742,0.542,0.14
4364,372981,-21.11,35,100.0,0.5688,0.208,0.5772,0.4065,0.6705,0.8062,0.9096,0.3252,-0.3417,C,0.2021,0.322-0.622,0.742,0.542,0.14
4365,373066,32.38,85,96.5,0.4952,0.2128,0.4786,0.4646,0.821,1.3963,0.8578,0.3424,-0.4144,C,0.2394,0.322-0.622,0.742,0.542,0.14
4366,373080,-12.81,14,85.7,0.8697,0.074,0.873,0.159,0.3944,0.0446,0.3112,0.3326,-0.0998,C,0.2029,0.322-0.622,0.742,0.542,0.14
4367,373588,-124.41,508,99.4,0.5062,0.2016,0.4143,0.5653,0.9419,1.236,0.8382,0.3465,-0.5893,C,0.2074,0.322-0.622,0.743,0.543,0.141
4368,373603,-20.89,15,93.3,0.7487,0.1567,0.7512,0.2645,0.4353,0.2659,0.6657,0.3755,-0.1874,C,0.2277,0.322-0.622,0.743,0.543,0.141
4369,373670,-46.22,67,94.0,0.6418,0.1929,0.5145,0.451,0.7337,0.4362,0.7938,0.3706,-0.4155,C,0.2496,0.322-0.622,0.744,0.544,0.141
4370,373743,164.75,73,97.3,0.1955,0.2447,0.4999,0.4448,0.8252,3.0627,0.9451,0.4365,-0.3978,C,0.2375,0.322-0.622,0.744,0.544,0.141
4371,373759,1.21,16,100.0,0.6767,0.1942,0.7339,0.2187,0.3927,0.8686,0.7616,0.4381,-0.0939,C,0.2372,0.322-0.622,0.744,0.544,0.141
4372,373823,60.33,64,95.3,0.4139,0.221,0.5444,0.4432,0.7754,1.8715,0.8682,0.412,-0.3933,C,0.211,0.322-0.622,0.744,0.544,0.141
4373,373988,88.59,165,97.6,0.483,0.1777,0.4935,0.499,0.9035,1.6729,0.7278,0.405,-0.4929,C,0.2402,0.322-0.622,0.744,0.544,0.141
4374,374002,-8.05,14,100.0,0.7803,0.1378,0.7428,0.1858,0.4023,0.2176,0.6367,0.4629,-0.1395,C,0.2277,0.322-0.622,0.744,0.544,0.141
4375,374018,-4.14,16,93.8,0.5059,0.221,0.8124,0.1951,0.4286,1.2107,0.8489,0.38,-0.1058,C,0.21,0.322-0.622,0.744,0.544,0.141
4376,374032,-2.95,14,100.0,0.577,0.2163,0.798,0.1959,0.4558,1.0364,0.922,0.2971,-0.1183,C,0.2319,0.322-0.622,0.744,0.544,0.141
4377,374045,-11.04,13,53.8,1.1027,0.0093,0.868,0.1292,0.4431,0.0029,0.0723,0.3703,-0.0395,C,0.2415,0.322-0.622,0.744,0.544,0.141
4378,374059,-20.32,14,0.0,0.0,0.0,0.8428,0.1751,0.428,0.0,0.0,0.4141,-0.0701,C,0.2232,0.322-0.622,0.744,0.544,0.141
4379,374100,-15.69,41,100.0,0.6403,0.1697,0.5162,0.3717,0.7501,0.5967,0.7794,0.2962,-0.3044,C,0.2016,0.322-0.622,0.744,0.544,0.141
4380,374158,27.8,58,96.6,0.4464,0.2248,0.4901,0.4268,0.7652,1.3021,0.9172,0.3819,-0.3756,C,0.2155,0.322-0.622,0.745,0.545,0.141
4381,374416,17.6,258,99.6,0.4001,0.2379,0.4146,0.5873,0.9336,1.6658,0.9645,0.286,-0.6131,C,0.2135,0.322-0.622,0.745,0.545,0.141
4382,374430,-8.4,14,100.0,0.7381,0.157,0.8132,0.173,0.3947,0.5811,0.7127,0.2882,-0.0942,C,0.2429,0.322-0.622,0.745,0.545,0.141
4383,374444,-0.63,14,100.0,0.7718,0.149,0.8524,0.1332,0.4315,0.1945,0.6965,0.4253,-0.0563,C,0.1954,0.322-0.622,0.745,0.545,0.141
4384,374464,-5.24,20,85.0,0.8198,0.0959,0.7341,0.2058,0.5436,0.0766,0.3863,0.4165,-0.111,C,0.2244,0.322-0.622,0.745,0.545,0.141
4385,374478,-19.12,14,100.0,0.7856,0.1553,0.8117,0.1842,0.3504,0.398,0.6899,0.4667,-0.1165,C,0.248,0.322-0.622,0.745,0.545,0.141
4386,374492,-13.48,14,92.9,0.7555,0.1692,0.8581,0.2287,0.3888,0.1932,0.7189,0.4007,-0.2206,C,0.225,0.322-0.622,0.745,0.545,0.141
4387,374508,-27.8,16,93.8,0.817,0.1018,0.7677,0.3226,0.5151,0.1063,0.4482,0.4011,-0.2562,C,0.197,0.322-0.622,0.745,0.545,0.141
4388,374540,38.44,32,87.5,0.3759,0.2536,0.6481,0.2926,0.6905,1.6933,0.7695,0.3629,-0.2137,C,0.2312,0.322-0.622,0.745,0.545,0.141
4389,374557,-8.72,17,100.0,0.8179,0.152,0.8049,0.2194,0.4674,0.3579,0.6578,0.3731,-0.1602,C,0.221,0.322-0.622,0.745,0.545,0.141
4390,374626,-14.59,69,98.6,0.5542,0.2398,0.5367,0.4577,0.7933,0.8275,0.8949,0.3724,-0.4253,C,0.2183,0.322-0.622,0.746,0.546,0.141
4391,374789,15.55,163,96.9,0.4807,0.2192,0.4332,0.5227,0.9111,1.2683,0.8616,0.3416,-0.5194,C,0.1948,0.322-0.622,0.746,0.546,0.141
4392,374803,1.66,14,100.0,0.6773,0.2292,0.8435,0.1556,0.4734,0.3972,0.9669,0.3327,-0.0594,C,0.2174,0.322-0.622,0.746,0.546,0.141
4393,374821,-23.3,18,88.9,0.7246,0.1315,0.6839,0.333,0.3907,0.4082,0.5271,0.4309,-0.2772,C,0.1913,0.322-0.622,0.746,0.546,0.141
4394,374854,16.47,33,87.9,0.4512,0.2326,0.6742,0.3121,0.6285,1.3442,0.82,0.4162,-0.2464,C,0.2105,0.322-0.622,0.746,0.546,0.141
4395,374872,-11.54,18,77.8,0.6409,0.2089,0.767,0.3229,0.5401,0.3755,0.6945,0.4175,-0.273,C,0.2022,0.322-0.622,0.746,0.546,0.141
4396,374885,-6.2,13,100.0,1.0123,0.0753,0.8758,0.1442,0.4522,0.0335,0.3683,0.3819,-0.0929,C,0.2292,0.322-0.622,0.746,0.546,0.141
4397,374900,-4.15,15,86.7,0.6464,0.1987,0.747,0.2516,0.4356,0.3565,0.7586,0.4294,-0.1323,C,0.2494,0.322-0.622,0.746,0.546,0.141
4398,374914,-0.58,14,100.0,0.7655,0.1837,0.8323,0.1579,0.4465,0.23,0.8388,0.3789,-0.0614,C,0.2321,0.322-0.622,0.746,0.546,0.141
4399,374930,-5.82,16,100.0,0.601,0.207,0.754,0.2461,0.4562,0.8418,0.8856,0.4161,-0.1487,C,0.2331,0.322-0.622,0.746,0.546,0.141
4400,374943,-6.41,13,76.9,0.9853,0.045,0.905,0.0789,0.4105,0.0161,0.1802,0.3226,-0.0224,C,0.203,0.322-0.622,0.746,0.546,0.141
4401,374957,-13.9,14,92.9,0.6018,0.2126,0.8347,0.1393,0.3251,0.9073,0.8297,0.3519,-0.0735,C,0.2483,0.322-0.622,0.746,0.546,0.141
4402,374970,-11.16,13,100.0,0.6829,0.168,0.8592,0.1389,0.4792,0.886,0.7379,0.3345,-0.0554,C,0.2219,0.322-0.622,0.746,0.546,0.141
4403,374986,-20.98,16,87.5,0.7188,0.1519,0.8164,0.2212,0.3388,0.6094,0.576,0.36,-0.1728,C,0.2338,0.322-0.622,0.746,0.546,0.141
4404,375003,-6.91,17,100.0,0.6619,0.1949,0.7241,0.2784,0.4431,0.8484,0.8304,0.3682,-0.2037,C,0.2242,0.322-0.622,0.746,0.546,0.141
4405,375016,-31.15,13,0.0,0.0,0.0,0.9222,0.0964,0.3907,0.0,0.0,0.4026,-0.0309,C,0.1972,0.322-0.622,0.746,0.546,0.141
4406,375206,-6.87,190,98.9,0.6334,0.1755,0.4138,0.4794,0.9074,1.0499,0.7206,0.2118,-0.4352,C,0.2083,0.322-0.622,0.747,0.547,0.141
4407,375246,3.2,40,90.0,0.5696,0.2241,0.5443,0.3831,0.6536,0.7727,0.82,0.4135,-0.3084,C,0.2116,0.322-0.622,0.747,0.547,0.141
4408,375260,-30.79,14,100.0,0.7563,0.1437,0.8004,0.275,0.3618,0.5798,0.6584,0.4958,-0.2958,C,0.2106,0.322-0.622,0.747,0.547,0.141
4409,375291,-54.24,31,32.3,0.9926,0.0766,0.6498,0.3083,0.6333,0.0055,0.1233,0.356,-0.2373,C,0.2392,0.322-0.622,0.747,0.547,0.141
4410,375305,-16.39,14,100.0,0.6683,0.1858,0.8126,0.1757,0.3576,0.832,0.8067,0.4706,-0.1153,C,0.2476,0.322-0.622,0.747,0.547,0.141
4411,375350,-0.94,45,97.8,0.5357,0.2486,0.599,0.3931,0.7315,1.0174,0.8634,0.3804,-0.3314,C,0.1941,0.322-0.622,0.747,0.547,0.141
4412,375430,-3.71,80,97.5,0.411,0.2486,0.4792,0.5586,0.818,1.7663,0.8758,0.3767,-0.5709,C,0.235,0.322-0.622,0.747,0.547,0.141
4413,375450,-7.29,20,100.0,0.5408,0.2382,0.6627,0.3469,0.5528,1.0357,0.9301,0.3585,-0.2698,C,0.2064,0.322-0.622,0.747,0.547,0.141
4414,375475,-1.79,25,96.0,0.5386,0.2204,0.6523,0.3045,0.6038,1.1398,0.8666,0.3931,-0.2212,C,0.2463,0.322-0.622,0.747,0.547,0.141
4415,375489,-18.34,14,100.0,0.637,0.1988,0.7005,0.2715,0.4415,0.515,0.8731,0.3649,-0.1896,C,0.2115,0.322-0.622,0.747,0.547,0.141
4416,375503,-7.2,14,92.9,0.7845,0.1547,0.8697,0.1447,0.3367,0.2279,0.6454,0.4258,-0.0692,C,0.2243,0.322-0.622,0.747,0.547,0.141
4417,375558,12.14,55,98.2,0.4664,0.2261,0.5213,0.4911,0.7686,1.3953,0.9263,0.4201,-0.4561,C,0.2132,0.322-0.622,0.748,0.548,0.141
4418,375572,-16.22,14,100.0,0.521,0.2172,0.8447,0.1956,0.4027,1.2234,0.9457,0.295,-0.1339,C,0.1918,0.322-0.622,0.748,0.548,0.141
4419,375659,114.55,87,96.6,0.3182,0.2374,0.4642,0.4815,0.8794,2.2879,0.8158,0.4537,-0.4517,C,0.2414,0.322-0.622,0.748,0.548,0.141
4420,375680,8.29,21,85.7,0.3792,0.2402,0.7145,0.2809,0.5287,1.7517,0.767,0.3314,-0.2005,C,0.25,0.322-0.622,0.748,0.548,0.141
4421,375694,-29.83,14,100.0,0.6717,0.1666,0.7487,0.3104,0.4098,0.6061,0.7353,0.4118,-0.2842,C,0.2326,0.322-0.622,0.748,0.548,0.141
4422,375712,-9.22,18,88.9,0.4417,0.2256,0.6844,0.4131,0.5117,1.7392,0.7649,0.3796,-0.44,C,0.2299,0.322-0.622,0.748,0.548,0.141
4423,375726,-14.19,14,92.9,0.8256,0.1201,0.8501,0.1533,0.4385,0.087,0.5282,0.4384,-0.1141,C,0.2063,0.322-0.622,0.748,0.548,0.141
4424,375739,-17.86,13,0.0,0.0,0.0,0.8895,0.1058,0.4267,0.0,0.0,0.3684,-0.031,C,0.2169,0.322-0.622,0.748,0.548,0.141
4425,375754,-14.3,15,100.0,0.6696,0.1843,0.7203,0.2412,0.394,0.4845,0.8186,0.3229,-0.1334,C,0.2451,0.322-0.622,0.748,0.548,0.141
4426,375769,-15.67,15,86.7,0.8203,0.1179,0.7812,0.2417,0.3635,0.0778,0.4733,0.369,-0.1831,C,0.2243,0.322-0.622,0.748,0.548,0.141
4427,375784,-14.19,15,100.0,0.7717,0.1443,0.861,0.1861,0.4756,0.1887,0.6764,0.3659,-0.1496,C,0.2252,0.322-0.622,0.748,0.548,0.141
4428,375799,-19.61,15,100.0,0.6393,0.1846,0.7411,0.2793,0.3565,0.9107,0.8009,0.4767,-0.2294,C,0.2172,0.322-0.622,0.748,0.548,0.141
4429,375813,-17.53,14,85.7,0.8766,0.0785,0.7754,0.2319,0.3744,0.0514,0.3284,0.4897,-0.1788,C,0.2121,0.322-0.622,0.748,0.548,0.141
4430,375862,-39.55,49,93.9,0.6895,0.1578,0.5766,0.4227,0.6683,0.3906,0.6787,0.3592,-0.3786,C,0.1961,0.322-0.622,0.748,0.548,0.141
4431,375894,19.78,32,87.5,0.3657,0.2329,0.5737,0.3792,0.595,1.8727,0.8187,0.2397,-0.2955,C,0.2036,0.322-0.622,0.748,0.548,0.141
4432,375907,-10.32,13,100.0,1.1251,0.0254,0.8446,0.2069,0.449,0.0074,0.1761,0.4551,-0.1569,C,0.2294,0.322-0.622,0.748,0.548,0.141
4433,375920,-19.41,13,76.9,1.0127,0.0429,0.834,0.2196,0.4306,0.0078,0.1811,0.411,-0.1937,C,0.2019,0.322-0.622,0.748,0.548,0.141
4434,375937,-3.99,17,94.1,0.8547,0.1057,0.7454,0.1825,0.5373,0.0754,0.4731,0.4453,-0.1103,C,0.2461,0.322-0.622,0.748,0.548,0.141
4435,375958,-14.47,21,66.7,0.6337,0.1987,0.6348,0.3165,0.5303,0.3591,0.5727,0.414,-0.2289,C,0.2176,0.322-0.622,0.748,0.548,0.141
4436,375973,-26.92,15,100.0,0.6158,0.2042,0.7829,0.3039,0.405,0.931,0.8711,0.3323,-0.2923,C,0.2397,0.322-0.622,0.749,0.549,0.141
4437,375988,-9.78,15,100.0,0.74,0.1883,0.7178,0.254,0.4456,0.2999,0.8155,0.3431,-0.2071,C,0.2245,0.322-0.622,0.749,0.549,0.141
4438,376026,-38.06,38,97.4,0.5458,0.23,0.5782,0.5087,0.6994,0.9347,0.9164,0.3296,-0.5323,C,0.1956,0.322-0.622,0.749,0.549,0.141
4439,376053,-4.26,27,96.3,0.435,0.236,0.6482,0.3728,0.6452,1.4875,0.9133,0.3429,-0.3272,C,0.219,0.322-0.622,0.749,0.549,0.141
4440,376067,-31.07,14,85.7,0.8286,0.0883,0.8668,0.2369,0.3743,0.0692,0.3601,0.3878,-0.2549,C,0.2474,0.322-0.622,0.749,0.549,0.141
4441,376082,-8.56,15,100.0,0.626,0.1888,0.8034,0.2194,0.4192,0.9416,0.8346,0.4539,-0.1645,C,0.2261,0.322-0.622,0.749,0.549,0.141
4442,376095,-22.84,13,0.0,0.0,0.0,0.841,0.1689,0.433,0.0,0.0,0.4033,-0.0985,C,0.1949,0.322-0.622,0.749,0.549,0.141
4443,376111,1.47,16,100.0,0.5428,0.2212,0.7737,0.2273,0.4719,1.1331,0.9086,0.41,-0.1602,C,0.2038,0.322-0.622,0.749,0.549,0.141
4444,376124,2.86,13,100.0,0.5454,0.2253,0.901,0.1075,0.4419,1.1389,0.9547,0.314,-0.0325,C,0.2026,0.322-0.622,0.749,0.549,0.141
4445,376137,-4.72,13,92.3,1.0305,0.0301,0.8671,0.0748,0.4123,0.0097,0.1762,0.3152,-0.0195,C,0.1987,0.322-0.622,0.749,0.549,0.141
4446,376152,-28.27,15,86.7,0.6934,0.1766,0.6908,0.3363,0.4339,0.2965,0.7051,0.4064,-0.2938,C,0.243,0.322-0.622,0.749,0.549,0.141
4447,376170,-6.72,18,83.3,0.5222,0.1969,0.6898,0.2726,0.4107,0.9971,0.7231,0.3181,-0.1807,C,0.2463,0.322-0.622,0.749,0.549,0.141
4448,376184,-13.2,14,100.0,0.6908,0.1667,0.7837,0.2809,0.3961,0.4648,0.7394,0.4151,-0.2205,C,0.1966,0.322-0.622,0.749,0.549,0.141
4449,376197,-28.46,13,0.0,0.0,0.0,0.8865,0.139,0.4222,0.0,0.0,0.3675,-0.0608,C,0.2267,0.322-0.622,0.749,0.549,0.141
4450,376212,-3.24,15,100.0,0.5991,0.2021,0.8066,0.243,0.4754,0.9305,0.8456,0.3998,-0.1752,C,0.2233,0.322-0.622,0.749,0.549,0.142
4451,376226,-20.1,14,0.0,0.0,0.0,0.8928,0.1326,0.3878,0.0,0.0,0.446,-0.0694,C,0.2095,0.322-0.622,0.749,0.549,0.142
4452,376241,-25.03,15,100.0,0.8012,0.1408,0.7758,0.264,0.3631,0.4823,0.631,0.4334,-0.1982,C,0.2158,0.322-0.622,0.749,0.549,0.142
4453,376255,-18.88,14,85.7,0.8582,0.0915,0.8291,0.2051,0.406,0.0479,0.3731,0.4129,-0.1741,C,0.2326,0.322-0.622,0.749,0.549,0.142
4454,376268,-17.88,13,0.0,0.0,0.0,0.9004,0.0995,0.4392,0.0,0.0,0.3728,-0.0297,C,0.1975,0.322-0.622,0.749,0.549,0.142
4455,376283,-25.72,15,93.3,0.8164,0.1227,0.8473,0.2094,0.3278,0.2445,0.5266,0.4701,-0.1924,C,0.2271,0.322-0.622,0.749,0.549,0.142
4456,376298,-3.84,15,93.3,0.4704,0.2366,0.835,0.1831,0.4548,1.3335,0.8181,0.3222,-0.0919,C,0.1954,0.322-0.622,0.749,0.549,0.142
4457,376312,2.23,14,100.0,0.544,0.2329,0.8512,0.145,0.4146,1.0643,0.9549,0.4248,-0.0831,C,0.1916,0.322-0.622,0.749,0.549,0.142
4458,376327,-12.84,15,100.0,0.849,0.1247,0.646,0.2414,0.4739,0.1076,0.5893,0.3845,-0.1412,C,0.1957,0.322-0.622,0.749,0.549,0.142
4459,376351,-38.46,24,54.2,0.8609,0.0903,0.6296,0.2997,0.5481,0.0298,0.2355,0.323,-0.2097,C,0.2381,0.322-0.622,0.749,0.549,0.142
4460,376365,-12.42,14,78.6,0.8715,0.105,0.8478,0.1701,0.4044,0.0388,0.3847,0.3576,-0.1135,C,0.1929,0.322-0.622,0.749,0.549,0.142
4461,376382,-4.92,17,100.0,0.696,0.1964,0.7727,0.2384,0.4956,0.4631,0.8104,0.3653,-0.1554,C,0.2481,0.322-0.622,0.749,0.549,0.142
4462,376404,-23.0,22,86.4,0.7186,0.131,0.5803,0.3079,0.4365,0.4185,0.5212,0.3636,-0.2275,C,0.1998,0.322-0.622,0.749,0.549,0.142
4463,376421,-3.87,17,100.0,0.6175,0.2084,0.6889,0.2701,0.4348,0.6612,0.8946,0.3186,-0.1649,C,0.2286,0.322-0.622,0.749,0.549,0.142
4464,376435,-7.29,14,92.9,0.7478,0.1881,0.8475,0.1873,0.4185,0.2153,0.7719,0.3594,-0.1339,C,0.2363,0.322-0.622,0.749,0.549,0.142
4465,376466,-34.91,31,100.0,1.0344,0.069,0.5794,0.3645,0.633,0.0101,0.3276,0.4001,-0.2673,C,0.2483,0.322-0.622,0.75,0.55,0.142
4466,376479,-11.74,13,84.6,0.875,0.1014,0.877,0.1608,0.4194,0.0543,0.4009,0.3956,-0.1298,C,0.2497,0.322-0.622,0.75,0.55,0.142
4467,376492,-6.29,13,76.9,0.9724,0.0661,0.8771,0.1121,0.4029,0.0224,0.2434,0.4605,-0.0449,C,0.2002,0.322-0.622,0.75,0.55,0.142
4468,376506,-21.29,14,92.9,0.577,0.1982,0.8603,0.2119,0.3009,1.0782,0.7959,0.3459,-0.1935,C,0.2297,0.322-0.622,0.75,0.55,0.142
4469,376521,-20.59,15,86.7,0.6296,0.2,0.734,0.3157,0.3977,0.5047,0.7576,0.4478,-0.2638,C,0.228,0.322-0.622,0.75,0.55,0.142
4470,376536,-16.43,15,100.0,0.8533,0.1273,0.824,0.2179,0.4509,0.5446,0.5825,0.3676,-0.1324,C,0.2393,0.322-0.622,0.75,0.55,0.142
4471,376552,-27.08,16,100.0,0.5602,0.2324,0.7519,0.3748,0.4513,0.939,0.8997,0.4579,-0.4163,C,0.2332,0.322-0.622,0.75,0.55,0.142
4472,376604,-19.63,52,90.4,0.5723,0.202,0.4999,0.4195,0.7322,0.664,0.8023,0.2449,-0.3607,C,0.2005,0.322-0.622,0.75,0.55,0.142
4473,376617,-27.28,13,0.0,0.0,0.0,0.9264,0.0762,0.4352,0.0,0.0,0.4038,-0.0136,C,0.2089,0.322-0.622,0.75,0.55,0.142
4474,376633,0.68,16,100.0,0.5493,0.2222,0.8584,0.1947,0.4928,1.0301,0.933,0.3578,-0.151,C,0.2197,0.322-0.622,0.75,0.55,0.142
4475,376648,-7.08,15,93.3,0.6849,0.1897,0.8212,0.2351,0.4231,0.3106,0.7919,0.4045,-0.1566,C,0.2125,0.322-0.622,0.75,0.55,0.142
4476,376663,-3.95,15,100.0,0.8183,0.142,0.822,0.2028,0.468,0.1437,0.664,0.4327,-0.1186,C,0.2099,0.322-0.622,0.75,0.55,0.142
4477,376677,-7.34,14,85.7,0.9772,0.0608,0.8226,0.1678,0.4647,0.0229,0.2538,0.3759,-0.0759,C,0.2075,0.322-0.622,0.75,0.55,0.142
4478,376692,-22.19,15,100.0,0.6538,0.1622,0.6945,0.3044,0.3782,0.8397,0.7347,0.2449,-0.2108,C,0.2184,0.322-0.622,0.75,0.55,0.142
4479,376707,-20.48,15,100.0,0.559,0.1969,0.7176,0.3483,0.3999,1.075,0.8614,0.4866,-0.3445,C,0.2126,0.322-0.622,0.75,0.55,0.142
4480,376721,-9.73,14,100.0,0.6226,0.2168,0.8207,0.2066,0.4469,0.8002,0.8743,0.4243,-0.144,C,0.2361,0.322-0.622,0.75,0.55,0.142
4481,376736,-8.8,15,80.0,1.0083,0.0421,0.8299,0.1804,0.47,0.0115,0.1804,0.3652,-0.0805,C,0.2392,0.322-0.622,0.75,0.55,0.142
4482,376749,-18.35,13,0.0,0.0,0.0,0.8826,0.1327,0.4302,0.0,0.0,0.4381,-0.0543,C,0.2253,0.322-0.622,0.75,0.55,0.142
4483,376764,-13.52,15,80.0,0.7467,0.1356,0.8015,0.2083,0.3866,0.1383,0.5075,0.3244,-0.1483,C,0.1951,0.322-0.622,0.75,0.55,0.142
4484,376778,-3.89,14,100.0,0.7628,0.1883,0.8319,0.1951,0.4502,0.2287,0.8484,0.3079,-0.1075,C,0.2036,0.322-0.622,0.75,0.55,0.142
4485,376791,-6.65,13,100.0,0.7438,0.1419,0.8572,0.1688,0.4189,0.8427,0.6382,0.4382,-0.1146,C,0.1946,0.322-0.622,0.75,0.55,0.142
4486,376856,-14.75,65,92.3,0.5543,0.2032,0.5281,0.4099,0.727,0.6955,0.8279,0.351,-0.3591,C,0.2312,0.322-0.622,0.75,0.55,0.142
4487,376870,-21.1,14,92.9,0.8595,0.111,0.875,0.1388,0.306,0.1305,0.4827,0.4477,-0.0983,C,0.239,0.322-0.622,0.75,0.55,0.142
4488,376915,54.51,45,93.3,0.2581,0.2427,0.6307,0.3981,0.7336,2.5384,0.7849,0.2622,-0.3491,C,0.219,0.322-0.622,0.751,0.551,0.142
4489,376930,-21.48,15,100.0,0.6008,0.1995,0.7774,0.2596,0.4299,0.9669,0.8494,0.313,-0.2384,C,0.2016,0.322-0.622,0.751,0.551,0.142
4490,376945,-19.54,15,100.0,0.6722,0.1788,0.7768,0.2373,0.4725,0.5911,0.7723,0.3501,-0.1735,C,0.2428,0.322-0.622,0.751,0.551,0.142
4491,376959,-5.52,14,92.9,0.8334,0.1194,0.8449,0.1679,0.4026,0.0827,0.523,0.3248,-0.0715,C,0.2417,0.322-0.622,0.751,0.551,0.142
4492,376974,-11.45,15,80.0,0.9039,0.0863,0.8609,0.1772,0.4559,0.0308,0.3238,0.4046,-0.1289,C,0.2046,0.322-0.622,0.751,0.551,0.142
4493,376988,-17.16,14,100.0,0.7852,0.1529,0.7596,0.216,0.4164,0.2398,0.7157,0.3804,-0.1623,C,0.2289,0.322-0.622,0.751,0.551,0.142
4494,377003,-14.45,15,86.7,0.8124,0.1001,0.7856,0.219,0.4835,0.0838,0.4058,0.4439,-0.147,C,0.2264,0.322-0.622,0.751,0.551,0.142
4495,377016,-3.09,13,100.0,0.822,0.1297,0.8639,0.1331,0.4393,0.6072,0.5939,0.3622,-0.0498,C,0.2294,0.322-0.622,0.751,0.551,0.142
4496,377029,1.42,13,100.0,0.676,0.21,0.8408,0.1232,0.4474,0.6649,0.8462,0.4251,-0.043,C,0.2311,0.322-0.622,0.751,0.551,0.142
4497,377043,-4.83,14,100.0,0.9161,0.1225,0.8593,0.1405,0.452,0.1094,0.5778,0.3336,-0.062,C,0.2376,0.322-0.622,0.751,0.551,0.142
4498,377100,45.15,57,93.0,0.3549,0.2372,0.5413,0.4124,0.7532,1.9334,0.791,0.3743,-0.372,C,0.2485,0.322-0.622,0.751,0.551,0.142
4499,377114,2.26,14,92.9,0.6609,0.196,0.8582,0.1369,0.4028,0.4147,0.7998,0.2994,-0.037,C,0.2121,0.322-0.622,0.751,0.551,0.142
4500,377128,-10.04,14,92.9,0.6325,0.1959,0.8578,0.1928,0.3564,0.5497,0.8082,0.2888,-0.153,C,0.2062,0.322-0.622,0.751,0.551,0.142
4501,377142,-21.29,14,0.0,0.0,0.0,0.862,0.1361,0.4301,0.0,0.0,0.2523,-0.0488,C,0.2427,0.322-0.622,0.751,0.551,0.142
4502,377156,-27.24,14,0.0,0.0,0.0,0.8388,0.2178,0.3936,0.0,0.0,0.2718,-0.1324,C,0.1988,0.322-0.622,0.751,0.551,0.142
4503,377207,8.33,51,94.1,0.5941,0.1663,0.5816,0.3372,0.7756,0.5118,0.706,0.3232,-0.255,C,0.1933,0.322-0.622,0.751,0.551,0.142
4504,377222,-11.47,15,100.0,0.5339,0.2107,0.732,0.2831,0.4505,1.2393,0.8882,0.4775,-0.2175,C,0.2309,0.322-0.622,0.751,0.551,0.142
4505,377236,-12.75,14,85.7,0.7199,0.1709,0.8184,0.2463,0.3558,0.2011,0.669,0.3531,-0.1673,C,0.2359,0.322-0.622,0.751,0.551,0.142
4506,377252,-11.31,16,93.8,0.6816,0.1827,0.774,0.2077,0.4168,0.4499,0.7597,0.389,-0.1061,C,0.1942,0.322-0.622,0.751,0.551,0.142
4507,377266,-23.84,14,100.0,0.7475,0.1581,0.8643,0.223,0.334,0.7104,0.7027,0.4385,-0.1927,C,0.216,0.322-0.622,0.751,0.551,0.142
4508,377550,221.08,284,98.9,0.3907,0.2265,0.4494,0.502,0.9031,1.7422,0.897,0.3703,-0.4758,C,0.1957,0.322-0.622,0.752,0.552,0.142
4509,377564,-7.61,14,100.0,0.5237,0.2261,0.8444,0.1804,0.3963,1.0547,0.931,0.3167,-0.0782,C,0.2163,0.322-0.622,0.752,0.552,0.142
4510,377578,-16.39,14,85.7,0.7921,0.1386,0.8358,0.2637,0.4016,0.1099,0.5581,0.3721,-0.2405,C,0.2329,0.322-0.622,0.752,0.552,0.142
4511,377591,-11.89,13,92.3,0.693,0.1761,0.8757,0.2039,0.4063,0.2819,0.7543,0.3101,-0.2052,C,0.2096,0.322-0.622,0.752,0.552,0.142
4512,377675,113.62,84,97.6,0.2837,0.2316,0.518,0.4991,0.8452,2.5736,0.9168,0.4494,-0.4843,C,0.1975,0.322-0.622,0.752,0.552,0.142
4513,377693,-14.68,18,83.3,0.7047,0.141,0.7512,0.248,0.4129,0.2178,0.5361,0.377,-0.1675,C,0.2194,0.322-0.622,0.752,0.552,0.142
4514,377710,-14.22,17,94.1,0.6705,0.1744,0.7521,0.2374,0.3648,0.8292,0.7134,0.4584,-0.1443,C,0.1945,0.322-0.622,0.752,0.552,0.142
4515,377724,-29.98,14,0.0,0.0,0.0,0.8935,0.1308,0.4204,0.0,0.0,0.3267,-0.0581,C,0.1973,0.322-0.622,0.752,0.552,0.142
4516,377738,-18.57,14,92.9,0.8759,0.1049,0.8295,0.2662,0.4149,0.082,0.4541,0.3962,-0.2226,C,0.197,0.322-0.622,0.752,0.552,0.142
4517,377827,108.84,89,96.6,0.3145,0.205,0.4869,0.4788,0.8571,2.2571,0.875,0.4092,-0.4426,C,0.2107,0.322-0.622,0.752,0.552,0.142
4518,377864,32.78,37,97.3,0.475,0.2345,0.6375,0.3227,0.699,1.4406,0.8597,0.4183,-0.2294,C,0.2029,0.322-0.622,0.753,0.553,0.142
4519,377880,-22.67,16,68.8,1.0025,0.0654,0.8333,0.2054,0.4781,0.0081,0.215,0.3266,-0.1402,C,0.2436,0.322-0.622,0.753,0.553,0.142
4520,377914,37.36,34,94.1,0.3811,0.2436,0.694,0.32,0.6032,1.8224,0.8977,0.3954,-0.2274,C,0.2202,0.322-0.622,0.753,0.553,0.142
4521,377928,-7.07,14,100.0,0.8608,0.1157,0.8348,0.1732,0.4473,0.0944,0.5447,0.3231,-0.123,C,0.2418,0.322-0.622,0.753,0.553,0.142
4522,377944,-12.01,16,93.8,0.5276,0.2183,0.764,0.2692,0.3817,1.1612,0.8512,0.4518,-0.1805,C,0.2373,0.322-0.622,0.753,0.553,0.142
4523,377959,-27.55,15,86.7,0.8271,0.1127,0.7921,0.3223,0.3427,0.1291,0.4629,0.4761,-0.3389,C,0.2231,0.322-0.622,0.753,0.553,0.142
4524,377975,-18.31,16,100.0,0.8336,0.1597,0.7984,0.2222,0.4673,0.2595,0.7012,0.3331,-0.1736,C,0.2485,0.322-0.622,0.753,0.553,0.142
4525,377989,-6.4,14,100.0,0.744,0.1339,0.866,0.1419,0.4433,0.2068,0.6289,0.3881,-0.0848,C,0.2496,0.322-0.622,0.753,0.553,0.142
4526,378002,-17.93,13,0.0,0.0,0.0,0.8994,0.0974,0.4433,0.0,0.0,0.3798,-0.0376,C,0.2207,0.322-0.622,0.753,0.553,0.142
4527,378036,5.53,34,100.0,0.6253,0.2332,0.645,0.3589,0.6962,0.6487,0.9043,0.4204,-0.2671,C,0.2403,0.322-0.622,0.753,0.553,0.142
4528,378051,-11.68,15,86.7,0.8928,0.0854,0.8082,0.2129,0.4165,0.0357,0.3521,0.3601,-0.1319,C,0.2301,0.322-0.622,0.753,0.553,0.142
4529,378105,-1.67,54,100.0,0.4587,0.2443,0.5754,0.4706,0.8021,1.4057,0.8728,0.381,-0.4721,C,0.2391,0.322-0.622,0.753,0.553,0.142
4530,378119,4.3,14,100.0,0.5204,0.2321,0.8856,0.1451,0.4405,1.169,0.9594,0.3924,-0.0575,C,0.2435,0.322-0.622,0.753,0.553,0.142
4531,378136,-4.45,17,100.0,0.4712,0.2202,0.6355,0.2906,0.4745,1.6118,0.9013,0.4642,-0.2338,C,0.2482,0.322-0.622,0.753,0.553,0.142
4532,378151,-17.05,15,93.3,0.6843,0.1851,0.6676,0.323,0.4201,0.3682,0.7828,0.411,-0.277,C,0.2481,0.322-0.622,0.753,0.553,0.142
4533,378166,-11.47,15,93.3,0.6783,0.1797,0.7932,0.1864,0.3296,0.7353,0.7199,0.3218,-0.098,C,0.2431,0.322-0.622,0.753,0.553,0.142
4534,378180,-19.81,14,78.6,0.9072,0.0618,0.8694,0.1253,0.3965,0.0275,0.243,0.2569,-0.0512,C,0.2067,0.322-0.622,0.753,0.553,0.142
4535,378194,-5.82,14,92.9,0.7026,0.1957,0.8612,0.1741,0.4259,0.2899,0.8,0.3804,-0.1296,C,0.2339,0.322-0.622,0.753,0.553,0.142
4536,378207,-2.69,13,100.0,0.9528,0.0675,0.8846,0.1214,0.4363,0.0294,0.3208,0.3887,-0.0436,C,0.2012,0.322-0.622,0.753,0.553,0.142
4537,378220,-10.1,13,76.9,1.0522,0.018,0.844,0.138,0.4318,0.0068,0.1188,0.2799,-0.0645,C,0.2054,0.322-0.622,0.753,0.553,0.142
4538,378542,583.15,322,99.4,0.2816,0.215,0.4055,0.4884,0.9194,2.6255,0.8931,0.3614,-0.4532,C,0.2336,0.322-0.622,0.754,0.554,0.142
4539,378556,-11.47,14,100.0,0.6912,0.1914,0.849,0.1788,0.4746,0.781,0.7803,0.4163,-0.1153,C,0.2296,0.322-0.622,0.754,0.554,0.142
4540,378569,-9.21,13,100.0,1.0168,0.0828,0.8553,0.1721,0.4686,0.0427,0.4052,0.2693,-0.1123,C,0.2233,0.322-0.622,0.754,0.554,0.142
4541,378583,-11.34,14,100.0,0.8185,0.1403,0.8649,0.1828,0.3549,0.5925,0.6264,0.3394,-0.1221,C,0.235,0.322-0.622,0.754,0.554,0.142
4542,378601,-28.32,18,72.2,0.8035,0.1248,0.7306,0.2654,0.3923,0.173,0.4121,0.3249,-0.2083,C,0.2012,0.322-0.622,0.754,0.554,0.142
4543,378662,76.48,61,95.1,0.3454,0.2239,0.5816,0.3975,0.7628,2.1351,0.8962,0.4094,-0.3537,C,0.1995,0.322-0.622,0.754,0.554,0.142
4544,378678,-21.38,16,50.0,1.1672,0.033,0.834,0.1489,0.5151,0.0007,0.0992,0.2219,-0.0765,C,0.2372,0.322-0.622,0.754,0.554,0.142
4545,378803,-47.24,125,96.8,0.5909,0.1578,0.4384,0.4803,0.8812,0.6788,0.6936,0.2736,-0.4392,C,0.2291,0.322-0.622,0.755,0.555,0.142
4546,378816,-17.94,13,0.0,0.0,0.0,0.8983,0.1015,0.4254,0.0,0.0,0.3521,-0.0268,C,0.2457,0.322-0.622,0.755,0.555,0.142
4547,378830,-23.22,14,92.9,0.8776,0.0774,0.773,0.2305,0.3688,0.0638,0.3614,0.4807,-0.1508,C,0.2221,0.322-0.622,0.755,0.555,0.142
4548,378845,-31.55,15,0.0,0.0,0.0,0.7827,0.1992,0.4457,0.0,0.0,0.3077,-0.0814,C,0.2126,0.322-0.622,0.755,0.555,0.142
4549,378862,-12.56,17,94.1,0.5079,0.2386,0.6627,0.3377,0.5109,1.1541,0.8446,0.3972,-0.2682,C,0.1985,0.322-0.622,0.755,0.555,0.142
4550,378875,-12.36,13,100.0,0.6919,0.2086,0.864,0.1534,0.4433,0.3522,0.8832,0.3249,-0.0753,C,0.2175,0.322-0.622,0.755,0.555,0.142
4551,378891,-3.32,16,100.0,0.6546,0.1841,0.7994,0.2007,0.4733,0.7479,0.7792,0.4234,-0.1124,C,0.2158,0.322-0.622,0.755,0.555,0.142
4552,378905,-15.42,14,100.0,0.7824,0.1479,0.8598,0.1252,0.3488,0.6646,0.6505,0.4524,-0.0603,C,0.25,0.322-0.622,0.755,0.555,0.142
4553,378918,-16.28,13,92.3,0.5469,0.2137,0.8663,0.129,0.3844,0.7661,0.841,0.2674,-0.0753,C,0.2475,0.322-0.622,0.755,0.555,0.142
4554,378940,9.9,22,100.0,0.6183,0.21,0.7231,0.2404,0.5618,0.9271,0.8657,0.4294,-0.1411,C,0.2404,0.322-0.622,0.755,0.555,0.142
4555,379049,149.12,109,95.4,0.3379,0.2505,0.4239,0.4623,0.8742,2.171,0.8227,0.3951,-0.4197,C,0.2179,0.322-0.622,0.755,0.555,0.143
4556,379080,-12.81,31,100.0,0.5991,0.2243,0.5787,0.3754,0.6325,0.6075,0.9211,0.4523,-0.3155,C,0.2132,0.322-0.622,0.755,0.555,0.143
4557,379370,53.1,290,99.7,0.4328,0.2157,0.4334,0.547,0.9131,1.5863,0.8521,0.3763,-0.5667,C,0.2304,0.322-0.622,0.756,0.556,0.143
4558,379383,-27.68,13,0.0,0.0,0.0,0.885,0.1223,0.4212,0.0,0.0,0.412,-0.0566,C,0.2295,0.322-0.622,0.756,0.556,0.143
4559,379397,-6.32,14,100.0,0.7698,0.1287,0.8415,0.1386,0.4065,0.1981,0.5905,0.3923,-0.0549,C,0.2471,0.322-0.622,0.756,0.556,0.143
4560,379411,-11.39,14,71.4,1.0529,0.0535,0.8576,0.1262,0.3893,0.0041,0.1943,0.3207,-0.0418,C,0.2028,0.322-0.622,0.756,0.556,0.143
4561,379425,-12.12,14,85.7,0.7855,0.1171,0.8653,0.1804,0.4263,0.1123,0.4676,0.4397,-0.1509,C,0.2085,0.322-0.622,0.756,0.556,0.143
4562,379483,61.86,58,94.8,0.3607,0.2461,0.5511,0.43,0.8024,1.9158,0.9209,0.4263,-0.3871,C,0.1999,0.322-0.622,0.756,0.556,0.143
4563,379497,-25.32,14,100.0,0.6337,0.1943,0.7835,0.3096,0.4104,0.7436,0.8248,0.3965,-0.3054,C,0.2426,0.322-0.622,0.756,0.556,0.143
4564,379510,-9.44,13,100.0,0.6006,0.2249,0.8695,0.1277,0.4242,0.6792,0.9694,0.3647,-0.0466,C,0.2171,0.322-0.622,0.756,0.556,0.143
4565,379524,-21.85,14,100.0,0.7454,0.1572,0.8065,0.2308,0.3514,0.4324,0.6949,0.4181,-0.2014,C,0.2484,0.322-0.622,0.756,0.556,0.143
4566,379537,-14.67,13,100.0,0.9881,0.085,0.898,0.1098,0.4376,0.0441,0.4143,0.411,-0.0602,C,0.2475,0.322-0.622,0.756,0.556,0.143
4567,379552,-4.55,15,100.0,0.6494,0.1836,0.8139,0.195,0.4241,0.8742,0.7927,0.3545,-0.1162,C,0.2391,0.322-0.622,0.756,0.556,0.143
4568,379565,-10.35,13,92.3,0.8295,0.0935,0.8536,0.1507,0.4259,0.0779,0.3986,0.2794,-0.094,C,0.1982,0.322-0.622,0.756,0.556,0.143
4569,379580,-6.54,15,100.0,0.5992,0.1988,0.8106,0.2183,0.4233,0.9638,0.8349,0.3731,-0.1532,C,0.2051,0.322-0.622,0.756,0.556,0.143
4570,379594,-6.93,14,100.0,0.6806,0.1767,0.827,0.156,0.4393,0.8852,0.7612,0.3516,-0.102,C,0.243,0.322-0.622,0.756,0.556,0.143
4571,379607,-5.64,13,100.0,0.7468,0.1472,0.8701,0.154,0.4524,0.3526,0.6599,0.3545,-0.0699,C,0.2083,0.322-0.622,0.756,0.556,0.143
4572,379623,-12.13,16,100.0,0.6252,0.2141,0.7609,0.2519,0.4765,0.6361,0.8332,0.3665,-0.1712,C,0.2307,0.322-0.622,0.756,0.556,0.143
4573,379670,34.31,47,97.9,0.4293,0.2252,0.5831,0.4268,0.767,1.614,0.8687,0.402,-0.3649,C,0.1945,0.322-0.622,0.756,0.556,0.143
4574,379684,-0.75,14,100.0,0.5686,0.2129,0.8565,0.1428,0.4189,1.0857,0.9191,0.3778,-0.0605,C,0.2032,0.322-0.622,0.756,0.556,0.143
4575,379863,247.27,179,98.9,0.432,0.2036,0.4829,0.434,0.9094,1.8635,0.8272,0.4089,-0.3783,C,0.2146,0.322-0.622,0.757,0.557,0.143
4576,379877,-14.98,14,85.7,0.8625,0.0876,0.8309,0.1665,0.4348,0.066,0.3542,0.3514,-0.0867,C,0.2323,0.322-0.622,0.757,0.557,0.143
4577,379890,-8.26,13,100.0,0.8757,0.1396,0.8741,0.1272,0.3874,0.3395,0.6273,0.3851,-0.0724,C,0.2194,0.322-0.622,0.757,0.557,0.143
4578,379903,-10.2,13,100.0,0.8252,0.1539,0.9049,0.1457,0.3888,0.2116,0.7034,0.4578,-0.1198,C,0.2339,0.322-0.622,0.757,0.557,0.143
4579,379973,53.59,70,94.3,0.4222,0.248,0.5488,0.4383,0.8334,1.6743,0.7464,0.3708,-0.4022,C,0.2357,0.322-0.622,0.757,0.557,0.143
4580,379986,-5.8,13,100.0,0.6584,0.215,0.8457,0.1632,0.4637,0.5253,0.8913,0.3749,-0.1145,C,0.2402,0.322-0.622,0.757,0.557,0.143
4581,380002,-24.81,16,93.8,0.6268,0.1986,0.7019,0.3427,0.4115,0.6348,0.8054,0.4877,-0.292,C,0.2123,0.322-0.622,0.757,0.557,0.143
4582,380015,-15.99,13,92.3,0.9383,0.071,0.8736,0.1487,0.4212,0.0296,0.3178,0.434,-0.0782,C,0.2101,0.322-0.622,0.757,0.557,0.143
4583,380032,-29.46,17,94.1,0.6482,0.1951,0.6995,0.3729,0.4224,0.5733,0.7891,0.4246,-0.3339,C,0.211,0.322-0.622,0.757,0.557,0.143
4584,380047,-7.92,15,86.7,0.7779,0.1442,0.8301,0.1526,0.4468,0.1283,0.5913,0.3732,-0.0904,C,0.2322,0.322-0.622,0.757,0.557,0.143
4585,380063,-26.51,16,100.0,0.6299,0.2051,0.6813,0.3667,0.4484,0.6942,0.8732,0.4429,-0.33,C,0.2026,0.322-0.622,0.757,0.557,0.143
4586,380077,-23.49,14,100.0,0.6344,0.1868,0.7487,0.3686,0.3924,0.872,0.8062,0.4156,-0.3998,C,0.2411,0.322-0.622,0.757,0.557,0.143
4587,380090,-15.13,13,100.0,0.9425,0.1023,0.9235,0.0923,0.413,0.0709,0.4925,0.3544,-0.0621,C,0.2246,0.322-0.622,0.757,0.557,0.143
4588,380104,-20.38,14,100.0,0.8572,0.1124,0.8889,0.1597,0.308,0.1828,0.5228,0.3536,-0.0989,C,0.231,0.322-0.622,0.757,0.557,0.143
4589,380119,-3.15,15,93.3,0.4779,0.2352,0.7107,0.3079,0.4241,1.45,0.8258,0.4237,-0.2691,C,0.2294,0.322-0.622,0.757,0.557,0.143
4590,380134,-9.54,15,100.0,0.6058,0.2005,0.698,0.289,0.4012,0.9025,0.8785,0.367,-0.2081,C,0.1952,0.322-0.622,0.757,0.557,0.143
4591,380148,-8.48,14,92.9,0.7459,0.1605,0.8138,0.1732,0.4813,0.1737,0.6973,0.4144,-0.0658,C,0.2152,0.322-0.622,0.757,0.557,0.143
4592,380162,-5.36,14,100.0,0.8286,0.1232,0.8702,0.118,0.3976,0.1661,0.5759,0.3376,-0.0356,C,0.2018,0.322-0.622,0.757,0.557,0.143
4593,380180,-25.7,18,88.9,0.7233,0.1664,0.7123,0.2658,0.4396,0.2783,0.6465,0.3381,-0.2131,C,0.2114,0.322-0.622,0.758,0.558,0.143
4594,380194,-12.72,14,100.0,0.6715,0.147,0.7396,0.2475,0.4307,0.9022,0.6513,0.3923,-0.177,C,0.2192,0.322-0.622,0.758,0.558,0.143
4595,380208,-12.65,14,100.0,0.6019,0.1933,0.8603,0.1461,0.4356,1.0001,0.8295,0.2683,-0.0638,C,0.1996,0.322-0.622,0.758,0.558,0.143
4596,380222,-16.98,14,100.0,0.7358,0.1841,0.8635,0.1831,0.4005,0.2219,0.8342,0.3861,-0.1341,C,0.2368,0.322-0.622,0.758,0.558,0.143
4597,380243,-9.35,21,95.2,0.5965,0.2223,0.7091,0.3399,0.5304,0.9185,0.806,0.4565,-0.2706,C,0.2259,0.322-0.622,0.758,0.558,0.143
4598,380389,95.66,146,97.3,0.3865,0.1796,0.4619,0.4999,0.8849,1.7904,0.7228,0.3904,-0.477,C,0.2118,0.322-0.622,0.758,0.558,0.143
4599,380406,-10.09,17,88.2,0.8576,0.11,0.7317,0.2457,0.4712,0.0861,0.4607,0.4062,-0.1743,C,0.2034,0.322-0.622,0.758,0.558,0.143
4600,380421,-10.07,15,100.0,0.6065,0.2367,0.8393,0.2067,0.4624,0.7482,0.9234,0.3927,-0.1463,C,0.227,0.322-0.622,0.758,0.558,0.143
4601,380434,-17.82,13,0.0,0.0,0.0,0.886,0.1014,0.4332,0.0,0.0,0.3257,-0.0238,C,0.2179,0.322-0.622,0.758,0.558,0.143
4602,380448,-22.69,14,0.0,0.0,0.0,0.9007,0.1279,0.4242,0.0,0.0,0.2639,-0.0694,C,0.2149,0.322-0.622,0.758,0.558,0.143
4603,380463,-26.2,15,100.0,0.6163,0.1844,0.7369,0.2905,0.3743,0.9272,0.825,0.294,-0.2315,C,0.2454,0.322-0.622,0.758,0.558,0.143
4604,380484,-1.46,21,85.7,0.6293,0.2017,0.75,0.2263,0.5462,0.5688,0.7326,0.4219,-0.1404,C,0.199,0.322-0.622,0.758,0.558,0.143
4605,380647,-21.12,163,97.5,0.4879,0.1512,0.4211,0.5417,0.906,1.2881,0.6512,0.4065,-0.5394,C,0.244,0.322-0.622,0.759,0.559,0.143
4606,380662,-13.84,15,86.7,0.6586,0.1715,0.8462,0.1864,0.3157,0.625,0.6652,0.3089,-0.1671,C,0.2047,0.322-0.622,0.759,0.559,0.143
4607,380682,-6.91,20,90.0,0.8313,0.089,0.7196,0.2085,0.6249,0.0953,0.3743,0.3886,-0.119,C,0.2463,0.322-0.622,0.759,0.559,0.143
4608,380696,-16.31,14,92.9,0.778,0.1519,0.7463,0.2078,0.4018,0.19,0.6641,0.4513,-0.1324,C,0.2485,0.322-0.622,0.759,0.559,0.143
4609,380712,-3.48,16,87.5,0.7311,0.1863,0.7995,0.1927,0.5201,0.2149,0.7306,0.367,-0.1046,C,0.2179,0.322-0.622,0.759,0.559,0.143
4610,380729,-12.22,17,94.1,0.5124,0.2158,0.693,0.3297,0.445,1.317,0.8401,0.4105,-0.2468,C,0.209,0.322-0.622,0.759,0.559,0.143
4611,380742,-21.94,13,76.9,0.9467,0.0802,0.8535,0.1904,0.4023,0.0175,0.2913,0.3818,-0.1194,C,0.2176,0.322-0.622,0.759,0.559,0.143
4612,380760,-24.94,18,100.0,0.5682,0.2145,0.7218,0.3708,0.4567,1.0891,0.8991,0.3474,-0.3671,C,0.2006,0.322-0.622,0.759,0.559,0.143
4613,380853,-22.89,93,91.4,0.6058,0.2064,0.5232,0.433,0.7999,0.6211,0.8048,0.3941,-0.3966,C,0.2153,0.322-0.622,0.759,0.559,0.143
4614,380872,-19.79,19,84.2,0.6858,0.1511,0.7141,0.3061,0.3816,0.5416,0.5686,0.3997,-0.2596,C,0.2242,0.322-0.622,0.759,0.559,0.143
4615,380902,-0.69,30,90.0,0.6309,0.2092,0.692,0.2893,0.6739,0.4449,0.7335,0.3992,-0.2215,C,0.2312,0.322-0.622,0.759,0.559,0.143
4616,380927,4.38,25,96.0,0.6234,0.2059,0.6991,0.2286,0.4911,0.6556,0.861,0.3745,-0.139,C,0.2239,0.322-0.622,0.759,0.559,0.143
4617,380940,-19.69,13,0.0,0.0,0.0,0.9164,0.1154,0.4438,0.0,0.0,0.3808,-0.0655,C,0.2028,0.322-0.622,0.759,0.559,0.143
4618,380954,-1.28,14,100.0,0.6475,0.1942,0.8304,0.1531,0.4165,0.8335,0.8342,0.385,-0.0583,C,0.2384,0.322-0.622,0.759,0.559,0.143
4619,380967,-1.19,13,100.0,0.7024,0.1968,0.8635,0.1051,0.4345,0.4544,0.8444,0.3591,-0.0297,C,0.2295,0.322-0.622,0.759,0.559,0.143
4620,380980,-8.04,13,84.6,0.8132,0.1021,0.8635,0.1449,0.4286,0.0919,0.4019,0.3443,-0.0778,C,0.1956,0.322-0.622,0.759,0.559,0.143
4621,380993,-11.25,13,92.3,0.7242,0.1661,0.8642,0.2043,0.4064,0.2244,0.7037,0.4027,-0.1705,C,0.2492,0.322-0.622,0.759,0.559,0.143
4622,381010,-13.8,17,100.0,0.6193,0.1897,0.7523,0.271,0.4165,0.9666,0.799,0.4036,-0.1807,C,0.2426,0.322-0.622,0.759,0.559,0.143
4623,381023,-28.5,13,0.0,0.0,0.0,0.8966,0.1055,0.4406,0.0,0.0,0.3455,-0.0273,C,0.2042,0.322-0.622,0.759,0.559,0.143
4624,381037,-16.68,14,21.4,1.2164,0.0029,0.846,0.1531,0.4481,0.0002,0.0257,0.4117,-0.063,C,0.2432,0.322-0.622,0.759,0.559,0.143
4625,381052,-19.0,15,100.0,0.6157,0.191,0.7642,0.2835,0.3766,0.8888,0.8389,0.3225,-0.2668,C,0.1961,0.322-0.622,0.759,0.559,0.143
4626,381066,-18.71,14,100.0,0.8815,0.0956,0.8687,0.1666,0.4204,0.0842,0.4513,0.4323,-0.1079,C,0.2334,0.322-0.622,0.759,0.559,0.143
4627,381079,-7.71,13,100.0,0.9329,0.0844,0.8872,0.1302,0.3902,0.0395,0.3992,0.3575,-0.0855,C,0.2333,0.322-0.622,0.759,0.559,0.143
4628,381092,-9.74,13,100.0,0.8717,0.0835,0.8747,0.1451,0.4099,0.0661,0.3934,0.3318,-0.0736,C,0.2077,0.322-0.622,0.759,0.559,0.143
4629,381140,34.29,48,95.8,0.325,0.2212,0.5239,0.447,0.7268,2.2942,0.8895,0.3388,-0.4142,C,0.2283,0.322-0.622,0.76,0.56,0.143
4630,381156,-31.17,16,81.2,0.6012,0.1999,0.7793,0.3864,0.4126,0.5299,0.6965,0.4224,-0.4415,C,0.2314,0.322-0.622,0.76,0.56,0.143
4631,381170,-4.49,14,78.6,0.6005,0.2044,0.8397,0.1594,0.4314,0.5853,0.6874,0.4361,-0.0497,C,0.2127,0.322-0.622,0.76,0.56,0.143
4632,381185,-29.65,15,100.0,0.626,0.1928,0.7191,0.3246,0.4034,0.7938,0.854,0.338,-0.282,C,0.2082,0.322-0.622,0.76,0.56,0.143
4633,381200,-5.06,15,100.0,0.457,0.2279,0.7196,0.2962,0.4265,1.5901,0.8971,0.3126,-0.2186,C,0.2294,0.322-0.622,0.76,0.56,0.143
4634,381214,-21.92,14,100.0,0.6112,0.1927,0.8438,0.2839,0.3141,0.9564,0.8614,0.2879,-0.3259,C,0.228,0.322-0.622,0.76,0.56,0.143
4635,381237,-21.18,23,91.3,0.7229,0.1459,0.681,0.2908,0.4764,0.2704,0.6113,0.3558,-0.2081,C,0.2234,0.322-0.622,0.76,0.56,0.143
4636,381251,-32.58,14,85.7,0.9343,0.0508,0.7943,0.27,0.3895,0.0305,0.2237,0.3446,-0.2442,C,0.2272,0.322-0.622,0.76,0.56,0.143
4637,381265,-3.38,14,100.0,0.5383,0.2257,0.8413,0.1572,0.4314,1.1104,0.9451,0.3841,-0.0603,C,0.218,0.322-0.622,0.76,0.56,0.143
4638,381278,-16.79,13,0.0,0.0,0.0,0.8812,0.1222,0.4348,0.0,0.0,0.4496,-0.0354,C,0.1956,0.322-0.622,0.76,0.56,0.143
4639,381294,-12.23,16,100.0,0.6238,0.2024,0.6613,0.2465,0.4284,0.6853,0.8671,0.3088,-0.1284,C,0.2274,0.322-0.622,0.76,0.56,0.143
4640,381308,-14.97,14,100.0,0.5731,0.202,0.7706,0.3309,0.3754,0.9111,0.8779,0.4018,-0.2774,C,0.2085,0.322-0.622,0.76,0.56,0.143
4641,381352,37.48,44,90.9,0.3237,0.2378,0.5749,0.4427,0.7045,2.2272,0.8542,0.4441,-0.4337,C,0.244,0.322-0.622,0.76,0.56,0.143
4642,381365,-28.21,13,0.0,0.0,0.0,0.899,0.0972,0.4045,0.0,0.0,0.2857,-0.0215,C,0.2002,0.322-0.622,0.76,0.56,0.143
4643,381404,-43.4,39,84.6,0.7343,0.1542,0.5505,0.3985,0.6213,0.1979,0.6073,0.3292,-0.3273,C,0.2451,0.322-0.622,0.76,0.56,0.143
4644,381418,-11.11,14,92.9,0.7949,0.1348,0.7385,0.2833,0.4099,0.1504,0.5877,0.4643,-0.2032,C,0.2187,0.322-0.622,0.76,0.56,0.143
4645,381432,-4.87,14,100.0,0.7063,0.1516,0.8445,0.1067,0.408,0.2902,0.7064,0.3942,-0.0448,C,0.245,0.322-0.622,0.76,0.56,0.143
4646,381451,-19.78,19,100.0,0.595,0.2334,0.7048,0.3627,0.5567,0.6523,0.9359,0.4192,-0.3471,C,0.2139,0.322-0.622,0.76,0.56,0.143
4647,381465,-14.87,14,92.9,0.8678,0.0947,0.8804,0.1282,0.4087,0.053,0.4271,0.3762,-0.0639,C,0.2172,0.322-0.622,0.76,0.56,0.143
4648,381478,2.6,13,100.0,0.7812,0.1427,0.884,0.0949,0.4423,0.1856,0.6794,0.4042,-0.0228,C,0.2358,0.322-0.622,0.76,0.56,0.143
4649,381491,-18.06,13,0.0,0.0,0.0,0.9004,0.1073,0.4484,0.0,0.0,0.4414,-0.0537,C,0.2022,0.322-0.622,0.76,0.56,0.143
4650,381530,57.45,39,97.4,0.3779,0.2508,0.6163,0.3044,0.6988,1.8504,0.8641,0.3675,-0.2059,C,0.2053,0.322-0.622,0.76,0.56,0.143
4651,381555,-3.9,25,92.0,0.5101,0.2303,0.6754,0.3445,0.6374,1.0096,0.8499,0.3353,-0.2942,C,0.2269,0.322-0.622,0.76,0.56,0.143
4652,381569,-11.75,14,92.9,0.835,0.1044,0.8703,0.1667,0.4141,0.0991,0.4564,0.3237,-0.1314,C,0.1977,0.322-0.622,0.761,0.561,0.143
4653,381583,-1.95,14,100.0,0.607,0.2376,0.8066,0.188,0.4724,0.7884,0.9594,0.346,-0.096,C,0.1943,0.322-0.622,0.761,0.561,0.143
4654,381651,-13.13,68,92.6,0.5849,0.1719,0.4766,0.4371,0.8029,0.6396,0.7346,0.3278,-0.3783,C,0.2467,0.322-0.622,0.761,0.561,0.143
4655,381665,-32.48,14,0.0,0.0,0.0,0.8637,0.1611,0.4225,0.0,0.0,0.3293,-0.075,C,0.2308,0.322-0.622,0.761,0.561,0.143
4656,381679,0.33,14,92.9,0.6355,0.2037,0.8201,0.1842,0.478,0.4584,0.8068,0.4179,-0.12,C,0.2223,0.322-0.622,0.761,0.561,0.143
4657,381693,-1.23,14,100.0,0.6499,0.2009,0.8737,0.1532,0.4432,0.7311,0.8646,0.3268,-0.0819,C,0.231,0.322-0.622,0.761,0.561,0.143
4658,381717,-8.37,24,91.7,0.6271,0.1829,0.6901,0.3218,0.5624,0.6303,0.7518,0.3382,-0.2512,C,0.2305,0.322-0.622,0.761,0.561,0.143
4659,381731,-18.76,14,100.0,0.6857,0.1848,0.7205,0.3426,0.4183,0.4343,0.8332,0.3181,-0.3191,C,0.2453,0.322-0.622,0.761,0.561,0.143
4660,381804,99.26,73,95.9,0.3584,0.2513,0.514,0.4149,0.8175,1.9746,0.8305,0.4029,-0.3494,C,0.2192,0.322-0.622,0.761,0.561,0.144
4661,381820,3.0,16,93.8,0.5533,0.2125,0.7648,0.2234,0.4995,0.9484,0.8132,0.448,-0.1481,C,0.2412,0.322-0.622,0.761,0.561,0.144
4662,381834,-24.68,14,100.0,0.6774,0.1909,0.8063,0.2741,0.4313,0.4854,0.8112,0.4203,-0.2564,C,0.2472,0.322-0.622,0.761,0.561,0.144
4663,381854,-26.74,20,90.0,0.6821,0.171,0.6717,0.3824,0.4956,0.3952,0.6764,0.417,-0.3692,C,0.2431,0.322-0.622,0.761,0.561,0.144
4664,381874,-3.55,20,95.0,0.4592,0.2223,0.6533,0.37,0.5102,1.6783,0.8482,0.286,-0.3167,C,0.2481,0.322-0.622,0.761,0.561,0.144
4665,382022,10.93,148,97.3,0.6112,0.1445,0.4004,0.4524,0.9267,0.6651,0.6546,0.4117,-0.3855,C,0.2368,0.322-0.622,0.761,0.561,0.144
4666,382035,0.44,13,100.0,0.7533,0.1924,0.8768,0.1375,0.4536,0.2116,0.8725,0.3785,-0.058,C,0.1966,0.322-0.622,0.761,0.561,0.144
4667,382064,-2.49,29,93.1,0.4589,0.2087,0.6491,0.4284,0.6554,1.5078,0.8229,0.3339,-0.4164,C,0.2439,0.322-0.622,0.762,0.562,0.144
4668,382263,16.01,199,99.0,0.5547,0.1617,0.4346,0.4621,0.9028,0.8693,0.6856,0.3598,-0.4055,C,0.2079,0.322-0.622,0.762,0.562,0.144
4669,382276,-31.07,13,0.0,0.0,0.0,0.901,0.1221,0.3891,0.0,0.0,0.3158,-0.0737,C,0.2105,0.322-0.622,0.762,0.562,0.144
4670,382290,0.66,14,100.0,0.6421,0.2116,0.8332,0.1495,0.4218,0.7976,0.8566,0.3556,-0.0641,C,0.2016,0.322-0.622,0.762,0.562,0.144
4671,382305,-9.37,15,100.0,0.4982,0.2293,0.7302,0.279,0.4566,1.3759,0.9162,0.2525,-0.2172,C,0.238,0.322-0.622,0.762,0.562,0.144
4672,382319,-15.02,14,85.7,0.7789,0.1206,0.8099,0.2229,0.4431,0.119,0.4828,0.4095,-0.1473,C,0.2089,0.322-0.622,0.762,0.562,0.144
4673,382332,-2.27,13,100.0,0.786,0.1595,0.8809,0.1252,0.462,0.2252,0.7342,0.4506,-0.0843,C,0.2244,0.322-0.622,0.762,0.562,0.144
4674,382353,-12.97,21,90.5,0.4704,0.2383,0.7201,0.3367,0.5559,1.3044,0.8515,0.3152,-0.2813,C,0.2118,0.322-0.622,0.762,0.562,0.144
4675,382366,-28.57,13,0.0,0.0,0.0,0.8742,0.1189,0.4362,0.0,0.0,0.4199,-0.0312,C,0.2447,0.322-0.622,0.762,0.562,0.144
4676,382381,-25.9,15,100.0,0.707,0.1743,0.8213,0.2752,0.392,0.7859,0.7658,0.3398,-0.2579,C,0.2322,0.322-0.622,0.762,0.562,0.144
4677,382396,-23.27,15,100.0,0.6915,0.191,0.688,0.3572,0.4626,0.5247,0.8127,0.3957,-0.3131,C,0.2105,0.322-0.622,0.762,0.562,0.144
4678,382410,-0.57,14,100.0,0.4976,0.2408,0.8408,0.1397,0.4661,1.2701,0.9521,0.3078,-0.0567,C,0.2117,0.322-0.622,0.762,0.562,0.144
4679,382424,-22.13,14,100.0,0.7709,0.1397,0.7621,0.2477,0.37,0.3098,0.6312,0.3978,-0.1772,C,0.241,0.322-0.622,0.762,0.562,0.144
4680,382437,-12.95,13,100.0,0.8869,0.1155,0.8835,0.1229,0.4651,0.0721,0.5392,0.4553,-0.0703,C,0.2224,0.322-0.622,0.762,0.562,0.144
4681,382605,288.97,168,98.8,0.2429,0.2441,0.4115,0.5029,0.8769,2.8118,0.9377,0.3252,-0.4662,C,0.2143,0.322-0.622,0.763,0.563,0.144
4682,382620,-10.98,15,100.0,0.5479,0.209,0.6663,0.3036,0.4295,1.2242,0.8765,0.4455,-0.2358,C,0.2282,0.322-0.622,0.763,0.563,0.144
4683,382636,-1.94,16,87.5,0.6832,0.1878,0.8219,0.1582,0.5113,0.2732,0.7337,0.3689,-0.0952,C,0.2047,0.322-0.622,0.763,0.563,0.144
4684,382707,101.92,71,97.2,0.3449,0.2171,0.5371,0.4471,0.8332,2.2625,0.8941,0.4144,-0.4109,C,0.195,0.322-0.622,0.763,0.563,0.144
4685,382720,-18.56,13,0.0,0.0,0.0,0.9091,0.119,0.4349,0.0,0.0,0.319,-0.0364,C,0.1977,0.322-0.622,0.763,0.563,0.144
4686,382791,95.15,71,98.6,0.362,0.2247,0.4977,0.4338,0.8427,2.0621,0.9289,0.4139,-0.3932,C,0.214,0.322-0.622,0.763,0.563,0.144
4687,382804,-0.34,13,100.0,0.933,0.1118,0.915,0.0757,0.4321,0.059,0.5245,0.419,-0.0221,C,0.2204,0.322-0.622,0.763,0.563,0.144
4688,382824,-6.06,20,95.0,0.507,0.2066,0.6615,0.3211,0.4895,1.3242,0.8273,0.4554,-0.2714,C,0.234,0.322-0.622,0.763,0.563,0.144
4689,382838,-14.64,14,100.0,0.5505,0.1953,0.7642,0.3021,0.4427,1.0487,0.8747,0.3686,-0.2968,C,0.2054,0.322-0.622,0.763,0.563,0.144
4690,383036,-86.61,198,100.0,0.5534,0.2382,0.4716,0.5243,0.9063,0.819,0.8908,0.2115,-0.509,C,0.2107,0.322-0.622,0.764,0.564,0.144
4691,383051,-16.75,15,86.7,0.7767,0.1576,0.7804,0.2589,0.406,0.1365,0.6256,0.453,-0.2116,C,0.229,0.322-0.622,0.764,0.564,0.144
4692,383064,-35.89,13,0.0,0.0,0.0,0.8648,0.1621,0.4389,0.0,0.0,0.3654,-0.1122,C,0.2441,0.322-0.622,0.764,0.564,0.144
4693,383203,39.0,139,98.6,0.6205,0.1613,0.4481,0.4218,0.8386,0.9278,0.6809,0.3088,-0.3404,C,0.2483,0.322-0.622,0.764,0.564,0.144
4694,383228,-1.42,25,96.0,0.5911,0.1986,0.657,0.3451,0.6421,0.5823,0.8537,0.4145,-0.2772,C,0.2254,0.322-0.622,0.764,0.564,0.144
4695,383253,2.55,25,96.0,0.578,0.207,0.6627,0.3127,0.6842,0.6887,0.8223,0.4392,-0.228,C,0.2055,0.322-0.622,0.764,0.564,0.144
4696,383266,-6.84,13,100.0,0.8697,0.1425,0.875,0.1662,0.4615,0.1108,0.6609,0.3403,-0.1245,C,0.2184,0.322-0.622,0.764,0.564,0.144
4697,383279,-3.25,13,92.3,0.8529,0.1139,0.8944,0.0905,0.402,0.0776,0.4957,0.3173,-0.0239,C,0.2423,0.322-0.622,0.764,0.564,0.144
4698,383303,-51.16,24,100.0,0.7713,0.1359,0.6164,0.4539,0.5788,0.3209,0.629,0.3117,-0.4436,C,0.2043,0.322-0.622,0.764,0.564,0.144
4699,383317,-18.89,14,85.7,0.8389,0.0922,0.8068,0.2127,0.4251,0.0698,0.3733,0.3333,-0.132,C,0.1964,0.322-0.622,0.764,0.564,0.144
4700,383336,-0.9,19,89.5,0.6107,0.2205,0.7096,0.2387,0.5085,0.5466,0.8048,0.3889,-0.1385,C,0.2455,0.322-0.622,0.764,0.564,0.144
4701,383393,91.62,57,94.7,0.2432,0.2467,0.5016,0.4687,0.7906,2.6619,0.8875,0.4189,-0.4292,C,0.2319,0.322-0.622,0.764,0.564,0.144
4702,383406,-2.44,13,100.0,0.6161,0.1753,0.8435,0.1884,0.4628,0.9825,0.7434,0.4105,-0.0927,C,0.22,0.322-0.622,0.764,0.564,0.144
4703,383420,-6.32,14,85.7,0.727,0.1458,0.804,0.2171,0.4405,0.2091,0.5886,0.419,-0.1219,C,0.2421,0.322-0.622,0.764,0.564,0.144
4704,383437,-22.92,17,88.2,0.657,0.188,0.6559,0.343,0.4285,0.427,0.7285,0.4487,-0.2696,C,0.2284,0.322-0.622,0.765,0.565,0.144
4705,383453,-13.8,16,81.2,0.7994,0.1076,0.7045,0.1892,0.3636,0.1057,0.4172,0.4433,-0.0994,C,0.2044,0.322-0.622,0.765,0.565,0.144
4706,383469,-8.66,16,93.8,0.5791,0.2119,0.8208,0.2026,0.438,0.9231,0.8321,0.406,-0.1317,C,0.2454,0.322-0.622,0.765,0.565,0.144
4707,383482,5.02,13,100.0,0.5224,0.2289,0.8584,0.1367,0.411,1.0234,0.913,0.418,-0.0683,C,0.2014,0.322-0.622,0.765,0.565,0.144
4708,383497,-18.55,15,100.0,0.6067,0.1956,0.7214,0.285,0.4275,0.8078,0.8773,0.3657,-0.2119,C,0.2386,0.322-0.622,0.765,0.565,0.144
4709,383605,172.43,108,96.3,0.3185,0.2615,0.4583,0.473,0.8842,2.2795,0.8845,0.4522,-0.4358,C,0.246,0.322-0.622,0.765,0.565,0.144
4710,383618,-25.81,13,0.0,0.0,0.0,0.9415,0.0577,0.4324,0.0,0.0,0.4363,-0.0086,C,0.2154,0.322-0.622,0.765,0.565,0.144
4711,383631,6.75,13,100.0,0.5059,0.2308,0.9316,0.0735,0.4438,1.2242,0.9737,0.402,-0.0145,C,0.2261,0.322-0.622,0.765,0.565,0.144
4712,383645,-25.72,14,100.0,0.4617,0.2403,0.7507,0.3702,0.4328,1.4739,0.9509,0.3167,-0.3953,C,0.2188,0.322-0.622,0.765,0.565,0.144
4713,383660,-8.77,15,86.7,0.8371,0.109,0.8439,0.1614,0.3279,0.1069,0.4426,0.4036,-0.0772,C,0.2008,0.322-0.622,0.765,0.565,0.144
4714,383673,-35.31,13,0.0,0.0,0.0,0.8751,0.1776,0.4101,0.0,0.0,0.245,-0.1206,C,0.2318,0.322-0.622,0.765,0.565,0.144
4715,383688,-17.37,15,93.3,0.7214,0.1834,0.7372,0.2491,0.3933,0.3538,0.7502,0.3441,-0.1787,C,0.2381,0.322-0.622,0.765,0.565,0.144
4716,383702,-19.98,14,100.0,0.7956,0.135,0.8427,0.1868,0.4036,0.273,0.6153,0.4136,-0.0847,C,0.2192,0.322-0.622,0.765,0.565,0.144
4717,383716,-16.16,14,100.0,0.5911,0.2009,0.7785,0.2089,0.3763,1.021,0.8917,0.3614,-0.1455,C,0.2318,0.322-0.622,0.765,0.565,0.144
4718,383729,-24.2,13,100.0,1.0699,0.0189,0.872,0.1785,0.46,0.0073,0.159,0.3533,-0.1795,C,0.1977,0.322-0.622,0.765,0.565,0.144
4719,383954,-85.58,225,97.8,0.6923,0.1503,0.4337,0.505,0.9063,0.949,0.6498,0.1953,-0.4842,C,0.25,0.322-0.622,0.766,0.566,0.144
4720,383969,-15.17,15,93.3,0.7395,0.1889,0.7977,0.2195,0.4299,0.2374,0.776,0.4384,-0.1704,C,0.2118,0.322-0.622,0.766,0.566,0.144
4721,383985,-3.56,16,93.8,0.5915,0.1986,0.8037,0.2064,0.4884,0.6365,0.8105,0.3447,-0.1404,C,0.2131,0.322-0.622,0.766,0.566,0.144
4722,384000,-25.38,15,93.3,0.6885,0.1709,0.6968,0.3113,0.4165,0.3289,0.7384,0.4751,-0.2447,C,0.2052,0.322-0.622,0.766,0.566,0.144
4723,384014,-19.17,14,78.6,0.9136,0.0815,0.8462,0.1475,0.4188,0.03,0.2988,0.4325,-0.085,C,0.2071,0.322-0.622,0.766,0.566,0.144
4724,384055,64.15,41,97.6,0.3438,0.2515,0.6107,0.3541,0.7697,2.0834,0.9223,0.3458,-0.282,C,0.2152,0.322-0.622,0.766,0.566,0.144
4725,384083,-1.06,28,85.7,0.4851,0.1967,0.663,0.3144,0.5597,1.1793,0.7257,0.4018,-0.2651,C,0.2457,0.322-0.622,0.766,0.566,0.144
4726,384097,-1.28,14,100.0,0.6966,0.1882,0.8593,0.1584,0.4204,0.4766,0.8195,0.4214,-0.0821,C,0.2409,0.322-0.622,0.766,0.566,0.144
4727,384111,-4.24,14,100.0,0.8536,0.1494,0.8683,0.1671,0.4233,0.1904,0.6818,0.4502,-0.0979,C,0.239,0.322-0.622,0.766,0.566,0.144
4728,384161,-2.38,50,94.0,0.4941,0.2188,0.5126,0.4369,0.7301,1.0322,0.8825,0.3724,-0.3998,C,0.2343,0.322-0.622,0.766,0.566,0.144
4729,384178,-13.68,17,100.0,0.5534,0.2234,0.6538,0.3296,0.4951,0.9034,0.8924,0.3157,-0.2582,C,0.2035,0.322-0.622,0.766,0.566,0.144
4730,384197,-7.18,19,89.5,0.7387,0.158,0.7936,0.223,0.6016,0.1703,0.661,0.3426,-0.1803,C,0.2225,0.322-0.622,0.766,0.566,0.144
4731,384210,-4.74,13,100.0,0.8207,0.1208,0.8788,0.0986,0.4158,0.1212,0.569,0.2797,-0.0347,C,0.198,0.322-0.622,0.766,0.566,0.144
4732,384296,-21.41,86,96.5,0.5541,0.1816,0.5407,0.4327,0.8174,0.7826,0.7977,0.2124,-0.3744,C,0.2249,0.322-0.622,0.766,0.566,0.144
4733,384371,138.56,75,97.3,0.2896,0.2364,0.4854,0.4189,0.8416,2.4829,0.9108,0.3971,-0.3647,C,0.2048,0.322-0.622,0.767,0.567,0.144
4734,384384,-7.56,13,84.6,0.9139,0.1123,0.8599,0.1693,0.45,0.0429,0.4535,0.3787,-0.1015,C,0.215,0.322-0.622,0.767,0.567,0.144
4735,384398,-1.84,14,100.0,0.746,0.1542,0.8628,0.1313,0.4227,0.3728,0.6896,0.4365,-0.0545,C,0.2395,0.322-0.622,0.767,0.567,0.144
4736,384412,-28.77,14,100.0,0.8625,0.1307,0.7922,0.281,0.3571,0.1536,0.5919,0.3275,-0.2452,C,0.2057,0.322-0.622,0.767,0.567,0.144
4737,384425,-30.99,13,0.0,0.0,0.0,0.8944,0.1327,0.46,0.0,0.0,0.3757,-0.0555,C,0.2256,0.322-0.622,0.767,0.567,0.144
4738,384438,-20.66,13,0.0,0.0,0.0,0.8842,0.1722,0.4308,0.0,0.0,0.4165,-0.0836,C,0.2318,0.322-0.622,0.767,0.567,0.144
4739,384452,-4.9,14,100.0,0.6389,0.186,0.8249,0.1697,0.3806,0.78,0.817,0.3246,-0.0838,C,0.2248,0.322-0.622,0.767,0.567,0.144
4740,384530,43.92,78,97.4,0.4068,0.2292,0.4628,0.4772,0.8566,1.5731,0.9302,0.396,-0.4626,C,0.2137,0.322-0.622,0.767,0.567,0.144
4741,384578,23.52,48,87.5,0.5247,0.2187,0.5145,0.3559,0.7153,1.1404,0.7821,0.3908,-0.2828,C,0.2065,0.322-0.622,0.767,0.567,0.144
4742,384591,-15.63,13,76.9,0.9924,0.0699,0.8687,0.1708,0.4164,0.0154,0.2577,0.326,-0.1137,C,0.2147,0.322-0.622,0.767,0.567,0.144
4743,384645,65.01,54,98.1,0.3377,0.2593,0.5514,0.4505,0.8048,2.1313,0.903,0.4571,-0.4064,C,0.2429,0.322-0.622,0.767,0.567,0.145
4744,384659,-17.04,14,100.0,0.6227,0.1652,0.7265,0.2486,0.4028,0.9142,0.7413,0.3624,-0.1629,C,0.2358,0.322-0.622,0.767,0.567,0.145
4745,384673,-2.15,14,100.0,0.6029,0.1997,0.7434,0.2225,0.4056,0.6792,0.8943,0.4181,-0.1229,C,0.2079,0.322-0.622,0.767,0.567,0.145
4746,384688,-17.0,15,93.3,0.6792,0.1698,0.7331,0.3307,0.4569,0.3839,0.7363,0.4134,-0.3326,C,0.2187,0.322-0.622,0.767,0.567,0.145
4747,384704,-8.88,16,93.8,0.6075,0.1967,0.7115,0.2786,0.4477,0.6045,0.8123,0.4055,-0.2113,C,0.2262,0.322-0.622,0.767,0.567,0.145
4748,384717,-29.0,13,0.0,0.0,0.0,0.8656,0.1493,0.4224,0.0,0.0,0.3821,-0.0641,C,0.2101,0.322-0.622,0.767,0.567,0.145
4749,384731,-4.0,14,85.7,0.8031,0.1471,0.8808,0.1414,0.4239,0.1241,0.5955,0.3774,-0.0629,C,0.2126,0.322-0.622,0.767,0.567,0.145
4750,384744,-5.42,13,100.0,0.6939,0.1901,0.8854,0.1512,0.4452,0.3358,0.8693,0.3475,-0.0891,C,0.217,0.322-0.622,0.767,0.567,0.145
4751,384758,-31.67,14,100.0,0.7483,0.1606,0.7794,0.3144,0.425,0.4187,0.7088,0.4477,-0.3289,C,0.2091,0.322-0.622,0.767,0.567,0.145
4752,384772,-27.77,14,100.0,0.7261,0.1438,0.7749,0.3501,0.427,0.6114,0.6448,0.3799,-0.4198,C,0.2323,0.322-0.622,0.767,0.567,0.145
4753,384787,-5.43,15,100.0,0.6539,0.1932,0.7463,0.2369,0.4246,0.6642,0.8323,0.4471,-0.1655,C,0.1971,0.322-0.622,0.767,0.567,0.145
4754,384801,-11.2,14,92.9,0.8836,0.0711,0.8643,0.1059,0.4351,0.0521,0.3158,0.3468,-0.0312,C,0.2074,0.322-0.622,0.767,0.567,0.145
4755,384849,-5.98,48,93.8,0.5964,0.1641,0.6532,0.3432,0.7123,0.7906,0.7085,0.2901,-0.2831,C,0.2025,0.322-0.622,0.768,0.568,0.145
4756,384867,-20.11,18,88.9,0.639,0.1979,0.7121,0.3546,0.4327,0.6275,0.7413,0.4028,-0.3352,C,0.2384,0.322-0.622,0.768,0.568,0.145
4757,384880,-8.35,13,100.0,0.8308,0.1286,0.8034,0.1705,0.439,0.137,0.6021,0.371,-0.1207,C,0.2482,0.322-0.622,0.768,0.568,0.145
4758,384895,-17.77,15,100.0,0.7713,0.1466,0.7529,0.2839,0.3851,0.2115,0.6665,0.3713,-0.2395,C,0.2478,0.322-0.622,0.768,0.568,0.145
4759,384908,-25.83,13,0.0,0.0,0.0,0.8562,0.0881,0.4476,0.0,0.0,0.3958,-0.0237,C,0.2315,0.322-0.622,0.768,0.568,0.145
4760,384922,-19.73,14,92.9,0.7483,0.1798,0.7808,0.2153,0.3857,0.2561,0.7344,0.2903,-0.1606,C,0.2358,0.322-0.622,0.768,0.568,0.145
4761,384936,-11.46,14,100.0,1.0706,0.0438,0.8892,0.1045,0.4163,0.0092,0.2304,0.3736,-0.0293,C,0.2005,0.322-0.622,0.768,0.568,0.145
4762,384950,-8.44,14,100.0,0.7463,0.1839,0.8028,0.2519,0.4309,0.4372,0.7666,0.4799,-0.179,C,0.1983,0.322-0.622,0.768,0.568,0.145
4763,384964,3.5,14,100.0,0.5542,0.2364,0.8354,0.1371,0.458,1.1267,0.948,0.3389,-0.0655,C,0.196,0.322-0.622,0.768,0.568,0.145
4764,384979,-17.92,15,100.0,0.5811,0.2158,0.7196,0.317,0.3994,1.0715,0.8938,0.488,-0.2463,C,0.2205,0.322-0.622,0.768,0.568,0.145
4765,384997,-28.6,18,83.3,0.8186,0.1177,0.7296,0.344,0.4014,0.1264,0.4625,0.4281,-0.3305,C,0.2299,0.322-0.622,0.768,0.568,0.145
4766,385160,300.09,163,98.8,0.2342,0.1722,0.4252,0.451,0.8997,2.8309,0.7655,0.3846,-0.3921,C,0.2337,0.322-0.622,0.768,0.568,0.145
4767,385174,-12.39,14,100.0,0.5796,0.1887,0.8302,0.2703,0.4296,1.0094,0.7957,0.3794,-0.2527,C,0.2354,0.322-0.622,0.768,0.568,0.145
4768,385188,-10.68,14,100.0,0.576,0.1874,0.7478,0.2555,0.4302,1.0017,0.8142,0.3977,-0.1733,C,0.2195,0.322-0.622,0.768,0.568,0.145
4769,385205,0.76,17,94.1,0.5175,0.2383,0.6586,0.2455,0.5134,1.0417,0.8542,0.4032,-0.12,C,0.2171,0.322-0.622,0.768,0.568,0.145
4770,385218,-3.55,13,100.0,0.6632,0.1925,0.8684,0.1625,0.4211,0.8339,0.8139,0.4135,-0.0902,C,0.2307,0.322-0.622,0.768,0.568,0.145
4771,385232,-23.06,14,100.0,0.602,0.1999,0.7961,0.2651,0.3946,0.7634,0.8971,0.2366,-0.199,C,0.2239,0.322-0.622,0.768,0.568,0.145
4772,385247,-11.16,15,100.0,0.6296,0.1855,0.7423,0.3116,0.379,0.8151,0.828,0.4786,-0.2607,C,0.2434,0.322-0.622,0.768,0.568,0.145
4773,385261,-22.19,14,100.0,0.6125,0.1906,0.7396,0.3347,0.4318,0.8371,0.8196,0.4404,-0.3379,C,0.214,0.322-0.622,0.768,0.568,0.145
4774,385278,5.19,17,100.0,0.4846,0.2303,0.7978,0.2554,0.5108,1.4492,0.8783,0.3919,-0.1951,C,0.2478,0.322-0.622,0.768,0.568,0.145
4775,385292,-23.42,14,100.0,0.7741,0.1649,0.8401,0.218,0.3945,0.3518,0.7184,0.4605,-0.2095,C,0.2115,0.322-0.622,0.768,0.568,0.145
4776,385362,94.01,70,100.0,0.337,0.23,0.5378,0.4147,0.7808,2.1397,0.9631,0.4082,-0.3519,C,0.2353,0.322-0.622,0.769,0.569,0.145
4777,385375,-25.12,13,0.0,0.0,0.0,0.928,0.0609,0.4165,0.0,0.0,0.3154,-0.0084,C,0.2011,0.322-0.622,0.769,0.569,0.145
4778,385388,-6.0,13,84.6,1.022,0.0395,0.8415,0.1356,0.4488,0.0123,0.1849,0.3514,-0.0395,C,0.2064,0.322-0.622,0.769,0.569,0.145
4779,385402,-25.93,14,100.0,0.8073,0.131,0.8456,0.2505,0.3848,0.1329,0.5968,0.4115,-0.2561,C,0.2413,0.322-0.622,0.769,0.569,0.145
4780,385416,-14.66,14,100.0,0.7871,0.1399,0.7982,0.2608,0.3513,0.2936,0.6131,0.3647,-0.2113,C,0.2242,0.322-0.622,0.769,0.569,0.145
4781,385432,-0.65,16,93.8,0.3857,0.2348,0.6928,0.3158,0.4584,1.8764,0.8663,0.3471,-0.2735,C,0.2295,0.322-0.622,0.769,0.569,0.145
4782,385480,50.96,48,97.9,0.4058,0.2374,0.559,0.3745,0.7636,1.6496,0.9288,0.4368,-0.3007,C,0.2266,0.322-0.622,0.769,0.569,0.145
4783,385494,-4.72,14,100.0,0.6966,0.1639,0.8512,0.1683,0.3737,0.5949,0.7301,0.4713,-0.0797,C,0.238,0.322-0.622,0.769,0.569,0.145
4784,385611,46.89,117,99.1,0.4503,0.2402,0.4494,0.4817,0.8853,1.2794,0.8828,0.4006,-0.4489,C,0.2155,0.322-0.622,0.769,0.569,0.145
4785,385624,-14.94,13,100.0,0.8847,0.1207,0.8957,0.1427,0.4317,0.0647,0.5706,0.2531,-0.0934,C,0.2259,0.322-0.622,0.769,0.569,0.145
4786,385637,-6.42,13,76.9,0.9498,0.1075,0.8472,0.1352,0.4226,0.0195,0.3919,0.3432,-0.048,C,0.2304,0.322-0.622,0.769,0.569,0.145
4787,385650,-18.22,13,0.0,0.0,0.0,0.8969,0.117,0.4252,0.0,0.0,0.3611,-0.0391,C,0.2121,0.322-0.622,0.769,0.569,0.145
4788,385665,-27.76,15,100.0,0.5796,0.1987,0.7436,0.3591,0.3997,1.0122,0.8639,0.3502,-0.3457,C,0.2347,0.322-0.622,0.769,0.569,0.145
4789,385678,-28.72,13,0.0,0.0,0.0,0.8968,0.1273,0.4301,0.0,0.0,0.3401,-0.0563,C,0.2107,0.322-0.622,0.769,0.569,0.145
4790,385691,-10.58,13,92.3,0.8357,0.1192,0.8926,0.1523,0.4357,0.0696,0.5156,0.3398,-0.1017,C,0.2233,0.322-0.622,0.769,0.569,0.145
4791,385705,-24.99,14,100.0,0.7047,0.1737,0.7831,0.2643,0.4106,0.3789,0.7771,0.3902,-0.2391,C,0.2274,0.322-0.622,0.769,0.569,0.145
4792,385718,-31.09,13,0.0,0.0,0.0,0.9053,0.1253,0.4043,0.0,0.0,0.4088,-0.0705,C,0.2403,0.322-0.622,0.769,0.569,0.145
4793,385734,-23.51,16,87.5,0.6782,0.1751,0.7626,0.2629,0.3273,0.746,0.6627,0.3895,-0.1978,C,0.2467,0.322-0.622,0.769,0.569,0.145
4794,385796,61.97,62,98.4,0.2856,0.228,0.4681,0.5096,0.7417,2.6097,0.9462,0.4014,-0.4748,C,0.2433,0.322-0.622,0.77,0.57,0.145
4795,385810,-12.4,14,100.0,0.7075,0.1866,0.7524,0.2901,0.4152,0.4671,0.8039,0.4451,-0.2452,C,0.2163,0.322-0.622,0.77,0.57,0.145
4796,385823,-23.86,13,76.9,0.9095,0.0626,0.8729,0.1521,0.3726,0.0249,0.242,0.3696,-0.1041,C,0.2135,0.322-0.622,0.77,0.57,0.145
4797,386061,92.91,238,98.3,0.4662,0.1926,0.3876,0.4843,0.9181,1.2457,0.764,0.3229,-0.4304,C,0.2123,0.322-0.622,0.77,0.57,0.145
4798,386076,-14.86,15,80.0,0.97,0.0522,0.7913,0.2307,0.408,0.022,0.2089,0.4309,-0.1264,C,0.2247,0.322-0.622,0.77,0.57,0.145
4799,386090,-1.12,14,100.0,0.5657,0.2231,0.8136,0.207,0.4581,1.041,0.9322,0.3685,-0.1171,C,0.1984,0.322-0.622,0.77,0.57,0.145
4800,386104,-28.54,14,100.0,0.6845,0.1687,0.8247,0.2797,0.3811,0.5223,0.7385,0.4657,-0.269,C,0.2393,0.322-0.622,0.77,0.57,0.145
4801,386274,-0.0,170,98.2,0.5417,0.143,0.4329,0.4393,0.8499,0.9307,0.6351,0.2436,-0.3773,C,0.2165,0.322-0.622,0.771,0.571,0.145
4802,386310,15.7,36,91.7,0.5794,0.1546,0.6715,0.2669,0.6473,0.9723,0.6493,0.3254,-0.1972,C,0.1984,0.322-0.622,0.771,0.571,0.145
4803,386323,-31.88,13,0.0,0.0,0.0,0.8367,0.133,0.3953,0.0,0.0,0.2591,-0.0513,C,0.2116,0.322-0.622,0.771,0.571,0.145
4804,386337,-25.17,14,100.0,0.7315,0.1236,0.7535,0.2928,0.4391,0.4125,0.5783,0.4742,-0.2523,C,0.2038,0.322-0.622,0.771,0.571,0.145
4805,386352,-15.17,15,100.0,0.7159,0.1809,0.8146,0.1865,0.4675,0.6402,0.7425,0.3644,-0.1159,C,0.2021,0.322-0.622,0.771,0.571,0.145
4806,386677,197.56,325,99.7,0.5186,0.2175,0.3644,0.4787,0.9423,1.1892,0.8603,0.389,-0.4217,C,0.231,0.322-0.622,0.771,0.571,0.145
4807,386690,-23.69,13,76.9,1.0757,0.0052,0.8426,0.1971,0.4182,0.0049,0.096,0.4459,-0.1393,C,0.2176,0.322-0.622,0.771,0.571,0.145
4808,386724,-12.2,34,100.0,0.6025,0.2105,0.5975,0.4011,0.7174,0.5639,0.9205,0.3553,-0.3571,C,0.2296,0.322-0.622,0.772,0.572,0.145
4809,386766,19.6,42,88.1,0.4602,0.2424,0.5771,0.4022,0.7468,1.2062,0.7993,0.4066,-0.3551,C,0.2382,0.322-0.622,0.772,0.572,0.145
4810,386780,-10.68,14,78.6,0.8199,0.1301,0.8281,0.2246,0.4359,0.0875,0.4829,0.4295,-0.1607,C,0.2104,0.322-0.622,0.772,0.572,0.145
4811,386794,-4.76,14,100.0,0.8397,0.1032,0.8417,0.1685,0.4268,0.1127,0.4908,0.4162,-0.094,C,0.205,0.322-0.622,0.772,0.572,0.145
4812,387033,343.37,239,98.3,0.4093,0.2627,0.3638,0.4025,0.9026,1.5901,0.8377,0.3551,-0.3077,C,0.1976,0.322-0.622,0.772,0.572,0.145
4813,387170,115.12,137,98.5,0.4655,0.2364,0.4161,0.4439,0.9046,1.227,0.9563,0.3784,-0.3875,C,0.2079,0.322-0.622,0.773,0.573,0.145
4814,387192,-3.22,22,95.5,0.6891,0.2053,0.7135,0.2693,0.587,0.3506,0.8473,0.3988,-0.1968,C,0.2393,0.322-0.622,0.773,0.573,0.145
4815,387205,-15.14,13,100.0,0.6953,0.1557,0.8041,0.1598,0.3862,0.8376,0.6993,0.3864,-0.1045,C,0.2258,0.322-0.622,0.773,0.573,0.145
4816,387218,-1.44,13,100.0,0.5033,0.2286,0.8351,0.2179,0.4085,1.3199,0.8807,0.4616,-0.1909,C,0.2378,0.322-0.622,0.773,0.573,0.145
4817,387232,-12.3,14,92.9,0.8478,0.1266,0.7502,0.2341,0.3736,0.0779,0.5429,0.4281,-0.1578,C,0.2047,0.322-0.622,0.773,0.573,0.145
4818,387480,522.29,248,100.0,0.2913,0.2515,0.3635,0.469,0.9478,2.5522,0.9175,0.4107,-0.4072,C,0.2437,0.322-0.622,0.773,0.573,0.146
4819,387577,96.5,97,99.0,0.3437,0.2115,0.4762,0.4714,0.8564,2.1573,0.9163,0.3854,-0.4576,C,0.225,0.322-0.622,0.773,0.573,0.146
4820,387592,-14.54,15,80.0,0.6888,0.1673,0.7598,0.2819,0.3843,0.2467,0.6194,0.4092,-0.2117,C,0.2407,0.322-0.622,0.773,0.573,0.146
4821,387607,-8.45,15,93.3,0.6923,0.1895,0.735,0.2106,0.4215,0.3013,0.7981,0.3092,-0.1352,C,0.2267,0.322-0.622,0.773,0.573,0.146
4822,387623,-10.44,16,100.0,0.649,0.1889,0.7174,0.274,0.4011,0.7715,0.8367,0.3349,-0.2118,C,0.2094,0.322-0.622,0.773,0.573,0.146
4823,387636,-30.84,13,0.0,0.0,0.0,0.8774,0.141,0.4214,0.0,0.0,0.3647,-0.0718,C,0.2246,0.322-0.622,0.773,0.573,0.146
4824,387650,-27.53,14,100.0,0.7053,0.1698,0.7556,0.2876,0.3711,0.4461,0.7664,0.3491,-0.2378,C,0.1958,0.322-0.622,0.774,0.574,0.146
4825,387729,73.15,79,98.7,0.4293,0.2371,0.5122,0.4458,0.8499,1.5607,0.908,0.4322,-0.4091,C,0.234,0.322-0.622,0.774,0.574,0.146
4826,387742,-15.46,13,61.5,1.0274,0.0203,0.845,0.168,0.4072,0.0073,0.0999,0.4274,-0.1263,C,0.2137,0.322-0.622,0.774,0.574,0.146
4827,387757,-34.64,15,100.0,0.6805,0.1883,0.7067,0.4006,0.4492,0.6157,0.8037,0.4656,-0.413,C,0.222,0.322-0.622,0.774,0.574,0.146
4828,387770,-9.93,13,100.0,0.6219,0.1855,0.8546,0.1489,0.4512,0.941,0.7787,0.4497,-0.0848,C,0.2418,0.322-0.622,0.774,0.574,0.146
4829,387987,501.17,217,100.0,0.3259,0.2534,0.3689,0.4057,0.9114,2.3997,0.8901,0.4009,-0.3171,C,0.2445,0.322-0.622,0.774,0.574,0.146
4830,388004,-8.62,17,88.2,0.7572,0.1475,0.7661,0.2231,0.3549,0.4973,0.5771,0.4572,-0.1228,C,0.2284,0.322-0.622,0.774,0.574,0.146
4831,388017,-18.43,13,100.0,0.6223,0.2092,0.8909,0.192,0.4607,0.8865,0.8996,0.4227,-0.1554,C,0.2203,0.322-0.622,0.774,0.574,0.146
4832,388047,-23.65,30,86.7,0.6648,0.1629,0.6442,0.3607,0.5637,0.3555,0.6286,0.3581,-0.298,C,0.2282,0.322-0.622,0.774,0.574,0.146
4833,388080,38.44,33,97.0,0.4536,0.2422,0.6429,0.3013,0.6757,1.3771,0.8929,0.409,-0.2027,C,0.219,0.322-0.622,0.774,0.574,0.146
4834,388094,-9.5,14,92.9,0.6282,0.1936,0.8511,0.1983,0.3765,0.6246,0.7932,0.3196,-0.1309,C,0.2186,0.322-0.622,0.774,0.574,0.146
4835,388107,-14.4,13,100.0,0.9794,0.1041,0.844,0.1988,0.4625,0.0718,0.506,0.3405,-0.1534,C,0.2111,0.322-0.622,0.775,0.575,0.146
4836,388130,-10.51,23,91.3,0.6122,0.2019,0.6096,0.3412,0.574,0.7799,0.7738,0.444,-0.2608,C,0.2234,0.322-0.622,0.775,0.575,0.146
4837,388144,-12.38,14,100.0,0.6516,0.1938,0.7534,0.2202,0.3483,0.8776,0.8458,0.4253,-0.15,C,0.2079,0.322-0.622,0.775,0.575,0.146
4838,388157,-17.5,13,69.2,1.049,0.0327,0.9077,0.0906,0.4386,0.0083,0.1384,0.4216,-0.0419,C,0.2047,0.322-0.622,0.775,0.575,0.146
4839,388332,277.3,175,97.1,0.4148,0.2487,0.4061,0.39,0.892,1.7214,0.8608,0.352,-0.3047,C,0.2489,0.322-0.622,0.775,0.575,0.146
4840,388346,4.55,14,100.0,0.5488,0.2382,0.8506,0.1444,0.428,0.9655,0.9455,0.3833,-0.0542,C,0.2236,0.322-0.622,0.775,0.575,0.146
4841,388359,-2.02,13,100.0,0.6582,0.144,0.8272,0.1508,0.4629,0.9083,0.6489,0.4389,-0.0713,C,0.2044,0.322-0.622,0.775,0.575,0.146
4842,388375,-17.75,16,100.0,0.4861,0.2161,0.7187,0.3431,0.4234,1.4937,0.8883,0.3461,-0.3135,C,0.2276,0.322-0.622,0.775,0.575,0.146
4843,388389,-15.26,14,100.0,0.5769,0.189,0.6953,0.2649,0.4173,0.9894,0.8239,0.327,-0.2232,C,0.2273,0.322-0.622,0.775,0.575,0.146
4844,388403,-18.71,14,71.4,0.8049,0.1032,0.7548,0.2674,0.3805,0.0846,0.3557,0.3682,-0.22,C,0.2304,0.322-0.622,0.775,0.575,0.146
4845,388417,-11.2,14,100.0,0.6893,0.1618,0.8351,0.1693,0.4225,0.3171,0.7445,0.3353,-0.0983,C,0.2414,0.322-0.622,0.775,0.575,0.146
4846,388431,2.62,14,85.7,0.517,0.2207,0.8532,0.182,0.3912,0.9745,0.7672,0.3917,-0.1087,C,0.2283,0.322-0.622,0.775,0.575,0.146
4847,388445,-27.53,14,100.0,0.8614,0.127,0.8139,0.2625,0.3692,0.1768,0.5796,0.3143,-0.2417,C,0.2487,0.322-0.622,0.775,0.575,0.146
4848,388459,-1.88,14,100.0,0.606,0.2161,0.8945,0.0779,0.4243,0.7085,0.9293,0.4027,-0.0147,C,0.1971,0.322-0.622,0.775,0.575,0.146
4849,388473,-2.81,14,92.9,0.7217,0.1901,0.8458,0.159,0.393,0.2795,0.7982,0.4381,-0.0863,C,0.2444,0.322-0.622,0.775,0.575,0.146
4850,388496,11.16,23,82.6,0.5365,0.2277,0.6645,0.2664,0.5575,0.8741,0.7229,0.3764,-0.1501,C,0.2243,0.322-0.622,0.775,0.575,0.146
4851,388756,383.14,260,99.2,0.3507,0.2418,0.3752,0.4692,0.9295,2.0059,0.8931,0.3795,-0.4068,C,0.2,0.322-0.622,0.776,0.576,0.146
4852,388770,-19.73,14,85.7,0.942,0.0478,0.7572,0.3023,0.405,0.0326,0.2108,0.4264,-0.25,C,0.2234,0.322-0.622,0.776,0.576,0.146
4853,388783,-41.32,13,0.0,0.0,0.0,0.8707,0.2565,0.4377,0.0,0.0,0.3914,-0.2676,C,0.2075,0.322-0.622,0.776,0.576,0.146
4854,388796,-3.28,13,100.0,0.8117,0.168,0.8469,0.1669,0.4438,0.151,0.7768,0.4658,-0.0965,C,0.2001,0.322-0.622,0.776,0.576,0.146
4855,388810,-17.79,14,92.9,0.7987,0.1389,0.8134,0.2113,0.3635,0.1606,0.5832,0.4428,-0.1464,C,0.2274,0.322-0.622,0.776,0.576,0.146
4856,388824,-9.41,14,100.0,0.6336,0.1973,0.8016,0.1912,0.4084,0.699,0.8459,0.3617,-0.1467,C,0.2247,0.322-0.622,0.776,0.576,0.146
4857,388838,-5.12,14,100.0,0.7425,0.1784,0.8493,0.13,0.4536,0.2578,0.8189,0.4119,-0.0397,C,0.2346,0.322-0.622,0.776,0.576,0.146
4858,388852,-5.74,14,100.0,0.9048,0.1185,0.8105,0.2087,0.4656,0.0721,0.555,0.3886,-0.1186,C,0.2061,0.322-0.622,0.776,0.576,0.146
4859,388866,-0.08,14,100.0,0.6225,0.2064,0.845,0.1487,0.4339,0.9641,0.8492,0.3715,-0.08,C,0.2106,0.322-0.622,0.776,0.576,0.146
4860,388887,-7.82,21,90.5,0.4933,0.2183,0.6308,0.3737,0.4492,1.2717,0.8196,0.4068,-0.2798,C,0.2239,0.322-0.622,0.776,0.576,0.146
4861,388902,-11.64,15,93.3,0.7004,0.1695,0.7415,0.295,0.3844,0.3371,0.7193,0.4428,-0.2246,C,0.2365,0.322-0.622,0.776,0.576,0.146
4862,388923,-33.42,21,85.7,0.7564,0.1541,0.6736,0.3769,0.396,0.211,0.5891,0.4388,-0.3576,C,0.2002,0.322-0.622,0.776,0.576,0.146
4863,388937,-16.57,14,100.0,0.717,0.1593,0.7961,0.3036,0.4306,0.314,0.7012,0.3146,-0.2512,C,0.2202,0.322-0.622,0.776,0.576,0.146
4864,388953,-16.84,16,87.5,0.8279,0.1219,0.803,0.2134,0.46,0.119,0.499,0.2553,-0.1142,C,0.2367,0.322-0.622,0.776,0.576,0.146
4865,388966,0.81,13,100.0,0.5614,0.2439,0.8778,0.152,0.4686,0.8321,0.9687,0.3761,-0.1073,C,0.242,0.322-0.622,0.776,0.576,0.146
4866,388996,-9.12,30,93.3,0.5169,0.2043,0.6882,0.3491,0.5538,1.2077,0.7772,0.411,-0.3087,C,0.2218,0.322-0.622,0.776,0.576,0.146
4867,389048,30.89,52,90.4,0.5001,0.2347,0.4949,0.4008,0.7854,1.2024,0.8425,0.3931,-0.3351,C,0.2025,0.322-0.622,0.777,0.577,0.146
4868,389065,-16.79,17,88.2,0.879,0.1174,0.8543,0.2314,0.4322,0.1761,0.4745,0.4129,-0.2261,C,0.2196,0.322-0.622,0.777,0.577,0.146
4869,389078,-27.6,13,0.0,0.0,0.0,0.8929,0.0984,0.4407,0.0,0.0,0.4359,-0.0266,C,0.2416,0.322-0.622,0.777,0.577,0.146
4870,389091,-4.06,13,100.0,0.7699,0.165,0.8704,0.1561,0.4348,0.3033,0.7478,0.4554,-0.0764,C,0.2486,0.322-0.622,0.777,0.577,0.146
4871,389108,-19.85,17,76.5,0.701,0.1525,0.7345,0.1958,0.3118,0.4253,0.4999,0.3598,-0.1011,C,0.2151,0.322-0.622,0.777,0.577,0.146
4872,389122,-17.06,14,100.0,0.6779,0.1785,0.7202,0.2724,0.4317,0.4153,0.7775,0.3312,-0.2437,C,0.2043,0.322-0.622,0.777,0.577,0.146
4873,389172,-7.71,50,94.0,0.6042,0.1858,0.4911,0.3967,0.7894,0.5217,0.7795,0.3383,-0.3459,C,0.2103,0.322-0.622,0.777,0.577,0.146
4874,389186,-15.14,14,85.7,0.7231,0.1475,0.8524,0.1828,0.4056,0.1968,0.5928,0.3538,-0.1299,C,0.2097,0.322-0.622,0.777,0.577,0.146
4875,389200,1.78,14,100.0,0.6012,0.2171,0.8691,0.1347,0.4148,0.6956,0.892,0.4321,-0.067,C,0.2017,0.322-0.622,0.777,0.577,0.146
4876,389213,-23.0,13,0.0,0.0,0.0,0.8152,0.1922,0.4314,0.0,0.0,0.3993,-0.1027,C,0.2087,0.322-0.622,0.777,0.577,0.146
4877,389226,-8.95,13,84.6,0.9328,0.0471,0.8548,0.1282,0.4009,0.0249,0.2127,0.3924,-0.0427,C,0.213,0.322-0.622,0.777,0.577,0.146
4878,389240,-11.8,14,100.0,0.7063,0.1676,0.8206,0.2202,0.4434,0.4883,0.7215,0.3171,-0.1692,C,0.2033,0.322-0.622,0.777,0.577,0.146
4879,389253,-17.11,13,0.0,0.0,0.0,0.9262,0.0706,0.4315,0.0,0.0,0.3275,-0.0153,C,0.2418,0.322-0.622,0.777,0.577,0.146
4880,389268,-26.84,15,86.7,0.7985,0.1212,0.7507,0.2769,0.3472,0.1609,0.4826,0.4762,-0.1999,C,0.2498,0.322-0.622,0.777,0.577,0.146
4881,389481,222.61,213,99.1,0.3892,0.1917,0.3697,0.4574,0.8894,1.8185,0.7341,0.3807,-0.3956,C,0.2094,0.322-0.622,0.777,0.577,0.146
4882,389542,124.84,61,96.7,0.3312,0.2419,0.5269,0.3207,0.8001,2.2721,0.9038,0.3242,-0.2263,C,0.2094,0.322-0.622,0.778,0.578,0.146
4883,389556,-8.73,14,78.6,0.9534,0.0725,0.7725,0.1773,0.4006,0.0297,0.2705,0.4354,-0.0807,C,0.2224,0.322-0.622,0.778,0.578,0.146
4884,389572,-20.28,16,93.8,0.8556,0.113,0.685,0.2765,0.4456,0.0792,0.4999,0.3633,-0.1724,C,0.2043,0.322-0.622,0.778,0.578,0.146
4885,389593,-13.25,21,95.2,0.6262,0.2096,0.7436,0.2452,0.4893,0.773,0.8289,0.3078,-0.1709,C,0.2069,0.322-0.622,0.778,0.578,0.146
4886,389656,68.47,63,95.2,0.3508,0.2564,0.4763,0.4376,0.7683,2.1841,0.854,0.3605,-0.3786,C,0.2314,0.322-0.622,0.778,0.578,0.146
4887,389672,-23.56,16,100.0,0.5971,0.1962,0.6823,0.3756,0.3434,0.8133,0.8652,0.4183,-0.395,C,0.2167,0.322-0.622,0.778,0.578,0.146
4888,389685,-6.33,13,100.0,0.5438,0.2374,0.9263,0.0636,0.4224,0.9141,0.986,0.2807,-0.0143,C,0.213,0.322-0.622,0.778,0.578,0.146
4889,389699,-22.79,14,100.0,0.7064,0.1494,0.7648,0.2209,0.3505,0.7913,0.6816,0.3499,-0.1427,C,0.208,0.322-0.622,0.778,0.578,0.146
4890,389712,-13.09,13,100.0,0.751,0.1381,0.856,0.1275,0.3544,0.2963,0.63,0.4003,-0.062,C,0.2439,0.322-0.622,0.778,0.578,0.146
4891,389761,16.81,49,95.9,0.4455,0.2172,0.5091,0.4335,0.7308,1.5441,0.7697,0.3821,-0.3823,C,0.216,0.322-0.622,0.778,0.578,0.146
4892,389776,-8.04,15,86.7,0.8494,0.0854,0.8085,0.1834,0.4696,0.0546,0.3614,0.3653,-0.0935,C,0.2387,0.322-0.622,0.778,0.578,0.146
4893,389789,-23.77,13,0.0,0.0,0.0,0.8626,0.1713,0.4341,0.0,0.0,0.3687,-0.1069,C,0.2043,0.322-0.622,0.778,0.578,0.146
4894,389843,35.35,54,96.3,0.3607,0.2197,0.5724,0.437,0.7232,2.0624,0.8881,0.4158,-0.4209,C,0.2429,0.322-0.622,0.778,0.578,0.146
4895,389860,-6.24,17,94.1,0.9139,0.0848,0.7372,0.2079,0.5046,0.0441,0.3785,0.3904,-0.1239,C,0.2487,0.322-0.622,0.778,0.578,0.146
4896,389873,-7.45,13,100.0,0.4533,0.2435,0.8536,0.2019,0.4354,1.4583,0.9552,0.4274,-0.1631,C,0.2313,0.322-0.622,0.778,0.578,0.146
4897,389888,-33.99,15,93.3,0.6862,0.1766,0.7543,0.3439,0.3756,0.4313,0.7329,0.3188,-0.3495,C,0.2269,0.322-0.622,0.778,0.578,0.146
4898,389903,-9.72,15,100.0,0.6577,0.1997,0.7741,0.1907,0.3955,0.8294,0.7861,0.2903,-0.1204,C,0.2339,0.322-0.622,0.778,0.578,0.146
4899,389916,-15.8,13,92.3,0.7961,0.1357,0.8821,0.1579,0.4186,0.1189,0.5903,0.3605,-0.1096,C,0.248,0.322-0.622,0.778,0.578,0.146
4900,389930,-9.71,14,85.7,0.8434,0.1265,0.8396,0.1973,0.4042,0.0847,0.5118,0.2453,-0.1135,C,0.211,0.322-0.622,0.778,0.578,0.146
4901,389961,-39.37,31,80.6,0.8314,0.0977,0.5752,0.3493,0.6287,0.076,0.3687,0.3156,-0.282,C,0.2457,0.322-0.622,0.778,0.578,0.146
4902,389974,-12.75,13,100.0,0.8296,0.1547,0.8412,0.1307,0.4215,0.0969,0.728,0.4498,-0.0504,C,0.2259,0.322-0.622,0.779,0.579,0.146
4903,389988,-25.2,14,100.0,0.6833,0.1782,0.7495,0.2753,0.4018,0.6649,0.7809,0.3827,-0.2473,C,0.216,0.322-0.622,0.779,0.579,0.146
4904,390001,-29.44,13,0.0,0.0,0.0,0.8451,0.1442,0.4548,0.0,0.0,0.4192,-0.0721,C,0.2481,0.322-0.622,0.779,0.579,0.146
4905,390020,-8.9,19,84.2,0.6786,0.1742,0.7228,0.2432,0.5539,0.2737,0.6781,0.3194,-0.1549,C,0.2396,0.322-0.622,0.779,0.579,0.146
4906,390035,-21.17,15,86.7,0.804,0.1134,0.7809,0.2216,0.3856,0.1015,0.4582,0.3386,-0.1289,C,0.2414,0.322-0.622,0.779,0.579,0.146
4907,390053,-14.44,18,94.4,0.6794,0.1869,0.6305,0.3269,0.4497,0.5469,0.7393,0.4492,-0.2111,C,0.2474,0.322-0.622,0.779,0.579,0.146
4908,390066,-13.61,13,100.0,0.7197,0.1417,0.8889,0.1077,0.4456,0.6452,0.6436,0.3584,-0.0479,C,0.2353,0.322-0.622,0.779,0.579,0.146
4909,390082,-21.81,16,93.8,0.7591,0.1696,0.7622,0.2557,0.396,0.4427,0.6802,0.364,-0.198,C,0.2263,0.322-0.622,0.779,0.579,0.146
4910,390096,-14.33,14,100.0,0.7015,0.1633,0.777,0.2101,0.3625,0.7683,0.7188,0.4323,-0.1349,C,0.2013,0.322-0.622,0.779,0.579,0.146
4911,390110,-8.83,14,100.0,0.7583,0.1607,0.8451,0.164,0.4444,0.2189,0.7462,0.3941,-0.0664,C,0.2474,0.322-0.622,0.779,0.579,0.146
4912,390123,-7.84,13,92.3,0.9172,0.0772,0.84,0.1594,0.4336,0.0332,0.3381,0.3297,-0.0853,C,0.2249,0.322-0.622,0.779,0.579,0.146
4913,390138,-33.85,15,93.3,0.7461,0.1685,0.704,0.3681,0.423,0.2263,0.7109,0.3287,-0.359,C,0.2043,0.322-0.622,0.779,0.579,0.146
4914,390151,-15.42,13,100.0,1.0039,0.0795,0.8329,0.1482,0.4295,0.0317,0.3808,0.343,-0.0712,C,0.2345,0.322-0.622,0.779,0.579,0.146
4915,390165,-3.42,14,85.7,0.8868,0.1099,0.8027,0.1449,0.4846,0.0414,0.4441,0.4454,-0.0667,C,0.2083,0.322-0.622,0.779,0.579,0.146
4916,390179,-32.38,14,50.0,0.9776,0.0078,0.7809,0.2459,0.3647,0.0071,0.0653,0.4046,-0.2314,C,0.2124,0.322-0.622,0.779,0.579,0.146
4917,390407,-6.91,228,98.2,0.5692,0.2006,0.3782,0.4835,0.9147,0.7644,0.8349,0.2981,-0.4425,C,0.2492,0.322-0.622,0.779,0.579,0.147
4918,390422,-27.42,15,80.0,1.0531,0.0184,0.7361,0.2785,0.4508,0.0067,0.1249,0.4191,-0.199,C,0.2462,0.322-0.622,0.779,0.579,0.147
4919,390435,-6.66,13,92.3,0.9042,0.0565,0.9056,0.0946,0.4589,0.04,0.2639,0.3547,-0.0681,C,0.2462,0.322-0.622,0.779,0.579,0.147
4920,390448,-20.03,13,0.0,0.0,0.0,0.8815,0.1225,0.4653,0.0,0.0,0.4491,-0.0814,C,0.2408,0.322-0.622,0.78,0.58,0.147
4921,390463,-23.8,15,100.0,0.6689,0.1634,0.7204,0.2958,0.3712,0.7913,0.6992,0.3811,-0.2304,C,0.2483,0.322-0.622,0.78,0.58,0.147
4922,390517,19.99,54,96.3,0.4982,0.1986,0.5048,0.3874,0.7543,0.9545,0.8284,0.3813,-0.3078,C,0.2249,0.322-0.622,0.78,0.58,0.147
4923,390531,-13.87,14,92.9,0.981,0.0783,0.8245,0.2045,0.4276,0.0426,0.3687,0.3124,-0.155,C,0.2486,0.322-0.622,0.78,0.58,0.147
4924,390547,-8.05,16,75.0,0.6533,0.1788,0.7692,0.256,0.4419,0.3056,0.6127,0.4555,-0.1814,C,0.2347,0.322-0.622,0.78,0.58,0.147
4925,390563,-22.11,16,81.2,0.7877,0.1454,0.7271,0.2892,0.4077,0.1054,0.5543,0.34,-0.2172,C,0.2366,0.322-0.622,0.78,0.58,0.147
4926,390577,-12.91,14,100.0,0.7716,0.1334,0.8481,0.1545,0.4817,0.1683,0.6278,0.3113,-0.0872,C,0.2473,0.322-0.622,0.78,0.58,0.147
4927,390591,-25.7,14,100.0,0.7386,0.1691,0.7518,0.2824,0.4068,0.2675,0.7708,0.4194,-0.2697,C,0.2463,0.322-0.622,0.78,0.58,0.147
4928,390604,-10.23,13,100.0,0.7321,0.1917,0.8106,0.2073,0.4062,0.3019,0.8441,0.3183,-0.1727,C,0.2241,0.322-0.622,0.78,0.58,0.147
4929,390663,55.11,59,94.9,0.3846,0.2424,0.5698,0.4229,0.7803,1.9379,0.8725,0.4407,-0.3944,C,0.198,0.322-0.622,0.78,0.58,0.147
4930,390677,-8.35,14,92.9,0.6528,0.1523,0.8294,0.1894,0.414,0.8558,0.6231,0.4377,-0.132,C,0.2049,0.322-0.622,0.78,0.58,0.147
4931,390691,-28.8,14,85.7,0.6876,0.1791,0.7714,0.2936,0.4022,0.3677,0.7008,0.4907,-0.3017,C,0.2272,0.322-0.622,0.78,0.58,0.147
4932,390704,-33.7,13,53.8,1.0511,0.0392,0.8498,0.2218,0.3696,0.0032,0.119,0.299,-0.2122,C,0.2419,0.322-0.622,0.78,0.58,0.147
4933,390717,-17.71,13,0.0,0.0,0.0,0.9048,0.0874,0.3953,0.0,0.0,0.3269,-0.0211,C,0.2373,0.322-0.622,0.78,0.58,0.147
4934,390730,-21.18,13,0.0,0.0,0.0,0.8748,0.1369,0.4029,0.0,0.0,0.3531,-0.0632,C,0.2052,0.322-0.622,0.78,0.58,0.147
4935,390743,-21.44,13,0.0,0.0,0.0,0.8972,0.1346,0.4479,0.0,0.0,0.2762,-0.0735,C,0.2157,0.322-0.622,0.78,0.58,0.147
4936,390757,-4.79,14,92.9,0.7714,0.1556,0.8482,0.1931,0.4184,0.1649,0.68,0.438,-0.1053,C,0.2363,0.322-0.622,0.78,0.58,0.147
4937,390782,-18.06,25,92.0,0.6964,0.1539,0.5741,0.342,0.6916,0.2876,0.6695,0.42,-0.2712,C,0.1974,0.322-0.622,0.78,0.58,0.147
4938,390857,88.3,75,94.7,0.5527,0.2059,0.458,0.3391,0.8505,1.0988,0.837,0.4161,-0.2447,C,0.2428,0.322-0.622,0.78,0.58,0.147
4939,390871,-13.54,14,50.0,1.0362,0.0371,0.8405,0.149,0.3799,0.0039,0.1083,0.3778,-0.06,C,0.2098,0.322-0.622,0.78,0.58,0.147
4940,390885,-34.18,14,100.0,0.827,0.1295,0.8141,0.2996,0.3831,0.1401,0.5931,0.2626,-0.3352,C,0.2418,0.322-0.622,0.78,0.58,0.147
4941,390899,-5.2,14,85.7,0.5577,0.2122,0.8133,0.1926,0.4538,0.7542,0.7625,0.3792,-0.1302,C,0.2229,0.322-0.622,0.78,0.58,0.147
4942,390914,-30.51,15,86.7,0.7074,0.1784,0.8018,0.323,0.368,0.2123,0.6936,0.4074,-0.3322,C,0.2304,0.322-0.622,0.781,0.581,0.147
4943,390927,-19.34,13,76.9,0.9222,0.1026,0.8525,0.1712,0.404,0.0333,0.3733,0.3957,-0.111,C,0.2459,0.322-0.622,0.781,0.581,0.147
4944,390941,-2.49,14,100.0,0.8197,0.1599,0.8531,0.139,0.4322,0.1672,0.736,0.4453,-0.06,C,0.2114,0.322-0.622,0.781,0.581,0.147
4945,390954,-16.34,13,0.0,0.0,0.0,0.9239,0.0697,0.4341,0.0,0.0,0.3741,-0.0123,C,0.2394,0.322-0.622,0.781,0.581,0.147
4946,390968,-4.44,14,100.0,0.5957,0.231,0.8429,0.2202,0.4583,0.7786,0.9264,0.3307,-0.1707,C,0.2451,0.322-0.622,0.781,0.581,0.147
4947,390982,-21.51,14,0.0,0.0,0.0,0.825,0.1569,0.4181,0.0,0.0,0.3276,-0.0568,C,0.2289,0.322-0.622,0.781,0.581,0.147
4948,390998,8.12,16,100.0,0.5059,0.2324,0.8397,0.1658,0.4688,1.281,0.9319,0.3347,-0.0778,C,0.2371,0.322-0.622,0.781,0.581,0.147
4949,391012,1.3,14,100.0,0.6709,0.2035,0.8491,0.1596,0.4437,0.4167,0.9073,0.3785,-0.0698,C,0.2254,0.322-0.622,0.781,0.581,0.147
4950,391025,2.62,13,100.0,0.7073,0.1816,0.8336,0.1077,0.4302,0.2894,0.8381,0.4032,-0.028,C,0.2172,0.322-0.622,0.781,0.581,0.147
4951,391040,-33.13,15,100.0,0.5446,0.2018,0.7239,0.3943,0.3831,1.1459,0.8891,0.3342,-0.4053,C,0.2313,0.322-0.622,0.781,0.581,0.147
4952,391054,-5.17,14,92.9,0.6349,0.2003,0.7971,0.1778,0.3418,0.7897,0.8064,0.3321,-0.1157,C,0.2048,0.322-0.622,0.781,0.581,0.147
4953,391070,-19.2,16,87.5,0.7524,0.1535,0.7079,0.3336,0.4203,0.183,0.5912,0.3182,-0.2831,C,0.2407,0.322-0.622,0.781,0.581,0.147
4954,391110,-24.16,40,92.5,0.4822,0.219,0.5519,0.4722,0.5463,1.3401,0.8483,0.4057,-0.4441,C,0.2084,0.322-0.622,0.781,0.581,0.147
4955,391124,-21.64,14,85.7,0.7817,0.1414,0.8503,0.1985,0.3981,0.111,0.5662,0.3029,-0.1565,C,0.1988,0.322-0.622,0.781,0.581,0.147
4956,391138,-26.1,14,100.0,0.6198,0.2095,0.7574,0.3493,0.4223,0.6697,0.8995,0.488,-0.3194,C,0.2058,0.322-0.622,0.781,0.581,0.147
4957,391152,-11.76,14,100.0,0.5529,0.2354,0.846,0.2131,0.4411,0.8817,0.9157,0.3584,-0.1408,C,0.2018,0.322-0.622,0.781,0.581,0.147
4958,391165,-8.81,13,100.0,0.9474,0.1117,0.8768,0.1476,0.419,0.0948,0.5331,0.3375,-0.0796,C,0.2453,0.322-0.622,0.781,0.581,0.147
4959,391179,-26.49,14,92.9,0.8167,0.1278,0.8292,0.2182,0.3182,0.15,0.5396,0.3444,-0.161,C,0.2017,0.322-0.622,0.781,0.581,0.147
4960,391192,-20.74,13,76.9,0.9589,0.0717,0.8396,0.1898,0.379,0.0146,0.2682,0.3563,-0.1302,C,0.207,0.322-0.622,0.781,0.581,0.147
4961,391328,39.45,136,97.1,0.4807,0.2091,0.4467,0.5008,0.8877,1.3158,0.8585,0.4074,-0.4707,C,0.2258,0.322-0.622,0.781,0.581,0.147
4962,391342,-6.48,14,92.9,0.9289,0.0732,0.8409,0.1519,0.4525,0.031,0.3242,0.4126,-0.0636,C,0.2103,0.322-0.622,0.781,0.581,0.147
4963,391357,-16.92,15,93.3,0.6958,0.1784,0.7575,0.1878,0.3158,0.7484,0.7177,0.4262,-0.1062,C,0.2206,0.322-0.622,0.781,0.581,0.147
4964,391370,-15.79,13,100.0,0.8194,0.1022,0.8516,0.1603,0.4368,0.1015,0.4748,0.2684,-0.091,C,0.2035,0.322-0.622,0.782,0.582,0.147
4965,391384,7.68,14,100.0,0.5249,0.2266,0.811,0.1356,0.4333,1.0839,0.9235,0.368,-0.0344,C,0.2464,0.322-0.622,0.782,0.582,0.147
4966,391571,136.98,187,97.9,0.5112,0.191,0.3816,0.4223,0.9182,1.0651,0.8151,0.3476,-0.3417,C,0.2324,0.322-0.622,0.782,0.582,0.147
4967,391665,131.53,94,96.8,0.3549,0.2438,0.4422,0.443,0.8312,2.0298,0.8938,0.4385,-0.3728,C,0.2013,0.322-0.622,0.782,0.582,0.147
4968,391679,-0.99,14,100.0,0.668,0.2104,0.8248,0.1925,0.4333,0.4932,0.8872,0.3657,-0.0985,C,0.2089,0.322-0.622,0.782,0.582,0.147
4969,391710,-12.44,31,96.8,0.4884,0.2179,0.5701,0.4331,0.6252,1.3929,0.8926,0.4368,-0.4068,C,0.2251,0.322-0.622,0.782,0.582,0.147
4970,391723,-14.35,13,69.2,0.8037,0.1573,0.8573,0.1248,0.3979,0.0912,0.5084,0.4177,-0.0505,C,0.2426,0.322-0.622,0.782,0.582,0.147
4971,391740,3.14,17,88.2,0.5779,0.2272,0.7896,0.2013,0.4579,0.7033,0.8166,0.3342,-0.0996,C,0.2425,0.322-0.622,0.782,0.582,0.147
4972,391756,-24.13,16,81.2,0.9128,0.0796,0.7383,0.2687,0.3492,0.0241,0.3244,0.4776,-0.2171,C,0.204,0.322-0.622,0.782,0.582,0.147
4973,391771,-16.1,15,100.0,0.59,0.2277,0.8319,0.2194,0.4389,0.8761,0.8824,0.4027,-0.1955,C,0.2173,0.322-0.622,0.782,0.582,0.147
4974,391897,127.99,126,96.8,0.3432,0.266,0.4482,0.4929,0.9122,2.0349,0.8679,0.3287,-0.4768,C,0.2383,0.322-0.622,0.783,0.583,0.147
4975,391910,-15.93,13,0.0,0.0,0.0,0.8855,0.0726,0.4111,0.0,0.0,0.4547,-0.016,C,0.2022,0.322-0.622,0.783,0.583,0.147
4976,391923,-8.54,13,100.0,0.8575,0.1461,0.8538,0.1402,0.4222,0.2657,0.6597,0.2766,-0.0692,C,0.2362,0.322-0.622,0.783,0.583,0.147
4977,391936,-18.0,13,84.6,0.926,0.074,0.8848,0.2027,0.412,0.0286,0.3173,0.328,-0.1836,C,0.2018,0.322-0.622,0.783,0.583,0.147
4978,391954,-11.76,18,83.3,0.7047,0.1531,0.6811,0.2943,0.5545,0.2064,0.5853,0.4256,-0.1992,C,0.2132,0.322-0.622,0.783,0.583,0.147
4979,391968,-9.12,14,100.0,0.8517,0.1307,0.8083,0.2209,0.4099,0.126,0.6123,0.378,-0.1319,C,0.2122,0.322-0.622,0.783,0.583,0.147
4980,391997,25.12,29,96.6,0.4939,0.2341,0.6291,0.3026,0.654,1.3116,0.8784,0.4365,-0.2031,C,0.2252,0.322-0.622,0.783,0.583,0.147
4981,392065,60.12,68,98.5,0.3923,0.2576,0.4616,0.4391,0.8376,1.6494,0.9277,0.3995,-0.3715,C,0.2366,0.322-0.622,0.783,0.583,0.147
4982,392143,89.97,78,97.4,0.3871,0.2321,0.4494,0.4175,0.7964,1.8386,0.9366,0.3973,-0.3492,C,0.2244,0.322-0.622,0.783,0.583,0.147
4983,392158,-15.64,15,100.0,0.6781,0.1609,0.7377,0.2855,0.3875,0.8555,0.6977,0.2964,-0.2425,C,0.2399,0.322-0.622,0.783,0.583,0.147
4984,392171,-29.25,13,0.0,0.0,0.0,0.8629,0.148,0.4569,0.0,0.0,0.3922,-0.0816,C,0.2156,0.322-0.622,0.783,0.583,0.147
4985,392186,-20.2,15,93.3,0.6564,0.1897,0.8186,0.2535,0.3516,0.8529,0.7566,0.3602,-0.1955,C,0.2334,0.322-0.622,0.783,0.583,0.147
4986,392200,-11.98,14,92.9,0.6332,0.2303,0.8254,0.2126,0.4467,0.5097,0.8292,0.3801,-0.1286,C,0.2274,0.322-0.622,0.783,0.583,0.147
4987,392214,-21.85,14,100.0,0.884,0.112,0.8512,0.1686,0.3541,0.1037,0.5204,0.2965,-0.0889,C,0.2067,0.322-0.622,0.783,0.583,0.147
4988,392228,-21.58,14,100.0,0.4973,0.2139,0.7926,0.3101,0.4313,1.2648,0.9407,0.2977,-0.3392,C,0.242,0.322-0.622,0.783,0.583,0.147
4989,392242,-18.42,14,85.7,0.9084,0.0676,0.8501,0.1471,0.3886,0.0393,0.2741,0.4422,-0.0611,C,0.2162,0.322-0.622,0.783,0.583,0.147
4990,392256,-1.77,14,100.0,0.6985,0.1845,0.8254,0.1769,0.4054,0.3477,0.831,0.4381,-0.0966,C,0.2113,0.322-0.622,0.783,0.583,0.147
4991,392269,-10.48,13,92.3,0.7583,0.1508,0.8593,0.1739,0.3988,0.1507,0.6427,0.4093,-0.116,C,0.2464,0.322-0.622,0.783,0.583,0.147
4992,392284,-20.17,15,73.3,0.9454,0.0669,0.7048,0.3098,0.388,0.0263,0.2324,0.4555,-0.2418,C,0.2292,0.322-0.622,0.783,0.583,0.147
4993,392302,-30.75,18,83.3,0.6069,0.2048,0.6446,0.4318,0.4167,0.5493,0.7349,0.4504,-0.4339,C,0.2423,0.322-0.622,0.784,0.584,0.147
4994,392366,33.76,64,95.3,0.5109,0.248,0.462,0.363,0.7997,1.0817,0.7818,0.3307,-0.2787,C,0.2352,0.322-0.622,0.784,0.584,0.147
4995,392379,-4.62,13,92.3,0.8295,0.0933,0.8612,0.0869,0.4442,0.0763,0.4008,0.3869,-0.0405,C,0.2275,0.322-0.622,0.784,0.584,0.147
4996,392501,246.18,122,97.5,0.2936,0.2472,0.3995,0.4153,0.8611,2.389,0.9421,0.3808,-0.3343,C,0.2352,0.322-0.622,0.784,0.584,0.147
4997,392521,-23.77,20,90.0,0.8633,0.0964,0.6036,0.3152,0.5765,0.0802,0.4045,0.3284,-0.2356,C,0.2489,0.322-0.622,0.784,0.584,0.147
4998,392535,-10.31,14,100.0,0.6361,0.2019,0.8568,0.1667,0.4073,0.6485,0.8983,0.4455,-0.0944,C,0.2176,0.322-0.622,0.784,0.584,0.147
4999,392549,-10.37,14,92.9,0.5959,0.1862,0.8063,0.2196,0.3655,0.6073,0.7769,0.3269,-0.1564,C,0.246,0.322-0.622,0.784,0.584,0.147
5000,392563,-23.54,14,92.9,0.7786,0.1611,0.8509,0.194,0.3569,0.2191,0.6713,0.3153,-0.1588,C,0.2321,0.322-0.622,0.784,0.584,0.147
5001,392577,-15.6,14,100.0,0.6616,0.1791,0.8336,0.1896,0.4725,0.9114,0.7508,0.3767,-0.1048,C,0.2039,0.322-0.622,0.784,0.584,0.147
5002,392592,-17.26,15,80.0,0.8658,0.0763,0.8216,0.1701,0.3547,0.042,0.3039,0.415,-0.0876,C,0.2295,0.322-0.622,0.784,0.584,0.147
5003,392606,-41.88,14,0.0,0.0,0.0,0.7882,0.2479,0.3683,0.0,0.0,0.3185,-0.1967,C,0.2478,0.322-0.622,0.784,0.584,0.147
5004,392619,-2.71,13,100.0,0.6326,0.21,0.8903,0.141,0.4396,0.9627,0.8688,0.4346,-0.0894,C,0.2362,0.322-0.622,0.784,0.584,0.147
5005,392653,-15.64,34,97.1,0.7075,0.2231,0.5655,0.3912,0.761,0.2956,0.9146,0.4041,-0.3568,C,0.2387,0.322-0.622,0.784,0.584,0.147
5006,392668,-18.33,15,100.0,0.5264,0.2126,0.7476,0.2981,0.3846,1.2589,0.8836,0.4303,-0.2581,C,0.2393,0.322-0.622,0.784,0.584,0.147
5007,392682,-25.02,14,92.9,0.9752,0.0788,0.7948,0.2294,0.404,0.0254,0.3396,0.412,-0.1788,C,0.2324,0.322-0.622,0.784,0.584,0.147
5008,392696,0.5,14,100.0,0.6818,0.2119,0.8238,0.1463,0.4434,0.5533,0.8729,0.4069,-0.0561,C,0.2302,0.322-0.622,0.784,0.584,0.147
5009,392712,-29.88,16,100.0,0.6256,0.1786,0.7163,0.35,0.4393,0.9246,0.7936,0.4326,-0.3483,C,0.2073,0.322-0.622,0.784,0.584,0.147
5010,392727,-18.44,15,60.0,0.9752,0.0431,0.7994,0.1876,0.3886,0.0097,0.1438,0.3058,-0.1301,C,0.2368,0.322-0.622,0.784,0.584,0.147
5011,392740,-17.41,13,92.3,0.7682,0.1158,0.8734,0.192,0.3974,0.1268,0.5025,0.4313,-0.1435,C,0.2252,0.322-0.622,0.784,0.584,0.147
5012,392753,-8.42,13,100.0,0.7386,0.1753,0.858,0.1765,0.4112,0.3517,0.7922,0.3056,-0.1329,C,0.2003,0.322-0.622,0.784,0.584,0.147
5013,392767,-23.12,14,85.7,0.7679,0.137,0.802,0.228,0.4282,0.18,0.5543,0.3223,-0.1903,C,0.1987,0.322-0.622,0.784,0.584,0.147
5014,392781,-40.54,14,0.0,0.0,0.0,0.8295,0.2588,0.3779,0.0,0.0,0.3966,-0.2342,C,0.2318,0.322-0.622,0.785,0.585,0.147
5015,392794,-23.21,13,0.0,0.0,0.0,0.8546,0.1602,0.419,0.0,0.0,0.3463,-0.0955,C,0.2083,0.322-0.622,0.785,0.585,0.147
5016,392808,-5.97,14,100.0,0.9446,0.0781,0.8204,0.1581,0.4216,0.0605,0.3821,0.3515,-0.0757,C,0.2375,0.322-0.622,0.785,0.585,0.147
5017,392823,-21.79,15,93.3,0.7187,0.1703,0.752,0.299,0.4255,0.2872,0.7405,0.4075,-0.2549,C,0.2401,0.322-0.622,0.785,0.585,0.147
5018,392919,161.27,96,97.9,0.3101,0.2245,0.4622,0.4283,0.8714,2.2933,0.934,0.434,-0.3749,C,0.2429,0.322-0.622,0.785,0.585,0.147
5019,392932,-13.49,13,100.0,0.9317,0.0842,0.8833,0.1266,0.4491,0.0523,0.3923,0.3087,-0.0768,C,0.198,0.322-0.622,0.785,0.585,0.147
5020,392948,-8.39,16,93.8,0.6111,0.2124,0.7773,0.2742,0.4307,0.7394,0.8188,0.4068,-0.208,C,0.241,0.322-0.622,0.785,0.585,0.147
5021,393010,85.87,62,98.4,0.3304,0.2418,0.5093,0.4404,0.7976,2.3404,0.9198,0.41,-0.4004,C,0.243,0.322-0.622,0.785,0.585,0.148
5022,393035,-15.7,25,96.0,0.6176,0.2132,0.6132,0.3786,0.5064,0.5547,0.8797,0.3817,-0.3326,C,0.2189,0.322-0.622,0.785,0.585,0.148
5023,393049,-17.17,14,92.9,0.8591,0.106,0.84,0.1293,0.4205,0.0636,0.4604,0.3512,-0.0541,C,0.2131,0.322-0.622,0.785,0.585,0.148
5024,393094,49.48,45,95.6,0.2812,0.2262,0.5393,0.3679,0.6322,2.4974,0.912,0.3949,-0.3023,C,0.2072,0.322-0.622,0.785,0.585,0.148
5025,393108,-14.92,14,100.0,0.6261,0.2193,0.8674,0.2104,0.4096,0.6263,0.93,0.3139,-0.1543,C,0.2487,0.322-0.622,0.785,0.585,0.148
5026,393122,-4.69,14,92.9,0.6965,0.1599,0.8562,0.1497,0.4078,0.2747,0.6937,0.3445,-0.0619,C,0.2234,0.322-0.622,0.785,0.585,0.148
5027,393136,-14.49,14,100.0,0.8115,0.1458,0.8273,0.2183,0.3847,0.3291,0.6603,0.3308,-0.1548,C,0.1995,0.322-0.622,0.785,0.585,0.148
5028,393150,-37.95,14,0.0,0.0,0.0,0.7716,0.2086,0.4005,0.0,0.0,0.236,-0.1352,C,0.238,0.322-0.622,0.785,0.585,0.148
5029,393165,-17.89,15,93.3,0.7582,0.1452,0.7355,0.3199,0.4369,0.1932,0.6379,0.4022,-0.2918,C,0.2087,0.322-0.622,0.785,0.585,0.148
5030,393179,-9.58,14,100.0,0.6851,0.1759,0.7825,0.2146,0.4321,0.4642,0.753,0.353,-0.1633,C,0.2229,0.322-0.622,0.785,0.585,0.148
5031,393263,120.98,84,97.6,0.3011,0.2481,0.5115,0.4616,0.8511,2.393,0.9116,0.3784,-0.4321,C,0.2437,0.322-0.622,0.786,0.586,0.148
5032,393324,-32.5,61,96.7,0.527,0.18,0.507,0.5047,0.8212,0.9223,0.7975,0.4232,-0.4892,C,0.2339,0.322-0.622,0.786,0.586,0.148
5033,393338,-3.13,14,100.0,0.6801,0.1979,0.8081,0.1733,0.3766,0.73,0.8182,0.2935,-0.0886,C,0.2123,0.322-0.622,0.786,0.586,0.148
5034,393352,-10.08,14,100.0,0.7586,0.1207,0.8575,0.1405,0.3576,0.2571,0.5663,0.412,-0.1071,C,0.2496,0.322-0.622,0.786,0.586,0.148
5035,393367,-4.62,15,100.0,0.6462,0.2078,0.666,0.2081,0.418,0.5876,0.8761,0.4784,-0.1162,C,0.2235,0.322-0.622,0.786,0.586,0.148
5036,393386,-16.52,19,84.2,0.6486,0.1809,0.7393,0.2955,0.5464,0.3704,0.693,0.3936,-0.277,C,0.2124,0.322-0.622,0.786,0.586,0.148
5037,393399,-3.53,13,100.0,0.8107,0.14,0.8483,0.1461,0.4594,0.2365,0.634,0.3477,-0.063,C,0.2247,0.322-0.622,0.786,0.586,0.148
5038,393455,50.61,56,98.2,0.4348,0.2086,0.4831,0.4096,0.8077,1.7242,0.8767,0.2797,-0.3483,C,0.1994,0.322-0.622,0.786,0.586,0.148
5039,393469,-20.43,14,100.0,0.8574,0.1333,0.8567,0.1927,0.3968,0.1033,0.6207,0.2709,-0.1387,C,0.2216,0.322-0.622,0.786,0.586,0.148
5040,393552,86.55,83,97.6,0.3954,0.224,0.4602,0.4862,0.8462,1.9502,0.8929,0.4587,-0.4372,C,0.2294,0.322-0.622,0.786,0.586,0.148
5041,393584,28.8,32,93.8,0.4352,0.2402,0.6509,0.3156,0.67,1.4403,0.8007,0.3609,-0.221,C,0.2393,0.322-0.622,0.786,0.586,0.148
5042,393599,-17.37,15,100.0,0.5525,0.2092,0.7195,0.3146,0.3963,1.1458,0.8947,0.3754,-0.24,C,0.2094,0.322-0.622,0.786,0.586,0.148
5043,393613,-8.57,14,100.0,0.6036,0.1898,0.8696,0.163,0.467,0.9269,0.8338,0.4197,-0.0889,C,0.2242,0.322-0.622,0.786,0.586,0.148
5044,393633,7.76,20,100.0,0.6048,0.2159,0.7363,0.2522,0.5661,0.7452,0.8707,0.3655,-0.1693,C,0.2436,0.322-0.622,0.786,0.586,0.148
5045,393648,-17.04,15,100.0,0.5754,0.2068,0.7145,0.2903,0.377,1.2506,0.8459,0.3445,-0.2241,C,0.2391,0.322-0.622,0.786,0.586,0.148
5046,393662,-9.03,14,92.9,0.6609,0.2055,0.8251,0.1721,0.4376,0.4695,0.8136,0.4123,-0.1073,C,0.2424,0.322-0.622,0.786,0.586,0.148
5047,393678,-16.36,16,100.0,0.7878,0.1598,0.724,0.3622,0.4902,0.235,0.7327,0.3328,-0.2731,C,0.2476,0.322-0.622,0.786,0.586,0.148
5048,393699,-20.78,21,90.5,0.7725,0.1556,0.5744,0.3531,0.5399,0.1843,0.661,0.4396,-0.274,C,0.2417,0.322-0.622,0.786,0.586,0.148
5049,393713,-26.68,14,100.0,1.0076,0.0466,0.7869,0.2756,0.408,0.0166,0.2507,0.3584,-0.2137,C,0.2123,0.322-0.622,0.787,0.587,0.148
5050,393736,-5.22,23,91.3,0.6428,0.1956,0.6169,0.2901,0.5203,0.4641,0.7659,0.3587,-0.188,C,0.2284,0.322-0.622,0.787,0.587,0.148
5051,393750,-24.57,14,92.9,0.8172,0.1233,0.8308,0.1867,0.4058,0.1139,0.5326,0.3858,-0.1143,C,0.2392,0.322-0.622,0.787,0.587,0.148
5052,393764,-17.98,14,78.6,1.0477,0.0168,0.7499,0.261,0.4707,0.0059,0.1206,0.4041,-0.1956,C,0.2108,0.322-0.622,0.787,0.587,0.148
5053,393778,-20.23,14,92.9,0.7951,0.1339,0.8486,0.1517,0.3087,0.2268,0.5666,0.2605,-0.0577,C,0.201,0.322-0.622,0.787,0.587,0.148
5054,393792,-14.91,14,85.7,0.7675,0.1526,0.8844,0.1132,0.3744,0.1817,0.6185,0.2067,-0.0491,C,0.2414,0.322-0.622,0.787,0.587,0.148
5055,393806,-7.49,14,100.0,0.8617,0.1349,0.8518,0.1864,0.4334,0.2408,0.6213,0.3573,-0.1014,C,0.2066,0.322-0.622,0.787,0.587,0.148
5056,393821,-23.57,15,60.0,1.0686,0.0557,0.7938,0.2391,0.4227,0.0037,0.1648,0.3599,-0.1805,C,0.223,0.322-0.622,0.787,0.587,0.148
5057,393836,-0.76,15,93.3,0.7603,0.1662,0.8216,0.1622,0.4397,0.1926,0.7239,0.3918,-0.0735,C,0.2453,0.322-0.622,0.787,0.587,0.148
5058,393850,-12.04,14,92.9,0.9101,0.0824,0.7746,0.2465,0.4535,0.0354,0.3667,0.4625,-0.1761,C,0.2327,0.322-0.622,0.787,0.587,0.148
5059,393863,-4.91,13,92.3,0.8425,0.0947,0.8281,0.1356,0.4071,0.077,0.4086,0.4423,-0.0736,C,0.2139,0.322-0.622,0.787,0.587,0.148
5060,393883,-7.53,20,90.0,0.6367,0.2011,0.7023,0.2884,0.4735,0.8546,0.6965,0.4167,-0.219,C,0.2101,0.322-0.622,0.787,0.587,0.148
5061,393930,4.57,47,97.9,0.4558,0.2276,0.5297,0.4318,0.6725,1.3986,0.9113,0.3009,-0.3834,C,0.2354,0.322-0.622,0.787,0.587,0.148
5062,393944,-18.95,14,78.6,0.8005,0.1066,0.8279,0.2004,0.4211,0.083,0.3976,0.3088,-0.1295,C,0.229,0.322-0.622,0.787,0.587,0.148
5063,393957,-8.99,13,100.0,0.8377,0.1277,0.8813,0.1828,0.4406,0.6737,0.585,0.4519,-0.1147,C,0.2097,0.322-0.622,0.787,0.587,0.148
5064,393971,-7.38,14,100.0,0.7413,0.1748,0.8606,0.1548,0.3735,0.502,0.7553,0.316,-0.0711,C,0.2101,0.322-0.622,0.787,0.587,0.148
5065,393986,-8.24,15,80.0,0.6321,0.2214,0.7796,0.2556,0.4256,0.3886,0.7333,0.4496,-0.1878,C,0.2456,0.322-0.622,0.787,0.587,0.148
5066,394000,-13.03,14,100.0,0.9291,0.1111,0.825,0.2303,0.415,0.0514,0.5206,0.319,-0.1949,C,0.2481,0.322-0.622,0.787,0.587,0.148
5067,394015,-4.45,15,93.3,0.5872,0.2028,0.8082,0.1809,0.4076,0.8359,0.823,0.3865,-0.107,C,0.198,0.322-0.622,0.787,0.587,0.148
5068,394029,-21.79,14,100.0,0.8035,0.144,0.8017,0.2461,0.3345,0.386,0.6452,0.4377,-0.1922,C,0.2202,0.322-0.622,0.787,0.587,0.148
5069,394045,-9.69,16,81.2,0.894,0.0999,0.7949,0.202,0.5169,0.0591,0.3852,0.3219,-0.1352,C,0.2321,0.322-0.622,0.787,0.587,0.148
5070,394060,-20.97,15,100.0,0.6749,0.1816,0.7475,0.2661,0.3299,0.8871,0.7946,0.3877,-0.2126,C,0.221,0.322-0.622,0.787,0.587,0.148
5071,394077,-17.71,17,82.4,0.6138,0.188,0.7065,0.2788,0.4174,0.5163,0.6561,0.283,-0.1844,C,0.2498,0.322-0.622,0.787,0.587,0.148
5072,394092,-15.34,15,93.3,0.6141,0.2089,0.7699,0.265,0.3788,0.8348,0.8335,0.35,-0.1941,C,0.2014,0.322-0.622,0.787,0.587,0.148
5073,394108,-35.47,16,56.2,0.8357,0.0679,0.7462,0.3515,0.456,0.0531,0.1863,0.3594,-0.3493,C,0.2026,0.322-0.622,0.787,0.587,0.148
5074,394166,60.28,58,98.3,0.4001,0.2513,0.5145,0.3659,0.7576,1.7314,0.8602,0.4046,-0.2869,C,0.2006,0.322-0.622,0.787,0.587,0.148
5075,394211,38.61,45,100.0,0.4694,0.2437,0.5925,0.3159,0.6938,1.2574,0.9706,0.4221,-0.2518,C,0.201,0.322-0.622,0.788,0.588,0.148
5076,394225,-12.05,14,92.9,0.7241,0.1675,0.8712,0.189,0.4019,0.2749,0.7157,0.3923,-0.1649,C,0.2401,0.322-0.622,0.788,0.588,0.148
5077,394239,-35.52,14,85.7,0.9634,0.0426,0.7851,0.3122,0.4003,0.0191,0.1958,0.3769,-0.3217,C,0.2456,0.322-0.622,0.788,0.588,0.148
5078,394254,-15.26,15,93.3,0.6894,0.1867,0.8298,0.2662,0.3414,0.6437,0.7626,0.3528,-0.2062,C,0.228,0.322-0.622,0.788,0.588,0.148
5079,394268,-28.15,14,0.0,0.0,0.0,0.8984,0.1117,0.4391,0.0,0.0,0.4126,-0.0315,C,0.2457,0.322-0.622,0.788,0.588,0.148
5080,394288,-25.38,20,95.0,0.6793,0.1955,0.6995,0.3594,0.523,0.5179,0.7735,0.3966,-0.3177,C,0.2215,0.322-0.622,0.788,0.588,0.148
5081,394301,-25.3,13,0.0,0.0,0.0,0.9175,0.0923,0.3885,0.0,0.0,0.4171,-0.0296,C,0.2386,0.322-0.622,0.788,0.588,0.148
5082,394315,-7.14,14,92.9,0.88,0.0667,0.8771,0.1327,0.4218,0.0511,0.3031,0.3731,-0.0635,C,0.2497,0.322-0.622,0.788,0.588,0.148
5083,394384,20.15,69,88.4,0.4732,0.1624,0.4341,0.4097,0.8336,1.0156,0.5862,0.3515,-0.333,C,0.2204,0.322-0.622,0.788,0.588,0.148
5084,394399,-38.98,15,100.0,0.6699,0.1776,0.7493,0.3666,0.3471,0.8644,0.79,0.2532,-0.394,C,0.2136,0.322-0.622,0.788,0.588,0.148
5085,394412,-19.68,13,100.0,0.9043,0.1013,0.8437,0.2137,0.4491,0.0878,0.4764,0.4346,-0.1647,C,0.2288,0.322-0.622,0.788,0.588,0.148
5086,394425,-11.22,13,100.0,0.8258,0.1248,0.8468,0.1797,0.4272,0.1451,0.5803,0.3464,-0.1283,C,0.2271,0.322-0.622,0.788,0.588,0.148
5087,394467,2.83,42,95.2,0.4712,0.2439,0.5324,0.4291,0.7312,1.2236,0.855,0.302,-0.3629,C,0.2068,0.322-0.622,0.788,0.588,0.148
5088,394481,-14.42,14,78.6,0.9141,0.1065,0.8434,0.1214,0.4445,0.0416,0.3988,0.2848,-0.0446,C,0.2283,0.322-0.622,0.788,0.588,0.148
5089,394495,-6.14,14,100.0,0.6981,0.1673,0.8758,0.153,0.4318,0.8058,0.7176,0.4215,-0.0966,C,0.2061,0.322-0.622,0.788,0.588,0.148
5090,394529,-21.2,34,91.2,0.5818,0.2141,0.5513,0.4608,0.674,0.952,0.7696,0.4267,-0.4156,C,0.2223,0.322-0.622,0.788,0.588,0.148
5091,394629,150.97,100,98.0,0.372,0.236,0.4496,0.4454,0.8751,1.9424,0.9336,0.4162,-0.3855,C,0.2283,0.322-0.622,0.788,0.588,0.148
5092,394645,-22.28,16,87.5,0.6913,0.1837,0.7735,0.2737,0.3328,0.6489,0.6989,0.457,-0.1924,C,0.2018,0.322-0.622,0.789,0.589,0.148
5093,394687,-9.35,42,90.5,0.5409,0.2245,0.5728,0.4296,0.7044,0.9527,0.7675,0.4289,-0.4065,C,0.2404,0.322-0.622,0.789,0.589,0.148
5094,394702,-4.84,15,93.3,0.675,0.1959,0.7949,0.2223,0.4057,0.4158,0.7862,0.3816,-0.1026,C,0.2153,0.322-0.622,0.789,0.589,0.148
5095,394719,13.15,17,94.1,0.4662,0.2358,0.7488,0.1903,0.503,1.3593,0.8411,0.307,-0.0793,C,0.2335,0.322-0.622,0.789,0.589,0.148
5096,394736,-23.23,17,82.4,0.745,0.1599,0.7768,0.2081,0.3082,0.5714,0.5623,0.3275,-0.1404,C,0.2263,0.322-0.622,0.789,0.589,0.148
5097,394751,-20.35,15,100.0,0.8413,0.135,0.8185,0.2094,0.4285,0.1302,0.6333,0.411,-0.1683,C,0.2386,0.322-0.622,0.789,0.589,0.148
5098,394768,-22.0,17,76.5,0.7722,0.1197,0.7269,0.2784,0.456,0.0958,0.4266,0.3722,-0.2104,C,0.244,0.322-0.622,0.789,0.589,0.148
5099,394784,-20.31,16,93.8,0.6928,0.1622,0.7627,0.2432,0.3604,0.5945,0.6638,0.2377,-0.1578,C,0.2142,0.322-0.622,0.789,0.589,0.148
5100,394798,-7.56,14,100.0,0.7492,0.1446,0.9062,0.0984,0.3246,0.7147,0.6591,0.3153,-0.036,C,0.2479,0.322-0.622,0.789,0.589,0.148
5101,394811,-27.46,13,46.2,0.8714,0.0386,0.7964,0.233,0.3922,0.0241,0.1009,0.428,-0.2151,C,0.2193,0.322-0.622,0.789,0.589,0.148
5102,394825,-14.94,14,100.0,0.7501,0.1664,0.8597,0.1679,0.4294,0.1931,0.7634,0.3106,-0.0829,C,0.2131,0.322-0.622,0.789,0.589,0.148
5103,394839,-35.29,14,85.7,0.8519,0.0882,0.7594,0.3048,0.4258,0.0859,0.3565,0.3313,-0.2951,C,0.2457,0.322-0.622,0.789,0.589,0.148
5104,394853,-3.29,14,100.0,0.5163,0.2194,0.8593,0.1076,0.4154,1.24,0.9198,0.367,-0.0418,C,0.2321,0.322-0.622,0.789,0.589,0.148
5105,394868,-9.7,15,100.0,0.8157,0.1635,0.7877,0.2297,0.4232,0.3293,0.6911,0.3739,-0.1474,C,0.1999,0.322-0.622,0.789,0.589,0.148
5106,394883,-22.73,15,100.0,0.7339,0.1685,0.7413,0.3081,0.4269,0.3085,0.7578,0.4391,-0.2681,C,0.2489,0.322-0.622,0.789,0.589,0.148
5107,394897,-19.67,14,100.0,0.7911,0.1548,0.8702,0.2105,0.3614,0.3625,0.6728,0.4065,-0.219,C,0.236,0.322-0.622,0.789,0.589,0.148
5108,394912,-13.5,15,100.0,0.5429,0.2058,0.678,0.3083,0.4348,1.1253,0.908,0.3314,-0.233,C,0.2406,0.322-0.622,0.789,0.589,0.148
5109,394926,-11.16,14,92.9,0.944,0.0437,0.8709,0.1252,0.4457,0.0298,0.2208,0.3617,-0.0524,C,0.2342,0.322-0.622,0.789,0.589,0.148
5110,394939,-15.18,13,92.3,0.9011,0.0688,0.8653,0.1906,0.4171,0.0469,0.3032,0.355,-0.1468,C,0.224,0.322-0.622,0.789,0.589,0.148
5111,394954,7.97,15,100.0,0.4988,0.2204,0.8121,0.1962,0.4404,1.4028,0.893,0.3154,-0.1086,C,0.2121,0.322-0.622,0.789,0.589,0.148
5112,394967,-18.69,13,0.0,0.0,0.0,0.8528,0.125,0.4293,0.0,0.0,0.4593,-0.0464,C,0.2489,0.322-0.622,0.789,0.589,0.148
5113,395059,163.07,92,97.8,0.343,0.2073,0.4859,0.3922,0.8392,2.2515,0.8673,0.3832,-0.3242,C,0.2294,0.322-0.622,0.789,0.589,0.148
5114,395072,-25.61,13,15.4,1.269,0.0044,0.8858,0.1215,0.4126,0.0,0.0189,0.4437,-0.055,C,0.1988,0.322-0.622,0.789,0.589,0.148
5115,395156,138.31,84,97.6,0.3639,0.25,0.4405,0.4112,0.8912,1.93,0.9224,0.4417,-0.3387,C,0.2338,0.322-0.622,0.79,0.59,0.148
5116,395172,-29.21,16,87.5,0.7362,0.1604,0.6675,0.3033,0.4046,0.1605,0.6433,0.2818,-0.2534,C,0.2106,0.322-0.622,0.79,0.59,0.148
5117,395213,10.07,41,95.1,0.6213,0.2323,0.537,0.3533,0.7632,0.5779,0.8824,0.4254,-0.2611,C,0.2462,0.322-0.622,0.79,0.59,0.148
5118,395226,-17.11,13,0.0,0.0,0.0,0.9099,0.0814,0.4328,0.0,0.0,0.3488,-0.0154,C,0.1996,0.322-0.622,0.79,0.59,0.148
5119,395330,89.73,104,96.2,0.4121,0.2525,0.4368,0.4894,0.8916,1.6581,0.8852,0.4364,-0.4553,C,0.2396,0.322-0.622,0.79,0.59,0.148
5120,395346,1.39,16,100.0,0.6327,0.1964,0.7579,0.217,0.4361,0.8745,0.8532,0.3713,-0.0902,C,0.2417,0.322-0.622,0.79,0.59,0.148
5121,395360,5.69,14,100.0,0.4576,0.2196,0.8043,0.192,0.4033,1.6386,0.8759,0.3078,-0.1202,C,0.2037,0.322-0.622,0.79,0.59,0.148
5122,395377,-20.17,17,82.4,0.7155,0.1553,0.6878,0.3242,0.4517,0.204,0.5962,0.4564,-0.237,C,0.2215,0.322-0.622,0.79,0.59,0.148
5123,395392,-16.0,15,93.3,0.7192,0.1496,0.7374,0.2826,0.3766,0.2633,0.6264,0.3751,-0.2431,C,0.2186,0.322-0.622,0.79,0.59,0.148
5124,395406,-12.09,14,85.7,0.7772,0.1429,0.787,0.241,0.4326,0.1306,0.5761,0.3936,-0.2071,C,0.2005,0.322-0.622,0.79,0.59,0.148
5125,395474,25.05,68,97.1,0.5679,0.2457,0.4979,0.4189,0.8554,0.7888,0.8811,0.4443,-0.3458,C,0.2377,0.322-0.622,0.79,0.59,0.148
5126,395487,-4.44,13,100.0,0.9553,0.1089,0.8903,0.1398,0.4551,0.0871,0.5217,0.4288,-0.086,C,0.2392,0.322-0.622,0.79,0.59,0.148
5127,395500,-13.58,13,92.3,0.8461,0.0903,0.8352,0.2279,0.4101,0.0714,0.3933,0.4392,-0.1639,C,0.2162,0.322-0.622,0.79,0.59,0.148
5128,395591,102.33,91,98.9,0.4332,0.2492,0.4417,0.3961,0.8258,1.5106,0.9244,0.3232,-0.3124,C,0.2439,0.322-0.622,0.791,0.591,0.148
5129,395623,21.38,32,93.8,0.5171,0.2207,0.6036,0.2968,0.6579,1.0669,0.8744,0.3544,-0.1896,C,0.2209,0.322-0.622,0.791,0.591,0.148
5130,395636,-14.46,13,76.9,0.8955,0.0666,0.7746,0.1937,0.4234,0.0557,0.2468,0.3377,-0.1685,C,0.2455,0.322-0.622,0.791,0.591,0.148
5131,395653,-14.86,17,94.1,0.8735,0.0938,0.7077,0.2492,0.5444,0.0643,0.4115,0.4497,-0.1479,C,0.2045,0.322-0.622,0.791,0.591,0.148
5132,395674,-0.56,21,100.0,0.6311,0.2101,0.7305,0.2754,0.4828,0.6546,0.878,0.3397,-0.188,C,0.2107,0.322-0.622,0.791,0.591,0.148
5133,395732,-36.05,58,94.8,0.7447,0.12,0.5436,0.3962,0.7902,0.1647,0.529,0.2968,-0.3318,C,0.2433,0.322-0.622,0.791,0.591,0.148
5134,395745,-20.55,13,0.0,0.0,0.0,0.888,0.1224,0.4317,0.0,0.0,0.3268,-0.0398,C,0.2126,0.322-0.622,0.791,0.591,0.148
5135,395758,-17.5,13,0.0,0.0,0.0,0.9052,0.0978,0.4089,0.0,0.0,0.3389,-0.0192,C,0.2448,0.322-0.622,0.791,0.591,0.148
5136,395772,-1.55,14,100.0,0.6769,0.1942,0.8635,0.149,0.4541,0.7147,0.8182,0.3982,-0.0665,C,0.2354,0.322-0.622,0.791,0.591,0.148
5137,395790,-33.28,18,83.3,0.8766,0.0947,0.7598,0.2896,0.4009,0.0553,0.3872,0.2143,-0.2298,C,0.2102,0.322-0.622,0.791,0.591,0.148
5138,395807,-8.7,17,100.0,0.5883,0.2212,0.637,0.3539,0.4721,0.9444,0.8834,0.4917,-0.2779,C,0.2144,0.322-0.622,0.791,0.591,0.149
5139,395826,-28.7,19,78.9,0.6929,0.1845,0.6932,0.3831,0.3984,0.2848,0.6342,0.4556,-0.3619,C,0.2247,0.322-0.622,0.791,0.591,0.149
5140,395847,-13.65,21,100.0,0.6786,0.1859,0.6101,0.3804,0.4697,0.5131,0.8251,0.4741,-0.3068,C,0.2006,0.322-0.622,0.791,0.591,0.149
5141,395862,-16.52,15,100.0,0.7114,0.1776,0.7999,0.2218,0.4678,0.7435,0.7536,0.3516,-0.1427,C,0.2449,0.322-0.622,0.791,0.591,0.149
5142,395951,165.44,89,95.5,0.3365,0.2313,0.5037,0.3571,0.8746,2.054,0.8883,0.2476,-0.2763,C,0.2184,0.322-0.622,0.791,0.591,0.149
5143,395965,4.17,14,85.7,0.5663,0.212,0.859,0.1497,0.4261,0.747,0.7679,0.4137,-0.0608,C,0.2189,0.322-0.622,0.791,0.591,0.149
5144,395979,-33.51,14,78.6,0.9276,0.0398,0.7642,0.2958,0.4844,0.0297,0.171,0.3339,-0.2715,C,0.2044,0.322-0.622,0.791,0.591,0.149
5145,395994,-10.68,15,93.3,0.8502,0.1277,0.8543,0.1682,0.322,0.2815,0.5337,0.436,-0.1167,C,0.2475,0.322-0.622,0.791,0.591,0.149
5146,396007,-17.31,13,100.0,0.9427,0.0634,0.8618,0.1273,0.4177,0.0425,0.309,0.435,-0.068,C,0.229,0.322-0.622,0.791,0.591,0.149
5147,396063,101.25,56,98.2,0.3292,0.2421,0.4877,0.3689,0.7679,2.3403,0.8669,0.401,-0.2773,C,0.2484,0.322-0.622,0.792,0.592,0.149
5148,396077,-21.29,14,78.6,1.0427,0.0181,0.8165,0.2443,0.4176,0.0069,0.1218,0.2791,-0.1984,C,0.2497,0.322-0.622,0.792,0.592,0.149
5149,396091,-25.21,14,100.0,0.7968,0.1387,0.7865,0.278,0.4199,0.1478,0.6474,0.4119,-0.2697,C,0.2009,0.322-0.622,0.792,0.592,0.149
5150,396106,-11.83,15,93.3,0.7141,0.1683,0.8448,0.2004,0.3318,0.6757,0.6987,0.3091,-0.1646,C,0.2014,0.322-0.622,0.792,0.592,0.149
5151,396189,173.29,83,98.8,0.2794,0.2578,0.4862,0.4076,0.8417,2.6518,0.8582,0.4033,-0.3453,C,0.2193,0.322-0.622,0.792,0.592,0.149
5152,396203,-7.71,14,100.0,0.6355,0.1755,0.866,0.1748,0.4587,0.8789,0.7601,0.3334,-0.1261,C,0.2129,0.322-0.622,0.792,0.592,0.149
5153,396217,-33.31,14,0.0,0.0,0.0,0.8421,0.2371,0.4321,0.0,0.0,0.2528,-0.2163,C,0.2008,0.322-0.622,0.792,0.592,0.149
5154,396237,4.52,20,100.0,0.5647,0.2132,0.706,0.2694,0.573,0.9765,0.9179,0.3467,-0.1561,C,0.241,0.322-0.622,0.792,0.592,0.149
5155,396252,-7.62,15,100.0,0.6632,0.1771,0.8304,0.1771,0.4738,0.6728,0.7615,0.321,-0.1165,C,0.2276,0.322-0.622,0.792,0.592,0.149
5156,396356,108.69,104,99.0,0.4221,0.2618,0.4336,0.4532,0.9119,1.5389,0.8683,0.329,-0.3782,C,0.2363,0.322-0.622,0.792,0.592,0.149
5157,396372,-14.6,16,81.2,0.8553,0.0874,0.784,0.2675,0.4494,0.0568,0.3334,0.2829,-0.1557,C,0.2431,0.322-0.622,0.792,0.592,0.149
5158,396386,-22.03,14,100.0,0.728,0.1545,0.7513,0.2508,0.3962,0.5555,0.6861,0.367,-0.185,C,0.2138,0.322-0.622,0.792,0.592,0.149
5159,396399,-18.07,13,100.0,0.9487,0.117,0.8659,0.1224,0.4172,0.1643,0.5527,0.4012,-0.0623,C,0.2329,0.322-0.622,0.792,0.592,0.149
5160,396424,17.94,25,96.0,0.4235,0.2366,0.6543,0.3157,0.5663,1.6601,0.8994,0.3655,-0.2284,C,0.2401,0.322-0.622,0.792,0.592,0.149
5161,396438,1.23,14,100.0,0.5152,0.2224,0.8323,0.1725,0.4054,1.1792,0.947,0.4204,-0.0871,C,0.2288,0.322-0.622,0.792,0.592,0.149
5162,396555,298.02,117,99.1,0.266,0.2354,0.4918,0.3651,0.8884,2.6486,0.9165,0.3861,-0.2874,C,0.2436,0.322-0.622,0.793,0.593,0.149
5163,396589,14.6,34,97.1,0.532,0.2333,0.4982,0.2917,0.7245,0.9304,0.9015,0.2698,-0.1938,C,0.2029,0.322-0.622,0.793,0.593,0.149
5164,396604,-19.85,15,100.0,0.778,0.1499,0.7406,0.2484,0.4204,0.1576,0.7046,0.3023,-0.1725,C,0.2266,0.322-0.622,0.793,0.593,0.149
5165,396666,35.37,62,93.5,0.3714,0.2106,0.5143,0.4808,0.7654,1.9474,0.8493,0.3361,-0.4661,C,0.2188,0.322-0.622,0.793,0.593,0.149
5166,396680,-16.11,14,92.9,0.9689,0.0762,0.8357,0.1755,0.4178,0.0254,0.3329,0.3745,-0.0815,C,0.2305,0.322-0.622,0.793,0.593,0.149
5167,396694,-3.52,14,100.0,0.9017,0.1187,0.8496,0.1451,0.4351,0.0623,0.5523,0.3155,-0.0614,C,0.2179,0.322-0.622,0.793,0.593,0.149
5168,396708,-27.54,14,71.4,0.7797,0.1113,0.7549,0.2814,0.4136,0.1564,0.3799,0.3532,-0.2325,C,0.2472,0.322-0.622,0.793,0.593,0.149
5169,396722,-19.82,14,92.9,0.8532,0.075,0.849,0.1716,0.3772,0.0653,0.3565,0.3584,-0.1312,C,0.2295,0.322-0.622,0.793,0.593,0.149
5170,396736,-4.06,14,100.0,0.8874,0.1099,0.8799,0.1185,0.4459,0.0561,0.5121,0.3459,-0.0601,C,0.2189,0.322-0.622,0.793,0.593,0.149
5171,396750,-0.74,14,100.0,0.9184,0.1229,0.8637,0.1262,0.4394,0.0827,0.5791,0.4402,-0.046,C,0.2162,0.322-0.622,0.793,0.593,0.149
5172,396764,-7.51,14,78.6,0.9022,0.0888,0.8111,0.1643,0.4123,0.0384,0.3266,0.3828,-0.075,C,0.2075,0.322-0.622,0.793,0.593,0.149
5173,396779,-22.89,15,100.0,0.6627,0.1919,0.7273,0.2948,0.3564,0.8079,0.8304,0.3335,-0.2231,C,0.2021,0.322-0.622,0.793,0.593,0.149
5174,396793,-14.48,14,100.0,0.6847,0.1756,0.779,0.2485,0.3777,0.8347,0.7326,0.4742,-0.2204,C,0.2296,0.322-0.622,0.793,0.593,0.149
5175,396808,-5.69,15,100.0,0.6682,0.1908,0.774,0.2182,0.4125,0.4837,0.8509,0.4034,-0.1474,C,0.2388,0.322-0.622,0.793,0.593,0.149
5176,396821,-30.54,13,15.4,1.308,0.0034,0.888,0.1158,0.437,0.0,0.0186,0.3921,-0.0532,C,0.2397,0.322-0.622,0.793,0.593,0.149
5177,396836,-22.06,15,86.7,0.7613,0.1644,0.8501,0.2238,0.3536,0.1936,0.645,0.3737,-0.1909,C,0.2273,0.322-0.622,0.793,0.593,0.149
5178,396888,24.94,52,96.2,0.3957,0.2147,0.5283,0.4271,0.6823,1.9906,0.8263,0.2469,-0.3682,C,0.2135,0.322-0.622,0.793,0.593,0.149
5179,396902,-12.04,14,92.9,0.8422,0.0823,0.799,0.1378,0.4594,0.0665,0.367,0.3084,-0.0386,C,0.2211,0.322-0.622,0.793,0.593,0.149
5180,396917,-27.27,15,100.0,0.7285,0.1773,0.7563,0.313,0.4588,0.3541,0.8052,0.3465,-0.3292,C,0.221,0.322-0.622,0.793,0.593,0.149
5181,396933,-28.15,16,87.5,0.6705,0.1801,0.8247,0.339,0.3151,0.7746,0.6938,0.3204,-0.3852,C,0.2037,0.322-0.622,0.793,0.593,0.149
5182,396947,-8.92,14,100.0,0.6541,0.2197,0.802,0.1663,0.458,0.6098,0.9314,0.3986,-0.095,C,0.2129,0.322-0.622,0.793,0.593,0.149
5183,396960,-2.46,13,84.6,0.8277,0.123,0.867,0.0937,0.4333,0.0743,0.4873,0.3776,-0.0307,C,0.2351,0.322-0.622,0.793,0.593,0.149
5184,396998,0.44,38,94.7,0.4407,0.2208,0.5243,0.4145,0.6619,1.6287,0.8763,0.2967,-0.3918,C,0.2035,0.322-0.622,0.794,0.594,0.149
5185,397013,-13.35,15,93.3,0.6039,0.2043,0.7069,0.3229,0.3996,0.65,0.822,0.327,-0.2521,C,0.2108,0.322-0.622,0.794,0.594,0.149
5186,397027,-16.62,14,100.0,0.7199,0.1528,0.7997,0.2587,0.4237,0.2532,0.7128,0.3761,-0.1752,C,0.248,0.322-0.622,0.794,0.594,0.149
5187,397040,-4.36,13,100.0,0.9757,0.0378,0.8949,0.105,0.4103,0.023,0.2109,0.4136,-0.0492,C,0.2123,0.322-0.622,0.794,0.594,0.149
5188,397230,104.02,190,95.3,0.362,0.1232,0.4373,0.4372,0.8549,2.2483,0.5249,0.1352,-0.3761,C,0.2398,0.322-0.622,0.794,0.594,0.149
5189,397244,-20.79,14,92.9,1.0186,0.0293,0.8403,0.1614,0.4,0.0104,0.1738,0.4323,-0.0924,C,0.2017,0.322-0.622,0.794,0.594,0.149
5190,397259,-5.71,15,86.7,0.7497,0.168,0.8048,0.166,0.4926,0.1528,0.6688,0.3479,-0.0833,C,0.2234,0.322-0.622,0.794,0.594,0.149
5191,397281,-22.47,22,81.8,0.8414,0.1056,0.6535,0.2756,0.533,0.0819,0.4042,0.33,-0.1853,C,0.2227,0.322-0.622,0.794,0.594,0.149
5192,397294,-20.49,13,69.2,1.0239,0.0092,0.8591,0.1543,0.457,0.0085,0.0926,0.3022,-0.0665,C,0.2467,0.322-0.622,0.794,0.594,0.149
5193,397312,-11.19,18,83.3,0.5928,0.2092,0.7104,0.2613,0.4108,0.6184,0.7463,0.4026,-0.1829,C,0.224,0.322-0.622,0.794,0.594,0.149
5194,397327,-40.17,15,0.0,0.0,0.0,0.7492,0.3058,0.3706,0.0,0.0,0.4256,-0.265,C,0.241,0.322-0.622,0.794,0.594,0.149
5195,397342,-17.31,15,100.0,0.5726,0.215,0.8229,0.2389,0.4259,0.8642,0.9024,0.3136,-0.2041,C,0.2217,0.322-0.622,0.794,0.594,0.149
5196,397356,-12.48,14,100.0,0.5965,0.2078,0.7946,0.1994,0.3901,0.8349,0.8959,0.3283,-0.1315,C,0.2425,0.322-0.622,0.794,0.594,0.149
5197,397369,-20.98,13,69.2,1.0818,0.0156,0.9065,0.0976,0.4403,0.0044,0.1036,0.3334,-0.0242,C,0.2181,0.322-0.622,0.794,0.594,0.149
5198,397385,-26.15,16,100.0,0.7138,0.1696,0.6926,0.3346,0.46,0.4662,0.7428,0.4696,-0.3226,C,0.24,0.322-0.622,0.794,0.594,0.149
5199,397401,-6.4,16,100.0,0.5725,0.2192,0.801,0.1774,0.431,0.8028,0.9178,0.3311,-0.0927,C,0.2273,0.322-0.622,0.794,0.594,0.149
5200,397415,2.74,14,100.0,0.6646,0.2092,0.8647,0.1375,0.4465,0.4941,0.8672,0.3031,-0.0533,C,0.2295,0.322-0.622,0.794,0.594,0.149
5201,397428,-0.38,13,100.0,0.775,0.1321,0.8836,0.1018,0.4451,0.1626,0.6236,0.4276,-0.0372,C,0.2029,0.322-0.622,0.794,0.594,0.149
5202,397444,-14.07,16,87.5,0.6855,0.1639,0.7936,0.2354,0.3715,0.5056,0.6349,0.4503,-0.1609,C,0.2245,0.322-0.622,0.795,0.595,0.149
5203,397459,-10.51,15,100.0,0.5684,0.1993,0.7361,0.3045,0.4168,1.0282,0.8519,0.4397,-0.252,C,0.2386,0.322-0.622,0.795,0.595,0.149
5204,397473,-10.62,14,92.9,0.6779,0.1847,0.8635,0.1495,0.4478,0.3398,0.7823,0.4517,-0.0677,C,0.2326,0.322-0.622,0.795,0.595,0.149
5205,397488,-16.17,15,93.3,0.7222,0.1646,0.8242,0.1846,0.3801,0.2614,0.685,0.3392,-0.129,C,0.2224,0.322-0.622,0.795,0.595,0.149
5206,397502,0.27,14,85.7,0.6601,0.1715,0.9225,0.0799,0.2939,0.5169,0.6509,0.4557,-0.0166,C,0.2394,0.322-0.622,0.795,0.595,0.149
5207,397615,218.91,113,95.6,0.316,0.2318,0.4699,0.389,0.8683,2.3138,0.888,0.3657,-0.3221,C,0.2224,0.322-0.622,0.795,0.595,0.149
5208,397629,-7.68,14,100.0,0.7303,0.1641,0.8356,0.2061,0.3672,0.4787,0.7316,0.4675,-0.1526,C,0.2022,0.322-0.622,0.795,0.595,0.149
5209,397643,-23.14,14,100.0,0.8562,0.1397,0.7618,0.3008,0.41,0.1375,0.6508,0.2942,-0.2841,C,0.2477,0.322-0.622,0.795,0.595,0.149
5210,397658,-14.14,15,86.7,0.8167,0.1208,0.8213,0.165,0.4227,0.0831,0.4901,0.3879,-0.0737,C,0.2355,0.322-0.622,0.795,0.595,0.149
5211,397673,-30.51,15,93.3,0.7343,0.1639,0.7305,0.3197,0.3956,0.284,0.7106,0.2603,-0.2854,C,0.242,0.322-0.622,0.795,0.595,0.149
5212,397755,171.25,82,100.0,0.3097,0.2308,0.4951,0.3472,0.8113,2.463,0.9084,0.3936,-0.2609,C,0.2473,0.322-0.622,0.795,0.595,0.149
5213,397770,-13.87,15,80.0,0.7187,0.1537,0.9043,0.117,0.2963,0.2787,0.5503,0.4742,-0.0431,C,0.2098,0.322-0.622,0.795,0.595,0.149
5214,397945,390.61,175,98.9,0.2762,0.2253,0.3829,0.4408,0.9333,2.5508,0.9161,0.4017,-0.3676,C,0.2064,0.322-0.622,0.796,0.596,0.149
5215,397960,-8.1,15,93.3,0.7234,0.1625,0.8518,0.1936,0.3966,0.2562,0.6708,0.4415,-0.1163,C,0.21,0.322-0.622,0.796,0.596,0.149
5216,397975,-2.9,15,100.0,0.6545,0.2018,0.8121,0.2015,0.4553,0.8465,0.8481,0.4013,-0.0975,C,0.2493,0.322-0.622,0.796,0.596,0.149
5217,397990,-15.19,15,80.0,0.8829,0.076,0.8942,0.1328,0.3466,0.0326,0.3042,0.4694,-0.1104,C,0.1999,0.322-0.622,0.796,0.596,0.149
5218,398005,-3.79,15,93.3,0.6754,0.178,0.7468,0.1861,0.3515,0.6822,0.7404,0.2474,-0.0865,C,0.2153,0.322-0.622,0.796,0.596,0.149
5219,398020,-15.79,15,86.7,0.8422,0.0944,0.7225,0.2785,0.4186,0.0724,0.3902,0.492,-0.2159,C,0.2016,0.322-0.622,0.796,0.596,0.149
5220,398041,-0.29,21,95.2,0.5626,0.2091,0.7163,0.2449,0.5586,0.7427,0.8394,0.3464,-0.1441,C,0.2004,0.322-0.622,0.796,0.596,0.149
5221,398079,1.48,38,97.4,0.5019,0.2255,0.6297,0.3886,0.6599,1.2959,0.8539,0.3041,-0.3258,C,0.213,0.322-0.622,0.796,0.596,0.149
5222,398094,-22.91,15,100.0,0.7255,0.1586,0.7827,0.2706,0.3882,0.4354,0.716,0.3488,-0.2039,C,0.2065,0.322-0.622,0.796,0.596,0.149
5223,398122,14.94,28,89.3,0.4536,0.2288,0.6823,0.3462,0.5867,1.4906,0.8121,0.4654,-0.2961,C,0.2188,0.322-0.622,0.796,0.596,0.149
5224,398136,-15.66,14,100.0,0.7988,0.1532,0.8664,0.1654,0.4381,0.2232,0.7056,0.4247,-0.0876,C,0.2187,0.322-0.622,0.796,0.596,0.149
5225,398235,7.67,99,98.0,0.5404,0.2312,0.4521,0.4476,0.8711,0.8525,0.9319,0.2747,-0.3905,C,0.249,0.322-0.622,0.796,0.596,0.149
5226,398251,-7.6,16,81.2,0.6818,0.1749,0.8333,0.1894,0.337,0.3658,0.6266,0.3832,-0.1204,C,0.2367,0.322-0.622,0.796,0.596,0.149
5227,398266,-15.44,15,80.0,0.7857,0.1434,0.869,0.1463,0.3053,0.107,0.5105,0.4867,-0.0857,C,0.2056,0.322-0.622,0.796,0.596,0.149
5228,398313,22.54,47,100.0,0.3824,0.2019,0.5542,0.4271,0.6104,2.1664,0.893,0.3784,-0.3981,C,0.2216,0.322-0.622,0.796,0.596,0.149
5229,398327,-4.91,14,92.9,0.689,0.1573,0.8473,0.1041,0.3511,0.3415,0.6652,0.2613,-0.0369,C,0.2045,0.322-0.622,0.796,0.596,0.149
5230,398341,-18.81,14,100.0,0.6235,0.1595,0.7486,0.3269,0.4336,0.9355,0.7001,0.3357,-0.282,C,0.2211,0.322-0.622,0.796,0.596,0.149
5231,398355,-36.46,14,0.0,0.0,0.0,0.8091,0.1723,0.384,0.0,0.0,0.3527,-0.0993,C,0.2187,0.322-0.622,0.796,0.596,0.149
5232,398424,-4.34,69,94.2,0.7062,0.1241,0.5226,0.3179,0.8267,0.2213,0.5454,0.3203,-0.2303,C,0.2344,0.322-0.622,0.797,0.597,0.149
5233,398487,29.32,63,100.0,0.3646,0.211,0.5118,0.4657,0.7738,2.1044,0.9027,0.2673,-0.4468,C,0.2418,0.322-0.622,0.797,0.597,0.149
5234,398517,-13.23,30,93.3,0.5838,0.224,0.6503,0.381,0.5992,0.5797,0.8683,0.4046,-0.3377,C,0.2016,0.322-0.622,0.797,0.597,0.149
5235,398533,11.86,16,100.0,0.4624,0.2343,0.7852,0.2167,0.4716,1.4376,0.9089,0.3893,-0.0863,C,0.2198,0.322-0.622,0.797,0.597,0.149
5236,398547,-21.18,14,100.0,0.7041,0.1569,0.7008,0.2647,0.4236,0.2677,0.7184,0.3611,-0.186,C,0.2042,0.322-0.622,0.797,0.597,0.149
5237,398636,76.78,89,97.8,0.5019,0.2133,0.5161,0.3798,0.8324,1.1327,0.885,0.4248,-0.3004,C,0.2171,0.322-0.622,0.797,0.597,0.15
5238,398649,-24.49,13,100.0,0.8188,0.1184,0.8771,0.1441,0.4014,0.0996,0.5537,0.3946,-0.1096,C,0.238,0.322-0.622,0.797,0.597,0.15
5239,398729,162.37,80,96.2,0.2676,0.1958,0.4955,0.3603,0.8711,2.5445,0.8206,0.276,-0.2849,C,0.2425,0.322-0.622,0.797,0.597,0.15
5240,398743,-19.59,14,100.0,0.5689,0.2314,0.7316,0.2558,0.407,0.9481,0.9475,0.3505,-0.1992,C,0.2338,0.322-0.622,0.797,0.597,0.15
5241,398760,-15.56,17,82.4,1.0274,0.0635,0.7483,0.2396,0.5044,0.0072,0.2522,0.3279,-0.1602,C,0.2233,0.322-0.622,0.797,0.597,0.15
5242,398774,-23.23,14,100.0,0.9371,0.0674,0.766,0.2025,0.4036,0.0479,0.3383,0.3338,-0.1339,C,0.2153,0.322-0.622,0.797,0.597,0.15
5243,398787,-8.94,13,100.0,0.6298,0.2252,0.8845,0.0954,0.4128,0.7217,0.8729,0.3034,-0.0222,C,0.2412,0.322-0.622,0.797,0.597,0.15
5244,398801,-25.92,14,0.0,0.0,0.0,0.7938,0.2043,0.381,0.0,0.0,0.4172,-0.1205,C,0.2422,0.322-0.622,0.797,0.597,0.15
5245,398815,-20.07,14,0.0,0.0,0.0,0.8891,0.0987,0.3828,0.0,0.0,0.3453,-0.0395,C,0.2075,0.322-0.622,0.797,0.597,0.15
5246,398831,-13.76,16,81.2,0.6889,0.1514,0.7505,0.2355,0.404,0.2258,0.5542,0.4082,-0.1807,C,0.2396,0.322-0.622,0.797,0.597,0.15
5247,398946,152.21,115,98.3,0.4454,0.2464,0.4445,0.3911,0.8919,1.3379,0.9683,0.4013,-0.305,C,0.2168,0.322-0.622,0.798,0.598,0.15
5248,399061,185.35,115,97.4,0.3422,0.2408,0.4389,0.3958,0.8354,2.0654,0.9137,0.3561,-0.3309,C,0.2312,0.322-0.622,0.798,0.598,0.15
5249,399218,277.67,157,98.1,0.3869,0.2366,0.3767,0.3905,0.9189,1.8421,0.8732,0.3713,-0.297,C,0.2117,0.322-0.622,0.798,0.598,0.15
5250,399233,-11.58,15,93.3,0.4694,0.2358,0.7023,0.2795,0.4074,1.4162,0.85,0.4754,-0.1942,C,0.2472,0.322-0.622,0.798,0.598,0.15
5251,399248,-5.02,15,86.7,0.5615,0.2248,0.7942,0.2383,0.3965,0.8424,0.8021,0.3252,-0.1675,C,0.2218,0.322-0.622,0.798,0.598,0.15
5252,399289,41.55,41,100.0,0.4903,0.2406,0.6,0.2861,0.7321,1.1111,0.9198,0.3441,-0.1748,C,0.2209,0.322-0.622,0.798,0.598,0.15
5253,399303,-34.2,14,0.0,0.0,0.0,0.8232,0.1585,0.3724,0.0,0.0,0.2214,-0.0929,C,0.2028,0.322-0.622,0.798,0.598,0.15
5254,399336,11.89,33,100.0,0.469,0.238,0.5689,0.3725,0.6677,1.4468,0.9427,0.4254,-0.3098,C,0.2486,0.322-0.622,0.799,0.599,0.15
5255,399366,-9.44,30,90.0,0.5539,0.2168,0.5648,0.3769,0.5479,0.7701,0.8291,0.3539,-0.3071,C,0.211,0.322-0.622,0.799,0.599,0.15
5256,399379,-30.62,13,0.0,0.0,0.0,0.9095,0.0945,0.4351,0.0,0.0,0.3766,-0.0263,C,0.2211,0.322-0.622,0.799,0.599,0.15
5257,399483,60.06,104,96.2,0.4275,0.2122,0.4409,0.4636,0.8638,1.4678,0.8985,0.4143,-0.4331,C,0.2193,0.322-0.622,0.799,0.599,0.15
5258,399496,-2.69,13,92.3,0.808,0.1442,0.8374,0.155,0.4525,0.1086,0.6277,0.3376,-0.0664,C,0.2012,0.322-0.622,0.799,0.599,0.15
5259,399521,8.53,25,88.0,0.5208,0.2312,0.6368,0.2893,0.5801,1.1311,0.7873,0.367,-0.2116,C,0.2164,0.322-0.622,0.799,0.599,0.15
5260,399534,-16.73,13,0.0,0.0,0.0,0.9501,0.0414,0.4252,0.0,0.0,0.3122,-0.0065,C,0.2109,0.322-0.622,0.799,0.599,0.15
5261,399547,-18.9,13,0.0,0.0,0.0,0.9052,0.1233,0.4226,0.0,0.0,0.3688,-0.0471,C,0.2043,0.322-0.622,0.799,0.599,0.15
5262,399670,172.58,123,98.4,0.3653,0.2391,0.3807,0.4391,0.8567,2.0258,0.8724,0.3744,-0.3706,C,0.2003,0.322-0.622,0.799,0.599,0.15
5263,399686,-18.82,16,81.2,1.003,0.0535,0.7498,0.2458,0.4718,0.0086,0.2237,0.3219,-0.1401,C,0.2464,0.322-0.622,0.799,0.599,0.15
5264,399714,-7.15,28,92.9,0.5979,0.1943,0.6491,0.3166,0.6023,0.6391,0.7994,0.449,-0.2252,C,0.2245,0.322-0.622,0.799,0.599,0.15
5265,399728,-1.44,14,100.0,0.823,0.1325,0.8166,0.1386,0.4324,0.099,0.6265,0.359,-0.0568,C,0.213,0.322-0.622,0.799,0.599,0.15
5266,399741,-22.76,13,0.0,0.0,0.0,0.9358,0.1105,0.4006,0.0,0.0,0.3119,-0.0924,C,0.2108,0.322-0.622,0.799,0.599,0.15
5267,399758,9.82,17,100.0,0.4486,0.2293,0.8027,0.2176,0.508,1.4789,0.9459,0.4112,-0.1361,C,0.2035,0.322-0.622,0.799,0.599,0.15
5268,399771,-28.55,13,0.0,0.0,0.0,0.8475,0.2165,0.4421,0.0,0.0,0.4323,-0.1863,C,0.2409,0.322-0.622,0.8,0.6,0.15
5269,399786,-8.94,15,100.0,0.7457,0.1701,0.7934,0.2171,0.3912,0.7279,0.7189,0.404,-0.1433,C,0.2207,0.322-0.622,0.8,0.6,0.15
5270,399824,34.3,38,94.7,0.4222,0.2452,0.6067,0.3576,0.6845,1.5058,0.9001,0.393,-0.2757,C,0.2101,0.322-0.622,0.8,0.6,0.15
5271,399839,-26.56,15,100.0,0.7279,0.162,0.7195,0.2833,0.3975,0.2995,0.7255,0.4191,-0.2658,C,0.216,0.322-0.622,0.8,0.6,0.15
5272,399854,-8.64,15,93.3,0.6364,0.1936,0.8329,0.156,0.4042,0.498,0.7946,0.2857,-0.0792,C,0.2002,0.322-0.622,0.8,0.6,0.15
5273,399868,-21.43,14,0.0,0.0,0.0,0.8762,0.1499,0.3787,0.0,0.0,0.4137,-0.0563,C,0.2185,0.322-0.622,0.8,0.6,0.15
5274,399882,2.47,14,100.0,0.5278,0.23,0.8616,0.1525,0.4278,1.1543,0.9166,0.3962,-0.0953,C,0.2391,0.322-0.622,0.8,0.6,0.15
5275,399895,-18.33,13,0.0,0.0,0.0,0.8905,0.1175,0.4408,0.0,0.0,0.4099,-0.0492,C,0.2174,0.322-0.622,0.8,0.6,0.15
5276,399908,-5.95,13,100.0,1.0457,0.0623,0.8676,0.1262,0.4659,0.0236,0.3091,0.3125,-0.0653,C,0.248,0.322-0.622,0.8,0.6,0.15
5277,399924,-8.32,16,87.5,0.5648,0.2081,0.8091,0.1647,0.3462,1.0438,0.7665,0.3889,-0.0667,C,0.2005,0.322-0.622,0.8,0.6,0.15
5278,399939,-12.15,15,93.3,0.6916,0.1881,0.8193,0.1613,0.4264,0.3052,0.778,0.3209,-0.0794,C,0.2251,0.322-0.622,0.8,0.6,0.15
5279,399956,2.13,17,88.2,0.5213,0.2311,0.7479,0.245,0.4936,0.9053,0.7755,0.3898,-0.1801,C,0.2271,0.322-0.622,0.8,0.6,0.15
5280,399970,-6.15,14,100.0,0.7891,0.1742,0.8634,0.1556,0.4639,0.2809,0.7667,0.3478,-0.0898,C,0.2418,0.322-0.622,0.8,0.6,0.15
5281,399985,-14.51,15,86.7,0.6704,0.1626,0.8752,0.1541,0.3348,0.6862,0.6208,0.4752,-0.0933,C,0.2334,0.322-0.622,0.8,0.6,0.15
5282,399998,-12.64,13,92.3,0.7954,0.1111,0.9034,0.1022,0.4057,0.1139,0.4809,0.2627,-0.0393,C,0.2113,0.322-0.622,0.8,0.6,0.15
