episode,timestep,reward,steps,visibility_pct,mean_centering_dist,mean_fraction,mean_action_mag,mean_action_jerk,r_stability,r_centering,r_scale,r_vel_damp,r_smooth,phase,target_speed,target_offset,init_pos,init_vel,init_ang
1,112,-109.08,112,31.2,0.75,0.1114,0.5092,0.6638,0.5688,0.2117,0.1668,0.2158,-0.7859,A,0.053,0.2,0.2,0.1,0.03
2,242,-98.89,130,60.8,1.0218,0.0864,0.5038,0.6742,0.4695,0.0127,0.2593,0.1469,-0.8123,A,0.0894,0.201,0.2,0.1,0.03
3,300,-28.07,58,69.0,0.8436,0.1201,0.5066,0.6986,0.4736,0.0493,0.3891,0.2822,-0.8321,A,0.0631,0.201,0.2,0.1,0.03
4,366,21.47,66,75.8,0.5869,0.2016,0.5093,0.6856,0.5774,0.642,0.6373,0.2745,-0.8478,A,0.0681,0.201,0.2,0.1,0.03
5,455,-72.47,89,36.0,0.7454,0.1768,0.4911,0.6665,0.3617,0.0845,0.2702,0.218,-0.7854,A,0.0668,0.201,0.201,0.1,0.03
6,548,-129.92,93,0.0,0.0,0.0,0.5032,0.6744,0.5743,0.0,0.0,0.2401,-0.8168,A,0.0822,0.201,0.201,0.1,0.03
7,599,-47.67,51,45.1,1.0816,0.0502,0.5138,0.6538,0.426,0.005,0.1198,0.2834,-0.7642,A,0.0907,0.201,0.201,0.1,0.03
8,663,-89.99,64,0.0,0.0,0.0,0.4831,0.6707,0.5079,0.0,0.0,0.2737,-0.7774,A,0.099,0.202,0.201,0.1,0.03
9,722,-77.21,59,0.0,0.0,0.0,0.4855,0.5896,0.4419,0.0,0.0,0.2796,-0.6397,A,0.0623,0.202,0.201,0.1,0.03
10,839,-173.75,117,0.0,0.0,0.0,0.5226,0.7428,0.6306,0.0,0.0,0.2469,-0.9618,A,0.0699,0.202,0.201,0.101,0.03
11,932,-103.34,93,34.4,0.9793,0.0468,0.4969,0.6328,0.3528,0.009,0.0851,0.1706,-0.7401,A,0.0869,0.202,0.201,0.101,0.03
12,1001,-39.57,69,55.1,0.8868,0.1363,0.491,0.6405,0.4651,0.0474,0.3468,0.232,-0.7643,A,0.0625,0.203,0.201,0.101,0.03
13,1060,-59.29,59,28.8,1.0345,0.0255,0.4735,0.6317,0.5244,0.0036,0.0506,0.3051,-0.7062,A,0.0604,0.203,0.201,0.101,0.03
14,1191,-215.16,131,0.0,0.0,0.0,0.504,0.6711,0.2815,0.0,0.0,0.1007,-0.8075,A,0.0666,0.203,0.201,0.101,0.03
15,1280,-47.83,89,43.8,0.7095,0.1886,0.4645,0.6487,0.3908,0.2102,0.3478,0.1954,-0.7313,A,0.0942,0.203,0.202,0.101,0.03
16,1385,-91.53,105,42.9,0.6028,0.1002,0.5117,0.653,0.487,0.3898,0.2003,0.2179,-0.763,A,0.0527,0.203,0.202,0.101,0.03
17,1463,-41.2,78,52.6,0.9032,0.1155,0.4978,0.6421,0.5475,0.0217,0.2854,0.271,-0.7556,A,0.0729,0.204,0.202,0.101,0.03
18,1516,-26.76,53,43.4,0.6017,0.2043,0.5202,0.7261,0.3767,0.4792,0.3063,0.2698,-0.907,A,0.0633,0.204,0.202,0.101,0.03
19,1585,-92.24,69,20.3,1.0403,0.0412,0.4905,0.6719,0.3042,0.0015,0.0454,0.1754,-0.7688,A,0.0697,0.204,0.202,0.101,0.03
20,1667,-76.22,82,45.1,1.0488,0.0389,0.504,0.6725,0.4856,0.009,0.101,0.2286,-0.8174,A,0.0963,0.204,0.202,0.101,0.03
21,1722,-74.13,55,0.0,0.0,0.0,0.4551,0.6718,0.5472,0.0,0.0,0.3332,-0.7728,A,0.0652,0.204,0.202,0.101,0.03
22,1833,66.91,111,65.8,0.595,0.2004,0.4933,0.6737,0.676,0.6106,0.5526,0.3703,-0.803,A,0.0959,0.205,0.202,0.101,0.03
23,1921,-83.1,88,39.8,0.9968,0.0914,0.5213,0.704,0.5006,0.008,0.1735,0.2632,-0.8721,A,0.0541,0.205,0.202,0.101,0.03
24,2024,-101.76,103,29.1,1.0869,0.0416,0.5014,0.6691,0.6055,0.001,0.0651,0.2453,-0.7947,A,0.0698,0.205,0.203,0.101,0.031
25,2113,-132.39,89,6.7,1.3282,0.0037,0.4888,0.6735,0.3601,0.0,0.0082,0.1856,-0.8083,A,0.0886,0.205,0.203,0.101,0.031
26,2210,-140.28,97,0.0,0.0,0.0,0.5007,0.6417,0.3547,0.0,0.0,0.1953,-0.7157,A,0.0862,0.206,0.203,0.101,0.031
27,2322,-165.33,112,0.0,0.0,0.0,0.4961,0.6843,0.5132,0.0,0.0,0.1948,-0.8383,A,0.0864,0.206,0.203,0.101,0.031
28,2497,-244.83,175,0.0,0.0,0.0,0.5023,0.6606,0.6443,0.0,0.0,0.1298,-0.7938,A,0.0591,0.206,0.203,0.102,0.031
29,2587,-92.24,90,58.9,0.7008,0.0676,0.5184,0.6924,0.3088,0.3572,0.189,0.1919,-0.8722,A,0.0741,0.206,0.203,0.102,0.031
30,2650,-90.46,63,0.0,0.0,0.0,0.4806,0.7005,0.4888,0.0,0.0,0.2998,-0.8212,A,0.0531,0.207,0.203,0.102,0.031
31,2723,-72.29,73,24.7,0.8559,0.0594,0.4899,0.6571,0.6084,0.0589,0.0724,0.3334,-0.7493,A,0.0591,0.207,0.203,0.102,0.031
32,2781,-37.49,58,58.6,1.1496,0.0271,0.4866,0.6457,0.535,0.0035,0.1074,0.3249,-0.7423,A,0.0754,0.207,0.203,0.102,0.031
33,2869,-62.79,88,67.0,0.7696,0.0577,0.5229,0.6354,0.3937,0.4582,0.1888,0.1738,-0.7417,A,0.0955,0.207,0.204,0.102,0.031
34,2991,73.45,122,68.0,0.5383,0.2167,0.4824,0.6581,0.6147,0.7172,0.5001,0.3015,-0.7547,A,0.0785,0.207,0.204,0.102,0.031
35,3080,-77.25,89,32.6,0.8558,0.1128,0.4954,0.6529,0.5704,0.0468,0.1763,0.3256,-0.7692,A,0.0813,0.208,0.204,0.102,0.031
36,3149,-94.28,69,0.0,0.0,0.0,0.4782,0.6782,0.5612,0.0,0.0,0.2998,-0.8019,A,0.0968,0.208,0.204,0.102,0.031
37,3294,-210.3,145,0.0,0.0,0.0,0.4996,0.6309,0.4592,0.0,0.0,0.1133,-0.7242,A,0.0682,0.208,0.204,0.102,0.031
38,3368,-102.66,74,0.0,0.0,0.0,0.5007,0.6658,0.5119,0.0,0.0,0.2994,-0.8075,A,0.0862,0.208,0.204,0.102,0.031
39,3428,-86.28,60,0.0,0.0,0.0,0.5149,0.7003,0.4945,0.0,0.0,0.3266,-0.8452,A,0.0622,0.209,0.204,0.102,0.031
40,3577,-19.39,149,57.7,0.6649,0.1685,0.4773,0.6212,0.5723,0.2978,0.4393,0.1556,-0.7041,A,0.0794,0.209,0.204,0.102,0.031
41,3654,-115.68,77,5.2,1.3264,0.0042,0.5224,0.6987,0.4522,0.0,0.0064,0.223,-0.8798,A,0.0904,0.209,0.205,0.102,0.031
42,3705,-73.85,51,0.0,0.0,0.0,0.4941,0.6827,0.4541,0.0,0.0,0.3104,-0.7894,A,0.0977,0.209,0.205,0.102,0.031
43,3828,13.65,123,72.4,0.7647,0.1954,0.5048,0.6186,0.5946,0.2273,0.6098,0.2288,-0.7216,A,0.0736,0.21,0.205,0.102,0.031
44,3908,-83.62,80,38.8,0.8885,0.0623,0.4956,0.6958,0.4626,0.0557,0.1198,0.2609,-0.8395,A,0.0723,0.21,0.205,0.102,0.031
45,3977,-108.01,69,10.1,1.0324,0.0219,0.5383,0.7824,0.4905,0.0014,0.0168,0.2694,-1.0366,A,0.0614,0.21,0.205,0.102,0.031
46,4131,-70.61,154,87.0,0.7641,0.1086,0.5093,0.6933,0.3519,0.4043,0.4463,0.1354,-0.8718,A,0.0752,0.21,0.205,0.103,0.031
47,4214,-124.53,83,0.0,0.0,0.0,0.4872,0.6472,0.3934,0.0,0.0,0.1831,-0.7596,A,0.0642,0.211,0.205,0.103,0.031
48,4377,-243.98,163,0.0,0.0,0.0,0.5247,0.6992,0.5597,0.0,0.0,0.1567,-0.872,A,0.057,0.211,0.205,0.103,0.031
49,4491,-156.87,114,7.9,1.127,0.0272,0.487,0.6475,0.4212,0.0002,0.0143,0.157,-0.7348,A,0.091,0.211,0.206,0.103,0.031
50,4603,-168.2,112,0.0,0.0,0.0,0.5072,0.6888,0.4921,0.0,0.0,0.1863,-0.8449,A,0.0986,0.212,0.206,0.103,0.031
51,4721,-179.42,118,0.0,0.0,0.0,0.496,0.6736,0.4283,0.0,0.0,0.1478,-0.7977,A,0.0789,0.212,0.206,0.103,0.031
52,4803,-64.39,82,36.6,0.6441,0.0749,0.4843,0.5964,0.5353,0.3878,0.1295,0.2816,-0.654,A,0.0661,0.212,0.206,0.103,0.031
53,4915,-67.87,112,58.9,0.9101,0.0822,0.5218,0.6748,0.5215,0.0475,0.2419,0.213,-0.834,A,0.0711,0.212,0.206,0.103,0.031
54,4972,-81.6,57,0.0,0.0,0.0,0.4965,0.6381,0.4029,0.0,0.0,0.2636,-0.7211,A,0.0551,0.212,0.206,0.103,0.031
55,5086,-165.27,114,0.0,0.0,0.0,0.5276,0.6761,0.5707,0.0,0.0,0.1987,-0.8461,A,0.0647,0.213,0.206,0.103,0.031
56,5145,-88.01,59,0.0,0.0,0.0,0.5247,0.7096,0.5226,0.0,0.0,0.3066,-0.89,A,0.0797,0.213,0.206,0.103,0.031
57,5213,-80.11,68,16.2,0.9139,0.0637,0.5075,0.6795,0.5755,0.0098,0.0491,0.3201,-0.808,A,0.0681,0.213,0.207,0.103,0.031
58,5306,-151.22,93,0.0,0.0,0.0,0.4985,0.7015,0.3768,0.0,0.0,0.153,-0.8598,A,0.0649,0.213,0.207,0.103,0.031
59,5375,-89.98,69,0.0,0.0,0.0,0.4996,0.633,0.5012,0.0,0.0,0.2986,-0.7083,A,0.0882,0.213,0.207,0.103,0.031
60,5478,-134.02,103,4.9,1.2272,0.0057,0.4882,0.6278,0.5188,0.0,0.0061,0.197,-0.7119,A,0.0738,0.214,0.207,0.103,0.031
61,5606,-60.86,128,50.0,0.6915,0.1632,0.5099,0.6695,0.6053,0.3389,0.3603,0.1461,-0.7948,A,0.0934,0.214,0.207,0.104,0.031
62,5708,-103.36,102,15.7,1.066,0.0197,0.4624,0.6254,0.6578,0.0013,0.0251,0.308,-0.7112,A,0.0945,0.214,0.207,0.104,0.031
63,5853,-121.68,145,40.7,0.8753,0.1085,0.4978,0.6811,0.3365,0.1849,0.1921,0.1374,-0.8094,A,0.0588,0.215,0.207,0.104,0.031
64,6002,-216.47,149,0.0,0.0,0.0,0.4945,0.6709,0.5289,0.0,0.0,0.1443,-0.7944,A,0.0699,0.215,0.208,0.104,0.032
65,6128,-168.92,126,7.1,1.3077,0.0051,0.5099,0.6908,0.5997,0.0,0.0089,0.2057,-0.846,A,0.0754,0.215,0.208,0.104,0.032
66,6247,-169.32,119,0.0,0.0,0.0,0.5083,0.6819,0.5564,0.0,0.0,0.221,-0.8381,A,0.0927,0.216,0.208,0.104,0.032
67,6304,-60.28,57,33.3,1.119,0.0616,0.5208,0.6939,0.4795,0.0017,0.1036,0.2996,-0.8539,A,0.0674,0.216,0.208,0.104,0.032
68,6381,-105.54,77,0.0,0.0,0.0,0.5232,0.6917,0.563,0.0,0.0,0.3298,-0.852,A,0.0789,0.216,0.208,0.104,0.032
69,6549,-260.24,168,0.0,0.0,0.0,0.5048,0.6807,0.3552,0.0,0.0,0.1505,-0.8176,A,0.0859,0.216,0.208,0.104,0.032
70,6640,-112.8,91,0.0,0.0,0.0,0.4778,0.6277,0.5857,0.0,0.0,0.2705,-0.693,A,0.0907,0.217,0.208,0.104,0.032
71,6812,-256.82,172,0.0,0.0,0.0,0.501,0.6517,0.4247,0.0,0.0,0.1174,-0.7647,A,0.0642,0.217,0.209,0.104,0.032
72,6885,-93.82,73,0.0,0.0,0.0,0.4826,0.6612,0.5744,0.0,0.0,0.3351,-0.7704,A,0.098,0.217,0.209,0.104,0.032
73,7040,-96.96,155,63.2,0.93,0.0967,0.4809,0.6327,0.4039,0.046,0.2959,0.129,-0.7327,A,0.0668,0.218,0.209,0.104,0.032
74,7145,-79.3,105,61.0,0.7248,0.1158,0.4947,0.7056,0.3503,0.3625,0.334,0.1861,-0.8562,A,0.0805,0.218,0.209,0.104,0.032
75,7223,-94.26,78,0.0,0.0,0.0,0.4884,0.6773,0.6666,0.0,0.0,0.3797,-0.7933,A,0.068,0.218,0.209,0.105,0.032
76,7386,-267.6,163,0.0,0.0,0.0,0.5168,0.6738,0.2687,0.0,0.0,0.0951,-0.8098,A,0.0804,0.218,0.209,0.105,0.032
77,7488,-150.26,102,0.0,0.0,0.0,0.4886,0.6849,0.46,0.0,0.0,0.2082,-0.8133,A,0.0795,0.219,0.209,0.105,0.032
78,7609,-112.21,121,38.0,1.0032,0.0891,0.5048,0.6775,0.4941,0.0096,0.1645,0.198,-0.8318,A,0.0939,0.219,0.21,0.105,0.032
79,7667,-82.59,58,0.0,0.0,0.0,0.4872,0.629,0.415,0.0,0.0,0.273,-0.732,A,0.0742,0.219,0.21,0.105,0.032
80,7833,-251.22,166,0.0,0.0,0.0,0.4896,0.6507,0.3197,0.0,0.0,0.138,-0.751,A,0.0816,0.22,0.21,0.105,0.032
81,7943,-155.21,110,0.0,0.0,0.0,0.4975,0.6763,0.5149,0.0,0.0,0.2216,-0.7992,A,0.0692,0.22,0.21,0.105,0.032
82,8053,-144.56,110,0.0,0.0,0.0,0.4867,0.6725,0.6773,0.0,0.0,0.2283,-0.7902,A,0.0792,0.22,0.21,0.105,0.032
83,8137,-111.13,84,10.7,1.2823,0.003,0.5442,0.6985,0.5505,0.0,0.0129,0.2647,-0.8638,A,0.0962,0.22,0.21,0.105,0.032
84,8197,-88.46,60,0.0,0.0,0.0,0.4807,0.6831,0.4234,0.0,0.0,0.2774,-0.7967,A,0.08,0.22,0.21,0.105,0.032
85,8333,-15.71,136,50.7,0.7048,0.2143,0.5009,0.6706,0.6767,0.1729,0.432,0.3365,-0.801,A,0.0665,0.221,0.21,0.105,0.032
86,8389,-79.84,56,0.0,0.0,0.0,0.4917,0.6668,0.4891,0.0,0.0,0.2816,-0.7732,A,0.0582,0.221,0.21,0.105,0.032
87,8487,-121.96,98,9.2,0.9847,0.0152,0.498,0.6717,0.5721,0.0018,0.0136,0.2956,-0.8163,A,0.0823,0.221,0.211,0.105,0.032
88,8603,-153.54,116,12.9,0.638,0.0609,0.501,0.6513,0.4409,0.1203,0.0383,0.1845,-0.7725,A,0.0777,0.222,0.211,0.105,0.032
89,8789,-275.77,186,0.0,0.0,0.0,0.4936,0.6903,0.5471,0.0,0.0,0.1448,-0.8472,A,0.0642,0.222,0.211,0.105,0.032
90,8916,-197.76,127,2.4,0.9621,0.0143,0.5222,0.705,0.4874,0.0004,0.0035,0.1388,-0.8847,A,0.0623,0.222,0.211,0.106,0.032
91,8977,-8.59,61,75.4,0.9196,0.1219,0.4899,0.6203,0.5781,0.0821,0.4275,0.2906,-0.691,A,0.0585,0.222,0.211,0.106,0.032
92,9041,-95.09,64,0.0,0.0,0.0,0.4715,0.6323,0.3147,0.0,0.0,0.2262,-0.7131,A,0.1,0.223,0.211,0.106,0.032
93,9118,19.41,77,75.3,0.6633,0.1372,0.5107,0.7107,0.549,0.6729,0.4214,0.2548,-0.8858,A,0.1045,0.223,0.211,0.106,0.032
94,9175,-56.08,57,47.4,0.6476,0.0643,0.4732,0.642,0.3105,0.3267,0.1464,0.2518,-0.7371,A,0.1035,0.223,0.211,0.106,0.032
95,9252,-101.22,77,0.0,0.0,0.0,0.5003,0.6423,0.519,0.0,0.0,0.2944,-0.7385,A,0.0814,0.223,0.212,0.106,0.032
96,9322,-30.1,70,45.7,0.6614,0.1971,0.5232,0.6334,0.4273,0.3014,0.2997,0.2361,-0.7309,A,0.094,0.223,0.212,0.106,0.032
97,9491,-125.38,169,45.6,0.7367,0.1228,0.5032,0.6779,0.5209,0.2137,0.2653,0.1586,-0.797,A,0.1049,0.224,0.212,0.106,0.032
98,9562,-105.73,71,0.0,0.0,0.0,0.4982,0.6231,0.3029,0.0,0.0,0.2018,-0.7015,A,0.0883,0.224,0.212,0.106,0.032
99,9712,-145.23,150,43.3,0.904,0.1181,0.5233,0.6921,0.3515,0.028,0.2426,0.1231,-0.8489,A,0.0627,0.224,0.212,0.106,0.032
100,9775,-88.58,63,0.0,0.0,0.0,0.4898,0.6156,0.3691,0.0,0.0,0.2372,-0.6691,A,0.0684,0.224,0.212,0.106,0.032
101,9877,-129.14,102,14.7,1.0926,0.033,0.4974,0.6853,0.5399,0.0013,0.0291,0.2188,-0.8147,A,0.1041,0.225,0.212,0.106,0.032
102,9997,-159.94,120,18.3,0.9884,0.0207,0.5122,0.6747,0.4922,0.0034,0.0297,0.1493,-0.8396,A,0.0609,0.225,0.212,0.106,0.032
103,12997,-132.69,3000,28.9,0.6994,0.0746,0.4206,0.5756,0.9772,0.2481,0.1031,0.4387,-0.607,A,0.0589,0.232,0.216,0.108,0.033
104,15130,-394.17,2133,13.0,0.2798,0.0651,0.3942,0.5834,0.9754,0.3506,0.0444,0.4357,-0.6157,A,0.0811,0.238,0.219,0.109,0.034
105,15217,-4.69,87,52.9,0.8438,0.1184,0.5639,0.3789,0.6407,0.088,0.2947,0.3318,-0.3136,A,0.1045,0.238,0.219,0.11,0.034
106,16341,-147.77,1124,33.5,0.8546,0.1104,0.4205,0.5513,0.9582,0.0302,0.1735,0.4228,-0.5609,A,0.0814,0.241,0.22,0.11,0.034
107,16898,-331.42,557,11.0,1.0618,0.0486,0.442,0.554,0.9244,0.0302,0.0307,0.4029,-0.5783,A,0.0999,0.242,0.221,0.111,0.034
108,17549,840.89,651,75.7,0.5592,0.1716,0.4573,0.3882,0.8771,0.6379,0.5324,0.3414,-0.309,A,0.0927,0.244,0.222,0.111,0.034
109,19584,-3.12,2035,34.0,0.7534,0.1026,0.4258,0.5135,0.9386,0.1621,0.1535,0.4065,-0.5,A,0.0969,0.249,0.224,0.112,0.035
110,21362,820.12,1778,50.4,0.7048,0.1362,0.4405,0.4701,0.8946,0.2929,0.3069,0.3785,-0.4316,A,0.0807,0.253,0.227,0.113,0.035
111,22224,-554.45,862,4.3,1.0313,0.0331,0.481,0.5059,0.8408,0.0071,0.0089,0.3964,-0.497,A,0.102,0.256,0.228,0.114,0.036
112,22576,-266.05,352,0.0,0.0,0.0,0.4913,0.4555,0.6948,0.0,0.0,0.3387,-0.4135,A,0.0757,0.256,0.228,0.114,0.036
113,22727,-37.52,151,66.2,0.8453,0.0795,0.5271,0.4497,0.4425,0.1509,0.2586,0.2149,-0.4125,A,0.0736,0.257,0.228,0.114,0.036
114,22962,-249.62,235,0.4,0.8356,0.123,0.5431,0.4432,0.5343,0.0003,0.0024,0.131,-0.422,A,0.0907,0.257,0.229,0.114,0.036
115,23054,26.12,92,84.8,0.7281,0.0827,0.4708,0.526,0.768,0.1594,0.3313,0.2368,-0.5234,A,0.0829,0.258,0.229,0.114,0.036
116,23317,-164.23,263,27.8,1.0061,0.0754,0.5651,0.4305,0.6247,0.0047,0.103,0.1185,-0.391,A,0.0982,0.258,0.229,0.115,0.036
117,23587,-270.93,270,0.0,0.0,0.0,0.5444,0.465,0.7254,0.0,0.0,0.1077,-0.4368,A,0.0666,0.259,0.229,0.115,0.036
118,23942,-245.3,355,16.6,0.9486,0.0736,0.5237,0.4578,0.7857,0.0056,0.0604,0.1539,-0.4337,A,0.112,0.26,0.23,0.115,0.036
119,24001,1.5,59,81.4,0.7936,0.0892,0.4793,0.4477,0.5325,0.0817,0.3419,0.2007,-0.3882,A,0.1067,0.26,0.23,0.115,0.036
120,24187,-144.77,186,26.3,0.8328,0.0914,0.4987,0.489,0.6647,0.0476,0.1166,0.0815,-0.4786,A,0.0958,0.26,0.23,0.115,0.036
121,24399,-216.77,212,0.0,0.0,0.0,0.4562,0.4846,0.6729,0.0,0.0,0.1307,-0.4425,A,0.0699,0.261,0.23,0.115,0.036
122,24493,-39.81,94,75.5,0.8084,0.0539,0.5478,0.5303,0.4569,0.1452,0.2009,0.1419,-0.5507,A,0.0725,0.261,0.231,0.115,0.036
123,24636,141.3,143,95.1,0.6591,0.1351,0.4196,0.4774,0.7597,0.6374,0.544,0.183,-0.4149,A,0.085,0.262,0.231,0.115,0.036
124,24873,-244.3,237,11.8,0.9644,0.0549,0.4375,0.5723,0.7894,0.0024,0.0332,0.0677,-0.5925,A,0.1051,0.262,0.231,0.116,0.036
125,25179,-173.13,306,33.0,0.8598,0.0817,0.4736,0.5175,0.8379,0.018,0.1291,0.1026,-0.521,A,0.0996,0.263,0.231,0.116,0.036
126,25297,-143.81,118,0.0,0.0,0.0,0.4459,0.4685,0.3879,0.0,0.0,0.1091,-0.4371,A,0.0697,0.263,0.232,0.116,0.036
127,25670,-384.42,373,0.0,0.0,0.0,0.5008,0.4618,0.6949,0.0,0.0,0.0935,-0.4448,A,0.0847,0.264,0.232,0.116,0.036
128,25885,-206.43,215,13.0,0.9198,0.0646,0.4019,0.5191,0.7391,0.0057,0.0417,0.0541,-0.4893,A,0.0755,0.265,0.232,0.116,0.036
129,26108,-211.04,223,19.7,0.8248,0.0453,0.4781,0.4647,0.482,0.0479,0.0488,0.0561,-0.4196,A,0.1058,0.265,0.233,0.116,0.037
130,26340,-94.56,232,44.0,0.9749,0.0803,0.4553,0.5416,0.7929,0.0305,0.1669,0.1903,-0.5519,A,0.1012,0.266,0.233,0.116,0.037
131,26551,-194.7,211,10.4,1.0177,0.0636,0.4715,0.4247,0.6201,0.0021,0.0332,0.0716,-0.3796,A,0.1063,0.266,0.233,0.117,0.037
132,26757,-187.27,206,14.1,0.8776,0.0724,0.4576,0.448,0.5748,0.0068,0.0501,0.064,-0.3947,A,0.0836,0.267,0.233,0.117,0.037
133,26830,-40.0,73,67.1,0.932,0.045,0.503,0.5005,0.3378,0.0251,0.1579,0.1819,-0.4825,A,0.0764,0.267,0.234,0.117,0.037
134,27069,-97.14,239,37.7,0.9935,0.0838,0.4883,0.4747,0.7513,0.0051,0.1513,0.1864,-0.4507,A,0.0972,0.268,0.234,0.117,0.037
135,27341,56.55,272,74.3,0.8065,0.1021,0.5121,0.4173,0.6691,0.1758,0.3338,0.1387,-0.3761,A,0.095,0.268,0.234,0.117,0.037
136,27516,38.79,175,99.4,0.9924,0.0561,0.4376,0.5114,0.7675,0.0299,0.2823,0.1545,-0.5039,A,0.0694,0.269,0.234,0.117,0.037
137,27727,-181.73,211,17.1,0.8442,0.0782,0.5199,0.418,0.4865,0.0338,0.0637,0.0748,-0.3628,A,0.0683,0.269,0.235,0.117,0.037
138,27998,-293.2,271,0.0,0.0,0.0,0.4485,0.4867,0.6271,0.0,0.0,0.1005,-0.4591,A,0.0958,0.27,0.235,0.117,0.037
139,28250,-291.02,252,0.0,0.0,0.0,0.4685,0.5092,0.6294,0.0,0.0,0.0663,-0.4962,A,0.1,0.271,0.235,0.118,0.037
140,28490,-292.0,240,0.0,0.0,0.0,0.4922,0.5242,0.6069,0.0,0.0,0.0655,-0.544,A,0.1167,0.271,0.236,0.118,0.037
141,28767,-296.72,277,0.0,0.0,0.0,0.4429,0.568,0.9069,0.0,0.0,0.1109,-0.5994,A,0.0686,0.272,0.236,0.118,0.037
142,29000,-247.46,233,0.0,0.0,0.0,0.4931,0.4774,0.6634,0.0,0.0,0.0938,-0.4446,A,0.1115,0.272,0.236,0.118,0.037
143,29121,-120.87,121,0.0,0.0,0.0,0.4617,0.5082,0.6723,0.0,0.0,0.2192,-0.4716,A,0.0748,0.273,0.236,0.118,0.037
144,29349,-109.55,228,37.7,0.7806,0.1343,0.5408,0.4872,0.6332,0.06,0.2392,0.1187,-0.5047,A,0.0977,0.273,0.237,0.118,0.037
145,29585,-227.2,236,0.0,0.0,0.0,0.5661,0.4226,0.7084,0.0,0.0,0.115,-0.3896,A,0.0956,0.274,0.237,0.118,0.037
146,29660,-33.8,75,61.3,0.7567,0.0541,0.4841,0.471,0.4542,0.4248,0.1656,0.2044,-0.443,A,0.085,0.274,0.237,0.119,0.037
147,29753,40.16,93,95.7,0.7926,0.1052,0.4666,0.41,0.6675,0.2635,0.473,0.1698,-0.3501,A,0.0976,0.274,0.237,0.119,0.037
148,29880,-126.43,127,0.0,0.0,0.0,0.4974,0.449,0.6556,0.0,0.0,0.1565,-0.4011,A,0.0992,0.275,0.237,0.119,0.037
149,30144,-294.53,264,3.8,1.1209,0.0144,0.4606,0.5855,0.8811,0.0002,0.0055,0.0753,-0.6361,A,0.0821,0.275,0.238,0.119,0.038
150,30479,-382.89,335,0.0,0.0,0.0,0.4988,0.5106,0.6204,0.0,0.0,0.0844,-0.5077,A,0.0866,0.276,0.238,0.119,0.038
151,30962,91.9,483,52.4,0.6324,0.1047,0.4292,0.5455,0.8698,0.412,0.2456,0.1939,-0.552,A,0.0964,0.277,0.239,0.119,0.038
152,31216,-264.9,254,0.0,0.0,0.0,0.493,0.5257,0.8805,0.0,0.0,0.0948,-0.5386,A,0.0984,0.278,0.239,0.12,0.038
153,31568,164.8,352,60.2,0.564,0.0627,0.5037,0.5281,0.8208,0.7552,0.1974,0.1843,-0.5475,A,0.0949,0.279,0.239,0.12,0.038
154,31813,-14.31,245,62.4,0.7909,0.0753,0.6251,0.3918,0.6471,0.1939,0.2236,0.139,-0.4001,A,0.1066,0.28,0.24,0.12,0.038
155,32060,-196.91,247,29.1,0.8373,0.0968,0.5214,0.5329,0.6367,0.0274,0.1343,0.085,-0.5621,A,0.0987,0.28,0.24,0.12,0.038
156,32321,-158.92,261,39.1,0.9797,0.051,0.5099,0.5402,0.8202,0.0117,0.102,0.1084,-0.5828,A,0.0792,0.281,0.24,0.12,0.038
157,32667,-269.02,346,26.6,1.0183,0.0557,0.5983,0.4858,0.6919,0.0046,0.0782,0.084,-0.522,A,0.1071,0.282,0.241,0.12,0.038
158,33067,-442.93,400,0.0,0.0,0.0,0.5068,0.563,0.8917,0.0,0.0,0.0838,-0.612,A,0.1142,0.283,0.241,0.121,0.038
159,33440,-379.56,373,0.0,0.0,0.0,0.4827,0.5401,0.939,0.0,0.0,0.095,-0.5553,A,0.0912,0.284,0.242,0.121,0.038
160,33917,108.78,477,46.1,0.5472,0.0664,0.4865,0.5225,0.8383,0.6006,0.1557,0.1909,-0.5387,A,0.107,0.285,0.242,0.121,0.038
161,34467,-563.64,550,1.8,0.9497,0.0035,0.5238,0.5044,0.8231,0.0003,0.0022,0.0742,-0.5125,A,0.1214,0.286,0.243,0.122,0.039
162,34883,-468.1,416,0.2,1.1088,0.0088,0.4943,0.5214,0.7498,0.0,0.0003,0.0583,-0.5368,A,0.0887,0.287,0.244,0.122,0.039
163,35338,-481.98,455,0.0,0.0,0.0,0.547,0.4807,0.7806,0.0,0.0,0.06,-0.4876,A,0.0818,0.288,0.244,0.122,0.039
164,35639,-299.39,301,1.0,0.854,0.0169,0.5495,0.4542,0.7704,0.0007,0.0015,0.0837,-0.4403,A,0.108,0.289,0.245,0.122,0.039
165,36328,-614.36,689,0.0,0.0,0.0,0.4458,0.5394,0.8891,0.0,0.0,0.2261,-0.5479,A,0.1153,0.291,0.245,0.123,0.039
166,36924,-552.27,596,0.2,0.785,0.0283,0.4871,0.5321,0.8987,0.0002,0.0003,0.1963,-0.5571,A,0.1151,0.292,0.246,0.123,0.039
167,37521,-443.36,597,0.0,0.0,0.0,0.3952,0.5341,0.9431,0.0,0.0,0.3179,-0.5153,A,0.1156,0.294,0.247,0.123,0.039
168,38012,-266.25,491,21.8,0.979,0.0683,0.4184,0.494,0.9005,0.0049,0.0709,0.2029,-0.4619,A,0.0869,0.295,0.248,0.124,0.04
169,38943,-597.92,931,10.3,0.7552,0.1533,0.4856,0.4073,0.7662,0.0373,0.0684,0.144,-0.3537,A,0.0957,0.297,0.249,0.124,0.04
170,39777,-298.68,834,31.2,0.7334,0.1115,0.4911,0.463,0.845,0.0964,0.1491,0.1459,-0.4471,A,0.082,0.299,0.25,0.125,0.04
171,40067,45.41,290,58.6,0.7551,0.1498,0.4603,0.4797,0.857,0.1311,0.4075,0.1477,-0.4593,A,0.0768,0.3,0.25,0.125,0.04
172,40726,-597.61,659,0.0,0.0,0.0,0.3987,0.5225,0.9097,0.0,0.0,0.1527,-0.4992,A,0.0828,0.302,0.251,0.125,0.04
173,41546,-655.05,820,0.0,0.0,0.0,0.3863,0.5694,0.9534,0.0,0.0,0.3177,-0.581,A,0.1102,0.304,0.252,0.126,0.04
174,41972,246.3,426,65.7,0.7143,0.1773,0.4923,0.5279,0.8993,0.4148,0.4481,0.2242,-0.5536,A,0.106,0.305,0.252,0.126,0.04
175,43169,-756.97,1197,5.5,0.9355,0.0658,0.4027,0.5135,0.8994,0.0027,0.0179,0.3542,-0.4991,A,0.0861,0.308,0.254,0.127,0.041
176,44463,-653.1,1294,6.3,0.964,0.0225,0.3582,0.5164,0.9649,0.0085,0.0106,0.433,-0.4919,A,0.1053,0.311,0.256,0.128,0.041
177,44975,-189.98,512,20.7,1.0833,0.0341,0.4228,0.4865,0.9102,0.0019,0.0425,0.3931,-0.4479,A,0.1119,0.312,0.256,0.128,0.041
178,46251,-488.66,1276,15.8,1.0319,0.0541,0.4187,0.4871,0.9178,0.0025,0.0452,0.414,-0.4494,A,0.0817,0.316,0.258,0.129,0.042
179,47244,-553.71,993,10.6,1.0749,0.018,0.3955,0.5098,0.9258,0.0006,0.0165,0.3506,-0.4836,A,0.1035,0.318,0.259,0.13,0.042
180,49664,-894.79,2420,23.0,0.9348,0.0838,0.435,0.5397,0.9339,0.0142,0.0947,0.3787,-0.5472,A,0.1152,0.324,0.262,0.131,0.042
181,50908,-381.84,1244,19.3,0.8652,0.0566,0.4057,0.5222,0.9336,0.1081,0.0562,0.3888,-0.5076,A,0.1131,0.327,0.264,0.132,0.043
182,51218,476.23,310,96.8,0.6421,0.1673,0.4966,0.4542,0.7839,0.8475,0.6832,0.2864,-0.4146,A,0.1095,0.328,0.264,0.132,0.043
183,51641,554.12,423,98.6,0.6746,0.1526,0.4569,0.4589,0.8281,0.5249,0.6683,0.3121,-0.4262,A,0.0842,0.329,0.265,0.132,0.043
184,51806,-150.49,165,0.0,0.0,0.0,0.4716,0.4811,0.8053,0.0,0.0,0.2,-0.4541,A,0.1026,0.33,0.265,0.132,0.043
185,52806,-664.34,1000,0.0,0.0,0.0,0.4146,0.5368,0.9592,0.0,0.0,0.3821,-0.5261,A,0.097,0.332,0.266,0.133,0.043
186,53301,-51.46,495,44.6,0.7359,0.1052,0.4689,0.5303,0.8985,0.1781,0.215,0.2154,-0.5595,A,0.1111,0.333,0.267,0.133,0.043
187,54119,-492.6,818,14.4,0.9109,0.0952,0.42,0.5673,0.9629,0.0068,0.0659,0.3083,-0.5903,A,0.1081,0.335,0.268,0.134,0.044
188,55018,-484.75,899,10.6,1.104,0.0512,0.4032,0.4797,0.8912,0.0008,0.029,0.3287,-0.4291,A,0.1174,0.338,0.269,0.134,0.044
189,56080,-803.94,1062,1.2,1.238,0.0259,0.4233,0.5385,0.9503,0.0,0.0022,0.2999,-0.5363,A,0.1221,0.34,0.27,0.135,0.044
190,56494,-339.72,414,0.0,0.0,0.0,0.4497,0.4625,0.8196,0.0,0.0,0.2116,-0.4179,A,0.1264,0.341,0.271,0.135,0.044
191,56817,-224.36,323,1.5,1.0053,0.0379,0.4757,0.468,0.8376,0.0002,0.0034,0.3293,-0.4272,A,0.1098,0.342,0.271,0.136,0.044
192,57802,-816.41,985,1.1,1.1835,0.0256,0.4254,0.584,0.9178,0.0,0.002,0.3321,-0.6219,A,0.1302,0.345,0.272,0.136,0.044
193,58391,-215.69,589,19.2,1.0335,0.0477,0.4707,0.4474,0.8767,0.0019,0.0483,0.3826,-0.4069,A,0.103,0.346,0.273,0.136,0.045
194,58844,321.28,453,93.4,0.9124,0.0779,0.4383,0.4538,0.9155,0.0786,0.3479,0.3259,-0.3981,A,0.1077,0.347,0.274,0.137,0.045
195,60984,-694.04,2140,22.5,1.0405,0.0455,0.4406,0.4795,0.894,0.0025,0.0555,0.3998,-0.4482,A,0.1297,0.352,0.276,0.138,0.045
196,61822,-432.34,838,11.3,0.885,0.0638,0.4422,0.4666,0.8648,0.007,0.0361,0.3404,-0.4316,A,0.126,0.355,0.277,0.139,0.045
197,61971,2.76,149,70.5,1.0463,0.0384,0.4876,0.4396,0.7278,0.096,0.1544,0.2751,-0.3872,A,0.101,0.355,0.277,0.139,0.045
198,63212,-276.58,1241,33.8,0.9224,0.0687,0.4404,0.5112,0.8723,0.03,0.118,0.3797,-0.4994,A,0.1154,0.358,0.279,0.14,0.046
199,65413,-432.41,2201,30.8,0.9011,0.0722,0.4228,0.5283,0.9359,0.0243,0.11,0.4225,-0.5196,A,0.1368,0.364,0.282,0.141,0.046
200,66184,25.78,771,40.9,0.8492,0.0953,0.4539,0.4432,0.8501,0.149,0.1812,0.3524,-0.3933,A,0.1149,0.365,0.283,0.141,0.047
201,67106,47.74,922,36.0,0.7172,0.0603,0.4122,0.4978,0.9392,0.177,0.1101,0.4131,-0.4665,A,0.1155,0.368,0.284,0.142,0.047
202,68481,125.18,1375,34.8,0.6275,0.0933,0.3978,0.5331,0.9348,0.2861,0.1463,0.3864,-0.5351,A,0.0971,0.371,0.286,0.143,0.047
203,69584,-779.92,1103,0.9,0.9341,0.0057,0.4317,0.5384,0.9228,0.0002,0.0011,0.3678,-0.5376,A,0.1241,0.374,0.287,0.143,0.047
204,72584,38.14,3000,37.8,0.8354,0.0925,0.3877,0.5548,0.9499,0.1089,0.1684,0.4424,-0.5585,A,0.0978,0.381,0.291,0.145,0.048
205,73185,386.47,601,80.0,0.8616,0.0611,0.4544,0.4697,0.9141,0.3295,0.2426,0.2936,-0.4384,A,0.1149,0.383,0.291,0.146,0.048
206,76185,-401.94,3000,24.3,0.7574,0.0822,0.3732,0.5551,0.9846,0.1187,0.0955,0.471,-0.5523,A,0.1161,0.39,0.295,0.148,0.049
207,79185,275.69,3000,36.1,0.778,0.0659,0.4065,0.5591,0.9731,0.2577,0.1187,0.4446,-0.5728,A,0.1494,0.398,0.299,0.149,0.05
208,79756,95.79,571,44.3,0.6646,0.1314,0.499,0.4465,0.8663,0.2439,0.263,0.2527,-0.4074,A,0.1459,0.399,0.3,0.15,0.05
209,80462,-447.15,706,13.7,1.0112,0.0703,0.4174,0.54,0.9703,0.0015,0.0456,0.2497,-0.5359,B,0.1129,0.401,0.3,0.15,0.05
210,80579,29.16,117,92.3,0.8954,0.0516,0.5388,0.4638,0.6174,0.4764,0.2531,0.2661,-0.4395,B,0.1042,0.401,0.3,0.15,0.05
211,81527,508.48,948,54.2,0.6555,0.1386,0.4181,0.5865,0.9725,0.5808,0.2969,0.294,-0.6345,B,0.1485,0.402,0.301,0.151,0.05
212,82524,-830.54,997,0.0,0.0,0.0,0.4684,0.5192,0.939,0.0,0.0,0.2307,-0.5232,B,0.1292,0.403,0.302,0.152,0.051
213,85524,-466.45,3000,29.0,0.8258,0.0621,0.407,0.5761,0.972,0.1395,0.0914,0.4432,-0.6013,B,0.1407,0.407,0.305,0.153,0.051
214,87265,-167.91,1741,27.1,0.7529,0.1437,0.3972,0.5171,0.9633,0.1296,0.1661,0.361,-0.4901,B,0.113,0.409,0.306,0.155,0.052
215,87471,-60.33,206,43.2,1.1362,0.0062,0.4909,0.5129,0.8661,0.0021,0.0549,0.3558,-0.5264,B,0.1459,0.409,0.306,0.155,0.052
216,88388,208.51,917,49.0,0.7766,0.1108,0.4057,0.593,0.9606,0.2179,0.2474,0.4476,-0.6326,B,0.1332,0.41,0.307,0.155,0.052
217,91388,266.61,3000,38.8,0.853,0.0956,0.3871,0.5418,0.9821,0.1091,0.1764,0.4617,-0.5281,B,0.1429,0.414,0.309,0.157,0.052
218,92604,-426.99,1216,29.4,0.8631,0.0357,0.3977,0.544,0.9767,0.016,0.0607,0.342,-0.5451,B,0.1324,0.416,0.31,0.158,0.053
219,93094,-1.67,490,43.9,0.9458,0.0859,0.4276,0.4664,0.9246,0.013,0.1792,0.3639,-0.4385,B,0.142,0.416,0.311,0.158,0.053
220,94581,399.31,1487,46.9,0.7856,0.123,0.4017,0.5279,0.9578,0.1847,0.2634,0.4209,-0.5152,B,0.1273,0.418,0.312,0.159,0.053
221,95016,-281.55,435,20.5,1.0228,0.0344,0.4252,0.5499,0.9187,0.036,0.042,0.2322,-0.5605,B,0.1077,0.419,0.313,0.159,0.053
222,95340,-283.76,324,0.0,0.0,0.0,0.4448,0.5512,0.8051,0.0,0.0,0.3242,-0.5717,B,0.1035,0.419,0.313,0.16,0.053
223,98340,-62.63,3000,33.7,0.796,0.0624,0.4033,0.5411,0.9706,0.1583,0.1035,0.4357,-0.5369,B,0.1493,0.423,0.315,0.161,0.054
224,98614,395.56,274,99.3,0.639,0.1879,0.4073,0.4678,0.8992,0.4945,0.7814,0.2912,-0.4168,B,0.155,0.423,0.316,0.162,0.054
225,98852,-159.79,238,10.1,1.1744,0.0154,0.5312,0.4661,0.8184,0.0006,0.0151,0.3004,-0.4539,B,0.1255,0.424,0.316,0.162,0.054
226,99632,213.32,780,51.3,0.7211,0.1034,0.4322,0.5097,0.9013,0.2445,0.2441,0.3431,-0.4905,B,0.121,0.425,0.316,0.162,0.054
227,100152,-297.42,520,16.2,0.7885,0.0638,0.5174,0.4999,0.841,0.1113,0.0501,0.2403,-0.5104,B,0.1091,0.425,0.317,0.163,0.054
228,102319,-707.27,2167,18.6,0.7143,0.1159,0.4343,0.5426,0.9512,0.1499,0.0965,0.334,-0.5527,B,0.1206,0.428,0.319,0.164,0.055
229,103601,379.73,1282,42.0,0.6721,0.1261,0.4469,0.5376,0.9419,0.3303,0.2391,0.4342,-0.5527,B,0.1531,0.429,0.32,0.165,0.055
230,105025,-219.48,1424,28.9,0.7767,0.1084,0.4292,0.5731,0.9635,0.1181,0.135,0.4326,-0.5967,B,0.1354,0.431,0.321,0.166,0.055
231,105377,-285.48,352,12.2,0.9997,0.0348,0.5624,0.4321,0.6894,0.0044,0.0256,0.1382,-0.4133,B,0.1355,0.432,0.321,0.166,0.055
232,106271,222.6,894,63.5,0.8066,0.1213,0.471,0.5153,0.8475,0.2164,0.336,0.2297,-0.5341,B,0.1445,0.433,0.322,0.166,0.055
233,106998,-558.39,727,5.4,0.9597,0.0118,0.4069,0.5386,0.9322,0.0167,0.0075,0.2542,-0.534,B,0.1438,0.434,0.322,0.167,0.056
234,107721,-451.2,723,15.2,0.9087,0.0512,0.4518,0.5259,0.9132,0.0385,0.0428,0.2341,-0.514,B,0.1232,0.435,0.323,0.167,0.056
235,107918,-38.14,197,44.2,0.9094,0.0841,0.5367,0.4649,0.8374,0.0278,0.1831,0.2854,-0.4571,B,0.1504,0.435,0.323,0.167,0.056
236,109722,-462.49,1804,32.6,0.9365,0.0568,0.4342,0.552,0.937,0.0201,0.0926,0.4078,-0.5667,B,0.1374,0.437,0.325,0.169,0.056
237,110962,-441.94,1240,30.8,0.7968,0.0989,0.4887,0.503,0.8012,0.113,0.1399,0.2075,-0.5028,B,0.1626,0.439,0.326,0.169,0.056
238,111184,205.76,222,86.0,0.617,0.1366,0.4867,0.4924,0.723,0.5321,0.5389,0.3024,-0.4778,B,0.1466,0.439,0.326,0.169,0.056
239,111867,-188.5,683,21.2,0.5686,0.028,0.4731,0.5177,0.8995,0.2779,0.0398,0.3206,-0.529,B,0.1152,0.44,0.327,0.17,0.057
240,112842,-790.17,975,6.7,0.7885,0.109,0.4318,0.6141,0.9241,0.0259,0.0334,0.3213,-0.6875,B,0.1147,0.441,0.327,0.171,0.057
241,113865,-730.43,1023,6.4,0.8031,0.0791,0.4142,0.5964,0.9206,0.0376,0.0259,0.3729,-0.6426,B,0.1356,0.442,0.328,0.171,0.057
242,114570,-379.94,705,12.1,0.8015,0.1453,0.4397,0.5423,0.9258,0.0302,0.0779,0.3504,-0.5504,B,0.1169,0.443,0.329,0.172,0.057
243,115238,-420.24,668,6.3,0.6534,0.0631,0.4412,0.5353,0.9142,0.0677,0.0205,0.3421,-0.5475,B,0.1558,0.444,0.329,0.172,0.057
244,116238,-820.41,1000,0.0,0.0,0.0,0.4146,0.666,0.985,0.0,0.0,0.4494,-0.7623,B,0.1427,0.445,0.33,0.173,0.058
245,116942,-401.59,704,14.6,0.9142,0.0904,0.421,0.6095,0.9589,0.0216,0.0632,0.4331,-0.6712,B,0.1221,0.446,0.331,0.173,0.058
246,118220,95.0,1278,57.3,0.8287,0.0825,0.4594,0.5903,0.9598,0.1141,0.2287,0.3541,-0.6489,B,0.1407,0.448,0.332,0.174,0.058
247,118636,278.95,416,84.1,0.8359,0.1192,0.4288,0.5407,0.9218,0.0942,0.4691,0.3962,-0.5434,B,0.1204,0.448,0.332,0.174,0.058
248,119663,-493.15,1027,16.7,0.8967,0.0984,0.3812,0.6157,0.975,0.0276,0.074,0.4569,-0.6581,B,0.1413,0.45,0.333,0.175,0.058
249,121101,800.76,1438,50.8,0.6977,0.1338,0.4187,0.563,0.9468,0.4936,0.3072,0.3858,-0.579,B,0.1402,0.451,0.334,0.176,0.059
250,122488,-1049.29,1387,2.3,1.203,0.0173,0.4091,0.5637,0.9585,0.0,0.0035,0.3269,-0.5825,B,0.1185,0.453,0.335,0.177,0.059
251,122642,141.81,154,95.5,0.6649,0.1262,0.4914,0.4707,0.7876,0.4544,0.4998,0.2599,-0.4431,B,0.1297,0.453,0.336,0.177,0.059
252,124494,906.3,1852,40.3,0.5289,0.1714,0.3871,0.5424,0.9659,0.518,0.2884,0.3579,-0.5375,B,0.1401,0.456,0.337,0.178,0.059
253,126675,1076.98,2181,51.7,0.682,0.1244,0.406,0.5615,0.955,0.425,0.2931,0.369,-0.5727,B,0.1139,0.458,0.339,0.179,0.06
254,127675,-653.87,1000,0.0,0.0,0.0,0.43,0.5608,0.9729,0.0,0.0,0.4387,-0.579,B,0.1142,0.46,0.34,0.18,0.06
255,128391,577.82,716,81.8,0.6822,0.052,0.4314,0.5833,0.9573,0.5291,0.2333,0.3985,-0.6332,B,0.1284,0.46,0.34,0.18,0.06
256,128970,467.31,579,81.5,0.6845,0.1598,0.4788,0.5753,0.8362,0.4495,0.5939,0.2834,-0.6569,B,0.1688,0.461,0.341,0.181,0.06
257,130744,-1135.05,1774,4.5,0.8819,0.0392,0.4018,0.5523,0.9711,0.0114,0.0099,0.3746,-0.5602,B,0.1579,0.463,0.342,0.182,0.061
258,132152,-620.46,1408,27.4,0.8021,0.0831,0.4554,0.5643,0.9035,0.0452,0.1103,0.2789,-0.5924,B,0.1566,0.465,0.343,0.183,0.061
259,133071,-487.51,919,27.3,0.9967,0.0395,0.4737,0.5438,0.9186,0.0046,0.0598,0.242,-0.5596,B,0.1177,0.466,0.344,0.183,0.061
260,133386,142.24,315,82.9,0.9831,0.0662,0.4519,0.4776,0.9203,0.0206,0.2699,0.3651,-0.4516,B,0.1339,0.467,0.344,0.183,0.061
261,135143,644.09,1757,39.0,0.5947,0.1661,0.4535,0.5292,0.9178,0.4636,0.2725,0.3377,-0.54,B,0.1196,0.469,0.346,0.184,0.061
262,135542,-289.88,399,0.0,0.0,0.0,0.422,0.4474,0.8802,0.0,0.0,0.2374,-0.379,B,0.1707,0.469,0.346,0.185,0.062
263,136148,-472.14,606,6.3,1.0823,0.0401,0.4238,0.5478,0.9012,0.0003,0.0139,0.2531,-0.5438,B,0.1693,0.47,0.347,0.185,0.062
264,137343,155.88,1195,60.8,0.9085,0.0756,0.462,0.4993,0.8937,0.0438,0.2273,0.3253,-0.4954,B,0.1269,0.472,0.348,0.186,0.062
265,140343,649.96,3000,43.8,0.7506,0.0965,0.3955,0.5762,0.9863,0.2471,0.1965,0.4432,-0.601,B,0.1685,0.475,0.35,0.188,0.063
266,140847,354.81,504,70.0,0.7348,0.0588,0.4405,0.5548,0.9454,0.5165,0.2094,0.4019,-0.5743,B,0.1488,0.476,0.351,0.188,0.063
267,141241,56.88,394,68.8,0.9121,0.0758,0.4323,0.4809,0.7792,0.0735,0.257,0.2251,-0.4431,B,0.1508,0.477,0.351,0.188,0.063
268,141785,-428.78,544,5.3,0.9574,0.0169,0.4393,0.6479,0.9527,0.0012,0.0082,0.4497,-0.7567,B,0.151,0.477,0.351,0.189,0.063
269,142544,-291.72,759,26.9,0.8728,0.0926,0.4337,0.5915,0.9451,0.024,0.1181,0.3939,-0.6421,B,0.1375,0.478,0.352,0.189,0.063
270,143780,-137.23,1236,20.6,0.3651,0.0598,0.4084,0.6081,0.9424,0.4244,0.0675,0.4209,-0.6591,B,0.1698,0.48,0.353,0.19,0.063
271,145146,-927.46,1366,3.6,0.7353,0.059,0.4086,0.5853,0.9374,0.0208,0.0112,0.4114,-0.6139,B,0.1311,0.481,0.354,0.191,0.064
272,146840,-1018.05,1694,6.3,0.5881,0.0042,0.3973,0.5936,0.9547,0.0692,0.0078,0.4155,-0.6278,B,0.1605,0.484,0.356,0.192,0.064
273,147656,-456.15,816,16.4,0.9634,0.0497,0.432,0.5111,0.9012,0.0111,0.0442,0.2881,-0.5024,B,0.142,0.485,0.356,0.192,0.064
274,148318,-495.75,662,1.1,1.2785,0.0096,0.4018,0.5747,0.9232,0.0,0.0014,0.3913,-0.5982,B,0.1166,0.485,0.357,0.193,0.064
275,148698,-256.03,380,5.3,1.0974,0.014,0.4496,0.5044,0.8285,0.0004,0.0077,0.375,-0.4963,B,0.1394,0.486,0.357,0.193,0.064
276,149270,-421.87,572,0.0,0.0,0.0,0.3893,0.5592,0.9348,0.0,0.0,0.3751,-0.5626,B,0.1412,0.487,0.358,0.193,0.064
277,151215,-156.38,1945,39.1,0.9413,0.0767,0.3969,0.5105,0.9519,0.0427,0.1469,0.351,-0.4822,B,0.1538,0.489,0.359,0.195,0.065
278,152141,-206.32,926,40.0,0.955,0.0589,0.4455,0.532,0.932,0.045,0.1244,0.307,-0.5362,B,0.1777,0.49,0.36,0.195,0.065
279,152479,110.89,338,47.3,0.6188,0.0223,0.462,0.5505,0.9208,0.5016,0.0823,0.4343,-0.579,B,0.116,0.491,0.36,0.195,0.065
280,152929,-368.17,450,0.7,1.0488,0.0029,0.4119,0.559,0.926,0.0,0.0008,0.3034,-0.5699,B,0.1398,0.491,0.361,0.196,0.065
281,153257,-237.58,328,0.0,0.0,0.0,0.4305,0.5471,0.9361,0.0,0.0,0.3871,-0.5491,B,0.1432,0.492,0.361,0.196,0.065
282,153601,-279.01,344,0.0,0.0,0.0,0.4185,0.5173,0.9194,0.0,0.0,0.2635,-0.5052,B,0.1441,0.492,0.361,0.196,0.065
283,155350,299.71,1749,58.3,0.877,0.0873,0.409,0.5583,0.9681,0.1114,0.2511,0.3201,-0.571,B,0.1721,0.494,0.363,0.197,0.066
284,155768,48.01,418,48.3,0.6558,0.0349,0.4628,0.5756,0.9376,0.3218,0.1015,0.4084,-0.6278,B,0.1506,0.495,0.363,0.197,0.066
285,156298,478.36,530,94.3,0.8072,0.103,0.4267,0.5538,0.9309,0.3551,0.4489,0.3025,-0.5819,B,0.1713,0.495,0.364,0.198,0.066
286,156620,-184.49,322,42.9,1.2174,0.0161,0.4591,0.6367,0.9276,0.0003,0.0648,0.2146,-0.716,B,0.153,0.496,0.364,0.198,0.066
287,157097,-364.45,477,0.0,0.0,0.0,0.425,0.5482,0.9254,0.0,0.0,0.3495,-0.5553,B,0.1441,0.496,0.364,0.198,0.066
288,157622,609.64,525,71.8,0.4907,0.1267,0.4533,0.5818,0.9259,0.9086,0.4224,0.3518,-0.6334,B,0.1522,0.497,0.365,0.199,0.066
289,157985,-265.32,363,14.9,1.0625,0.0522,0.4993,0.4756,0.8973,0.0012,0.0403,0.1205,-0.4601,B,0.1223,0.497,0.365,0.199,0.066
290,158788,1207.53,803,96.4,0.608,0.1507,0.4161,0.6124,0.9514,0.7854,0.6184,0.3843,-0.692,B,0.1549,0.498,0.366,0.199,0.066
291,160213,-514.0,1425,18.4,0.6791,0.0427,0.4156,0.5856,0.9773,0.2078,0.044,0.3416,-0.6202,B,0.1175,0.5,0.367,0.2,0.067
292,161233,-669.0,1020,10.6,1.0283,0.0363,0.4068,0.5892,0.9692,0.001,0.0221,0.3596,-0.6196,B,0.1385,0.502,0.368,0.201,0.067
293,162233,-799.93,1000,0.0,0.0,0.0,0.4273,0.6223,0.9793,0.0,0.0,0.3989,-0.6884,B,0.1236,0.503,0.369,0.201,0.067
294,162405,-59.89,172,50.0,0.9657,0.0474,0.5249,0.512,0.8092,0.0224,0.1293,0.2221,-0.5372,B,0.1248,0.503,0.369,0.202,0.067
295,162802,-27.92,397,51.1,0.8786,0.11,0.4525,0.5112,0.9056,0.0554,0.2618,0.1818,-0.4965,B,0.1221,0.503,0.369,0.202,0.067
296,163450,766.87,648,84.3,0.5746,0.1064,0.4426,0.5961,0.9348,0.8089,0.4195,0.3541,-0.65,B,0.1221,0.504,0.37,0.202,0.067
297,163888,461.16,438,98.9,0.851,0.0934,0.4382,0.5409,0.9452,0.463,0.4062,0.3513,-0.5558,B,0.1212,0.505,0.37,0.202,0.067
298,164633,-580.19,745,0.0,0.0,0.0,0.3892,0.5696,0.9645,0.0,0.0,0.329,-0.5766,B,0.1741,0.506,0.371,0.203,0.068
299,165071,-314.18,438,0.0,0.0,0.0,0.4016,0.5355,0.952,0.0,0.0,0.3577,-0.5281,B,0.1655,0.506,0.371,0.203,0.068
300,165307,237.16,236,100.0,0.8079,0.116,0.4631,0.4579,0.8981,0.2186,0.5018,0.3266,-0.4062,B,0.1322,0.507,0.371,0.203,0.068
301,165801,327.86,494,72.7,0.6977,0.0733,0.4787,0.58,0.9094,0.5946,0.2492,0.3409,-0.6454,B,0.1713,0.507,0.371,0.204,0.068
302,166442,-518.54,641,0.0,0.0,0.0,0.4124,0.5863,0.9613,0.0,0.0,0.3472,-0.6212,B,0.144,0.508,0.372,0.204,0.068
303,166809,-258.11,367,0.0,0.0,0.0,0.4546,0.486,0.9205,0.0,0.0,0.3153,-0.4516,B,0.1216,0.509,0.372,0.204,0.068
304,169252,-214.42,2443,30.4,0.806,0.0726,0.3925,0.5484,0.9743,0.166,0.1102,0.4051,-0.5505,B,0.1298,0.512,0.374,0.206,0.069
305,170625,313.8,1373,28.0,0.4232,0.0301,0.4005,0.5096,0.9613,0.537,0.0544,0.3665,-0.4839,B,0.1565,0.513,0.376,0.207,0.069
306,172056,336.83,1431,47.6,0.7649,0.0964,0.4205,0.5279,0.9415,0.2317,0.213,0.397,-0.5296,B,0.152,0.515,0.377,0.208,0.069
307,172489,-265.74,433,6.0,1.059,0.0263,0.4594,0.4752,0.936,0.0041,0.0111,0.3101,-0.439,B,0.1603,0.516,0.377,0.208,0.069
308,172648,-68.84,159,45.3,0.9653,0.0341,0.5197,0.5071,0.8168,0.01,0.0951,0.2183,-0.526,B,0.159,0.516,0.377,0.208,0.069
309,172879,-114.23,231,24.2,1.0111,0.0602,0.4289,0.5969,0.9225,0.0024,0.0718,0.4215,-0.6375,B,0.1682,0.516,0.377,0.208,0.069
310,173096,-68.28,217,33.6,1.0357,0.0489,0.4195,0.5501,0.9262,0.0024,0.0862,0.4179,-0.5632,B,0.1524,0.516,0.378,0.208,0.069
311,173491,-288.34,395,2.5,1.2818,0.0066,0.4341,0.4965,0.8724,0.0,0.0032,0.2896,-0.4594,B,0.164,0.517,0.378,0.208,0.069
312,173875,-290.6,384,0.0,0.0,0.0,0.4356,0.4996,0.8861,0.0,0.0,0.2996,-0.4734,B,0.1736,0.517,0.378,0.209,0.07
313,173951,27.68,76,90.8,0.9626,0.0548,0.5391,0.4338,0.7792,0.0258,0.2561,0.3564,-0.4169,B,0.1531,0.517,0.378,0.209,0.07
314,175740,-456.42,1789,27.4,0.8055,0.1151,0.4023,0.5368,0.9201,0.068,0.1528,0.3252,-0.5272,B,0.1426,0.52,0.38,0.21,0.07
315,176330,-378.56,590,0.0,0.0,0.0,0.3949,0.534,0.9311,0.0,0.0,0.426,-0.5163,B,0.1311,0.52,0.38,0.21,0.07
316,177683,-570.82,1353,14.9,1.0395,0.0369,0.4106,0.529,0.9649,0.0014,0.032,0.4464,-0.5256,B,0.1801,0.522,0.381,0.211,0.07
317,180683,-411.91,3000,22.8,0.7082,0.0956,0.4231,0.536,0.9767,0.1262,0.1055,0.4518,-0.5367,B,0.1899,0.526,0.384,0.213,0.071
318,182197,-882.11,1514,3.6,1.2558,0.0176,0.4104,0.5407,0.9646,0.0,0.0055,0.4371,-0.5366,B,0.1263,0.528,0.385,0.214,0.071
319,182852,-388.52,655,0.0,0.0,0.0,0.3921,0.518,0.9661,0.0,0.0,0.4329,-0.4938,B,0.1414,0.529,0.386,0.214,0.071
320,183361,418.73,509,93.9,0.9349,0.0847,0.3974,0.4894,0.9587,0.1212,0.387,0.4023,-0.4524,B,0.1901,0.529,0.386,0.215,0.072
321,184546,79.04,1185,40.1,0.7175,0.1169,0.4599,0.5785,0.9513,0.2985,0.2151,0.3163,-0.624,B,0.1545,0.531,0.387,0.215,0.072
322,185149,217.64,603,35.3,0.5969,0.1761,0.4415,0.4761,0.9249,0.4005,0.2612,0.3604,-0.4381,B,0.1684,0.531,0.388,0.216,0.072
323,185965,-625.24,816,0.0,0.0,0.0,0.421,0.6083,0.971,0.0,0.0,0.4107,-0.6502,B,0.1707,0.532,0.388,0.216,0.072
324,186965,-669.25,1000,0.0,0.0,0.0,0.3932,0.5746,0.9797,0.0,0.0,0.4243,-0.5835,B,0.1251,0.534,0.389,0.217,0.072
325,188589,-296.68,1624,17.9,0.6745,0.1637,0.4215,0.5195,0.9658,0.0969,0.1191,0.4503,-0.4987,B,0.1699,0.536,0.39,0.218,0.073
326,189938,-574.77,1349,15.8,0.9224,0.0614,0.4575,0.5156,0.9342,0.0116,0.0501,0.406,-0.5094,B,0.1669,0.537,0.392,0.219,0.073
327,190105,91.87,167,100.0,1.0202,0.0667,0.4257,0.5705,0.914,0.0809,0.3276,0.4641,-0.6164,B,0.1459,0.538,0.392,0.219,0.073
328,190898,77.56,793,50.9,0.7737,0.1033,0.4693,0.5479,0.934,0.1968,0.2534,0.2625,-0.5714,B,0.1743,0.539,0.392,0.219,0.073
329,191853,-674.64,955,6.9,1.1713,0.0157,0.4281,0.5752,0.9741,0.0002,0.0105,0.3383,-0.6012,B,0.1961,0.54,0.393,0.22,0.073
330,192233,-225.02,380,8.4,1.0885,0.0256,0.4278,0.5575,0.9444,0.0004,0.0148,0.4302,-0.5686,B,0.1591,0.54,0.394,0.22,0.073
331,192684,-327.18,451,13.5,1.2159,0.0264,0.4934,0.5552,0.9103,0.0002,0.0252,0.2672,-0.5855,B,0.1906,0.541,0.394,0.22,0.073
332,193824,224.39,1140,46.7,0.8223,0.1279,0.4492,0.5496,0.9525,0.2054,0.2756,0.3714,-0.579,B,0.1305,0.542,0.395,0.221,0.074
333,194642,795.29,818,80.3,0.6324,0.1214,0.4636,0.5271,0.9066,0.5278,0.4358,0.357,-0.545,B,0.161,0.543,0.396,0.222,0.074
334,195174,-553.61,532,0.0,0.0,0.0,0.4608,0.5922,0.9368,0.0,0.0,0.1626,-0.6529,B,0.1789,0.544,0.396,0.222,0.074
335,195715,376.4,541,97.2,0.8317,0.1135,0.4417,0.6264,0.9388,0.2081,0.5069,0.2884,-0.713,B,0.133,0.545,0.396,0.222,0.074
336,196387,493.5,672,85.3,0.7291,0.1153,0.4734,0.6173,0.9475,0.459,0.44,0.2541,-0.7163,B,0.1616,0.545,0.397,0.223,0.074
337,197058,79.71,671,49.0,0.6786,0.0911,0.5026,0.5256,0.884,0.3393,0.2076,0.2436,-0.5509,B,0.1595,0.546,0.398,0.223,0.074
338,197736,475.6,678,73.6,0.7783,0.1116,0.4414,0.4923,0.9395,0.2236,0.3868,0.3805,-0.4708,B,0.1601,0.547,0.398,0.224,0.075
339,198914,-702.57,1178,4.2,0.8669,0.0278,0.4154,0.5496,0.9527,0.0021,0.0078,0.4364,-0.553,B,0.1646,0.549,0.399,0.224,0.075
340,199247,403.67,333,99.4,0.7429,0.1423,0.5191,0.5015,0.9054,0.3485,0.6449,0.3755,-0.5154,B,0.1382,0.549,0.399,0.225,0.075
341,199595,148.98,348,74.4,0.8238,0.0413,0.4846,0.5293,0.9165,0.3959,0.1712,0.2302,-0.5364,B,0.1907,0.549,0.4,0.225,0.075
342,200131,244.0,536,64.9,0.7868,0.0842,0.4414,0.5351,0.9441,0.2771,0.2628,0.3862,-0.5415,B,0.1669,0.55,0.4,0.225,0.075
343,201255,-802.84,1124,3.8,0.9028,0.0185,0.4612,0.5667,0.9298,0.0012,0.006,0.3844,-0.6001,B,0.1807,0.552,0.401,0.226,0.075
344,201603,-181.74,348,16.7,1.1219,0.0133,0.4632,0.5624,0.9452,0.0012,0.0242,0.4558,-0.6113,B,0.1583,0.552,0.401,0.226,0.075
345,202283,-545.47,680,0.0,0.0,0.0,0.4636,0.5683,0.9208,0.0,0.0,0.3479,-0.5957,B,0.1691,0.553,0.402,0.226,0.075
346,202952,765.79,669,72.5,0.6308,0.1305,0.4588,0.5431,0.9276,0.7367,0.4447,0.3836,-0.5588,B,0.1515,0.554,0.402,0.227,0.076
347,203451,691.36,499,97.6,0.699,0.126,0.4504,0.6071,0.9448,0.7786,0.5335,0.3552,-0.6788,B,0.1371,0.554,0.403,0.227,0.076
348,204275,-704.19,824,0.0,0.0,0.0,0.428,0.58,0.9506,0.0,0.0,0.2908,-0.6086,B,0.1778,0.555,0.404,0.228,0.076
349,204976,427.09,701,62.2,0.6554,0.1738,0.4859,0.5408,0.8692,0.4088,0.4604,0.3507,-0.5712,B,0.1419,0.556,0.404,0.228,0.076
350,205141,-142.45,165,0.6,1.229,0.0088,0.4157,0.5082,0.8679,0.0,0.0008,0.2228,-0.4655,B,0.1369,0.556,0.404,0.228,0.076
351,205541,284.34,400,97.0,0.8955,0.1039,0.4175,0.5417,0.9378,0.055,0.4736,0.3255,-0.5467,B,0.1953,0.557,0.405,0.228,0.076
352,205899,-23.29,358,24.9,0.5552,0.1842,0.4142,0.5474,0.9337,0.266,0.186,0.4053,-0.5437,B,0.1641,0.557,0.405,0.229,0.076
353,206405,458.26,506,82.8,0.745,0.0922,0.435,0.5361,0.9381,0.5095,0.3476,0.3746,-0.5459,B,0.1943,0.558,0.405,0.229,0.076
354,206550,-127.18,145,2.1,0.8661,0.0498,0.4612,0.5082,0.857,0.0018,0.0052,0.2478,-0.5052,B,0.2025,0.558,0.405,0.229,0.076
355,207259,539.56,709,61.5,0.599,0.1135,0.5063,0.4925,0.8862,0.6596,0.3323,0.2803,-0.4957,B,0.1511,0.559,0.406,0.23,0.077
356,208815,-182.15,1556,45.4,0.8906,0.0634,0.4261,0.5726,0.9634,0.0358,0.1447,0.382,-0.6042,B,0.1356,0.561,0.407,0.231,0.077
357,209551,1176.32,736,92.4,0.6616,0.1204,0.441,0.5667,0.9464,0.9817,0.5166,0.3452,-0.593,B,0.1428,0.562,0.408,0.231,0.077
358,210492,-788.26,941,0.0,0.0,0.0,0.4191,0.6121,0.9659,0.0,0.0,0.3562,-0.6662,B,0.1982,0.563,0.409,0.232,0.077
359,211459,-816.28,967,0.0,0.0,0.0,0.416,0.597,0.9636,0.0,0.0,0.3251,-0.6408,B,0.1306,0.564,0.41,0.232,0.077
360,211801,316.32,342,89.2,0.7623,0.1091,0.4217,0.5339,0.9241,0.3828,0.4472,0.3261,-0.5387,B,0.1639,0.565,0.41,0.232,0.077
361,213179,-280.07,1378,31.5,0.7023,0.0798,0.4078,0.5901,0.9558,0.1917,0.1188,0.3256,-0.6239,B,0.1574,0.566,0.411,0.233,0.078
362,214061,-644.96,882,4.8,1.2699,0.0052,0.4148,0.5604,0.9474,0.0,0.006,0.325,-0.5722,B,0.1294,0.568,0.412,0.234,0.078
363,214169,60.57,108,100.0,0.8566,0.0942,0.5124,0.5067,0.8634,0.1047,0.4363,0.286,-0.5316,B,0.1488,0.568,0.412,0.234,0.078
364,214474,289.56,305,83.0,0.8222,0.1168,0.511,0.4784,0.877,0.3855,0.4327,0.4105,-0.4793,B,0.1442,0.568,0.412,0.234,0.078
365,215081,-343.55,607,13.3,0.9278,0.0235,0.4207,0.5676,0.9464,0.0037,0.0228,0.3985,-0.5816,B,0.1634,0.569,0.413,0.234,0.078
366,215960,-329.52,879,31.6,0.9239,0.0557,0.4875,0.5582,0.929,0.017,0.0964,0.3535,-0.6012,B,0.1522,0.57,0.413,0.235,0.078
367,218320,925.32,2360,52.2,0.7228,0.1176,0.4104,0.5824,0.9718,0.2947,0.2843,0.4311,-0.6139,B,0.1515,0.573,0.415,0.236,0.079
368,221320,1251.3,3000,58.3,0.7833,0.106,0.4229,0.5555,0.9701,0.2027,0.2935,0.4273,-0.5687,B,0.1695,0.577,0.418,0.238,0.079
369,221966,849.61,646,98.3,0.6602,0.1423,0.4038,0.538,0.9424,0.502,0.6284,0.3164,-0.5376,B,0.1631,0.577,0.418,0.239,0.08
370,223662,764.21,1696,57.3,0.7066,0.1246,0.4051,0.548,0.9672,0.2337,0.3282,0.4065,-0.5521,B,0.1561,0.58,0.42,0.24,0.08
371,223794,-106.31,132,0.0,0.0,0.0,0.407,0.5262,0.8996,0.0,0.0,0.3317,-0.511,B,0.186,0.58,0.42,0.24,0.08
372,225682,-430.83,1888,16.3,0.5372,0.0366,0.4321,0.577,0.972,0.249,0.0364,0.4546,-0.611,B,0.1868,0.582,0.421,0.241,0.08
373,226407,-447.7,725,6.1,1.1412,0.0124,0.4052,0.6031,0.9738,0.0003,0.0086,0.4817,-0.6411,B,0.141,0.583,0.422,0.242,0.081
374,229407,1650.6,3000,52.8,0.6368,0.1097,0.4091,0.5716,0.9787,0.4729,0.2728,0.3914,-0.5969,B,0.162,0.587,0.425,0.243,0.081
375,230546,288.43,1139,42.7,0.7253,0.1668,0.4197,0.536,0.9552,0.2121,0.3004,0.4004,-0.5266,B,0.1556,0.588,0.425,0.244,0.081
376,232280,163.14,1734,46.5,0.9233,0.0957,0.4044,0.5363,0.9719,0.0672,0.2077,0.4067,-0.5328,B,0.2089,0.59,0.427,0.245,0.082
377,235280,-88.76,3000,32.8,0.7576,0.0914,0.4041,0.5549,0.9768,0.1794,0.1404,0.4115,-0.5673,B,0.1634,0.594,0.429,0.247,0.082
378,237805,1665.36,2525,54.0,0.6113,0.1104,0.4145,0.555,0.9718,0.5695,0.2621,0.3957,-0.5689,B,0.1392,0.597,0.432,0.249,0.083
379,240638,552.88,2833,44.4,0.7479,0.0821,0.4088,0.5515,0.9749,0.2343,0.1753,0.4171,-0.5546,B,0.1881,0.601,0.434,0.25,0.083
380,243638,939.45,3000,50.3,0.7719,0.092,0.4073,0.543,0.9756,0.233,0.2197,0.4114,-0.5371,B,0.1638,0.605,0.436,0.252,0.084
381,244993,548.86,1355,47.9,0.6329,0.1132,0.4347,0.5343,0.9534,0.3882,0.2353,0.4154,-0.5399,B,0.1868,0.606,0.437,0.253,0.084
382,247993,184.88,3000,42.1,0.7931,0.0909,0.4063,0.5526,0.973,0.1304,0.1868,0.4045,-0.5611,B,0.1891,0.61,0.44,0.255,0.085
383,250993,318.78,3000,50.0,0.8071,0.0623,0.4229,0.6132,0.9839,0.1993,0.1565,0.4306,-0.673,B,0.2066,0.614,0.442,0.257,0.086
384,251833,217.24,840,46.5,0.8056,0.0985,0.4123,0.5571,0.9656,0.273,0.2186,0.4095,-0.5711,B,0.168,0.615,0.443,0.257,0.086
385,252308,151.62,475,66.3,0.7913,0.0747,0.4607,0.4898,0.8574,0.2711,0.2398,0.2547,-0.4677,B,0.1403,0.615,0.444,0.258,0.086
386,254681,-669.26,2373,24.1,0.8169,0.059,0.4153,0.5956,0.978,0.1331,0.0761,0.4204,-0.6385,B,0.2197,0.618,0.446,0.259,0.086
387,255392,524.38,711,61.0,0.6177,0.0684,0.4417,0.559,0.9592,0.6735,0.2044,0.3891,-0.5872,B,0.2108,0.619,0.446,0.26,0.087
388,255645,14.62,253,77.1,1.1155,0.0177,0.557,0.5746,0.9398,0.0066,0.1271,0.3977,-0.679,B,0.2095,0.62,0.446,0.26,0.087
389,256887,-145.9,1242,26.4,0.5908,0.0869,0.4425,0.5971,0.9656,0.2626,0.1092,0.4209,-0.6468,B,0.2056,0.621,0.447,0.261,0.087
390,257889,228.77,1002,55.7,0.7417,0.1307,0.4269,0.5695,0.9359,0.1628,0.3282,0.3312,-0.599,B,0.1468,0.622,0.448,0.261,0.087
391,259193,-36.27,1304,33.4,0.6306,0.1251,0.4561,0.5974,0.949,0.2711,0.1905,0.3779,-0.656,B,0.1942,0.624,0.449,0.262,0.087
392,259491,72.29,298,78.5,1.0166,0.0489,0.4534,0.5431,0.938,0.0207,0.202,0.3726,-0.5587,B,0.2074,0.624,0.45,0.262,0.087
393,260561,1417.24,1070,100.0,0.6851,0.0934,0.4123,0.5809,0.9702,0.7372,0.4231,0.3278,-0.6185,B,0.1647,0.626,0.45,0.263,0.088
394,261170,-351.29,609,14.3,0.9296,0.0342,0.4795,0.5327,0.8931,0.0376,0.0292,0.3529,-0.5485,B,0.1624,0.626,0.451,0.263,0.088
395,262037,488.21,867,58.7,0.6678,0.1251,0.4168,0.5819,0.9401,0.4483,0.3473,0.3418,-0.615,B,0.1392,0.628,0.452,0.264,0.088
396,262543,338.94,506,76.7,0.7926,0.0682,0.3906,0.5149,0.9551,0.274,0.2587,0.4029,-0.4859,B,0.147,0.628,0.452,0.264,0.088
397,264354,288.13,1811,47.0,0.7401,0.0917,0.4307,0.5841,0.9598,0.2576,0.2036,0.38,-0.6246,B,0.2006,0.63,0.454,0.265,0.088
398,264932,-499.82,578,0.0,0.0,0.0,0.4503,0.6044,0.9299,0.0,0.0,0.3486,-0.6609,B,0.182,0.631,0.454,0.266,0.089
399,266980,-394.55,2048,24.8,0.7697,0.0759,0.4227,0.579,0.9772,0.17,0.0921,0.4248,-0.6069,B,0.1727,0.634,0.456,0.267,0.089
400,267877,1211.19,897,93.2,0.7194,0.1187,0.4235,0.5697,0.9712,0.6404,0.5169,0.3899,-0.5907,B,0.211,0.635,0.457,0.267,0.089
401,269737,-550.02,1860,28.5,0.9099,0.0455,0.413,0.5975,0.9706,0.0789,0.0721,0.4263,-0.6388,B,0.2189,0.637,0.458,0.269,0.09
402,270141,389.1,404,88.9,0.8484,0.1039,0.4492,0.5867,0.9636,0.4133,0.4419,0.3911,-0.6311,B,0.1664,0.638,0.458,0.269,0.09
403,270583,-64.19,442,43.7,1.1104,0.0257,0.445,0.5251,0.937,0.0118,0.079,0.419,-0.5308,B,0.1964,0.638,0.459,0.269,0.09
404,273583,-1030.36,3000,20.6,0.9179,0.0877,0.404,0.5961,0.9851,0.0602,0.084,0.4502,-0.6366,B,0.2281,0.642,0.461,0.271,0.09
405,276547,1182.14,2964,57.6,0.8125,0.0941,0.3983,0.5675,0.9769,0.2238,0.2567,0.4404,-0.5829,B,0.1649,0.646,0.464,0.273,0.091
406,276668,110.97,121,100.0,0.8676,0.1206,0.424,0.5288,0.8954,0.0964,0.5526,0.4412,-0.515,B,0.1743,0.646,0.464,0.273,0.091
407,277305,271.25,637,66.9,0.8858,0.1067,0.4362,0.6122,0.9646,0.2375,0.3314,0.4138,-0.6817,B,0.1859,0.647,0.464,0.273,0.091
408,278269,34.41,964,39.3,0.8674,0.1056,0.4169,0.5701,0.9611,0.1635,0.1941,0.4328,-0.6043,B,0.1524,0.648,0.465,0.274,0.091
409,278802,291.93,533,80.1,0.7858,0.1295,0.4638,0.6023,0.9118,0.1782,0.4924,0.3365,-0.6676,B,0.1579,0.648,0.466,0.274,0.091
410,279178,-230.04,376,1.6,0.9001,0.0584,0.3723,0.5449,0.9655,0.0017,0.0048,0.454,-0.5381,B,0.2278,0.649,0.466,0.274,0.091
411,279288,-23.41,110,45.5,0.9867,0.0568,0.4866,0.54,0.9005,0.0102,0.134,0.4069,-0.5786,B,0.213,0.649,0.466,0.275,0.092
412,279968,-353.51,680,2.4,0.9104,0.1071,0.3459,0.5315,0.9821,0.0028,0.0123,0.4792,-0.503,B,0.2104,0.65,0.467,0.275,0.092
413,281210,179.12,1242,31.6,0.6356,0.1319,0.4205,0.5429,0.9373,0.3768,0.19,0.3761,-0.5435,B,0.2169,0.652,0.468,0.276,0.092
414,282237,-317.73,1027,24.1,0.9719,0.0476,0.3666,0.5645,0.9812,0.0086,0.0618,0.4724,-0.5643,B,0.1824,0.653,0.469,0.276,0.092
415,284459,460.69,2222,49.3,0.7876,0.0954,0.4102,0.5722,0.9752,0.1907,0.2212,0.412,-0.5904,B,0.1685,0.656,0.47,0.278,0.093
416,285255,-63.62,796,36.2,0.8608,0.0457,0.4043,0.5374,0.9636,0.1372,0.0878,0.3945,-0.5311,B,0.1999,0.657,0.471,0.278,0.093
417,285704,199.57,449,75.5,0.9037,0.0927,0.4242,0.5424,0.9582,0.0548,0.3356,0.3949,-0.5456,B,0.1591,0.657,0.471,0.279,0.093
418,288609,589.19,2905,40.9,0.6686,0.0917,0.403,0.5879,0.9825,0.3094,0.1789,0.4407,-0.6196,B,0.2349,0.661,0.474,0.28,0.093
419,288997,-242.45,388,0.0,0.0,0.0,0.387,0.5441,0.9593,0.0,0.0,0.455,-0.5337,B,0.2298,0.661,0.474,0.281,0.094
420,289539,-133.69,542,33.6,0.9317,0.0741,0.4015,0.5829,0.9652,0.0101,0.1181,0.4298,-0.6016,B,0.2357,0.662,0.475,0.281,0.094
421,290163,-137.41,624,34.3,0.9584,0.071,0.4028,0.5814,0.9667,0.01,0.1167,0.456,-0.603,B,0.1826,0.663,0.475,0.281,0.094
422,290259,0.37,96,71.9,1.1826,0.0132,0.5432,0.4491,0.8285,0.0008,0.1032,0.3185,-0.45,B,0.2315,0.663,0.475,0.281,0.094
423,290866,-51.15,607,46.1,0.982,0.0568,0.457,0.529,0.939,0.0125,0.131,0.3959,-0.5298,B,0.185,0.664,0.476,0.282,0.094
424,293077,32.96,2211,44.2,0.8928,0.0929,0.4124,0.5593,0.9683,0.0788,0.1963,0.3971,-0.5734,B,0.1613,0.666,0.478,0.283,0.094
425,293740,-293.12,663,18.7,0.9227,0.0465,0.3977,0.5726,0.9685,0.0093,0.0512,0.4421,-0.5886,B,0.1758,0.667,0.478,0.284,0.095
426,294091,556.13,351,72.9,0.4944,0.0739,0.4112,0.5256,0.9531,1.2115,0.2628,0.4565,-0.5106,B,0.196,0.668,0.478,0.284,0.095
427,294816,-482.07,725,0.8,0.972,0.0037,0.3852,0.5942,0.9785,0.0001,0.001,0.4756,-0.6253,B,0.2022,0.669,0.479,0.284,0.095
428,295361,536.54,545,74.9,0.6677,0.1574,0.4472,0.5599,0.964,0.5396,0.4927,0.3404,-0.5807,B,0.2185,0.669,0.479,0.285,0.095
429,297088,287.07,1727,37.0,0.6971,0.0886,0.4016,0.5415,0.9811,0.2631,0.1568,0.4458,-0.5495,B,0.1843,0.671,0.481,0.286,0.095
430,298631,-997.54,1543,0.8,1.071,0.0125,0.3775,0.593,0.9885,0.0001,0.0012,0.4763,-0.6202,B,0.2272,0.673,0.482,0.287,0.096
431,299020,221.01,389,56.0,0.5751,0.0908,0.3994,0.5921,0.9637,0.5111,0.2376,0.4397,-0.6275,B,0.1982,0.674,0.483,0.287,0.096
432,299516,-140.4,496,26.4,1.1539,0.0357,0.3859,0.511,0.9601,0.0005,0.0549,0.4233,-0.4854,B,0.2212,0.674,0.483,0.287,0.096
433,302516,-1861.27,3000,5.0,0.9616,0.0745,0.3915,0.5952,0.9839,0.0065,0.0184,0.4446,-0.6326,B,0.1799,0.678,0.485,0.289,0.096
434,302960,-254.43,444,0.0,0.0,0.0,0.379,0.5331,0.9733,0.0,0.0,0.4742,-0.5114,B,0.2022,0.679,0.486,0.289,0.096
435,302996,-34.2,36,11.1,0.8952,0.0674,0.6092,0.5119,0.7156,0.0085,0.0354,0.4145,-0.5565,B,0.181,0.679,0.486,0.289,0.096
436,303020,-25.58,24,0.0,0.0,0.0,0.6374,0.3787,0.5384,0.0,0.0,0.4325,-0.3508,B,0.1698,0.679,0.486,0.289,0.096
437,303144,-59.86,124,22.6,1.026,0.0511,0.5367,0.4833,0.8659,0.002,0.06,0.3638,-0.4857,B,0.2088,0.679,0.486,0.289,0.096
438,303192,42.91,48,97.9,0.6963,0.1351,0.5824,0.4541,0.7864,0.483,0.6224,0.3599,-0.4367,B,0.2148,0.679,0.486,0.289,0.096
439,303418,-179.17,226,0.0,0.0,0.0,0.4396,0.5031,0.9195,0.0,0.0,0.2871,-0.4954,B,0.1863,0.679,0.486,0.29,0.097
440,304003,-108.21,585,28.0,1.0585,0.0923,0.381,0.541,0.9766,0.0034,0.1269,0.4637,-0.5292,B,0.2348,0.68,0.487,0.29,0.097
441,304124,67.53,121,89.3,1.0069,0.0751,0.4412,0.4885,0.9097,0.0363,0.3307,0.3801,-0.449,B,0.2148,0.68,0.487,0.29,0.097
442,304204,-70.54,80,0.0,0.0,0.0,0.5054,0.5749,0.8728,0.0,0.0,0.4418,-0.6349,B,0.2169,0.68,0.487,0.29,0.097
443,304607,-220.13,403,17.6,1.1275,0.0321,0.4265,0.6292,0.9652,0.0014,0.0351,0.4714,-0.6885,B,0.2049,0.681,0.487,0.29,0.097
444,304689,42.61,82,100.0,1.0215,0.0625,0.5756,0.4251,0.8241,0.0255,0.3072,0.3807,-0.3847,B,0.2333,0.681,0.487,0.29,0.097
445,304714,-21.32,25,16.0,0.5957,0.0618,0.6135,0.3847,0.5891,0.1641,0.0474,0.4432,-0.3523,B,0.2333,0.681,0.487,0.29,0.097
446,305995,-383.92,1281,27.2,1.0469,0.0455,0.3863,0.5453,0.974,0.0032,0.0671,0.4216,-0.5423,B,0.173,0.682,0.488,0.291,0.097
447,306021,-6.49,26,65.4,0.9921,0.0651,0.6556,0.3832,0.5828,0.0077,0.2047,0.3812,-0.3844,B,0.1794,0.683,0.488,0.291,0.097
448,306782,-495.99,761,0.0,0.0,0.0,0.3779,0.5877,0.978,0.0,0.0,0.4772,-0.6048,B,0.2149,0.683,0.489,0.292,0.097
449,306853,-55.33,71,0.0,0.0,0.0,0.4827,0.5247,0.8247,0.0,0.0,0.4642,-0.515,B,0.2123,0.684,0.489,0.292,0.097
450,307016,134.59,163,98.8,0.8099,0.1082,0.4617,0.5301,0.9087,0.0927,0.5052,0.4225,-0.5268,B,0.1868,0.684,0.489,0.292,0.097
451,307525,570.58,509,61.7,0.5227,0.0393,0.4137,0.5581,0.9473,1.0481,0.1334,0.4246,-0.5599,B,0.2263,0.684,0.49,0.292,0.097
452,307857,440.67,332,73.8,0.6105,0.1052,0.4378,0.5424,0.938,0.9882,0.3405,0.4201,-0.5536,B,0.1897,0.685,0.49,0.292,0.097
453,307880,-23.52,23,0.0,0.0,0.0,0.7495,0.297,0.5225,0.0,0.0,0.44,-0.289,B,0.1719,0.685,0.49,0.292,0.097
454,309318,-448.68,1438,27.6,0.8488,0.067,0.4055,0.5918,0.9804,0.0276,0.0939,0.4269,-0.62,B,0.1801,0.687,0.491,0.293,0.098
455,310142,99.88,824,40.7,0.823,0.1073,0.4242,0.5435,0.9515,0.204,0.2103,0.4084,-0.5487,B,0.1946,0.688,0.492,0.294,0.098
456,310822,-486.64,680,0.0,0.0,0.0,0.3982,0.6157,0.9764,0.0,0.0,0.4773,-0.6664,B,0.2244,0.689,0.492,0.294,0.098
457,310861,-12.67,39,59.0,1.0436,0.0541,0.5937,0.4625,0.6252,0.0264,0.169,0.3961,-0.4699,B,0.2414,0.689,0.492,0.294,0.098
458,311452,-100.95,591,29.9,0.844,0.1075,0.398,0.5622,0.9703,0.0227,0.1523,0.4605,-0.5721,B,0.227,0.689,0.493,0.295,0.098
459,312203,123.43,751,47.9,0.8039,0.1097,0.4445,0.5457,0.95,0.1413,0.2467,0.4258,-0.5605,B,0.1604,0.69,0.493,0.295,0.098
460,312218,-22.45,15,0.0,0.0,0.0,0.7881,0.3545,0.4586,0.0,0.0,0.3394,-0.3987,B,0.158,0.69,0.494,0.295,0.098
461,312292,33.84,74,83.8,0.956,0.1014,0.4895,0.526,0.853,0.0491,0.4031,0.4126,-0.5258,B,0.1802,0.69,0.494,0.295,0.098
462,312453,-93.85,161,13.0,0.8157,0.0898,0.4174,0.545,0.8893,0.0124,0.0577,0.3997,-0.5432,B,0.1527,0.691,0.494,0.295,0.098
463,313327,-161.89,874,28.9,0.7289,0.0567,0.3981,0.596,0.9809,0.1369,0.0838,0.46,-0.6339,B,0.1742,0.692,0.494,0.296,0.099
464,313351,-19.27,24,20.8,0.6726,0.0684,0.7128,0.3129,0.5394,0.0869,0.0676,0.3988,-0.2633,B,0.2159,0.692,0.494,0.296,0.099
465,313390,-26.72,39,23.1,0.6479,0.1096,0.5892,0.4413,0.6963,0.1876,0.1202,0.4036,-0.4211,B,0.1592,0.692,0.494,0.296,0.099
466,313413,-29.41,23,0.0,0.0,0.0,0.727,0.3801,0.4074,0.0,0.0,0.3657,-0.4135,B,0.202,0.692,0.495,0.296,0.099
467,314246,-277.18,833,23.8,0.9009,0.0514,0.4032,0.5803,0.9598,0.0644,0.0634,0.4464,-0.6066,B,0.2053,0.693,0.495,0.296,0.099
468,314265,-20.34,19,10.5,1.1908,0.0068,0.6621,0.3952,0.5162,0.0001,0.0135,0.4578,-0.3784,B,0.1749,0.693,0.495,0.296,0.099
469,314674,-297.33,409,0.0,0.0,0.0,0.4207,0.6073,0.9723,0.0,0.0,0.4704,-0.659,B,0.1609,0.693,0.496,0.297,0.099
470,315047,-226.53,373,0.0,0.0,0.0,0.3829,0.5532,0.967,0.0,0.0,0.4878,-0.5518,B,0.2095,0.694,0.496,0.297,0.099
471,315074,-31.02,27,0.0,0.0,0.0,0.6569,0.4906,0.5619,0.0,0.0,0.4455,-0.5051,B,0.1879,0.694,0.496,0.297,0.099
472,315090,-21.56,16,0.0,0.0,0.0,0.6676,0.3489,0.4574,0.0,0.0,0.4062,-0.3576,B,0.236,0.694,0.496,0.297,0.099
473,315116,-19.66,26,15.4,0.5627,0.0718,0.7793,0.2729,0.6331,0.1845,0.0524,0.4088,-0.2517,B,0.172,0.694,0.496,0.297,0.099
474,317664,-251.05,2548,30.7,0.7891,0.1101,0.4116,0.559,0.9773,0.097,0.1539,0.449,-0.5812,B,0.2278,0.697,0.498,0.299,0.1
475,318424,76.91,760,33.6,0.7228,0.1349,0.4274,0.5919,0.9714,0.2527,0.2094,0.4674,-0.6296,B,0.2129,0.698,0.499,0.299,0.1
476,319403,499.83,979,70.1,0.8018,0.0849,0.4172,0.584,0.968,0.283,0.2899,0.3861,-0.6141,B,0.2238,0.699,0.499,0.3,0.1
477,319422,-23.92,19,0.0,0.0,0.0,0.679,0.3875,0.5053,0.0,0.0,0.3951,-0.3804,B,0.2418,0.699,0.5,0.3,0.1
478,321081,350.76,1659,38.9,0.684,0.092,0.4187,0.5609,0.9731,0.3395,0.1746,0.4109,-0.579,C,0.1935,0.707,0.504,0.304,0.101
479,321116,-30.15,35,34.3,1.1434,0.0072,0.7027,0.4707,0.626,0.0013,0.0443,0.3557,-0.6257,C,0.2089,0.707,0.504,0.304,0.101
480,321406,229.64,290,91.7,0.8402,0.1348,0.4345,0.5462,0.891,0.1011,0.5724,0.3657,-0.5542,C,0.1645,0.709,0.505,0.305,0.101
481,321787,129.0,381,62.5,0.8206,0.1207,0.4456,0.56,0.939,0.1488,0.3556,0.3636,-0.588,C,0.2011,0.711,0.507,0.307,0.101
482,321811,15.76,24,95.8,0.6907,0.1978,0.5565,0.4293,0.5393,0.3668,0.7878,0.4431,-0.3686,C,0.1993,0.711,0.507,0.307,0.101
483,321910,36.43,99,89.9,0.9508,0.0449,0.4566,0.4666,0.8174,0.0202,0.2256,0.3603,-0.4205,C,0.2073,0.712,0.507,0.307,0.101
484,321946,-35.41,36,0.0,0.0,0.0,0.539,0.4516,0.6146,0.0,0.0,0.4083,-0.4215,C,0.2063,0.712,0.507,0.307,0.101
485,321963,-14.87,17,35.3,0.9776,0.0482,0.7715,0.2965,0.3761,0.0109,0.0872,0.438,-0.2697,C,0.2314,0.712,0.507,0.307,0.101
486,321998,-39.23,35,0.0,0.0,0.0,0.6128,0.4028,0.4624,0.0,0.0,0.2858,-0.3523,C,0.1757,0.712,0.507,0.307,0.101
487,322029,7.18,31,90.3,0.9124,0.0801,0.6204,0.3991,0.5942,0.0577,0.3444,0.4029,-0.3616,C,0.1991,0.713,0.508,0.308,0.101
488,322133,-64.98,104,5.8,1.0076,0.0425,0.463,0.4911,0.8716,0.0006,0.0136,0.4409,-0.4644,C,0.2469,0.713,0.508,0.308,0.101
489,322149,-21.49,16,0.0,0.0,0.0,0.7188,0.3757,0.4519,0.0,0.0,0.474,-0.4178,C,0.1839,0.713,0.508,0.308,0.101
490,322323,120.11,174,100.0,0.9412,0.0692,0.4261,0.5528,0.9348,0.0634,0.3384,0.4752,-0.5636,C,0.2086,0.714,0.509,0.309,0.101
491,322394,55.44,71,100.0,0.8649,0.1056,0.552,0.442,0.8292,0.1354,0.4932,0.4652,-0.4134,C,0.168,0.715,0.509,0.309,0.101
492,322415,-14.33,21,33.3,0.6173,0.0946,0.5949,0.3597,0.5364,0.3952,0.152,0.4418,-0.2706,C,0.2087,0.715,0.509,0.309,0.102
493,322457,-38.21,42,0.0,0.0,0.0,0.5635,0.4515,0.654,0.0,0.0,0.4265,-0.4251,C,0.2224,0.715,0.509,0.309,0.102
494,322535,-49.14,78,10.3,0.6954,0.1072,0.4438,0.4736,0.8334,0.0605,0.0526,0.4197,-0.4441,C,0.2344,0.716,0.509,0.309,0.102
495,322554,-25.29,19,0.0,0.0,0.0,0.6253,0.4081,0.4034,0.0,0.0,0.3657,-0.372,C,0.1888,0.716,0.51,0.31,0.102
496,322588,-6.28,34,55.9,0.9437,0.0281,0.6773,0.3677,0.7193,0.0114,0.103,0.4502,-0.3772,C,0.2042,0.716,0.51,0.31,0.102
497,322605,-19.39,17,0.0,0.0,0.0,0.6734,0.3137,0.429,0.0,0.0,0.4829,-0.2497,C,0.2487,0.716,0.51,0.31,0.102
498,322626,-28.02,21,4.8,1.068,0.0029,0.7215,0.3877,0.4237,0.0002,0.0057,0.3242,-0.4477,C,0.2113,0.716,0.51,0.31,0.102
499,322643,-20.47,17,0.0,0.0,0.0,0.7407,0.2739,0.3622,0.0,0.0,0.3867,-0.1839,C,0.2374,0.716,0.51,0.31,0.102
500,322661,-23.82,18,0.0,0.0,0.0,0.78,0.307,0.2951,0.0,0.0,0.3711,-0.2863,C,0.1814,0.717,0.51,0.31,0.102
501,322682,-22.61,21,0.0,0.0,0.0,0.7159,0.3402,0.4268,0.0,0.0,0.471,-0.285,C,0.2225,0.717,0.51,0.31,0.102
502,322820,183.8,138,85.5,0.6389,0.1603,0.5422,0.4457,0.8393,0.703,0.6387,0.3315,-0.4293,C,0.2389,0.718,0.511,0.311,0.102
503,322922,-62.04,102,0.0,0.0,0.0,0.4327,0.4229,0.8532,0.0,0.0,0.4246,-0.3615,C,0.2281,0.718,0.511,0.311,0.102
504,323172,175.45,250,99.6,0.996,0.0877,0.4461,0.5696,0.9412,0.0243,0.4191,0.4428,-0.5929,C,0.2132,0.72,0.512,0.312,0.102
505,323202,-6.43,30,83.3,1.1186,0.0275,0.5944,0.4962,0.6387,0.0026,0.1524,0.359,-0.5214,C,0.2425,0.72,0.512,0.312,0.102
506,323221,-12.88,19,52.6,0.7655,0.1014,0.7021,0.3428,0.3244,0.3715,0.2587,0.4406,-0.3033,C,0.1785,0.72,0.512,0.312,0.102
507,323239,-19.65,18,5.6,1.1626,0.0049,0.6995,0.3355,0.4834,0.0001,0.0069,0.4713,-0.3049,C,0.1687,0.72,0.512,0.312,0.102
508,323305,19.04,66,90.9,0.8352,0.0556,0.5277,0.5071,0.8125,0.0678,0.2546,0.3266,-0.4991,C,0.181,0.721,0.512,0.312,0.102
509,323974,-82.66,669,30.3,0.7313,0.178,0.4585,0.5883,0.9442,0.1509,0.2162,0.4168,-0.6498,C,0.2176,0.725,0.515,0.315,0.102
510,324292,373.32,318,85.8,0.7285,0.1196,0.4371,0.5088,0.8916,0.5924,0.486,0.3455,-0.5071,C,0.1959,0.727,0.516,0.316,0.103
511,324541,247.68,249,88.0,0.8167,0.1326,0.5023,0.5488,0.9166,0.416,0.5427,0.3745,-0.5852,C,0.2083,0.728,0.517,0.317,0.103
512,325210,113.51,669,33.3,0.5623,0.1077,0.4084,0.5784,0.9588,0.3768,0.1645,0.4404,-0.6023,C,0.2388,0.733,0.52,0.32,0.103
513,325301,21.2,91,83.5,0.9518,0.0534,0.4845,0.5726,0.8651,0.0217,0.2401,0.4263,-0.6078,C,0.1985,0.733,0.52,0.32,0.103
514,325323,-23.67,22,0.0,0.0,0.0,0.7822,0.3108,0.5365,0.0,0.0,0.4794,-0.3691,C,0.222,0.733,0.52,0.32,0.103
515,325457,-103.59,134,0.0,0.0,0.0,0.4207,0.4984,0.8641,0.0,0.0,0.3333,-0.4638,C,0.2499,0.734,0.52,0.32,0.103
516,325709,-161.87,252,0.0,0.0,0.0,0.4101,0.5411,0.9353,0.0,0.0,0.4596,-0.5299,C,0.2319,0.736,0.521,0.321,0.104
517,325743,7.14,34,79.4,0.9925,0.0507,0.7524,0.3051,0.6647,0.0222,0.2085,0.4562,-0.2963,C,0.2235,0.736,0.522,0.322,0.104
518,325763,-21.49,20,0.0,0.0,0.0,0.81,0.2763,0.4971,0.0,0.0,0.4701,-0.2929,C,0.2042,0.736,0.522,0.322,0.104
519,325956,214.78,193,99.0,0.7991,0.1642,0.4607,0.5616,0.9301,0.2057,0.7311,0.4276,-0.6035,C,0.2305,0.737,0.522,0.322,0.104
520,326159,244.79,203,99.5,0.6911,0.1448,0.4647,0.5222,0.8903,0.3809,0.6305,0.3989,-0.5211,C,0.21,0.738,0.523,0.323,0.104
521,326497,66.83,338,44.7,0.7429,0.1361,0.4572,0.489,0.9272,0.1631,0.2761,0.3713,-0.4674,C,0.1885,0.741,0.524,0.324,0.104
522,326668,446.33,171,97.7,0.3657,0.1074,0.4451,0.5039,0.8844,1.9445,0.4635,0.4201,-0.4712,C,0.2231,0.742,0.525,0.325,0.104
523,326682,-18.67,14,0.0,0.0,0.0,0.757,0.2686,0.3754,0.0,0.0,0.4088,-0.2158,C,0.2299,0.742,0.525,0.325,0.104
524,326697,-19.97,15,0.0,0.0,0.0,0.7126,0.3321,0.365,0.0,0.0,0.4476,-0.2949,C,0.1666,0.742,0.525,0.325,0.104
525,326720,-20.86,23,21.7,0.8347,0.0531,0.6944,0.3606,0.3771,0.0391,0.0582,0.456,-0.3345,C,0.2488,0.742,0.525,0.325,0.104
526,326929,249.71,209,98.1,0.6886,0.1461,0.4602,0.5326,0.9121,0.4581,0.6476,0.2758,-0.5367,C,0.2404,0.743,0.526,0.326,0.104
527,327001,140.39,72,95.8,0.4724,0.1448,0.5154,0.4425,0.8328,1.2717,0.5774,0.3615,-0.4016,C,0.2142,0.744,0.526,0.326,0.104
528,327084,43.34,83,90.4,0.8581,0.111,0.4739,0.5474,0.8188,0.0657,0.4713,0.3921,-0.5671,C,0.1762,0.744,0.527,0.327,0.104
529,327100,-20.78,16,0.0,0.0,0.0,0.7463,0.2484,0.3106,0.0,0.0,0.3486,-0.1779,C,0.2386,0.744,0.527,0.327,0.104
530,327150,16.86,50,90.0,0.965,0.055,0.7472,0.3348,0.7813,0.2467,0.268,0.4008,-0.3396,C,0.2011,0.745,0.527,0.327,0.104
531,327320,47.86,170,97.6,1.0547,0.0524,0.4798,0.661,0.9113,0.0138,0.2575,0.4257,-0.7736,C,0.2135,0.746,0.527,0.327,0.105
532,327336,-6.8,16,75.0,1.04,0.054,0.677,0.3347,0.4134,0.0148,0.208,0.4443,-0.2735,C,0.1919,0.746,0.527,0.327,0.105
533,327354,-20.96,18,0.0,0.0,0.0,0.6822,0.3516,0.4867,0.0,0.0,0.4672,-0.3196,C,0.1852,0.746,0.528,0.328,0.105
534,327380,-29.3,26,0.0,0.0,0.0,0.6359,0.3499,0.4264,0.0,0.0,0.3625,-0.3178,C,0.1716,0.746,0.528,0.328,0.105
535,327446,-58.32,66,0.0,0.0,0.0,0.5325,0.411,0.6269,0.0,0.0,0.2958,-0.3414,C,0.1932,0.747,0.528,0.328,0.105
536,327510,19.43,64,79.7,0.894,0.0769,0.4857,0.485,0.7884,0.1084,0.2946,0.3596,-0.4651,C,0.159,0.747,0.528,0.328,0.105
537,327542,-29.59,32,0.0,0.0,0.0,0.5683,0.3978,0.6101,0.0,0.0,0.4537,-0.3708,C,0.2327,0.747,0.528,0.328,0.105
538,327593,-45.91,51,0.0,0.0,0.0,0.5224,0.3937,0.6673,0.0,0.0,0.2908,-0.3285,C,0.1799,0.747,0.528,0.328,0.105
539,327612,-22.89,19,5.3,1.0559,0.0098,0.663,0.3168,0.3723,0.0003,0.0071,0.3696,-0.287,C,0.2326,0.748,0.529,0.329,0.105
540,327629,-15.89,17,29.4,1.0166,0.0373,0.7772,0.2772,0.3758,0.0034,0.064,0.423,-0.2527,C,0.2498,0.748,0.529,0.329,0.105
541,327818,261.08,189,99.5,0.7779,0.1302,0.469,0.6168,0.9241,0.8438,0.5592,0.3623,-0.69,C,0.2375,0.749,0.529,0.329,0.105
542,327837,-22.32,19,0.0,0.0,0.0,0.6675,0.3741,0.5405,0.0,0.0,0.4327,-0.3513,C,0.225,0.749,0.529,0.329,0.105
543,327864,-28.72,27,0.0,0.0,0.0,0.5872,0.3538,0.4731,0.0,0.0,0.3497,-0.2796,C,0.2139,0.749,0.529,0.329,0.105
544,327881,-15.08,17,23.5,0.9627,0.0388,0.7388,0.2928,0.4016,0.0067,0.0523,0.4731,-0.2092,C,0.2014,0.749,0.53,0.33,0.105
545,327946,49.75,65,100.0,0.8784,0.1107,0.5891,0.38,0.8319,0.1387,0.5168,0.4005,-0.3256,C,0.2262,0.75,0.53,0.33,0.105
546,327980,-20.55,34,26.5,0.6953,0.1441,0.5356,0.4599,0.6562,0.1449,0.1804,0.4802,-0.4193,C,0.2066,0.75,0.53,0.33,0.105
547,327997,-20.77,17,11.8,0.7569,0.0635,0.7468,0.3079,0.4019,0.0253,0.0353,0.3559,-0.3084,C,0.2383,0.75,0.53,0.33,0.105
548,328260,278.1,263,93.9,0.8459,0.1478,0.446,0.5033,0.9431,0.232,0.5621,0.4046,-0.5,C,0.2194,0.752,0.531,0.331,0.105
549,328283,-25.37,23,0.0,0.0,0.0,0.6228,0.3579,0.436,0.0,0.0,0.4028,-0.289,C,0.2035,0.752,0.531,0.331,0.105
550,328302,-24.49,19,0.0,0.0,0.0,0.6739,0.4032,0.5071,0.0,0.0,0.3862,-0.4026,C,0.1756,0.752,0.531,0.331,0.105
551,328480,378.86,178,98.3,0.4766,0.1001,0.4167,0.4871,0.9297,1.3129,0.459,0.4521,-0.4484,C,0.1589,0.753,0.532,0.332,0.105
552,328687,156.11,207,87.4,0.8241,0.1311,0.4916,0.5621,0.9167,0.108,0.5251,0.4468,-0.5939,C,0.1771,0.754,0.533,0.333,0.105
553,328739,-41.71,52,0.0,0.0,0.0,0.5389,0.4566,0.7646,0.0,0.0,0.4351,-0.4272,C,0.2227,0.755,0.533,0.333,0.105
554,328755,-15.12,16,37.5,0.8494,0.0861,0.7427,0.3111,0.3559,0.0638,0.1524,0.4151,-0.2955,C,0.2139,0.755,0.533,0.333,0.105
555,328789,-21.8,34,20.6,1.0326,0.035,0.6293,0.4207,0.6716,0.0029,0.0418,0.4727,-0.3683,C,0.2403,0.755,0.533,0.333,0.105
556,328819,-20.19,30,40.0,0.7503,0.0827,0.6077,0.4092,0.4836,0.3397,0.159,0.3603,-0.3741,C,0.1766,0.755,0.533,0.333,0.106
557,328843,-29.5,24,0.0,0.0,0.0,0.6394,0.4061,0.3557,0.0,0.0,0.4011,-0.3916,C,0.1853,0.755,0.533,0.333,0.106
558,328860,-2.4,17,100.0,1.0411,0.0475,0.6634,0.4046,0.4523,0.0287,0.254,0.4774,-0.393,C,0.2327,0.755,0.533,0.333,0.106
559,328884,-27.14,24,0.0,0.0,0.0,0.6566,0.359,0.3752,0.0,0.0,0.442,-0.3438,C,0.2344,0.755,0.533,0.333,0.106
560,328906,-24.21,22,0.0,0.0,0.0,0.6574,0.3361,0.4535,0.0,0.0,0.4099,-0.2825,C,0.2354,0.756,0.533,0.333,0.106
561,328922,-3.72,16,100.0,1.0316,0.0334,0.7901,0.333,0.4256,0.0123,0.2032,0.4431,-0.3646,C,0.1869,0.756,0.533,0.333,0.106
562,329266,363.02,344,93.9,0.7276,0.1359,0.459,0.6065,0.9463,0.4051,0.5743,0.4088,-0.6967,C,0.1715,0.758,0.535,0.335,0.106
563,329287,-11.85,21,52.4,1.0217,0.059,0.6468,0.3416,0.4065,0.0163,0.1576,0.4256,-0.2748,C,0.2378,0.758,0.535,0.335,0.106
564,329304,-16.06,17,41.2,0.6879,0.0657,0.7498,0.282,0.2669,0.2874,0.1303,0.3424,-0.2461,C,0.2369,0.758,0.535,0.335,0.106
565,329417,29.43,113,92.0,1.0355,0.0467,0.4881,0.5667,0.8076,0.0196,0.2312,0.4062,-0.6085,C,0.2401,0.759,0.535,0.335,0.106
566,329432,-18.15,15,6.7,1.1213,0.0088,0.7435,0.2544,0.3538,0.0001,0.0088,0.4209,-0.2079,C,0.1645,0.759,0.535,0.335,0.106
567,329478,-47.39,46,23.9,0.6438,0.1079,0.6656,0.4995,0.607,0.212,0.1233,0.2071,-0.5738,C,0.2463,0.759,0.536,0.336,0.106
568,329512,-22.5,34,38.2,0.7205,0.1032,0.6314,0.4151,0.5582,0.1559,0.1909,0.3522,-0.4127,C,0.2414,0.759,0.536,0.336,0.106
569,329715,468.49,203,96.6,0.441,0.1241,0.4337,0.477,0.9179,1.4813,0.5162,0.4158,-0.4383,C,0.2325,0.761,0.536,0.336,0.106
570,329732,-10.01,17,58.8,0.9424,0.0759,0.7252,0.2732,0.3615,0.0253,0.2194,0.3654,-0.1839,C,0.2229,0.761,0.536,0.336,0.106
571,330450,145.55,718,46.0,0.7261,0.0677,0.4324,0.5737,0.9581,0.3052,0.1512,0.4358,-0.598,C,0.2035,0.765,0.539,0.339,0.107
572,330551,27.06,101,97.0,0.9997,0.0421,0.5489,0.4786,0.8586,0.0207,0.2235,0.232,-0.4746,C,0.1965,0.766,0.54,0.34,0.107
573,330736,-173.9,185,0.0,0.0,0.0,0.4467,0.54,0.8492,0.0,0.0,0.2207,-0.5312,C,0.25,0.767,0.54,0.34,0.107
574,330770,-33.44,34,0.0,0.0,0.0,0.5682,0.4607,0.6133,0.0,0.0,0.4418,-0.438,C,0.1625,0.767,0.54,0.34,0.107
575,330787,-20.88,17,0.0,0.0,0.0,0.6396,0.3177,0.4322,0.0,0.0,0.3962,-0.2526,C,0.216,0.767,0.54,0.34,0.107
576,330808,-25.81,21,0.0,0.0,0.0,0.6938,0.3279,0.3898,0.0,0.0,0.331,-0.279,C,0.1664,0.768,0.541,0.341,0.107
577,330867,94.43,59,98.3,0.5487,0.1603,0.5857,0.3574,0.8426,0.7898,0.6527,0.3547,-0.3104,C,0.1788,0.768,0.541,0.341,0.107
578,330905,-37.52,38,0.0,0.0,0.0,0.5568,0.4187,0.597,0.0,0.0,0.3778,-0.4005,C,0.1937,0.768,0.541,0.341,0.107
579,330921,-16.55,16,37.5,1.0481,0.0558,0.758,0.3113,0.3803,0.0022,0.1062,0.3329,-0.3207,C,0.1931,0.768,0.541,0.341,0.107
580,330993,-49.96,72,0.0,0.0,0.0,0.5309,0.4072,0.749,0.0,0.0,0.4106,-0.3401,C,0.1997,0.769,0.541,0.341,0.107
581,331028,-35.75,35,0.0,0.0,0.0,0.6053,0.4175,0.502,0.0,0.0,0.3795,-0.3663,C,0.1816,0.769,0.541,0.341,0.107
582,331044,-17.26,16,18.8,0.5885,0.0736,0.7539,0.3088,0.3754,0.1739,0.0643,0.4281,-0.2594,C,0.2169,0.769,0.541,0.341,0.107
583,331072,-15.25,28,42.9,1.096,0.0474,0.5886,0.4791,0.6221,0.003,0.1105,0.4281,-0.4612,C,0.1883,0.769,0.542,0.342,0.107
584,331088,-19.84,16,0.0,0.0,0.0,0.7323,0.2458,0.3318,0.0,0.0,0.3595,-0.1403,C,0.1732,0.769,0.542,0.342,0.107
585,331105,-21.62,17,0.0,0.0,0.0,0.7651,0.2577,0.3325,0.0,0.0,0.3882,-0.238,C,0.221,0.769,0.542,0.342,0.107
586,331319,56.6,214,56.5,0.6703,0.0764,0.4755,0.5061,0.8535,0.5291,0.2083,0.2283,-0.5214,C,0.1634,0.771,0.542,0.342,0.107
587,331338,-4.64,19,100.0,0.9961,0.0574,0.7279,0.4175,0.4974,0.0334,0.2924,0.4074,-0.5041,C,0.2238,0.771,0.543,0.343,0.107
588,331364,-29.45,26,0.0,0.0,0.0,0.6376,0.383,0.4509,0.0,0.0,0.3617,-0.3351,C,0.2092,0.771,0.543,0.343,0.107
589,331446,41.4,82,97.6,0.8503,0.0534,0.4725,0.446,0.8127,0.0663,0.2672,0.3614,-0.398,C,0.1782,0.772,0.543,0.343,0.107
590,331470,4.3,24,100.0,0.88,0.1082,0.6146,0.4596,0.6388,0.1475,0.5166,0.4724,-0.5019,C,0.2396,0.772,0.543,0.343,0.107
591,331618,99.03,148,98.0,0.8791,0.1147,0.4452,0.561,0.911,0.0656,0.5117,0.3364,-0.5894,C,0.2159,0.773,0.544,0.344,0.107
592,331680,12.02,62,85.5,0.9432,0.0699,0.5923,0.408,0.7005,0.0257,0.2945,0.3102,-0.3849,C,0.1665,0.773,0.544,0.344,0.107
593,331706,-31.21,26,0.0,0.0,0.0,0.6402,0.3913,0.4262,0.0,0.0,0.3339,-0.3627,C,0.2092,0.773,0.544,0.344,0.107
594,331785,4.75,79,70.9,1.0916,0.0608,0.5268,0.5133,0.7866,0.0172,0.2285,0.3753,-0.5247,C,0.1983,0.774,0.544,0.344,0.107
595,331824,-42.38,39,0.0,0.0,0.0,0.6054,0.4007,0.4922,0.0,0.0,0.2986,-0.3749,C,0.1952,0.774,0.544,0.344,0.107
596,332824,-829.28,1000,0.0,0.0,0.0,0.4145,0.6874,0.9917,0.0,0.0,0.4831,-0.8083,C,0.2461,0.78,0.548,0.348,0.108
597,333172,216.71,348,95.1,0.9178,0.0922,0.4148,0.5467,0.9546,0.0496,0.4053,0.3207,-0.5475,C,0.1951,0.782,0.549,0.349,0.108
598,333193,-26.33,21,0.0,0.0,0.0,0.7504,0.3583,0.3905,0.0,0.0,0.3971,-0.3699,C,0.2147,0.782,0.549,0.349,0.108
599,333217,-25.84,24,8.3,1.3084,0.0039,0.7007,0.3346,0.4005,0.0,0.0102,0.3652,-0.3185,C,0.2121,0.783,0.55,0.35,0.108
600,333272,-56.63,55,5.5,0.8436,0.0658,0.5353,0.4295,0.6312,0.0173,0.0173,0.161,-0.3791,C,0.2473,0.783,0.55,0.35,0.108
601,333311,-35.22,39,0.0,0.0,0.0,0.611,0.3891,0.5943,0.0,0.0,0.3941,-0.3379,C,0.2002,0.783,0.55,0.35,0.108
602,333382,-51.26,71,4.2,0.9196,0.0163,0.4775,0.5068,0.8168,0.0012,0.0064,0.4632,-0.4951,C,0.1776,0.784,0.55,0.35,0.108
603,334117,475.85,735,88.7,0.91,0.0732,0.4262,0.5947,0.9632,0.233,0.329,0.3731,-0.6315,C,0.2394,0.788,0.553,0.353,0.109
604,334154,-35.44,37,0.0,0.0,0.0,0.5948,0.4224,0.6143,0.0,0.0,0.4461,-0.4408,C,0.2241,0.788,0.553,0.353,0.109
605,334174,-11.87,20,55.0,0.8933,0.1033,0.685,0.3665,0.4233,0.0659,0.2712,0.4033,-0.3153,C,0.1994,0.789,0.553,0.353,0.109
606,334324,122.07,150,100.0,0.7893,0.1192,0.4673,0.5603,0.9097,0.1616,0.5283,0.4097,-0.5968,C,0.1954,0.789,0.554,0.354,0.109
607,334583,128.43,259,97.3,0.9456,0.0589,0.4712,0.5041,0.8781,0.0493,0.289,0.3186,-0.4912,C,0.2356,0.791,0.555,0.355,0.109
608,334599,-8.77,16,62.5,0.8625,0.0977,0.7857,0.2261,0.4302,0.0391,0.2964,0.3734,-0.2147,C,0.2341,0.791,0.555,0.355,0.109
609,334660,13.43,61,96.7,1.1056,0.0393,0.5054,0.514,0.8152,0.1296,0.2335,0.3216,-0.5138,C,0.2007,0.792,0.555,0.355,0.109
610,334868,197.29,208,93.3,0.7638,0.1113,0.4059,0.5038,0.917,0.2571,0.4752,0.368,-0.4712,C,0.1651,0.793,0.556,0.356,0.109
611,334887,-6.51,19,68.4,1.0627,0.0217,0.7426,0.299,0.4966,0.0078,0.1154,0.4567,-0.2568,C,0.2238,0.793,0.556,0.356,0.109
612,335130,340.54,243,93.4,0.6039,0.202,0.4859,0.5952,0.9339,0.6101,0.7622,0.3605,-0.6554,C,0.2332,0.795,0.557,0.357,0.109
613,335203,102.11,73,100.0,0.6676,0.2134,0.5007,0.4537,0.8796,0.5445,0.8333,0.4064,-0.4358,C,0.2266,0.795,0.557,0.357,0.109
614,335269,70.35,66,89.4,0.674,0.1729,0.6242,0.3622,0.7695,0.4126,0.6488,0.3044,-0.322,C,0.2184,0.795,0.557,0.357,0.11
615,336391,920.45,1122,84.8,0.7893,0.0797,0.396,0.5661,0.9694,0.3774,0.3284,0.3874,-0.5908,C,0.2385,0.802,0.561,0.361,0.11
616,336419,-27.27,28,0.0,0.0,0.0,0.6519,0.3555,0.5043,0.0,0.0,0.4186,-0.2873,C,0.174,0.803,0.562,0.362,0.11
617,336470,-38.7,51,15.7,0.7057,0.0591,0.5934,0.4126,0.72,0.0696,0.0458,0.3276,-0.4096,C,0.1852,0.803,0.562,0.362,0.11
618,336553,41.57,83,89.2,0.9432,0.0892,0.4821,0.4617,0.8066,0.0573,0.3712,0.3507,-0.4222,C,0.2141,0.803,0.562,0.362,0.11
619,336990,500.66,437,97.3,0.6942,0.1267,0.4707,0.5825,0.9335,0.588,0.5468,0.2716,-0.6357,C,0.2289,0.806,0.564,0.364,0.111
620,337011,-21.31,21,0.0,0.0,0.0,0.6601,0.2901,0.5583,0.0,0.0,0.4084,-0.226,C,0.1689,0.806,0.564,0.364,0.111
621,337027,-19.73,16,12.5,1.0365,0.0366,0.7555,0.2847,0.4278,0.0011,0.027,0.343,-0.2906,C,0.1967,0.806,0.564,0.364,0.111
622,337057,-31.12,30,0.0,0.0,0.0,0.6275,0.4022,0.4867,0.0,0.0,0.4234,-0.3709,C,0.2201,0.807,0.564,0.364,0.111
623,337077,-24.16,20,0.0,0.0,0.0,0.7279,0.2686,0.3088,0.0,0.0,0.3554,-0.2179,C,0.2304,0.807,0.564,0.364,0.111
624,337099,-15.88,22,40.9,0.8035,0.0741,0.6696,0.3626,0.4466,0.1337,0.1449,0.4087,-0.3253,C,0.187,0.807,0.564,0.364,0.111
625,337114,-18.85,15,13.3,0.9165,0.0474,0.7525,0.3631,0.3881,0.0044,0.0338,0.4381,-0.3561,C,0.169,0.807,0.564,0.364,0.111
626,337143,-28.94,29,0.0,0.0,0.0,0.5922,0.4304,0.6244,0.0,0.0,0.425,-0.3902,C,0.193,0.807,0.564,0.364,0.111
627,337172,-28.77,29,17.2,0.5622,0.0564,0.6603,0.4155,0.4628,0.1683,0.0473,0.3658,-0.4177,C,0.2288,0.807,0.564,0.364,0.111
628,337212,1.89,40,77.5,1.1771,0.0278,0.6309,0.3427,0.7322,0.0008,0.1401,0.3331,-0.3099,C,0.2064,0.808,0.565,0.365,0.111
629,337313,152.22,101,86.1,0.6777,0.1814,0.5921,0.4534,0.8577,0.8418,0.5485,0.4392,-0.4659,C,0.2377,0.808,0.565,0.365,0.111
630,337337,-8.38,24,70.8,0.7893,0.0966,0.7065,0.401,0.5661,0.462,0.3413,0.3847,-0.4216,C,0.1677,0.808,0.565,0.365,0.111
631,338280,238.18,943,43.5,0.6272,0.1018,0.4335,0.6464,0.9779,0.4621,0.206,0.4224,-0.7397,C,0.2463,0.814,0.569,0.369,0.111
632,338295,-19.2,15,0.0,0.0,0.0,0.7513,0.2747,0.383,0.0,0.0,0.4197,-0.2247,C,0.1918,0.814,0.569,0.369,0.111
633,338351,-51.34,56,0.0,0.0,0.0,0.6155,0.4303,0.7103,0.0,0.0,0.3369,-0.4304,C,0.2058,0.815,0.569,0.369,0.111
634,338390,-37.07,39,10.3,0.9755,0.0337,0.5562,0.4581,0.5844,0.0022,0.0206,0.3171,-0.406,C,0.2288,0.815,0.569,0.369,0.111
635,338406,-22.04,16,0.0,0.0,0.0,0.7723,0.2564,0.3259,0.0,0.0,0.3442,-0.2595,C,0.2394,0.815,0.569,0.369,0.112
636,338479,-66.56,73,0.0,0.0,0.0,0.551,0.476,0.7571,0.0,0.0,0.3338,-0.4871,C,0.2244,0.815,0.569,0.369,0.112
637,338500,-19.12,21,28.6,1.1287,0.0223,0.6305,0.3432,0.6152,0.0021,0.0476,0.2587,-0.2954,C,0.1944,0.816,0.569,0.369,0.112
638,338733,301.15,233,85.8,0.6596,0.0682,0.4878,0.6211,0.9431,1.0833,0.2926,0.368,-0.6972,C,0.1769,0.817,0.57,0.37,0.112
639,338783,-43.12,50,0.0,0.0,0.0,0.6271,0.3816,0.6574,0.0,0.0,0.3353,-0.3264,C,0.2149,0.817,0.57,0.37,0.112
640,338809,-33.39,26,0.0,0.0,0.0,0.6566,0.4273,0.4036,0.0,0.0,0.3722,-0.4738,C,0.1816,0.818,0.571,0.371,0.112
641,339996,493.35,1187,69.0,0.7975,0.0873,0.4258,0.578,0.9673,0.186,0.2876,0.3888,-0.6009,C,0.2237,0.825,0.575,0.375,0.112
642,340191,230.1,195,99.5,0.8523,0.1177,0.4889,0.4297,0.9106,0.2764,0.5622,0.3998,-0.3854,C,0.2055,0.826,0.576,0.376,0.113
643,340209,-21.02,18,0.0,0.0,0.0,0.7471,0.2842,0.4601,0.0,0.0,0.415,-0.2572,C,0.2333,0.826,0.576,0.376,0.113
644,340227,-21.81,18,0.0,0.0,0.0,0.6706,0.3763,0.4673,0.0,0.0,0.4485,-0.3381,C,0.2211,0.826,0.576,0.376,0.113
645,340878,-40.91,651,39.3,0.8127,0.1252,0.4452,0.6241,0.9714,0.0893,0.2141,0.4716,-0.6998,C,0.21,0.83,0.578,0.378,0.113
646,341038,144.89,160,90.0,0.7652,0.1223,0.5925,0.501,0.8795,0.3714,0.5166,0.3254,-0.5509,C,0.2087,0.831,0.579,0.379,0.113
647,341054,-14.5,16,31.2,1.0917,0.0166,0.7017,0.3093,0.4559,0.0026,0.0472,0.4197,-0.2477,C,0.2068,0.832,0.579,0.379,0.113
648,342211,1347.68,1157,97.5,0.6353,0.0862,0.4708,0.7047,0.9743,0.8462,0.3886,0.379,-0.8927,C,0.2186,0.839,0.583,0.383,0.114
649,343403,374.97,1192,43.6,0.6312,0.1154,0.4452,0.6325,0.9737,0.4425,0.2385,0.4499,-0.7267,C,0.1748,0.846,0.588,0.388,0.115
650,343506,-76.5,103,0.0,0.0,0.0,0.4598,0.4548,0.8397,0.0,0.0,0.3595,-0.425,C,0.2076,0.847,0.588,0.388,0.115
651,343746,321.39,240,91.7,0.6668,0.0976,0.4689,0.5547,0.9341,0.7181,0.429,0.4379,-0.5871,C,0.2012,0.848,0.589,0.389,0.115
652,343763,-20.24,17,0.0,0.0,0.0,0.6244,0.2973,0.3889,0.0,0.0,0.3942,-0.1908,C,0.203,0.849,0.589,0.389,0.115
653,343787,-28.65,24,0.0,0.0,0.0,0.652,0.3727,0.4069,0.0,0.0,0.3671,-0.3475,C,0.2242,0.849,0.589,0.389,0.115
654,343898,61.97,111,92.8,0.985,0.0892,0.5024,0.5033,0.8633,0.0181,0.3812,0.4167,-0.5029,C,0.2366,0.849,0.59,0.39,0.115
655,344320,411.69,422,87.0,0.697,0.0984,0.4133,0.5249,0.9208,0.5253,0.4047,0.3228,-0.512,C,0.2264,0.852,0.591,0.391,0.115
656,344338,-24.12,18,0.0,0.0,0.0,0.7197,0.373,0.4604,0.0,0.0,0.4079,-0.4228,C,0.187,0.852,0.591,0.391,0.115
657,344467,-69.03,129,14.0,0.7822,0.1315,0.4567,0.5409,0.919,0.0536,0.0806,0.4552,-0.5468,C,0.1737,0.853,0.592,0.392,0.115
658,344499,-26.42,32,0.0,0.0,0.0,0.6777,0.312,0.6348,0.0,0.0,0.4429,-0.2734,C,0.2003,0.853,0.592,0.392,0.115
659,344538,3.21,39,71.8,0.9066,0.1222,0.5848,0.4048,0.5951,0.0375,0.4063,0.3067,-0.3649,C,0.1992,0.853,0.592,0.392,0.115
660,344739,480.49,201,96.0,0.4488,0.1101,0.5141,0.4642,0.9061,1.6744,0.469,0.4051,-0.4449,C,0.2205,0.855,0.593,0.393,0.115
661,344786,-33.22,47,19.1,1.0138,0.0379,0.6032,0.4122,0.7086,0.0072,0.0422,0.3676,-0.4104,C,0.2182,0.855,0.593,0.393,0.115
662,344870,180.31,84,91.7,0.4826,0.1474,0.5923,0.3577,0.8038,1.4781,0.5809,0.3542,-0.2952,C,0.1702,0.855,0.593,0.393,0.116
663,344889,-21.61,19,0.0,0.0,0.0,0.6681,0.3608,0.4849,0.0,0.0,0.439,-0.2926,C,0.177,0.856,0.593,0.393,0.116
664,345014,1.17,125,57.6,1.0041,0.0634,0.4719,0.496,0.8631,0.0119,0.1803,0.3814,-0.4762,C,0.2331,0.856,0.594,0.394,0.116
665,345032,-21.79,18,0.0,0.0,0.0,0.7272,0.3313,0.3233,0.0,0.0,0.4676,-0.284,C,0.1722,0.856,0.594,0.394,0.116
666,345271,340.64,239,96.7,0.6433,0.1284,0.4488,0.4771,0.9099,0.5689,0.5648,0.397,-0.4428,C,0.2034,0.858,0.595,0.395,0.116
667,345402,-101.23,131,3.8,0.8988,0.0395,0.4533,0.5239,0.8768,0.0017,0.0083,0.3447,-0.5179,C,0.2321,0.859,0.595,0.395,0.116
668,345421,-23.39,19,0.0,0.0,0.0,0.7012,0.2937,0.4663,0.0,0.0,0.3136,-0.2513,C,0.209,0.859,0.595,0.395,0.116
669,345627,236.73,206,94.2,0.9053,0.1095,0.474,0.4976,0.9113,0.4171,0.4778,0.4045,-0.4803,C,0.2084,0.86,0.596,0.396,0.116
670,345652,-14.17,25,44.0,1.0181,0.0487,0.6128,0.3745,0.4901,0.0134,0.1117,0.4486,-0.3257,C,0.1671,0.86,0.596,0.396,0.116
671,345765,326.58,113,96.5,0.3046,0.0978,0.4736,0.4967,0.8732,2.3417,0.4213,0.3946,-0.4691,C,0.1738,0.861,0.597,0.397,0.116
672,345826,-49.92,61,9.8,0.7163,0.0996,0.6069,0.3825,0.7258,0.0497,0.0478,0.2267,-0.3432,C,0.2435,0.861,0.597,0.397,0.116
673,345842,-18.74,16,0.0,0.0,0.0,0.7119,0.2727,0.4399,0.0,0.0,0.445,-0.2115,C,0.1683,0.861,0.597,0.397,0.116
674,345861,-7.12,19,52.6,0.7602,0.1923,0.7548,0.3462,0.4009,0.1333,0.3956,0.3856,-0.3454,C,0.2393,0.862,0.597,0.397,0.116
675,345876,-20.82,15,0.0,0.0,0.0,0.8016,0.283,0.3567,0.0,0.0,0.372,-0.2718,C,0.2459,0.862,0.597,0.397,0.116
676,345902,-28.4,26,0.0,0.0,0.0,0.6981,0.3255,0.5118,0.0,0.0,0.3352,-0.2989,C,0.1683,0.862,0.597,0.397,0.116
677,346165,-183.35,263,5.3,0.8229,0.0402,0.4406,0.5033,0.9252,0.0342,0.0119,0.2957,-0.4795,C,0.2464,0.864,0.598,0.398,0.116
678,346181,-20.87,16,0.0,0.0,0.0,0.7809,0.2757,0.4889,0.0,0.0,0.3637,-0.2875,C,0.2097,0.864,0.598,0.398,0.116
679,346196,-21.6,15,0.0,0.0,0.0,0.8361,0.2474,0.3404,0.0,0.0,0.3554,-0.2989,C,0.1879,0.864,0.598,0.398,0.116
680,346216,-11.13,20,60.0,0.9896,0.0728,0.6839,0.3484,0.4375,0.0199,0.213,0.3796,-0.3281,C,0.1729,0.864,0.598,0.398,0.116
681,346232,-6.35,16,75.0,0.8452,0.1178,0.8155,0.2591,0.3791,0.2788,0.4224,0.4193,-0.2254,C,0.2303,0.864,0.598,0.398,0.116
682,346263,-26.53,31,12.9,0.8169,0.05,0.5865,0.4565,0.6945,0.0266,0.0339,0.4162,-0.4282,C,0.2356,0.864,0.598,0.398,0.116
683,346365,190.37,102,94.1,0.5118,0.0799,0.5062,0.5265,0.8497,1.4801,0.3533,0.3772,-0.535,C,0.241,0.865,0.599,0.399,0.116
684,346385,-23.97,20,0.0,0.0,0.0,0.616,0.3799,0.4386,0.0,0.0,0.4176,-0.3352,C,0.2101,0.865,0.599,0.399,0.116
685,346410,-17.91,25,44.0,0.9203,0.0708,0.6454,0.3688,0.4572,0.0277,0.1507,0.3595,-0.3577,C,0.1979,0.865,0.599,0.399,0.117
686,346439,20.94,29,86.2,0.6986,0.1391,0.6137,0.3769,0.5929,0.5211,0.522,0.407,-0.3519,C,0.2015,0.865,0.599,0.399,0.117
687,346461,-5.13,22,77.3,0.9071,0.0582,0.6416,0.3796,0.5047,0.0348,0.217,0.3901,-0.3754,C,0.2065,0.865,0.599,0.399,0.117
688,346543,59.2,82,86.6,0.8052,0.1344,0.5691,0.4012,0.7502,0.0893,0.5464,0.376,-0.3636,C,0.2087,0.866,0.6,0.4,0.117
689,346569,-9.43,26,42.3,0.8679,0.0689,0.6954,0.307,0.5911,0.0266,0.1467,0.4337,-0.292,C,0.1689,0.866,0.6,0.4,0.117
690,346587,-25.27,18,0.0,0.0,0.0,0.7136,0.4036,0.3833,0.0,0.0,0.3481,-0.3883,C,0.2327,0.866,0.6,0.4,0.117
691,346608,-24.44,21,23.8,0.6006,0.0514,0.6661,0.4987,0.3948,0.2559,0.0629,0.4201,-0.545,C,0.2341,0.866,0.6,0.4,0.117
692,346627,-23.24,19,0.0,0.0,0.0,0.7613,0.2423,0.3242,0.0,0.0,0.3396,-0.1983,C,0.1726,0.866,0.6,0.4,0.117
693,346646,-22.19,19,0.0,0.0,0.0,0.6991,0.3634,0.4392,0.0,0.0,0.4688,-0.3302,C,0.2297,0.867,0.6,0.4,0.117
694,346666,-16.44,20,20.0,1.0223,0.041,0.6219,0.3265,0.5323,0.0047,0.0445,0.4677,-0.2579,C,0.236,0.867,0.6,0.4,0.117
695,346718,-35.2,52,9.6,1.1084,0.0432,0.5397,0.4701,0.8317,0.0011,0.0225,0.4622,-0.4622,C,0.2382,0.867,0.6,0.4,0.117
696,346868,217.98,150,93.3,0.5771,0.1324,0.5286,0.4399,0.8406,0.7514,0.5391,0.3895,-0.4149,C,0.1698,0.868,0.601,0.401,0.117
697,347110,150.88,242,91.3,0.9085,0.1039,0.5025,0.5365,0.9223,0.0666,0.4675,0.3274,-0.5654,C,0.2325,0.869,0.602,0.402,0.117
698,347126,-19.98,16,0.0,0.0,0.0,0.7338,0.2645,0.3116,0.0,0.0,0.3816,-0.1613,C,0.183,0.87,0.602,0.402,0.117
699,347271,-101.83,145,0.0,0.0,0.0,0.4457,0.5163,0.8727,0.0,0.0,0.4207,-0.4904,C,0.178,0.87,0.602,0.402,0.117
700,347315,-31.21,44,31.8,0.9724,0.0808,0.6156,0.4947,0.6852,0.0199,0.1264,0.3603,-0.539,C,0.2345,0.871,0.602,0.402,0.117
701,347445,161.96,130,100.0,0.6597,0.1519,0.5496,0.4323,0.8383,0.4393,0.677,0.4242,-0.4113,C,0.1967,0.872,0.603,0.403,0.117
702,347460,-13.79,15,40.0,1.1141,0.0161,0.7272,0.3333,0.3858,0.004,0.0601,0.4294,-0.2815,C,0.1807,0.872,0.603,0.403,0.117
703,347631,114.82,171,91.8,0.9095,0.1063,0.4854,0.5431,0.8917,0.0749,0.4478,0.433,-0.5754,C,0.2248,0.873,0.604,0.404,0.117
704,347827,194.61,196,92.3,0.6664,0.136,0.5075,0.5257,0.91,0.3242,0.5554,0.343,-0.5223,C,0.1973,0.874,0.604,0.404,0.117
705,347842,-5.12,15,86.7,0.9502,0.0362,0.7154,0.3525,0.5009,0.0234,0.1796,0.4193,-0.3513,C,0.2006,0.874,0.604,0.404,0.117
706,348089,49.09,247,66.8,0.9869,0.0863,0.4244,0.5223,0.9367,0.0111,0.269,0.3479,-0.5162,C,0.2221,0.876,0.605,0.405,0.118
707,348141,-7.48,52,67.3,1.1851,0.0168,0.5905,0.4246,0.704,0.0009,0.1023,0.3229,-0.4087,C,0.179,0.876,0.606,0.406,0.118
708,348158,-16.35,17,29.4,0.7819,0.0713,0.7442,0.2687,0.3389,0.1261,0.1014,0.3584,-0.1988,C,0.1708,0.876,0.606,0.406,0.118
709,348307,180.35,149,98.0,0.5951,0.0952,0.4926,0.5218,0.8842,0.7193,0.4137,0.389,-0.5352,C,0.18,0.877,0.606,0.406,0.118
710,348354,-34.98,47,0.0,0.0,0.0,0.5654,0.402,0.7723,0.0,0.0,0.4406,-0.3583,C,0.1716,0.877,0.606,0.406,0.118
711,348486,45.01,132,90.2,1.0846,0.0608,0.4984,0.5324,0.864,0.0234,0.2908,0.3292,-0.5541,C,0.1896,0.878,0.607,0.407,0.118
712,348505,-15.54,19,36.8,0.7438,0.0988,0.7457,0.3597,0.5064,0.2112,0.1744,0.4244,-0.3582,C,0.2499,0.878,0.607,0.407,0.118
713,348537,-12.75,32,43.8,1.1149,0.0307,0.7377,0.2832,0.5231,0.0014,0.0839,0.4105,-0.2769,C,0.1686,0.878,0.607,0.407,0.118
714,348564,-29.48,27,0.0,0.0,0.0,0.7532,0.3159,0.3165,0.0,0.0,0.4182,-0.2978,C,0.2472,0.878,0.607,0.407,0.118
715,348578,-14.28,14,21.4,0.8331,0.0563,0.8261,0.2069,0.4105,0.0245,0.0611,0.4158,-0.1447,C,0.1918,0.879,0.607,0.407,0.118
716,348606,-31.78,28,0.0,0.0,0.0,0.694,0.3245,0.3618,0.0,0.0,0.3349,-0.2937,C,0.2078,0.879,0.607,0.407,0.118
717,348624,-21.84,18,0.0,0.0,0.0,0.7204,0.3373,0.4145,0.0,0.0,0.4307,-0.2959,C,0.2294,0.879,0.607,0.407,0.118
718,348643,-13.79,19,31.6,0.5927,0.0856,0.679,0.3029,0.4859,0.3848,0.1287,0.4555,-0.2233,C,0.2022,0.879,0.607,0.407,0.118
719,348660,-20.45,17,0.0,0.0,0.0,0.7381,0.2221,0.3037,0.0,0.0,0.347,-0.1135,C,0.2265,0.879,0.607,0.407,0.118
720,348730,5.64,70,84.3,1.0186,0.0644,0.5812,0.421,0.6893,0.0228,0.2875,0.159,-0.3925,C,0.1955,0.88,0.608,0.408,0.118
721,348747,-17.79,17,17.6,1.065,0.04,0.6945,0.265,0.3347,0.0019,0.0393,0.3709,-0.1734,C,0.2337,0.88,0.608,0.408,0.118
722,348763,-22.42,16,0.0,0.0,0.0,0.79,0.2337,0.2928,0.0,0.0,0.306,-0.2289,C,0.186,0.88,0.608,0.408,0.118
723,348779,-21.33,16,0.0,0.0,0.0,0.8404,0.2408,0.3432,0.0,0.0,0.3465,-0.2262,C,0.2164,0.88,0.608,0.408,0.118
724,348855,21.48,76,69.7,0.7989,0.1055,0.524,0.4996,0.8243,0.0811,0.3244,0.4111,-0.4901,C,0.2236,0.88,0.608,0.408,0.118
725,348884,-28.76,29,0.0,0.0,0.0,0.567,0.4403,0.602,0.0,0.0,0.4481,-0.3961,C,0.1791,0.88,0.608,0.408,0.118
726,348916,-9.54,32,43.8,1.0855,0.0649,0.7052,0.3125,0.5905,0.0057,0.1492,0.4113,-0.2699,C,0.1756,0.881,0.608,0.408,0.118
727,348936,-24.64,20,0.0,0.0,0.0,0.6491,0.3891,0.5268,0.0,0.0,0.3425,-0.3379,C,0.2436,0.881,0.608,0.408,0.118
728,348954,-24.8,18,0.0,0.0,0.0,0.7957,0.2979,0.3519,0.0,0.0,0.3315,-0.3299,C,0.2056,0.881,0.609,0.409,0.118
729,348969,-15.79,15,20.0,0.9731,0.0423,0.7918,0.2376,0.3726,0.0078,0.047,0.4323,-0.2059,C,0.2317,0.881,0.609,0.409,0.118
730,348986,-18.15,17,0.0,0.0,0.0,0.7116,0.2278,0.4703,0.0,0.0,0.4774,-0.1918,C,0.1745,0.881,0.609,0.409,0.118
731,349002,-16.17,16,37.5,0.8865,0.0729,0.7394,0.3233,0.3118,0.0411,0.1321,0.3339,-0.2539,C,0.2154,0.881,0.609,0.409,0.118
732,349078,48.17,76,92.1,0.8283,0.0894,0.5108,0.434,0.8138,0.0738,0.3834,0.4417,-0.4034,C,0.2266,0.882,0.609,0.409,0.118
733,349103,-27.57,25,0.0,0.0,0.0,0.7796,0.2367,0.3361,0.0,0.0,0.3402,-0.211,C,0.2085,0.882,0.609,0.409,0.118
734,349121,-17.25,18,33.3,1.0218,0.0465,0.6551,0.3652,0.4122,0.016,0.0825,0.3765,-0.3259,C,0.2373,0.882,0.609,0.409,0.118
735,349138,-13.29,17,58.8,0.7928,0.094,0.7626,0.3049,0.3356,0.0704,0.2668,0.2682,-0.2599,C,0.2245,0.882,0.609,0.409,0.118
736,349200,1.77,62,82.3,1.0725,0.0325,0.5255,0.4839,0.7878,0.0081,0.1613,0.3069,-0.5033,C,0.2255,0.882,0.609,0.409,0.118
737,349220,-23.19,20,0.0,0.0,0.0,0.6487,0.3201,0.4885,0.0,0.0,0.365,-0.2686,C,0.1775,0.883,0.61,0.41,0.118
738,349279,58.28,59,100.0,0.7865,0.1651,0.585,0.4467,0.7872,0.1934,0.712,0.3863,-0.4432,C,0.1841,0.883,0.61,0.41,0.118
739,349332,-40.62,53,0.0,0.0,0.0,0.5424,0.3918,0.7385,0.0,0.0,0.3884,-0.3355,C,0.2091,0.883,0.61,0.41,0.118
740,349351,-22.88,19,0.0,0.0,0.0,0.7397,0.2746,0.3133,0.0,0.0,0.4147,-0.2493,C,0.2115,0.883,0.61,0.41,0.118
741,349481,304.43,130,95.4,0.4395,0.1788,0.5163,0.5533,0.8636,1.5882,0.7795,0.3917,-0.5981,C,0.2023,0.884,0.611,0.411,0.118
742,349500,-25.12,19,0.0,0.0,0.0,0.7528,0.2694,0.3251,0.0,0.0,0.2729,-0.2312,C,0.2362,0.884,0.611,0.411,0.118
743,349551,-39.73,51,0.0,0.0,0.0,0.5794,0.3575,0.6184,0.0,0.0,0.3796,-0.2719,C,0.241,0.885,0.611,0.411,0.118
744,349570,-16.68,19,31.6,0.742,0.0942,0.6029,0.3158,0.3652,0.1138,0.1391,0.3531,-0.2087,C,0.2415,0.885,0.611,0.411,0.118
745,349639,-9.74,69,76.8,1.0543,0.0435,0.5993,0.5763,0.7831,0.0067,0.1899,0.3605,-0.7051,C,0.1976,0.885,0.611,0.411,0.119
746,349669,-32.78,30,0.0,0.0,0.0,0.7264,0.3579,0.3679,0.0,0.0,0.4015,-0.3446,C,0.2126,0.885,0.611,0.411,0.119
747,349686,-22.39,17,0.0,0.0,0.0,0.7792,0.3034,0.365,0.0,0.0,0.37,-0.2811,C,0.2441,0.886,0.611,0.411,0.119
748,349700,-18.08,14,0.0,0.0,0.0,0.8334,0.187,0.3233,0.0,0.0,0.3944,-0.1332,C,0.2393,0.886,0.611,0.411,0.119
749,349714,-10.9,14,50.0,1.0849,0.0325,0.8241,0.2102,0.3789,0.0051,0.0978,0.4463,-0.2117,C,0.2178,0.886,0.611,0.411,0.119
750,350200,339.41,486,97.1,0.8441,0.0817,0.416,0.5696,0.9593,0.1949,0.3758,0.2869,-0.5883,C,0.2415,0.889,0.613,0.413,0.119
751,350216,-19.67,16,0.0,0.0,0.0,0.7639,0.2693,0.408,0.0,0.0,0.4349,-0.243,C,0.2156,0.889,0.613,0.413,0.119
752,350282,99.7,66,93.9,0.5971,0.1984,0.4849,0.454,0.7829,0.7484,0.7891,0.4102,-0.4373,C,0.2098,0.889,0.614,0.414,0.119
753,351056,-435.33,774,8.1,0.7623,0.0632,0.4033,0.5489,0.9622,0.012,0.0262,0.3955,-0.5464,C,0.2164,0.894,0.616,0.416,0.119
754,351079,-10.42,23,56.5,0.9476,0.1375,0.739,0.4504,0.4401,0.0294,0.3562,0.4319,-0.5395,C,0.249,0.894,0.617,0.417,0.119
755,351096,-20.99,17,0.0,0.0,0.0,0.7804,0.2523,0.3125,0.0,0.0,0.3999,-0.2028,C,0.2241,0.894,0.617,0.417,0.119
756,351216,52.31,120,96.7,0.8339,0.0464,0.4535,0.4735,0.9027,0.0832,0.2411,0.2416,-0.4478,C,0.2443,0.895,0.617,0.417,0.12
757,351234,-21.53,18,0.0,0.0,0.0,0.7658,0.2641,0.3609,0.0,0.0,0.415,-0.236,C,0.201,0.895,0.617,0.417,0.12
758,351250,-18.31,16,12.5,1.1474,0.0088,0.7294,0.2479,0.3394,0.0003,0.0166,0.3596,-0.1737,C,0.1752,0.895,0.617,0.417,0.12
759,351300,23.43,50,82.0,0.8817,0.1074,0.5945,0.4129,0.7257,0.0867,0.4085,0.4331,-0.3866,C,0.2232,0.896,0.617,0.417,0.12
760,351342,-45.84,42,0.0,0.0,0.0,0.5413,0.4138,0.451,0.0,0.0,0.2703,-0.3492,C,0.2083,0.896,0.618,0.418,0.12
761,351359,-15.98,17,17.6,0.9909,0.0658,0.7124,0.2588,0.4921,0.0044,0.0561,0.3959,-0.1718,C,0.2261,0.896,0.618,0.418,0.12
762,351375,-17.47,16,18.8,0.9417,0.0781,0.7677,0.2641,0.3581,0.0078,0.0688,0.3847,-0.2187,C,0.2007,0.896,0.618,0.418,0.12
763,351393,-22.3,18,0.0,0.0,0.0,0.6929,0.2591,0.4172,0.0,0.0,0.334,-0.2257,C,0.2479,0.896,0.618,0.418,0.12
764,351434,6.51,41,85.4,0.9904,0.0693,0.5924,0.3771,0.5952,0.032,0.2965,0.3187,-0.3242,C,0.1989,0.896,0.618,0.418,0.12
765,351448,-17.13,14,0.0,0.0,0.0,0.7685,0.1764,0.3428,0.0,0.0,0.4063,-0.0867,C,0.1833,0.897,0.618,0.418,0.12
766,351465,-11.65,17,64.7,0.8949,0.1025,0.8037,0.3518,0.3676,0.0708,0.3177,0.416,-0.4112,C,0.198,0.897,0.618,0.418,0.12
767,351491,-29.96,26,0.0,0.0,0.0,0.6683,0.3309,0.418,0.0,0.0,0.3216,-0.2981,C,0.209,0.897,0.618,0.418,0.12
768,351507,-21.65,16,0.0,0.0,0.0,0.7807,0.2768,0.3529,0.0,0.0,0.3492,-0.2537,C,0.2394,0.897,0.618,0.418,0.12
769,351538,-14.21,31,38.7,0.8225,0.1312,0.7576,0.3802,0.5617,0.0527,0.2259,0.408,-0.4418,C,0.2491,0.897,0.618,0.418,0.12
770,351564,-30.47,26,0.0,0.0,0.0,0.6184,0.4063,0.4143,0.0,0.0,0.3627,-0.357,C,0.2409,0.897,0.618,0.418,0.12
771,351581,-19.82,17,17.6,0.9597,0.0599,0.8408,0.2759,0.3317,0.0078,0.053,0.399,-0.3195,C,0.2056,0.897,0.618,0.418,0.12
772,351598,-23.2,17,0.0,0.0,0.0,0.7115,0.3351,0.4302,0.0,0.0,0.3137,-0.3053,C,0.2308,0.897,0.618,0.418,0.12
773,351687,54.38,89,95.5,0.6904,0.0662,0.535,0.5138,0.8221,0.2803,0.3092,0.3615,-0.5401,C,0.2388,0.898,0.619,0.419,0.12
774,351766,37.96,79,97.5,0.8619,0.0833,0.4576,0.5749,0.864,0.1539,0.3826,0.4222,-0.62,C,0.1935,0.899,0.619,0.419,0.12
775,351781,-11.5,15,46.7,0.6869,0.1256,0.8002,0.2342,0.3636,0.2153,0.2776,0.4396,-0.2057,C,0.1959,0.899,0.619,0.419,0.12
776,351798,-23.36,17,0.0,0.0,0.0,0.7901,0.2832,0.3504,0.0,0.0,0.3072,-0.2685,C,0.1967,0.899,0.619,0.419,0.12
777,351851,98.95,53,98.1,0.5649,0.1939,0.6173,0.4157,0.7549,1.1558,0.7147,0.3885,-0.4013,C,0.2205,0.899,0.619,0.419,0.12
778,352032,499.73,181,100.0,0.4027,0.097,0.4738,0.5441,0.9253,2.1628,0.4265,0.4261,-0.5606,C,0.2351,0.9,0.62,0.42,0.12
779,352090,-58.07,58,0.0,0.0,0.0,0.5218,0.4933,0.7172,0.0,0.0,0.2984,-0.4857,C,0.2388,0.901,0.62,0.42,0.12
780,352106,-17.33,16,18.8,1.0877,0.0391,0.8009,0.2743,0.3437,0.0019,0.0423,0.3925,-0.2114,C,0.2115,0.901,0.62,0.42,0.12
781,352124,-23.77,18,0.0,0.0,0.0,0.7333,0.3513,0.472,0.0,0.0,0.3554,-0.3565,C,0.2014,0.901,0.62,0.42,0.12
782,352444,245.62,320,94.7,0.7467,0.1281,0.4894,0.6702,0.9364,0.378,0.5649,0.2863,-0.8314,C,0.1926,0.903,0.622,0.422,0.12
783,352464,-19.76,20,0.0,0.0,0.0,0.7523,0.2617,0.5233,0.0,0.0,0.4746,-0.2245,C,0.2185,0.903,0.622,0.422,0.12
784,352490,-32.09,26,0.0,0.0,0.0,0.7307,0.3756,0.3798,0.0,0.0,0.3525,-0.3919,C,0.1818,0.903,0.622,0.422,0.12
785,352506,-21.61,16,0.0,0.0,0.0,0.7113,0.357,0.3786,0.0,0.0,0.4189,-0.334,C,0.2422,0.903,0.622,0.422,0.12
786,352529,-20.63,23,0.0,0.0,0.0,0.6092,0.2948,0.5554,0.0,0.0,0.4277,-0.1674,C,0.2239,0.903,0.622,0.422,0.12
787,352550,-16.91,21,42.9,0.8898,0.0895,0.7202,0.3345,0.3887,0.0281,0.1875,0.315,-0.2929,C,0.1977,0.903,0.622,0.422,0.12
788,352566,-16.24,16,37.5,0.5459,0.0923,0.7601,0.3598,0.3567,0.4878,0.1641,0.4379,-0.3923,C,0.1925,0.904,0.622,0.422,0.12
789,352582,-20.9,16,0.0,0.0,0.0,0.7094,0.2876,0.4225,0.0,0.0,0.3932,-0.2857,C,0.1844,0.904,0.622,0.422,0.12
790,352598,-23.48,16,0.0,0.0,0.0,0.8406,0.2972,0.3587,0.0,0.0,0.3451,-0.3669,C,0.1874,0.904,0.622,0.422,0.12
791,352856,263.14,258,95.3,0.857,0.1061,0.4538,0.4756,0.9272,0.1992,0.4773,0.43,-0.4419,C,0.2025,0.905,0.623,0.423,0.121
792,352873,-19.72,17,0.0,0.0,0.0,0.761,0.2501,0.3378,0.0,0.0,0.4289,-0.1696,C,0.2142,0.905,0.623,0.423,0.121
793,352891,-21.47,18,0.0,0.0,0.0,0.7628,0.2674,0.3203,0.0,0.0,0.4305,-0.228,C,0.2232,0.906,0.623,0.423,0.121
794,352916,-27.02,25,0.0,0.0,0.0,0.679,0.3652,0.4299,0.0,0.0,0.4327,-0.3283,C,0.2318,0.906,0.623,0.423,0.121
795,352935,-17.98,19,47.4,0.8578,0.0964,0.7422,0.4195,0.4101,0.0688,0.2209,0.3118,-0.4332,C,0.191,0.906,0.623,0.423,0.121
796,352953,-19.87,18,0.0,0.0,0.0,0.7243,0.2626,0.49,0.0,0.0,0.3892,-0.1823,C,0.1743,0.906,0.624,0.424,0.121
797,353003,-7.08,50,78.0,1.0302,0.0241,0.5903,0.5225,0.7451,0.0073,0.141,0.4429,-0.6435,C,0.1956,0.906,0.624,0.424,0.121
798,353090,109.88,87,97.7,0.6714,0.1728,0.6,0.4625,0.7947,0.4928,0.7383,0.3623,-0.4594,C,0.2141,0.907,0.624,0.424,0.121
799,353114,-30.68,24,0.0,0.0,0.0,0.6565,0.3603,0.3492,0.0,0.0,0.283,-0.3194,C,0.1864,0.907,0.624,0.424,0.121
800,353136,-23.65,22,0.0,0.0,0.0,0.7434,0.2446,0.4119,0.0,0.0,0.3859,-0.2121,C,0.2121,0.907,0.624,0.424,0.121
801,353152,-21.24,16,0.0,0.0,0.0,0.7795,0.2863,0.4032,0.0,0.0,0.3879,-0.2918,C,0.2483,0.907,0.624,0.424,0.121
802,353194,-11.69,42,57.1,1.0461,0.0244,0.5753,0.4081,0.6943,0.0075,0.0992,0.2865,-0.3744,C,0.1898,0.907,0.624,0.424,0.121
803,353442,368.19,248,98.4,0.5806,0.0726,0.5175,0.5652,0.8999,1.0934,0.3554,0.353,-0.6339,C,0.2151,0.909,0.625,0.425,0.121
804,353462,-22.3,20,0.0,0.0,0.0,0.728,0.263,0.3256,0.0,0.0,0.3933,-0.171,C,0.2076,0.909,0.625,0.425,0.121
805,353479,-13.24,17,58.8,0.7022,0.1192,0.8308,0.2638,0.3417,0.5263,0.3348,0.329,-0.3263,C,0.2356,0.909,0.626,0.426,0.121
806,353562,111.12,83,90.4,0.7357,0.1739,0.5911,0.3963,0.84,0.5767,0.6167,0.3426,-0.3612,C,0.2063,0.91,0.626,0.426,0.121
807,353579,-21.22,17,0.0,0.0,0.0,0.7584,0.2664,0.3243,0.0,0.0,0.3922,-0.2143,C,0.2385,0.91,0.626,0.426,0.121
808,353594,-18.7,15,0.0,0.0,0.0,0.7707,0.2413,0.3611,0.0,0.0,0.391,-0.1514,C,0.1836,0.91,0.626,0.426,0.121
809,353987,557.56,393,97.7,0.6976,0.1734,0.4012,0.513,0.9469,0.4487,0.7159,0.3351,-0.4952,C,0.1776,0.912,0.627,0.427,0.121
810,354010,-26.56,23,0.0,0.0,0.0,0.7485,0.2557,0.3535,0.0,0.0,0.3164,-0.2131,C,0.1974,0.913,0.628,0.428,0.121
811,354037,-29.64,27,0.0,0.0,0.0,0.7183,0.3104,0.3841,0.0,0.0,0.3653,-0.2846,C,0.1984,0.913,0.628,0.428,0.121
812,354054,-20.77,17,0.0,0.0,0.0,0.6979,0.2939,0.4382,0.0,0.0,0.3745,-0.2272,C,0.2021,0.913,0.628,0.428,0.121
813,354071,-24.38,17,0.0,0.0,0.0,0.8345,0.294,0.3263,0.0,0.0,0.34,-0.3489,C,0.2275,0.913,0.628,0.428,0.121
814,354090,-25.53,19,0.0,0.0,0.0,0.7855,0.2977,0.3608,0.0,0.0,0.316,-0.3138,C,0.1752,0.913,0.628,0.428,0.121
815,354114,-27.28,24,0.0,0.0,0.0,0.7429,0.3143,0.3569,0.0,0.0,0.3998,-0.2983,C,0.1733,0.913,0.628,0.428,0.121
816,354136,-29.9,22,0.0,0.0,0.0,0.7441,0.3333,0.3748,0.0,0.0,0.2445,-0.3363,C,0.2033,0.913,0.628,0.428,0.121
817,354162,-28.07,26,0.0,0.0,0.0,0.6619,0.3832,0.4369,0.0,0.0,0.4452,-0.3586,C,0.1918,0.913,0.628,0.428,0.121
818,354229,41.86,67,97.0,0.8128,0.0941,0.4912,0.5052,0.8403,0.1025,0.4333,0.3744,-0.5021,C,0.1864,0.914,0.628,0.428,0.121
819,354259,-31.01,30,0.0,0.0,0.0,0.6234,0.3957,0.4587,0.0,0.0,0.4304,-0.3599,C,0.2344,0.914,0.628,0.428,0.121
820,354276,-20.34,17,0.0,0.0,0.0,0.7225,0.3435,0.4352,0.0,0.0,0.4705,-0.2962,C,0.1745,0.914,0.629,0.429,0.121
821,354297,-7.44,21,76.2,0.8537,0.0488,0.7321,0.4063,0.6048,0.0445,0.1898,0.2964,-0.4381,C,0.226,0.914,0.629,0.429,0.121
822,354316,-20.76,19,10.5,0.9378,0.0044,0.7709,0.3148,0.4469,0.0022,0.013,0.4236,-0.3331,C,0.1858,0.914,0.629,0.429,0.121
823,354339,-28.14,23,0.0,0.0,0.0,0.7526,0.3348,0.3688,0.0,0.0,0.3978,-0.3711,C,0.1762,0.915,0.629,0.429,0.121
824,354357,-20.9,18,0.0,0.0,0.0,0.7363,0.3059,0.4053,0.0,0.0,0.4754,-0.2837,C,0.2119,0.915,0.629,0.429,0.121
825,354532,92.28,175,98.9,0.9749,0.0749,0.4522,0.586,0.9002,0.0269,0.3607,0.427,-0.6286,C,0.218,0.916,0.629,0.429,0.122
826,354556,-25.88,24,4.2,0.9995,0.043,0.6522,0.3796,0.479,0.0004,0.0094,0.3891,-0.3318,C,0.2442,0.916,0.63,0.43,0.122
827,354710,110.83,154,81.8,0.5735,0.055,0.5343,0.6899,0.8854,0.7814,0.2398,0.3958,-0.8937,C,0.1809,0.917,0.63,0.43,0.122
828,354740,5.53,30,96.7,0.8579,0.0996,0.6588,0.3902,0.6273,0.0763,0.4588,0.3111,-0.4024,C,0.1865,0.917,0.63,0.43,0.122
829,354757,-18.77,17,0.0,0.0,0.0,0.759,0.2186,0.3532,0.0,0.0,0.4465,-0.139,C,0.2087,0.917,0.63,0.43,0.122
830,354774,-13.06,17,47.1,0.9257,0.0731,0.7743,0.3156,0.3799,0.0158,0.1701,0.4693,-0.3302,C,0.2185,0.917,0.63,0.43,0.122
831,354794,-24.98,20,0.0,0.0,0.0,0.6808,0.3513,0.3648,0.0,0.0,0.3853,-0.3165,C,0.1912,0.917,0.63,0.43,0.122
832,354812,-0.38,18,94.4,0.6946,0.1598,0.7874,0.3088,0.4,0.6806,0.6847,0.3587,-0.3071,C,0.2193,0.918,0.631,0.431,0.122
833,354983,368.58,171,78.9,0.3856,0.0992,0.5727,0.478,0.8613,1.7818,0.3114,0.4441,-0.4996,C,0.1869,0.919,0.631,0.431,0.122
834,355207,109.17,224,93.8,0.8957,0.0796,0.4996,0.5646,0.8893,0.0746,0.3745,0.3567,-0.625,C,0.2263,0.92,0.632,0.432,0.122
835,355229,-16.55,22,36.4,0.9021,0.0831,0.6545,0.3818,0.4933,0.0147,0.1461,0.4322,-0.365,C,0.1955,0.92,0.632,0.432,0.122
836,355291,45.99,62,100.0,0.8319,0.1152,0.525,0.4257,0.8059,0.2628,0.538,0.4373,-0.3987,C,0.1756,0.921,0.632,0.432,0.122
837,355317,-24.83,26,19.2,0.6121,0.0963,0.5956,0.3771,0.5429,0.1911,0.0865,0.2887,-0.3261,C,0.1747,0.921,0.632,0.432,0.122
838,355334,-20.06,17,0.0,0.0,0.0,0.7314,0.247,0.3532,0.0,0.0,0.4149,-0.1834,C,0.237,0.921,0.632,0.432,0.122
839,355369,5.48,35,68.6,0.8457,0.1267,0.6101,0.3519,0.6661,0.0425,0.4093,0.2877,-0.2879,C,0.2364,0.921,0.633,0.433,0.122
840,355386,-15.97,17,23.5,0.6599,0.0664,0.7362,0.2271,0.3738,0.2417,0.0749,0.392,-0.1673,C,0.2369,0.921,0.633,0.433,0.122
841,355411,-15.22,25,44.0,0.8803,0.1028,0.7309,0.3414,0.4387,0.0199,0.2185,0.3793,-0.3327,C,0.2064,0.921,0.633,0.433,0.122
842,355434,-19.83,23,21.7,0.6724,0.0709,0.665,0.344,0.4122,0.1513,0.0749,0.44,-0.2934,C,0.2135,0.921,0.633,0.433,0.122
843,355465,-29.07,31,0.0,0.0,0.0,0.6764,0.2966,0.4302,0.0,0.0,0.3916,-0.2218,C,0.2482,0.922,0.633,0.433,0.122
844,355490,-26.03,25,0.0,0.0,0.0,0.6831,0.3404,0.4155,0.0,0.0,0.4303,-0.2792,C,0.2118,0.922,0.633,0.433,0.122
845,355700,236.99,210,97.1,0.7521,0.0901,0.4873,0.4924,0.9011,0.486,0.4041,0.3722,-0.4594,C,0.216,0.923,0.634,0.434,0.122
846,355733,4.52,33,97.0,1.009,0.0734,0.6517,0.397,0.6626,0.1939,0.362,0.307,-0.4029,C,0.2499,0.923,0.634,0.434,0.122
847,355758,-29.29,25,0.0,0.0,0.0,0.7409,0.3749,0.4796,0.0,0.0,0.3933,-0.4047,C,0.2176,0.923,0.634,0.434,0.122
848,355773,-20.41,15,0.0,0.0,0.0,0.8058,0.2569,0.3633,0.0,0.0,0.3319,-0.2076,C,0.2119,0.924,0.634,0.434,0.122
849,355792,-21.89,19,0.0,0.0,0.0,0.6425,0.3516,0.5074,0.0,0.0,0.3923,-0.272,C,0.2274,0.924,0.634,0.434,0.122
850,355811,-25.3,19,0.0,0.0,0.0,0.6819,0.4,0.4515,0.0,0.0,0.3257,-0.3567,C,0.2032,0.924,0.634,0.434,0.122
851,355839,-27.48,28,17.9,1.129,0.0141,0.7254,0.4157,0.4507,0.0007,0.0259,0.4348,-0.4648,C,0.2475,0.924,0.634,0.434,0.122
852,355858,-21.91,19,0.0,0.0,0.0,0.7409,0.2693,0.3472,0.0,0.0,0.3918,-0.192,C,0.2406,0.924,0.634,0.434,0.122
853,355884,-18.57,26,38.5,1.0905,0.0644,0.6819,0.3698,0.4722,0.0018,0.1218,0.2819,-0.3403,C,0.2112,0.924,0.635,0.435,0.122
854,355917,-30.82,33,0.0,0.0,0.0,0.6749,0.3105,0.4309,0.0,0.0,0.4121,-0.2583,C,0.2343,0.924,0.635,0.435,0.122
855,355941,-20.44,24,41.7,0.7247,0.0764,0.6313,0.4885,0.4501,0.2348,0.154,0.364,-0.4659,C,0.2466,0.925,0.635,0.435,0.122
856,355975,-30.43,34,23.5,0.9806,0.0366,0.6608,0.4107,0.4179,0.0043,0.0496,0.3811,-0.4296,C,0.1727,0.925,0.635,0.435,0.122
857,356089,7.21,114,92.1,1.1115,0.0205,0.5036,0.613,0.8543,0.0059,0.1513,0.3559,-0.705,C,0.2477,0.926,0.635,0.435,0.123
858,356106,-21.41,17,0.0,0.0,0.0,0.779,0.2482,0.3485,0.0,0.0,0.3516,-0.1972,C,0.1921,0.926,0.635,0.435,0.123
859,356128,-22.06,22,31.8,0.7428,0.0794,0.7205,0.426,0.3593,0.1052,0.1218,0.422,-0.4721,C,0.24,0.926,0.635,0.435,0.123
860,356144,-20.39,16,0.0,0.0,0.0,0.7767,0.2292,0.3568,0.0,0.0,0.3259,-0.1534,C,0.2277,0.926,0.636,0.436,0.123
861,356166,-22.74,22,0.0,0.0,0.0,0.7178,0.2908,0.405,0.0,0.0,0.4554,-0.237,C,0.2231,0.926,0.636,0.436,0.123
862,356185,-19.47,19,26.3,0.9113,0.0518,0.7693,0.2808,0.3989,0.0097,0.069,0.2804,-0.2439,C,0.1942,0.926,0.636,0.436,0.123
863,356213,-30.69,28,0.0,0.0,0.0,0.6708,0.4013,0.4224,0.0,0.0,0.4226,-0.3728,C,0.179,0.926,0.636,0.436,0.123
864,356233,-20.45,20,15.0,1.0141,0.0247,0.7242,0.3228,0.4039,0.0028,0.0261,0.398,-0.2733,C,0.1994,0.926,0.636,0.436,0.123
865,356258,-29.33,25,0.0,0.0,0.0,0.6646,0.3992,0.3809,0.0,0.0,0.3929,-0.3566,C,0.1834,0.927,0.636,0.436,0.123
866,356416,132.7,158,100.0,0.8131,0.1151,0.4955,0.5563,0.9105,0.1845,0.514,0.3937,-0.6086,C,0.1863,0.928,0.637,0.437,0.123
867,356440,-25.74,24,0.0,0.0,0.0,0.7434,0.2875,0.3682,0.0,0.0,0.428,-0.268,C,0.1903,0.928,0.637,0.437,0.123
868,356553,109.13,113,88.5,0.7324,0.136,0.5419,0.4925,0.8551,0.6475,0.5017,0.2675,-0.5077,C,0.206,0.928,0.637,0.437,0.123
869,356576,-24.7,23,0.0,0.0,0.0,0.7084,0.2952,0.4145,0.0,0.0,0.4154,-0.2617,C,0.2155,0.929,0.637,0.437,0.123
870,356592,-7.17,16,81.2,1.0087,0.0372,0.7245,0.305,0.3712,0.013,0.1716,0.376,-0.2474,C,0.2443,0.929,0.637,0.437,0.123
871,356616,-30.43,24,0.0,0.0,0.0,0.6621,0.4451,0.4433,0.0,0.0,0.3852,-0.4581,C,0.2155,0.929,0.637,0.437,0.123
872,356639,-26.5,23,0.0,0.0,0.0,0.7605,0.3039,0.4165,0.0,0.0,0.4031,-0.3287,C,0.1729,0.929,0.637,0.437,0.123
873,356666,-25.07,27,0.0,0.0,0.0,0.6897,0.2801,0.4124,0.0,0.0,0.4321,-0.1963,C,0.2341,0.929,0.637,0.437,0.123
874,356683,-23.07,17,0.0,0.0,0.0,0.823,0.3531,0.4173,0.0,0.0,0.4547,-0.4319,C,0.2115,0.929,0.638,0.438,0.123
875,356769,173.69,86,100.0,0.4971,0.1088,0.5443,0.5114,0.8392,1.4342,0.5004,0.3893,-0.5243,C,0.22,0.93,0.638,0.438,0.123
876,356785,-15.67,16,37.5,1.0458,0.022,0.7462,0.329,0.4309,0.0033,0.062,0.3431,-0.296,C,0.1948,0.93,0.638,0.438,0.123
877,356803,-12.69,18,38.9,0.9749,0.0603,0.7774,0.2308,0.4956,0.0123,0.118,0.3704,-0.1718,C,0.2231,0.93,0.638,0.438,0.123
878,356819,-19.5,16,0.0,0.0,0.0,0.7167,0.2565,0.3353,0.0,0.0,0.3703,-0.132,C,0.2425,0.93,0.638,0.438,0.123
879,356843,-23.47,24,20.8,0.895,0.0641,0.6666,0.3547,0.3972,0.058,0.0666,0.3069,-0.2771,C,0.1801,0.93,0.638,0.438,0.123
880,356866,-21.61,23,21.7,0.6275,0.0801,0.7258,0.3681,0.5037,0.2089,0.0831,0.3822,-0.3588,C,0.2146,0.93,0.638,0.438,0.123
881,356893,-35.21,27,0.0,0.0,0.0,0.7172,0.4294,0.4469,0.0,0.0,0.3363,-0.4934,C,0.2224,0.931,0.638,0.438,0.123
882,356914,-25.18,21,0.0,0.0,0.0,0.7277,0.3176,0.4228,0.0,0.0,0.3247,-0.2589,C,0.249,0.931,0.638,0.438,0.123
883,357006,46.03,92,88.0,0.7746,0.05,0.5431,0.5023,0.8469,0.2409,0.2251,0.3658,-0.5301,C,0.2467,0.931,0.639,0.439,0.123
884,357034,-28.38,28,0.0,0.0,0.0,0.7153,0.3512,0.5336,0.0,0.0,0.4234,-0.3465,C,0.232,0.931,0.639,0.439,0.123
885,357058,-25.59,24,0.0,0.0,0.0,0.6371,0.3462,0.4942,0.0,0.0,0.3748,-0.2714,C,0.2145,0.932,0.639,0.439,0.123
886,357114,55.19,56,98.2,0.6985,0.1334,0.5606,0.4352,0.8032,0.3597,0.5765,0.3805,-0.4063,C,0.1768,0.932,0.639,0.439,0.123
887,357135,-17.03,21,28.6,0.5484,0.0731,0.753,0.3077,0.3595,0.3216,0.0984,0.4395,-0.2457,C,0.2413,0.932,0.639,0.439,0.123
888,357156,-24.12,21,0.0,0.0,0.0,0.7116,0.3258,0.4386,0.0,0.0,0.3983,-0.2899,C,0.1999,0.932,0.639,0.439,0.123
889,357172,-20.86,16,0.0,0.0,0.0,0.812,0.2569,0.374,0.0,0.0,0.3776,-0.2436,C,0.1737,0.932,0.639,0.439,0.123
890,357206,-31.59,34,0.0,0.0,0.0,0.654,0.3698,0.5347,0.0,0.0,0.4321,-0.3345,C,0.1958,0.933,0.64,0.44,0.123
891,357224,-20.57,18,0.0,0.0,0.0,0.7292,0.3073,0.3698,0.0,0.0,0.4433,-0.2153,C,0.1855,0.933,0.64,0.44,0.123
892,357243,-23.06,19,0.0,0.0,0.0,0.7813,0.326,0.4096,0.0,0.0,0.4019,-0.2938,C,0.2187,0.933,0.64,0.44,0.123
893,357545,300.15,302,85.8,0.6792,0.1541,0.4588,0.5678,0.9343,0.4221,0.5681,0.3229,-0.5906,C,0.2114,0.935,0.641,0.441,0.123
894,357585,-35.4,40,0.0,0.0,0.0,0.5858,0.3859,0.6387,0.0,0.0,0.365,-0.3194,C,0.1985,0.935,0.641,0.441,0.123
895,357604,-13.04,19,57.9,0.6779,0.1305,0.7844,0.327,0.412,0.5294,0.3589,0.3062,-0.3375,C,0.213,0.935,0.641,0.441,0.123
896,357622,-2.33,18,100.0,0.8234,0.1179,0.7083,0.3467,0.4413,0.2302,0.5587,0.3157,-0.3122,C,0.2038,0.935,0.641,0.441,0.124
897,357988,340.12,366,97.3,0.761,0.1496,0.4363,0.5967,0.9407,0.1834,0.6686,0.3368,-0.6554,C,0.1831,0.937,0.642,0.442,0.124
898,358007,-22.38,19,0.0,0.0,0.0,0.7573,0.2653,0.366,0.0,0.0,0.3778,-0.2123,C,0.2344,0.938,0.643,0.443,0.124
899,358042,-31.34,35,0.0,0.0,0.0,0.6938,0.3098,0.5171,0.0,0.0,0.3969,-0.2653,C,0.2285,0.938,0.643,0.443,0.124
900,358057,-19.92,15,0.0,0.0,0.0,0.8386,0.2008,0.3703,0.0,0.0,0.3728,-0.2194,C,0.2236,0.938,0.643,0.443,0.124
901,358099,-39.0,42,0.0,0.0,0.0,0.5928,0.4419,0.6431,0.0,0.0,0.4244,-0.4365,C,0.1793,0.938,0.643,0.443,0.124
902,358124,-32.48,25,0.0,0.0,0.0,0.6794,0.3955,0.3073,0.0,0.0,0.3229,-0.376,C,0.211,0.938,0.643,0.443,0.124
903,358150,-28.89,26,0.0,0.0,0.0,0.7103,0.3742,0.4225,0.0,0.0,0.4448,-0.3827,C,0.2161,0.938,0.643,0.443,0.124
904,358182,-31.28,32,0.0,0.0,0.0,0.5899,0.3711,0.4694,0.0,0.0,0.3864,-0.2862,C,0.2289,0.939,0.643,0.443,0.124
905,358307,328.2,125,96.0,0.3294,0.0915,0.4772,0.5149,0.8966,2.0966,0.3924,0.3834,-0.5138,C,0.2213,0.939,0.644,0.444,0.124
906,358365,14.49,58,84.5,0.9708,0.0421,0.6175,0.4071,0.7105,0.0154,0.2083,0.4108,-0.3803,C,0.2465,0.94,0.644,0.444,0.124
907,358615,194.8,250,95.2,0.9535,0.0755,0.4595,0.5322,0.9301,0.1736,0.3568,0.4282,-0.5469,C,0.1858,0.941,0.645,0.445,0.124
908,358805,253.12,190,96.8,0.6199,0.14,0.4747,0.5167,0.8789,0.6052,0.6347,0.3516,-0.5024,C,0.2193,0.943,0.646,0.446,0.124
909,358822,-18.67,17,17.6,1.0468,0.043,0.7464,0.2773,0.3319,0.0031,0.0413,0.3592,-0.2123,C,0.1942,0.943,0.646,0.446,0.124
910,358850,-29.99,28,0.0,0.0,0.0,0.6352,0.3456,0.4092,0.0,0.0,0.3645,-0.283,C,0.2438,0.943,0.646,0.446,0.124
911,358880,-1.75,30,86.7,0.8726,0.0774,0.6197,0.4322,0.6179,0.0973,0.3482,0.4097,-0.4458,C,0.23,0.943,0.646,0.446,0.124
912,358899,-13.87,19,52.6,1.208,0.0047,0.7091,0.3975,0.4785,0.0007,0.0651,0.4048,-0.4516,C,0.2005,0.943,0.646,0.446,0.124
913,358939,-39.5,40,0.0,0.0,0.0,0.6601,0.4061,0.5182,0.0,0.0,0.393,-0.3896,C,0.2314,0.943,0.646,0.446,0.124
914,358966,-19.41,27,48.1,0.7907,0.0913,0.6318,0.4638,0.4287,0.2914,0.2151,0.3497,-0.4471,C,0.2291,0.944,0.646,0.446,0.124
915,359015,-43.46,49,0.0,0.0,0.0,0.5702,0.4433,0.6348,0.0,0.0,0.4003,-0.4006,C,0.2413,0.944,0.646,0.446,0.124
916,359047,-8.22,32,46.9,0.7697,0.1733,0.6429,0.4045,0.4231,0.2382,0.3213,0.3078,-0.3884,C,0.2426,0.944,0.646,0.446,0.124
917,359067,-18.79,20,15.0,0.8314,0.0667,0.6853,0.2916,0.4759,0.0326,0.0478,0.4047,-0.2338,C,0.2372,0.944,0.646,0.446,0.124
918,359088,-25.84,21,0.0,0.0,0.0,0.7108,0.3634,0.4723,0.0,0.0,0.3699,-0.3603,C,0.2445,0.944,0.647,0.447,0.124
919,359118,-30.39,30,0.0,0.0,0.0,0.5961,0.421,0.5538,0.0,0.0,0.407,-0.3633,C,0.2286,0.944,0.647,0.447,0.124
920,359134,-18.96,16,0.0,0.0,0.0,0.7312,0.2751,0.4217,0.0,0.0,0.4264,-0.1971,C,0.2026,0.945,0.647,0.447,0.124
921,359194,34.37,60,100.0,0.8835,0.1116,0.5305,0.5391,0.8036,0.2563,0.5199,0.4025,-0.5705,C,0.1773,0.945,0.647,0.447,0.124
922,359217,-20.18,23,26.1,0.5017,0.0946,0.7119,0.3436,0.45,0.3764,0.1152,0.3831,-0.32,C,0.2141,0.945,0.647,0.447,0.125
923,359236,-14.43,19,36.8,1.0076,0.0474,0.7251,0.3266,0.3334,0.0108,0.0907,0.4624,-0.2354,C,0.1938,0.945,0.647,0.447,0.125
924,359254,-19.38,18,0.0,0.0,0.0,0.7539,0.221,0.3395,0.0,0.0,0.4639,-0.1546,C,0.2478,0.945,0.647,0.447,0.125
925,359289,-26.82,35,17.1,0.9901,0.0418,0.6004,0.4268,0.57,0.0087,0.0397,0.435,-0.3733,C,0.2132,0.946,0.647,0.447,0.125
926,359318,-29.96,29,13.8,0.9845,0.0208,0.642,0.4198,0.4921,0.0037,0.0226,0.345,-0.4178,C,0.1941,0.946,0.647,0.447,0.125
927,359350,-35.0,32,0.0,0.0,0.0,0.6834,0.3694,0.4726,0.0,0.0,0.3583,-0.3758,C,0.1809,0.946,0.648,0.448,0.125
928,359595,386.02,245,95.1,0.6362,0.0964,0.4598,0.5129,0.8993,1.0107,0.4374,0.3254,-0.5025,C,0.2491,0.947,0.648,0.448,0.125
929,359614,-19.89,19,5.3,0.9011,0.0156,0.6857,0.2588,0.4147,0.0016,0.0078,0.3904,-0.1712,C,0.227,0.948,0.649,0.449,0.125
930,359634,-22.53,20,0.0,0.0,0.0,0.7306,0.334,0.4443,0.0,0.0,0.4606,-0.3092,C,0.1823,0.948,0.649,0.449,0.125
931,359748,127.6,114,93.0,0.8785,0.123,0.462,0.4991,0.8702,0.5255,0.4901,0.3894,-0.4941,C,0.2239,0.948,0.649,0.449,0.125
932,359765,-22.83,17,0.0,0.0,0.0,0.761,0.3311,0.3968,0.0,0.0,0.3729,-0.3257,C,0.2058,0.949,0.649,0.449,0.125
933,359797,-33.81,32,0.0,0.0,0.0,0.6639,0.3406,0.4331,0.0,0.0,0.3498,-0.3103,C,0.1899,0.949,0.649,0.449,0.125
934,359820,-25.07,23,0.0,0.0,0.0,0.7035,0.3075,0.4319,0.0,0.0,0.3651,-0.2362,C,0.2248,0.949,0.649,0.449,0.125
935,359967,3.36,147,66.0,1.1319,0.0182,0.5205,0.5025,0.872,0.0023,0.1077,0.4194,-0.535,C,0.1799,0.95,0.65,0.45,0.125
936,359986,-21.52,19,0.0,0.0,0.0,0.7589,0.26,0.3609,0.0,0.0,0.4227,-0.2092,C,0.2484,0.95,0.65,0.45,0.125
937,360012,-19.04,26,26.9,0.6193,0.0787,0.6671,0.3251,0.4107,0.2304,0.0986,0.4354,-0.2667,C,0.2118,0.95,0.65,0.45,0.125
938,360119,182.54,107,100.0,0.5348,0.0903,0.486,0.5708,0.8669,1.3612,0.4246,0.4102,-0.6087,C,0.2193,0.951,0.65,0.45,0.125
939,360141,-21.18,22,31.8,0.6607,0.0875,0.7101,0.4119,0.3839,0.2123,0.1333,0.4085,-0.4334,C,0.2494,0.951,0.651,0.451,0.125
940,360158,-13.89,17,47.1,0.9512,0.0592,0.7692,0.31,0.3584,0.031,0.1391,0.402,-0.292,C,0.212,0.951,0.651,0.451,0.125
941,360177,-25.43,19,0.0,0.0,0.0,0.6909,0.3932,0.4039,0.0,0.0,0.3549,-0.3691,C,0.203,0.951,0.651,0.451,0.125
942,360197,-14.03,20,60.0,0.9875,0.0658,0.6843,0.3871,0.3452,0.0071,0.1925,0.2838,-0.3624,C,0.2337,0.951,0.651,0.451,0.125
943,360220,-26.22,23,0.0,0.0,0.0,0.7099,0.3739,0.4613,0.0,0.0,0.4366,-0.3726,C,0.2123,0.951,0.651,0.451,0.125
944,360251,-29.97,31,12.9,0.9217,0.0457,0.6234,0.3619,0.4853,0.011,0.031,0.2862,-0.3023,C,0.2361,0.952,0.651,0.451,0.125
945,360285,-23.84,34,35.3,0.8191,0.0965,0.6689,0.4398,0.5404,0.0419,0.1656,0.391,-0.4766,C,0.2143,0.952,0.651,0.451,0.125
946,360384,-23.3,99,54.5,1.1859,0.0179,0.5715,0.5053,0.8241,0.0013,0.0873,0.3836,-0.5543,C,0.2451,0.952,0.651,0.451,0.125
947,360416,-29.63,32,0.0,0.0,0.0,0.5857,0.3294,0.5439,0.0,0.0,0.3816,-0.2671,C,0.2122,0.953,0.652,0.452,0.125
948,360443,-9.19,27,66.7,0.9426,0.0127,0.7085,0.3865,0.6539,0.0138,0.0948,0.3239,-0.391,C,0.208,0.953,0.652,0.452,0.125
949,360547,-1.99,104,78.8,1.1014,0.0273,0.5045,0.5926,0.8579,0.0191,0.1449,0.3566,-0.6756,C,0.2173,0.953,0.652,0.452,0.125
950,360589,-35.31,42,9.5,1.1744,0.01,0.5594,0.4352,0.7207,0.0002,0.013,0.3536,-0.4129,C,0.1936,0.954,0.652,0.452,0.125
951,360644,17.5,55,83.6,0.9775,0.0901,0.5673,0.4355,0.7442,0.0151,0.3505,0.3654,-0.4045,C,0.2025,0.954,0.652,0.452,0.125
952,360672,-24.83,28,0.0,0.0,0.0,0.652,0.3301,0.5331,0.0,0.0,0.4586,-0.2548,C,0.2148,0.954,0.653,0.453,0.125
953,360991,406.48,319,88.1,0.7056,0.1385,0.4675,0.5583,0.9118,0.5722,0.5745,0.4334,-0.5881,C,0.195,0.956,0.654,0.454,0.126
954,361022,-34.53,31,0.0,0.0,0.0,0.6268,0.3838,0.4701,0.0,0.0,0.3429,-0.3691,C,0.2035,0.956,0.654,0.454,0.126
955,361036,-8.44,14,64.3,0.8891,0.1018,0.7892,0.2056,0.3689,0.0803,0.3126,0.3498,-0.1188,C,0.1813,0.956,0.654,0.454,0.126
956,361059,-20.44,23,13.0,1.0151,0.0423,0.7198,0.2962,0.4591,0.0034,0.03,0.409,-0.2234,C,0.205,0.957,0.654,0.454,0.126
957,361079,-24.34,20,0.0,0.0,0.0,0.7047,0.3053,0.3391,0.0,0.0,0.3632,-0.2496,C,0.1892,0.957,0.654,0.454,0.126
958,361827,290.1,748,57.4,0.6982,0.1321,0.4469,0.6095,0.9545,0.3564,0.313,0.3884,-0.672,C,0.2499,0.961,0.657,0.457,0.126
959,361847,-25.78,20,0.0,0.0,0.0,0.6856,0.3463,0.4944,0.0,0.0,0.3067,-0.3428,C,0.2078,0.962,0.657,0.457,0.126
960,361875,-31.75,28,0.0,0.0,0.0,0.6766,0.4325,0.4932,0.0,0.0,0.4032,-0.4266,C,0.1833,0.962,0.657,0.457,0.126
961,361973,-73.18,98,0.0,0.0,0.0,0.4773,0.5018,0.8826,0.0,0.0,0.4042,-0.4902,C,0.2165,0.962,0.657,0.457,0.126
962,362005,-28.04,32,37.5,0.9293,0.1108,0.6417,0.4579,0.3526,0.0143,0.198,0.3059,-0.4909,C,0.2337,0.963,0.658,0.458,0.126
963,362026,-11.82,21,57.1,1.0461,0.0627,0.7133,0.3451,0.398,0.0037,0.1726,0.2975,-0.2815,C,0.2299,0.963,0.658,0.458,0.126
964,362118,52.05,92,95.7,0.9582,0.0413,0.5343,0.3558,0.8251,0.0201,0.2242,0.3857,-0.2954,C,0.2253,0.963,0.658,0.458,0.126
965,362135,-23.45,17,0.0,0.0,0.0,0.7964,0.3252,0.3806,0.0,0.0,0.3778,-0.3593,C,0.2189,0.963,0.658,0.458,0.126
966,362159,-28.9,24,0.0,0.0,0.0,0.7125,0.3763,0.4328,0.0,0.0,0.3671,-0.3712,C,0.201,0.963,0.658,0.458,0.126
967,362179,-11.37,20,50.0,0.8186,0.1087,0.6711,0.3329,0.3982,0.0698,0.2585,0.4177,-0.245,C,0.183,0.964,0.658,0.458,0.126
968,362200,-24.92,21,0.0,0.0,0.0,0.7251,0.3467,0.4025,0.0,0.0,0.4104,-0.3222,C,0.2494,0.964,0.658,0.458,0.126
969,362332,136.08,132,94.7,0.8517,0.1205,0.4967,0.4585,0.8726,0.3574,0.5419,0.3732,-0.4294,C,0.2162,0.965,0.659,0.459,0.126
970,362348,-12.44,16,37.5,1.003,0.0492,0.7791,0.235,0.4907,0.0046,0.0964,0.4009,-0.1816,C,0.1825,0.965,0.659,0.459,0.126
971,362369,-26.43,21,0.0,0.0,0.0,0.7236,0.3276,0.3454,0.0,0.0,0.3256,-0.2805,C,0.2214,0.965,0.659,0.459,0.126
972,362399,-34.61,30,0.0,0.0,0.0,0.6593,0.4225,0.4777,0.0,0.0,0.3977,-0.457,C,0.1831,0.965,0.659,0.459,0.126
973,362436,-32.07,37,0.0,0.0,0.0,0.6559,0.3524,0.6569,0.0,0.0,0.3833,-0.3083,C,0.2226,0.965,0.659,0.459,0.127
974,362461,-24.62,25,0.0,0.0,0.0,0.6637,0.3057,0.4529,0.0,0.0,0.4317,-0.2428,C,0.1788,0.965,0.659,0.459,0.127
975,362498,-37.03,37,0.0,0.0,0.0,0.624,0.4477,0.6229,0.0,0.0,0.403,-0.445,C,0.2434,0.966,0.659,0.459,0.127
976,362515,-16.2,17,29.4,1.0341,0.0264,0.7796,0.2848,0.3617,0.0035,0.0521,0.3963,-0.239,C,0.225,0.966,0.659,0.459,0.127
977,362531,-7.29,16,68.8,0.6386,0.1545,0.6709,0.2674,0.3565,0.6135,0.4917,0.3651,-0.1909,C,0.2401,0.966,0.659,0.459,0.127
978,362556,2.93,25,88.0,0.805,0.131,0.6428,0.3676,0.4488,0.0814,0.5455,0.3929,-0.3376,C,0.1995,0.966,0.66,0.46,0.127
979,362585,-18.69,29,44.8,0.8678,0.0909,0.696,0.4276,0.5031,0.1218,0.1996,0.4188,-0.4718,C,0.2091,0.966,0.66,0.46,0.127
980,362626,13.03,41,95.1,0.8139,0.1309,0.5991,0.5809,0.654,0.1337,0.5275,0.4346,-0.6645,C,0.1809,0.966,0.66,0.46,0.127
981,362761,83.41,135,89.6,0.9411,0.1052,0.4767,0.4816,0.828,0.0334,0.4525,0.4111,-0.4723,C,0.2045,0.967,0.66,0.46,0.127
982,362787,-26.64,26,0.0,0.0,0.0,0.6553,0.311,0.5193,0.0,0.0,0.3414,-0.2411,C,0.1939,0.967,0.66,0.46,0.127
983,362834,-37.6,47,0.0,0.0,0.0,0.5383,0.4229,0.683,0.0,0.0,0.4495,-0.3782,C,0.2002,0.968,0.661,0.461,0.127
984,362872,-28.04,38,0.0,0.0,0.0,0.6848,0.2583,0.5636,0.0,0.0,0.4223,-0.179,C,0.2068,0.968,0.661,0.461,0.127
985,362902,8.68,30,100.0,0.8045,0.1388,0.6224,0.4406,0.676,0.2092,0.6225,0.3379,-0.4575,C,0.1817,0.968,0.661,0.461,0.127
986,362930,-33.18,28,0.0,0.0,0.0,0.6766,0.3683,0.4436,0.0,0.0,0.3251,-0.3747,C,0.1864,0.968,0.661,0.461,0.127
987,362966,-30.08,36,5.6,1.1159,0.0376,0.6854,0.3208,0.5247,0.0002,0.0121,0.4157,-0.2915,C,0.2222,0.969,0.661,0.461,0.127
988,362986,-23.48,20,0.0,0.0,0.0,0.7428,0.3105,0.3619,0.0,0.0,0.4625,-0.3176,C,0.2348,0.969,0.661,0.461,0.127
989,363197,346.14,211,99.5,0.5771,0.1554,0.4468,0.6176,0.9314,0.8268,0.7042,0.4599,-0.6885,C,0.2217,0.97,0.662,0.462,0.127
990,363220,-26.52,23,0.0,0.0,0.0,0.7125,0.3781,0.4185,0.0,0.0,0.4233,-0.3507,C,0.1842,0.97,0.662,0.462,0.127
991,363356,93.08,136,96.3,0.8686,0.0782,0.4706,0.4937,0.8715,0.2211,0.3819,0.3646,-0.4773,C,0.1796,0.971,0.663,0.463,0.127
992,363377,-21.37,21,23.8,0.9482,0.0537,0.7299,0.3891,0.4104,0.0101,0.0631,0.4459,-0.4334,C,0.2378,0.971,0.663,0.463,0.127
993,363405,-23.21,28,0.0,0.0,0.0,0.7236,0.2262,0.4677,0.0,0.0,0.4619,-0.1676,C,0.1857,0.971,0.663,0.463,0.127
994,363419,-19.51,14,0.0,0.0,0.0,0.8011,0.251,0.3446,0.0,0.0,0.356,-0.2073,C,0.2254,0.971,0.663,0.463,0.127
995,363458,-34.51,39,10.3,0.6462,0.0454,0.6027,0.4626,0.7161,0.0782,0.0245,0.3647,-0.4551,C,0.1785,0.972,0.663,0.463,0.127
996,363478,-24.14,20,0.0,0.0,0.0,0.759,0.2844,0.4281,0.0,0.0,0.352,-0.2732,C,0.2414,0.972,0.663,0.463,0.127
997,363512,-31.91,34,0.0,0.0,0.0,0.6547,0.3798,0.5613,0.0,0.0,0.4441,-0.3691,C,0.2473,0.972,0.663,0.463,0.127
998,363534,-20.94,22,36.4,0.8861,0.0844,0.6936,0.393,0.4018,0.0239,0.1489,0.3074,-0.3876,C,0.2247,0.972,0.663,0.463,0.127
999,363602,-61.79,68,0.0,0.0,0.0,0.5666,0.5234,0.8339,0.0,0.0,0.3699,-0.5484,C,0.2044,0.972,0.663,0.464,0.127
1000,363632,-27.57,30,13.3,0.9842,0.0483,0.5734,0.4111,0.6178,0.0042,0.033,0.3167,-0.3456,C,0.2279,0.973,0.664,0.464,0.127
1001,363662,-28.28,30,0.0,0.0,0.0,0.6536,0.3218,0.5431,0.0,0.0,0.3855,-0.2663,C,0.2186,0.973,0.664,0.464,0.127
1002,363679,-20.44,17,0.0,0.0,0.0,0.7781,0.1929,0.3171,0.0,0.0,0.3415,-0.1139,C,0.1969,0.973,0.664,0.464,0.127
1003,363696,-14.32,17,58.8,0.5968,0.1351,0.7171,0.4493,0.3967,0.5684,0.3784,0.3551,-0.4727,C,0.2442,0.973,0.664,0.464,0.127
1004,363737,23.76,41,100.0,0.8161,0.1005,0.6693,0.3655,0.7158,0.4154,0.4765,0.3971,-0.3285,C,0.192,0.973,0.664,0.464,0.127
1005,363768,-31.62,31,0.0,0.0,0.0,0.5795,0.3852,0.5434,0.0,0.0,0.4006,-0.3698,C,0.195,0.974,0.664,0.464,0.127
1006,363784,-13.91,16,37.5,0.9884,0.0649,0.7789,0.2225,0.3449,0.0046,0.1205,0.3604,-0.1659,C,0.2032,0.974,0.664,0.464,0.127
1007,363805,-12.79,21,42.9,0.8823,0.0862,0.6183,0.312,0.3637,0.0622,0.1784,0.4453,-0.2055,C,0.2245,0.974,0.664,0.464,0.127
1008,363829,-25.42,24,8.3,1.1093,0.0278,0.694,0.2978,0.4376,0.0003,0.0152,0.3211,-0.2658,C,0.2006,0.974,0.664,0.464,0.127
1009,364767,342.04,938,64.1,0.8682,0.1099,0.4327,0.5639,0.9511,0.1676,0.3331,0.369,-0.5983,C,0.1799,0.98,0.668,0.468,0.128
1010,364782,-2.97,15,100.0,0.9269,0.0809,0.7742,0.2785,0.4143,0.051,0.3905,0.343,-0.2154,C,0.1964,0.98,0.668,0.468,0.128
1011,364801,-23.42,19,0.0,0.0,0.0,0.6997,0.3792,0.5084,0.0,0.0,0.4024,-0.363,C,0.2489,0.98,0.668,0.468,0.128
1012,364924,150.22,123,95.9,0.6304,0.1579,0.4952,0.4883,0.8241,0.5382,0.6857,0.3587,-0.4803,C,0.1868,0.981,0.668,0.468,0.128
1013,365069,224.45,145,97.9,0.5571,0.088,0.4455,0.6562,0.9164,1.1462,0.4044,0.4556,-0.7703,C,0.2457,0.982,0.669,0.469,0.128
1014,365086,-18.09,17,23.5,1.002,0.0242,0.7724,0.2542,0.43,0.003,0.0407,0.3021,-0.2299,C,0.1958,0.982,0.669,0.469,0.128
1015,365188,33.16,102,84.3,0.9812,0.0499,0.5851,0.4002,0.8199,0.0841,0.2355,0.3707,-0.3916,C,0.1833,0.982,0.669,0.469,0.128
1016,365212,-19.11,24,25.0,1.0081,0.0163,0.6539,0.3649,0.5571,0.0023,0.038,0.367,-0.3128,C,0.2342,0.983,0.67,0.47,0.128
1017,365231,-22.71,19,0.0,0.0,0.0,0.7255,0.2367,0.3714,0.0,0.0,0.3367,-0.1914,C,0.1886,0.983,0.67,0.47,0.128
1018,365351,43.54,120,97.5,1.0922,0.0427,0.4744,0.4891,0.8576,0.0245,0.2341,0.2882,-0.4652,C,0.2308,0.983,0.67,0.47,0.128
1019,365404,-19.43,53,69.8,1.276,0.0174,0.6518,0.4869,0.7413,0.0006,0.1094,0.2371,-0.5995,C,0.1943,0.984,0.67,0.47,0.128
1020,365420,-13.9,16,43.8,1.3095,0.0059,0.7483,0.283,0.4258,0.0001,0.0552,0.333,-0.2715,C,0.2027,0.984,0.67,0.47,0.128
1021,365514,245.67,94,100.0,0.3471,0.1014,0.5751,0.5602,0.8644,2.2605,0.4227,0.3508,-0.6221,C,0.2201,0.984,0.671,0.471,0.128
1022,365972,19.55,458,39.1,0.909,0.1112,0.5032,0.4056,0.8637,0.0785,0.2081,0.3197,-0.3468,C,0.2366,0.987,0.672,0.472,0.129
1023,366215,248.56,243,94.7,0.6565,0.1176,0.4467,0.5607,0.9254,0.4662,0.5025,0.3309,-0.601,C,0.2391,0.989,0.673,0.473,0.129
1024,366245,-30.61,30,0.0,0.0,0.0,0.577,0.4395,0.5656,0.0,0.0,0.4362,-0.4059,C,0.2377,0.989,0.673,0.473,0.129
1025,366278,-20.89,33,18.2,0.7842,0.1003,0.6756,0.3144,0.59,0.038,0.0855,0.4453,-0.2547,C,0.2081,0.989,0.674,0.474,0.129
1026,366294,-14.41,16,31.2,0.6405,0.0705,0.8469,0.196,0.3699,0.314,0.1069,0.4103,-0.188,C,0.1914,0.989,0.674,0.474,0.129
1027,366328,-21.34,34,29.4,0.9696,0.0471,0.6413,0.3829,0.6197,0.0063,0.0732,0.4202,-0.3676,C,0.2392,0.99,0.674,0.474,0.129
1028,366346,-21.14,18,0.0,0.0,0.0,0.7279,0.3048,0.4072,0.0,0.0,0.4629,-0.2855,C,0.1974,0.99,0.674,0.474,0.129
1029,366363,-22.2,17,0.0,0.0,0.0,0.7752,0.2538,0.3581,0.0,0.0,0.3411,-0.238,C,0.2224,0.99,0.674,0.474,0.129
1030,366908,9.86,545,54.5,0.8531,0.1014,0.4208,0.6448,0.9685,0.0501,0.2635,0.4364,-0.7407,C,0.1891,0.993,0.676,0.476,0.129
1031,366957,8.24,49,75.5,1.1137,0.039,0.5928,0.3546,0.7472,0.0046,0.1721,0.39,-0.305,C,0.2018,0.993,0.676,0.476,0.129
1032,366973,-1.42,16,100.0,0.9391,0.0897,0.7301,0.3298,0.4664,0.0585,0.4216,0.388,-0.2873,C,0.2175,0.994,0.676,0.476,0.129
1033,367015,-36.93,42,0.0,0.0,0.0,0.5747,0.423,0.66,0.0,0.0,0.4135,-0.3847,C,0.2057,0.994,0.676,0.476,0.129
1034,367034,-24.86,19,0.0,0.0,0.0,0.7384,0.3298,0.4124,0.0,0.0,0.3928,-0.3812,C,0.2341,0.994,0.676,0.476,0.129
1035,367056,-27.37,22,0.0,0.0,0.0,0.6829,0.351,0.4581,0.0,0.0,0.2661,-0.2846,C,0.2215,0.994,0.676,0.476,0.129
1036,367071,-20.49,15,0.0,0.0,0.0,0.7449,0.2615,0.4152,0.0,0.0,0.3012,-0.2083,C,0.1938,0.994,0.677,0.477,0.129
1037,367180,71.25,109,99.1,0.7806,0.1086,0.4982,0.586,0.9008,0.2333,0.5007,0.3802,-0.6531,C,0.1936,0.995,0.677,0.477,0.129
1038,367257,94.56,77,100.0,0.6684,0.1794,0.5471,0.4494,0.8204,0.4801,0.7831,0.4356,-0.4265,C,0.1821,0.995,0.677,0.477,0.13
1039,367280,-30.66,23,0.0,0.0,0.0,0.6633,0.4049,0.3986,0.0,0.0,0.3061,-0.4039,C,0.2476,0.995,0.677,0.477,0.13
1040,367580,248.65,300,98.0,0.8396,0.0928,0.4246,0.5812,0.9228,0.257,0.4294,0.4037,-0.6237,C,0.1921,0.997,0.678,0.478,0.13
1041,367596,-15.59,16,37.5,0.9212,0.0675,0.7641,0.2775,0.3253,0.0106,0.1256,0.3235,-0.2155,C,0.2049,0.997,0.678,0.478,0.13
1042,367611,-19.81,15,0.0,0.0,0.0,0.7468,0.2837,0.3901,0.0,0.0,0.3877,-0.2367,C,0.2461,0.998,0.679,0.479,0.13
1043,367694,74.62,83,100.0,0.6862,0.1319,0.4788,0.5705,0.8559,0.3059,0.6045,0.3908,-0.6146,C,0.2184,0.998,0.679,0.479,0.13
1044,367871,128.97,177,93.2,0.9172,0.0712,0.4237,0.4549,0.9246,0.0443,0.3277,0.4204,-0.4007,C,0.2195,0.999,0.68,0.48,0.13
1045,367926,-48.79,55,0.0,0.0,0.0,0.5711,0.4509,0.7216,0.0,0.0,0.3772,-0.4434,C,0.2181,1.0,0.68,0.48,0.13
1046,367942,-21.14,16,0.0,0.0,0.0,0.7377,0.3006,0.4344,0.0,0.0,0.3173,-0.2309,C,0.2197,1.0,0.68,0.48,0.13
1047,368030,130.79,88,89.8,0.5587,0.2168,0.589,0.563,0.7828,0.9951,0.7177,0.3822,-0.6317,C,0.249,1.0,0.68,0.48,0.13
1048,368053,-23.28,23,0.0,0.0,0.0,0.6259,0.3017,0.4675,0.0,0.0,0.3856,-0.197,C,0.2405,1.0,0.68,0.48,0.13
1049,368075,-20.29,22,40.9,0.8817,0.0841,0.7293,0.4481,0.47,0.051,0.1673,0.363,-0.4925,C,0.2386,1.0,0.68,0.48,0.13
1050,368103,-28.25,28,0.0,0.0,0.0,0.6509,0.3178,0.4623,0.0,0.0,0.3544,-0.2374,C,0.1932,1.001,0.68,0.48,0.13
1051,368118,-20.69,15,0.0,0.0,0.0,0.7934,0.2615,0.3276,0.0,0.0,0.3502,-0.2269,C,0.2356,1.001,0.68,0.48,0.13
1052,368142,-29.39,24,0.0,0.0,0.0,0.6839,0.3391,0.4486,0.0,0.0,0.2775,-0.3096,C,0.1842,1.001,0.681,0.481,0.13
1053,368170,-35.85,28,0.0,0.0,0.0,0.6522,0.4523,0.4416,0.0,0.0,0.3231,-0.4672,C,0.241,1.001,0.681,0.481,0.13
1054,368192,7.77,22,100.0,0.8071,0.1391,0.6261,0.3852,0.5393,0.1617,0.6226,0.2714,-0.3143,C,0.1843,1.001,0.681,0.481,0.13
1055,368596,730.57,404,98.3,0.5375,0.1552,0.4624,0.5868,0.9422,1.1235,0.6469,0.2991,-0.6398,C,0.1815,1.004,0.682,0.482,0.13
1056,368949,395.01,353,97.2,0.6612,0.1075,0.3963,0.5287,0.9597,0.3623,0.5015,0.3538,-0.517,C,0.2497,1.006,0.684,0.484,0.131
1057,368973,-28.24,24,0.0,0.0,0.0,0.6903,0.3684,0.4049,0.0,0.0,0.392,-0.3544,C,0.2199,1.006,0.684,0.484,0.131
1058,368991,-22.37,18,0.0,0.0,0.0,0.7499,0.2483,0.4332,0.0,0.0,0.3063,-0.2104,C,0.2349,1.006,0.684,0.484,0.131
1059,369031,-35.48,40,0.0,0.0,0.0,0.6571,0.3563,0.6068,0.0,0.0,0.3715,-0.312,C,0.192,1.006,0.684,0.484,0.131
1060,369049,-23.19,18,0.0,0.0,0.0,0.7585,0.3179,0.319,0.0,0.0,0.3993,-0.2917,C,0.1915,1.007,0.684,0.484,0.131
1061,369588,82.0,539,49.9,0.8547,0.1068,0.4624,0.5298,0.9403,0.1278,0.2563,0.3805,-0.5494,C,0.2038,1.01,0.686,0.486,0.131
1062,369609,-26.78,21,0.0,0.0,0.0,0.7493,0.388,0.4302,0.0,0.0,0.4048,-0.4188,C,0.2392,1.01,0.686,0.486,0.131
1063,369631,-18.36,22,22.7,1.0146,0.0432,0.7356,0.2859,0.5631,0.0058,0.0525,0.3535,-0.2454,C,0.2362,1.01,0.686,0.486,0.131
1064,369650,-10.39,19,73.7,0.9627,0.0347,0.6874,0.4567,0.4564,0.0218,0.1481,0.4188,-0.5157,C,0.2058,1.01,0.686,0.486,0.131
1065,369669,-15.01,19,47.4,0.7317,0.1085,0.7112,0.3147,0.4245,0.138,0.247,0.3228,-0.2917,C,0.1823,1.01,0.686,0.486,0.131
1066,369702,-9.75,33,60.6,1.2015,0.0393,0.6885,0.29,0.6322,0.0008,0.1347,0.2134,-0.2548,C,0.1833,1.011,0.686,0.486,0.131
1067,369727,-19.64,25,32.0,0.8458,0.0737,0.7237,0.3424,0.3692,0.0311,0.1148,0.4318,-0.3256,C,0.2313,1.011,0.686,0.486,0.131
1068,369808,80.32,81,88.9,0.7145,0.1848,0.618,0.379,0.7348,0.1827,0.7444,0.4193,-0.359,C,0.2,1.011,0.687,0.487,0.131
1069,370163,381.21,355,97.2,0.6808,0.1002,0.3849,0.5164,0.9591,0.3622,0.4545,0.3329,-0.4945,C,0.1827,1.013,0.688,0.488,0.131
1070,370188,-25.31,25,0.0,0.0,0.0,0.6658,0.2902,0.3619,0.0,0.0,0.417,-0.2105,C,0.2103,1.014,0.688,0.488,0.131
1071,370220,-16.7,32,34.4,0.6852,0.093,0.6735,0.3274,0.5537,0.317,0.1548,0.3995,-0.2538,C,0.2349,1.014,0.688,0.488,0.131
1072,370255,-32.91,35,0.0,0.0,0.0,0.6544,0.3322,0.4515,0.0,0.0,0.3956,-0.2758,C,0.1979,1.014,0.688,0.488,0.131
1073,370283,-25.23,28,21.4,0.8507,0.0799,0.6074,0.424,0.597,0.0235,0.0802,0.3666,-0.4263,C,0.1984,1.014,0.689,0.489,0.131
1074,370300,6.37,17,100.0,0.7757,0.1618,0.6933,0.287,0.4637,0.1756,0.7307,0.4667,-0.2255,C,0.1937,1.014,0.689,0.489,0.131
1075,370314,-18.4,14,7.1,1.2824,0.0029,0.8214,0.2572,0.3904,0.0,0.0086,0.3952,-0.2706,C,0.2139,1.014,0.689,0.489,0.131
1076,370333,-15.68,19,21.1,0.8736,0.0608,0.7098,0.1895,0.3849,0.0253,0.0612,0.3773,-0.0811,C,0.247,1.015,0.689,0.489,0.131
1077,370354,-27.35,21,0.0,0.0,0.0,0.7073,0.3226,0.3435,0.0,0.0,0.319,-0.3167,C,0.2389,1.015,0.689,0.489,0.131
1078,370375,-23.62,21,0.0,0.0,0.0,0.6466,0.3337,0.5576,0.0,0.0,0.339,-0.2666,C,0.2138,1.015,0.689,0.489,0.131
1079,370389,-20.42,14,0.0,0.0,0.0,0.7482,0.3303,0.3871,0.0,0.0,0.3724,-0.3105,C,0.2239,1.015,0.689,0.489,0.131
1080,370428,-25.99,39,28.2,0.8171,0.0898,0.6811,0.4099,0.5896,0.1248,0.1213,0.387,-0.4075,C,0.237,1.015,0.689,0.489,0.132
1081,370443,-20.24,15,0.0,0.0,0.0,0.7538,0.2285,0.3745,0.0,0.0,0.3154,-0.1852,C,0.1917,1.015,0.689,0.489,0.132
1082,370464,-28.67,21,0.0,0.0,0.0,0.6712,0.4291,0.3545,0.0,0.0,0.3357,-0.402,C,0.239,1.015,0.689,0.489,0.132
1083,370495,-22.66,31,29.0,0.9904,0.0411,0.7135,0.3721,0.5058,0.0065,0.0661,0.4397,-0.3987,C,0.2382,1.016,0.689,0.489,0.132
1084,370558,-22.18,63,66.7,1.0732,0.0282,0.7312,0.4261,0.7762,0.0031,0.1282,0.1898,-0.5477,C,0.1842,1.016,0.69,0.49,0.132
1085,370580,-25.39,22,13.6,1.0195,0.0426,0.7364,0.3737,0.35,0.0027,0.0311,0.4101,-0.4213,C,0.1893,1.016,0.69,0.49,0.132
1086,370610,-35.55,30,0.0,0.0,0.0,0.6352,0.4658,0.5183,0.0,0.0,0.3609,-0.4716,C,0.1953,1.016,0.69,0.49,0.132
1087,370695,186.08,85,100.0,0.4438,0.1347,0.5068,0.472,0.8695,1.5092,0.5842,0.3416,-0.4502,C,0.2093,1.017,0.69,0.49,0.132
1088,370726,-37.21,31,0.0,0.0,0.0,0.6136,0.4761,0.5266,0.0,0.0,0.3308,-0.4718,C,0.2491,1.017,0.69,0.49,0.132
1089,371593,520.57,867,90.3,0.854,0.0935,0.4864,0.622,0.9534,0.273,0.3769,0.345,-0.74,C,0.1895,1.022,0.693,0.493,0.132
1090,371609,-20.9,16,0.0,0.0,0.0,0.7485,0.3144,0.4449,0.0,0.0,0.3805,-0.2844,C,0.2245,1.023,0.694,0.494,0.132
1091,372122,726.73,513,96.5,0.6504,0.1351,0.4341,0.6316,0.9608,0.7866,0.5651,0.366,-0.7013,C,0.2101,1.026,0.695,0.495,0.133
1092,372137,-21.85,15,0.0,0.0,0.0,0.7865,0.2462,0.3526,0.0,0.0,0.2761,-0.2426,C,0.1975,1.026,0.696,0.496,0.133
1093,372169,-24.64,32,0.0,0.0,0.0,0.6601,0.3098,0.6728,0.0,0.0,0.4517,-0.2456,C,0.2334,1.026,0.696,0.496,0.133
1094,372186,-22.07,17,0.0,0.0,0.0,0.757,0.3254,0.4234,0.0,0.0,0.3803,-0.3018,C,0.2069,1.026,0.696,0.496,0.133
1095,372199,-18.62,13,0.0,0.0,0.0,0.8301,0.1779,0.379,0.0,0.0,0.2636,-0.1163,C,0.2147,1.026,0.696,0.496,0.133
1096,372214,-20.39,15,0.0,0.0,0.0,0.7467,0.3138,0.3827,0.0,0.0,0.3533,-0.2374,C,0.223,1.026,0.696,0.496,0.133
1097,372295,92.38,81,93.8,0.5714,0.1056,0.5047,0.5992,0.8557,0.7367,0.4594,0.3887,-0.6585,C,0.185,1.027,0.696,0.496,0.133
1098,372317,-27.42,22,0.0,0.0,0.0,0.7013,0.3491,0.4354,0.0,0.0,0.3593,-0.3688,C,0.2294,1.027,0.696,0.496,0.133
1099,372331,-3.66,14,85.7,0.9306,0.082,0.792,0.2222,0.3959,0.0219,0.335,0.3801,-0.1717,C,0.2455,1.027,0.696,0.496,0.133
1100,372349,-24.55,18,0.0,0.0,0.0,0.7285,0.3472,0.3573,0.0,0.0,0.3539,-0.341,C,0.2267,1.027,0.696,0.496,0.133
1101,372377,-31.09,28,17.9,0.5705,0.0633,0.6495,0.4467,0.4857,0.2207,0.0556,0.3149,-0.4919,C,0.2356,1.027,0.696,0.496,0.133
1102,372393,-22.8,16,0.0,0.0,0.0,0.7957,0.2673,0.4077,0.0,0.0,0.3107,-0.3147,C,0.2273,1.027,0.696,0.496,0.133
1103,372413,-24.02,20,0.0,0.0,0.0,0.7455,0.3056,0.5088,0.0,0.0,0.3488,-0.3041,C,0.1919,1.028,0.697,0.497,0.133
1104,372605,225.66,192,97.9,0.7036,0.1302,0.4574,0.4822,0.8733,0.4812,0.5427,0.3675,-0.4427,C,0.2382,1.029,0.697,0.497,0.133
1105,372630,-33.38,25,0.0,0.0,0.0,0.636,0.4306,0.4401,0.0,0.0,0.2594,-0.4145,C,0.2338,1.029,0.697,0.497,0.133
1106,372686,-47.64,56,0.0,0.0,0.0,0.5259,0.4456,0.8049,0.0,0.0,0.3358,-0.4104,C,0.206,1.029,0.698,0.498,0.133
1107,372998,476.82,312,98.7,0.561,0.1619,0.4967,0.6035,0.9189,0.9436,0.6909,0.2356,-0.6737,C,0.1898,1.031,0.699,0.499,0.133
1108,373014,-19.07,16,0.0,0.0,0.0,0.8036,0.2178,0.3865,0.0,0.0,0.3971,-0.1571,C,0.1839,1.031,0.699,0.499,0.133
1109,373091,38.15,77,98.7,0.9055,0.1052,0.5516,0.4821,0.7435,0.0909,0.4942,0.3026,-0.501,C,0.2078,1.032,0.699,0.499,0.133
1110,373111,-1.05,20,95.0,0.7488,0.1382,0.6676,0.4057,0.4356,0.2665,0.6014,0.3482,-0.3771,C,0.1942,1.032,0.699,0.499,0.133
1111,373935,301.12,824,68.3,0.8577,0.0662,0.4871,0.546,0.9223,0.2469,0.2279,0.3559,-0.5844,C,0.1906,1.037,0.702,0.502,0.134
1112,373953,-23.72,18,0.0,0.0,0.0,0.7619,0.314,0.3674,0.0,0.0,0.3849,-0.3311,C,0.2216,1.037,0.702,0.502,0.134
1113,373970,-23.05,17,0.0,0.0,0.0,0.7588,0.3198,0.4015,0.0,0.0,0.3136,-0.282,C,0.1979,1.037,0.702,0.502,0.134
1114,373996,-21.4,26,19.2,0.5475,0.0547,0.6441,0.3349,0.4057,0.2699,0.0529,0.4604,-0.2961,C,0.2171,1.037,0.702,0.502,0.134
1115,374014,11.49,18,94.4,0.574,0.198,0.7,0.3174,0.4497,1.0128,0.8141,0.4201,-0.2411,C,0.2481,1.038,0.703,0.503,0.134
1116,374558,1.69,544,62.7,0.9079,0.0707,0.4709,0.6524,0.9367,0.1212,0.2236,0.3831,-0.7942,C,0.224,1.041,0.705,0.505,0.134
1117,374573,-18.69,15,20.0,1.1937,0.0212,0.809,0.2975,0.4539,0.0003,0.0328,0.3421,-0.3496,C,0.2437,1.041,0.705,0.505,0.134
1118,374590,-21.9,17,0.0,0.0,0.0,0.7293,0.2808,0.3879,0.0,0.0,0.3379,-0.2318,C,0.2398,1.041,0.705,0.505,0.134
1119,374605,-21.08,15,0.0,0.0,0.0,0.7884,0.2499,0.4223,0.0,0.0,0.2904,-0.2401,C,0.1922,1.041,0.705,0.505,0.134
1120,374621,-22.04,16,0.0,0.0,0.0,0.8394,0.2025,0.3814,0.0,0.0,0.2327,-0.1761,C,0.1895,1.041,0.705,0.505,0.134
1121,374641,9.84,20,70.0,0.5803,0.2188,0.6824,0.3923,0.4635,0.8018,0.576,0.3308,-0.3715,C,0.2146,1.041,0.705,0.505,0.134
1122,374665,-24.42,24,0.0,0.0,0.0,0.6287,0.3578,0.5594,0.0,0.0,0.4182,-0.2988,C,0.188,1.042,0.705,0.505,0.134
1123,374680,-18.5,15,0.0,0.0,0.0,0.8491,0.1936,0.3509,0.0,0.0,0.4161,-0.1583,C,0.1885,1.042,0.705,0.505,0.134
1124,374709,11.87,29,100.0,0.8674,0.1425,0.6104,0.4101,0.6778,0.0933,0.666,0.3326,-0.4058,C,0.2211,1.042,0.705,0.505,0.134
1125,374909,224.04,200,81.0,0.6163,0.1321,0.4391,0.5136,0.9088,0.6043,0.4796,0.3617,-0.4996,C,0.2158,1.043,0.706,0.506,0.134
1126,374925,-23.08,16,0.0,0.0,0.0,0.753,0.3261,0.3654,0.0,0.0,0.3108,-0.3112,C,0.1883,1.043,0.706,0.506,0.134
1127,375155,243.2,230,100.0,0.7297,0.1102,0.4398,0.635,0.9293,0.466,0.504,0.44,-0.7099,C,0.2162,1.045,0.707,0.507,0.134
1128,375173,-22.09,18,16.7,1.3064,0.0072,0.75,0.354,0.3699,0.0,0.0215,0.343,-0.3686,C,0.1918,1.045,0.707,0.507,0.134
1129,375197,-17.9,24,37.5,0.8201,0.0847,0.703,0.3186,0.3804,0.1011,0.1522,0.3911,-0.3052,C,0.2316,1.045,0.707,0.507,0.134
1130,375221,-27.12,24,0.0,0.0,0.0,0.6309,0.4219,0.4545,0.0,0.0,0.456,-0.3966,C,0.2253,1.045,0.707,0.507,0.135
1131,375235,-17.96,14,0.0,0.0,0.0,0.7451,0.227,0.4409,0.0,0.0,0.368,-0.1572,C,0.2069,1.045,0.707,0.507,0.135
1132,375277,-41.22,42,2.4,0.966,0.0078,0.5758,0.4316,0.728,0.0004,0.0031,0.3009,-0.432,C,0.1933,1.045,0.707,0.507,0.135
1133,375294,-21.88,17,0.0,0.0,0.0,0.8397,0.2064,0.3429,0.0,0.0,0.3356,-0.2059,C,0.2158,1.046,0.707,0.507,0.135
1134,375311,-21.54,17,0.0,0.0,0.0,0.8092,0.2471,0.4152,0.0,0.0,0.3594,-0.246,C,0.2457,1.046,0.707,0.507,0.135
1135,375327,-21.22,16,0.0,0.0,0.0,0.7653,0.283,0.3454,0.0,0.0,0.3779,-0.252,C,0.1991,1.046,0.707,0.507,0.135
1136,375403,97.1,76,96.1,0.6303,0.2126,0.6032,0.392,0.8203,0.4329,0.8563,0.3013,-0.3582,C,0.1975,1.046,0.708,0.508,0.135
1137,375419,-21.77,16,0.0,0.0,0.0,0.8158,0.2393,0.3889,0.0,0.0,0.3053,-0.2352,C,0.2159,1.046,0.708,0.508,0.135
1138,375440,-26.21,21,0.0,0.0,0.0,0.6741,0.3954,0.4065,0.0,0.0,0.4096,-0.3847,C,0.235,1.046,0.708,0.508,0.135
1139,375456,-16.15,16,25.0,0.7756,0.0576,0.7532,0.2797,0.3649,0.0737,0.0726,0.4336,-0.2536,C,0.2454,1.047,0.708,0.508,0.135
1140,375473,-2.63,17,94.1,0.7694,0.1349,0.76,0.3065,0.3178,0.536,0.5853,0.3888,-0.2678,C,0.2145,1.047,0.708,0.508,0.135
1141,375489,-4.16,16,75.0,0.7181,0.1532,0.7824,0.3151,0.328,0.1756,0.5363,0.4291,-0.3223,C,0.2402,1.047,0.708,0.508,0.135
1142,375553,90.46,64,95.3,0.6222,0.2292,0.5463,0.4174,0.7982,0.484,0.8371,0.4097,-0.3757,C,0.227,1.047,0.708,0.508,0.135
1143,375611,56.98,58,96.6,0.6175,0.1187,0.5802,0.4495,0.7735,0.55,0.5322,0.3836,-0.452,C,0.2346,1.048,0.709,0.509,0.135
1144,375662,22.93,51,100.0,0.8702,0.0812,0.6044,0.4379,0.7808,0.0766,0.3967,0.393,-0.443,C,0.2392,1.048,0.709,0.509,0.135
1145,375702,-31.84,40,5.0,1.3266,0.0044,0.5831,0.3967,0.5884,0.0,0.0062,0.4307,-0.3268,C,0.2261,1.048,0.709,0.509,0.135
1146,375745,-29.5,43,11.6,1.0117,0.0047,0.5625,0.436,0.7711,0.001,0.0144,0.442,-0.4115,C,0.2238,1.048,0.709,0.509,0.135
1147,375768,-29.42,23,0.0,0.0,0.0,0.7724,0.3015,0.3485,0.0,0.0,0.2764,-0.295,C,0.2198,1.049,0.709,0.509,0.135
1148,375784,-16.27,16,43.8,1.049,0.0381,0.7139,0.3329,0.3818,0.0063,0.0956,0.281,-0.3115,C,0.1891,1.049,0.709,0.509,0.135
1149,375807,-25.68,23,0.0,0.0,0.0,0.6525,0.3181,0.3932,0.0,0.0,0.3618,-0.2401,C,0.2089,1.049,0.709,0.509,0.135
1150,375824,-22.18,17,0.0,0.0,0.0,0.719,0.3244,0.4546,0.0,0.0,0.3594,-0.3033,C,0.2122,1.049,0.709,0.509,0.135
1151,375845,-26.39,21,0.0,0.0,0.0,0.6827,0.3593,0.4089,0.0,0.0,0.3058,-0.2906,C,0.1923,1.049,0.709,0.509,0.135
1152,376183,369.97,338,98.5,0.6795,0.1237,0.4757,0.5453,0.9451,0.44,0.551,0.2777,-0.5756,C,0.2272,1.051,0.711,0.511,0.135
1153,376205,-25.11,22,22.7,0.7744,0.0523,0.73,0.3762,0.3257,0.0627,0.0606,0.3108,-0.3886,C,0.2224,1.051,0.711,0.511,0.135
1154,376222,-22.22,17,0.0,0.0,0.0,0.7053,0.2796,0.3513,0.0,0.0,0.2942,-0.1884,C,0.2066,1.051,0.711,0.511,0.135
1155,376286,19.13,64,95.3,0.934,0.0399,0.5388,0.4836,0.8314,0.0238,0.2135,0.3622,-0.4842,C,0.2179,1.052,0.711,0.511,0.135
1156,376335,34.8,49,100.0,0.8869,0.1054,0.6556,0.2934,0.7358,0.2425,0.4948,0.3935,-0.2161,C,0.2058,1.052,0.711,0.511,0.135
1157,376359,-27.63,24,0.0,0.0,0.0,0.7375,0.2962,0.381,0.0,0.0,0.3407,-0.2657,C,0.219,1.052,0.711,0.511,0.135
1158,376374,-14.22,15,40.0,0.7276,0.1113,0.7461,0.2947,0.3825,0.1869,0.2105,0.3695,-0.2584,C,0.2106,1.052,0.711,0.511,0.135
1159,376397,-16.73,23,30.4,0.5967,0.1108,0.5962,0.335,0.4348,0.3175,0.163,0.4069,-0.2364,C,0.2219,1.052,0.711,0.511,0.135
1160,376417,-7.65,20,50.0,0.9231,0.1175,0.6606,0.3166,0.4718,0.0314,0.2776,0.3778,-0.2576,C,0.2074,1.053,0.712,0.512,0.135
1161,376435,-25.19,18,0.0,0.0,0.0,0.7308,0.2862,0.3902,0.0,0.0,0.2595,-0.2985,C,0.2158,1.053,0.712,0.512,0.135
1162,376456,-26.75,21,0.0,0.0,0.0,0.7073,0.3532,0.3211,0.0,0.0,0.3441,-0.3024,C,0.2153,1.053,0.712,0.512,0.135
1163,376482,-25.83,26,0.0,0.0,0.0,0.6761,0.3025,0.433,0.0,0.0,0.4393,-0.2646,C,0.2102,1.053,0.712,0.512,0.135
1164,376607,263.99,125,90.4,0.351,0.0728,0.5919,0.6323,0.8988,1.9349,0.2876,0.4324,-0.8066,C,0.2424,1.054,0.712,0.512,0.135
1165,376624,-21.3,17,0.0,0.0,0.0,0.7861,0.2898,0.4349,0.0,0.0,0.39,-0.272,C,0.2324,1.054,0.712,0.512,0.135
1166,376638,-20.38,14,0.0,0.0,0.0,0.7925,0.2147,0.3323,0.0,0.0,0.2223,-0.1299,C,0.233,1.054,0.712,0.512,0.135
1167,376658,-0.54,20,95.0,0.8524,0.1056,0.6886,0.3943,0.4968,0.0625,0.4746,0.3729,-0.4153,C,0.1941,1.054,0.712,0.512,0.135
1168,376979,325.39,321,100.0,0.796,0.1031,0.4535,0.512,0.9376,0.3274,0.4631,0.3262,-0.5082,C,0.2222,1.056,0.714,0.514,0.136
1169,376993,-17.84,14,0.0,0.0,0.0,0.8405,0.1421,0.3162,0.0,0.0,0.3322,-0.0506,C,0.2373,1.056,0.714,0.514,0.136
1170,377011,-20.74,18,16.7,1.2327,0.0166,0.702,0.356,0.3671,0.0001,0.0253,0.3773,-0.3272,C,0.226,1.056,0.714,0.514,0.136
1171,377028,-20.63,17,0.0,0.0,0.0,0.6899,0.2978,0.4669,0.0,0.0,0.3616,-0.2201,C,0.1992,1.056,0.714,0.514,0.136
1172,377045,-21.97,17,0.0,0.0,0.0,0.6952,0.3772,0.4799,0.0,0.0,0.4126,-0.3569,C,0.2039,1.057,0.714,0.514,0.136
1173,377060,-21.57,15,0.0,0.0,0.0,0.8057,0.238,0.3229,0.0,0.0,0.3035,-0.2361,C,0.207,1.057,0.714,0.514,0.136
1174,377080,-22.87,20,25.0,1.0458,0.0354,0.7597,0.3776,0.3662,0.0076,0.0524,0.3468,-0.4248,C,0.2066,1.057,0.714,0.514,0.136
1175,377933,259.58,853,64.2,0.8315,0.0977,0.4479,0.6539,0.962,0.3056,0.279,0.3893,-0.7622,C,0.2339,1.062,0.717,0.517,0.136
1176,377950,-22.24,17,0.0,0.0,0.0,0.8028,0.2503,0.4005,0.0,0.0,0.3182,-0.2387,C,0.2038,1.062,0.717,0.517,0.136
1177,377967,-26.42,17,0.0,0.0,0.0,0.7514,0.4033,0.3984,0.0,0.0,0.2973,-0.4622,C,0.2343,1.062,0.717,0.517,0.136
1178,377986,-24.46,19,0.0,0.0,0.0,0.673,0.3757,0.4333,0.0,0.0,0.3351,-0.3126,C,0.1976,1.062,0.717,0.517,0.136
1179,378014,-24.54,28,7.1,1.1905,0.0269,0.6517,0.3313,0.5905,0.0001,0.0128,0.431,-0.3173,C,0.233,1.063,0.718,0.518,0.136
1180,378030,-23.98,16,0.0,0.0,0.0,0.7286,0.327,0.3615,0.0,0.0,0.2489,-0.3035,C,0.2194,1.063,0.718,0.518,0.136
1181,378047,-16.64,17,29.4,0.9185,0.0746,0.8168,0.2335,0.3823,0.0148,0.1081,0.3504,-0.2283,C,0.214,1.063,0.718,0.518,0.136
1182,378062,-11.45,15,46.7,1.1597,0.024,0.7829,0.2485,0.3875,0.0006,0.08,0.3579,-0.1828,C,0.2233,1.063,0.718,0.518,0.136
1183,378078,-23.63,16,0.0,0.0,0.0,0.8095,0.2625,0.3094,0.0,0.0,0.2294,-0.2363,C,0.2294,1.063,0.718,0.518,0.136
1184,378158,37.22,80,100.0,0.9399,0.0694,0.4588,0.5193,0.836,0.0976,0.3391,0.3163,-0.5285,C,0.2455,1.063,0.718,0.518,0.136
1185,378183,-23.72,25,0.0,0.0,0.0,0.7578,0.2244,0.379,0.0,0.0,0.4275,-0.1658,C,0.1897,1.064,0.718,0.518,0.136
1186,378200,-11.98,17,58.8,0.6541,0.1315,0.7092,0.3306,0.3805,0.3958,0.369,0.3753,-0.3223,C,0.2273,1.064,0.718,0.518,0.136
1187,378288,17.87,88,88.6,0.9481,0.0495,0.5086,0.5403,0.8451,0.028,0.2544,0.3163,-0.5756,C,0.2217,1.064,0.719,0.519,0.136
1188,378408,205.87,120,95.8,0.5609,0.184,0.5444,0.4639,0.8199,0.9958,0.7878,0.2971,-0.4651,C,0.2088,1.065,0.719,0.519,0.137
1189,378423,-12.38,15,33.3,0.9928,0.0428,0.8504,0.1722,0.3521,0.0084,0.0778,0.4606,-0.1314,C,0.214,1.065,0.719,0.519,0.137
1190,378446,-20.21,23,26.1,1.1476,0.0283,0.634,0.3913,0.5043,0.0004,0.0481,0.3816,-0.3835,C,0.2133,1.065,0.719,0.519,0.137
1191,378464,-19.78,18,38.9,0.942,0.0547,0.7543,0.37,0.3461,0.022,0.1061,0.3,-0.4102,C,0.2179,1.065,0.719,0.519,0.137
1192,378492,-22.59,28,17.9,0.4995,0.0758,0.6312,0.3732,0.5317,0.2642,0.0633,0.4299,-0.3269,C,0.235,1.066,0.719,0.519,0.137
1193,378533,-31.28,41,0.0,0.0,0.0,0.6022,0.3612,0.6885,0.0,0.0,0.4368,-0.3,C,0.2363,1.066,0.719,0.519,0.137
1194,378553,-25.18,20,0.0,0.0,0.0,0.7473,0.2983,0.3648,0.0,0.0,0.307,-0.2484,C,0.208,1.066,0.72,0.52,0.137
1195,378570,-24.15,17,0.0,0.0,0.0,0.7477,0.3313,0.337,0.0,0.0,0.309,-0.3096,C,0.2108,1.066,0.72,0.52,0.137
1196,378589,-23.47,19,0.0,0.0,0.0,0.7389,0.2846,0.4844,0.0,0.0,0.3005,-0.2514,C,0.1985,1.066,0.72,0.52,0.137
1197,378611,-21.21,22,0.0,0.0,0.0,0.6883,0.3008,0.5068,0.0,0.0,0.4745,-0.2374,C,0.2382,1.066,0.72,0.52,0.137
1198,378632,-21.09,21,0.0,0.0,0.0,0.6761,0.2949,0.5395,0.0,0.0,0.4277,-0.2258,C,0.2098,1.066,0.72,0.52,0.137
1199,378647,-17.96,15,0.0,0.0,0.0,0.8235,0.1881,0.388,0.0,0.0,0.4146,-0.1393,C,0.195,1.067,0.72,0.52,0.137
1200,378813,274.77,166,95.2,0.5672,0.2146,0.4743,0.4677,0.8722,0.7623,0.8371,0.2574,-0.4344,C,0.2174,1.068,0.721,0.521,0.137
1201,378832,-24.33,19,0.0,0.0,0.0,0.7068,0.3375,0.4124,0.0,0.0,0.3251,-0.2855,C,0.2398,1.068,0.721,0.521,0.137
1202,378849,-18.89,17,17.6,1.1912,0.0277,0.7716,0.2817,0.4555,0.0003,0.0326,0.3249,-0.2524,C,0.234,1.068,0.721,0.521,0.137
1203,378863,-19.97,14,0.0,0.0,0.0,0.8188,0.1747,0.3662,0.0,0.0,0.2113,-0.1064,C,0.2399,1.068,0.721,0.521,0.137
1204,378876,-13.35,13,30.8,1.0247,0.0557,0.8071,0.2072,0.3609,0.0103,0.0859,0.4034,-0.154,C,0.198,1.068,0.721,0.521,0.137
1205,378892,-21.1,16,0.0,0.0,0.0,0.8206,0.2382,0.4155,0.0,0.0,0.3089,-0.2106,C,0.1884,1.068,0.721,0.521,0.137
1206,378912,-25.14,20,0.0,0.0,0.0,0.6926,0.3059,0.3472,0.0,0.0,0.2997,-0.2305,C,0.2293,1.068,0.721,0.521,0.137
1207,378928,-16.35,16,31.2,0.6294,0.0553,0.7552,0.2511,0.3756,0.254,0.0862,0.2733,-0.1726,C,0.2214,1.068,0.721,0.521,0.137
1208,378942,-17.13,14,28.6,1.2713,0.0068,0.7937,0.2581,0.4131,0.0001,0.0367,0.2104,-0.2207,C,0.1888,1.068,0.721,0.521,0.137
1209,379117,110.09,175,93.7,0.9004,0.0849,0.5093,0.4745,0.8698,0.0583,0.3876,0.3559,-0.4579,C,0.2429,1.069,0.722,0.522,0.137
1210,379139,-32.08,22,0.0,0.0,0.0,0.7383,0.4319,0.4921,0.0,0.0,0.2712,-0.5208,C,0.1906,1.07,0.722,0.522,0.137
1211,379160,-24.81,21,0.0,0.0,0.0,0.6633,0.2973,0.3875,0.0,0.0,0.3291,-0.2282,C,0.2015,1.07,0.722,0.522,0.137
1212,379187,-24.95,27,0.0,0.0,0.0,0.622,0.3465,0.5805,0.0,0.0,0.4445,-0.2884,C,0.2237,1.07,0.722,0.522,0.137
1213,379286,93.73,99,87.9,0.6428,0.2204,0.4879,0.6682,0.8899,0.415,0.7735,0.3524,-0.8023,C,0.2433,1.071,0.722,0.522,0.137
1214,379304,-24.86,18,0.0,0.0,0.0,0.7274,0.3792,0.36,0.0,0.0,0.3792,-0.385,C,0.2115,1.071,0.722,0.522,0.137
1215,379319,-21.36,15,0.0,0.0,0.0,0.757,0.2541,0.3244,0.0,0.0,0.2826,-0.202,C,0.2216,1.071,0.722,0.522,0.137
1216,379335,-17.25,16,56.2,0.9618,0.0734,0.8287,0.4053,0.3775,0.027,0.2,0.3212,-0.5516,C,0.2321,1.071,0.722,0.522,0.137
1217,379401,0.54,66,77.3,1.0303,0.0501,0.491,0.4828,0.7549,0.0064,0.1988,0.2878,-0.4686,C,0.1935,1.071,0.723,0.523,0.137
1218,379419,-21.82,18,0.0,0.0,0.0,0.7242,0.3325,0.4885,0.0,0.0,0.4407,-0.3415,C,0.2169,1.071,0.723,0.523,0.137
1219,379436,-13.33,17,52.9,0.9161,0.0698,0.7936,0.2424,0.3158,0.0461,0.1832,0.3114,-0.2158,C,0.2443,1.071,0.723,0.523,0.137
1220,379453,-16.59,17,41.2,0.7096,0.1031,0.6991,0.3653,0.4076,0.1976,0.2041,0.308,-0.3256,C,0.2345,1.072,0.723,0.523,0.137
1221,379473,-27.28,20,0.0,0.0,0.0,0.7481,0.3315,0.3552,0.0,0.0,0.2979,-0.3397,C,0.2339,1.072,0.723,0.523,0.137
1222,379501,-30.39,28,0.0,0.0,0.0,0.6223,0.4174,0.5692,0.0,0.0,0.4059,-0.4186,C,0.1973,1.072,0.723,0.523,0.137
1223,379516,-15.41,15,40.0,0.8769,0.1011,0.8306,0.2884,0.4185,0.0412,0.1931,0.3769,-0.3591,C,0.2363,1.072,0.723,0.523,0.137
1224,379558,-33.72,42,4.8,0.879,0.0547,0.5746,0.4135,0.7007,0.0023,0.013,0.4316,-0.3942,C,0.2269,1.072,0.723,0.523,0.137
1225,379574,-21.2,16,0.0,0.0,0.0,0.805,0.2366,0.3934,0.0,0.0,0.3377,-0.2347,C,0.2202,1.072,0.723,0.523,0.137
1226,379595,-21.84,21,9.5,0.8003,0.0503,0.6844,0.3133,0.536,0.0135,0.024,0.3322,-0.2594,C,0.2163,1.072,0.723,0.523,0.137
1227,379610,2.52,15,100.0,0.6786,0.192,0.8629,0.1991,0.435,0.7973,0.8239,0.335,-0.1927,C,0.1908,1.073,0.724,0.524,0.137
1228,379646,-42.54,36,0.0,0.0,0.0,0.5642,0.4627,0.585,0.0,0.0,0.2653,-0.4618,C,0.2037,1.073,0.724,0.524,0.137
1229,379661,-15.29,15,33.3,0.5879,0.0816,0.8201,0.2308,0.3946,0.3928,0.1278,0.2977,-0.1904,C,0.2467,1.073,0.724,0.524,0.137
1230,379678,-23.32,17,0.0,0.0,0.0,0.798,0.2404,0.3535,0.0,0.0,0.2476,-0.2081,C,0.2272,1.073,0.724,0.524,0.137
1231,379704,-27.21,26,0.0,0.0,0.0,0.6236,0.4203,0.5575,0.0,0.0,0.446,-0.3866,C,0.2282,1.073,0.724,0.524,0.137
1232,379742,-3.29,38,68.4,0.8023,0.0734,0.6136,0.5261,0.6707,0.1008,0.2514,0.4146,-0.5768,C,0.2245,1.073,0.724,0.524,0.137
1233,379760,5.21,18,100.0,0.7491,0.1682,0.7491,0.279,0.5287,0.6449,0.7231,0.3353,-0.2259,C,0.2422,1.073,0.724,0.524,0.137
1234,379836,8.67,76,90.8,0.9864,0.0307,0.5264,0.531,0.8499,0.0194,0.1778,0.2882,-0.5732,C,0.1902,1.074,0.724,0.524,0.137
1235,381085,44.93,1249,41.0,0.7423,0.1137,0.4214,0.608,0.9639,0.1935,0.2129,0.421,-0.6673,C,0.2169,1.082,0.729,0.529,0.138
1236,381102,-20.73,17,0.0,0.0,0.0,0.7454,0.2674,0.5011,0.0,0.0,0.3538,-0.2356,C,0.2408,1.082,0.729,0.529,0.138
1237,381119,-19.97,17,0.0,0.0,0.0,0.7531,0.2899,0.4519,0.0,0.0,0.4326,-0.245,C,0.2018,1.082,0.729,0.529,0.138
1238,381153,48.07,34,100.0,0.515,0.2441,0.586,0.484,0.7094,1.0631,0.9035,0.3667,-0.5352,C,0.1941,1.082,0.729,0.529,0.138
1239,381260,135.15,107,88.8,0.7474,0.1676,0.5798,0.4789,0.8294,0.5565,0.6448,0.3851,-0.473,C,0.2211,1.083,0.73,0.53,0.138
1240,381473,382.91,213,99.5,0.5914,0.1733,0.4753,0.4672,0.9269,0.8163,0.7451,0.3684,-0.4464,C,0.1994,1.084,0.731,0.531,0.138
1241,381621,187.79,148,91.2,0.7666,0.1389,0.4709,0.5443,0.8916,0.6386,0.5661,0.3488,-0.5597,C,0.2294,1.085,0.731,0.531,0.139
1242,381636,-22.44,15,0.0,0.0,0.0,0.7347,0.2931,0.419,0.0,0.0,0.2468,-0.2856,C,0.2014,1.085,0.731,0.531,0.139
1243,381729,48.66,93,97.8,0.9067,0.0745,0.4694,0.5574,0.8758,0.036,0.3451,0.4518,-0.5917,C,0.2345,1.086,0.731,0.531,0.139
1244,381756,-32.52,27,0.0,0.0,0.0,0.6321,0.3746,0.4915,0.0,0.0,0.2798,-0.3594,C,0.2038,1.086,0.732,0.532,0.139
1245,381779,-26.15,23,0.0,0.0,0.0,0.6784,0.3341,0.4547,0.0,0.0,0.3644,-0.2937,C,0.2156,1.086,0.732,0.532,0.139
1246,381794,-18.59,15,0.0,0.0,0.0,0.7374,0.2767,0.422,0.0,0.0,0.4758,-0.2597,C,0.2201,1.086,0.732,0.532,0.139
1247,381811,-22.63,17,0.0,0.0,0.0,0.6839,0.3491,0.4495,0.0,0.0,0.3237,-0.2916,C,0.2049,1.086,0.732,0.532,0.139
1248,381829,-1.36,18,88.9,0.7443,0.1405,0.7234,0.3348,0.3446,0.3784,0.5768,0.4217,-0.2855,C,0.1968,1.086,0.732,0.532,0.139
1249,381846,-18.63,17,41.2,0.7971,0.0931,0.7333,0.4024,0.3675,0.1213,0.1804,0.3286,-0.4443,C,0.2265,1.087,0.732,0.532,0.139
1250,381865,-17.86,19,26.3,0.8102,0.0736,0.6794,0.3351,0.4446,0.0671,0.0907,0.4013,-0.3044,C,0.1921,1.087,0.732,0.532,0.139
1251,381883,-20.49,18,22.2,0.8684,0.0537,0.7181,0.3826,0.3836,0.033,0.0601,0.3616,-0.36,C,0.2039,1.087,0.732,0.532,0.139
1252,381899,-24.29,16,0.0,0.0,0.0,0.8208,0.3104,0.4104,0.0,0.0,0.3362,-0.4346,C,0.1947,1.087,0.732,0.532,0.139
1253,381913,-18.87,14,0.0,0.0,0.0,0.8543,0.1693,0.3996,0.0,0.0,0.3163,-0.1497,C,0.2483,1.087,0.732,0.532,0.139
1254,382024,35.92,111,90.1,0.9277,0.047,0.4881,0.4977,0.8825,0.0395,0.2507,0.2858,-0.4967,C,0.2219,1.088,0.733,0.533,0.139
1255,382041,-18.03,17,29.4,0.642,0.0816,0.8171,0.2547,0.3824,0.3027,0.1174,0.3095,-0.2714,C,0.2086,1.088,0.733,0.533,0.139
1256,382056,-20.15,15,0.0,0.0,0.0,0.7842,0.2448,0.4319,0.0,0.0,0.3039,-0.1966,C,0.2392,1.088,0.733,0.533,0.139
1257,382072,-20.77,16,0.0,0.0,0.0,0.75,0.3241,0.379,0.0,0.0,0.4333,-0.2957,C,0.2499,1.088,0.733,0.533,0.139
1258,382128,-9.28,56,67.9,1.1343,0.0393,0.5375,0.5378,0.7981,0.002,0.1525,0.3567,-0.5756,C,0.2429,1.088,0.733,0.533,0.139
1259,382145,-22.89,17,0.0,0.0,0.0,0.7522,0.2531,0.2991,0.0,0.0,0.2939,-0.202,C,0.2286,1.088,0.733,0.533,0.139
1260,382168,-24.75,23,0.0,0.0,0.0,0.7145,0.3491,0.5726,0.0,0.0,0.3699,-0.2977,C,0.2494,1.089,0.733,0.533,0.139
1261,382336,125.64,168,89.3,0.67,0.0721,0.4941,0.5983,0.9142,0.3635,0.3134,0.4665,-0.68,C,0.2184,1.09,0.734,0.534,0.139
1262,382390,-2.7,54,75.9,1.0626,0.0353,0.5727,0.4714,0.7964,0.0035,0.1543,0.3095,-0.4924,C,0.1976,1.09,0.734,0.534,0.139
1263,382480,155.34,90,98.9,0.5423,0.1655,0.4897,0.5191,0.8731,1.0478,0.7577,0.3555,-0.5369,C,0.2002,1.09,0.734,0.534,0.139
1264,382619,-97.48,139,0.0,0.0,0.0,0.4463,0.4983,0.904,0.0,0.0,0.3934,-0.4747,C,0.2495,1.091,0.735,0.535,0.139
1265,382639,-22.38,20,0.0,0.0,0.0,0.6725,0.2547,0.3255,0.0,0.0,0.4066,-0.1883,C,0.2147,1.091,0.735,0.535,0.139
1266,382769,141.78,130,98.5,0.7562,0.1737,0.4904,0.5273,0.8702,0.2497,0.7241,0.4177,-0.533,C,0.2331,1.092,0.735,0.535,0.139
1267,382787,-25.39,18,0.0,0.0,0.0,0.6957,0.367,0.3836,0.0,0.0,0.3166,-0.3633,C,0.247,1.092,0.735,0.535,0.139
1268,383026,148.97,239,95.0,0.8368,0.0855,0.4462,0.5513,0.9306,0.1055,0.4009,0.3199,-0.5744,C,0.201,1.094,0.736,0.536,0.139
1269,383082,-56.2,56,0.0,0.0,0.0,0.526,0.4933,0.833,0.0,0.0,0.2786,-0.5201,C,0.2093,1.094,0.737,0.537,0.139
1270,383099,3.62,17,100.0,0.7483,0.1639,0.7454,0.2968,0.4912,0.2162,0.7505,0.4019,-0.2762,C,0.1978,1.094,0.737,0.537,0.139
1271,383123,-25.15,24,0.0,0.0,0.0,0.6487,0.3362,0.4665,0.0,0.0,0.4175,-0.2819,C,0.202,1.095,0.737,0.537,0.139
1272,383140,-23.45,17,0.0,0.0,0.0,0.7392,0.3381,0.4518,0.0,0.0,0.3366,-0.3538,C,0.2077,1.095,0.737,0.537,0.139
1273,383155,-18.48,15,20.0,1.196,0.0309,0.7907,0.2848,0.3645,0.0002,0.0379,0.3155,-0.2654,C,0.2176,1.095,0.737,0.537,0.139
1274,383169,-14.05,14,42.9,0.836,0.1105,0.8303,0.2416,0.4248,0.1887,0.2276,0.3174,-0.2712,C,0.2277,1.095,0.737,0.537,0.139
1275,383183,-21.67,14,0.0,0.0,0.0,0.8202,0.2354,0.3326,0.0,0.0,0.2192,-0.2193,C,0.2186,1.095,0.737,0.537,0.139
1276,383207,-23.35,24,16.7,0.998,0.0571,0.6482,0.3707,0.6066,0.008,0.0472,0.3345,-0.3627,C,0.1935,1.095,0.737,0.537,0.14
1277,384115,218.81,908,57.9,0.8575,0.0936,0.3925,0.5646,0.9705,0.1331,0.2435,0.3991,-0.5789,C,0.2266,1.101,0.74,0.54,0.14
1278,384201,56.95,86,98.8,0.8532,0.1086,0.5156,0.4494,0.8613,0.2195,0.508,0.2078,-0.4203,C,0.2422,1.101,0.741,0.541,0.14
1279,384215,-5.12,14,78.6,0.8849,0.0885,0.8312,0.173,0.3531,0.0347,0.3352,0.3353,-0.1,C,0.1981,1.101,0.741,0.541,0.14
1280,384232,-9.28,17,70.6,0.8258,0.0719,0.706,0.3974,0.4339,0.0544,0.2472,0.2707,-0.3682,C,0.2052,1.101,0.741,0.541,0.14
1281,384249,2.13,17,88.2,0.6488,0.1851,0.6964,0.3464,0.4268,0.4205,0.744,0.3405,-0.3659,C,0.2419,1.102,0.741,0.541,0.14
1282,384265,-22.93,16,0.0,0.0,0.0,0.7442,0.2794,0.3195,0.0,0.0,0.2689,-0.2364,C,0.1993,1.102,0.741,0.541,0.14
1283,384282,-15.66,17,35.3,0.6019,0.0703,0.7113,0.3122,0.3891,0.3934,0.1203,0.3869,-0.2741,C,0.1958,1.102,0.741,0.541,0.14
1284,384300,-24.54,18,0.0,0.0,0.0,0.7714,0.2998,0.3891,0.0,0.0,0.3084,-0.3105,C,0.2113,1.102,0.741,0.541,0.14
1285,384331,-32.01,31,0.0,0.0,0.0,0.565,0.4441,0.5574,0.0,0.0,0.4235,-0.4122,C,0.2105,1.102,0.741,0.541,0.14
1286,384348,-25.51,17,0.0,0.0,0.0,0.7556,0.299,0.4116,0.0,0.0,0.2092,-0.3276,C,0.1902,1.102,0.741,0.541,0.14
1287,384362,-19.94,14,0.0,0.0,0.0,0.715,0.3354,0.4194,0.0,0.0,0.3742,-0.2938,C,0.2386,1.102,0.741,0.541,0.14
1288,384376,-18.73,14,14.3,1.0363,0.0093,0.8328,0.2097,0.38,0.0009,0.0192,0.2123,-0.1692,C,0.2004,1.102,0.741,0.541,0.14
1289,384393,-18.57,17,29.4,0.9815,0.0668,0.7335,0.3093,0.4027,0.0119,0.0979,0.3152,-0.3189,C,0.2023,1.102,0.741,0.541,0.14
1290,384409,-21.42,16,0.0,0.0,0.0,0.7442,0.2935,0.4724,0.0,0.0,0.3333,-0.2831,C,0.2428,1.103,0.742,0.542,0.14
1291,384423,-19.1,14,0.0,0.0,0.0,0.7836,0.2124,0.3743,0.0,0.0,0.3025,-0.1396,C,0.1967,1.103,0.742,0.542,0.14
1292,384444,-29.21,21,0.0,0.0,0.0,0.6729,0.4195,0.393,0.0,0.0,0.3028,-0.414,C,0.2136,1.103,0.742,0.542,0.14
1293,384460,-21.88,16,0.0,0.0,0.0,0.7687,0.2863,0.4393,0.0,0.0,0.3464,-0.3086,C,0.1993,1.103,0.742,0.542,0.14
1294,384501,33.85,41,87.8,0.6627,0.1666,0.53,0.4485,0.7359,0.3001,0.6832,0.3701,-0.4077,C,0.1921,1.103,0.742,0.542,0.14
1295,384791,453.07,290,96.2,0.5638,0.1543,0.4584,0.5735,0.9244,0.8888,0.6391,0.3051,-0.6015,C,0.2496,1.105,0.743,0.543,0.14
1296,384806,-21.32,15,0.0,0.0,0.0,0.7934,0.2572,0.345,0.0,0.0,0.3335,-0.2608,C,0.2373,1.105,0.743,0.543,0.141
1297,384821,-20.68,15,0.0,0.0,0.0,0.7827,0.255,0.3815,0.0,0.0,0.3091,-0.2115,C,0.2259,1.105,0.743,0.543,0.141
1298,384921,-90.47,100,0.0,0.0,0.0,0.5169,0.5693,0.8307,0.0,0.0,0.4152,-0.6353,C,0.2394,1.106,0.743,0.543,0.141
1299,384938,-23.84,17,0.0,0.0,0.0,0.7279,0.3471,0.4232,0.0,0.0,0.2922,-0.3179,C,0.2075,1.106,0.744,0.544,0.141
1300,384954,-23.33,16,0.0,0.0,0.0,0.7756,0.3528,0.4557,0.0,0.0,0.3314,-0.3922,C,0.2149,1.106,0.744,0.544,0.141
1301,384970,-20.16,16,0.0,0.0,0.0,0.8562,0.1577,0.3712,0.0,0.0,0.3246,-0.145,C,0.2086,1.106,0.744,0.544,0.141
1302,384984,-20.96,14,0.0,0.0,0.0,0.7255,0.3388,0.4174,0.0,0.0,0.325,-0.3164,C,0.2231,1.106,0.744,0.544,0.141
1303,385001,-23.05,17,0.0,0.0,0.0,0.7916,0.2144,0.3545,0.0,0.0,0.2414,-0.1861,C,0.2079,1.106,0.744,0.544,0.141
1304,385222,502.6,221,97.7,0.3848,0.0982,0.4643,0.7069,0.935,1.9011,0.446,0.4359,-0.8739,C,0.2398,1.108,0.745,0.545,0.141
1305,385241,-19.4,19,21.1,0.686,0.0938,0.734,0.305,0.4925,0.131,0.093,0.3522,-0.3065,C,0.2309,1.108,0.745,0.545,0.141
1306,385258,-22.66,17,0.0,0.0,0.0,0.731,0.3616,0.4569,0.0,0.0,0.4073,-0.3803,C,0.2432,1.108,0.745,0.545,0.141
1307,385273,-19.7,15,0.0,0.0,0.0,0.7475,0.2632,0.2777,0.0,0.0,0.3901,-0.1753,C,0.2002,1.108,0.745,0.545,0.141
1308,385289,-19.42,16,0.0,0.0,0.0,0.7896,0.248,0.419,0.0,0.0,0.4212,-0.2196,C,0.2226,1.108,0.745,0.545,0.141
1309,385303,-13.52,14,35.7,0.756,0.0875,0.8007,0.1832,0.3485,0.1907,0.1469,0.3142,-0.1055,C,0.2432,1.108,0.745,0.545,0.141
1310,385318,-19.7,15,0.0,0.0,0.0,0.7255,0.3147,0.4238,0.0,0.0,0.4483,-0.3068,C,0.2386,1.108,0.745,0.545,0.141
1311,385350,-1.88,32,71.9,1.0563,0.0639,0.6793,0.2873,0.4961,0.0057,0.2179,0.3568,-0.2443,C,0.2486,1.108,0.745,0.545,0.141
1312,385368,-23.77,18,0.0,0.0,0.0,0.7091,0.3906,0.3906,0.0,0.0,0.4432,-0.4036,C,0.2161,1.109,0.745,0.545,0.141
1313,385383,-18.68,15,13.3,0.7862,0.041,0.7225,0.2818,0.3614,0.0188,0.0298,0.3502,-0.2437,C,0.2346,1.109,0.745,0.545,0.141
1314,385410,-34.59,27,0.0,0.0,0.0,0.6494,0.4382,0.3511,0.0,0.0,0.3513,-0.4377,C,0.2144,1.109,0.745,0.545,0.141
1315,385442,-35.08,32,0.0,0.0,0.0,0.6724,0.3284,0.5673,0.0,0.0,0.198,-0.2652,C,0.2188,1.109,0.745,0.545,0.141
1316,385461,8.02,19,100.0,0.6366,0.2217,0.691,0.3638,0.5351,0.4834,0.9258,0.2761,-0.3725,C,0.2456,1.109,0.745,0.545,0.141
1317,385477,-20.05,16,0.0,0.0,0.0,0.7355,0.2592,0.3452,0.0,0.0,0.3788,-0.1793,C,0.2368,1.109,0.746,0.546,0.141
1318,385497,-27.14,20,0.0,0.0,0.0,0.7223,0.3619,0.3959,0.0,0.0,0.3371,-0.3919,C,0.2239,1.109,0.746,0.546,0.141
1319,385513,-8.37,16,62.5,0.8585,0.1018,0.8284,0.2015,0.387,0.1913,0.3068,0.3756,-0.1488,C,0.2335,1.109,0.746,0.546,0.141
1320,385528,-23.65,15,0.0,0.0,0.0,0.772,0.3623,0.3967,0.0,0.0,0.3112,-0.4196,C,0.208,1.11,0.746,0.546,0.141
1321,385585,-54.55,57,0.0,0.0,0.0,0.5087,0.5389,0.8093,0.0,0.0,0.3725,-0.5587,C,0.2299,1.11,0.746,0.546,0.141
1322,385609,-10.31,24,50.0,0.8856,0.1134,0.6918,0.3582,0.5705,0.1058,0.2728,0.4669,-0.3507,C,0.1932,1.11,0.746,0.546,0.141
1323,385634,-28.14,25,8.0,1.0107,0.0503,0.7222,0.3783,0.4432,0.001,0.0213,0.3695,-0.3967,C,0.2341,1.11,0.746,0.546,0.141
1324,385656,-27.01,22,0.0,0.0,0.0,0.6922,0.3915,0.4139,0.0,0.0,0.4235,-0.4037,C,0.194,1.11,0.746,0.546,0.141
1325,385677,-24.52,21,0.0,0.0,0.0,0.6686,0.4033,0.4814,0.0,0.0,0.4289,-0.361,C,0.1941,1.11,0.746,0.546,0.141
1326,385723,-42.77,46,0.0,0.0,0.0,0.4994,0.5206,0.7245,0.0,0.0,0.4543,-0.529,C,0.2151,1.111,0.746,0.546,0.141
1327,385740,-23.56,17,0.0,0.0,0.0,0.8204,0.2259,0.4063,0.0,0.0,0.1913,-0.1921,C,0.2268,1.111,0.747,0.547,0.141
1328,385760,-9.84,20,55.0,0.8922,0.0561,0.7139,0.3186,0.5276,0.0283,0.1631,0.3314,-0.303,C,0.2227,1.111,0.747,0.547,0.141
1329,385776,-20.7,16,25.0,0.8665,0.0715,0.7969,0.3145,0.3221,0.0324,0.0851,0.2382,-0.3189,C,0.2433,1.111,0.747,0.547,0.141
1330,385791,-22.0,15,0.0,0.0,0.0,0.8145,0.3315,0.4446,0.0,0.0,0.3611,-0.3831,C,0.211,1.111,0.747,0.547,0.141
1331,385806,-19.69,15,13.3,0.8609,0.0352,0.7392,0.287,0.344,0.0081,0.0282,0.303,-0.2548,C,0.2468,1.111,0.747,0.547,0.141
1332,385830,-26.74,24,0.0,0.0,0.0,0.7006,0.3574,0.6704,0.0,0.0,0.3555,-0.3883,C,0.2449,1.111,0.747,0.547,0.141
1333,385848,-16.9,18,44.4,1.1365,0.0511,0.7181,0.3561,0.4198,0.0008,0.1145,0.2394,-0.3684,C,0.2034,1.112,0.747,0.547,0.141
1334,385880,-34.66,32,0.0,0.0,0.0,0.6423,0.402,0.5535,0.0,0.0,0.342,-0.3894,C,0.2097,1.112,0.747,0.547,0.141
1335,385902,-25.85,22,0.0,0.0,0.0,0.7083,0.3316,0.3778,0.0,0.0,0.3947,-0.3041,C,0.2374,1.112,0.747,0.547,0.141
1336,385923,-20.71,21,28.6,0.6495,0.0905,0.6737,0.3375,0.3654,0.2199,0.1221,0.3304,-0.3136,C,0.2069,1.112,0.747,0.547,0.141
1337,385938,-5.46,15,86.7,0.7635,0.1077,0.7845,0.2255,0.2784,0.2154,0.4503,0.4142,-0.1918,C,0.2453,1.112,0.747,0.547,0.141
1338,385956,-18.18,18,38.9,0.5707,0.0954,0.692,0.4089,0.3645,0.4703,0.1786,0.3863,-0.4248,C,0.1958,1.112,0.747,0.547,0.141
1339,385971,-20.01,15,0.0,0.0,0.0,0.7499,0.3084,0.3987,0.0,0.0,0.3766,-0.2435,C,0.1931,1.112,0.747,0.547,0.141
1340,385986,-21.34,15,0.0,0.0,0.0,0.7583,0.2197,0.3737,0.0,0.0,0.2145,-0.1572,C,0.2228,1.112,0.747,0.547,0.141
1341,386222,532.93,236,97.9,0.3958,0.1093,0.446,0.6134,0.9353,1.7212,0.4643,0.3888,-0.6821,C,0.2024,1.114,0.748,0.548,0.141
1342,386249,-19.27,27,33.3,1.0558,0.0214,0.6195,0.317,0.4383,0.0045,0.0547,0.3327,-0.2411,C,0.2188,1.114,0.748,0.548,0.141
1343,386269,-26.32,20,10.0,1.1333,0.0303,0.6681,0.4131,0.4507,0.0003,0.0193,0.2663,-0.4077,C,0.2435,1.114,0.749,0.549,0.141
1344,386284,-22.29,15,0.0,0.0,0.0,0.7074,0.3114,0.3692,0.0,0.0,0.273,-0.2771,C,0.1958,1.114,0.749,0.549,0.141
1345,386301,-24.27,17,0.0,0.0,0.0,0.6519,0.3555,0.478,0.0,0.0,0.2767,-0.3552,C,0.1992,1.114,0.749,0.549,0.141
1346,386330,-28.97,29,0.0,0.0,0.0,0.6061,0.3853,0.5333,0.0,0.0,0.4446,-0.3654,C,0.2357,1.115,0.749,0.549,0.141
1347,386376,-37.41,46,10.9,0.6471,0.0564,0.5683,0.4742,0.7243,0.0977,0.0304,0.4374,-0.5057,C,0.2151,1.115,0.749,0.549,0.141
1348,386391,-17.1,15,20.0,0.9916,0.0176,0.7928,0.2677,0.3788,0.0024,0.031,0.3529,-0.216,C,0.2377,1.115,0.749,0.549,0.141
1349,386409,-27.27,18,0.0,0.0,0.0,0.7153,0.3304,0.3075,0.0,0.0,0.1847,-0.298,C,0.2379,1.115,0.749,0.549,0.142
1350,386427,-23.27,18,0.0,0.0,0.0,0.7769,0.2742,0.4249,0.0,0.0,0.323,-0.2726,C,0.2397,1.115,0.749,0.549,0.142
1351,386444,-20.24,17,0.0,0.0,0.0,0.6536,0.3128,0.3681,0.0,0.0,0.4352,-0.2215,C,0.2086,1.115,0.749,0.549,0.142
1352,386472,-32.6,28,0.0,0.0,0.0,0.6759,0.4327,0.5101,0.0,0.0,0.4042,-0.4663,C,0.2438,1.115,0.749,0.549,0.142
1353,386533,-53.55,61,0.0,0.0,0.0,0.5465,0.4776,0.8381,0.0,0.0,0.3517,-0.4847,C,0.1997,1.116,0.749,0.549,0.142
1354,386550,-18.54,17,11.8,1.2166,0.0234,0.7261,0.2638,0.4453,0.0001,0.0203,0.3493,-0.1922,C,0.2317,1.116,0.75,0.55,0.142
1355,386566,-2.04,16,68.8,0.8532,0.1184,0.7964,0.2118,0.4738,0.0421,0.3832,0.3907,-0.1517,C,0.1965,1.116,0.75,0.55,0.142
1356,386592,-26.24,26,0.0,0.0,0.0,0.6685,0.3843,0.6066,0.0,0.0,0.4186,-0.3466,C,0.2341,1.116,0.75,0.55,0.142
1357,386720,170.65,128,96.9,0.6466,0.1941,0.4431,0.4658,0.8819,0.3707,0.8043,0.3257,-0.4152,C,0.1959,1.117,0.75,0.55,0.142
1358,386742,-14.19,22,45.5,0.8639,0.0761,0.6777,0.3519,0.3673,0.1017,0.1671,0.4384,-0.2926,C,0.2045,1.117,0.75,0.55,0.142
1359,386756,-17.97,14,0.0,0.0,0.0,0.8188,0.1853,0.4034,0.0,0.0,0.3902,-0.161,C,0.2438,1.117,0.75,0.55,0.142
1360,386868,-75.58,112,6.2,0.7655,0.0412,0.4843,0.471,0.8401,0.0282,0.014,0.3528,-0.4215,C,0.1923,1.118,0.751,0.551,0.142
1361,386886,-22.18,18,5.6,1.2568,0.0137,0.7651,0.2356,0.4062,0.0,0.008,0.2409,-0.1764,C,0.2403,1.118,0.751,0.551,0.142
1362,386900,-20.38,14,0.0,0.0,0.0,0.8011,0.219,0.3914,0.0,0.0,0.2313,-0.1687,C,0.2027,1.118,0.751,0.551,0.142
1363,386917,-23.21,17,0.0,0.0,0.0,0.6813,0.2801,0.4034,0.0,0.0,0.2476,-0.2262,C,0.216,1.118,0.751,0.551,0.142
1364,386933,-20.34,16,31.2,1.0584,0.0115,0.7528,0.2606,0.3033,0.004,0.0434,0.1613,-0.2727,C,0.2421,1.118,0.751,0.551,0.142
1365,386949,-11.39,16,68.8,0.7465,0.1072,0.71,0.2737,0.2819,0.4769,0.3523,0.2095,-0.1949,C,0.2016,1.118,0.751,0.551,0.142
1366,386964,-19.26,15,0.0,0.0,0.0,0.8119,0.2211,0.3813,0.0,0.0,0.3467,-0.1546,C,0.2315,1.119,0.751,0.551,0.142
1367,387009,0.12,45,84.4,0.9008,0.0594,0.6576,0.3881,0.5782,0.0409,0.2602,0.3052,-0.3673,C,0.2222,1.119,0.751,0.551,0.142
1368,387024,-19.66,15,0.0,0.0,0.0,0.7027,0.328,0.4118,0.0,0.0,0.48,-0.3297,C,0.2464,1.119,0.751,0.551,0.142
1369,387089,-15.8,65,67.7,1.0555,0.0166,0.7197,0.4432,0.8018,0.004,0.1034,0.2851,-0.55,C,0.2282,1.119,0.752,0.552,0.142
1370,387104,-21.82,15,0.0,0.0,0.0,0.8503,0.2606,0.3376,0.0,0.0,0.3677,-0.3243,C,0.2276,1.119,0.752,0.552,0.142
1371,387121,-7.64,17,70.6,0.796,0.1135,0.7985,0.2199,0.3736,0.5015,0.3857,0.309,-0.1643,C,0.214,1.119,0.752,0.552,0.142
1372,387137,-21.02,16,12.5,0.9774,0.0059,0.7443,0.3337,0.3518,0.0018,0.0158,0.3048,-0.2948,C,0.2495,1.12,0.752,0.552,0.142
1373,387162,-28.16,25,0.0,0.0,0.0,0.6438,0.4004,0.5145,0.0,0.0,0.3924,-0.3759,C,0.2484,1.12,0.752,0.552,0.142
1374,387178,-24.58,16,0.0,0.0,0.0,0.7828,0.3533,0.3776,0.0,0.0,0.3296,-0.4296,C,0.225,1.12,0.752,0.552,0.142
1375,387361,195.72,183,92.9,0.6883,0.1724,0.466,0.5694,0.9047,0.3018,0.7096,0.3621,-0.6041,C,0.2264,1.121,0.753,0.553,0.142
1376,387376,-22.24,15,0.0,0.0,0.0,0.806,0.249,0.3853,0.0,0.0,0.2444,-0.2531,C,0.2345,1.121,0.753,0.553,0.142
1377,387396,-23.3,20,0.0,0.0,0.0,0.6496,0.3637,0.5812,0.0,0.0,0.3659,-0.3215,C,0.1924,1.121,0.753,0.553,0.142
1378,387412,-18.86,16,0.0,0.0,0.0,0.7726,0.223,0.4147,0.0,0.0,0.4195,-0.1805,C,0.2302,1.121,0.753,0.553,0.142
1379,387432,4.5,20,100.0,0.6674,0.1749,0.7178,0.3596,0.5051,0.6638,0.7876,0.3038,-0.3548,C,0.2216,1.121,0.753,0.553,0.142
1380,387449,-20.6,17,29.4,1.0548,0.0332,0.7555,0.398,0.4106,0.0021,0.0595,0.3074,-0.432,C,0.2331,1.122,0.753,0.553,0.142
1381,387469,-22.53,20,30.0,0.8977,0.02,0.7477,0.4361,0.5099,0.0102,0.0485,0.3249,-0.5608,C,0.2264,1.122,0.753,0.553,0.142
1382,387485,-4.85,16,100.0,0.8295,0.101,0.8048,0.2744,0.3329,0.636,0.4948,0.24,-0.2224,C,0.2421,1.122,0.753,0.553,0.142
1383,387503,-19.57,18,22.2,1.0506,0.0283,0.7372,0.3998,0.5112,0.0031,0.0406,0.4026,-0.4155,C,0.2388,1.122,0.753,0.553,0.142
1384,387520,-21.19,17,0.0,0.0,0.0,0.7484,0.296,0.3967,0.0,0.0,0.3815,-0.238,C,0.2207,1.122,0.753,0.553,0.142
1385,387537,-10.96,17,76.5,0.9851,0.0759,0.7155,0.3691,0.3696,0.0398,0.2892,0.3115,-0.405,C,0.2359,1.122,0.753,0.553,0.142
1386,387584,-35.56,47,0.0,0.0,0.0,0.6176,0.3813,0.7427,0.0,0.0,0.404,-0.3193,C,0.2446,1.122,0.753,0.553,0.142
1387,387597,-19.1,13,0.0,0.0,0.0,0.8613,0.1559,0.3378,0.0,0.0,0.2265,-0.0954,C,0.2036,1.122,0.753,0.553,0.142
1388,387613,-15.12,16,25.0,1.036,0.0332,0.8176,0.185,0.3624,0.0022,0.0502,0.4188,-0.1704,C,0.2041,1.123,0.754,0.554,0.142
1389,387707,52.13,94,86.2,0.7303,0.1034,0.5426,0.5091,0.7893,0.2492,0.4278,0.3792,-0.5721,C,0.2207,1.123,0.754,0.554,0.142
1390,387720,-10.14,13,53.8,0.9818,0.0559,0.8573,0.1615,0.3932,0.0081,0.1531,0.3198,-0.0869,C,0.2251,1.123,0.754,0.554,0.142
1391,387736,-20.59,16,0.0,0.0,0.0,0.7371,0.2435,0.3208,0.0,0.0,0.3508,-0.1731,C,0.2317,1.123,0.754,0.554,0.142
1392,387753,-8.55,17,58.8,1.0043,0.0546,0.7446,0.2946,0.4548,0.0058,0.1646,0.3981,-0.268,C,0.2125,1.123,0.754,0.554,0.142
1393,387771,-26.22,18,0.0,0.0,0.0,0.7213,0.4025,0.4682,0.0,0.0,0.3423,-0.4775,C,0.2046,1.124,0.754,0.554,0.142
1394,387794,-25.21,23,0.0,0.0,0.0,0.6605,0.3075,0.465,0.0,0.0,0.3512,-0.2451,C,0.2474,1.124,0.754,0.554,0.142
1395,387810,-21.45,16,0.0,0.0,0.0,0.689,0.3144,0.3935,0.0,0.0,0.3474,-0.2596,C,0.2227,1.124,0.754,0.554,0.142
1396,388406,664.77,596,98.7,0.7592,0.112,0.4197,0.5892,0.9657,0.4844,0.5026,0.3156,-0.6242,C,0.2073,1.128,0.757,0.557,0.143
1397,388428,-25.17,22,0.0,0.0,0.0,0.6909,0.3441,0.4494,0.0,0.0,0.3762,-0.2902,C,0.2141,1.128,0.757,0.557,0.143
1398,388443,-16.19,15,33.3,0.5315,0.0852,0.7498,0.3533,0.3508,0.4453,0.1338,0.4279,-0.3569,C,0.2019,1.128,0.757,0.557,0.143
1399,388470,-27.12,27,0.0,0.0,0.0,0.5806,0.3399,0.5582,0.0,0.0,0.3509,-0.264,C,0.2299,1.128,0.757,0.557,0.143
1400,388488,-20.18,18,22.2,1.0696,0.0234,0.7044,0.3137,0.4115,0.0014,0.0379,0.3252,-0.3194,C,0.2093,1.128,0.757,0.557,0.143
1401,388505,-15.98,17,35.3,0.7945,0.0856,0.7325,0.3636,0.3744,0.1468,0.1439,0.4776,-0.3793,C,0.194,1.128,0.757,0.557,0.143
1402,388520,-15.59,15,40.0,0.6316,0.0887,0.7586,0.3149,0.3234,0.3993,0.1679,0.356,-0.3014,C,0.2458,1.128,0.757,0.557,0.143
1403,388541,-28.04,21,0.0,0.0,0.0,0.6847,0.3493,0.3696,0.0,0.0,0.2997,-0.3436,C,0.2343,1.128,0.757,0.557,0.143
1404,388564,-28.89,23,0.0,0.0,0.0,0.5996,0.4375,0.5034,0.0,0.0,0.3642,-0.4373,C,0.2007,1.129,0.757,0.557,0.143
1405,388581,-21.19,17,0.0,0.0,0.0,0.8257,0.2239,0.386,0.0,0.0,0.3173,-0.1685,C,0.2491,1.129,0.757,0.557,0.143
1406,388601,-27.33,20,0.0,0.0,0.0,0.6816,0.4044,0.442,0.0,0.0,0.2816,-0.3689,C,0.2236,1.129,0.757,0.557,0.143
1407,388618,-23.4,17,0.0,0.0,0.0,0.7642,0.3276,0.3513,0.0,0.0,0.3556,-0.3197,C,0.239,1.129,0.757,0.557,0.143
1408,388633,-4.7,15,100.0,0.7487,0.1246,0.7595,0.3292,0.3209,0.6466,0.5871,0.3479,-0.3563,C,0.2074,1.129,0.757,0.557,0.143
1409,388751,233.36,118,98.3,0.5512,0.2051,0.4839,0.5416,0.8951,1.1642,0.7206,0.4567,-0.5662,C,0.2412,1.13,0.758,0.558,0.143
1410,388774,-18.59,23,43.5,0.6951,0.1349,0.6544,0.3808,0.4155,0.2001,0.2783,0.3112,-0.3589,C,0.2029,1.13,0.758,0.558,0.143
1411,388791,-26.17,17,0.0,0.0,0.0,0.769,0.4045,0.3672,0.0,0.0,0.3553,-0.4902,C,0.2259,1.13,0.758,0.558,0.143
1412,388805,-13.56,14,35.7,0.91,0.0699,0.8388,0.1608,0.3514,0.0617,0.1228,0.2911,-0.0845,C,0.2003,1.13,0.758,0.558,0.143
1413,388860,97.05,55,100.0,0.5231,0.1989,0.5103,0.531,0.8163,1.1498,0.7527,0.3887,-0.5516,C,0.1972,1.13,0.758,0.558,0.143
1414,388908,-37.83,48,14.6,1.0413,0.0409,0.5422,0.4776,0.7971,0.001,0.0331,0.315,-0.4478,C,0.2415,1.131,0.758,0.558,0.143
1415,389324,565.37,416,95.7,0.6555,0.1708,0.4542,0.608,0.9336,0.5551,0.7318,0.3852,-0.6838,C,0.215,1.133,0.76,0.56,0.143
1416,389339,-18.31,15,26.7,1.0734,0.0447,0.8333,0.2314,0.3796,0.0081,0.0645,0.1855,-0.1984,C,0.2415,1.133,0.76,0.56,0.143
1417,389360,-21.25,21,0.0,0.0,0.0,0.6542,0.2917,0.5103,0.0,0.0,0.4282,-0.2189,C,0.2199,1.133,0.76,0.56,0.143
1418,389376,-21.82,16,0.0,0.0,0.0,0.722,0.2958,0.3293,0.0,0.0,0.2906,-0.1941,C,0.2444,1.134,0.76,0.56,0.143
1419,389390,-18.06,14,0.0,0.0,0.0,0.7981,0.1769,0.3528,0.0,0.0,0.3486,-0.1008,C,0.2257,1.134,0.76,0.56,0.143
1420,389420,-25.62,30,0.0,0.0,0.0,0.6361,0.3283,0.6765,0.0,0.0,0.4365,-0.2953,C,0.1999,1.134,0.76,0.56,0.143
1421,389438,-2.59,18,94.4,0.844,0.0885,0.6601,0.3294,0.4817,0.0838,0.3935,0.2751,-0.2932,C,0.2182,1.134,0.76,0.56,0.143
1422,389453,-24.56,15,0.0,0.0,0.0,0.754,0.3621,0.369,0.0,0.0,0.2316,-0.3871,C,0.2077,1.134,0.76,0.56,0.143
1423,389469,-20.53,16,6.2,0.9558,0.0508,0.8168,0.2627,0.4938,0.001,0.0158,0.2927,-0.2606,C,0.2054,1.134,0.761,0.561,0.143
1424,389491,-26.3,22,0.0,0.0,0.0,0.6944,0.3859,0.4078,0.0,0.0,0.4211,-0.3657,C,0.2015,1.134,0.761,0.561,0.143
1425,389552,40.52,61,85.2,0.7999,0.1753,0.5137,0.5026,0.7682,0.0946,0.6949,0.3682,-0.5144,C,0.2066,1.135,0.761,0.561,0.143
1426,389573,-2.99,21,76.2,0.7095,0.1403,0.7215,0.368,0.5105,0.4905,0.4935,0.4002,-0.3477,C,0.2443,1.135,0.761,0.561,0.143
1427,389590,-22.35,17,0.0,0.0,0.0,0.7514,0.3159,0.5431,0.0,0.0,0.3438,-0.342,C,0.2457,1.135,0.761,0.561,0.143
1428,389607,-22.52,17,0.0,0.0,0.0,0.7594,0.3548,0.4583,0.0,0.0,0.4535,-0.419,C,0.2374,1.135,0.761,0.561,0.144
1429,389629,-24.62,22,0.0,0.0,0.0,0.6511,0.3884,0.5506,0.0,0.0,0.4038,-0.3435,C,0.2432,1.135,0.761,0.561,0.144
1430,389726,45.09,97,100.0,0.976,0.0622,0.4476,0.5413,0.8656,0.0538,0.3155,0.4326,-0.5589,C,0.2164,1.136,0.761,0.561,0.144
1431,389747,-26.76,21,0.0,0.0,0.0,0.5768,0.3614,0.5164,0.0,0.0,0.2305,-0.2867,C,0.226,1.136,0.762,0.562,0.144
1432,389762,-15.12,15,53.3,0.9821,0.0679,0.8695,0.2607,0.4591,0.0189,0.1742,0.2429,-0.374,C,0.2295,1.136,0.762,0.562,0.144
1433,390278,-375.62,516,0.0,0.0,0.0,0.3795,0.5225,0.9436,0.0,0.0,0.3197,-0.5001,C,0.2126,1.139,0.764,0.564,0.144
1434,390339,-38.85,61,9.8,0.9663,0.0464,0.4595,0.4175,0.7469,0.0037,0.0238,0.3891,-0.3345,C,0.2227,1.14,0.764,0.564,0.144
1435,390394,-53.74,55,0.0,0.0,0.0,0.5441,0.506,0.7604,0.0,0.0,0.3786,-0.5541,C,0.2413,1.14,0.764,0.564,0.144
1436,390410,-20.59,16,0.0,0.0,0.0,0.701,0.3334,0.4457,0.0,0.0,0.421,-0.3059,C,0.2012,1.14,0.764,0.564,0.144
1437,390466,-41.01,56,0.0,0.0,0.0,0.6148,0.3694,0.7951,0.0,0.0,0.3636,-0.3149,C,0.2085,1.14,0.764,0.564,0.144
1438,390495,-29.47,29,0.0,0.0,0.0,0.5777,0.3879,0.6157,0.0,0.0,0.3551,-0.3344,C,0.2475,1.141,0.764,0.564,0.144
1439,390527,-32.0,32,0.0,0.0,0.0,0.5855,0.4125,0.644,0.0,0.0,0.3551,-0.3648,C,0.1952,1.141,0.764,0.564,0.144
1440,390565,12.03,38,97.4,1.0243,0.0618,0.5609,0.4473,0.6981,0.0535,0.3118,0.4702,-0.4153,C,0.2135,1.141,0.765,0.565,0.144
1441,390583,-22.37,18,0.0,0.0,0.0,0.7375,0.3295,0.5101,0.0,0.0,0.3564,-0.2989,C,0.2036,1.141,0.765,0.565,0.144
1442,390599,-20.83,16,0.0,0.0,0.0,0.7433,0.2348,0.2866,0.0,0.0,0.3323,-0.1522,C,0.2294,1.141,0.765,0.565,0.144
1443,390614,-17.98,15,0.0,0.0,0.0,0.8183,0.2267,0.4147,0.0,0.0,0.4528,-0.1918,C,0.2039,1.141,0.765,0.565,0.144
1444,390633,-24.5,19,0.0,0.0,0.0,0.6823,0.36,0.3913,0.0,0.0,0.3858,-0.3447,C,0.2092,1.141,0.765,0.565,0.144
1445,390656,-26.39,23,0.0,0.0,0.0,0.6254,0.4025,0.5914,0.0,0.0,0.4088,-0.4172,C,0.2108,1.142,0.765,0.565,0.144
1446,390671,-20.2,15,0.0,0.0,0.0,0.7438,0.2415,0.3831,0.0,0.0,0.3192,-0.1906,C,0.2455,1.142,0.765,0.565,0.144
1447,390863,228.15,192,97.4,0.5937,0.1251,0.4699,0.6697,0.9084,0.745,0.5317,0.4052,-0.8148,C,0.2318,1.143,0.766,0.566,0.144
1448,390984,154.29,121,98.3,0.6179,0.1197,0.4451,0.5476,0.8535,0.7856,0.5321,0.3011,-0.5766,C,0.2215,1.144,0.766,0.566,0.144
1449,390999,-20.32,15,0.0,0.0,0.0,0.8414,0.2276,0.4254,0.0,0.0,0.3287,-0.2294,C,0.2367,1.144,0.766,0.566,0.144
1450,391130,254.71,131,90.8,0.4691,0.0715,0.4791,0.5457,0.9012,1.4723,0.3149,0.4371,-0.5543,C,0.2387,1.145,0.767,0.567,0.144
1451,391145,-14.09,15,46.7,0.9481,0.0652,0.7558,0.3009,0.3353,0.0205,0.1476,0.3484,-0.2662,C,0.2235,1.145,0.767,0.567,0.144
1452,391161,-22.56,16,0.0,0.0,0.0,0.821,0.2411,0.3903,0.0,0.0,0.2267,-0.2068,C,0.2153,1.145,0.767,0.567,0.144
1453,391175,-17.56,14,0.0,0.0,0.0,0.7762,0.2033,0.4384,0.0,0.0,0.3766,-0.136,C,0.2355,1.145,0.767,0.567,0.144
1454,391191,-20.96,16,0.0,0.0,0.0,0.762,0.2836,0.3594,0.0,0.0,0.407,-0.2714,C,0.2476,1.145,0.767,0.567,0.144
1455,391216,-26.23,25,20.0,0.4827,0.0766,0.6607,0.4412,0.4312,0.3114,0.0715,0.3796,-0.4477,C,0.2072,1.145,0.767,0.567,0.145
1456,391288,84.28,72,91.7,0.6406,0.1328,0.5056,0.4952,0.8061,0.5762,0.5631,0.4377,-0.4994,C,0.2171,1.146,0.767,0.567,0.145
1457,391304,-22.73,16,0.0,0.0,0.0,0.7177,0.275,0.3568,0.0,0.0,0.24,-0.2141,C,0.2442,1.146,0.767,0.567,0.145
1458,391335,-38.27,31,0.0,0.0,0.0,0.5565,0.4967,0.6792,0.0,0.0,0.2917,-0.5433,C,0.1964,1.146,0.767,0.567,0.145
1459,391356,-15.71,21,42.9,0.958,0.0647,0.7161,0.3431,0.4328,0.0153,0.1387,0.3973,-0.3414,C,0.2256,1.146,0.768,0.568,0.145
1460,391373,-17.69,17,17.6,1.2928,0.0078,0.8061,0.2414,0.4246,0.0,0.023,0.3755,-0.2235,C,0.2248,1.146,0.768,0.568,0.145
1461,391387,-6.85,14,71.4,0.8895,0.0869,0.7727,0.2122,0.3288,0.0432,0.2951,0.3932,-0.0941,C,0.2011,1.146,0.768,0.568,0.145
1462,391432,6.54,45,71.1,1.118,0.0353,0.5477,0.3621,0.7483,0.0024,0.1451,0.4754,-0.3338,C,0.2391,1.146,0.768,0.568,0.145
1463,391458,-15.33,26,42.3,0.6595,0.1156,0.7938,0.2534,0.3218,0.3056,0.2345,0.3726,-0.2388,C,0.2007,1.147,0.768,0.568,0.145
1464,391473,-20.23,15,0.0,0.0,0.0,0.7746,0.2528,0.3285,0.0,0.0,0.4029,-0.2491,C,0.2113,1.147,0.768,0.568,0.145
1465,391489,-23.13,16,0.0,0.0,0.0,0.7141,0.2848,0.3405,0.0,0.0,0.2417,-0.2323,C,0.2479,1.147,0.768,0.568,0.145
1466,391506,-23.21,17,0.0,0.0,0.0,0.6346,0.3359,0.4575,0.0,0.0,0.2871,-0.2931,C,0.2244,1.147,0.768,0.568,0.145
1467,391529,-15.67,23,39.1,0.8983,0.0808,0.6737,0.3409,0.4039,0.0208,0.1547,0.4302,-0.2998,C,0.2086,1.147,0.768,0.568,0.145
1468,391562,6.96,33,100.0,0.9766,0.0896,0.5693,0.473,0.717,0.0949,0.4283,0.3286,-0.4447,C,0.235,1.147,0.768,0.568,0.145
1469,391579,-21.73,17,5.9,1.3184,0.0049,0.7539,0.3093,0.5121,0.0,0.0073,0.2982,-0.3036,C,0.2372,1.147,0.768,0.568,0.145
1470,391597,-14.08,18,38.9,0.9301,0.0876,0.7171,0.3053,0.5343,0.0473,0.1645,0.3455,-0.2482,C,0.2087,1.147,0.768,0.568,0.145
1471,391614,-15.82,17,17.6,0.8263,0.0426,0.7368,0.2462,0.4025,0.0356,0.0417,0.4477,-0.1685,C,0.2126,1.148,0.769,0.569,0.145
1472,391650,-3.83,36,77.8,1.1969,0.0262,0.6715,0.3298,0.6604,0.0007,0.1394,0.2342,-0.288,C,0.2324,1.148,0.769,0.569,0.145
1473,391665,-21.01,15,0.0,0.0,0.0,0.6924,0.3816,0.4629,0.0,0.0,0.394,-0.3597,C,0.2456,1.148,0.769,0.569,0.145
1474,391702,-34.08,37,0.0,0.0,0.0,0.5614,0.4539,0.6402,0.0,0.0,0.4531,-0.424,C,0.2198,1.148,0.769,0.569,0.145
1475,391832,92.19,130,93.8,0.6821,0.1024,0.525,0.7089,0.9131,0.5054,0.3992,0.4185,-0.9173,C,0.2375,1.149,0.769,0.569,0.145
1476,391851,0.6,19,78.9,0.7335,0.1514,0.6725,0.3401,0.4316,0.1559,0.5607,0.4474,-0.3201,C,0.2407,1.149,0.769,0.569,0.145
1477,391876,-29.27,25,0.0,0.0,0.0,0.6181,0.3937,0.5478,0.0,0.0,0.355,-0.3995,C,0.2281,1.149,0.77,0.57,0.145
1478,391891,-20.54,15,0.0,0.0,0.0,0.7166,0.2714,0.3753,0.0,0.0,0.3234,-0.2137,C,0.2186,1.149,0.77,0.57,0.145
1479,391914,-26.79,23,0.0,0.0,0.0,0.6776,0.3301,0.4013,0.0,0.0,0.3841,-0.3146,C,0.2344,1.149,0.77,0.57,0.145
1480,391932,-16.63,18,27.8,0.73,0.0807,0.7897,0.2155,0.3885,0.252,0.1058,0.3109,-0.1579,C,0.2134,1.15,0.77,0.57,0.145
1481,391959,-29.59,27,0.0,0.0,0.0,0.7092,0.3912,0.6689,0.0,0.0,0.3483,-0.4082,C,0.2407,1.15,0.77,0.57,0.145
1482,391976,-15.37,17,35.3,0.936,0.0537,0.7738,0.3491,0.4505,0.0082,0.0961,0.3902,-0.3791,C,0.2031,1.15,0.77,0.57,0.145
1483,391992,-20.86,16,12.5,0.6647,0.0547,0.7055,0.2702,0.3443,0.057,0.0333,0.2222,-0.1988,C,0.2295,1.15,0.77,0.57,0.145
1484,392010,-22.01,18,0.0,0.0,0.0,0.7397,0.3228,0.4893,0.0,0.0,0.3905,-0.3021,C,0.237,1.15,0.77,0.57,0.145
1485,392029,-16.88,19,36.8,0.945,0.0665,0.6727,0.4108,0.4164,0.0268,0.1203,0.4621,-0.4117,C,0.2317,1.15,0.77,0.57,0.145
1486,392046,-22.92,17,11.8,1.1282,0.0161,0.7188,0.3675,0.401,0.0004,0.0177,0.3384,-0.4167,C,0.21,1.15,0.77,0.57,0.145
1487,392064,-15.21,18,33.3,0.5159,0.1004,0.7114,0.3103,0.3619,0.4587,0.157,0.4362,-0.2504,C,0.2065,1.15,0.77,0.57,0.145
1488,392080,-22.5,16,0.0,0.0,0.0,0.754,0.2779,0.3495,0.0,0.0,0.2638,-0.2201,C,0.2049,1.15,0.77,0.57,0.145
1489,392096,-24.22,16,0.0,0.0,0.0,0.8091,0.3043,0.4232,0.0,0.0,0.2242,-0.3245,C,0.2397,1.151,0.77,0.57,0.145
1490,392157,45.72,61,100.0,0.8206,0.1293,0.5419,0.4723,0.8352,0.1232,0.594,0.4459,-0.4835,C,0.201,1.151,0.771,0.571,0.145
1491,392173,-23.44,16,0.0,0.0,0.0,0.776,0.3338,0.3987,0.0,0.0,0.3554,-0.3945,C,0.2392,1.151,0.771,0.571,0.145
1492,392194,-30.29,21,0.0,0.0,0.0,0.6144,0.4808,0.4162,0.0,0.0,0.3032,-0.4773,C,0.25,1.151,0.771,0.571,0.145
1493,392210,-19.77,16,0.0,0.0,0.0,0.791,0.2883,0.4473,0.0,0.0,0.4622,-0.2962,C,0.2127,1.151,0.771,0.571,0.145
1494,392227,-2.02,17,100.0,0.9277,0.0886,0.7617,0.3842,0.4824,0.0761,0.423,0.4461,-0.4437,C,0.2016,1.151,0.771,0.571,0.145
1495,392244,-12.65,17,76.5,0.9796,0.0785,0.7945,0.4067,0.4006,0.0447,0.2969,0.2884,-0.5001,C,0.2202,1.151,0.771,0.571,0.145
1496,392258,-11.1,14,42.9,0.6915,0.0806,0.8106,0.2,0.4218,0.3264,0.1691,0.3924,-0.1315,C,0.2103,1.152,0.771,0.571,0.145
1497,392274,-12.1,16,56.2,0.8558,0.113,0.8067,0.2449,0.4228,0.1386,0.305,0.291,-0.2393,C,0.2301,1.152,0.771,0.571,0.145
1498,392346,62.77,72,98.6,0.6703,0.1547,0.5132,0.5695,0.8418,0.3279,0.6818,0.3671,-0.6232,C,0.1958,1.152,0.771,0.571,0.145
1499,392361,-19.49,15,0.0,0.0,0.0,0.7844,0.2043,0.3422,0.0,0.0,0.3191,-0.1226,C,0.2154,1.152,0.771,0.571,0.145
1500,392662,112.01,301,64.8,0.8635,0.0777,0.4182,0.5276,0.9401,0.1252,0.2434,0.449,-0.5262,C,0.2144,1.154,0.772,0.572,0.145
1501,392685,-25.08,23,13.0,0.9358,0.055,0.6617,0.3389,0.4724,0.0078,0.0374,0.2716,-0.2944,C,0.2179,1.154,0.773,0.573,0.145
1502,392701,-22.73,16,0.0,0.0,0.0,0.7608,0.2178,0.3595,0.0,0.0,0.1986,-0.1738,C,0.2467,1.154,0.773,0.573,0.145
1503,392717,-21.95,16,0.0,0.0,0.0,0.7075,0.279,0.3815,0.0,0.0,0.3204,-0.2582,C,0.2391,1.154,0.773,0.573,0.145
1504,392733,-17.39,16,37.5,0.9193,0.0705,0.778,0.2901,0.3391,0.0121,0.129,0.3206,-0.3338,C,0.2054,1.155,0.773,0.573,0.145
1505,392791,75.4,58,72.4,0.4687,0.1017,0.5833,0.5102,0.821,1.2016,0.3628,0.2961,-0.5466,C,0.2139,1.155,0.773,0.573,0.145
1506,392824,-29.39,33,0.0,0.0,0.0,0.6042,0.3679,0.712,0.0,0.0,0.3878,-0.3314,C,0.2343,1.155,0.773,0.573,0.146
1507,392846,-25.36,22,9.1,1.0883,0.0347,0.6216,0.3962,0.5149,0.0005,0.0185,0.3253,-0.3719,C,0.2486,1.155,0.773,0.573,0.146
1508,392860,-15.98,14,28.6,0.9694,0.0344,0.7955,0.2328,0.3377,0.0053,0.0592,0.2745,-0.1577,C,0.1965,1.155,0.773,0.573,0.146
1509,392876,-20.57,16,18.8,0.7791,0.0641,0.778,0.2942,0.3589,0.0561,0.0572,0.2412,-0.269,C,0.2051,1.155,0.773,0.573,0.146
1510,392907,-28.56,31,0.0,0.0,0.0,0.6604,0.3528,0.6246,0.0,0.0,0.4303,-0.3414,C,0.2329,1.156,0.773,0.573,0.146
1511,392930,-1.87,23,95.7,0.8947,0.105,0.6554,0.3784,0.5408,0.3277,0.4808,0.2361,-0.3977,C,0.2155,1.156,0.773,0.573,0.146
1512,392948,-26.69,18,0.0,0.0,0.0,0.6683,0.4366,0.4776,0.0,0.0,0.2893,-0.4552,C,0.2486,1.156,0.774,0.574,0.146
1513,392962,-18.74,14,0.0,0.0,0.0,0.7676,0.1992,0.3719,0.0,0.0,0.2982,-0.1084,C,0.2198,1.156,0.774,0.574,0.146
1514,392979,-20.74,17,0.0,0.0,0.0,0.6441,0.2816,0.4105,0.0,0.0,0.3311,-0.1679,C,0.2095,1.156,0.774,0.574,0.146
1515,393013,6.72,34,100.0,0.8689,0.0795,0.6666,0.4319,0.6839,0.0784,0.3874,0.3624,-0.4525,C,0.1986,1.156,0.774,0.574,0.146
1516,393030,14.84,17,88.2,0.4846,0.2392,0.6672,0.3364,0.4527,1.2734,0.7198,0.3371,-0.3033,C,0.2474,1.156,0.774,0.574,0.146
1517,393052,-22.4,22,31.8,0.9249,0.0727,0.6687,0.4928,0.4979,0.0096,0.1157,0.3749,-0.5143,C,0.2081,1.157,0.774,0.574,0.146
1518,393069,-21.24,17,0.0,0.0,0.0,0.6875,0.2855,0.3636,0.0,0.0,0.3788,-0.222,C,0.2006,1.157,0.774,0.574,0.146
1519,393083,-18.04,14,0.0,0.0,0.0,0.7729,0.1823,0.3697,0.0,0.0,0.3349,-0.0941,C,0.2314,1.157,0.774,0.574,0.146
1520,393099,-22.2,16,0.0,0.0,0.0,0.7885,0.2345,0.3798,0.0,0.0,0.2049,-0.1575,C,0.2246,1.157,0.774,0.574,0.146
1521,393117,2.77,18,77.8,0.6404,0.1897,0.74,0.3313,0.4073,0.5067,0.5444,0.3023,-0.2809,C,0.2353,1.157,0.774,0.574,0.146
1522,393131,-23.52,14,0.0,0.0,0.0,0.789,0.3476,0.3172,0.0,0.0,0.2634,-0.388,C,0.2105,1.157,0.774,0.574,0.146
1523,393148,-5.06,17,94.1,0.892,0.084,0.7533,0.2385,0.4099,0.1021,0.4015,0.2482,-0.1929,C,0.2354,1.157,0.774,0.574,0.146
1524,393164,-20.73,16,0.0,0.0,0.0,0.7671,0.245,0.4064,0.0,0.0,0.3252,-0.1987,C,0.2332,1.157,0.774,0.574,0.146
1525,393177,-12.36,13,30.8,1.1074,0.0481,0.8244,0.1787,0.4101,0.0038,0.079,0.4247,-0.1255,C,0.2063,1.157,0.774,0.574,0.146
1526,393200,-23.89,23,0.0,0.0,0.0,0.6578,0.3193,0.4715,0.0,0.0,0.3955,-0.2352,C,0.2067,1.157,0.774,0.574,0.146
1527,393217,-23.3,17,0.0,0.0,0.0,0.6767,0.3604,0.4655,0.0,0.0,0.3187,-0.3336,C,0.2382,1.158,0.775,0.575,0.146
1528,393249,-28.51,32,21.9,1.0943,0.0085,0.5162,0.4418,0.5977,0.002,0.0289,0.2842,-0.3813,C,0.2225,1.158,0.775,0.575,0.146
1529,393660,742.72,411,97.3,0.5496,0.1316,0.4389,0.6188,0.9421,1.1948,0.5749,0.3416,-0.6942,C,0.2099,1.16,0.776,0.576,0.146
1530,393676,-21.2,16,0.0,0.0,0.0,0.7466,0.3485,0.3935,0.0,0.0,0.4233,-0.32,C,0.2026,1.16,0.776,0.576,0.146
1531,393691,-19.93,15,0.0,0.0,0.0,0.7053,0.2519,0.3988,0.0,0.0,0.3301,-0.1915,C,0.2262,1.161,0.776,0.576,0.146
1532,393707,-22.56,16,0.0,0.0,0.0,0.7203,0.3719,0.4788,0.0,0.0,0.3871,-0.4118,C,0.2127,1.161,0.776,0.576,0.146
1533,393722,-20.31,15,6.7,1.2573,0.0127,0.8258,0.2239,0.4144,0.0,0.0094,0.2724,-0.2337,C,0.2428,1.161,0.776,0.576,0.146
1534,393752,-32.03,30,0.0,0.0,0.0,0.7056,0.3431,0.551,0.0,0.0,0.3202,-0.3299,C,0.2472,1.161,0.777,0.577,0.146
1535,394045,267.14,293,90.1,0.7178,0.0982,0.4702,0.5393,0.9456,0.3633,0.4157,0.366,-0.5621,C,0.2305,1.163,0.778,0.578,0.146
1536,394062,-23.63,17,0.0,0.0,0.0,0.7629,0.3339,0.3451,0.0,0.0,0.38,-0.3542,C,0.2147,1.163,0.778,0.578,0.146
1537,394080,-22.12,18,0.0,0.0,0.0,0.7036,0.349,0.3852,0.0,0.0,0.4499,-0.3156,C,0.2427,1.163,0.778,0.578,0.146
1538,394095,-14.26,15,46.7,0.9045,0.1014,0.8071,0.3356,0.4892,0.0708,0.2285,0.3624,-0.3948,C,0.2178,1.163,0.778,0.578,0.146
1539,394119,-25.61,24,0.0,0.0,0.0,0.6517,0.3533,0.5741,0.0,0.0,0.413,-0.3504,C,0.2251,1.163,0.778,0.578,0.146
1540,394133,-21.92,14,0.0,0.0,0.0,0.8455,0.2013,0.2878,0.0,0.0,0.1915,-0.1867,C,0.2125,1.163,0.778,0.578,0.146
1541,394150,-17.67,17,0.0,0.0,0.0,0.7701,0.2424,0.4759,0.0,0.0,0.4803,-0.1696,C,0.2439,1.163,0.778,0.578,0.146
1542,394181,13.05,31,100.0,0.8611,0.1399,0.6103,0.4194,0.6793,0.0643,0.6575,0.2971,-0.4135,C,0.232,1.164,0.778,0.578,0.146
1543,394207,-26.25,26,7.7,0.8735,0.0356,0.6536,0.363,0.6568,0.0039,0.0161,0.3218,-0.3529,C,0.2306,1.164,0.778,0.578,0.146
1544,394221,-18.88,14,0.0,0.0,0.0,0.833,0.2573,0.3992,0.0,0.0,0.406,-0.2402,C,0.2372,1.164,0.778,0.578,0.146
1545,394238,-22.81,17,0.0,0.0,0.0,0.7506,0.286,0.383,0.0,0.0,0.2873,-0.2322,C,0.2314,1.164,0.778,0.578,0.146
1546,394257,-13.8,19,47.4,0.9301,0.0847,0.7291,0.2989,0.3285,0.0142,0.1997,0.3742,-0.2592,C,0.2394,1.164,0.778,0.578,0.146
1547,394273,-22.92,16,0.0,0.0,0.0,0.7815,0.2544,0.2903,0.0,0.0,0.1825,-0.1353,C,0.2034,1.164,0.779,0.579,0.146
1548,394288,-20.72,15,0.0,0.0,0.0,0.7532,0.2643,0.2698,0.0,0.0,0.3412,-0.1908,C,0.2099,1.164,0.779,0.579,0.146
1549,394303,-20.29,15,0.0,0.0,0.0,0.7487,0.2776,0.3732,0.0,0.0,0.3554,-0.2277,C,0.2223,1.164,0.779,0.579,0.146
1550,394350,-38.01,47,0.0,0.0,0.0,0.4775,0.4295,0.801,0.0,0.0,0.3579,-0.3543,C,0.2099,1.165,0.779,0.579,0.146
1551,394368,-17.96,18,22.2,0.867,0.0591,0.6551,0.3658,0.4046,0.0381,0.0649,0.4625,-0.3308,C,0.2017,1.165,0.779,0.579,0.146
1552,394383,-13.51,15,66.7,1.1528,0.0227,0.8719,0.3643,0.4414,0.001,0.1134,0.3273,-0.5107,C,0.2209,1.165,0.779,0.579,0.146
1553,394409,13.68,26,100.0,0.7498,0.1706,0.5999,0.4617,0.6057,0.2593,0.6809,0.4103,-0.4923,C,0.2361,1.165,0.779,0.579,0.147
1554,394716,418.26,307,96.7,0.5669,0.1116,0.4759,0.7132,0.9369,0.9535,0.5092,0.3974,-0.8814,C,0.2464,1.167,0.78,0.58,0.147
1555,394732,-21.67,16,0.0,0.0,0.0,0.753,0.258,0.4152,0.0,0.0,0.2837,-0.2208,C,0.2397,1.167,0.78,0.58,0.147
1556,394749,-16.17,17,47.1,0.6162,0.0848,0.7074,0.2931,0.3026,0.3629,0.1891,0.2717,-0.27,C,0.2164,1.167,0.78,0.58,0.147
1557,394765,-14.92,16,43.8,0.9353,0.0532,0.7463,0.2649,0.2663,0.018,0.116,0.3289,-0.2098,C,0.2057,1.167,0.78,0.58,0.147
1558,394783,-23.64,18,0.0,0.0,0.0,0.7791,0.2906,0.4773,0.0,0.0,0.2796,-0.2761,C,0.2495,1.167,0.78,0.58,0.147
1559,394798,-7.05,15,86.7,0.6448,0.1186,0.6908,0.3109,0.3755,0.6986,0.4962,0.24,-0.2647,C,0.2392,1.167,0.78,0.58,0.147
1560,394823,0.85,25,88.0,0.8109,0.1262,0.6655,0.3214,0.3937,0.4211,0.5145,0.2941,-0.287,C,0.2457,1.168,0.781,0.581,0.147
1561,394840,-21.25,17,17.6,0.7759,0.0654,0.7677,0.3006,0.4376,0.0435,0.056,0.2926,-0.3514,C,0.1976,1.168,0.781,0.581,0.147
1562,394857,-21.37,17,0.0,0.0,0.0,0.7062,0.2832,0.4471,0.0,0.0,0.3405,-0.2327,C,0.2294,1.168,0.781,0.581,0.147
1563,394874,12.27,17,100.0,0.4701,0.2283,0.7776,0.3198,0.4708,1.4106,0.9319,0.2684,-0.3209,C,0.2333,1.168,0.781,0.581,0.147
1564,394893,-26.2,19,0.0,0.0,0.0,0.7477,0.3839,0.4704,0.0,0.0,0.3464,-0.4343,C,0.2365,1.168,0.781,0.581,0.147
1565,394909,-14.38,16,37.5,0.8734,0.0907,0.7697,0.2322,0.4639,0.038,0.1653,0.2987,-0.1876,C,0.198,1.168,0.781,0.581,0.147
1566,394926,-22.7,17,0.0,0.0,0.0,0.7236,0.3248,0.4052,0.0,0.0,0.3052,-0.255,C,0.2019,1.168,0.781,0.581,0.147
1567,394949,-26.58,23,0.0,0.0,0.0,0.6335,0.3914,0.4459,0.0,0.0,0.3907,-0.3344,C,0.2112,1.168,0.781,0.581,0.147
1568,394964,-22.55,15,0.0,0.0,0.0,0.7507,0.279,0.348,0.0,0.0,0.2582,-0.2688,C,0.226,1.169,0.781,0.581,0.147
1569,395135,-147.56,171,0.0,0.0,0.0,0.5055,0.5942,0.8745,0.0,0.0,0.4421,-0.6838,C,0.2067,1.17,0.782,0.582,0.147
1570,395152,-25.23,17,0.0,0.0,0.0,0.7724,0.3185,0.3888,0.0,0.0,0.3291,-0.4196,C,0.2377,1.17,0.782,0.582,0.147
1571,395168,-13.43,16,50.0,0.6402,0.1002,0.7354,0.2504,0.3368,0.4642,0.2403,0.2635,-0.1641,C,0.2418,1.17,0.782,0.582,0.147
1572,395186,-12.5,18,61.1,0.8963,0.0981,0.776,0.3886,0.4667,0.054,0.2888,0.4038,-0.4439,C,0.2454,1.17,0.782,0.582,0.147
1573,395201,-20.59,15,0.0,0.0,0.0,0.7989,0.2453,0.3477,0.0,0.0,0.3554,-0.2354,C,0.239,1.17,0.782,0.582,0.147
1574,395606,401.53,405,97.8,0.8209,0.1473,0.4167,0.5322,0.9431,0.1282,0.6467,0.3409,-0.523,C,0.2358,1.173,0.784,0.584,0.147
1575,395622,-23.17,16,0.0,0.0,0.0,0.7121,0.3408,0.3843,0.0,0.0,0.289,-0.3041,C,0.2018,1.173,0.784,0.584,0.147
1576,395646,-2.46,24,66.7,0.8912,0.1364,0.635,0.3516,0.5667,0.0303,0.4285,0.2695,-0.3055,C,0.2286,1.173,0.784,0.584,0.147
1577,395680,-25.8,34,29.4,0.8879,0.0729,0.6062,0.4663,0.6045,0.0261,0.1082,0.3983,-0.4782,C,0.2139,1.173,0.784,0.584,0.147
1578,395695,-20.85,15,0.0,0.0,0.0,0.7942,0.2869,0.2966,0.0,0.0,0.4053,-0.2771,C,0.241,1.173,0.784,0.584,0.147
1579,395710,-15.32,15,26.7,1.1043,0.0403,0.7612,0.1882,0.3762,0.0022,0.0596,0.3315,-0.1428,C,0.2114,1.173,0.784,0.584,0.147
1580,395740,-30.61,30,0.0,0.0,0.0,0.5331,0.4433,0.716,0.0,0.0,0.3524,-0.3975,C,0.2275,1.173,0.784,0.584,0.147
1581,395754,-18.55,14,0.0,0.0,0.0,0.8185,0.1825,0.3913,0.0,0.0,0.327,-0.1334,C,0.2328,1.173,0.784,0.584,0.147
1582,395771,-23.35,17,0.0,0.0,0.0,0.7206,0.2779,0.3228,0.0,0.0,0.2429,-0.1897,C,0.2398,1.174,0.784,0.584,0.147
1583,395785,-18.6,14,0.0,0.0,0.0,0.803,0.2116,0.3538,0.0,0.0,0.3559,-0.1474,C,0.2042,1.174,0.784,0.584,0.147
1584,395799,-2.76,14,100.0,0.9422,0.1024,0.7648,0.3037,0.4286,0.0801,0.4881,0.3647,-0.2611,C,0.2379,1.174,0.784,0.584,0.147
1585,395816,-20.77,17,0.0,0.0,0.0,0.7286,0.2842,0.4936,0.0,0.0,0.3589,-0.2392,C,0.2447,1.174,0.784,0.584,0.147
1586,395831,-22.4,15,0.0,0.0,0.0,0.7956,0.228,0.2859,0.0,0.0,0.2219,-0.1916,C,0.2359,1.174,0.784,0.584,0.147
1587,395846,-19.75,15,0.0,0.0,0.0,0.712,0.3311,0.3954,0.0,0.0,0.4174,-0.2653,C,0.2275,1.174,0.784,0.584,0.147
1588,395882,-28.78,36,13.9,0.6032,0.0646,0.6435,0.4008,0.6393,0.1151,0.0428,0.3927,-0.3743,C,0.22,1.174,0.785,0.585,0.147
1589,395897,-18.13,15,0.0,0.0,0.0,0.77,0.227,0.3356,0.0,0.0,0.4199,-0.1298,C,0.2223,1.174,0.785,0.585,0.147
1590,395911,-3.79,14,100.0,0.7964,0.1267,0.7917,0.2534,0.4065,0.1716,0.5914,0.2794,-0.2589,C,0.216,1.174,0.785,0.585,0.147
1591,395926,-4.54,15,93.3,0.8282,0.113,0.7624,0.3056,0.3972,0.4674,0.5138,0.3037,-0.2445,C,0.2164,1.175,0.785,0.585,0.147
1592,395943,-24.57,17,0.0,0.0,0.0,0.7392,0.3234,0.4146,0.0,0.0,0.2647,-0.3293,C,0.2283,1.175,0.785,0.585,0.147
1593,395958,-24.45,15,0.0,0.0,0.0,0.7925,0.3351,0.3238,0.0,0.0,0.223,-0.3485,C,0.211,1.175,0.785,0.585,0.147
1594,395994,-31.4,36,0.0,0.0,0.0,0.577,0.3979,0.6133,0.0,0.0,0.4365,-0.3377,C,0.2169,1.175,0.785,0.585,0.147
1595,396009,-9.3,15,86.7,0.9013,0.0518,0.8858,0.2236,0.3529,0.0296,0.2501,0.2158,-0.2926,C,0.2105,1.175,0.785,0.585,0.148
1596,396038,-18.76,29,27.6,0.6987,0.1301,0.6406,0.3911,0.6747,0.1463,0.1718,0.4203,-0.3548,C,0.2493,1.175,0.785,0.585,0.148
1597,396057,-19.34,19,10.5,1.209,0.0083,0.7076,0.2608,0.5034,0.0001,0.0138,0.3774,-0.2267,C,0.217,1.175,0.785,0.585,0.148
1598,396080,-26.0,23,0.0,0.0,0.0,0.6538,0.3977,0.4668,0.0,0.0,0.4132,-0.3421,C,0.2431,1.175,0.785,0.585,0.148
1599,396096,-25.66,16,0.0,0.0,0.0,0.7677,0.4005,0.4623,0.0,0.0,0.3356,-0.5454,C,0.2289,1.176,0.785,0.585,0.148
1600,396225,26.7,129,87.6,0.976,0.0584,0.4805,0.6505,0.9101,0.0386,0.2553,0.4327,-0.7671,C,0.2192,1.176,0.786,0.586,0.148
1601,396244,-21.74,19,0.0,0.0,0.0,0.7189,0.3207,0.4239,0.0,0.0,0.4577,-0.2875,C,0.2144,1.177,0.786,0.586,0.148
1602,396420,151.56,176,100.0,0.7514,0.1207,0.4251,0.5327,0.9246,0.2547,0.5612,0.2349,-0.5216,C,0.2185,1.178,0.787,0.587,0.148
1603,396435,-22.14,15,0.0,0.0,0.0,0.6933,0.3637,0.4028,0.0,0.0,0.3436,-0.3545,C,0.2206,1.178,0.787,0.587,0.148
1604,396552,170.53,117,99.1,0.6601,0.1756,0.5128,0.4858,0.8947,0.4777,0.7794,0.3931,-0.4873,C,0.247,1.178,0.787,0.587,0.148
1605,396569,-19.85,17,0.0,0.0,0.0,0.6938,0.2756,0.4806,0.0,0.0,0.3956,-0.215,C,0.2131,1.179,0.787,0.587,0.148
1606,396583,-19.72,14,0.0,0.0,0.0,0.7847,0.257,0.3625,0.0,0.0,0.2938,-0.1696,C,0.1986,1.179,0.787,0.587,0.148
1607,396598,-20.34,15,0.0,0.0,0.0,0.7655,0.2496,0.3255,0.0,0.0,0.3496,-0.2017,C,0.2476,1.179,0.787,0.587,0.148
1608,396615,-23.76,17,0.0,0.0,0.0,0.6954,0.3623,0.4437,0.0,0.0,0.316,-0.3475,C,0.2314,1.179,0.787,0.587,0.148
1609,396639,-22.85,24,0.0,0.0,0.0,0.6876,0.3164,0.5136,0.0,0.0,0.4446,-0.2369,C,0.238,1.179,0.787,0.587,0.148
1610,396674,-12.06,35,42.9,0.7757,0.1696,0.7261,0.4115,0.4747,0.1584,0.2959,0.3796,-0.4568,C,0.2442,1.179,0.788,0.588,0.148
1611,396692,-19.99,18,33.3,1.1052,0.0257,0.7635,0.4129,0.4492,0.0009,0.0592,0.3434,-0.5124,C,0.221,1.179,0.788,0.588,0.148
1612,396710,-11.12,18,50.0,0.968,0.0745,0.832,0.2464,0.3541,0.0128,0.1852,0.4458,-0.2528,C,0.2264,1.179,0.788,0.588,0.148
1613,396847,121.82,137,100.0,0.7618,0.1043,0.4913,0.5244,0.8684,0.2579,0.4574,0.4278,-0.5387,C,0.2266,1.18,0.788,0.588,0.148
1614,396870,-24.98,23,0.0,0.0,0.0,0.6781,0.3865,0.4976,0.0,0.0,0.4695,-0.3696,C,0.2017,1.18,0.788,0.588,0.148
1615,396883,-17.71,13,0.0,0.0,0.0,0.854,0.1357,0.3668,0.0,0.0,0.279,-0.0552,C,0.2338,1.18,0.788,0.588,0.148
1616,397257,-262.94,374,0.0,0.0,0.0,0.3974,0.5314,0.9321,0.0,0.0,0.3782,-0.5205,C,0.232,1.183,0.79,0.59,0.148
1617,397272,-15.93,15,40.0,0.9323,0.09,0.8557,0.2596,0.4819,0.0629,0.1744,0.2738,-0.3338,C,0.2239,1.183,0.79,0.59,0.148
1618,397301,17.63,29,75.9,0.6237,0.1732,0.6414,0.3966,0.5144,0.7472,0.5194,0.3043,-0.3498,C,0.214,1.183,0.79,0.59,0.148
1619,397316,-21.65,15,0.0,0.0,0.0,0.7564,0.2922,0.3666,0.0,0.0,0.2923,-0.2526,C,0.2372,1.183,0.79,0.59,0.148
1620,397331,-20.49,15,0.0,0.0,0.0,0.7599,0.2829,0.3548,0.0,0.0,0.3725,-0.2493,C,0.2491,1.183,0.79,0.59,0.148
1621,397373,40.93,42,100.0,0.6686,0.187,0.5975,0.3816,0.732,0.4309,0.7742,0.3678,-0.3326,C,0.2228,1.184,0.79,0.59,0.148
1622,397387,-14.72,14,28.6,0.6845,0.0884,0.8218,0.2765,0.4072,0.1817,0.1177,0.4274,-0.2634,C,0.2369,1.184,0.79,0.59,0.148
1623,397403,-18.23,16,12.5,0.9071,0.0527,0.8228,0.1829,0.4415,0.0046,0.0338,0.2733,-0.1337,C,0.2213,1.184,0.79,0.59,0.148
1624,397418,-19.47,15,0.0,0.0,0.0,0.7492,0.2401,0.3462,0.0,0.0,0.3647,-0.1693,C,0.2017,1.184,0.79,0.59,0.148
1625,397650,575.76,232,98.3,0.4175,0.1907,0.4543,0.5941,0.9302,1.6128,0.7712,0.4269,-0.6681,C,0.2289,1.185,0.791,0.591,0.149
1626,397669,-0.26,19,89.5,0.7321,0.1459,0.7421,0.3005,0.404,0.3663,0.508,0.3047,-0.2431,C,0.246,1.185,0.791,0.591,0.149
1627,397684,-14.01,15,46.7,0.818,0.0668,0.7592,0.3319,0.3944,0.0449,0.154,0.2359,-0.3288,C,0.2165,1.185,0.791,0.591,0.149
1628,397718,-30.84,34,0.0,0.0,0.0,0.5414,0.4249,0.6513,0.0,0.0,0.4207,-0.3592,C,0.226,1.186,0.791,0.591,0.149
1629,397734,-21.56,16,0.0,0.0,0.0,0.723,0.3216,0.4323,0.0,0.0,0.3475,-0.2859,C,0.2114,1.186,0.791,0.591,0.149
1630,397749,-21.0,15,0.0,0.0,0.0,0.8633,0.2147,0.4351,0.0,0.0,0.3169,-0.2676,C,0.2099,1.186,0.792,0.592,0.149
1631,397766,-24.68,17,0.0,0.0,0.0,0.6319,0.4967,0.4506,0.0,0.0,0.3845,-0.4733,C,0.2426,1.186,0.792,0.592,0.149
1632,397781,-1.76,15,100.0,0.6674,0.122,0.73,0.2746,0.3969,0.8344,0.5837,0.3398,-0.2131,C,0.2351,1.186,0.792,0.592,0.149
1633,397857,86.99,76,98.7,0.6284,0.1563,0.4918,0.623,0.8574,0.5445,0.7234,0.376,-0.7073,C,0.2494,1.187,0.792,0.592,0.149
1634,397872,-22.64,15,0.0,0.0,0.0,0.7714,0.3185,0.3638,0.0,0.0,0.2604,-0.2849,C,0.2058,1.187,0.792,0.592,0.149
1635,397886,-17.85,14,7.1,1.1467,0.0371,0.8353,0.1514,0.349,0.0001,0.0148,0.3096,-0.1166,C,0.2236,1.187,0.792,0.592,0.149
1636,397900,-16.42,14,28.6,0.9251,0.075,0.8412,0.2127,0.4272,0.0136,0.1063,0.2541,-0.2169,C,0.2463,1.187,0.792,0.592,0.149
1637,397914,-19.12,14,0.0,0.0,0.0,0.7962,0.1872,0.3755,0.0,0.0,0.2464,-0.0857,C,0.2388,1.187,0.792,0.592,0.149
1638,397930,-15.69,16,25.0,1.0626,0.0156,0.7127,0.3114,0.4833,0.0028,0.0375,0.4288,-0.2808,C,0.2218,1.187,0.792,0.592,0.149
1639,397952,-12.5,22,81.8,1.063,0.0471,0.5992,0.4874,0.4952,0.0109,0.2031,0.2593,-0.5535,C,0.226,1.187,0.792,0.592,0.149
1640,398069,-23.34,117,85.5,0.9017,0.0475,0.5462,0.7812,0.8698,0.0542,0.2308,0.3959,-1.0696,C,0.2425,1.188,0.793,0.593,0.149
1641,398092,-26.96,23,0.0,0.0,0.0,0.6931,0.4418,0.6116,0.0,0.0,0.4024,-0.4455,C,0.2424,1.188,0.793,0.593,0.149
1642,398279,210.82,187,100.0,0.7612,0.1458,0.4306,0.4817,0.9036,0.3092,0.6556,0.2855,-0.4471,C,0.2162,1.189,0.794,0.594,0.149
1643,398294,-15.67,15,26.7,0.9012,0.0549,0.7744,0.2191,0.3457,0.0394,0.0754,0.3337,-0.1527,C,0.2046,1.189,0.794,0.594,0.149
1644,398311,-20.96,17,11.8,1.2048,0.0151,0.7211,0.405,0.3952,0.0001,0.0175,0.4639,-0.4239,C,0.2334,1.189,0.794,0.594,0.149
1645,398327,-19.9,16,0.0,0.0,0.0,0.7097,0.2807,0.394,0.0,0.0,0.438,-0.2536,C,0.2276,1.19,0.794,0.594,0.149
1646,398347,-24.6,20,0.0,0.0,0.0,0.6396,0.3757,0.5365,0.0,0.0,0.3745,-0.3725,C,0.2121,1.19,0.794,0.594,0.149
1647,398383,30.68,36,63.9,0.4988,0.2228,0.6299,0.3344,0.566,0.8917,0.5056,0.2761,-0.2798,C,0.2308,1.19,0.794,0.594,0.149
1648,398399,-24.39,16,0.0,0.0,0.0,0.7862,0.288,0.3027,0.0,0.0,0.2435,-0.2945,C,0.2358,1.19,0.794,0.594,0.149
1649,398436,0.74,37,75.7,0.9214,0.042,0.5596,0.4346,0.7055,0.0301,0.1778,0.4304,-0.4003,C,0.2202,1.19,0.794,0.594,0.149
1650,398621,350.09,185,99.5,0.476,0.0741,0.4779,0.6377,0.9302,1.4669,0.3579,0.4374,-0.7291,C,0.2438,1.191,0.795,0.595,0.149
1651,399146,337.63,525,55.2,0.5928,0.1588,0.4281,0.5781,0.9514,0.4566,0.3906,0.4325,-0.6337,C,0.244,1.195,0.797,0.597,0.149
1652,399164,-18.69,18,44.4,0.6163,0.0995,0.7265,0.3718,0.4702,0.366,0.2106,0.1864,-0.3933,C,0.2445,1.195,0.797,0.597,0.149
1653,399179,-21.48,15,0.0,0.0,0.0,0.7302,0.2964,0.4577,0.0,0.0,0.2371,-0.2313,C,0.2393,1.195,0.797,0.597,0.149
1654,399349,184.8,170,100.0,0.8035,0.1223,0.4745,0.4867,0.8695,0.3571,0.563,0.3488,-0.464,C,0.2491,1.196,0.798,0.598,0.15
1655,399367,-25.59,18,5.6,1.2613,0.0039,0.765,0.3545,0.4471,0.0,0.0068,0.2462,-0.3981,C,0.2277,1.196,0.798,0.598,0.15
1656,399434,0.37,67,65.7,0.9059,0.061,0.5213,0.4849,0.7351,0.0339,0.2066,0.3937,-0.4907,C,0.231,1.196,0.798,0.598,0.15
1657,399451,-4.07,17,94.1,0.9204,0.0688,0.8188,0.2385,0.3331,0.0255,0.3163,0.3514,-0.2213,C,0.208,1.197,0.798,0.598,0.15
1658,399470,-19.75,19,0.0,0.0,0.0,0.7187,0.2677,0.499,0.0,0.0,0.4568,-0.2193,C,0.2492,1.197,0.798,0.598,0.15
1659,399556,47.2,86,100.0,0.8857,0.1092,0.5257,0.6002,0.8566,0.1319,0.5192,0.4522,-0.7161,C,0.2364,1.197,0.798,0.598,0.15
1660,399572,-22.53,16,0.0,0.0,0.0,0.8433,0.263,0.4113,0.0,0.0,0.3232,-0.312,C,0.206,1.197,0.798,0.598,0.15
1661,399589,-23.21,17,0.0,0.0,0.0,0.6525,0.3436,0.4405,0.0,0.0,0.3351,-0.3324,C,0.2343,1.197,0.798,0.598,0.15
1662,399605,-5.52,16,87.5,0.993,0.0792,0.7571,0.2809,0.4433,0.0481,0.3462,0.2809,-0.2103,C,0.2474,1.198,0.799,0.599,0.15
1663,399622,-8.03,17,88.2,0.7068,0.1503,0.7041,0.4124,0.3698,0.6262,0.587,0.3065,-0.4763,C,0.2332,1.198,0.799,0.599,0.15
1664,399638,-10.79,16,68.8,0.9835,0.0487,0.8361,0.2165,0.3999,0.0103,0.1764,0.278,-0.2431,C,0.2385,1.198,0.799,0.599,0.15
1665,399653,-20.46,15,26.7,1.0441,0.021,0.7961,0.3797,0.3843,0.004,0.0436,0.2796,-0.4376,C,0.2479,1.198,0.799,0.599,0.15
1666,399668,-18.1,15,0.0,0.0,0.0,0.8121,0.1778,0.3943,0.0,0.0,0.3991,-0.1362,C,0.2219,1.198,0.799,0.599,0.15
1667,399683,-15.67,15,40.0,0.767,0.104,0.7761,0.3584,0.3898,0.2297,0.1997,0.3855,-0.3752,C,0.2367,1.198,0.799,0.599,0.15
1668,399727,-9.75,44,56.8,1.1242,0.0258,0.6031,0.471,0.7818,0.0012,0.1028,0.4273,-0.4828,C,0.2229,1.198,0.799,0.599,0.15
1669,399757,-32.69,30,0.0,0.0,0.0,0.5871,0.4132,0.6478,0.0,0.0,0.2787,-0.3589,C,0.2476,1.198,0.799,0.599,0.15
1670,399778,-5.76,21,61.9,0.8278,0.1427,0.7134,0.3323,0.4972,0.0645,0.4164,0.2156,-0.2904,C,0.2028,1.199,0.799,0.599,0.15
1671,399792,-9.02,14,50.0,0.9489,0.0628,0.8321,0.1518,0.3958,0.0114,0.1579,0.42,-0.0678,C,0.2136,1.199,0.799,0.599,0.15
1672,399833,-40.38,41,0.0,0.0,0.0,0.6317,0.3844,0.7195,0.0,0.0,0.2373,-0.3381,C,0.2431,1.199,0.799,0.599,0.15
